Identifikator,Perioden Id,Jahres Id,Geräte_Name,Standort,Datum,Modus,Konto,Konto Name,Mitarbeiter,Referenz,Typ,Mng,Einzelpreis,FinalPreis,Rabatt,Materialverlust/Bruch,Gratis,Buchung,SKU,Artikel,Gruppe,StatGruppe,SteuerName,SteuerRate,VorSteuern,SteuernMenge,Profil
S1000288.71854,SP1000288.7.71854,SY1000288.2026.71854,iPad1(1000288),288,01.06.26 15:10,Prod,A1000288.6359,Tisch 18,107,S1000288.71854,SALE,1,10.9,10.9,0.0,0.0,0.0,0.0,109,Bismarck-Baguette,Hauptgerichte,,MwSt. 7%,1.07,10.186916,0.713084,Normalverkauf
S1000288.71855,SP1000288.7.71855,SY1000288.2026.71855,iPad1(1000288),288,01.06.26 15:10,Prod,A1000288.6359,Tisch 18,107,S1000288.71855,SALE,1,7.9,7.9,0.0,0.0,0.0,0.0,106,Neptun-Ringe,Beilagen,,MwSt. 7%,1.07,7.383178,0.516822,Normalverkauf
S1000288.71856,SP1000288.7.71856,SY1000288.2026.71856,iPad1(1000288),288,01.06.26 08:07,Prod,A1000288.6360,,107,S1000288.71856,SALE,2,4.9,9.8,0.0,0.0,0.0,0.0,112,Kartoffelwedges,Beilagen,,MwSt. 7%,1.07,9.158879,0.641121,Normalverkauf
S1000288.71857,SP1000288.7.71857,SY1000288.2026.71857,iPad1(1000288),288,01.06.26 11:41,Prod,A1000288.6361,Tisch 20,116,S1000288.71857,SALE,1,10.9,10.9,0.0,0.0,0.0,0.0,104,Thunfisch Wrap,Hauptgerichte,,MwSt. 7%,1.07,10.186916,0.713084,Normalverkauf
S1000288.71858,SP1000288.7.71858,SY1000288.2026.71858,iPad1(1000288),288,01.06.26 11:41,Prod,A1000288.6361,Tisch 20,116,S1000288.71858,SALE,2,5.5,11.0,0.0,0.0,0.0,0.0,111,Pommes Frites,Beilagen,,MwSt. 7%,1.07,10.280374,0.719626,Normalverkauf
S1000288.71859,SP1000288.7.71859,SY1000288.2026.71859,iPad1(1000288),288,01.06.26 18:08,Prod,A1000288.6362,Tisch 6,110,S1000288.71859,SALE,1,5.9,5.9,0.0,0.0,0.0,0.0,125,Zitronen-Limonade,Getränke,,MwSt. 19%,1.19,4.957983,0.942017,Normalverkauf
S1000288.71860,SP1000288.7.71860,SY1000288.2026.71860,iPad1(1000288),288,01.06.26 13:25,Prod,A1000288.6363,Tisch 5,110,S1000288.71860,SALE,1,3.9,3.9,0.0,0.0,0.0,0.0,124,Cola Zero,Getränke,,MwSt. 19%,1.19,3.277311,0.622689,Normalverkauf
S1000288.71861,SP1000288.7.71861,SY1000288.2026.71861,iPad1(1000288),288,01.06.26 13:25,Prod,A1000288.6363,Tisch 5,110,S1000288.71861,SALE,1,5.9,5.9,0.0,0.0,0.0,0.0,123,Inger-Limonade,Getränke,,MwSt. 19%,1.19,4.957983,0.942017,Normalverkauf
S1000288.71862,SP1000288.7.71862,SY1000288.2026.71862,iPad1(1000288),288,01.06.26 13:25,Prod,A1000288.6363,Tisch 5,110,S1000288.71862,SALE,2,5.5,11.0,0.0,0.0,0.0,0.0,111,Pommes Frites,Beilagen,,MwSt. 7%,1.07,10.280374,0.719626,Normalverkauf
S1000288.71863,SP1000288.7.71863,SY1000288.2026.71863,iPad1(1000288),288,01.06.26 19:04,Prod,A1000288.6364,Tisch 19,116,S1000288.71863,SALE,2,2.8,5.6,0.0,0.0,0.0,0.0,121,Mineralwasser,Getränke,,MwSt. 19%,1.19,4.705882,0.894118,Normalverkauf
S1000288.71864,SP1000288.7.71864,SY1000288.2026.71864,iPad1(1000288),288,01.06.26 19:04,Prod,A1000288.6364,Tisch 19,116,S1000288.71864,SALE,1,14.5,14.5,0.0,0.0,0.0,0.0,101,Lachs,Hauptspeisen,,MwSt. 7%,1.07,13.551402,0.948598,Normalverkauf
S1000288.71865,SP1000288.7.71865,SY1000288.2026.71865,iPad1(1000288),288,01.06.26 17:26,Prod,A1000288.6365,Tisch 16,119,S1000288.71865,VOID,1,11.9,11.9,0.0,0.0,0.0,0.0,110,Matjes-Baguette,Hauptgerichte,,MwSt. 7%,1.07,11.121495,0.778505,Normalverkauf
S1000288.71866,SP1000288.7.71866,SY1000288.2026.71866,iPad1(1000288),288,01.06.26 10:37,Prod,A1000288.6366,Tisch 15,116,S1000288.71866,SALE,2,6.9,13.8,0.0,0.0,0.0,0.0,103,Fischbrötchen Räucherlachs,Hauptspeisen,,MwSt. 7%,1.07,12.897196,0.902804,Normalverkauf
S1000288.71867,SP1000288.7.71867,SY1000288.2026.71867,iPad1(1000288),288,01.06.26 16:00,Prod,A1000288.6367,,119,S1000288.71867,SALE,2,9.8,19.6,0.0,0.0,0.0,0.0,108,Seelachs-Ei-Baugette,Hauptgerichte,,MwSt. 7%,1.07,18.317757,1.282243,Normalverkauf
S1000288.71868,SP1000288.7.71868,SY1000288.2026.71868,iPad1(1000288),288,01.06.26 16:00,Prod,A1000288.6367,,119,S1000288.71868,SALE,1,3.9,3.9,0.0,0.0,0.0,0.0,126,Spezi,Getränke,,MwSt. 19%,1.19,3.277311,0.622689,Normalverkauf
S1000288.71869,SP1000288.7.71869,SY1000288.2026.71869,iPad1(1000288),288,01.06.26 17:30,Prod,A1000288.6368,Tisch 23,101,S1000288.71869,SALE,2,3.9,7.8,0.0,0.0,0.0,0.0,124,Cola Zero,Getränke,,MwSt. 19%,1.19,6.554622,1.245378,Normalverkauf
S1000288.71870,SP1000288.7.71870,SY1000288.2026.71870,iPad1(1000288),288,01.06.26 14:32,Prod,A1000288.6369,Tisch 10,107,S1000288.71870,SALE,1,10.9,10.9,0.0,0.0,0.0,0.0,104,Thunfisch Wrap,Hauptgerichte,,MwSt. 7%,1.07,10.186916,0.713084,Normalverkauf
S1000288.71871,SP1000288.7.71871,SY1000288.2026.71871,iPad1(1000288),288,01.06.26 11:44,Prod,A1000288.6370,Tisch 16,110,S1000288.71871,SALE,1,5.5,5.5,0.0,0.0,0.0,0.0,111,Pommes Frites,Beilagen,,MwSt. 7%,1.07,5.140187,0.359813,Normalverkauf
S1000288.71872,SP1000288.7.71872,SY1000288.2026.71872,iPad1(1000288),288,01.06.26 13:51,Prod,A1000288.6371,Tisch 18,110,S1000288.71872,SALE,2,3.9,7.8,0.0,0.0,0.0,0.0,119,Cola,Getränke,,MwSt. 19%,1.19,6.554622,1.245378,Normalverkauf
S1000288.71873,SP1000288.7.71873,SY1000288.2026.71873,iPad1(1000288),288,01.06.26 13:51,Prod,A1000288.6371,Tisch 18,110,S1000288.71873,SALE,1,3.2,3.2,0.0,0.0,0.0,0.0,120,Apfelschorle,Getränke,,MwSt. 19%,1.19,2.689076,0.510924,Normalverkauf
S1000288.71874,SP1000288.7.71874,SY1000288.2026.71874,iPad1(1000288),288,01.06.26 13:51,Prod,A1000288.6371,Tisch 18,110,S1000288.71874,SALE,2,10.9,21.8,0.0,0.0,0.0,0.0,104,Thunfisch Wrap,Hauptgerichte,,MwSt. 7%,1.07,20.373832,1.426168,Normalverkauf
S1000288.71875,SP1000288.7.71875,SY1000288.2026.71875,iPad1(1000288),288,01.06.26 10:23,Prod,A1000288.6372,Tisch 3,110,S1000288.71875,VOID,2,3.9,7.8,0.0,0.0,0.0,0.0,126,Spezi,Getränke,,MwSt. 19%,1.19,6.554622,1.245378,Normalverkauf
S1000288.71876,SP1000288.7.71876,SY1000288.2026.71876,iPad1(1000288),288,01.06.26 16:46,Prod,A1000288.6373,Tisch 1,107,S1000288.71876,SALE,2,3.9,7.8,0.0,0.0,0.0,0.0,127,Alkoholfreies Bier,Getränke,,MwSt. 19%,1.19,6.554622,1.245378,Normalverkauf
S1000288.71877,SP1000288.7.71877,SY1000288.2026.71877,iPad1(1000288),288,01.06.26 16:46,Prod,A1000288.6373,Tisch 1,107,S1000288.71877,SALE,1,3.9,3.9,0.0,0.0,0.0,0.0,119,Cola,Getränke,,MwSt. 19%,1.19,3.277311,0.622689,Normalverkauf
S1000288.71878,SP1000288.7.71878,SY1000288.2026.71878,iPad1(1000288),288,01.06.26 16:46,Prod,A1000288.6373,Tisch 1,107,S1000288.71878,SALE,1,3.9,3.9,0.0,0.0,0.0,0.0,119,Cola,Getränke,,MwSt. 19%,1.19,3.277311,0.622689,Normalverkauf
S1000288.71879,SP1000288.7.71879,SY1000288.2026.71879,iPad1(1000288),288,01.06.26 13:08,Prod,A1000288.6374,Tisch 23,110,S1000288.71879,SALE,2,3.9,7.8,0.0,0.0,0.0,0.0,126,Spezi,Getränke,,MwSt. 19%,1.19,6.554622,1.245378,Normalverkauf
S1000288.71880,SP1000288.7.71880,SY1000288.2026.71880,iPad1(1000288),288,01.06.26 20:12,Prod,A1000288.6375,Tisch 14,101,S1000288.71880,SALE,2,5.5,11.0,0.0,0.0,0.0,0.0,111,Pommes Frites,Beilagen,,MwSt. 7%,1.07,10.280374,0.719626,Normalverkauf
S1000288.71881,SP1000288.7.71881,SY1000288.2026.71881,iPad1(1000288),288,01.06.26 20:12,Prod,A1000288.6375,Tisch 14,101,S1000288.71881,SALE,1,10.9,10.9,0.0,0.0,0.0,0.0,107,Chicken Burger,Hauptgerichte,,MwSt. 7%,1.07,10.186916,0.713084,Normalverkauf
S1000288.71882,SP1000288.7.71882,SY1000288.2026.71882,iPad1(1000288),288,01.06.26 20:12,Prod,A1000288.6375,Tisch 14,101,S1000288.71882,SALE,2,4.9,9.8,0.0,0.0,0.0,0.0,112,Kartoffelwedges,Beilagen,,MwSt. 7%,1.07,9.158879,0.641121,Normalverkauf
S1000288.71883,SP1000288.7.71883,SY1000288.2026.71883,iPad1(1000288),288,01.06.26 13:35,Prod,A1000288.6376,Tisch 11,101,S1000288.71883,SALE,2,10.9,21.8,0.0,0.0,0.0,0.0,107,Chicken Burger,Hauptgerichte,,MwSt. 7%,1.07,20.373832,1.426168,Normalverkauf
S1000288.71884,SP1000288.7.71884,SY1000288.2026.71884,iPad1(1000288),288,01.06.26 13:35,Prod,A1000288.6376,Tisch 11,101,S1000288.71884,SALE,1,3.9,3.9,0.0,0.0,0.0,0.0,119,Cola,Getränke,,MwSt. 19%,1.19,3.277311,0.622689,Normalverkauf
S1000288.71885,SP1000288.7.71885,SY1000288.2026.71885,iPad1(1000288),288,01.06.26 13:35,Prod,A1000288.6376,Tisch 11,101,S1000288.71885,SALE,1,5.9,5.9,0.0,0.0,0.0,0.0,116,Vanillequark,Desserts,,MwSt. 7%,1.07,5.514019,0.385981,Normalverkauf
S1000288.71886,SP1000288.7.71886,SY1000288.2026.71886,iPad1(1000288),288,01.06.26 10:21,Prod,A1000288.6377,Tisch 22,107,S1000288.71886,VOID,2,13.5,27.0,0.0,0.0,0.0,0.0,102,Matjes,Hauptspeisen,,MwSt. 7%,1.07,25.233645,1.766355,Normalverkauf
S1000288.71887,SP1000288.7.71887,SY1000288.2026.71887,iPad1(1000288),288,01.06.26 10:21,Prod,A1000288.6377,Tisch 22,107,S1000288.71887,VOID,1,4.2,4.2,0.0,0.0,0.0,0.0,122,Bier,Getränke,,MwSt. 19%,1.19,3.529412,0.670588,Normalverkauf
S1000288.71888,SP1000288.7.71888,SY1000288.2026.71888,iPad1(1000288),288,01.06.26 10:21,Prod,A1000288.6377,Tisch 22,107,S1000288.71888,VOID,1,5.5,5.5,0.0,0.0,0.0,0.0,111,Pommes Frites,Beilagen,,MwSt. 7%,1.07,5.140187,0.359813,Normalverkauf
S1000288.71889,SP1000288.7.71889,SY1000288.2026.71889,iPad1(1000288),288,01.06.26 12:51,Prod,A1000288.6378,Tisch 12,107,S1000288.71889,SALE,1,10.9,10.9,0.0,0.0,0.0,0.0,109,Bismarck-Baguette,Hauptgerichte,,MwSt. 7%,1.07,10.186916,0.713084,Normalverkauf
S1000288.71890,SP1000288.7.71890,SY1000288.2026.71890,iPad1(1000288),288,01.06.26 12:51,Prod,A1000288.6378,Tisch 12,107,S1000288.71890,SALE,2,3.9,7.8,0.0,0.0,0.0,0.0,127,Alkoholfreies Bier,Getränke,,MwSt. 19%,1.19,6.554622,1.245378,Normalverkauf
S1000288.71891,SP1000288.7.71891,SY1000288.2026.71891,iPad1(1000288),288,01.06.26 13:07,Prod,A1000288.6379,Tisch 10,110,S1000288.71891,SALE,2,3.9,7.8,0.0,0.0,0.0,0.0,124,Cola Zero,Getränke,,MwSt. 19%,1.19,6.554622,1.245378,Normalverkauf
S1000288.71892,SP1000288.7.71892,SY1000288.2026.71892,iPad1(1000288),288,01.06.26 13:17,Prod,A1000288.6380,Tisch 8,101,S1000288.71892,SALE,1,3.9,3.9,0.0,0.0,0.0,0.0,119,Cola,Getränke,,MwSt. 19%,1.19,3.277311,0.622689,Normalverkauf
S1000288.71893,SP1000288.7.71893,SY1000288.2026.71893,iPad1(1000288),288,01.06.26 14:40,Prod,A1000288.6381,Tisch 15,110,S1000288.71893,SALE,1,3.9,3.9,0.0,0.0,0.0,0.0,124,Cola Zero,Getränke,,MwSt. 19%,1.19,3.277311,0.622689,Normalverkauf
S1000288.71894,SP1000288.7.71894,SY1000288.2026.71894,iPad1(1000288),288,01.06.26 14:40,Prod,A1000288.6381,Tisch 15,110,S1000288.71894,SALE,2,11.5,23.0,0.0,0.0,0.0,0.0,105,Garnelen-Kimchi-Bruger,Hauptgerichte,,MwSt. 7%,1.07,21.495327,1.504673,Normalverkauf
S1000288.71895,SP1000288.7.71895,SY1000288.2026.71895,iPad1(1000288),288,01.06.26 14:40,Prod,A1000288.6381,Tisch 15,110,S1000288.71895,SALE,2,11.5,23.0,0.0,0.0,0.0,0.0,105,Garnelen-Kimchi-Bruger,Hauptgerichte,,MwSt. 7%,1.07,21.495327,1.504673,Normalverkauf
S1000288.71896,SP1000288.7.71896,SY1000288.2026.71896,iPad1(1000288),288,01.06.26 19:44,Prod,A1000288.6382,Tisch 22,116,S1000288.71896,VOID,1,4.2,4.2,0.0,0.0,0.0,0.0,122,Bier,Getränke,,MwSt. 19%,1.19,3.529412,0.670588,Normalverkauf
S1000288.71897,SP1000288.7.71897,SY1000288.2026.71897,iPad1(1000288),288,01.06.26 11:41,Prod,A1000288.6383,Tisch 17,116,S1000288.71897,SALE,1,6.5,6.5,0.0,0.0,0.0,0.0,100,Fischbrötchen Backfisch,Hauptspeisen,,MwSt. 7%,1.07,6.074766,0.425234,Normalverkauf
S1000288.71898,SP1000288.7.71898,SY1000288.2026.71898,iPad1(1000288),288,01.06.26 11:41,Prod,A1000288.6383,Tisch 17,116,S1000288.71898,SALE,2,3.9,7.8,0.0,0.0,0.0,0.0,119,Cola,Getränke,,MwSt. 19%,1.19,6.554622,1.245378,Normalverkauf
S1000288.71899,SP1000288.7.71899,SY1000288.2026.71899,iPad1(1000288),288,01.06.26 11:41,Prod,A1000288.6383,Tisch 17,116,S1000288.71899,SALE,2,5.9,11.8,0.0,0.0,0.0,0.0,117,Rote Grütze,Desserts,,MwSt. 7%,1.07,11.028037,0.771963,Normalverkauf
S1000288.71900,SP1000288.7.71900,SY1000288.2026.71900,iPad1(1000288),288,01.06.26 20:10,Prod,A1000288.6384,Tisch 10,119,S1000288.71900,SALE,1,10.9,10.9,0.0,0.0,0.0,0.0,104,Thunfisch Wrap,Hauptgerichte,,MwSt. 7%,1.07,10.186916,0.713084,Normalverkauf
S1000288.71901,SP1000288.7.71901,SY1000288.2026.71901,iPad1(1000288),288,01.06.26 20:10,Prod,A1000288.6385,Tisch 9,101,S1000288.71901,SALE,1,7.9,7.9,0.0,0.0,0.0,0.0,106,Neptun-Ringe,Beilagen,,MwSt. 7%,1.07,7.383178,0.516822,Normalverkauf
S1000288.71902,SP1000288.7.71902,SY1000288.2026.71902,iPad1(1000288),288,01.06.26 20:10,Prod,A1000288.6385,Tisch 9,101,S1000288.71902,SALE,2,10.9,21.8,0.0,0.0,0.0,0.0,107,Chicken Burger,Hauptgerichte,,MwSt. 7%,1.07,20.373832,1.426168,Normalverkauf
S1000288.71903,SP1000288.7.71903,SY1000288.2026.71903,iPad1(1000288),288,01.06.26 20:10,Prod,A1000288.6385,Tisch 9,101,S1000288.71903,SALE,2,11.9,23.8,0.0,0.0,0.0,0.0,110,Matjes-Baguette,Hauptgerichte,,MwSt. 7%,1.07,22.242991,1.557009,Normalverkauf
S1000288.71904,SP1000288.7.71904,SY1000288.2026.71904,iPad1(1000288),288,01.06.26 20:03,Prod,A1000288.6386,Tisch 14,110,S1000288.71904,SALE,2,9.8,19.6,0.0,0.0,0.0,0.0,108,Seelachs-Ei-Baugette,Hauptgerichte,,MwSt. 7%,1.07,18.317757,1.282243,Normalverkauf
S1000288.71905,SP1000288.7.71905,SY1000288.2026.71905,iPad1(1000288),288,01.06.26 12:42,Prod,A1000288.6387,Tisch 1,110,S1000288.71905,SALE,1,11.5,11.5,0.0,0.0,0.0,0.0,105,Garnelen-Kimchi-Bruger,Hauptgerichte,,MwSt. 7%,1.07,10.747664,0.752336,Normalverkauf
S1000288.71906,SP1000288.7.71906,SY1000288.2026.71906,iPad1(1000288),288,01.06.26 12:42,Prod,A1000288.6387,Tisch 1,110,S1000288.71906,SALE,1,3.9,3.9,0.0,0.0,0.0,0.0,126,Spezi,Getränke,,MwSt. 19%,1.19,3.277311,0.622689,Normalverkauf
S1000288.71907,SP1000288.7.71907,SY1000288.2026.71907,iPad1(1000288),288,01.06.26 12:42,Prod,A1000288.6387,Tisch 1,110,S1000288.71907,SALE,2,10.9,21.8,0.0,0.0,0.0,0.0,104,Thunfisch Wrap,Hauptgerichte,,MwSt. 7%,1.07,20.373832,1.426168,Normalverkauf
S1000288.71908,SP1000288.7.71908,SY1000288.2026.71908,iPad1(1000288),288,01.06.26 12:29,Prod,A1000288.6388,Tisch 8,116,S1000288.71908,SALE,1,9.8,9.8,0.0,0.0,0.0,0.0,108,Seelachs-Ei-Baugette,Hauptgerichte,,MwSt. 7%,1.07,9.158879,0.641121,Normalverkauf
S1000288.71909,SP1000288.7.71909,SY1000288.2026.71909,iPad1(1000288),288,01.06.26 12:29,Prod,A1000288.6388,Tisch 8,116,S1000288.71909,SALE,1,6.5,6.5,0.0,0.0,0.0,0.0,118,Schokokuchen,Desserts,,MwSt. 7%,1.07,6.074766,0.425234,Normalverkauf
S1000288.71910,SP1000288.7.71910,SY1000288.2026.71910,iPad1(1000288),288,01.06.26 17:28,Prod,A1000288.6389,Tisch 11,110,S1000288.71910,SALE,2,4.9,9.8,0.0,0.0,0.0,0.0,112,Kartoffelwedges,Beilagen,,MwSt. 7%,1.07,9.158879,0.641121,Normalverkauf
S1000288.71911,SP1000288.7.71911,SY1000288.2026.71911,iPad1(1000288),288,01.06.26 11:45,Prod,A1000288.6390,Tisch 13,116,S1000288.71911,SALE,1,3.9,3.9,0.0,0.0,0.0,0.0,124,Cola Zero,Getränke,,MwSt. 19%,1.19,3.277311,0.622689,Normalverkauf
S1000288.71912,SP1000288.7.71912,SY1000288.2026.71912,iPad1(1000288),288,01.06.26 11:45,Prod,A1000288.6390,Tisch 13,116,S1000288.71912,SALE,1,3.2,3.2,0.0,0.0,0.0,0.0,120,Apfelschorle,Getränke,,MwSt. 19%,1.19,2.689076,0.510924,Normalverkauf
S1000288.71913,SP1000288.7.71913,SY1000288.2026.71913,iPad1(1000288),288,01.06.26 11:45,Prod,A1000288.6390,Tisch 13,116,S1000288.71913,SALE,1,2.8,2.8,0.0,0.0,0.0,0.0,121,Mineralwasser,Getränke,,MwSt. 19%,1.19,2.352941,0.447059,Normalverkauf
S1000288.71914,SP1000288.7.71914,SY1000288.2026.71914,iPad1(1000288),288,01.06.26 19:42,Prod,A1000288.6391,Tisch 6,107,S1000288.71914,SALE,2,3.9,7.8,0.0,0.0,0.0,0.0,126,Spezi,Getränke,,MwSt. 19%,1.19,6.554622,1.245378,Normalverkauf
S1000288.71915,SP1000288.7.71915,SY1000288.2026.71915,iPad1(1000288),288,01.06.26 18:30,Prod,A1000288.6392,Tisch 21,119,S1000288.71915,VOID,2,10.9,21.8,0.0,0.0,0.0,0.0,109,Bismarck-Baguette,Hauptgerichte,,MwSt. 7%,1.07,20.373832,1.426168,Normalverkauf
S1000288.71916,SP1000288.7.71916,SY1000288.2026.71916,iPad1(1000288),288,01.06.26 18:30,Prod,A1000288.6392,Tisch 21,119,S1000288.71916,VOID,1,3.9,3.9,0.0,0.0,0.0,0.0,124,Cola Zero,Getränke,,MwSt. 19%,1.19,3.277311,0.622689,Normalverkauf
S1000288.71917,SP1000288.7.71917,SY1000288.2026.71917,iPad1(1000288),288,01.06.26 11:41,Prod,A1000288.6393,Tisch 5,110,S1000288.71917,SALE,1,9.8,9.8,0.0,0.0,0.0,0.0,108,Seelachs-Ei-Baugette,Hauptgerichte,,MwSt. 7%,1.07,9.158879,0.641121,Normalverkauf
S1000288.71918,SP1000288.7.71918,SY1000288.2026.71918,iPad1(1000288),288,01.06.26 11:41,Prod,A1000288.6393,Tisch 5,110,S1000288.71918,SALE,1,9.8,9.8,0.0,0.0,0.0,0.0,108,Seelachs-Ei-Baugette,Hauptgerichte,,MwSt. 7%,1.07,9.158879,0.641121,Normalverkauf
S1000288.71919,SP1000288.7.71919,SY1000288.2026.71919,iPad1(1000288),288,01.06.26 11:41,Prod,A1000288.6393,Tisch 5,110,S1000288.71919,SALE,2,4.2,8.4,0.0,0.0,0.0,0.0,122,Bier,Getränke,,MwSt. 19%,1.19,7.058824,1.341176,Normalverkauf
S1000288.71920,SP1000288.7.71920,SY1000288.2026.71920,iPad1(1000288),288,01.06.26 12:25,Prod,A1000288.6394,,107,S1000288.71920,VOID,2,2.8,5.6,0.0,0.0,0.0,0.0,121,Mineralwasser,Getränke,,MwSt. 19%,1.19,4.705882,0.894118,Normalverkauf
S1000288.71921,SP1000288.7.71921,SY1000288.2026.71921,iPad1(1000288),288,01.06.26 12:25,Prod,A1000288.6394,,107,S1000288.71921,VOID,1,11.9,11.9,0.0,0.0,0.0,0.0,110,Matjes-Baguette,Hauptgerichte,,MwSt. 7%,1.07,11.121495,0.778505,Normalverkauf
S1000288.71922,SP1000288.7.71922,SY1000288.2026.71922,iPad1(1000288),288,01.06.26 17:23,Prod,A1000288.6395,Tisch 1,110,S1000288.71922,SALE,1,6.5,6.5,0.0,0.0,0.0,0.0,100,Fischbrötchen Backfisch,Hauptspeisen,,MwSt. 7%,1.07,6.074766,0.425234,Normalverkauf
S1000288.71923,SP1000288.7.71923,SY1000288.2026.71923,iPad1(1000288),288,01.06.26 20:01,Prod,A1000288.6396,Tisch 14,119,S1000288.71923,SALE,2,14.5,29.0,0.0,0.0,0.0,0.0,101,Lachs,Hauptspeisen,,MwSt. 7%,1.07,27.102804,1.897196,Normalverkauf
S1000288.71924,SP1000288.7.71924,SY1000288.2026.71924,iPad1(1000288),288,01.06.26 20:01,Prod,A1000288.6396,Tisch 14,119,S1000288.71924,SALE,1,4.2,4.2,0.0,0.0,0.0,0.0,122,Bier,Getränke,,MwSt. 19%,1.19,3.529412,0.670588,Normalverkauf
S1000288.71925,SP1000288.7.71925,SY1000288.2026.71925,iPad1(1000288),288,01.06.26 20:24,Prod,A1000288.6397,Tisch 21,116,S1000288.71925,SALE,2,3.9,7.8,0.0,0.0,0.0,0.0,124,Cola Zero,Getränke,,MwSt. 19%,1.19,6.554622,1.245378,Normalverkauf
S1000288.71926,SP1000288.7.71926,SY1000288.2026.71926,iPad1(1000288),288,01.06.26 20:03,Prod,A1000288.6398,Tisch 9,107,S1000288.71926,SALE,2,3.9,7.8,0.0,0.0,0.0,0.0,119,Cola,Getränke,,MwSt. 19%,1.19,6.554622,1.245378,Normalverkauf
S1000288.71927,SP1000288.7.71927,SY1000288.2026.71927,iPad1(1000288),288,01.06.26 20:03,Prod,A1000288.6398,Tisch 9,107,S1000288.71927,SALE,1,7.9,7.9,0.0,0.0,0.0,0.0,106,Neptun-Ringe,Beilagen,,MwSt. 7%,1.07,7.383178,0.516822,Normalverkauf
S1000288.71928,SP1000288.7.71928,SY1000288.2026.71928,iPad1(1000288),288,01.06.26 20:03,Prod,A1000288.6398,Tisch 9,107,S1000288.71928,SALE,1,3.9,3.9,0.0,0.0,0.0,0.0,119,Cola,Getränke,,MwSt. 19%,1.19,3.277311,0.622689,Normalverkauf
S1000288.71929,SP1000288.7.71929,SY1000288.2026.71929,iPad1(1000288),288,01.06.26 11:26,Prod,A1000288.6399,Tisch 9,116,S1000288.71929,SALE,1,10.9,10.9,0.0,0.0,0.0,0.0,107,Chicken Burger,Hauptgerichte,,MwSt. 7%,1.07,10.186916,0.713084,Normalverkauf
S1000288.71930,SP1000288.7.71930,SY1000288.2026.71930,iPad1(1000288),288,01.06.26 11:26,Prod,A1000288.6399,Tisch 9,116,S1000288.71930,SALE,1,5.9,5.9,0.0,0.0,0.0,0.0,125,Zitronen-Limonade,Getränke,,MwSt. 19%,1.19,4.957983,0.942017,Normalverkauf
S1000288.71931,SP1000288.7.71931,SY1000288.2026.71931,iPad1(1000288),288,01.06.26 11:26,Prod,A1000288.6399,Tisch 9,116,S1000288.71931,SALE,1,4.2,4.2,0.0,0.0,0.0,0.0,122,Bier,Getränke,,MwSt. 19%,1.19,3.529412,0.670588,Normalverkauf
S1000288.71932,SP1000288.7.71932,SY1000288.2026.71932,iPad1(1000288),288,01.06.26 13:57,Prod,A1000288.6400,,110,S1000288.71932,SALE,1,3.9,3.9,0.0,0.0,0.0,0.0,119,Cola,Getränke,,MwSt. 19%,1.19,3.277311,0.622689,Normalverkauf
S1000288.71933,SP1000288.7.71933,SY1000288.2026.71933,iPad1(1000288),288,01.06.26 12:18,Prod,A1000288.6401,Tisch 23,110,S1000288.71933,SALE,2,2.8,5.6,0.0,0.0,0.0,0.0,121,Mineralwasser,Getränke,,MwSt. 19%,1.19,4.705882,0.894118,Normalverkauf
S1000288.71934,SP1000288.7.71934,SY1000288.2026.71934,iPad1(1000288),288,01.06.26 12:18,Prod,A1000288.6401,Tisch 23,110,S1000288.71934,SALE,1,5.5,5.5,0.0,0.0,0.0,0.0,111,Pommes Frites,Beilagen,,MwSt. 7%,1.07,5.140187,0.359813,Normalverkauf
S1000288.71935,SP1000288.7.71935,SY1000288.2026.71935,iPad1(1000288),288,01.06.26 12:43,Prod,A1000288.6402,Tisch 7,110,S1000288.71935,SALE,1,11.5,11.5,0.0,0.0,0.0,0.0,105,Garnelen-Kimchi-Bruger,Hauptgerichte,,MwSt. 7%,1.07,10.747664,0.752336,Normalverkauf
S1000288.71936,SP1000288.7.71936,SY1000288.2026.71936,iPad1(1000288),288,01.06.26 18:31,Prod,A1000288.6403,Tisch 13,110,S1000288.71936,SALE,1,10.9,10.9,0.0,0.0,0.0,0.0,104,Thunfisch Wrap,Hauptgerichte,,MwSt. 7%,1.07,10.186916,0.713084,Normalverkauf
S1000288.71937,SP1000288.7.71937,SY1000288.2026.71937,iPad1(1000288),288,01.06.26 19:11,Prod,A1000288.6404,Tisch 4,101,S1000288.71937,SALE,1,14.5,14.5,0.0,0.0,0.0,0.0,101,Lachs,Hauptspeisen,,MwSt. 7%,1.07,13.551402,0.948598,Normalverkauf
S1000288.71938,SP1000288.7.71938,SY1000288.2026.71938,iPad1(1000288),288,01.06.26 19:11,Prod,A1000288.6404,Tisch 4,101,S1000288.71938,SALE,1,3.9,3.9,0.0,0.0,0.0,0.0,126,Spezi,Getränke,,MwSt. 19%,1.19,3.277311,0.622689,Normalverkauf
S1000288.71939,SP1000288.7.71939,SY1000288.2026.71939,iPad1(1000288),288,01.06.26 19:11,Prod,A1000288.6404,Tisch 4,101,S1000288.71939,SALE,2,10.9,21.8,0.0,0.0,0.0,0.0,107,Chicken Burger,Hauptgerichte,,MwSt. 7%,1.07,20.373832,1.426168,Normalverkauf
S1000288.71940,SP1000288.7.71940,SY1000288.2026.71940,iPad1(1000288),288,01.06.26 18:00,Prod,A1000288.6405,Tisch 19,107,S1000288.71940,SALE,1,4.2,4.2,0.0,0.0,0.0,0.0,122,Bier,Getränke,,MwSt. 19%,1.19,3.529412,0.670588,Normalverkauf
S1000288.71941,SP1000288.7.71941,SY1000288.2026.71941,iPad1(1000288),288,01.06.26 20:58,Prod,A1000288.6406,Tisch 1,110,S1000288.71941,SALE,2,10.9,21.8,0.0,0.0,0.0,0.0,107,Chicken Burger,Hauptgerichte,,MwSt. 7%,1.07,20.373832,1.426168,Normalverkauf
S1000288.71942,SP1000288.7.71942,SY1000288.2026.71942,iPad1(1000288),288,01.06.26 20:58,Prod,A1000288.6406,Tisch 1,110,S1000288.71942,SALE,1,2.8,2.8,0.0,0.0,0.0,0.0,121,Mineralwasser,Getränke,,MwSt. 19%,1.19,2.352941,0.447059,Normalverkauf
S1000288.71943,SP1000288.7.71943,SY1000288.2026.71943,iPad1(1000288),288,01.06.26 20:58,Prod,A1000288.6406,Tisch 1,110,S1000288.71943,SALE,1,3.9,3.9,0.0,0.0,0.0,0.0,119,Cola,Getränke,,MwSt. 19%,1.19,3.277311,0.622689,Normalverkauf
S1000288.71944,SP1000288.7.71944,SY1000288.2026.71944,iPad1(1000288),288,01.06.26 17:54,Prod,A1000288.6407,Tisch 11,110,S1000288.71944,SALE,1,3.9,3.9,0.0,0.0,0.0,0.0,119,Cola,Getränke,,MwSt. 19%,1.19,3.277311,0.622689,Normalverkauf
S1000288.71945,SP1000288.7.71945,SY1000288.2026.71945,iPad1(1000288),288,01.06.26 16:40,Prod,A1000288.6408,Tisch 3,101,S1000288.71945,SALE,1,6.9,6.9,0.0,0.0,0.0,0.0,113,Garnelen Box,Beilagen,,MwSt. 7%,1.07,6.448598,0.451402,Normalverkauf
S1000288.71946,SP1000288.7.71946,SY1000288.2026.71946,iPad1(1000288),288,01.06.26 18:19,Prod,A1000288.6409,,107,S1000288.71946,SALE,2,5.5,11.0,0.0,0.0,0.0,0.0,111,Pommes Frites,Beilagen,,MwSt. 7%,1.07,10.280374,0.719626,Normalverkauf
S1000288.71947,SP1000288.7.71947,SY1000288.2026.71947,iPad1(1000288),288,01.06.26 18:19,Prod,A1000288.6409,,107,S1000288.71947,SALE,1,9.8,9.8,0.0,0.0,0.0,0.0,108,Seelachs-Ei-Baugette,Hauptgerichte,,MwSt. 7%,1.07,9.158879,0.641121,Normalverkauf
S1000288.71948,SP1000288.7.71948,SY1000288.2026.71948,iPad1(1000288),288,01.06.26 19:32,Prod,A1000288.6410,Tisch 14,110,S1000288.71948,VOID,1,11.5,11.5,0.0,0.0,0.0,0.0,105,Garnelen-Kimchi-Bruger,Hauptgerichte,,MwSt. 7%,1.07,10.747664,0.752336,Normalverkauf
S1000288.71949,SP1000288.7.71949,SY1000288.2026.71949,iPad1(1000288),288,01.06.26 19:32,Prod,A1000288.6410,Tisch 14,110,S1000288.71949,VOID,2,5.5,11.0,0.0,0.0,0.0,0.0,111,Pommes Frites,Beilagen,,MwSt. 7%,1.07,10.280374,0.719626,Normalverkauf
S1000288.71950,SP1000288.7.71950,SY1000288.2026.71950,iPad1(1000288),288,01.06.26 19:32,Prod,A1000288.6410,Tisch 14,110,S1000288.71950,VOID,2,5.5,11.0,0.0,0.0,0.0,0.0,114,Fisch Nuggets Box,Beilagen,,MwSt. 7%,1.07,10.280374,0.719626,Normalverkauf
S1000288.71951,SP1000288.7.71951,SY1000288.2026.71951,iPad1(1000288),288,01.06.26 17:58,Prod,A1000288.6411,Tisch 13,110,S1000288.71951,SALE,1,3.9,3.9,0.0,0.0,0.0,0.0,126,Spezi,Getränke,,MwSt. 19%,1.19,3.277311,0.622689,Normalverkauf
S1000288.71952,SP1000288.7.71952,SY1000288.2026.71952,iPad1(1000288),288,01.06.26 17:58,Prod,A1000288.6411,Tisch 13,110,S1000288.71952,SALE,2,5.9,11.8,0.0,0.0,0.0,0.0,123,Inger-Limonade,Getränke,,MwSt. 19%,1.19,9.915966,1.884034,Normalverkauf
S1000288.71953,SP1000288.7.71953,SY1000288.2026.71953,iPad1(1000288),288,01.06.26 10:12,Prod,A1000288.6412,Tisch 3,110,S1000288.71953,SALE,2,13.5,27.0,0.0,0.0,0.0,0.0,102,Matjes,Hauptspeisen,,MwSt. 7%,1.07,25.233645,1.766355,Normalverkauf
S1000288.71954,SP1000288.7.71954,SY1000288.2026.71954,iPad1(1000288),288,01.06.26 10:12,Prod,A1000288.6412,Tisch 3,110,S1000288.71954,SALE,1,6.5,6.5,0.0,0.0,0.0,0.0,100,Fischbrötchen Backfisch,Hauptspeisen,,MwSt. 7%,1.07,6.074766,0.425234,Normalverkauf
S1000288.71955,SP1000288.7.71955,SY1000288.2026.71955,iPad1(1000288),288,01.06.26 10:12,Prod,A1000288.6412,Tisch 3,110,S1000288.71955,SALE,2,6.5,13.0,0.0,0.0,0.0,0.0,100,Fischbrötchen Backfisch,Hauptspeisen,,MwSt. 7%,1.07,12.149533,0.850467,Normalverkauf
S1000288.71956,SP1000288.7.71956,SY1000288.2026.71956,iPad1(1000288),288,01.06.26 17:04,Prod,A1000288.6413,Tisch 20,116,S1000288.71956,SALE,2,5.5,11.0,0.0,0.0,0.0,0.0,111,Pommes Frites,Beilagen,,MwSt. 7%,1.07,10.280374,0.719626,Normalverkauf
S1000288.71957,SP1000288.7.71957,SY1000288.2026.71957,iPad1(1000288),288,01.06.26 17:04,Prod,A1000288.6413,Tisch 20,116,S1000288.71957,SALE,1,3.9,3.9,0.0,0.0,0.0,0.0,119,Cola,Getränke,,MwSt. 19%,1.19,3.277311,0.622689,Normalverkauf
S1000288.71958,SP1000288.7.71958,SY1000288.2026.71958,iPad1(1000288),288,01.06.26 17:04,Prod,A1000288.6413,Tisch 20,116,S1000288.71958,SALE,1,5.5,5.5,0.0,0.0,0.0,0.0,111,Pommes Frites,Beilagen,,MwSt. 7%,1.07,5.140187,0.359813,Normalverkauf
S1000288.71959,SP1000288.7.71959,SY1000288.2026.71959,iPad1(1000288),288,01.06.26 11:09,Prod,A1000288.6414,Tisch 8,107,S1000288.71959,SALE,2,10.9,21.8,0.0,0.0,0.0,0.0,107,Chicken Burger,Hauptgerichte,,MwSt. 7%,1.07,20.373832,1.426168,Normalverkauf
S1000288.71960,SP1000288.7.71960,SY1000288.2026.71960,iPad1(1000288),288,01.06.26 15:53,Prod,A1000288.6415,Tisch 4,116,S1000288.71960,SALE,1,3.9,3.9,0.0,0.0,0.0,0.0,119,Cola,Getränke,,MwSt. 19%,1.19,3.277311,0.622689,Normalverkauf
S1000288.71961,SP1000288.7.71961,SY1000288.2026.71961,iPad1(1000288),288,01.06.26 15:53,Prod,A1000288.6415,Tisch 4,116,S1000288.71961,SALE,2,2.8,5.6,0.0,0.0,0.0,0.0,121,Mineralwasser,Getränke,,MwSt. 19%,1.19,4.705882,0.894118,Normalverkauf
S1000288.71962,SP1000288.7.71962,SY1000288.2026.71962,iPad1(1000288),288,01.06.26 19:41,Prod,A1000288.6416,Tisch 16,119,S1000288.71962,SALE,2,11.9,23.8,0.0,0.0,0.0,0.0,110,Matjes-Baguette,Hauptgerichte,,MwSt. 7%,1.07,22.242991,1.557009,Normalverkauf
S1000288.71963,SP1000288.7.71963,SY1000288.2026.71963,iPad1(1000288),288,01.06.26 19:41,Prod,A1000288.6416,Tisch 16,119,S1000288.71963,SALE,2,3.9,7.8,0.0,0.0,0.0,0.0,126,Spezi,Getränke,,MwSt. 19%,1.19,6.554622,1.245378,Normalverkauf
S1000288.71964,SP1000288.7.71964,SY1000288.2026.71964,iPad1(1000288),288,01.06.26 19:41,Prod,A1000288.6416,Tisch 16,119,S1000288.71964,SALE,2,11.9,23.8,0.0,0.0,0.0,0.0,110,Matjes-Baguette,Hauptgerichte,,MwSt. 7%,1.07,22.242991,1.557009,Normalverkauf
S1000288.71965,SP1000288.7.71965,SY1000288.2026.71965,iPad1(1000288),288,01.06.26 13:15,Prod,A1000288.6417,Tisch 7,119,S1000288.71965,SALE,1,5.9,5.9,0.0,0.0,0.0,0.0,117,Rote Grütze,Desserts,,MwSt. 7%,1.07,5.514019,0.385981,Normalverkauf
S1000288.71966,SP1000288.7.71966,SY1000288.2026.71966,iPad1(1000288),288,01.06.26 19:04,Prod,A1000288.6418,Tisch 14,110,S1000288.71966,SALE,1,11.5,11.5,0.0,0.0,0.0,0.0,105,Garnelen-Kimchi-Bruger,Hauptgerichte,,MwSt. 7%,1.07,10.747664,0.752336,Normalverkauf
S1000288.71967,SP1000288.7.71967,SY1000288.2026.71967,iPad1(1000288),288,01.06.26 19:04,Prod,A1000288.6418,Tisch 14,110,S1000288.71967,SALE,1,13.5,13.5,0.0,0.0,0.0,0.0,102,Matjes,Hauptspeisen,,MwSt. 7%,1.07,12.616822,0.883178,Normalverkauf
S1000288.71968,SP1000288.7.71968,SY1000288.2026.71968,iPad1(1000288),288,01.06.26 19:04,Prod,A1000288.6418,Tisch 14,110,S1000288.71968,SALE,1,3.9,3.9,0.0,0.0,0.0,0.0,126,Spezi,Getränke,,MwSt. 19%,1.19,3.277311,0.622689,Normalverkauf
S1000288.71969,SP1000288.7.71969,SY1000288.2026.71969,iPad1(1000288),288,01.06.26 17:35,Prod,A1000288.6419,Tisch 1,110,S1000288.71969,SALE,2,10.9,21.8,0.0,0.0,0.0,0.0,107,Chicken Burger,Hauptgerichte,,MwSt. 7%,1.07,20.373832,1.426168,Normalverkauf
S1000288.71970,SP1000288.7.71970,SY1000288.2026.71970,iPad1(1000288),288,01.06.26 17:35,Prod,A1000288.6419,Tisch 1,110,S1000288.71970,SALE,1,3.9,3.9,0.0,0.0,0.0,0.0,119,Cola,Getränke,,MwSt. 19%,1.19,3.277311,0.622689,Normalverkauf
S1000288.71971,SP1000288.7.71971,SY1000288.2026.71971,iPad1(1000288),288,01.06.26 17:22,Prod,A1000288.6420,,110,S1000288.71971,SALE,1,3.2,3.2,0.0,0.0,0.0,0.0,120,Apfelschorle,Getränke,,MwSt. 19%,1.19,2.689076,0.510924,Normalverkauf
S1000288.71972,SP1000288.7.71972,SY1000288.2026.71972,iPad1(1000288),288,01.06.26 13:14,Prod,A1000288.6421,Tisch 5,101,S1000288.71972,SALE,1,4.2,4.2,0.0,0.0,0.0,0.0,122,Bier,Getränke,,MwSt. 19%,1.19,3.529412,0.670588,Normalverkauf
S1000288.71973,SP1000288.7.71973,SY1000288.2026.71973,iPad1(1000288),288,01.06.26 13:14,Prod,A1000288.6421,Tisch 5,101,S1000288.71973,SALE,2,3.9,7.8,0.0,0.0,0.0,0.0,124,Cola Zero,Getränke,,MwSt. 19%,1.19,6.554622,1.245378,Normalverkauf
S1000288.71974,SP1000288.7.71974,SY1000288.2026.71974,iPad1(1000288),288,01.06.26 13:14,Prod,A1000288.6421,Tisch 5,101,S1000288.71974,SALE,2,5.5,11.0,0.0,0.0,0.0,0.0,111,Pommes Frites,Beilagen,,MwSt. 7%,1.07,10.280374,0.719626,Normalverkauf
S1000288.71975,SP1000288.7.71975,SY1000288.2026.71975,iPad1(1000288),288,01.06.26 16:20,Prod,A1000288.6422,Tisch 22,110,S1000288.71975,VOID,1,3.9,3.9,0.0,0.0,0.0,0.0,127,Alkoholfreies Bier,Getränke,,MwSt. 19%,1.19,3.277311,0.622689,Normalverkauf
S1000288.71976,SP1000288.7.71976,SY1000288.2026.71976,iPad1(1000288),288,01.06.26 16:20,Prod,A1000288.6422,Tisch 22,110,S1000288.71976,VOID,2,6.5,13.0,0.0,0.0,0.0,0.0,100,Fischbrötchen Backfisch,Hauptspeisen,,MwSt. 7%,1.07,12.149533,0.850467,Normalverkauf
S1000288.71977,SP1000288.7.71977,SY1000288.2026.71977,iPad1(1000288),288,01.06.26 16:20,Prod,A1000288.6422,Tisch 22,110,S1000288.71977,VOID,2,9.8,19.6,0.0,0.0,0.0,0.0,108,Seelachs-Ei-Baugette,Hauptgerichte,,MwSt. 7%,1.07,18.317757,1.282243,Normalverkauf
S1000288.71978,SP1000288.7.71978,SY1000288.2026.71978,iPad1(1000288),288,01.06.26 13:24,Prod,A1000288.6423,Tisch 16,110,S1000288.71978,SALE,1,6.9,6.9,0.0,0.0,0.0,0.0,113,Garnelen Box,Beilagen,,MwSt. 7%,1.07,6.448598,0.451402,Normalverkauf
S1000288.71979,SP1000288.7.71979,SY1000288.2026.71979,iPad1(1000288),288,01.06.26 15:36,Prod,A1000288.6424,Tisch 9,110,S1000288.71979,SALE,2,3.9,7.8,0.0,0.0,0.0,0.0,119,Cola,Getränke,,MwSt. 19%,1.19,6.554622,1.245378,Normalverkauf
S1000288.71980,SP1000288.7.71980,SY1000288.2026.71980,iPad1(1000288),288,01.06.26 15:36,Prod,A1000288.6424,Tisch 9,110,S1000288.71980,SALE,2,10.9,21.8,0.0,0.0,0.0,0.0,107,Chicken Burger,Hauptgerichte,,MwSt. 7%,1.07,20.373832,1.426168,Normalverkauf
S1000288.71981,SP1000288.7.71981,SY1000288.2026.71981,iPad1(1000288),288,01.06.26 15:36,Prod,A1000288.6424,Tisch 9,110,S1000288.71981,SALE,2,2.8,5.6,0.0,0.0,0.0,0.0,121,Mineralwasser,Getränke,,MwSt. 19%,1.19,4.705882,0.894118,Normalverkauf
S1000288.71982,SP1000288.7.71982,SY1000288.2026.71982,iPad1(1000288),288,01.06.26 16:22,Prod,A1000288.6425,Tisch 7,110,S1000288.71982,SALE,1,10.9,10.9,0.0,0.0,0.0,0.0,107,Chicken Burger,Hauptgerichte,,MwSt. 7%,1.07,10.186916,0.713084,Normalverkauf
S1000288.71983,SP1000288.7.71983,SY1000288.2026.71983,iPad1(1000288),288,01.06.26 16:22,Prod,A1000288.6425,Tisch 7,110,S1000288.71983,SALE,1,4.2,4.2,0.0,0.0,0.0,0.0,122,Bier,Getränke,,MwSt. 19%,1.19,3.529412,0.670588,Normalverkauf
S1000288.71984,SP1000288.7.71984,SY1000288.2026.71984,iPad1(1000288),288,01.06.26 16:22,Prod,A1000288.6425,Tisch 7,110,S1000288.71984,SALE,1,10.9,10.9,0.0,0.0,0.0,0.0,109,Bismarck-Baguette,Hauptgerichte,,MwSt. 7%,1.07,10.186916,0.713084,Normalverkauf
S1000288.71985,SP1000288.7.71985,SY1000288.2026.71985,iPad1(1000288),288,01.06.26 14:05,Prod,A1000288.6426,Tisch 5,110,S1000288.71985,SALE,2,6.5,13.0,0.0,0.0,0.0,0.0,118,Schokokuchen,Desserts,,MwSt. 7%,1.07,12.149533,0.850467,Normalverkauf
S1000288.71986,SP1000288.7.71986,SY1000288.2026.71986,iPad1(1000288),288,01.06.26 12:55,Prod,A1000288.6427,,119,S1000288.71986,SALE,1,10.9,10.9,0.0,0.0,0.0,0.0,104,Thunfisch Wrap,Hauptgerichte,,MwSt. 7%,1.07,10.186916,0.713084,Normalverkauf
S1000288.71987,SP1000288.7.71987,SY1000288.2026.71987,iPad1(1000288),288,01.06.26 17:57,Prod,A1000288.6428,Tisch 7,101,S1000288.71987,SALE,2,5.9,11.8,0.0,0.0,0.0,0.0,123,Inger-Limonade,Getränke,,MwSt. 19%,1.19,9.915966,1.884034,Normalverkauf
S1000288.71988,SP1000288.7.71988,SY1000288.2026.71988,iPad1(1000288),288,01.06.26 17:57,Prod,A1000288.6428,Tisch 7,101,S1000288.71988,SALE,1,11.5,11.5,0.0,0.0,0.0,0.0,105,Garnelen-Kimchi-Bruger,Hauptgerichte,,MwSt. 7%,1.07,10.747664,0.752336,Normalverkauf
S1000288.71989,SP1000288.7.71989,SY1000288.2026.71989,iPad1(1000288),288,01.06.26 12:23,Prod,A1000288.6429,Tisch 13,110,S1000288.71989,SALE,2,13.5,27.0,0.0,0.0,0.0,0.0,102,Matjes,Hauptspeisen,,MwSt. 7%,1.07,25.233645,1.766355,Normalverkauf
S1000288.71990,SP1000288.7.71990,SY1000288.2026.71990,iPad1(1000288),288,01.06.26 16:37,Prod,A1000288.6430,Tisch 24,119,S1000288.71990,SALE,1,3.9,3.9,0.0,0.0,0.0,0.0,119,Cola,Getränke,,MwSt. 19%,1.19,3.277311,0.622689,Normalverkauf
S1000288.71991,SP1000288.7.71991,SY1000288.2026.71991,iPad1(1000288),288,01.06.26 16:37,Prod,A1000288.6430,Tisch 24,119,S1000288.71991,SALE,2,10.9,21.8,0.0,0.0,0.0,0.0,107,Chicken Burger,Hauptgerichte,,MwSt. 7%,1.07,20.373832,1.426168,Normalverkauf
S1000288.71992,SP1000288.7.71992,SY1000288.2026.71992,iPad1(1000288),288,01.06.26 16:37,Prod,A1000288.6430,Tisch 24,119,S1000288.71992,SALE,2,3.9,7.8,0.0,0.0,0.0,0.0,119,Cola,Getränke,,MwSt. 19%,1.19,6.554622,1.245378,Normalverkauf
S1000288.71993,SP1000288.7.71993,SY1000288.2026.71993,iPad1(1000288),288,01.06.26 20:18,Prod,A1000288.6431,Tisch 18,119,S1000288.71993,SALE,1,14.5,14.5,0.0,0.0,0.0,0.0,101,Lachs,Hauptspeisen,,MwSt. 7%,1.07,13.551402,0.948598,Normalverkauf
S1000288.71994,SP1000288.7.71994,SY1000288.2026.71994,iPad1(1000288),288,01.06.26 20:18,Prod,A1000288.6431,Tisch 18,119,S1000288.71994,SALE,1,3.2,3.2,0.0,0.0,0.0,0.0,120,Apfelschorle,Getränke,,MwSt. 19%,1.19,2.689076,0.510924,Normalverkauf
S1000288.71995,SP1000288.7.71995,SY1000288.2026.71995,iPad1(1000288),288,01.06.26 20:18,Prod,A1000288.6431,Tisch 18,119,S1000288.71995,SALE,2,4.9,9.8,0.0,0.0,0.0,0.0,112,Kartoffelwedges,Beilagen,,MwSt. 7%,1.07,9.158879,0.641121,Normalverkauf
S1000288.71996,SP1000288.7.71996,SY1000288.2026.71996,iPad1(1000288),288,01.06.26 18:01,Prod,A1000288.6432,Tisch 18,110,S1000288.71996,SALE,1,3.9,3.9,0.0,0.0,0.0,0.0,127,Alkoholfreies Bier,Getränke,,MwSt. 19%,1.19,3.277311,0.622689,Normalverkauf
S1000288.71997,SP1000288.7.71997,SY1000288.2026.71997,iPad1(1000288),288,01.06.26 18:01,Prod,A1000288.6432,Tisch 18,110,S1000288.71997,SALE,2,10.9,21.8,0.0,0.0,0.0,0.0,104,Thunfisch Wrap,Hauptgerichte,,MwSt. 7%,1.07,20.373832,1.426168,Normalverkauf
S1000288.71998,SP1000288.7.71998,SY1000288.2026.71998,iPad1(1000288),288,01.06.26 18:01,Prod,A1000288.6432,Tisch 18,110,S1000288.71998,SALE,1,14.5,14.5,0.0,0.0,0.0,0.0,101,Lachs,Hauptspeisen,,MwSt. 7%,1.07,13.551402,0.948598,Normalverkauf
S1000288.71999,SP1000288.7.71999,SY1000288.2026.71999,iPad1(1000288),288,01.06.26 14:35,Prod,A1000288.6433,Tisch 4,110,S1000288.71999,SALE,1,10.9,10.9,0.0,0.0,0.0,0.0,107,Chicken Burger,Hauptgerichte,,MwSt. 7%,1.07,10.186916,0.713084,Normalverkauf
S1000288.72000,SP1000288.7.72000,SY1000288.2026.72000,iPad1(1000288),288,01.06.26 14:35,Prod,A1000288.6433,Tisch 4,110,S1000288.72000,SALE,2,5.9,11.8,0.0,0.0,0.0,0.0,123,Inger-Limonade,Getränke,,MwSt. 19%,1.19,9.915966,1.884034,Normalverkauf
S1000288.72001,SP1000288.7.72001,SY1000288.2026.72001,iPad1(1000288),288,01.06.26 11:27,Prod,A1000288.6434,Tisch 18,107,S1000288.72001,SALE,1,14.5,14.5,0.0,0.0,0.0,0.0,101,Lachs,Hauptspeisen,,MwSt. 7%,1.07,13.551402,0.948598,Normalverkauf
S1000288.72002,SP1000288.7.72002,SY1000288.2026.72002,iPad1(1000288),288,01.06.26 11:27,Prod,A1000288.6434,Tisch 18,107,S1000288.72002,SALE,1,10.9,10.9,0.0,0.0,0.0,0.0,104,Thunfisch Wrap,Hauptgerichte,,MwSt. 7%,1.07,10.186916,0.713084,Normalverkauf
S1000288.72003,SP1000288.7.72003,SY1000288.2026.72003,iPad1(1000288),288,01.06.26 13:16,Prod,A1000288.6435,Tisch 19,110,S1000288.72003,SALE,2,3.9,7.8,0.0,0.0,0.0,0.0,124,Cola Zero,Getränke,,MwSt. 19%,1.19,6.554622,1.245378,Normalverkauf
S1000288.72004,SP1000288.7.72004,SY1000288.2026.72004,iPad1(1000288),288,01.06.26 13:16,Prod,A1000288.6435,Tisch 19,110,S1000288.72004,SALE,1,10.9,10.9,0.0,0.0,0.0,0.0,104,Thunfisch Wrap,Hauptgerichte,,MwSt. 7%,1.07,10.186916,0.713084,Normalverkauf
S1000288.72005,SP1000288.7.72005,SY1000288.2026.72005,iPad1(1000288),288,01.06.26 08:38,Prod,A1000288.6436,Tisch 7,101,S1000288.72005,SALE,2,4.2,8.4,0.0,0.0,0.0,0.0,122,Bier,Getränke,,MwSt. 19%,1.19,7.058824,1.341176,Normalverkauf
S1000288.72006,SP1000288.7.72006,SY1000288.2026.72006,iPad1(1000288),288,01.06.26 08:38,Prod,A1000288.6436,Tisch 7,101,S1000288.72006,SALE,1,5.9,5.9,0.0,0.0,0.0,0.0,117,Rote Grütze,Desserts,,MwSt. 7%,1.07,5.514019,0.385981,Normalverkauf
S1000288.72007,SP1000288.7.72007,SY1000288.2026.72007,iPad1(1000288),288,01.06.26 11:08,Prod,A1000288.6437,Tisch 22,119,S1000288.72007,SALE,2,9.8,19.6,0.0,0.0,0.0,0.0,108,Seelachs-Ei-Baugette,Hauptgerichte,,MwSt. 7%,1.07,18.317757,1.282243,Normalverkauf
S1000288.72008,SP1000288.7.72008,SY1000288.2026.72008,iPad1(1000288),288,01.06.26 11:08,Prod,A1000288.6437,Tisch 22,119,S1000288.72008,SALE,2,5.9,11.8,0.0,0.0,0.0,0.0,123,Inger-Limonade,Getränke,,MwSt. 19%,1.19,9.915966,1.884034,Normalverkauf
S1000288.72009,SP1000288.7.72009,SY1000288.2026.72009,iPad1(1000288),288,01.06.26 11:08,Prod,A1000288.6437,Tisch 22,119,S1000288.72009,SALE,2,10.9,21.8,0.0,0.0,0.0,0.0,109,Bismarck-Baguette,Hauptgerichte,,MwSt. 7%,1.07,20.373832,1.426168,Normalverkauf
S1000288.72010,SP1000288.7.72010,SY1000288.2026.72010,iPad1(1000288),288,02.06.26 19:35,Prod,A1000288.6438,Tisch 7,110,S1000288.72010,SALE,1,3.9,3.9,0.0,0.0,0.0,0.0,126,Spezi,Getränke,,MwSt. 19%,1.19,3.277311,0.622689,Normalverkauf
S1000288.72011,SP1000288.7.72011,SY1000288.2026.72011,iPad1(1000288),288,02.06.26 12:50,Prod,A1000288.6439,Tisch 16,116,S1000288.72011,SALE,2,5.9,11.8,0.0,0.0,0.0,0.0,117,Rote Grütze,Desserts,,MwSt. 7%,1.07,11.028037,0.771963,Normalverkauf
S1000288.72012,SP1000288.7.72012,SY1000288.2026.72012,iPad1(1000288),288,02.06.26 12:50,Prod,A1000288.6439,Tisch 16,116,S1000288.72012,SALE,2,5.5,11.0,0.0,0.0,0.0,0.0,111,Pommes Frites,Beilagen,,MwSt. 7%,1.07,10.280374,0.719626,Normalverkauf
S1000288.72013,SP1000288.7.72013,SY1000288.2026.72013,iPad1(1000288),288,02.06.26 14:44,Prod,A1000288.6440,Tisch 9,107,S1000288.72013,SALE,2,10.9,21.8,0.0,0.0,0.0,0.0,104,Thunfisch Wrap,Hauptgerichte,,MwSt. 7%,1.07,20.373832,1.426168,Normalverkauf
S1000288.72014,SP1000288.7.72014,SY1000288.2026.72014,iPad1(1000288),288,02.06.26 14:44,Prod,A1000288.6440,Tisch 9,107,S1000288.72014,SALE,2,10.9,21.8,0.0,0.0,0.0,0.0,107,Chicken Burger,Hauptgerichte,,MwSt. 7%,1.07,20.373832,1.426168,Normalverkauf
S1000288.72015,SP1000288.7.72015,SY1000288.2026.72015,iPad1(1000288),288,02.06.26 14:44,Prod,A1000288.6440,Tisch 9,107,S1000288.72015,SALE,2,3.9,7.8,0.0,0.0,0.0,0.0,124,Cola Zero,Getränke,,MwSt. 19%,1.19,6.554622,1.245378,Normalverkauf
S1000288.72016,SP1000288.7.72016,SY1000288.2026.72016,iPad1(1000288),288,02.06.26 11:42,Prod,A1000288.6441,Tisch 16,110,S1000288.72016,SALE,2,3.9,7.8,0.0,0.0,0.0,0.0,119,Cola,Getränke,,MwSt. 19%,1.19,6.554622,1.245378,Normalverkauf
S1000288.72017,SP1000288.7.72017,SY1000288.2026.72017,iPad1(1000288),288,02.06.26 11:42,Prod,A1000288.6441,Tisch 16,110,S1000288.72017,SALE,2,7.9,15.8,0.0,0.0,0.0,0.0,106,Neptun-Ringe,Beilagen,,MwSt. 7%,1.07,14.766355,1.033645,Normalverkauf
S1000288.72018,SP1000288.7.72018,SY1000288.2026.72018,iPad1(1000288),288,02.06.26 11:42,Prod,A1000288.6441,Tisch 16,110,S1000288.72018,SALE,1,3.9,3.9,0.0,0.0,0.0,0.0,119,Cola,Getränke,,MwSt. 19%,1.19,3.277311,0.622689,Normalverkauf
S1000288.72019,SP1000288.7.72019,SY1000288.2026.72019,iPad1(1000288),288,02.06.26 12:20,Prod,A1000288.6442,Tisch 1,101,S1000288.72019,SALE,1,6.5,6.5,0.0,0.0,0.0,0.0,118,Schokokuchen,Desserts,,MwSt. 7%,1.07,6.074766,0.425234,Normalverkauf
S1000288.72020,SP1000288.7.72020,SY1000288.2026.72020,iPad1(1000288),288,02.06.26 12:20,Prod,A1000288.6442,Tisch 1,101,S1000288.72020,SALE,2,4.2,8.4,0.0,0.0,0.0,0.0,122,Bier,Getränke,,MwSt. 19%,1.19,7.058824,1.341176,Normalverkauf
S1000288.72021,SP1000288.7.72021,SY1000288.2026.72021,iPad1(1000288),288,02.06.26 12:20,Prod,A1000288.6442,Tisch 1,101,S1000288.72021,SALE,2,9.8,19.6,0.0,0.0,0.0,0.0,108,Seelachs-Ei-Baugette,Hauptgerichte,,MwSt. 7%,1.07,18.317757,1.282243,Normalverkauf
S1000288.72022,SP1000288.7.72022,SY1000288.2026.72022,iPad1(1000288),288,02.06.26 13:16,Prod,A1000288.6443,Tisch 9,110,S1000288.72022,SALE,2,6.5,13.0,0.0,0.0,0.0,0.0,100,Fischbrötchen Backfisch,Hauptspeisen,,MwSt. 7%,1.07,12.149533,0.850467,Normalverkauf
S1000288.72023,SP1000288.7.72023,SY1000288.2026.72023,iPad1(1000288),288,02.06.26 19:07,Prod,A1000288.6444,Tisch 12,101,S1000288.72023,SALE,1,6.9,6.9,0.0,0.0,0.0,0.0,113,Garnelen Box,Beilagen,,MwSt. 7%,1.07,6.448598,0.451402,Normalverkauf
S1000288.72024,SP1000288.7.72024,SY1000288.2026.72024,iPad1(1000288),288,02.06.26 08:46,Prod,A1000288.6445,Tisch 9,110,S1000288.72024,SALE,2,3.9,7.8,0.0,0.0,0.0,0.0,124,Cola Zero,Getränke,,MwSt. 19%,1.19,6.554622,1.245378,Normalverkauf
S1000288.72025,SP1000288.7.72025,SY1000288.2026.72025,iPad1(1000288),288,02.06.26 08:46,Prod,A1000288.6445,Tisch 9,110,S1000288.72025,SALE,2,6.9,13.8,0.0,0.0,0.0,0.0,103,Fischbrötchen Räucherlachs,Hauptspeisen,,MwSt. 7%,1.07,12.897196,0.902804,Normalverkauf
S1000288.72026,SP1000288.7.72026,SY1000288.2026.72026,iPad1(1000288),288,02.06.26 13:00,Prod,A1000288.6446,Tisch 9,110,S1000288.72026,SALE,2,3.9,7.8,0.0,0.0,0.0,0.0,126,Spezi,Getränke,,MwSt. 19%,1.19,6.554622,1.245378,Normalverkauf
S1000288.72027,SP1000288.7.72027,SY1000288.2026.72027,iPad1(1000288),288,02.06.26 09:42,Prod,A1000288.6447,Tisch 12,119,S1000288.72027,SALE,2,5.5,11.0,0.0,0.0,0.0,0.0,114,Fisch Nuggets Box,Beilagen,,MwSt. 7%,1.07,10.280374,0.719626,Normalverkauf
S1000288.72028,SP1000288.7.72028,SY1000288.2026.72028,iPad1(1000288),288,02.06.26 08:53,Prod,A1000288.6448,Tisch 13,119,S1000288.72028,SALE,2,11.9,23.8,0.0,0.0,0.0,0.0,110,Matjes-Baguette,Hauptgerichte,,MwSt. 7%,1.07,22.242991,1.557009,Normalverkauf
S1000288.72029,SP1000288.7.72029,SY1000288.2026.72029,iPad1(1000288),288,02.06.26 18:57,Prod,A1000288.6449,Tisch 19,107,S1000288.72029,SALE,2,6.9,13.8,0.0,0.0,0.0,0.0,103,Fischbrötchen Räucherlachs,Hauptspeisen,,MwSt. 7%,1.07,12.897196,0.902804,Normalverkauf
S1000288.72030,SP1000288.7.72030,SY1000288.2026.72030,iPad1(1000288),288,02.06.26 18:57,Prod,A1000288.6449,Tisch 19,107,S1000288.72030,SALE,2,3.9,7.8,0.0,0.0,0.0,0.0,126,Spezi,Getränke,,MwSt. 19%,1.19,6.554622,1.245378,Normalverkauf
S1000288.72031,SP1000288.7.72031,SY1000288.2026.72031,iPad1(1000288),288,02.06.26 20:13,Prod,A1000288.6450,Tisch 2,107,S1000288.72031,SALE,2,7.9,15.8,0.0,0.0,0.0,0.0,106,Neptun-Ringe,Beilagen,,MwSt. 7%,1.07,14.766355,1.033645,Normalverkauf
S1000288.72032,SP1000288.7.72032,SY1000288.2026.72032,iPad1(1000288),288,02.06.26 20:13,Prod,A1000288.6450,Tisch 2,107,S1000288.72032,SALE,2,4.2,8.4,0.0,0.0,0.0,0.0,122,Bier,Getränke,,MwSt. 19%,1.19,7.058824,1.341176,Normalverkauf
S1000288.72033,SP1000288.7.72033,SY1000288.2026.72033,iPad1(1000288),288,02.06.26 19:38,Prod,A1000288.6451,Tisch 19,107,S1000288.72033,SALE,1,5.9,5.9,0.0,0.0,0.0,0.0,117,Rote Grütze,Desserts,,MwSt. 7%,1.07,5.514019,0.385981,Normalverkauf
S1000288.72034,SP1000288.7.72034,SY1000288.2026.72034,iPad1(1000288),288,02.06.26 19:38,Prod,A1000288.6451,Tisch 19,107,S1000288.72034,SALE,2,10.9,21.8,0.0,0.0,0.0,0.0,107,Chicken Burger,Hauptgerichte,,MwSt. 7%,1.07,20.373832,1.426168,Normalverkauf
S1000288.72035,SP1000288.7.72035,SY1000288.2026.72035,iPad1(1000288),288,02.06.26 11:28,Prod,A1000288.6452,Tisch 9,119,S1000288.72035,SALE,1,5.9,5.9,0.0,0.0,0.0,0.0,123,Inger-Limonade,Getränke,,MwSt. 19%,1.19,4.957983,0.942017,Normalverkauf
S1000288.72036,SP1000288.7.72036,SY1000288.2026.72036,iPad1(1000288),288,02.06.26 11:28,Prod,A1000288.6452,Tisch 9,119,S1000288.72036,SALE,2,10.9,21.8,0.0,0.0,0.0,0.0,104,Thunfisch Wrap,Hauptgerichte,,MwSt. 7%,1.07,20.373832,1.426168,Normalverkauf
S1000288.72037,SP1000288.7.72037,SY1000288.2026.72037,iPad1(1000288),288,02.06.26 12:13,Prod,A1000288.6453,Tisch 22,107,S1000288.72037,SALE,1,10.9,10.9,0.0,0.0,0.0,0.0,107,Chicken Burger,Hauptgerichte,,MwSt. 7%,1.07,10.186916,0.713084,Normalverkauf
S1000288.72038,SP1000288.7.72038,SY1000288.2026.72038,iPad1(1000288),288,02.06.26 12:13,Prod,A1000288.6453,Tisch 22,107,S1000288.72038,SALE,2,7.9,15.8,0.0,0.0,0.0,0.0,115,Tiramisu,Desserts,,MwSt. 7%,1.07,14.766355,1.033645,Normalverkauf
S1000288.72039,SP1000288.7.72039,SY1000288.2026.72039,iPad1(1000288),288,02.06.26 19:30,Prod,A1000288.6454,Tisch 5,107,S1000288.72039,SALE,2,2.8,5.6,0.0,0.0,0.0,0.0,121,Mineralwasser,Getränke,,MwSt. 19%,1.19,4.705882,0.894118,Normalverkauf
S1000288.72040,SP1000288.7.72040,SY1000288.2026.72040,iPad1(1000288),288,02.06.26 19:30,Prod,A1000288.6454,Tisch 5,107,S1000288.72040,SALE,2,5.5,11.0,0.0,0.0,0.0,0.0,111,Pommes Frites,Beilagen,,MwSt. 7%,1.07,10.280374,0.719626,Normalverkauf
S1000288.72041,SP1000288.7.72041,SY1000288.2026.72041,iPad1(1000288),288,02.06.26 14:53,Prod,A1000288.6455,Tisch 12,110,S1000288.72041,SALE,1,5.9,5.9,0.0,0.0,0.0,0.0,116,Vanillequark,Desserts,,MwSt. 7%,1.07,5.514019,0.385981,Normalverkauf
S1000288.72042,SP1000288.7.72042,SY1000288.2026.72042,iPad1(1000288),288,02.06.26 14:53,Prod,A1000288.6455,Tisch 12,110,S1000288.72042,SALE,2,11.5,23.0,0.0,0.0,0.0,0.0,105,Garnelen-Kimchi-Bruger,Hauptgerichte,,MwSt. 7%,1.07,21.495327,1.504673,Normalverkauf
S1000288.72043,SP1000288.7.72043,SY1000288.2026.72043,iPad1(1000288),288,02.06.26 12:00,Prod,A1000288.6456,Tisch 6,107,S1000288.72043,SALE,1,3.9,3.9,0.0,0.0,0.0,0.0,127,Alkoholfreies Bier,Getränke,,MwSt. 19%,1.19,3.277311,0.622689,Normalverkauf
S1000288.72044,SP1000288.7.72044,SY1000288.2026.72044,iPad1(1000288),288,02.06.26 12:00,Prod,A1000288.6456,Tisch 6,107,S1000288.72044,SALE,1,3.9,3.9,0.0,0.0,0.0,0.0,127,Alkoholfreies Bier,Getränke,,MwSt. 19%,1.19,3.277311,0.622689,Normalverkauf
S1000288.72045,SP1000288.7.72045,SY1000288.2026.72045,iPad1(1000288),288,02.06.26 16:14,Prod,A1000288.6457,,110,S1000288.72045,VOID,1,6.5,6.5,0.0,0.0,0.0,0.0,100,Fischbrötchen Backfisch,Hauptspeisen,,MwSt. 7%,1.07,6.074766,0.425234,Normalverkauf
S1000288.72046,SP1000288.7.72046,SY1000288.2026.72046,iPad1(1000288),288,02.06.26 13:23,Prod,A1000288.6458,Tisch 12,110,S1000288.72046,VOID,1,10.9,10.9,0.0,0.0,0.0,0.0,104,Thunfisch Wrap,Hauptgerichte,,MwSt. 7%,1.07,10.186916,0.713084,Normalverkauf
S1000288.72047,SP1000288.7.72047,SY1000288.2026.72047,iPad1(1000288),288,02.06.26 13:23,Prod,A1000288.6458,Tisch 12,110,S1000288.72047,VOID,2,3.9,7.8,0.0,0.0,0.0,0.0,119,Cola,Getränke,,MwSt. 19%,1.19,6.554622,1.245378,Normalverkauf
S1000288.72048,SP1000288.7.72048,SY1000288.2026.72048,iPad1(1000288),288,02.06.26 13:23,Prod,A1000288.6458,Tisch 12,110,S1000288.72048,VOID,2,3.9,7.8,0.0,0.0,0.0,0.0,119,Cola,Getränke,,MwSt. 19%,1.19,6.554622,1.245378,Normalverkauf
S1000288.72049,SP1000288.7.72049,SY1000288.2026.72049,iPad1(1000288),288,02.06.26 17:45,Prod,A1000288.6459,Tisch 5,110,S1000288.72049,SALE,2,3.9,7.8,0.0,0.0,0.0,0.0,126,Spezi,Getränke,,MwSt. 19%,1.19,6.554622,1.245378,Normalverkauf
S1000288.72050,SP1000288.7.72050,SY1000288.2026.72050,iPad1(1000288),288,02.06.26 13:38,Prod,A1000288.6460,Tisch 4,119,S1000288.72050,SALE,1,3.9,3.9,0.0,0.0,0.0,0.0,124,Cola Zero,Getränke,,MwSt. 19%,1.19,3.277311,0.622689,Normalverkauf
S1000288.72051,SP1000288.7.72051,SY1000288.2026.72051,iPad1(1000288),288,02.06.26 13:38,Prod,A1000288.6460,Tisch 4,119,S1000288.72051,SALE,2,11.5,23.0,0.0,0.0,0.0,0.0,105,Garnelen-Kimchi-Bruger,Hauptgerichte,,MwSt. 7%,1.07,21.495327,1.504673,Normalverkauf
S1000288.72052,SP1000288.7.72052,SY1000288.2026.72052,iPad1(1000288),288,02.06.26 13:38,Prod,A1000288.6460,Tisch 4,119,S1000288.72052,SALE,2,7.9,15.8,0.0,0.0,0.0,0.0,115,Tiramisu,Desserts,,MwSt. 7%,1.07,14.766355,1.033645,Normalverkauf
S1000288.72053,SP1000288.7.72053,SY1000288.2026.72053,iPad1(1000288),288,02.06.26 11:54,Prod,A1000288.6461,Tisch 22,116,S1000288.72053,SALE,1,10.9,10.9,0.0,0.0,0.0,0.0,109,Bismarck-Baguette,Hauptgerichte,,MwSt. 7%,1.07,10.186916,0.713084,Normalverkauf
S1000288.72054,SP1000288.7.72054,SY1000288.2026.72054,iPad1(1000288),288,02.06.26 11:54,Prod,A1000288.6461,Tisch 22,116,S1000288.72054,SALE,2,3.9,7.8,0.0,0.0,0.0,0.0,126,Spezi,Getränke,,MwSt. 19%,1.19,6.554622,1.245378,Normalverkauf
S1000288.72055,SP1000288.7.72055,SY1000288.2026.72055,iPad1(1000288),288,02.06.26 15:12,Prod,A1000288.6462,Tisch 14,110,S1000288.72055,SALE,2,5.5,11.0,0.0,0.0,0.0,0.0,114,Fisch Nuggets Box,Beilagen,,MwSt. 7%,1.07,10.280374,0.719626,Normalverkauf
S1000288.72056,SP1000288.7.72056,SY1000288.2026.72056,iPad1(1000288),288,02.06.26 18:56,Prod,A1000288.6463,Tisch 10,101,S1000288.72056,SALE,2,3.2,6.4,0.0,0.0,0.0,0.0,120,Apfelschorle,Getränke,,MwSt. 19%,1.19,5.378151,1.021849,Normalverkauf
S1000288.72057,SP1000288.7.72057,SY1000288.2026.72057,iPad1(1000288),288,02.06.26 16:57,Prod,A1000288.6464,,119,S1000288.72057,SALE,1,4.9,4.9,0.0,0.0,0.0,0.0,112,Kartoffelwedges,Beilagen,,MwSt. 7%,1.07,4.579439,0.320561,Normalverkauf
S1000288.72058,SP1000288.7.72058,SY1000288.2026.72058,iPad1(1000288),288,02.06.26 16:57,Prod,A1000288.6464,,119,S1000288.72058,SALE,2,4.2,8.4,0.0,0.0,0.0,0.0,122,Bier,Getränke,,MwSt. 19%,1.19,7.058824,1.341176,Normalverkauf
S1000288.72059,SP1000288.7.72059,SY1000288.2026.72059,iPad1(1000288),288,02.06.26 20:30,Prod,A1000288.6465,Tisch 6,110,S1000288.72059,SALE,1,3.9,3.9,0.0,0.0,0.0,0.0,119,Cola,Getränke,,MwSt. 19%,1.19,3.277311,0.622689,Normalverkauf
S1000288.72060,SP1000288.7.72060,SY1000288.2026.72060,iPad1(1000288),288,02.06.26 17:07,Prod,A1000288.6466,Tisch 6,116,S1000288.72060,VOID,2,10.9,21.8,0.0,0.0,0.0,0.0,104,Thunfisch Wrap,Hauptgerichte,,MwSt. 7%,1.07,20.373832,1.426168,Normalverkauf
S1000288.72061,SP1000288.7.72061,SY1000288.2026.72061,iPad1(1000288),288,02.06.26 17:07,Prod,A1000288.6466,Tisch 6,116,S1000288.72061,VOID,1,13.5,13.5,0.0,0.0,0.0,0.0,102,Matjes,Hauptspeisen,,MwSt. 7%,1.07,12.616822,0.883178,Normalverkauf
S1000288.72062,SP1000288.7.72062,SY1000288.2026.72062,iPad1(1000288),288,02.06.26 17:07,Prod,A1000288.6466,Tisch 6,116,S1000288.72062,VOID,2,4.9,9.8,0.0,0.0,0.0,0.0,112,Kartoffelwedges,Beilagen,,MwSt. 7%,1.07,9.158879,0.641121,Normalverkauf
S1000288.72063,SP1000288.7.72063,SY1000288.2026.72063,iPad1(1000288),288,02.06.26 12:05,Prod,A1000288.6467,Tisch 18,110,S1000288.72063,SALE,1,3.9,3.9,0.0,0.0,0.0,0.0,119,Cola,Getränke,,MwSt. 19%,1.19,3.277311,0.622689,Normalverkauf
S1000288.72064,SP1000288.7.72064,SY1000288.2026.72064,iPad1(1000288),288,02.06.26 12:05,Prod,A1000288.6467,Tisch 18,110,S1000288.72064,SALE,1,4.2,4.2,0.0,0.0,0.0,0.0,122,Bier,Getränke,,MwSt. 19%,1.19,3.529412,0.670588,Normalverkauf
S1000288.72065,SP1000288.7.72065,SY1000288.2026.72065,iPad1(1000288),288,02.06.26 15:21,Prod,A1000288.6468,Tisch 2,119,S1000288.72065,SALE,2,5.5,11.0,0.0,0.0,0.0,0.0,111,Pommes Frites,Beilagen,,MwSt. 7%,1.07,10.280374,0.719626,Normalverkauf
S1000288.72066,SP1000288.7.72066,SY1000288.2026.72066,iPad1(1000288),288,02.06.26 12:24,Prod,A1000288.6469,Tisch 15,107,S1000288.72066,SALE,2,3.9,7.8,0.0,0.0,0.0,0.0,127,Alkoholfreies Bier,Getränke,,MwSt. 19%,1.19,6.554622,1.245378,Normalverkauf
S1000288.72067,SP1000288.7.72067,SY1000288.2026.72067,iPad1(1000288),288,02.06.26 14:31,Prod,A1000288.6470,Tisch 12,110,S1000288.72067,SALE,1,6.5,6.5,0.0,0.0,0.0,0.0,100,Fischbrötchen Backfisch,Hauptspeisen,,MwSt. 7%,1.07,6.074766,0.425234,Normalverkauf
S1000288.72068,SP1000288.7.72068,SY1000288.2026.72068,iPad1(1000288),288,02.06.26 14:31,Prod,A1000288.6470,Tisch 12,110,S1000288.72068,SALE,1,2.8,2.8,0.0,0.0,0.0,0.0,121,Mineralwasser,Getränke,,MwSt. 19%,1.19,2.352941,0.447059,Normalverkauf
S1000288.72069,SP1000288.7.72069,SY1000288.2026.72069,iPad1(1000288),288,02.06.26 14:31,Prod,A1000288.6470,Tisch 12,110,S1000288.72069,SALE,1,3.9,3.9,0.0,0.0,0.0,0.0,126,Spezi,Getränke,,MwSt. 19%,1.19,3.277311,0.622689,Normalverkauf
S1000288.72070,SP1000288.7.72070,SY1000288.2026.72070,iPad1(1000288),288,02.06.26 09:15,Prod,A1000288.6471,Tisch 19,110,S1000288.72070,SALE,1,7.9,7.9,0.0,0.0,0.0,0.0,106,Neptun-Ringe,Beilagen,,MwSt. 7%,1.07,7.383178,0.516822,Normalverkauf
S1000288.72071,SP1000288.7.72071,SY1000288.2026.72071,iPad1(1000288),288,02.06.26 09:15,Prod,A1000288.6471,Tisch 19,110,S1000288.72071,SALE,2,7.9,15.8,0.0,0.0,0.0,0.0,115,Tiramisu,Desserts,,MwSt. 7%,1.07,14.766355,1.033645,Normalverkauf
S1000288.72072,SP1000288.7.72072,SY1000288.2026.72072,iPad1(1000288),288,02.06.26 18:16,Prod,A1000288.6472,,101,S1000288.72072,SALE,2,3.9,7.8,0.0,0.0,0.0,0.0,119,Cola,Getränke,,MwSt. 19%,1.19,6.554622,1.245378,Normalverkauf
S1000288.72073,SP1000288.7.72073,SY1000288.2026.72073,iPad1(1000288),288,02.06.26 12:07,Prod,A1000288.6473,Tisch 20,110,S1000288.72073,SALE,1,10.9,10.9,0.0,0.0,0.0,0.0,109,Bismarck-Baguette,Hauptgerichte,,MwSt. 7%,1.07,10.186916,0.713084,Normalverkauf
S1000288.72074,SP1000288.7.72074,SY1000288.2026.72074,iPad1(1000288),288,02.06.26 12:07,Prod,A1000288.6473,Tisch 20,110,S1000288.72074,SALE,2,10.9,21.8,0.0,0.0,0.0,0.0,107,Chicken Burger,Hauptgerichte,,MwSt. 7%,1.07,20.373832,1.426168,Normalverkauf
S1000288.72075,SP1000288.7.72075,SY1000288.2026.72075,iPad1(1000288),288,02.06.26 20:17,Prod,A1000288.6474,Tisch 7,101,S1000288.72075,SALE,1,3.2,3.2,0.0,0.0,0.0,0.0,120,Apfelschorle,Getränke,,MwSt. 19%,1.19,2.689076,0.510924,Normalverkauf
S1000288.72076,SP1000288.7.72076,SY1000288.2026.72076,iPad1(1000288),288,02.06.26 20:17,Prod,A1000288.6474,Tisch 7,101,S1000288.72076,SALE,2,9.8,19.6,0.0,0.0,0.0,0.0,108,Seelachs-Ei-Baugette,Hauptgerichte,,MwSt. 7%,1.07,18.317757,1.282243,Normalverkauf
S1000288.72077,SP1000288.7.72077,SY1000288.2026.72077,iPad1(1000288),288,02.06.26 20:17,Prod,A1000288.6474,Tisch 7,101,S1000288.72077,SALE,1,11.5,11.5,0.0,0.0,0.0,0.0,105,Garnelen-Kimchi-Bruger,Hauptgerichte,,MwSt. 7%,1.07,10.747664,0.752336,Normalverkauf
S1000288.72078,SP1000288.7.72078,SY1000288.2026.72078,iPad1(1000288),288,02.06.26 16:45,Prod,A1000288.6475,Tisch 10,116,S1000288.72078,SALE,1,5.5,5.5,0.0,0.0,0.0,0.0,111,Pommes Frites,Beilagen,,MwSt. 7%,1.07,5.140187,0.359813,Normalverkauf
S1000288.72079,SP1000288.7.72079,SY1000288.2026.72079,iPad1(1000288),288,02.06.26 16:45,Prod,A1000288.6475,Tisch 10,116,S1000288.72079,SALE,2,10.9,21.8,0.0,0.0,0.0,0.0,109,Bismarck-Baguette,Hauptgerichte,,MwSt. 7%,1.07,20.373832,1.426168,Normalverkauf
S1000288.72080,SP1000288.7.72080,SY1000288.2026.72080,iPad1(1000288),288,02.06.26 16:45,Prod,A1000288.6475,Tisch 10,116,S1000288.72080,SALE,2,11.9,23.8,0.0,0.0,0.0,0.0,110,Matjes-Baguette,Hauptgerichte,,MwSt. 7%,1.07,22.242991,1.557009,Normalverkauf
S1000288.72081,SP1000288.7.72081,SY1000288.2026.72081,iPad1(1000288),288,02.06.26 20:27,Prod,A1000288.6476,Tisch 18,110,S1000288.72081,SALE,2,5.9,11.8,0.0,0.0,0.0,0.0,117,Rote Grütze,Desserts,,MwSt. 7%,1.07,11.028037,0.771963,Normalverkauf
S1000288.72082,SP1000288.7.72082,SY1000288.2026.72082,iPad1(1000288),288,02.06.26 13:47,Prod,A1000288.6477,Tisch 23,101,S1000288.72082,SALE,2,2.8,5.6,0.0,0.0,0.0,0.0,121,Mineralwasser,Getränke,,MwSt. 19%,1.19,4.705882,0.894118,Normalverkauf
S1000288.72083,SP1000288.7.72083,SY1000288.2026.72083,iPad1(1000288),288,02.06.26 13:47,Prod,A1000288.6477,Tisch 23,101,S1000288.72083,SALE,1,9.8,9.8,0.0,0.0,0.0,0.0,108,Seelachs-Ei-Baugette,Hauptgerichte,,MwSt. 7%,1.07,9.158879,0.641121,Normalverkauf
S1000288.72084,SP1000288.7.72084,SY1000288.2026.72084,iPad1(1000288),288,02.06.26 13:47,Prod,A1000288.6477,Tisch 23,101,S1000288.72084,SALE,1,3.2,3.2,0.0,0.0,0.0,0.0,120,Apfelschorle,Getränke,,MwSt. 19%,1.19,2.689076,0.510924,Normalverkauf
S1000288.72085,SP1000288.7.72085,SY1000288.2026.72085,iPad1(1000288),288,02.06.26 11:50,Prod,A1000288.6478,Tisch 22,119,S1000288.72085,VOID,2,3.9,7.8,0.0,0.0,0.0,0.0,126,Spezi,Getränke,,MwSt. 19%,1.19,6.554622,1.245378,Normalverkauf
S1000288.72086,SP1000288.7.72086,SY1000288.2026.72086,iPad1(1000288),288,02.06.26 13:50,Prod,A1000288.6479,,119,S1000288.72086,SALE,2,4.2,8.4,0.0,0.0,0.0,0.0,122,Bier,Getränke,,MwSt. 19%,1.19,7.058824,1.341176,Normalverkauf
S1000288.72087,SP1000288.7.72087,SY1000288.2026.72087,iPad1(1000288),288,02.06.26 13:50,Prod,A1000288.6479,,119,S1000288.72087,SALE,2,3.9,7.8,0.0,0.0,0.0,0.0,124,Cola Zero,Getränke,,MwSt. 19%,1.19,6.554622,1.245378,Normalverkauf
S1000288.72088,SP1000288.7.72088,SY1000288.2026.72088,iPad1(1000288),288,02.06.26 17:31,Prod,A1000288.6480,Tisch 21,110,S1000288.72088,SALE,2,13.5,27.0,0.0,0.0,0.0,0.0,102,Matjes,Hauptspeisen,,MwSt. 7%,1.07,25.233645,1.766355,Normalverkauf
S1000288.72089,SP1000288.7.72089,SY1000288.2026.72089,iPad1(1000288),288,02.06.26 17:31,Prod,A1000288.6480,Tisch 21,110,S1000288.72089,SALE,2,4.2,8.4,0.0,0.0,0.0,0.0,122,Bier,Getränke,,MwSt. 19%,1.19,7.058824,1.341176,Normalverkauf
S1000288.72090,SP1000288.7.72090,SY1000288.2026.72090,iPad1(1000288),288,02.06.26 17:31,Prod,A1000288.6480,Tisch 21,110,S1000288.72090,SALE,1,11.5,11.5,0.0,0.0,0.0,0.0,105,Garnelen-Kimchi-Bruger,Hauptgerichte,,MwSt. 7%,1.07,10.747664,0.752336,Normalverkauf
S1000288.72091,SP1000288.7.72091,SY1000288.2026.72091,iPad1(1000288),288,02.06.26 12:03,Prod,A1000288.6481,Tisch 1,110,S1000288.72091,SALE,2,3.9,7.8,0.0,0.0,0.0,0.0,119,Cola,Getränke,,MwSt. 19%,1.19,6.554622,1.245378,Normalverkauf
S1000288.72092,SP1000288.7.72092,SY1000288.2026.72092,iPad1(1000288),288,02.06.26 12:03,Prod,A1000288.6481,Tisch 1,110,S1000288.72092,SALE,2,3.9,7.8,0.0,0.0,0.0,0.0,126,Spezi,Getränke,,MwSt. 19%,1.19,6.554622,1.245378,Normalverkauf
S1000288.72093,SP1000288.7.72093,SY1000288.2026.72093,iPad1(1000288),288,02.06.26 12:03,Prod,A1000288.6481,Tisch 1,110,S1000288.72093,SALE,1,10.9,10.9,0.0,0.0,0.0,0.0,104,Thunfisch Wrap,Hauptgerichte,,MwSt. 7%,1.07,10.186916,0.713084,Normalverkauf
S1000288.72094,SP1000288.7.72094,SY1000288.2026.72094,iPad1(1000288),288,02.06.26 15:18,Prod,A1000288.6482,Tisch 20,101,S1000288.72094,SALE,1,10.9,10.9,0.0,0.0,0.0,0.0,104,Thunfisch Wrap,Hauptgerichte,,MwSt. 7%,1.07,10.186916,0.713084,Normalverkauf
S1000288.72095,SP1000288.7.72095,SY1000288.2026.72095,iPad1(1000288),288,02.06.26 15:18,Prod,A1000288.6482,Tisch 20,101,S1000288.72095,SALE,1,10.9,10.9,0.0,0.0,0.0,0.0,104,Thunfisch Wrap,Hauptgerichte,,MwSt. 7%,1.07,10.186916,0.713084,Normalverkauf
S1000288.72096,SP1000288.7.72096,SY1000288.2026.72096,iPad1(1000288),288,02.06.26 11:39,Prod,A1000288.6483,Tisch 10,110,S1000288.72096,SALE,2,10.9,21.8,0.0,0.0,0.0,0.0,109,Bismarck-Baguette,Hauptgerichte,,MwSt. 7%,1.07,20.373832,1.426168,Normalverkauf
S1000288.72097,SP1000288.7.72097,SY1000288.2026.72097,iPad1(1000288),288,02.06.26 16:04,Prod,A1000288.6484,Tisch 11,110,S1000288.72097,VOID,2,6.5,13.0,0.0,0.0,0.0,0.0,100,Fischbrötchen Backfisch,Hauptspeisen,,MwSt. 7%,1.07,12.149533,0.850467,Normalverkauf
S1000288.72098,SP1000288.7.72098,SY1000288.2026.72098,iPad1(1000288),288,02.06.26 10:47,Prod,A1000288.6485,Tisch 18,101,S1000288.72098,SALE,2,4.2,8.4,0.0,0.0,0.0,0.0,122,Bier,Getränke,,MwSt. 19%,1.19,7.058824,1.341176,Normalverkauf
S1000288.72099,SP1000288.7.72099,SY1000288.2026.72099,iPad1(1000288),288,02.06.26 10:47,Prod,A1000288.6485,Tisch 18,101,S1000288.72099,SALE,1,11.5,11.5,0.0,0.0,0.0,0.0,105,Garnelen-Kimchi-Bruger,Hauptgerichte,,MwSt. 7%,1.07,10.747664,0.752336,Normalverkauf
S1000288.72100,SP1000288.7.72100,SY1000288.2026.72100,iPad1(1000288),288,02.06.26 10:47,Prod,A1000288.6485,Tisch 18,101,S1000288.72100,SALE,2,6.9,13.8,0.0,0.0,0.0,0.0,103,Fischbrötchen Räucherlachs,Hauptspeisen,,MwSt. 7%,1.07,12.897196,0.902804,Normalverkauf
S1000288.72101,SP1000288.7.72101,SY1000288.2026.72101,iPad1(1000288),288,02.06.26 17:44,Prod,A1000288.6486,Tisch 6,110,S1000288.72101,SALE,2,3.9,7.8,0.0,0.0,0.0,0.0,119,Cola,Getränke,,MwSt. 19%,1.19,6.554622,1.245378,Normalverkauf
S1000288.72102,SP1000288.7.72102,SY1000288.2026.72102,iPad1(1000288),288,02.06.26 17:44,Prod,A1000288.6486,Tisch 6,110,S1000288.72102,SALE,1,2.8,2.8,0.0,0.0,0.0,0.0,121,Mineralwasser,Getränke,,MwSt. 19%,1.19,2.352941,0.447059,Normalverkauf
S1000288.72103,SP1000288.7.72103,SY1000288.2026.72103,iPad1(1000288),288,02.06.26 17:44,Prod,A1000288.6486,Tisch 6,110,S1000288.72103,SALE,1,10.9,10.9,0.0,0.0,0.0,0.0,107,Chicken Burger,Hauptgerichte,,MwSt. 7%,1.07,10.186916,0.713084,Normalverkauf
S1000288.72104,SP1000288.7.72104,SY1000288.2026.72104,iPad1(1000288),288,02.06.26 17:22,Prod,A1000288.6487,Tisch 6,116,S1000288.72104,SALE,2,7.9,15.8,0.0,0.0,0.0,0.0,106,Neptun-Ringe,Beilagen,,MwSt. 7%,1.07,14.766355,1.033645,Normalverkauf
S1000288.72105,SP1000288.7.72105,SY1000288.2026.72105,iPad1(1000288),288,02.06.26 17:22,Prod,A1000288.6487,Tisch 6,116,S1000288.72105,SALE,1,9.8,9.8,0.0,0.0,0.0,0.0,108,Seelachs-Ei-Baugette,Hauptgerichte,,MwSt. 7%,1.07,9.158879,0.641121,Normalverkauf
S1000288.72106,SP1000288.7.72106,SY1000288.2026.72106,iPad1(1000288),288,02.06.26 17:22,Prod,A1000288.6487,Tisch 6,116,S1000288.72106,SALE,1,5.9,5.9,0.0,0.0,0.0,0.0,123,Inger-Limonade,Getränke,,MwSt. 19%,1.19,4.957983,0.942017,Normalverkauf
S1000288.72107,SP1000288.7.72107,SY1000288.2026.72107,iPad1(1000288),288,02.06.26 19:23,Prod,A1000288.6488,Tisch 19,107,S1000288.72107,SALE,1,6.5,6.5,0.0,0.0,0.0,0.0,100,Fischbrötchen Backfisch,Hauptspeisen,,MwSt. 7%,1.07,6.074766,0.425234,Normalverkauf
S1000288.72108,SP1000288.7.72108,SY1000288.2026.72108,iPad1(1000288),288,02.06.26 19:23,Prod,A1000288.6488,Tisch 19,107,S1000288.72108,SALE,1,5.9,5.9,0.0,0.0,0.0,0.0,117,Rote Grütze,Desserts,,MwSt. 7%,1.07,5.514019,0.385981,Normalverkauf
S1000288.72109,SP1000288.7.72109,SY1000288.2026.72109,iPad1(1000288),288,02.06.26 19:23,Prod,A1000288.6488,Tisch 19,107,S1000288.72109,SALE,1,3.9,3.9,0.0,0.0,0.0,0.0,124,Cola Zero,Getränke,,MwSt. 19%,1.19,3.277311,0.622689,Normalverkauf
S1000288.72110,SP1000288.7.72110,SY1000288.2026.72110,iPad1(1000288),288,02.06.26 13:13,Prod,A1000288.6489,Tisch 9,110,S1000288.72110,SALE,1,10.9,10.9,0.0,0.0,0.0,0.0,107,Chicken Burger,Hauptgerichte,,MwSt. 7%,1.07,10.186916,0.713084,Normalverkauf
S1000288.72111,SP1000288.7.72111,SY1000288.2026.72111,iPad1(1000288),288,02.06.26 13:13,Prod,A1000288.6489,Tisch 9,110,S1000288.72111,SALE,2,10.9,21.8,0.0,0.0,0.0,0.0,107,Chicken Burger,Hauptgerichte,,MwSt. 7%,1.07,20.373832,1.426168,Normalverkauf
S1000288.72112,SP1000288.7.72112,SY1000288.2026.72112,iPad1(1000288),288,02.06.26 13:13,Prod,A1000288.6489,Tisch 9,110,S1000288.72112,SALE,1,3.9,3.9,0.0,0.0,0.0,0.0,126,Spezi,Getränke,,MwSt. 19%,1.19,3.277311,0.622689,Normalverkauf
S1000288.72113,SP1000288.7.72113,SY1000288.2026.72113,iPad1(1000288),288,02.06.26 13:50,Prod,A1000288.6490,Tisch 20,110,S1000288.72113,SALE,2,9.8,19.6,0.0,0.0,0.0,0.0,108,Seelachs-Ei-Baugette,Hauptgerichte,,MwSt. 7%,1.07,18.317757,1.282243,Normalverkauf
S1000288.72114,SP1000288.7.72114,SY1000288.2026.72114,iPad1(1000288),288,02.06.26 13:50,Prod,A1000288.6490,Tisch 20,110,S1000288.72114,SALE,2,3.2,6.4,0.0,0.0,0.0,0.0,120,Apfelschorle,Getränke,,MwSt. 19%,1.19,5.378151,1.021849,Normalverkauf
S1000288.72115,SP1000288.7.72115,SY1000288.2026.72115,iPad1(1000288),288,02.06.26 19:51,Prod,A1000288.6491,Tisch 4,116,S1000288.72115,SALE,1,10.9,10.9,0.0,0.0,0.0,0.0,107,Chicken Burger,Hauptgerichte,,MwSt. 7%,1.07,10.186916,0.713084,Normalverkauf
S1000288.72116,SP1000288.7.72116,SY1000288.2026.72116,iPad1(1000288),288,02.06.26 19:51,Prod,A1000288.6491,Tisch 4,116,S1000288.72116,SALE,1,3.9,3.9,0.0,0.0,0.0,0.0,119,Cola,Getränke,,MwSt. 19%,1.19,3.277311,0.622689,Normalverkauf
S1000288.72117,SP1000288.7.72117,SY1000288.2026.72117,iPad1(1000288),288,02.06.26 19:51,Prod,A1000288.6491,Tisch 4,116,S1000288.72117,SALE,1,6.5,6.5,0.0,0.0,0.0,0.0,100,Fischbrötchen Backfisch,Hauptspeisen,,MwSt. 7%,1.07,6.074766,0.425234,Normalverkauf
S1000288.72118,SP1000288.7.72118,SY1000288.2026.72118,iPad1(1000288),288,02.06.26 10:09,Prod,A1000288.6492,Tisch 4,119,S1000288.72118,SALE,2,3.9,7.8,0.0,0.0,0.0,0.0,127,Alkoholfreies Bier,Getränke,,MwSt. 19%,1.19,6.554622,1.245378,Normalverkauf
S1000288.72119,SP1000288.7.72119,SY1000288.2026.72119,iPad1(1000288),288,02.06.26 10:09,Prod,A1000288.6492,Tisch 4,119,S1000288.72119,SALE,1,6.9,6.9,0.0,0.0,0.0,0.0,103,Fischbrötchen Räucherlachs,Hauptspeisen,,MwSt. 7%,1.07,6.448598,0.451402,Normalverkauf
S1000288.72120,SP1000288.7.72120,SY1000288.2026.72120,iPad1(1000288),288,02.06.26 10:09,Prod,A1000288.6492,Tisch 4,119,S1000288.72120,SALE,1,9.8,9.8,0.0,0.0,0.0,0.0,108,Seelachs-Ei-Baugette,Hauptgerichte,,MwSt. 7%,1.07,9.158879,0.641121,Normalverkauf
S1000288.72121,SP1000288.7.72121,SY1000288.2026.72121,iPad1(1000288),288,02.06.26 15:27,Prod,A1000288.6493,Tisch 23,101,S1000288.72121,SALE,1,10.9,10.9,0.0,0.0,0.0,0.0,104,Thunfisch Wrap,Hauptgerichte,,MwSt. 7%,1.07,10.186916,0.713084,Normalverkauf
S1000288.72122,SP1000288.7.72122,SY1000288.2026.72122,iPad1(1000288),288,02.06.26 11:12,Prod,A1000288.6494,Tisch 22,110,S1000288.72122,SALE,2,9.8,19.6,0.0,0.0,0.0,0.0,108,Seelachs-Ei-Baugette,Hauptgerichte,,MwSt. 7%,1.07,18.317757,1.282243,Normalverkauf
S1000288.72123,SP1000288.7.72123,SY1000288.2026.72123,iPad1(1000288),288,02.06.26 11:12,Prod,A1000288.6494,Tisch 22,110,S1000288.72123,SALE,1,5.5,5.5,0.0,0.0,0.0,0.0,111,Pommes Frites,Beilagen,,MwSt. 7%,1.07,5.140187,0.359813,Normalverkauf
S1000288.72124,SP1000288.7.72124,SY1000288.2026.72124,iPad1(1000288),288,02.06.26 11:12,Prod,A1000288.6494,Tisch 22,110,S1000288.72124,SALE,2,9.8,19.6,0.0,0.0,0.0,0.0,108,Seelachs-Ei-Baugette,Hauptgerichte,,MwSt. 7%,1.07,18.317757,1.282243,Normalverkauf
S1000288.72125,SP1000288.7.72125,SY1000288.2026.72125,iPad1(1000288),288,02.06.26 19:52,Prod,A1000288.6495,Tisch 3,101,S1000288.72125,SALE,1,4.9,4.9,0.0,0.0,0.0,0.0,112,Kartoffelwedges,Beilagen,,MwSt. 7%,1.07,4.579439,0.320561,Normalverkauf
S1000288.72126,SP1000288.7.72126,SY1000288.2026.72126,iPad1(1000288),288,02.06.26 20:03,Prod,A1000288.6496,Tisch 17,110,S1000288.72126,SALE,2,6.5,13.0,0.0,0.0,0.0,0.0,100,Fischbrötchen Backfisch,Hauptspeisen,,MwSt. 7%,1.07,12.149533,0.850467,Normalverkauf
S1000288.72127,SP1000288.7.72127,SY1000288.2026.72127,iPad1(1000288),288,02.06.26 20:03,Prod,A1000288.6496,Tisch 17,110,S1000288.72127,SALE,2,4.9,9.8,0.0,0.0,0.0,0.0,112,Kartoffelwedges,Beilagen,,MwSt. 7%,1.07,9.158879,0.641121,Normalverkauf
S1000288.72128,SP1000288.7.72128,SY1000288.2026.72128,iPad1(1000288),288,02.06.26 18:53,Prod,A1000288.6497,Tisch 16,119,S1000288.72128,SALE,2,6.9,13.8,0.0,0.0,0.0,0.0,113,Garnelen Box,Beilagen,,MwSt. 7%,1.07,12.897196,0.902804,Normalverkauf
S1000288.72129,SP1000288.7.72129,SY1000288.2026.72129,iPad1(1000288),288,02.06.26 18:53,Prod,A1000288.6497,Tisch 16,119,S1000288.72129,SALE,1,3.9,3.9,0.0,0.0,0.0,0.0,124,Cola Zero,Getränke,,MwSt. 19%,1.19,3.277311,0.622689,Normalverkauf
S1000288.72130,SP1000288.7.72130,SY1000288.2026.72130,iPad1(1000288),288,02.06.26 13:20,Prod,A1000288.6498,Tisch 23,110,S1000288.72130,SALE,2,2.8,5.6,0.0,0.0,0.0,0.0,121,Mineralwasser,Getränke,,MwSt. 19%,1.19,4.705882,0.894118,Normalverkauf
S1000288.72131,SP1000288.7.72131,SY1000288.2026.72131,iPad1(1000288),288,02.06.26 11:05,Prod,A1000288.6499,Tisch 8,116,S1000288.72131,SALE,2,3.9,7.8,0.0,0.0,0.0,0.0,126,Spezi,Getränke,,MwSt. 19%,1.19,6.554622,1.245378,Normalverkauf
S1000288.72132,SP1000288.7.72132,SY1000288.2026.72132,iPad1(1000288),288,02.06.26 11:05,Prod,A1000288.6499,Tisch 8,116,S1000288.72132,SALE,2,3.9,7.8,0.0,0.0,0.0,0.0,119,Cola,Getränke,,MwSt. 19%,1.19,6.554622,1.245378,Normalverkauf
S1000288.72133,SP1000288.7.72133,SY1000288.2026.72133,iPad1(1000288),288,02.06.26 18:09,Prod,A1000288.6500,,116,S1000288.72133,SALE,1,14.5,14.5,0.0,0.0,0.0,0.0,101,Lachs,Hauptspeisen,,MwSt. 7%,1.07,13.551402,0.948598,Normalverkauf
S1000288.72134,SP1000288.7.72134,SY1000288.2026.72134,iPad1(1000288),288,02.06.26 18:09,Prod,A1000288.6500,,116,S1000288.72134,SALE,1,10.9,10.9,0.0,0.0,0.0,0.0,109,Bismarck-Baguette,Hauptgerichte,,MwSt. 7%,1.07,10.186916,0.713084,Normalverkauf
S1000288.72135,SP1000288.7.72135,SY1000288.2026.72135,iPad1(1000288),288,02.06.26 18:09,Prod,A1000288.6500,,116,S1000288.72135,SALE,1,10.9,10.9,0.0,0.0,0.0,0.0,104,Thunfisch Wrap,Hauptgerichte,,MwSt. 7%,1.07,10.186916,0.713084,Normalverkauf
S1000288.72136,SP1000288.7.72136,SY1000288.2026.72136,iPad1(1000288),288,02.06.26 10:19,Prod,A1000288.6501,Tisch 24,116,S1000288.72136,SALE,2,10.9,21.8,0.0,0.0,0.0,0.0,107,Chicken Burger,Hauptgerichte,,MwSt. 7%,1.07,20.373832,1.426168,Normalverkauf
S1000288.72137,SP1000288.7.72137,SY1000288.2026.72137,iPad1(1000288),288,02.06.26 10:19,Prod,A1000288.6501,Tisch 24,116,S1000288.72137,SALE,2,13.5,27.0,0.0,0.0,0.0,0.0,102,Matjes,Hauptspeisen,,MwSt. 7%,1.07,25.233645,1.766355,Normalverkauf
S1000288.72138,SP1000288.7.72138,SY1000288.2026.72138,iPad1(1000288),288,02.06.26 15:09,Prod,A1000288.6502,Tisch 7,119,S1000288.72138,SALE,2,11.5,23.0,0.0,0.0,0.0,0.0,105,Garnelen-Kimchi-Bruger,Hauptgerichte,,MwSt. 7%,1.07,21.495327,1.504673,Normalverkauf
S1000288.72139,SP1000288.7.72139,SY1000288.2026.72139,iPad1(1000288),288,02.06.26 15:09,Prod,A1000288.6502,Tisch 7,119,S1000288.72139,SALE,2,3.9,7.8,0.0,0.0,0.0,0.0,124,Cola Zero,Getränke,,MwSt. 19%,1.19,6.554622,1.245378,Normalverkauf
S1000288.72140,SP1000288.7.72140,SY1000288.2026.72140,iPad1(1000288),288,02.06.26 12:55,Prod,A1000288.6503,Tisch 16,107,S1000288.72140,SALE,2,6.5,13.0,0.0,0.0,0.0,0.0,100,Fischbrötchen Backfisch,Hauptspeisen,,MwSt. 7%,1.07,12.149533,0.850467,Normalverkauf
S1000288.72141,SP1000288.7.72141,SY1000288.2026.72141,iPad1(1000288),288,02.06.26 19:25,Prod,A1000288.6504,Tisch 20,119,S1000288.72141,VOID,2,10.9,21.8,0.0,0.0,0.0,0.0,107,Chicken Burger,Hauptgerichte,,MwSt. 7%,1.07,20.373832,1.426168,Normalverkauf
S1000288.72142,SP1000288.7.72142,SY1000288.2026.72142,iPad1(1000288),288,02.06.26 19:25,Prod,A1000288.6504,Tisch 20,119,S1000288.72142,VOID,1,4.2,4.2,0.0,0.0,0.0,0.0,122,Bier,Getränke,,MwSt. 19%,1.19,3.529412,0.670588,Normalverkauf
S1000288.72143,SP1000288.7.72143,SY1000288.2026.72143,iPad1(1000288),288,02.06.26 19:25,Prod,A1000288.6504,Tisch 20,119,S1000288.72143,VOID,2,10.9,21.8,0.0,0.0,0.0,0.0,104,Thunfisch Wrap,Hauptgerichte,,MwSt. 7%,1.07,20.373832,1.426168,Normalverkauf
S1000288.72144,SP1000288.7.72144,SY1000288.2026.72144,iPad1(1000288),288,02.06.26 12:32,Prod,A1000288.6505,Tisch 21,101,S1000288.72144,SALE,2,2.8,5.6,0.0,0.0,0.0,0.0,121,Mineralwasser,Getränke,,MwSt. 19%,1.19,4.705882,0.894118,Normalverkauf
S1000288.72145,SP1000288.7.72145,SY1000288.2026.72145,iPad1(1000288),288,02.06.26 12:32,Prod,A1000288.6505,Tisch 21,101,S1000288.72145,SALE,2,5.9,11.8,0.0,0.0,0.0,0.0,117,Rote Grütze,Desserts,,MwSt. 7%,1.07,11.028037,0.771963,Normalverkauf
S1000288.72146,SP1000288.7.72146,SY1000288.2026.72146,iPad1(1000288),288,02.06.26 08:22,Prod,A1000288.6506,Tisch 10,110,S1000288.72146,SALE,2,4.2,8.4,0.0,0.0,0.0,0.0,122,Bier,Getränke,,MwSt. 19%,1.19,7.058824,1.341176,Normalverkauf
S1000288.72147,SP1000288.7.72147,SY1000288.2026.72147,iPad1(1000288),288,02.06.26 08:22,Prod,A1000288.6506,Tisch 10,110,S1000288.72147,SALE,1,3.9,3.9,0.0,0.0,0.0,0.0,126,Spezi,Getränke,,MwSt. 19%,1.19,3.277311,0.622689,Normalverkauf
S1000288.72148,SP1000288.7.72148,SY1000288.2026.72148,iPad1(1000288),288,02.06.26 08:22,Prod,A1000288.6506,Tisch 10,110,S1000288.72148,SALE,1,11.9,11.9,0.0,0.0,0.0,0.0,110,Matjes-Baguette,Hauptgerichte,,MwSt. 7%,1.07,11.121495,0.778505,Normalverkauf
S1000288.72149,SP1000288.7.72149,SY1000288.2026.72149,iPad1(1000288),288,02.06.26 11:15,Prod,A1000288.6507,Tisch 10,107,S1000288.72149,SALE,1,10.9,10.9,0.0,0.0,0.0,0.0,107,Chicken Burger,Hauptgerichte,,MwSt. 7%,1.07,10.186916,0.713084,Normalverkauf
S1000288.72150,SP1000288.7.72150,SY1000288.2026.72150,iPad1(1000288),288,02.06.26 11:15,Prod,A1000288.6507,Tisch 10,107,S1000288.72150,SALE,2,3.9,7.8,0.0,0.0,0.0,0.0,126,Spezi,Getränke,,MwSt. 19%,1.19,6.554622,1.245378,Normalverkauf
S1000288.72151,SP1000288.7.72151,SY1000288.2026.72151,iPad1(1000288),288,02.06.26 12:52,Prod,A1000288.6508,Tisch 3,110,S1000288.72151,SALE,2,11.9,23.8,0.0,0.0,0.0,0.0,110,Matjes-Baguette,Hauptgerichte,,MwSt. 7%,1.07,22.242991,1.557009,Normalverkauf
S1000288.72152,SP1000288.7.72152,SY1000288.2026.72152,iPad1(1000288),288,02.06.26 12:52,Prod,A1000288.6508,Tisch 3,110,S1000288.72152,SALE,2,3.9,7.8,0.0,0.0,0.0,0.0,119,Cola,Getränke,,MwSt. 19%,1.19,6.554622,1.245378,Normalverkauf
S1000288.72153,SP1000288.7.72153,SY1000288.2026.72153,iPad1(1000288),288,02.06.26 18:50,Prod,A1000288.6509,Tisch 4,110,S1000288.72153,SALE,1,3.9,3.9,0.0,0.0,0.0,0.0,126,Spezi,Getränke,,MwSt. 19%,1.19,3.277311,0.622689,Normalverkauf
S1000288.72154,SP1000288.7.72154,SY1000288.2026.72154,iPad1(1000288),288,02.06.26 18:50,Prod,A1000288.6509,Tisch 4,110,S1000288.72154,SALE,1,5.5,5.5,0.0,0.0,0.0,0.0,111,Pommes Frites,Beilagen,,MwSt. 7%,1.07,5.140187,0.359813,Normalverkauf
S1000288.72155,SP1000288.7.72155,SY1000288.2026.72155,iPad1(1000288),288,02.06.26 18:50,Prod,A1000288.6509,Tisch 4,110,S1000288.72155,SALE,2,3.9,7.8,0.0,0.0,0.0,0.0,119,Cola,Getränke,,MwSt. 19%,1.19,6.554622,1.245378,Normalverkauf
S1000288.72156,SP1000288.7.72156,SY1000288.2026.72156,iPad1(1000288),288,02.06.26 18:20,Prod,A1000288.6510,Tisch 20,110,S1000288.72156,SALE,2,6.5,13.0,0.0,0.0,0.0,0.0,100,Fischbrötchen Backfisch,Hauptspeisen,,MwSt. 7%,1.07,12.149533,0.850467,Normalverkauf
S1000288.72157,SP1000288.7.72157,SY1000288.2026.72157,iPad1(1000288),288,02.06.26 09:27,Prod,A1000288.6511,Tisch 6,119,S1000288.72157,SALE,2,4.2,8.4,0.0,0.0,0.0,0.0,122,Bier,Getränke,,MwSt. 19%,1.19,7.058824,1.341176,Normalverkauf
S1000288.72158,SP1000288.7.72158,SY1000288.2026.72158,iPad1(1000288),288,02.06.26 12:14,Prod,A1000288.6512,,110,S1000288.72158,SALE,1,3.9,3.9,0.0,0.0,0.0,0.0,126,Spezi,Getränke,,MwSt. 19%,1.19,3.277311,0.622689,Normalverkauf
S1000288.72159,SP1000288.7.72159,SY1000288.2026.72159,iPad1(1000288),288,02.06.26 12:14,Prod,A1000288.6512,,110,S1000288.72159,SALE,2,2.8,5.6,0.0,0.0,0.0,0.0,121,Mineralwasser,Getränke,,MwSt. 19%,1.19,4.705882,0.894118,Normalverkauf
S1000288.72160,SP1000288.7.72160,SY1000288.2026.72160,iPad1(1000288),288,02.06.26 19:01,Prod,A1000288.6513,,110,S1000288.72160,SALE,2,10.9,21.8,0.0,0.0,0.0,0.0,104,Thunfisch Wrap,Hauptgerichte,,MwSt. 7%,1.07,20.373832,1.426168,Normalverkauf
S1000288.72161,SP1000288.7.72161,SY1000288.2026.72161,iPad1(1000288),288,02.06.26 19:01,Prod,A1000288.6513,,110,S1000288.72161,SALE,1,3.9,3.9,0.0,0.0,0.0,0.0,124,Cola Zero,Getränke,,MwSt. 19%,1.19,3.277311,0.622689,Normalverkauf
S1000288.72162,SP1000288.7.72162,SY1000288.2026.72162,iPad1(1000288),288,02.06.26 19:01,Prod,A1000288.6513,,110,S1000288.72162,SALE,1,3.9,3.9,0.0,0.0,0.0,0.0,126,Spezi,Getränke,,MwSt. 19%,1.19,3.277311,0.622689,Normalverkauf
S1000288.72163,SP1000288.7.72163,SY1000288.2026.72163,iPad1(1000288),288,02.06.26 14:53,Prod,A1000288.6514,,110,S1000288.72163,SALE,1,6.9,6.9,0.0,0.0,0.0,0.0,103,Fischbrötchen Räucherlachs,Hauptspeisen,,MwSt. 7%,1.07,6.448598,0.451402,Normalverkauf
S1000288.72164,SP1000288.7.72164,SY1000288.2026.72164,iPad1(1000288),288,02.06.26 14:53,Prod,A1000288.6514,,110,S1000288.72164,SALE,1,5.5,5.5,0.0,0.0,0.0,0.0,114,Fisch Nuggets Box,Beilagen,,MwSt. 7%,1.07,5.140187,0.359813,Normalverkauf
S1000288.72165,SP1000288.7.72165,SY1000288.2026.72165,iPad1(1000288),288,02.06.26 14:53,Prod,A1000288.6514,,110,S1000288.72165,SALE,1,11.5,11.5,0.0,0.0,0.0,0.0,105,Garnelen-Kimchi-Bruger,Hauptgerichte,,MwSt. 7%,1.07,10.747664,0.752336,Normalverkauf
S1000288.72166,SP1000288.7.72166,SY1000288.2026.72166,iPad1(1000288),288,02.06.26 17:06,Prod,A1000288.6515,Tisch 15,110,S1000288.72166,SALE,2,6.5,13.0,0.0,0.0,0.0,0.0,118,Schokokuchen,Desserts,,MwSt. 7%,1.07,12.149533,0.850467,Normalverkauf
S1000288.72167,SP1000288.7.72167,SY1000288.2026.72167,iPad1(1000288),288,02.06.26 17:06,Prod,A1000288.6515,Tisch 15,110,S1000288.72167,SALE,2,11.9,23.8,0.0,0.0,0.0,0.0,110,Matjes-Baguette,Hauptgerichte,,MwSt. 7%,1.07,22.242991,1.557009,Normalverkauf
S1000288.72168,SP1000288.7.72168,SY1000288.2026.72168,iPad1(1000288),288,02.06.26 17:06,Prod,A1000288.6515,Tisch 15,110,S1000288.72168,SALE,1,9.8,9.8,0.0,0.0,0.0,0.0,108,Seelachs-Ei-Baugette,Hauptgerichte,,MwSt. 7%,1.07,9.158879,0.641121,Normalverkauf
S1000288.72169,SP1000288.7.72169,SY1000288.2026.72169,iPad1(1000288),288,02.06.26 15:54,Prod,A1000288.6516,Tisch 12,110,S1000288.72169,SALE,2,5.5,11.0,0.0,0.0,0.0,0.0,111,Pommes Frites,Beilagen,,MwSt. 7%,1.07,10.280374,0.719626,Normalverkauf
S1000288.72170,SP1000288.7.72170,SY1000288.2026.72170,iPad1(1000288),288,02.06.26 15:54,Prod,A1000288.6516,Tisch 12,110,S1000288.72170,SALE,1,6.5,6.5,0.0,0.0,0.0,0.0,100,Fischbrötchen Backfisch,Hauptspeisen,,MwSt. 7%,1.07,6.074766,0.425234,Normalverkauf
S1000288.72171,SP1000288.7.72171,SY1000288.2026.72171,iPad1(1000288),288,02.06.26 15:54,Prod,A1000288.6516,Tisch 12,110,S1000288.72171,SALE,2,10.9,21.8,0.0,0.0,0.0,0.0,109,Bismarck-Baguette,Hauptgerichte,,MwSt. 7%,1.07,20.373832,1.426168,Normalverkauf
S1000288.72172,SP1000288.7.72172,SY1000288.2026.72172,iPad1(1000288),288,02.06.26 20:50,Prod,A1000288.6517,Tisch 12,116,S1000288.72172,SALE,1,5.5,5.5,0.0,0.0,0.0,0.0,114,Fisch Nuggets Box,Beilagen,,MwSt. 7%,1.07,5.140187,0.359813,Normalverkauf
S1000288.72173,SP1000288.7.72173,SY1000288.2026.72173,iPad1(1000288),288,02.06.26 20:50,Prod,A1000288.6517,Tisch 12,116,S1000288.72173,SALE,1,4.2,4.2,0.0,0.0,0.0,0.0,122,Bier,Getränke,,MwSt. 19%,1.19,3.529412,0.670588,Normalverkauf
S1000288.72174,SP1000288.7.72174,SY1000288.2026.72174,iPad1(1000288),288,02.06.26 12:40,Prod,A1000288.6518,Tisch 12,101,S1000288.72174,SALE,1,4.2,4.2,0.0,0.0,0.0,0.0,122,Bier,Getränke,,MwSt. 19%,1.19,3.529412,0.670588,Normalverkauf
S1000288.72175,SP1000288.7.72175,SY1000288.2026.72175,iPad1(1000288),288,02.06.26 12:40,Prod,A1000288.6518,Tisch 12,101,S1000288.72175,SALE,1,9.8,9.8,0.0,0.0,0.0,0.0,108,Seelachs-Ei-Baugette,Hauptgerichte,,MwSt. 7%,1.07,9.158879,0.641121,Normalverkauf
S1000288.72176,SP1000288.7.72176,SY1000288.2026.72176,iPad1(1000288),288,02.06.26 11:11,Prod,A1000288.6519,Tisch 5,116,S1000288.72176,SALE,1,3.9,3.9,0.0,0.0,0.0,0.0,126,Spezi,Getränke,,MwSt. 19%,1.19,3.277311,0.622689,Normalverkauf
S1000288.72177,SP1000288.7.72177,SY1000288.2026.72177,iPad1(1000288),288,02.06.26 11:11,Prod,A1000288.6519,Tisch 5,116,S1000288.72177,SALE,2,11.5,23.0,0.0,0.0,0.0,0.0,105,Garnelen-Kimchi-Bruger,Hauptgerichte,,MwSt. 7%,1.07,21.495327,1.504673,Normalverkauf
S1000288.72178,SP1000288.7.72178,SY1000288.2026.72178,iPad1(1000288),288,02.06.26 12:40,Prod,A1000288.6520,Tisch 5,110,S1000288.72178,SALE,1,10.9,10.9,0.0,0.0,0.0,0.0,107,Chicken Burger,Hauptgerichte,,MwSt. 7%,1.07,10.186916,0.713084,Normalverkauf
S1000288.72179,SP1000288.7.72179,SY1000288.2026.72179,iPad1(1000288),288,02.06.26 12:40,Prod,A1000288.6520,Tisch 5,110,S1000288.72179,SALE,2,6.5,13.0,0.0,0.0,0.0,0.0,118,Schokokuchen,Desserts,,MwSt. 7%,1.07,12.149533,0.850467,Normalverkauf
S1000288.72180,SP1000288.7.72180,SY1000288.2026.72180,iPad1(1000288),288,02.06.26 12:40,Prod,A1000288.6520,Tisch 5,110,S1000288.72180,SALE,1,3.9,3.9,0.0,0.0,0.0,0.0,126,Spezi,Getränke,,MwSt. 19%,1.19,3.277311,0.622689,Normalverkauf
S1000288.72181,SP1000288.7.72181,SY1000288.2026.72181,iPad1(1000288),288,02.06.26 20:13,Prod,A1000288.6521,Tisch 10,107,S1000288.72181,SALE,1,7.9,7.9,0.0,0.0,0.0,0.0,106,Neptun-Ringe,Beilagen,,MwSt. 7%,1.07,7.383178,0.516822,Normalverkauf
S1000288.72182,SP1000288.7.72182,SY1000288.2026.72182,iPad1(1000288),288,02.06.26 20:13,Prod,A1000288.6521,Tisch 10,107,S1000288.72182,SALE,2,3.2,6.4,0.0,0.0,0.0,0.0,120,Apfelschorle,Getränke,,MwSt. 19%,1.19,5.378151,1.021849,Normalverkauf
S1000288.72183,SP1000288.7.72183,SY1000288.2026.72183,iPad1(1000288),288,02.06.26 17:20,Prod,A1000288.6522,Tisch 3,107,S1000288.72183,SALE,2,11.5,23.0,0.0,0.0,0.0,0.0,105,Garnelen-Kimchi-Bruger,Hauptgerichte,,MwSt. 7%,1.07,21.495327,1.504673,Normalverkauf
S1000288.72184,SP1000288.7.72184,SY1000288.2026.72184,iPad1(1000288),288,02.06.26 16:18,Prod,A1000288.6523,Tisch 12,101,S1000288.72184,SALE,2,5.9,11.8,0.0,0.0,0.0,0.0,125,Zitronen-Limonade,Getränke,,MwSt. 19%,1.19,9.915966,1.884034,Normalverkauf
S1000288.72185,SP1000288.7.72185,SY1000288.2026.72185,iPad1(1000288),288,02.06.26 16:18,Prod,A1000288.6523,Tisch 12,101,S1000288.72185,SALE,1,6.5,6.5,0.0,0.0,0.0,0.0,100,Fischbrötchen Backfisch,Hauptspeisen,,MwSt. 7%,1.07,6.074766,0.425234,Normalverkauf
S1000288.72186,SP1000288.7.72186,SY1000288.2026.72186,iPad1(1000288),288,02.06.26 11:44,Prod,A1000288.6524,Tisch 22,116,S1000288.72186,SALE,1,9.8,9.8,0.0,0.0,0.0,0.0,108,Seelachs-Ei-Baugette,Hauptgerichte,,MwSt. 7%,1.07,9.158879,0.641121,Normalverkauf
S1000288.72187,SP1000288.7.72187,SY1000288.2026.72187,iPad1(1000288),288,02.06.26 11:44,Prod,A1000288.6524,Tisch 22,116,S1000288.72187,SALE,1,7.9,7.9,0.0,0.0,0.0,0.0,106,Neptun-Ringe,Beilagen,,MwSt. 7%,1.07,7.383178,0.516822,Normalverkauf
S1000288.72188,SP1000288.7.72188,SY1000288.2026.72188,iPad1(1000288),288,02.06.26 12:09,Prod,A1000288.6525,Tisch 24,101,S1000288.72188,SALE,2,3.9,7.8,0.0,0.0,0.0,0.0,119,Cola,Getränke,,MwSt. 19%,1.19,6.554622,1.245378,Normalverkauf
S1000288.72189,SP1000288.7.72189,SY1000288.2026.72189,iPad1(1000288),288,02.06.26 12:09,Prod,A1000288.6525,Tisch 24,101,S1000288.72189,SALE,2,6.5,13.0,0.0,0.0,0.0,0.0,100,Fischbrötchen Backfisch,Hauptspeisen,,MwSt. 7%,1.07,12.149533,0.850467,Normalverkauf
S1000288.72190,SP1000288.7.72190,SY1000288.2026.72190,iPad1(1000288),288,02.06.26 12:09,Prod,A1000288.6525,Tisch 24,101,S1000288.72190,SALE,2,3.9,7.8,0.0,0.0,0.0,0.0,119,Cola,Getränke,,MwSt. 19%,1.19,6.554622,1.245378,Normalverkauf
S1000288.72191,SP1000288.7.72191,SY1000288.2026.72191,iPad1(1000288),288,02.06.26 18:45,Prod,A1000288.6526,Tisch 12,107,S1000288.72191,SALE,1,10.9,10.9,0.0,0.0,0.0,0.0,104,Thunfisch Wrap,Hauptgerichte,,MwSt. 7%,1.07,10.186916,0.713084,Normalverkauf
S1000288.72192,SP1000288.7.72192,SY1000288.2026.72192,iPad1(1000288),288,02.06.26 18:45,Prod,A1000288.6526,Tisch 12,107,S1000288.72192,SALE,1,14.5,14.5,0.0,0.0,0.0,0.0,101,Lachs,Hauptspeisen,,MwSt. 7%,1.07,13.551402,0.948598,Normalverkauf
S1000288.72193,SP1000288.7.72193,SY1000288.2026.72193,iPad1(1000288),288,02.06.26 18:30,Prod,A1000288.6527,Tisch 1,110,S1000288.72193,SALE,2,3.9,7.8,0.0,0.0,0.0,0.0,124,Cola Zero,Getränke,,MwSt. 19%,1.19,6.554622,1.245378,Normalverkauf
S1000288.72194,SP1000288.7.72194,SY1000288.2026.72194,iPad1(1000288),288,02.06.26 18:30,Prod,A1000288.6527,Tisch 1,110,S1000288.72194,SALE,2,6.5,13.0,0.0,0.0,0.0,0.0,118,Schokokuchen,Desserts,,MwSt. 7%,1.07,12.149533,0.850467,Normalverkauf
S1000288.72195,SP1000288.7.72195,SY1000288.2026.72195,iPad1(1000288),288,02.06.26 19:10,Prod,A1000288.6528,Tisch 4,110,S1000288.72195,SALE,1,10.9,10.9,0.0,0.0,0.0,0.0,107,Chicken Burger,Hauptgerichte,,MwSt. 7%,1.07,10.186916,0.713084,Normalverkauf
S1000288.72196,SP1000288.7.72196,SY1000288.2026.72196,iPad1(1000288),288,02.06.26 19:10,Prod,A1000288.6528,Tisch 4,110,S1000288.72196,SALE,1,3.9,3.9,0.0,0.0,0.0,0.0,126,Spezi,Getränke,,MwSt. 19%,1.19,3.277311,0.622689,Normalverkauf
S1000288.72197,SP1000288.7.72197,SY1000288.2026.72197,iPad1(1000288),288,02.06.26 19:10,Prod,A1000288.6528,Tisch 4,110,S1000288.72197,SALE,2,6.5,13.0,0.0,0.0,0.0,0.0,118,Schokokuchen,Desserts,,MwSt. 7%,1.07,12.149533,0.850467,Normalverkauf
S1000288.72198,SP1000288.7.72198,SY1000288.2026.72198,iPad1(1000288),288,02.06.26 11:29,Prod,A1000288.6529,Tisch 17,101,S1000288.72198,SALE,2,7.9,15.8,0.0,0.0,0.0,0.0,115,Tiramisu,Desserts,,MwSt. 7%,1.07,14.766355,1.033645,Normalverkauf
S1000288.72199,SP1000288.7.72199,SY1000288.2026.72199,iPad1(1000288),288,02.06.26 11:29,Prod,A1000288.6529,Tisch 17,101,S1000288.72199,SALE,2,3.9,7.8,0.0,0.0,0.0,0.0,119,Cola,Getränke,,MwSt. 19%,1.19,6.554622,1.245378,Normalverkauf
S1000288.72200,SP1000288.7.72200,SY1000288.2026.72200,iPad1(1000288),288,02.06.26 17:01,Prod,A1000288.6530,Tisch 4,107,S1000288.72200,SALE,1,9.8,9.8,0.0,0.0,0.0,0.0,108,Seelachs-Ei-Baugette,Hauptgerichte,,MwSt. 7%,1.07,9.158879,0.641121,Normalverkauf
S1000288.72201,SP1000288.7.72201,SY1000288.2026.72201,iPad1(1000288),288,02.06.26 17:01,Prod,A1000288.6530,Tisch 4,107,S1000288.72201,SALE,2,7.9,15.8,0.0,0.0,0.0,0.0,115,Tiramisu,Desserts,,MwSt. 7%,1.07,14.766355,1.033645,Normalverkauf
S1000288.72202,SP1000288.7.72202,SY1000288.2026.72202,iPad1(1000288),288,02.06.26 17:01,Prod,A1000288.6530,Tisch 4,107,S1000288.72202,SALE,2,7.9,15.8,0.0,0.0,0.0,0.0,106,Neptun-Ringe,Beilagen,,MwSt. 7%,1.07,14.766355,1.033645,Normalverkauf
S1000288.72203,SP1000288.7.72203,SY1000288.2026.72203,iPad1(1000288),288,02.06.26 17:56,Prod,A1000288.6531,Tisch 13,110,S1000288.72203,SALE,2,3.9,7.8,0.0,0.0,0.0,0.0,119,Cola,Getränke,,MwSt. 19%,1.19,6.554622,1.245378,Normalverkauf
S1000288.72204,SP1000288.7.72204,SY1000288.2026.72204,iPad1(1000288),288,02.06.26 19:02,Prod,A1000288.6532,Tisch 17,101,S1000288.72204,SALE,2,7.9,15.8,0.0,0.0,0.0,0.0,115,Tiramisu,Desserts,,MwSt. 7%,1.07,14.766355,1.033645,Normalverkauf
S1000288.72205,SP1000288.7.72205,SY1000288.2026.72205,iPad1(1000288),288,02.06.26 19:02,Prod,A1000288.6532,Tisch 17,101,S1000288.72205,SALE,2,3.9,7.8,0.0,0.0,0.0,0.0,119,Cola,Getränke,,MwSt. 19%,1.19,6.554622,1.245378,Normalverkauf
S1000288.72206,SP1000288.7.72206,SY1000288.2026.72206,iPad1(1000288),288,02.06.26 16:10,Prod,A1000288.6533,Tisch 20,119,S1000288.72206,SALE,2,9.8,19.6,0.0,0.0,0.0,0.0,108,Seelachs-Ei-Baugette,Hauptgerichte,,MwSt. 7%,1.07,18.317757,1.282243,Normalverkauf
S1000288.72207,SP1000288.7.72207,SY1000288.2026.72207,iPad1(1000288),288,02.06.26 16:10,Prod,A1000288.6533,Tisch 20,119,S1000288.72207,SALE,1,6.9,6.9,0.0,0.0,0.0,0.0,103,Fischbrötchen Räucherlachs,Hauptspeisen,,MwSt. 7%,1.07,6.448598,0.451402,Normalverkauf
S1000288.72208,SP1000288.7.72208,SY1000288.2026.72208,iPad1(1000288),288,02.06.26 20:54,Prod,A1000288.6534,Tisch 18,101,S1000288.72208,SALE,1,9.8,9.8,0.0,0.0,0.0,0.0,108,Seelachs-Ei-Baugette,Hauptgerichte,,MwSt. 7%,1.07,9.158879,0.641121,Normalverkauf
S1000288.72209,SP1000288.7.72209,SY1000288.2026.72209,iPad1(1000288),288,02.06.26 08:02,Prod,A1000288.6535,Tisch 9,116,S1000288.72209,SALE,2,6.9,13.8,0.0,0.0,0.0,0.0,113,Garnelen Box,Beilagen,,MwSt. 7%,1.07,12.897196,0.902804,Normalverkauf
S1000288.72210,SP1000288.7.72210,SY1000288.2026.72210,iPad1(1000288),288,02.06.26 08:02,Prod,A1000288.6535,Tisch 9,116,S1000288.72210,SALE,2,3.9,7.8,0.0,0.0,0.0,0.0,119,Cola,Getränke,,MwSt. 19%,1.19,6.554622,1.245378,Normalverkauf
S1000288.72211,SP1000288.7.72211,SY1000288.2026.72211,iPad1(1000288),288,02.06.26 20:28,Prod,A1000288.6536,Tisch 20,110,S1000288.72211,SALE,2,4.9,9.8,0.0,0.0,0.0,0.0,112,Kartoffelwedges,Beilagen,,MwSt. 7%,1.07,9.158879,0.641121,Normalverkauf
S1000288.72212,SP1000288.7.72212,SY1000288.2026.72212,iPad1(1000288),288,03.06.26 16:13,Prod,A1000288.6537,Tisch 7,110,S1000288.72212,SALE,1,10.9,10.9,0.0,0.0,0.0,0.0,107,Chicken Burger,Hauptgerichte,,MwSt. 7%,1.07,10.186916,0.713084,Normalverkauf
S1000288.72213,SP1000288.7.72213,SY1000288.2026.72213,iPad1(1000288),288,03.06.26 18:18,Prod,A1000288.6538,Tisch 17,110,S1000288.72213,SALE,2,3.9,7.8,0.0,0.0,0.0,0.0,126,Spezi,Getränke,,MwSt. 19%,1.19,6.554622,1.245378,Normalverkauf
S1000288.72214,SP1000288.7.72214,SY1000288.2026.72214,iPad1(1000288),288,03.06.26 16:56,Prod,A1000288.6539,Tisch 9,107,S1000288.72214,SALE,1,3.9,3.9,0.0,0.0,0.0,0.0,119,Cola,Getränke,,MwSt. 19%,1.19,3.277311,0.622689,Normalverkauf
S1000288.72215,SP1000288.7.72215,SY1000288.2026.72215,iPad1(1000288),288,03.06.26 16:56,Prod,A1000288.6539,Tisch 9,107,S1000288.72215,SALE,1,4.2,4.2,0.0,0.0,0.0,0.0,122,Bier,Getränke,,MwSt. 19%,1.19,3.529412,0.670588,Normalverkauf
S1000288.72216,SP1000288.7.72216,SY1000288.2026.72216,iPad1(1000288),288,03.06.26 13:05,Prod,A1000288.6540,Tisch 17,116,S1000288.72216,SALE,2,3.9,7.8,0.0,0.0,0.0,0.0,119,Cola,Getränke,,MwSt. 19%,1.19,6.554622,1.245378,Normalverkauf
S1000288.72217,SP1000288.7.72217,SY1000288.2026.72217,iPad1(1000288),288,03.06.26 11:33,Prod,A1000288.6541,Tisch 1,110,S1000288.72217,SALE,2,10.9,21.8,0.0,0.0,0.0,0.0,109,Bismarck-Baguette,Hauptgerichte,,MwSt. 7%,1.07,20.373832,1.426168,Normalverkauf
S1000288.72218,SP1000288.7.72218,SY1000288.2026.72218,iPad1(1000288),288,03.06.26 11:33,Prod,A1000288.6541,Tisch 1,110,S1000288.72218,SALE,2,7.9,15.8,0.0,0.0,0.0,0.0,106,Neptun-Ringe,Beilagen,,MwSt. 7%,1.07,14.766355,1.033645,Normalverkauf
S1000288.72219,SP1000288.7.72219,SY1000288.2026.72219,iPad1(1000288),288,03.06.26 17:31,Prod,A1000288.6542,,101,S1000288.72219,SALE,2,3.9,7.8,0.0,0.0,0.0,0.0,126,Spezi,Getränke,,MwSt. 19%,1.19,6.554622,1.245378,Normalverkauf
S1000288.72220,SP1000288.7.72220,SY1000288.2026.72220,iPad1(1000288),288,03.06.26 11:05,Prod,A1000288.6543,,101,S1000288.72220,SALE,2,3.9,7.8,0.0,0.0,0.0,0.0,126,Spezi,Getränke,,MwSt. 19%,1.19,6.554622,1.245378,Normalverkauf
S1000288.72221,SP1000288.7.72221,SY1000288.2026.72221,iPad1(1000288),288,03.06.26 13:47,Prod,A1000288.6544,,119,S1000288.72221,SALE,1,9.8,9.8,0.0,0.0,0.0,0.0,108,Seelachs-Ei-Baugette,Hauptgerichte,,MwSt. 7%,1.07,9.158879,0.641121,Normalverkauf
S1000288.72222,SP1000288.7.72222,SY1000288.2026.72222,iPad1(1000288),288,03.06.26 09:35,Prod,A1000288.6545,Tisch 24,116,S1000288.72222,SALE,2,4.2,8.4,0.0,0.0,0.0,0.0,122,Bier,Getränke,,MwSt. 19%,1.19,7.058824,1.341176,Normalverkauf
S1000288.72223,SP1000288.7.72223,SY1000288.2026.72223,iPad1(1000288),288,03.06.26 09:35,Prod,A1000288.6545,Tisch 24,116,S1000288.72223,SALE,1,9.8,9.8,0.0,0.0,0.0,0.0,108,Seelachs-Ei-Baugette,Hauptgerichte,,MwSt. 7%,1.07,9.158879,0.641121,Normalverkauf
S1000288.72224,SP1000288.7.72224,SY1000288.2026.72224,iPad1(1000288),288,03.06.26 09:35,Prod,A1000288.6545,Tisch 24,116,S1000288.72224,SALE,1,3.9,3.9,0.0,0.0,0.0,0.0,119,Cola,Getränke,,MwSt. 19%,1.19,3.277311,0.622689,Normalverkauf
S1000288.72225,SP1000288.7.72225,SY1000288.2026.72225,iPad1(1000288),288,03.06.26 17:22,Prod,A1000288.6546,Tisch 2,107,S1000288.72225,SALE,1,11.9,11.9,0.0,0.0,0.0,0.0,110,Matjes-Baguette,Hauptgerichte,,MwSt. 7%,1.07,11.121495,0.778505,Normalverkauf
S1000288.72226,SP1000288.7.72226,SY1000288.2026.72226,iPad1(1000288),288,03.06.26 17:22,Prod,A1000288.6546,Tisch 2,107,S1000288.72226,SALE,1,11.5,11.5,0.0,0.0,0.0,0.0,105,Garnelen-Kimchi-Bruger,Hauptgerichte,,MwSt. 7%,1.07,10.747664,0.752336,Normalverkauf
S1000288.72227,SP1000288.7.72227,SY1000288.2026.72227,iPad1(1000288),288,03.06.26 12:42,Prod,A1000288.6547,Tisch 17,110,S1000288.72227,SALE,2,3.9,7.8,0.0,0.0,0.0,0.0,119,Cola,Getränke,,MwSt. 19%,1.19,6.554622,1.245378,Normalverkauf
S1000288.72228,SP1000288.7.72228,SY1000288.2026.72228,iPad1(1000288),288,03.06.26 12:42,Prod,A1000288.6547,Tisch 17,110,S1000288.72228,SALE,1,3.9,3.9,0.0,0.0,0.0,0.0,126,Spezi,Getränke,,MwSt. 19%,1.19,3.277311,0.622689,Normalverkauf
S1000288.72229,SP1000288.7.72229,SY1000288.2026.72229,iPad1(1000288),288,03.06.26 18:46,Prod,A1000288.6548,Tisch 1,110,S1000288.72229,SALE,2,5.9,11.8,0.0,0.0,0.0,0.0,125,Zitronen-Limonade,Getränke,,MwSt. 19%,1.19,9.915966,1.884034,Normalverkauf
S1000288.72230,SP1000288.7.72230,SY1000288.2026.72230,iPad1(1000288),288,03.06.26 18:46,Prod,A1000288.6548,Tisch 1,110,S1000288.72230,SALE,1,3.9,3.9,0.0,0.0,0.0,0.0,119,Cola,Getränke,,MwSt. 19%,1.19,3.277311,0.622689,Normalverkauf
S1000288.72231,SP1000288.7.72231,SY1000288.2026.72231,iPad1(1000288),288,03.06.26 16:38,Prod,A1000288.6549,Tisch 12,107,S1000288.72231,SALE,2,11.5,23.0,0.0,0.0,0.0,0.0,105,Garnelen-Kimchi-Bruger,Hauptgerichte,,MwSt. 7%,1.07,21.495327,1.504673,Normalverkauf
S1000288.72232,SP1000288.7.72232,SY1000288.2026.72232,iPad1(1000288),288,03.06.26 19:07,Prod,A1000288.6550,,116,S1000288.72232,SALE,2,6.5,13.0,0.0,0.0,0.0,0.0,100,Fischbrötchen Backfisch,Hauptspeisen,,MwSt. 7%,1.07,12.149533,0.850467,Normalverkauf
S1000288.72233,SP1000288.7.72233,SY1000288.2026.72233,iPad1(1000288),288,03.06.26 19:07,Prod,A1000288.6550,,116,S1000288.72233,SALE,1,5.9,5.9,0.0,0.0,0.0,0.0,123,Inger-Limonade,Getränke,,MwSt. 19%,1.19,4.957983,0.942017,Normalverkauf
S1000288.72234,SP1000288.7.72234,SY1000288.2026.72234,iPad1(1000288),288,03.06.26 18:19,Prod,A1000288.6551,Tisch 23,116,S1000288.72234,VOID,1,13.5,13.5,0.0,0.0,0.0,0.0,102,Matjes,Hauptspeisen,,MwSt. 7%,1.07,12.616822,0.883178,Normalverkauf
S1000288.72235,SP1000288.7.72235,SY1000288.2026.72235,iPad1(1000288),288,03.06.26 18:19,Prod,A1000288.6551,Tisch 23,116,S1000288.72235,VOID,1,3.9,3.9,0.0,0.0,0.0,0.0,119,Cola,Getränke,,MwSt. 19%,1.19,3.277311,0.622689,Normalverkauf
S1000288.72236,SP1000288.7.72236,SY1000288.2026.72236,iPad1(1000288),288,03.06.26 18:19,Prod,A1000288.6551,Tisch 23,116,S1000288.72236,VOID,1,5.5,5.5,0.0,0.0,0.0,0.0,111,Pommes Frites,Beilagen,,MwSt. 7%,1.07,5.140187,0.359813,Normalverkauf
S1000288.72237,SP1000288.7.72237,SY1000288.2026.72237,iPad1(1000288),288,03.06.26 17:40,Prod,A1000288.6552,Tisch 24,107,S1000288.72237,VOID,2,10.9,21.8,0.0,0.0,0.0,0.0,107,Chicken Burger,Hauptgerichte,,MwSt. 7%,1.07,20.373832,1.426168,Normalverkauf
S1000288.72238,SP1000288.7.72238,SY1000288.2026.72238,iPad1(1000288),288,03.06.26 17:40,Prod,A1000288.6552,Tisch 24,107,S1000288.72238,VOID,1,5.5,5.5,0.0,0.0,0.0,0.0,114,Fisch Nuggets Box,Beilagen,,MwSt. 7%,1.07,5.140187,0.359813,Normalverkauf
S1000288.72239,SP1000288.7.72239,SY1000288.2026.72239,iPad1(1000288),288,03.06.26 17:40,Prod,A1000288.6552,Tisch 24,107,S1000288.72239,VOID,1,5.5,5.5,0.0,0.0,0.0,0.0,114,Fisch Nuggets Box,Beilagen,,MwSt. 7%,1.07,5.140187,0.359813,Normalverkauf
S1000288.72240,SP1000288.7.72240,SY1000288.2026.72240,iPad1(1000288),288,03.06.26 19:01,Prod,A1000288.6553,Tisch 7,110,S1000288.72240,SALE,1,14.5,14.5,0.0,0.0,0.0,0.0,101,Lachs,Hauptspeisen,,MwSt. 7%,1.07,13.551402,0.948598,Normalverkauf
S1000288.72241,SP1000288.7.72241,SY1000288.2026.72241,iPad1(1000288),288,03.06.26 19:01,Prod,A1000288.6553,Tisch 7,110,S1000288.72241,SALE,1,11.5,11.5,0.0,0.0,0.0,0.0,105,Garnelen-Kimchi-Bruger,Hauptgerichte,,MwSt. 7%,1.07,10.747664,0.752336,Normalverkauf
S1000288.72242,SP1000288.7.72242,SY1000288.2026.72242,iPad1(1000288),288,03.06.26 09:02,Prod,A1000288.6554,Tisch 24,110,S1000288.72242,SALE,1,5.9,5.9,0.0,0.0,0.0,0.0,125,Zitronen-Limonade,Getränke,,MwSt. 19%,1.19,4.957983,0.942017,Normalverkauf
S1000288.72243,SP1000288.7.72243,SY1000288.2026.72243,iPad1(1000288),288,03.06.26 09:02,Prod,A1000288.6554,Tisch 24,110,S1000288.72243,SALE,1,10.9,10.9,0.0,0.0,0.0,0.0,104,Thunfisch Wrap,Hauptgerichte,,MwSt. 7%,1.07,10.186916,0.713084,Normalverkauf
S1000288.72244,SP1000288.7.72244,SY1000288.2026.72244,iPad1(1000288),288,03.06.26 11:28,Prod,A1000288.6555,Tisch 3,101,S1000288.72244,SALE,1,6.5,6.5,0.0,0.0,0.0,0.0,100,Fischbrötchen Backfisch,Hauptspeisen,,MwSt. 7%,1.07,6.074766,0.425234,Normalverkauf
S1000288.72245,SP1000288.7.72245,SY1000288.2026.72245,iPad1(1000288),288,03.06.26 11:28,Prod,A1000288.6555,Tisch 3,101,S1000288.72245,SALE,1,6.9,6.9,0.0,0.0,0.0,0.0,103,Fischbrötchen Räucherlachs,Hauptspeisen,,MwSt. 7%,1.07,6.448598,0.451402,Normalverkauf
S1000288.72246,SP1000288.7.72246,SY1000288.2026.72246,iPad1(1000288),288,03.06.26 11:28,Prod,A1000288.6555,Tisch 3,101,S1000288.72246,SALE,1,5.5,5.5,0.0,0.0,0.0,0.0,111,Pommes Frites,Beilagen,,MwSt. 7%,1.07,5.140187,0.359813,Normalverkauf
S1000288.72247,SP1000288.7.72247,SY1000288.2026.72247,iPad1(1000288),288,03.06.26 15:48,Prod,A1000288.6556,Tisch 23,119,S1000288.72247,SALE,2,3.9,7.8,0.0,0.0,0.0,0.0,124,Cola Zero,Getränke,,MwSt. 19%,1.19,6.554622,1.245378,Normalverkauf
S1000288.72248,SP1000288.7.72248,SY1000288.2026.72248,iPad1(1000288),288,03.06.26 14:03,Prod,A1000288.6557,,119,S1000288.72248,SALE,2,3.2,6.4,0.0,0.0,0.0,0.0,120,Apfelschorle,Getränke,,MwSt. 19%,1.19,5.378151,1.021849,Normalverkauf
S1000288.72249,SP1000288.7.72249,SY1000288.2026.72249,iPad1(1000288),288,03.06.26 18:21,Prod,A1000288.6558,Tisch 1,110,S1000288.72249,SALE,1,11.9,11.9,0.0,0.0,0.0,0.0,110,Matjes-Baguette,Hauptgerichte,,MwSt. 7%,1.07,11.121495,0.778505,Normalverkauf
S1000288.72250,SP1000288.7.72250,SY1000288.2026.72250,iPad1(1000288),288,03.06.26 18:21,Prod,A1000288.6558,Tisch 1,110,S1000288.72250,SALE,1,10.9,10.9,0.0,0.0,0.0,0.0,109,Bismarck-Baguette,Hauptgerichte,,MwSt. 7%,1.07,10.186916,0.713084,Normalverkauf
S1000288.72251,SP1000288.7.72251,SY1000288.2026.72251,iPad1(1000288),288,03.06.26 18:21,Prod,A1000288.6558,Tisch 1,110,S1000288.72251,SALE,2,3.9,7.8,0.0,0.0,0.0,0.0,119,Cola,Getränke,,MwSt. 19%,1.19,6.554622,1.245378,Normalverkauf
S1000288.72252,SP1000288.7.72252,SY1000288.2026.72252,iPad1(1000288),288,03.06.26 19:30,Prod,A1000288.6559,,107,S1000288.72252,SALE,1,10.9,10.9,0.0,0.0,0.0,0.0,104,Thunfisch Wrap,Hauptgerichte,,MwSt. 7%,1.07,10.186916,0.713084,Normalverkauf
S1000288.72253,SP1000288.7.72253,SY1000288.2026.72253,iPad1(1000288),288,03.06.26 16:16,Prod,A1000288.6560,Tisch 8,107,S1000288.72253,SALE,2,10.9,21.8,0.0,0.0,0.0,0.0,107,Chicken Burger,Hauptgerichte,,MwSt. 7%,1.07,20.373832,1.426168,Normalverkauf
S1000288.72254,SP1000288.7.72254,SY1000288.2026.72254,iPad1(1000288),288,03.06.26 16:16,Prod,A1000288.6560,Tisch 8,107,S1000288.72254,SALE,1,14.5,14.5,0.0,0.0,0.0,0.0,101,Lachs,Hauptspeisen,,MwSt. 7%,1.07,13.551402,0.948598,Normalverkauf
S1000288.72255,SP1000288.7.72255,SY1000288.2026.72255,iPad1(1000288),288,03.06.26 18:54,Prod,A1000288.6561,Tisch 1,119,S1000288.72255,SALE,1,4.2,4.2,0.0,0.0,0.0,0.0,122,Bier,Getränke,,MwSt. 19%,1.19,3.529412,0.670588,Normalverkauf
S1000288.72256,SP1000288.7.72256,SY1000288.2026.72256,iPad1(1000288),288,03.06.26 13:04,Prod,A1000288.6562,Tisch 8,107,S1000288.72256,SALE,1,11.5,11.5,0.0,0.0,0.0,0.0,105,Garnelen-Kimchi-Bruger,Hauptgerichte,,MwSt. 7%,1.07,10.747664,0.752336,Normalverkauf
S1000288.72257,SP1000288.7.72257,SY1000288.2026.72257,iPad1(1000288),288,03.06.26 13:04,Prod,A1000288.6562,Tisch 8,107,S1000288.72257,SALE,2,3.9,7.8,0.0,0.0,0.0,0.0,119,Cola,Getränke,,MwSt. 19%,1.19,6.554622,1.245378,Normalverkauf
S1000288.72258,SP1000288.7.72258,SY1000288.2026.72258,iPad1(1000288),288,03.06.26 10:55,Prod,A1000288.6563,Tisch 23,101,S1000288.72258,SALE,2,3.9,7.8,0.0,0.0,0.0,0.0,126,Spezi,Getränke,,MwSt. 19%,1.19,6.554622,1.245378,Normalverkauf
S1000288.72259,SP1000288.7.72259,SY1000288.2026.72259,iPad1(1000288),288,03.06.26 12:12,Prod,A1000288.6564,Tisch 5,110,S1000288.72259,SALE,1,3.2,3.2,0.0,0.0,0.0,0.0,120,Apfelschorle,Getränke,,MwSt. 19%,1.19,2.689076,0.510924,Normalverkauf
S1000288.72260,SP1000288.7.72260,SY1000288.2026.72260,iPad1(1000288),288,03.06.26 12:12,Prod,A1000288.6564,Tisch 5,110,S1000288.72260,SALE,1,10.9,10.9,0.0,0.0,0.0,0.0,107,Chicken Burger,Hauptgerichte,,MwSt. 7%,1.07,10.186916,0.713084,Normalverkauf
S1000288.72261,SP1000288.7.72261,SY1000288.2026.72261,iPad1(1000288),288,03.06.26 12:12,Prod,A1000288.6564,Tisch 5,110,S1000288.72261,SALE,2,5.5,11.0,0.0,0.0,0.0,0.0,111,Pommes Frites,Beilagen,,MwSt. 7%,1.07,10.280374,0.719626,Normalverkauf
S1000288.72262,SP1000288.7.72262,SY1000288.2026.72262,iPad1(1000288),288,03.06.26 20:12,Prod,A1000288.6565,Tisch 9,110,S1000288.72262,SALE,1,4.2,4.2,0.0,0.0,0.0,0.0,122,Bier,Getränke,,MwSt. 19%,1.19,3.529412,0.670588,Normalverkauf
S1000288.72263,SP1000288.7.72263,SY1000288.2026.72263,iPad1(1000288),288,03.06.26 11:50,Prod,A1000288.6566,Tisch 16,110,S1000288.72263,SALE,1,9.8,9.8,0.0,0.0,0.0,0.0,108,Seelachs-Ei-Baugette,Hauptgerichte,,MwSt. 7%,1.07,9.158879,0.641121,Normalverkauf
S1000288.72264,SP1000288.7.72264,SY1000288.2026.72264,iPad1(1000288),288,03.06.26 14:44,Prod,A1000288.6567,Tisch 13,116,S1000288.72264,SALE,1,3.9,3.9,0.0,0.0,0.0,0.0,124,Cola Zero,Getränke,,MwSt. 19%,1.19,3.277311,0.622689,Normalverkauf
S1000288.72265,SP1000288.7.72265,SY1000288.2026.72265,iPad1(1000288),288,03.06.26 14:44,Prod,A1000288.6567,Tisch 13,116,S1000288.72265,SALE,2,5.5,11.0,0.0,0.0,0.0,0.0,111,Pommes Frites,Beilagen,,MwSt. 7%,1.07,10.280374,0.719626,Normalverkauf
S1000288.72266,SP1000288.7.72266,SY1000288.2026.72266,iPad1(1000288),288,03.06.26 11:45,Prod,A1000288.6568,Tisch 23,110,S1000288.72266,SALE,2,11.5,23.0,0.0,0.0,0.0,0.0,105,Garnelen-Kimchi-Bruger,Hauptgerichte,,MwSt. 7%,1.07,21.495327,1.504673,Normalverkauf
S1000288.72267,SP1000288.7.72267,SY1000288.2026.72267,iPad1(1000288),288,03.06.26 17:03,Prod,A1000288.6569,Tisch 16,107,S1000288.72267,SALE,1,3.9,3.9,0.0,0.0,0.0,0.0,124,Cola Zero,Getränke,,MwSt. 19%,1.19,3.277311,0.622689,Normalverkauf
S1000288.72268,SP1000288.7.72268,SY1000288.2026.72268,iPad1(1000288),288,03.06.26 17:03,Prod,A1000288.6569,Tisch 16,107,S1000288.72268,SALE,2,5.9,11.8,0.0,0.0,0.0,0.0,123,Inger-Limonade,Getränke,,MwSt. 19%,1.19,9.915966,1.884034,Normalverkauf
S1000288.72269,SP1000288.7.72269,SY1000288.2026.72269,iPad1(1000288),288,03.06.26 19:48,Prod,A1000288.6570,Tisch 11,107,S1000288.72269,SALE,2,10.9,21.8,0.0,0.0,0.0,0.0,104,Thunfisch Wrap,Hauptgerichte,,MwSt. 7%,1.07,20.373832,1.426168,Normalverkauf
S1000288.72270,SP1000288.7.72270,SY1000288.2026.72270,iPad1(1000288),288,03.06.26 19:48,Prod,A1000288.6570,Tisch 11,107,S1000288.72270,SALE,2,5.5,11.0,0.0,0.0,0.0,0.0,111,Pommes Frites,Beilagen,,MwSt. 7%,1.07,10.280374,0.719626,Normalverkauf
S1000288.72271,SP1000288.7.72271,SY1000288.2026.72271,iPad1(1000288),288,03.06.26 19:48,Prod,A1000288.6570,Tisch 11,107,S1000288.72271,SALE,2,10.9,21.8,0.0,0.0,0.0,0.0,104,Thunfisch Wrap,Hauptgerichte,,MwSt. 7%,1.07,20.373832,1.426168,Normalverkauf
S1000288.72272,SP1000288.7.72272,SY1000288.2026.72272,iPad1(1000288),288,03.06.26 11:22,Prod,A1000288.6571,Tisch 5,107,S1000288.72272,SALE,1,11.9,11.9,0.0,0.0,0.0,0.0,110,Matjes-Baguette,Hauptgerichte,,MwSt. 7%,1.07,11.121495,0.778505,Normalverkauf
S1000288.72273,SP1000288.7.72273,SY1000288.2026.72273,iPad1(1000288),288,03.06.26 11:22,Prod,A1000288.6571,Tisch 5,107,S1000288.72273,SALE,2,10.9,21.8,0.0,0.0,0.0,0.0,104,Thunfisch Wrap,Hauptgerichte,,MwSt. 7%,1.07,20.373832,1.426168,Normalverkauf
S1000288.72274,SP1000288.7.72274,SY1000288.2026.72274,iPad1(1000288),288,03.06.26 08:12,Prod,A1000288.6572,Tisch 17,119,S1000288.72274,SALE,1,3.9,3.9,0.0,0.0,0.0,0.0,119,Cola,Getränke,,MwSt. 19%,1.19,3.277311,0.622689,Normalverkauf
S1000288.72275,SP1000288.7.72275,SY1000288.2026.72275,iPad1(1000288),288,03.06.26 08:12,Prod,A1000288.6572,Tisch 17,119,S1000288.72275,SALE,1,6.5,6.5,0.0,0.0,0.0,0.0,118,Schokokuchen,Desserts,,MwSt. 7%,1.07,6.074766,0.425234,Normalverkauf
S1000288.72276,SP1000288.7.72276,SY1000288.2026.72276,iPad1(1000288),288,03.06.26 08:12,Prod,A1000288.6572,Tisch 17,119,S1000288.72276,SALE,2,5.9,11.8,0.0,0.0,0.0,0.0,123,Inger-Limonade,Getränke,,MwSt. 19%,1.19,9.915966,1.884034,Normalverkauf
S1000288.72277,SP1000288.7.72277,SY1000288.2026.72277,iPad1(1000288),288,03.06.26 16:23,Prod,A1000288.6573,Tisch 20,116,S1000288.72277,VOID,2,4.2,8.4,0.0,0.0,0.0,0.0,122,Bier,Getränke,,MwSt. 19%,1.19,7.058824,1.341176,Normalverkauf
S1000288.72278,SP1000288.7.72278,SY1000288.2026.72278,iPad1(1000288),288,03.06.26 16:50,Prod,A1000288.6574,Tisch 8,119,S1000288.72278,SALE,1,6.5,6.5,0.0,0.0,0.0,0.0,118,Schokokuchen,Desserts,,MwSt. 7%,1.07,6.074766,0.425234,Normalverkauf
S1000288.72279,SP1000288.7.72279,SY1000288.2026.72279,iPad1(1000288),288,03.06.26 15:42,Prod,A1000288.6575,Tisch 22,119,S1000288.72279,SALE,2,5.5,11.0,0.0,0.0,0.0,0.0,111,Pommes Frites,Beilagen,,MwSt. 7%,1.07,10.280374,0.719626,Normalverkauf
S1000288.72280,SP1000288.7.72280,SY1000288.2026.72280,iPad1(1000288),288,03.06.26 15:42,Prod,A1000288.6575,Tisch 22,119,S1000288.72280,SALE,1,7.9,7.9,0.0,0.0,0.0,0.0,106,Neptun-Ringe,Beilagen,,MwSt. 7%,1.07,7.383178,0.516822,Normalverkauf
S1000288.72281,SP1000288.7.72281,SY1000288.2026.72281,iPad1(1000288),288,03.06.26 11:16,Prod,A1000288.6576,Tisch 3,110,S1000288.72281,VOID,1,10.9,10.9,0.0,0.0,0.0,0.0,107,Chicken Burger,Hauptgerichte,,MwSt. 7%,1.07,10.186916,0.713084,Normalverkauf
S1000288.72282,SP1000288.7.72282,SY1000288.2026.72282,iPad1(1000288),288,03.06.26 11:16,Prod,A1000288.6576,Tisch 3,110,S1000288.72282,VOID,2,3.9,7.8,0.0,0.0,0.0,0.0,119,Cola,Getränke,,MwSt. 19%,1.19,6.554622,1.245378,Normalverkauf
S1000288.72283,SP1000288.7.72283,SY1000288.2026.72283,iPad1(1000288),288,03.06.26 17:27,Prod,A1000288.6577,Tisch 20,107,S1000288.72283,SALE,1,5.9,5.9,0.0,0.0,0.0,0.0,123,Inger-Limonade,Getränke,,MwSt. 19%,1.19,4.957983,0.942017,Normalverkauf
S1000288.72284,SP1000288.7.72284,SY1000288.2026.72284,iPad1(1000288),288,03.06.26 17:27,Prod,A1000288.6577,Tisch 20,107,S1000288.72284,SALE,1,3.9,3.9,0.0,0.0,0.0,0.0,124,Cola Zero,Getränke,,MwSt. 19%,1.19,3.277311,0.622689,Normalverkauf
S1000288.72285,SP1000288.7.72285,SY1000288.2026.72285,iPad1(1000288),288,03.06.26 17:27,Prod,A1000288.6577,Tisch 20,107,S1000288.72285,SALE,1,4.2,4.2,0.0,0.0,0.0,0.0,122,Bier,Getränke,,MwSt. 19%,1.19,3.529412,0.670588,Normalverkauf
S1000288.72286,SP1000288.7.72286,SY1000288.2026.72286,iPad1(1000288),288,03.06.26 17:47,Prod,A1000288.6578,,110,S1000288.72286,SALE,2,3.9,7.8,0.0,0.0,0.0,0.0,124,Cola Zero,Getränke,,MwSt. 19%,1.19,6.554622,1.245378,Normalverkauf
S1000288.72287,SP1000288.7.72287,SY1000288.2026.72287,iPad1(1000288),288,03.06.26 19:34,Prod,A1000288.6579,Tisch 10,110,S1000288.72287,SALE,1,3.2,3.2,0.0,0.0,0.0,0.0,120,Apfelschorle,Getränke,,MwSt. 19%,1.19,2.689076,0.510924,Normalverkauf
S1000288.72288,SP1000288.7.72288,SY1000288.2026.72288,iPad1(1000288),288,03.06.26 19:34,Prod,A1000288.6579,Tisch 10,110,S1000288.72288,SALE,2,10.9,21.8,0.0,0.0,0.0,0.0,107,Chicken Burger,Hauptgerichte,,MwSt. 7%,1.07,20.373832,1.426168,Normalverkauf
S1000288.72289,SP1000288.7.72289,SY1000288.2026.72289,iPad1(1000288),288,03.06.26 12:26,Prod,A1000288.6580,Tisch 21,110,S1000288.72289,SALE,1,11.5,11.5,0.0,0.0,0.0,0.0,105,Garnelen-Kimchi-Bruger,Hauptgerichte,,MwSt. 7%,1.07,10.747664,0.752336,Normalverkauf
S1000288.72290,SP1000288.7.72290,SY1000288.2026.72290,iPad1(1000288),288,03.06.26 12:26,Prod,A1000288.6580,Tisch 21,110,S1000288.72290,SALE,2,3.9,7.8,0.0,0.0,0.0,0.0,119,Cola,Getränke,,MwSt. 19%,1.19,6.554622,1.245378,Normalverkauf
S1000288.72291,SP1000288.7.72291,SY1000288.2026.72291,iPad1(1000288),288,03.06.26 13:57,Prod,A1000288.6581,Tisch 6,101,S1000288.72291,SALE,1,5.9,5.9,0.0,0.0,0.0,0.0,117,Rote Grütze,Desserts,,MwSt. 7%,1.07,5.514019,0.385981,Normalverkauf
S1000288.72292,SP1000288.7.72292,SY1000288.2026.72292,iPad1(1000288),288,03.06.26 13:57,Prod,A1000288.6581,Tisch 6,101,S1000288.72292,SALE,2,10.9,21.8,0.0,0.0,0.0,0.0,107,Chicken Burger,Hauptgerichte,,MwSt. 7%,1.07,20.373832,1.426168,Normalverkauf
S1000288.72293,SP1000288.7.72293,SY1000288.2026.72293,iPad1(1000288),288,03.06.26 13:57,Prod,A1000288.6581,Tisch 6,101,S1000288.72293,SALE,1,4.2,4.2,0.0,0.0,0.0,0.0,122,Bier,Getränke,,MwSt. 19%,1.19,3.529412,0.670588,Normalverkauf
S1000288.72294,SP1000288.7.72294,SY1000288.2026.72294,iPad1(1000288),288,03.06.26 18:30,Prod,A1000288.6582,Tisch 18,116,S1000288.72294,SALE,2,9.8,19.6,0.0,0.0,0.0,0.0,108,Seelachs-Ei-Baugette,Hauptgerichte,,MwSt. 7%,1.07,18.317757,1.282243,Normalverkauf
S1000288.72295,SP1000288.7.72295,SY1000288.2026.72295,iPad1(1000288),288,03.06.26 20:27,Prod,A1000288.6583,,110,S1000288.72295,SALE,2,14.5,29.0,0.0,0.0,0.0,0.0,101,Lachs,Hauptspeisen,,MwSt. 7%,1.07,27.102804,1.897196,Normalverkauf
S1000288.72296,SP1000288.7.72296,SY1000288.2026.72296,iPad1(1000288),288,03.06.26 20:27,Prod,A1000288.6583,,110,S1000288.72296,SALE,1,10.9,10.9,0.0,0.0,0.0,0.0,107,Chicken Burger,Hauptgerichte,,MwSt. 7%,1.07,10.186916,0.713084,Normalverkauf
S1000288.72297,SP1000288.7.72297,SY1000288.2026.72297,iPad1(1000288),288,03.06.26 15:16,Prod,A1000288.6584,Tisch 5,119,S1000288.72297,SALE,2,10.9,21.8,0.0,0.0,0.0,0.0,107,Chicken Burger,Hauptgerichte,,MwSt. 7%,1.07,20.373832,1.426168,Normalverkauf
S1000288.72298,SP1000288.7.72298,SY1000288.2026.72298,iPad1(1000288),288,03.06.26 12:35,Prod,A1000288.6585,Tisch 10,110,S1000288.72298,SALE,2,5.5,11.0,0.0,0.0,0.0,0.0,111,Pommes Frites,Beilagen,,MwSt. 7%,1.07,10.280374,0.719626,Normalverkauf
S1000288.72299,SP1000288.7.72299,SY1000288.2026.72299,iPad1(1000288),288,03.06.26 12:35,Prod,A1000288.6585,Tisch 10,110,S1000288.72299,SALE,1,5.5,5.5,0.0,0.0,0.0,0.0,111,Pommes Frites,Beilagen,,MwSt. 7%,1.07,5.140187,0.359813,Normalverkauf
S1000288.72300,SP1000288.7.72300,SY1000288.2026.72300,iPad1(1000288),288,03.06.26 12:35,Prod,A1000288.6585,Tisch 10,110,S1000288.72300,SALE,1,10.9,10.9,0.0,0.0,0.0,0.0,104,Thunfisch Wrap,Hauptgerichte,,MwSt. 7%,1.07,10.186916,0.713084,Normalverkauf
S1000288.72301,SP1000288.7.72301,SY1000288.2026.72301,iPad1(1000288),288,03.06.26 12:42,Prod,A1000288.6586,Tisch 14,110,S1000288.72301,SALE,1,10.9,10.9,0.0,0.0,0.0,0.0,107,Chicken Burger,Hauptgerichte,,MwSt. 7%,1.07,10.186916,0.713084,Normalverkauf
S1000288.72302,SP1000288.7.72302,SY1000288.2026.72302,iPad1(1000288),288,03.06.26 20:22,Prod,A1000288.6587,Tisch 24,110,S1000288.72302,SALE,1,6.5,6.5,0.0,0.0,0.0,0.0,100,Fischbrötchen Backfisch,Hauptspeisen,,MwSt. 7%,1.07,6.074766,0.425234,Normalverkauf
S1000288.72303,SP1000288.7.72303,SY1000288.2026.72303,iPad1(1000288),288,03.06.26 11:43,Prod,A1000288.6588,Tisch 15,110,S1000288.72303,SALE,1,4.9,4.9,0.0,0.0,0.0,0.0,112,Kartoffelwedges,Beilagen,,MwSt. 7%,1.07,4.579439,0.320561,Normalverkauf
S1000288.72304,SP1000288.7.72304,SY1000288.2026.72304,iPad1(1000288),288,03.06.26 17:29,Prod,A1000288.6589,Tisch 6,107,S1000288.72304,SALE,2,2.8,5.6,0.0,0.0,0.0,0.0,121,Mineralwasser,Getränke,,MwSt. 19%,1.19,4.705882,0.894118,Normalverkauf
S1000288.72305,SP1000288.7.72305,SY1000288.2026.72305,iPad1(1000288),288,03.06.26 14:54,Prod,A1000288.6590,Tisch 16,110,S1000288.72305,SALE,1,5.5,5.5,0.0,0.0,0.0,0.0,111,Pommes Frites,Beilagen,,MwSt. 7%,1.07,5.140187,0.359813,Normalverkauf
S1000288.72306,SP1000288.7.72306,SY1000288.2026.72306,iPad1(1000288),288,03.06.26 14:54,Prod,A1000288.6590,Tisch 16,110,S1000288.72306,SALE,2,10.9,21.8,0.0,0.0,0.0,0.0,109,Bismarck-Baguette,Hauptgerichte,,MwSt. 7%,1.07,20.373832,1.426168,Normalverkauf
S1000288.72307,SP1000288.7.72307,SY1000288.2026.72307,iPad1(1000288),288,03.06.26 14:54,Prod,A1000288.6590,Tisch 16,110,S1000288.72307,SALE,2,11.9,23.8,0.0,0.0,0.0,0.0,110,Matjes-Baguette,Hauptgerichte,,MwSt. 7%,1.07,22.242991,1.557009,Normalverkauf
S1000288.72308,SP1000288.7.72308,SY1000288.2026.72308,iPad1(1000288),288,03.06.26 18:31,Prod,A1000288.6591,Tisch 6,107,S1000288.72308,SALE,2,4.9,9.8,0.0,0.0,0.0,0.0,112,Kartoffelwedges,Beilagen,,MwSt. 7%,1.07,9.158879,0.641121,Normalverkauf
S1000288.72309,SP1000288.7.72309,SY1000288.2026.72309,iPad1(1000288),288,03.06.26 18:31,Prod,A1000288.6591,Tisch 6,107,S1000288.72309,SALE,2,4.2,8.4,0.0,0.0,0.0,0.0,122,Bier,Getränke,,MwSt. 19%,1.19,7.058824,1.341176,Normalverkauf
S1000288.72310,SP1000288.7.72310,SY1000288.2026.72310,iPad1(1000288),288,03.06.26 17:55,Prod,A1000288.6592,Tisch 24,107,S1000288.72310,SALE,1,3.9,3.9,0.0,0.0,0.0,0.0,127,Alkoholfreies Bier,Getränke,,MwSt. 19%,1.19,3.277311,0.622689,Normalverkauf
S1000288.72311,SP1000288.7.72311,SY1000288.2026.72311,iPad1(1000288),288,03.06.26 11:56,Prod,A1000288.6593,,116,S1000288.72311,SALE,2,3.9,7.8,0.0,0.0,0.0,0.0,119,Cola,Getränke,,MwSt. 19%,1.19,6.554622,1.245378,Normalverkauf
S1000288.72312,SP1000288.7.72312,SY1000288.2026.72312,iPad1(1000288),288,03.06.26 13:47,Prod,A1000288.6594,Tisch 23,107,S1000288.72312,SALE,2,14.5,29.0,0.0,0.0,0.0,0.0,101,Lachs,Hauptspeisen,,MwSt. 7%,1.07,27.102804,1.897196,Normalverkauf
S1000288.72313,SP1000288.7.72313,SY1000288.2026.72313,iPad1(1000288),288,03.06.26 13:47,Prod,A1000288.6594,Tisch 23,107,S1000288.72313,SALE,1,10.9,10.9,0.0,0.0,0.0,0.0,109,Bismarck-Baguette,Hauptgerichte,,MwSt. 7%,1.07,10.186916,0.713084,Normalverkauf
S1000288.72314,SP1000288.7.72314,SY1000288.2026.72314,iPad1(1000288),288,03.06.26 14:57,Prod,A1000288.6595,Tisch 5,110,S1000288.72314,SALE,1,6.9,6.9,0.0,0.0,0.0,0.0,113,Garnelen Box,Beilagen,,MwSt. 7%,1.07,6.448598,0.451402,Normalverkauf
S1000288.72315,SP1000288.7.72315,SY1000288.2026.72315,iPad1(1000288),288,03.06.26 17:26,Prod,A1000288.6596,,110,S1000288.72315,SALE,2,11.5,23.0,0.0,0.0,0.0,0.0,105,Garnelen-Kimchi-Bruger,Hauptgerichte,,MwSt. 7%,1.07,21.495327,1.504673,Normalverkauf
S1000288.72316,SP1000288.7.72316,SY1000288.2026.72316,iPad1(1000288),288,03.06.26 17:31,Prod,A1000288.6597,Tisch 21,110,S1000288.72316,SALE,2,3.9,7.8,0.0,0.0,0.0,0.0,124,Cola Zero,Getränke,,MwSt. 19%,1.19,6.554622,1.245378,Normalverkauf
S1000288.72317,SP1000288.7.72317,SY1000288.2026.72317,iPad1(1000288),288,03.06.26 11:52,Prod,A1000288.6598,Tisch 11,119,S1000288.72317,SALE,2,11.5,23.0,0.0,0.0,0.0,0.0,105,Garnelen-Kimchi-Bruger,Hauptgerichte,,MwSt. 7%,1.07,21.495327,1.504673,Normalverkauf
S1000288.72318,SP1000288.7.72318,SY1000288.2026.72318,iPad1(1000288),288,03.06.26 11:52,Prod,A1000288.6598,Tisch 11,119,S1000288.72318,SALE,2,5.5,11.0,0.0,0.0,0.0,0.0,114,Fisch Nuggets Box,Beilagen,,MwSt. 7%,1.07,10.280374,0.719626,Normalverkauf
S1000288.72319,SP1000288.7.72319,SY1000288.2026.72319,iPad1(1000288),288,03.06.26 17:33,Prod,A1000288.6599,,116,S1000288.72319,SALE,2,3.9,7.8,0.0,0.0,0.0,0.0,119,Cola,Getränke,,MwSt. 19%,1.19,6.554622,1.245378,Normalverkauf
S1000288.72320,SP1000288.7.72320,SY1000288.2026.72320,iPad1(1000288),288,03.06.26 17:33,Prod,A1000288.6599,,116,S1000288.72320,SALE,1,3.9,3.9,0.0,0.0,0.0,0.0,119,Cola,Getränke,,MwSt. 19%,1.19,3.277311,0.622689,Normalverkauf
S1000288.72321,SP1000288.7.72321,SY1000288.2026.72321,iPad1(1000288),288,03.06.26 11:20,Prod,A1000288.6600,Tisch 24,101,S1000288.72321,SALE,2,3.9,7.8,0.0,0.0,0.0,0.0,126,Spezi,Getränke,,MwSt. 19%,1.19,6.554622,1.245378,Normalverkauf
S1000288.72322,SP1000288.7.72322,SY1000288.2026.72322,iPad1(1000288),288,03.06.26 11:20,Prod,A1000288.6600,Tisch 24,101,S1000288.72322,SALE,1,3.9,3.9,0.0,0.0,0.0,0.0,119,Cola,Getränke,,MwSt. 19%,1.19,3.277311,0.622689,Normalverkauf
S1000288.72323,SP1000288.7.72323,SY1000288.2026.72323,iPad1(1000288),288,03.06.26 16:26,Prod,A1000288.6601,,116,S1000288.72323,SALE,2,7.9,15.8,0.0,0.0,0.0,0.0,106,Neptun-Ringe,Beilagen,,MwSt. 7%,1.07,14.766355,1.033645,Normalverkauf
S1000288.72324,SP1000288.7.72324,SY1000288.2026.72324,iPad1(1000288),288,03.06.26 12:25,Prod,A1000288.6602,Tisch 19,110,S1000288.72324,SALE,1,3.9,3.9,0.0,0.0,0.0,0.0,124,Cola Zero,Getränke,,MwSt. 19%,1.19,3.277311,0.622689,Normalverkauf
S1000288.72325,SP1000288.7.72325,SY1000288.2026.72325,iPad1(1000288),288,03.06.26 15:22,Prod,A1000288.6603,Tisch 22,116,S1000288.72325,SALE,1,13.5,13.5,0.0,0.0,0.0,0.0,102,Matjes,Hauptspeisen,,MwSt. 7%,1.07,12.616822,0.883178,Normalverkauf
S1000288.72326,SP1000288.7.72326,SY1000288.2026.72326,iPad1(1000288),288,03.06.26 15:22,Prod,A1000288.6603,Tisch 22,116,S1000288.72326,SALE,2,2.8,5.6,0.0,0.0,0.0,0.0,121,Mineralwasser,Getränke,,MwSt. 19%,1.19,4.705882,0.894118,Normalverkauf
S1000288.72327,SP1000288.7.72327,SY1000288.2026.72327,iPad1(1000288),288,03.06.26 15:22,Prod,A1000288.6603,Tisch 22,116,S1000288.72327,SALE,2,6.9,13.8,0.0,0.0,0.0,0.0,103,Fischbrötchen Räucherlachs,Hauptspeisen,,MwSt. 7%,1.07,12.897196,0.902804,Normalverkauf
S1000288.72328,SP1000288.7.72328,SY1000288.2026.72328,iPad1(1000288),288,03.06.26 19:50,Prod,A1000288.6604,,101,S1000288.72328,SALE,2,10.9,21.8,0.0,0.0,0.0,0.0,107,Chicken Burger,Hauptgerichte,,MwSt. 7%,1.07,20.373832,1.426168,Normalverkauf
S1000288.72329,SP1000288.7.72329,SY1000288.2026.72329,iPad1(1000288),288,03.06.26 19:50,Prod,A1000288.6604,,101,S1000288.72329,SALE,1,6.9,6.9,0.0,0.0,0.0,0.0,113,Garnelen Box,Beilagen,,MwSt. 7%,1.07,6.448598,0.451402,Normalverkauf
S1000288.72330,SP1000288.7.72330,SY1000288.2026.72330,iPad1(1000288),288,03.06.26 19:50,Prod,A1000288.6604,,101,S1000288.72330,SALE,1,10.9,10.9,0.0,0.0,0.0,0.0,104,Thunfisch Wrap,Hauptgerichte,,MwSt. 7%,1.07,10.186916,0.713084,Normalverkauf
S1000288.72331,SP1000288.7.72331,SY1000288.2026.72331,iPad1(1000288),288,03.06.26 17:41,Prod,A1000288.6605,Tisch 21,110,S1000288.72331,SALE,2,5.9,11.8,0.0,0.0,0.0,0.0,125,Zitronen-Limonade,Getränke,,MwSt. 19%,1.19,9.915966,1.884034,Normalverkauf
S1000288.72332,SP1000288.7.72332,SY1000288.2026.72332,iPad1(1000288),288,03.06.26 17:41,Prod,A1000288.6605,Tisch 21,110,S1000288.72332,SALE,1,3.9,3.9,0.0,0.0,0.0,0.0,124,Cola Zero,Getränke,,MwSt. 19%,1.19,3.277311,0.622689,Normalverkauf
S1000288.72333,SP1000288.7.72333,SY1000288.2026.72333,iPad1(1000288),288,03.06.26 16:25,Prod,A1000288.6606,,119,S1000288.72333,VOID,2,11.5,23.0,0.0,0.0,0.0,0.0,105,Garnelen-Kimchi-Bruger,Hauptgerichte,,MwSt. 7%,1.07,21.495327,1.504673,Normalverkauf
S1000288.72334,SP1000288.7.72334,SY1000288.2026.72334,iPad1(1000288),288,03.06.26 17:20,Prod,A1000288.6607,Tisch 7,107,S1000288.72334,SALE,1,14.5,14.5,0.0,0.0,0.0,0.0,101,Lachs,Hauptspeisen,,MwSt. 7%,1.07,13.551402,0.948598,Normalverkauf
S1000288.72335,SP1000288.7.72335,SY1000288.2026.72335,iPad1(1000288),288,03.06.26 17:20,Prod,A1000288.6607,Tisch 7,107,S1000288.72335,SALE,1,6.5,6.5,0.0,0.0,0.0,0.0,100,Fischbrötchen Backfisch,Hauptspeisen,,MwSt. 7%,1.07,6.074766,0.425234,Normalverkauf
S1000288.72336,SP1000288.7.72336,SY1000288.2026.72336,iPad1(1000288),288,03.06.26 17:20,Prod,A1000288.6607,Tisch 7,107,S1000288.72336,SALE,1,5.9,5.9,0.0,0.0,0.0,0.0,117,Rote Grütze,Desserts,,MwSt. 7%,1.07,5.514019,0.385981,Normalverkauf
S1000288.72337,SP1000288.7.72337,SY1000288.2026.72337,iPad1(1000288),288,03.06.26 15:16,Prod,A1000288.6608,Tisch 17,119,S1000288.72337,SALE,1,6.5,6.5,0.0,0.0,0.0,0.0,100,Fischbrötchen Backfisch,Hauptspeisen,,MwSt. 7%,1.07,6.074766,0.425234,Normalverkauf
S1000288.72338,SP1000288.7.72338,SY1000288.2026.72338,iPad1(1000288),288,03.06.26 15:16,Prod,A1000288.6608,Tisch 17,119,S1000288.72338,SALE,2,6.5,13.0,0.0,0.0,0.0,0.0,100,Fischbrötchen Backfisch,Hauptspeisen,,MwSt. 7%,1.07,12.149533,0.850467,Normalverkauf
S1000288.72339,SP1000288.7.72339,SY1000288.2026.72339,iPad1(1000288),288,03.06.26 15:16,Prod,A1000288.6608,Tisch 17,119,S1000288.72339,SALE,2,10.9,21.8,0.0,0.0,0.0,0.0,107,Chicken Burger,Hauptgerichte,,MwSt. 7%,1.07,20.373832,1.426168,Normalverkauf
S1000288.72340,SP1000288.7.72340,SY1000288.2026.72340,iPad1(1000288),288,03.06.26 20:37,Prod,A1000288.6609,Tisch 10,107,S1000288.72340,SALE,2,5.9,11.8,0.0,0.0,0.0,0.0,125,Zitronen-Limonade,Getränke,,MwSt. 19%,1.19,9.915966,1.884034,Normalverkauf
S1000288.72341,SP1000288.7.72341,SY1000288.2026.72341,iPad1(1000288),288,03.06.26 20:37,Prod,A1000288.6609,Tisch 10,107,S1000288.72341,SALE,2,6.5,13.0,0.0,0.0,0.0,0.0,118,Schokokuchen,Desserts,,MwSt. 7%,1.07,12.149533,0.850467,Normalverkauf
S1000288.72342,SP1000288.7.72342,SY1000288.2026.72342,iPad1(1000288),288,03.06.26 20:37,Prod,A1000288.6609,Tisch 10,107,S1000288.72342,SALE,1,3.2,3.2,0.0,0.0,0.0,0.0,120,Apfelschorle,Getränke,,MwSt. 19%,1.19,2.689076,0.510924,Normalverkauf
S1000288.72343,SP1000288.7.72343,SY1000288.2026.72343,iPad1(1000288),288,03.06.26 17:16,Prod,A1000288.6610,Tisch 18,101,S1000288.72343,SALE,1,3.9,3.9,0.0,0.0,0.0,0.0,126,Spezi,Getränke,,MwSt. 19%,1.19,3.277311,0.622689,Normalverkauf
S1000288.72344,SP1000288.7.72344,SY1000288.2026.72344,iPad1(1000288),288,03.06.26 17:16,Prod,A1000288.6610,Tisch 18,101,S1000288.72344,SALE,1,3.9,3.9,0.0,0.0,0.0,0.0,126,Spezi,Getränke,,MwSt. 19%,1.19,3.277311,0.622689,Normalverkauf
S1000288.72345,SP1000288.7.72345,SY1000288.2026.72345,iPad1(1000288),288,03.06.26 10:12,Prod,A1000288.6611,Tisch 3,116,S1000288.72345,SALE,1,11.9,11.9,0.0,0.0,0.0,0.0,110,Matjes-Baguette,Hauptgerichte,,MwSt. 7%,1.07,11.121495,0.778505,Normalverkauf
S1000288.72346,SP1000288.7.72346,SY1000288.2026.72346,iPad1(1000288),288,03.06.26 10:12,Prod,A1000288.6611,Tisch 3,116,S1000288.72346,SALE,2,5.5,11.0,0.0,0.0,0.0,0.0,111,Pommes Frites,Beilagen,,MwSt. 7%,1.07,10.280374,0.719626,Normalverkauf
S1000288.72347,SP1000288.7.72347,SY1000288.2026.72347,iPad1(1000288),288,03.06.26 10:12,Prod,A1000288.6611,Tisch 3,116,S1000288.72347,SALE,1,3.2,3.2,0.0,0.0,0.0,0.0,120,Apfelschorle,Getränke,,MwSt. 19%,1.19,2.689076,0.510924,Normalverkauf
S1000288.72348,SP1000288.7.72348,SY1000288.2026.72348,iPad1(1000288),288,03.06.26 13:46,Prod,A1000288.6612,Tisch 12,116,S1000288.72348,SALE,2,6.5,13.0,0.0,0.0,0.0,0.0,100,Fischbrötchen Backfisch,Hauptspeisen,,MwSt. 7%,1.07,12.149533,0.850467,Normalverkauf
S1000288.72349,SP1000288.7.72349,SY1000288.2026.72349,iPad1(1000288),288,03.06.26 16:18,Prod,A1000288.6613,Tisch 19,101,S1000288.72349,SALE,1,3.9,3.9,0.0,0.0,0.0,0.0,124,Cola Zero,Getränke,,MwSt. 19%,1.19,3.277311,0.622689,Normalverkauf
S1000288.72350,SP1000288.7.72350,SY1000288.2026.72350,iPad1(1000288),288,03.06.26 16:18,Prod,A1000288.6613,Tisch 19,101,S1000288.72350,SALE,1,5.9,5.9,0.0,0.0,0.0,0.0,123,Inger-Limonade,Getränke,,MwSt. 19%,1.19,4.957983,0.942017,Normalverkauf
S1000288.72351,SP1000288.7.72351,SY1000288.2026.72351,iPad1(1000288),288,03.06.26 17:40,Prod,A1000288.6614,,119,S1000288.72351,SALE,2,3.2,6.4,0.0,0.0,0.0,0.0,120,Apfelschorle,Getränke,,MwSt. 19%,1.19,5.378151,1.021849,Normalverkauf
S1000288.72352,SP1000288.7.72352,SY1000288.2026.72352,iPad1(1000288),288,03.06.26 17:40,Prod,A1000288.6614,,119,S1000288.72352,SALE,1,6.5,6.5,0.0,0.0,0.0,0.0,100,Fischbrötchen Backfisch,Hauptspeisen,,MwSt. 7%,1.07,6.074766,0.425234,Normalverkauf
S1000288.72353,SP1000288.7.72353,SY1000288.2026.72353,iPad1(1000288),288,03.06.26 09:44,Prod,A1000288.6615,Tisch 5,110,S1000288.72353,SALE,1,2.8,2.8,0.0,0.0,0.0,0.0,121,Mineralwasser,Getränke,,MwSt. 19%,1.19,2.352941,0.447059,Normalverkauf
S1000288.72354,SP1000288.7.72354,SY1000288.2026.72354,iPad1(1000288),288,03.06.26 09:44,Prod,A1000288.6615,Tisch 5,110,S1000288.72354,SALE,2,5.5,11.0,0.0,0.0,0.0,0.0,111,Pommes Frites,Beilagen,,MwSt. 7%,1.07,10.280374,0.719626,Normalverkauf
S1000288.72355,SP1000288.7.72355,SY1000288.2026.72355,iPad1(1000288),288,03.06.26 08:00,Prod,A1000288.6616,Tisch 19,107,S1000288.72355,SALE,1,7.9,7.9,0.0,0.0,0.0,0.0,106,Neptun-Ringe,Beilagen,,MwSt. 7%,1.07,7.383178,0.516822,Normalverkauf
S1000288.72356,SP1000288.7.72356,SY1000288.2026.72356,iPad1(1000288),288,03.06.26 20:12,Prod,A1000288.6617,Tisch 12,107,S1000288.72356,SALE,2,5.9,11.8,0.0,0.0,0.0,0.0,123,Inger-Limonade,Getränke,,MwSt. 19%,1.19,9.915966,1.884034,Normalverkauf
S1000288.72357,SP1000288.7.72357,SY1000288.2026.72357,iPad1(1000288),288,03.06.26 20:12,Prod,A1000288.6617,Tisch 12,107,S1000288.72357,SALE,2,7.9,15.8,0.0,0.0,0.0,0.0,106,Neptun-Ringe,Beilagen,,MwSt. 7%,1.07,14.766355,1.033645,Normalverkauf
S1000288.72358,SP1000288.7.72358,SY1000288.2026.72358,iPad1(1000288),288,03.06.26 15:01,Prod,A1000288.6618,Tisch 24,116,S1000288.72358,SALE,2,7.9,15.8,0.0,0.0,0.0,0.0,106,Neptun-Ringe,Beilagen,,MwSt. 7%,1.07,14.766355,1.033645,Normalverkauf
S1000288.72359,SP1000288.7.72359,SY1000288.2026.72359,iPad1(1000288),288,03.06.26 15:01,Prod,A1000288.6618,Tisch 24,116,S1000288.72359,SALE,2,3.9,7.8,0.0,0.0,0.0,0.0,119,Cola,Getränke,,MwSt. 19%,1.19,6.554622,1.245378,Normalverkauf
S1000288.72360,SP1000288.7.72360,SY1000288.2026.72360,iPad1(1000288),288,03.06.26 15:01,Prod,A1000288.6618,Tisch 24,116,S1000288.72360,SALE,1,4.2,4.2,0.0,0.0,0.0,0.0,122,Bier,Getränke,,MwSt. 19%,1.19,3.529412,0.670588,Normalverkauf
S1000288.72361,SP1000288.7.72361,SY1000288.2026.72361,iPad1(1000288),288,03.06.26 10:26,Prod,A1000288.6619,Tisch 23,107,S1000288.72361,SALE,2,5.5,11.0,0.0,0.0,0.0,0.0,111,Pommes Frites,Beilagen,,MwSt. 7%,1.07,10.280374,0.719626,Normalverkauf
S1000288.72362,SP1000288.7.72362,SY1000288.2026.72362,iPad1(1000288),288,03.06.26 15:47,Prod,A1000288.6620,,110,S1000288.72362,SALE,2,7.9,15.8,0.0,0.0,0.0,0.0,115,Tiramisu,Desserts,,MwSt. 7%,1.07,14.766355,1.033645,Normalverkauf
S1000288.72363,SP1000288.7.72363,SY1000288.2026.72363,iPad1(1000288),288,03.06.26 11:58,Prod,A1000288.6621,Tisch 15,110,S1000288.72363,SALE,2,3.9,7.8,0.0,0.0,0.0,0.0,126,Spezi,Getränke,,MwSt. 19%,1.19,6.554622,1.245378,Normalverkauf
S1000288.72364,SP1000288.7.72364,SY1000288.2026.72364,iPad1(1000288),288,03.06.26 11:58,Prod,A1000288.6621,Tisch 15,110,S1000288.72364,SALE,2,3.9,7.8,0.0,0.0,0.0,0.0,126,Spezi,Getränke,,MwSt. 19%,1.19,6.554622,1.245378,Normalverkauf
S1000288.72365,SP1000288.7.72365,SY1000288.2026.72365,iPad1(1000288),288,03.06.26 11:58,Prod,A1000288.6621,Tisch 15,110,S1000288.72365,SALE,2,10.9,21.8,0.0,0.0,0.0,0.0,107,Chicken Burger,Hauptgerichte,,MwSt. 7%,1.07,20.373832,1.426168,Normalverkauf
S1000288.72366,SP1000288.7.72366,SY1000288.2026.72366,iPad1(1000288),288,03.06.26 17:40,Prod,A1000288.6622,Tisch 5,110,S1000288.72366,SALE,2,14.5,29.0,0.0,0.0,0.0,0.0,101,Lachs,Hauptspeisen,,MwSt. 7%,1.07,27.102804,1.897196,Normalverkauf
S1000288.72367,SP1000288.7.72367,SY1000288.2026.72367,iPad1(1000288),288,03.06.26 17:40,Prod,A1000288.6622,Tisch 5,110,S1000288.72367,SALE,1,5.9,5.9,0.0,0.0,0.0,0.0,125,Zitronen-Limonade,Getränke,,MwSt. 19%,1.19,4.957983,0.942017,Normalverkauf
S1000288.72368,SP1000288.7.72368,SY1000288.2026.72368,iPad1(1000288),288,03.06.26 17:40,Prod,A1000288.6622,Tisch 5,110,S1000288.72368,SALE,2,4.2,8.4,0.0,0.0,0.0,0.0,122,Bier,Getränke,,MwSt. 19%,1.19,7.058824,1.341176,Normalverkauf
S1000288.72369,SP1000288.7.72369,SY1000288.2026.72369,iPad1(1000288),288,03.06.26 17:30,Prod,A1000288.6623,Tisch 9,101,S1000288.72369,SALE,2,6.5,13.0,0.0,0.0,0.0,0.0,100,Fischbrötchen Backfisch,Hauptspeisen,,MwSt. 7%,1.07,12.149533,0.850467,Normalverkauf
S1000288.72370,SP1000288.7.72370,SY1000288.2026.72370,iPad1(1000288),288,03.06.26 17:30,Prod,A1000288.6623,Tisch 9,101,S1000288.72370,SALE,2,10.9,21.8,0.0,0.0,0.0,0.0,107,Chicken Burger,Hauptgerichte,,MwSt. 7%,1.07,20.373832,1.426168,Normalverkauf
S1000288.72371,SP1000288.7.72371,SY1000288.2026.72371,iPad1(1000288),288,03.06.26 17:30,Prod,A1000288.6623,Tisch 9,101,S1000288.72371,SALE,2,10.9,21.8,0.0,0.0,0.0,0.0,107,Chicken Burger,Hauptgerichte,,MwSt. 7%,1.07,20.373832,1.426168,Normalverkauf
S1000288.72372,SP1000288.7.72372,SY1000288.2026.72372,iPad1(1000288),288,03.06.26 16:51,Prod,A1000288.6624,,110,S1000288.72372,SALE,2,5.5,11.0,0.0,0.0,0.0,0.0,114,Fisch Nuggets Box,Beilagen,,MwSt. 7%,1.07,10.280374,0.719626,Normalverkauf
S1000288.72373,SP1000288.7.72373,SY1000288.2026.72373,iPad1(1000288),288,03.06.26 16:51,Prod,A1000288.6624,,110,S1000288.72373,SALE,2,3.9,7.8,0.0,0.0,0.0,0.0,127,Alkoholfreies Bier,Getränke,,MwSt. 19%,1.19,6.554622,1.245378,Normalverkauf
S1000288.72374,SP1000288.7.72374,SY1000288.2026.72374,iPad1(1000288),288,03.06.26 20:13,Prod,A1000288.6625,Tisch 21,110,S1000288.72374,SALE,2,10.9,21.8,0.0,0.0,0.0,0.0,104,Thunfisch Wrap,Hauptgerichte,,MwSt. 7%,1.07,20.373832,1.426168,Normalverkauf
S1000288.72375,SP1000288.7.72375,SY1000288.2026.72375,iPad1(1000288),288,03.06.26 19:55,Prod,A1000288.6626,Tisch 22,110,S1000288.72375,SALE,2,6.5,13.0,0.0,0.0,0.0,0.0,100,Fischbrötchen Backfisch,Hauptspeisen,,MwSt. 7%,1.07,12.149533,0.850467,Normalverkauf
S1000288.72376,SP1000288.7.72376,SY1000288.2026.72376,iPad1(1000288),288,03.06.26 19:55,Prod,A1000288.6626,Tisch 22,110,S1000288.72376,SALE,1,11.5,11.5,0.0,0.0,0.0,0.0,105,Garnelen-Kimchi-Bruger,Hauptgerichte,,MwSt. 7%,1.07,10.747664,0.752336,Normalverkauf
S1000288.72377,SP1000288.7.72377,SY1000288.2026.72377,iPad1(1000288),288,03.06.26 16:19,Prod,A1000288.6627,Tisch 7,110,S1000288.72377,SALE,2,4.2,8.4,0.0,0.0,0.0,0.0,122,Bier,Getränke,,MwSt. 19%,1.19,7.058824,1.341176,Normalverkauf
S1000288.72378,SP1000288.7.72378,SY1000288.2026.72378,iPad1(1000288),288,03.06.26 16:19,Prod,A1000288.6627,Tisch 7,110,S1000288.72378,SALE,2,11.9,23.8,0.0,0.0,0.0,0.0,110,Matjes-Baguette,Hauptgerichte,,MwSt. 7%,1.07,22.242991,1.557009,Normalverkauf
S1000288.72379,SP1000288.7.72379,SY1000288.2026.72379,iPad1(1000288),288,03.06.26 16:19,Prod,A1000288.6627,Tisch 7,110,S1000288.72379,SALE,1,11.5,11.5,0.0,0.0,0.0,0.0,105,Garnelen-Kimchi-Bruger,Hauptgerichte,,MwSt. 7%,1.07,10.747664,0.752336,Normalverkauf
S1000288.72380,SP1000288.7.72380,SY1000288.2026.72380,iPad1(1000288),288,03.06.26 08:58,Prod,A1000288.6628,Tisch 6,101,S1000288.72380,SALE,2,6.9,13.8,0.0,0.0,0.0,0.0,113,Garnelen Box,Beilagen,,MwSt. 7%,1.07,12.897196,0.902804,Normalverkauf
S1000288.72381,SP1000288.7.72381,SY1000288.2026.72381,iPad1(1000288),288,03.06.26 08:58,Prod,A1000288.6628,Tisch 6,101,S1000288.72381,SALE,1,4.2,4.2,0.0,0.0,0.0,0.0,122,Bier,Getränke,,MwSt. 19%,1.19,3.529412,0.670588,Normalverkauf
S1000288.72382,SP1000288.7.72382,SY1000288.2026.72382,iPad1(1000288),288,03.06.26 19:06,Prod,A1000288.6629,Tisch 11,107,S1000288.72382,SALE,1,6.9,6.9,0.0,0.0,0.0,0.0,113,Garnelen Box,Beilagen,,MwSt. 7%,1.07,6.448598,0.451402,Normalverkauf
S1000288.72383,SP1000288.7.72383,SY1000288.2026.72383,iPad1(1000288),288,03.06.26 19:06,Prod,A1000288.6629,Tisch 11,107,S1000288.72383,SALE,1,10.9,10.9,0.0,0.0,0.0,0.0,104,Thunfisch Wrap,Hauptgerichte,,MwSt. 7%,1.07,10.186916,0.713084,Normalverkauf
S1000288.72384,SP1000288.7.72384,SY1000288.2026.72384,iPad1(1000288),288,03.06.26 19:06,Prod,A1000288.6629,Tisch 11,107,S1000288.72384,SALE,1,10.9,10.9,0.0,0.0,0.0,0.0,109,Bismarck-Baguette,Hauptgerichte,,MwSt. 7%,1.07,10.186916,0.713084,Normalverkauf
S1000288.72385,SP1000288.7.72385,SY1000288.2026.72385,iPad1(1000288),288,03.06.26 19:14,Prod,A1000288.6630,,119,S1000288.72385,SALE,2,4.2,8.4,0.0,0.0,0.0,0.0,122,Bier,Getränke,,MwSt. 19%,1.19,7.058824,1.341176,Normalverkauf
S1000288.72386,SP1000288.7.72386,SY1000288.2026.72386,iPad1(1000288),288,03.06.26 19:14,Prod,A1000288.6630,,119,S1000288.72386,SALE,1,4.2,4.2,0.0,0.0,0.0,0.0,122,Bier,Getränke,,MwSt. 19%,1.19,3.529412,0.670588,Normalverkauf
S1000288.72387,SP1000288.7.72387,SY1000288.2026.72387,iPad1(1000288),288,03.06.26 19:14,Prod,A1000288.6630,,119,S1000288.72387,SALE,1,14.5,14.5,0.0,0.0,0.0,0.0,101,Lachs,Hauptspeisen,,MwSt. 7%,1.07,13.551402,0.948598,Normalverkauf
S1000288.72388,SP1000288.7.72388,SY1000288.2026.72388,iPad1(1000288),288,03.06.26 19:44,Prod,A1000288.6631,Tisch 8,110,S1000288.72388,VOID,2,7.9,15.8,0.0,0.0,0.0,0.0,106,Neptun-Ringe,Beilagen,,MwSt. 7%,1.07,14.766355,1.033645,Normalverkauf
S1000288.72389,SP1000288.7.72389,SY1000288.2026.72389,iPad1(1000288),288,03.06.26 19:44,Prod,A1000288.6631,Tisch 8,110,S1000288.72389,VOID,1,9.8,9.8,0.0,0.0,0.0,0.0,108,Seelachs-Ei-Baugette,Hauptgerichte,,MwSt. 7%,1.07,9.158879,0.641121,Normalverkauf
S1000288.72390,SP1000288.7.72390,SY1000288.2026.72390,iPad1(1000288),288,03.06.26 19:44,Prod,A1000288.6631,Tisch 8,110,S1000288.72390,VOID,1,10.9,10.9,0.0,0.0,0.0,0.0,104,Thunfisch Wrap,Hauptgerichte,,MwSt. 7%,1.07,10.186916,0.713084,Normalverkauf
S1000288.72391,SP1000288.7.72391,SY1000288.2026.72391,iPad1(1000288),288,03.06.26 11:12,Prod,A1000288.6632,Tisch 17,119,S1000288.72391,SALE,1,3.9,3.9,0.0,0.0,0.0,0.0,119,Cola,Getränke,,MwSt. 19%,1.19,3.277311,0.622689,Normalverkauf
S1000288.72392,SP1000288.7.72392,SY1000288.2026.72392,iPad1(1000288),288,03.06.26 11:12,Prod,A1000288.6632,Tisch 17,119,S1000288.72392,SALE,2,5.5,11.0,0.0,0.0,0.0,0.0,114,Fisch Nuggets Box,Beilagen,,MwSt. 7%,1.07,10.280374,0.719626,Normalverkauf
S1000288.72393,SP1000288.7.72393,SY1000288.2026.72393,iPad1(1000288),288,03.06.26 19:49,Prod,A1000288.6633,Tisch 9,101,S1000288.72393,SALE,1,11.5,11.5,0.0,0.0,0.0,0.0,105,Garnelen-Kimchi-Bruger,Hauptgerichte,,MwSt. 7%,1.07,10.747664,0.752336,Normalverkauf
S1000288.72394,SP1000288.7.72394,SY1000288.2026.72394,iPad1(1000288),288,03.06.26 19:49,Prod,A1000288.6633,Tisch 9,101,S1000288.72394,SALE,2,6.5,13.0,0.0,0.0,0.0,0.0,100,Fischbrötchen Backfisch,Hauptspeisen,,MwSt. 7%,1.07,12.149533,0.850467,Normalverkauf
S1000288.72395,SP1000288.7.72395,SY1000288.2026.72395,iPad1(1000288),288,03.06.26 09:27,Prod,A1000288.6634,Tisch 3,101,S1000288.72395,SALE,1,10.9,10.9,0.0,0.0,0.0,0.0,107,Chicken Burger,Hauptgerichte,,MwSt. 7%,1.07,10.186916,0.713084,Normalverkauf
S1000288.72396,SP1000288.7.72396,SY1000288.2026.72396,iPad1(1000288),288,03.06.26 09:27,Prod,A1000288.6634,Tisch 3,101,S1000288.72396,SALE,2,4.9,9.8,0.0,0.0,0.0,0.0,112,Kartoffelwedges,Beilagen,,MwSt. 7%,1.07,9.158879,0.641121,Normalverkauf
S1000288.72397,SP1000288.7.72397,SY1000288.2026.72397,iPad1(1000288),288,03.06.26 09:27,Prod,A1000288.6634,Tisch 3,101,S1000288.72397,SALE,2,3.9,7.8,0.0,0.0,0.0,0.0,124,Cola Zero,Getränke,,MwSt. 19%,1.19,6.554622,1.245378,Normalverkauf
S1000288.72398,SP1000288.7.72398,SY1000288.2026.72398,iPad1(1000288),288,03.06.26 12:52,Prod,A1000288.6635,Tisch 12,116,S1000288.72398,SALE,2,3.9,7.8,0.0,0.0,0.0,0.0,119,Cola,Getränke,,MwSt. 19%,1.19,6.554622,1.245378,Normalverkauf
S1000288.72399,SP1000288.7.72399,SY1000288.2026.72399,iPad1(1000288),288,03.06.26 13:32,Prod,A1000288.6636,Tisch 11,107,S1000288.72399,SALE,2,9.8,19.6,0.0,0.0,0.0,0.0,108,Seelachs-Ei-Baugette,Hauptgerichte,,MwSt. 7%,1.07,18.317757,1.282243,Normalverkauf
S1000288.72400,SP1000288.7.72400,SY1000288.2026.72400,iPad1(1000288),288,03.06.26 13:32,Prod,A1000288.6636,Tisch 11,107,S1000288.72400,SALE,1,3.9,3.9,0.0,0.0,0.0,0.0,119,Cola,Getränke,,MwSt. 19%,1.19,3.277311,0.622689,Normalverkauf
S1000288.72401,SP1000288.7.72401,SY1000288.2026.72401,iPad1(1000288),288,03.06.26 13:32,Prod,A1000288.6636,Tisch 11,107,S1000288.72401,SALE,1,14.5,14.5,0.0,0.0,0.0,0.0,101,Lachs,Hauptspeisen,,MwSt. 7%,1.07,13.551402,0.948598,Normalverkauf
S1000288.72402,SP1000288.7.72402,SY1000288.2026.72402,iPad1(1000288),288,03.06.26 19:46,Prod,A1000288.6637,Tisch 23,110,S1000288.72402,SALE,2,2.8,5.6,0.0,0.0,0.0,0.0,121,Mineralwasser,Getränke,,MwSt. 19%,1.19,4.705882,0.894118,Normalverkauf
S1000288.72403,SP1000288.7.72403,SY1000288.2026.72403,iPad1(1000288),288,03.06.26 19:46,Prod,A1000288.6637,Tisch 23,110,S1000288.72403,SALE,1,10.9,10.9,0.0,0.0,0.0,0.0,104,Thunfisch Wrap,Hauptgerichte,,MwSt. 7%,1.07,10.186916,0.713084,Normalverkauf
S1000288.72404,SP1000288.7.72404,SY1000288.2026.72404,iPad1(1000288),288,03.06.26 19:46,Prod,A1000288.6637,Tisch 23,110,S1000288.72404,SALE,2,7.9,15.8,0.0,0.0,0.0,0.0,106,Neptun-Ringe,Beilagen,,MwSt. 7%,1.07,14.766355,1.033645,Normalverkauf
S1000288.72405,SP1000288.7.72405,SY1000288.2026.72405,iPad1(1000288),288,03.06.26 11:35,Prod,A1000288.6638,Tisch 18,110,S1000288.72405,SALE,1,10.9,10.9,0.0,0.0,0.0,0.0,104,Thunfisch Wrap,Hauptgerichte,,MwSt. 7%,1.07,10.186916,0.713084,Normalverkauf
S1000288.72406,SP1000288.7.72406,SY1000288.2026.72406,iPad1(1000288),288,03.06.26 11:35,Prod,A1000288.6638,Tisch 18,110,S1000288.72406,SALE,1,5.9,5.9,0.0,0.0,0.0,0.0,116,Vanillequark,Desserts,,MwSt. 7%,1.07,5.514019,0.385981,Normalverkauf
S1000288.72407,SP1000288.7.72407,SY1000288.2026.72407,iPad1(1000288),288,03.06.26 11:35,Prod,A1000288.6638,Tisch 18,110,S1000288.72407,SALE,2,10.9,21.8,0.0,0.0,0.0,0.0,104,Thunfisch Wrap,Hauptgerichte,,MwSt. 7%,1.07,20.373832,1.426168,Normalverkauf
S1000288.72408,SP1000288.7.72408,SY1000288.2026.72408,iPad1(1000288),288,03.06.26 12:34,Prod,A1000288.6639,,110,S1000288.72408,SALE,1,4.9,4.9,0.0,0.0,0.0,0.0,112,Kartoffelwedges,Beilagen,,MwSt. 7%,1.07,4.579439,0.320561,Normalverkauf
S1000288.72409,SP1000288.7.72409,SY1000288.2026.72409,iPad1(1000288),288,03.06.26 12:34,Prod,A1000288.6639,,110,S1000288.72409,SALE,1,3.9,3.9,0.0,0.0,0.0,0.0,119,Cola,Getränke,,MwSt. 19%,1.19,3.277311,0.622689,Normalverkauf
S1000288.72410,SP1000288.7.72410,SY1000288.2026.72410,iPad1(1000288),288,03.06.26 11:42,Prod,A1000288.6640,Tisch 18,101,S1000288.72410,SALE,2,6.5,13.0,0.0,0.0,0.0,0.0,100,Fischbrötchen Backfisch,Hauptspeisen,,MwSt. 7%,1.07,12.149533,0.850467,Normalverkauf
S1000288.72411,SP1000288.7.72411,SY1000288.2026.72411,iPad1(1000288),288,03.06.26 19:31,Prod,A1000288.6641,Tisch 7,119,S1000288.72411,SALE,1,5.5,5.5,0.0,0.0,0.0,0.0,111,Pommes Frites,Beilagen,,MwSt. 7%,1.07,5.140187,0.359813,Normalverkauf
S1000288.72412,SP1000288.7.72412,SY1000288.2026.72412,iPad1(1000288),288,03.06.26 19:31,Prod,A1000288.6641,Tisch 7,119,S1000288.72412,SALE,1,9.8,9.8,0.0,0.0,0.0,0.0,108,Seelachs-Ei-Baugette,Hauptgerichte,,MwSt. 7%,1.07,9.158879,0.641121,Normalverkauf
S1000288.72413,SP1000288.7.72413,SY1000288.2026.72413,iPad1(1000288),288,03.06.26 19:31,Prod,A1000288.6641,Tisch 7,119,S1000288.72413,SALE,1,4.9,4.9,0.0,0.0,0.0,0.0,112,Kartoffelwedges,Beilagen,,MwSt. 7%,1.07,4.579439,0.320561,Normalverkauf
S1000288.72414,SP1000288.7.72414,SY1000288.2026.72414,iPad1(1000288),288,03.06.26 16:17,Prod,A1000288.6642,Tisch 4,110,S1000288.72414,VOID,2,10.9,21.8,0.0,0.0,0.0,0.0,109,Bismarck-Baguette,Hauptgerichte,,MwSt. 7%,1.07,20.373832,1.426168,Normalverkauf
S1000288.72415,SP1000288.7.72415,SY1000288.2026.72415,iPad1(1000288),288,03.06.26 16:17,Prod,A1000288.6642,Tisch 4,110,S1000288.72415,VOID,1,7.9,7.9,0.0,0.0,0.0,0.0,106,Neptun-Ringe,Beilagen,,MwSt. 7%,1.07,7.383178,0.516822,Normalverkauf
S1000288.72416,SP1000288.7.72416,SY1000288.2026.72416,iPad1(1000288),288,03.06.26 16:17,Prod,A1000288.6642,Tisch 4,110,S1000288.72416,VOID,1,6.5,6.5,0.0,0.0,0.0,0.0,100,Fischbrötchen Backfisch,Hauptspeisen,,MwSt. 7%,1.07,6.074766,0.425234,Normalverkauf
S1000288.72417,SP1000288.7.72417,SY1000288.2026.72417,iPad1(1000288),288,03.06.26 15:20,Prod,A1000288.6643,Tisch 14,110,S1000288.72417,VOID,2,13.5,27.0,0.0,0.0,0.0,0.0,102,Matjes,Hauptspeisen,,MwSt. 7%,1.07,25.233645,1.766355,Normalverkauf
S1000288.72418,SP1000288.7.72418,SY1000288.2026.72418,iPad1(1000288),288,03.06.26 12:26,Prod,A1000288.6644,Tisch 12,119,S1000288.72418,SALE,1,6.5,6.5,0.0,0.0,0.0,0.0,118,Schokokuchen,Desserts,,MwSt. 7%,1.07,6.074766,0.425234,Normalverkauf
S1000288.72419,SP1000288.7.72419,SY1000288.2026.72419,iPad1(1000288),288,03.06.26 12:26,Prod,A1000288.6644,Tisch 12,119,S1000288.72419,SALE,2,5.9,11.8,0.0,0.0,0.0,0.0,125,Zitronen-Limonade,Getränke,,MwSt. 19%,1.19,9.915966,1.884034,Normalverkauf
S1000288.72420,SP1000288.7.72420,SY1000288.2026.72420,iPad1(1000288),288,03.06.26 20:07,Prod,A1000288.6645,Tisch 18,110,S1000288.72420,SALE,1,3.9,3.9,0.0,0.0,0.0,0.0,119,Cola,Getränke,,MwSt. 19%,1.19,3.277311,0.622689,Normalverkauf
S1000288.72421,SP1000288.7.72421,SY1000288.2026.72421,iPad1(1000288),288,04.06.26 12:02,Prod,A1000288.6646,Tisch 1,110,S1000288.72421,SALE,1,6.5,6.5,0.0,0.0,0.0,0.0,100,Fischbrötchen Backfisch,Hauptspeisen,,MwSt. 7%,1.07,6.074766,0.425234,Normalverkauf
S1000288.72422,SP1000288.7.72422,SY1000288.2026.72422,iPad1(1000288),288,04.06.26 11:01,Prod,A1000288.6647,Tisch 1,107,S1000288.72422,SALE,1,6.9,6.9,0.0,0.0,0.0,0.0,113,Garnelen Box,Beilagen,,MwSt. 7%,1.07,6.448598,0.451402,Normalverkauf
S1000288.72423,SP1000288.7.72423,SY1000288.2026.72423,iPad1(1000288),288,04.06.26 11:01,Prod,A1000288.6647,Tisch 1,107,S1000288.72423,SALE,1,11.5,11.5,0.0,0.0,0.0,0.0,105,Garnelen-Kimchi-Bruger,Hauptgerichte,,MwSt. 7%,1.07,10.747664,0.752336,Normalverkauf
S1000288.72424,SP1000288.7.72424,SY1000288.2026.72424,iPad1(1000288),288,04.06.26 12:53,Prod,A1000288.6648,Tisch 16,110,S1000288.72424,VOID,1,6.9,6.9,0.0,0.0,0.0,0.0,103,Fischbrötchen Räucherlachs,Hauptspeisen,,MwSt. 7%,1.07,6.448598,0.451402,Normalverkauf
S1000288.72425,SP1000288.7.72425,SY1000288.2026.72425,iPad1(1000288),288,04.06.26 12:53,Prod,A1000288.6648,Tisch 16,110,S1000288.72425,VOID,2,9.8,19.6,0.0,0.0,0.0,0.0,108,Seelachs-Ei-Baugette,Hauptgerichte,,MwSt. 7%,1.07,18.317757,1.282243,Normalverkauf
S1000288.72426,SP1000288.7.72426,SY1000288.2026.72426,iPad1(1000288),288,04.06.26 12:53,Prod,A1000288.6648,Tisch 16,110,S1000288.72426,VOID,2,6.5,13.0,0.0,0.0,0.0,0.0,118,Schokokuchen,Desserts,,MwSt. 7%,1.07,12.149533,0.850467,Normalverkauf
S1000288.72427,SP1000288.7.72427,SY1000288.2026.72427,iPad1(1000288),288,04.06.26 18:55,Prod,A1000288.6649,Tisch 20,107,S1000288.72427,SALE,2,11.5,23.0,0.0,0.0,0.0,0.0,105,Garnelen-Kimchi-Bruger,Hauptgerichte,,MwSt. 7%,1.07,21.495327,1.504673,Normalverkauf
S1000288.72428,SP1000288.7.72428,SY1000288.2026.72428,iPad1(1000288),288,04.06.26 18:55,Prod,A1000288.6649,Tisch 20,107,S1000288.72428,SALE,1,3.2,3.2,0.0,0.0,0.0,0.0,120,Apfelschorle,Getränke,,MwSt. 19%,1.19,2.689076,0.510924,Normalverkauf
S1000288.72429,SP1000288.7.72429,SY1000288.2026.72429,iPad1(1000288),288,04.06.26 18:55,Prod,A1000288.6649,Tisch 20,107,S1000288.72429,SALE,2,10.9,21.8,0.0,0.0,0.0,0.0,107,Chicken Burger,Hauptgerichte,,MwSt. 7%,1.07,20.373832,1.426168,Normalverkauf
S1000288.72430,SP1000288.7.72430,SY1000288.2026.72430,iPad1(1000288),288,04.06.26 11:14,Prod,A1000288.6650,Tisch 17,119,S1000288.72430,VOID,1,14.5,14.5,0.0,0.0,0.0,0.0,101,Lachs,Hauptspeisen,,MwSt. 7%,1.07,13.551402,0.948598,Normalverkauf
S1000288.72431,SP1000288.7.72431,SY1000288.2026.72431,iPad1(1000288),288,04.06.26 11:14,Prod,A1000288.6650,Tisch 17,119,S1000288.72431,VOID,1,9.8,9.8,0.0,0.0,0.0,0.0,108,Seelachs-Ei-Baugette,Hauptgerichte,,MwSt. 7%,1.07,9.158879,0.641121,Normalverkauf
S1000288.72432,SP1000288.7.72432,SY1000288.2026.72432,iPad1(1000288),288,04.06.26 11:14,Prod,A1000288.6650,Tisch 17,119,S1000288.72432,VOID,2,6.5,13.0,0.0,0.0,0.0,0.0,100,Fischbrötchen Backfisch,Hauptspeisen,,MwSt. 7%,1.07,12.149533,0.850467,Normalverkauf
S1000288.72433,SP1000288.7.72433,SY1000288.2026.72433,iPad1(1000288),288,04.06.26 11:16,Prod,A1000288.6651,Tisch 6,110,S1000288.72433,SALE,2,10.9,21.8,0.0,0.0,0.0,0.0,107,Chicken Burger,Hauptgerichte,,MwSt. 7%,1.07,20.373832,1.426168,Normalverkauf
S1000288.72434,SP1000288.7.72434,SY1000288.2026.72434,iPad1(1000288),288,04.06.26 11:16,Prod,A1000288.6651,Tisch 6,110,S1000288.72434,SALE,1,4.9,4.9,0.0,0.0,0.0,0.0,112,Kartoffelwedges,Beilagen,,MwSt. 7%,1.07,4.579439,0.320561,Normalverkauf
S1000288.72435,SP1000288.7.72435,SY1000288.2026.72435,iPad1(1000288),288,04.06.26 11:16,Prod,A1000288.6651,Tisch 6,110,S1000288.72435,SALE,2,14.5,29.0,0.0,0.0,0.0,0.0,101,Lachs,Hauptspeisen,,MwSt. 7%,1.07,27.102804,1.897196,Normalverkauf
S1000288.72436,SP1000288.7.72436,SY1000288.2026.72436,iPad1(1000288),288,04.06.26 18:18,Prod,A1000288.6652,Tisch 21,116,S1000288.72436,SALE,1,10.9,10.9,0.0,0.0,0.0,0.0,109,Bismarck-Baguette,Hauptgerichte,,MwSt. 7%,1.07,10.186916,0.713084,Normalverkauf
S1000288.72437,SP1000288.7.72437,SY1000288.2026.72437,iPad1(1000288),288,04.06.26 18:18,Prod,A1000288.6652,Tisch 21,116,S1000288.72437,SALE,2,11.5,23.0,0.0,0.0,0.0,0.0,105,Garnelen-Kimchi-Bruger,Hauptgerichte,,MwSt. 7%,1.07,21.495327,1.504673,Normalverkauf
S1000288.72438,SP1000288.7.72438,SY1000288.2026.72438,iPad1(1000288),288,04.06.26 10:07,Prod,A1000288.6653,Tisch 22,110,S1000288.72438,SALE,2,3.9,7.8,0.0,0.0,0.0,0.0,126,Spezi,Getränke,,MwSt. 19%,1.19,6.554622,1.245378,Normalverkauf
S1000288.72439,SP1000288.7.72439,SY1000288.2026.72439,iPad1(1000288),288,04.06.26 10:07,Prod,A1000288.6653,Tisch 22,110,S1000288.72439,SALE,1,6.5,6.5,0.0,0.0,0.0,0.0,100,Fischbrötchen Backfisch,Hauptspeisen,,MwSt. 7%,1.07,6.074766,0.425234,Normalverkauf
S1000288.72440,SP1000288.7.72440,SY1000288.2026.72440,iPad1(1000288),288,04.06.26 17:57,Prod,A1000288.6654,Tisch 22,101,S1000288.72440,SALE,2,3.9,7.8,0.0,0.0,0.0,0.0,126,Spezi,Getränke,,MwSt. 19%,1.19,6.554622,1.245378,Normalverkauf
S1000288.72441,SP1000288.7.72441,SY1000288.2026.72441,iPad1(1000288),288,04.06.26 17:57,Prod,A1000288.6654,Tisch 22,101,S1000288.72441,SALE,2,4.9,9.8,0.0,0.0,0.0,0.0,112,Kartoffelwedges,Beilagen,,MwSt. 7%,1.07,9.158879,0.641121,Normalverkauf
S1000288.72442,SP1000288.7.72442,SY1000288.2026.72442,iPad1(1000288),288,04.06.26 13:58,Prod,A1000288.6655,Tisch 8,119,S1000288.72442,SALE,1,2.8,2.8,0.0,0.0,0.0,0.0,121,Mineralwasser,Getränke,,MwSt. 19%,1.19,2.352941,0.447059,Normalverkauf
S1000288.72443,SP1000288.7.72443,SY1000288.2026.72443,iPad1(1000288),288,04.06.26 20:06,Prod,A1000288.6656,Tisch 17,101,S1000288.72443,SALE,1,5.9,5.9,0.0,0.0,0.0,0.0,117,Rote Grütze,Desserts,,MwSt. 7%,1.07,5.514019,0.385981,Normalverkauf
S1000288.72444,SP1000288.7.72444,SY1000288.2026.72444,iPad1(1000288),288,04.06.26 13:31,Prod,A1000288.6657,,116,S1000288.72444,SALE,1,5.9,5.9,0.0,0.0,0.0,0.0,125,Zitronen-Limonade,Getränke,,MwSt. 19%,1.19,4.957983,0.942017,Normalverkauf
S1000288.72445,SP1000288.7.72445,SY1000288.2026.72445,iPad1(1000288),288,04.06.26 13:31,Prod,A1000288.6657,,116,S1000288.72445,SALE,1,9.8,9.8,0.0,0.0,0.0,0.0,108,Seelachs-Ei-Baugette,Hauptgerichte,,MwSt. 7%,1.07,9.158879,0.641121,Normalverkauf
S1000288.72446,SP1000288.7.72446,SY1000288.2026.72446,iPad1(1000288),288,04.06.26 13:31,Prod,A1000288.6657,,116,S1000288.72446,SALE,1,4.9,4.9,0.0,0.0,0.0,0.0,112,Kartoffelwedges,Beilagen,,MwSt. 7%,1.07,4.579439,0.320561,Normalverkauf
S1000288.72447,SP1000288.7.72447,SY1000288.2026.72447,iPad1(1000288),288,04.06.26 17:50,Prod,A1000288.6658,Tisch 10,110,S1000288.72447,SALE,2,6.5,13.0,0.0,0.0,0.0,0.0,100,Fischbrötchen Backfisch,Hauptspeisen,,MwSt. 7%,1.07,12.149533,0.850467,Normalverkauf
S1000288.72448,SP1000288.7.72448,SY1000288.2026.72448,iPad1(1000288),288,04.06.26 17:50,Prod,A1000288.6658,Tisch 10,110,S1000288.72448,SALE,2,11.5,23.0,0.0,0.0,0.0,0.0,105,Garnelen-Kimchi-Bruger,Hauptgerichte,,MwSt. 7%,1.07,21.495327,1.504673,Normalverkauf
S1000288.72449,SP1000288.7.72449,SY1000288.2026.72449,iPad1(1000288),288,04.06.26 10:42,Prod,A1000288.6659,Tisch 14,116,S1000288.72449,SALE,2,6.5,13.0,0.0,0.0,0.0,0.0,100,Fischbrötchen Backfisch,Hauptspeisen,,MwSt. 7%,1.07,12.149533,0.850467,Normalverkauf
S1000288.72450,SP1000288.7.72450,SY1000288.2026.72450,iPad1(1000288),288,04.06.26 19:48,Prod,A1000288.6660,Tisch 20,116,S1000288.72450,SALE,1,5.9,5.9,0.0,0.0,0.0,0.0,117,Rote Grütze,Desserts,,MwSt. 7%,1.07,5.514019,0.385981,Normalverkauf
S1000288.72451,SP1000288.7.72451,SY1000288.2026.72451,iPad1(1000288),288,04.06.26 11:46,Prod,A1000288.6661,Tisch 3,110,S1000288.72451,SALE,1,3.9,3.9,0.0,0.0,0.0,0.0,124,Cola Zero,Getränke,,MwSt. 19%,1.19,3.277311,0.622689,Normalverkauf
S1000288.72452,SP1000288.7.72452,SY1000288.2026.72452,iPad1(1000288),288,04.06.26 11:46,Prod,A1000288.6661,Tisch 3,110,S1000288.72452,SALE,1,4.9,4.9,0.0,0.0,0.0,0.0,112,Kartoffelwedges,Beilagen,,MwSt. 7%,1.07,4.579439,0.320561,Normalverkauf
S1000288.72453,SP1000288.7.72453,SY1000288.2026.72453,iPad1(1000288),288,04.06.26 17:43,Prod,A1000288.6662,Tisch 1,107,S1000288.72453,SALE,2,4.9,9.8,0.0,0.0,0.0,0.0,112,Kartoffelwedges,Beilagen,,MwSt. 7%,1.07,9.158879,0.641121,Normalverkauf
S1000288.72454,SP1000288.7.72454,SY1000288.2026.72454,iPad1(1000288),288,04.06.26 12:56,Prod,A1000288.6663,Tisch 6,110,S1000288.72454,SALE,2,4.9,9.8,0.0,0.0,0.0,0.0,112,Kartoffelwedges,Beilagen,,MwSt. 7%,1.07,9.158879,0.641121,Normalverkauf
S1000288.72455,SP1000288.7.72455,SY1000288.2026.72455,iPad1(1000288),288,04.06.26 11:05,Prod,A1000288.6664,Tisch 5,101,S1000288.72455,SALE,2,3.9,7.8,0.0,0.0,0.0,0.0,124,Cola Zero,Getränke,,MwSt. 19%,1.19,6.554622,1.245378,Normalverkauf
S1000288.72456,SP1000288.7.72456,SY1000288.2026.72456,iPad1(1000288),288,04.06.26 11:05,Prod,A1000288.6664,Tisch 5,101,S1000288.72456,SALE,2,14.5,29.0,0.0,0.0,0.0,0.0,101,Lachs,Hauptspeisen,,MwSt. 7%,1.07,27.102804,1.897196,Normalverkauf
S1000288.72457,SP1000288.7.72457,SY1000288.2026.72457,iPad1(1000288),288,04.06.26 11:05,Prod,A1000288.6664,Tisch 5,101,S1000288.72457,SALE,1,5.9,5.9,0.0,0.0,0.0,0.0,123,Inger-Limonade,Getränke,,MwSt. 19%,1.19,4.957983,0.942017,Normalverkauf
S1000288.72458,SP1000288.7.72458,SY1000288.2026.72458,iPad1(1000288),288,04.06.26 19:47,Prod,A1000288.6665,Tisch 4,110,S1000288.72458,SALE,1,6.5,6.5,0.0,0.0,0.0,0.0,118,Schokokuchen,Desserts,,MwSt. 7%,1.07,6.074766,0.425234,Normalverkauf
S1000288.72459,SP1000288.7.72459,SY1000288.2026.72459,iPad1(1000288),288,04.06.26 19:47,Prod,A1000288.6665,Tisch 4,110,S1000288.72459,SALE,2,10.9,21.8,0.0,0.0,0.0,0.0,107,Chicken Burger,Hauptgerichte,,MwSt. 7%,1.07,20.373832,1.426168,Normalverkauf
S1000288.72460,SP1000288.7.72460,SY1000288.2026.72460,iPad1(1000288),288,04.06.26 19:47,Prod,A1000288.6665,Tisch 4,110,S1000288.72460,SALE,2,3.9,7.8,0.0,0.0,0.0,0.0,119,Cola,Getränke,,MwSt. 19%,1.19,6.554622,1.245378,Normalverkauf
S1000288.72461,SP1000288.7.72461,SY1000288.2026.72461,iPad1(1000288),288,04.06.26 20:36,Prod,A1000288.6666,Tisch 9,116,S1000288.72461,SALE,1,4.2,4.2,0.0,0.0,0.0,0.0,122,Bier,Getränke,,MwSt. 19%,1.19,3.529412,0.670588,Normalverkauf
S1000288.72462,SP1000288.7.72462,SY1000288.2026.72462,iPad1(1000288),288,04.06.26 17:21,Prod,A1000288.6667,Tisch 12,110,S1000288.72462,SALE,1,5.9,5.9,0.0,0.0,0.0,0.0,116,Vanillequark,Desserts,,MwSt. 7%,1.07,5.514019,0.385981,Normalverkauf
S1000288.72463,SP1000288.7.72463,SY1000288.2026.72463,iPad1(1000288),288,04.06.26 17:21,Prod,A1000288.6667,Tisch 12,110,S1000288.72463,SALE,2,11.5,23.0,0.0,0.0,0.0,0.0,105,Garnelen-Kimchi-Bruger,Hauptgerichte,,MwSt. 7%,1.07,21.495327,1.504673,Normalverkauf
S1000288.72464,SP1000288.7.72464,SY1000288.2026.72464,iPad1(1000288),288,04.06.26 20:01,Prod,A1000288.6668,,110,S1000288.72464,VOID,2,5.9,11.8,0.0,0.0,0.0,0.0,116,Vanillequark,Desserts,,MwSt. 7%,1.07,11.028037,0.771963,Normalverkauf
S1000288.72465,SP1000288.7.72465,SY1000288.2026.72465,iPad1(1000288),288,04.06.26 20:01,Prod,A1000288.6668,,110,S1000288.72465,VOID,2,3.9,7.8,0.0,0.0,0.0,0.0,119,Cola,Getränke,,MwSt. 19%,1.19,6.554622,1.245378,Normalverkauf
S1000288.72466,SP1000288.7.72466,SY1000288.2026.72466,iPad1(1000288),288,04.06.26 17:36,Prod,A1000288.6669,Tisch 11,107,S1000288.72466,SALE,1,11.9,11.9,0.0,0.0,0.0,0.0,110,Matjes-Baguette,Hauptgerichte,,MwSt. 7%,1.07,11.121495,0.778505,Normalverkauf
S1000288.72467,SP1000288.7.72467,SY1000288.2026.72467,iPad1(1000288),288,04.06.26 17:36,Prod,A1000288.6669,Tisch 11,107,S1000288.72467,SALE,2,10.9,21.8,0.0,0.0,0.0,0.0,104,Thunfisch Wrap,Hauptgerichte,,MwSt. 7%,1.07,20.373832,1.426168,Normalverkauf
S1000288.72468,SP1000288.7.72468,SY1000288.2026.72468,iPad1(1000288),288,04.06.26 17:36,Prod,A1000288.6669,Tisch 11,107,S1000288.72468,SALE,2,2.8,5.6,0.0,0.0,0.0,0.0,121,Mineralwasser,Getränke,,MwSt. 19%,1.19,4.705882,0.894118,Normalverkauf
S1000288.72469,SP1000288.7.72469,SY1000288.2026.72469,iPad1(1000288),288,04.06.26 20:30,Prod,A1000288.6670,Tisch 12,107,S1000288.72469,SALE,2,11.5,23.0,0.0,0.0,0.0,0.0,105,Garnelen-Kimchi-Bruger,Hauptgerichte,,MwSt. 7%,1.07,21.495327,1.504673,Normalverkauf
S1000288.72470,SP1000288.7.72470,SY1000288.2026.72470,iPad1(1000288),288,04.06.26 20:30,Prod,A1000288.6670,Tisch 12,107,S1000288.72470,SALE,1,10.9,10.9,0.0,0.0,0.0,0.0,107,Chicken Burger,Hauptgerichte,,MwSt. 7%,1.07,10.186916,0.713084,Normalverkauf
S1000288.72471,SP1000288.7.72471,SY1000288.2026.72471,iPad1(1000288),288,04.06.26 17:20,Prod,A1000288.6671,Tisch 6,107,S1000288.72471,VOID,2,5.5,11.0,0.0,0.0,0.0,0.0,111,Pommes Frites,Beilagen,,MwSt. 7%,1.07,10.280374,0.719626,Normalverkauf
S1000288.72472,SP1000288.7.72472,SY1000288.2026.72472,iPad1(1000288),288,04.06.26 17:16,Prod,A1000288.6672,Tisch 20,110,S1000288.72472,SALE,2,4.2,8.4,0.0,0.0,0.0,0.0,122,Bier,Getränke,,MwSt. 19%,1.19,7.058824,1.341176,Normalverkauf
S1000288.72473,SP1000288.7.72473,SY1000288.2026.72473,iPad1(1000288),288,04.06.26 18:20,Prod,A1000288.6673,Tisch 24,119,S1000288.72473,SALE,1,6.9,6.9,0.0,0.0,0.0,0.0,113,Garnelen Box,Beilagen,,MwSt. 7%,1.07,6.448598,0.451402,Normalverkauf
S1000288.72474,SP1000288.7.72474,SY1000288.2026.72474,iPad1(1000288),288,04.06.26 15:55,Prod,A1000288.6674,Tisch 16,101,S1000288.72474,SALE,2,5.9,11.8,0.0,0.0,0.0,0.0,116,Vanillequark,Desserts,,MwSt. 7%,1.07,11.028037,0.771963,Normalverkauf
S1000288.72475,SP1000288.7.72475,SY1000288.2026.72475,iPad1(1000288),288,04.06.26 15:55,Prod,A1000288.6674,Tisch 16,101,S1000288.72475,SALE,1,3.9,3.9,0.0,0.0,0.0,0.0,124,Cola Zero,Getränke,,MwSt. 19%,1.19,3.277311,0.622689,Normalverkauf
S1000288.72476,SP1000288.7.72476,SY1000288.2026.72476,iPad1(1000288),288,04.06.26 15:55,Prod,A1000288.6674,Tisch 16,101,S1000288.72476,SALE,2,7.9,15.8,0.0,0.0,0.0,0.0,106,Neptun-Ringe,Beilagen,,MwSt. 7%,1.07,14.766355,1.033645,Normalverkauf
S1000288.72477,SP1000288.7.72477,SY1000288.2026.72477,iPad1(1000288),288,04.06.26 19:18,Prod,A1000288.6675,Tisch 13,110,S1000288.72477,SALE,2,3.9,7.8,0.0,0.0,0.0,0.0,126,Spezi,Getränke,,MwSt. 19%,1.19,6.554622,1.245378,Normalverkauf
S1000288.72478,SP1000288.7.72478,SY1000288.2026.72478,iPad1(1000288),288,04.06.26 19:18,Prod,A1000288.6675,Tisch 13,110,S1000288.72478,SALE,1,5.5,5.5,0.0,0.0,0.0,0.0,111,Pommes Frites,Beilagen,,MwSt. 7%,1.07,5.140187,0.359813,Normalverkauf
S1000288.72479,SP1000288.7.72479,SY1000288.2026.72479,iPad1(1000288),288,04.06.26 19:18,Prod,A1000288.6675,Tisch 13,110,S1000288.72479,SALE,1,3.2,3.2,0.0,0.0,0.0,0.0,120,Apfelschorle,Getränke,,MwSt. 19%,1.19,2.689076,0.510924,Normalverkauf
S1000288.72480,SP1000288.7.72480,SY1000288.2026.72480,iPad1(1000288),288,04.06.26 10:43,Prod,A1000288.6676,Tisch 12,119,S1000288.72480,SALE,1,10.9,10.9,0.0,0.0,0.0,0.0,107,Chicken Burger,Hauptgerichte,,MwSt. 7%,1.07,10.186916,0.713084,Normalverkauf
S1000288.72481,SP1000288.7.72481,SY1000288.2026.72481,iPad1(1000288),288,04.06.26 10:43,Prod,A1000288.6676,Tisch 12,119,S1000288.72481,SALE,1,9.8,9.8,0.0,0.0,0.0,0.0,108,Seelachs-Ei-Baugette,Hauptgerichte,,MwSt. 7%,1.07,9.158879,0.641121,Normalverkauf
S1000288.72482,SP1000288.7.72482,SY1000288.2026.72482,iPad1(1000288),288,04.06.26 14:39,Prod,A1000288.6677,Tisch 21,110,S1000288.72482,SALE,2,10.9,21.8,0.0,0.0,0.0,0.0,109,Bismarck-Baguette,Hauptgerichte,,MwSt. 7%,1.07,20.373832,1.426168,Normalverkauf
S1000288.72483,SP1000288.7.72483,SY1000288.2026.72483,iPad1(1000288),288,04.06.26 14:39,Prod,A1000288.6677,Tisch 21,110,S1000288.72483,SALE,2,10.9,21.8,0.0,0.0,0.0,0.0,104,Thunfisch Wrap,Hauptgerichte,,MwSt. 7%,1.07,20.373832,1.426168,Normalverkauf
S1000288.72484,SP1000288.7.72484,SY1000288.2026.72484,iPad1(1000288),288,04.06.26 14:39,Prod,A1000288.6677,Tisch 21,110,S1000288.72484,SALE,1,10.9,10.9,0.0,0.0,0.0,0.0,109,Bismarck-Baguette,Hauptgerichte,,MwSt. 7%,1.07,10.186916,0.713084,Normalverkauf
S1000288.72485,SP1000288.7.72485,SY1000288.2026.72485,iPad1(1000288),288,04.06.26 19:23,Prod,A1000288.6678,Tisch 11,110,S1000288.72485,SALE,1,10.9,10.9,0.0,0.0,0.0,0.0,107,Chicken Burger,Hauptgerichte,,MwSt. 7%,1.07,10.186916,0.713084,Normalverkauf
S1000288.72486,SP1000288.7.72486,SY1000288.2026.72486,iPad1(1000288),288,04.06.26 19:23,Prod,A1000288.6678,Tisch 11,110,S1000288.72486,SALE,2,10.9,21.8,0.0,0.0,0.0,0.0,109,Bismarck-Baguette,Hauptgerichte,,MwSt. 7%,1.07,20.373832,1.426168,Normalverkauf
S1000288.72487,SP1000288.7.72487,SY1000288.2026.72487,iPad1(1000288),288,04.06.26 19:23,Prod,A1000288.6678,Tisch 11,110,S1000288.72487,SALE,1,9.8,9.8,0.0,0.0,0.0,0.0,108,Seelachs-Ei-Baugette,Hauptgerichte,,MwSt. 7%,1.07,9.158879,0.641121,Normalverkauf
S1000288.72488,SP1000288.7.72488,SY1000288.2026.72488,iPad1(1000288),288,04.06.26 19:45,Prod,A1000288.6679,Tisch 2,119,S1000288.72488,SALE,1,9.8,9.8,0.0,0.0,0.0,0.0,108,Seelachs-Ei-Baugette,Hauptgerichte,,MwSt. 7%,1.07,9.158879,0.641121,Normalverkauf
S1000288.72489,SP1000288.7.72489,SY1000288.2026.72489,iPad1(1000288),288,04.06.26 15:20,Prod,A1000288.6680,Tisch 7,101,S1000288.72489,VOID,2,3.9,7.8,0.0,0.0,0.0,0.0,126,Spezi,Getränke,,MwSt. 19%,1.19,6.554622,1.245378,Normalverkauf
S1000288.72490,SP1000288.7.72490,SY1000288.2026.72490,iPad1(1000288),288,04.06.26 15:20,Prod,A1000288.6680,Tisch 7,101,S1000288.72490,VOID,1,3.9,3.9,0.0,0.0,0.0,0.0,126,Spezi,Getränke,,MwSt. 19%,1.19,3.277311,0.622689,Normalverkauf
S1000288.72491,SP1000288.7.72491,SY1000288.2026.72491,iPad1(1000288),288,04.06.26 15:20,Prod,A1000288.6680,Tisch 7,101,S1000288.72491,VOID,1,3.2,3.2,0.0,0.0,0.0,0.0,120,Apfelschorle,Getränke,,MwSt. 19%,1.19,2.689076,0.510924,Normalverkauf
S1000288.72492,SP1000288.7.72492,SY1000288.2026.72492,iPad1(1000288),288,04.06.26 17:06,Prod,A1000288.6681,Tisch 11,110,S1000288.72492,SALE,2,14.5,29.0,0.0,0.0,0.0,0.0,101,Lachs,Hauptspeisen,,MwSt. 7%,1.07,27.102804,1.897196,Normalverkauf
S1000288.72493,SP1000288.7.72493,SY1000288.2026.72493,iPad1(1000288),288,04.06.26 17:06,Prod,A1000288.6681,Tisch 11,110,S1000288.72493,SALE,1,7.9,7.9,0.0,0.0,0.0,0.0,106,Neptun-Ringe,Beilagen,,MwSt. 7%,1.07,7.383178,0.516822,Normalverkauf
S1000288.72494,SP1000288.7.72494,SY1000288.2026.72494,iPad1(1000288),288,04.06.26 08:29,Prod,A1000288.6682,Tisch 15,119,S1000288.72494,SALE,2,10.9,21.8,0.0,0.0,0.0,0.0,109,Bismarck-Baguette,Hauptgerichte,,MwSt. 7%,1.07,20.373832,1.426168,Normalverkauf
S1000288.72495,SP1000288.7.72495,SY1000288.2026.72495,iPad1(1000288),288,04.06.26 08:29,Prod,A1000288.6682,Tisch 15,119,S1000288.72495,SALE,2,6.9,13.8,0.0,0.0,0.0,0.0,113,Garnelen Box,Beilagen,,MwSt. 7%,1.07,12.897196,0.902804,Normalverkauf
S1000288.72496,SP1000288.7.72496,SY1000288.2026.72496,iPad1(1000288),288,04.06.26 12:24,Prod,A1000288.6683,Tisch 9,119,S1000288.72496,SALE,1,3.2,3.2,0.0,0.0,0.0,0.0,120,Apfelschorle,Getränke,,MwSt. 19%,1.19,2.689076,0.510924,Normalverkauf
S1000288.72497,SP1000288.7.72497,SY1000288.2026.72497,iPad1(1000288),288,04.06.26 13:34,Prod,A1000288.6684,Tisch 3,101,S1000288.72497,SALE,2,13.5,27.0,0.0,0.0,0.0,0.0,102,Matjes,Hauptspeisen,,MwSt. 7%,1.07,25.233645,1.766355,Normalverkauf
S1000288.72498,SP1000288.7.72498,SY1000288.2026.72498,iPad1(1000288),288,04.06.26 17:42,Prod,A1000288.6685,Tisch 24,110,S1000288.72498,SALE,1,2.8,2.8,0.0,0.0,0.0,0.0,121,Mineralwasser,Getränke,,MwSt. 19%,1.19,2.352941,0.447059,Normalverkauf
S1000288.72499,SP1000288.7.72499,SY1000288.2026.72499,iPad1(1000288),288,04.06.26 13:45,Prod,A1000288.6686,Tisch 19,116,S1000288.72499,SALE,2,10.9,21.8,0.0,0.0,0.0,0.0,109,Bismarck-Baguette,Hauptgerichte,,MwSt. 7%,1.07,20.373832,1.426168,Normalverkauf
S1000288.72500,SP1000288.7.72500,SY1000288.2026.72500,iPad1(1000288),288,04.06.26 18:37,Prod,A1000288.6687,Tisch 5,110,S1000288.72500,SALE,1,3.9,3.9,0.0,0.0,0.0,0.0,126,Spezi,Getränke,,MwSt. 19%,1.19,3.277311,0.622689,Normalverkauf
S1000288.72501,SP1000288.7.72501,SY1000288.2026.72501,iPad1(1000288),288,04.06.26 18:37,Prod,A1000288.6687,Tisch 5,110,S1000288.72501,SALE,1,5.5,5.5,0.0,0.0,0.0,0.0,111,Pommes Frites,Beilagen,,MwSt. 7%,1.07,5.140187,0.359813,Normalverkauf
S1000288.72502,SP1000288.7.72502,SY1000288.2026.72502,iPad1(1000288),288,04.06.26 15:26,Prod,A1000288.6688,Tisch 9,116,S1000288.72502,SALE,2,10.9,21.8,0.0,0.0,0.0,0.0,107,Chicken Burger,Hauptgerichte,,MwSt. 7%,1.07,20.373832,1.426168,Normalverkauf
S1000288.72503,SP1000288.7.72503,SY1000288.2026.72503,iPad1(1000288),288,04.06.26 12:46,Prod,A1000288.6689,Tisch 12,119,S1000288.72503,SALE,2,4.2,8.4,0.0,0.0,0.0,0.0,122,Bier,Getränke,,MwSt. 19%,1.19,7.058824,1.341176,Normalverkauf
S1000288.72504,SP1000288.7.72504,SY1000288.2026.72504,iPad1(1000288),288,04.06.26 12:46,Prod,A1000288.6689,Tisch 12,119,S1000288.72504,SALE,2,11.9,23.8,0.0,0.0,0.0,0.0,110,Matjes-Baguette,Hauptgerichte,,MwSt. 7%,1.07,22.242991,1.557009,Normalverkauf
S1000288.72505,SP1000288.7.72505,SY1000288.2026.72505,iPad1(1000288),288,04.06.26 12:46,Prod,A1000288.6689,Tisch 12,119,S1000288.72505,SALE,1,9.8,9.8,0.0,0.0,0.0,0.0,108,Seelachs-Ei-Baugette,Hauptgerichte,,MwSt. 7%,1.07,9.158879,0.641121,Normalverkauf
S1000288.72506,SP1000288.7.72506,SY1000288.2026.72506,iPad1(1000288),288,04.06.26 09:43,Prod,A1000288.6690,,110,S1000288.72506,SALE,2,5.5,11.0,0.0,0.0,0.0,0.0,111,Pommes Frites,Beilagen,,MwSt. 7%,1.07,10.280374,0.719626,Normalverkauf
S1000288.72507,SP1000288.7.72507,SY1000288.2026.72507,iPad1(1000288),288,04.06.26 09:43,Prod,A1000288.6690,,110,S1000288.72507,SALE,1,4.2,4.2,0.0,0.0,0.0,0.0,122,Bier,Getränke,,MwSt. 19%,1.19,3.529412,0.670588,Normalverkauf
S1000288.72508,SP1000288.7.72508,SY1000288.2026.72508,iPad1(1000288),288,04.06.26 09:43,Prod,A1000288.6690,,110,S1000288.72508,SALE,2,5.9,11.8,0.0,0.0,0.0,0.0,123,Inger-Limonade,Getränke,,MwSt. 19%,1.19,9.915966,1.884034,Normalverkauf
S1000288.72509,SP1000288.7.72509,SY1000288.2026.72509,iPad1(1000288),288,04.06.26 08:14,Prod,A1000288.6691,Tisch 16,110,S1000288.72509,SALE,1,3.9,3.9,0.0,0.0,0.0,0.0,126,Spezi,Getränke,,MwSt. 19%,1.19,3.277311,0.622689,Normalverkauf
S1000288.72510,SP1000288.7.72510,SY1000288.2026.72510,iPad1(1000288),288,04.06.26 08:58,Prod,A1000288.6692,Tisch 10,119,S1000288.72510,SALE,2,5.5,11.0,0.0,0.0,0.0,0.0,111,Pommes Frites,Beilagen,,MwSt. 7%,1.07,10.280374,0.719626,Normalverkauf
S1000288.72511,SP1000288.7.72511,SY1000288.2026.72511,iPad1(1000288),288,04.06.26 17:07,Prod,A1000288.6693,Tisch 5,110,S1000288.72511,SALE,1,3.9,3.9,0.0,0.0,0.0,0.0,127,Alkoholfreies Bier,Getränke,,MwSt. 19%,1.19,3.277311,0.622689,Normalverkauf
S1000288.72512,SP1000288.7.72512,SY1000288.2026.72512,iPad1(1000288),288,04.06.26 17:49,Prod,A1000288.6694,Tisch 5,110,S1000288.72512,SALE,1,10.9,10.9,0.0,0.0,0.0,0.0,104,Thunfisch Wrap,Hauptgerichte,,MwSt. 7%,1.07,10.186916,0.713084,Normalverkauf
S1000288.72513,SP1000288.7.72513,SY1000288.2026.72513,iPad1(1000288),288,04.06.26 09:22,Prod,A1000288.6695,Tisch 5,107,S1000288.72513,SALE,2,5.5,11.0,0.0,0.0,0.0,0.0,111,Pommes Frites,Beilagen,,MwSt. 7%,1.07,10.280374,0.719626,Normalverkauf
S1000288.72514,SP1000288.7.72514,SY1000288.2026.72514,iPad1(1000288),288,04.06.26 18:09,Prod,A1000288.6696,Tisch 15,110,S1000288.72514,SALE,1,11.5,11.5,0.0,0.0,0.0,0.0,105,Garnelen-Kimchi-Bruger,Hauptgerichte,,MwSt. 7%,1.07,10.747664,0.752336,Normalverkauf
S1000288.72515,SP1000288.7.72515,SY1000288.2026.72515,iPad1(1000288),288,04.06.26 20:35,Prod,A1000288.6697,Tisch 14,110,S1000288.72515,SALE,1,11.5,11.5,0.0,0.0,0.0,0.0,105,Garnelen-Kimchi-Bruger,Hauptgerichte,,MwSt. 7%,1.07,10.747664,0.752336,Normalverkauf
S1000288.72516,SP1000288.7.72516,SY1000288.2026.72516,iPad1(1000288),288,04.06.26 13:20,Prod,A1000288.6698,Tisch 6,110,S1000288.72516,SALE,1,3.9,3.9,0.0,0.0,0.0,0.0,124,Cola Zero,Getränke,,MwSt. 19%,1.19,3.277311,0.622689,Normalverkauf
S1000288.72517,SP1000288.7.72517,SY1000288.2026.72517,iPad1(1000288),288,04.06.26 13:20,Prod,A1000288.6698,Tisch 6,110,S1000288.72517,SALE,2,6.5,13.0,0.0,0.0,0.0,0.0,100,Fischbrötchen Backfisch,Hauptspeisen,,MwSt. 7%,1.07,12.149533,0.850467,Normalverkauf
S1000288.72518,SP1000288.7.72518,SY1000288.2026.72518,iPad1(1000288),288,04.06.26 11:51,Prod,A1000288.6699,Tisch 18,110,S1000288.72518,SALE,1,6.5,6.5,0.0,0.0,0.0,0.0,100,Fischbrötchen Backfisch,Hauptspeisen,,MwSt. 7%,1.07,6.074766,0.425234,Normalverkauf
S1000288.72519,SP1000288.7.72519,SY1000288.2026.72519,iPad1(1000288),288,04.06.26 11:51,Prod,A1000288.6699,Tisch 18,110,S1000288.72519,SALE,2,5.5,11.0,0.0,0.0,0.0,0.0,111,Pommes Frites,Beilagen,,MwSt. 7%,1.07,10.280374,0.719626,Normalverkauf
S1000288.72520,SP1000288.7.72520,SY1000288.2026.72520,iPad1(1000288),288,04.06.26 13:12,Prod,A1000288.6700,Tisch 24,101,S1000288.72520,SALE,1,3.9,3.9,0.0,0.0,0.0,0.0,119,Cola,Getränke,,MwSt. 19%,1.19,3.277311,0.622689,Normalverkauf
S1000288.72521,SP1000288.7.72521,SY1000288.2026.72521,iPad1(1000288),288,04.06.26 11:13,Prod,A1000288.6701,Tisch 23,107,S1000288.72521,SALE,2,14.5,29.0,0.0,0.0,0.0,0.0,101,Lachs,Hauptspeisen,,MwSt. 7%,1.07,27.102804,1.897196,Normalverkauf
S1000288.72522,SP1000288.7.72522,SY1000288.2026.72522,iPad1(1000288),288,04.06.26 11:13,Prod,A1000288.6701,Tisch 23,107,S1000288.72522,SALE,1,7.9,7.9,0.0,0.0,0.0,0.0,106,Neptun-Ringe,Beilagen,,MwSt. 7%,1.07,7.383178,0.516822,Normalverkauf
S1000288.72523,SP1000288.7.72523,SY1000288.2026.72523,iPad1(1000288),288,04.06.26 11:13,Prod,A1000288.6701,Tisch 23,107,S1000288.72523,SALE,1,5.5,5.5,0.0,0.0,0.0,0.0,111,Pommes Frites,Beilagen,,MwSt. 7%,1.07,5.140187,0.359813,Normalverkauf
S1000288.72524,SP1000288.7.72524,SY1000288.2026.72524,iPad1(1000288),288,04.06.26 17:46,Prod,A1000288.6702,Tisch 5,110,S1000288.72524,VOID,2,13.5,27.0,0.0,0.0,0.0,0.0,102,Matjes,Hauptspeisen,,MwSt. 7%,1.07,25.233645,1.766355,Normalverkauf
S1000288.72525,SP1000288.7.72525,SY1000288.2026.72525,iPad1(1000288),288,04.06.26 17:46,Prod,A1000288.6702,Tisch 5,110,S1000288.72525,VOID,1,10.9,10.9,0.0,0.0,0.0,0.0,104,Thunfisch Wrap,Hauptgerichte,,MwSt. 7%,1.07,10.186916,0.713084,Normalverkauf
S1000288.72526,SP1000288.7.72526,SY1000288.2026.72526,iPad1(1000288),288,04.06.26 19:35,Prod,A1000288.6703,Tisch 10,119,S1000288.72526,SALE,2,10.9,21.8,0.0,0.0,0.0,0.0,107,Chicken Burger,Hauptgerichte,,MwSt. 7%,1.07,20.373832,1.426168,Normalverkauf
S1000288.72527,SP1000288.7.72527,SY1000288.2026.72527,iPad1(1000288),288,04.06.26 15:39,Prod,A1000288.6704,Tisch 17,116,S1000288.72527,SALE,1,6.9,6.9,0.0,0.0,0.0,0.0,103,Fischbrötchen Räucherlachs,Hauptspeisen,,MwSt. 7%,1.07,6.448598,0.451402,Normalverkauf
S1000288.72528,SP1000288.7.72528,SY1000288.2026.72528,iPad1(1000288),288,04.06.26 12:57,Prod,A1000288.6705,,110,S1000288.72528,SALE,2,5.9,11.8,0.0,0.0,0.0,0.0,123,Inger-Limonade,Getränke,,MwSt. 19%,1.19,9.915966,1.884034,Normalverkauf
S1000288.72529,SP1000288.7.72529,SY1000288.2026.72529,iPad1(1000288),288,04.06.26 12:57,Prod,A1000288.6705,,110,S1000288.72529,SALE,1,10.9,10.9,0.0,0.0,0.0,0.0,104,Thunfisch Wrap,Hauptgerichte,,MwSt. 7%,1.07,10.186916,0.713084,Normalverkauf
S1000288.72530,SP1000288.7.72530,SY1000288.2026.72530,iPad1(1000288),288,04.06.26 17:10,Prod,A1000288.6706,Tisch 3,110,S1000288.72530,SALE,1,3.2,3.2,0.0,0.0,0.0,0.0,120,Apfelschorle,Getränke,,MwSt. 19%,1.19,2.689076,0.510924,Normalverkauf
S1000288.72531,SP1000288.7.72531,SY1000288.2026.72531,iPad1(1000288),288,04.06.26 19:05,Prod,A1000288.6707,Tisch 8,101,S1000288.72531,VOID,2,3.9,7.8,0.0,0.0,0.0,0.0,119,Cola,Getränke,,MwSt. 19%,1.19,6.554622,1.245378,Normalverkauf
S1000288.72532,SP1000288.7.72532,SY1000288.2026.72532,iPad1(1000288),288,04.06.26 17:25,Prod,A1000288.6708,Tisch 13,119,S1000288.72532,SALE,1,4.9,4.9,0.0,0.0,0.0,0.0,112,Kartoffelwedges,Beilagen,,MwSt. 7%,1.07,4.579439,0.320561,Normalverkauf
S1000288.72533,SP1000288.7.72533,SY1000288.2026.72533,iPad1(1000288),288,04.06.26 12:18,Prod,A1000288.6709,Tisch 22,110,S1000288.72533,SALE,1,10.9,10.9,0.0,0.0,0.0,0.0,107,Chicken Burger,Hauptgerichte,,MwSt. 7%,1.07,10.186916,0.713084,Normalverkauf
S1000288.72534,SP1000288.7.72534,SY1000288.2026.72534,iPad1(1000288),288,04.06.26 12:18,Prod,A1000288.6709,Tisch 22,110,S1000288.72534,SALE,1,5.5,5.5,0.0,0.0,0.0,0.0,114,Fisch Nuggets Box,Beilagen,,MwSt. 7%,1.07,5.140187,0.359813,Normalverkauf
S1000288.72535,SP1000288.7.72535,SY1000288.2026.72535,iPad1(1000288),288,04.06.26 19:24,Prod,A1000288.6710,Tisch 21,101,S1000288.72535,SALE,1,6.5,6.5,0.0,0.0,0.0,0.0,100,Fischbrötchen Backfisch,Hauptspeisen,,MwSt. 7%,1.07,6.074766,0.425234,Normalverkauf
S1000288.72536,SP1000288.7.72536,SY1000288.2026.72536,iPad1(1000288),288,04.06.26 20:35,Prod,A1000288.6711,Tisch 7,116,S1000288.72536,SALE,1,3.9,3.9,0.0,0.0,0.0,0.0,124,Cola Zero,Getränke,,MwSt. 19%,1.19,3.277311,0.622689,Normalverkauf
S1000288.72537,SP1000288.7.72537,SY1000288.2026.72537,iPad1(1000288),288,04.06.26 19:08,Prod,A1000288.6712,Tisch 13,101,S1000288.72537,SALE,2,10.9,21.8,0.0,0.0,0.0,0.0,104,Thunfisch Wrap,Hauptgerichte,,MwSt. 7%,1.07,20.373832,1.426168,Normalverkauf
S1000288.72538,SP1000288.7.72538,SY1000288.2026.72538,iPad1(1000288),288,04.06.26 19:40,Prod,A1000288.6713,Tisch 16,107,S1000288.72538,SALE,1,10.9,10.9,0.0,0.0,0.0,0.0,104,Thunfisch Wrap,Hauptgerichte,,MwSt. 7%,1.07,10.186916,0.713084,Normalverkauf
S1000288.72539,SP1000288.7.72539,SY1000288.2026.72539,iPad1(1000288),288,04.06.26 19:40,Prod,A1000288.6713,Tisch 16,107,S1000288.72539,SALE,1,10.9,10.9,0.0,0.0,0.0,0.0,107,Chicken Burger,Hauptgerichte,,MwSt. 7%,1.07,10.186916,0.713084,Normalverkauf
S1000288.72540,SP1000288.7.72540,SY1000288.2026.72540,iPad1(1000288),288,04.06.26 19:40,Prod,A1000288.6713,Tisch 16,107,S1000288.72540,SALE,1,10.9,10.9,0.0,0.0,0.0,0.0,107,Chicken Burger,Hauptgerichte,,MwSt. 7%,1.07,10.186916,0.713084,Normalverkauf
S1000288.72541,SP1000288.7.72541,SY1000288.2026.72541,iPad1(1000288),288,04.06.26 12:01,Prod,A1000288.6714,Tisch 17,119,S1000288.72541,SALE,2,5.5,11.0,0.0,0.0,0.0,0.0,114,Fisch Nuggets Box,Beilagen,,MwSt. 7%,1.07,10.280374,0.719626,Normalverkauf
S1000288.72542,SP1000288.7.72542,SY1000288.2026.72542,iPad1(1000288),288,04.06.26 12:01,Prod,A1000288.6714,Tisch 17,119,S1000288.72542,SALE,2,5.9,11.8,0.0,0.0,0.0,0.0,117,Rote Grütze,Desserts,,MwSt. 7%,1.07,11.028037,0.771963,Normalverkauf
S1000288.72543,SP1000288.7.72543,SY1000288.2026.72543,iPad1(1000288),288,04.06.26 08:18,Prod,A1000288.6715,,116,S1000288.72543,SALE,2,7.9,15.8,0.0,0.0,0.0,0.0,106,Neptun-Ringe,Beilagen,,MwSt. 7%,1.07,14.766355,1.033645,Normalverkauf
S1000288.72544,SP1000288.7.72544,SY1000288.2026.72544,iPad1(1000288),288,04.06.26 19:53,Prod,A1000288.6716,Tisch 6,116,S1000288.72544,SALE,2,3.2,6.4,0.0,0.0,0.0,0.0,120,Apfelschorle,Getränke,,MwSt. 19%,1.19,5.378151,1.021849,Normalverkauf
S1000288.72545,SP1000288.7.72545,SY1000288.2026.72545,iPad1(1000288),288,04.06.26 18:39,Prod,A1000288.6717,Tisch 22,110,S1000288.72545,SALE,2,10.9,21.8,0.0,0.0,0.0,0.0,107,Chicken Burger,Hauptgerichte,,MwSt. 7%,1.07,20.373832,1.426168,Normalverkauf
S1000288.72546,SP1000288.7.72546,SY1000288.2026.72546,iPad1(1000288),288,04.06.26 18:30,Prod,A1000288.6718,Tisch 11,110,S1000288.72546,SALE,1,10.9,10.9,0.0,0.0,0.0,0.0,109,Bismarck-Baguette,Hauptgerichte,,MwSt. 7%,1.07,10.186916,0.713084,Normalverkauf
S1000288.72547,SP1000288.7.72547,SY1000288.2026.72547,iPad1(1000288),288,04.06.26 18:30,Prod,A1000288.6718,Tisch 11,110,S1000288.72547,SALE,1,4.2,4.2,0.0,0.0,0.0,0.0,122,Bier,Getränke,,MwSt. 19%,1.19,3.529412,0.670588,Normalverkauf
S1000288.72548,SP1000288.7.72548,SY1000288.2026.72548,iPad1(1000288),288,04.06.26 18:30,Prod,A1000288.6718,Tisch 11,110,S1000288.72548,SALE,2,6.9,13.8,0.0,0.0,0.0,0.0,103,Fischbrötchen Räucherlachs,Hauptspeisen,,MwSt. 7%,1.07,12.897196,0.902804,Normalverkauf
S1000288.72549,SP1000288.7.72549,SY1000288.2026.72549,iPad1(1000288),288,04.06.26 19:29,Prod,A1000288.6719,Tisch 23,119,S1000288.72549,SALE,1,5.9,5.9,0.0,0.0,0.0,0.0,123,Inger-Limonade,Getränke,,MwSt. 19%,1.19,4.957983,0.942017,Normalverkauf
S1000288.72550,SP1000288.7.72550,SY1000288.2026.72550,iPad1(1000288),288,04.06.26 18:53,Prod,A1000288.6720,Tisch 2,101,S1000288.72550,SALE,2,3.9,7.8,0.0,0.0,0.0,0.0,119,Cola,Getränke,,MwSt. 19%,1.19,6.554622,1.245378,Normalverkauf
S1000288.72551,SP1000288.7.72551,SY1000288.2026.72551,iPad1(1000288),288,04.06.26 18:53,Prod,A1000288.6720,Tisch 2,101,S1000288.72551,SALE,1,9.8,9.8,0.0,0.0,0.0,0.0,108,Seelachs-Ei-Baugette,Hauptgerichte,,MwSt. 7%,1.07,9.158879,0.641121,Normalverkauf
S1000288.72552,SP1000288.7.72552,SY1000288.2026.72552,iPad1(1000288),288,04.06.26 18:53,Prod,A1000288.6720,Tisch 2,101,S1000288.72552,SALE,1,9.8,9.8,0.0,0.0,0.0,0.0,108,Seelachs-Ei-Baugette,Hauptgerichte,,MwSt. 7%,1.07,9.158879,0.641121,Normalverkauf
S1000288.72553,SP1000288.7.72553,SY1000288.2026.72553,iPad1(1000288),288,04.06.26 20:36,Prod,A1000288.6721,Tisch 13,119,S1000288.72553,VOID,1,5.5,5.5,0.0,0.0,0.0,0.0,111,Pommes Frites,Beilagen,,MwSt. 7%,1.07,5.140187,0.359813,Normalverkauf
S1000288.72554,SP1000288.7.72554,SY1000288.2026.72554,iPad1(1000288),288,04.06.26 20:36,Prod,A1000288.6721,Tisch 13,119,S1000288.72554,VOID,2,9.8,19.6,0.0,0.0,0.0,0.0,108,Seelachs-Ei-Baugette,Hauptgerichte,,MwSt. 7%,1.07,18.317757,1.282243,Normalverkauf
S1000288.72555,SP1000288.7.72555,SY1000288.2026.72555,iPad1(1000288),288,04.06.26 20:36,Prod,A1000288.6721,Tisch 13,119,S1000288.72555,VOID,1,10.9,10.9,0.0,0.0,0.0,0.0,104,Thunfisch Wrap,Hauptgerichte,,MwSt. 7%,1.07,10.186916,0.713084,Normalverkauf
S1000288.72556,SP1000288.7.72556,SY1000288.2026.72556,iPad1(1000288),288,04.06.26 20:49,Prod,A1000288.6722,Tisch 8,107,S1000288.72556,SALE,1,4.2,4.2,0.0,0.0,0.0,0.0,122,Bier,Getränke,,MwSt. 19%,1.19,3.529412,0.670588,Normalverkauf
S1000288.72557,SP1000288.7.72557,SY1000288.2026.72557,iPad1(1000288),288,04.06.26 08:53,Prod,A1000288.6723,Tisch 4,116,S1000288.72557,SALE,1,13.5,13.5,0.0,0.0,0.0,0.0,102,Matjes,Hauptspeisen,,MwSt. 7%,1.07,12.616822,0.883178,Normalverkauf
S1000288.72558,SP1000288.7.72558,SY1000288.2026.72558,iPad1(1000288),288,04.06.26 08:53,Prod,A1000288.6723,Tisch 4,116,S1000288.72558,SALE,1,7.9,7.9,0.0,0.0,0.0,0.0,106,Neptun-Ringe,Beilagen,,MwSt. 7%,1.07,7.383178,0.516822,Normalverkauf
S1000288.72559,SP1000288.7.72559,SY1000288.2026.72559,iPad1(1000288),288,04.06.26 20:19,Prod,A1000288.6724,Tisch 13,110,S1000288.72559,SALE,1,6.5,6.5,0.0,0.0,0.0,0.0,100,Fischbrötchen Backfisch,Hauptspeisen,,MwSt. 7%,1.07,6.074766,0.425234,Normalverkauf
S1000288.72560,SP1000288.7.72560,SY1000288.2026.72560,iPad1(1000288),288,04.06.26 20:19,Prod,A1000288.6724,Tisch 13,110,S1000288.72560,SALE,1,11.9,11.9,0.0,0.0,0.0,0.0,110,Matjes-Baguette,Hauptgerichte,,MwSt. 7%,1.07,11.121495,0.778505,Normalverkauf
S1000288.72561,SP1000288.7.72561,SY1000288.2026.72561,iPad1(1000288),288,04.06.26 10:01,Prod,A1000288.6725,Tisch 21,101,S1000288.72561,SALE,1,10.9,10.9,0.0,0.0,0.0,0.0,104,Thunfisch Wrap,Hauptgerichte,,MwSt. 7%,1.07,10.186916,0.713084,Normalverkauf
S1000288.72562,SP1000288.7.72562,SY1000288.2026.72562,iPad1(1000288),288,04.06.26 10:01,Prod,A1000288.6725,Tisch 21,101,S1000288.72562,SALE,1,4.2,4.2,0.0,0.0,0.0,0.0,122,Bier,Getränke,,MwSt. 19%,1.19,3.529412,0.670588,Normalverkauf
S1000288.72563,SP1000288.7.72563,SY1000288.2026.72563,iPad1(1000288),288,04.06.26 15:35,Prod,A1000288.6726,Tisch 9,101,S1000288.72563,SALE,2,10.9,21.8,0.0,0.0,0.0,0.0,107,Chicken Burger,Hauptgerichte,,MwSt. 7%,1.07,20.373832,1.426168,Normalverkauf
S1000288.72564,SP1000288.7.72564,SY1000288.2026.72564,iPad1(1000288),288,04.06.26 15:35,Prod,A1000288.6726,Tisch 9,101,S1000288.72564,SALE,2,4.2,8.4,0.0,0.0,0.0,0.0,122,Bier,Getränke,,MwSt. 19%,1.19,7.058824,1.341176,Normalverkauf
S1000288.72565,SP1000288.7.72565,SY1000288.2026.72565,iPad1(1000288),288,04.06.26 12:30,Prod,A1000288.6727,,116,S1000288.72565,SALE,2,9.8,19.6,0.0,0.0,0.0,0.0,108,Seelachs-Ei-Baugette,Hauptgerichte,,MwSt. 7%,1.07,18.317757,1.282243,Normalverkauf
S1000288.72566,SP1000288.7.72566,SY1000288.2026.72566,iPad1(1000288),288,04.06.26 18:29,Prod,A1000288.6728,Tisch 11,116,S1000288.72566,VOID,1,2.8,2.8,0.0,0.0,0.0,0.0,121,Mineralwasser,Getränke,,MwSt. 19%,1.19,2.352941,0.447059,Normalverkauf
S1000288.72567,SP1000288.7.72567,SY1000288.2026.72567,iPad1(1000288),288,04.06.26 18:29,Prod,A1000288.6728,Tisch 11,116,S1000288.72567,VOID,2,6.9,13.8,0.0,0.0,0.0,0.0,113,Garnelen Box,Beilagen,,MwSt. 7%,1.07,12.897196,0.902804,Normalverkauf
S1000288.72568,SP1000288.7.72568,SY1000288.2026.72568,iPad1(1000288),288,04.06.26 19:32,Prod,A1000288.6729,Tisch 15,116,S1000288.72568,SALE,1,3.9,3.9,0.0,0.0,0.0,0.0,124,Cola Zero,Getränke,,MwSt. 19%,1.19,3.277311,0.622689,Normalverkauf
S1000288.72569,SP1000288.7.72569,SY1000288.2026.72569,iPad1(1000288),288,04.06.26 09:15,Prod,A1000288.6730,Tisch 16,119,S1000288.72569,VOID,1,3.2,3.2,0.0,0.0,0.0,0.0,120,Apfelschorle,Getränke,,MwSt. 19%,1.19,2.689076,0.510924,Normalverkauf
S1000288.72570,SP1000288.7.72570,SY1000288.2026.72570,iPad1(1000288),288,04.06.26 09:15,Prod,A1000288.6730,Tisch 16,119,S1000288.72570,VOID,1,10.9,10.9,0.0,0.0,0.0,0.0,109,Bismarck-Baguette,Hauptgerichte,,MwSt. 7%,1.07,10.186916,0.713084,Normalverkauf
S1000288.72571,SP1000288.7.72571,SY1000288.2026.72571,iPad1(1000288),288,04.06.26 09:15,Prod,A1000288.6730,Tisch 16,119,S1000288.72571,VOID,2,5.5,11.0,0.0,0.0,0.0,0.0,114,Fisch Nuggets Box,Beilagen,,MwSt. 7%,1.07,10.280374,0.719626,Normalverkauf
S1000288.72572,SP1000288.7.72572,SY1000288.2026.72572,iPad1(1000288),288,04.06.26 11:12,Prod,A1000288.6731,Tisch 9,101,S1000288.72572,SALE,1,3.9,3.9,0.0,0.0,0.0,0.0,124,Cola Zero,Getränke,,MwSt. 19%,1.19,3.277311,0.622689,Normalverkauf
S1000288.72573,SP1000288.7.72573,SY1000288.2026.72573,iPad1(1000288),288,04.06.26 11:12,Prod,A1000288.6731,Tisch 9,101,S1000288.72573,SALE,1,3.9,3.9,0.0,0.0,0.0,0.0,126,Spezi,Getränke,,MwSt. 19%,1.19,3.277311,0.622689,Normalverkauf
S1000288.72574,SP1000288.7.72574,SY1000288.2026.72574,iPad1(1000288),288,04.06.26 16:41,Prod,A1000288.6732,Tisch 15,110,S1000288.72574,SALE,1,6.5,6.5,0.0,0.0,0.0,0.0,100,Fischbrötchen Backfisch,Hauptspeisen,,MwSt. 7%,1.07,6.074766,0.425234,Normalverkauf
S1000288.72575,SP1000288.7.72575,SY1000288.2026.72575,iPad1(1000288),288,04.06.26 12:23,Prod,A1000288.6733,,110,S1000288.72575,VOID,1,9.8,9.8,0.0,0.0,0.0,0.0,108,Seelachs-Ei-Baugette,Hauptgerichte,,MwSt. 7%,1.07,9.158879,0.641121,Normalverkauf
S1000288.72576,SP1000288.7.72576,SY1000288.2026.72576,iPad1(1000288),288,04.06.26 12:23,Prod,A1000288.6733,,110,S1000288.72576,VOID,1,5.9,5.9,0.0,0.0,0.0,0.0,125,Zitronen-Limonade,Getränke,,MwSt. 19%,1.19,4.957983,0.942017,Normalverkauf
S1000288.72577,SP1000288.7.72577,SY1000288.2026.72577,iPad1(1000288),288,04.06.26 12:23,Prod,A1000288.6733,,110,S1000288.72577,VOID,2,3.9,7.8,0.0,0.0,0.0,0.0,119,Cola,Getränke,,MwSt. 19%,1.19,6.554622,1.245378,Normalverkauf
S1000288.72578,SP1000288.7.72578,SY1000288.2026.72578,iPad1(1000288),288,04.06.26 11:06,Prod,A1000288.6734,Tisch 10,110,S1000288.72578,SALE,2,3.9,7.8,0.0,0.0,0.0,0.0,126,Spezi,Getränke,,MwSt. 19%,1.19,6.554622,1.245378,Normalverkauf
S1000288.72579,SP1000288.7.72579,SY1000288.2026.72579,iPad1(1000288),288,04.06.26 11:06,Prod,A1000288.6734,Tisch 10,110,S1000288.72579,SALE,2,13.5,27.0,0.0,0.0,0.0,0.0,102,Matjes,Hauptspeisen,,MwSt. 7%,1.07,25.233645,1.766355,Normalverkauf
S1000288.72580,SP1000288.7.72580,SY1000288.2026.72580,iPad1(1000288),288,04.06.26 11:06,Prod,A1000288.6734,Tisch 10,110,S1000288.72580,SALE,1,6.5,6.5,0.0,0.0,0.0,0.0,100,Fischbrötchen Backfisch,Hauptspeisen,,MwSt. 7%,1.07,6.074766,0.425234,Normalverkauf
S1000288.72581,SP1000288.7.72581,SY1000288.2026.72581,iPad1(1000288),288,04.06.26 16:23,Prod,A1000288.6735,Tisch 20,110,S1000288.72581,SALE,2,3.9,7.8,0.0,0.0,0.0,0.0,126,Spezi,Getränke,,MwSt. 19%,1.19,6.554622,1.245378,Normalverkauf
S1000288.72582,SP1000288.7.72582,SY1000288.2026.72582,iPad1(1000288),288,04.06.26 09:21,Prod,A1000288.6736,,110,S1000288.72582,SALE,2,4.2,8.4,0.0,0.0,0.0,0.0,122,Bier,Getränke,,MwSt. 19%,1.19,7.058824,1.341176,Normalverkauf
S1000288.72583,SP1000288.7.72583,SY1000288.2026.72583,iPad1(1000288),288,04.06.26 09:21,Prod,A1000288.6736,,110,S1000288.72583,SALE,2,9.8,19.6,0.0,0.0,0.0,0.0,108,Seelachs-Ei-Baugette,Hauptgerichte,,MwSt. 7%,1.07,18.317757,1.282243,Normalverkauf
S1000288.72584,SP1000288.7.72584,SY1000288.2026.72584,iPad1(1000288),288,04.06.26 09:21,Prod,A1000288.6736,,110,S1000288.72584,SALE,2,7.9,15.8,0.0,0.0,0.0,0.0,106,Neptun-Ringe,Beilagen,,MwSt. 7%,1.07,14.766355,1.033645,Normalverkauf
S1000288.72585,SP1000288.7.72585,SY1000288.2026.72585,iPad1(1000288),288,04.06.26 20:04,Prod,A1000288.6737,Tisch 13,110,S1000288.72585,SALE,1,10.9,10.9,0.0,0.0,0.0,0.0,109,Bismarck-Baguette,Hauptgerichte,,MwSt. 7%,1.07,10.186916,0.713084,Normalverkauf
S1000288.72586,SP1000288.7.72586,SY1000288.2026.72586,iPad1(1000288),288,04.06.26 17:35,Prod,A1000288.6738,Tisch 5,110,S1000288.72586,SALE,2,2.8,5.6,0.0,0.0,0.0,0.0,121,Mineralwasser,Getränke,,MwSt. 19%,1.19,4.705882,0.894118,Normalverkauf
S1000288.72587,SP1000288.7.72587,SY1000288.2026.72587,iPad1(1000288),288,04.06.26 17:35,Prod,A1000288.6738,Tisch 5,110,S1000288.72587,SALE,2,10.9,21.8,0.0,0.0,0.0,0.0,104,Thunfisch Wrap,Hauptgerichte,,MwSt. 7%,1.07,20.373832,1.426168,Normalverkauf
S1000288.72588,SP1000288.7.72588,SY1000288.2026.72588,iPad1(1000288),288,04.06.26 17:35,Prod,A1000288.6738,Tisch 5,110,S1000288.72588,SALE,2,6.5,13.0,0.0,0.0,0.0,0.0,100,Fischbrötchen Backfisch,Hauptspeisen,,MwSt. 7%,1.07,12.149533,0.850467,Normalverkauf
S1000288.72589,SP1000288.7.72589,SY1000288.2026.72589,iPad1(1000288),288,04.06.26 13:20,Prod,A1000288.6739,Tisch 5,119,S1000288.72589,SALE,1,3.9,3.9,0.0,0.0,0.0,0.0,119,Cola,Getränke,,MwSt. 19%,1.19,3.277311,0.622689,Normalverkauf
S1000288.72590,SP1000288.7.72590,SY1000288.2026.72590,iPad1(1000288),288,04.06.26 13:20,Prod,A1000288.6739,Tisch 5,119,S1000288.72590,SALE,1,3.9,3.9,0.0,0.0,0.0,0.0,119,Cola,Getränke,,MwSt. 19%,1.19,3.277311,0.622689,Normalverkauf
S1000288.72591,SP1000288.7.72591,SY1000288.2026.72591,iPad1(1000288),288,04.06.26 13:20,Prod,A1000288.6739,Tisch 5,119,S1000288.72591,SALE,1,3.9,3.9,0.0,0.0,0.0,0.0,126,Spezi,Getränke,,MwSt. 19%,1.19,3.277311,0.622689,Normalverkauf
S1000288.72592,SP1000288.7.72592,SY1000288.2026.72592,iPad1(1000288),288,04.06.26 18:35,Prod,A1000288.6740,Tisch 15,116,S1000288.72592,SALE,2,5.5,11.0,0.0,0.0,0.0,0.0,111,Pommes Frites,Beilagen,,MwSt. 7%,1.07,10.280374,0.719626,Normalverkauf
S1000288.72593,SP1000288.7.72593,SY1000288.2026.72593,iPad1(1000288),288,04.06.26 18:35,Prod,A1000288.6740,Tisch 15,116,S1000288.72593,SALE,1,5.5,5.5,0.0,0.0,0.0,0.0,111,Pommes Frites,Beilagen,,MwSt. 7%,1.07,5.140187,0.359813,Normalverkauf
S1000288.72594,SP1000288.7.72594,SY1000288.2026.72594,iPad1(1000288),288,05.06.26 17:29,Prod,A1000288.6741,Tisch 17,110,S1000288.72594,VOID,2,14.5,29.0,0.0,0.0,0.0,0.0,101,Lachs,Hauptspeisen,,MwSt. 7%,1.07,27.102804,1.897196,Normalverkauf
S1000288.72595,SP1000288.7.72595,SY1000288.2026.72595,iPad1(1000288),288,05.06.26 10:05,Prod,A1000288.6742,Tisch 23,107,S1000288.72595,SALE,2,6.5,13.0,0.0,0.0,0.0,0.0,100,Fischbrötchen Backfisch,Hauptspeisen,,MwSt. 7%,1.07,12.149533,0.850467,Normalverkauf
S1000288.72596,SP1000288.7.72596,SY1000288.2026.72596,iPad1(1000288),288,05.06.26 10:05,Prod,A1000288.6742,Tisch 23,107,S1000288.72596,SALE,2,6.9,13.8,0.0,0.0,0.0,0.0,113,Garnelen Box,Beilagen,,MwSt. 7%,1.07,12.897196,0.902804,Normalverkauf
S1000288.72597,SP1000288.7.72597,SY1000288.2026.72597,iPad1(1000288),288,05.06.26 15:24,Prod,A1000288.6743,Tisch 4,107,S1000288.72597,SALE,1,5.9,5.9,0.0,0.0,0.0,0.0,117,Rote Grütze,Desserts,,MwSt. 7%,1.07,5.514019,0.385981,Normalverkauf
S1000288.72598,SP1000288.7.72598,SY1000288.2026.72598,iPad1(1000288),288,05.06.26 12:41,Prod,A1000288.6744,Tisch 19,107,S1000288.72598,SALE,1,3.9,3.9,0.0,0.0,0.0,0.0,127,Alkoholfreies Bier,Getränke,,MwSt. 19%,1.19,3.277311,0.622689,Normalverkauf
S1000288.72599,SP1000288.7.72599,SY1000288.2026.72599,iPad1(1000288),288,05.06.26 15:20,Prod,A1000288.6745,Tisch 8,110,S1000288.72599,SALE,2,3.9,7.8,0.0,0.0,0.0,0.0,124,Cola Zero,Getränke,,MwSt. 19%,1.19,6.554622,1.245378,Normalverkauf
S1000288.72600,SP1000288.7.72600,SY1000288.2026.72600,iPad1(1000288),288,05.06.26 12:02,Prod,A1000288.6746,Tisch 6,119,S1000288.72600,SALE,2,10.9,21.8,0.0,0.0,0.0,0.0,107,Chicken Burger,Hauptgerichte,,MwSt. 7%,1.07,20.373832,1.426168,Normalverkauf
S1000288.72601,SP1000288.7.72601,SY1000288.2026.72601,iPad1(1000288),288,05.06.26 12:02,Prod,A1000288.6746,Tisch 6,119,S1000288.72601,SALE,1,14.5,14.5,0.0,0.0,0.0,0.0,101,Lachs,Hauptspeisen,,MwSt. 7%,1.07,13.551402,0.948598,Normalverkauf
S1000288.72602,SP1000288.7.72602,SY1000288.2026.72602,iPad1(1000288),288,05.06.26 12:02,Prod,A1000288.6746,Tisch 6,119,S1000288.72602,SALE,1,3.9,3.9,0.0,0.0,0.0,0.0,127,Alkoholfreies Bier,Getränke,,MwSt. 19%,1.19,3.277311,0.622689,Normalverkauf
S1000288.72603,SP1000288.7.72603,SY1000288.2026.72603,iPad1(1000288),288,05.06.26 15:32,Prod,A1000288.6747,Tisch 22,107,S1000288.72603,SALE,1,5.9,5.9,0.0,0.0,0.0,0.0,125,Zitronen-Limonade,Getränke,,MwSt. 19%,1.19,4.957983,0.942017,Normalverkauf
S1000288.72604,SP1000288.7.72604,SY1000288.2026.72604,iPad1(1000288),288,05.06.26 15:32,Prod,A1000288.6747,Tisch 22,107,S1000288.72604,SALE,1,3.9,3.9,0.0,0.0,0.0,0.0,119,Cola,Getränke,,MwSt. 19%,1.19,3.277311,0.622689,Normalverkauf
S1000288.72605,SP1000288.7.72605,SY1000288.2026.72605,iPad1(1000288),288,05.06.26 15:32,Prod,A1000288.6747,Tisch 22,107,S1000288.72605,SALE,1,11.5,11.5,0.0,0.0,0.0,0.0,105,Garnelen-Kimchi-Bruger,Hauptgerichte,,MwSt. 7%,1.07,10.747664,0.752336,Normalverkauf
S1000288.72606,SP1000288.7.72606,SY1000288.2026.72606,iPad1(1000288),288,05.06.26 19:11,Prod,A1000288.6748,Tisch 4,116,S1000288.72606,VOID,2,3.9,7.8,0.0,0.0,0.0,0.0,119,Cola,Getränke,,MwSt. 19%,1.19,6.554622,1.245378,Normalverkauf
S1000288.72607,SP1000288.7.72607,SY1000288.2026.72607,iPad1(1000288),288,05.06.26 19:11,Prod,A1000288.6748,Tisch 4,116,S1000288.72607,VOID,2,9.8,19.6,0.0,0.0,0.0,0.0,108,Seelachs-Ei-Baugette,Hauptgerichte,,MwSt. 7%,1.07,18.317757,1.282243,Normalverkauf
S1000288.72608,SP1000288.7.72608,SY1000288.2026.72608,iPad1(1000288),288,05.06.26 16:11,Prod,A1000288.6749,Tisch 11,119,S1000288.72608,SALE,2,11.5,23.0,0.0,0.0,0.0,0.0,105,Garnelen-Kimchi-Bruger,Hauptgerichte,,MwSt. 7%,1.07,21.495327,1.504673,Normalverkauf
S1000288.72609,SP1000288.7.72609,SY1000288.2026.72609,iPad1(1000288),288,05.06.26 16:11,Prod,A1000288.6749,Tisch 11,119,S1000288.72609,SALE,2,3.9,7.8,0.0,0.0,0.0,0.0,124,Cola Zero,Getränke,,MwSt. 19%,1.19,6.554622,1.245378,Normalverkauf
S1000288.72610,SP1000288.7.72610,SY1000288.2026.72610,iPad1(1000288),288,05.06.26 16:11,Prod,A1000288.6749,Tisch 11,119,S1000288.72610,SALE,1,6.5,6.5,0.0,0.0,0.0,0.0,100,Fischbrötchen Backfisch,Hauptspeisen,,MwSt. 7%,1.07,6.074766,0.425234,Normalverkauf
S1000288.72611,SP1000288.7.72611,SY1000288.2026.72611,iPad1(1000288),288,05.06.26 15:45,Prod,A1000288.6750,,119,S1000288.72611,SALE,2,11.5,23.0,0.0,0.0,0.0,0.0,105,Garnelen-Kimchi-Bruger,Hauptgerichte,,MwSt. 7%,1.07,21.495327,1.504673,Normalverkauf
S1000288.72612,SP1000288.7.72612,SY1000288.2026.72612,iPad1(1000288),288,05.06.26 15:45,Prod,A1000288.6750,,119,S1000288.72612,SALE,1,5.9,5.9,0.0,0.0,0.0,0.0,117,Rote Grütze,Desserts,,MwSt. 7%,1.07,5.514019,0.385981,Normalverkauf
S1000288.72613,SP1000288.7.72613,SY1000288.2026.72613,iPad1(1000288),288,05.06.26 08:46,Prod,A1000288.6751,Tisch 11,110,S1000288.72613,SALE,1,3.9,3.9,0.0,0.0,0.0,0.0,119,Cola,Getränke,,MwSt. 19%,1.19,3.277311,0.622689,Normalverkauf
S1000288.72614,SP1000288.7.72614,SY1000288.2026.72614,iPad1(1000288),288,05.06.26 13:56,Prod,A1000288.6752,Tisch 5,119,S1000288.72614,SALE,1,10.9,10.9,0.0,0.0,0.0,0.0,104,Thunfisch Wrap,Hauptgerichte,,MwSt. 7%,1.07,10.186916,0.713084,Normalverkauf
S1000288.72615,SP1000288.7.72615,SY1000288.2026.72615,iPad1(1000288),288,05.06.26 10:28,Prod,A1000288.6753,Tisch 12,107,S1000288.72615,SALE,2,7.9,15.8,0.0,0.0,0.0,0.0,115,Tiramisu,Desserts,,MwSt. 7%,1.07,14.766355,1.033645,Normalverkauf
S1000288.72616,SP1000288.7.72616,SY1000288.2026.72616,iPad1(1000288),288,05.06.26 10:28,Prod,A1000288.6753,Tisch 12,107,S1000288.72616,SALE,1,3.9,3.9,0.0,0.0,0.0,0.0,119,Cola,Getränke,,MwSt. 19%,1.19,3.277311,0.622689,Normalverkauf
S1000288.72617,SP1000288.7.72617,SY1000288.2026.72617,iPad1(1000288),288,05.06.26 18:15,Prod,A1000288.6754,,119,S1000288.72617,SALE,1,5.9,5.9,0.0,0.0,0.0,0.0,125,Zitronen-Limonade,Getränke,,MwSt. 19%,1.19,4.957983,0.942017,Normalverkauf
S1000288.72618,SP1000288.7.72618,SY1000288.2026.72618,iPad1(1000288),288,05.06.26 18:15,Prod,A1000288.6754,,119,S1000288.72618,SALE,1,5.5,5.5,0.0,0.0,0.0,0.0,111,Pommes Frites,Beilagen,,MwSt. 7%,1.07,5.140187,0.359813,Normalverkauf
S1000288.72619,SP1000288.7.72619,SY1000288.2026.72619,iPad1(1000288),288,05.06.26 18:15,Prod,A1000288.6754,,119,S1000288.72619,SALE,2,9.8,19.6,0.0,0.0,0.0,0.0,108,Seelachs-Ei-Baugette,Hauptgerichte,,MwSt. 7%,1.07,18.317757,1.282243,Normalverkauf
S1000288.72620,SP1000288.7.72620,SY1000288.2026.72620,iPad1(1000288),288,05.06.26 18:55,Prod,A1000288.6755,,116,S1000288.72620,SALE,2,4.9,9.8,0.0,0.0,0.0,0.0,112,Kartoffelwedges,Beilagen,,MwSt. 7%,1.07,9.158879,0.641121,Normalverkauf
S1000288.72621,SP1000288.7.72621,SY1000288.2026.72621,iPad1(1000288),288,05.06.26 18:55,Prod,A1000288.6755,,116,S1000288.72621,SALE,1,3.9,3.9,0.0,0.0,0.0,0.0,119,Cola,Getränke,,MwSt. 19%,1.19,3.277311,0.622689,Normalverkauf
S1000288.72622,SP1000288.7.72622,SY1000288.2026.72622,iPad1(1000288),288,05.06.26 18:55,Prod,A1000288.6755,,116,S1000288.72622,SALE,2,2.8,5.6,0.0,0.0,0.0,0.0,121,Mineralwasser,Getränke,,MwSt. 19%,1.19,4.705882,0.894118,Normalverkauf
S1000288.72623,SP1000288.7.72623,SY1000288.2026.72623,iPad1(1000288),288,05.06.26 08:27,Prod,A1000288.6756,Tisch 23,119,S1000288.72623,SALE,2,10.9,21.8,0.0,0.0,0.0,0.0,107,Chicken Burger,Hauptgerichte,,MwSt. 7%,1.07,20.373832,1.426168,Normalverkauf
S1000288.72624,SP1000288.7.72624,SY1000288.2026.72624,iPad1(1000288),288,05.06.26 08:27,Prod,A1000288.6756,Tisch 23,119,S1000288.72624,SALE,2,5.9,11.8,0.0,0.0,0.0,0.0,117,Rote Grütze,Desserts,,MwSt. 7%,1.07,11.028037,0.771963,Normalverkauf
S1000288.72625,SP1000288.7.72625,SY1000288.2026.72625,iPad1(1000288),288,05.06.26 08:27,Prod,A1000288.6756,Tisch 23,119,S1000288.72625,SALE,2,5.5,11.0,0.0,0.0,0.0,0.0,111,Pommes Frites,Beilagen,,MwSt. 7%,1.07,10.280374,0.719626,Normalverkauf
S1000288.72626,SP1000288.7.72626,SY1000288.2026.72626,iPad1(1000288),288,05.06.26 15:30,Prod,A1000288.6757,Tisch 17,101,S1000288.72626,VOID,1,6.9,6.9,0.0,0.0,0.0,0.0,103,Fischbrötchen Räucherlachs,Hauptspeisen,,MwSt. 7%,1.07,6.448598,0.451402,Normalverkauf
S1000288.72627,SP1000288.7.72627,SY1000288.2026.72627,iPad1(1000288),288,05.06.26 15:30,Prod,A1000288.6757,Tisch 17,101,S1000288.72627,VOID,1,5.5,5.5,0.0,0.0,0.0,0.0,111,Pommes Frites,Beilagen,,MwSt. 7%,1.07,5.140187,0.359813,Normalverkauf
S1000288.72628,SP1000288.7.72628,SY1000288.2026.72628,iPad1(1000288),288,05.06.26 12:44,Prod,A1000288.6758,Tisch 23,110,S1000288.72628,SALE,1,9.8,9.8,0.0,0.0,0.0,0.0,108,Seelachs-Ei-Baugette,Hauptgerichte,,MwSt. 7%,1.07,9.158879,0.641121,Normalverkauf
S1000288.72629,SP1000288.7.72629,SY1000288.2026.72629,iPad1(1000288),288,05.06.26 20:30,Prod,A1000288.6759,Tisch 5,107,S1000288.72629,SALE,2,5.9,11.8,0.0,0.0,0.0,0.0,116,Vanillequark,Desserts,,MwSt. 7%,1.07,11.028037,0.771963,Normalverkauf
S1000288.72630,SP1000288.7.72630,SY1000288.2026.72630,iPad1(1000288),288,05.06.26 20:30,Prod,A1000288.6759,Tisch 5,107,S1000288.72630,SALE,2,13.5,27.0,0.0,0.0,0.0,0.0,102,Matjes,Hauptspeisen,,MwSt. 7%,1.07,25.233645,1.766355,Normalverkauf
S1000288.72631,SP1000288.7.72631,SY1000288.2026.72631,iPad1(1000288),288,05.06.26 15:41,Prod,A1000288.6760,Tisch 13,101,S1000288.72631,SALE,2,10.9,21.8,0.0,0.0,0.0,0.0,107,Chicken Burger,Hauptgerichte,,MwSt. 7%,1.07,20.373832,1.426168,Normalverkauf
S1000288.72632,SP1000288.7.72632,SY1000288.2026.72632,iPad1(1000288),288,05.06.26 15:41,Prod,A1000288.6760,Tisch 13,101,S1000288.72632,SALE,2,5.9,11.8,0.0,0.0,0.0,0.0,117,Rote Grütze,Desserts,,MwSt. 7%,1.07,11.028037,0.771963,Normalverkauf
S1000288.72633,SP1000288.7.72633,SY1000288.2026.72633,iPad1(1000288),288,05.06.26 13:36,Prod,A1000288.6761,,119,S1000288.72633,SALE,2,2.8,5.6,0.0,0.0,0.0,0.0,121,Mineralwasser,Getränke,,MwSt. 19%,1.19,4.705882,0.894118,Normalverkauf
S1000288.72634,SP1000288.7.72634,SY1000288.2026.72634,iPad1(1000288),288,05.06.26 13:36,Prod,A1000288.6761,,119,S1000288.72634,SALE,2,4.9,9.8,0.0,0.0,0.0,0.0,112,Kartoffelwedges,Beilagen,,MwSt. 7%,1.07,9.158879,0.641121,Normalverkauf
S1000288.72635,SP1000288.7.72635,SY1000288.2026.72635,iPad1(1000288),288,05.06.26 12:11,Prod,A1000288.6762,Tisch 18,116,S1000288.72635,SALE,2,14.5,29.0,0.0,0.0,0.0,0.0,101,Lachs,Hauptspeisen,,MwSt. 7%,1.07,27.102804,1.897196,Normalverkauf
S1000288.72636,SP1000288.7.72636,SY1000288.2026.72636,iPad1(1000288),288,05.06.26 12:11,Prod,A1000288.6762,Tisch 18,116,S1000288.72636,SALE,2,3.2,6.4,0.0,0.0,0.0,0.0,120,Apfelschorle,Getränke,,MwSt. 19%,1.19,5.378151,1.021849,Normalverkauf
S1000288.72637,SP1000288.7.72637,SY1000288.2026.72637,iPad1(1000288),288,05.06.26 12:11,Prod,A1000288.6762,Tisch 18,116,S1000288.72637,SALE,2,3.2,6.4,0.0,0.0,0.0,0.0,120,Apfelschorle,Getränke,,MwSt. 19%,1.19,5.378151,1.021849,Normalverkauf
S1000288.72638,SP1000288.7.72638,SY1000288.2026.72638,iPad1(1000288),288,05.06.26 15:06,Prod,A1000288.6763,Tisch 3,110,S1000288.72638,SALE,1,6.9,6.9,0.0,0.0,0.0,0.0,103,Fischbrötchen Räucherlachs,Hauptspeisen,,MwSt. 7%,1.07,6.448598,0.451402,Normalverkauf
S1000288.72639,SP1000288.7.72639,SY1000288.2026.72639,iPad1(1000288),288,05.06.26 13:30,Prod,A1000288.6764,,110,S1000288.72639,SALE,2,5.9,11.8,0.0,0.0,0.0,0.0,125,Zitronen-Limonade,Getränke,,MwSt. 19%,1.19,9.915966,1.884034,Normalverkauf
S1000288.72640,SP1000288.7.72640,SY1000288.2026.72640,iPad1(1000288),288,05.06.26 11:15,Prod,A1000288.6765,Tisch 4,107,S1000288.72640,SALE,1,11.5,11.5,0.0,0.0,0.0,0.0,105,Garnelen-Kimchi-Bruger,Hauptgerichte,,MwSt. 7%,1.07,10.747664,0.752336,Normalverkauf
S1000288.72641,SP1000288.7.72641,SY1000288.2026.72641,iPad1(1000288),288,05.06.26 18:35,Prod,A1000288.6766,Tisch 2,110,S1000288.72641,SALE,2,3.9,7.8,0.0,0.0,0.0,0.0,124,Cola Zero,Getränke,,MwSt. 19%,1.19,6.554622,1.245378,Normalverkauf
S1000288.72642,SP1000288.7.72642,SY1000288.2026.72642,iPad1(1000288),288,05.06.26 18:35,Prod,A1000288.6766,Tisch 2,110,S1000288.72642,SALE,1,4.9,4.9,0.0,0.0,0.0,0.0,112,Kartoffelwedges,Beilagen,,MwSt. 7%,1.07,4.579439,0.320561,Normalverkauf
S1000288.72643,SP1000288.7.72643,SY1000288.2026.72643,iPad1(1000288),288,05.06.26 11:02,Prod,A1000288.6767,Tisch 15,110,S1000288.72643,VOID,2,5.5,11.0,0.0,0.0,0.0,0.0,114,Fisch Nuggets Box,Beilagen,,MwSt. 7%,1.07,10.280374,0.719626,Normalverkauf
S1000288.72644,SP1000288.7.72644,SY1000288.2026.72644,iPad1(1000288),288,05.06.26 11:02,Prod,A1000288.6767,Tisch 15,110,S1000288.72644,VOID,2,5.5,11.0,0.0,0.0,0.0,0.0,111,Pommes Frites,Beilagen,,MwSt. 7%,1.07,10.280374,0.719626,Normalverkauf
S1000288.72645,SP1000288.7.72645,SY1000288.2026.72645,iPad1(1000288),288,05.06.26 12:08,Prod,A1000288.6768,Tisch 16,110,S1000288.72645,VOID,1,5.9,5.9,0.0,0.0,0.0,0.0,116,Vanillequark,Desserts,,MwSt. 7%,1.07,5.514019,0.385981,Normalverkauf
S1000288.72646,SP1000288.7.72646,SY1000288.2026.72646,iPad1(1000288),288,05.06.26 12:08,Prod,A1000288.6768,Tisch 16,110,S1000288.72646,VOID,2,11.5,23.0,0.0,0.0,0.0,0.0,105,Garnelen-Kimchi-Bruger,Hauptgerichte,,MwSt. 7%,1.07,21.495327,1.504673,Normalverkauf
S1000288.72647,SP1000288.7.72647,SY1000288.2026.72647,iPad1(1000288),288,05.06.26 12:46,Prod,A1000288.6769,Tisch 21,110,S1000288.72647,SALE,1,3.9,3.9,0.0,0.0,0.0,0.0,127,Alkoholfreies Bier,Getränke,,MwSt. 19%,1.19,3.277311,0.622689,Normalverkauf
S1000288.72648,SP1000288.7.72648,SY1000288.2026.72648,iPad1(1000288),288,05.06.26 20:31,Prod,A1000288.6770,,110,S1000288.72648,SALE,1,4.9,4.9,0.0,0.0,0.0,0.0,112,Kartoffelwedges,Beilagen,,MwSt. 7%,1.07,4.579439,0.320561,Normalverkauf
S1000288.72649,SP1000288.7.72649,SY1000288.2026.72649,iPad1(1000288),288,05.06.26 20:31,Prod,A1000288.6770,,110,S1000288.72649,SALE,2,4.9,9.8,0.0,0.0,0.0,0.0,112,Kartoffelwedges,Beilagen,,MwSt. 7%,1.07,9.158879,0.641121,Normalverkauf
S1000288.72650,SP1000288.7.72650,SY1000288.2026.72650,iPad1(1000288),288,05.06.26 20:31,Prod,A1000288.6770,,110,S1000288.72650,SALE,1,7.9,7.9,0.0,0.0,0.0,0.0,115,Tiramisu,Desserts,,MwSt. 7%,1.07,7.383178,0.516822,Normalverkauf
S1000288.72651,SP1000288.7.72651,SY1000288.2026.72651,iPad1(1000288),288,05.06.26 18:35,Prod,A1000288.6771,Tisch 6,116,S1000288.72651,SALE,1,13.5,13.5,0.0,0.0,0.0,0.0,102,Matjes,Hauptspeisen,,MwSt. 7%,1.07,12.616822,0.883178,Normalverkauf
S1000288.72652,SP1000288.7.72652,SY1000288.2026.72652,iPad1(1000288),288,05.06.26 18:35,Prod,A1000288.6771,Tisch 6,116,S1000288.72652,SALE,2,11.5,23.0,0.0,0.0,0.0,0.0,105,Garnelen-Kimchi-Bruger,Hauptgerichte,,MwSt. 7%,1.07,21.495327,1.504673,Normalverkauf
S1000288.72653,SP1000288.7.72653,SY1000288.2026.72653,iPad1(1000288),288,05.06.26 12:26,Prod,A1000288.6772,Tisch 16,116,S1000288.72653,SALE,2,6.9,13.8,0.0,0.0,0.0,0.0,103,Fischbrötchen Räucherlachs,Hauptspeisen,,MwSt. 7%,1.07,12.897196,0.902804,Normalverkauf
S1000288.72654,SP1000288.7.72654,SY1000288.2026.72654,iPad1(1000288),288,05.06.26 18:11,Prod,A1000288.6773,Tisch 12,110,S1000288.72654,SALE,1,3.2,3.2,0.0,0.0,0.0,0.0,120,Apfelschorle,Getränke,,MwSt. 19%,1.19,2.689076,0.510924,Normalverkauf
S1000288.72655,SP1000288.7.72655,SY1000288.2026.72655,iPad1(1000288),288,05.06.26 18:11,Prod,A1000288.6773,Tisch 12,110,S1000288.72655,SALE,1,5.9,5.9,0.0,0.0,0.0,0.0,123,Inger-Limonade,Getränke,,MwSt. 19%,1.19,4.957983,0.942017,Normalverkauf
S1000288.72656,SP1000288.7.72656,SY1000288.2026.72656,iPad1(1000288),288,05.06.26 10:25,Prod,A1000288.6774,Tisch 4,110,S1000288.72656,SALE,1,5.9,5.9,0.0,0.0,0.0,0.0,125,Zitronen-Limonade,Getränke,,MwSt. 19%,1.19,4.957983,0.942017,Normalverkauf
S1000288.72657,SP1000288.7.72657,SY1000288.2026.72657,iPad1(1000288),288,05.06.26 10:25,Prod,A1000288.6774,Tisch 4,110,S1000288.72657,SALE,2,3.2,6.4,0.0,0.0,0.0,0.0,120,Apfelschorle,Getränke,,MwSt. 19%,1.19,5.378151,1.021849,Normalverkauf
S1000288.72658,SP1000288.7.72658,SY1000288.2026.72658,iPad1(1000288),288,05.06.26 20:06,Prod,A1000288.6775,Tisch 2,119,S1000288.72658,SALE,1,3.2,3.2,0.0,0.0,0.0,0.0,120,Apfelschorle,Getränke,,MwSt. 19%,1.19,2.689076,0.510924,Normalverkauf
S1000288.72659,SP1000288.7.72659,SY1000288.2026.72659,iPad1(1000288),288,05.06.26 20:06,Prod,A1000288.6775,Tisch 2,119,S1000288.72659,SALE,2,10.9,21.8,0.0,0.0,0.0,0.0,107,Chicken Burger,Hauptgerichte,,MwSt. 7%,1.07,20.373832,1.426168,Normalverkauf
S1000288.72660,SP1000288.7.72660,SY1000288.2026.72660,iPad1(1000288),288,05.06.26 20:06,Prod,A1000288.6775,Tisch 2,119,S1000288.72660,SALE,2,7.9,15.8,0.0,0.0,0.0,0.0,106,Neptun-Ringe,Beilagen,,MwSt. 7%,1.07,14.766355,1.033645,Normalverkauf
S1000288.72661,SP1000288.7.72661,SY1000288.2026.72661,iPad1(1000288),288,05.06.26 16:27,Prod,A1000288.6776,,119,S1000288.72661,SALE,1,2.8,2.8,0.0,0.0,0.0,0.0,121,Mineralwasser,Getränke,,MwSt. 19%,1.19,2.352941,0.447059,Normalverkauf
S1000288.72662,SP1000288.7.72662,SY1000288.2026.72662,iPad1(1000288),288,05.06.26 16:27,Prod,A1000288.6776,,119,S1000288.72662,SALE,1,9.8,9.8,0.0,0.0,0.0,0.0,108,Seelachs-Ei-Baugette,Hauptgerichte,,MwSt. 7%,1.07,9.158879,0.641121,Normalverkauf
S1000288.72663,SP1000288.7.72663,SY1000288.2026.72663,iPad1(1000288),288,05.06.26 16:27,Prod,A1000288.6776,,119,S1000288.72663,SALE,2,3.9,7.8,0.0,0.0,0.0,0.0,119,Cola,Getränke,,MwSt. 19%,1.19,6.554622,1.245378,Normalverkauf
S1000288.72664,SP1000288.7.72664,SY1000288.2026.72664,iPad1(1000288),288,05.06.26 11:48,Prod,A1000288.6777,Tisch 24,107,S1000288.72664,SALE,2,10.9,21.8,0.0,0.0,0.0,0.0,107,Chicken Burger,Hauptgerichte,,MwSt. 7%,1.07,20.373832,1.426168,Normalverkauf
S1000288.72665,SP1000288.7.72665,SY1000288.2026.72665,iPad1(1000288),288,05.06.26 11:48,Prod,A1000288.6777,Tisch 24,107,S1000288.72665,SALE,2,13.5,27.0,0.0,0.0,0.0,0.0,102,Matjes,Hauptspeisen,,MwSt. 7%,1.07,25.233645,1.766355,Normalverkauf
S1000288.72666,SP1000288.7.72666,SY1000288.2026.72666,iPad1(1000288),288,05.06.26 11:48,Prod,A1000288.6777,Tisch 24,107,S1000288.72666,SALE,1,3.9,3.9,0.0,0.0,0.0,0.0,124,Cola Zero,Getränke,,MwSt. 19%,1.19,3.277311,0.622689,Normalverkauf
S1000288.72667,SP1000288.7.72667,SY1000288.2026.72667,iPad1(1000288),288,05.06.26 17:32,Prod,A1000288.6778,Tisch 2,116,S1000288.72667,SALE,1,10.9,10.9,0.0,0.0,0.0,0.0,109,Bismarck-Baguette,Hauptgerichte,,MwSt. 7%,1.07,10.186916,0.713084,Normalverkauf
S1000288.72668,SP1000288.7.72668,SY1000288.2026.72668,iPad1(1000288),288,05.06.26 17:32,Prod,A1000288.6778,Tisch 2,116,S1000288.72668,SALE,2,4.2,8.4,0.0,0.0,0.0,0.0,122,Bier,Getränke,,MwSt. 19%,1.19,7.058824,1.341176,Normalverkauf
S1000288.72669,SP1000288.7.72669,SY1000288.2026.72669,iPad1(1000288),288,05.06.26 17:32,Prod,A1000288.6778,Tisch 2,116,S1000288.72669,SALE,2,10.9,21.8,0.0,0.0,0.0,0.0,104,Thunfisch Wrap,Hauptgerichte,,MwSt. 7%,1.07,20.373832,1.426168,Normalverkauf
S1000288.72670,SP1000288.7.72670,SY1000288.2026.72670,iPad1(1000288),288,05.06.26 11:44,Prod,A1000288.6779,Tisch 8,119,S1000288.72670,SALE,2,5.5,11.0,0.0,0.0,0.0,0.0,114,Fisch Nuggets Box,Beilagen,,MwSt. 7%,1.07,10.280374,0.719626,Normalverkauf
S1000288.72671,SP1000288.7.72671,SY1000288.2026.72671,iPad1(1000288),288,05.06.26 12:12,Prod,A1000288.6780,Tisch 8,101,S1000288.72671,SALE,2,11.9,23.8,0.0,0.0,0.0,0.0,110,Matjes-Baguette,Hauptgerichte,,MwSt. 7%,1.07,22.242991,1.557009,Normalverkauf
S1000288.72672,SP1000288.7.72672,SY1000288.2026.72672,iPad1(1000288),288,05.06.26 12:12,Prod,A1000288.6780,Tisch 8,101,S1000288.72672,SALE,1,10.9,10.9,0.0,0.0,0.0,0.0,104,Thunfisch Wrap,Hauptgerichte,,MwSt. 7%,1.07,10.186916,0.713084,Normalverkauf
S1000288.72673,SP1000288.7.72673,SY1000288.2026.72673,iPad1(1000288),288,05.06.26 19:04,Prod,A1000288.6781,Tisch 18,101,S1000288.72673,SALE,2,11.5,23.0,0.0,0.0,0.0,0.0,105,Garnelen-Kimchi-Bruger,Hauptgerichte,,MwSt. 7%,1.07,21.495327,1.504673,Normalverkauf
S1000288.72674,SP1000288.7.72674,SY1000288.2026.72674,iPad1(1000288),288,05.06.26 19:04,Prod,A1000288.6781,Tisch 18,101,S1000288.72674,SALE,1,11.5,11.5,0.0,0.0,0.0,0.0,105,Garnelen-Kimchi-Bruger,Hauptgerichte,,MwSt. 7%,1.07,10.747664,0.752336,Normalverkauf
S1000288.72675,SP1000288.7.72675,SY1000288.2026.72675,iPad1(1000288),288,05.06.26 11:53,Prod,A1000288.6782,Tisch 4,110,S1000288.72675,SALE,1,3.9,3.9,0.0,0.0,0.0,0.0,124,Cola Zero,Getränke,,MwSt. 19%,1.19,3.277311,0.622689,Normalverkauf
S1000288.72676,SP1000288.7.72676,SY1000288.2026.72676,iPad1(1000288),288,05.06.26 18:26,Prod,A1000288.6783,Tisch 11,110,S1000288.72676,SALE,2,6.5,13.0,0.0,0.0,0.0,0.0,100,Fischbrötchen Backfisch,Hauptspeisen,,MwSt. 7%,1.07,12.149533,0.850467,Normalverkauf
S1000288.72677,SP1000288.7.72677,SY1000288.2026.72677,iPad1(1000288),288,05.06.26 18:26,Prod,A1000288.6783,Tisch 11,110,S1000288.72677,SALE,2,4.2,8.4,0.0,0.0,0.0,0.0,122,Bier,Getränke,,MwSt. 19%,1.19,7.058824,1.341176,Normalverkauf
S1000288.72678,SP1000288.7.72678,SY1000288.2026.72678,iPad1(1000288),288,05.06.26 13:50,Prod,A1000288.6784,Tisch 11,119,S1000288.72678,SALE,1,6.5,6.5,0.0,0.0,0.0,0.0,100,Fischbrötchen Backfisch,Hauptspeisen,,MwSt. 7%,1.07,6.074766,0.425234,Normalverkauf
S1000288.72679,SP1000288.7.72679,SY1000288.2026.72679,iPad1(1000288),288,05.06.26 13:50,Prod,A1000288.6784,Tisch 11,119,S1000288.72679,SALE,2,3.9,7.8,0.0,0.0,0.0,0.0,126,Spezi,Getränke,,MwSt. 19%,1.19,6.554622,1.245378,Normalverkauf
S1000288.72680,SP1000288.7.72680,SY1000288.2026.72680,iPad1(1000288),288,05.06.26 13:50,Prod,A1000288.6784,Tisch 11,119,S1000288.72680,SALE,1,10.9,10.9,0.0,0.0,0.0,0.0,109,Bismarck-Baguette,Hauptgerichte,,MwSt. 7%,1.07,10.186916,0.713084,Normalverkauf
S1000288.72681,SP1000288.7.72681,SY1000288.2026.72681,iPad1(1000288),288,05.06.26 17:47,Prod,A1000288.6785,Tisch 23,110,S1000288.72681,VOID,1,10.9,10.9,0.0,0.0,0.0,0.0,104,Thunfisch Wrap,Hauptgerichte,,MwSt. 7%,1.07,10.186916,0.713084,Normalverkauf
S1000288.72682,SP1000288.7.72682,SY1000288.2026.72682,iPad1(1000288),288,05.06.26 20:48,Prod,A1000288.6786,Tisch 10,110,S1000288.72682,SALE,1,6.9,6.9,0.0,0.0,0.0,0.0,103,Fischbrötchen Räucherlachs,Hauptspeisen,,MwSt. 7%,1.07,6.448598,0.451402,Normalverkauf
S1000288.72683,SP1000288.7.72683,SY1000288.2026.72683,iPad1(1000288),288,05.06.26 18:29,Prod,A1000288.6787,Tisch 5,116,S1000288.72683,SALE,1,3.9,3.9,0.0,0.0,0.0,0.0,124,Cola Zero,Getränke,,MwSt. 19%,1.19,3.277311,0.622689,Normalverkauf
S1000288.72684,SP1000288.7.72684,SY1000288.2026.72684,iPad1(1000288),288,05.06.26 18:29,Prod,A1000288.6787,Tisch 5,116,S1000288.72684,SALE,2,4.2,8.4,0.0,0.0,0.0,0.0,122,Bier,Getränke,,MwSt. 19%,1.19,7.058824,1.341176,Normalverkauf
S1000288.72685,SP1000288.7.72685,SY1000288.2026.72685,iPad1(1000288),288,05.06.26 18:29,Prod,A1000288.6787,Tisch 5,116,S1000288.72685,SALE,2,2.8,5.6,0.0,0.0,0.0,0.0,121,Mineralwasser,Getränke,,MwSt. 19%,1.19,4.705882,0.894118,Normalverkauf
S1000288.72686,SP1000288.7.72686,SY1000288.2026.72686,iPad1(1000288),288,05.06.26 20:47,Prod,A1000288.6788,Tisch 2,119,S1000288.72686,SALE,2,6.5,13.0,0.0,0.0,0.0,0.0,100,Fischbrötchen Backfisch,Hauptspeisen,,MwSt. 7%,1.07,12.149533,0.850467,Normalverkauf
S1000288.72687,SP1000288.7.72687,SY1000288.2026.72687,iPad1(1000288),288,05.06.26 20:47,Prod,A1000288.6788,Tisch 2,119,S1000288.72687,SALE,2,3.9,7.8,0.0,0.0,0.0,0.0,119,Cola,Getränke,,MwSt. 19%,1.19,6.554622,1.245378,Normalverkauf
S1000288.72688,SP1000288.7.72688,SY1000288.2026.72688,iPad1(1000288),288,05.06.26 20:47,Prod,A1000288.6788,Tisch 2,119,S1000288.72688,SALE,2,4.9,9.8,0.0,0.0,0.0,0.0,112,Kartoffelwedges,Beilagen,,MwSt. 7%,1.07,9.158879,0.641121,Normalverkauf
S1000288.72689,SP1000288.7.72689,SY1000288.2026.72689,iPad1(1000288),288,05.06.26 18:28,Prod,A1000288.6789,Tisch 2,116,S1000288.72689,SALE,2,11.9,23.8,0.0,0.0,0.0,0.0,110,Matjes-Baguette,Hauptgerichte,,MwSt. 7%,1.07,22.242991,1.557009,Normalverkauf
S1000288.72690,SP1000288.7.72690,SY1000288.2026.72690,iPad1(1000288),288,05.06.26 18:28,Prod,A1000288.6789,Tisch 2,116,S1000288.72690,SALE,2,4.2,8.4,0.0,0.0,0.0,0.0,122,Bier,Getränke,,MwSt. 19%,1.19,7.058824,1.341176,Normalverkauf
S1000288.72691,SP1000288.7.72691,SY1000288.2026.72691,iPad1(1000288),288,05.06.26 18:28,Prod,A1000288.6789,Tisch 2,116,S1000288.72691,SALE,2,10.9,21.8,0.0,0.0,0.0,0.0,104,Thunfisch Wrap,Hauptgerichte,,MwSt. 7%,1.07,20.373832,1.426168,Normalverkauf
S1000288.72692,SP1000288.7.72692,SY1000288.2026.72692,iPad1(1000288),288,05.06.26 18:33,Prod,A1000288.6790,Tisch 24,116,S1000288.72692,SALE,1,10.9,10.9,0.0,0.0,0.0,0.0,104,Thunfisch Wrap,Hauptgerichte,,MwSt. 7%,1.07,10.186916,0.713084,Normalverkauf
S1000288.72693,SP1000288.7.72693,SY1000288.2026.72693,iPad1(1000288),288,05.06.26 18:33,Prod,A1000288.6790,Tisch 24,116,S1000288.72693,SALE,1,11.5,11.5,0.0,0.0,0.0,0.0,105,Garnelen-Kimchi-Bruger,Hauptgerichte,,MwSt. 7%,1.07,10.747664,0.752336,Normalverkauf
S1000288.72694,SP1000288.7.72694,SY1000288.2026.72694,iPad1(1000288),288,05.06.26 18:33,Prod,A1000288.6790,Tisch 24,116,S1000288.72694,SALE,1,14.5,14.5,0.0,0.0,0.0,0.0,101,Lachs,Hauptspeisen,,MwSt. 7%,1.07,13.551402,0.948598,Normalverkauf
S1000288.72695,SP1000288.7.72695,SY1000288.2026.72695,iPad1(1000288),288,05.06.26 15:47,Prod,A1000288.6791,Tisch 8,119,S1000288.72695,SALE,1,6.9,6.9,0.0,0.0,0.0,0.0,103,Fischbrötchen Räucherlachs,Hauptspeisen,,MwSt. 7%,1.07,6.448598,0.451402,Normalverkauf
S1000288.72696,SP1000288.7.72696,SY1000288.2026.72696,iPad1(1000288),288,05.06.26 15:47,Prod,A1000288.6791,Tisch 8,119,S1000288.72696,SALE,2,3.9,7.8,0.0,0.0,0.0,0.0,119,Cola,Getränke,,MwSt. 19%,1.19,6.554622,1.245378,Normalverkauf
S1000288.72697,SP1000288.7.72697,SY1000288.2026.72697,iPad1(1000288),288,05.06.26 15:47,Prod,A1000288.6791,Tisch 8,119,S1000288.72697,SALE,2,5.5,11.0,0.0,0.0,0.0,0.0,111,Pommes Frites,Beilagen,,MwSt. 7%,1.07,10.280374,0.719626,Normalverkauf
S1000288.72698,SP1000288.7.72698,SY1000288.2026.72698,iPad1(1000288),288,05.06.26 15:52,Prod,A1000288.6792,Tisch 15,119,S1000288.72698,SALE,1,2.8,2.8,0.0,0.0,0.0,0.0,121,Mineralwasser,Getränke,,MwSt. 19%,1.19,2.352941,0.447059,Normalverkauf
S1000288.72699,SP1000288.7.72699,SY1000288.2026.72699,iPad1(1000288),288,05.06.26 15:52,Prod,A1000288.6792,Tisch 15,119,S1000288.72699,SALE,2,9.8,19.6,0.0,0.0,0.0,0.0,108,Seelachs-Ei-Baugette,Hauptgerichte,,MwSt. 7%,1.07,18.317757,1.282243,Normalverkauf
S1000288.72700,SP1000288.7.72700,SY1000288.2026.72700,iPad1(1000288),288,05.06.26 16:14,Prod,A1000288.6793,Tisch 10,110,S1000288.72700,SALE,2,14.5,29.0,0.0,0.0,0.0,0.0,101,Lachs,Hauptspeisen,,MwSt. 7%,1.07,27.102804,1.897196,Normalverkauf
S1000288.72701,SP1000288.7.72701,SY1000288.2026.72701,iPad1(1000288),288,05.06.26 16:14,Prod,A1000288.6793,Tisch 10,110,S1000288.72701,SALE,1,6.5,6.5,0.0,0.0,0.0,0.0,118,Schokokuchen,Desserts,,MwSt. 7%,1.07,6.074766,0.425234,Normalverkauf
S1000288.72702,SP1000288.7.72702,SY1000288.2026.72702,iPad1(1000288),288,05.06.26 17:38,Prod,A1000288.6794,Tisch 17,110,S1000288.72702,SALE,1,6.5,6.5,0.0,0.0,0.0,0.0,100,Fischbrötchen Backfisch,Hauptspeisen,,MwSt. 7%,1.07,6.074766,0.425234,Normalverkauf
S1000288.72703,SP1000288.7.72703,SY1000288.2026.72703,iPad1(1000288),288,05.06.26 17:38,Prod,A1000288.6794,Tisch 17,110,S1000288.72703,SALE,2,9.8,19.6,0.0,0.0,0.0,0.0,108,Seelachs-Ei-Baugette,Hauptgerichte,,MwSt. 7%,1.07,18.317757,1.282243,Normalverkauf
S1000288.72704,SP1000288.7.72704,SY1000288.2026.72704,iPad1(1000288),288,05.06.26 17:38,Prod,A1000288.6794,Tisch 17,110,S1000288.72704,SALE,1,3.9,3.9,0.0,0.0,0.0,0.0,119,Cola,Getränke,,MwSt. 19%,1.19,3.277311,0.622689,Normalverkauf
S1000288.72705,SP1000288.7.72705,SY1000288.2026.72705,iPad1(1000288),288,05.06.26 15:46,Prod,A1000288.6795,Tisch 10,107,S1000288.72705,SALE,1,5.5,5.5,0.0,0.0,0.0,0.0,114,Fisch Nuggets Box,Beilagen,,MwSt. 7%,1.07,5.140187,0.359813,Normalverkauf
S1000288.72706,SP1000288.7.72706,SY1000288.2026.72706,iPad1(1000288),288,05.06.26 15:46,Prod,A1000288.6795,Tisch 10,107,S1000288.72706,SALE,2,11.9,23.8,0.0,0.0,0.0,0.0,110,Matjes-Baguette,Hauptgerichte,,MwSt. 7%,1.07,22.242991,1.557009,Normalverkauf
S1000288.72707,SP1000288.7.72707,SY1000288.2026.72707,iPad1(1000288),288,05.06.26 20:49,Prod,A1000288.6796,Tisch 19,116,S1000288.72707,SALE,1,3.9,3.9,0.0,0.0,0.0,0.0,126,Spezi,Getränke,,MwSt. 19%,1.19,3.277311,0.622689,Normalverkauf
S1000288.72708,SP1000288.7.72708,SY1000288.2026.72708,iPad1(1000288),288,05.06.26 20:49,Prod,A1000288.6796,Tisch 19,116,S1000288.72708,SALE,1,7.9,7.9,0.0,0.0,0.0,0.0,106,Neptun-Ringe,Beilagen,,MwSt. 7%,1.07,7.383178,0.516822,Normalverkauf
S1000288.72709,SP1000288.7.72709,SY1000288.2026.72709,iPad1(1000288),288,05.06.26 11:13,Prod,A1000288.6797,Tisch 10,116,S1000288.72709,SALE,2,7.9,15.8,0.0,0.0,0.0,0.0,106,Neptun-Ringe,Beilagen,,MwSt. 7%,1.07,14.766355,1.033645,Normalverkauf
S1000288.72710,SP1000288.7.72710,SY1000288.2026.72710,iPad1(1000288),288,05.06.26 11:13,Prod,A1000288.6797,Tisch 10,116,S1000288.72710,SALE,2,7.9,15.8,0.0,0.0,0.0,0.0,106,Neptun-Ringe,Beilagen,,MwSt. 7%,1.07,14.766355,1.033645,Normalverkauf
S1000288.72711,SP1000288.7.72711,SY1000288.2026.72711,iPad1(1000288),288,05.06.26 11:13,Prod,A1000288.6797,Tisch 10,116,S1000288.72711,SALE,1,10.9,10.9,0.0,0.0,0.0,0.0,107,Chicken Burger,Hauptgerichte,,MwSt. 7%,1.07,10.186916,0.713084,Normalverkauf
S1000288.72712,SP1000288.7.72712,SY1000288.2026.72712,iPad1(1000288),288,05.06.26 17:47,Prod,A1000288.6798,Tisch 5,110,S1000288.72712,SALE,2,3.9,7.8,0.0,0.0,0.0,0.0,119,Cola,Getränke,,MwSt. 19%,1.19,6.554622,1.245378,Normalverkauf
S1000288.72713,SP1000288.7.72713,SY1000288.2026.72713,iPad1(1000288),288,05.06.26 19:04,Prod,A1000288.6799,Tisch 6,116,S1000288.72713,VOID,1,2.8,2.8,0.0,0.0,0.0,0.0,121,Mineralwasser,Getränke,,MwSt. 19%,1.19,2.352941,0.447059,Normalverkauf
S1000288.72714,SP1000288.7.72714,SY1000288.2026.72714,iPad1(1000288),288,05.06.26 19:04,Prod,A1000288.6799,Tisch 6,116,S1000288.72714,VOID,2,3.9,7.8,0.0,0.0,0.0,0.0,119,Cola,Getränke,,MwSt. 19%,1.19,6.554622,1.245378,Normalverkauf
S1000288.72715,SP1000288.7.72715,SY1000288.2026.72715,iPad1(1000288),288,05.06.26 19:04,Prod,A1000288.6799,Tisch 6,116,S1000288.72715,VOID,1,3.9,3.9,0.0,0.0,0.0,0.0,119,Cola,Getränke,,MwSt. 19%,1.19,3.277311,0.622689,Normalverkauf
S1000288.72716,SP1000288.7.72716,SY1000288.2026.72716,iPad1(1000288),288,05.06.26 15:35,Prod,A1000288.6800,Tisch 11,110,S1000288.72716,SALE,2,4.2,8.4,0.0,0.0,0.0,0.0,122,Bier,Getränke,,MwSt. 19%,1.19,7.058824,1.341176,Normalverkauf
S1000288.72717,SP1000288.7.72717,SY1000288.2026.72717,iPad1(1000288),288,05.06.26 15:35,Prod,A1000288.6800,Tisch 11,110,S1000288.72717,SALE,1,3.9,3.9,0.0,0.0,0.0,0.0,119,Cola,Getränke,,MwSt. 19%,1.19,3.277311,0.622689,Normalverkauf
S1000288.72718,SP1000288.7.72718,SY1000288.2026.72718,iPad1(1000288),288,05.06.26 16:10,Prod,A1000288.6801,Tisch 7,110,S1000288.72718,SALE,1,4.2,4.2,0.0,0.0,0.0,0.0,122,Bier,Getränke,,MwSt. 19%,1.19,3.529412,0.670588,Normalverkauf
S1000288.72719,SP1000288.7.72719,SY1000288.2026.72719,iPad1(1000288),288,05.06.26 16:10,Prod,A1000288.6801,Tisch 7,110,S1000288.72719,SALE,1,10.9,10.9,0.0,0.0,0.0,0.0,109,Bismarck-Baguette,Hauptgerichte,,MwSt. 7%,1.07,10.186916,0.713084,Normalverkauf
S1000288.72720,SP1000288.7.72720,SY1000288.2026.72720,iPad1(1000288),288,05.06.26 16:10,Prod,A1000288.6801,Tisch 7,110,S1000288.72720,SALE,1,10.9,10.9,0.0,0.0,0.0,0.0,104,Thunfisch Wrap,Hauptgerichte,,MwSt. 7%,1.07,10.186916,0.713084,Normalverkauf
S1000288.72721,SP1000288.7.72721,SY1000288.2026.72721,iPad1(1000288),288,05.06.26 17:55,Prod,A1000288.6802,Tisch 1,110,S1000288.72721,VOID,2,7.9,15.8,0.0,0.0,0.0,0.0,106,Neptun-Ringe,Beilagen,,MwSt. 7%,1.07,14.766355,1.033645,Normalverkauf
S1000288.72722,SP1000288.7.72722,SY1000288.2026.72722,iPad1(1000288),288,05.06.26 17:55,Prod,A1000288.6802,Tisch 1,110,S1000288.72722,VOID,2,13.5,27.0,0.0,0.0,0.0,0.0,102,Matjes,Hauptspeisen,,MwSt. 7%,1.07,25.233645,1.766355,Normalverkauf
S1000288.72723,SP1000288.7.72723,SY1000288.2026.72723,iPad1(1000288),288,05.06.26 09:42,Prod,A1000288.6803,Tisch 7,110,S1000288.72723,SALE,2,6.9,13.8,0.0,0.0,0.0,0.0,103,Fischbrötchen Räucherlachs,Hauptspeisen,,MwSt. 7%,1.07,12.897196,0.902804,Normalverkauf
S1000288.72724,SP1000288.7.72724,SY1000288.2026.72724,iPad1(1000288),288,05.06.26 09:42,Prod,A1000288.6803,Tisch 7,110,S1000288.72724,SALE,1,11.9,11.9,0.0,0.0,0.0,0.0,110,Matjes-Baguette,Hauptgerichte,,MwSt. 7%,1.07,11.121495,0.778505,Normalverkauf
S1000288.72725,SP1000288.7.72725,SY1000288.2026.72725,iPad1(1000288),288,05.06.26 09:42,Prod,A1000288.6803,Tisch 7,110,S1000288.72725,SALE,2,13.5,27.0,0.0,0.0,0.0,0.0,102,Matjes,Hauptspeisen,,MwSt. 7%,1.07,25.233645,1.766355,Normalverkauf
S1000288.72726,SP1000288.7.72726,SY1000288.2026.72726,iPad1(1000288),288,05.06.26 08:50,Prod,A1000288.6804,,110,S1000288.72726,SALE,1,10.9,10.9,0.0,0.0,0.0,0.0,107,Chicken Burger,Hauptgerichte,,MwSt. 7%,1.07,10.186916,0.713084,Normalverkauf
S1000288.72727,SP1000288.7.72727,SY1000288.2026.72727,iPad1(1000288),288,05.06.26 19:31,Prod,A1000288.6805,Tisch 14,101,S1000288.72727,SALE,1,5.5,5.5,0.0,0.0,0.0,0.0,111,Pommes Frites,Beilagen,,MwSt. 7%,1.07,5.140187,0.359813,Normalverkauf
S1000288.72728,SP1000288.7.72728,SY1000288.2026.72728,iPad1(1000288),288,05.06.26 19:31,Prod,A1000288.6805,Tisch 14,101,S1000288.72728,SALE,1,5.9,5.9,0.0,0.0,0.0,0.0,117,Rote Grütze,Desserts,,MwSt. 7%,1.07,5.514019,0.385981,Normalverkauf
S1000288.72729,SP1000288.7.72729,SY1000288.2026.72729,iPad1(1000288),288,05.06.26 19:31,Prod,A1000288.6805,Tisch 14,101,S1000288.72729,SALE,1,3.9,3.9,0.0,0.0,0.0,0.0,119,Cola,Getränke,,MwSt. 19%,1.19,3.277311,0.622689,Normalverkauf
S1000288.72730,SP1000288.7.72730,SY1000288.2026.72730,iPad1(1000288),288,05.06.26 16:36,Prod,A1000288.6806,Tisch 12,110,S1000288.72730,SALE,1,5.9,5.9,0.0,0.0,0.0,0.0,116,Vanillequark,Desserts,,MwSt. 7%,1.07,5.514019,0.385981,Normalverkauf
S1000288.72731,SP1000288.7.72731,SY1000288.2026.72731,iPad1(1000288),288,05.06.26 16:36,Prod,A1000288.6806,Tisch 12,110,S1000288.72731,SALE,1,10.9,10.9,0.0,0.0,0.0,0.0,104,Thunfisch Wrap,Hauptgerichte,,MwSt. 7%,1.07,10.186916,0.713084,Normalverkauf
S1000288.72732,SP1000288.7.72732,SY1000288.2026.72732,iPad1(1000288),288,05.06.26 16:36,Prod,A1000288.6806,Tisch 12,110,S1000288.72732,SALE,2,5.9,11.8,0.0,0.0,0.0,0.0,125,Zitronen-Limonade,Getränke,,MwSt. 19%,1.19,9.915966,1.884034,Normalverkauf
S1000288.72733,SP1000288.7.72733,SY1000288.2026.72733,iPad1(1000288),288,05.06.26 17:54,Prod,A1000288.6807,Tisch 3,107,S1000288.72733,SALE,1,5.5,5.5,0.0,0.0,0.0,0.0,111,Pommes Frites,Beilagen,,MwSt. 7%,1.07,5.140187,0.359813,Normalverkauf
S1000288.72734,SP1000288.7.72734,SY1000288.2026.72734,iPad1(1000288),288,05.06.26 17:54,Prod,A1000288.6807,Tisch 3,107,S1000288.72734,SALE,1,3.9,3.9,0.0,0.0,0.0,0.0,126,Spezi,Getränke,,MwSt. 19%,1.19,3.277311,0.622689,Normalverkauf
S1000288.72735,SP1000288.7.72735,SY1000288.2026.72735,iPad1(1000288),288,05.06.26 17:13,Prod,A1000288.6808,Tisch 13,110,S1000288.72735,SALE,1,3.9,3.9,0.0,0.0,0.0,0.0,119,Cola,Getränke,,MwSt. 19%,1.19,3.277311,0.622689,Normalverkauf
S1000288.72736,SP1000288.7.72736,SY1000288.2026.72736,iPad1(1000288),288,05.06.26 17:13,Prod,A1000288.6808,Tisch 13,110,S1000288.72736,SALE,1,6.5,6.5,0.0,0.0,0.0,0.0,100,Fischbrötchen Backfisch,Hauptspeisen,,MwSt. 7%,1.07,6.074766,0.425234,Normalverkauf
S1000288.72737,SP1000288.7.72737,SY1000288.2026.72737,iPad1(1000288),288,05.06.26 17:13,Prod,A1000288.6808,Tisch 13,110,S1000288.72737,SALE,2,4.9,9.8,0.0,0.0,0.0,0.0,112,Kartoffelwedges,Beilagen,,MwSt. 7%,1.07,9.158879,0.641121,Normalverkauf
S1000288.72738,SP1000288.7.72738,SY1000288.2026.72738,iPad1(1000288),288,05.06.26 19:04,Prod,A1000288.6809,,119,S1000288.72738,SALE,1,14.5,14.5,0.0,0.0,0.0,0.0,101,Lachs,Hauptspeisen,,MwSt. 7%,1.07,13.551402,0.948598,Normalverkauf
S1000288.72739,SP1000288.7.72739,SY1000288.2026.72739,iPad1(1000288),288,05.06.26 19:04,Prod,A1000288.6809,,119,S1000288.72739,SALE,2,2.8,5.6,0.0,0.0,0.0,0.0,121,Mineralwasser,Getränke,,MwSt. 19%,1.19,4.705882,0.894118,Normalverkauf
S1000288.72740,SP1000288.7.72740,SY1000288.2026.72740,iPad1(1000288),288,05.06.26 09:41,Prod,A1000288.6810,Tisch 5,101,S1000288.72740,SALE,1,11.9,11.9,0.0,0.0,0.0,0.0,110,Matjes-Baguette,Hauptgerichte,,MwSt. 7%,1.07,11.121495,0.778505,Normalverkauf
S1000288.72741,SP1000288.7.72741,SY1000288.2026.72741,iPad1(1000288),288,05.06.26 09:41,Prod,A1000288.6810,Tisch 5,101,S1000288.72741,SALE,2,3.9,7.8,0.0,0.0,0.0,0.0,119,Cola,Getränke,,MwSt. 19%,1.19,6.554622,1.245378,Normalverkauf
S1000288.72742,SP1000288.7.72742,SY1000288.2026.72742,iPad1(1000288),288,05.06.26 15:53,Prod,A1000288.6811,Tisch 8,110,S1000288.72742,SALE,1,10.9,10.9,0.0,0.0,0.0,0.0,104,Thunfisch Wrap,Hauptgerichte,,MwSt. 7%,1.07,10.186916,0.713084,Normalverkauf
S1000288.72743,SP1000288.7.72743,SY1000288.2026.72743,iPad1(1000288),288,05.06.26 15:53,Prod,A1000288.6811,Tisch 8,110,S1000288.72743,SALE,2,14.5,29.0,0.0,0.0,0.0,0.0,101,Lachs,Hauptspeisen,,MwSt. 7%,1.07,27.102804,1.897196,Normalverkauf
S1000288.72744,SP1000288.7.72744,SY1000288.2026.72744,iPad1(1000288),288,05.06.26 11:01,Prod,A1000288.6812,,119,S1000288.72744,SALE,2,3.2,6.4,0.0,0.0,0.0,0.0,120,Apfelschorle,Getränke,,MwSt. 19%,1.19,5.378151,1.021849,Normalverkauf
S1000288.72745,SP1000288.7.72745,SY1000288.2026.72745,iPad1(1000288),288,05.06.26 11:01,Prod,A1000288.6812,,119,S1000288.72745,SALE,1,3.9,3.9,0.0,0.0,0.0,0.0,126,Spezi,Getränke,,MwSt. 19%,1.19,3.277311,0.622689,Normalverkauf
S1000288.72746,SP1000288.7.72746,SY1000288.2026.72746,iPad1(1000288),288,05.06.26 11:01,Prod,A1000288.6812,,119,S1000288.72746,SALE,1,4.2,4.2,0.0,0.0,0.0,0.0,122,Bier,Getränke,,MwSt. 19%,1.19,3.529412,0.670588,Normalverkauf
S1000288.72747,SP1000288.7.72747,SY1000288.2026.72747,iPad1(1000288),288,05.06.26 11:12,Prod,A1000288.6813,Tisch 1,119,S1000288.72747,SALE,2,14.5,29.0,0.0,0.0,0.0,0.0,101,Lachs,Hauptspeisen,,MwSt. 7%,1.07,27.102804,1.897196,Normalverkauf
S1000288.72748,SP1000288.7.72748,SY1000288.2026.72748,iPad1(1000288),288,05.06.26 11:12,Prod,A1000288.6813,Tisch 1,119,S1000288.72748,SALE,2,6.5,13.0,0.0,0.0,0.0,0.0,100,Fischbrötchen Backfisch,Hauptspeisen,,MwSt. 7%,1.07,12.149533,0.850467,Normalverkauf
S1000288.72749,SP1000288.7.72749,SY1000288.2026.72749,iPad1(1000288),288,05.06.26 08:40,Prod,A1000288.6814,Tisch 10,110,S1000288.72749,SALE,1,10.9,10.9,0.0,0.0,0.0,0.0,104,Thunfisch Wrap,Hauptgerichte,,MwSt. 7%,1.07,10.186916,0.713084,Normalverkauf
S1000288.72750,SP1000288.7.72750,SY1000288.2026.72750,iPad1(1000288),288,05.06.26 13:00,Prod,A1000288.6815,Tisch 15,101,S1000288.72750,SALE,2,7.9,15.8,0.0,0.0,0.0,0.0,115,Tiramisu,Desserts,,MwSt. 7%,1.07,14.766355,1.033645,Normalverkauf
S1000288.72751,SP1000288.7.72751,SY1000288.2026.72751,iPad1(1000288),288,05.06.26 17:26,Prod,A1000288.6816,Tisch 4,110,S1000288.72751,SALE,1,3.9,3.9,0.0,0.0,0.0,0.0,124,Cola Zero,Getränke,,MwSt. 19%,1.19,3.277311,0.622689,Normalverkauf
S1000288.72752,SP1000288.7.72752,SY1000288.2026.72752,iPad1(1000288),288,05.06.26 17:26,Prod,A1000288.6816,Tisch 4,110,S1000288.72752,SALE,2,4.9,9.8,0.0,0.0,0.0,0.0,112,Kartoffelwedges,Beilagen,,MwSt. 7%,1.07,9.158879,0.641121,Normalverkauf
S1000288.72753,SP1000288.7.72753,SY1000288.2026.72753,iPad1(1000288),288,05.06.26 19:32,Prod,A1000288.6817,,101,S1000288.72753,SALE,2,5.5,11.0,0.0,0.0,0.0,0.0,114,Fisch Nuggets Box,Beilagen,,MwSt. 7%,1.07,10.280374,0.719626,Normalverkauf
S1000288.72754,SP1000288.7.72754,SY1000288.2026.72754,iPad1(1000288),288,05.06.26 19:32,Prod,A1000288.6817,,101,S1000288.72754,SALE,1,3.9,3.9,0.0,0.0,0.0,0.0,126,Spezi,Getränke,,MwSt. 19%,1.19,3.277311,0.622689,Normalverkauf
S1000288.72755,SP1000288.7.72755,SY1000288.2026.72755,iPad1(1000288),288,05.06.26 19:32,Prod,A1000288.6817,,101,S1000288.72755,SALE,1,2.8,2.8,0.0,0.0,0.0,0.0,121,Mineralwasser,Getränke,,MwSt. 19%,1.19,2.352941,0.447059,Normalverkauf
S1000288.72756,SP1000288.7.72756,SY1000288.2026.72756,iPad1(1000288),288,05.06.26 15:44,Prod,A1000288.6818,Tisch 6,101,S1000288.72756,SALE,2,5.5,11.0,0.0,0.0,0.0,0.0,111,Pommes Frites,Beilagen,,MwSt. 7%,1.07,10.280374,0.719626,Normalverkauf
S1000288.72757,SP1000288.7.72757,SY1000288.2026.72757,iPad1(1000288),288,05.06.26 19:51,Prod,A1000288.6819,,101,S1000288.72757,SALE,2,3.9,7.8,0.0,0.0,0.0,0.0,127,Alkoholfreies Bier,Getränke,,MwSt. 19%,1.19,6.554622,1.245378,Normalverkauf
S1000288.72758,SP1000288.7.72758,SY1000288.2026.72758,iPad1(1000288),288,05.06.26 19:51,Prod,A1000288.6819,,101,S1000288.72758,SALE,2,6.9,13.8,0.0,0.0,0.0,0.0,103,Fischbrötchen Räucherlachs,Hauptspeisen,,MwSt. 7%,1.07,12.897196,0.902804,Normalverkauf
S1000288.72759,SP1000288.7.72759,SY1000288.2026.72759,iPad1(1000288),288,05.06.26 17:27,Prod,A1000288.6820,Tisch 4,110,S1000288.72759,VOID,2,7.9,15.8,0.0,0.0,0.0,0.0,106,Neptun-Ringe,Beilagen,,MwSt. 7%,1.07,14.766355,1.033645,Normalverkauf
S1000288.72760,SP1000288.7.72760,SY1000288.2026.72760,iPad1(1000288),288,05.06.26 17:27,Prod,A1000288.6820,Tisch 4,110,S1000288.72760,VOID,1,6.5,6.5,0.0,0.0,0.0,0.0,118,Schokokuchen,Desserts,,MwSt. 7%,1.07,6.074766,0.425234,Normalverkauf
S1000288.72761,SP1000288.7.72761,SY1000288.2026.72761,iPad1(1000288),288,05.06.26 17:27,Prod,A1000288.6820,Tisch 4,110,S1000288.72761,VOID,1,5.5,5.5,0.0,0.0,0.0,0.0,111,Pommes Frites,Beilagen,,MwSt. 7%,1.07,5.140187,0.359813,Normalverkauf
S1000288.72762,SP1000288.7.72762,SY1000288.2026.72762,iPad1(1000288),288,05.06.26 09:22,Prod,A1000288.6821,Tisch 19,110,S1000288.72762,SALE,1,3.9,3.9,0.0,0.0,0.0,0.0,126,Spezi,Getränke,,MwSt. 19%,1.19,3.277311,0.622689,Normalverkauf
S1000288.72763,SP1000288.7.72763,SY1000288.2026.72763,iPad1(1000288),288,05.06.26 09:22,Prod,A1000288.6821,Tisch 19,110,S1000288.72763,SALE,1,4.2,4.2,0.0,0.0,0.0,0.0,122,Bier,Getränke,,MwSt. 19%,1.19,3.529412,0.670588,Normalverkauf
S1000288.72764,SP1000288.7.72764,SY1000288.2026.72764,iPad1(1000288),288,06.06.26 13:51,Prod,A1000288.6822,Tisch 19,110,S1000288.72764,SALE,2,5.5,11.0,0.0,0.0,0.0,0.0,111,Pommes Frites,Beilagen,,MwSt. 7%,1.07,10.280374,0.719626,Normalverkauf
S1000288.72765,SP1000288.7.72765,SY1000288.2026.72765,iPad1(1000288),288,06.06.26 13:51,Prod,A1000288.6822,Tisch 19,110,S1000288.72765,SALE,2,6.5,13.0,0.0,0.0,0.0,0.0,118,Schokokuchen,Desserts,,MwSt. 7%,1.07,12.149533,0.850467,Normalverkauf
S1000288.72766,SP1000288.7.72766,SY1000288.2026.72766,iPad1(1000288),288,06.06.26 13:51,Prod,A1000288.6822,Tisch 19,110,S1000288.72766,SALE,1,2.8,2.8,0.0,0.0,0.0,0.0,121,Mineralwasser,Getränke,,MwSt. 19%,1.19,2.352941,0.447059,Normalverkauf
S1000288.72767,SP1000288.7.72767,SY1000288.2026.72767,iPad1(1000288),288,06.06.26 17:51,Prod,A1000288.6823,Tisch 17,119,S1000288.72767,SALE,1,10.9,10.9,0.0,0.0,0.0,0.0,104,Thunfisch Wrap,Hauptgerichte,,MwSt. 7%,1.07,10.186916,0.713084,Normalverkauf
S1000288.72768,SP1000288.7.72768,SY1000288.2026.72768,iPad1(1000288),288,06.06.26 11:07,Prod,A1000288.6824,Tisch 24,119,S1000288.72768,SALE,1,7.9,7.9,0.0,0.0,0.0,0.0,106,Neptun-Ringe,Beilagen,,MwSt. 7%,1.07,7.383178,0.516822,Normalverkauf
S1000288.72769,SP1000288.7.72769,SY1000288.2026.72769,iPad1(1000288),288,06.06.26 11:07,Prod,A1000288.6824,Tisch 24,119,S1000288.72769,SALE,1,3.9,3.9,0.0,0.0,0.0,0.0,126,Spezi,Getränke,,MwSt. 19%,1.19,3.277311,0.622689,Normalverkauf
S1000288.72770,SP1000288.7.72770,SY1000288.2026.72770,iPad1(1000288),288,06.06.26 10:45,Prod,A1000288.6825,Tisch 9,101,S1000288.72770,SALE,1,3.9,3.9,0.0,0.0,0.0,0.0,124,Cola Zero,Getränke,,MwSt. 19%,1.19,3.277311,0.622689,Normalverkauf
S1000288.72771,SP1000288.7.72771,SY1000288.2026.72771,iPad1(1000288),288,06.06.26 10:45,Prod,A1000288.6825,Tisch 9,101,S1000288.72771,SALE,1,3.9,3.9,0.0,0.0,0.0,0.0,119,Cola,Getränke,,MwSt. 19%,1.19,3.277311,0.622689,Normalverkauf
S1000288.72772,SP1000288.7.72772,SY1000288.2026.72772,iPad1(1000288),288,06.06.26 10:34,Prod,A1000288.6826,Tisch 6,110,S1000288.72772,VOID,1,7.9,7.9,0.0,0.0,0.0,0.0,106,Neptun-Ringe,Beilagen,,MwSt. 7%,1.07,7.383178,0.516822,Normalverkauf
S1000288.72773,SP1000288.7.72773,SY1000288.2026.72773,iPad1(1000288),288,06.06.26 09:55,Prod,A1000288.6827,Tisch 23,110,S1000288.72773,SALE,2,4.2,8.4,0.0,0.0,0.0,0.0,122,Bier,Getränke,,MwSt. 19%,1.19,7.058824,1.341176,Normalverkauf
S1000288.72774,SP1000288.7.72774,SY1000288.2026.72774,iPad1(1000288),288,06.06.26 09:55,Prod,A1000288.6827,Tisch 23,110,S1000288.72774,SALE,2,4.2,8.4,0.0,0.0,0.0,0.0,122,Bier,Getränke,,MwSt. 19%,1.19,7.058824,1.341176,Normalverkauf
S1000288.72775,SP1000288.7.72775,SY1000288.2026.72775,iPad1(1000288),288,06.06.26 12:26,Prod,A1000288.6828,Tisch 2,110,S1000288.72775,SALE,1,10.9,10.9,0.0,0.0,0.0,0.0,107,Chicken Burger,Hauptgerichte,,MwSt. 7%,1.07,10.186916,0.713084,Normalverkauf
S1000288.72776,SP1000288.7.72776,SY1000288.2026.72776,iPad1(1000288),288,06.06.26 11:31,Prod,A1000288.6829,Tisch 23,110,S1000288.72776,SALE,2,9.8,19.6,0.0,0.0,0.0,0.0,108,Seelachs-Ei-Baugette,Hauptgerichte,,MwSt. 7%,1.07,18.317757,1.282243,Normalverkauf
S1000288.72777,SP1000288.7.72777,SY1000288.2026.72777,iPad1(1000288),288,06.06.26 11:31,Prod,A1000288.6829,Tisch 23,110,S1000288.72777,SALE,2,10.9,21.8,0.0,0.0,0.0,0.0,107,Chicken Burger,Hauptgerichte,,MwSt. 7%,1.07,20.373832,1.426168,Normalverkauf
S1000288.72778,SP1000288.7.72778,SY1000288.2026.72778,iPad1(1000288),288,06.06.26 11:31,Prod,A1000288.6829,Tisch 23,110,S1000288.72778,SALE,2,3.9,7.8,0.0,0.0,0.0,0.0,124,Cola Zero,Getränke,,MwSt. 19%,1.19,6.554622,1.245378,Normalverkauf
S1000288.72779,SP1000288.7.72779,SY1000288.2026.72779,iPad1(1000288),288,06.06.26 10:01,Prod,A1000288.6830,Tisch 24,107,S1000288.72779,SALE,1,6.5,6.5,0.0,0.0,0.0,0.0,118,Schokokuchen,Desserts,,MwSt. 7%,1.07,6.074766,0.425234,Normalverkauf
S1000288.72780,SP1000288.7.72780,SY1000288.2026.72780,iPad1(1000288),288,06.06.26 10:01,Prod,A1000288.6830,Tisch 24,107,S1000288.72780,SALE,2,5.9,11.8,0.0,0.0,0.0,0.0,116,Vanillequark,Desserts,,MwSt. 7%,1.07,11.028037,0.771963,Normalverkauf
S1000288.72781,SP1000288.7.72781,SY1000288.2026.72781,iPad1(1000288),288,06.06.26 10:01,Prod,A1000288.6830,Tisch 24,107,S1000288.72781,SALE,2,14.5,29.0,0.0,0.0,0.0,0.0,101,Lachs,Hauptspeisen,,MwSt. 7%,1.07,27.102804,1.897196,Normalverkauf
S1000288.72782,SP1000288.7.72782,SY1000288.2026.72782,iPad1(1000288),288,06.06.26 13:24,Prod,A1000288.6831,Tisch 17,101,S1000288.72782,SALE,2,3.9,7.8,0.0,0.0,0.0,0.0,124,Cola Zero,Getränke,,MwSt. 19%,1.19,6.554622,1.245378,Normalverkauf
S1000288.72783,SP1000288.7.72783,SY1000288.2026.72783,iPad1(1000288),288,06.06.26 13:24,Prod,A1000288.6831,Tisch 17,101,S1000288.72783,SALE,2,7.9,15.8,0.0,0.0,0.0,0.0,106,Neptun-Ringe,Beilagen,,MwSt. 7%,1.07,14.766355,1.033645,Normalverkauf
S1000288.72784,SP1000288.7.72784,SY1000288.2026.72784,iPad1(1000288),288,06.06.26 15:25,Prod,A1000288.6832,Tisch 6,110,S1000288.72784,SALE,2,2.8,5.6,0.0,0.0,0.0,0.0,121,Mineralwasser,Getränke,,MwSt. 19%,1.19,4.705882,0.894118,Normalverkauf
S1000288.72785,SP1000288.7.72785,SY1000288.2026.72785,iPad1(1000288),288,06.06.26 15:25,Prod,A1000288.6832,Tisch 6,110,S1000288.72785,SALE,2,4.9,9.8,0.0,0.0,0.0,0.0,112,Kartoffelwedges,Beilagen,,MwSt. 7%,1.07,9.158879,0.641121,Normalverkauf
S1000288.72786,SP1000288.7.72786,SY1000288.2026.72786,iPad1(1000288),288,06.06.26 13:36,Prod,A1000288.6833,Tisch 4,110,S1000288.72786,VOID,2,4.2,8.4,0.0,0.0,0.0,0.0,122,Bier,Getränke,,MwSt. 19%,1.19,7.058824,1.341176,Normalverkauf
S1000288.72787,SP1000288.7.72787,SY1000288.2026.72787,iPad1(1000288),288,06.06.26 13:36,Prod,A1000288.6833,Tisch 4,110,S1000288.72787,VOID,2,2.8,5.6,0.0,0.0,0.0,0.0,121,Mineralwasser,Getränke,,MwSt. 19%,1.19,4.705882,0.894118,Normalverkauf
S1000288.72788,SP1000288.7.72788,SY1000288.2026.72788,iPad1(1000288),288,06.06.26 11:15,Prod,A1000288.6834,Tisch 23,110,S1000288.72788,SALE,1,10.9,10.9,0.0,0.0,0.0,0.0,104,Thunfisch Wrap,Hauptgerichte,,MwSt. 7%,1.07,10.186916,0.713084,Normalverkauf
S1000288.72789,SP1000288.7.72789,SY1000288.2026.72789,iPad1(1000288),288,06.06.26 18:17,Prod,A1000288.6835,Tisch 9,119,S1000288.72789,SALE,1,5.5,5.5,0.0,0.0,0.0,0.0,111,Pommes Frites,Beilagen,,MwSt. 7%,1.07,5.140187,0.359813,Normalverkauf
S1000288.72790,SP1000288.7.72790,SY1000288.2026.72790,iPad1(1000288),288,06.06.26 17:19,Prod,A1000288.6836,Tisch 11,110,S1000288.72790,SALE,1,11.5,11.5,0.0,0.0,0.0,0.0,105,Garnelen-Kimchi-Bruger,Hauptgerichte,,MwSt. 7%,1.07,10.747664,0.752336,Normalverkauf
S1000288.72791,SP1000288.7.72791,SY1000288.2026.72791,iPad1(1000288),288,06.06.26 09:51,Prod,A1000288.6837,Tisch 8,110,S1000288.72791,SALE,2,13.5,27.0,0.0,0.0,0.0,0.0,102,Matjes,Hauptspeisen,,MwSt. 7%,1.07,25.233645,1.766355,Normalverkauf
S1000288.72792,SP1000288.7.72792,SY1000288.2026.72792,iPad1(1000288),288,06.06.26 09:51,Prod,A1000288.6837,Tisch 8,110,S1000288.72792,SALE,1,3.9,3.9,0.0,0.0,0.0,0.0,119,Cola,Getränke,,MwSt. 19%,1.19,3.277311,0.622689,Normalverkauf
S1000288.72793,SP1000288.7.72793,SY1000288.2026.72793,iPad1(1000288),288,06.06.26 18:16,Prod,A1000288.6838,Tisch 5,101,S1000288.72793,SALE,1,3.9,3.9,0.0,0.0,0.0,0.0,126,Spezi,Getränke,,MwSt. 19%,1.19,3.277311,0.622689,Normalverkauf
S1000288.72794,SP1000288.7.72794,SY1000288.2026.72794,iPad1(1000288),288,06.06.26 18:16,Prod,A1000288.6838,Tisch 5,101,S1000288.72794,SALE,2,10.9,21.8,0.0,0.0,0.0,0.0,104,Thunfisch Wrap,Hauptgerichte,,MwSt. 7%,1.07,20.373832,1.426168,Normalverkauf
S1000288.72795,SP1000288.7.72795,SY1000288.2026.72795,iPad1(1000288),288,06.06.26 18:16,Prod,A1000288.6838,Tisch 5,101,S1000288.72795,SALE,2,3.9,7.8,0.0,0.0,0.0,0.0,127,Alkoholfreies Bier,Getränke,,MwSt. 19%,1.19,6.554622,1.245378,Normalverkauf
S1000288.72796,SP1000288.7.72796,SY1000288.2026.72796,iPad1(1000288),288,06.06.26 20:04,Prod,A1000288.6839,Tisch 23,110,S1000288.72796,SALE,2,9.8,19.6,0.0,0.0,0.0,0.0,108,Seelachs-Ei-Baugette,Hauptgerichte,,MwSt. 7%,1.07,18.317757,1.282243,Normalverkauf
S1000288.72797,SP1000288.7.72797,SY1000288.2026.72797,iPad1(1000288),288,06.06.26 20:04,Prod,A1000288.6839,Tisch 23,110,S1000288.72797,SALE,2,3.9,7.8,0.0,0.0,0.0,0.0,124,Cola Zero,Getränke,,MwSt. 19%,1.19,6.554622,1.245378,Normalverkauf
S1000288.72798,SP1000288.7.72798,SY1000288.2026.72798,iPad1(1000288),288,06.06.26 13:45,Prod,A1000288.6840,Tisch 12,101,S1000288.72798,SALE,1,3.9,3.9,0.0,0.0,0.0,0.0,124,Cola Zero,Getränke,,MwSt. 19%,1.19,3.277311,0.622689,Normalverkauf
S1000288.72799,SP1000288.7.72799,SY1000288.2026.72799,iPad1(1000288),288,06.06.26 17:24,Prod,A1000288.6841,Tisch 3,110,S1000288.72799,SALE,2,3.9,7.8,0.0,0.0,0.0,0.0,119,Cola,Getränke,,MwSt. 19%,1.19,6.554622,1.245378,Normalverkauf
S1000288.72800,SP1000288.7.72800,SY1000288.2026.72800,iPad1(1000288),288,06.06.26 17:24,Prod,A1000288.6841,Tisch 3,110,S1000288.72800,SALE,2,4.2,8.4,0.0,0.0,0.0,0.0,122,Bier,Getränke,,MwSt. 19%,1.19,7.058824,1.341176,Normalverkauf
S1000288.72801,SP1000288.7.72801,SY1000288.2026.72801,iPad1(1000288),288,06.06.26 12:14,Prod,A1000288.6842,,110,S1000288.72801,SALE,1,5.5,5.5,0.0,0.0,0.0,0.0,111,Pommes Frites,Beilagen,,MwSt. 7%,1.07,5.140187,0.359813,Normalverkauf
S1000288.72802,SP1000288.7.72802,SY1000288.2026.72802,iPad1(1000288),288,06.06.26 17:44,Prod,A1000288.6843,Tisch 2,101,S1000288.72802,SALE,2,9.8,19.6,0.0,0.0,0.0,0.0,108,Seelachs-Ei-Baugette,Hauptgerichte,,MwSt. 7%,1.07,18.317757,1.282243,Normalverkauf
S1000288.72803,SP1000288.7.72803,SY1000288.2026.72803,iPad1(1000288),288,06.06.26 11:04,Prod,A1000288.6844,Tisch 7,110,S1000288.72803,SALE,1,3.9,3.9,0.0,0.0,0.0,0.0,124,Cola Zero,Getränke,,MwSt. 19%,1.19,3.277311,0.622689,Normalverkauf
S1000288.72804,SP1000288.7.72804,SY1000288.2026.72804,iPad1(1000288),288,06.06.26 11:04,Prod,A1000288.6844,Tisch 7,110,S1000288.72804,SALE,2,3.9,7.8,0.0,0.0,0.0,0.0,119,Cola,Getränke,,MwSt. 19%,1.19,6.554622,1.245378,Normalverkauf
S1000288.72805,SP1000288.7.72805,SY1000288.2026.72805,iPad1(1000288),288,06.06.26 11:04,Prod,A1000288.6844,Tisch 7,110,S1000288.72805,SALE,2,5.5,11.0,0.0,0.0,0.0,0.0,111,Pommes Frites,Beilagen,,MwSt. 7%,1.07,10.280374,0.719626,Normalverkauf
S1000288.72806,SP1000288.7.72806,SY1000288.2026.72806,iPad1(1000288),288,06.06.26 16:14,Prod,A1000288.6845,Tisch 22,110,S1000288.72806,SALE,2,11.5,23.0,0.0,0.0,0.0,0.0,105,Garnelen-Kimchi-Bruger,Hauptgerichte,,MwSt. 7%,1.07,21.495327,1.504673,Normalverkauf
S1000288.72807,SP1000288.7.72807,SY1000288.2026.72807,iPad1(1000288),288,06.06.26 16:14,Prod,A1000288.6845,Tisch 22,110,S1000288.72807,SALE,2,3.9,7.8,0.0,0.0,0.0,0.0,126,Spezi,Getränke,,MwSt. 19%,1.19,6.554622,1.245378,Normalverkauf
S1000288.72808,SP1000288.7.72808,SY1000288.2026.72808,iPad1(1000288),288,06.06.26 08:15,Prod,A1000288.6846,Tisch 4,101,S1000288.72808,SALE,1,3.9,3.9,0.0,0.0,0.0,0.0,119,Cola,Getränke,,MwSt. 19%,1.19,3.277311,0.622689,Normalverkauf
S1000288.72809,SP1000288.7.72809,SY1000288.2026.72809,iPad1(1000288),288,06.06.26 14:03,Prod,A1000288.6847,Tisch 8,110,S1000288.72809,SALE,1,9.8,9.8,0.0,0.0,0.0,0.0,108,Seelachs-Ei-Baugette,Hauptgerichte,,MwSt. 7%,1.07,9.158879,0.641121,Normalverkauf
S1000288.72810,SP1000288.7.72810,SY1000288.2026.72810,iPad1(1000288),288,06.06.26 14:03,Prod,A1000288.6847,Tisch 8,110,S1000288.72810,SALE,1,2.8,2.8,0.0,0.0,0.0,0.0,121,Mineralwasser,Getränke,,MwSt. 19%,1.19,2.352941,0.447059,Normalverkauf
S1000288.72811,SP1000288.7.72811,SY1000288.2026.72811,iPad1(1000288),288,06.06.26 14:03,Prod,A1000288.6847,Tisch 8,110,S1000288.72811,SALE,1,6.9,6.9,0.0,0.0,0.0,0.0,103,Fischbrötchen Räucherlachs,Hauptspeisen,,MwSt. 7%,1.07,6.448598,0.451402,Normalverkauf
S1000288.72812,SP1000288.7.72812,SY1000288.2026.72812,iPad1(1000288),288,06.06.26 12:27,Prod,A1000288.6848,Tisch 11,107,S1000288.72812,SALE,1,9.8,9.8,0.0,0.0,0.0,0.0,108,Seelachs-Ei-Baugette,Hauptgerichte,,MwSt. 7%,1.07,9.158879,0.641121,Normalverkauf
S1000288.72813,SP1000288.7.72813,SY1000288.2026.72813,iPad1(1000288),288,06.06.26 12:27,Prod,A1000288.6848,Tisch 11,107,S1000288.72813,SALE,2,4.2,8.4,0.0,0.0,0.0,0.0,122,Bier,Getränke,,MwSt. 19%,1.19,7.058824,1.341176,Normalverkauf
S1000288.72814,SP1000288.7.72814,SY1000288.2026.72814,iPad1(1000288),288,06.06.26 12:27,Prod,A1000288.6848,Tisch 11,107,S1000288.72814,SALE,1,6.9,6.9,0.0,0.0,0.0,0.0,113,Garnelen Box,Beilagen,,MwSt. 7%,1.07,6.448598,0.451402,Normalverkauf
S1000288.72815,SP1000288.7.72815,SY1000288.2026.72815,iPad1(1000288),288,06.06.26 09:17,Prod,A1000288.6849,Tisch 20,101,S1000288.72815,SALE,1,5.9,5.9,0.0,0.0,0.0,0.0,125,Zitronen-Limonade,Getränke,,MwSt. 19%,1.19,4.957983,0.942017,Normalverkauf
S1000288.72816,SP1000288.7.72816,SY1000288.2026.72816,iPad1(1000288),288,06.06.26 09:17,Prod,A1000288.6849,Tisch 20,101,S1000288.72816,SALE,1,6.5,6.5,0.0,0.0,0.0,0.0,100,Fischbrötchen Backfisch,Hauptspeisen,,MwSt. 7%,1.07,6.074766,0.425234,Normalverkauf
S1000288.72817,SP1000288.7.72817,SY1000288.2026.72817,iPad1(1000288),288,06.06.26 11:48,Prod,A1000288.6850,Tisch 20,110,S1000288.72817,SALE,1,7.9,7.9,0.0,0.0,0.0,0.0,115,Tiramisu,Desserts,,MwSt. 7%,1.07,7.383178,0.516822,Normalverkauf
S1000288.72818,SP1000288.7.72818,SY1000288.2026.72818,iPad1(1000288),288,06.06.26 11:48,Prod,A1000288.6850,Tisch 20,110,S1000288.72818,SALE,1,3.9,3.9,0.0,0.0,0.0,0.0,119,Cola,Getränke,,MwSt. 19%,1.19,3.277311,0.622689,Normalverkauf
S1000288.72819,SP1000288.7.72819,SY1000288.2026.72819,iPad1(1000288),288,06.06.26 19:17,Prod,A1000288.6851,Tisch 6,110,S1000288.72819,SALE,1,3.9,3.9,0.0,0.0,0.0,0.0,126,Spezi,Getränke,,MwSt. 19%,1.19,3.277311,0.622689,Normalverkauf
S1000288.72820,SP1000288.7.72820,SY1000288.2026.72820,iPad1(1000288),288,06.06.26 19:17,Prod,A1000288.6851,Tisch 6,110,S1000288.72820,SALE,1,10.9,10.9,0.0,0.0,0.0,0.0,107,Chicken Burger,Hauptgerichte,,MwSt. 7%,1.07,10.186916,0.713084,Normalverkauf
S1000288.72821,SP1000288.7.72821,SY1000288.2026.72821,iPad1(1000288),288,06.06.26 16:49,Prod,A1000288.6852,Tisch 1,116,S1000288.72821,SALE,2,3.9,7.8,0.0,0.0,0.0,0.0,126,Spezi,Getränke,,MwSt. 19%,1.19,6.554622,1.245378,Normalverkauf
S1000288.72822,SP1000288.7.72822,SY1000288.2026.72822,iPad1(1000288),288,06.06.26 16:49,Prod,A1000288.6852,Tisch 1,116,S1000288.72822,SALE,1,9.8,9.8,0.0,0.0,0.0,0.0,108,Seelachs-Ei-Baugette,Hauptgerichte,,MwSt. 7%,1.07,9.158879,0.641121,Normalverkauf
S1000288.72823,SP1000288.7.72823,SY1000288.2026.72823,iPad1(1000288),288,06.06.26 16:49,Prod,A1000288.6852,Tisch 1,116,S1000288.72823,SALE,1,5.5,5.5,0.0,0.0,0.0,0.0,114,Fisch Nuggets Box,Beilagen,,MwSt. 7%,1.07,5.140187,0.359813,Normalverkauf
S1000288.72824,SP1000288.7.72824,SY1000288.2026.72824,iPad1(1000288),288,06.06.26 17:14,Prod,A1000288.6853,Tisch 11,110,S1000288.72824,SALE,2,5.9,11.8,0.0,0.0,0.0,0.0,117,Rote Grütze,Desserts,,MwSt. 7%,1.07,11.028037,0.771963,Normalverkauf
S1000288.72825,SP1000288.7.72825,SY1000288.2026.72825,iPad1(1000288),288,06.06.26 17:14,Prod,A1000288.6853,Tisch 11,110,S1000288.72825,SALE,2,6.5,13.0,0.0,0.0,0.0,0.0,118,Schokokuchen,Desserts,,MwSt. 7%,1.07,12.149533,0.850467,Normalverkauf
S1000288.72826,SP1000288.7.72826,SY1000288.2026.72826,iPad1(1000288),288,06.06.26 16:04,Prod,A1000288.6854,Tisch 3,110,S1000288.72826,SALE,1,5.9,5.9,0.0,0.0,0.0,0.0,123,Inger-Limonade,Getränke,,MwSt. 19%,1.19,4.957983,0.942017,Normalverkauf
S1000288.72827,SP1000288.7.72827,SY1000288.2026.72827,iPad1(1000288),288,06.06.26 16:04,Prod,A1000288.6854,Tisch 3,110,S1000288.72827,SALE,2,5.5,11.0,0.0,0.0,0.0,0.0,111,Pommes Frites,Beilagen,,MwSt. 7%,1.07,10.280374,0.719626,Normalverkauf
S1000288.72828,SP1000288.7.72828,SY1000288.2026.72828,iPad1(1000288),288,06.06.26 16:04,Prod,A1000288.6854,Tisch 3,110,S1000288.72828,SALE,2,5.9,11.8,0.0,0.0,0.0,0.0,116,Vanillequark,Desserts,,MwSt. 7%,1.07,11.028037,0.771963,Normalverkauf
S1000288.72829,SP1000288.7.72829,SY1000288.2026.72829,iPad1(1000288),288,06.06.26 19:56,Prod,A1000288.6855,,116,S1000288.72829,SALE,2,9.8,19.6,0.0,0.0,0.0,0.0,108,Seelachs-Ei-Baugette,Hauptgerichte,,MwSt. 7%,1.07,18.317757,1.282243,Normalverkauf
S1000288.72830,SP1000288.7.72830,SY1000288.2026.72830,iPad1(1000288),288,06.06.26 19:56,Prod,A1000288.6855,,116,S1000288.72830,SALE,1,10.9,10.9,0.0,0.0,0.0,0.0,104,Thunfisch Wrap,Hauptgerichte,,MwSt. 7%,1.07,10.186916,0.713084,Normalverkauf
S1000288.72831,SP1000288.7.72831,SY1000288.2026.72831,iPad1(1000288),288,06.06.26 12:55,Prod,A1000288.6856,Tisch 23,110,S1000288.72831,SALE,1,6.9,6.9,0.0,0.0,0.0,0.0,103,Fischbrötchen Räucherlachs,Hauptspeisen,,MwSt. 7%,1.07,6.448598,0.451402,Normalverkauf
S1000288.72832,SP1000288.7.72832,SY1000288.2026.72832,iPad1(1000288),288,06.06.26 12:55,Prod,A1000288.6856,Tisch 23,110,S1000288.72832,SALE,2,3.9,7.8,0.0,0.0,0.0,0.0,126,Spezi,Getränke,,MwSt. 19%,1.19,6.554622,1.245378,Normalverkauf
S1000288.72833,SP1000288.7.72833,SY1000288.2026.72833,iPad1(1000288),288,06.06.26 12:55,Prod,A1000288.6856,Tisch 23,110,S1000288.72833,SALE,1,3.9,3.9,0.0,0.0,0.0,0.0,124,Cola Zero,Getränke,,MwSt. 19%,1.19,3.277311,0.622689,Normalverkauf
S1000288.72834,SP1000288.7.72834,SY1000288.2026.72834,iPad1(1000288),288,06.06.26 11:09,Prod,A1000288.6857,,107,S1000288.72834,SALE,1,5.9,5.9,0.0,0.0,0.0,0.0,117,Rote Grütze,Desserts,,MwSt. 7%,1.07,5.514019,0.385981,Normalverkauf
S1000288.72835,SP1000288.7.72835,SY1000288.2026.72835,iPad1(1000288),288,06.06.26 11:09,Prod,A1000288.6857,,107,S1000288.72835,SALE,1,4.2,4.2,0.0,0.0,0.0,0.0,122,Bier,Getränke,,MwSt. 19%,1.19,3.529412,0.670588,Normalverkauf
S1000288.72836,SP1000288.7.72836,SY1000288.2026.72836,iPad1(1000288),288,06.06.26 11:09,Prod,A1000288.6857,,107,S1000288.72836,SALE,2,3.9,7.8,0.0,0.0,0.0,0.0,119,Cola,Getränke,,MwSt. 19%,1.19,6.554622,1.245378,Normalverkauf
S1000288.72837,SP1000288.7.72837,SY1000288.2026.72837,iPad1(1000288),288,06.06.26 20:47,Prod,A1000288.6858,Tisch 21,110,S1000288.72837,SALE,1,10.9,10.9,0.0,0.0,0.0,0.0,104,Thunfisch Wrap,Hauptgerichte,,MwSt. 7%,1.07,10.186916,0.713084,Normalverkauf
S1000288.72838,SP1000288.7.72838,SY1000288.2026.72838,iPad1(1000288),288,06.06.26 19:10,Prod,A1000288.6859,Tisch 14,107,S1000288.72838,SALE,1,2.8,2.8,0.0,0.0,0.0,0.0,121,Mineralwasser,Getränke,,MwSt. 19%,1.19,2.352941,0.447059,Normalverkauf
S1000288.72839,SP1000288.7.72839,SY1000288.2026.72839,iPad1(1000288),288,06.06.26 19:10,Prod,A1000288.6859,Tisch 14,107,S1000288.72839,SALE,1,3.9,3.9,0.0,0.0,0.0,0.0,127,Alkoholfreies Bier,Getränke,,MwSt. 19%,1.19,3.277311,0.622689,Normalverkauf
S1000288.72840,SP1000288.7.72840,SY1000288.2026.72840,iPad1(1000288),288,06.06.26 12:19,Prod,A1000288.6860,Tisch 1,116,S1000288.72840,SALE,1,3.9,3.9,0.0,0.0,0.0,0.0,119,Cola,Getränke,,MwSt. 19%,1.19,3.277311,0.622689,Normalverkauf
S1000288.72841,SP1000288.7.72841,SY1000288.2026.72841,iPad1(1000288),288,06.06.26 12:19,Prod,A1000288.6860,Tisch 1,116,S1000288.72841,SALE,1,10.9,10.9,0.0,0.0,0.0,0.0,107,Chicken Burger,Hauptgerichte,,MwSt. 7%,1.07,10.186916,0.713084,Normalverkauf
S1000288.72842,SP1000288.7.72842,SY1000288.2026.72842,iPad1(1000288),288,06.06.26 12:19,Prod,A1000288.6860,Tisch 1,116,S1000288.72842,SALE,2,6.5,13.0,0.0,0.0,0.0,0.0,118,Schokokuchen,Desserts,,MwSt. 7%,1.07,12.149533,0.850467,Normalverkauf
S1000288.72843,SP1000288.7.72843,SY1000288.2026.72843,iPad1(1000288),288,06.06.26 10:55,Prod,A1000288.6861,Tisch 24,110,S1000288.72843,SALE,1,4.9,4.9,0.0,0.0,0.0,0.0,112,Kartoffelwedges,Beilagen,,MwSt. 7%,1.07,4.579439,0.320561,Normalverkauf
S1000288.72844,SP1000288.7.72844,SY1000288.2026.72844,iPad1(1000288),288,06.06.26 19:47,Prod,A1000288.6862,Tisch 8,101,S1000288.72844,VOID,1,7.9,7.9,0.0,0.0,0.0,0.0,115,Tiramisu,Desserts,,MwSt. 7%,1.07,7.383178,0.516822,Normalverkauf
S1000288.72845,SP1000288.7.72845,SY1000288.2026.72845,iPad1(1000288),288,06.06.26 19:21,Prod,A1000288.6863,Tisch 6,110,S1000288.72845,SALE,2,3.9,7.8,0.0,0.0,0.0,0.0,126,Spezi,Getränke,,MwSt. 19%,1.19,6.554622,1.245378,Normalverkauf
S1000288.72846,SP1000288.7.72846,SY1000288.2026.72846,iPad1(1000288),288,06.06.26 19:21,Prod,A1000288.6863,Tisch 6,110,S1000288.72846,SALE,1,6.5,6.5,0.0,0.0,0.0,0.0,100,Fischbrötchen Backfisch,Hauptspeisen,,MwSt. 7%,1.07,6.074766,0.425234,Normalverkauf
S1000288.72847,SP1000288.7.72847,SY1000288.2026.72847,iPad1(1000288),288,06.06.26 12:56,Prod,A1000288.6864,Tisch 16,116,S1000288.72847,SALE,1,13.5,13.5,0.0,0.0,0.0,0.0,102,Matjes,Hauptspeisen,,MwSt. 7%,1.07,12.616822,0.883178,Normalverkauf
S1000288.72848,SP1000288.7.72848,SY1000288.2026.72848,iPad1(1000288),288,06.06.26 12:56,Prod,A1000288.6864,Tisch 16,116,S1000288.72848,SALE,1,6.5,6.5,0.0,0.0,0.0,0.0,118,Schokokuchen,Desserts,,MwSt. 7%,1.07,6.074766,0.425234,Normalverkauf
S1000288.72849,SP1000288.7.72849,SY1000288.2026.72849,iPad1(1000288),288,06.06.26 16:58,Prod,A1000288.6865,Tisch 20,101,S1000288.72849,SALE,2,6.5,13.0,0.0,0.0,0.0,0.0,100,Fischbrötchen Backfisch,Hauptspeisen,,MwSt. 7%,1.07,12.149533,0.850467,Normalverkauf
S1000288.72850,SP1000288.7.72850,SY1000288.2026.72850,iPad1(1000288),288,06.06.26 16:58,Prod,A1000288.6865,Tisch 20,101,S1000288.72850,SALE,2,14.5,29.0,0.0,0.0,0.0,0.0,101,Lachs,Hauptspeisen,,MwSt. 7%,1.07,27.102804,1.897196,Normalverkauf
S1000288.72851,SP1000288.7.72851,SY1000288.2026.72851,iPad1(1000288),288,06.06.26 15:18,Prod,A1000288.6866,Tisch 11,116,S1000288.72851,SALE,1,4.2,4.2,0.0,0.0,0.0,0.0,122,Bier,Getränke,,MwSt. 19%,1.19,3.529412,0.670588,Normalverkauf
S1000288.72852,SP1000288.7.72852,SY1000288.2026.72852,iPad1(1000288),288,06.06.26 15:18,Prod,A1000288.6866,Tisch 11,116,S1000288.72852,SALE,1,3.9,3.9,0.0,0.0,0.0,0.0,124,Cola Zero,Getränke,,MwSt. 19%,1.19,3.277311,0.622689,Normalverkauf
S1000288.72853,SP1000288.7.72853,SY1000288.2026.72853,iPad1(1000288),288,06.06.26 11:20,Prod,A1000288.6867,Tisch 14,101,S1000288.72853,SALE,2,5.9,11.8,0.0,0.0,0.0,0.0,123,Inger-Limonade,Getränke,,MwSt. 19%,1.19,9.915966,1.884034,Normalverkauf
S1000288.72854,SP1000288.7.72854,SY1000288.2026.72854,iPad1(1000288),288,06.06.26 15:54,Prod,A1000288.6868,Tisch 19,101,S1000288.72854,SALE,2,3.9,7.8,0.0,0.0,0.0,0.0,119,Cola,Getränke,,MwSt. 19%,1.19,6.554622,1.245378,Normalverkauf
S1000288.72855,SP1000288.7.72855,SY1000288.2026.72855,iPad1(1000288),288,06.06.26 15:54,Prod,A1000288.6868,Tisch 19,101,S1000288.72855,SALE,1,5.9,5.9,0.0,0.0,0.0,0.0,117,Rote Grütze,Desserts,,MwSt. 7%,1.07,5.514019,0.385981,Normalverkauf
S1000288.72856,SP1000288.7.72856,SY1000288.2026.72856,iPad1(1000288),288,06.06.26 12:15,Prod,A1000288.6869,,110,S1000288.72856,SALE,1,9.8,9.8,0.0,0.0,0.0,0.0,108,Seelachs-Ei-Baugette,Hauptgerichte,,MwSt. 7%,1.07,9.158879,0.641121,Normalverkauf
S1000288.72857,SP1000288.7.72857,SY1000288.2026.72857,iPad1(1000288),288,06.06.26 12:15,Prod,A1000288.6869,,110,S1000288.72857,SALE,2,3.9,7.8,0.0,0.0,0.0,0.0,119,Cola,Getränke,,MwSt. 19%,1.19,6.554622,1.245378,Normalverkauf
S1000288.72858,SP1000288.7.72858,SY1000288.2026.72858,iPad1(1000288),288,06.06.26 12:15,Prod,A1000288.6869,,110,S1000288.72858,SALE,1,6.9,6.9,0.0,0.0,0.0,0.0,103,Fischbrötchen Räucherlachs,Hauptspeisen,,MwSt. 7%,1.07,6.448598,0.451402,Normalverkauf
S1000288.72859,SP1000288.7.72859,SY1000288.2026.72859,iPad1(1000288),288,06.06.26 13:52,Prod,A1000288.6870,Tisch 15,101,S1000288.72859,SALE,2,10.9,21.8,0.0,0.0,0.0,0.0,107,Chicken Burger,Hauptgerichte,,MwSt. 7%,1.07,20.373832,1.426168,Normalverkauf
S1000288.72860,SP1000288.7.72860,SY1000288.2026.72860,iPad1(1000288),288,06.06.26 16:25,Prod,A1000288.6871,Tisch 21,116,S1000288.72860,SALE,1,3.9,3.9,0.0,0.0,0.0,0.0,119,Cola,Getränke,,MwSt. 19%,1.19,3.277311,0.622689,Normalverkauf
S1000288.72861,SP1000288.7.72861,SY1000288.2026.72861,iPad1(1000288),288,06.06.26 16:25,Prod,A1000288.6871,Tisch 21,116,S1000288.72861,SALE,1,6.9,6.9,0.0,0.0,0.0,0.0,113,Garnelen Box,Beilagen,,MwSt. 7%,1.07,6.448598,0.451402,Normalverkauf
S1000288.72862,SP1000288.7.72862,SY1000288.2026.72862,iPad1(1000288),288,06.06.26 16:25,Prod,A1000288.6871,Tisch 21,116,S1000288.72862,SALE,2,3.9,7.8,0.0,0.0,0.0,0.0,126,Spezi,Getränke,,MwSt. 19%,1.19,6.554622,1.245378,Normalverkauf
S1000288.72863,SP1000288.7.72863,SY1000288.2026.72863,iPad1(1000288),288,06.06.26 11:35,Prod,A1000288.6872,Tisch 24,110,S1000288.72863,SALE,2,9.8,19.6,0.0,0.0,0.0,0.0,108,Seelachs-Ei-Baugette,Hauptgerichte,,MwSt. 7%,1.07,18.317757,1.282243,Normalverkauf
S1000288.72864,SP1000288.7.72864,SY1000288.2026.72864,iPad1(1000288),288,06.06.26 11:35,Prod,A1000288.6872,Tisch 24,110,S1000288.72864,SALE,1,9.8,9.8,0.0,0.0,0.0,0.0,108,Seelachs-Ei-Baugette,Hauptgerichte,,MwSt. 7%,1.07,9.158879,0.641121,Normalverkauf
S1000288.72865,SP1000288.7.72865,SY1000288.2026.72865,iPad1(1000288),288,06.06.26 19:39,Prod,A1000288.6873,Tisch 22,107,S1000288.72865,SALE,2,7.9,15.8,0.0,0.0,0.0,0.0,106,Neptun-Ringe,Beilagen,,MwSt. 7%,1.07,14.766355,1.033645,Normalverkauf
S1000288.72866,SP1000288.7.72866,SY1000288.2026.72866,iPad1(1000288),288,06.06.26 11:29,Prod,A1000288.6874,Tisch 18,110,S1000288.72866,SALE,2,6.9,13.8,0.0,0.0,0.0,0.0,103,Fischbrötchen Räucherlachs,Hauptspeisen,,MwSt. 7%,1.07,12.897196,0.902804,Normalverkauf
S1000288.72867,SP1000288.7.72867,SY1000288.2026.72867,iPad1(1000288),288,06.06.26 11:29,Prod,A1000288.6874,Tisch 18,110,S1000288.72867,SALE,2,5.5,11.0,0.0,0.0,0.0,0.0,114,Fisch Nuggets Box,Beilagen,,MwSt. 7%,1.07,10.280374,0.719626,Normalverkauf
S1000288.72868,SP1000288.7.72868,SY1000288.2026.72868,iPad1(1000288),288,06.06.26 14:43,Prod,A1000288.6875,,110,S1000288.72868,SALE,2,7.9,15.8,0.0,0.0,0.0,0.0,106,Neptun-Ringe,Beilagen,,MwSt. 7%,1.07,14.766355,1.033645,Normalverkauf
S1000288.72869,SP1000288.7.72869,SY1000288.2026.72869,iPad1(1000288),288,06.06.26 13:50,Prod,A1000288.6876,Tisch 12,107,S1000288.72869,SALE,1,3.9,3.9,0.0,0.0,0.0,0.0,126,Spezi,Getränke,,MwSt. 19%,1.19,3.277311,0.622689,Normalverkauf
S1000288.72870,SP1000288.7.72870,SY1000288.2026.72870,iPad1(1000288),288,06.06.26 11:46,Prod,A1000288.6877,Tisch 7,110,S1000288.72870,SALE,2,11.5,23.0,0.0,0.0,0.0,0.0,105,Garnelen-Kimchi-Bruger,Hauptgerichte,,MwSt. 7%,1.07,21.495327,1.504673,Normalverkauf
S1000288.72871,SP1000288.7.72871,SY1000288.2026.72871,iPad1(1000288),288,06.06.26 11:46,Prod,A1000288.6877,Tisch 7,110,S1000288.72871,SALE,2,7.9,15.8,0.0,0.0,0.0,0.0,106,Neptun-Ringe,Beilagen,,MwSt. 7%,1.07,14.766355,1.033645,Normalverkauf
S1000288.72872,SP1000288.7.72872,SY1000288.2026.72872,iPad1(1000288),288,06.06.26 14:28,Prod,A1000288.6878,Tisch 5,110,S1000288.72872,SALE,2,4.2,8.4,0.0,0.0,0.0,0.0,122,Bier,Getränke,,MwSt. 19%,1.19,7.058824,1.341176,Normalverkauf
S1000288.72873,SP1000288.7.72873,SY1000288.2026.72873,iPad1(1000288),288,06.06.26 14:28,Prod,A1000288.6878,Tisch 5,110,S1000288.72873,SALE,1,13.5,13.5,0.0,0.0,0.0,0.0,102,Matjes,Hauptspeisen,,MwSt. 7%,1.07,12.616822,0.883178,Normalverkauf
S1000288.72874,SP1000288.7.72874,SY1000288.2026.72874,iPad1(1000288),288,06.06.26 14:11,Prod,A1000288.6879,,110,S1000288.72874,SALE,1,10.9,10.9,0.0,0.0,0.0,0.0,104,Thunfisch Wrap,Hauptgerichte,,MwSt. 7%,1.07,10.186916,0.713084,Normalverkauf
S1000288.72875,SP1000288.7.72875,SY1000288.2026.72875,iPad1(1000288),288,06.06.26 14:11,Prod,A1000288.6879,,110,S1000288.72875,SALE,2,3.9,7.8,0.0,0.0,0.0,0.0,124,Cola Zero,Getränke,,MwSt. 19%,1.19,6.554622,1.245378,Normalverkauf
S1000288.72876,SP1000288.7.72876,SY1000288.2026.72876,iPad1(1000288),288,06.06.26 14:11,Prod,A1000288.6879,,110,S1000288.72876,SALE,1,10.9,10.9,0.0,0.0,0.0,0.0,104,Thunfisch Wrap,Hauptgerichte,,MwSt. 7%,1.07,10.186916,0.713084,Normalverkauf
S1000288.72877,SP1000288.7.72877,SY1000288.2026.72877,iPad1(1000288),288,06.06.26 16:22,Prod,A1000288.6880,Tisch 15,110,S1000288.72877,SALE,2,3.9,7.8,0.0,0.0,0.0,0.0,124,Cola Zero,Getränke,,MwSt. 19%,1.19,6.554622,1.245378,Normalverkauf
S1000288.72878,SP1000288.7.72878,SY1000288.2026.72878,iPad1(1000288),288,06.06.26 16:22,Prod,A1000288.6880,Tisch 15,110,S1000288.72878,SALE,1,3.2,3.2,0.0,0.0,0.0,0.0,120,Apfelschorle,Getränke,,MwSt. 19%,1.19,2.689076,0.510924,Normalverkauf
S1000288.72879,SP1000288.7.72879,SY1000288.2026.72879,iPad1(1000288),288,06.06.26 16:22,Prod,A1000288.6880,Tisch 15,110,S1000288.72879,SALE,2,3.2,6.4,0.0,0.0,0.0,0.0,120,Apfelschorle,Getränke,,MwSt. 19%,1.19,5.378151,1.021849,Normalverkauf
S1000288.72880,SP1000288.7.72880,SY1000288.2026.72880,iPad1(1000288),288,06.06.26 19:44,Prod,A1000288.6881,Tisch 7,110,S1000288.72880,SALE,2,7.9,15.8,0.0,0.0,0.0,0.0,106,Neptun-Ringe,Beilagen,,MwSt. 7%,1.07,14.766355,1.033645,Normalverkauf
S1000288.72881,SP1000288.7.72881,SY1000288.2026.72881,iPad1(1000288),288,06.06.26 19:44,Prod,A1000288.6881,Tisch 7,110,S1000288.72881,SALE,2,10.9,21.8,0.0,0.0,0.0,0.0,109,Bismarck-Baguette,Hauptgerichte,,MwSt. 7%,1.07,20.373832,1.426168,Normalverkauf
S1000288.72882,SP1000288.7.72882,SY1000288.2026.72882,iPad1(1000288),288,06.06.26 15:54,Prod,A1000288.6882,Tisch 2,107,S1000288.72882,SALE,2,5.5,11.0,0.0,0.0,0.0,0.0,114,Fisch Nuggets Box,Beilagen,,MwSt. 7%,1.07,10.280374,0.719626,Normalverkauf
S1000288.72883,SP1000288.7.72883,SY1000288.2026.72883,iPad1(1000288),288,06.06.26 15:54,Prod,A1000288.6882,Tisch 2,107,S1000288.72883,SALE,2,4.9,9.8,0.0,0.0,0.0,0.0,112,Kartoffelwedges,Beilagen,,MwSt. 7%,1.07,9.158879,0.641121,Normalverkauf
S1000288.72884,SP1000288.7.72884,SY1000288.2026.72884,iPad1(1000288),288,06.06.26 16:57,Prod,A1000288.6883,Tisch 2,101,S1000288.72884,SALE,1,2.8,2.8,0.0,0.0,0.0,0.0,121,Mineralwasser,Getränke,,MwSt. 19%,1.19,2.352941,0.447059,Normalverkauf
S1000288.72885,SP1000288.7.72885,SY1000288.2026.72885,iPad1(1000288),288,06.06.26 12:42,Prod,A1000288.6884,Tisch 5,116,S1000288.72885,SALE,2,4.2,8.4,0.0,0.0,0.0,0.0,122,Bier,Getränke,,MwSt. 19%,1.19,7.058824,1.341176,Normalverkauf
S1000288.72886,SP1000288.7.72886,SY1000288.2026.72886,iPad1(1000288),288,06.06.26 12:42,Prod,A1000288.6884,Tisch 5,116,S1000288.72886,SALE,1,9.8,9.8,0.0,0.0,0.0,0.0,108,Seelachs-Ei-Baugette,Hauptgerichte,,MwSt. 7%,1.07,9.158879,0.641121,Normalverkauf
S1000288.72887,SP1000288.7.72887,SY1000288.2026.72887,iPad1(1000288),288,06.06.26 12:15,Prod,A1000288.6885,Tisch 5,110,S1000288.72887,SALE,1,10.9,10.9,0.0,0.0,0.0,0.0,107,Chicken Burger,Hauptgerichte,,MwSt. 7%,1.07,10.186916,0.713084,Normalverkauf
S1000288.72888,SP1000288.7.72888,SY1000288.2026.72888,iPad1(1000288),288,06.06.26 16:03,Prod,A1000288.6886,Tisch 8,110,S1000288.72888,SALE,2,2.8,5.6,0.0,0.0,0.0,0.0,121,Mineralwasser,Getränke,,MwSt. 19%,1.19,4.705882,0.894118,Normalverkauf
S1000288.72889,SP1000288.7.72889,SY1000288.2026.72889,iPad1(1000288),288,06.06.26 16:03,Prod,A1000288.6886,Tisch 8,110,S1000288.72889,SALE,2,3.9,7.8,0.0,0.0,0.0,0.0,127,Alkoholfreies Bier,Getränke,,MwSt. 19%,1.19,6.554622,1.245378,Normalverkauf
S1000288.72890,SP1000288.7.72890,SY1000288.2026.72890,iPad1(1000288),288,06.06.26 12:56,Prod,A1000288.6887,Tisch 24,107,S1000288.72890,VOID,2,6.5,13.0,0.0,0.0,0.0,0.0,100,Fischbrötchen Backfisch,Hauptspeisen,,MwSt. 7%,1.07,12.149533,0.850467,Normalverkauf
S1000288.72891,SP1000288.7.72891,SY1000288.2026.72891,iPad1(1000288),288,06.06.26 12:56,Prod,A1000288.6887,Tisch 24,107,S1000288.72891,VOID,1,5.9,5.9,0.0,0.0,0.0,0.0,125,Zitronen-Limonade,Getränke,,MwSt. 19%,1.19,4.957983,0.942017,Normalverkauf
S1000288.72892,SP1000288.7.72892,SY1000288.2026.72892,iPad1(1000288),288,06.06.26 12:56,Prod,A1000288.6887,Tisch 24,107,S1000288.72892,VOID,1,2.8,2.8,0.0,0.0,0.0,0.0,121,Mineralwasser,Getränke,,MwSt. 19%,1.19,2.352941,0.447059,Normalverkauf
S1000288.72893,SP1000288.7.72893,SY1000288.2026.72893,iPad1(1000288),288,06.06.26 13:48,Prod,A1000288.6888,Tisch 22,110,S1000288.72893,SALE,1,3.2,3.2,0.0,0.0,0.0,0.0,120,Apfelschorle,Getränke,,MwSt. 19%,1.19,2.689076,0.510924,Normalverkauf
S1000288.72894,SP1000288.7.72894,SY1000288.2026.72894,iPad1(1000288),288,06.06.26 13:48,Prod,A1000288.6888,Tisch 22,110,S1000288.72894,SALE,1,5.5,5.5,0.0,0.0,0.0,0.0,111,Pommes Frites,Beilagen,,MwSt. 7%,1.07,5.140187,0.359813,Normalverkauf
S1000288.72895,SP1000288.7.72895,SY1000288.2026.72895,iPad1(1000288),288,06.06.26 13:48,Prod,A1000288.6888,Tisch 22,110,S1000288.72895,SALE,1,10.9,10.9,0.0,0.0,0.0,0.0,107,Chicken Burger,Hauptgerichte,,MwSt. 7%,1.07,10.186916,0.713084,Normalverkauf
S1000288.72896,SP1000288.7.72896,SY1000288.2026.72896,iPad1(1000288),288,06.06.26 11:32,Prod,A1000288.6889,Tisch 10,101,S1000288.72896,SALE,1,11.9,11.9,0.0,0.0,0.0,0.0,110,Matjes-Baguette,Hauptgerichte,,MwSt. 7%,1.07,11.121495,0.778505,Normalverkauf
S1000288.72897,SP1000288.7.72897,SY1000288.2026.72897,iPad1(1000288),288,06.06.26 11:32,Prod,A1000288.6889,Tisch 10,101,S1000288.72897,SALE,1,6.5,6.5,0.0,0.0,0.0,0.0,100,Fischbrötchen Backfisch,Hauptspeisen,,MwSt. 7%,1.07,6.074766,0.425234,Normalverkauf
S1000288.72898,SP1000288.7.72898,SY1000288.2026.72898,iPad1(1000288),288,06.06.26 12:08,Prod,A1000288.6890,Tisch 22,110,S1000288.72898,SALE,2,6.5,13.0,0.0,0.0,0.0,0.0,100,Fischbrötchen Backfisch,Hauptspeisen,,MwSt. 7%,1.07,12.149533,0.850467,Normalverkauf
S1000288.72899,SP1000288.7.72899,SY1000288.2026.72899,iPad1(1000288),288,06.06.26 12:08,Prod,A1000288.6890,Tisch 22,110,S1000288.72899,SALE,2,5.5,11.0,0.0,0.0,0.0,0.0,114,Fisch Nuggets Box,Beilagen,,MwSt. 7%,1.07,10.280374,0.719626,Normalverkauf
S1000288.72900,SP1000288.7.72900,SY1000288.2026.72900,iPad1(1000288),288,06.06.26 15:22,Prod,A1000288.6891,Tisch 20,110,S1000288.72900,SALE,1,9.8,9.8,0.0,0.0,0.0,0.0,108,Seelachs-Ei-Baugette,Hauptgerichte,,MwSt. 7%,1.07,9.158879,0.641121,Normalverkauf
S1000288.72901,SP1000288.7.72901,SY1000288.2026.72901,iPad1(1000288),288,06.06.26 15:22,Prod,A1000288.6891,Tisch 20,110,S1000288.72901,SALE,1,5.9,5.9,0.0,0.0,0.0,0.0,125,Zitronen-Limonade,Getränke,,MwSt. 19%,1.19,4.957983,0.942017,Normalverkauf
S1000288.72902,SP1000288.7.72902,SY1000288.2026.72902,iPad1(1000288),288,06.06.26 12:04,Prod,A1000288.6892,Tisch 2,107,S1000288.72902,SALE,1,7.9,7.9,0.0,0.0,0.0,0.0,106,Neptun-Ringe,Beilagen,,MwSt. 7%,1.07,7.383178,0.516822,Normalverkauf
S1000288.72903,SP1000288.7.72903,SY1000288.2026.72903,iPad1(1000288),288,06.06.26 12:04,Prod,A1000288.6892,Tisch 2,107,S1000288.72903,SALE,1,6.9,6.9,0.0,0.0,0.0,0.0,103,Fischbrötchen Räucherlachs,Hauptspeisen,,MwSt. 7%,1.07,6.448598,0.451402,Normalverkauf
S1000288.72904,SP1000288.7.72904,SY1000288.2026.72904,iPad1(1000288),288,06.06.26 12:04,Prod,A1000288.6892,Tisch 2,107,S1000288.72904,SALE,1,10.9,10.9,0.0,0.0,0.0,0.0,104,Thunfisch Wrap,Hauptgerichte,,MwSt. 7%,1.07,10.186916,0.713084,Normalverkauf
S1000288.72905,SP1000288.7.72905,SY1000288.2026.72905,iPad1(1000288),288,06.06.26 20:08,Prod,A1000288.6893,Tisch 21,116,S1000288.72905,SALE,1,7.9,7.9,0.0,0.0,0.0,0.0,106,Neptun-Ringe,Beilagen,,MwSt. 7%,1.07,7.383178,0.516822,Normalverkauf
S1000288.72906,SP1000288.7.72906,SY1000288.2026.72906,iPad1(1000288),288,06.06.26 20:08,Prod,A1000288.6893,Tisch 21,116,S1000288.72906,SALE,1,7.9,7.9,0.0,0.0,0.0,0.0,106,Neptun-Ringe,Beilagen,,MwSt. 7%,1.07,7.383178,0.516822,Normalverkauf
S1000288.72907,SP1000288.7.72907,SY1000288.2026.72907,iPad1(1000288),288,06.06.26 18:49,Prod,A1000288.6894,Tisch 17,110,S1000288.72907,SALE,2,11.9,23.8,0.0,0.0,0.0,0.0,110,Matjes-Baguette,Hauptgerichte,,MwSt. 7%,1.07,22.242991,1.557009,Normalverkauf
S1000288.72908,SP1000288.7.72908,SY1000288.2026.72908,iPad1(1000288),288,06.06.26 18:49,Prod,A1000288.6894,Tisch 17,110,S1000288.72908,SALE,2,10.9,21.8,0.0,0.0,0.0,0.0,109,Bismarck-Baguette,Hauptgerichte,,MwSt. 7%,1.07,20.373832,1.426168,Normalverkauf
S1000288.72909,SP1000288.7.72909,SY1000288.2026.72909,iPad1(1000288),288,06.06.26 13:12,Prod,A1000288.6895,Tisch 22,110,S1000288.72909,SALE,2,11.5,23.0,0.0,0.0,0.0,0.0,105,Garnelen-Kimchi-Bruger,Hauptgerichte,,MwSt. 7%,1.07,21.495327,1.504673,Normalverkauf
S1000288.72910,SP1000288.7.72910,SY1000288.2026.72910,iPad1(1000288),288,06.06.26 13:12,Prod,A1000288.6895,Tisch 22,110,S1000288.72910,SALE,1,9.8,9.8,0.0,0.0,0.0,0.0,108,Seelachs-Ei-Baugette,Hauptgerichte,,MwSt. 7%,1.07,9.158879,0.641121,Normalverkauf
S1000288.72911,SP1000288.7.72911,SY1000288.2026.72911,iPad1(1000288),288,06.06.26 13:12,Prod,A1000288.6895,Tisch 22,110,S1000288.72911,SALE,2,10.9,21.8,0.0,0.0,0.0,0.0,107,Chicken Burger,Hauptgerichte,,MwSt. 7%,1.07,20.373832,1.426168,Normalverkauf
S1000288.72912,SP1000288.7.72912,SY1000288.2026.72912,iPad1(1000288),288,06.06.26 12:44,Prod,A1000288.6896,Tisch 10,101,S1000288.72912,SALE,1,6.9,6.9,0.0,0.0,0.0,0.0,113,Garnelen Box,Beilagen,,MwSt. 7%,1.07,6.448598,0.451402,Normalverkauf
S1000288.72913,SP1000288.7.72913,SY1000288.2026.72913,iPad1(1000288),288,06.06.26 20:34,Prod,A1000288.6897,,116,S1000288.72913,SALE,2,10.9,21.8,0.0,0.0,0.0,0.0,104,Thunfisch Wrap,Hauptgerichte,,MwSt. 7%,1.07,20.373832,1.426168,Normalverkauf
S1000288.72914,SP1000288.7.72914,SY1000288.2026.72914,iPad1(1000288),288,06.06.26 20:34,Prod,A1000288.6897,,116,S1000288.72914,SALE,2,3.2,6.4,0.0,0.0,0.0,0.0,120,Apfelschorle,Getränke,,MwSt. 19%,1.19,5.378151,1.021849,Normalverkauf
S1000288.72915,SP1000288.7.72915,SY1000288.2026.72915,iPad1(1000288),288,06.06.26 20:34,Prod,A1000288.6897,,116,S1000288.72915,SALE,1,6.5,6.5,0.0,0.0,0.0,0.0,118,Schokokuchen,Desserts,,MwSt. 7%,1.07,6.074766,0.425234,Normalverkauf
S1000288.72916,SP1000288.7.72916,SY1000288.2026.72916,iPad1(1000288),288,06.06.26 19:48,Prod,A1000288.6898,Tisch 5,101,S1000288.72916,SALE,2,4.2,8.4,0.0,0.0,0.0,0.0,122,Bier,Getränke,,MwSt. 19%,1.19,7.058824,1.341176,Normalverkauf
S1000288.72917,SP1000288.7.72917,SY1000288.2026.72917,iPad1(1000288),288,06.06.26 19:48,Prod,A1000288.6898,Tisch 5,101,S1000288.72917,SALE,1,2.8,2.8,0.0,0.0,0.0,0.0,121,Mineralwasser,Getränke,,MwSt. 19%,1.19,2.352941,0.447059,Normalverkauf
S1000288.72918,SP1000288.7.72918,SY1000288.2026.72918,iPad1(1000288),288,06.06.26 11:15,Prod,A1000288.6899,Tisch 5,116,S1000288.72918,SALE,2,11.9,23.8,0.0,0.0,0.0,0.0,110,Matjes-Baguette,Hauptgerichte,,MwSt. 7%,1.07,22.242991,1.557009,Normalverkauf
S1000288.72919,SP1000288.7.72919,SY1000288.2026.72919,iPad1(1000288),288,06.06.26 11:15,Prod,A1000288.6899,Tisch 5,116,S1000288.72919,SALE,2,3.9,7.8,0.0,0.0,0.0,0.0,124,Cola Zero,Getränke,,MwSt. 19%,1.19,6.554622,1.245378,Normalverkauf
S1000288.72920,SP1000288.7.72920,SY1000288.2026.72920,iPad1(1000288),288,06.06.26 11:15,Prod,A1000288.6899,Tisch 5,116,S1000288.72920,SALE,1,7.9,7.9,0.0,0.0,0.0,0.0,115,Tiramisu,Desserts,,MwSt. 7%,1.07,7.383178,0.516822,Normalverkauf
S1000288.72921,SP1000288.7.72921,SY1000288.2026.72921,iPad1(1000288),288,06.06.26 13:26,Prod,A1000288.6900,Tisch 5,110,S1000288.72921,SALE,2,10.9,21.8,0.0,0.0,0.0,0.0,107,Chicken Burger,Hauptgerichte,,MwSt. 7%,1.07,20.373832,1.426168,Normalverkauf
S1000288.72922,SP1000288.7.72922,SY1000288.2026.72922,iPad1(1000288),288,06.06.26 13:26,Prod,A1000288.6900,Tisch 5,110,S1000288.72922,SALE,1,10.9,10.9,0.0,0.0,0.0,0.0,107,Chicken Burger,Hauptgerichte,,MwSt. 7%,1.07,10.186916,0.713084,Normalverkauf
S1000288.72923,SP1000288.7.72923,SY1000288.2026.72923,iPad1(1000288),288,06.06.26 13:26,Prod,A1000288.6900,Tisch 5,110,S1000288.72923,SALE,1,3.9,3.9,0.0,0.0,0.0,0.0,119,Cola,Getränke,,MwSt. 19%,1.19,3.277311,0.622689,Normalverkauf
S1000288.72924,SP1000288.7.72924,SY1000288.2026.72924,iPad1(1000288),288,06.06.26 12:14,Prod,A1000288.6901,Tisch 16,110,S1000288.72924,SALE,1,7.9,7.9,0.0,0.0,0.0,0.0,106,Neptun-Ringe,Beilagen,,MwSt. 7%,1.07,7.383178,0.516822,Normalverkauf
S1000288.72925,SP1000288.7.72925,SY1000288.2026.72925,iPad1(1000288),288,06.06.26 12:14,Prod,A1000288.6901,Tisch 16,110,S1000288.72925,SALE,2,13.5,27.0,0.0,0.0,0.0,0.0,102,Matjes,Hauptspeisen,,MwSt. 7%,1.07,25.233645,1.766355,Normalverkauf
S1000288.72926,SP1000288.7.72926,SY1000288.2026.72926,iPad1(1000288),288,06.06.26 13:06,Prod,A1000288.6902,Tisch 13,119,S1000288.72926,SALE,1,6.5,6.5,0.0,0.0,0.0,0.0,100,Fischbrötchen Backfisch,Hauptspeisen,,MwSt. 7%,1.07,6.074766,0.425234,Normalverkauf
S1000288.72927,SP1000288.7.72927,SY1000288.2026.72927,iPad1(1000288),288,06.06.26 13:06,Prod,A1000288.6902,Tisch 13,119,S1000288.72927,SALE,1,6.9,6.9,0.0,0.0,0.0,0.0,103,Fischbrötchen Räucherlachs,Hauptspeisen,,MwSt. 7%,1.07,6.448598,0.451402,Normalverkauf
S1000288.72928,SP1000288.7.72928,SY1000288.2026.72928,iPad1(1000288),288,06.06.26 16:44,Prod,A1000288.6903,Tisch 17,110,S1000288.72928,SALE,2,5.5,11.0,0.0,0.0,0.0,0.0,111,Pommes Frites,Beilagen,,MwSt. 7%,1.07,10.280374,0.719626,Normalverkauf
S1000288.72929,SP1000288.7.72929,SY1000288.2026.72929,iPad1(1000288),288,06.06.26 16:44,Prod,A1000288.6903,Tisch 17,110,S1000288.72929,SALE,1,3.2,3.2,0.0,0.0,0.0,0.0,120,Apfelschorle,Getränke,,MwSt. 19%,1.19,2.689076,0.510924,Normalverkauf
S1000288.72930,SP1000288.7.72930,SY1000288.2026.72930,iPad1(1000288),288,06.06.26 16:44,Prod,A1000288.6903,Tisch 17,110,S1000288.72930,SALE,1,5.5,5.5,0.0,0.0,0.0,0.0,111,Pommes Frites,Beilagen,,MwSt. 7%,1.07,5.140187,0.359813,Normalverkauf
S1000288.72931,SP1000288.7.72931,SY1000288.2026.72931,iPad1(1000288),288,06.06.26 12:26,Prod,A1000288.6904,Tisch 20,110,S1000288.72931,SALE,1,6.9,6.9,0.0,0.0,0.0,0.0,103,Fischbrötchen Räucherlachs,Hauptspeisen,,MwSt. 7%,1.07,6.448598,0.451402,Normalverkauf
S1000288.72932,SP1000288.7.72932,SY1000288.2026.72932,iPad1(1000288),288,06.06.26 12:54,Prod,A1000288.6905,Tisch 6,110,S1000288.72932,SALE,2,6.5,13.0,0.0,0.0,0.0,0.0,100,Fischbrötchen Backfisch,Hauptspeisen,,MwSt. 7%,1.07,12.149533,0.850467,Normalverkauf
S1000288.72933,SP1000288.7.72933,SY1000288.2026.72933,iPad1(1000288),288,06.06.26 20:53,Prod,A1000288.6906,Tisch 17,110,S1000288.72933,SALE,1,6.5,6.5,0.0,0.0,0.0,0.0,100,Fischbrötchen Backfisch,Hauptspeisen,,MwSt. 7%,1.07,6.074766,0.425234,Normalverkauf
S1000288.72934,SP1000288.7.72934,SY1000288.2026.72934,iPad1(1000288),288,06.06.26 20:53,Prod,A1000288.6906,Tisch 17,110,S1000288.72934,SALE,1,13.5,13.5,0.0,0.0,0.0,0.0,102,Matjes,Hauptspeisen,,MwSt. 7%,1.07,12.616822,0.883178,Normalverkauf
S1000288.72935,SP1000288.7.72935,SY1000288.2026.72935,iPad1(1000288),288,06.06.26 20:53,Prod,A1000288.6906,Tisch 17,110,S1000288.72935,SALE,2,6.9,13.8,0.0,0.0,0.0,0.0,103,Fischbrötchen Räucherlachs,Hauptspeisen,,MwSt. 7%,1.07,12.897196,0.902804,Normalverkauf
S1000288.72936,SP1000288.7.72936,SY1000288.2026.72936,iPad1(1000288),288,06.06.26 11:05,Prod,A1000288.6907,Tisch 14,107,S1000288.72936,SALE,1,5.9,5.9,0.0,0.0,0.0,0.0,125,Zitronen-Limonade,Getränke,,MwSt. 19%,1.19,4.957983,0.942017,Normalverkauf
S1000288.72937,SP1000288.7.72937,SY1000288.2026.72937,iPad1(1000288),288,06.06.26 11:05,Prod,A1000288.6907,Tisch 14,107,S1000288.72937,SALE,2,14.5,29.0,0.0,0.0,0.0,0.0,101,Lachs,Hauptspeisen,,MwSt. 7%,1.07,27.102804,1.897196,Normalverkauf
S1000288.72938,SP1000288.7.72938,SY1000288.2026.72938,iPad1(1000288),288,06.06.26 19:58,Prod,A1000288.6908,Tisch 15,110,S1000288.72938,SALE,1,3.9,3.9,0.0,0.0,0.0,0.0,126,Spezi,Getränke,,MwSt. 19%,1.19,3.277311,0.622689,Normalverkauf
S1000288.72939,SP1000288.7.72939,SY1000288.2026.72939,iPad1(1000288),288,06.06.26 19:58,Prod,A1000288.6908,Tisch 15,110,S1000288.72939,SALE,2,9.8,19.6,0.0,0.0,0.0,0.0,108,Seelachs-Ei-Baugette,Hauptgerichte,,MwSt. 7%,1.07,18.317757,1.282243,Normalverkauf
S1000288.72940,SP1000288.7.72940,SY1000288.2026.72940,iPad1(1000288),288,06.06.26 13:04,Prod,A1000288.6909,Tisch 17,101,S1000288.72940,SALE,2,6.9,13.8,0.0,0.0,0.0,0.0,103,Fischbrötchen Räucherlachs,Hauptspeisen,,MwSt. 7%,1.07,12.897196,0.902804,Normalverkauf
S1000288.72941,SP1000288.7.72941,SY1000288.2026.72941,iPad1(1000288),288,06.06.26 13:04,Prod,A1000288.6909,Tisch 17,101,S1000288.72941,SALE,1,2.8,2.8,0.0,0.0,0.0,0.0,121,Mineralwasser,Getränke,,MwSt. 19%,1.19,2.352941,0.447059,Normalverkauf
S1000288.72942,SP1000288.7.72942,SY1000288.2026.72942,iPad1(1000288),288,06.06.26 11:45,Prod,A1000288.6910,Tisch 6,116,S1000288.72942,SALE,2,4.9,9.8,0.0,0.0,0.0,0.0,112,Kartoffelwedges,Beilagen,,MwSt. 7%,1.07,9.158879,0.641121,Normalverkauf
S1000288.72943,SP1000288.7.72943,SY1000288.2026.72943,iPad1(1000288),288,06.06.26 11:45,Prod,A1000288.6910,Tisch 6,116,S1000288.72943,SALE,1,5.9,5.9,0.0,0.0,0.0,0.0,123,Inger-Limonade,Getränke,,MwSt. 19%,1.19,4.957983,0.942017,Normalverkauf
S1000288.72944,SP1000288.7.72944,SY1000288.2026.72944,iPad1(1000288),288,06.06.26 18:08,Prod,A1000288.6911,Tisch 10,119,S1000288.72944,SALE,2,10.9,21.8,0.0,0.0,0.0,0.0,109,Bismarck-Baguette,Hauptgerichte,,MwSt. 7%,1.07,20.373832,1.426168,Normalverkauf
S1000288.72945,SP1000288.7.72945,SY1000288.2026.72945,iPad1(1000288),288,06.06.26 18:25,Prod,A1000288.6912,Tisch 19,116,S1000288.72945,SALE,1,5.5,5.5,0.0,0.0,0.0,0.0,114,Fisch Nuggets Box,Beilagen,,MwSt. 7%,1.07,5.140187,0.359813,Normalverkauf
S1000288.72946,SP1000288.7.72946,SY1000288.2026.72946,iPad1(1000288),288,06.06.26 18:25,Prod,A1000288.6912,Tisch 19,116,S1000288.72946,SALE,1,10.9,10.9,0.0,0.0,0.0,0.0,109,Bismarck-Baguette,Hauptgerichte,,MwSt. 7%,1.07,10.186916,0.713084,Normalverkauf
S1000288.72947,SP1000288.7.72947,SY1000288.2026.72947,iPad1(1000288),288,06.06.26 19:27,Prod,A1000288.6913,Tisch 4,110,S1000288.72947,SALE,2,11.5,23.0,0.0,0.0,0.0,0.0,105,Garnelen-Kimchi-Bruger,Hauptgerichte,,MwSt. 7%,1.07,21.495327,1.504673,Normalverkauf
S1000288.72948,SP1000288.7.72948,SY1000288.2026.72948,iPad1(1000288),288,06.06.26 11:49,Prod,A1000288.6914,Tisch 21,107,S1000288.72948,SALE,1,10.9,10.9,0.0,0.0,0.0,0.0,104,Thunfisch Wrap,Hauptgerichte,,MwSt. 7%,1.07,10.186916,0.713084,Normalverkauf
S1000288.72949,SP1000288.7.72949,SY1000288.2026.72949,iPad1(1000288),288,06.06.26 18:32,Prod,A1000288.6915,Tisch 14,110,S1000288.72949,SALE,1,2.8,2.8,0.0,0.0,0.0,0.0,121,Mineralwasser,Getränke,,MwSt. 19%,1.19,2.352941,0.447059,Normalverkauf
S1000288.72950,SP1000288.7.72950,SY1000288.2026.72950,iPad1(1000288),288,06.06.26 18:39,Prod,A1000288.6916,Tisch 13,110,S1000288.72950,SALE,1,4.9,4.9,0.0,0.0,0.0,0.0,112,Kartoffelwedges,Beilagen,,MwSt. 7%,1.07,4.579439,0.320561,Normalverkauf
S1000288.72951,SP1000288.7.72951,SY1000288.2026.72951,iPad1(1000288),288,06.06.26 18:39,Prod,A1000288.6916,Tisch 13,110,S1000288.72951,SALE,1,6.5,6.5,0.0,0.0,0.0,0.0,100,Fischbrötchen Backfisch,Hauptspeisen,,MwSt. 7%,1.07,6.074766,0.425234,Normalverkauf
S1000288.72952,SP1000288.7.72952,SY1000288.2026.72952,iPad1(1000288),288,06.06.26 18:39,Prod,A1000288.6916,Tisch 13,110,S1000288.72952,SALE,2,10.9,21.8,0.0,0.0,0.0,0.0,104,Thunfisch Wrap,Hauptgerichte,,MwSt. 7%,1.07,20.373832,1.426168,Normalverkauf
S1000288.72953,SP1000288.7.72953,SY1000288.2026.72953,iPad1(1000288),288,06.06.26 15:07,Prod,A1000288.6917,Tisch 7,107,S1000288.72953,SALE,2,4.2,8.4,0.0,0.0,0.0,0.0,122,Bier,Getränke,,MwSt. 19%,1.19,7.058824,1.341176,Normalverkauf
S1000288.72954,SP1000288.7.72954,SY1000288.2026.72954,iPad1(1000288),288,07.06.26 09:27,Prod,A1000288.6918,,110,S1000288.72954,SALE,1,3.9,3.9,0.0,0.0,0.0,0.0,119,Cola,Getränke,,MwSt. 19%,1.19,3.277311,0.622689,Normalverkauf
S1000288.72955,SP1000288.7.72955,SY1000288.2026.72955,iPad1(1000288),288,07.06.26 12:43,Prod,A1000288.6919,Tisch 11,107,S1000288.72955,SALE,1,3.2,3.2,0.0,0.0,0.0,0.0,120,Apfelschorle,Getränke,,MwSt. 19%,1.19,2.689076,0.510924,Normalverkauf
S1000288.72956,SP1000288.7.72956,SY1000288.2026.72956,iPad1(1000288),288,07.06.26 12:43,Prod,A1000288.6919,Tisch 11,107,S1000288.72956,SALE,2,3.9,7.8,0.0,0.0,0.0,0.0,119,Cola,Getränke,,MwSt. 19%,1.19,6.554622,1.245378,Normalverkauf
S1000288.72957,SP1000288.7.72957,SY1000288.2026.72957,iPad1(1000288),288,07.06.26 12:43,Prod,A1000288.6919,Tisch 11,107,S1000288.72957,SALE,2,3.2,6.4,0.0,0.0,0.0,0.0,120,Apfelschorle,Getränke,,MwSt. 19%,1.19,5.378151,1.021849,Normalverkauf
S1000288.72958,SP1000288.7.72958,SY1000288.2026.72958,iPad1(1000288),288,07.06.26 19:58,Prod,A1000288.6920,Tisch 15,116,S1000288.72958,SALE,2,6.5,13.0,0.0,0.0,0.0,0.0,100,Fischbrötchen Backfisch,Hauptspeisen,,MwSt. 7%,1.07,12.149533,0.850467,Normalverkauf
S1000288.72959,SP1000288.7.72959,SY1000288.2026.72959,iPad1(1000288),288,07.06.26 17:06,Prod,A1000288.6921,Tisch 17,107,S1000288.72959,SALE,1,7.9,7.9,0.0,0.0,0.0,0.0,115,Tiramisu,Desserts,,MwSt. 7%,1.07,7.383178,0.516822,Normalverkauf
S1000288.72960,SP1000288.7.72960,SY1000288.2026.72960,iPad1(1000288),288,07.06.26 17:06,Prod,A1000288.6921,Tisch 17,107,S1000288.72960,SALE,1,3.9,3.9,0.0,0.0,0.0,0.0,126,Spezi,Getränke,,MwSt. 19%,1.19,3.277311,0.622689,Normalverkauf
S1000288.72961,SP1000288.7.72961,SY1000288.2026.72961,iPad1(1000288),288,07.06.26 17:06,Prod,A1000288.6921,Tisch 17,107,S1000288.72961,SALE,2,3.9,7.8,0.0,0.0,0.0,0.0,119,Cola,Getränke,,MwSt. 19%,1.19,6.554622,1.245378,Normalverkauf
S1000288.72962,SP1000288.7.72962,SY1000288.2026.72962,iPad1(1000288),288,07.06.26 10:31,Prod,A1000288.6922,,110,S1000288.72962,SALE,1,10.9,10.9,0.0,0.0,0.0,0.0,104,Thunfisch Wrap,Hauptgerichte,,MwSt. 7%,1.07,10.186916,0.713084,Normalverkauf
S1000288.72963,SP1000288.7.72963,SY1000288.2026.72963,iPad1(1000288),288,07.06.26 10:31,Prod,A1000288.6922,,110,S1000288.72963,SALE,2,2.8,5.6,0.0,0.0,0.0,0.0,121,Mineralwasser,Getränke,,MwSt. 19%,1.19,4.705882,0.894118,Normalverkauf
S1000288.72964,SP1000288.7.72964,SY1000288.2026.72964,iPad1(1000288),288,07.06.26 18:51,Prod,A1000288.6923,Tisch 18,101,S1000288.72964,SALE,1,3.9,3.9,0.0,0.0,0.0,0.0,126,Spezi,Getränke,,MwSt. 19%,1.19,3.277311,0.622689,Normalverkauf
S1000288.72965,SP1000288.7.72965,SY1000288.2026.72965,iPad1(1000288),288,07.06.26 20:21,Prod,A1000288.6924,Tisch 21,110,S1000288.72965,SALE,1,11.9,11.9,0.0,0.0,0.0,0.0,110,Matjes-Baguette,Hauptgerichte,,MwSt. 7%,1.07,11.121495,0.778505,Normalverkauf
S1000288.72966,SP1000288.7.72966,SY1000288.2026.72966,iPad1(1000288),288,07.06.26 20:21,Prod,A1000288.6924,Tisch 21,110,S1000288.72966,SALE,1,10.9,10.9,0.0,0.0,0.0,0.0,109,Bismarck-Baguette,Hauptgerichte,,MwSt. 7%,1.07,10.186916,0.713084,Normalverkauf
S1000288.72967,SP1000288.7.72967,SY1000288.2026.72967,iPad1(1000288),288,07.06.26 20:21,Prod,A1000288.6924,Tisch 21,110,S1000288.72967,SALE,1,3.9,3.9,0.0,0.0,0.0,0.0,119,Cola,Getränke,,MwSt. 19%,1.19,3.277311,0.622689,Normalverkauf
S1000288.72968,SP1000288.7.72968,SY1000288.2026.72968,iPad1(1000288),288,07.06.26 12:03,Prod,A1000288.6925,Tisch 19,101,S1000288.72968,SALE,2,4.2,8.4,0.0,0.0,0.0,0.0,122,Bier,Getränke,,MwSt. 19%,1.19,7.058824,1.341176,Normalverkauf
S1000288.72969,SP1000288.7.72969,SY1000288.2026.72969,iPad1(1000288),288,07.06.26 12:03,Prod,A1000288.6925,Tisch 19,101,S1000288.72969,SALE,1,6.9,6.9,0.0,0.0,0.0,0.0,113,Garnelen Box,Beilagen,,MwSt. 7%,1.07,6.448598,0.451402,Normalverkauf
S1000288.72970,SP1000288.7.72970,SY1000288.2026.72970,iPad1(1000288),288,07.06.26 12:03,Prod,A1000288.6925,Tisch 19,101,S1000288.72970,SALE,1,11.5,11.5,0.0,0.0,0.0,0.0,105,Garnelen-Kimchi-Bruger,Hauptgerichte,,MwSt. 7%,1.07,10.747664,0.752336,Normalverkauf
S1000288.72971,SP1000288.7.72971,SY1000288.2026.72971,iPad1(1000288),288,07.06.26 18:43,Prod,A1000288.6926,Tisch 12,119,S1000288.72971,SALE,1,4.9,4.9,0.0,0.0,0.0,0.0,112,Kartoffelwedges,Beilagen,,MwSt. 7%,1.07,4.579439,0.320561,Normalverkauf
S1000288.72972,SP1000288.7.72972,SY1000288.2026.72972,iPad1(1000288),288,07.06.26 10:35,Prod,A1000288.6927,Tisch 2,101,S1000288.72972,SALE,2,4.2,8.4,0.0,0.0,0.0,0.0,122,Bier,Getränke,,MwSt. 19%,1.19,7.058824,1.341176,Normalverkauf
S1000288.72973,SP1000288.7.72973,SY1000288.2026.72973,iPad1(1000288),288,07.06.26 10:35,Prod,A1000288.6927,Tisch 2,101,S1000288.72973,SALE,1,10.9,10.9,0.0,0.0,0.0,0.0,104,Thunfisch Wrap,Hauptgerichte,,MwSt. 7%,1.07,10.186916,0.713084,Normalverkauf
S1000288.72974,SP1000288.7.72974,SY1000288.2026.72974,iPad1(1000288),288,07.06.26 10:35,Prod,A1000288.6927,Tisch 2,101,S1000288.72974,SALE,1,5.9,5.9,0.0,0.0,0.0,0.0,116,Vanillequark,Desserts,,MwSt. 7%,1.07,5.514019,0.385981,Normalverkauf
S1000288.72975,SP1000288.7.72975,SY1000288.2026.72975,iPad1(1000288),288,07.06.26 20:40,Prod,A1000288.6928,,110,S1000288.72975,SALE,2,11.5,23.0,0.0,0.0,0.0,0.0,105,Garnelen-Kimchi-Bruger,Hauptgerichte,,MwSt. 7%,1.07,21.495327,1.504673,Normalverkauf
S1000288.72976,SP1000288.7.72976,SY1000288.2026.72976,iPad1(1000288),288,07.06.26 20:40,Prod,A1000288.6928,,110,S1000288.72976,SALE,2,2.8,5.6,0.0,0.0,0.0,0.0,121,Mineralwasser,Getränke,,MwSt. 19%,1.19,4.705882,0.894118,Normalverkauf
S1000288.72977,SP1000288.7.72977,SY1000288.2026.72977,iPad1(1000288),288,07.06.26 18:26,Prod,A1000288.6929,Tisch 6,110,S1000288.72977,SALE,2,3.9,7.8,0.0,0.0,0.0,0.0,119,Cola,Getränke,,MwSt. 19%,1.19,6.554622,1.245378,Normalverkauf
S1000288.72978,SP1000288.7.72978,SY1000288.2026.72978,iPad1(1000288),288,07.06.26 18:26,Prod,A1000288.6929,Tisch 6,110,S1000288.72978,SALE,1,5.9,5.9,0.0,0.0,0.0,0.0,123,Inger-Limonade,Getränke,,MwSt. 19%,1.19,4.957983,0.942017,Normalverkauf
S1000288.72979,SP1000288.7.72979,SY1000288.2026.72979,iPad1(1000288),288,07.06.26 18:26,Prod,A1000288.6929,Tisch 6,110,S1000288.72979,SALE,2,4.2,8.4,0.0,0.0,0.0,0.0,122,Bier,Getränke,,MwSt. 19%,1.19,7.058824,1.341176,Normalverkauf
S1000288.72980,SP1000288.7.72980,SY1000288.2026.72980,iPad1(1000288),288,07.06.26 19:51,Prod,A1000288.6930,Tisch 19,119,S1000288.72980,SALE,1,4.2,4.2,0.0,0.0,0.0,0.0,122,Bier,Getränke,,MwSt. 19%,1.19,3.529412,0.670588,Normalverkauf
S1000288.72981,SP1000288.7.72981,SY1000288.2026.72981,iPad1(1000288),288,07.06.26 17:02,Prod,A1000288.6931,Tisch 2,110,S1000288.72981,SALE,2,10.9,21.8,0.0,0.0,0.0,0.0,109,Bismarck-Baguette,Hauptgerichte,,MwSt. 7%,1.07,20.373832,1.426168,Normalverkauf
S1000288.72982,SP1000288.7.72982,SY1000288.2026.72982,iPad1(1000288),288,07.06.26 17:02,Prod,A1000288.6931,Tisch 2,110,S1000288.72982,SALE,1,11.5,11.5,0.0,0.0,0.0,0.0,105,Garnelen-Kimchi-Bruger,Hauptgerichte,,MwSt. 7%,1.07,10.747664,0.752336,Normalverkauf
S1000288.72983,SP1000288.7.72983,SY1000288.2026.72983,iPad1(1000288),288,07.06.26 13:09,Prod,A1000288.6932,Tisch 16,119,S1000288.72983,SALE,2,10.9,21.8,0.0,0.0,0.0,0.0,104,Thunfisch Wrap,Hauptgerichte,,MwSt. 7%,1.07,20.373832,1.426168,Normalverkauf
S1000288.72984,SP1000288.7.72984,SY1000288.2026.72984,iPad1(1000288),288,07.06.26 11:19,Prod,A1000288.6933,Tisch 19,116,S1000288.72984,VOID,1,3.9,3.9,0.0,0.0,0.0,0.0,124,Cola Zero,Getränke,,MwSt. 19%,1.19,3.277311,0.622689,Normalverkauf
S1000288.72985,SP1000288.7.72985,SY1000288.2026.72985,iPad1(1000288),288,07.06.26 19:07,Prod,A1000288.6934,Tisch 21,110,S1000288.72985,SALE,2,5.9,11.8,0.0,0.0,0.0,0.0,117,Rote Grütze,Desserts,,MwSt. 7%,1.07,11.028037,0.771963,Normalverkauf
S1000288.72986,SP1000288.7.72986,SY1000288.2026.72986,iPad1(1000288),288,07.06.26 15:46,Prod,A1000288.6935,Tisch 19,110,S1000288.72986,SALE,2,2.8,5.6,0.0,0.0,0.0,0.0,121,Mineralwasser,Getränke,,MwSt. 19%,1.19,4.705882,0.894118,Normalverkauf
S1000288.72987,SP1000288.7.72987,SY1000288.2026.72987,iPad1(1000288),288,07.06.26 12:08,Prod,A1000288.6936,Tisch 23,110,S1000288.72987,VOID,1,9.8,9.8,0.0,0.0,0.0,0.0,108,Seelachs-Ei-Baugette,Hauptgerichte,,MwSt. 7%,1.07,9.158879,0.641121,Normalverkauf
S1000288.72988,SP1000288.7.72988,SY1000288.2026.72988,iPad1(1000288),288,07.06.26 15:06,Prod,A1000288.6937,,110,S1000288.72988,SALE,2,4.9,9.8,0.0,0.0,0.0,0.0,112,Kartoffelwedges,Beilagen,,MwSt. 7%,1.07,9.158879,0.641121,Normalverkauf
S1000288.72989,SP1000288.7.72989,SY1000288.2026.72989,iPad1(1000288),288,07.06.26 15:06,Prod,A1000288.6937,,110,S1000288.72989,SALE,1,5.5,5.5,0.0,0.0,0.0,0.0,114,Fisch Nuggets Box,Beilagen,,MwSt. 7%,1.07,5.140187,0.359813,Normalverkauf
S1000288.72990,SP1000288.7.72990,SY1000288.2026.72990,iPad1(1000288),288,07.06.26 18:13,Prod,A1000288.6938,,107,S1000288.72990,SALE,1,4.2,4.2,0.0,0.0,0.0,0.0,122,Bier,Getränke,,MwSt. 19%,1.19,3.529412,0.670588,Normalverkauf
S1000288.72991,SP1000288.7.72991,SY1000288.2026.72991,iPad1(1000288),288,07.06.26 20:46,Prod,A1000288.6939,Tisch 12,116,S1000288.72991,SALE,2,7.9,15.8,0.0,0.0,0.0,0.0,106,Neptun-Ringe,Beilagen,,MwSt. 7%,1.07,14.766355,1.033645,Normalverkauf
S1000288.72992,SP1000288.7.72992,SY1000288.2026.72992,iPad1(1000288),288,07.06.26 20:46,Prod,A1000288.6939,Tisch 12,116,S1000288.72992,SALE,1,3.9,3.9,0.0,0.0,0.0,0.0,126,Spezi,Getränke,,MwSt. 19%,1.19,3.277311,0.622689,Normalverkauf
S1000288.72993,SP1000288.7.72993,SY1000288.2026.72993,iPad1(1000288),288,07.06.26 19:19,Prod,A1000288.6940,Tisch 6,110,S1000288.72993,SALE,1,10.9,10.9,0.0,0.0,0.0,0.0,104,Thunfisch Wrap,Hauptgerichte,,MwSt. 7%,1.07,10.186916,0.713084,Normalverkauf
S1000288.72994,SP1000288.7.72994,SY1000288.2026.72994,iPad1(1000288),288,07.06.26 19:19,Prod,A1000288.6940,Tisch 6,110,S1000288.72994,SALE,2,4.2,8.4,0.0,0.0,0.0,0.0,122,Bier,Getränke,,MwSt. 19%,1.19,7.058824,1.341176,Normalverkauf
S1000288.72995,SP1000288.7.72995,SY1000288.2026.72995,iPad1(1000288),288,07.06.26 19:43,Prod,A1000288.6941,,119,S1000288.72995,SALE,2,7.9,15.8,0.0,0.0,0.0,0.0,106,Neptun-Ringe,Beilagen,,MwSt. 7%,1.07,14.766355,1.033645,Normalverkauf
S1000288.72996,SP1000288.7.72996,SY1000288.2026.72996,iPad1(1000288),288,07.06.26 19:43,Prod,A1000288.6941,,119,S1000288.72996,SALE,2,11.5,23.0,0.0,0.0,0.0,0.0,105,Garnelen-Kimchi-Bruger,Hauptgerichte,,MwSt. 7%,1.07,21.495327,1.504673,Normalverkauf
S1000288.72997,SP1000288.7.72997,SY1000288.2026.72997,iPad1(1000288),288,07.06.26 19:43,Prod,A1000288.6941,,119,S1000288.72997,SALE,2,14.5,29.0,0.0,0.0,0.0,0.0,101,Lachs,Hauptspeisen,,MwSt. 7%,1.07,27.102804,1.897196,Normalverkauf
S1000288.72998,SP1000288.7.72998,SY1000288.2026.72998,iPad1(1000288),288,07.06.26 12:20,Prod,A1000288.6942,,119,S1000288.72998,SALE,2,6.5,13.0,0.0,0.0,0.0,0.0,118,Schokokuchen,Desserts,,MwSt. 7%,1.07,12.149533,0.850467,Normalverkauf
S1000288.72999,SP1000288.7.72999,SY1000288.2026.72999,iPad1(1000288),288,07.06.26 12:20,Prod,A1000288.6942,,119,S1000288.72999,SALE,1,4.2,4.2,0.0,0.0,0.0,0.0,122,Bier,Getränke,,MwSt. 19%,1.19,3.529412,0.670588,Normalverkauf
S1000288.73000,SP1000288.7.73000,SY1000288.2026.73000,iPad1(1000288),288,07.06.26 12:20,Prod,A1000288.6942,,119,S1000288.73000,SALE,1,3.2,3.2,0.0,0.0,0.0,0.0,120,Apfelschorle,Getränke,,MwSt. 19%,1.19,2.689076,0.510924,Normalverkauf
S1000288.73001,SP1000288.7.73001,SY1000288.2026.73001,iPad1(1000288),288,07.06.26 10:01,Prod,A1000288.6943,Tisch 22,107,S1000288.73001,SALE,1,10.9,10.9,0.0,0.0,0.0,0.0,104,Thunfisch Wrap,Hauptgerichte,,MwSt. 7%,1.07,10.186916,0.713084,Normalverkauf
S1000288.73002,SP1000288.7.73002,SY1000288.2026.73002,iPad1(1000288),288,07.06.26 10:01,Prod,A1000288.6943,Tisch 22,107,S1000288.73002,SALE,2,6.9,13.8,0.0,0.0,0.0,0.0,113,Garnelen Box,Beilagen,,MwSt. 7%,1.07,12.897196,0.902804,Normalverkauf
S1000288.73003,SP1000288.7.73003,SY1000288.2026.73003,iPad1(1000288),288,07.06.26 10:01,Prod,A1000288.6943,Tisch 22,107,S1000288.73003,SALE,1,10.9,10.9,0.0,0.0,0.0,0.0,109,Bismarck-Baguette,Hauptgerichte,,MwSt. 7%,1.07,10.186916,0.713084,Normalverkauf
S1000288.73004,SP1000288.7.73004,SY1000288.2026.73004,iPad1(1000288),288,07.06.26 12:34,Prod,A1000288.6944,,107,S1000288.73004,SALE,1,14.5,14.5,0.0,0.0,0.0,0.0,101,Lachs,Hauptspeisen,,MwSt. 7%,1.07,13.551402,0.948598,Normalverkauf
S1000288.73005,SP1000288.7.73005,SY1000288.2026.73005,iPad1(1000288),288,07.06.26 18:36,Prod,A1000288.6945,Tisch 17,107,S1000288.73005,SALE,1,5.9,5.9,0.0,0.0,0.0,0.0,117,Rote Grütze,Desserts,,MwSt. 7%,1.07,5.514019,0.385981,Normalverkauf
S1000288.73006,SP1000288.7.73006,SY1000288.2026.73006,iPad1(1000288),288,07.06.26 18:36,Prod,A1000288.6945,Tisch 17,107,S1000288.73006,SALE,1,10.9,10.9,0.0,0.0,0.0,0.0,109,Bismarck-Baguette,Hauptgerichte,,MwSt. 7%,1.07,10.186916,0.713084,Normalverkauf
S1000288.73007,SP1000288.7.73007,SY1000288.2026.73007,iPad1(1000288),288,07.06.26 18:06,Prod,A1000288.6946,,110,S1000288.73007,SALE,2,5.5,11.0,0.0,0.0,0.0,0.0,111,Pommes Frites,Beilagen,,MwSt. 7%,1.07,10.280374,0.719626,Normalverkauf
S1000288.73008,SP1000288.7.73008,SY1000288.2026.73008,iPad1(1000288),288,07.06.26 12:39,Prod,A1000288.6947,Tisch 23,101,S1000288.73008,SALE,2,10.9,21.8,0.0,0.0,0.0,0.0,109,Bismarck-Baguette,Hauptgerichte,,MwSt. 7%,1.07,20.373832,1.426168,Normalverkauf
S1000288.73009,SP1000288.7.73009,SY1000288.2026.73009,iPad1(1000288),288,07.06.26 12:39,Prod,A1000288.6947,Tisch 23,101,S1000288.73009,SALE,2,3.2,6.4,0.0,0.0,0.0,0.0,120,Apfelschorle,Getränke,,MwSt. 19%,1.19,5.378151,1.021849,Normalverkauf
S1000288.73010,SP1000288.7.73010,SY1000288.2026.73010,iPad1(1000288),288,07.06.26 12:00,Prod,A1000288.6948,Tisch 10,107,S1000288.73010,SALE,1,6.5,6.5,0.0,0.0,0.0,0.0,100,Fischbrötchen Backfisch,Hauptspeisen,,MwSt. 7%,1.07,6.074766,0.425234,Normalverkauf
S1000288.73011,SP1000288.7.73011,SY1000288.2026.73011,iPad1(1000288),288,07.06.26 17:32,Prod,A1000288.6949,Tisch 14,119,S1000288.73011,SALE,2,3.9,7.8,0.0,0.0,0.0,0.0,127,Alkoholfreies Bier,Getränke,,MwSt. 19%,1.19,6.554622,1.245378,Normalverkauf
S1000288.73012,SP1000288.7.73012,SY1000288.2026.73012,iPad1(1000288),288,07.06.26 17:32,Prod,A1000288.6949,Tisch 14,119,S1000288.73012,SALE,1,2.8,2.8,0.0,0.0,0.0,0.0,121,Mineralwasser,Getränke,,MwSt. 19%,1.19,2.352941,0.447059,Normalverkauf
S1000288.73013,SP1000288.7.73013,SY1000288.2026.73013,iPad1(1000288),288,07.06.26 16:20,Prod,A1000288.6950,Tisch 22,107,S1000288.73013,SALE,2,14.5,29.0,0.0,0.0,0.0,0.0,101,Lachs,Hauptspeisen,,MwSt. 7%,1.07,27.102804,1.897196,Normalverkauf
S1000288.73014,SP1000288.7.73014,SY1000288.2026.73014,iPad1(1000288),288,07.06.26 16:20,Prod,A1000288.6950,Tisch 22,107,S1000288.73014,SALE,2,10.9,21.8,0.0,0.0,0.0,0.0,107,Chicken Burger,Hauptgerichte,,MwSt. 7%,1.07,20.373832,1.426168,Normalverkauf
S1000288.73015,SP1000288.7.73015,SY1000288.2026.73015,iPad1(1000288),288,07.06.26 16:20,Prod,A1000288.6950,Tisch 22,107,S1000288.73015,SALE,2,5.9,11.8,0.0,0.0,0.0,0.0,123,Inger-Limonade,Getränke,,MwSt. 19%,1.19,9.915966,1.884034,Normalverkauf
S1000288.73016,SP1000288.7.73016,SY1000288.2026.73016,iPad1(1000288),288,07.06.26 19:15,Prod,A1000288.6951,Tisch 9,110,S1000288.73016,SALE,2,7.9,15.8,0.0,0.0,0.0,0.0,106,Neptun-Ringe,Beilagen,,MwSt. 7%,1.07,14.766355,1.033645,Normalverkauf
S1000288.73017,SP1000288.7.73017,SY1000288.2026.73017,iPad1(1000288),288,07.06.26 19:15,Prod,A1000288.6951,Tisch 9,110,S1000288.73017,SALE,2,5.5,11.0,0.0,0.0,0.0,0.0,111,Pommes Frites,Beilagen,,MwSt. 7%,1.07,10.280374,0.719626,Normalverkauf
S1000288.73018,SP1000288.7.73018,SY1000288.2026.73018,iPad1(1000288),288,07.06.26 19:15,Prod,A1000288.6951,Tisch 9,110,S1000288.73018,SALE,1,14.5,14.5,0.0,0.0,0.0,0.0,101,Lachs,Hauptspeisen,,MwSt. 7%,1.07,13.551402,0.948598,Normalverkauf
S1000288.73019,SP1000288.7.73019,SY1000288.2026.73019,iPad1(1000288),288,07.06.26 18:19,Prod,A1000288.6952,Tisch 3,110,S1000288.73019,SALE,1,7.9,7.9,0.0,0.0,0.0,0.0,115,Tiramisu,Desserts,,MwSt. 7%,1.07,7.383178,0.516822,Normalverkauf
S1000288.73020,SP1000288.7.73020,SY1000288.2026.73020,iPad1(1000288),288,07.06.26 13:40,Prod,A1000288.6953,Tisch 23,101,S1000288.73020,SALE,1,9.8,9.8,0.0,0.0,0.0,0.0,108,Seelachs-Ei-Baugette,Hauptgerichte,,MwSt. 7%,1.07,9.158879,0.641121,Normalverkauf
S1000288.73021,SP1000288.7.73021,SY1000288.2026.73021,iPad1(1000288),288,07.06.26 13:40,Prod,A1000288.6953,Tisch 23,101,S1000288.73021,SALE,1,5.5,5.5,0.0,0.0,0.0,0.0,114,Fisch Nuggets Box,Beilagen,,MwSt. 7%,1.07,5.140187,0.359813,Normalverkauf
S1000288.73022,SP1000288.7.73022,SY1000288.2026.73022,iPad1(1000288),288,07.06.26 18:52,Prod,A1000288.6954,Tisch 6,101,S1000288.73022,SALE,2,3.9,7.8,0.0,0.0,0.0,0.0,119,Cola,Getränke,,MwSt. 19%,1.19,6.554622,1.245378,Normalverkauf
S1000288.73023,SP1000288.7.73023,SY1000288.2026.73023,iPad1(1000288),288,07.06.26 18:52,Prod,A1000288.6954,Tisch 6,101,S1000288.73023,SALE,2,5.5,11.0,0.0,0.0,0.0,0.0,111,Pommes Frites,Beilagen,,MwSt. 7%,1.07,10.280374,0.719626,Normalverkauf
S1000288.73024,SP1000288.7.73024,SY1000288.2026.73024,iPad1(1000288),288,07.06.26 19:52,Prod,A1000288.6955,Tisch 1,116,S1000288.73024,SALE,1,3.9,3.9,0.0,0.0,0.0,0.0,126,Spezi,Getränke,,MwSt. 19%,1.19,3.277311,0.622689,Normalverkauf
S1000288.73025,SP1000288.7.73025,SY1000288.2026.73025,iPad1(1000288),288,07.06.26 17:34,Prod,A1000288.6956,Tisch 1,116,S1000288.73025,SALE,1,7.9,7.9,0.0,0.0,0.0,0.0,106,Neptun-Ringe,Beilagen,,MwSt. 7%,1.07,7.383178,0.516822,Normalverkauf
S1000288.73026,SP1000288.7.73026,SY1000288.2026.73026,iPad1(1000288),288,07.06.26 17:26,Prod,A1000288.6957,Tisch 23,116,S1000288.73026,SALE,1,5.5,5.5,0.0,0.0,0.0,0.0,114,Fisch Nuggets Box,Beilagen,,MwSt. 7%,1.07,5.140187,0.359813,Normalverkauf
S1000288.73027,SP1000288.7.73027,SY1000288.2026.73027,iPad1(1000288),288,07.06.26 17:26,Prod,A1000288.6957,Tisch 23,116,S1000288.73027,SALE,2,6.9,13.8,0.0,0.0,0.0,0.0,103,Fischbrötchen Räucherlachs,Hauptspeisen,,MwSt. 7%,1.07,12.897196,0.902804,Normalverkauf
S1000288.73028,SP1000288.7.73028,SY1000288.2026.73028,iPad1(1000288),288,07.06.26 16:02,Prod,A1000288.6958,Tisch 10,110,S1000288.73028,SALE,1,7.9,7.9,0.0,0.0,0.0,0.0,106,Neptun-Ringe,Beilagen,,MwSt. 7%,1.07,7.383178,0.516822,Normalverkauf
S1000288.73029,SP1000288.7.73029,SY1000288.2026.73029,iPad1(1000288),288,07.06.26 18:55,Prod,A1000288.6959,Tisch 2,107,S1000288.73029,SALE,2,4.2,8.4,0.0,0.0,0.0,0.0,122,Bier,Getränke,,MwSt. 19%,1.19,7.058824,1.341176,Normalverkauf
S1000288.73030,SP1000288.7.73030,SY1000288.2026.73030,iPad1(1000288),288,07.06.26 18:55,Prod,A1000288.6959,Tisch 2,107,S1000288.73030,SALE,1,3.9,3.9,0.0,0.0,0.0,0.0,119,Cola,Getränke,,MwSt. 19%,1.19,3.277311,0.622689,Normalverkauf
S1000288.73031,SP1000288.7.73031,SY1000288.2026.73031,iPad1(1000288),288,07.06.26 18:55,Prod,A1000288.6959,Tisch 2,107,S1000288.73031,SALE,2,3.2,6.4,0.0,0.0,0.0,0.0,120,Apfelschorle,Getränke,,MwSt. 19%,1.19,5.378151,1.021849,Normalverkauf
S1000288.73032,SP1000288.7.73032,SY1000288.2026.73032,iPad1(1000288),288,07.06.26 20:56,Prod,A1000288.6960,Tisch 3,110,S1000288.73032,SALE,1,11.5,11.5,0.0,0.0,0.0,0.0,105,Garnelen-Kimchi-Bruger,Hauptgerichte,,MwSt. 7%,1.07,10.747664,0.752336,Normalverkauf
S1000288.73033,SP1000288.7.73033,SY1000288.2026.73033,iPad1(1000288),288,07.06.26 20:56,Prod,A1000288.6960,Tisch 3,110,S1000288.73033,SALE,2,4.2,8.4,0.0,0.0,0.0,0.0,122,Bier,Getränke,,MwSt. 19%,1.19,7.058824,1.341176,Normalverkauf
S1000288.73034,SP1000288.7.73034,SY1000288.2026.73034,iPad1(1000288),288,07.06.26 20:56,Prod,A1000288.6960,Tisch 3,110,S1000288.73034,SALE,1,4.9,4.9,0.0,0.0,0.0,0.0,112,Kartoffelwedges,Beilagen,,MwSt. 7%,1.07,4.579439,0.320561,Normalverkauf
S1000288.73035,SP1000288.7.73035,SY1000288.2026.73035,iPad1(1000288),288,07.06.26 13:20,Prod,A1000288.6961,Tisch 8,110,S1000288.73035,SALE,2,4.9,9.8,0.0,0.0,0.0,0.0,112,Kartoffelwedges,Beilagen,,MwSt. 7%,1.07,9.158879,0.641121,Normalverkauf
S1000288.73036,SP1000288.7.73036,SY1000288.2026.73036,iPad1(1000288),288,07.06.26 13:20,Prod,A1000288.6961,Tisch 8,110,S1000288.73036,SALE,1,9.8,9.8,0.0,0.0,0.0,0.0,108,Seelachs-Ei-Baugette,Hauptgerichte,,MwSt. 7%,1.07,9.158879,0.641121,Normalverkauf
S1000288.73037,SP1000288.7.73037,SY1000288.2026.73037,iPad1(1000288),288,07.06.26 19:27,Prod,A1000288.6962,Tisch 4,119,S1000288.73037,SALE,1,10.9,10.9,0.0,0.0,0.0,0.0,109,Bismarck-Baguette,Hauptgerichte,,MwSt. 7%,1.07,10.186916,0.713084,Normalverkauf
S1000288.73038,SP1000288.7.73038,SY1000288.2026.73038,iPad1(1000288),288,07.06.26 19:27,Prod,A1000288.6962,Tisch 4,119,S1000288.73038,SALE,2,3.9,7.8,0.0,0.0,0.0,0.0,119,Cola,Getränke,,MwSt. 19%,1.19,6.554622,1.245378,Normalverkauf
S1000288.73039,SP1000288.7.73039,SY1000288.2026.73039,iPad1(1000288),288,07.06.26 12:38,Prod,A1000288.6963,Tisch 10,110,S1000288.73039,SALE,1,3.9,3.9,0.0,0.0,0.0,0.0,119,Cola,Getränke,,MwSt. 19%,1.19,3.277311,0.622689,Normalverkauf
S1000288.73040,SP1000288.7.73040,SY1000288.2026.73040,iPad1(1000288),288,07.06.26 12:38,Prod,A1000288.6963,Tisch 10,110,S1000288.73040,SALE,1,6.5,6.5,0.0,0.0,0.0,0.0,100,Fischbrötchen Backfisch,Hauptspeisen,,MwSt. 7%,1.07,6.074766,0.425234,Normalverkauf
S1000288.73041,SP1000288.7.73041,SY1000288.2026.73041,iPad1(1000288),288,07.06.26 12:38,Prod,A1000288.6963,Tisch 10,110,S1000288.73041,SALE,1,5.9,5.9,0.0,0.0,0.0,0.0,123,Inger-Limonade,Getränke,,MwSt. 19%,1.19,4.957983,0.942017,Normalverkauf
S1000288.73042,SP1000288.7.73042,SY1000288.2026.73042,iPad1(1000288),288,07.06.26 19:52,Prod,A1000288.6964,,119,S1000288.73042,SALE,1,5.9,5.9,0.0,0.0,0.0,0.0,117,Rote Grütze,Desserts,,MwSt. 7%,1.07,5.514019,0.385981,Normalverkauf
S1000288.73043,SP1000288.7.73043,SY1000288.2026.73043,iPad1(1000288),288,07.06.26 19:52,Prod,A1000288.6964,,119,S1000288.73043,SALE,2,5.5,11.0,0.0,0.0,0.0,0.0,114,Fisch Nuggets Box,Beilagen,,MwSt. 7%,1.07,10.280374,0.719626,Normalverkauf
S1000288.73044,SP1000288.7.73044,SY1000288.2026.73044,iPad1(1000288),288,07.06.26 19:52,Prod,A1000288.6964,,119,S1000288.73044,SALE,1,3.9,3.9,0.0,0.0,0.0,0.0,124,Cola Zero,Getränke,,MwSt. 19%,1.19,3.277311,0.622689,Normalverkauf
S1000288.73045,SP1000288.7.73045,SY1000288.2026.73045,iPad1(1000288),288,07.06.26 11:54,Prod,A1000288.6965,,107,S1000288.73045,SALE,2,10.9,21.8,0.0,0.0,0.0,0.0,107,Chicken Burger,Hauptgerichte,,MwSt. 7%,1.07,20.373832,1.426168,Normalverkauf
S1000288.73046,SP1000288.7.73046,SY1000288.2026.73046,iPad1(1000288),288,07.06.26 16:07,Prod,A1000288.6966,Tisch 1,101,S1000288.73046,SALE,2,11.5,23.0,0.0,0.0,0.0,0.0,105,Garnelen-Kimchi-Bruger,Hauptgerichte,,MwSt. 7%,1.07,21.495327,1.504673,Normalverkauf
S1000288.73047,SP1000288.7.73047,SY1000288.2026.73047,iPad1(1000288),288,07.06.26 16:07,Prod,A1000288.6966,Tisch 1,101,S1000288.73047,SALE,1,14.5,14.5,0.0,0.0,0.0,0.0,101,Lachs,Hauptspeisen,,MwSt. 7%,1.07,13.551402,0.948598,Normalverkauf
S1000288.73048,SP1000288.7.73048,SY1000288.2026.73048,iPad1(1000288),288,07.06.26 19:38,Prod,A1000288.6967,Tisch 19,116,S1000288.73048,SALE,1,5.5,5.5,0.0,0.0,0.0,0.0,111,Pommes Frites,Beilagen,,MwSt. 7%,1.07,5.140187,0.359813,Normalverkauf
S1000288.73049,SP1000288.7.73049,SY1000288.2026.73049,iPad1(1000288),288,07.06.26 15:30,Prod,A1000288.6968,Tisch 9,110,S1000288.73049,SALE,2,14.5,29.0,0.0,0.0,0.0,0.0,101,Lachs,Hauptspeisen,,MwSt. 7%,1.07,27.102804,1.897196,Normalverkauf
S1000288.73050,SP1000288.7.73050,SY1000288.2026.73050,iPad1(1000288),288,07.06.26 12:20,Prod,A1000288.6969,Tisch 8,116,S1000288.73050,SALE,1,3.9,3.9,0.0,0.0,0.0,0.0,127,Alkoholfreies Bier,Getränke,,MwSt. 19%,1.19,3.277311,0.622689,Normalverkauf
S1000288.73051,SP1000288.7.73051,SY1000288.2026.73051,iPad1(1000288),288,07.06.26 16:02,Prod,A1000288.6970,Tisch 10,116,S1000288.73051,SALE,1,11.5,11.5,0.0,0.0,0.0,0.0,105,Garnelen-Kimchi-Bruger,Hauptgerichte,,MwSt. 7%,1.07,10.747664,0.752336,Normalverkauf
S1000288.73052,SP1000288.7.73052,SY1000288.2026.73052,iPad1(1000288),288,07.06.26 19:33,Prod,A1000288.6971,Tisch 13,116,S1000288.73052,SALE,2,3.9,7.8,0.0,0.0,0.0,0.0,119,Cola,Getränke,,MwSt. 19%,1.19,6.554622,1.245378,Normalverkauf
S1000288.73053,SP1000288.7.73053,SY1000288.2026.73053,iPad1(1000288),288,07.06.26 17:08,Prod,A1000288.6972,Tisch 20,110,S1000288.73053,SALE,2,3.2,6.4,0.0,0.0,0.0,0.0,120,Apfelschorle,Getränke,,MwSt. 19%,1.19,5.378151,1.021849,Normalverkauf
S1000288.73054,SP1000288.7.73054,SY1000288.2026.73054,iPad1(1000288),288,07.06.26 17:08,Prod,A1000288.6972,Tisch 20,110,S1000288.73054,SALE,1,14.5,14.5,0.0,0.0,0.0,0.0,101,Lachs,Hauptspeisen,,MwSt. 7%,1.07,13.551402,0.948598,Normalverkauf
S1000288.73055,SP1000288.7.73055,SY1000288.2026.73055,iPad1(1000288),288,07.06.26 17:08,Prod,A1000288.6972,Tisch 20,110,S1000288.73055,SALE,2,3.2,6.4,0.0,0.0,0.0,0.0,120,Apfelschorle,Getränke,,MwSt. 19%,1.19,5.378151,1.021849,Normalverkauf
S1000288.73056,SP1000288.7.73056,SY1000288.2026.73056,iPad1(1000288),288,07.06.26 12:09,Prod,A1000288.6973,Tisch 5,101,S1000288.73056,SALE,2,10.9,21.8,0.0,0.0,0.0,0.0,107,Chicken Burger,Hauptgerichte,,MwSt. 7%,1.07,20.373832,1.426168,Normalverkauf
S1000288.73057,SP1000288.7.73057,SY1000288.2026.73057,iPad1(1000288),288,07.06.26 12:09,Prod,A1000288.6973,Tisch 5,101,S1000288.73057,SALE,1,7.9,7.9,0.0,0.0,0.0,0.0,115,Tiramisu,Desserts,,MwSt. 7%,1.07,7.383178,0.516822,Normalverkauf
S1000288.73058,SP1000288.7.73058,SY1000288.2026.73058,iPad1(1000288),288,07.06.26 12:09,Prod,A1000288.6973,Tisch 5,101,S1000288.73058,SALE,2,3.9,7.8,0.0,0.0,0.0,0.0,119,Cola,Getränke,,MwSt. 19%,1.19,6.554622,1.245378,Normalverkauf
S1000288.73059,SP1000288.7.73059,SY1000288.2026.73059,iPad1(1000288),288,07.06.26 12:49,Prod,A1000288.6974,,107,S1000288.73059,SALE,1,3.9,3.9,0.0,0.0,0.0,0.0,124,Cola Zero,Getränke,,MwSt. 19%,1.19,3.277311,0.622689,Normalverkauf
S1000288.73060,SP1000288.7.73060,SY1000288.2026.73060,iPad1(1000288),288,07.06.26 12:49,Prod,A1000288.6974,,107,S1000288.73060,SALE,1,11.9,11.9,0.0,0.0,0.0,0.0,110,Matjes-Baguette,Hauptgerichte,,MwSt. 7%,1.07,11.121495,0.778505,Normalverkauf
S1000288.73061,SP1000288.7.73061,SY1000288.2026.73061,iPad1(1000288),288,07.06.26 12:49,Prod,A1000288.6974,,107,S1000288.73061,SALE,1,6.9,6.9,0.0,0.0,0.0,0.0,103,Fischbrötchen Räucherlachs,Hauptspeisen,,MwSt. 7%,1.07,6.448598,0.451402,Normalverkauf
S1000288.73062,SP1000288.7.73062,SY1000288.2026.73062,iPad1(1000288),288,07.06.26 18:02,Prod,A1000288.6975,,110,S1000288.73062,SALE,2,3.9,7.8,0.0,0.0,0.0,0.0,119,Cola,Getränke,,MwSt. 19%,1.19,6.554622,1.245378,Normalverkauf
S1000288.73063,SP1000288.7.73063,SY1000288.2026.73063,iPad1(1000288),288,07.06.26 18:02,Prod,A1000288.6975,,110,S1000288.73063,SALE,2,5.5,11.0,0.0,0.0,0.0,0.0,114,Fisch Nuggets Box,Beilagen,,MwSt. 7%,1.07,10.280374,0.719626,Normalverkauf
S1000288.73064,SP1000288.7.73064,SY1000288.2026.73064,iPad1(1000288),288,07.06.26 18:02,Prod,A1000288.6975,,110,S1000288.73064,SALE,1,6.5,6.5,0.0,0.0,0.0,0.0,100,Fischbrötchen Backfisch,Hauptspeisen,,MwSt. 7%,1.07,6.074766,0.425234,Normalverkauf
S1000288.73065,SP1000288.7.73065,SY1000288.2026.73065,iPad1(1000288),288,07.06.26 12:53,Prod,A1000288.6976,Tisch 21,119,S1000288.73065,SALE,2,10.9,21.8,0.0,0.0,0.0,0.0,104,Thunfisch Wrap,Hauptgerichte,,MwSt. 7%,1.07,20.373832,1.426168,Normalverkauf
S1000288.73066,SP1000288.7.73066,SY1000288.2026.73066,iPad1(1000288),288,07.06.26 12:53,Prod,A1000288.6976,Tisch 21,119,S1000288.73066,SALE,2,6.5,13.0,0.0,0.0,0.0,0.0,118,Schokokuchen,Desserts,,MwSt. 7%,1.07,12.149533,0.850467,Normalverkauf
S1000288.73067,SP1000288.7.73067,SY1000288.2026.73067,iPad1(1000288),288,07.06.26 12:53,Prod,A1000288.6976,Tisch 21,119,S1000288.73067,SALE,1,10.9,10.9,0.0,0.0,0.0,0.0,107,Chicken Burger,Hauptgerichte,,MwSt. 7%,1.07,10.186916,0.713084,Normalverkauf
S1000288.73068,SP1000288.7.73068,SY1000288.2026.73068,iPad1(1000288),288,07.06.26 19:47,Prod,A1000288.6977,Tisch 22,119,S1000288.73068,SALE,1,3.9,3.9,0.0,0.0,0.0,0.0,126,Spezi,Getränke,,MwSt. 19%,1.19,3.277311,0.622689,Normalverkauf
S1000288.73069,SP1000288.7.73069,SY1000288.2026.73069,iPad1(1000288),288,07.06.26 19:47,Prod,A1000288.6977,Tisch 22,119,S1000288.73069,SALE,1,3.9,3.9,0.0,0.0,0.0,0.0,124,Cola Zero,Getränke,,MwSt. 19%,1.19,3.277311,0.622689,Normalverkauf
S1000288.73070,SP1000288.7.73070,SY1000288.2026.73070,iPad1(1000288),288,07.06.26 19:47,Prod,A1000288.6977,Tisch 22,119,S1000288.73070,SALE,1,4.9,4.9,0.0,0.0,0.0,0.0,112,Kartoffelwedges,Beilagen,,MwSt. 7%,1.07,4.579439,0.320561,Normalverkauf
S1000288.73071,SP1000288.7.73071,SY1000288.2026.73071,iPad1(1000288),288,07.06.26 09:42,Prod,A1000288.6978,Tisch 10,110,S1000288.73071,VOID,2,10.9,21.8,0.0,0.0,0.0,0.0,107,Chicken Burger,Hauptgerichte,,MwSt. 7%,1.07,20.373832,1.426168,Normalverkauf
S1000288.73072,SP1000288.7.73072,SY1000288.2026.73072,iPad1(1000288),288,07.06.26 15:09,Prod,A1000288.6979,Tisch 5,110,S1000288.73072,SALE,1,5.9,5.9,0.0,0.0,0.0,0.0,116,Vanillequark,Desserts,,MwSt. 7%,1.07,5.514019,0.385981,Normalverkauf
S1000288.73073,SP1000288.7.73073,SY1000288.2026.73073,iPad1(1000288),288,07.06.26 17:34,Prod,A1000288.6980,Tisch 7,119,S1000288.73073,SALE,2,10.9,21.8,0.0,0.0,0.0,0.0,107,Chicken Burger,Hauptgerichte,,MwSt. 7%,1.07,20.373832,1.426168,Normalverkauf
S1000288.73074,SP1000288.7.73074,SY1000288.2026.73074,iPad1(1000288),288,07.06.26 17:34,Prod,A1000288.6980,Tisch 7,119,S1000288.73074,SALE,1,11.9,11.9,0.0,0.0,0.0,0.0,110,Matjes-Baguette,Hauptgerichte,,MwSt. 7%,1.07,11.121495,0.778505,Normalverkauf
S1000288.73075,SP1000288.7.73075,SY1000288.2026.73075,iPad1(1000288),288,07.06.26 08:30,Prod,A1000288.6981,Tisch 23,110,S1000288.73075,SALE,2,4.2,8.4,0.0,0.0,0.0,0.0,122,Bier,Getränke,,MwSt. 19%,1.19,7.058824,1.341176,Normalverkauf
S1000288.73076,SP1000288.7.73076,SY1000288.2026.73076,iPad1(1000288),288,07.06.26 16:00,Prod,A1000288.6982,Tisch 15,110,S1000288.73076,SALE,1,11.5,11.5,0.0,0.0,0.0,0.0,105,Garnelen-Kimchi-Bruger,Hauptgerichte,,MwSt. 7%,1.07,10.747664,0.752336,Normalverkauf
S1000288.73077,SP1000288.7.73077,SY1000288.2026.73077,iPad1(1000288),288,07.06.26 16:00,Prod,A1000288.6982,Tisch 15,110,S1000288.73077,SALE,2,7.9,15.8,0.0,0.0,0.0,0.0,106,Neptun-Ringe,Beilagen,,MwSt. 7%,1.07,14.766355,1.033645,Normalverkauf
S1000288.73078,SP1000288.7.73078,SY1000288.2026.73078,iPad1(1000288),288,07.06.26 16:00,Prod,A1000288.6982,Tisch 15,110,S1000288.73078,SALE,2,5.5,11.0,0.0,0.0,0.0,0.0,111,Pommes Frites,Beilagen,,MwSt. 7%,1.07,10.280374,0.719626,Normalverkauf
S1000288.73079,SP1000288.7.73079,SY1000288.2026.73079,iPad1(1000288),288,07.06.26 11:09,Prod,A1000288.6983,Tisch 20,101,S1000288.73079,SALE,1,3.9,3.9,0.0,0.0,0.0,0.0,127,Alkoholfreies Bier,Getränke,,MwSt. 19%,1.19,3.277311,0.622689,Normalverkauf
S1000288.73080,SP1000288.7.73080,SY1000288.2026.73080,iPad1(1000288),288,07.06.26 11:09,Prod,A1000288.6983,Tisch 20,101,S1000288.73080,SALE,2,11.9,23.8,0.0,0.0,0.0,0.0,110,Matjes-Baguette,Hauptgerichte,,MwSt. 7%,1.07,22.242991,1.557009,Normalverkauf
S1000288.73081,SP1000288.7.73081,SY1000288.2026.73081,iPad1(1000288),288,07.06.26 20:30,Prod,A1000288.6984,Tisch 6,110,S1000288.73081,SALE,2,7.9,15.8,0.0,0.0,0.0,0.0,106,Neptun-Ringe,Beilagen,,MwSt. 7%,1.07,14.766355,1.033645,Normalverkauf
S1000288.73082,SP1000288.7.73082,SY1000288.2026.73082,iPad1(1000288),288,07.06.26 18:57,Prod,A1000288.6985,Tisch 20,116,S1000288.73082,SALE,2,5.9,11.8,0.0,0.0,0.0,0.0,117,Rote Grütze,Desserts,,MwSt. 7%,1.07,11.028037,0.771963,Normalverkauf
S1000288.73083,SP1000288.7.73083,SY1000288.2026.73083,iPad1(1000288),288,07.06.26 18:57,Prod,A1000288.6985,Tisch 20,116,S1000288.73083,SALE,1,3.9,3.9,0.0,0.0,0.0,0.0,124,Cola Zero,Getränke,,MwSt. 19%,1.19,3.277311,0.622689,Normalverkauf
S1000288.73084,SP1000288.7.73084,SY1000288.2026.73084,iPad1(1000288),288,07.06.26 12:51,Prod,A1000288.6986,,116,S1000288.73084,SALE,1,6.5,6.5,0.0,0.0,0.0,0.0,100,Fischbrötchen Backfisch,Hauptspeisen,,MwSt. 7%,1.07,6.074766,0.425234,Normalverkauf
S1000288.73085,SP1000288.7.73085,SY1000288.2026.73085,iPad1(1000288),288,07.06.26 12:51,Prod,A1000288.6986,,116,S1000288.73085,SALE,2,3.9,7.8,0.0,0.0,0.0,0.0,126,Spezi,Getränke,,MwSt. 19%,1.19,6.554622,1.245378,Normalverkauf
S1000288.73086,SP1000288.7.73086,SY1000288.2026.73086,iPad1(1000288),288,07.06.26 12:51,Prod,A1000288.6986,,116,S1000288.73086,SALE,2,3.9,7.8,0.0,0.0,0.0,0.0,124,Cola Zero,Getränke,,MwSt. 19%,1.19,6.554622,1.245378,Normalverkauf
S1000288.73087,SP1000288.7.73087,SY1000288.2026.73087,iPad1(1000288),288,07.06.26 18:53,Prod,A1000288.6987,Tisch 4,110,S1000288.73087,VOID,2,7.9,15.8,0.0,0.0,0.0,0.0,106,Neptun-Ringe,Beilagen,,MwSt. 7%,1.07,14.766355,1.033645,Normalverkauf
S1000288.73088,SP1000288.7.73088,SY1000288.2026.73088,iPad1(1000288),288,07.06.26 09:03,Prod,A1000288.6988,Tisch 2,119,S1000288.73088,SALE,1,6.5,6.5,0.0,0.0,0.0,0.0,100,Fischbrötchen Backfisch,Hauptspeisen,,MwSt. 7%,1.07,6.074766,0.425234,Normalverkauf
S1000288.73089,SP1000288.7.73089,SY1000288.2026.73089,iPad1(1000288),288,07.06.26 09:03,Prod,A1000288.6988,Tisch 2,119,S1000288.73089,SALE,1,13.5,13.5,0.0,0.0,0.0,0.0,102,Matjes,Hauptspeisen,,MwSt. 7%,1.07,12.616822,0.883178,Normalverkauf
S1000288.73090,SP1000288.7.73090,SY1000288.2026.73090,iPad1(1000288),288,07.06.26 09:03,Prod,A1000288.6988,Tisch 2,119,S1000288.73090,SALE,1,13.5,13.5,0.0,0.0,0.0,0.0,102,Matjes,Hauptspeisen,,MwSt. 7%,1.07,12.616822,0.883178,Normalverkauf
S1000288.73091,SP1000288.7.73091,SY1000288.2026.73091,iPad1(1000288),288,07.06.26 20:27,Prod,A1000288.6989,Tisch 11,107,S1000288.73091,SALE,1,10.9,10.9,0.0,0.0,0.0,0.0,107,Chicken Burger,Hauptgerichte,,MwSt. 7%,1.07,10.186916,0.713084,Normalverkauf
S1000288.73092,SP1000288.7.73092,SY1000288.2026.73092,iPad1(1000288),288,07.06.26 20:27,Prod,A1000288.6989,Tisch 11,107,S1000288.73092,SALE,2,10.9,21.8,0.0,0.0,0.0,0.0,104,Thunfisch Wrap,Hauptgerichte,,MwSt. 7%,1.07,20.373832,1.426168,Normalverkauf
S1000288.73093,SP1000288.7.73093,SY1000288.2026.73093,iPad1(1000288),288,07.06.26 20:27,Prod,A1000288.6989,Tisch 11,107,S1000288.73093,SALE,2,3.9,7.8,0.0,0.0,0.0,0.0,119,Cola,Getränke,,MwSt. 19%,1.19,6.554622,1.245378,Normalverkauf
S1000288.73094,SP1000288.7.73094,SY1000288.2026.73094,iPad1(1000288),288,07.06.26 15:35,Prod,A1000288.6990,Tisch 7,116,S1000288.73094,SALE,2,5.5,11.0,0.0,0.0,0.0,0.0,111,Pommes Frites,Beilagen,,MwSt. 7%,1.07,10.280374,0.719626,Normalverkauf
S1000288.73095,SP1000288.7.73095,SY1000288.2026.73095,iPad1(1000288),288,07.06.26 15:35,Prod,A1000288.6990,Tisch 7,116,S1000288.73095,SALE,2,7.9,15.8,0.0,0.0,0.0,0.0,115,Tiramisu,Desserts,,MwSt. 7%,1.07,14.766355,1.033645,Normalverkauf
S1000288.73096,SP1000288.7.73096,SY1000288.2026.73096,iPad1(1000288),288,07.06.26 15:35,Prod,A1000288.6990,Tisch 7,116,S1000288.73096,SALE,2,3.9,7.8,0.0,0.0,0.0,0.0,124,Cola Zero,Getränke,,MwSt. 19%,1.19,6.554622,1.245378,Normalverkauf
S1000288.73097,SP1000288.7.73097,SY1000288.2026.73097,iPad1(1000288),288,07.06.26 11:54,Prod,A1000288.6991,Tisch 1,119,S1000288.73097,SALE,1,3.9,3.9,0.0,0.0,0.0,0.0,126,Spezi,Getränke,,MwSt. 19%,1.19,3.277311,0.622689,Normalverkauf
S1000288.73098,SP1000288.7.73098,SY1000288.2026.73098,iPad1(1000288),288,07.06.26 11:54,Prod,A1000288.6991,Tisch 1,119,S1000288.73098,SALE,1,5.9,5.9,0.0,0.0,0.0,0.0,116,Vanillequark,Desserts,,MwSt. 7%,1.07,5.514019,0.385981,Normalverkauf
S1000288.73099,SP1000288.7.73099,SY1000288.2026.73099,iPad1(1000288),288,07.06.26 11:54,Prod,A1000288.6991,Tisch 1,119,S1000288.73099,SALE,2,3.9,7.8,0.0,0.0,0.0,0.0,119,Cola,Getränke,,MwSt. 19%,1.19,6.554622,1.245378,Normalverkauf
S1000288.73100,SP1000288.7.73100,SY1000288.2026.73100,iPad1(1000288),288,07.06.26 16:05,Prod,A1000288.6992,Tisch 3,110,S1000288.73100,SALE,1,10.9,10.9,0.0,0.0,0.0,0.0,109,Bismarck-Baguette,Hauptgerichte,,MwSt. 7%,1.07,10.186916,0.713084,Normalverkauf
S1000288.73101,SP1000288.7.73101,SY1000288.2026.73101,iPad1(1000288),288,07.06.26 16:05,Prod,A1000288.6992,Tisch 3,110,S1000288.73101,SALE,1,6.5,6.5,0.0,0.0,0.0,0.0,100,Fischbrötchen Backfisch,Hauptspeisen,,MwSt. 7%,1.07,6.074766,0.425234,Normalverkauf
S1000288.73102,SP1000288.7.73102,SY1000288.2026.73102,iPad1(1000288),288,07.06.26 16:17,Prod,A1000288.6993,Tisch 3,110,S1000288.73102,SALE,1,10.9,10.9,0.0,0.0,0.0,0.0,107,Chicken Burger,Hauptgerichte,,MwSt. 7%,1.07,10.186916,0.713084,Normalverkauf
S1000288.73103,SP1000288.7.73103,SY1000288.2026.73103,iPad1(1000288),288,07.06.26 16:17,Prod,A1000288.6993,Tisch 3,110,S1000288.73103,SALE,1,3.9,3.9,0.0,0.0,0.0,0.0,124,Cola Zero,Getränke,,MwSt. 19%,1.19,3.277311,0.622689,Normalverkauf
S1000288.73104,SP1000288.7.73104,SY1000288.2026.73104,iPad1(1000288),288,07.06.26 18:01,Prod,A1000288.6994,Tisch 23,110,S1000288.73104,SALE,2,10.9,21.8,0.0,0.0,0.0,0.0,104,Thunfisch Wrap,Hauptgerichte,,MwSt. 7%,1.07,20.373832,1.426168,Normalverkauf
S1000288.73105,SP1000288.7.73105,SY1000288.2026.73105,iPad1(1000288),288,07.06.26 13:05,Prod,A1000288.6995,Tisch 23,119,S1000288.73105,SALE,2,11.5,23.0,0.0,0.0,0.0,0.0,105,Garnelen-Kimchi-Bruger,Hauptgerichte,,MwSt. 7%,1.07,21.495327,1.504673,Normalverkauf
S1000288.73106,SP1000288.7.73106,SY1000288.2026.73106,iPad1(1000288),288,07.06.26 13:05,Prod,A1000288.6995,Tisch 23,119,S1000288.73106,SALE,1,3.9,3.9,0.0,0.0,0.0,0.0,126,Spezi,Getränke,,MwSt. 19%,1.19,3.277311,0.622689,Normalverkauf
S1000288.73107,SP1000288.7.73107,SY1000288.2026.73107,iPad1(1000288),288,07.06.26 10:27,Prod,A1000288.6996,Tisch 16,110,S1000288.73107,SALE,1,3.9,3.9,0.0,0.0,0.0,0.0,127,Alkoholfreies Bier,Getränke,,MwSt. 19%,1.19,3.277311,0.622689,Normalverkauf
S1000288.73108,SP1000288.7.73108,SY1000288.2026.73108,iPad1(1000288),288,07.06.26 10:27,Prod,A1000288.6996,Tisch 16,110,S1000288.73108,SALE,2,6.5,13.0,0.0,0.0,0.0,0.0,100,Fischbrötchen Backfisch,Hauptspeisen,,MwSt. 7%,1.07,12.149533,0.850467,Normalverkauf
S1000288.73109,SP1000288.7.73109,SY1000288.2026.73109,iPad1(1000288),288,07.06.26 10:20,Prod,A1000288.6997,,110,S1000288.73109,SALE,1,10.9,10.9,0.0,0.0,0.0,0.0,104,Thunfisch Wrap,Hauptgerichte,,MwSt. 7%,1.07,10.186916,0.713084,Normalverkauf
S1000288.73110,SP1000288.7.73110,SY1000288.2026.73110,iPad1(1000288),288,07.06.26 10:20,Prod,A1000288.6997,,110,S1000288.73110,SALE,1,6.5,6.5,0.0,0.0,0.0,0.0,118,Schokokuchen,Desserts,,MwSt. 7%,1.07,6.074766,0.425234,Normalverkauf
S1000288.73111,SP1000288.7.73111,SY1000288.2026.73111,iPad1(1000288),288,07.06.26 10:20,Prod,A1000288.6997,,110,S1000288.73111,SALE,2,3.9,7.8,0.0,0.0,0.0,0.0,126,Spezi,Getränke,,MwSt. 19%,1.19,6.554622,1.245378,Normalverkauf
S1000288.73112,SP1000288.7.73112,SY1000288.2026.73112,iPad1(1000288),288,07.06.26 11:43,Prod,A1000288.6998,,110,S1000288.73112,SALE,2,3.9,7.8,0.0,0.0,0.0,0.0,119,Cola,Getränke,,MwSt. 19%,1.19,6.554622,1.245378,Normalverkauf
S1000288.73113,SP1000288.7.73113,SY1000288.2026.73113,iPad1(1000288),288,07.06.26 11:43,Prod,A1000288.6998,,110,S1000288.73113,SALE,1,3.9,3.9,0.0,0.0,0.0,0.0,119,Cola,Getränke,,MwSt. 19%,1.19,3.277311,0.622689,Normalverkauf
S1000288.73114,SP1000288.7.73114,SY1000288.2026.73114,iPad1(1000288),288,07.06.26 11:43,Prod,A1000288.6998,,110,S1000288.73114,SALE,1,3.9,3.9,0.0,0.0,0.0,0.0,127,Alkoholfreies Bier,Getränke,,MwSt. 19%,1.19,3.277311,0.622689,Normalverkauf
S1000288.73115,SP1000288.7.73115,SY1000288.2026.73115,iPad1(1000288),288,07.06.26 13:51,Prod,A1000288.6999,Tisch 20,110,S1000288.73115,SALE,2,5.5,11.0,0.0,0.0,0.0,0.0,111,Pommes Frites,Beilagen,,MwSt. 7%,1.07,10.280374,0.719626,Normalverkauf
S1000288.73116,SP1000288.7.73116,SY1000288.2026.73116,iPad1(1000288),288,07.06.26 13:51,Prod,A1000288.6999,Tisch 20,110,S1000288.73116,SALE,1,4.2,4.2,0.0,0.0,0.0,0.0,122,Bier,Getränke,,MwSt. 19%,1.19,3.529412,0.670588,Normalverkauf
S1000288.73117,SP1000288.7.73117,SY1000288.2026.73117,iPad1(1000288),288,08.06.26 19:51,Prod,A1000288.7000,,110,S1000288.73117,SALE,2,10.9,21.8,0.0,0.0,0.0,0.0,107,Chicken Burger,Hauptgerichte,,MwSt. 7%,1.07,20.373832,1.426168,Normalverkauf
S1000288.73118,SP1000288.7.73118,SY1000288.2026.73118,iPad1(1000288),288,08.06.26 19:51,Prod,A1000288.7000,,110,S1000288.73118,SALE,2,3.9,7.8,0.0,0.0,0.0,0.0,119,Cola,Getränke,,MwSt. 19%,1.19,6.554622,1.245378,Normalverkauf
S1000288.73119,SP1000288.7.73119,SY1000288.2026.73119,iPad1(1000288),288,08.06.26 19:51,Prod,A1000288.7000,,110,S1000288.73119,SALE,2,6.5,13.0,0.0,0.0,0.0,0.0,100,Fischbrötchen Backfisch,Hauptspeisen,,MwSt. 7%,1.07,12.149533,0.850467,Normalverkauf
S1000288.73120,SP1000288.7.73120,SY1000288.2026.73120,iPad1(1000288),288,08.06.26 11:27,Prod,A1000288.7001,Tisch 19,110,S1000288.73120,SALE,1,5.5,5.5,0.0,0.0,0.0,0.0,111,Pommes Frites,Beilagen,,MwSt. 7%,1.07,5.140187,0.359813,Normalverkauf
S1000288.73121,SP1000288.7.73121,SY1000288.2026.73121,iPad1(1000288),288,08.06.26 11:27,Prod,A1000288.7001,Tisch 19,110,S1000288.73121,SALE,2,10.9,21.8,0.0,0.0,0.0,0.0,104,Thunfisch Wrap,Hauptgerichte,,MwSt. 7%,1.07,20.373832,1.426168,Normalverkauf
S1000288.73122,SP1000288.7.73122,SY1000288.2026.73122,iPad1(1000288),288,08.06.26 20:23,Prod,A1000288.7002,Tisch 4,110,S1000288.73122,SALE,1,7.9,7.9,0.0,0.0,0.0,0.0,106,Neptun-Ringe,Beilagen,,MwSt. 7%,1.07,7.383178,0.516822,Normalverkauf
S1000288.73123,SP1000288.7.73123,SY1000288.2026.73123,iPad1(1000288),288,08.06.26 17:11,Prod,A1000288.7003,Tisch 20,110,S1000288.73123,SALE,2,5.9,11.8,0.0,0.0,0.0,0.0,125,Zitronen-Limonade,Getränke,,MwSt. 19%,1.19,9.915966,1.884034,Normalverkauf
S1000288.73124,SP1000288.7.73124,SY1000288.2026.73124,iPad1(1000288),288,08.06.26 20:25,Prod,A1000288.7004,Tisch 23,110,S1000288.73124,SALE,2,6.5,13.0,0.0,0.0,0.0,0.0,100,Fischbrötchen Backfisch,Hauptspeisen,,MwSt. 7%,1.07,12.149533,0.850467,Normalverkauf
S1000288.73125,SP1000288.7.73125,SY1000288.2026.73125,iPad1(1000288),288,08.06.26 20:28,Prod,A1000288.7005,Tisch 20,119,S1000288.73125,SALE,2,7.9,15.8,0.0,0.0,0.0,0.0,106,Neptun-Ringe,Beilagen,,MwSt. 7%,1.07,14.766355,1.033645,Normalverkauf
S1000288.73126,SP1000288.7.73126,SY1000288.2026.73126,iPad1(1000288),288,08.06.26 15:22,Prod,A1000288.7006,Tisch 21,107,S1000288.73126,VOID,2,11.9,23.8,0.0,0.0,0.0,0.0,110,Matjes-Baguette,Hauptgerichte,,MwSt. 7%,1.07,22.242991,1.557009,Normalverkauf
S1000288.73127,SP1000288.7.73127,SY1000288.2026.73127,iPad1(1000288),288,08.06.26 15:22,Prod,A1000288.7006,Tisch 21,107,S1000288.73127,VOID,2,3.9,7.8,0.0,0.0,0.0,0.0,119,Cola,Getränke,,MwSt. 19%,1.19,6.554622,1.245378,Normalverkauf
S1000288.73128,SP1000288.7.73128,SY1000288.2026.73128,iPad1(1000288),288,08.06.26 13:28,Prod,A1000288.7007,Tisch 7,101,S1000288.73128,SALE,1,5.5,5.5,0.0,0.0,0.0,0.0,111,Pommes Frites,Beilagen,,MwSt. 7%,1.07,5.140187,0.359813,Normalverkauf
S1000288.73129,SP1000288.7.73129,SY1000288.2026.73129,iPad1(1000288),288,08.06.26 13:28,Prod,A1000288.7007,Tisch 7,101,S1000288.73129,SALE,1,6.5,6.5,0.0,0.0,0.0,0.0,100,Fischbrötchen Backfisch,Hauptspeisen,,MwSt. 7%,1.07,6.074766,0.425234,Normalverkauf
S1000288.73130,SP1000288.7.73130,SY1000288.2026.73130,iPad1(1000288),288,08.06.26 16:40,Prod,A1000288.7008,Tisch 24,110,S1000288.73130,SALE,1,3.9,3.9,0.0,0.0,0.0,0.0,124,Cola Zero,Getränke,,MwSt. 19%,1.19,3.277311,0.622689,Normalverkauf
S1000288.73131,SP1000288.7.73131,SY1000288.2026.73131,iPad1(1000288),288,08.06.26 16:40,Prod,A1000288.7008,Tisch 24,110,S1000288.73131,SALE,2,3.9,7.8,0.0,0.0,0.0,0.0,127,Alkoholfreies Bier,Getränke,,MwSt. 19%,1.19,6.554622,1.245378,Normalverkauf
S1000288.73132,SP1000288.7.73132,SY1000288.2026.73132,iPad1(1000288),288,08.06.26 16:40,Prod,A1000288.7008,Tisch 24,110,S1000288.73132,SALE,1,5.5,5.5,0.0,0.0,0.0,0.0,111,Pommes Frites,Beilagen,,MwSt. 7%,1.07,5.140187,0.359813,Normalverkauf
S1000288.73133,SP1000288.7.73133,SY1000288.2026.73133,iPad1(1000288),288,08.06.26 11:11,Prod,A1000288.7009,Tisch 22,110,S1000288.73133,SALE,2,6.5,13.0,0.0,0.0,0.0,0.0,100,Fischbrötchen Backfisch,Hauptspeisen,,MwSt. 7%,1.07,12.149533,0.850467,Normalverkauf
S1000288.73134,SP1000288.7.73134,SY1000288.2026.73134,iPad1(1000288),288,08.06.26 11:11,Prod,A1000288.7009,Tisch 22,110,S1000288.73134,SALE,2,10.9,21.8,0.0,0.0,0.0,0.0,104,Thunfisch Wrap,Hauptgerichte,,MwSt. 7%,1.07,20.373832,1.426168,Normalverkauf
S1000288.73135,SP1000288.7.73135,SY1000288.2026.73135,iPad1(1000288),288,08.06.26 18:56,Prod,A1000288.7010,Tisch 17,110,S1000288.73135,SALE,1,3.9,3.9,0.0,0.0,0.0,0.0,119,Cola,Getränke,,MwSt. 19%,1.19,3.277311,0.622689,Normalverkauf
S1000288.73136,SP1000288.7.73136,SY1000288.2026.73136,iPad1(1000288),288,08.06.26 12:43,Prod,A1000288.7011,Tisch 7,110,S1000288.73136,SALE,1,10.9,10.9,0.0,0.0,0.0,0.0,104,Thunfisch Wrap,Hauptgerichte,,MwSt. 7%,1.07,10.186916,0.713084,Normalverkauf
S1000288.73137,SP1000288.7.73137,SY1000288.2026.73137,iPad1(1000288),288,08.06.26 19:44,Prod,A1000288.7012,Tisch 5,110,S1000288.73137,SALE,1,11.5,11.5,0.0,0.0,0.0,0.0,105,Garnelen-Kimchi-Bruger,Hauptgerichte,,MwSt. 7%,1.07,10.747664,0.752336,Normalverkauf
S1000288.73138,SP1000288.7.73138,SY1000288.2026.73138,iPad1(1000288),288,08.06.26 18:14,Prod,A1000288.7013,Tisch 5,110,S1000288.73138,SALE,2,5.5,11.0,0.0,0.0,0.0,0.0,111,Pommes Frites,Beilagen,,MwSt. 7%,1.07,10.280374,0.719626,Normalverkauf
S1000288.73139,SP1000288.7.73139,SY1000288.2026.73139,iPad1(1000288),288,08.06.26 18:14,Prod,A1000288.7013,Tisch 5,110,S1000288.73139,SALE,1,10.9,10.9,0.0,0.0,0.0,0.0,107,Chicken Burger,Hauptgerichte,,MwSt. 7%,1.07,10.186916,0.713084,Normalverkauf
S1000288.73140,SP1000288.7.73140,SY1000288.2026.73140,iPad1(1000288),288,08.06.26 17:29,Prod,A1000288.7014,Tisch 24,107,S1000288.73140,SALE,1,11.9,11.9,0.0,0.0,0.0,0.0,110,Matjes-Baguette,Hauptgerichte,,MwSt. 7%,1.07,11.121495,0.778505,Normalverkauf
S1000288.73141,SP1000288.7.73141,SY1000288.2026.73141,iPad1(1000288),288,08.06.26 17:29,Prod,A1000288.7014,Tisch 24,107,S1000288.73141,SALE,1,6.9,6.9,0.0,0.0,0.0,0.0,103,Fischbrötchen Räucherlachs,Hauptspeisen,,MwSt. 7%,1.07,6.448598,0.451402,Normalverkauf
S1000288.73142,SP1000288.7.73142,SY1000288.2026.73142,iPad1(1000288),288,08.06.26 20:42,Prod,A1000288.7015,Tisch 24,110,S1000288.73142,SALE,1,4.2,4.2,0.0,0.0,0.0,0.0,122,Bier,Getränke,,MwSt. 19%,1.19,3.529412,0.670588,Normalverkauf
S1000288.73143,SP1000288.7.73143,SY1000288.2026.73143,iPad1(1000288),288,08.06.26 20:42,Prod,A1000288.7015,Tisch 24,110,S1000288.73143,SALE,1,3.9,3.9,0.0,0.0,0.0,0.0,119,Cola,Getränke,,MwSt. 19%,1.19,3.277311,0.622689,Normalverkauf
S1000288.73144,SP1000288.7.73144,SY1000288.2026.73144,iPad1(1000288),288,08.06.26 17:06,Prod,A1000288.7016,,101,S1000288.73144,VOID,2,5.9,11.8,0.0,0.0,0.0,0.0,116,Vanillequark,Desserts,,MwSt. 7%,1.07,11.028037,0.771963,Normalverkauf
S1000288.73145,SP1000288.7.73145,SY1000288.2026.73145,iPad1(1000288),288,08.06.26 18:14,Prod,A1000288.7017,,107,S1000288.73145,SALE,1,5.5,5.5,0.0,0.0,0.0,0.0,111,Pommes Frites,Beilagen,,MwSt. 7%,1.07,5.140187,0.359813,Normalverkauf
S1000288.73146,SP1000288.7.73146,SY1000288.2026.73146,iPad1(1000288),288,08.06.26 18:14,Prod,A1000288.7017,,107,S1000288.73146,SALE,2,5.5,11.0,0.0,0.0,0.0,0.0,111,Pommes Frites,Beilagen,,MwSt. 7%,1.07,10.280374,0.719626,Normalverkauf
S1000288.73147,SP1000288.7.73147,SY1000288.2026.73147,iPad1(1000288),288,08.06.26 18:14,Prod,A1000288.7017,,107,S1000288.73147,SALE,2,5.5,11.0,0.0,0.0,0.0,0.0,114,Fisch Nuggets Box,Beilagen,,MwSt. 7%,1.07,10.280374,0.719626,Normalverkauf
S1000288.73148,SP1000288.7.73148,SY1000288.2026.73148,iPad1(1000288),288,08.06.26 10:11,Prod,A1000288.7018,,119,S1000288.73148,SALE,2,3.9,7.8,0.0,0.0,0.0,0.0,127,Alkoholfreies Bier,Getränke,,MwSt. 19%,1.19,6.554622,1.245378,Normalverkauf
S1000288.73149,SP1000288.7.73149,SY1000288.2026.73149,iPad1(1000288),288,08.06.26 10:11,Prod,A1000288.7018,,119,S1000288.73149,SALE,2,7.9,15.8,0.0,0.0,0.0,0.0,115,Tiramisu,Desserts,,MwSt. 7%,1.07,14.766355,1.033645,Normalverkauf
S1000288.73150,SP1000288.7.73150,SY1000288.2026.73150,iPad1(1000288),288,08.06.26 11:49,Prod,A1000288.7019,Tisch 7,110,S1000288.73150,SALE,1,13.5,13.5,0.0,0.0,0.0,0.0,102,Matjes,Hauptspeisen,,MwSt. 7%,1.07,12.616822,0.883178,Normalverkauf
S1000288.73151,SP1000288.7.73151,SY1000288.2026.73151,iPad1(1000288),288,08.06.26 11:49,Prod,A1000288.7019,Tisch 7,110,S1000288.73151,SALE,2,6.9,13.8,0.0,0.0,0.0,0.0,103,Fischbrötchen Räucherlachs,Hauptspeisen,,MwSt. 7%,1.07,12.897196,0.902804,Normalverkauf
S1000288.73152,SP1000288.7.73152,SY1000288.2026.73152,iPad1(1000288),288,08.06.26 16:37,Prod,A1000288.7020,Tisch 21,110,S1000288.73152,SALE,2,3.9,7.8,0.0,0.0,0.0,0.0,126,Spezi,Getränke,,MwSt. 19%,1.19,6.554622,1.245378,Normalverkauf
S1000288.73153,SP1000288.7.73153,SY1000288.2026.73153,iPad1(1000288),288,08.06.26 16:37,Prod,A1000288.7020,Tisch 21,110,S1000288.73153,SALE,2,3.9,7.8,0.0,0.0,0.0,0.0,119,Cola,Getränke,,MwSt. 19%,1.19,6.554622,1.245378,Normalverkauf
S1000288.73154,SP1000288.7.73154,SY1000288.2026.73154,iPad1(1000288),288,08.06.26 16:37,Prod,A1000288.7020,Tisch 21,110,S1000288.73154,SALE,1,3.9,3.9,0.0,0.0,0.0,0.0,127,Alkoholfreies Bier,Getränke,,MwSt. 19%,1.19,3.277311,0.622689,Normalverkauf
S1000288.73155,SP1000288.7.73155,SY1000288.2026.73155,iPad1(1000288),288,08.06.26 15:27,Prod,A1000288.7021,Tisch 3,110,S1000288.73155,SALE,1,3.9,3.9,0.0,0.0,0.0,0.0,119,Cola,Getränke,,MwSt. 19%,1.19,3.277311,0.622689,Normalverkauf
S1000288.73156,SP1000288.7.73156,SY1000288.2026.73156,iPad1(1000288),288,08.06.26 15:27,Prod,A1000288.7021,Tisch 3,110,S1000288.73156,SALE,1,6.5,6.5,0.0,0.0,0.0,0.0,100,Fischbrötchen Backfisch,Hauptspeisen,,MwSt. 7%,1.07,6.074766,0.425234,Normalverkauf
S1000288.73157,SP1000288.7.73157,SY1000288.2026.73157,iPad1(1000288),288,08.06.26 15:27,Prod,A1000288.7021,Tisch 3,110,S1000288.73157,SALE,2,9.8,19.6,0.0,0.0,0.0,0.0,108,Seelachs-Ei-Baugette,Hauptgerichte,,MwSt. 7%,1.07,18.317757,1.282243,Normalverkauf
S1000288.73158,SP1000288.7.73158,SY1000288.2026.73158,iPad1(1000288),288,08.06.26 18:44,Prod,A1000288.7022,Tisch 8,110,S1000288.73158,SALE,1,5.5,5.5,0.0,0.0,0.0,0.0,111,Pommes Frites,Beilagen,,MwSt. 7%,1.07,5.140187,0.359813,Normalverkauf
S1000288.73159,SP1000288.7.73159,SY1000288.2026.73159,iPad1(1000288),288,08.06.26 18:44,Prod,A1000288.7022,Tisch 8,110,S1000288.73159,SALE,2,3.9,7.8,0.0,0.0,0.0,0.0,124,Cola Zero,Getränke,,MwSt. 19%,1.19,6.554622,1.245378,Normalverkauf
S1000288.73160,SP1000288.7.73160,SY1000288.2026.73160,iPad1(1000288),288,08.06.26 18:44,Prod,A1000288.7022,Tisch 8,110,S1000288.73160,SALE,2,5.5,11.0,0.0,0.0,0.0,0.0,111,Pommes Frites,Beilagen,,MwSt. 7%,1.07,10.280374,0.719626,Normalverkauf
S1000288.73161,SP1000288.7.73161,SY1000288.2026.73161,iPad1(1000288),288,08.06.26 10:16,Prod,A1000288.7023,Tisch 11,101,S1000288.73161,VOID,2,10.9,21.8,0.0,0.0,0.0,0.0,107,Chicken Burger,Hauptgerichte,,MwSt. 7%,1.07,20.373832,1.426168,Normalverkauf
S1000288.73162,SP1000288.7.73162,SY1000288.2026.73162,iPad1(1000288),288,08.06.26 10:16,Prod,A1000288.7023,Tisch 11,101,S1000288.73162,VOID,1,3.9,3.9,0.0,0.0,0.0,0.0,119,Cola,Getränke,,MwSt. 19%,1.19,3.277311,0.622689,Normalverkauf
S1000288.73163,SP1000288.7.73163,SY1000288.2026.73163,iPad1(1000288),288,08.06.26 19:24,Prod,A1000288.7024,Tisch 13,110,S1000288.73163,SALE,1,5.5,5.5,0.0,0.0,0.0,0.0,111,Pommes Frites,Beilagen,,MwSt. 7%,1.07,5.140187,0.359813,Normalverkauf
S1000288.73164,SP1000288.7.73164,SY1000288.2026.73164,iPad1(1000288),288,08.06.26 18:33,Prod,A1000288.7025,Tisch 8,119,S1000288.73164,SALE,1,3.9,3.9,0.0,0.0,0.0,0.0,127,Alkoholfreies Bier,Getränke,,MwSt. 19%,1.19,3.277311,0.622689,Normalverkauf
S1000288.73165,SP1000288.7.73165,SY1000288.2026.73165,iPad1(1000288),288,08.06.26 20:05,Prod,A1000288.7026,Tisch 14,116,S1000288.73165,SALE,1,10.9,10.9,0.0,0.0,0.0,0.0,104,Thunfisch Wrap,Hauptgerichte,,MwSt. 7%,1.07,10.186916,0.713084,Normalverkauf
S1000288.73166,SP1000288.7.73166,SY1000288.2026.73166,iPad1(1000288),288,08.06.26 20:05,Prod,A1000288.7026,Tisch 14,116,S1000288.73166,SALE,1,3.9,3.9,0.0,0.0,0.0,0.0,119,Cola,Getränke,,MwSt. 19%,1.19,3.277311,0.622689,Normalverkauf
S1000288.73167,SP1000288.7.73167,SY1000288.2026.73167,iPad1(1000288),288,08.06.26 20:05,Prod,A1000288.7026,Tisch 14,116,S1000288.73167,SALE,2,11.5,23.0,0.0,0.0,0.0,0.0,105,Garnelen-Kimchi-Bruger,Hauptgerichte,,MwSt. 7%,1.07,21.495327,1.504673,Normalverkauf
S1000288.73168,SP1000288.7.73168,SY1000288.2026.73168,iPad1(1000288),288,08.06.26 16:45,Prod,A1000288.7027,Tisch 6,110,S1000288.73168,SALE,2,10.9,21.8,0.0,0.0,0.0,0.0,107,Chicken Burger,Hauptgerichte,,MwSt. 7%,1.07,20.373832,1.426168,Normalverkauf
S1000288.73169,SP1000288.7.73169,SY1000288.2026.73169,iPad1(1000288),288,08.06.26 19:53,Prod,A1000288.7028,Tisch 6,101,S1000288.73169,SALE,1,10.9,10.9,0.0,0.0,0.0,0.0,104,Thunfisch Wrap,Hauptgerichte,,MwSt. 7%,1.07,10.186916,0.713084,Normalverkauf
S1000288.73170,SP1000288.7.73170,SY1000288.2026.73170,iPad1(1000288),288,08.06.26 15:38,Prod,A1000288.7029,Tisch 20,107,S1000288.73170,SALE,1,5.5,5.5,0.0,0.0,0.0,0.0,114,Fisch Nuggets Box,Beilagen,,MwSt. 7%,1.07,5.140187,0.359813,Normalverkauf
S1000288.73171,SP1000288.7.73171,SY1000288.2026.73171,iPad1(1000288),288,08.06.26 11:55,Prod,A1000288.7030,Tisch 2,116,S1000288.73171,SALE,2,6.5,13.0,0.0,0.0,0.0,0.0,100,Fischbrötchen Backfisch,Hauptspeisen,,MwSt. 7%,1.07,12.149533,0.850467,Normalverkauf
S1000288.73172,SP1000288.7.73172,SY1000288.2026.73172,iPad1(1000288),288,08.06.26 11:55,Prod,A1000288.7030,Tisch 2,116,S1000288.73172,SALE,1,3.9,3.9,0.0,0.0,0.0,0.0,124,Cola Zero,Getränke,,MwSt. 19%,1.19,3.277311,0.622689,Normalverkauf
S1000288.73173,SP1000288.7.73173,SY1000288.2026.73173,iPad1(1000288),288,08.06.26 11:55,Prod,A1000288.7030,Tisch 2,116,S1000288.73173,SALE,2,4.2,8.4,0.0,0.0,0.0,0.0,122,Bier,Getränke,,MwSt. 19%,1.19,7.058824,1.341176,Normalverkauf
S1000288.73174,SP1000288.7.73174,SY1000288.2026.73174,iPad1(1000288),288,08.06.26 09:14,Prod,A1000288.7031,Tisch 11,107,S1000288.73174,SALE,1,7.9,7.9,0.0,0.0,0.0,0.0,106,Neptun-Ringe,Beilagen,,MwSt. 7%,1.07,7.383178,0.516822,Normalverkauf
S1000288.73175,SP1000288.7.73175,SY1000288.2026.73175,iPad1(1000288),288,08.06.26 09:14,Prod,A1000288.7031,Tisch 11,107,S1000288.73175,SALE,1,3.2,3.2,0.0,0.0,0.0,0.0,120,Apfelschorle,Getränke,,MwSt. 19%,1.19,2.689076,0.510924,Normalverkauf
S1000288.73176,SP1000288.7.73176,SY1000288.2026.73176,iPad1(1000288),288,08.06.26 09:14,Prod,A1000288.7031,Tisch 11,107,S1000288.73176,SALE,2,6.5,13.0,0.0,0.0,0.0,0.0,118,Schokokuchen,Desserts,,MwSt. 7%,1.07,12.149533,0.850467,Normalverkauf
S1000288.73177,SP1000288.7.73177,SY1000288.2026.73177,iPad1(1000288),288,08.06.26 19:58,Prod,A1000288.7032,Tisch 12,110,S1000288.73177,SALE,1,3.9,3.9,0.0,0.0,0.0,0.0,126,Spezi,Getränke,,MwSt. 19%,1.19,3.277311,0.622689,Normalverkauf
S1000288.73178,SP1000288.7.73178,SY1000288.2026.73178,iPad1(1000288),288,08.06.26 19:58,Prod,A1000288.7032,Tisch 12,110,S1000288.73178,SALE,2,3.9,7.8,0.0,0.0,0.0,0.0,126,Spezi,Getränke,,MwSt. 19%,1.19,6.554622,1.245378,Normalverkauf
S1000288.73179,SP1000288.7.73179,SY1000288.2026.73179,iPad1(1000288),288,08.06.26 19:58,Prod,A1000288.7032,Tisch 12,110,S1000288.73179,SALE,2,3.9,7.8,0.0,0.0,0.0,0.0,119,Cola,Getränke,,MwSt. 19%,1.19,6.554622,1.245378,Normalverkauf
S1000288.73180,SP1000288.7.73180,SY1000288.2026.73180,iPad1(1000288),288,08.06.26 10:11,Prod,A1000288.7033,Tisch 18,107,S1000288.73180,SALE,1,3.9,3.9,0.0,0.0,0.0,0.0,124,Cola Zero,Getränke,,MwSt. 19%,1.19,3.277311,0.622689,Normalverkauf
S1000288.73181,SP1000288.7.73181,SY1000288.2026.73181,iPad1(1000288),288,08.06.26 10:11,Prod,A1000288.7033,Tisch 18,107,S1000288.73181,SALE,1,3.9,3.9,0.0,0.0,0.0,0.0,127,Alkoholfreies Bier,Getränke,,MwSt. 19%,1.19,3.277311,0.622689,Normalverkauf
S1000288.73182,SP1000288.7.73182,SY1000288.2026.73182,iPad1(1000288),288,08.06.26 10:11,Prod,A1000288.7033,Tisch 18,107,S1000288.73182,SALE,1,5.9,5.9,0.0,0.0,0.0,0.0,123,Inger-Limonade,Getränke,,MwSt. 19%,1.19,4.957983,0.942017,Normalverkauf
S1000288.73183,SP1000288.7.73183,SY1000288.2026.73183,iPad1(1000288),288,08.06.26 11:57,Prod,A1000288.7034,,110,S1000288.73183,SALE,2,4.2,8.4,0.0,0.0,0.0,0.0,122,Bier,Getränke,,MwSt. 19%,1.19,7.058824,1.341176,Normalverkauf
S1000288.73184,SP1000288.7.73184,SY1000288.2026.73184,iPad1(1000288),288,08.06.26 11:57,Prod,A1000288.7034,,110,S1000288.73184,SALE,2,3.9,7.8,0.0,0.0,0.0,0.0,119,Cola,Getränke,,MwSt. 19%,1.19,6.554622,1.245378,Normalverkauf
S1000288.73185,SP1000288.7.73185,SY1000288.2026.73185,iPad1(1000288),288,08.06.26 11:57,Prod,A1000288.7034,,110,S1000288.73185,SALE,1,5.9,5.9,0.0,0.0,0.0,0.0,117,Rote Grütze,Desserts,,MwSt. 7%,1.07,5.514019,0.385981,Normalverkauf
S1000288.73186,SP1000288.7.73186,SY1000288.2026.73186,iPad1(1000288),288,08.06.26 17:56,Prod,A1000288.7035,Tisch 10,119,S1000288.73186,SALE,2,3.9,7.8,0.0,0.0,0.0,0.0,119,Cola,Getränke,,MwSt. 19%,1.19,6.554622,1.245378,Normalverkauf
S1000288.73187,SP1000288.7.73187,SY1000288.2026.73187,iPad1(1000288),288,08.06.26 17:56,Prod,A1000288.7035,Tisch 10,119,S1000288.73187,SALE,2,5.9,11.8,0.0,0.0,0.0,0.0,125,Zitronen-Limonade,Getränke,,MwSt. 19%,1.19,9.915966,1.884034,Normalverkauf
S1000288.73188,SP1000288.7.73188,SY1000288.2026.73188,iPad1(1000288),288,08.06.26 17:56,Prod,A1000288.7035,Tisch 10,119,S1000288.73188,SALE,1,10.9,10.9,0.0,0.0,0.0,0.0,109,Bismarck-Baguette,Hauptgerichte,,MwSt. 7%,1.07,10.186916,0.713084,Normalverkauf
S1000288.73189,SP1000288.7.73189,SY1000288.2026.73189,iPad1(1000288),288,08.06.26 20:06,Prod,A1000288.7036,Tisch 17,119,S1000288.73189,SALE,2,2.8,5.6,0.0,0.0,0.0,0.0,121,Mineralwasser,Getränke,,MwSt. 19%,1.19,4.705882,0.894118,Normalverkauf
S1000288.73190,SP1000288.7.73190,SY1000288.2026.73190,iPad1(1000288),288,08.06.26 20:06,Prod,A1000288.7036,Tisch 17,119,S1000288.73190,SALE,1,9.8,9.8,0.0,0.0,0.0,0.0,108,Seelachs-Ei-Baugette,Hauptgerichte,,MwSt. 7%,1.07,9.158879,0.641121,Normalverkauf
S1000288.73191,SP1000288.7.73191,SY1000288.2026.73191,iPad1(1000288),288,08.06.26 18:54,Prod,A1000288.7037,Tisch 7,110,S1000288.73191,SALE,2,6.9,13.8,0.0,0.0,0.0,0.0,103,Fischbrötchen Räucherlachs,Hauptspeisen,,MwSt. 7%,1.07,12.897196,0.902804,Normalverkauf
S1000288.73192,SP1000288.7.73192,SY1000288.2026.73192,iPad1(1000288),288,08.06.26 18:54,Prod,A1000288.7037,Tisch 7,110,S1000288.73192,SALE,2,14.5,29.0,0.0,0.0,0.0,0.0,101,Lachs,Hauptspeisen,,MwSt. 7%,1.07,27.102804,1.897196,Normalverkauf
S1000288.73193,SP1000288.7.73193,SY1000288.2026.73193,iPad1(1000288),288,08.06.26 18:54,Prod,A1000288.7037,Tisch 7,110,S1000288.73193,SALE,2,14.5,29.0,0.0,0.0,0.0,0.0,101,Lachs,Hauptspeisen,,MwSt. 7%,1.07,27.102804,1.897196,Normalverkauf
S1000288.73194,SP1000288.7.73194,SY1000288.2026.73194,iPad1(1000288),288,08.06.26 20:15,Prod,A1000288.7038,Tisch 16,110,S1000288.73194,SALE,2,4.2,8.4,0.0,0.0,0.0,0.0,122,Bier,Getränke,,MwSt. 19%,1.19,7.058824,1.341176,Normalverkauf
S1000288.73195,SP1000288.7.73195,SY1000288.2026.73195,iPad1(1000288),288,08.06.26 20:15,Prod,A1000288.7038,Tisch 16,110,S1000288.73195,SALE,1,6.5,6.5,0.0,0.0,0.0,0.0,100,Fischbrötchen Backfisch,Hauptspeisen,,MwSt. 7%,1.07,6.074766,0.425234,Normalverkauf
S1000288.73196,SP1000288.7.73196,SY1000288.2026.73196,iPad1(1000288),288,08.06.26 20:15,Prod,A1000288.7038,Tisch 16,110,S1000288.73196,SALE,2,3.9,7.8,0.0,0.0,0.0,0.0,126,Spezi,Getränke,,MwSt. 19%,1.19,6.554622,1.245378,Normalverkauf
S1000288.73197,SP1000288.7.73197,SY1000288.2026.73197,iPad1(1000288),288,08.06.26 20:49,Prod,A1000288.7039,,119,S1000288.73197,SALE,2,14.5,29.0,0.0,0.0,0.0,0.0,101,Lachs,Hauptspeisen,,MwSt. 7%,1.07,27.102804,1.897196,Normalverkauf
S1000288.73198,SP1000288.7.73198,SY1000288.2026.73198,iPad1(1000288),288,08.06.26 20:49,Prod,A1000288.7039,,119,S1000288.73198,SALE,1,3.9,3.9,0.0,0.0,0.0,0.0,127,Alkoholfreies Bier,Getränke,,MwSt. 19%,1.19,3.277311,0.622689,Normalverkauf
S1000288.73199,SP1000288.7.73199,SY1000288.2026.73199,iPad1(1000288),288,08.06.26 11:02,Prod,A1000288.7040,Tisch 16,107,S1000288.73199,SALE,2,11.5,23.0,0.0,0.0,0.0,0.0,105,Garnelen-Kimchi-Bruger,Hauptgerichte,,MwSt. 7%,1.07,21.495327,1.504673,Normalverkauf
S1000288.73200,SP1000288.7.73200,SY1000288.2026.73200,iPad1(1000288),288,08.06.26 17:19,Prod,A1000288.7041,Tisch 14,107,S1000288.73200,SALE,2,10.9,21.8,0.0,0.0,0.0,0.0,104,Thunfisch Wrap,Hauptgerichte,,MwSt. 7%,1.07,20.373832,1.426168,Normalverkauf
S1000288.73201,SP1000288.7.73201,SY1000288.2026.73201,iPad1(1000288),288,08.06.26 17:19,Prod,A1000288.7041,Tisch 14,107,S1000288.73201,SALE,2,3.9,7.8,0.0,0.0,0.0,0.0,127,Alkoholfreies Bier,Getränke,,MwSt. 19%,1.19,6.554622,1.245378,Normalverkauf
S1000288.73202,SP1000288.7.73202,SY1000288.2026.73202,iPad1(1000288),288,08.06.26 17:15,Prod,A1000288.7042,Tisch 2,110,S1000288.73202,SALE,1,5.9,5.9,0.0,0.0,0.0,0.0,123,Inger-Limonade,Getränke,,MwSt. 19%,1.19,4.957983,0.942017,Normalverkauf
S1000288.73203,SP1000288.7.73203,SY1000288.2026.73203,iPad1(1000288),288,08.06.26 17:15,Prod,A1000288.7042,Tisch 2,110,S1000288.73203,SALE,2,3.9,7.8,0.0,0.0,0.0,0.0,124,Cola Zero,Getränke,,MwSt. 19%,1.19,6.554622,1.245378,Normalverkauf
S1000288.73204,SP1000288.7.73204,SY1000288.2026.73204,iPad1(1000288),288,08.06.26 17:07,Prod,A1000288.7043,Tisch 3,101,S1000288.73204,SALE,1,11.5,11.5,0.0,0.0,0.0,0.0,105,Garnelen-Kimchi-Bruger,Hauptgerichte,,MwSt. 7%,1.07,10.747664,0.752336,Normalverkauf
S1000288.73205,SP1000288.7.73205,SY1000288.2026.73205,iPad1(1000288),288,08.06.26 17:07,Prod,A1000288.7043,Tisch 3,101,S1000288.73205,SALE,1,5.5,5.5,0.0,0.0,0.0,0.0,114,Fisch Nuggets Box,Beilagen,,MwSt. 7%,1.07,5.140187,0.359813,Normalverkauf
S1000288.73206,SP1000288.7.73206,SY1000288.2026.73206,iPad1(1000288),288,08.06.26 17:07,Prod,A1000288.7043,Tisch 3,101,S1000288.73206,SALE,2,10.9,21.8,0.0,0.0,0.0,0.0,109,Bismarck-Baguette,Hauptgerichte,,MwSt. 7%,1.07,20.373832,1.426168,Normalverkauf
S1000288.73207,SP1000288.7.73207,SY1000288.2026.73207,iPad1(1000288),288,08.06.26 16:25,Prod,A1000288.7044,Tisch 16,107,S1000288.73207,SALE,2,3.9,7.8,0.0,0.0,0.0,0.0,119,Cola,Getränke,,MwSt. 19%,1.19,6.554622,1.245378,Normalverkauf
S1000288.73208,SP1000288.7.73208,SY1000288.2026.73208,iPad1(1000288),288,08.06.26 16:25,Prod,A1000288.7044,Tisch 16,107,S1000288.73208,SALE,1,14.5,14.5,0.0,0.0,0.0,0.0,101,Lachs,Hauptspeisen,,MwSt. 7%,1.07,13.551402,0.948598,Normalverkauf
S1000288.73209,SP1000288.7.73209,SY1000288.2026.73209,iPad1(1000288),288,08.06.26 16:25,Prod,A1000288.7044,Tisch 16,107,S1000288.73209,SALE,1,10.9,10.9,0.0,0.0,0.0,0.0,107,Chicken Burger,Hauptgerichte,,MwSt. 7%,1.07,10.186916,0.713084,Normalverkauf
S1000288.73210,SP1000288.7.73210,SY1000288.2026.73210,iPad1(1000288),288,08.06.26 18:03,Prod,A1000288.7045,Tisch 21,110,S1000288.73210,SALE,2,4.2,8.4,0.0,0.0,0.0,0.0,122,Bier,Getränke,,MwSt. 19%,1.19,7.058824,1.341176,Normalverkauf
S1000288.73211,SP1000288.7.73211,SY1000288.2026.73211,iPad1(1000288),288,08.06.26 12:39,Prod,A1000288.7046,Tisch 13,107,S1000288.73211,SALE,2,3.9,7.8,0.0,0.0,0.0,0.0,119,Cola,Getränke,,MwSt. 19%,1.19,6.554622,1.245378,Normalverkauf
S1000288.73212,SP1000288.7.73212,SY1000288.2026.73212,iPad1(1000288),288,08.06.26 12:39,Prod,A1000288.7046,Tisch 13,107,S1000288.73212,SALE,1,2.8,2.8,0.0,0.0,0.0,0.0,121,Mineralwasser,Getränke,,MwSt. 19%,1.19,2.352941,0.447059,Normalverkauf
S1000288.73213,SP1000288.7.73213,SY1000288.2026.73213,iPad1(1000288),288,08.06.26 13:19,Prod,A1000288.7047,Tisch 20,110,S1000288.73213,SALE,2,10.9,21.8,0.0,0.0,0.0,0.0,104,Thunfisch Wrap,Hauptgerichte,,MwSt. 7%,1.07,20.373832,1.426168,Normalverkauf
S1000288.73214,SP1000288.7.73214,SY1000288.2026.73214,iPad1(1000288),288,08.06.26 18:41,Prod,A1000288.7048,Tisch 11,116,S1000288.73214,SALE,1,10.9,10.9,0.0,0.0,0.0,0.0,104,Thunfisch Wrap,Hauptgerichte,,MwSt. 7%,1.07,10.186916,0.713084,Normalverkauf
S1000288.73215,SP1000288.7.73215,SY1000288.2026.73215,iPad1(1000288),288,08.06.26 18:41,Prod,A1000288.7048,Tisch 11,116,S1000288.73215,SALE,1,2.8,2.8,0.0,0.0,0.0,0.0,121,Mineralwasser,Getränke,,MwSt. 19%,1.19,2.352941,0.447059,Normalverkauf
S1000288.73216,SP1000288.7.73216,SY1000288.2026.73216,iPad1(1000288),288,08.06.26 08:48,Prod,A1000288.7049,Tisch 13,119,S1000288.73216,SALE,1,6.9,6.9,0.0,0.0,0.0,0.0,103,Fischbrötchen Räucherlachs,Hauptspeisen,,MwSt. 7%,1.07,6.448598,0.451402,Normalverkauf
S1000288.73217,SP1000288.7.73217,SY1000288.2026.73217,iPad1(1000288),288,08.06.26 08:48,Prod,A1000288.7049,Tisch 13,119,S1000288.73217,SALE,1,3.9,3.9,0.0,0.0,0.0,0.0,119,Cola,Getränke,,MwSt. 19%,1.19,3.277311,0.622689,Normalverkauf
S1000288.73218,SP1000288.7.73218,SY1000288.2026.73218,iPad1(1000288),288,08.06.26 18:39,Prod,A1000288.7050,Tisch 2,110,S1000288.73218,SALE,1,6.9,6.9,0.0,0.0,0.0,0.0,103,Fischbrötchen Räucherlachs,Hauptspeisen,,MwSt. 7%,1.07,6.448598,0.451402,Normalverkauf
S1000288.73219,SP1000288.7.73219,SY1000288.2026.73219,iPad1(1000288),288,08.06.26 19:32,Prod,A1000288.7051,Tisch 13,107,S1000288.73219,SALE,1,6.5,6.5,0.0,0.0,0.0,0.0,118,Schokokuchen,Desserts,,MwSt. 7%,1.07,6.074766,0.425234,Normalverkauf
S1000288.73220,SP1000288.7.73220,SY1000288.2026.73220,iPad1(1000288),288,08.06.26 19:32,Prod,A1000288.7051,Tisch 13,107,S1000288.73220,SALE,1,10.9,10.9,0.0,0.0,0.0,0.0,107,Chicken Burger,Hauptgerichte,,MwSt. 7%,1.07,10.186916,0.713084,Normalverkauf
S1000288.73221,SP1000288.7.73221,SY1000288.2026.73221,iPad1(1000288),288,08.06.26 19:32,Prod,A1000288.7051,Tisch 13,107,S1000288.73221,SALE,2,11.9,23.8,0.0,0.0,0.0,0.0,110,Matjes-Baguette,Hauptgerichte,,MwSt. 7%,1.07,22.242991,1.557009,Normalverkauf
S1000288.73222,SP1000288.7.73222,SY1000288.2026.73222,iPad1(1000288),288,08.06.26 11:51,Prod,A1000288.7052,Tisch 19,110,S1000288.73222,SALE,2,14.5,29.0,0.0,0.0,0.0,0.0,101,Lachs,Hauptspeisen,,MwSt. 7%,1.07,27.102804,1.897196,Normalverkauf
S1000288.73223,SP1000288.7.73223,SY1000288.2026.73223,iPad1(1000288),288,08.06.26 11:06,Prod,A1000288.7053,Tisch 1,119,S1000288.73223,SALE,1,7.9,7.9,0.0,0.0,0.0,0.0,106,Neptun-Ringe,Beilagen,,MwSt. 7%,1.07,7.383178,0.516822,Normalverkauf
S1000288.73224,SP1000288.7.73224,SY1000288.2026.73224,iPad1(1000288),288,08.06.26 11:06,Prod,A1000288.7053,Tisch 1,119,S1000288.73224,SALE,1,5.5,5.5,0.0,0.0,0.0,0.0,114,Fisch Nuggets Box,Beilagen,,MwSt. 7%,1.07,5.140187,0.359813,Normalverkauf
S1000288.73225,SP1000288.7.73225,SY1000288.2026.73225,iPad1(1000288),288,08.06.26 14:39,Prod,A1000288.7054,Tisch 10,110,S1000288.73225,SALE,1,13.5,13.5,0.0,0.0,0.0,0.0,102,Matjes,Hauptspeisen,,MwSt. 7%,1.07,12.616822,0.883178,Normalverkauf
S1000288.73226,SP1000288.7.73226,SY1000288.2026.73226,iPad1(1000288),288,08.06.26 14:30,Prod,A1000288.7055,Tisch 5,116,S1000288.73226,VOID,1,5.5,5.5,0.0,0.0,0.0,0.0,111,Pommes Frites,Beilagen,,MwSt. 7%,1.07,5.140187,0.359813,Normalverkauf
S1000288.73227,SP1000288.7.73227,SY1000288.2026.73227,iPad1(1000288),288,08.06.26 14:31,Prod,A1000288.7056,Tisch 24,110,S1000288.73227,SALE,1,2.8,2.8,0.0,0.0,0.0,0.0,121,Mineralwasser,Getränke,,MwSt. 19%,1.19,2.352941,0.447059,Normalverkauf
S1000288.73228,SP1000288.7.73228,SY1000288.2026.73228,iPad1(1000288),288,08.06.26 14:31,Prod,A1000288.7056,Tisch 24,110,S1000288.73228,SALE,2,4.2,8.4,0.0,0.0,0.0,0.0,122,Bier,Getränke,,MwSt. 19%,1.19,7.058824,1.341176,Normalverkauf
S1000288.73229,SP1000288.7.73229,SY1000288.2026.73229,iPad1(1000288),288,08.06.26 13:17,Prod,A1000288.7057,Tisch 1,119,S1000288.73229,SALE,1,3.9,3.9,0.0,0.0,0.0,0.0,126,Spezi,Getränke,,MwSt. 19%,1.19,3.277311,0.622689,Normalverkauf
S1000288.73230,SP1000288.7.73230,SY1000288.2026.73230,iPad1(1000288),288,08.06.26 13:17,Prod,A1000288.7057,Tisch 1,119,S1000288.73230,SALE,2,10.9,21.8,0.0,0.0,0.0,0.0,107,Chicken Burger,Hauptgerichte,,MwSt. 7%,1.07,20.373832,1.426168,Normalverkauf
S1000288.73231,SP1000288.7.73231,SY1000288.2026.73231,iPad1(1000288),288,08.06.26 20:10,Prod,A1000288.7058,Tisch 1,116,S1000288.73231,SALE,2,2.8,5.6,0.0,0.0,0.0,0.0,121,Mineralwasser,Getränke,,MwSt. 19%,1.19,4.705882,0.894118,Normalverkauf
S1000288.73232,SP1000288.7.73232,SY1000288.2026.73232,iPad1(1000288),288,08.06.26 20:10,Prod,A1000288.7058,Tisch 1,116,S1000288.73232,SALE,1,5.5,5.5,0.0,0.0,0.0,0.0,114,Fisch Nuggets Box,Beilagen,,MwSt. 7%,1.07,5.140187,0.359813,Normalverkauf
S1000288.73233,SP1000288.7.73233,SY1000288.2026.73233,iPad1(1000288),288,08.06.26 10:50,Prod,A1000288.7059,Tisch 7,101,S1000288.73233,SALE,1,5.5,5.5,0.0,0.0,0.0,0.0,111,Pommes Frites,Beilagen,,MwSt. 7%,1.07,5.140187,0.359813,Normalverkauf
S1000288.73234,SP1000288.7.73234,SY1000288.2026.73234,iPad1(1000288),288,08.06.26 10:50,Prod,A1000288.7059,Tisch 7,101,S1000288.73234,SALE,1,2.8,2.8,0.0,0.0,0.0,0.0,121,Mineralwasser,Getränke,,MwSt. 19%,1.19,2.352941,0.447059,Normalverkauf
S1000288.73235,SP1000288.7.73235,SY1000288.2026.73235,iPad1(1000288),288,08.06.26 10:50,Prod,A1000288.7059,Tisch 7,101,S1000288.73235,SALE,2,3.2,6.4,0.0,0.0,0.0,0.0,120,Apfelschorle,Getränke,,MwSt. 19%,1.19,5.378151,1.021849,Normalverkauf
S1000288.73236,SP1000288.7.73236,SY1000288.2026.73236,iPad1(1000288),288,08.06.26 18:52,Prod,A1000288.7060,Tisch 12,101,S1000288.73236,SALE,1,5.5,5.5,0.0,0.0,0.0,0.0,111,Pommes Frites,Beilagen,,MwSt. 7%,1.07,5.140187,0.359813,Normalverkauf
S1000288.73237,SP1000288.7.73237,SY1000288.2026.73237,iPad1(1000288),288,08.06.26 20:26,Prod,A1000288.7061,Tisch 1,101,S1000288.73237,SALE,2,6.5,13.0,0.0,0.0,0.0,0.0,118,Schokokuchen,Desserts,,MwSt. 7%,1.07,12.149533,0.850467,Normalverkauf
S1000288.73238,SP1000288.7.73238,SY1000288.2026.73238,iPad1(1000288),288,08.06.26 18:16,Prod,A1000288.7062,Tisch 1,110,S1000288.73238,SALE,2,2.8,5.6,0.0,0.0,0.0,0.0,121,Mineralwasser,Getränke,,MwSt. 19%,1.19,4.705882,0.894118,Normalverkauf
S1000288.73239,SP1000288.7.73239,SY1000288.2026.73239,iPad1(1000288),288,08.06.26 18:11,Prod,A1000288.7063,Tisch 12,110,S1000288.73239,SALE,1,3.9,3.9,0.0,0.0,0.0,0.0,119,Cola,Getränke,,MwSt. 19%,1.19,3.277311,0.622689,Normalverkauf
S1000288.73240,SP1000288.7.73240,SY1000288.2026.73240,iPad1(1000288),288,08.06.26 11:17,Prod,A1000288.7064,,119,S1000288.73240,SALE,1,7.9,7.9,0.0,0.0,0.0,0.0,106,Neptun-Ringe,Beilagen,,MwSt. 7%,1.07,7.383178,0.516822,Normalverkauf
S1000288.73241,SP1000288.7.73241,SY1000288.2026.73241,iPad1(1000288),288,08.06.26 11:17,Prod,A1000288.7064,,119,S1000288.73241,SALE,2,3.9,7.8,0.0,0.0,0.0,0.0,119,Cola,Getränke,,MwSt. 19%,1.19,6.554622,1.245378,Normalverkauf
S1000288.73242,SP1000288.7.73242,SY1000288.2026.73242,iPad1(1000288),288,08.06.26 11:17,Prod,A1000288.7064,,119,S1000288.73242,SALE,1,6.9,6.9,0.0,0.0,0.0,0.0,103,Fischbrötchen Räucherlachs,Hauptspeisen,,MwSt. 7%,1.07,6.448598,0.451402,Normalverkauf
S1000288.73243,SP1000288.7.73243,SY1000288.2026.73243,iPad1(1000288),288,08.06.26 16:05,Prod,A1000288.7065,Tisch 16,116,S1000288.73243,SALE,2,11.9,23.8,0.0,0.0,0.0,0.0,110,Matjes-Baguette,Hauptgerichte,,MwSt. 7%,1.07,22.242991,1.557009,Normalverkauf
S1000288.73244,SP1000288.7.73244,SY1000288.2026.73244,iPad1(1000288),288,08.06.26 16:05,Prod,A1000288.7065,Tisch 16,116,S1000288.73244,SALE,1,10.9,10.9,0.0,0.0,0.0,0.0,104,Thunfisch Wrap,Hauptgerichte,,MwSt. 7%,1.07,10.186916,0.713084,Normalverkauf
S1000288.73245,SP1000288.7.73245,SY1000288.2026.73245,iPad1(1000288),288,08.06.26 16:05,Prod,A1000288.7065,Tisch 16,116,S1000288.73245,SALE,1,5.9,5.9,0.0,0.0,0.0,0.0,125,Zitronen-Limonade,Getränke,,MwSt. 19%,1.19,4.957983,0.942017,Normalverkauf
S1000288.73246,SP1000288.7.73246,SY1000288.2026.73246,iPad1(1000288),288,08.06.26 16:13,Prod,A1000288.7066,Tisch 11,119,S1000288.73246,SALE,2,10.9,21.8,0.0,0.0,0.0,0.0,104,Thunfisch Wrap,Hauptgerichte,,MwSt. 7%,1.07,20.373832,1.426168,Normalverkauf
S1000288.73247,SP1000288.7.73247,SY1000288.2026.73247,iPad1(1000288),288,08.06.26 14:57,Prod,A1000288.7067,Tisch 13,110,S1000288.73247,SALE,2,3.2,6.4,0.0,0.0,0.0,0.0,120,Apfelschorle,Getränke,,MwSt. 19%,1.19,5.378151,1.021849,Normalverkauf
S1000288.73248,SP1000288.7.73248,SY1000288.2026.73248,iPad1(1000288),288,08.06.26 14:57,Prod,A1000288.7067,Tisch 13,110,S1000288.73248,SALE,2,3.9,7.8,0.0,0.0,0.0,0.0,126,Spezi,Getränke,,MwSt. 19%,1.19,6.554622,1.245378,Normalverkauf
S1000288.73249,SP1000288.7.73249,SY1000288.2026.73249,iPad1(1000288),288,08.06.26 20:11,Prod,A1000288.7068,Tisch 10,110,S1000288.73249,SALE,2,10.9,21.8,0.0,0.0,0.0,0.0,107,Chicken Burger,Hauptgerichte,,MwSt. 7%,1.07,20.373832,1.426168,Normalverkauf
S1000288.73250,SP1000288.7.73250,SY1000288.2026.73250,iPad1(1000288),288,08.06.26 20:11,Prod,A1000288.7068,Tisch 10,110,S1000288.73250,SALE,1,3.9,3.9,0.0,0.0,0.0,0.0,127,Alkoholfreies Bier,Getränke,,MwSt. 19%,1.19,3.277311,0.622689,Normalverkauf
S1000288.73251,SP1000288.7.73251,SY1000288.2026.73251,iPad1(1000288),288,08.06.26 19:51,Prod,A1000288.7069,Tisch 7,116,S1000288.73251,SALE,2,3.9,7.8,0.0,0.0,0.0,0.0,127,Alkoholfreies Bier,Getränke,,MwSt. 19%,1.19,6.554622,1.245378,Normalverkauf
S1000288.73252,SP1000288.7.73252,SY1000288.2026.73252,iPad1(1000288),288,08.06.26 19:51,Prod,A1000288.7069,Tisch 7,116,S1000288.73252,SALE,2,3.9,7.8,0.0,0.0,0.0,0.0,126,Spezi,Getränke,,MwSt. 19%,1.19,6.554622,1.245378,Normalverkauf
S1000288.73253,SP1000288.7.73253,SY1000288.2026.73253,iPad1(1000288),288,08.06.26 10:14,Prod,A1000288.7070,Tisch 23,110,S1000288.73253,SALE,1,10.9,10.9,0.0,0.0,0.0,0.0,107,Chicken Burger,Hauptgerichte,,MwSt. 7%,1.07,10.186916,0.713084,Normalverkauf
S1000288.73254,SP1000288.7.73254,SY1000288.2026.73254,iPad1(1000288),288,08.06.26 10:14,Prod,A1000288.7070,Tisch 23,110,S1000288.73254,SALE,2,2.8,5.6,0.0,0.0,0.0,0.0,121,Mineralwasser,Getränke,,MwSt. 19%,1.19,4.705882,0.894118,Normalverkauf
S1000288.73255,SP1000288.7.73255,SY1000288.2026.73255,iPad1(1000288),288,08.06.26 10:14,Prod,A1000288.7070,Tisch 23,110,S1000288.73255,SALE,1,10.9,10.9,0.0,0.0,0.0,0.0,104,Thunfisch Wrap,Hauptgerichte,,MwSt. 7%,1.07,10.186916,0.713084,Normalverkauf
S1000288.73256,SP1000288.7.73256,SY1000288.2026.73256,iPad1(1000288),288,08.06.26 11:39,Prod,A1000288.7071,Tisch 22,107,S1000288.73256,SALE,1,10.9,10.9,0.0,0.0,0.0,0.0,107,Chicken Burger,Hauptgerichte,,MwSt. 7%,1.07,10.186916,0.713084,Normalverkauf
S1000288.73257,SP1000288.7.73257,SY1000288.2026.73257,iPad1(1000288),288,08.06.26 20:06,Prod,A1000288.7072,Tisch 20,119,S1000288.73257,VOID,2,10.9,21.8,0.0,0.0,0.0,0.0,109,Bismarck-Baguette,Hauptgerichte,,MwSt. 7%,1.07,20.373832,1.426168,Normalverkauf
S1000288.73258,SP1000288.7.73258,SY1000288.2026.73258,iPad1(1000288),288,08.06.26 20:06,Prod,A1000288.7072,Tisch 20,119,S1000288.73258,VOID,2,6.5,13.0,0.0,0.0,0.0,0.0,100,Fischbrötchen Backfisch,Hauptspeisen,,MwSt. 7%,1.07,12.149533,0.850467,Normalverkauf
S1000288.73259,SP1000288.7.73259,SY1000288.2026.73259,iPad1(1000288),288,08.06.26 13:54,Prod,A1000288.7073,Tisch 15,110,S1000288.73259,SALE,1,7.9,7.9,0.0,0.0,0.0,0.0,106,Neptun-Ringe,Beilagen,,MwSt. 7%,1.07,7.383178,0.516822,Normalverkauf
S1000288.73260,SP1000288.7.73260,SY1000288.2026.73260,iPad1(1000288),288,08.06.26 13:54,Prod,A1000288.7073,Tisch 15,110,S1000288.73260,SALE,1,6.9,6.9,0.0,0.0,0.0,0.0,103,Fischbrötchen Räucherlachs,Hauptspeisen,,MwSt. 7%,1.07,6.448598,0.451402,Normalverkauf
S1000288.73261,SP1000288.7.73261,SY1000288.2026.73261,iPad1(1000288),288,08.06.26 13:54,Prod,A1000288.7073,Tisch 15,110,S1000288.73261,SALE,2,6.9,13.8,0.0,0.0,0.0,0.0,103,Fischbrötchen Räucherlachs,Hauptspeisen,,MwSt. 7%,1.07,12.897196,0.902804,Normalverkauf
S1000288.73262,SP1000288.7.73262,SY1000288.2026.73262,iPad1(1000288),288,08.06.26 18:26,Prod,A1000288.7074,Tisch 13,110,S1000288.73262,SALE,2,14.5,29.0,0.0,0.0,0.0,0.0,101,Lachs,Hauptspeisen,,MwSt. 7%,1.07,27.102804,1.897196,Normalverkauf
S1000288.73263,SP1000288.7.73263,SY1000288.2026.73263,iPad1(1000288),288,08.06.26 18:26,Prod,A1000288.7074,Tisch 13,110,S1000288.73263,SALE,1,3.9,3.9,0.0,0.0,0.0,0.0,119,Cola,Getränke,,MwSt. 19%,1.19,3.277311,0.622689,Normalverkauf
S1000288.73264,SP1000288.7.73264,SY1000288.2026.73264,iPad1(1000288),288,08.06.26 18:26,Prod,A1000288.7074,Tisch 13,110,S1000288.73264,SALE,2,9.8,19.6,0.0,0.0,0.0,0.0,108,Seelachs-Ei-Baugette,Hauptgerichte,,MwSt. 7%,1.07,18.317757,1.282243,Normalverkauf
S1000288.73265,SP1000288.7.73265,SY1000288.2026.73265,iPad1(1000288),288,08.06.26 11:46,Prod,A1000288.7075,Tisch 20,101,S1000288.73265,SALE,2,6.9,13.8,0.0,0.0,0.0,0.0,113,Garnelen Box,Beilagen,,MwSt. 7%,1.07,12.897196,0.902804,Normalverkauf
S1000288.73266,SP1000288.7.73266,SY1000288.2026.73266,iPad1(1000288),288,08.06.26 18:43,Prod,A1000288.7076,Tisch 20,107,S1000288.73266,SALE,1,9.8,9.8,0.0,0.0,0.0,0.0,108,Seelachs-Ei-Baugette,Hauptgerichte,,MwSt. 7%,1.07,9.158879,0.641121,Normalverkauf
S1000288.73267,SP1000288.7.73267,SY1000288.2026.73267,iPad1(1000288),288,08.06.26 18:43,Prod,A1000288.7076,Tisch 20,107,S1000288.73267,SALE,2,10.9,21.8,0.0,0.0,0.0,0.0,109,Bismarck-Baguette,Hauptgerichte,,MwSt. 7%,1.07,20.373832,1.426168,Normalverkauf
S1000288.73268,SP1000288.7.73268,SY1000288.2026.73268,iPad1(1000288),288,08.06.26 17:26,Prod,A1000288.7077,Tisch 17,110,S1000288.73268,SALE,2,3.2,6.4,0.0,0.0,0.0,0.0,120,Apfelschorle,Getränke,,MwSt. 19%,1.19,5.378151,1.021849,Normalverkauf
S1000288.73269,SP1000288.7.73269,SY1000288.2026.73269,iPad1(1000288),288,08.06.26 17:26,Prod,A1000288.7077,Tisch 17,110,S1000288.73269,SALE,2,5.5,11.0,0.0,0.0,0.0,0.0,111,Pommes Frites,Beilagen,,MwSt. 7%,1.07,10.280374,0.719626,Normalverkauf
S1000288.73270,SP1000288.7.73270,SY1000288.2026.73270,iPad1(1000288),288,08.06.26 17:26,Prod,A1000288.7077,Tisch 17,110,S1000288.73270,SALE,2,7.9,15.8,0.0,0.0,0.0,0.0,106,Neptun-Ringe,Beilagen,,MwSt. 7%,1.07,14.766355,1.033645,Normalverkauf
S1000288.73271,SP1000288.7.73271,SY1000288.2026.73271,iPad1(1000288),288,08.06.26 09:53,Prod,A1000288.7078,,110,S1000288.73271,SALE,2,13.5,27.0,0.0,0.0,0.0,0.0,102,Matjes,Hauptspeisen,,MwSt. 7%,1.07,25.233645,1.766355,Normalverkauf
S1000288.73272,SP1000288.7.73272,SY1000288.2026.73272,iPad1(1000288),288,08.06.26 09:53,Prod,A1000288.7078,,110,S1000288.73272,SALE,2,6.9,13.8,0.0,0.0,0.0,0.0,103,Fischbrötchen Räucherlachs,Hauptspeisen,,MwSt. 7%,1.07,12.897196,0.902804,Normalverkauf
S1000288.73273,SP1000288.7.73273,SY1000288.2026.73273,iPad1(1000288),288,08.06.26 09:53,Prod,A1000288.7078,,110,S1000288.73273,SALE,1,5.9,5.9,0.0,0.0,0.0,0.0,125,Zitronen-Limonade,Getränke,,MwSt. 19%,1.19,4.957983,0.942017,Normalverkauf
S1000288.73274,SP1000288.7.73274,SY1000288.2026.73274,iPad1(1000288),288,09.06.26 11:11,Prod,A1000288.7079,Tisch 22,101,S1000288.73274,SALE,1,2.8,2.8,0.0,0.0,0.0,0.0,121,Mineralwasser,Getränke,,MwSt. 19%,1.19,2.352941,0.447059,Normalverkauf
S1000288.73275,SP1000288.7.73275,SY1000288.2026.73275,iPad1(1000288),288,09.06.26 11:11,Prod,A1000288.7079,Tisch 22,101,S1000288.73275,SALE,2,9.8,19.6,0.0,0.0,0.0,0.0,108,Seelachs-Ei-Baugette,Hauptgerichte,,MwSt. 7%,1.07,18.317757,1.282243,Normalverkauf
S1000288.73276,SP1000288.7.73276,SY1000288.2026.73276,iPad1(1000288),288,09.06.26 17:29,Prod,A1000288.7080,Tisch 21,107,S1000288.73276,SALE,1,3.9,3.9,0.0,0.0,0.0,0.0,124,Cola Zero,Getränke,,MwSt. 19%,1.19,3.277311,0.622689,Normalverkauf
S1000288.73277,SP1000288.7.73277,SY1000288.2026.73277,iPad1(1000288),288,09.06.26 17:29,Prod,A1000288.7080,Tisch 21,107,S1000288.73277,SALE,2,3.9,7.8,0.0,0.0,0.0,0.0,119,Cola,Getränke,,MwSt. 19%,1.19,6.554622,1.245378,Normalverkauf
S1000288.73278,SP1000288.7.73278,SY1000288.2026.73278,iPad1(1000288),288,09.06.26 17:29,Prod,A1000288.7080,Tisch 21,107,S1000288.73278,SALE,2,11.9,23.8,0.0,0.0,0.0,0.0,110,Matjes-Baguette,Hauptgerichte,,MwSt. 7%,1.07,22.242991,1.557009,Normalverkauf
S1000288.73279,SP1000288.7.73279,SY1000288.2026.73279,iPad1(1000288),288,09.06.26 20:40,Prod,A1000288.7081,Tisch 16,119,S1000288.73279,SALE,1,2.8,2.8,0.0,0.0,0.0,0.0,121,Mineralwasser,Getränke,,MwSt. 19%,1.19,2.352941,0.447059,Normalverkauf
S1000288.73280,SP1000288.7.73280,SY1000288.2026.73280,iPad1(1000288),288,09.06.26 09:13,Prod,A1000288.7082,Tisch 20,119,S1000288.73280,SALE,2,3.9,7.8,0.0,0.0,0.0,0.0,119,Cola,Getränke,,MwSt. 19%,1.19,6.554622,1.245378,Normalverkauf
S1000288.73281,SP1000288.7.73281,SY1000288.2026.73281,iPad1(1000288),288,09.06.26 09:13,Prod,A1000288.7082,Tisch 20,119,S1000288.73281,SALE,2,6.5,13.0,0.0,0.0,0.0,0.0,100,Fischbrötchen Backfisch,Hauptspeisen,,MwSt. 7%,1.07,12.149533,0.850467,Normalverkauf
S1000288.73282,SP1000288.7.73282,SY1000288.2026.73282,iPad1(1000288),288,09.06.26 09:13,Prod,A1000288.7082,Tisch 20,119,S1000288.73282,SALE,2,11.5,23.0,0.0,0.0,0.0,0.0,105,Garnelen-Kimchi-Bruger,Hauptgerichte,,MwSt. 7%,1.07,21.495327,1.504673,Normalverkauf
S1000288.73283,SP1000288.7.73283,SY1000288.2026.73283,iPad1(1000288),288,09.06.26 18:52,Prod,A1000288.7083,Tisch 18,110,S1000288.73283,SALE,2,3.9,7.8,0.0,0.0,0.0,0.0,126,Spezi,Getränke,,MwSt. 19%,1.19,6.554622,1.245378,Normalverkauf
S1000288.73284,SP1000288.7.73284,SY1000288.2026.73284,iPad1(1000288),288,09.06.26 12:56,Prod,A1000288.7084,Tisch 15,119,S1000288.73284,SALE,1,10.9,10.9,0.0,0.0,0.0,0.0,107,Chicken Burger,Hauptgerichte,,MwSt. 7%,1.07,10.186916,0.713084,Normalverkauf
S1000288.73285,SP1000288.7.73285,SY1000288.2026.73285,iPad1(1000288),288,09.06.26 16:11,Prod,A1000288.7085,Tisch 5,116,S1000288.73285,SALE,2,10.9,21.8,0.0,0.0,0.0,0.0,107,Chicken Burger,Hauptgerichte,,MwSt. 7%,1.07,20.373832,1.426168,Normalverkauf
S1000288.73286,SP1000288.7.73286,SY1000288.2026.73286,iPad1(1000288),288,09.06.26 18:33,Prod,A1000288.7086,Tisch 1,107,S1000288.73286,VOID,1,9.8,9.8,0.0,0.0,0.0,0.0,108,Seelachs-Ei-Baugette,Hauptgerichte,,MwSt. 7%,1.07,9.158879,0.641121,Normalverkauf
S1000288.73287,SP1000288.7.73287,SY1000288.2026.73287,iPad1(1000288),288,09.06.26 18:33,Prod,A1000288.7086,Tisch 1,107,S1000288.73287,VOID,2,4.9,9.8,0.0,0.0,0.0,0.0,112,Kartoffelwedges,Beilagen,,MwSt. 7%,1.07,9.158879,0.641121,Normalverkauf
S1000288.73288,SP1000288.7.73288,SY1000288.2026.73288,iPad1(1000288),288,09.06.26 19:30,Prod,A1000288.7087,Tisch 23,116,S1000288.73288,SALE,2,5.5,11.0,0.0,0.0,0.0,0.0,111,Pommes Frites,Beilagen,,MwSt. 7%,1.07,10.280374,0.719626,Normalverkauf
S1000288.73289,SP1000288.7.73289,SY1000288.2026.73289,iPad1(1000288),288,09.06.26 19:30,Prod,A1000288.7087,Tisch 23,116,S1000288.73289,SALE,2,6.5,13.0,0.0,0.0,0.0,0.0,100,Fischbrötchen Backfisch,Hauptspeisen,,MwSt. 7%,1.07,12.149533,0.850467,Normalverkauf
S1000288.73290,SP1000288.7.73290,SY1000288.2026.73290,iPad1(1000288),288,09.06.26 18:07,Prod,A1000288.7088,,107,S1000288.73290,SALE,2,5.9,11.8,0.0,0.0,0.0,0.0,125,Zitronen-Limonade,Getränke,,MwSt. 19%,1.19,9.915966,1.884034,Normalverkauf
S1000288.73291,SP1000288.7.73291,SY1000288.2026.73291,iPad1(1000288),288,09.06.26 12:34,Prod,A1000288.7089,,119,S1000288.73291,SALE,1,4.9,4.9,0.0,0.0,0.0,0.0,112,Kartoffelwedges,Beilagen,,MwSt. 7%,1.07,4.579439,0.320561,Normalverkauf
S1000288.73292,SP1000288.7.73292,SY1000288.2026.73292,iPad1(1000288),288,09.06.26 12:34,Prod,A1000288.7089,,119,S1000288.73292,SALE,1,11.5,11.5,0.0,0.0,0.0,0.0,105,Garnelen-Kimchi-Bruger,Hauptgerichte,,MwSt. 7%,1.07,10.747664,0.752336,Normalverkauf
S1000288.73293,SP1000288.7.73293,SY1000288.2026.73293,iPad1(1000288),288,09.06.26 12:34,Prod,A1000288.7089,,119,S1000288.73293,SALE,1,10.9,10.9,0.0,0.0,0.0,0.0,109,Bismarck-Baguette,Hauptgerichte,,MwSt. 7%,1.07,10.186916,0.713084,Normalverkauf
S1000288.73294,SP1000288.7.73294,SY1000288.2026.73294,iPad1(1000288),288,09.06.26 15:49,Prod,A1000288.7090,Tisch 7,110,S1000288.73294,SALE,1,4.2,4.2,0.0,0.0,0.0,0.0,122,Bier,Getränke,,MwSt. 19%,1.19,3.529412,0.670588,Normalverkauf
S1000288.73295,SP1000288.7.73295,SY1000288.2026.73295,iPad1(1000288),288,09.06.26 13:12,Prod,A1000288.7091,Tisch 3,101,S1000288.73295,SALE,1,6.5,6.5,0.0,0.0,0.0,0.0,100,Fischbrötchen Backfisch,Hauptspeisen,,MwSt. 7%,1.07,6.074766,0.425234,Normalverkauf
S1000288.73296,SP1000288.7.73296,SY1000288.2026.73296,iPad1(1000288),288,09.06.26 13:12,Prod,A1000288.7091,Tisch 3,101,S1000288.73296,SALE,1,9.8,9.8,0.0,0.0,0.0,0.0,108,Seelachs-Ei-Baugette,Hauptgerichte,,MwSt. 7%,1.07,9.158879,0.641121,Normalverkauf
S1000288.73297,SP1000288.7.73297,SY1000288.2026.73297,iPad1(1000288),288,09.06.26 18:17,Prod,A1000288.7092,Tisch 13,110,S1000288.73297,SALE,1,6.9,6.9,0.0,0.0,0.0,0.0,113,Garnelen Box,Beilagen,,MwSt. 7%,1.07,6.448598,0.451402,Normalverkauf
S1000288.73298,SP1000288.7.73298,SY1000288.2026.73298,iPad1(1000288),288,09.06.26 18:17,Prod,A1000288.7092,Tisch 13,110,S1000288.73298,SALE,1,11.5,11.5,0.0,0.0,0.0,0.0,105,Garnelen-Kimchi-Bruger,Hauptgerichte,,MwSt. 7%,1.07,10.747664,0.752336,Normalverkauf
S1000288.73299,SP1000288.7.73299,SY1000288.2026.73299,iPad1(1000288),288,09.06.26 16:36,Prod,A1000288.7093,Tisch 3,110,S1000288.73299,SALE,2,6.5,13.0,0.0,0.0,0.0,0.0,100,Fischbrötchen Backfisch,Hauptspeisen,,MwSt. 7%,1.07,12.149533,0.850467,Normalverkauf
S1000288.73300,SP1000288.7.73300,SY1000288.2026.73300,iPad1(1000288),288,09.06.26 20:53,Prod,A1000288.7094,,101,S1000288.73300,SALE,1,10.9,10.9,0.0,0.0,0.0,0.0,104,Thunfisch Wrap,Hauptgerichte,,MwSt. 7%,1.07,10.186916,0.713084,Normalverkauf
S1000288.73301,SP1000288.7.73301,SY1000288.2026.73301,iPad1(1000288),288,09.06.26 20:53,Prod,A1000288.7094,,101,S1000288.73301,SALE,1,3.2,3.2,0.0,0.0,0.0,0.0,120,Apfelschorle,Getränke,,MwSt. 19%,1.19,2.689076,0.510924,Normalverkauf
S1000288.73302,SP1000288.7.73302,SY1000288.2026.73302,iPad1(1000288),288,09.06.26 20:53,Prod,A1000288.7094,,101,S1000288.73302,SALE,1,4.2,4.2,0.0,0.0,0.0,0.0,122,Bier,Getränke,,MwSt. 19%,1.19,3.529412,0.670588,Normalverkauf
S1000288.73303,SP1000288.7.73303,SY1000288.2026.73303,iPad1(1000288),288,09.06.26 19:26,Prod,A1000288.7095,Tisch 5,110,S1000288.73303,VOID,2,7.9,15.8,0.0,0.0,0.0,0.0,106,Neptun-Ringe,Beilagen,,MwSt. 7%,1.07,14.766355,1.033645,Normalverkauf
S1000288.73304,SP1000288.7.73304,SY1000288.2026.73304,iPad1(1000288),288,09.06.26 19:26,Prod,A1000288.7095,Tisch 5,110,S1000288.73304,VOID,1,6.9,6.9,0.0,0.0,0.0,0.0,103,Fischbrötchen Räucherlachs,Hauptspeisen,,MwSt. 7%,1.07,6.448598,0.451402,Normalverkauf
S1000288.73305,SP1000288.7.73305,SY1000288.2026.73305,iPad1(1000288),288,09.06.26 19:26,Prod,A1000288.7095,Tisch 5,110,S1000288.73305,VOID,1,11.5,11.5,0.0,0.0,0.0,0.0,105,Garnelen-Kimchi-Bruger,Hauptgerichte,,MwSt. 7%,1.07,10.747664,0.752336,Normalverkauf
S1000288.73306,SP1000288.7.73306,SY1000288.2026.73306,iPad1(1000288),288,09.06.26 20:42,Prod,A1000288.7096,Tisch 1,119,S1000288.73306,VOID,1,11.5,11.5,0.0,0.0,0.0,0.0,105,Garnelen-Kimchi-Bruger,Hauptgerichte,,MwSt. 7%,1.07,10.747664,0.752336,Normalverkauf
S1000288.73307,SP1000288.7.73307,SY1000288.2026.73307,iPad1(1000288),288,09.06.26 18:24,Prod,A1000288.7097,Tisch 23,110,S1000288.73307,SALE,2,5.5,11.0,0.0,0.0,0.0,0.0,111,Pommes Frites,Beilagen,,MwSt. 7%,1.07,10.280374,0.719626,Normalverkauf
S1000288.73308,SP1000288.7.73308,SY1000288.2026.73308,iPad1(1000288),288,09.06.26 18:24,Prod,A1000288.7097,Tisch 23,110,S1000288.73308,SALE,2,3.9,7.8,0.0,0.0,0.0,0.0,119,Cola,Getränke,,MwSt. 19%,1.19,6.554622,1.245378,Normalverkauf
S1000288.73309,SP1000288.7.73309,SY1000288.2026.73309,iPad1(1000288),288,09.06.26 18:24,Prod,A1000288.7097,Tisch 23,110,S1000288.73309,SALE,2,5.5,11.0,0.0,0.0,0.0,0.0,111,Pommes Frites,Beilagen,,MwSt. 7%,1.07,10.280374,0.719626,Normalverkauf
S1000288.73310,SP1000288.7.73310,SY1000288.2026.73310,iPad1(1000288),288,09.06.26 19:12,Prod,A1000288.7098,Tisch 21,107,S1000288.73310,SALE,1,7.9,7.9,0.0,0.0,0.0,0.0,106,Neptun-Ringe,Beilagen,,MwSt. 7%,1.07,7.383178,0.516822,Normalverkauf
S1000288.73311,SP1000288.7.73311,SY1000288.2026.73311,iPad1(1000288),288,09.06.26 19:12,Prod,A1000288.7098,Tisch 21,107,S1000288.73311,SALE,1,5.5,5.5,0.0,0.0,0.0,0.0,111,Pommes Frites,Beilagen,,MwSt. 7%,1.07,5.140187,0.359813,Normalverkauf
S1000288.73312,SP1000288.7.73312,SY1000288.2026.73312,iPad1(1000288),288,09.06.26 17:05,Prod,A1000288.7099,Tisch 4,101,S1000288.73312,SALE,1,3.9,3.9,0.0,0.0,0.0,0.0,124,Cola Zero,Getränke,,MwSt. 19%,1.19,3.277311,0.622689,Normalverkauf
S1000288.73313,SP1000288.7.73313,SY1000288.2026.73313,iPad1(1000288),288,09.06.26 11:52,Prod,A1000288.7100,Tisch 17,116,S1000288.73313,SALE,1,7.9,7.9,0.0,0.0,0.0,0.0,115,Tiramisu,Desserts,,MwSt. 7%,1.07,7.383178,0.516822,Normalverkauf
S1000288.73314,SP1000288.7.73314,SY1000288.2026.73314,iPad1(1000288),288,09.06.26 11:52,Prod,A1000288.7100,Tisch 17,116,S1000288.73314,SALE,2,4.2,8.4,0.0,0.0,0.0,0.0,122,Bier,Getränke,,MwSt. 19%,1.19,7.058824,1.341176,Normalverkauf
S1000288.73315,SP1000288.7.73315,SY1000288.2026.73315,iPad1(1000288),288,09.06.26 20:12,Prod,A1000288.7101,,119,S1000288.73315,SALE,2,3.9,7.8,0.0,0.0,0.0,0.0,126,Spezi,Getränke,,MwSt. 19%,1.19,6.554622,1.245378,Normalverkauf
S1000288.73316,SP1000288.7.73316,SY1000288.2026.73316,iPad1(1000288),288,09.06.26 20:12,Prod,A1000288.7101,,119,S1000288.73316,SALE,2,5.9,11.8,0.0,0.0,0.0,0.0,125,Zitronen-Limonade,Getränke,,MwSt. 19%,1.19,9.915966,1.884034,Normalverkauf
S1000288.73317,SP1000288.7.73317,SY1000288.2026.73317,iPad1(1000288),288,09.06.26 20:12,Prod,A1000288.7101,,119,S1000288.73317,SALE,2,2.8,5.6,0.0,0.0,0.0,0.0,121,Mineralwasser,Getränke,,MwSt. 19%,1.19,4.705882,0.894118,Normalverkauf
S1000288.73318,SP1000288.7.73318,SY1000288.2026.73318,iPad1(1000288),288,09.06.26 13:19,Prod,A1000288.7102,Tisch 6,110,S1000288.73318,SALE,2,10.9,21.8,0.0,0.0,0.0,0.0,104,Thunfisch Wrap,Hauptgerichte,,MwSt. 7%,1.07,20.373832,1.426168,Normalverkauf
S1000288.73319,SP1000288.7.73319,SY1000288.2026.73319,iPad1(1000288),288,09.06.26 13:19,Prod,A1000288.7102,Tisch 6,110,S1000288.73319,SALE,2,6.9,13.8,0.0,0.0,0.0,0.0,103,Fischbrötchen Räucherlachs,Hauptspeisen,,MwSt. 7%,1.07,12.897196,0.902804,Normalverkauf
S1000288.73320,SP1000288.7.73320,SY1000288.2026.73320,iPad1(1000288),288,09.06.26 13:19,Prod,A1000288.7102,Tisch 6,110,S1000288.73320,SALE,2,10.9,21.8,0.0,0.0,0.0,0.0,104,Thunfisch Wrap,Hauptgerichte,,MwSt. 7%,1.07,20.373832,1.426168,Normalverkauf
S1000288.73321,SP1000288.7.73321,SY1000288.2026.73321,iPad1(1000288),288,09.06.26 19:04,Prod,A1000288.7103,Tisch 24,110,S1000288.73321,SALE,1,5.9,5.9,0.0,0.0,0.0,0.0,123,Inger-Limonade,Getränke,,MwSt. 19%,1.19,4.957983,0.942017,Normalverkauf
S1000288.73322,SP1000288.7.73322,SY1000288.2026.73322,iPad1(1000288),288,09.06.26 19:04,Prod,A1000288.7103,Tisch 24,110,S1000288.73322,SALE,1,7.9,7.9,0.0,0.0,0.0,0.0,106,Neptun-Ringe,Beilagen,,MwSt. 7%,1.07,7.383178,0.516822,Normalverkauf
S1000288.73323,SP1000288.7.73323,SY1000288.2026.73323,iPad1(1000288),288,09.06.26 19:04,Prod,A1000288.7103,Tisch 24,110,S1000288.73323,SALE,2,6.5,13.0,0.0,0.0,0.0,0.0,100,Fischbrötchen Backfisch,Hauptspeisen,,MwSt. 7%,1.07,12.149533,0.850467,Normalverkauf
S1000288.73324,SP1000288.7.73324,SY1000288.2026.73324,iPad1(1000288),288,09.06.26 20:25,Prod,A1000288.7104,Tisch 4,110,S1000288.73324,SALE,1,6.5,6.5,0.0,0.0,0.0,0.0,100,Fischbrötchen Backfisch,Hauptspeisen,,MwSt. 7%,1.07,6.074766,0.425234,Normalverkauf
S1000288.73325,SP1000288.7.73325,SY1000288.2026.73325,iPad1(1000288),288,09.06.26 20:25,Prod,A1000288.7104,Tisch 4,110,S1000288.73325,SALE,1,10.9,10.9,0.0,0.0,0.0,0.0,104,Thunfisch Wrap,Hauptgerichte,,MwSt. 7%,1.07,10.186916,0.713084,Normalverkauf
S1000288.73326,SP1000288.7.73326,SY1000288.2026.73326,iPad1(1000288),288,09.06.26 20:25,Prod,A1000288.7104,Tisch 4,110,S1000288.73326,SALE,1,10.9,10.9,0.0,0.0,0.0,0.0,104,Thunfisch Wrap,Hauptgerichte,,MwSt. 7%,1.07,10.186916,0.713084,Normalverkauf
S1000288.73327,SP1000288.7.73327,SY1000288.2026.73327,iPad1(1000288),288,09.06.26 15:56,Prod,A1000288.7105,Tisch 21,101,S1000288.73327,SALE,1,6.5,6.5,0.0,0.0,0.0,0.0,100,Fischbrötchen Backfisch,Hauptspeisen,,MwSt. 7%,1.07,6.074766,0.425234,Normalverkauf
S1000288.73328,SP1000288.7.73328,SY1000288.2026.73328,iPad1(1000288),288,09.06.26 15:56,Prod,A1000288.7105,Tisch 21,101,S1000288.73328,SALE,2,7.9,15.8,0.0,0.0,0.0,0.0,106,Neptun-Ringe,Beilagen,,MwSt. 7%,1.07,14.766355,1.033645,Normalverkauf
S1000288.73329,SP1000288.7.73329,SY1000288.2026.73329,iPad1(1000288),288,09.06.26 15:56,Prod,A1000288.7105,Tisch 21,101,S1000288.73329,SALE,2,4.2,8.4,0.0,0.0,0.0,0.0,122,Bier,Getränke,,MwSt. 19%,1.19,7.058824,1.341176,Normalverkauf
S1000288.73330,SP1000288.7.73330,SY1000288.2026.73330,iPad1(1000288),288,09.06.26 12:01,Prod,A1000288.7106,Tisch 21,101,S1000288.73330,VOID,2,4.2,8.4,0.0,0.0,0.0,0.0,122,Bier,Getränke,,MwSt. 19%,1.19,7.058824,1.341176,Normalverkauf
S1000288.73331,SP1000288.7.73331,SY1000288.2026.73331,iPad1(1000288),288,09.06.26 12:01,Prod,A1000288.7106,Tisch 21,101,S1000288.73331,VOID,1,5.9,5.9,0.0,0.0,0.0,0.0,125,Zitronen-Limonade,Getränke,,MwSt. 19%,1.19,4.957983,0.942017,Normalverkauf
S1000288.73332,SP1000288.7.73332,SY1000288.2026.73332,iPad1(1000288),288,09.06.26 11:25,Prod,A1000288.7107,Tisch 4,110,S1000288.73332,SALE,2,9.8,19.6,0.0,0.0,0.0,0.0,108,Seelachs-Ei-Baugette,Hauptgerichte,,MwSt. 7%,1.07,18.317757,1.282243,Normalverkauf
S1000288.73333,SP1000288.7.73333,SY1000288.2026.73333,iPad1(1000288),288,09.06.26 11:25,Prod,A1000288.7107,Tisch 4,110,S1000288.73333,SALE,2,6.5,13.0,0.0,0.0,0.0,0.0,100,Fischbrötchen Backfisch,Hauptspeisen,,MwSt. 7%,1.07,12.149533,0.850467,Normalverkauf
S1000288.73334,SP1000288.7.73334,SY1000288.2026.73334,iPad1(1000288),288,09.06.26 19:32,Prod,A1000288.7108,Tisch 6,110,S1000288.73334,VOID,2,10.9,21.8,0.0,0.0,0.0,0.0,107,Chicken Burger,Hauptgerichte,,MwSt. 7%,1.07,20.373832,1.426168,Normalverkauf
S1000288.73335,SP1000288.7.73335,SY1000288.2026.73335,iPad1(1000288),288,09.06.26 19:32,Prod,A1000288.7108,Tisch 6,110,S1000288.73335,VOID,2,5.5,11.0,0.0,0.0,0.0,0.0,111,Pommes Frites,Beilagen,,MwSt. 7%,1.07,10.280374,0.719626,Normalverkauf
S1000288.73336,SP1000288.7.73336,SY1000288.2026.73336,iPad1(1000288),288,09.06.26 19:32,Prod,A1000288.7108,Tisch 6,110,S1000288.73336,VOID,1,10.9,10.9,0.0,0.0,0.0,0.0,104,Thunfisch Wrap,Hauptgerichte,,MwSt. 7%,1.07,10.186916,0.713084,Normalverkauf
S1000288.73337,SP1000288.7.73337,SY1000288.2026.73337,iPad1(1000288),288,09.06.26 12:35,Prod,A1000288.7109,Tisch 22,110,S1000288.73337,SALE,1,10.9,10.9,0.0,0.0,0.0,0.0,107,Chicken Burger,Hauptgerichte,,MwSt. 7%,1.07,10.186916,0.713084,Normalverkauf
S1000288.73338,SP1000288.7.73338,SY1000288.2026.73338,iPad1(1000288),288,09.06.26 12:35,Prod,A1000288.7109,Tisch 22,110,S1000288.73338,SALE,1,6.5,6.5,0.0,0.0,0.0,0.0,118,Schokokuchen,Desserts,,MwSt. 7%,1.07,6.074766,0.425234,Normalverkauf
S1000288.73339,SP1000288.7.73339,SY1000288.2026.73339,iPad1(1000288),288,09.06.26 17:44,Prod,A1000288.7110,Tisch 6,101,S1000288.73339,SALE,1,10.9,10.9,0.0,0.0,0.0,0.0,104,Thunfisch Wrap,Hauptgerichte,,MwSt. 7%,1.07,10.186916,0.713084,Normalverkauf
S1000288.73340,SP1000288.7.73340,SY1000288.2026.73340,iPad1(1000288),288,09.06.26 17:44,Prod,A1000288.7110,Tisch 6,101,S1000288.73340,SALE,1,3.9,3.9,0.0,0.0,0.0,0.0,119,Cola,Getränke,,MwSt. 19%,1.19,3.277311,0.622689,Normalverkauf
S1000288.73341,SP1000288.7.73341,SY1000288.2026.73341,iPad1(1000288),288,09.06.26 17:44,Prod,A1000288.7110,Tisch 6,101,S1000288.73341,SALE,1,3.9,3.9,0.0,0.0,0.0,0.0,126,Spezi,Getränke,,MwSt. 19%,1.19,3.277311,0.622689,Normalverkauf
S1000288.73342,SP1000288.7.73342,SY1000288.2026.73342,iPad1(1000288),288,09.06.26 17:12,Prod,A1000288.7111,Tisch 11,110,S1000288.73342,SALE,2,5.9,11.8,0.0,0.0,0.0,0.0,117,Rote Grütze,Desserts,,MwSt. 7%,1.07,11.028037,0.771963,Normalverkauf
S1000288.73343,SP1000288.7.73343,SY1000288.2026.73343,iPad1(1000288),288,09.06.26 17:12,Prod,A1000288.7111,Tisch 11,110,S1000288.73343,SALE,2,10.9,21.8,0.0,0.0,0.0,0.0,109,Bismarck-Baguette,Hauptgerichte,,MwSt. 7%,1.07,20.373832,1.426168,Normalverkauf
S1000288.73344,SP1000288.7.73344,SY1000288.2026.73344,iPad1(1000288),288,09.06.26 12:34,Prod,A1000288.7112,Tisch 15,119,S1000288.73344,SALE,1,11.5,11.5,0.0,0.0,0.0,0.0,105,Garnelen-Kimchi-Bruger,Hauptgerichte,,MwSt. 7%,1.07,10.747664,0.752336,Normalverkauf
S1000288.73345,SP1000288.7.73345,SY1000288.2026.73345,iPad1(1000288),288,09.06.26 12:34,Prod,A1000288.7112,Tisch 15,119,S1000288.73345,SALE,1,6.5,6.5,0.0,0.0,0.0,0.0,100,Fischbrötchen Backfisch,Hauptspeisen,,MwSt. 7%,1.07,6.074766,0.425234,Normalverkauf
S1000288.73346,SP1000288.7.73346,SY1000288.2026.73346,iPad1(1000288),288,09.06.26 13:00,Prod,A1000288.7113,Tisch 10,110,S1000288.73346,SALE,1,11.5,11.5,0.0,0.0,0.0,0.0,105,Garnelen-Kimchi-Bruger,Hauptgerichte,,MwSt. 7%,1.07,10.747664,0.752336,Normalverkauf
S1000288.73347,SP1000288.7.73347,SY1000288.2026.73347,iPad1(1000288),288,09.06.26 15:04,Prod,A1000288.7114,Tisch 11,110,S1000288.73347,SALE,2,2.8,5.6,0.0,0.0,0.0,0.0,121,Mineralwasser,Getränke,,MwSt. 19%,1.19,4.705882,0.894118,Normalverkauf
S1000288.73348,SP1000288.7.73348,SY1000288.2026.73348,iPad1(1000288),288,09.06.26 15:04,Prod,A1000288.7114,Tisch 11,110,S1000288.73348,SALE,1,3.9,3.9,0.0,0.0,0.0,0.0,127,Alkoholfreies Bier,Getränke,,MwSt. 19%,1.19,3.277311,0.622689,Normalverkauf
S1000288.73349,SP1000288.7.73349,SY1000288.2026.73349,iPad1(1000288),288,09.06.26 14:13,Prod,A1000288.7115,Tisch 17,110,S1000288.73349,VOID,2,10.9,21.8,0.0,0.0,0.0,0.0,104,Thunfisch Wrap,Hauptgerichte,,MwSt. 7%,1.07,20.373832,1.426168,Normalverkauf
S1000288.73350,SP1000288.7.73350,SY1000288.2026.73350,iPad1(1000288),288,09.06.26 14:23,Prod,A1000288.7116,Tisch 8,101,S1000288.73350,VOID,2,4.9,9.8,0.0,0.0,0.0,0.0,112,Kartoffelwedges,Beilagen,,MwSt. 7%,1.07,9.158879,0.641121,Normalverkauf
S1000288.73351,SP1000288.7.73351,SY1000288.2026.73351,iPad1(1000288),288,09.06.26 14:23,Prod,A1000288.7116,Tisch 8,101,S1000288.73351,VOID,1,3.9,3.9,0.0,0.0,0.0,0.0,119,Cola,Getränke,,MwSt. 19%,1.19,3.277311,0.622689,Normalverkauf
S1000288.73352,SP1000288.7.73352,SY1000288.2026.73352,iPad1(1000288),288,09.06.26 19:13,Prod,A1000288.7117,Tisch 20,110,S1000288.73352,SALE,1,3.2,3.2,0.0,0.0,0.0,0.0,120,Apfelschorle,Getränke,,MwSt. 19%,1.19,2.689076,0.510924,Normalverkauf
S1000288.73353,SP1000288.7.73353,SY1000288.2026.73353,iPad1(1000288),288,09.06.26 17:03,Prod,A1000288.7118,Tisch 17,119,S1000288.73353,SALE,2,2.8,5.6,0.0,0.0,0.0,0.0,121,Mineralwasser,Getränke,,MwSt. 19%,1.19,4.705882,0.894118,Normalverkauf
S1000288.73354,SP1000288.7.73354,SY1000288.2026.73354,iPad1(1000288),288,09.06.26 17:03,Prod,A1000288.7118,Tisch 17,119,S1000288.73354,SALE,1,4.9,4.9,0.0,0.0,0.0,0.0,112,Kartoffelwedges,Beilagen,,MwSt. 7%,1.07,4.579439,0.320561,Normalverkauf
S1000288.73355,SP1000288.7.73355,SY1000288.2026.73355,iPad1(1000288),288,09.06.26 19:03,Prod,A1000288.7119,Tisch 6,110,S1000288.73355,SALE,2,4.2,8.4,0.0,0.0,0.0,0.0,122,Bier,Getränke,,MwSt. 19%,1.19,7.058824,1.341176,Normalverkauf
S1000288.73356,SP1000288.7.73356,SY1000288.2026.73356,iPad1(1000288),288,09.06.26 19:03,Prod,A1000288.7119,Tisch 6,110,S1000288.73356,SALE,1,10.9,10.9,0.0,0.0,0.0,0.0,107,Chicken Burger,Hauptgerichte,,MwSt. 7%,1.07,10.186916,0.713084,Normalverkauf
S1000288.73357,SP1000288.7.73357,SY1000288.2026.73357,iPad1(1000288),288,09.06.26 18:09,Prod,A1000288.7120,Tisch 13,101,S1000288.73357,SALE,1,3.9,3.9,0.0,0.0,0.0,0.0,119,Cola,Getränke,,MwSt. 19%,1.19,3.277311,0.622689,Normalverkauf
S1000288.73358,SP1000288.7.73358,SY1000288.2026.73358,iPad1(1000288),288,09.06.26 19:48,Prod,A1000288.7121,Tisch 8,116,S1000288.73358,SALE,2,4.2,8.4,0.0,0.0,0.0,0.0,122,Bier,Getränke,,MwSt. 19%,1.19,7.058824,1.341176,Normalverkauf
S1000288.73359,SP1000288.7.73359,SY1000288.2026.73359,iPad1(1000288),288,09.06.26 12:53,Prod,A1000288.7122,Tisch 6,110,S1000288.73359,SALE,1,3.2,3.2,0.0,0.0,0.0,0.0,120,Apfelschorle,Getränke,,MwSt. 19%,1.19,2.689076,0.510924,Normalverkauf
S1000288.73360,SP1000288.7.73360,SY1000288.2026.73360,iPad1(1000288),288,09.06.26 12:53,Prod,A1000288.7122,Tisch 6,110,S1000288.73360,SALE,1,5.9,5.9,0.0,0.0,0.0,0.0,125,Zitronen-Limonade,Getränke,,MwSt. 19%,1.19,4.957983,0.942017,Normalverkauf
S1000288.73361,SP1000288.7.73361,SY1000288.2026.73361,iPad1(1000288),288,09.06.26 13:22,Prod,A1000288.7123,,110,S1000288.73361,SALE,1,5.5,5.5,0.0,0.0,0.0,0.0,111,Pommes Frites,Beilagen,,MwSt. 7%,1.07,5.140187,0.359813,Normalverkauf
S1000288.73362,SP1000288.7.73362,SY1000288.2026.73362,iPad1(1000288),288,09.06.26 13:22,Prod,A1000288.7123,,110,S1000288.73362,SALE,2,10.9,21.8,0.0,0.0,0.0,0.0,109,Bismarck-Baguette,Hauptgerichte,,MwSt. 7%,1.07,20.373832,1.426168,Normalverkauf
S1000288.73363,SP1000288.7.73363,SY1000288.2026.73363,iPad1(1000288),288,09.06.26 11:28,Prod,A1000288.7124,Tisch 24,110,S1000288.73363,SALE,1,11.5,11.5,0.0,0.0,0.0,0.0,105,Garnelen-Kimchi-Bruger,Hauptgerichte,,MwSt. 7%,1.07,10.747664,0.752336,Normalverkauf
S1000288.73364,SP1000288.7.73364,SY1000288.2026.73364,iPad1(1000288),288,09.06.26 11:28,Prod,A1000288.7124,Tisch 24,110,S1000288.73364,SALE,1,14.5,14.5,0.0,0.0,0.0,0.0,101,Lachs,Hauptspeisen,,MwSt. 7%,1.07,13.551402,0.948598,Normalverkauf
S1000288.73365,SP1000288.7.73365,SY1000288.2026.73365,iPad1(1000288),288,09.06.26 11:28,Prod,A1000288.7124,Tisch 24,110,S1000288.73365,SALE,1,3.9,3.9,0.0,0.0,0.0,0.0,124,Cola Zero,Getränke,,MwSt. 19%,1.19,3.277311,0.622689,Normalverkauf
S1000288.73366,SP1000288.7.73366,SY1000288.2026.73366,iPad1(1000288),288,09.06.26 17:53,Prod,A1000288.7125,Tisch 21,107,S1000288.73366,SALE,2,9.8,19.6,0.0,0.0,0.0,0.0,108,Seelachs-Ei-Baugette,Hauptgerichte,,MwSt. 7%,1.07,18.317757,1.282243,Normalverkauf
S1000288.73367,SP1000288.7.73367,SY1000288.2026.73367,iPad1(1000288),288,09.06.26 17:53,Prod,A1000288.7125,Tisch 21,107,S1000288.73367,SALE,2,5.9,11.8,0.0,0.0,0.0,0.0,116,Vanillequark,Desserts,,MwSt. 7%,1.07,11.028037,0.771963,Normalverkauf
S1000288.73368,SP1000288.7.73368,SY1000288.2026.73368,iPad1(1000288),288,09.06.26 13:50,Prod,A1000288.7126,Tisch 20,110,S1000288.73368,SALE,2,5.5,11.0,0.0,0.0,0.0,0.0,111,Pommes Frites,Beilagen,,MwSt. 7%,1.07,10.280374,0.719626,Normalverkauf
S1000288.73369,SP1000288.7.73369,SY1000288.2026.73369,iPad1(1000288),288,09.06.26 19:05,Prod,A1000288.7127,Tisch 6,110,S1000288.73369,SALE,1,11.5,11.5,0.0,0.0,0.0,0.0,105,Garnelen-Kimchi-Bruger,Hauptgerichte,,MwSt. 7%,1.07,10.747664,0.752336,Normalverkauf
S1000288.73370,SP1000288.7.73370,SY1000288.2026.73370,iPad1(1000288),288,09.06.26 19:05,Prod,A1000288.7127,Tisch 6,110,S1000288.73370,SALE,1,6.5,6.5,0.0,0.0,0.0,0.0,100,Fischbrötchen Backfisch,Hauptspeisen,,MwSt. 7%,1.07,6.074766,0.425234,Normalverkauf
S1000288.73371,SP1000288.7.73371,SY1000288.2026.73371,iPad1(1000288),288,09.06.26 19:05,Prod,A1000288.7127,Tisch 6,110,S1000288.73371,SALE,1,5.9,5.9,0.0,0.0,0.0,0.0,117,Rote Grütze,Desserts,,MwSt. 7%,1.07,5.514019,0.385981,Normalverkauf
S1000288.73372,SP1000288.7.73372,SY1000288.2026.73372,iPad1(1000288),288,09.06.26 13:29,Prod,A1000288.7128,Tisch 14,110,S1000288.73372,SALE,1,9.8,9.8,0.0,0.0,0.0,0.0,108,Seelachs-Ei-Baugette,Hauptgerichte,,MwSt. 7%,1.07,9.158879,0.641121,Normalverkauf
S1000288.73373,SP1000288.7.73373,SY1000288.2026.73373,iPad1(1000288),288,09.06.26 13:29,Prod,A1000288.7128,Tisch 14,110,S1000288.73373,SALE,1,7.9,7.9,0.0,0.0,0.0,0.0,106,Neptun-Ringe,Beilagen,,MwSt. 7%,1.07,7.383178,0.516822,Normalverkauf
S1000288.73374,SP1000288.7.73374,SY1000288.2026.73374,iPad1(1000288),288,09.06.26 18:27,Prod,A1000288.7129,Tisch 5,110,S1000288.73374,SALE,2,5.9,11.8,0.0,0.0,0.0,0.0,123,Inger-Limonade,Getränke,,MwSt. 19%,1.19,9.915966,1.884034,Normalverkauf
S1000288.73375,SP1000288.7.73375,SY1000288.2026.73375,iPad1(1000288),288,09.06.26 18:27,Prod,A1000288.7129,Tisch 5,110,S1000288.73375,SALE,2,14.5,29.0,0.0,0.0,0.0,0.0,101,Lachs,Hauptspeisen,,MwSt. 7%,1.07,27.102804,1.897196,Normalverkauf
S1000288.73376,SP1000288.7.73376,SY1000288.2026.73376,iPad1(1000288),288,09.06.26 18:27,Prod,A1000288.7129,Tisch 5,110,S1000288.73376,SALE,2,11.5,23.0,0.0,0.0,0.0,0.0,105,Garnelen-Kimchi-Bruger,Hauptgerichte,,MwSt. 7%,1.07,21.495327,1.504673,Normalverkauf
S1000288.73377,SP1000288.7.73377,SY1000288.2026.73377,iPad1(1000288),288,09.06.26 09:22,Prod,A1000288.7130,Tisch 5,119,S1000288.73377,SALE,2,11.5,23.0,0.0,0.0,0.0,0.0,105,Garnelen-Kimchi-Bruger,Hauptgerichte,,MwSt. 7%,1.07,21.495327,1.504673,Normalverkauf
S1000288.73378,SP1000288.7.73378,SY1000288.2026.73378,iPad1(1000288),288,09.06.26 17:01,Prod,A1000288.7131,Tisch 18,116,S1000288.73378,VOID,2,14.5,29.0,0.0,0.0,0.0,0.0,101,Lachs,Hauptspeisen,,MwSt. 7%,1.07,27.102804,1.897196,Normalverkauf
S1000288.73379,SP1000288.7.73379,SY1000288.2026.73379,iPad1(1000288),288,09.06.26 13:41,Prod,A1000288.7132,,110,S1000288.73379,SALE,2,2.8,5.6,0.0,0.0,0.0,0.0,121,Mineralwasser,Getränke,,MwSt. 19%,1.19,4.705882,0.894118,Normalverkauf
S1000288.73380,SP1000288.7.73380,SY1000288.2026.73380,iPad1(1000288),288,09.06.26 13:41,Prod,A1000288.7132,,110,S1000288.73380,SALE,2,3.9,7.8,0.0,0.0,0.0,0.0,124,Cola Zero,Getränke,,MwSt. 19%,1.19,6.554622,1.245378,Normalverkauf
S1000288.73381,SP1000288.7.73381,SY1000288.2026.73381,iPad1(1000288),288,09.06.26 13:41,Prod,A1000288.7132,,110,S1000288.73381,SALE,2,9.8,19.6,0.0,0.0,0.0,0.0,108,Seelachs-Ei-Baugette,Hauptgerichte,,MwSt. 7%,1.07,18.317757,1.282243,Normalverkauf
S1000288.73382,SP1000288.7.73382,SY1000288.2026.73382,iPad1(1000288),288,09.06.26 10:15,Prod,A1000288.7133,Tisch 5,110,S1000288.73382,SALE,2,11.5,23.0,0.0,0.0,0.0,0.0,105,Garnelen-Kimchi-Bruger,Hauptgerichte,,MwSt. 7%,1.07,21.495327,1.504673,Normalverkauf
S1000288.73383,SP1000288.7.73383,SY1000288.2026.73383,iPad1(1000288),288,09.06.26 10:15,Prod,A1000288.7133,Tisch 5,110,S1000288.73383,SALE,1,11.5,11.5,0.0,0.0,0.0,0.0,105,Garnelen-Kimchi-Bruger,Hauptgerichte,,MwSt. 7%,1.07,10.747664,0.752336,Normalverkauf
S1000288.73384,SP1000288.7.73384,SY1000288.2026.73384,iPad1(1000288),288,09.06.26 10:15,Prod,A1000288.7133,Tisch 5,110,S1000288.73384,SALE,2,14.5,29.0,0.0,0.0,0.0,0.0,101,Lachs,Hauptspeisen,,MwSt. 7%,1.07,27.102804,1.897196,Normalverkauf
S1000288.73385,SP1000288.7.73385,SY1000288.2026.73385,iPad1(1000288),288,09.06.26 18:47,Prod,A1000288.7134,Tisch 23,119,S1000288.73385,SALE,2,3.2,6.4,0.0,0.0,0.0,0.0,120,Apfelschorle,Getränke,,MwSt. 19%,1.19,5.378151,1.021849,Normalverkauf
S1000288.73386,SP1000288.7.73386,SY1000288.2026.73386,iPad1(1000288),288,09.06.26 18:19,Prod,A1000288.7135,Tisch 19,110,S1000288.73386,SALE,2,3.9,7.8,0.0,0.0,0.0,0.0,124,Cola Zero,Getränke,,MwSt. 19%,1.19,6.554622,1.245378,Normalverkauf
S1000288.73387,SP1000288.7.73387,SY1000288.2026.73387,iPad1(1000288),288,09.06.26 12:52,Prod,A1000288.7136,Tisch 3,110,S1000288.73387,SALE,2,4.2,8.4,0.0,0.0,0.0,0.0,122,Bier,Getränke,,MwSt. 19%,1.19,7.058824,1.341176,Normalverkauf
S1000288.73388,SP1000288.7.73388,SY1000288.2026.73388,iPad1(1000288),288,09.06.26 12:52,Prod,A1000288.7136,Tisch 3,110,S1000288.73388,SALE,2,6.5,13.0,0.0,0.0,0.0,0.0,100,Fischbrötchen Backfisch,Hauptspeisen,,MwSt. 7%,1.07,12.149533,0.850467,Normalverkauf
S1000288.73389,SP1000288.7.73389,SY1000288.2026.73389,iPad1(1000288),288,09.06.26 12:52,Prod,A1000288.7136,Tisch 3,110,S1000288.73389,SALE,1,3.9,3.9,0.0,0.0,0.0,0.0,124,Cola Zero,Getränke,,MwSt. 19%,1.19,3.277311,0.622689,Normalverkauf
S1000288.73390,SP1000288.7.73390,SY1000288.2026.73390,iPad1(1000288),288,09.06.26 10:08,Prod,A1000288.7137,Tisch 1,110,S1000288.73390,SALE,1,10.9,10.9,0.0,0.0,0.0,0.0,109,Bismarck-Baguette,Hauptgerichte,,MwSt. 7%,1.07,10.186916,0.713084,Normalverkauf
S1000288.73391,SP1000288.7.73391,SY1000288.2026.73391,iPad1(1000288),288,09.06.26 10:08,Prod,A1000288.7137,Tisch 1,110,S1000288.73391,SALE,1,10.9,10.9,0.0,0.0,0.0,0.0,109,Bismarck-Baguette,Hauptgerichte,,MwSt. 7%,1.07,10.186916,0.713084,Normalverkauf
S1000288.73392,SP1000288.7.73392,SY1000288.2026.73392,iPad1(1000288),288,09.06.26 10:08,Prod,A1000288.7137,Tisch 1,110,S1000288.73392,SALE,1,2.8,2.8,0.0,0.0,0.0,0.0,121,Mineralwasser,Getränke,,MwSt. 19%,1.19,2.352941,0.447059,Normalverkauf
S1000288.73393,SP1000288.7.73393,SY1000288.2026.73393,iPad1(1000288),288,09.06.26 12:16,Prod,A1000288.7138,Tisch 5,119,S1000288.73393,SALE,1,4.2,4.2,0.0,0.0,0.0,0.0,122,Bier,Getränke,,MwSt. 19%,1.19,3.529412,0.670588,Normalverkauf
S1000288.73394,SP1000288.7.73394,SY1000288.2026.73394,iPad1(1000288),288,09.06.26 12:16,Prod,A1000288.7138,Tisch 5,119,S1000288.73394,SALE,1,3.9,3.9,0.0,0.0,0.0,0.0,126,Spezi,Getränke,,MwSt. 19%,1.19,3.277311,0.622689,Normalverkauf
S1000288.73395,SP1000288.7.73395,SY1000288.2026.73395,iPad1(1000288),288,09.06.26 10:22,Prod,A1000288.7139,Tisch 17,110,S1000288.73395,SALE,2,13.5,27.0,0.0,0.0,0.0,0.0,102,Matjes,Hauptspeisen,,MwSt. 7%,1.07,25.233645,1.766355,Normalverkauf
S1000288.73396,SP1000288.7.73396,SY1000288.2026.73396,iPad1(1000288),288,09.06.26 18:27,Prod,A1000288.7140,,119,S1000288.73396,SALE,1,11.5,11.5,0.0,0.0,0.0,0.0,105,Garnelen-Kimchi-Bruger,Hauptgerichte,,MwSt. 7%,1.07,10.747664,0.752336,Normalverkauf
S1000288.73397,SP1000288.7.73397,SY1000288.2026.73397,iPad1(1000288),288,09.06.26 19:38,Prod,A1000288.7141,Tisch 19,101,S1000288.73397,SALE,1,3.2,3.2,0.0,0.0,0.0,0.0,120,Apfelschorle,Getränke,,MwSt. 19%,1.19,2.689076,0.510924,Normalverkauf
S1000288.73398,SP1000288.7.73398,SY1000288.2026.73398,iPad1(1000288),288,09.06.26 19:38,Prod,A1000288.7141,Tisch 19,101,S1000288.73398,SALE,1,3.9,3.9,0.0,0.0,0.0,0.0,119,Cola,Getränke,,MwSt. 19%,1.19,3.277311,0.622689,Normalverkauf
S1000288.73399,SP1000288.7.73399,SY1000288.2026.73399,iPad1(1000288),288,09.06.26 19:38,Prod,A1000288.7141,Tisch 19,101,S1000288.73399,SALE,1,6.5,6.5,0.0,0.0,0.0,0.0,100,Fischbrötchen Backfisch,Hauptspeisen,,MwSt. 7%,1.07,6.074766,0.425234,Normalverkauf
S1000288.73400,SP1000288.7.73400,SY1000288.2026.73400,iPad1(1000288),288,09.06.26 17:24,Prod,A1000288.7142,Tisch 12,101,S1000288.73400,SALE,1,9.8,9.8,0.0,0.0,0.0,0.0,108,Seelachs-Ei-Baugette,Hauptgerichte,,MwSt. 7%,1.07,9.158879,0.641121,Normalverkauf
S1000288.73401,SP1000288.7.73401,SY1000288.2026.73401,iPad1(1000288),288,09.06.26 17:24,Prod,A1000288.7142,Tisch 12,101,S1000288.73401,SALE,1,10.9,10.9,0.0,0.0,0.0,0.0,107,Chicken Burger,Hauptgerichte,,MwSt. 7%,1.07,10.186916,0.713084,Normalverkauf
S1000288.73402,SP1000288.7.73402,SY1000288.2026.73402,iPad1(1000288),288,09.06.26 17:24,Prod,A1000288.7142,Tisch 12,101,S1000288.73402,SALE,1,6.5,6.5,0.0,0.0,0.0,0.0,100,Fischbrötchen Backfisch,Hauptspeisen,,MwSt. 7%,1.07,6.074766,0.425234,Normalverkauf
S1000288.73403,SP1000288.7.73403,SY1000288.2026.73403,iPad1(1000288),288,09.06.26 20:47,Prod,A1000288.7143,,116,S1000288.73403,VOID,2,13.5,27.0,0.0,0.0,0.0,0.0,102,Matjes,Hauptspeisen,,MwSt. 7%,1.07,25.233645,1.766355,Normalverkauf
S1000288.73404,SP1000288.7.73404,SY1000288.2026.73404,iPad1(1000288),288,09.06.26 20:45,Prod,A1000288.7144,Tisch 1,110,S1000288.73404,SALE,2,3.9,7.8,0.0,0.0,0.0,0.0,126,Spezi,Getränke,,MwSt. 19%,1.19,6.554622,1.245378,Normalverkauf
S1000288.73405,SP1000288.7.73405,SY1000288.2026.73405,iPad1(1000288),288,09.06.26 20:47,Prod,A1000288.7145,Tisch 15,116,S1000288.73405,SALE,1,3.2,3.2,0.0,0.0,0.0,0.0,120,Apfelschorle,Getränke,,MwSt. 19%,1.19,2.689076,0.510924,Normalverkauf
S1000288.73406,SP1000288.7.73406,SY1000288.2026.73406,iPad1(1000288),288,09.06.26 20:47,Prod,A1000288.7145,Tisch 15,116,S1000288.73406,SALE,1,4.2,4.2,0.0,0.0,0.0,0.0,122,Bier,Getränke,,MwSt. 19%,1.19,3.529412,0.670588,Normalverkauf
S1000288.73407,SP1000288.7.73407,SY1000288.2026.73407,iPad1(1000288),288,09.06.26 20:47,Prod,A1000288.7145,Tisch 15,116,S1000288.73407,SALE,2,3.9,7.8,0.0,0.0,0.0,0.0,119,Cola,Getränke,,MwSt. 19%,1.19,6.554622,1.245378,Normalverkauf
S1000288.73408,SP1000288.7.73408,SY1000288.2026.73408,iPad1(1000288),288,09.06.26 19:30,Prod,A1000288.7146,Tisch 24,110,S1000288.73408,SALE,2,10.9,21.8,0.0,0.0,0.0,0.0,104,Thunfisch Wrap,Hauptgerichte,,MwSt. 7%,1.07,20.373832,1.426168,Normalverkauf
S1000288.73409,SP1000288.7.73409,SY1000288.2026.73409,iPad1(1000288),288,09.06.26 19:30,Prod,A1000288.7146,Tisch 24,110,S1000288.73409,SALE,1,5.9,5.9,0.0,0.0,0.0,0.0,117,Rote Grütze,Desserts,,MwSt. 7%,1.07,5.514019,0.385981,Normalverkauf
S1000288.73410,SP1000288.7.73410,SY1000288.2026.73410,iPad1(1000288),288,09.06.26 10:31,Prod,A1000288.7147,Tisch 10,110,S1000288.73410,SALE,1,7.9,7.9,0.0,0.0,0.0,0.0,106,Neptun-Ringe,Beilagen,,MwSt. 7%,1.07,7.383178,0.516822,Normalverkauf
S1000288.73411,SP1000288.7.73411,SY1000288.2026.73411,iPad1(1000288),288,10.06.26 18:29,Prod,A1000288.7148,Tisch 18,119,S1000288.73411,SALE,1,3.9,3.9,0.0,0.0,0.0,0.0,127,Alkoholfreies Bier,Getränke,,MwSt. 19%,1.19,3.277311,0.622689,Normalverkauf
S1000288.73412,SP1000288.7.73412,SY1000288.2026.73412,iPad1(1000288),288,10.06.26 18:29,Prod,A1000288.7148,Tisch 18,119,S1000288.73412,SALE,1,7.9,7.9,0.0,0.0,0.0,0.0,106,Neptun-Ringe,Beilagen,,MwSt. 7%,1.07,7.383178,0.516822,Normalverkauf
S1000288.73413,SP1000288.7.73413,SY1000288.2026.73413,iPad1(1000288),288,10.06.26 18:29,Prod,A1000288.7148,Tisch 18,119,S1000288.73413,SALE,1,7.9,7.9,0.0,0.0,0.0,0.0,106,Neptun-Ringe,Beilagen,,MwSt. 7%,1.07,7.383178,0.516822,Normalverkauf
S1000288.73414,SP1000288.7.73414,SY1000288.2026.73414,iPad1(1000288),288,10.06.26 17:46,Prod,A1000288.7149,Tisch 24,107,S1000288.73414,SALE,1,3.9,3.9,0.0,0.0,0.0,0.0,124,Cola Zero,Getränke,,MwSt. 19%,1.19,3.277311,0.622689,Normalverkauf
S1000288.73415,SP1000288.7.73415,SY1000288.2026.73415,iPad1(1000288),288,10.06.26 17:46,Prod,A1000288.7149,Tisch 24,107,S1000288.73415,SALE,1,5.9,5.9,0.0,0.0,0.0,0.0,125,Zitronen-Limonade,Getränke,,MwSt. 19%,1.19,4.957983,0.942017,Normalverkauf
S1000288.73416,SP1000288.7.73416,SY1000288.2026.73416,iPad1(1000288),288,10.06.26 17:46,Prod,A1000288.7149,Tisch 24,107,S1000288.73416,SALE,1,3.9,3.9,0.0,0.0,0.0,0.0,127,Alkoholfreies Bier,Getränke,,MwSt. 19%,1.19,3.277311,0.622689,Normalverkauf
S1000288.73417,SP1000288.7.73417,SY1000288.2026.73417,iPad1(1000288),288,10.06.26 19:53,Prod,A1000288.7150,Tisch 18,110,S1000288.73417,SALE,2,3.9,7.8,0.0,0.0,0.0,0.0,126,Spezi,Getränke,,MwSt. 19%,1.19,6.554622,1.245378,Normalverkauf
S1000288.73418,SP1000288.7.73418,SY1000288.2026.73418,iPad1(1000288),288,10.06.26 19:53,Prod,A1000288.7150,Tisch 18,110,S1000288.73418,SALE,2,6.9,13.8,0.0,0.0,0.0,0.0,103,Fischbrötchen Räucherlachs,Hauptspeisen,,MwSt. 7%,1.07,12.897196,0.902804,Normalverkauf
S1000288.73419,SP1000288.7.73419,SY1000288.2026.73419,iPad1(1000288),288,10.06.26 10:33,Prod,A1000288.7151,Tisch 23,107,S1000288.73419,SALE,2,11.5,23.0,0.0,0.0,0.0,0.0,105,Garnelen-Kimchi-Bruger,Hauptgerichte,,MwSt. 7%,1.07,21.495327,1.504673,Normalverkauf
S1000288.73420,SP1000288.7.73420,SY1000288.2026.73420,iPad1(1000288),288,10.06.26 08:54,Prod,A1000288.7152,Tisch 8,110,S1000288.73420,SALE,2,3.9,7.8,0.0,0.0,0.0,0.0,126,Spezi,Getränke,,MwSt. 19%,1.19,6.554622,1.245378,Normalverkauf
S1000288.73421,SP1000288.7.73421,SY1000288.2026.73421,iPad1(1000288),288,10.06.26 08:54,Prod,A1000288.7152,Tisch 8,110,S1000288.73421,SALE,1,9.8,9.8,0.0,0.0,0.0,0.0,108,Seelachs-Ei-Baugette,Hauptgerichte,,MwSt. 7%,1.07,9.158879,0.641121,Normalverkauf
S1000288.73422,SP1000288.7.73422,SY1000288.2026.73422,iPad1(1000288),288,10.06.26 18:35,Prod,A1000288.7153,,110,S1000288.73422,SALE,1,7.9,7.9,0.0,0.0,0.0,0.0,106,Neptun-Ringe,Beilagen,,MwSt. 7%,1.07,7.383178,0.516822,Normalverkauf
S1000288.73423,SP1000288.7.73423,SY1000288.2026.73423,iPad1(1000288),288,10.06.26 18:35,Prod,A1000288.7153,,110,S1000288.73423,SALE,2,7.9,15.8,0.0,0.0,0.0,0.0,106,Neptun-Ringe,Beilagen,,MwSt. 7%,1.07,14.766355,1.033645,Normalverkauf
S1000288.73424,SP1000288.7.73424,SY1000288.2026.73424,iPad1(1000288),288,10.06.26 18:35,Prod,A1000288.7153,,110,S1000288.73424,SALE,1,11.5,11.5,0.0,0.0,0.0,0.0,105,Garnelen-Kimchi-Bruger,Hauptgerichte,,MwSt. 7%,1.07,10.747664,0.752336,Normalverkauf
S1000288.73425,SP1000288.7.73425,SY1000288.2026.73425,iPad1(1000288),288,10.06.26 12:52,Prod,A1000288.7154,Tisch 14,119,S1000288.73425,SALE,1,14.5,14.5,0.0,0.0,0.0,0.0,101,Lachs,Hauptspeisen,,MwSt. 7%,1.07,13.551402,0.948598,Normalverkauf
S1000288.73426,SP1000288.7.73426,SY1000288.2026.73426,iPad1(1000288),288,10.06.26 15:47,Prod,A1000288.7155,Tisch 8,101,S1000288.73426,SALE,1,14.5,14.5,0.0,0.0,0.0,0.0,101,Lachs,Hauptspeisen,,MwSt. 7%,1.07,13.551402,0.948598,Normalverkauf
S1000288.73427,SP1000288.7.73427,SY1000288.2026.73427,iPad1(1000288),288,10.06.26 11:56,Prod,A1000288.7156,Tisch 9,110,S1000288.73427,SALE,1,2.8,2.8,0.0,0.0,0.0,0.0,121,Mineralwasser,Getränke,,MwSt. 19%,1.19,2.352941,0.447059,Normalverkauf
S1000288.73428,SP1000288.7.73428,SY1000288.2026.73428,iPad1(1000288),288,10.06.26 18:16,Prod,A1000288.7157,Tisch 20,119,S1000288.73428,SALE,1,4.9,4.9,0.0,0.0,0.0,0.0,112,Kartoffelwedges,Beilagen,,MwSt. 7%,1.07,4.579439,0.320561,Normalverkauf
S1000288.73429,SP1000288.7.73429,SY1000288.2026.73429,iPad1(1000288),288,10.06.26 08:41,Prod,A1000288.7158,Tisch 12,110,S1000288.73429,SALE,1,3.9,3.9,0.0,0.0,0.0,0.0,119,Cola,Getränke,,MwSt. 19%,1.19,3.277311,0.622689,Normalverkauf
S1000288.73430,SP1000288.7.73430,SY1000288.2026.73430,iPad1(1000288),288,10.06.26 08:41,Prod,A1000288.7158,Tisch 12,110,S1000288.73430,SALE,1,11.5,11.5,0.0,0.0,0.0,0.0,105,Garnelen-Kimchi-Bruger,Hauptgerichte,,MwSt. 7%,1.07,10.747664,0.752336,Normalverkauf
S1000288.73431,SP1000288.7.73431,SY1000288.2026.73431,iPad1(1000288),288,10.06.26 12:58,Prod,A1000288.7159,Tisch 11,110,S1000288.73431,VOID,2,3.9,7.8,0.0,0.0,0.0,0.0,124,Cola Zero,Getränke,,MwSt. 19%,1.19,6.554622,1.245378,Normalverkauf
S1000288.73432,SP1000288.7.73432,SY1000288.2026.73432,iPad1(1000288),288,10.06.26 12:58,Prod,A1000288.7159,Tisch 11,110,S1000288.73432,VOID,2,5.5,11.0,0.0,0.0,0.0,0.0,114,Fisch Nuggets Box,Beilagen,,MwSt. 7%,1.07,10.280374,0.719626,Normalverkauf
S1000288.73433,SP1000288.7.73433,SY1000288.2026.73433,iPad1(1000288),288,10.06.26 16:10,Prod,A1000288.7160,Tisch 12,110,S1000288.73433,SALE,2,5.5,11.0,0.0,0.0,0.0,0.0,114,Fisch Nuggets Box,Beilagen,,MwSt. 7%,1.07,10.280374,0.719626,Normalverkauf
S1000288.73434,SP1000288.7.73434,SY1000288.2026.73434,iPad1(1000288),288,10.06.26 16:10,Prod,A1000288.7160,Tisch 12,110,S1000288.73434,SALE,1,5.5,5.5,0.0,0.0,0.0,0.0,111,Pommes Frites,Beilagen,,MwSt. 7%,1.07,5.140187,0.359813,Normalverkauf
S1000288.73435,SP1000288.7.73435,SY1000288.2026.73435,iPad1(1000288),288,10.06.26 20:30,Prod,A1000288.7161,Tisch 7,119,S1000288.73435,SALE,2,5.5,11.0,0.0,0.0,0.0,0.0,111,Pommes Frites,Beilagen,,MwSt. 7%,1.07,10.280374,0.719626,Normalverkauf
S1000288.73436,SP1000288.7.73436,SY1000288.2026.73436,iPad1(1000288),288,10.06.26 20:30,Prod,A1000288.7161,Tisch 7,119,S1000288.73436,SALE,2,3.9,7.8,0.0,0.0,0.0,0.0,127,Alkoholfreies Bier,Getränke,,MwSt. 19%,1.19,6.554622,1.245378,Normalverkauf
S1000288.73437,SP1000288.7.73437,SY1000288.2026.73437,iPad1(1000288),288,10.06.26 12:38,Prod,A1000288.7162,Tisch 12,110,S1000288.73437,VOID,1,7.9,7.9,0.0,0.0,0.0,0.0,115,Tiramisu,Desserts,,MwSt. 7%,1.07,7.383178,0.516822,Normalverkauf
S1000288.73438,SP1000288.7.73438,SY1000288.2026.73438,iPad1(1000288),288,10.06.26 12:38,Prod,A1000288.7162,Tisch 12,110,S1000288.73438,VOID,1,3.9,3.9,0.0,0.0,0.0,0.0,126,Spezi,Getränke,,MwSt. 19%,1.19,3.277311,0.622689,Normalverkauf
S1000288.73439,SP1000288.7.73439,SY1000288.2026.73439,iPad1(1000288),288,10.06.26 19:37,Prod,A1000288.7163,Tisch 8,101,S1000288.73439,SALE,2,9.8,19.6,0.0,0.0,0.0,0.0,108,Seelachs-Ei-Baugette,Hauptgerichte,,MwSt. 7%,1.07,18.317757,1.282243,Normalverkauf
S1000288.73440,SP1000288.7.73440,SY1000288.2026.73440,iPad1(1000288),288,10.06.26 15:12,Prod,A1000288.7164,Tisch 23,101,S1000288.73440,SALE,1,3.9,3.9,0.0,0.0,0.0,0.0,119,Cola,Getränke,,MwSt. 19%,1.19,3.277311,0.622689,Normalverkauf
S1000288.73441,SP1000288.7.73441,SY1000288.2026.73441,iPad1(1000288),288,10.06.26 10:47,Prod,A1000288.7165,Tisch 22,119,S1000288.73441,SALE,1,4.2,4.2,0.0,0.0,0.0,0.0,122,Bier,Getränke,,MwSt. 19%,1.19,3.529412,0.670588,Normalverkauf
S1000288.73442,SP1000288.7.73442,SY1000288.2026.73442,iPad1(1000288),288,10.06.26 10:47,Prod,A1000288.7165,Tisch 22,119,S1000288.73442,SALE,1,4.2,4.2,0.0,0.0,0.0,0.0,122,Bier,Getränke,,MwSt. 19%,1.19,3.529412,0.670588,Normalverkauf
S1000288.73443,SP1000288.7.73443,SY1000288.2026.73443,iPad1(1000288),288,10.06.26 10:47,Prod,A1000288.7165,Tisch 22,119,S1000288.73443,SALE,2,2.8,5.6,0.0,0.0,0.0,0.0,121,Mineralwasser,Getränke,,MwSt. 19%,1.19,4.705882,0.894118,Normalverkauf
S1000288.73444,SP1000288.7.73444,SY1000288.2026.73444,iPad1(1000288),288,10.06.26 11:00,Prod,A1000288.7166,Tisch 12,110,S1000288.73444,SALE,2,5.9,11.8,0.0,0.0,0.0,0.0,116,Vanillequark,Desserts,,MwSt. 7%,1.07,11.028037,0.771963,Normalverkauf
S1000288.73445,SP1000288.7.73445,SY1000288.2026.73445,iPad1(1000288),288,10.06.26 11:00,Prod,A1000288.7166,Tisch 12,110,S1000288.73445,SALE,2,5.5,11.0,0.0,0.0,0.0,0.0,111,Pommes Frites,Beilagen,,MwSt. 7%,1.07,10.280374,0.719626,Normalverkauf
S1000288.73446,SP1000288.7.73446,SY1000288.2026.73446,iPad1(1000288),288,10.06.26 11:00,Prod,A1000288.7166,Tisch 12,110,S1000288.73446,SALE,1,5.5,5.5,0.0,0.0,0.0,0.0,114,Fisch Nuggets Box,Beilagen,,MwSt. 7%,1.07,5.140187,0.359813,Normalverkauf
S1000288.73447,SP1000288.7.73447,SY1000288.2026.73447,iPad1(1000288),288,10.06.26 17:19,Prod,A1000288.7167,Tisch 7,110,S1000288.73447,SALE,2,11.5,23.0,0.0,0.0,0.0,0.0,105,Garnelen-Kimchi-Bruger,Hauptgerichte,,MwSt. 7%,1.07,21.495327,1.504673,Normalverkauf
S1000288.73448,SP1000288.7.73448,SY1000288.2026.73448,iPad1(1000288),288,10.06.26 17:19,Prod,A1000288.7167,Tisch 7,110,S1000288.73448,SALE,1,5.5,5.5,0.0,0.0,0.0,0.0,111,Pommes Frites,Beilagen,,MwSt. 7%,1.07,5.140187,0.359813,Normalverkauf
S1000288.73449,SP1000288.7.73449,SY1000288.2026.73449,iPad1(1000288),288,10.06.26 18:20,Prod,A1000288.7168,Tisch 23,110,S1000288.73449,SALE,1,9.8,9.8,0.0,0.0,0.0,0.0,108,Seelachs-Ei-Baugette,Hauptgerichte,,MwSt. 7%,1.07,9.158879,0.641121,Normalverkauf
S1000288.73450,SP1000288.7.73450,SY1000288.2026.73450,iPad1(1000288),288,10.06.26 18:20,Prod,A1000288.7168,Tisch 23,110,S1000288.73450,SALE,1,4.2,4.2,0.0,0.0,0.0,0.0,122,Bier,Getränke,,MwSt. 19%,1.19,3.529412,0.670588,Normalverkauf
S1000288.73451,SP1000288.7.73451,SY1000288.2026.73451,iPad1(1000288),288,10.06.26 18:20,Prod,A1000288.7168,Tisch 23,110,S1000288.73451,SALE,1,3.9,3.9,0.0,0.0,0.0,0.0,126,Spezi,Getränke,,MwSt. 19%,1.19,3.277311,0.622689,Normalverkauf
S1000288.73452,SP1000288.7.73452,SY1000288.2026.73452,iPad1(1000288),288,10.06.26 20:21,Prod,A1000288.7169,Tisch 10,101,S1000288.73452,SALE,2,10.9,21.8,0.0,0.0,0.0,0.0,107,Chicken Burger,Hauptgerichte,,MwSt. 7%,1.07,20.373832,1.426168,Normalverkauf
S1000288.73453,SP1000288.7.73453,SY1000288.2026.73453,iPad1(1000288),288,10.06.26 20:21,Prod,A1000288.7169,Tisch 10,101,S1000288.73453,SALE,1,5.5,5.5,0.0,0.0,0.0,0.0,114,Fisch Nuggets Box,Beilagen,,MwSt. 7%,1.07,5.140187,0.359813,Normalverkauf
S1000288.73454,SP1000288.7.73454,SY1000288.2026.73454,iPad1(1000288),288,10.06.26 17:29,Prod,A1000288.7170,Tisch 5,119,S1000288.73454,VOID,2,6.9,13.8,0.0,0.0,0.0,0.0,103,Fischbrötchen Räucherlachs,Hauptspeisen,,MwSt. 7%,1.07,12.897196,0.902804,Normalverkauf
S1000288.73455,SP1000288.7.73455,SY1000288.2026.73455,iPad1(1000288),288,10.06.26 17:29,Prod,A1000288.7170,Tisch 5,119,S1000288.73455,VOID,2,11.5,23.0,0.0,0.0,0.0,0.0,105,Garnelen-Kimchi-Bruger,Hauptgerichte,,MwSt. 7%,1.07,21.495327,1.504673,Normalverkauf
S1000288.73456,SP1000288.7.73456,SY1000288.2026.73456,iPad1(1000288),288,10.06.26 17:29,Prod,A1000288.7170,Tisch 5,119,S1000288.73456,VOID,1,13.5,13.5,0.0,0.0,0.0,0.0,102,Matjes,Hauptspeisen,,MwSt. 7%,1.07,12.616822,0.883178,Normalverkauf
S1000288.73457,SP1000288.7.73457,SY1000288.2026.73457,iPad1(1000288),288,10.06.26 20:18,Prod,A1000288.7171,Tisch 9,119,S1000288.73457,SALE,1,10.9,10.9,0.0,0.0,0.0,0.0,109,Bismarck-Baguette,Hauptgerichte,,MwSt. 7%,1.07,10.186916,0.713084,Normalverkauf
S1000288.73458,SP1000288.7.73458,SY1000288.2026.73458,iPad1(1000288),288,10.06.26 20:18,Prod,A1000288.7171,Tisch 9,119,S1000288.73458,SALE,1,5.9,5.9,0.0,0.0,0.0,0.0,125,Zitronen-Limonade,Getränke,,MwSt. 19%,1.19,4.957983,0.942017,Normalverkauf
S1000288.73459,SP1000288.7.73459,SY1000288.2026.73459,iPad1(1000288),288,10.06.26 19:51,Prod,A1000288.7172,Tisch 12,110,S1000288.73459,SALE,2,5.5,11.0,0.0,0.0,0.0,0.0,114,Fisch Nuggets Box,Beilagen,,MwSt. 7%,1.07,10.280374,0.719626,Normalverkauf
S1000288.73460,SP1000288.7.73460,SY1000288.2026.73460,iPad1(1000288),288,10.06.26 19:51,Prod,A1000288.7172,Tisch 12,110,S1000288.73460,SALE,2,3.9,7.8,0.0,0.0,0.0,0.0,126,Spezi,Getränke,,MwSt. 19%,1.19,6.554622,1.245378,Normalverkauf
S1000288.73461,SP1000288.7.73461,SY1000288.2026.73461,iPad1(1000288),288,10.06.26 16:56,Prod,A1000288.7173,Tisch 24,116,S1000288.73461,SALE,1,10.9,10.9,0.0,0.0,0.0,0.0,109,Bismarck-Baguette,Hauptgerichte,,MwSt. 7%,1.07,10.186916,0.713084,Normalverkauf
S1000288.73462,SP1000288.7.73462,SY1000288.2026.73462,iPad1(1000288),288,10.06.26 12:07,Prod,A1000288.7174,Tisch 14,116,S1000288.73462,SALE,2,5.9,11.8,0.0,0.0,0.0,0.0,116,Vanillequark,Desserts,,MwSt. 7%,1.07,11.028037,0.771963,Normalverkauf
S1000288.73463,SP1000288.7.73463,SY1000288.2026.73463,iPad1(1000288),288,10.06.26 12:07,Prod,A1000288.7174,Tisch 14,116,S1000288.73463,SALE,1,5.9,5.9,0.0,0.0,0.0,0.0,117,Rote Grütze,Desserts,,MwSt. 7%,1.07,5.514019,0.385981,Normalverkauf
S1000288.73464,SP1000288.7.73464,SY1000288.2026.73464,iPad1(1000288),288,10.06.26 12:07,Prod,A1000288.7174,Tisch 14,116,S1000288.73464,SALE,1,10.9,10.9,0.0,0.0,0.0,0.0,107,Chicken Burger,Hauptgerichte,,MwSt. 7%,1.07,10.186916,0.713084,Normalverkauf
S1000288.73465,SP1000288.7.73465,SY1000288.2026.73465,iPad1(1000288),288,10.06.26 19:24,Prod,A1000288.7175,Tisch 24,107,S1000288.73465,VOID,2,14.5,29.0,0.0,0.0,0.0,0.0,101,Lachs,Hauptspeisen,,MwSt. 7%,1.07,27.102804,1.897196,Normalverkauf
S1000288.73466,SP1000288.7.73466,SY1000288.2026.73466,iPad1(1000288),288,10.06.26 19:24,Prod,A1000288.7175,Tisch 24,107,S1000288.73466,VOID,1,10.9,10.9,0.0,0.0,0.0,0.0,104,Thunfisch Wrap,Hauptgerichte,,MwSt. 7%,1.07,10.186916,0.713084,Normalverkauf
S1000288.73467,SP1000288.7.73467,SY1000288.2026.73467,iPad1(1000288),288,10.06.26 10:55,Prod,A1000288.7176,Tisch 24,119,S1000288.73467,SALE,1,4.2,4.2,0.0,0.0,0.0,0.0,122,Bier,Getränke,,MwSt. 19%,1.19,3.529412,0.670588,Normalverkauf
S1000288.73468,SP1000288.7.73468,SY1000288.2026.73468,iPad1(1000288),288,10.06.26 10:55,Prod,A1000288.7176,Tisch 24,119,S1000288.73468,SALE,2,10.9,21.8,0.0,0.0,0.0,0.0,104,Thunfisch Wrap,Hauptgerichte,,MwSt. 7%,1.07,20.373832,1.426168,Normalverkauf
S1000288.73469,SP1000288.7.73469,SY1000288.2026.73469,iPad1(1000288),288,10.06.26 19:17,Prod,A1000288.7177,Tisch 12,107,S1000288.73469,SALE,2,6.9,13.8,0.0,0.0,0.0,0.0,103,Fischbrötchen Räucherlachs,Hauptspeisen,,MwSt. 7%,1.07,12.897196,0.902804,Normalverkauf
S1000288.73470,SP1000288.7.73470,SY1000288.2026.73470,iPad1(1000288),288,10.06.26 19:17,Prod,A1000288.7177,Tisch 12,107,S1000288.73470,SALE,2,14.5,29.0,0.0,0.0,0.0,0.0,101,Lachs,Hauptspeisen,,MwSt. 7%,1.07,27.102804,1.897196,Normalverkauf
S1000288.73471,SP1000288.7.73471,SY1000288.2026.73471,iPad1(1000288),288,10.06.26 17:27,Prod,A1000288.7178,Tisch 11,110,S1000288.73471,SALE,1,5.9,5.9,0.0,0.0,0.0,0.0,125,Zitronen-Limonade,Getränke,,MwSt. 19%,1.19,4.957983,0.942017,Normalverkauf
S1000288.73472,SP1000288.7.73472,SY1000288.2026.73472,iPad1(1000288),288,10.06.26 17:27,Prod,A1000288.7178,Tisch 11,110,S1000288.73472,SALE,2,11.5,23.0,0.0,0.0,0.0,0.0,105,Garnelen-Kimchi-Bruger,Hauptgerichte,,MwSt. 7%,1.07,21.495327,1.504673,Normalverkauf
S1000288.73473,SP1000288.7.73473,SY1000288.2026.73473,iPad1(1000288),288,10.06.26 13:17,Prod,A1000288.7179,,116,S1000288.73473,SALE,2,11.5,23.0,0.0,0.0,0.0,0.0,105,Garnelen-Kimchi-Bruger,Hauptgerichte,,MwSt. 7%,1.07,21.495327,1.504673,Normalverkauf
S1000288.73474,SP1000288.7.73474,SY1000288.2026.73474,iPad1(1000288),288,10.06.26 19:09,Prod,A1000288.7180,Tisch 9,110,S1000288.73474,SALE,2,11.5,23.0,0.0,0.0,0.0,0.0,105,Garnelen-Kimchi-Bruger,Hauptgerichte,,MwSt. 7%,1.07,21.495327,1.504673,Normalverkauf
S1000288.73475,SP1000288.7.73475,SY1000288.2026.73475,iPad1(1000288),288,10.06.26 12:38,Prod,A1000288.7181,Tisch 6,101,S1000288.73475,SALE,2,3.2,6.4,0.0,0.0,0.0,0.0,120,Apfelschorle,Getränke,,MwSt. 19%,1.19,5.378151,1.021849,Normalverkauf
S1000288.73476,SP1000288.7.73476,SY1000288.2026.73476,iPad1(1000288),288,10.06.26 19:56,Prod,A1000288.7182,Tisch 14,110,S1000288.73476,SALE,1,3.9,3.9,0.0,0.0,0.0,0.0,126,Spezi,Getränke,,MwSt. 19%,1.19,3.277311,0.622689,Normalverkauf
S1000288.73477,SP1000288.7.73477,SY1000288.2026.73477,iPad1(1000288),288,10.06.26 20:49,Prod,A1000288.7183,Tisch 22,119,S1000288.73477,SALE,2,6.9,13.8,0.0,0.0,0.0,0.0,113,Garnelen Box,Beilagen,,MwSt. 7%,1.07,12.897196,0.902804,Normalverkauf
S1000288.73478,SP1000288.7.73478,SY1000288.2026.73478,iPad1(1000288),288,10.06.26 13:57,Prod,A1000288.7184,Tisch 16,119,S1000288.73478,SALE,1,2.8,2.8,0.0,0.0,0.0,0.0,121,Mineralwasser,Getränke,,MwSt. 19%,1.19,2.352941,0.447059,Normalverkauf
S1000288.73479,SP1000288.7.73479,SY1000288.2026.73479,iPad1(1000288),288,10.06.26 17:54,Prod,A1000288.7185,Tisch 24,110,S1000288.73479,SALE,2,10.9,21.8,0.0,0.0,0.0,0.0,107,Chicken Burger,Hauptgerichte,,MwSt. 7%,1.07,20.373832,1.426168,Normalverkauf
S1000288.73480,SP1000288.7.73480,SY1000288.2026.73480,iPad1(1000288),288,10.06.26 17:54,Prod,A1000288.7185,Tisch 24,110,S1000288.73480,SALE,1,3.9,3.9,0.0,0.0,0.0,0.0,119,Cola,Getränke,,MwSt. 19%,1.19,3.277311,0.622689,Normalverkauf
S1000288.73481,SP1000288.7.73481,SY1000288.2026.73481,iPad1(1000288),288,10.06.26 17:54,Prod,A1000288.7185,Tisch 24,110,S1000288.73481,SALE,1,4.2,4.2,0.0,0.0,0.0,0.0,122,Bier,Getränke,,MwSt. 19%,1.19,3.529412,0.670588,Normalverkauf
S1000288.73482,SP1000288.7.73482,SY1000288.2026.73482,iPad1(1000288),288,10.06.26 16:26,Prod,A1000288.7186,,101,S1000288.73482,VOID,1,5.9,5.9,0.0,0.0,0.0,0.0,116,Vanillequark,Desserts,,MwSt. 7%,1.07,5.514019,0.385981,Normalverkauf
S1000288.73483,SP1000288.7.73483,SY1000288.2026.73483,iPad1(1000288),288,10.06.26 20:38,Prod,A1000288.7187,Tisch 20,116,S1000288.73483,SALE,2,10.9,21.8,0.0,0.0,0.0,0.0,109,Bismarck-Baguette,Hauptgerichte,,MwSt. 7%,1.07,20.373832,1.426168,Normalverkauf
S1000288.73484,SP1000288.7.73484,SY1000288.2026.73484,iPad1(1000288),288,10.06.26 20:38,Prod,A1000288.7187,Tisch 20,116,S1000288.73484,SALE,2,10.9,21.8,0.0,0.0,0.0,0.0,104,Thunfisch Wrap,Hauptgerichte,,MwSt. 7%,1.07,20.373832,1.426168,Normalverkauf
S1000288.73485,SP1000288.7.73485,SY1000288.2026.73485,iPad1(1000288),288,10.06.26 18:42,Prod,A1000288.7188,Tisch 24,110,S1000288.73485,SALE,1,9.8,9.8,0.0,0.0,0.0,0.0,108,Seelachs-Ei-Baugette,Hauptgerichte,,MwSt. 7%,1.07,9.158879,0.641121,Normalverkauf
S1000288.73486,SP1000288.7.73486,SY1000288.2026.73486,iPad1(1000288),288,10.06.26 18:42,Prod,A1000288.7188,Tisch 24,110,S1000288.73486,SALE,2,11.9,23.8,0.0,0.0,0.0,0.0,110,Matjes-Baguette,Hauptgerichte,,MwSt. 7%,1.07,22.242991,1.557009,Normalverkauf
S1000288.73487,SP1000288.7.73487,SY1000288.2026.73487,iPad1(1000288),288,10.06.26 18:42,Prod,A1000288.7188,Tisch 24,110,S1000288.73487,SALE,2,2.8,5.6,0.0,0.0,0.0,0.0,121,Mineralwasser,Getränke,,MwSt. 19%,1.19,4.705882,0.894118,Normalverkauf
S1000288.73488,SP1000288.7.73488,SY1000288.2026.73488,iPad1(1000288),288,10.06.26 19:48,Prod,A1000288.7189,Tisch 9,101,S1000288.73488,SALE,2,10.9,21.8,0.0,0.0,0.0,0.0,104,Thunfisch Wrap,Hauptgerichte,,MwSt. 7%,1.07,20.373832,1.426168,Normalverkauf
S1000288.73489,SP1000288.7.73489,SY1000288.2026.73489,iPad1(1000288),288,10.06.26 19:48,Prod,A1000288.7189,Tisch 9,101,S1000288.73489,SALE,2,11.5,23.0,0.0,0.0,0.0,0.0,105,Garnelen-Kimchi-Bruger,Hauptgerichte,,MwSt. 7%,1.07,21.495327,1.504673,Normalverkauf
S1000288.73490,SP1000288.7.73490,SY1000288.2026.73490,iPad1(1000288),288,10.06.26 19:18,Prod,A1000288.7190,Tisch 21,110,S1000288.73490,SALE,1,10.9,10.9,0.0,0.0,0.0,0.0,107,Chicken Burger,Hauptgerichte,,MwSt. 7%,1.07,10.186916,0.713084,Normalverkauf
S1000288.73491,SP1000288.7.73491,SY1000288.2026.73491,iPad1(1000288),288,10.06.26 18:28,Prod,A1000288.7191,Tisch 4,107,S1000288.73491,SALE,2,14.5,29.0,0.0,0.0,0.0,0.0,101,Lachs,Hauptspeisen,,MwSt. 7%,1.07,27.102804,1.897196,Normalverkauf
S1000288.73492,SP1000288.7.73492,SY1000288.2026.73492,iPad1(1000288),288,10.06.26 18:28,Prod,A1000288.7191,Tisch 4,107,S1000288.73492,SALE,2,10.9,21.8,0.0,0.0,0.0,0.0,104,Thunfisch Wrap,Hauptgerichte,,MwSt. 7%,1.07,20.373832,1.426168,Normalverkauf
S1000288.73493,SP1000288.7.73493,SY1000288.2026.73493,iPad1(1000288),288,10.06.26 18:28,Prod,A1000288.7191,Tisch 4,107,S1000288.73493,SALE,2,10.9,21.8,0.0,0.0,0.0,0.0,107,Chicken Burger,Hauptgerichte,,MwSt. 7%,1.07,20.373832,1.426168,Normalverkauf
S1000288.73494,SP1000288.7.73494,SY1000288.2026.73494,iPad1(1000288),288,10.06.26 11:40,Prod,A1000288.7192,Tisch 16,107,S1000288.73494,SALE,1,3.9,3.9,0.0,0.0,0.0,0.0,119,Cola,Getränke,,MwSt. 19%,1.19,3.277311,0.622689,Normalverkauf
S1000288.73495,SP1000288.7.73495,SY1000288.2026.73495,iPad1(1000288),288,10.06.26 19:27,Prod,A1000288.7193,,119,S1000288.73495,SALE,2,2.8,5.6,0.0,0.0,0.0,0.0,121,Mineralwasser,Getränke,,MwSt. 19%,1.19,4.705882,0.894118,Normalverkauf
S1000288.73496,SP1000288.7.73496,SY1000288.2026.73496,iPad1(1000288),288,10.06.26 19:27,Prod,A1000288.7193,,119,S1000288.73496,SALE,1,5.5,5.5,0.0,0.0,0.0,0.0,114,Fisch Nuggets Box,Beilagen,,MwSt. 7%,1.07,5.140187,0.359813,Normalverkauf
S1000288.73497,SP1000288.7.73497,SY1000288.2026.73497,iPad1(1000288),288,10.06.26 19:27,Prod,A1000288.7193,,119,S1000288.73497,SALE,2,10.9,21.8,0.0,0.0,0.0,0.0,104,Thunfisch Wrap,Hauptgerichte,,MwSt. 7%,1.07,20.373832,1.426168,Normalverkauf
S1000288.73498,SP1000288.7.73498,SY1000288.2026.73498,iPad1(1000288),288,11.06.26 13:35,Prod,A1000288.7194,Tisch 9,107,S1000288.73498,SALE,1,2.8,2.8,0.0,0.0,0.0,0.0,121,Mineralwasser,Getränke,,MwSt. 19%,1.19,2.352941,0.447059,Normalverkauf
S1000288.73499,SP1000288.7.73499,SY1000288.2026.73499,iPad1(1000288),288,11.06.26 17:08,Prod,A1000288.7195,Tisch 17,110,S1000288.73499,SALE,1,7.9,7.9,0.0,0.0,0.0,0.0,115,Tiramisu,Desserts,,MwSt. 7%,1.07,7.383178,0.516822,Normalverkauf
S1000288.73500,SP1000288.7.73500,SY1000288.2026.73500,iPad1(1000288),288,11.06.26 17:08,Prod,A1000288.7195,Tisch 17,110,S1000288.73500,SALE,1,5.5,5.5,0.0,0.0,0.0,0.0,111,Pommes Frites,Beilagen,,MwSt. 7%,1.07,5.140187,0.359813,Normalverkauf
S1000288.73501,SP1000288.7.73501,SY1000288.2026.73501,iPad1(1000288),288,11.06.26 17:15,Prod,A1000288.7196,Tisch 21,110,S1000288.73501,SALE,2,6.5,13.0,0.0,0.0,0.0,0.0,100,Fischbrötchen Backfisch,Hauptspeisen,,MwSt. 7%,1.07,12.149533,0.850467,Normalverkauf
S1000288.73502,SP1000288.7.73502,SY1000288.2026.73502,iPad1(1000288),288,11.06.26 17:18,Prod,A1000288.7197,Tisch 19,119,S1000288.73502,SALE,1,13.5,13.5,0.0,0.0,0.0,0.0,102,Matjes,Hauptspeisen,,MwSt. 7%,1.07,12.616822,0.883178,Normalverkauf
S1000288.73503,SP1000288.7.73503,SY1000288.2026.73503,iPad1(1000288),288,11.06.26 12:05,Prod,A1000288.7198,Tisch 7,110,S1000288.73503,SALE,2,5.5,11.0,0.0,0.0,0.0,0.0,111,Pommes Frites,Beilagen,,MwSt. 7%,1.07,10.280374,0.719626,Normalverkauf
S1000288.73504,SP1000288.7.73504,SY1000288.2026.73504,iPad1(1000288),288,11.06.26 12:05,Prod,A1000288.7198,Tisch 7,110,S1000288.73504,SALE,2,3.2,6.4,0.0,0.0,0.0,0.0,120,Apfelschorle,Getränke,,MwSt. 19%,1.19,5.378151,1.021849,Normalverkauf
S1000288.73505,SP1000288.7.73505,SY1000288.2026.73505,iPad1(1000288),288,11.06.26 12:05,Prod,A1000288.7198,Tisch 7,110,S1000288.73505,SALE,1,10.9,10.9,0.0,0.0,0.0,0.0,107,Chicken Burger,Hauptgerichte,,MwSt. 7%,1.07,10.186916,0.713084,Normalverkauf
S1000288.73506,SP1000288.7.73506,SY1000288.2026.73506,iPad1(1000288),288,11.06.26 16:15,Prod,A1000288.7199,Tisch 14,107,S1000288.73506,SALE,1,3.9,3.9,0.0,0.0,0.0,0.0,124,Cola Zero,Getränke,,MwSt. 19%,1.19,3.277311,0.622689,Normalverkauf
S1000288.73507,SP1000288.7.73507,SY1000288.2026.73507,iPad1(1000288),288,11.06.26 19:45,Prod,A1000288.7200,Tisch 22,107,S1000288.73507,SALE,1,2.8,2.8,0.0,0.0,0.0,0.0,121,Mineralwasser,Getränke,,MwSt. 19%,1.19,2.352941,0.447059,Normalverkauf
S1000288.73508,SP1000288.7.73508,SY1000288.2026.73508,iPad1(1000288),288,11.06.26 19:24,Prod,A1000288.7201,Tisch 7,119,S1000288.73508,SALE,2,4.2,8.4,0.0,0.0,0.0,0.0,122,Bier,Getränke,,MwSt. 19%,1.19,7.058824,1.341176,Normalverkauf
S1000288.73509,SP1000288.7.73509,SY1000288.2026.73509,iPad1(1000288),288,11.06.26 19:24,Prod,A1000288.7201,Tisch 7,119,S1000288.73509,SALE,2,3.9,7.8,0.0,0.0,0.0,0.0,126,Spezi,Getränke,,MwSt. 19%,1.19,6.554622,1.245378,Normalverkauf
S1000288.73510,SP1000288.7.73510,SY1000288.2026.73510,iPad1(1000288),288,11.06.26 19:24,Prod,A1000288.7201,Tisch 7,119,S1000288.73510,SALE,1,5.9,5.9,0.0,0.0,0.0,0.0,123,Inger-Limonade,Getränke,,MwSt. 19%,1.19,4.957983,0.942017,Normalverkauf
S1000288.73511,SP1000288.7.73511,SY1000288.2026.73511,iPad1(1000288),288,11.06.26 11:22,Prod,A1000288.7202,Tisch 5,101,S1000288.73511,SALE,2,3.9,7.8,0.0,0.0,0.0,0.0,119,Cola,Getränke,,MwSt. 19%,1.19,6.554622,1.245378,Normalverkauf
S1000288.73512,SP1000288.7.73512,SY1000288.2026.73512,iPad1(1000288),288,11.06.26 19:41,Prod,A1000288.7203,Tisch 24,107,S1000288.73512,SALE,1,14.5,14.5,0.0,0.0,0.0,0.0,101,Lachs,Hauptspeisen,,MwSt. 7%,1.07,13.551402,0.948598,Normalverkauf
S1000288.73513,SP1000288.7.73513,SY1000288.2026.73513,iPad1(1000288),288,11.06.26 19:41,Prod,A1000288.7203,Tisch 24,107,S1000288.73513,SALE,1,10.9,10.9,0.0,0.0,0.0,0.0,107,Chicken Burger,Hauptgerichte,,MwSt. 7%,1.07,10.186916,0.713084,Normalverkauf
S1000288.73514,SP1000288.7.73514,SY1000288.2026.73514,iPad1(1000288),288,11.06.26 12:34,Prod,A1000288.7204,Tisch 23,116,S1000288.73514,SALE,1,4.2,4.2,0.0,0.0,0.0,0.0,122,Bier,Getränke,,MwSt. 19%,1.19,3.529412,0.670588,Normalverkauf
S1000288.73515,SP1000288.7.73515,SY1000288.2026.73515,iPad1(1000288),288,11.06.26 12:34,Prod,A1000288.7204,Tisch 23,116,S1000288.73515,SALE,2,2.8,5.6,0.0,0.0,0.0,0.0,121,Mineralwasser,Getränke,,MwSt. 19%,1.19,4.705882,0.894118,Normalverkauf
S1000288.73516,SP1000288.7.73516,SY1000288.2026.73516,iPad1(1000288),288,11.06.26 12:34,Prod,A1000288.7204,Tisch 23,116,S1000288.73516,SALE,1,11.9,11.9,0.0,0.0,0.0,0.0,110,Matjes-Baguette,Hauptgerichte,,MwSt. 7%,1.07,11.121495,0.778505,Normalverkauf
S1000288.73517,SP1000288.7.73517,SY1000288.2026.73517,iPad1(1000288),288,11.06.26 12:06,Prod,A1000288.7205,Tisch 19,110,S1000288.73517,SALE,1,6.9,6.9,0.0,0.0,0.0,0.0,103,Fischbrötchen Räucherlachs,Hauptspeisen,,MwSt. 7%,1.07,6.448598,0.451402,Normalverkauf
S1000288.73518,SP1000288.7.73518,SY1000288.2026.73518,iPad1(1000288),288,11.06.26 12:06,Prod,A1000288.7205,Tisch 19,110,S1000288.73518,SALE,2,3.9,7.8,0.0,0.0,0.0,0.0,119,Cola,Getränke,,MwSt. 19%,1.19,6.554622,1.245378,Normalverkauf
S1000288.73519,SP1000288.7.73519,SY1000288.2026.73519,iPad1(1000288),288,11.06.26 12:06,Prod,A1000288.7205,Tisch 19,110,S1000288.73519,SALE,1,3.2,3.2,0.0,0.0,0.0,0.0,120,Apfelschorle,Getränke,,MwSt. 19%,1.19,2.689076,0.510924,Normalverkauf
S1000288.73520,SP1000288.7.73520,SY1000288.2026.73520,iPad1(1000288),288,11.06.26 10:26,Prod,A1000288.7206,Tisch 4,119,S1000288.73520,SALE,2,3.9,7.8,0.0,0.0,0.0,0.0,124,Cola Zero,Getränke,,MwSt. 19%,1.19,6.554622,1.245378,Normalverkauf
S1000288.73521,SP1000288.7.73521,SY1000288.2026.73521,iPad1(1000288),288,11.06.26 10:26,Prod,A1000288.7206,Tisch 4,119,S1000288.73521,SALE,2,3.9,7.8,0.0,0.0,0.0,0.0,124,Cola Zero,Getränke,,MwSt. 19%,1.19,6.554622,1.245378,Normalverkauf
S1000288.73522,SP1000288.7.73522,SY1000288.2026.73522,iPad1(1000288),288,11.06.26 15:06,Prod,A1000288.7207,,110,S1000288.73522,SALE,2,10.9,21.8,0.0,0.0,0.0,0.0,107,Chicken Burger,Hauptgerichte,,MwSt. 7%,1.07,20.373832,1.426168,Normalverkauf
S1000288.73523,SP1000288.7.73523,SY1000288.2026.73523,iPad1(1000288),288,11.06.26 17:32,Prod,A1000288.7208,Tisch 7,107,S1000288.73523,SALE,2,3.9,7.8,0.0,0.0,0.0,0.0,119,Cola,Getränke,,MwSt. 19%,1.19,6.554622,1.245378,Normalverkauf
S1000288.73524,SP1000288.7.73524,SY1000288.2026.73524,iPad1(1000288),288,11.06.26 17:32,Prod,A1000288.7208,Tisch 7,107,S1000288.73524,SALE,1,3.9,3.9,0.0,0.0,0.0,0.0,127,Alkoholfreies Bier,Getränke,,MwSt. 19%,1.19,3.277311,0.622689,Normalverkauf
S1000288.73525,SP1000288.7.73525,SY1000288.2026.73525,iPad1(1000288),288,11.06.26 17:32,Prod,A1000288.7208,Tisch 7,107,S1000288.73525,SALE,2,3.9,7.8,0.0,0.0,0.0,0.0,119,Cola,Getränke,,MwSt. 19%,1.19,6.554622,1.245378,Normalverkauf
S1000288.73526,SP1000288.7.73526,SY1000288.2026.73526,iPad1(1000288),288,11.06.26 11:27,Prod,A1000288.7209,,107,S1000288.73526,SALE,2,3.9,7.8,0.0,0.0,0.0,0.0,126,Spezi,Getränke,,MwSt. 19%,1.19,6.554622,1.245378,Normalverkauf
S1000288.73527,SP1000288.7.73527,SY1000288.2026.73527,iPad1(1000288),288,11.06.26 11:27,Prod,A1000288.7209,,107,S1000288.73527,SALE,1,5.9,5.9,0.0,0.0,0.0,0.0,123,Inger-Limonade,Getränke,,MwSt. 19%,1.19,4.957983,0.942017,Normalverkauf
S1000288.73528,SP1000288.7.73528,SY1000288.2026.73528,iPad1(1000288),288,11.06.26 11:27,Prod,A1000288.7209,,107,S1000288.73528,SALE,1,4.2,4.2,0.0,0.0,0.0,0.0,122,Bier,Getränke,,MwSt. 19%,1.19,3.529412,0.670588,Normalverkauf
S1000288.73529,SP1000288.7.73529,SY1000288.2026.73529,iPad1(1000288),288,11.06.26 18:36,Prod,A1000288.7210,Tisch 7,107,S1000288.73529,SALE,1,3.9,3.9,0.0,0.0,0.0,0.0,119,Cola,Getränke,,MwSt. 19%,1.19,3.277311,0.622689,Normalverkauf
S1000288.73530,SP1000288.7.73530,SY1000288.2026.73530,iPad1(1000288),288,11.06.26 18:36,Prod,A1000288.7210,Tisch 7,107,S1000288.73530,SALE,1,2.8,2.8,0.0,0.0,0.0,0.0,121,Mineralwasser,Getränke,,MwSt. 19%,1.19,2.352941,0.447059,Normalverkauf
S1000288.73531,SP1000288.7.73531,SY1000288.2026.73531,iPad1(1000288),288,11.06.26 19:23,Prod,A1000288.7211,Tisch 16,116,S1000288.73531,SALE,1,3.9,3.9,0.0,0.0,0.0,0.0,126,Spezi,Getränke,,MwSt. 19%,1.19,3.277311,0.622689,Normalverkauf
S1000288.73532,SP1000288.7.73532,SY1000288.2026.73532,iPad1(1000288),288,11.06.26 19:23,Prod,A1000288.7211,Tisch 16,116,S1000288.73532,SALE,2,3.9,7.8,0.0,0.0,0.0,0.0,124,Cola Zero,Getränke,,MwSt. 19%,1.19,6.554622,1.245378,Normalverkauf
S1000288.73533,SP1000288.7.73533,SY1000288.2026.73533,iPad1(1000288),288,11.06.26 19:23,Prod,A1000288.7211,Tisch 16,116,S1000288.73533,SALE,1,5.9,5.9,0.0,0.0,0.0,0.0,125,Zitronen-Limonade,Getränke,,MwSt. 19%,1.19,4.957983,0.942017,Normalverkauf
S1000288.73534,SP1000288.7.73534,SY1000288.2026.73534,iPad1(1000288),288,11.06.26 17:27,Prod,A1000288.7212,Tisch 12,107,S1000288.73534,SALE,1,14.5,14.5,0.0,0.0,0.0,0.0,101,Lachs,Hauptspeisen,,MwSt. 7%,1.07,13.551402,0.948598,Normalverkauf
S1000288.73535,SP1000288.7.73535,SY1000288.2026.73535,iPad1(1000288),288,11.06.26 12:53,Prod,A1000288.7213,,116,S1000288.73535,SALE,1,5.9,5.9,0.0,0.0,0.0,0.0,125,Zitronen-Limonade,Getränke,,MwSt. 19%,1.19,4.957983,0.942017,Normalverkauf
S1000288.73536,SP1000288.7.73536,SY1000288.2026.73536,iPad1(1000288),288,11.06.26 19:41,Prod,A1000288.7214,Tisch 24,119,S1000288.73536,SALE,2,6.9,13.8,0.0,0.0,0.0,0.0,113,Garnelen Box,Beilagen,,MwSt. 7%,1.07,12.897196,0.902804,Normalverkauf
S1000288.73537,SP1000288.7.73537,SY1000288.2026.73537,iPad1(1000288),288,11.06.26 19:41,Prod,A1000288.7214,Tisch 24,119,S1000288.73537,SALE,1,7.9,7.9,0.0,0.0,0.0,0.0,106,Neptun-Ringe,Beilagen,,MwSt. 7%,1.07,7.383178,0.516822,Normalverkauf
S1000288.73538,SP1000288.7.73538,SY1000288.2026.73538,iPad1(1000288),288,11.06.26 19:41,Prod,A1000288.7214,Tisch 24,119,S1000288.73538,SALE,2,13.5,27.0,0.0,0.0,0.0,0.0,102,Matjes,Hauptspeisen,,MwSt. 7%,1.07,25.233645,1.766355,Normalverkauf
S1000288.73539,SP1000288.7.73539,SY1000288.2026.73539,iPad1(1000288),288,11.06.26 11:52,Prod,A1000288.7215,Tisch 10,101,S1000288.73539,SALE,1,14.5,14.5,0.0,0.0,0.0,0.0,101,Lachs,Hauptspeisen,,MwSt. 7%,1.07,13.551402,0.948598,Normalverkauf
S1000288.73540,SP1000288.7.73540,SY1000288.2026.73540,iPad1(1000288),288,11.06.26 11:52,Prod,A1000288.7215,Tisch 10,101,S1000288.73540,SALE,2,3.2,6.4,0.0,0.0,0.0,0.0,120,Apfelschorle,Getränke,,MwSt. 19%,1.19,5.378151,1.021849,Normalverkauf
S1000288.73541,SP1000288.7.73541,SY1000288.2026.73541,iPad1(1000288),288,11.06.26 19:42,Prod,A1000288.7216,Tisch 18,110,S1000288.73541,VOID,1,5.9,5.9,0.0,0.0,0.0,0.0,117,Rote Grütze,Desserts,,MwSt. 7%,1.07,5.514019,0.385981,Normalverkauf
S1000288.73542,SP1000288.7.73542,SY1000288.2026.73542,iPad1(1000288),288,11.06.26 19:42,Prod,A1000288.7216,Tisch 18,110,S1000288.73542,VOID,1,11.5,11.5,0.0,0.0,0.0,0.0,105,Garnelen-Kimchi-Bruger,Hauptgerichte,,MwSt. 7%,1.07,10.747664,0.752336,Normalverkauf
S1000288.73543,SP1000288.7.73543,SY1000288.2026.73543,iPad1(1000288),288,11.06.26 19:42,Prod,A1000288.7216,Tisch 18,110,S1000288.73543,VOID,2,3.9,7.8,0.0,0.0,0.0,0.0,126,Spezi,Getränke,,MwSt. 19%,1.19,6.554622,1.245378,Normalverkauf
S1000288.73544,SP1000288.7.73544,SY1000288.2026.73544,iPad1(1000288),288,11.06.26 08:38,Prod,A1000288.7217,Tisch 12,119,S1000288.73544,VOID,1,6.5,6.5,0.0,0.0,0.0,0.0,100,Fischbrötchen Backfisch,Hauptspeisen,,MwSt. 7%,1.07,6.074766,0.425234,Normalverkauf
S1000288.73545,SP1000288.7.73545,SY1000288.2026.73545,iPad1(1000288),288,11.06.26 19:20,Prod,A1000288.7218,Tisch 12,116,S1000288.73545,SALE,1,11.5,11.5,0.0,0.0,0.0,0.0,105,Garnelen-Kimchi-Bruger,Hauptgerichte,,MwSt. 7%,1.07,10.747664,0.752336,Normalverkauf
S1000288.73546,SP1000288.7.73546,SY1000288.2026.73546,iPad1(1000288),288,11.06.26 19:20,Prod,A1000288.7218,Tisch 12,116,S1000288.73546,SALE,1,6.9,6.9,0.0,0.0,0.0,0.0,113,Garnelen Box,Beilagen,,MwSt. 7%,1.07,6.448598,0.451402,Normalverkauf
S1000288.73547,SP1000288.7.73547,SY1000288.2026.73547,iPad1(1000288),288,11.06.26 12:34,Prod,A1000288.7219,Tisch 7,110,S1000288.73547,SALE,2,11.5,23.0,0.0,0.0,0.0,0.0,105,Garnelen-Kimchi-Bruger,Hauptgerichte,,MwSt. 7%,1.07,21.495327,1.504673,Normalverkauf
S1000288.73548,SP1000288.7.73548,SY1000288.2026.73548,iPad1(1000288),288,11.06.26 12:34,Prod,A1000288.7219,Tisch 7,110,S1000288.73548,SALE,1,5.5,5.5,0.0,0.0,0.0,0.0,111,Pommes Frites,Beilagen,,MwSt. 7%,1.07,5.140187,0.359813,Normalverkauf
S1000288.73549,SP1000288.7.73549,SY1000288.2026.73549,iPad1(1000288),288,11.06.26 12:34,Prod,A1000288.7219,Tisch 7,110,S1000288.73549,SALE,2,10.9,21.8,0.0,0.0,0.0,0.0,109,Bismarck-Baguette,Hauptgerichte,,MwSt. 7%,1.07,20.373832,1.426168,Normalverkauf
S1000288.73550,SP1000288.7.73550,SY1000288.2026.73550,iPad1(1000288),288,11.06.26 19:58,Prod,A1000288.7220,Tisch 24,110,S1000288.73550,SALE,1,4.2,4.2,0.0,0.0,0.0,0.0,122,Bier,Getränke,,MwSt. 19%,1.19,3.529412,0.670588,Normalverkauf
S1000288.73551,SP1000288.7.73551,SY1000288.2026.73551,iPad1(1000288),288,11.06.26 12:13,Prod,A1000288.7221,,110,S1000288.73551,SALE,2,5.5,11.0,0.0,0.0,0.0,0.0,111,Pommes Frites,Beilagen,,MwSt. 7%,1.07,10.280374,0.719626,Normalverkauf
S1000288.73552,SP1000288.7.73552,SY1000288.2026.73552,iPad1(1000288),288,11.06.26 12:13,Prod,A1000288.7221,,110,S1000288.73552,SALE,1,6.5,6.5,0.0,0.0,0.0,0.0,100,Fischbrötchen Backfisch,Hauptspeisen,,MwSt. 7%,1.07,6.074766,0.425234,Normalverkauf
S1000288.73553,SP1000288.7.73553,SY1000288.2026.73553,iPad1(1000288),288,11.06.26 12:13,Prod,A1000288.7221,,110,S1000288.73553,SALE,2,3.9,7.8,0.0,0.0,0.0,0.0,127,Alkoholfreies Bier,Getränke,,MwSt. 19%,1.19,6.554622,1.245378,Normalverkauf
S1000288.73554,SP1000288.7.73554,SY1000288.2026.73554,iPad1(1000288),288,11.06.26 10:23,Prod,A1000288.7222,Tisch 10,110,S1000288.73554,SALE,2,5.5,11.0,0.0,0.0,0.0,0.0,111,Pommes Frites,Beilagen,,MwSt. 7%,1.07,10.280374,0.719626,Normalverkauf
S1000288.73555,SP1000288.7.73555,SY1000288.2026.73555,iPad1(1000288),288,11.06.26 16:07,Prod,A1000288.7223,Tisch 24,101,S1000288.73555,SALE,2,4.2,8.4,0.0,0.0,0.0,0.0,122,Bier,Getränke,,MwSt. 19%,1.19,7.058824,1.341176,Normalverkauf
S1000288.73556,SP1000288.7.73556,SY1000288.2026.73556,iPad1(1000288),288,11.06.26 20:35,Prod,A1000288.7224,Tisch 15,119,S1000288.73556,SALE,2,2.8,5.6,0.0,0.0,0.0,0.0,121,Mineralwasser,Getränke,,MwSt. 19%,1.19,4.705882,0.894118,Normalverkauf
S1000288.73557,SP1000288.7.73557,SY1000288.2026.73557,iPad1(1000288),288,11.06.26 17:53,Prod,A1000288.7225,Tisch 24,110,S1000288.73557,SALE,1,5.9,5.9,0.0,0.0,0.0,0.0,117,Rote Grütze,Desserts,,MwSt. 7%,1.07,5.514019,0.385981,Normalverkauf
S1000288.73558,SP1000288.7.73558,SY1000288.2026.73558,iPad1(1000288),288,11.06.26 17:53,Prod,A1000288.7225,Tisch 24,110,S1000288.73558,SALE,1,5.5,5.5,0.0,0.0,0.0,0.0,111,Pommes Frites,Beilagen,,MwSt. 7%,1.07,5.140187,0.359813,Normalverkauf
S1000288.73559,SP1000288.7.73559,SY1000288.2026.73559,iPad1(1000288),288,11.06.26 15:42,Prod,A1000288.7226,Tisch 11,110,S1000288.73559,VOID,2,5.9,11.8,0.0,0.0,0.0,0.0,125,Zitronen-Limonade,Getränke,,MwSt. 19%,1.19,9.915966,1.884034,Normalverkauf
S1000288.73560,SP1000288.7.73560,SY1000288.2026.73560,iPad1(1000288),288,11.06.26 11:19,Prod,A1000288.7227,Tisch 1,119,S1000288.73560,SALE,2,10.9,21.8,0.0,0.0,0.0,0.0,107,Chicken Burger,Hauptgerichte,,MwSt. 7%,1.07,20.373832,1.426168,Normalverkauf
S1000288.73561,SP1000288.7.73561,SY1000288.2026.73561,iPad1(1000288),288,11.06.26 11:19,Prod,A1000288.7227,Tisch 1,119,S1000288.73561,SALE,2,4.2,8.4,0.0,0.0,0.0,0.0,122,Bier,Getränke,,MwSt. 19%,1.19,7.058824,1.341176,Normalverkauf
S1000288.73562,SP1000288.7.73562,SY1000288.2026.73562,iPad1(1000288),288,11.06.26 11:19,Prod,A1000288.7227,Tisch 1,119,S1000288.73562,SALE,1,10.9,10.9,0.0,0.0,0.0,0.0,109,Bismarck-Baguette,Hauptgerichte,,MwSt. 7%,1.07,10.186916,0.713084,Normalverkauf
S1000288.73563,SP1000288.7.73563,SY1000288.2026.73563,iPad1(1000288),288,11.06.26 12:16,Prod,A1000288.7228,Tisch 3,116,S1000288.73563,SALE,1,4.9,4.9,0.0,0.0,0.0,0.0,112,Kartoffelwedges,Beilagen,,MwSt. 7%,1.07,4.579439,0.320561,Normalverkauf
S1000288.73564,SP1000288.7.73564,SY1000288.2026.73564,iPad1(1000288),288,11.06.26 12:16,Prod,A1000288.7228,Tisch 3,116,S1000288.73564,SALE,1,4.2,4.2,0.0,0.0,0.0,0.0,122,Bier,Getränke,,MwSt. 19%,1.19,3.529412,0.670588,Normalverkauf
S1000288.73565,SP1000288.7.73565,SY1000288.2026.73565,iPad1(1000288),288,11.06.26 19:50,Prod,A1000288.7229,Tisch 12,101,S1000288.73565,SALE,1,10.9,10.9,0.0,0.0,0.0,0.0,104,Thunfisch Wrap,Hauptgerichte,,MwSt. 7%,1.07,10.186916,0.713084,Normalverkauf
S1000288.73566,SP1000288.7.73566,SY1000288.2026.73566,iPad1(1000288),288,11.06.26 19:50,Prod,A1000288.7229,Tisch 12,101,S1000288.73566,SALE,2,9.8,19.6,0.0,0.0,0.0,0.0,108,Seelachs-Ei-Baugette,Hauptgerichte,,MwSt. 7%,1.07,18.317757,1.282243,Normalverkauf
S1000288.73567,SP1000288.7.73567,SY1000288.2026.73567,iPad1(1000288),288,11.06.26 19:02,Prod,A1000288.7230,Tisch 3,119,S1000288.73567,SALE,1,6.9,6.9,0.0,0.0,0.0,0.0,103,Fischbrötchen Räucherlachs,Hauptspeisen,,MwSt. 7%,1.07,6.448598,0.451402,Normalverkauf
S1000288.73568,SP1000288.7.73568,SY1000288.2026.73568,iPad1(1000288),288,11.06.26 13:50,Prod,A1000288.7231,Tisch 16,110,S1000288.73568,VOID,1,3.9,3.9,0.0,0.0,0.0,0.0,119,Cola,Getränke,,MwSt. 19%,1.19,3.277311,0.622689,Normalverkauf
S1000288.73569,SP1000288.7.73569,SY1000288.2026.73569,iPad1(1000288),288,11.06.26 19:50,Prod,A1000288.7232,Tisch 21,110,S1000288.73569,SALE,1,6.9,6.9,0.0,0.0,0.0,0.0,103,Fischbrötchen Räucherlachs,Hauptspeisen,,MwSt. 7%,1.07,6.448598,0.451402,Normalverkauf
S1000288.73570,SP1000288.7.73570,SY1000288.2026.73570,iPad1(1000288),288,11.06.26 13:08,Prod,A1000288.7233,Tisch 7,110,S1000288.73570,SALE,2,5.5,11.0,0.0,0.0,0.0,0.0,111,Pommes Frites,Beilagen,,MwSt. 7%,1.07,10.280374,0.719626,Normalverkauf
S1000288.73571,SP1000288.7.73571,SY1000288.2026.73571,iPad1(1000288),288,11.06.26 18:23,Prod,A1000288.7234,Tisch 16,116,S1000288.73571,VOID,2,2.8,5.6,0.0,0.0,0.0,0.0,121,Mineralwasser,Getränke,,MwSt. 19%,1.19,4.705882,0.894118,Normalverkauf
S1000288.73572,SP1000288.7.73572,SY1000288.2026.73572,iPad1(1000288),288,11.06.26 18:23,Prod,A1000288.7234,Tisch 16,116,S1000288.73572,VOID,2,10.9,21.8,0.0,0.0,0.0,0.0,107,Chicken Burger,Hauptgerichte,,MwSt. 7%,1.07,20.373832,1.426168,Normalverkauf
S1000288.73573,SP1000288.7.73573,SY1000288.2026.73573,iPad1(1000288),288,11.06.26 18:23,Prod,A1000288.7234,Tisch 16,116,S1000288.73573,VOID,2,5.9,11.8,0.0,0.0,0.0,0.0,117,Rote Grütze,Desserts,,MwSt. 7%,1.07,11.028037,0.771963,Normalverkauf
S1000288.73574,SP1000288.7.73574,SY1000288.2026.73574,iPad1(1000288),288,11.06.26 12:32,Prod,A1000288.7235,Tisch 20,116,S1000288.73574,SALE,2,3.9,7.8,0.0,0.0,0.0,0.0,126,Spezi,Getränke,,MwSt. 19%,1.19,6.554622,1.245378,Normalverkauf
S1000288.73575,SP1000288.7.73575,SY1000288.2026.73575,iPad1(1000288),288,11.06.26 12:32,Prod,A1000288.7235,Tisch 20,116,S1000288.73575,SALE,2,10.9,21.8,0.0,0.0,0.0,0.0,107,Chicken Burger,Hauptgerichte,,MwSt. 7%,1.07,20.373832,1.426168,Normalverkauf
S1000288.73576,SP1000288.7.73576,SY1000288.2026.73576,iPad1(1000288),288,11.06.26 12:32,Prod,A1000288.7235,Tisch 20,116,S1000288.73576,SALE,1,7.9,7.9,0.0,0.0,0.0,0.0,106,Neptun-Ringe,Beilagen,,MwSt. 7%,1.07,7.383178,0.516822,Normalverkauf
S1000288.73577,SP1000288.7.73577,SY1000288.2026.73577,iPad1(1000288),288,11.06.26 10:48,Prod,A1000288.7236,Tisch 21,119,S1000288.73577,SALE,2,6.5,13.0,0.0,0.0,0.0,0.0,118,Schokokuchen,Desserts,,MwSt. 7%,1.07,12.149533,0.850467,Normalverkauf
S1000288.73578,SP1000288.7.73578,SY1000288.2026.73578,iPad1(1000288),288,11.06.26 10:48,Prod,A1000288.7236,Tisch 21,119,S1000288.73578,SALE,1,11.5,11.5,0.0,0.0,0.0,0.0,105,Garnelen-Kimchi-Bruger,Hauptgerichte,,MwSt. 7%,1.07,10.747664,0.752336,Normalverkauf
S1000288.73579,SP1000288.7.73579,SY1000288.2026.73579,iPad1(1000288),288,11.06.26 10:48,Prod,A1000288.7236,Tisch 21,119,S1000288.73579,SALE,2,2.8,5.6,0.0,0.0,0.0,0.0,121,Mineralwasser,Getränke,,MwSt. 19%,1.19,4.705882,0.894118,Normalverkauf
S1000288.73580,SP1000288.7.73580,SY1000288.2026.73580,iPad1(1000288),288,11.06.26 14:56,Prod,A1000288.7237,Tisch 22,119,S1000288.73580,SALE,1,5.9,5.9,0.0,0.0,0.0,0.0,117,Rote Grütze,Desserts,,MwSt. 7%,1.07,5.514019,0.385981,Normalverkauf
S1000288.73581,SP1000288.7.73581,SY1000288.2026.73581,iPad1(1000288),288,11.06.26 14:56,Prod,A1000288.7237,Tisch 22,119,S1000288.73581,SALE,1,4.2,4.2,0.0,0.0,0.0,0.0,122,Bier,Getränke,,MwSt. 19%,1.19,3.529412,0.670588,Normalverkauf
S1000288.73582,SP1000288.7.73582,SY1000288.2026.73582,iPad1(1000288),288,11.06.26 14:56,Prod,A1000288.7237,Tisch 22,119,S1000288.73582,SALE,1,5.5,5.5,0.0,0.0,0.0,0.0,111,Pommes Frites,Beilagen,,MwSt. 7%,1.07,5.140187,0.359813,Normalverkauf
S1000288.73583,SP1000288.7.73583,SY1000288.2026.73583,iPad1(1000288),288,11.06.26 16:40,Prod,A1000288.7238,Tisch 10,110,S1000288.73583,VOID,1,11.5,11.5,0.0,0.0,0.0,0.0,105,Garnelen-Kimchi-Bruger,Hauptgerichte,,MwSt. 7%,1.07,10.747664,0.752336,Normalverkauf
S1000288.73584,SP1000288.7.73584,SY1000288.2026.73584,iPad1(1000288),288,11.06.26 17:20,Prod,A1000288.7239,Tisch 17,110,S1000288.73584,SALE,2,10.9,21.8,0.0,0.0,0.0,0.0,107,Chicken Burger,Hauptgerichte,,MwSt. 7%,1.07,20.373832,1.426168,Normalverkauf
S1000288.73585,SP1000288.7.73585,SY1000288.2026.73585,iPad1(1000288),288,11.06.26 17:20,Prod,A1000288.7239,Tisch 17,110,S1000288.73585,SALE,2,5.9,11.8,0.0,0.0,0.0,0.0,123,Inger-Limonade,Getränke,,MwSt. 19%,1.19,9.915966,1.884034,Normalverkauf
S1000288.73586,SP1000288.7.73586,SY1000288.2026.73586,iPad1(1000288),288,11.06.26 17:20,Prod,A1000288.7239,Tisch 17,110,S1000288.73586,SALE,2,4.2,8.4,0.0,0.0,0.0,0.0,122,Bier,Getränke,,MwSt. 19%,1.19,7.058824,1.341176,Normalverkauf
S1000288.73587,SP1000288.7.73587,SY1000288.2026.73587,iPad1(1000288),288,11.06.26 18:48,Prod,A1000288.7240,,110,S1000288.73587,SALE,2,4.2,8.4,0.0,0.0,0.0,0.0,122,Bier,Getränke,,MwSt. 19%,1.19,7.058824,1.341176,Normalverkauf
S1000288.73588,SP1000288.7.73588,SY1000288.2026.73588,iPad1(1000288),288,11.06.26 15:33,Prod,A1000288.7241,Tisch 6,101,S1000288.73588,SALE,1,9.8,9.8,0.0,0.0,0.0,0.0,108,Seelachs-Ei-Baugette,Hauptgerichte,,MwSt. 7%,1.07,9.158879,0.641121,Normalverkauf
S1000288.73589,SP1000288.7.73589,SY1000288.2026.73589,iPad1(1000288),288,11.06.26 15:33,Prod,A1000288.7241,Tisch 6,101,S1000288.73589,SALE,1,11.9,11.9,0.0,0.0,0.0,0.0,110,Matjes-Baguette,Hauptgerichte,,MwSt. 7%,1.07,11.121495,0.778505,Normalverkauf
S1000288.73590,SP1000288.7.73590,SY1000288.2026.73590,iPad1(1000288),288,11.06.26 15:33,Prod,A1000288.7241,Tisch 6,101,S1000288.73590,SALE,1,5.9,5.9,0.0,0.0,0.0,0.0,117,Rote Grütze,Desserts,,MwSt. 7%,1.07,5.514019,0.385981,Normalverkauf
S1000288.73591,SP1000288.7.73591,SY1000288.2026.73591,iPad1(1000288),288,11.06.26 11:58,Prod,A1000288.7242,Tisch 15,110,S1000288.73591,SALE,1,5.5,5.5,0.0,0.0,0.0,0.0,111,Pommes Frites,Beilagen,,MwSt. 7%,1.07,5.140187,0.359813,Normalverkauf
S1000288.73592,SP1000288.7.73592,SY1000288.2026.73592,iPad1(1000288),288,11.06.26 11:58,Prod,A1000288.7242,Tisch 15,110,S1000288.73592,SALE,1,3.9,3.9,0.0,0.0,0.0,0.0,126,Spezi,Getränke,,MwSt. 19%,1.19,3.277311,0.622689,Normalverkauf
S1000288.73593,SP1000288.7.73593,SY1000288.2026.73593,iPad1(1000288),288,11.06.26 18:36,Prod,A1000288.7243,Tisch 14,110,S1000288.73593,SALE,2,5.9,11.8,0.0,0.0,0.0,0.0,123,Inger-Limonade,Getränke,,MwSt. 19%,1.19,9.915966,1.884034,Normalverkauf
S1000288.73594,SP1000288.7.73594,SY1000288.2026.73594,iPad1(1000288),288,11.06.26 17:13,Prod,A1000288.7244,,110,S1000288.73594,SALE,2,4.2,8.4,0.0,0.0,0.0,0.0,122,Bier,Getränke,,MwSt. 19%,1.19,7.058824,1.341176,Normalverkauf
S1000288.73595,SP1000288.7.73595,SY1000288.2026.73595,iPad1(1000288),288,11.06.26 17:13,Prod,A1000288.7244,,110,S1000288.73595,SALE,2,7.9,15.8,0.0,0.0,0.0,0.0,106,Neptun-Ringe,Beilagen,,MwSt. 7%,1.07,14.766355,1.033645,Normalverkauf
S1000288.73596,SP1000288.7.73596,SY1000288.2026.73596,iPad1(1000288),288,11.06.26 17:13,Prod,A1000288.7244,,110,S1000288.73596,SALE,1,11.5,11.5,0.0,0.0,0.0,0.0,105,Garnelen-Kimchi-Bruger,Hauptgerichte,,MwSt. 7%,1.07,10.747664,0.752336,Normalverkauf
S1000288.73597,SP1000288.7.73597,SY1000288.2026.73597,iPad1(1000288),288,11.06.26 15:55,Prod,A1000288.7245,Tisch 4,110,S1000288.73597,SALE,2,6.5,13.0,0.0,0.0,0.0,0.0,118,Schokokuchen,Desserts,,MwSt. 7%,1.07,12.149533,0.850467,Normalverkauf
S1000288.73598,SP1000288.7.73598,SY1000288.2026.73598,iPad1(1000288),288,11.06.26 15:55,Prod,A1000288.7245,Tisch 4,110,S1000288.73598,SALE,2,6.5,13.0,0.0,0.0,0.0,0.0,100,Fischbrötchen Backfisch,Hauptspeisen,,MwSt. 7%,1.07,12.149533,0.850467,Normalverkauf
S1000288.73599,SP1000288.7.73599,SY1000288.2026.73599,iPad1(1000288),288,11.06.26 15:55,Prod,A1000288.7245,Tisch 4,110,S1000288.73599,SALE,2,6.9,13.8,0.0,0.0,0.0,0.0,103,Fischbrötchen Räucherlachs,Hauptspeisen,,MwSt. 7%,1.07,12.897196,0.902804,Normalverkauf
S1000288.73600,SP1000288.7.73600,SY1000288.2026.73600,iPad1(1000288),288,11.06.26 11:00,Prod,A1000288.7246,Tisch 22,107,S1000288.73600,SALE,1,10.9,10.9,0.0,0.0,0.0,0.0,104,Thunfisch Wrap,Hauptgerichte,,MwSt. 7%,1.07,10.186916,0.713084,Normalverkauf
S1000288.73601,SP1000288.7.73601,SY1000288.2026.73601,iPad1(1000288),288,11.06.26 11:00,Prod,A1000288.7246,Tisch 22,107,S1000288.73601,SALE,2,3.9,7.8,0.0,0.0,0.0,0.0,119,Cola,Getränke,,MwSt. 19%,1.19,6.554622,1.245378,Normalverkauf
S1000288.73602,SP1000288.7.73602,SY1000288.2026.73602,iPad1(1000288),288,11.06.26 18:53,Prod,A1000288.7247,Tisch 17,119,S1000288.73602,SALE,2,2.8,5.6,0.0,0.0,0.0,0.0,121,Mineralwasser,Getränke,,MwSt. 19%,1.19,4.705882,0.894118,Normalverkauf
S1000288.73603,SP1000288.7.73603,SY1000288.2026.73603,iPad1(1000288),288,11.06.26 18:53,Prod,A1000288.7247,Tisch 17,119,S1000288.73603,SALE,2,5.5,11.0,0.0,0.0,0.0,0.0,111,Pommes Frites,Beilagen,,MwSt. 7%,1.07,10.280374,0.719626,Normalverkauf
S1000288.73604,SP1000288.7.73604,SY1000288.2026.73604,iPad1(1000288),288,11.06.26 18:53,Prod,A1000288.7247,Tisch 17,119,S1000288.73604,SALE,1,10.9,10.9,0.0,0.0,0.0,0.0,104,Thunfisch Wrap,Hauptgerichte,,MwSt. 7%,1.07,10.186916,0.713084,Normalverkauf
S1000288.73605,SP1000288.7.73605,SY1000288.2026.73605,iPad1(1000288),288,11.06.26 19:02,Prod,A1000288.7248,Tisch 4,110,S1000288.73605,SALE,2,3.9,7.8,0.0,0.0,0.0,0.0,119,Cola,Getränke,,MwSt. 19%,1.19,6.554622,1.245378,Normalverkauf
S1000288.73606,SP1000288.7.73606,SY1000288.2026.73606,iPad1(1000288),288,11.06.26 12:09,Prod,A1000288.7249,Tisch 17,116,S1000288.73606,SALE,2,6.5,13.0,0.0,0.0,0.0,0.0,118,Schokokuchen,Desserts,,MwSt. 7%,1.07,12.149533,0.850467,Normalverkauf
S1000288.73607,SP1000288.7.73607,SY1000288.2026.73607,iPad1(1000288),288,11.06.26 12:09,Prod,A1000288.7249,Tisch 17,116,S1000288.73607,SALE,1,7.9,7.9,0.0,0.0,0.0,0.0,106,Neptun-Ringe,Beilagen,,MwSt. 7%,1.07,7.383178,0.516822,Normalverkauf
S1000288.73608,SP1000288.7.73608,SY1000288.2026.73608,iPad1(1000288),288,11.06.26 12:09,Prod,A1000288.7249,Tisch 17,116,S1000288.73608,SALE,2,11.9,23.8,0.0,0.0,0.0,0.0,110,Matjes-Baguette,Hauptgerichte,,MwSt. 7%,1.07,22.242991,1.557009,Normalverkauf
S1000288.73609,SP1000288.7.73609,SY1000288.2026.73609,iPad1(1000288),288,11.06.26 20:19,Prod,A1000288.7250,Tisch 10,101,S1000288.73609,SALE,1,10.9,10.9,0.0,0.0,0.0,0.0,104,Thunfisch Wrap,Hauptgerichte,,MwSt. 7%,1.07,10.186916,0.713084,Normalverkauf
S1000288.73610,SP1000288.7.73610,SY1000288.2026.73610,iPad1(1000288),288,11.06.26 20:55,Prod,A1000288.7251,Tisch 11,110,S1000288.73610,VOID,1,11.5,11.5,0.0,0.0,0.0,0.0,105,Garnelen-Kimchi-Bruger,Hauptgerichte,,MwSt. 7%,1.07,10.747664,0.752336,Normalverkauf
S1000288.73611,SP1000288.7.73611,SY1000288.2026.73611,iPad1(1000288),288,11.06.26 20:55,Prod,A1000288.7251,Tisch 11,110,S1000288.73611,VOID,1,2.8,2.8,0.0,0.0,0.0,0.0,121,Mineralwasser,Getränke,,MwSt. 19%,1.19,2.352941,0.447059,Normalverkauf
S1000288.73612,SP1000288.7.73612,SY1000288.2026.73612,iPad1(1000288),288,11.06.26 18:00,Prod,A1000288.7252,Tisch 11,107,S1000288.73612,SALE,1,5.9,5.9,0.0,0.0,0.0,0.0,116,Vanillequark,Desserts,,MwSt. 7%,1.07,5.514019,0.385981,Normalverkauf
S1000288.73613,SP1000288.7.73613,SY1000288.2026.73613,iPad1(1000288),288,11.06.26 18:00,Prod,A1000288.7252,Tisch 11,107,S1000288.73613,SALE,1,14.5,14.5,0.0,0.0,0.0,0.0,101,Lachs,Hauptspeisen,,MwSt. 7%,1.07,13.551402,0.948598,Normalverkauf
S1000288.73614,SP1000288.7.73614,SY1000288.2026.73614,iPad1(1000288),288,11.06.26 15:33,Prod,A1000288.7253,Tisch 10,107,S1000288.73614,SALE,2,6.5,13.0,0.0,0.0,0.0,0.0,100,Fischbrötchen Backfisch,Hauptspeisen,,MwSt. 7%,1.07,12.149533,0.850467,Normalverkauf
S1000288.73615,SP1000288.7.73615,SY1000288.2026.73615,iPad1(1000288),288,11.06.26 13:08,Prod,A1000288.7254,Tisch 14,110,S1000288.73615,SALE,2,5.5,11.0,0.0,0.0,0.0,0.0,111,Pommes Frites,Beilagen,,MwSt. 7%,1.07,10.280374,0.719626,Normalverkauf
S1000288.73616,SP1000288.7.73616,SY1000288.2026.73616,iPad1(1000288),288,11.06.26 13:08,Prod,A1000288.7254,Tisch 14,110,S1000288.73616,SALE,1,3.9,3.9,0.0,0.0,0.0,0.0,124,Cola Zero,Getränke,,MwSt. 19%,1.19,3.277311,0.622689,Normalverkauf
S1000288.73617,SP1000288.7.73617,SY1000288.2026.73617,iPad1(1000288),288,11.06.26 19:35,Prod,A1000288.7255,Tisch 13,110,S1000288.73617,SALE,2,4.2,8.4,0.0,0.0,0.0,0.0,122,Bier,Getränke,,MwSt. 19%,1.19,7.058824,1.341176,Normalverkauf
S1000288.73618,SP1000288.7.73618,SY1000288.2026.73618,iPad1(1000288),288,11.06.26 18:57,Prod,A1000288.7256,Tisch 22,107,S1000288.73618,SALE,1,10.9,10.9,0.0,0.0,0.0,0.0,107,Chicken Burger,Hauptgerichte,,MwSt. 7%,1.07,10.186916,0.713084,Normalverkauf
S1000288.73619,SP1000288.7.73619,SY1000288.2026.73619,iPad1(1000288),288,11.06.26 20:06,Prod,A1000288.7257,Tisch 24,116,S1000288.73619,VOID,2,6.5,13.0,0.0,0.0,0.0,0.0,118,Schokokuchen,Desserts,,MwSt. 7%,1.07,12.149533,0.850467,Normalverkauf
S1000288.73620,SP1000288.7.73620,SY1000288.2026.73620,iPad1(1000288),288,11.06.26 20:06,Prod,A1000288.7257,Tisch 24,116,S1000288.73620,VOID,2,2.8,5.6,0.0,0.0,0.0,0.0,121,Mineralwasser,Getränke,,MwSt. 19%,1.19,4.705882,0.894118,Normalverkauf
S1000288.73621,SP1000288.7.73621,SY1000288.2026.73621,iPad1(1000288),288,11.06.26 16:46,Prod,A1000288.7258,Tisch 19,110,S1000288.73621,SALE,1,13.5,13.5,0.0,0.0,0.0,0.0,102,Matjes,Hauptspeisen,,MwSt. 7%,1.07,12.616822,0.883178,Normalverkauf
S1000288.73622,SP1000288.7.73622,SY1000288.2026.73622,iPad1(1000288),288,11.06.26 16:46,Prod,A1000288.7258,Tisch 19,110,S1000288.73622,SALE,2,5.9,11.8,0.0,0.0,0.0,0.0,123,Inger-Limonade,Getränke,,MwSt. 19%,1.19,9.915966,1.884034,Normalverkauf
S1000288.73623,SP1000288.7.73623,SY1000288.2026.73623,iPad1(1000288),288,11.06.26 19:18,Prod,A1000288.7259,Tisch 2,116,S1000288.73623,SALE,1,3.9,3.9,0.0,0.0,0.0,0.0,119,Cola,Getränke,,MwSt. 19%,1.19,3.277311,0.622689,Normalverkauf
S1000288.73624,SP1000288.7.73624,SY1000288.2026.73624,iPad1(1000288),288,11.06.26 19:18,Prod,A1000288.7259,Tisch 2,116,S1000288.73624,SALE,1,3.9,3.9,0.0,0.0,0.0,0.0,126,Spezi,Getränke,,MwSt. 19%,1.19,3.277311,0.622689,Normalverkauf
S1000288.73625,SP1000288.7.73625,SY1000288.2026.73625,iPad1(1000288),288,11.06.26 12:24,Prod,A1000288.7260,Tisch 22,116,S1000288.73625,SALE,2,10.9,21.8,0.0,0.0,0.0,0.0,109,Bismarck-Baguette,Hauptgerichte,,MwSt. 7%,1.07,20.373832,1.426168,Normalverkauf
S1000288.73626,SP1000288.7.73626,SY1000288.2026.73626,iPad1(1000288),288,11.06.26 12:24,Prod,A1000288.7260,Tisch 22,116,S1000288.73626,SALE,2,13.5,27.0,0.0,0.0,0.0,0.0,102,Matjes,Hauptspeisen,,MwSt. 7%,1.07,25.233645,1.766355,Normalverkauf
S1000288.73627,SP1000288.7.73627,SY1000288.2026.73627,iPad1(1000288),288,11.06.26 12:24,Prod,A1000288.7260,Tisch 22,116,S1000288.73627,SALE,1,11.5,11.5,0.0,0.0,0.0,0.0,105,Garnelen-Kimchi-Bruger,Hauptgerichte,,MwSt. 7%,1.07,10.747664,0.752336,Normalverkauf
S1000288.73628,SP1000288.7.73628,SY1000288.2026.73628,iPad1(1000288),288,11.06.26 19:39,Prod,A1000288.7261,Tisch 20,110,S1000288.73628,SALE,2,14.5,29.0,0.0,0.0,0.0,0.0,101,Lachs,Hauptspeisen,,MwSt. 7%,1.07,27.102804,1.897196,Normalverkauf
S1000288.73629,SP1000288.7.73629,SY1000288.2026.73629,iPad1(1000288),288,11.06.26 18:27,Prod,A1000288.7262,Tisch 3,110,S1000288.73629,SALE,2,6.5,13.0,0.0,0.0,0.0,0.0,100,Fischbrötchen Backfisch,Hauptspeisen,,MwSt. 7%,1.07,12.149533,0.850467,Normalverkauf
S1000288.73630,SP1000288.7.73630,SY1000288.2026.73630,iPad1(1000288),288,11.06.26 18:27,Prod,A1000288.7262,Tisch 3,110,S1000288.73630,SALE,1,10.9,10.9,0.0,0.0,0.0,0.0,109,Bismarck-Baguette,Hauptgerichte,,MwSt. 7%,1.07,10.186916,0.713084,Normalverkauf
S1000288.73631,SP1000288.7.73631,SY1000288.2026.73631,iPad1(1000288),288,11.06.26 18:27,Prod,A1000288.7262,Tisch 3,110,S1000288.73631,SALE,1,10.9,10.9,0.0,0.0,0.0,0.0,107,Chicken Burger,Hauptgerichte,,MwSt. 7%,1.07,10.186916,0.713084,Normalverkauf
S1000288.73632,SP1000288.7.73632,SY1000288.2026.73632,iPad1(1000288),288,11.06.26 12:53,Prod,A1000288.7263,Tisch 3,119,S1000288.73632,VOID,1,3.9,3.9,0.0,0.0,0.0,0.0,126,Spezi,Getränke,,MwSt. 19%,1.19,3.277311,0.622689,Normalverkauf
S1000288.73633,SP1000288.7.73633,SY1000288.2026.73633,iPad1(1000288),288,11.06.26 12:53,Prod,A1000288.7263,Tisch 3,119,S1000288.73633,VOID,1,4.2,4.2,0.0,0.0,0.0,0.0,122,Bier,Getränke,,MwSt. 19%,1.19,3.529412,0.670588,Normalverkauf
S1000288.73634,SP1000288.7.73634,SY1000288.2026.73634,iPad1(1000288),288,11.06.26 11:39,Prod,A1000288.7264,Tisch 23,110,S1000288.73634,VOID,1,10.9,10.9,0.0,0.0,0.0,0.0,109,Bismarck-Baguette,Hauptgerichte,,MwSt. 7%,1.07,10.186916,0.713084,Normalverkauf
S1000288.73635,SP1000288.7.73635,SY1000288.2026.73635,iPad1(1000288),288,11.06.26 11:39,Prod,A1000288.7264,Tisch 23,110,S1000288.73635,VOID,1,10.9,10.9,0.0,0.0,0.0,0.0,104,Thunfisch Wrap,Hauptgerichte,,MwSt. 7%,1.07,10.186916,0.713084,Normalverkauf
S1000288.73636,SP1000288.7.73636,SY1000288.2026.73636,iPad1(1000288),288,11.06.26 19:57,Prod,A1000288.7265,Tisch 9,119,S1000288.73636,SALE,1,4.2,4.2,0.0,0.0,0.0,0.0,122,Bier,Getränke,,MwSt. 19%,1.19,3.529412,0.670588,Normalverkauf
S1000288.73637,SP1000288.7.73637,SY1000288.2026.73637,iPad1(1000288),288,11.06.26 19:57,Prod,A1000288.7265,Tisch 9,119,S1000288.73637,SALE,2,7.9,15.8,0.0,0.0,0.0,0.0,106,Neptun-Ringe,Beilagen,,MwSt. 7%,1.07,14.766355,1.033645,Normalverkauf
S1000288.73638,SP1000288.7.73638,SY1000288.2026.73638,iPad1(1000288),288,11.06.26 19:57,Prod,A1000288.7265,Tisch 9,119,S1000288.73638,SALE,2,3.9,7.8,0.0,0.0,0.0,0.0,124,Cola Zero,Getränke,,MwSt. 19%,1.19,6.554622,1.245378,Normalverkauf
S1000288.73639,SP1000288.7.73639,SY1000288.2026.73639,iPad1(1000288),288,11.06.26 13:38,Prod,A1000288.7266,Tisch 9,116,S1000288.73639,VOID,1,3.9,3.9,0.0,0.0,0.0,0.0,126,Spezi,Getränke,,MwSt. 19%,1.19,3.277311,0.622689,Normalverkauf
S1000288.73640,SP1000288.7.73640,SY1000288.2026.73640,iPad1(1000288),288,11.06.26 20:39,Prod,A1000288.7267,Tisch 3,101,S1000288.73640,SALE,2,10.9,21.8,0.0,0.0,0.0,0.0,109,Bismarck-Baguette,Hauptgerichte,,MwSt. 7%,1.07,20.373832,1.426168,Normalverkauf
S1000288.73641,SP1000288.7.73641,SY1000288.2026.73641,iPad1(1000288),288,11.06.26 20:39,Prod,A1000288.7267,Tisch 3,101,S1000288.73641,SALE,1,5.5,5.5,0.0,0.0,0.0,0.0,111,Pommes Frites,Beilagen,,MwSt. 7%,1.07,5.140187,0.359813,Normalverkauf
S1000288.73642,SP1000288.7.73642,SY1000288.2026.73642,iPad1(1000288),288,11.06.26 10:44,Prod,A1000288.7268,Tisch 21,116,S1000288.73642,SALE,1,3.2,3.2,0.0,0.0,0.0,0.0,120,Apfelschorle,Getränke,,MwSt. 19%,1.19,2.689076,0.510924,Normalverkauf
S1000288.73643,SP1000288.7.73643,SY1000288.2026.73643,iPad1(1000288),288,11.06.26 10:44,Prod,A1000288.7268,Tisch 21,116,S1000288.73643,SALE,1,6.5,6.5,0.0,0.0,0.0,0.0,118,Schokokuchen,Desserts,,MwSt. 7%,1.07,6.074766,0.425234,Normalverkauf
S1000288.73644,SP1000288.7.73644,SY1000288.2026.73644,iPad1(1000288),288,11.06.26 10:44,Prod,A1000288.7268,Tisch 21,116,S1000288.73644,SALE,2,3.9,7.8,0.0,0.0,0.0,0.0,119,Cola,Getränke,,MwSt. 19%,1.19,6.554622,1.245378,Normalverkauf
S1000288.73645,SP1000288.7.73645,SY1000288.2026.73645,iPad1(1000288),288,11.06.26 19:01,Prod,A1000288.7269,Tisch 1,110,S1000288.73645,VOID,2,5.5,11.0,0.0,0.0,0.0,0.0,114,Fisch Nuggets Box,Beilagen,,MwSt. 7%,1.07,10.280374,0.719626,Normalverkauf
S1000288.73646,SP1000288.7.73646,SY1000288.2026.73646,iPad1(1000288),288,11.06.26 20:50,Prod,A1000288.7270,Tisch 4,119,S1000288.73646,SALE,1,7.9,7.9,0.0,0.0,0.0,0.0,106,Neptun-Ringe,Beilagen,,MwSt. 7%,1.07,7.383178,0.516822,Normalverkauf
S1000288.73647,SP1000288.7.73647,SY1000288.2026.73647,iPad1(1000288),288,11.06.26 20:50,Prod,A1000288.7270,Tisch 4,119,S1000288.73647,SALE,2,3.9,7.8,0.0,0.0,0.0,0.0,124,Cola Zero,Getränke,,MwSt. 19%,1.19,6.554622,1.245378,Normalverkauf
S1000288.73648,SP1000288.7.73648,SY1000288.2026.73648,iPad1(1000288),288,11.06.26 11:32,Prod,A1000288.7271,Tisch 12,119,S1000288.73648,SALE,1,7.9,7.9,0.0,0.0,0.0,0.0,106,Neptun-Ringe,Beilagen,,MwSt. 7%,1.07,7.383178,0.516822,Normalverkauf
S1000288.73649,SP1000288.7.73649,SY1000288.2026.73649,iPad1(1000288),288,11.06.26 11:32,Prod,A1000288.7271,Tisch 12,119,S1000288.73649,SALE,1,9.8,9.8,0.0,0.0,0.0,0.0,108,Seelachs-Ei-Baugette,Hauptgerichte,,MwSt. 7%,1.07,9.158879,0.641121,Normalverkauf
S1000288.73650,SP1000288.7.73650,SY1000288.2026.73650,iPad1(1000288),288,11.06.26 11:32,Prod,A1000288.7271,Tisch 12,119,S1000288.73650,SALE,1,10.9,10.9,0.0,0.0,0.0,0.0,104,Thunfisch Wrap,Hauptgerichte,,MwSt. 7%,1.07,10.186916,0.713084,Normalverkauf
S1000288.73651,SP1000288.7.73651,SY1000288.2026.73651,iPad1(1000288),288,11.06.26 11:10,Prod,A1000288.7272,,101,S1000288.73651,SALE,2,4.2,8.4,0.0,0.0,0.0,0.0,122,Bier,Getränke,,MwSt. 19%,1.19,7.058824,1.341176,Normalverkauf
S1000288.73652,SP1000288.7.73652,SY1000288.2026.73652,iPad1(1000288),288,11.06.26 11:10,Prod,A1000288.7272,,101,S1000288.73652,SALE,1,3.9,3.9,0.0,0.0,0.0,0.0,127,Alkoholfreies Bier,Getränke,,MwSt. 19%,1.19,3.277311,0.622689,Normalverkauf
S1000288.73653,SP1000288.7.73653,SY1000288.2026.73653,iPad1(1000288),288,11.06.26 17:11,Prod,A1000288.7273,Tisch 24,107,S1000288.73653,SALE,2,10.9,21.8,0.0,0.0,0.0,0.0,107,Chicken Burger,Hauptgerichte,,MwSt. 7%,1.07,20.373832,1.426168,Normalverkauf
S1000288.73654,SP1000288.7.73654,SY1000288.2026.73654,iPad1(1000288),288,11.06.26 17:11,Prod,A1000288.7273,Tisch 24,107,S1000288.73654,SALE,2,5.5,11.0,0.0,0.0,0.0,0.0,111,Pommes Frites,Beilagen,,MwSt. 7%,1.07,10.280374,0.719626,Normalverkauf
S1000288.73655,SP1000288.7.73655,SY1000288.2026.73655,iPad1(1000288),288,11.06.26 17:11,Prod,A1000288.7273,Tisch 24,107,S1000288.73655,SALE,1,9.8,9.8,0.0,0.0,0.0,0.0,108,Seelachs-Ei-Baugette,Hauptgerichte,,MwSt. 7%,1.07,9.158879,0.641121,Normalverkauf
S1000288.73656,SP1000288.7.73656,SY1000288.2026.73656,iPad1(1000288),288,11.06.26 10:25,Prod,A1000288.7274,,110,S1000288.73656,SALE,2,11.5,23.0,0.0,0.0,0.0,0.0,105,Garnelen-Kimchi-Bruger,Hauptgerichte,,MwSt. 7%,1.07,21.495327,1.504673,Normalverkauf
S1000288.73657,SP1000288.7.73657,SY1000288.2026.73657,iPad1(1000288),288,11.06.26 10:25,Prod,A1000288.7274,,110,S1000288.73657,SALE,2,3.9,7.8,0.0,0.0,0.0,0.0,119,Cola,Getränke,,MwSt. 19%,1.19,6.554622,1.245378,Normalverkauf
S1000288.73658,SP1000288.7.73658,SY1000288.2026.73658,iPad1(1000288),288,11.06.26 10:25,Prod,A1000288.7274,,110,S1000288.73658,SALE,2,10.9,21.8,0.0,0.0,0.0,0.0,107,Chicken Burger,Hauptgerichte,,MwSt. 7%,1.07,20.373832,1.426168,Normalverkauf
S1000288.73659,SP1000288.7.73659,SY1000288.2026.73659,iPad1(1000288),288,11.06.26 19:45,Prod,A1000288.7275,Tisch 23,110,S1000288.73659,SALE,1,14.5,14.5,0.0,0.0,0.0,0.0,101,Lachs,Hauptspeisen,,MwSt. 7%,1.07,13.551402,0.948598,Normalverkauf
S1000288.73660,SP1000288.7.73660,SY1000288.2026.73660,iPad1(1000288),288,11.06.26 19:45,Prod,A1000288.7275,Tisch 23,110,S1000288.73660,SALE,1,2.8,2.8,0.0,0.0,0.0,0.0,121,Mineralwasser,Getränke,,MwSt. 19%,1.19,2.352941,0.447059,Normalverkauf
S1000288.73661,SP1000288.7.73661,SY1000288.2026.73661,iPad1(1000288),288,11.06.26 19:45,Prod,A1000288.7275,Tisch 23,110,S1000288.73661,SALE,1,6.5,6.5,0.0,0.0,0.0,0.0,100,Fischbrötchen Backfisch,Hauptspeisen,,MwSt. 7%,1.07,6.074766,0.425234,Normalverkauf
S1000288.73662,SP1000288.7.73662,SY1000288.2026.73662,iPad1(1000288),288,11.06.26 11:36,Prod,A1000288.7276,Tisch 22,110,S1000288.73662,SALE,2,10.9,21.8,0.0,0.0,0.0,0.0,104,Thunfisch Wrap,Hauptgerichte,,MwSt. 7%,1.07,20.373832,1.426168,Normalverkauf
S1000288.73663,SP1000288.7.73663,SY1000288.2026.73663,iPad1(1000288),288,11.06.26 11:36,Prod,A1000288.7276,Tisch 22,110,S1000288.73663,SALE,1,11.9,11.9,0.0,0.0,0.0,0.0,110,Matjes-Baguette,Hauptgerichte,,MwSt. 7%,1.07,11.121495,0.778505,Normalverkauf
S1000288.73664,SP1000288.7.73664,SY1000288.2026.73664,iPad1(1000288),288,11.06.26 11:36,Prod,A1000288.7276,Tisch 22,110,S1000288.73664,SALE,2,4.9,9.8,0.0,0.0,0.0,0.0,112,Kartoffelwedges,Beilagen,,MwSt. 7%,1.07,9.158879,0.641121,Normalverkauf
S1000288.73665,SP1000288.7.73665,SY1000288.2026.73665,iPad1(1000288),288,11.06.26 17:32,Prod,A1000288.7277,Tisch 10,119,S1000288.73665,SALE,1,10.9,10.9,0.0,0.0,0.0,0.0,109,Bismarck-Baguette,Hauptgerichte,,MwSt. 7%,1.07,10.186916,0.713084,Normalverkauf
S1000288.73666,SP1000288.7.73666,SY1000288.2026.73666,iPad1(1000288),288,11.06.26 12:13,Prod,A1000288.7278,,119,S1000288.73666,SALE,1,10.9,10.9,0.0,0.0,0.0,0.0,104,Thunfisch Wrap,Hauptgerichte,,MwSt. 7%,1.07,10.186916,0.713084,Normalverkauf
S1000288.73667,SP1000288.7.73667,SY1000288.2026.73667,iPad1(1000288),288,11.06.26 12:13,Prod,A1000288.7278,,119,S1000288.73667,SALE,1,6.5,6.5,0.0,0.0,0.0,0.0,100,Fischbrötchen Backfisch,Hauptspeisen,,MwSt. 7%,1.07,6.074766,0.425234,Normalverkauf
S1000288.73668,SP1000288.7.73668,SY1000288.2026.73668,iPad1(1000288),288,11.06.26 13:15,Prod,A1000288.7279,Tisch 20,110,S1000288.73668,SALE,1,5.9,5.9,0.0,0.0,0.0,0.0,125,Zitronen-Limonade,Getränke,,MwSt. 19%,1.19,4.957983,0.942017,Normalverkauf
S1000288.73669,SP1000288.7.73669,SY1000288.2026.73669,iPad1(1000288),288,11.06.26 13:15,Prod,A1000288.7279,Tisch 20,110,S1000288.73669,SALE,2,10.9,21.8,0.0,0.0,0.0,0.0,109,Bismarck-Baguette,Hauptgerichte,,MwSt. 7%,1.07,20.373832,1.426168,Normalverkauf
S1000288.73670,SP1000288.7.73670,SY1000288.2026.73670,iPad1(1000288),288,11.06.26 10:21,Prod,A1000288.7280,Tisch 15,110,S1000288.73670,SALE,2,5.9,11.8,0.0,0.0,0.0,0.0,123,Inger-Limonade,Getränke,,MwSt. 19%,1.19,9.915966,1.884034,Normalverkauf
S1000288.73671,SP1000288.7.73671,SY1000288.2026.73671,iPad1(1000288),288,11.06.26 10:21,Prod,A1000288.7280,Tisch 15,110,S1000288.73671,SALE,1,6.5,6.5,0.0,0.0,0.0,0.0,100,Fischbrötchen Backfisch,Hauptspeisen,,MwSt. 7%,1.07,6.074766,0.425234,Normalverkauf
S1000288.73672,SP1000288.7.73672,SY1000288.2026.73672,iPad1(1000288),288,11.06.26 20:08,Prod,A1000288.7281,Tisch 19,110,S1000288.73672,SALE,2,7.9,15.8,0.0,0.0,0.0,0.0,115,Tiramisu,Desserts,,MwSt. 7%,1.07,14.766355,1.033645,Normalverkauf
S1000288.73673,SP1000288.7.73673,SY1000288.2026.73673,iPad1(1000288),288,11.06.26 20:08,Prod,A1000288.7281,Tisch 19,110,S1000288.73673,SALE,2,14.5,29.0,0.0,0.0,0.0,0.0,101,Lachs,Hauptspeisen,,MwSt. 7%,1.07,27.102804,1.897196,Normalverkauf
S1000288.73674,SP1000288.7.73674,SY1000288.2026.73674,iPad1(1000288),288,11.06.26 20:08,Prod,A1000288.7281,Tisch 19,110,S1000288.73674,SALE,2,3.9,7.8,0.0,0.0,0.0,0.0,126,Spezi,Getränke,,MwSt. 19%,1.19,6.554622,1.245378,Normalverkauf
S1000288.73675,SP1000288.7.73675,SY1000288.2026.73675,iPad1(1000288),288,11.06.26 12:32,Prod,A1000288.7282,Tisch 12,116,S1000288.73675,SALE,1,6.9,6.9,0.0,0.0,0.0,0.0,113,Garnelen Box,Beilagen,,MwSt. 7%,1.07,6.448598,0.451402,Normalverkauf
S1000288.73676,SP1000288.7.73676,SY1000288.2026.73676,iPad1(1000288),288,11.06.26 13:46,Prod,A1000288.7283,,119,S1000288.73676,SALE,2,5.5,11.0,0.0,0.0,0.0,0.0,111,Pommes Frites,Beilagen,,MwSt. 7%,1.07,10.280374,0.719626,Normalverkauf
S1000288.73677,SP1000288.7.73677,SY1000288.2026.73677,iPad1(1000288),288,11.06.26 13:46,Prod,A1000288.7283,,119,S1000288.73677,SALE,1,11.5,11.5,0.0,0.0,0.0,0.0,105,Garnelen-Kimchi-Bruger,Hauptgerichte,,MwSt. 7%,1.07,10.747664,0.752336,Normalverkauf
S1000288.73678,SP1000288.7.73678,SY1000288.2026.73678,iPad1(1000288),288,11.06.26 12:27,Prod,A1000288.7284,Tisch 6,110,S1000288.73678,SALE,1,7.9,7.9,0.0,0.0,0.0,0.0,106,Neptun-Ringe,Beilagen,,MwSt. 7%,1.07,7.383178,0.516822,Normalverkauf
S1000288.73679,SP1000288.7.73679,SY1000288.2026.73679,iPad1(1000288),288,11.06.26 12:27,Prod,A1000288.7284,Tisch 6,110,S1000288.73679,SALE,1,5.9,5.9,0.0,0.0,0.0,0.0,116,Vanillequark,Desserts,,MwSt. 7%,1.07,5.514019,0.385981,Normalverkauf
S1000288.73680,SP1000288.7.73680,SY1000288.2026.73680,iPad1(1000288),288,11.06.26 10:46,Prod,A1000288.7285,Tisch 14,116,S1000288.73680,SALE,2,10.9,21.8,0.0,0.0,0.0,0.0,109,Bismarck-Baguette,Hauptgerichte,,MwSt. 7%,1.07,20.373832,1.426168,Normalverkauf
S1000288.73681,SP1000288.7.73681,SY1000288.2026.73681,iPad1(1000288),288,11.06.26 10:46,Prod,A1000288.7285,Tisch 14,116,S1000288.73681,SALE,2,14.5,29.0,0.0,0.0,0.0,0.0,101,Lachs,Hauptspeisen,,MwSt. 7%,1.07,27.102804,1.897196,Normalverkauf
S1000288.73682,SP1000288.7.73682,SY1000288.2026.73682,iPad1(1000288),288,11.06.26 10:46,Prod,A1000288.7285,Tisch 14,116,S1000288.73682,SALE,1,3.9,3.9,0.0,0.0,0.0,0.0,124,Cola Zero,Getränke,,MwSt. 19%,1.19,3.277311,0.622689,Normalverkauf
S1000288.73683,SP1000288.7.73683,SY1000288.2026.73683,iPad1(1000288),288,11.06.26 15:24,Prod,A1000288.7286,Tisch 2,110,S1000288.73683,SALE,1,5.9,5.9,0.0,0.0,0.0,0.0,117,Rote Grütze,Desserts,,MwSt. 7%,1.07,5.514019,0.385981,Normalverkauf
S1000288.73684,SP1000288.7.73684,SY1000288.2026.73684,iPad1(1000288),288,11.06.26 15:24,Prod,A1000288.7286,Tisch 2,110,S1000288.73684,SALE,2,6.5,13.0,0.0,0.0,0.0,0.0,100,Fischbrötchen Backfisch,Hauptspeisen,,MwSt. 7%,1.07,12.149533,0.850467,Normalverkauf
S1000288.73685,SP1000288.7.73685,SY1000288.2026.73685,iPad1(1000288),288,11.06.26 15:24,Prod,A1000288.7286,Tisch 2,110,S1000288.73685,SALE,1,10.9,10.9,0.0,0.0,0.0,0.0,104,Thunfisch Wrap,Hauptgerichte,,MwSt. 7%,1.07,10.186916,0.713084,Normalverkauf
S1000288.73686,SP1000288.7.73686,SY1000288.2026.73686,iPad1(1000288),288,12.06.26 20:17,Prod,A1000288.7287,Tisch 11,110,S1000288.73686,SALE,2,6.5,13.0,0.0,0.0,0.0,0.0,100,Fischbrötchen Backfisch,Hauptspeisen,,MwSt. 7%,1.07,12.149533,0.850467,Normalverkauf
S1000288.73687,SP1000288.7.73687,SY1000288.2026.73687,iPad1(1000288),288,12.06.26 20:17,Prod,A1000288.7287,Tisch 11,110,S1000288.73687,SALE,2,10.9,21.8,0.0,0.0,0.0,0.0,107,Chicken Burger,Hauptgerichte,,MwSt. 7%,1.07,20.373832,1.426168,Normalverkauf
S1000288.73688,SP1000288.7.73688,SY1000288.2026.73688,iPad1(1000288),288,12.06.26 20:17,Prod,A1000288.7287,Tisch 11,110,S1000288.73688,SALE,1,7.9,7.9,0.0,0.0,0.0,0.0,115,Tiramisu,Desserts,,MwSt. 7%,1.07,7.383178,0.516822,Normalverkauf
S1000288.73689,SP1000288.7.73689,SY1000288.2026.73689,iPad1(1000288),288,12.06.26 19:37,Prod,A1000288.7288,Tisch 16,101,S1000288.73689,SALE,1,3.9,3.9,0.0,0.0,0.0,0.0,124,Cola Zero,Getränke,,MwSt. 19%,1.19,3.277311,0.622689,Normalverkauf
S1000288.73690,SP1000288.7.73690,SY1000288.2026.73690,iPad1(1000288),288,12.06.26 12:20,Prod,A1000288.7289,Tisch 10,119,S1000288.73690,SALE,2,4.9,9.8,0.0,0.0,0.0,0.0,112,Kartoffelwedges,Beilagen,,MwSt. 7%,1.07,9.158879,0.641121,Normalverkauf
S1000288.73691,SP1000288.7.73691,SY1000288.2026.73691,iPad1(1000288),288,12.06.26 12:20,Prod,A1000288.7289,Tisch 10,119,S1000288.73691,SALE,1,3.9,3.9,0.0,0.0,0.0,0.0,126,Spezi,Getränke,,MwSt. 19%,1.19,3.277311,0.622689,Normalverkauf
S1000288.73692,SP1000288.7.73692,SY1000288.2026.73692,iPad1(1000288),288,12.06.26 19:13,Prod,A1000288.7290,Tisch 22,107,S1000288.73692,SALE,1,11.5,11.5,0.0,0.0,0.0,0.0,105,Garnelen-Kimchi-Bruger,Hauptgerichte,,MwSt. 7%,1.07,10.747664,0.752336,Normalverkauf
S1000288.73693,SP1000288.7.73693,SY1000288.2026.73693,iPad1(1000288),288,12.06.26 19:13,Prod,A1000288.7290,Tisch 22,107,S1000288.73693,SALE,1,5.5,5.5,0.0,0.0,0.0,0.0,111,Pommes Frites,Beilagen,,MwSt. 7%,1.07,5.140187,0.359813,Normalverkauf
S1000288.73694,SP1000288.7.73694,SY1000288.2026.73694,iPad1(1000288),288,12.06.26 19:13,Prod,A1000288.7290,Tisch 22,107,S1000288.73694,SALE,1,5.5,5.5,0.0,0.0,0.0,0.0,114,Fisch Nuggets Box,Beilagen,,MwSt. 7%,1.07,5.140187,0.359813,Normalverkauf
S1000288.73695,SP1000288.7.73695,SY1000288.2026.73695,iPad1(1000288),288,12.06.26 17:15,Prod,A1000288.7291,Tisch 5,119,S1000288.73695,SALE,2,7.9,15.8,0.0,0.0,0.0,0.0,106,Neptun-Ringe,Beilagen,,MwSt. 7%,1.07,14.766355,1.033645,Normalverkauf
S1000288.73696,SP1000288.7.73696,SY1000288.2026.73696,iPad1(1000288),288,12.06.26 20:33,Prod,A1000288.7292,Tisch 8,110,S1000288.73696,SALE,2,3.9,7.8,0.0,0.0,0.0,0.0,126,Spezi,Getränke,,MwSt. 19%,1.19,6.554622,1.245378,Normalverkauf
S1000288.73697,SP1000288.7.73697,SY1000288.2026.73697,iPad1(1000288),288,12.06.26 11:48,Prod,A1000288.7293,Tisch 10,107,S1000288.73697,SALE,2,10.9,21.8,0.0,0.0,0.0,0.0,104,Thunfisch Wrap,Hauptgerichte,,MwSt. 7%,1.07,20.373832,1.426168,Normalverkauf
S1000288.73698,SP1000288.7.73698,SY1000288.2026.73698,iPad1(1000288),288,12.06.26 11:48,Prod,A1000288.7293,Tisch 10,107,S1000288.73698,SALE,1,4.9,4.9,0.0,0.0,0.0,0.0,112,Kartoffelwedges,Beilagen,,MwSt. 7%,1.07,4.579439,0.320561,Normalverkauf
S1000288.73699,SP1000288.7.73699,SY1000288.2026.73699,iPad1(1000288),288,12.06.26 11:38,Prod,A1000288.7294,Tisch 14,116,S1000288.73699,SALE,1,14.5,14.5,0.0,0.0,0.0,0.0,101,Lachs,Hauptspeisen,,MwSt. 7%,1.07,13.551402,0.948598,Normalverkauf
S1000288.73700,SP1000288.7.73700,SY1000288.2026.73700,iPad1(1000288),288,12.06.26 11:38,Prod,A1000288.7294,Tisch 14,116,S1000288.73700,SALE,1,14.5,14.5,0.0,0.0,0.0,0.0,101,Lachs,Hauptspeisen,,MwSt. 7%,1.07,13.551402,0.948598,Normalverkauf
S1000288.73701,SP1000288.7.73701,SY1000288.2026.73701,iPad1(1000288),288,12.06.26 11:29,Prod,A1000288.7295,Tisch 2,107,S1000288.73701,SALE,2,9.8,19.6,0.0,0.0,0.0,0.0,108,Seelachs-Ei-Baugette,Hauptgerichte,,MwSt. 7%,1.07,18.317757,1.282243,Normalverkauf
S1000288.73702,SP1000288.7.73702,SY1000288.2026.73702,iPad1(1000288),288,12.06.26 11:29,Prod,A1000288.7295,Tisch 2,107,S1000288.73702,SALE,2,5.9,11.8,0.0,0.0,0.0,0.0,125,Zitronen-Limonade,Getränke,,MwSt. 19%,1.19,9.915966,1.884034,Normalverkauf
S1000288.73703,SP1000288.7.73703,SY1000288.2026.73703,iPad1(1000288),288,12.06.26 19:19,Prod,A1000288.7296,Tisch 10,110,S1000288.73703,SALE,2,5.5,11.0,0.0,0.0,0.0,0.0,111,Pommes Frites,Beilagen,,MwSt. 7%,1.07,10.280374,0.719626,Normalverkauf
S1000288.73704,SP1000288.7.73704,SY1000288.2026.73704,iPad1(1000288),288,12.06.26 19:19,Prod,A1000288.7296,Tisch 10,110,S1000288.73704,SALE,2,13.5,27.0,0.0,0.0,0.0,0.0,102,Matjes,Hauptspeisen,,MwSt. 7%,1.07,25.233645,1.766355,Normalverkauf
S1000288.73705,SP1000288.7.73705,SY1000288.2026.73705,iPad1(1000288),288,12.06.26 18:06,Prod,A1000288.7297,Tisch 17,110,S1000288.73705,SALE,1,6.5,6.5,0.0,0.0,0.0,0.0,118,Schokokuchen,Desserts,,MwSt. 7%,1.07,6.074766,0.425234,Normalverkauf
S1000288.73706,SP1000288.7.73706,SY1000288.2026.73706,iPad1(1000288),288,12.06.26 18:06,Prod,A1000288.7297,Tisch 17,110,S1000288.73706,SALE,1,3.9,3.9,0.0,0.0,0.0,0.0,119,Cola,Getränke,,MwSt. 19%,1.19,3.277311,0.622689,Normalverkauf
S1000288.73707,SP1000288.7.73707,SY1000288.2026.73707,iPad1(1000288),288,12.06.26 18:06,Prod,A1000288.7297,Tisch 17,110,S1000288.73707,SALE,2,3.9,7.8,0.0,0.0,0.0,0.0,119,Cola,Getränke,,MwSt. 19%,1.19,6.554622,1.245378,Normalverkauf
S1000288.73708,SP1000288.7.73708,SY1000288.2026.73708,iPad1(1000288),288,12.06.26 18:29,Prod,A1000288.7298,Tisch 11,110,S1000288.73708,SALE,2,5.5,11.0,0.0,0.0,0.0,0.0,111,Pommes Frites,Beilagen,,MwSt. 7%,1.07,10.280374,0.719626,Normalverkauf
S1000288.73709,SP1000288.7.73709,SY1000288.2026.73709,iPad1(1000288),288,12.06.26 17:42,Prod,A1000288.7299,Tisch 6,110,S1000288.73709,SALE,2,4.9,9.8,0.0,0.0,0.0,0.0,112,Kartoffelwedges,Beilagen,,MwSt. 7%,1.07,9.158879,0.641121,Normalverkauf
S1000288.73710,SP1000288.7.73710,SY1000288.2026.73710,iPad1(1000288),288,12.06.26 17:20,Prod,A1000288.7300,Tisch 22,110,S1000288.73710,VOID,2,2.8,5.6,0.0,0.0,0.0,0.0,121,Mineralwasser,Getränke,,MwSt. 19%,1.19,4.705882,0.894118,Normalverkauf
S1000288.73711,SP1000288.7.73711,SY1000288.2026.73711,iPad1(1000288),288,12.06.26 16:57,Prod,A1000288.7301,Tisch 4,101,S1000288.73711,SALE,2,3.9,7.8,0.0,0.0,0.0,0.0,119,Cola,Getränke,,MwSt. 19%,1.19,6.554622,1.245378,Normalverkauf
S1000288.73712,SP1000288.7.73712,SY1000288.2026.73712,iPad1(1000288),288,12.06.26 20:53,Prod,A1000288.7302,Tisch 21,110,S1000288.73712,VOID,2,6.9,13.8,0.0,0.0,0.0,0.0,103,Fischbrötchen Räucherlachs,Hauptspeisen,,MwSt. 7%,1.07,12.897196,0.902804,Normalverkauf
S1000288.73713,SP1000288.7.73713,SY1000288.2026.73713,iPad1(1000288),288,12.06.26 20:53,Prod,A1000288.7302,Tisch 21,110,S1000288.73713,VOID,1,3.9,3.9,0.0,0.0,0.0,0.0,124,Cola Zero,Getränke,,MwSt. 19%,1.19,3.277311,0.622689,Normalverkauf
S1000288.73714,SP1000288.7.73714,SY1000288.2026.73714,iPad1(1000288),288,12.06.26 17:16,Prod,A1000288.7303,Tisch 7,116,S1000288.73714,SALE,2,3.9,7.8,0.0,0.0,0.0,0.0,119,Cola,Getränke,,MwSt. 19%,1.19,6.554622,1.245378,Normalverkauf
S1000288.73715,SP1000288.7.73715,SY1000288.2026.73715,iPad1(1000288),288,12.06.26 17:16,Prod,A1000288.7303,Tisch 7,116,S1000288.73715,SALE,2,6.5,13.0,0.0,0.0,0.0,0.0,100,Fischbrötchen Backfisch,Hauptspeisen,,MwSt. 7%,1.07,12.149533,0.850467,Normalverkauf
S1000288.73716,SP1000288.7.73716,SY1000288.2026.73716,iPad1(1000288),288,12.06.26 17:16,Prod,A1000288.7303,Tisch 7,116,S1000288.73716,SALE,1,4.2,4.2,0.0,0.0,0.0,0.0,122,Bier,Getränke,,MwSt. 19%,1.19,3.529412,0.670588,Normalverkauf
S1000288.73717,SP1000288.7.73717,SY1000288.2026.73717,iPad1(1000288),288,12.06.26 11:36,Prod,A1000288.7304,Tisch 17,119,S1000288.73717,VOID,1,5.5,5.5,0.0,0.0,0.0,0.0,111,Pommes Frites,Beilagen,,MwSt. 7%,1.07,5.140187,0.359813,Normalverkauf
S1000288.73718,SP1000288.7.73718,SY1000288.2026.73718,iPad1(1000288),288,12.06.26 11:36,Prod,A1000288.7304,Tisch 17,119,S1000288.73718,VOID,2,5.9,11.8,0.0,0.0,0.0,0.0,123,Inger-Limonade,Getränke,,MwSt. 19%,1.19,9.915966,1.884034,Normalverkauf
S1000288.73719,SP1000288.7.73719,SY1000288.2026.73719,iPad1(1000288),288,12.06.26 15:47,Prod,A1000288.7305,Tisch 15,110,S1000288.73719,SALE,2,5.5,11.0,0.0,0.0,0.0,0.0,114,Fisch Nuggets Box,Beilagen,,MwSt. 7%,1.07,10.280374,0.719626,Normalverkauf
S1000288.73720,SP1000288.7.73720,SY1000288.2026.73720,iPad1(1000288),288,12.06.26 10:53,Prod,A1000288.7306,Tisch 12,101,S1000288.73720,SALE,1,6.9,6.9,0.0,0.0,0.0,0.0,113,Garnelen Box,Beilagen,,MwSt. 7%,1.07,6.448598,0.451402,Normalverkauf
S1000288.73721,SP1000288.7.73721,SY1000288.2026.73721,iPad1(1000288),288,12.06.26 19:06,Prod,A1000288.7307,Tisch 20,110,S1000288.73721,SALE,2,5.9,11.8,0.0,0.0,0.0,0.0,125,Zitronen-Limonade,Getränke,,MwSt. 19%,1.19,9.915966,1.884034,Normalverkauf
S1000288.73722,SP1000288.7.73722,SY1000288.2026.73722,iPad1(1000288),288,12.06.26 19:06,Prod,A1000288.7307,Tisch 20,110,S1000288.73722,SALE,2,5.5,11.0,0.0,0.0,0.0,0.0,111,Pommes Frites,Beilagen,,MwSt. 7%,1.07,10.280374,0.719626,Normalverkauf
S1000288.73723,SP1000288.7.73723,SY1000288.2026.73723,iPad1(1000288),288,12.06.26 19:06,Prod,A1000288.7307,Tisch 20,110,S1000288.73723,SALE,2,6.9,13.8,0.0,0.0,0.0,0.0,103,Fischbrötchen Räucherlachs,Hauptspeisen,,MwSt. 7%,1.07,12.897196,0.902804,Normalverkauf
S1000288.73724,SP1000288.7.73724,SY1000288.2026.73724,iPad1(1000288),288,12.06.26 10:14,Prod,A1000288.7308,Tisch 6,101,S1000288.73724,SALE,1,9.8,9.8,0.0,0.0,0.0,0.0,108,Seelachs-Ei-Baugette,Hauptgerichte,,MwSt. 7%,1.07,9.158879,0.641121,Normalverkauf
S1000288.73725,SP1000288.7.73725,SY1000288.2026.73725,iPad1(1000288),288,12.06.26 12:56,Prod,A1000288.7309,Tisch 2,116,S1000288.73725,SALE,2,13.5,27.0,0.0,0.0,0.0,0.0,102,Matjes,Hauptspeisen,,MwSt. 7%,1.07,25.233645,1.766355,Normalverkauf
S1000288.73726,SP1000288.7.73726,SY1000288.2026.73726,iPad1(1000288),288,12.06.26 20:17,Prod,A1000288.7310,Tisch 6,110,S1000288.73726,SALE,2,3.9,7.8,0.0,0.0,0.0,0.0,119,Cola,Getränke,,MwSt. 19%,1.19,6.554622,1.245378,Normalverkauf
S1000288.73727,SP1000288.7.73727,SY1000288.2026.73727,iPad1(1000288),288,12.06.26 20:17,Prod,A1000288.7310,Tisch 6,110,S1000288.73727,SALE,2,4.2,8.4,0.0,0.0,0.0,0.0,122,Bier,Getränke,,MwSt. 19%,1.19,7.058824,1.341176,Normalverkauf
S1000288.73728,SP1000288.7.73728,SY1000288.2026.73728,iPad1(1000288),288,12.06.26 20:17,Prod,A1000288.7310,Tisch 6,110,S1000288.73728,SALE,1,3.9,3.9,0.0,0.0,0.0,0.0,124,Cola Zero,Getränke,,MwSt. 19%,1.19,3.277311,0.622689,Normalverkauf
S1000288.73729,SP1000288.7.73729,SY1000288.2026.73729,iPad1(1000288),288,12.06.26 18:22,Prod,A1000288.7311,,101,S1000288.73729,SALE,2,5.9,11.8,0.0,0.0,0.0,0.0,116,Vanillequark,Desserts,,MwSt. 7%,1.07,11.028037,0.771963,Normalverkauf
S1000288.73730,SP1000288.7.73730,SY1000288.2026.73730,iPad1(1000288),288,12.06.26 17:31,Prod,A1000288.7312,Tisch 11,101,S1000288.73730,VOID,1,5.5,5.5,0.0,0.0,0.0,0.0,114,Fisch Nuggets Box,Beilagen,,MwSt. 7%,1.07,5.140187,0.359813,Normalverkauf
S1000288.73731,SP1000288.7.73731,SY1000288.2026.73731,iPad1(1000288),288,12.06.26 17:31,Prod,A1000288.7312,Tisch 11,101,S1000288.73731,VOID,1,3.9,3.9,0.0,0.0,0.0,0.0,124,Cola Zero,Getränke,,MwSt. 19%,1.19,3.277311,0.622689,Normalverkauf
S1000288.73732,SP1000288.7.73732,SY1000288.2026.73732,iPad1(1000288),288,12.06.26 09:51,Prod,A1000288.7313,Tisch 10,110,S1000288.73732,SALE,2,4.2,8.4,0.0,0.0,0.0,0.0,122,Bier,Getränke,,MwSt. 19%,1.19,7.058824,1.341176,Normalverkauf
S1000288.73733,SP1000288.7.73733,SY1000288.2026.73733,iPad1(1000288),288,12.06.26 09:51,Prod,A1000288.7313,Tisch 10,110,S1000288.73733,SALE,1,3.9,3.9,0.0,0.0,0.0,0.0,119,Cola,Getränke,,MwSt. 19%,1.19,3.277311,0.622689,Normalverkauf
S1000288.73734,SP1000288.7.73734,SY1000288.2026.73734,iPad1(1000288),288,12.06.26 09:51,Prod,A1000288.7313,Tisch 10,110,S1000288.73734,SALE,2,3.9,7.8,0.0,0.0,0.0,0.0,119,Cola,Getränke,,MwSt. 19%,1.19,6.554622,1.245378,Normalverkauf
S1000288.73735,SP1000288.7.73735,SY1000288.2026.73735,iPad1(1000288),288,12.06.26 09:42,Prod,A1000288.7314,Tisch 23,110,S1000288.73735,SALE,2,3.9,7.8,0.0,0.0,0.0,0.0,119,Cola,Getränke,,MwSt. 19%,1.19,6.554622,1.245378,Normalverkauf
S1000288.73736,SP1000288.7.73736,SY1000288.2026.73736,iPad1(1000288),288,12.06.26 09:42,Prod,A1000288.7314,Tisch 23,110,S1000288.73736,SALE,2,3.9,7.8,0.0,0.0,0.0,0.0,119,Cola,Getränke,,MwSt. 19%,1.19,6.554622,1.245378,Normalverkauf
S1000288.73737,SP1000288.7.73737,SY1000288.2026.73737,iPad1(1000288),288,12.06.26 14:03,Prod,A1000288.7315,Tisch 20,110,S1000288.73737,VOID,1,5.5,5.5,0.0,0.0,0.0,0.0,111,Pommes Frites,Beilagen,,MwSt. 7%,1.07,5.140187,0.359813,Normalverkauf
S1000288.73738,SP1000288.7.73738,SY1000288.2026.73738,iPad1(1000288),288,12.06.26 14:03,Prod,A1000288.7315,Tisch 20,110,S1000288.73738,VOID,1,6.5,6.5,0.0,0.0,0.0,0.0,100,Fischbrötchen Backfisch,Hauptspeisen,,MwSt. 7%,1.07,6.074766,0.425234,Normalverkauf
S1000288.73739,SP1000288.7.73739,SY1000288.2026.73739,iPad1(1000288),288,12.06.26 14:03,Prod,A1000288.7315,Tisch 20,110,S1000288.73739,VOID,1,4.2,4.2,0.0,0.0,0.0,0.0,122,Bier,Getränke,,MwSt. 19%,1.19,3.529412,0.670588,Normalverkauf
S1000288.73740,SP1000288.7.73740,SY1000288.2026.73740,iPad1(1000288),288,12.06.26 13:07,Prod,A1000288.7316,Tisch 2,119,S1000288.73740,SALE,1,4.2,4.2,0.0,0.0,0.0,0.0,122,Bier,Getränke,,MwSt. 19%,1.19,3.529412,0.670588,Normalverkauf
S1000288.73741,SP1000288.7.73741,SY1000288.2026.73741,iPad1(1000288),288,12.06.26 13:07,Prod,A1000288.7316,Tisch 2,119,S1000288.73741,SALE,1,10.9,10.9,0.0,0.0,0.0,0.0,104,Thunfisch Wrap,Hauptgerichte,,MwSt. 7%,1.07,10.186916,0.713084,Normalverkauf
S1000288.73742,SP1000288.7.73742,SY1000288.2026.73742,iPad1(1000288),288,12.06.26 13:42,Prod,A1000288.7317,,110,S1000288.73742,SALE,2,7.9,15.8,0.0,0.0,0.0,0.0,106,Neptun-Ringe,Beilagen,,MwSt. 7%,1.07,14.766355,1.033645,Normalverkauf
S1000288.73743,SP1000288.7.73743,SY1000288.2026.73743,iPad1(1000288),288,12.06.26 13:42,Prod,A1000288.7317,,110,S1000288.73743,SALE,2,10.9,21.8,0.0,0.0,0.0,0.0,104,Thunfisch Wrap,Hauptgerichte,,MwSt. 7%,1.07,20.373832,1.426168,Normalverkauf
S1000288.73744,SP1000288.7.73744,SY1000288.2026.73744,iPad1(1000288),288,12.06.26 19:03,Prod,A1000288.7318,Tisch 1,116,S1000288.73744,SALE,1,6.5,6.5,0.0,0.0,0.0,0.0,118,Schokokuchen,Desserts,,MwSt. 7%,1.07,6.074766,0.425234,Normalverkauf
S1000288.73745,SP1000288.7.73745,SY1000288.2026.73745,iPad1(1000288),288,12.06.26 19:24,Prod,A1000288.7319,,110,S1000288.73745,SALE,1,5.9,5.9,0.0,0.0,0.0,0.0,125,Zitronen-Limonade,Getränke,,MwSt. 19%,1.19,4.957983,0.942017,Normalverkauf
S1000288.73746,SP1000288.7.73746,SY1000288.2026.73746,iPad1(1000288),288,12.06.26 19:24,Prod,A1000288.7319,,110,S1000288.73746,SALE,2,2.8,5.6,0.0,0.0,0.0,0.0,121,Mineralwasser,Getränke,,MwSt. 19%,1.19,4.705882,0.894118,Normalverkauf
S1000288.73747,SP1000288.7.73747,SY1000288.2026.73747,iPad1(1000288),288,12.06.26 19:24,Prod,A1000288.7319,,110,S1000288.73747,SALE,1,10.9,10.9,0.0,0.0,0.0,0.0,104,Thunfisch Wrap,Hauptgerichte,,MwSt. 7%,1.07,10.186916,0.713084,Normalverkauf
S1000288.73748,SP1000288.7.73748,SY1000288.2026.73748,iPad1(1000288),288,12.06.26 10:36,Prod,A1000288.7320,Tisch 7,116,S1000288.73748,SALE,2,10.9,21.8,0.0,0.0,0.0,0.0,107,Chicken Burger,Hauptgerichte,,MwSt. 7%,1.07,20.373832,1.426168,Normalverkauf
S1000288.73749,SP1000288.7.73749,SY1000288.2026.73749,iPad1(1000288),288,12.06.26 15:12,Prod,A1000288.7321,,101,S1000288.73749,SALE,1,10.9,10.9,0.0,0.0,0.0,0.0,109,Bismarck-Baguette,Hauptgerichte,,MwSt. 7%,1.07,10.186916,0.713084,Normalverkauf
S1000288.73750,SP1000288.7.73750,SY1000288.2026.73750,iPad1(1000288),288,12.06.26 17:19,Prod,A1000288.7322,Tisch 13,116,S1000288.73750,SALE,1,11.5,11.5,0.0,0.0,0.0,0.0,105,Garnelen-Kimchi-Bruger,Hauptgerichte,,MwSt. 7%,1.07,10.747664,0.752336,Normalverkauf
S1000288.73751,SP1000288.7.73751,SY1000288.2026.73751,iPad1(1000288),288,12.06.26 17:19,Prod,A1000288.7322,Tisch 13,116,S1000288.73751,SALE,1,6.5,6.5,0.0,0.0,0.0,0.0,100,Fischbrötchen Backfisch,Hauptspeisen,,MwSt. 7%,1.07,6.074766,0.425234,Normalverkauf
S1000288.73752,SP1000288.7.73752,SY1000288.2026.73752,iPad1(1000288),288,12.06.26 14:36,Prod,A1000288.7323,Tisch 23,119,S1000288.73752,SALE,1,10.9,10.9,0.0,0.0,0.0,0.0,104,Thunfisch Wrap,Hauptgerichte,,MwSt. 7%,1.07,10.186916,0.713084,Normalverkauf
S1000288.73753,SP1000288.7.73753,SY1000288.2026.73753,iPad1(1000288),288,12.06.26 12:00,Prod,A1000288.7324,Tisch 3,110,S1000288.73753,SALE,1,14.5,14.5,0.0,0.0,0.0,0.0,101,Lachs,Hauptspeisen,,MwSt. 7%,1.07,13.551402,0.948598,Normalverkauf
S1000288.73754,SP1000288.7.73754,SY1000288.2026.73754,iPad1(1000288),288,12.06.26 10:13,Prod,A1000288.7325,Tisch 7,101,S1000288.73754,SALE,1,5.9,5.9,0.0,0.0,0.0,0.0,116,Vanillequark,Desserts,,MwSt. 7%,1.07,5.514019,0.385981,Normalverkauf
S1000288.73755,SP1000288.7.73755,SY1000288.2026.73755,iPad1(1000288),288,12.06.26 10:13,Prod,A1000288.7325,Tisch 7,101,S1000288.73755,SALE,1,4.2,4.2,0.0,0.0,0.0,0.0,122,Bier,Getränke,,MwSt. 19%,1.19,3.529412,0.670588,Normalverkauf
S1000288.73756,SP1000288.7.73756,SY1000288.2026.73756,iPad1(1000288),288,12.06.26 16:55,Prod,A1000288.7326,Tisch 24,110,S1000288.73756,SALE,1,10.9,10.9,0.0,0.0,0.0,0.0,109,Bismarck-Baguette,Hauptgerichte,,MwSt. 7%,1.07,10.186916,0.713084,Normalverkauf
S1000288.73757,SP1000288.7.73757,SY1000288.2026.73757,iPad1(1000288),288,12.06.26 16:55,Prod,A1000288.7326,Tisch 24,110,S1000288.73757,SALE,1,10.9,10.9,0.0,0.0,0.0,0.0,107,Chicken Burger,Hauptgerichte,,MwSt. 7%,1.07,10.186916,0.713084,Normalverkauf
S1000288.73758,SP1000288.7.73758,SY1000288.2026.73758,iPad1(1000288),288,12.06.26 16:55,Prod,A1000288.7326,Tisch 24,110,S1000288.73758,SALE,2,4.2,8.4,0.0,0.0,0.0,0.0,122,Bier,Getränke,,MwSt. 19%,1.19,7.058824,1.341176,Normalverkauf
S1000288.73759,SP1000288.7.73759,SY1000288.2026.73759,iPad1(1000288),288,12.06.26 12:40,Prod,A1000288.7327,Tisch 14,107,S1000288.73759,VOID,1,5.9,5.9,0.0,0.0,0.0,0.0,125,Zitronen-Limonade,Getränke,,MwSt. 19%,1.19,4.957983,0.942017,Normalverkauf
S1000288.73760,SP1000288.7.73760,SY1000288.2026.73760,iPad1(1000288),288,12.06.26 16:54,Prod,A1000288.7328,,107,S1000288.73760,VOID,1,9.8,9.8,0.0,0.0,0.0,0.0,108,Seelachs-Ei-Baugette,Hauptgerichte,,MwSt. 7%,1.07,9.158879,0.641121,Normalverkauf
S1000288.73761,SP1000288.7.73761,SY1000288.2026.73761,iPad1(1000288),288,12.06.26 13:09,Prod,A1000288.7329,Tisch 11,101,S1000288.73761,SALE,1,7.9,7.9,0.0,0.0,0.0,0.0,106,Neptun-Ringe,Beilagen,,MwSt. 7%,1.07,7.383178,0.516822,Normalverkauf
S1000288.73762,SP1000288.7.73762,SY1000288.2026.73762,iPad1(1000288),288,12.06.26 13:09,Prod,A1000288.7329,Tisch 11,101,S1000288.73762,SALE,1,10.9,10.9,0.0,0.0,0.0,0.0,107,Chicken Burger,Hauptgerichte,,MwSt. 7%,1.07,10.186916,0.713084,Normalverkauf
S1000288.73763,SP1000288.7.73763,SY1000288.2026.73763,iPad1(1000288),288,12.06.26 09:37,Prod,A1000288.7330,Tisch 19,116,S1000288.73763,SALE,1,6.5,6.5,0.0,0.0,0.0,0.0,100,Fischbrötchen Backfisch,Hauptspeisen,,MwSt. 7%,1.07,6.074766,0.425234,Normalverkauf
S1000288.73764,SP1000288.7.73764,SY1000288.2026.73764,iPad1(1000288),288,12.06.26 09:37,Prod,A1000288.7330,Tisch 19,116,S1000288.73764,SALE,1,4.2,4.2,0.0,0.0,0.0,0.0,122,Bier,Getränke,,MwSt. 19%,1.19,3.529412,0.670588,Normalverkauf
S1000288.73765,SP1000288.7.73765,SY1000288.2026.73765,iPad1(1000288),288,12.06.26 09:37,Prod,A1000288.7330,Tisch 19,116,S1000288.73765,SALE,1,3.9,3.9,0.0,0.0,0.0,0.0,126,Spezi,Getränke,,MwSt. 19%,1.19,3.277311,0.622689,Normalverkauf
S1000288.73766,SP1000288.7.73766,SY1000288.2026.73766,iPad1(1000288),288,12.06.26 13:53,Prod,A1000288.7331,Tisch 24,116,S1000288.73766,SALE,2,6.5,13.0,0.0,0.0,0.0,0.0,100,Fischbrötchen Backfisch,Hauptspeisen,,MwSt. 7%,1.07,12.149533,0.850467,Normalverkauf
S1000288.73767,SP1000288.7.73767,SY1000288.2026.73767,iPad1(1000288),288,12.06.26 13:53,Prod,A1000288.7331,Tisch 24,116,S1000288.73767,SALE,1,10.9,10.9,0.0,0.0,0.0,0.0,104,Thunfisch Wrap,Hauptgerichte,,MwSt. 7%,1.07,10.186916,0.713084,Normalverkauf
S1000288.73768,SP1000288.7.73768,SY1000288.2026.73768,iPad1(1000288),288,12.06.26 15:58,Prod,A1000288.7332,Tisch 7,119,S1000288.73768,SALE,2,4.9,9.8,0.0,0.0,0.0,0.0,112,Kartoffelwedges,Beilagen,,MwSt. 7%,1.07,9.158879,0.641121,Normalverkauf
S1000288.73769,SP1000288.7.73769,SY1000288.2026.73769,iPad1(1000288),288,12.06.26 15:58,Prod,A1000288.7332,Tisch 7,119,S1000288.73769,SALE,2,6.5,13.0,0.0,0.0,0.0,0.0,100,Fischbrötchen Backfisch,Hauptspeisen,,MwSt. 7%,1.07,12.149533,0.850467,Normalverkauf
S1000288.73770,SP1000288.7.73770,SY1000288.2026.73770,iPad1(1000288),288,12.06.26 15:58,Prod,A1000288.7332,Tisch 7,119,S1000288.73770,SALE,2,3.9,7.8,0.0,0.0,0.0,0.0,126,Spezi,Getränke,,MwSt. 19%,1.19,6.554622,1.245378,Normalverkauf
S1000288.73771,SP1000288.7.73771,SY1000288.2026.73771,iPad1(1000288),288,12.06.26 18:33,Prod,A1000288.7333,,110,S1000288.73771,SALE,2,7.9,15.8,0.0,0.0,0.0,0.0,106,Neptun-Ringe,Beilagen,,MwSt. 7%,1.07,14.766355,1.033645,Normalverkauf
S1000288.73772,SP1000288.7.73772,SY1000288.2026.73772,iPad1(1000288),288,12.06.26 18:33,Prod,A1000288.7333,,110,S1000288.73772,SALE,2,6.5,13.0,0.0,0.0,0.0,0.0,100,Fischbrötchen Backfisch,Hauptspeisen,,MwSt. 7%,1.07,12.149533,0.850467,Normalverkauf
S1000288.73773,SP1000288.7.73773,SY1000288.2026.73773,iPad1(1000288),288,12.06.26 18:33,Prod,A1000288.7333,,110,S1000288.73773,SALE,1,6.5,6.5,0.0,0.0,0.0,0.0,100,Fischbrötchen Backfisch,Hauptspeisen,,MwSt. 7%,1.07,6.074766,0.425234,Normalverkauf
S1000288.73774,SP1000288.7.73774,SY1000288.2026.73774,iPad1(1000288),288,12.06.26 08:44,Prod,A1000288.7334,Tisch 2,110,S1000288.73774,VOID,2,3.2,6.4,0.0,0.0,0.0,0.0,120,Apfelschorle,Getränke,,MwSt. 19%,1.19,5.378151,1.021849,Normalverkauf
S1000288.73775,SP1000288.7.73775,SY1000288.2026.73775,iPad1(1000288),288,12.06.26 08:44,Prod,A1000288.7334,Tisch 2,110,S1000288.73775,VOID,2,4.2,8.4,0.0,0.0,0.0,0.0,122,Bier,Getränke,,MwSt. 19%,1.19,7.058824,1.341176,Normalverkauf
S1000288.73776,SP1000288.7.73776,SY1000288.2026.73776,iPad1(1000288),288,12.06.26 08:44,Prod,A1000288.7334,Tisch 2,110,S1000288.73776,VOID,1,10.9,10.9,0.0,0.0,0.0,0.0,104,Thunfisch Wrap,Hauptgerichte,,MwSt. 7%,1.07,10.186916,0.713084,Normalverkauf
S1000288.73777,SP1000288.7.73777,SY1000288.2026.73777,iPad1(1000288),288,13.06.26 09:37,Prod,A1000288.7335,Tisch 15,119,S1000288.73777,SALE,1,10.9,10.9,0.0,0.0,0.0,0.0,104,Thunfisch Wrap,Hauptgerichte,,MwSt. 7%,1.07,10.186916,0.713084,Normalverkauf
S1000288.73778,SP1000288.7.73778,SY1000288.2026.73778,iPad1(1000288),288,13.06.26 09:37,Prod,A1000288.7335,Tisch 15,119,S1000288.73778,SALE,2,11.9,23.8,0.0,0.0,0.0,0.0,110,Matjes-Baguette,Hauptgerichte,,MwSt. 7%,1.07,22.242991,1.557009,Normalverkauf
S1000288.73779,SP1000288.7.73779,SY1000288.2026.73779,iPad1(1000288),288,13.06.26 09:37,Prod,A1000288.7335,Tisch 15,119,S1000288.73779,SALE,2,5.9,11.8,0.0,0.0,0.0,0.0,125,Zitronen-Limonade,Getränke,,MwSt. 19%,1.19,9.915966,1.884034,Normalverkauf
S1000288.73780,SP1000288.7.73780,SY1000288.2026.73780,iPad1(1000288),288,13.06.26 10:17,Prod,A1000288.7336,Tisch 7,110,S1000288.73780,SALE,2,3.9,7.8,0.0,0.0,0.0,0.0,124,Cola Zero,Getränke,,MwSt. 19%,1.19,6.554622,1.245378,Normalverkauf
S1000288.73781,SP1000288.7.73781,SY1000288.2026.73781,iPad1(1000288),288,13.06.26 10:17,Prod,A1000288.7336,Tisch 7,110,S1000288.73781,SALE,1,6.5,6.5,0.0,0.0,0.0,0.0,118,Schokokuchen,Desserts,,MwSt. 7%,1.07,6.074766,0.425234,Normalverkauf
S1000288.73782,SP1000288.7.73782,SY1000288.2026.73782,iPad1(1000288),288,13.06.26 10:17,Prod,A1000288.7336,Tisch 7,110,S1000288.73782,SALE,1,3.9,3.9,0.0,0.0,0.0,0.0,126,Spezi,Getränke,,MwSt. 19%,1.19,3.277311,0.622689,Normalverkauf
S1000288.73783,SP1000288.7.73783,SY1000288.2026.73783,iPad1(1000288),288,13.06.26 11:26,Prod,A1000288.7337,Tisch 12,110,S1000288.73783,SALE,1,3.9,3.9,0.0,0.0,0.0,0.0,119,Cola,Getränke,,MwSt. 19%,1.19,3.277311,0.622689,Normalverkauf
S1000288.73784,SP1000288.7.73784,SY1000288.2026.73784,iPad1(1000288),288,13.06.26 11:26,Prod,A1000288.7337,Tisch 12,110,S1000288.73784,SALE,1,7.9,7.9,0.0,0.0,0.0,0.0,115,Tiramisu,Desserts,,MwSt. 7%,1.07,7.383178,0.516822,Normalverkauf
S1000288.73785,SP1000288.7.73785,SY1000288.2026.73785,iPad1(1000288),288,13.06.26 11:26,Prod,A1000288.7337,Tisch 12,110,S1000288.73785,SALE,2,6.5,13.0,0.0,0.0,0.0,0.0,100,Fischbrötchen Backfisch,Hauptspeisen,,MwSt. 7%,1.07,12.149533,0.850467,Normalverkauf
S1000288.73786,SP1000288.7.73786,SY1000288.2026.73786,iPad1(1000288),288,13.06.26 18:05,Prod,A1000288.7338,Tisch 20,116,S1000288.73786,SALE,2,3.9,7.8,0.0,0.0,0.0,0.0,119,Cola,Getränke,,MwSt. 19%,1.19,6.554622,1.245378,Normalverkauf
S1000288.73787,SP1000288.7.73787,SY1000288.2026.73787,iPad1(1000288),288,13.06.26 18:05,Prod,A1000288.7338,Tisch 20,116,S1000288.73787,SALE,1,2.8,2.8,0.0,0.0,0.0,0.0,121,Mineralwasser,Getränke,,MwSt. 19%,1.19,2.352941,0.447059,Normalverkauf
S1000288.73788,SP1000288.7.73788,SY1000288.2026.73788,iPad1(1000288),288,13.06.26 18:05,Prod,A1000288.7338,Tisch 20,116,S1000288.73788,SALE,2,3.9,7.8,0.0,0.0,0.0,0.0,126,Spezi,Getränke,,MwSt. 19%,1.19,6.554622,1.245378,Normalverkauf
S1000288.73789,SP1000288.7.73789,SY1000288.2026.73789,iPad1(1000288),288,13.06.26 15:45,Prod,A1000288.7339,Tisch 19,119,S1000288.73789,SALE,1,10.9,10.9,0.0,0.0,0.0,0.0,107,Chicken Burger,Hauptgerichte,,MwSt. 7%,1.07,10.186916,0.713084,Normalverkauf
S1000288.73790,SP1000288.7.73790,SY1000288.2026.73790,iPad1(1000288),288,13.06.26 15:45,Prod,A1000288.7339,Tisch 19,119,S1000288.73790,SALE,1,5.5,5.5,0.0,0.0,0.0,0.0,111,Pommes Frites,Beilagen,,MwSt. 7%,1.07,5.140187,0.359813,Normalverkauf
S1000288.73791,SP1000288.7.73791,SY1000288.2026.73791,iPad1(1000288),288,13.06.26 15:45,Prod,A1000288.7339,Tisch 19,119,S1000288.73791,SALE,1,10.9,10.9,0.0,0.0,0.0,0.0,104,Thunfisch Wrap,Hauptgerichte,,MwSt. 7%,1.07,10.186916,0.713084,Normalverkauf
S1000288.73792,SP1000288.7.73792,SY1000288.2026.73792,iPad1(1000288),288,13.06.26 12:48,Prod,A1000288.7340,Tisch 13,110,S1000288.73792,SALE,1,9.8,9.8,0.0,0.0,0.0,0.0,108,Seelachs-Ei-Baugette,Hauptgerichte,,MwSt. 7%,1.07,9.158879,0.641121,Normalverkauf
S1000288.73793,SP1000288.7.73793,SY1000288.2026.73793,iPad1(1000288),288,13.06.26 10:58,Prod,A1000288.7341,Tisch 3,119,S1000288.73793,SALE,2,3.2,6.4,0.0,0.0,0.0,0.0,120,Apfelschorle,Getränke,,MwSt. 19%,1.19,5.378151,1.021849,Normalverkauf
S1000288.73794,SP1000288.7.73794,SY1000288.2026.73794,iPad1(1000288),288,13.06.26 10:58,Prod,A1000288.7341,Tisch 3,119,S1000288.73794,SALE,1,2.8,2.8,0.0,0.0,0.0,0.0,121,Mineralwasser,Getränke,,MwSt. 19%,1.19,2.352941,0.447059,Normalverkauf
S1000288.73795,SP1000288.7.73795,SY1000288.2026.73795,iPad1(1000288),288,13.06.26 19:42,Prod,A1000288.7342,Tisch 3,101,S1000288.73795,SALE,1,6.5,6.5,0.0,0.0,0.0,0.0,100,Fischbrötchen Backfisch,Hauptspeisen,,MwSt. 7%,1.07,6.074766,0.425234,Normalverkauf
S1000288.73796,SP1000288.7.73796,SY1000288.2026.73796,iPad1(1000288),288,13.06.26 19:42,Prod,A1000288.7342,Tisch 3,101,S1000288.73796,SALE,1,6.9,6.9,0.0,0.0,0.0,0.0,103,Fischbrötchen Räucherlachs,Hauptspeisen,,MwSt. 7%,1.07,6.448598,0.451402,Normalverkauf
S1000288.73797,SP1000288.7.73797,SY1000288.2026.73797,iPad1(1000288),288,13.06.26 19:42,Prod,A1000288.7342,Tisch 3,101,S1000288.73797,SALE,2,4.2,8.4,0.0,0.0,0.0,0.0,122,Bier,Getränke,,MwSt. 19%,1.19,7.058824,1.341176,Normalverkauf
S1000288.73798,SP1000288.7.73798,SY1000288.2026.73798,iPad1(1000288),288,13.06.26 20:09,Prod,A1000288.7343,Tisch 18,119,S1000288.73798,SALE,1,6.9,6.9,0.0,0.0,0.0,0.0,103,Fischbrötchen Räucherlachs,Hauptspeisen,,MwSt. 7%,1.07,6.448598,0.451402,Normalverkauf
S1000288.73799,SP1000288.7.73799,SY1000288.2026.73799,iPad1(1000288),288,13.06.26 20:09,Prod,A1000288.7343,Tisch 18,119,S1000288.73799,SALE,2,4.9,9.8,0.0,0.0,0.0,0.0,112,Kartoffelwedges,Beilagen,,MwSt. 7%,1.07,9.158879,0.641121,Normalverkauf
S1000288.73800,SP1000288.7.73800,SY1000288.2026.73800,iPad1(1000288),288,13.06.26 19:27,Prod,A1000288.7344,Tisch 13,101,S1000288.73800,SALE,1,4.2,4.2,0.0,0.0,0.0,0.0,122,Bier,Getränke,,MwSt. 19%,1.19,3.529412,0.670588,Normalverkauf
S1000288.73801,SP1000288.7.73801,SY1000288.2026.73801,iPad1(1000288),288,13.06.26 19:27,Prod,A1000288.7344,Tisch 13,101,S1000288.73801,SALE,2,10.9,21.8,0.0,0.0,0.0,0.0,107,Chicken Burger,Hauptgerichte,,MwSt. 7%,1.07,20.373832,1.426168,Normalverkauf
S1000288.73802,SP1000288.7.73802,SY1000288.2026.73802,iPad1(1000288),288,13.06.26 09:25,Prod,A1000288.7345,Tisch 2,110,S1000288.73802,SALE,1,5.9,5.9,0.0,0.0,0.0,0.0,125,Zitronen-Limonade,Getränke,,MwSt. 19%,1.19,4.957983,0.942017,Normalverkauf
S1000288.73803,SP1000288.7.73803,SY1000288.2026.73803,iPad1(1000288),288,13.06.26 09:25,Prod,A1000288.7345,Tisch 2,110,S1000288.73803,SALE,2,5.5,11.0,0.0,0.0,0.0,0.0,111,Pommes Frites,Beilagen,,MwSt. 7%,1.07,10.280374,0.719626,Normalverkauf
S1000288.73804,SP1000288.7.73804,SY1000288.2026.73804,iPad1(1000288),288,13.06.26 09:25,Prod,A1000288.7345,Tisch 2,110,S1000288.73804,SALE,1,4.2,4.2,0.0,0.0,0.0,0.0,122,Bier,Getränke,,MwSt. 19%,1.19,3.529412,0.670588,Normalverkauf
S1000288.73805,SP1000288.7.73805,SY1000288.2026.73805,iPad1(1000288),288,13.06.26 11:49,Prod,A1000288.7346,Tisch 24,110,S1000288.73805,SALE,2,10.9,21.8,0.0,0.0,0.0,0.0,107,Chicken Burger,Hauptgerichte,,MwSt. 7%,1.07,20.373832,1.426168,Normalverkauf
S1000288.73806,SP1000288.7.73806,SY1000288.2026.73806,iPad1(1000288),288,13.06.26 11:49,Prod,A1000288.7346,Tisch 24,110,S1000288.73806,SALE,1,10.9,10.9,0.0,0.0,0.0,0.0,104,Thunfisch Wrap,Hauptgerichte,,MwSt. 7%,1.07,10.186916,0.713084,Normalverkauf
S1000288.73807,SP1000288.7.73807,SY1000288.2026.73807,iPad1(1000288),288,13.06.26 11:49,Prod,A1000288.7346,Tisch 24,110,S1000288.73807,SALE,2,10.9,21.8,0.0,0.0,0.0,0.0,109,Bismarck-Baguette,Hauptgerichte,,MwSt. 7%,1.07,20.373832,1.426168,Normalverkauf
S1000288.73808,SP1000288.7.73808,SY1000288.2026.73808,iPad1(1000288),288,13.06.26 17:48,Prod,A1000288.7347,Tisch 17,110,S1000288.73808,SALE,2,10.9,21.8,0.0,0.0,0.0,0.0,104,Thunfisch Wrap,Hauptgerichte,,MwSt. 7%,1.07,20.373832,1.426168,Normalverkauf
S1000288.73809,SP1000288.7.73809,SY1000288.2026.73809,iPad1(1000288),288,13.06.26 10:54,Prod,A1000288.7348,Tisch 24,110,S1000288.73809,SALE,1,2.8,2.8,0.0,0.0,0.0,0.0,121,Mineralwasser,Getränke,,MwSt. 19%,1.19,2.352941,0.447059,Normalverkauf
S1000288.73810,SP1000288.7.73810,SY1000288.2026.73810,iPad1(1000288),288,13.06.26 10:54,Prod,A1000288.7348,Tisch 24,110,S1000288.73810,SALE,2,5.5,11.0,0.0,0.0,0.0,0.0,114,Fisch Nuggets Box,Beilagen,,MwSt. 7%,1.07,10.280374,0.719626,Normalverkauf
S1000288.73811,SP1000288.7.73811,SY1000288.2026.73811,iPad1(1000288),288,13.06.26 18:57,Prod,A1000288.7349,Tisch 22,107,S1000288.73811,SALE,2,7.9,15.8,0.0,0.0,0.0,0.0,106,Neptun-Ringe,Beilagen,,MwSt. 7%,1.07,14.766355,1.033645,Normalverkauf
S1000288.73812,SP1000288.7.73812,SY1000288.2026.73812,iPad1(1000288),288,13.06.26 13:44,Prod,A1000288.7350,Tisch 13,101,S1000288.73812,SALE,2,14.5,29.0,0.0,0.0,0.0,0.0,101,Lachs,Hauptspeisen,,MwSt. 7%,1.07,27.102804,1.897196,Normalverkauf
S1000288.73813,SP1000288.7.73813,SY1000288.2026.73813,iPad1(1000288),288,13.06.26 13:44,Prod,A1000288.7350,Tisch 13,101,S1000288.73813,SALE,2,10.9,21.8,0.0,0.0,0.0,0.0,109,Bismarck-Baguette,Hauptgerichte,,MwSt. 7%,1.07,20.373832,1.426168,Normalverkauf
S1000288.73814,SP1000288.7.73814,SY1000288.2026.73814,iPad1(1000288),288,13.06.26 20:12,Prod,A1000288.7351,,110,S1000288.73814,SALE,2,5.5,11.0,0.0,0.0,0.0,0.0,111,Pommes Frites,Beilagen,,MwSt. 7%,1.07,10.280374,0.719626,Normalverkauf
S1000288.73815,SP1000288.7.73815,SY1000288.2026.73815,iPad1(1000288),288,13.06.26 20:12,Prod,A1000288.7351,,110,S1000288.73815,SALE,1,5.9,5.9,0.0,0.0,0.0,0.0,117,Rote Grütze,Desserts,,MwSt. 7%,1.07,5.514019,0.385981,Normalverkauf
S1000288.73816,SP1000288.7.73816,SY1000288.2026.73816,iPad1(1000288),288,13.06.26 20:12,Prod,A1000288.7351,,110,S1000288.73816,SALE,1,3.2,3.2,0.0,0.0,0.0,0.0,120,Apfelschorle,Getränke,,MwSt. 19%,1.19,2.689076,0.510924,Normalverkauf
S1000288.73817,SP1000288.7.73817,SY1000288.2026.73817,iPad1(1000288),288,13.06.26 11:22,Prod,A1000288.7352,Tisch 3,110,S1000288.73817,SALE,2,13.5,27.0,0.0,0.0,0.0,0.0,102,Matjes,Hauptspeisen,,MwSt. 7%,1.07,25.233645,1.766355,Normalverkauf
S1000288.73818,SP1000288.7.73818,SY1000288.2026.73818,iPad1(1000288),288,13.06.26 11:22,Prod,A1000288.7352,Tisch 3,110,S1000288.73818,SALE,1,5.9,5.9,0.0,0.0,0.0,0.0,117,Rote Grütze,Desserts,,MwSt. 7%,1.07,5.514019,0.385981,Normalverkauf
S1000288.73819,SP1000288.7.73819,SY1000288.2026.73819,iPad1(1000288),288,13.06.26 11:22,Prod,A1000288.7352,Tisch 3,110,S1000288.73819,SALE,1,10.9,10.9,0.0,0.0,0.0,0.0,104,Thunfisch Wrap,Hauptgerichte,,MwSt. 7%,1.07,10.186916,0.713084,Normalverkauf
S1000288.73820,SP1000288.7.73820,SY1000288.2026.73820,iPad1(1000288),288,13.06.26 18:14,Prod,A1000288.7353,Tisch 7,110,S1000288.73820,SALE,1,5.5,5.5,0.0,0.0,0.0,0.0,111,Pommes Frites,Beilagen,,MwSt. 7%,1.07,5.140187,0.359813,Normalverkauf
S1000288.73821,SP1000288.7.73821,SY1000288.2026.73821,iPad1(1000288),288,13.06.26 18:14,Prod,A1000288.7353,Tisch 7,110,S1000288.73821,SALE,2,10.9,21.8,0.0,0.0,0.0,0.0,109,Bismarck-Baguette,Hauptgerichte,,MwSt. 7%,1.07,20.373832,1.426168,Normalverkauf
S1000288.73822,SP1000288.7.73822,SY1000288.2026.73822,iPad1(1000288),288,13.06.26 18:14,Prod,A1000288.7353,Tisch 7,110,S1000288.73822,SALE,1,9.8,9.8,0.0,0.0,0.0,0.0,108,Seelachs-Ei-Baugette,Hauptgerichte,,MwSt. 7%,1.07,9.158879,0.641121,Normalverkauf
S1000288.73823,SP1000288.7.73823,SY1000288.2026.73823,iPad1(1000288),288,13.06.26 12:03,Prod,A1000288.7354,Tisch 1,101,S1000288.73823,SALE,1,4.9,4.9,0.0,0.0,0.0,0.0,112,Kartoffelwedges,Beilagen,,MwSt. 7%,1.07,4.579439,0.320561,Normalverkauf
S1000288.73824,SP1000288.7.73824,SY1000288.2026.73824,iPad1(1000288),288,13.06.26 12:03,Prod,A1000288.7354,Tisch 1,101,S1000288.73824,SALE,2,7.9,15.8,0.0,0.0,0.0,0.0,115,Tiramisu,Desserts,,MwSt. 7%,1.07,14.766355,1.033645,Normalverkauf
S1000288.73825,SP1000288.7.73825,SY1000288.2026.73825,iPad1(1000288),288,13.06.26 20:53,Prod,A1000288.7355,Tisch 13,110,S1000288.73825,SALE,1,4.9,4.9,0.0,0.0,0.0,0.0,112,Kartoffelwedges,Beilagen,,MwSt. 7%,1.07,4.579439,0.320561,Normalverkauf
S1000288.73826,SP1000288.7.73826,SY1000288.2026.73826,iPad1(1000288),288,13.06.26 20:53,Prod,A1000288.7355,Tisch 13,110,S1000288.73826,SALE,1,7.9,7.9,0.0,0.0,0.0,0.0,106,Neptun-Ringe,Beilagen,,MwSt. 7%,1.07,7.383178,0.516822,Normalverkauf
S1000288.73827,SP1000288.7.73827,SY1000288.2026.73827,iPad1(1000288),288,13.06.26 19:29,Prod,A1000288.7356,Tisch 24,110,S1000288.73827,SALE,1,10.9,10.9,0.0,0.0,0.0,0.0,107,Chicken Burger,Hauptgerichte,,MwSt. 7%,1.07,10.186916,0.713084,Normalverkauf
S1000288.73828,SP1000288.7.73828,SY1000288.2026.73828,iPad1(1000288),288,13.06.26 15:56,Prod,A1000288.7357,Tisch 16,119,S1000288.73828,SALE,2,2.8,5.6,0.0,0.0,0.0,0.0,121,Mineralwasser,Getränke,,MwSt. 19%,1.19,4.705882,0.894118,Normalverkauf
S1000288.73829,SP1000288.7.73829,SY1000288.2026.73829,iPad1(1000288),288,13.06.26 15:56,Prod,A1000288.7357,Tisch 16,119,S1000288.73829,SALE,2,10.9,21.8,0.0,0.0,0.0,0.0,104,Thunfisch Wrap,Hauptgerichte,,MwSt. 7%,1.07,20.373832,1.426168,Normalverkauf
S1000288.73830,SP1000288.7.73830,SY1000288.2026.73830,iPad1(1000288),288,13.06.26 15:56,Prod,A1000288.7357,Tisch 16,119,S1000288.73830,SALE,2,3.9,7.8,0.0,0.0,0.0,0.0,119,Cola,Getränke,,MwSt. 19%,1.19,6.554622,1.245378,Normalverkauf
S1000288.73831,SP1000288.7.73831,SY1000288.2026.73831,iPad1(1000288),288,13.06.26 13:24,Prod,A1000288.7358,Tisch 13,110,S1000288.73831,SALE,2,10.9,21.8,0.0,0.0,0.0,0.0,109,Bismarck-Baguette,Hauptgerichte,,MwSt. 7%,1.07,20.373832,1.426168,Normalverkauf
S1000288.73832,SP1000288.7.73832,SY1000288.2026.73832,iPad1(1000288),288,13.06.26 13:24,Prod,A1000288.7358,Tisch 13,110,S1000288.73832,SALE,1,14.5,14.5,0.0,0.0,0.0,0.0,101,Lachs,Hauptspeisen,,MwSt. 7%,1.07,13.551402,0.948598,Normalverkauf
S1000288.73833,SP1000288.7.73833,SY1000288.2026.73833,iPad1(1000288),288,13.06.26 18:38,Prod,A1000288.7359,Tisch 9,110,S1000288.73833,SALE,1,13.5,13.5,0.0,0.0,0.0,0.0,102,Matjes,Hauptspeisen,,MwSt. 7%,1.07,12.616822,0.883178,Normalverkauf
S1000288.73834,SP1000288.7.73834,SY1000288.2026.73834,iPad1(1000288),288,13.06.26 09:24,Prod,A1000288.7360,,107,S1000288.73834,SALE,1,6.5,6.5,0.0,0.0,0.0,0.0,100,Fischbrötchen Backfisch,Hauptspeisen,,MwSt. 7%,1.07,6.074766,0.425234,Normalverkauf
S1000288.73835,SP1000288.7.73835,SY1000288.2026.73835,iPad1(1000288),288,13.06.26 09:24,Prod,A1000288.7360,,107,S1000288.73835,SALE,2,3.9,7.8,0.0,0.0,0.0,0.0,126,Spezi,Getränke,,MwSt. 19%,1.19,6.554622,1.245378,Normalverkauf
S1000288.73836,SP1000288.7.73836,SY1000288.2026.73836,iPad1(1000288),288,13.06.26 09:24,Prod,A1000288.7360,,107,S1000288.73836,SALE,1,11.5,11.5,0.0,0.0,0.0,0.0,105,Garnelen-Kimchi-Bruger,Hauptgerichte,,MwSt. 7%,1.07,10.747664,0.752336,Normalverkauf
S1000288.73837,SP1000288.7.73837,SY1000288.2026.73837,iPad1(1000288),288,13.06.26 15:20,Prod,A1000288.7361,Tisch 7,110,S1000288.73837,SALE,2,14.5,29.0,0.0,0.0,0.0,0.0,101,Lachs,Hauptspeisen,,MwSt. 7%,1.07,27.102804,1.897196,Normalverkauf
S1000288.73838,SP1000288.7.73838,SY1000288.2026.73838,iPad1(1000288),288,13.06.26 15:20,Prod,A1000288.7361,Tisch 7,110,S1000288.73838,SALE,2,7.9,15.8,0.0,0.0,0.0,0.0,106,Neptun-Ringe,Beilagen,,MwSt. 7%,1.07,14.766355,1.033645,Normalverkauf
S1000288.73839,SP1000288.7.73839,SY1000288.2026.73839,iPad1(1000288),288,13.06.26 12:03,Prod,A1000288.7362,Tisch 24,116,S1000288.73839,SALE,2,9.8,19.6,0.0,0.0,0.0,0.0,108,Seelachs-Ei-Baugette,Hauptgerichte,,MwSt. 7%,1.07,18.317757,1.282243,Normalverkauf
S1000288.73840,SP1000288.7.73840,SY1000288.2026.73840,iPad1(1000288),288,13.06.26 12:03,Prod,A1000288.7362,Tisch 24,116,S1000288.73840,SALE,1,3.9,3.9,0.0,0.0,0.0,0.0,119,Cola,Getränke,,MwSt. 19%,1.19,3.277311,0.622689,Normalverkauf
S1000288.73841,SP1000288.7.73841,SY1000288.2026.73841,iPad1(1000288),288,13.06.26 15:45,Prod,A1000288.7363,Tisch 20,116,S1000288.73841,SALE,1,5.5,5.5,0.0,0.0,0.0,0.0,111,Pommes Frites,Beilagen,,MwSt. 7%,1.07,5.140187,0.359813,Normalverkauf
S1000288.73842,SP1000288.7.73842,SY1000288.2026.73842,iPad1(1000288),288,13.06.26 15:45,Prod,A1000288.7363,Tisch 20,116,S1000288.73842,SALE,1,10.9,10.9,0.0,0.0,0.0,0.0,107,Chicken Burger,Hauptgerichte,,MwSt. 7%,1.07,10.186916,0.713084,Normalverkauf
S1000288.73843,SP1000288.7.73843,SY1000288.2026.73843,iPad1(1000288),288,13.06.26 16:50,Prod,A1000288.7364,Tisch 20,119,S1000288.73843,SALE,1,5.5,5.5,0.0,0.0,0.0,0.0,111,Pommes Frites,Beilagen,,MwSt. 7%,1.07,5.140187,0.359813,Normalverkauf
S1000288.73844,SP1000288.7.73844,SY1000288.2026.73844,iPad1(1000288),288,13.06.26 16:50,Prod,A1000288.7364,Tisch 20,119,S1000288.73844,SALE,2,7.9,15.8,0.0,0.0,0.0,0.0,106,Neptun-Ringe,Beilagen,,MwSt. 7%,1.07,14.766355,1.033645,Normalverkauf
S1000288.73845,SP1000288.7.73845,SY1000288.2026.73845,iPad1(1000288),288,13.06.26 16:50,Prod,A1000288.7364,Tisch 20,119,S1000288.73845,SALE,2,5.5,11.0,0.0,0.0,0.0,0.0,114,Fisch Nuggets Box,Beilagen,,MwSt. 7%,1.07,10.280374,0.719626,Normalverkauf
S1000288.73846,SP1000288.7.73846,SY1000288.2026.73846,iPad1(1000288),288,13.06.26 12:50,Prod,A1000288.7365,Tisch 6,110,S1000288.73846,SALE,1,5.5,5.5,0.0,0.0,0.0,0.0,111,Pommes Frites,Beilagen,,MwSt. 7%,1.07,5.140187,0.359813,Normalverkauf
S1000288.73847,SP1000288.7.73847,SY1000288.2026.73847,iPad1(1000288),288,13.06.26 12:50,Prod,A1000288.7365,Tisch 6,110,S1000288.73847,SALE,2,5.5,11.0,0.0,0.0,0.0,0.0,114,Fisch Nuggets Box,Beilagen,,MwSt. 7%,1.07,10.280374,0.719626,Normalverkauf
S1000288.73848,SP1000288.7.73848,SY1000288.2026.73848,iPad1(1000288),288,13.06.26 12:50,Prod,A1000288.7365,Tisch 6,110,S1000288.73848,SALE,2,6.5,13.0,0.0,0.0,0.0,0.0,100,Fischbrötchen Backfisch,Hauptspeisen,,MwSt. 7%,1.07,12.149533,0.850467,Normalverkauf
S1000288.73849,SP1000288.7.73849,SY1000288.2026.73849,iPad1(1000288),288,13.06.26 19:32,Prod,A1000288.7366,Tisch 24,116,S1000288.73849,SALE,2,5.5,11.0,0.0,0.0,0.0,0.0,111,Pommes Frites,Beilagen,,MwSt. 7%,1.07,10.280374,0.719626,Normalverkauf
S1000288.73850,SP1000288.7.73850,SY1000288.2026.73850,iPad1(1000288),288,13.06.26 19:32,Prod,A1000288.7366,Tisch 24,116,S1000288.73850,SALE,1,10.9,10.9,0.0,0.0,0.0,0.0,107,Chicken Burger,Hauptgerichte,,MwSt. 7%,1.07,10.186916,0.713084,Normalverkauf
S1000288.73851,SP1000288.7.73851,SY1000288.2026.73851,iPad1(1000288),288,13.06.26 17:00,Prod,A1000288.7367,Tisch 1,101,S1000288.73851,VOID,1,3.9,3.9,0.0,0.0,0.0,0.0,127,Alkoholfreies Bier,Getränke,,MwSt. 19%,1.19,3.277311,0.622689,Normalverkauf
S1000288.73852,SP1000288.7.73852,SY1000288.2026.73852,iPad1(1000288),288,13.06.26 15:16,Prod,A1000288.7368,Tisch 6,119,S1000288.73852,SALE,1,3.9,3.9,0.0,0.0,0.0,0.0,119,Cola,Getränke,,MwSt. 19%,1.19,3.277311,0.622689,Normalverkauf
S1000288.73853,SP1000288.7.73853,SY1000288.2026.73853,iPad1(1000288),288,13.06.26 15:16,Prod,A1000288.7368,Tisch 6,119,S1000288.73853,SALE,1,3.2,3.2,0.0,0.0,0.0,0.0,120,Apfelschorle,Getränke,,MwSt. 19%,1.19,2.689076,0.510924,Normalverkauf
S1000288.73854,SP1000288.7.73854,SY1000288.2026.73854,iPad1(1000288),288,13.06.26 15:16,Prod,A1000288.7368,Tisch 6,119,S1000288.73854,SALE,1,10.9,10.9,0.0,0.0,0.0,0.0,107,Chicken Burger,Hauptgerichte,,MwSt. 7%,1.07,10.186916,0.713084,Normalverkauf
S1000288.73855,SP1000288.7.73855,SY1000288.2026.73855,iPad1(1000288),288,13.06.26 16:35,Prod,A1000288.7369,Tisch 3,107,S1000288.73855,SALE,1,10.9,10.9,0.0,0.0,0.0,0.0,107,Chicken Burger,Hauptgerichte,,MwSt. 7%,1.07,10.186916,0.713084,Normalverkauf
S1000288.73856,SP1000288.7.73856,SY1000288.2026.73856,iPad1(1000288),288,13.06.26 16:35,Prod,A1000288.7369,Tisch 3,107,S1000288.73856,SALE,1,3.9,3.9,0.0,0.0,0.0,0.0,119,Cola,Getränke,,MwSt. 19%,1.19,3.277311,0.622689,Normalverkauf
S1000288.73857,SP1000288.7.73857,SY1000288.2026.73857,iPad1(1000288),288,13.06.26 16:16,Prod,A1000288.7370,Tisch 17,101,S1000288.73857,SALE,2,3.9,7.8,0.0,0.0,0.0,0.0,124,Cola Zero,Getränke,,MwSt. 19%,1.19,6.554622,1.245378,Normalverkauf
S1000288.73858,SP1000288.7.73858,SY1000288.2026.73858,iPad1(1000288),288,13.06.26 16:16,Prod,A1000288.7370,Tisch 17,101,S1000288.73858,SALE,1,6.5,6.5,0.0,0.0,0.0,0.0,100,Fischbrötchen Backfisch,Hauptspeisen,,MwSt. 7%,1.07,6.074766,0.425234,Normalverkauf
S1000288.73859,SP1000288.7.73859,SY1000288.2026.73859,iPad1(1000288),288,13.06.26 16:16,Prod,A1000288.7370,Tisch 17,101,S1000288.73859,SALE,2,13.5,27.0,0.0,0.0,0.0,0.0,102,Matjes,Hauptspeisen,,MwSt. 7%,1.07,25.233645,1.766355,Normalverkauf
S1000288.73860,SP1000288.7.73860,SY1000288.2026.73860,iPad1(1000288),288,13.06.26 19:31,Prod,A1000288.7371,Tisch 24,107,S1000288.73860,SALE,1,6.9,6.9,0.0,0.0,0.0,0.0,103,Fischbrötchen Räucherlachs,Hauptspeisen,,MwSt. 7%,1.07,6.448598,0.451402,Normalverkauf
S1000288.73861,SP1000288.7.73861,SY1000288.2026.73861,iPad1(1000288),288,13.06.26 16:51,Prod,A1000288.7372,Tisch 23,101,S1000288.73861,SALE,1,14.5,14.5,0.0,0.0,0.0,0.0,101,Lachs,Hauptspeisen,,MwSt. 7%,1.07,13.551402,0.948598,Normalverkauf
S1000288.73862,SP1000288.7.73862,SY1000288.2026.73862,iPad1(1000288),288,13.06.26 19:16,Prod,A1000288.7373,Tisch 14,110,S1000288.73862,VOID,1,10.9,10.9,0.0,0.0,0.0,0.0,109,Bismarck-Baguette,Hauptgerichte,,MwSt. 7%,1.07,10.186916,0.713084,Normalverkauf
S1000288.73863,SP1000288.7.73863,SY1000288.2026.73863,iPad1(1000288),288,13.06.26 14:45,Prod,A1000288.7374,Tisch 10,101,S1000288.73863,SALE,1,2.8,2.8,0.0,0.0,0.0,0.0,121,Mineralwasser,Getränke,,MwSt. 19%,1.19,2.352941,0.447059,Normalverkauf
S1000288.73864,SP1000288.7.73864,SY1000288.2026.73864,iPad1(1000288),288,13.06.26 14:45,Prod,A1000288.7374,Tisch 10,101,S1000288.73864,SALE,1,11.5,11.5,0.0,0.0,0.0,0.0,105,Garnelen-Kimchi-Bruger,Hauptgerichte,,MwSt. 7%,1.07,10.747664,0.752336,Normalverkauf
S1000288.73865,SP1000288.7.73865,SY1000288.2026.73865,iPad1(1000288),288,13.06.26 14:45,Prod,A1000288.7374,Tisch 10,101,S1000288.73865,SALE,1,6.5,6.5,0.0,0.0,0.0,0.0,100,Fischbrötchen Backfisch,Hauptspeisen,,MwSt. 7%,1.07,6.074766,0.425234,Normalverkauf
S1000288.73866,SP1000288.7.73866,SY1000288.2026.73866,iPad1(1000288),288,13.06.26 13:29,Prod,A1000288.7375,,110,S1000288.73866,SALE,1,5.9,5.9,0.0,0.0,0.0,0.0,125,Zitronen-Limonade,Getränke,,MwSt. 19%,1.19,4.957983,0.942017,Normalverkauf
S1000288.73867,SP1000288.7.73867,SY1000288.2026.73867,iPad1(1000288),288,13.06.26 13:29,Prod,A1000288.7375,,110,S1000288.73867,SALE,1,10.9,10.9,0.0,0.0,0.0,0.0,109,Bismarck-Baguette,Hauptgerichte,,MwSt. 7%,1.07,10.186916,0.713084,Normalverkauf
S1000288.73868,SP1000288.7.73868,SY1000288.2026.73868,iPad1(1000288),288,13.06.26 17:03,Prod,A1000288.7376,Tisch 15,116,S1000288.73868,SALE,2,4.2,8.4,0.0,0.0,0.0,0.0,122,Bier,Getränke,,MwSt. 19%,1.19,7.058824,1.341176,Normalverkauf
S1000288.73869,SP1000288.7.73869,SY1000288.2026.73869,iPad1(1000288),288,13.06.26 13:26,Prod,A1000288.7377,,107,S1000288.73869,SALE,1,10.9,10.9,0.0,0.0,0.0,0.0,107,Chicken Burger,Hauptgerichte,,MwSt. 7%,1.07,10.186916,0.713084,Normalverkauf
S1000288.73870,SP1000288.7.73870,SY1000288.2026.73870,iPad1(1000288),288,13.06.26 12:02,Prod,A1000288.7378,Tisch 22,101,S1000288.73870,SALE,2,3.9,7.8,0.0,0.0,0.0,0.0,127,Alkoholfreies Bier,Getränke,,MwSt. 19%,1.19,6.554622,1.245378,Normalverkauf
S1000288.73871,SP1000288.7.73871,SY1000288.2026.73871,iPad1(1000288),288,13.06.26 12:56,Prod,A1000288.7379,Tisch 17,107,S1000288.73871,VOID,2,10.9,21.8,0.0,0.0,0.0,0.0,107,Chicken Burger,Hauptgerichte,,MwSt. 7%,1.07,20.373832,1.426168,Normalverkauf
S1000288.73872,SP1000288.7.73872,SY1000288.2026.73872,iPad1(1000288),288,13.06.26 12:56,Prod,A1000288.7379,Tisch 17,107,S1000288.73872,VOID,2,4.2,8.4,0.0,0.0,0.0,0.0,122,Bier,Getränke,,MwSt. 19%,1.19,7.058824,1.341176,Normalverkauf
S1000288.73873,SP1000288.7.73873,SY1000288.2026.73873,iPad1(1000288),288,13.06.26 12:56,Prod,A1000288.7379,Tisch 17,107,S1000288.73873,VOID,2,2.8,5.6,0.0,0.0,0.0,0.0,121,Mineralwasser,Getränke,,MwSt. 19%,1.19,4.705882,0.894118,Normalverkauf
S1000288.73874,SP1000288.7.73874,SY1000288.2026.73874,iPad1(1000288),288,13.06.26 16:19,Prod,A1000288.7380,Tisch 2,110,S1000288.73874,SALE,1,6.5,6.5,0.0,0.0,0.0,0.0,100,Fischbrötchen Backfisch,Hauptspeisen,,MwSt. 7%,1.07,6.074766,0.425234,Normalverkauf
S1000288.73875,SP1000288.7.73875,SY1000288.2026.73875,iPad1(1000288),288,13.06.26 16:19,Prod,A1000288.7380,Tisch 2,110,S1000288.73875,SALE,2,5.5,11.0,0.0,0.0,0.0,0.0,111,Pommes Frites,Beilagen,,MwSt. 7%,1.07,10.280374,0.719626,Normalverkauf
S1000288.73876,SP1000288.7.73876,SY1000288.2026.73876,iPad1(1000288),288,13.06.26 16:19,Prod,A1000288.7380,Tisch 2,110,S1000288.73876,SALE,1,3.9,3.9,0.0,0.0,0.0,0.0,119,Cola,Getränke,,MwSt. 19%,1.19,3.277311,0.622689,Normalverkauf
S1000288.73877,SP1000288.7.73877,SY1000288.2026.73877,iPad1(1000288),288,13.06.26 17:49,Prod,A1000288.7381,Tisch 14,110,S1000288.73877,SALE,1,14.5,14.5,0.0,0.0,0.0,0.0,101,Lachs,Hauptspeisen,,MwSt. 7%,1.07,13.551402,0.948598,Normalverkauf
S1000288.73878,SP1000288.7.73878,SY1000288.2026.73878,iPad1(1000288),288,13.06.26 12:01,Prod,A1000288.7382,Tisch 8,101,S1000288.73878,SALE,2,3.9,7.8,0.0,0.0,0.0,0.0,119,Cola,Getränke,,MwSt. 19%,1.19,6.554622,1.245378,Normalverkauf
S1000288.73879,SP1000288.7.73879,SY1000288.2026.73879,iPad1(1000288),288,13.06.26 12:30,Prod,A1000288.7383,Tisch 8,101,S1000288.73879,SALE,1,6.9,6.9,0.0,0.0,0.0,0.0,113,Garnelen Box,Beilagen,,MwSt. 7%,1.07,6.448598,0.451402,Normalverkauf
S1000288.73880,SP1000288.7.73880,SY1000288.2026.73880,iPad1(1000288),288,13.06.26 12:30,Prod,A1000288.7383,Tisch 8,101,S1000288.73880,SALE,2,6.9,13.8,0.0,0.0,0.0,0.0,103,Fischbrötchen Räucherlachs,Hauptspeisen,,MwSt. 7%,1.07,12.897196,0.902804,Normalverkauf
S1000288.73881,SP1000288.7.73881,SY1000288.2026.73881,iPad1(1000288),288,13.06.26 12:30,Prod,A1000288.7383,Tisch 8,101,S1000288.73881,SALE,2,5.9,11.8,0.0,0.0,0.0,0.0,125,Zitronen-Limonade,Getränke,,MwSt. 19%,1.19,9.915966,1.884034,Normalverkauf
S1000288.73882,SP1000288.7.73882,SY1000288.2026.73882,iPad1(1000288),288,13.06.26 18:26,Prod,A1000288.7384,Tisch 5,116,S1000288.73882,SALE,1,5.9,5.9,0.0,0.0,0.0,0.0,116,Vanillequark,Desserts,,MwSt. 7%,1.07,5.514019,0.385981,Normalverkauf
S1000288.73883,SP1000288.7.73883,SY1000288.2026.73883,iPad1(1000288),288,13.06.26 18:26,Prod,A1000288.7384,Tisch 5,116,S1000288.73883,SALE,2,11.9,23.8,0.0,0.0,0.0,0.0,110,Matjes-Baguette,Hauptgerichte,,MwSt. 7%,1.07,22.242991,1.557009,Normalverkauf
S1000288.73884,SP1000288.7.73884,SY1000288.2026.73884,iPad1(1000288),288,13.06.26 11:00,Prod,A1000288.7385,Tisch 7,119,S1000288.73884,SALE,1,10.9,10.9,0.0,0.0,0.0,0.0,107,Chicken Burger,Hauptgerichte,,MwSt. 7%,1.07,10.186916,0.713084,Normalverkauf
S1000288.73885,SP1000288.7.73885,SY1000288.2026.73885,iPad1(1000288),288,13.06.26 16:01,Prod,A1000288.7386,Tisch 10,110,S1000288.73885,SALE,1,5.5,5.5,0.0,0.0,0.0,0.0,111,Pommes Frites,Beilagen,,MwSt. 7%,1.07,5.140187,0.359813,Normalverkauf
S1000288.73886,SP1000288.7.73886,SY1000288.2026.73886,iPad1(1000288),288,13.06.26 16:01,Prod,A1000288.7386,Tisch 10,110,S1000288.73886,SALE,1,3.2,3.2,0.0,0.0,0.0,0.0,120,Apfelschorle,Getränke,,MwSt. 19%,1.19,2.689076,0.510924,Normalverkauf
S1000288.73887,SP1000288.7.73887,SY1000288.2026.73887,iPad1(1000288),288,13.06.26 16:01,Prod,A1000288.7386,Tisch 10,110,S1000288.73887,SALE,2,2.8,5.6,0.0,0.0,0.0,0.0,121,Mineralwasser,Getränke,,MwSt. 19%,1.19,4.705882,0.894118,Normalverkauf
S1000288.73888,SP1000288.7.73888,SY1000288.2026.73888,iPad1(1000288),288,13.06.26 17:12,Prod,A1000288.7387,Tisch 20,110,S1000288.73888,VOID,2,9.8,19.6,0.0,0.0,0.0,0.0,108,Seelachs-Ei-Baugette,Hauptgerichte,,MwSt. 7%,1.07,18.317757,1.282243,Normalverkauf
S1000288.73889,SP1000288.7.73889,SY1000288.2026.73889,iPad1(1000288),288,13.06.26 17:12,Prod,A1000288.7387,Tisch 20,110,S1000288.73889,VOID,2,2.8,5.6,0.0,0.0,0.0,0.0,121,Mineralwasser,Getränke,,MwSt. 19%,1.19,4.705882,0.894118,Normalverkauf
S1000288.73890,SP1000288.7.73890,SY1000288.2026.73890,iPad1(1000288),288,13.06.26 20:25,Prod,A1000288.7388,Tisch 14,110,S1000288.73890,SALE,2,10.9,21.8,0.0,0.0,0.0,0.0,109,Bismarck-Baguette,Hauptgerichte,,MwSt. 7%,1.07,20.373832,1.426168,Normalverkauf
S1000288.73891,SP1000288.7.73891,SY1000288.2026.73891,iPad1(1000288),288,13.06.26 20:25,Prod,A1000288.7388,Tisch 14,110,S1000288.73891,SALE,2,6.9,13.8,0.0,0.0,0.0,0.0,103,Fischbrötchen Räucherlachs,Hauptspeisen,,MwSt. 7%,1.07,12.897196,0.902804,Normalverkauf
S1000288.73892,SP1000288.7.73892,SY1000288.2026.73892,iPad1(1000288),288,13.06.26 20:25,Prod,A1000288.7388,Tisch 14,110,S1000288.73892,SALE,2,3.9,7.8,0.0,0.0,0.0,0.0,127,Alkoholfreies Bier,Getränke,,MwSt. 19%,1.19,6.554622,1.245378,Normalverkauf
S1000288.73893,SP1000288.7.73893,SY1000288.2026.73893,iPad1(1000288),288,13.06.26 18:56,Prod,A1000288.7389,Tisch 7,107,S1000288.73893,SALE,1,4.2,4.2,0.0,0.0,0.0,0.0,122,Bier,Getränke,,MwSt. 19%,1.19,3.529412,0.670588,Normalverkauf
S1000288.73894,SP1000288.7.73894,SY1000288.2026.73894,iPad1(1000288),288,13.06.26 20:43,Prod,A1000288.7390,Tisch 12,116,S1000288.73894,SALE,1,5.9,5.9,0.0,0.0,0.0,0.0,117,Rote Grütze,Desserts,,MwSt. 7%,1.07,5.514019,0.385981,Normalverkauf
S1000288.73895,SP1000288.7.73895,SY1000288.2026.73895,iPad1(1000288),288,13.06.26 16:51,Prod,A1000288.7391,Tisch 16,110,S1000288.73895,SALE,1,10.9,10.9,0.0,0.0,0.0,0.0,107,Chicken Burger,Hauptgerichte,,MwSt. 7%,1.07,10.186916,0.713084,Normalverkauf
S1000288.73896,SP1000288.7.73896,SY1000288.2026.73896,iPad1(1000288),288,13.06.26 15:35,Prod,A1000288.7392,Tisch 1,110,S1000288.73896,SALE,2,3.9,7.8,0.0,0.0,0.0,0.0,119,Cola,Getränke,,MwSt. 19%,1.19,6.554622,1.245378,Normalverkauf
S1000288.73897,SP1000288.7.73897,SY1000288.2026.73897,iPad1(1000288),288,13.06.26 15:55,Prod,A1000288.7393,Tisch 17,116,S1000288.73897,SALE,1,6.5,6.5,0.0,0.0,0.0,0.0,100,Fischbrötchen Backfisch,Hauptspeisen,,MwSt. 7%,1.07,6.074766,0.425234,Normalverkauf
S1000288.73898,SP1000288.7.73898,SY1000288.2026.73898,iPad1(1000288),288,13.06.26 15:55,Prod,A1000288.7393,Tisch 17,116,S1000288.73898,SALE,1,4.2,4.2,0.0,0.0,0.0,0.0,122,Bier,Getränke,,MwSt. 19%,1.19,3.529412,0.670588,Normalverkauf
S1000288.73899,SP1000288.7.73899,SY1000288.2026.73899,iPad1(1000288),288,13.06.26 15:55,Prod,A1000288.7393,Tisch 17,116,S1000288.73899,SALE,2,5.5,11.0,0.0,0.0,0.0,0.0,111,Pommes Frites,Beilagen,,MwSt. 7%,1.07,10.280374,0.719626,Normalverkauf
S1000288.73900,SP1000288.7.73900,SY1000288.2026.73900,iPad1(1000288),288,13.06.26 12:21,Prod,A1000288.7394,Tisch 15,119,S1000288.73900,SALE,2,9.8,19.6,0.0,0.0,0.0,0.0,108,Seelachs-Ei-Baugette,Hauptgerichte,,MwSt. 7%,1.07,18.317757,1.282243,Normalverkauf
S1000288.73901,SP1000288.7.73901,SY1000288.2026.73901,iPad1(1000288),288,13.06.26 12:41,Prod,A1000288.7395,Tisch 8,110,S1000288.73901,SALE,1,3.9,3.9,0.0,0.0,0.0,0.0,124,Cola Zero,Getränke,,MwSt. 19%,1.19,3.277311,0.622689,Normalverkauf
S1000288.73902,SP1000288.7.73902,SY1000288.2026.73902,iPad1(1000288),288,13.06.26 12:41,Prod,A1000288.7395,Tisch 8,110,S1000288.73902,SALE,2,5.5,11.0,0.0,0.0,0.0,0.0,111,Pommes Frites,Beilagen,,MwSt. 7%,1.07,10.280374,0.719626,Normalverkauf
S1000288.73903,SP1000288.7.73903,SY1000288.2026.73903,iPad1(1000288),288,13.06.26 12:27,Prod,A1000288.7396,Tisch 11,110,S1000288.73903,SALE,2,4.2,8.4,0.0,0.0,0.0,0.0,122,Bier,Getränke,,MwSt. 19%,1.19,7.058824,1.341176,Normalverkauf
S1000288.73904,SP1000288.7.73904,SY1000288.2026.73904,iPad1(1000288),288,13.06.26 12:27,Prod,A1000288.7396,Tisch 11,110,S1000288.73904,SALE,1,5.5,5.5,0.0,0.0,0.0,0.0,111,Pommes Frites,Beilagen,,MwSt. 7%,1.07,5.140187,0.359813,Normalverkauf
S1000288.73905,SP1000288.7.73905,SY1000288.2026.73905,iPad1(1000288),288,13.06.26 18:19,Prod,A1000288.7397,,119,S1000288.73905,SALE,2,5.9,11.8,0.0,0.0,0.0,0.0,117,Rote Grütze,Desserts,,MwSt. 7%,1.07,11.028037,0.771963,Normalverkauf
S1000288.73906,SP1000288.7.73906,SY1000288.2026.73906,iPad1(1000288),288,13.06.26 20:29,Prod,A1000288.7398,Tisch 6,110,S1000288.73906,SALE,2,3.9,7.8,0.0,0.0,0.0,0.0,127,Alkoholfreies Bier,Getränke,,MwSt. 19%,1.19,6.554622,1.245378,Normalverkauf
S1000288.73907,SP1000288.7.73907,SY1000288.2026.73907,iPad1(1000288),288,13.06.26 08:21,Prod,A1000288.7399,Tisch 12,110,S1000288.73907,SALE,2,3.9,7.8,0.0,0.0,0.0,0.0,119,Cola,Getränke,,MwSt. 19%,1.19,6.554622,1.245378,Normalverkauf
S1000288.73908,SP1000288.7.73908,SY1000288.2026.73908,iPad1(1000288),288,13.06.26 19:25,Prod,A1000288.7400,Tisch 18,110,S1000288.73908,SALE,2,3.9,7.8,0.0,0.0,0.0,0.0,126,Spezi,Getränke,,MwSt. 19%,1.19,6.554622,1.245378,Normalverkauf
S1000288.73909,SP1000288.7.73909,SY1000288.2026.73909,iPad1(1000288),288,13.06.26 13:19,Prod,A1000288.7401,Tisch 4,110,S1000288.73909,SALE,1,5.5,5.5,0.0,0.0,0.0,0.0,114,Fisch Nuggets Box,Beilagen,,MwSt. 7%,1.07,5.140187,0.359813,Normalverkauf
S1000288.73910,SP1000288.7.73910,SY1000288.2026.73910,iPad1(1000288),288,13.06.26 13:17,Prod,A1000288.7402,Tisch 3,101,S1000288.73910,SALE,2,11.5,23.0,0.0,0.0,0.0,0.0,105,Garnelen-Kimchi-Bruger,Hauptgerichte,,MwSt. 7%,1.07,21.495327,1.504673,Normalverkauf
S1000288.73911,SP1000288.7.73911,SY1000288.2026.73911,iPad1(1000288),288,13.06.26 13:17,Prod,A1000288.7402,Tisch 3,101,S1000288.73911,SALE,2,2.8,5.6,0.0,0.0,0.0,0.0,121,Mineralwasser,Getränke,,MwSt. 19%,1.19,4.705882,0.894118,Normalverkauf
S1000288.73912,SP1000288.7.73912,SY1000288.2026.73912,iPad1(1000288),288,13.06.26 19:46,Prod,A1000288.7403,Tisch 6,107,S1000288.73912,SALE,2,11.5,23.0,0.0,0.0,0.0,0.0,105,Garnelen-Kimchi-Bruger,Hauptgerichte,,MwSt. 7%,1.07,21.495327,1.504673,Normalverkauf
S1000288.73913,SP1000288.7.73913,SY1000288.2026.73913,iPad1(1000288),288,13.06.26 19:07,Prod,A1000288.7404,,101,S1000288.73913,SALE,2,6.9,13.8,0.0,0.0,0.0,0.0,113,Garnelen Box,Beilagen,,MwSt. 7%,1.07,12.897196,0.902804,Normalverkauf
S1000288.73914,SP1000288.7.73914,SY1000288.2026.73914,iPad1(1000288),288,13.06.26 19:07,Prod,A1000288.7404,,101,S1000288.73914,SALE,2,10.9,21.8,0.0,0.0,0.0,0.0,107,Chicken Burger,Hauptgerichte,,MwSt. 7%,1.07,20.373832,1.426168,Normalverkauf
S1000288.73915,SP1000288.7.73915,SY1000288.2026.73915,iPad1(1000288),288,13.06.26 08:13,Prod,A1000288.7405,Tisch 9,116,S1000288.73915,SALE,2,7.9,15.8,0.0,0.0,0.0,0.0,115,Tiramisu,Desserts,,MwSt. 7%,1.07,14.766355,1.033645,Normalverkauf
S1000288.73916,SP1000288.7.73916,SY1000288.2026.73916,iPad1(1000288),288,13.06.26 08:13,Prod,A1000288.7405,Tisch 9,116,S1000288.73916,SALE,1,7.9,7.9,0.0,0.0,0.0,0.0,106,Neptun-Ringe,Beilagen,,MwSt. 7%,1.07,7.383178,0.516822,Normalverkauf
S1000288.73917,SP1000288.7.73917,SY1000288.2026.73917,iPad1(1000288),288,13.06.26 15:13,Prod,A1000288.7406,Tisch 14,110,S1000288.73917,SALE,1,4.9,4.9,0.0,0.0,0.0,0.0,112,Kartoffelwedges,Beilagen,,MwSt. 7%,1.07,4.579439,0.320561,Normalverkauf
S1000288.73918,SP1000288.7.73918,SY1000288.2026.73918,iPad1(1000288),288,13.06.26 15:13,Prod,A1000288.7406,Tisch 14,110,S1000288.73918,SALE,2,3.9,7.8,0.0,0.0,0.0,0.0,124,Cola Zero,Getränke,,MwSt. 19%,1.19,6.554622,1.245378,Normalverkauf
S1000288.73919,SP1000288.7.73919,SY1000288.2026.73919,iPad1(1000288),288,13.06.26 13:52,Prod,A1000288.7407,,119,S1000288.73919,SALE,2,7.9,15.8,0.0,0.0,0.0,0.0,106,Neptun-Ringe,Beilagen,,MwSt. 7%,1.07,14.766355,1.033645,Normalverkauf
S1000288.73920,SP1000288.7.73920,SY1000288.2026.73920,iPad1(1000288),288,13.06.26 13:52,Prod,A1000288.7407,,119,S1000288.73920,SALE,1,7.9,7.9,0.0,0.0,0.0,0.0,106,Neptun-Ringe,Beilagen,,MwSt. 7%,1.07,7.383178,0.516822,Normalverkauf
S1000288.73921,SP1000288.7.73921,SY1000288.2026.73921,iPad1(1000288),288,13.06.26 15:56,Prod,A1000288.7408,Tisch 24,110,S1000288.73921,SALE,1,5.5,5.5,0.0,0.0,0.0,0.0,111,Pommes Frites,Beilagen,,MwSt. 7%,1.07,5.140187,0.359813,Normalverkauf
S1000288.73922,SP1000288.7.73922,SY1000288.2026.73922,iPad1(1000288),288,13.06.26 15:56,Prod,A1000288.7408,Tisch 24,110,S1000288.73922,SALE,1,9.8,9.8,0.0,0.0,0.0,0.0,108,Seelachs-Ei-Baugette,Hauptgerichte,,MwSt. 7%,1.07,9.158879,0.641121,Normalverkauf
S1000288.73923,SP1000288.7.73923,SY1000288.2026.73923,iPad1(1000288),288,13.06.26 12:27,Prod,A1000288.7409,Tisch 7,110,S1000288.73923,SALE,1,3.9,3.9,0.0,0.0,0.0,0.0,126,Spezi,Getränke,,MwSt. 19%,1.19,3.277311,0.622689,Normalverkauf
S1000288.73924,SP1000288.7.73924,SY1000288.2026.73924,iPad1(1000288),288,13.06.26 20:00,Prod,A1000288.7410,Tisch 18,110,S1000288.73924,SALE,2,7.9,15.8,0.0,0.0,0.0,0.0,106,Neptun-Ringe,Beilagen,,MwSt. 7%,1.07,14.766355,1.033645,Normalverkauf
S1000288.73925,SP1000288.7.73925,SY1000288.2026.73925,iPad1(1000288),288,13.06.26 20:00,Prod,A1000288.7410,Tisch 18,110,S1000288.73925,SALE,2,4.9,9.8,0.0,0.0,0.0,0.0,112,Kartoffelwedges,Beilagen,,MwSt. 7%,1.07,9.158879,0.641121,Normalverkauf
S1000288.73926,SP1000288.7.73926,SY1000288.2026.73926,iPad1(1000288),288,13.06.26 16:04,Prod,A1000288.7411,Tisch 21,119,S1000288.73926,SALE,2,3.9,7.8,0.0,0.0,0.0,0.0,119,Cola,Getränke,,MwSt. 19%,1.19,6.554622,1.245378,Normalverkauf
S1000288.73927,SP1000288.7.73927,SY1000288.2026.73927,iPad1(1000288),288,13.06.26 16:04,Prod,A1000288.7411,Tisch 21,119,S1000288.73927,SALE,1,4.2,4.2,0.0,0.0,0.0,0.0,122,Bier,Getränke,,MwSt. 19%,1.19,3.529412,0.670588,Normalverkauf
S1000288.73928,SP1000288.7.73928,SY1000288.2026.73928,iPad1(1000288),288,13.06.26 16:04,Prod,A1000288.7411,Tisch 21,119,S1000288.73928,SALE,2,5.9,11.8,0.0,0.0,0.0,0.0,117,Rote Grütze,Desserts,,MwSt. 7%,1.07,11.028037,0.771963,Normalverkauf
S1000288.73929,SP1000288.7.73929,SY1000288.2026.73929,iPad1(1000288),288,13.06.26 15:15,Prod,A1000288.7412,Tisch 21,110,S1000288.73929,SALE,1,10.9,10.9,0.0,0.0,0.0,0.0,104,Thunfisch Wrap,Hauptgerichte,,MwSt. 7%,1.07,10.186916,0.713084,Normalverkauf
S1000288.73930,SP1000288.7.73930,SY1000288.2026.73930,iPad1(1000288),288,13.06.26 15:15,Prod,A1000288.7412,Tisch 21,110,S1000288.73930,SALE,2,14.5,29.0,0.0,0.0,0.0,0.0,101,Lachs,Hauptspeisen,,MwSt. 7%,1.07,27.102804,1.897196,Normalverkauf
S1000288.73931,SP1000288.7.73931,SY1000288.2026.73931,iPad1(1000288),288,13.06.26 15:15,Prod,A1000288.7412,Tisch 21,110,S1000288.73931,SALE,1,4.9,4.9,0.0,0.0,0.0,0.0,112,Kartoffelwedges,Beilagen,,MwSt. 7%,1.07,4.579439,0.320561,Normalverkauf
S1000288.73932,SP1000288.7.73932,SY1000288.2026.73932,iPad1(1000288),288,13.06.26 12:58,Prod,A1000288.7413,Tisch 9,107,S1000288.73932,SALE,1,5.9,5.9,0.0,0.0,0.0,0.0,125,Zitronen-Limonade,Getränke,,MwSt. 19%,1.19,4.957983,0.942017,Normalverkauf
S1000288.73933,SP1000288.7.73933,SY1000288.2026.73933,iPad1(1000288),288,13.06.26 12:58,Prod,A1000288.7413,Tisch 9,107,S1000288.73933,SALE,2,10.9,21.8,0.0,0.0,0.0,0.0,107,Chicken Burger,Hauptgerichte,,MwSt. 7%,1.07,20.373832,1.426168,Normalverkauf
S1000288.73934,SP1000288.7.73934,SY1000288.2026.73934,iPad1(1000288),288,13.06.26 18:55,Prod,A1000288.7414,Tisch 13,101,S1000288.73934,SALE,2,6.9,13.8,0.0,0.0,0.0,0.0,113,Garnelen Box,Beilagen,,MwSt. 7%,1.07,12.897196,0.902804,Normalverkauf
S1000288.73935,SP1000288.7.73935,SY1000288.2026.73935,iPad1(1000288),288,13.06.26 18:55,Prod,A1000288.7414,Tisch 13,101,S1000288.73935,SALE,2,3.9,7.8,0.0,0.0,0.0,0.0,119,Cola,Getränke,,MwSt. 19%,1.19,6.554622,1.245378,Normalverkauf
S1000288.73936,SP1000288.7.73936,SY1000288.2026.73936,iPad1(1000288),288,13.06.26 12:50,Prod,A1000288.7415,Tisch 10,116,S1000288.73936,SALE,1,3.9,3.9,0.0,0.0,0.0,0.0,119,Cola,Getränke,,MwSt. 19%,1.19,3.277311,0.622689,Normalverkauf
S1000288.73937,SP1000288.7.73937,SY1000288.2026.73937,iPad1(1000288),288,13.06.26 12:50,Prod,A1000288.7415,Tisch 10,116,S1000288.73937,SALE,1,4.2,4.2,0.0,0.0,0.0,0.0,122,Bier,Getränke,,MwSt. 19%,1.19,3.529412,0.670588,Normalverkauf
S1000288.73938,SP1000288.7.73938,SY1000288.2026.73938,iPad1(1000288),288,13.06.26 12:50,Prod,A1000288.7415,Tisch 10,116,S1000288.73938,SALE,2,5.5,11.0,0.0,0.0,0.0,0.0,111,Pommes Frites,Beilagen,,MwSt. 7%,1.07,10.280374,0.719626,Normalverkauf
S1000288.73939,SP1000288.7.73939,SY1000288.2026.73939,iPad1(1000288),288,13.06.26 19:27,Prod,A1000288.7416,Tisch 19,110,S1000288.73939,SALE,1,5.5,5.5,0.0,0.0,0.0,0.0,114,Fisch Nuggets Box,Beilagen,,MwSt. 7%,1.07,5.140187,0.359813,Normalverkauf
S1000288.73940,SP1000288.7.73940,SY1000288.2026.73940,iPad1(1000288),288,13.06.26 19:48,Prod,A1000288.7417,Tisch 7,110,S1000288.73940,SALE,2,3.9,7.8,0.0,0.0,0.0,0.0,124,Cola Zero,Getränke,,MwSt. 19%,1.19,6.554622,1.245378,Normalverkauf
S1000288.73941,SP1000288.7.73941,SY1000288.2026.73941,iPad1(1000288),288,13.06.26 16:58,Prod,A1000288.7418,,110,S1000288.73941,SALE,2,6.5,13.0,0.0,0.0,0.0,0.0,100,Fischbrötchen Backfisch,Hauptspeisen,,MwSt. 7%,1.07,12.149533,0.850467,Normalverkauf
S1000288.73942,SP1000288.7.73942,SY1000288.2026.73942,iPad1(1000288),288,13.06.26 12:36,Prod,A1000288.7419,Tisch 20,116,S1000288.73942,SALE,1,11.9,11.9,0.0,0.0,0.0,0.0,110,Matjes-Baguette,Hauptgerichte,,MwSt. 7%,1.07,11.121495,0.778505,Normalverkauf
S1000288.73943,SP1000288.7.73943,SY1000288.2026.73943,iPad1(1000288),288,13.06.26 12:36,Prod,A1000288.7419,Tisch 20,116,S1000288.73943,SALE,2,10.9,21.8,0.0,0.0,0.0,0.0,104,Thunfisch Wrap,Hauptgerichte,,MwSt. 7%,1.07,20.373832,1.426168,Normalverkauf
S1000288.73944,SP1000288.7.73944,SY1000288.2026.73944,iPad1(1000288),288,13.06.26 12:36,Prod,A1000288.7419,Tisch 20,116,S1000288.73944,SALE,2,3.9,7.8,0.0,0.0,0.0,0.0,126,Spezi,Getränke,,MwSt. 19%,1.19,6.554622,1.245378,Normalverkauf
S1000288.73945,SP1000288.7.73945,SY1000288.2026.73945,iPad1(1000288),288,13.06.26 16:58,Prod,A1000288.7420,Tisch 12,101,S1000288.73945,SALE,1,9.8,9.8,0.0,0.0,0.0,0.0,108,Seelachs-Ei-Baugette,Hauptgerichte,,MwSt. 7%,1.07,9.158879,0.641121,Normalverkauf
S1000288.73946,SP1000288.7.73946,SY1000288.2026.73946,iPad1(1000288),288,13.06.26 16:58,Prod,A1000288.7420,Tisch 12,101,S1000288.73946,SALE,2,3.9,7.8,0.0,0.0,0.0,0.0,119,Cola,Getränke,,MwSt. 19%,1.19,6.554622,1.245378,Normalverkauf
S1000288.73947,SP1000288.7.73947,SY1000288.2026.73947,iPad1(1000288),288,13.06.26 16:58,Prod,A1000288.7420,Tisch 12,101,S1000288.73947,SALE,2,3.2,6.4,0.0,0.0,0.0,0.0,120,Apfelschorle,Getränke,,MwSt. 19%,1.19,5.378151,1.021849,Normalverkauf
S1000288.73948,SP1000288.7.73948,SY1000288.2026.73948,iPad1(1000288),288,13.06.26 20:01,Prod,A1000288.7421,Tisch 8,101,S1000288.73948,SALE,1,3.9,3.9,0.0,0.0,0.0,0.0,119,Cola,Getränke,,MwSt. 19%,1.19,3.277311,0.622689,Normalverkauf
S1000288.73949,SP1000288.7.73949,SY1000288.2026.73949,iPad1(1000288),288,13.06.26 20:01,Prod,A1000288.7421,Tisch 8,101,S1000288.73949,SALE,1,9.8,9.8,0.0,0.0,0.0,0.0,108,Seelachs-Ei-Baugette,Hauptgerichte,,MwSt. 7%,1.07,9.158879,0.641121,Normalverkauf
S1000288.73950,SP1000288.7.73950,SY1000288.2026.73950,iPad1(1000288),288,13.06.26 12:34,Prod,A1000288.7422,Tisch 10,110,S1000288.73950,SALE,1,4.2,4.2,0.0,0.0,0.0,0.0,122,Bier,Getränke,,MwSt. 19%,1.19,3.529412,0.670588,Normalverkauf
S1000288.73951,SP1000288.7.73951,SY1000288.2026.73951,iPad1(1000288),288,13.06.26 12:34,Prod,A1000288.7422,Tisch 10,110,S1000288.73951,SALE,2,13.5,27.0,0.0,0.0,0.0,0.0,102,Matjes,Hauptspeisen,,MwSt. 7%,1.07,25.233645,1.766355,Normalverkauf
S1000288.73952,SP1000288.7.73952,SY1000288.2026.73952,iPad1(1000288),288,13.06.26 11:15,Prod,A1000288.7423,Tisch 6,110,S1000288.73952,SALE,1,10.9,10.9,0.0,0.0,0.0,0.0,107,Chicken Burger,Hauptgerichte,,MwSt. 7%,1.07,10.186916,0.713084,Normalverkauf
S1000288.73953,SP1000288.7.73953,SY1000288.2026.73953,iPad1(1000288),288,13.06.26 11:15,Prod,A1000288.7423,Tisch 6,110,S1000288.73953,SALE,1,9.8,9.8,0.0,0.0,0.0,0.0,108,Seelachs-Ei-Baugette,Hauptgerichte,,MwSt. 7%,1.07,9.158879,0.641121,Normalverkauf
S1000288.73954,SP1000288.7.73954,SY1000288.2026.73954,iPad1(1000288),288,13.06.26 16:51,Prod,A1000288.7424,Tisch 4,110,S1000288.73954,SALE,2,6.9,13.8,0.0,0.0,0.0,0.0,103,Fischbrötchen Räucherlachs,Hauptspeisen,,MwSt. 7%,1.07,12.897196,0.902804,Normalverkauf
S1000288.73955,SP1000288.7.73955,SY1000288.2026.73955,iPad1(1000288),288,13.06.26 16:51,Prod,A1000288.7424,Tisch 4,110,S1000288.73955,SALE,1,4.9,4.9,0.0,0.0,0.0,0.0,112,Kartoffelwedges,Beilagen,,MwSt. 7%,1.07,4.579439,0.320561,Normalverkauf
S1000288.73956,SP1000288.7.73956,SY1000288.2026.73956,iPad1(1000288),288,13.06.26 20:16,Prod,A1000288.7425,Tisch 20,110,S1000288.73956,SALE,1,6.5,6.5,0.0,0.0,0.0,0.0,100,Fischbrötchen Backfisch,Hauptspeisen,,MwSt. 7%,1.07,6.074766,0.425234,Normalverkauf
S1000288.73957,SP1000288.7.73957,SY1000288.2026.73957,iPad1(1000288),288,13.06.26 20:16,Prod,A1000288.7425,Tisch 20,110,S1000288.73957,SALE,2,10.9,21.8,0.0,0.0,0.0,0.0,107,Chicken Burger,Hauptgerichte,,MwSt. 7%,1.07,20.373832,1.426168,Normalverkauf
S1000288.73958,SP1000288.7.73958,SY1000288.2026.73958,iPad1(1000288),288,13.06.26 17:33,Prod,A1000288.7426,Tisch 13,110,S1000288.73958,VOID,1,2.8,2.8,0.0,0.0,0.0,0.0,121,Mineralwasser,Getränke,,MwSt. 19%,1.19,2.352941,0.447059,Normalverkauf
S1000288.73959,SP1000288.7.73959,SY1000288.2026.73959,iPad1(1000288),288,13.06.26 13:37,Prod,A1000288.7427,Tisch 14,119,S1000288.73959,SALE,2,11.9,23.8,0.0,0.0,0.0,0.0,110,Matjes-Baguette,Hauptgerichte,,MwSt. 7%,1.07,22.242991,1.557009,Normalverkauf
S1000288.73960,SP1000288.7.73960,SY1000288.2026.73960,iPad1(1000288),288,13.06.26 13:37,Prod,A1000288.7427,Tisch 14,119,S1000288.73960,SALE,2,3.9,7.8,0.0,0.0,0.0,0.0,124,Cola Zero,Getränke,,MwSt. 19%,1.19,6.554622,1.245378,Normalverkauf
S1000288.73961,SP1000288.7.73961,SY1000288.2026.73961,iPad1(1000288),288,13.06.26 12:18,Prod,A1000288.7428,Tisch 11,101,S1000288.73961,SALE,2,6.5,13.0,0.0,0.0,0.0,0.0,118,Schokokuchen,Desserts,,MwSt. 7%,1.07,12.149533,0.850467,Normalverkauf
S1000288.73962,SP1000288.7.73962,SY1000288.2026.73962,iPad1(1000288),288,13.06.26 12:18,Prod,A1000288.7428,Tisch 11,101,S1000288.73962,SALE,1,3.9,3.9,0.0,0.0,0.0,0.0,119,Cola,Getränke,,MwSt. 19%,1.19,3.277311,0.622689,Normalverkauf
S1000288.73963,SP1000288.7.73963,SY1000288.2026.73963,iPad1(1000288),288,13.06.26 12:18,Prod,A1000288.7428,Tisch 11,101,S1000288.73963,SALE,1,3.9,3.9,0.0,0.0,0.0,0.0,126,Spezi,Getränke,,MwSt. 19%,1.19,3.277311,0.622689,Normalverkauf
S1000288.73964,SP1000288.7.73964,SY1000288.2026.73964,iPad1(1000288),288,14.06.26 14:29,Prod,A1000288.7429,Tisch 15,110,S1000288.73964,SALE,2,3.9,7.8,0.0,0.0,0.0,0.0,119,Cola,Getränke,,MwSt. 19%,1.19,6.554622,1.245378,Normalverkauf
S1000288.73965,SP1000288.7.73965,SY1000288.2026.73965,iPad1(1000288),288,14.06.26 14:29,Prod,A1000288.7429,Tisch 15,110,S1000288.73965,SALE,2,13.5,27.0,0.0,0.0,0.0,0.0,102,Matjes,Hauptspeisen,,MwSt. 7%,1.07,25.233645,1.766355,Normalverkauf
S1000288.73966,SP1000288.7.73966,SY1000288.2026.73966,iPad1(1000288),288,14.06.26 14:29,Prod,A1000288.7429,Tisch 15,110,S1000288.73966,SALE,2,3.9,7.8,0.0,0.0,0.0,0.0,124,Cola Zero,Getränke,,MwSt. 19%,1.19,6.554622,1.245378,Normalverkauf
S1000288.73967,SP1000288.7.73967,SY1000288.2026.73967,iPad1(1000288),288,14.06.26 17:45,Prod,A1000288.7430,,110,S1000288.73967,SALE,2,10.9,21.8,0.0,0.0,0.0,0.0,104,Thunfisch Wrap,Hauptgerichte,,MwSt. 7%,1.07,20.373832,1.426168,Normalverkauf
S1000288.73968,SP1000288.7.73968,SY1000288.2026.73968,iPad1(1000288),288,14.06.26 15:49,Prod,A1000288.7431,Tisch 2,110,S1000288.73968,SALE,2,3.9,7.8,0.0,0.0,0.0,0.0,127,Alkoholfreies Bier,Getränke,,MwSt. 19%,1.19,6.554622,1.245378,Normalverkauf
S1000288.73969,SP1000288.7.73969,SY1000288.2026.73969,iPad1(1000288),288,14.06.26 18:25,Prod,A1000288.7432,Tisch 2,116,S1000288.73969,SALE,2,5.9,11.8,0.0,0.0,0.0,0.0,125,Zitronen-Limonade,Getränke,,MwSt. 19%,1.19,9.915966,1.884034,Normalverkauf
S1000288.73970,SP1000288.7.73970,SY1000288.2026.73970,iPad1(1000288),288,14.06.26 18:25,Prod,A1000288.7432,Tisch 2,116,S1000288.73970,SALE,2,10.9,21.8,0.0,0.0,0.0,0.0,104,Thunfisch Wrap,Hauptgerichte,,MwSt. 7%,1.07,20.373832,1.426168,Normalverkauf
S1000288.73971,SP1000288.7.73971,SY1000288.2026.73971,iPad1(1000288),288,14.06.26 13:56,Prod,A1000288.7433,Tisch 2,110,S1000288.73971,SALE,1,4.2,4.2,0.0,0.0,0.0,0.0,122,Bier,Getränke,,MwSt. 19%,1.19,3.529412,0.670588,Normalverkauf
S1000288.73972,SP1000288.7.73972,SY1000288.2026.73972,iPad1(1000288),288,14.06.26 13:56,Prod,A1000288.7433,Tisch 2,110,S1000288.73972,SALE,1,3.2,3.2,0.0,0.0,0.0,0.0,120,Apfelschorle,Getränke,,MwSt. 19%,1.19,2.689076,0.510924,Normalverkauf
S1000288.73973,SP1000288.7.73973,SY1000288.2026.73973,iPad1(1000288),288,14.06.26 13:56,Prod,A1000288.7433,Tisch 2,110,S1000288.73973,SALE,1,10.9,10.9,0.0,0.0,0.0,0.0,107,Chicken Burger,Hauptgerichte,,MwSt. 7%,1.07,10.186916,0.713084,Normalverkauf
S1000288.73974,SP1000288.7.73974,SY1000288.2026.73974,iPad1(1000288),288,14.06.26 19:51,Prod,A1000288.7434,Tisch 10,110,S1000288.73974,SALE,1,4.9,4.9,0.0,0.0,0.0,0.0,112,Kartoffelwedges,Beilagen,,MwSt. 7%,1.07,4.579439,0.320561,Normalverkauf
S1000288.73975,SP1000288.7.73975,SY1000288.2026.73975,iPad1(1000288),288,14.06.26 19:51,Prod,A1000288.7434,Tisch 10,110,S1000288.73975,SALE,2,5.5,11.0,0.0,0.0,0.0,0.0,114,Fisch Nuggets Box,Beilagen,,MwSt. 7%,1.07,10.280374,0.719626,Normalverkauf
S1000288.73976,SP1000288.7.73976,SY1000288.2026.73976,iPad1(1000288),288,14.06.26 19:51,Prod,A1000288.7434,Tisch 10,110,S1000288.73976,SALE,2,7.9,15.8,0.0,0.0,0.0,0.0,106,Neptun-Ringe,Beilagen,,MwSt. 7%,1.07,14.766355,1.033645,Normalverkauf
S1000288.73977,SP1000288.7.73977,SY1000288.2026.73977,iPad1(1000288),288,14.06.26 15:28,Prod,A1000288.7435,Tisch 19,110,S1000288.73977,SALE,1,6.5,6.5,0.0,0.0,0.0,0.0,100,Fischbrötchen Backfisch,Hauptspeisen,,MwSt. 7%,1.07,6.074766,0.425234,Normalverkauf
S1000288.73978,SP1000288.7.73978,SY1000288.2026.73978,iPad1(1000288),288,14.06.26 15:28,Prod,A1000288.7435,Tisch 19,110,S1000288.73978,SALE,2,10.9,21.8,0.0,0.0,0.0,0.0,104,Thunfisch Wrap,Hauptgerichte,,MwSt. 7%,1.07,20.373832,1.426168,Normalverkauf
S1000288.73979,SP1000288.7.73979,SY1000288.2026.73979,iPad1(1000288),288,14.06.26 17:01,Prod,A1000288.7436,Tisch 2,110,S1000288.73979,SALE,2,3.9,7.8,0.0,0.0,0.0,0.0,119,Cola,Getränke,,MwSt. 19%,1.19,6.554622,1.245378,Normalverkauf
S1000288.73980,SP1000288.7.73980,SY1000288.2026.73980,iPad1(1000288),288,14.06.26 17:01,Prod,A1000288.7436,Tisch 2,110,S1000288.73980,SALE,1,11.9,11.9,0.0,0.0,0.0,0.0,110,Matjes-Baguette,Hauptgerichte,,MwSt. 7%,1.07,11.121495,0.778505,Normalverkauf
S1000288.73981,SP1000288.7.73981,SY1000288.2026.73981,iPad1(1000288),288,14.06.26 17:36,Prod,A1000288.7437,Tisch 20,110,S1000288.73981,SALE,2,3.9,7.8,0.0,0.0,0.0,0.0,119,Cola,Getränke,,MwSt. 19%,1.19,6.554622,1.245378,Normalverkauf
S1000288.73982,SP1000288.7.73982,SY1000288.2026.73982,iPad1(1000288),288,14.06.26 13:24,Prod,A1000288.7438,Tisch 10,116,S1000288.73982,SALE,2,5.9,11.8,0.0,0.0,0.0,0.0,117,Rote Grütze,Desserts,,MwSt. 7%,1.07,11.028037,0.771963,Normalverkauf
S1000288.73983,SP1000288.7.73983,SY1000288.2026.73983,iPad1(1000288),288,14.06.26 11:00,Prod,A1000288.7439,Tisch 13,101,S1000288.73983,SALE,2,6.5,13.0,0.0,0.0,0.0,0.0,118,Schokokuchen,Desserts,,MwSt. 7%,1.07,12.149533,0.850467,Normalverkauf
S1000288.73984,SP1000288.7.73984,SY1000288.2026.73984,iPad1(1000288),288,14.06.26 11:00,Prod,A1000288.7439,Tisch 13,101,S1000288.73984,SALE,2,3.9,7.8,0.0,0.0,0.0,0.0,119,Cola,Getränke,,MwSt. 19%,1.19,6.554622,1.245378,Normalverkauf
S1000288.73985,SP1000288.7.73985,SY1000288.2026.73985,iPad1(1000288),288,14.06.26 11:00,Prod,A1000288.7439,Tisch 13,101,S1000288.73985,SALE,1,6.5,6.5,0.0,0.0,0.0,0.0,118,Schokokuchen,Desserts,,MwSt. 7%,1.07,6.074766,0.425234,Normalverkauf
S1000288.73986,SP1000288.7.73986,SY1000288.2026.73986,iPad1(1000288),288,14.06.26 13:24,Prod,A1000288.7440,Tisch 1,107,S1000288.73986,SALE,1,3.9,3.9,0.0,0.0,0.0,0.0,119,Cola,Getränke,,MwSt. 19%,1.19,3.277311,0.622689,Normalverkauf
S1000288.73987,SP1000288.7.73987,SY1000288.2026.73987,iPad1(1000288),288,14.06.26 10:56,Prod,A1000288.7441,Tisch 16,110,S1000288.73987,VOID,1,7.9,7.9,0.0,0.0,0.0,0.0,106,Neptun-Ringe,Beilagen,,MwSt. 7%,1.07,7.383178,0.516822,Normalverkauf
S1000288.73988,SP1000288.7.73988,SY1000288.2026.73988,iPad1(1000288),288,14.06.26 10:56,Prod,A1000288.7441,Tisch 16,110,S1000288.73988,VOID,2,3.9,7.8,0.0,0.0,0.0,0.0,119,Cola,Getränke,,MwSt. 19%,1.19,6.554622,1.245378,Normalverkauf
S1000288.73989,SP1000288.7.73989,SY1000288.2026.73989,iPad1(1000288),288,14.06.26 12:33,Prod,A1000288.7442,Tisch 3,116,S1000288.73989,VOID,2,6.5,13.0,0.0,0.0,0.0,0.0,118,Schokokuchen,Desserts,,MwSt. 7%,1.07,12.149533,0.850467,Normalverkauf
S1000288.73990,SP1000288.7.73990,SY1000288.2026.73990,iPad1(1000288),288,14.06.26 12:33,Prod,A1000288.7442,Tisch 3,116,S1000288.73990,VOID,2,3.9,7.8,0.0,0.0,0.0,0.0,126,Spezi,Getränke,,MwSt. 19%,1.19,6.554622,1.245378,Normalverkauf
S1000288.73991,SP1000288.7.73991,SY1000288.2026.73991,iPad1(1000288),288,14.06.26 12:33,Prod,A1000288.7442,Tisch 3,116,S1000288.73991,VOID,2,3.9,7.8,0.0,0.0,0.0,0.0,127,Alkoholfreies Bier,Getränke,,MwSt. 19%,1.19,6.554622,1.245378,Normalverkauf
S1000288.73992,SP1000288.7.73992,SY1000288.2026.73992,iPad1(1000288),288,14.06.26 15:53,Prod,A1000288.7443,Tisch 16,110,S1000288.73992,SALE,1,5.5,5.5,0.0,0.0,0.0,0.0,111,Pommes Frites,Beilagen,,MwSt. 7%,1.07,5.140187,0.359813,Normalverkauf
S1000288.73993,SP1000288.7.73993,SY1000288.2026.73993,iPad1(1000288),288,14.06.26 20:10,Prod,A1000288.7444,Tisch 12,110,S1000288.73993,SALE,1,10.9,10.9,0.0,0.0,0.0,0.0,107,Chicken Burger,Hauptgerichte,,MwSt. 7%,1.07,10.186916,0.713084,Normalverkauf
S1000288.73994,SP1000288.7.73994,SY1000288.2026.73994,iPad1(1000288),288,14.06.26 17:53,Prod,A1000288.7445,Tisch 18,110,S1000288.73994,SALE,1,10.9,10.9,0.0,0.0,0.0,0.0,107,Chicken Burger,Hauptgerichte,,MwSt. 7%,1.07,10.186916,0.713084,Normalverkauf
S1000288.73995,SP1000288.7.73995,SY1000288.2026.73995,iPad1(1000288),288,14.06.26 17:53,Prod,A1000288.7445,Tisch 18,110,S1000288.73995,SALE,2,2.8,5.6,0.0,0.0,0.0,0.0,121,Mineralwasser,Getränke,,MwSt. 19%,1.19,4.705882,0.894118,Normalverkauf
S1000288.73996,SP1000288.7.73996,SY1000288.2026.73996,iPad1(1000288),288,14.06.26 17:53,Prod,A1000288.7445,Tisch 18,110,S1000288.73996,SALE,1,10.9,10.9,0.0,0.0,0.0,0.0,109,Bismarck-Baguette,Hauptgerichte,,MwSt. 7%,1.07,10.186916,0.713084,Normalverkauf
S1000288.73997,SP1000288.7.73997,SY1000288.2026.73997,iPad1(1000288),288,14.06.26 20:04,Prod,A1000288.7446,Tisch 19,116,S1000288.73997,SALE,2,10.9,21.8,0.0,0.0,0.0,0.0,107,Chicken Burger,Hauptgerichte,,MwSt. 7%,1.07,20.373832,1.426168,Normalverkauf
S1000288.73998,SP1000288.7.73998,SY1000288.2026.73998,iPad1(1000288),288,14.06.26 12:19,Prod,A1000288.7447,Tisch 24,110,S1000288.73998,SALE,1,6.9,6.9,0.0,0.0,0.0,0.0,103,Fischbrötchen Räucherlachs,Hauptspeisen,,MwSt. 7%,1.07,6.448598,0.451402,Normalverkauf
S1000288.73999,SP1000288.7.73999,SY1000288.2026.73999,iPad1(1000288),288,14.06.26 19:20,Prod,A1000288.7448,Tisch 16,110,S1000288.73999,SALE,1,10.9,10.9,0.0,0.0,0.0,0.0,104,Thunfisch Wrap,Hauptgerichte,,MwSt. 7%,1.07,10.186916,0.713084,Normalverkauf
S1000288.74000,SP1000288.7.74000,SY1000288.2026.74000,iPad1(1000288),288,14.06.26 19:20,Prod,A1000288.7448,Tisch 16,110,S1000288.74000,SALE,1,10.9,10.9,0.0,0.0,0.0,0.0,107,Chicken Burger,Hauptgerichte,,MwSt. 7%,1.07,10.186916,0.713084,Normalverkauf
S1000288.74001,SP1000288.7.74001,SY1000288.2026.74001,iPad1(1000288),288,14.06.26 12:31,Prod,A1000288.7449,Tisch 3,101,S1000288.74001,SALE,2,5.9,11.8,0.0,0.0,0.0,0.0,125,Zitronen-Limonade,Getränke,,MwSt. 19%,1.19,9.915966,1.884034,Normalverkauf
S1000288.74002,SP1000288.7.74002,SY1000288.2026.74002,iPad1(1000288),288,14.06.26 12:31,Prod,A1000288.7449,Tisch 3,101,S1000288.74002,SALE,2,3.9,7.8,0.0,0.0,0.0,0.0,119,Cola,Getränke,,MwSt. 19%,1.19,6.554622,1.245378,Normalverkauf
S1000288.74003,SP1000288.7.74003,SY1000288.2026.74003,iPad1(1000288),288,14.06.26 19:50,Prod,A1000288.7450,Tisch 15,110,S1000288.74003,SALE,1,10.9,10.9,0.0,0.0,0.0,0.0,107,Chicken Burger,Hauptgerichte,,MwSt. 7%,1.07,10.186916,0.713084,Normalverkauf
S1000288.74004,SP1000288.7.74004,SY1000288.2026.74004,iPad1(1000288),288,14.06.26 15:27,Prod,A1000288.7451,Tisch 3,110,S1000288.74004,SALE,1,5.5,5.5,0.0,0.0,0.0,0.0,111,Pommes Frites,Beilagen,,MwSt. 7%,1.07,5.140187,0.359813,Normalverkauf
S1000288.74005,SP1000288.7.74005,SY1000288.2026.74005,iPad1(1000288),288,14.06.26 15:27,Prod,A1000288.7451,Tisch 3,110,S1000288.74005,SALE,1,3.2,3.2,0.0,0.0,0.0,0.0,120,Apfelschorle,Getränke,,MwSt. 19%,1.19,2.689076,0.510924,Normalverkauf
S1000288.74006,SP1000288.7.74006,SY1000288.2026.74006,iPad1(1000288),288,14.06.26 19:41,Prod,A1000288.7452,Tisch 19,107,S1000288.74006,SALE,1,11.9,11.9,0.0,0.0,0.0,0.0,110,Matjes-Baguette,Hauptgerichte,,MwSt. 7%,1.07,11.121495,0.778505,Normalverkauf
S1000288.74007,SP1000288.7.74007,SY1000288.2026.74007,iPad1(1000288),288,14.06.26 19:41,Prod,A1000288.7452,Tisch 19,107,S1000288.74007,SALE,1,3.9,3.9,0.0,0.0,0.0,0.0,119,Cola,Getränke,,MwSt. 19%,1.19,3.277311,0.622689,Normalverkauf
S1000288.74008,SP1000288.7.74008,SY1000288.2026.74008,iPad1(1000288),288,14.06.26 10:31,Prod,A1000288.7453,Tisch 3,107,S1000288.74008,VOID,2,6.9,13.8,0.0,0.0,0.0,0.0,103,Fischbrötchen Räucherlachs,Hauptspeisen,,MwSt. 7%,1.07,12.897196,0.902804,Normalverkauf
S1000288.74009,SP1000288.7.74009,SY1000288.2026.74009,iPad1(1000288),288,14.06.26 19:46,Prod,A1000288.7454,Tisch 16,101,S1000288.74009,VOID,2,5.5,11.0,0.0,0.0,0.0,0.0,111,Pommes Frites,Beilagen,,MwSt. 7%,1.07,10.280374,0.719626,Normalverkauf
S1000288.74010,SP1000288.7.74010,SY1000288.2026.74010,iPad1(1000288),288,14.06.26 12:19,Prod,A1000288.7455,Tisch 16,116,S1000288.74010,SALE,1,7.9,7.9,0.0,0.0,0.0,0.0,106,Neptun-Ringe,Beilagen,,MwSt. 7%,1.07,7.383178,0.516822,Normalverkauf
S1000288.74011,SP1000288.7.74011,SY1000288.2026.74011,iPad1(1000288),288,14.06.26 12:19,Prod,A1000288.7455,Tisch 16,116,S1000288.74011,SALE,1,4.2,4.2,0.0,0.0,0.0,0.0,122,Bier,Getränke,,MwSt. 19%,1.19,3.529412,0.670588,Normalverkauf
S1000288.74012,SP1000288.7.74012,SY1000288.2026.74012,iPad1(1000288),288,14.06.26 08:29,Prod,A1000288.7456,Tisch 1,107,S1000288.74012,SALE,2,11.9,23.8,0.0,0.0,0.0,0.0,110,Matjes-Baguette,Hauptgerichte,,MwSt. 7%,1.07,22.242991,1.557009,Normalverkauf
S1000288.74013,SP1000288.7.74013,SY1000288.2026.74013,iPad1(1000288),288,14.06.26 12:01,Prod,A1000288.7457,Tisch 3,116,S1000288.74013,SALE,1,4.2,4.2,0.0,0.0,0.0,0.0,122,Bier,Getränke,,MwSt. 19%,1.19,3.529412,0.670588,Normalverkauf
S1000288.74014,SP1000288.7.74014,SY1000288.2026.74014,iPad1(1000288),288,14.06.26 12:01,Prod,A1000288.7457,Tisch 3,116,S1000288.74014,SALE,2,14.5,29.0,0.0,0.0,0.0,0.0,101,Lachs,Hauptspeisen,,MwSt. 7%,1.07,27.102804,1.897196,Normalverkauf
S1000288.74015,SP1000288.7.74015,SY1000288.2026.74015,iPad1(1000288),288,14.06.26 19:38,Prod,A1000288.7458,Tisch 10,119,S1000288.74015,SALE,2,11.5,23.0,0.0,0.0,0.0,0.0,105,Garnelen-Kimchi-Bruger,Hauptgerichte,,MwSt. 7%,1.07,21.495327,1.504673,Normalverkauf
S1000288.74016,SP1000288.7.74016,SY1000288.2026.74016,iPad1(1000288),288,14.06.26 19:38,Prod,A1000288.7458,Tisch 10,119,S1000288.74016,SALE,2,3.9,7.8,0.0,0.0,0.0,0.0,119,Cola,Getränke,,MwSt. 19%,1.19,6.554622,1.245378,Normalverkauf
S1000288.74017,SP1000288.7.74017,SY1000288.2026.74017,iPad1(1000288),288,14.06.26 18:20,Prod,A1000288.7459,Tisch 18,101,S1000288.74017,SALE,1,11.9,11.9,0.0,0.0,0.0,0.0,110,Matjes-Baguette,Hauptgerichte,,MwSt. 7%,1.07,11.121495,0.778505,Normalverkauf
S1000288.74018,SP1000288.7.74018,SY1000288.2026.74018,iPad1(1000288),288,14.06.26 18:20,Prod,A1000288.7459,Tisch 18,101,S1000288.74018,SALE,1,10.9,10.9,0.0,0.0,0.0,0.0,107,Chicken Burger,Hauptgerichte,,MwSt. 7%,1.07,10.186916,0.713084,Normalverkauf
S1000288.74019,SP1000288.7.74019,SY1000288.2026.74019,iPad1(1000288),288,14.06.26 12:06,Prod,A1000288.7460,Tisch 11,110,S1000288.74019,SALE,1,9.8,9.8,0.0,0.0,0.0,0.0,108,Seelachs-Ei-Baugette,Hauptgerichte,,MwSt. 7%,1.07,9.158879,0.641121,Normalverkauf
S1000288.74020,SP1000288.7.74020,SY1000288.2026.74020,iPad1(1000288),288,14.06.26 12:06,Prod,A1000288.7460,Tisch 11,110,S1000288.74020,SALE,1,10.9,10.9,0.0,0.0,0.0,0.0,104,Thunfisch Wrap,Hauptgerichte,,MwSt. 7%,1.07,10.186916,0.713084,Normalverkauf
S1000288.74021,SP1000288.7.74021,SY1000288.2026.74021,iPad1(1000288),288,14.06.26 12:06,Prod,A1000288.7460,Tisch 11,110,S1000288.74021,SALE,2,5.5,11.0,0.0,0.0,0.0,0.0,114,Fisch Nuggets Box,Beilagen,,MwSt. 7%,1.07,10.280374,0.719626,Normalverkauf
S1000288.74022,SP1000288.7.74022,SY1000288.2026.74022,iPad1(1000288),288,14.06.26 11:28,Prod,A1000288.7461,Tisch 20,101,S1000288.74022,SALE,2,3.9,7.8,0.0,0.0,0.0,0.0,126,Spezi,Getränke,,MwSt. 19%,1.19,6.554622,1.245378,Normalverkauf
S1000288.74023,SP1000288.7.74023,SY1000288.2026.74023,iPad1(1000288),288,14.06.26 11:28,Prod,A1000288.7461,Tisch 20,101,S1000288.74023,SALE,2,9.8,19.6,0.0,0.0,0.0,0.0,108,Seelachs-Ei-Baugette,Hauptgerichte,,MwSt. 7%,1.07,18.317757,1.282243,Normalverkauf
S1000288.74024,SP1000288.7.74024,SY1000288.2026.74024,iPad1(1000288),288,14.06.26 11:28,Prod,A1000288.7461,Tisch 20,101,S1000288.74024,SALE,1,5.5,5.5,0.0,0.0,0.0,0.0,111,Pommes Frites,Beilagen,,MwSt. 7%,1.07,5.140187,0.359813,Normalverkauf
S1000288.74025,SP1000288.7.74025,SY1000288.2026.74025,iPad1(1000288),288,14.06.26 16:01,Prod,A1000288.7462,Tisch 14,107,S1000288.74025,SALE,1,3.9,3.9,0.0,0.0,0.0,0.0,126,Spezi,Getränke,,MwSt. 19%,1.19,3.277311,0.622689,Normalverkauf
S1000288.74026,SP1000288.7.74026,SY1000288.2026.74026,iPad1(1000288),288,14.06.26 16:01,Prod,A1000288.7462,Tisch 14,107,S1000288.74026,SALE,1,3.2,3.2,0.0,0.0,0.0,0.0,120,Apfelschorle,Getränke,,MwSt. 19%,1.19,2.689076,0.510924,Normalverkauf
S1000288.74027,SP1000288.7.74027,SY1000288.2026.74027,iPad1(1000288),288,14.06.26 18:47,Prod,A1000288.7463,Tisch 9,119,S1000288.74027,SALE,1,11.5,11.5,0.0,0.0,0.0,0.0,105,Garnelen-Kimchi-Bruger,Hauptgerichte,,MwSt. 7%,1.07,10.747664,0.752336,Normalverkauf
S1000288.74028,SP1000288.7.74028,SY1000288.2026.74028,iPad1(1000288),288,14.06.26 18:47,Prod,A1000288.7463,Tisch 9,119,S1000288.74028,SALE,1,5.9,5.9,0.0,0.0,0.0,0.0,117,Rote Grütze,Desserts,,MwSt. 7%,1.07,5.514019,0.385981,Normalverkauf
S1000288.74029,SP1000288.7.74029,SY1000288.2026.74029,iPad1(1000288),288,14.06.26 18:47,Prod,A1000288.7463,Tisch 9,119,S1000288.74029,SALE,2,3.9,7.8,0.0,0.0,0.0,0.0,126,Spezi,Getränke,,MwSt. 19%,1.19,6.554622,1.245378,Normalverkauf
S1000288.74030,SP1000288.7.74030,SY1000288.2026.74030,iPad1(1000288),288,14.06.26 11:47,Prod,A1000288.7464,Tisch 13,110,S1000288.74030,SALE,1,3.9,3.9,0.0,0.0,0.0,0.0,119,Cola,Getränke,,MwSt. 19%,1.19,3.277311,0.622689,Normalverkauf
S1000288.74031,SP1000288.7.74031,SY1000288.2026.74031,iPad1(1000288),288,14.06.26 11:47,Prod,A1000288.7464,Tisch 13,110,S1000288.74031,SALE,2,11.5,23.0,0.0,0.0,0.0,0.0,105,Garnelen-Kimchi-Bruger,Hauptgerichte,,MwSt. 7%,1.07,21.495327,1.504673,Normalverkauf
S1000288.74032,SP1000288.7.74032,SY1000288.2026.74032,iPad1(1000288),288,14.06.26 19:09,Prod,A1000288.7465,Tisch 13,116,S1000288.74032,SALE,1,5.5,5.5,0.0,0.0,0.0,0.0,111,Pommes Frites,Beilagen,,MwSt. 7%,1.07,5.140187,0.359813,Normalverkauf
S1000288.74033,SP1000288.7.74033,SY1000288.2026.74033,iPad1(1000288),288,14.06.26 19:02,Prod,A1000288.7466,Tisch 19,119,S1000288.74033,SALE,2,5.9,11.8,0.0,0.0,0.0,0.0,117,Rote Grütze,Desserts,,MwSt. 7%,1.07,11.028037,0.771963,Normalverkauf
S1000288.74034,SP1000288.7.74034,SY1000288.2026.74034,iPad1(1000288),288,14.06.26 19:02,Prod,A1000288.7466,Tisch 19,119,S1000288.74034,SALE,2,13.5,27.0,0.0,0.0,0.0,0.0,102,Matjes,Hauptspeisen,,MwSt. 7%,1.07,25.233645,1.766355,Normalverkauf
S1000288.74035,SP1000288.7.74035,SY1000288.2026.74035,iPad1(1000288),288,14.06.26 20:45,Prod,A1000288.7467,Tisch 11,101,S1000288.74035,SALE,2,11.5,23.0,0.0,0.0,0.0,0.0,105,Garnelen-Kimchi-Bruger,Hauptgerichte,,MwSt. 7%,1.07,21.495327,1.504673,Normalverkauf
S1000288.74036,SP1000288.7.74036,SY1000288.2026.74036,iPad1(1000288),288,14.06.26 19:46,Prod,A1000288.7468,Tisch 15,101,S1000288.74036,SALE,2,10.9,21.8,0.0,0.0,0.0,0.0,107,Chicken Burger,Hauptgerichte,,MwSt. 7%,1.07,20.373832,1.426168,Normalverkauf
S1000288.74037,SP1000288.7.74037,SY1000288.2026.74037,iPad1(1000288),288,14.06.26 17:45,Prod,A1000288.7469,Tisch 18,101,S1000288.74037,SALE,1,3.9,3.9,0.0,0.0,0.0,0.0,124,Cola Zero,Getränke,,MwSt. 19%,1.19,3.277311,0.622689,Normalverkauf
S1000288.74038,SP1000288.7.74038,SY1000288.2026.74038,iPad1(1000288),288,14.06.26 17:45,Prod,A1000288.7469,Tisch 18,101,S1000288.74038,SALE,2,11.9,23.8,0.0,0.0,0.0,0.0,110,Matjes-Baguette,Hauptgerichte,,MwSt. 7%,1.07,22.242991,1.557009,Normalverkauf
S1000288.74039,SP1000288.7.74039,SY1000288.2026.74039,iPad1(1000288),288,14.06.26 16:40,Prod,A1000288.7470,Tisch 11,101,S1000288.74039,SALE,1,11.5,11.5,0.0,0.0,0.0,0.0,105,Garnelen-Kimchi-Bruger,Hauptgerichte,,MwSt. 7%,1.07,10.747664,0.752336,Normalverkauf
S1000288.74040,SP1000288.7.74040,SY1000288.2026.74040,iPad1(1000288),288,14.06.26 16:40,Prod,A1000288.7470,Tisch 11,101,S1000288.74040,SALE,1,13.5,13.5,0.0,0.0,0.0,0.0,102,Matjes,Hauptspeisen,,MwSt. 7%,1.07,12.616822,0.883178,Normalverkauf
S1000288.74041,SP1000288.7.74041,SY1000288.2026.74041,iPad1(1000288),288,14.06.26 19:37,Prod,A1000288.7471,Tisch 7,110,S1000288.74041,SALE,1,6.5,6.5,0.0,0.0,0.0,0.0,100,Fischbrötchen Backfisch,Hauptspeisen,,MwSt. 7%,1.07,6.074766,0.425234,Normalverkauf
S1000288.74042,SP1000288.7.74042,SY1000288.2026.74042,iPad1(1000288),288,14.06.26 19:37,Prod,A1000288.7471,Tisch 7,110,S1000288.74042,SALE,2,2.8,5.6,0.0,0.0,0.0,0.0,121,Mineralwasser,Getränke,,MwSt. 19%,1.19,4.705882,0.894118,Normalverkauf
S1000288.74043,SP1000288.7.74043,SY1000288.2026.74043,iPad1(1000288),288,14.06.26 19:03,Prod,A1000288.7472,Tisch 24,119,S1000288.74043,SALE,2,10.9,21.8,0.0,0.0,0.0,0.0,107,Chicken Burger,Hauptgerichte,,MwSt. 7%,1.07,20.373832,1.426168,Normalverkauf
S1000288.74044,SP1000288.7.74044,SY1000288.2026.74044,iPad1(1000288),288,14.06.26 20:36,Prod,A1000288.7473,Tisch 20,119,S1000288.74044,SALE,1,6.5,6.5,0.0,0.0,0.0,0.0,118,Schokokuchen,Desserts,,MwSt. 7%,1.07,6.074766,0.425234,Normalverkauf
S1000288.74045,SP1000288.7.74045,SY1000288.2026.74045,iPad1(1000288),288,14.06.26 20:36,Prod,A1000288.7473,Tisch 20,119,S1000288.74045,SALE,2,6.5,13.0,0.0,0.0,0.0,0.0,118,Schokokuchen,Desserts,,MwSt. 7%,1.07,12.149533,0.850467,Normalverkauf
S1000288.74046,SP1000288.7.74046,SY1000288.2026.74046,iPad1(1000288),288,14.06.26 09:09,Prod,A1000288.7474,Tisch 2,110,S1000288.74046,SALE,1,7.9,7.9,0.0,0.0,0.0,0.0,106,Neptun-Ringe,Beilagen,,MwSt. 7%,1.07,7.383178,0.516822,Normalverkauf
S1000288.74047,SP1000288.7.74047,SY1000288.2026.74047,iPad1(1000288),288,14.06.26 09:09,Prod,A1000288.7474,Tisch 2,110,S1000288.74047,SALE,2,4.9,9.8,0.0,0.0,0.0,0.0,112,Kartoffelwedges,Beilagen,,MwSt. 7%,1.07,9.158879,0.641121,Normalverkauf
S1000288.74048,SP1000288.7.74048,SY1000288.2026.74048,iPad1(1000288),288,14.06.26 10:23,Prod,A1000288.7475,Tisch 24,110,S1000288.74048,SALE,2,4.9,9.8,0.0,0.0,0.0,0.0,112,Kartoffelwedges,Beilagen,,MwSt. 7%,1.07,9.158879,0.641121,Normalverkauf
S1000288.74049,SP1000288.7.74049,SY1000288.2026.74049,iPad1(1000288),288,14.06.26 10:23,Prod,A1000288.7475,Tisch 24,110,S1000288.74049,SALE,1,10.9,10.9,0.0,0.0,0.0,0.0,104,Thunfisch Wrap,Hauptgerichte,,MwSt. 7%,1.07,10.186916,0.713084,Normalverkauf
S1000288.74050,SP1000288.7.74050,SY1000288.2026.74050,iPad1(1000288),288,14.06.26 10:23,Prod,A1000288.7475,Tisch 24,110,S1000288.74050,SALE,2,10.9,21.8,0.0,0.0,0.0,0.0,107,Chicken Burger,Hauptgerichte,,MwSt. 7%,1.07,20.373832,1.426168,Normalverkauf
S1000288.74051,SP1000288.7.74051,SY1000288.2026.74051,iPad1(1000288),288,14.06.26 16:53,Prod,A1000288.7476,Tisch 23,119,S1000288.74051,SALE,2,3.2,6.4,0.0,0.0,0.0,0.0,120,Apfelschorle,Getränke,,MwSt. 19%,1.19,5.378151,1.021849,Normalverkauf
S1000288.74052,SP1000288.7.74052,SY1000288.2026.74052,iPad1(1000288),288,14.06.26 19:16,Prod,A1000288.7477,Tisch 22,101,S1000288.74052,SALE,2,3.2,6.4,0.0,0.0,0.0,0.0,120,Apfelschorle,Getränke,,MwSt. 19%,1.19,5.378151,1.021849,Normalverkauf
S1000288.74053,SP1000288.7.74053,SY1000288.2026.74053,iPad1(1000288),288,14.06.26 19:16,Prod,A1000288.7477,Tisch 22,101,S1000288.74053,SALE,1,3.2,3.2,0.0,0.0,0.0,0.0,120,Apfelschorle,Getränke,,MwSt. 19%,1.19,2.689076,0.510924,Normalverkauf
S1000288.74054,SP1000288.7.74054,SY1000288.2026.74054,iPad1(1000288),288,14.06.26 19:16,Prod,A1000288.7477,Tisch 22,101,S1000288.74054,SALE,2,6.5,13.0,0.0,0.0,0.0,0.0,118,Schokokuchen,Desserts,,MwSt. 7%,1.07,12.149533,0.850467,Normalverkauf
S1000288.74055,SP1000288.7.74055,SY1000288.2026.74055,iPad1(1000288),288,14.06.26 15:08,Prod,A1000288.7478,Tisch 6,101,S1000288.74055,SALE,2,5.9,11.8,0.0,0.0,0.0,0.0,123,Inger-Limonade,Getränke,,MwSt. 19%,1.19,9.915966,1.884034,Normalverkauf
S1000288.74056,SP1000288.7.74056,SY1000288.2026.74056,iPad1(1000288),288,14.06.26 19:58,Prod,A1000288.7479,Tisch 13,119,S1000288.74056,SALE,2,10.9,21.8,0.0,0.0,0.0,0.0,104,Thunfisch Wrap,Hauptgerichte,,MwSt. 7%,1.07,20.373832,1.426168,Normalverkauf
S1000288.74057,SP1000288.7.74057,SY1000288.2026.74057,iPad1(1000288),288,14.06.26 19:58,Prod,A1000288.7479,Tisch 13,119,S1000288.74057,SALE,1,9.8,9.8,0.0,0.0,0.0,0.0,108,Seelachs-Ei-Baugette,Hauptgerichte,,MwSt. 7%,1.07,9.158879,0.641121,Normalverkauf
S1000288.74058,SP1000288.7.74058,SY1000288.2026.74058,iPad1(1000288),288,14.06.26 15:18,Prod,A1000288.7480,Tisch 22,110,S1000288.74058,SALE,1,2.8,2.8,0.0,0.0,0.0,0.0,121,Mineralwasser,Getränke,,MwSt. 19%,1.19,2.352941,0.447059,Normalverkauf
S1000288.74059,SP1000288.7.74059,SY1000288.2026.74059,iPad1(1000288),288,14.06.26 15:18,Prod,A1000288.7480,Tisch 22,110,S1000288.74059,SALE,1,3.9,3.9,0.0,0.0,0.0,0.0,126,Spezi,Getränke,,MwSt. 19%,1.19,3.277311,0.622689,Normalverkauf
S1000288.74060,SP1000288.7.74060,SY1000288.2026.74060,iPad1(1000288),288,14.06.26 15:18,Prod,A1000288.7480,Tisch 22,110,S1000288.74060,SALE,2,3.2,6.4,0.0,0.0,0.0,0.0,120,Apfelschorle,Getränke,,MwSt. 19%,1.19,5.378151,1.021849,Normalverkauf
S1000288.74061,SP1000288.7.74061,SY1000288.2026.74061,iPad1(1000288),288,14.06.26 16:33,Prod,A1000288.7481,Tisch 21,119,S1000288.74061,SALE,1,9.8,9.8,0.0,0.0,0.0,0.0,108,Seelachs-Ei-Baugette,Hauptgerichte,,MwSt. 7%,1.07,9.158879,0.641121,Normalverkauf
S1000288.74062,SP1000288.7.74062,SY1000288.2026.74062,iPad1(1000288),288,14.06.26 16:33,Prod,A1000288.7481,Tisch 21,119,S1000288.74062,SALE,1,3.9,3.9,0.0,0.0,0.0,0.0,126,Spezi,Getränke,,MwSt. 19%,1.19,3.277311,0.622689,Normalverkauf
S1000288.74063,SP1000288.7.74063,SY1000288.2026.74063,iPad1(1000288),288,14.06.26 16:28,Prod,A1000288.7482,Tisch 18,101,S1000288.74063,VOID,1,4.9,4.9,0.0,0.0,0.0,0.0,112,Kartoffelwedges,Beilagen,,MwSt. 7%,1.07,4.579439,0.320561,Normalverkauf
S1000288.74064,SP1000288.7.74064,SY1000288.2026.74064,iPad1(1000288),288,14.06.26 16:28,Prod,A1000288.7482,Tisch 18,101,S1000288.74064,VOID,2,3.9,7.8,0.0,0.0,0.0,0.0,124,Cola Zero,Getränke,,MwSt. 19%,1.19,6.554622,1.245378,Normalverkauf
S1000288.74065,SP1000288.7.74065,SY1000288.2026.74065,iPad1(1000288),288,14.06.26 11:14,Prod,A1000288.7483,Tisch 6,116,S1000288.74065,SALE,1,3.9,3.9,0.0,0.0,0.0,0.0,124,Cola Zero,Getränke,,MwSt. 19%,1.19,3.277311,0.622689,Normalverkauf
S1000288.74066,SP1000288.7.74066,SY1000288.2026.74066,iPad1(1000288),288,14.06.26 20:48,Prod,A1000288.7484,Tisch 7,116,S1000288.74066,SALE,2,3.9,7.8,0.0,0.0,0.0,0.0,126,Spezi,Getränke,,MwSt. 19%,1.19,6.554622,1.245378,Normalverkauf
S1000288.74067,SP1000288.7.74067,SY1000288.2026.74067,iPad1(1000288),288,14.06.26 20:48,Prod,A1000288.7484,Tisch 7,116,S1000288.74067,SALE,2,7.9,15.8,0.0,0.0,0.0,0.0,106,Neptun-Ringe,Beilagen,,MwSt. 7%,1.07,14.766355,1.033645,Normalverkauf
S1000288.74068,SP1000288.7.74068,SY1000288.2026.74068,iPad1(1000288),288,14.06.26 20:48,Prod,A1000288.7484,Tisch 7,116,S1000288.74068,SALE,1,3.9,3.9,0.0,0.0,0.0,0.0,126,Spezi,Getränke,,MwSt. 19%,1.19,3.277311,0.622689,Normalverkauf
S1000288.74069,SP1000288.7.74069,SY1000288.2026.74069,iPad1(1000288),288,14.06.26 17:43,Prod,A1000288.7485,Tisch 22,119,S1000288.74069,SALE,2,4.2,8.4,0.0,0.0,0.0,0.0,122,Bier,Getränke,,MwSt. 19%,1.19,7.058824,1.341176,Normalverkauf
S1000288.74070,SP1000288.7.74070,SY1000288.2026.74070,iPad1(1000288),288,14.06.26 17:43,Prod,A1000288.7485,Tisch 22,119,S1000288.74070,SALE,1,6.5,6.5,0.0,0.0,0.0,0.0,118,Schokokuchen,Desserts,,MwSt. 7%,1.07,6.074766,0.425234,Normalverkauf
S1000288.74071,SP1000288.7.74071,SY1000288.2026.74071,iPad1(1000288),288,14.06.26 17:07,Prod,A1000288.7486,Tisch 10,119,S1000288.74071,SALE,1,7.9,7.9,0.0,0.0,0.0,0.0,115,Tiramisu,Desserts,,MwSt. 7%,1.07,7.383178,0.516822,Normalverkauf
S1000288.74072,SP1000288.7.74072,SY1000288.2026.74072,iPad1(1000288),288,14.06.26 10:07,Prod,A1000288.7487,Tisch 14,101,S1000288.74072,VOID,2,3.2,6.4,0.0,0.0,0.0,0.0,120,Apfelschorle,Getränke,,MwSt. 19%,1.19,5.378151,1.021849,Normalverkauf
S1000288.74073,SP1000288.7.74073,SY1000288.2026.74073,iPad1(1000288),288,14.06.26 10:07,Prod,A1000288.7487,Tisch 14,101,S1000288.74073,VOID,2,6.5,13.0,0.0,0.0,0.0,0.0,100,Fischbrötchen Backfisch,Hauptspeisen,,MwSt. 7%,1.07,12.149533,0.850467,Normalverkauf
S1000288.74074,SP1000288.7.74074,SY1000288.2026.74074,iPad1(1000288),288,14.06.26 10:07,Prod,A1000288.7487,Tisch 14,101,S1000288.74074,VOID,1,3.9,3.9,0.0,0.0,0.0,0.0,119,Cola,Getränke,,MwSt. 19%,1.19,3.277311,0.622689,Normalverkauf
S1000288.74075,SP1000288.7.74075,SY1000288.2026.74075,iPad1(1000288),288,14.06.26 13:06,Prod,A1000288.7488,Tisch 22,116,S1000288.74075,SALE,1,2.8,2.8,0.0,0.0,0.0,0.0,121,Mineralwasser,Getränke,,MwSt. 19%,1.19,2.352941,0.447059,Normalverkauf
S1000288.74076,SP1000288.7.74076,SY1000288.2026.74076,iPad1(1000288),288,14.06.26 13:06,Prod,A1000288.7488,Tisch 22,116,S1000288.74076,SALE,1,4.2,4.2,0.0,0.0,0.0,0.0,122,Bier,Getränke,,MwSt. 19%,1.19,3.529412,0.670588,Normalverkauf
S1000288.74077,SP1000288.7.74077,SY1000288.2026.74077,iPad1(1000288),288,14.06.26 13:06,Prod,A1000288.7488,Tisch 22,116,S1000288.74077,SALE,1,3.9,3.9,0.0,0.0,0.0,0.0,126,Spezi,Getränke,,MwSt. 19%,1.19,3.277311,0.622689,Normalverkauf
S1000288.74078,SP1000288.7.74078,SY1000288.2026.74078,iPad1(1000288),288,14.06.26 18:04,Prod,A1000288.7489,Tisch 17,116,S1000288.74078,SALE,2,5.9,11.8,0.0,0.0,0.0,0.0,116,Vanillequark,Desserts,,MwSt. 7%,1.07,11.028037,0.771963,Normalverkauf
S1000288.74079,SP1000288.7.74079,SY1000288.2026.74079,iPad1(1000288),288,14.06.26 18:04,Prod,A1000288.7489,Tisch 17,116,S1000288.74079,SALE,1,7.9,7.9,0.0,0.0,0.0,0.0,106,Neptun-Ringe,Beilagen,,MwSt. 7%,1.07,7.383178,0.516822,Normalverkauf
S1000288.74080,SP1000288.7.74080,SY1000288.2026.74080,iPad1(1000288),288,14.06.26 18:04,Prod,A1000288.7489,Tisch 17,116,S1000288.74080,SALE,1,3.2,3.2,0.0,0.0,0.0,0.0,120,Apfelschorle,Getränke,,MwSt. 19%,1.19,2.689076,0.510924,Normalverkauf
S1000288.74081,SP1000288.7.74081,SY1000288.2026.74081,iPad1(1000288),288,14.06.26 14:50,Prod,A1000288.7490,Tisch 6,110,S1000288.74081,SALE,1,5.5,5.5,0.0,0.0,0.0,0.0,111,Pommes Frites,Beilagen,,MwSt. 7%,1.07,5.140187,0.359813,Normalverkauf
S1000288.74082,SP1000288.7.74082,SY1000288.2026.74082,iPad1(1000288),288,14.06.26 14:50,Prod,A1000288.7490,Tisch 6,110,S1000288.74082,SALE,1,4.2,4.2,0.0,0.0,0.0,0.0,122,Bier,Getränke,,MwSt. 19%,1.19,3.529412,0.670588,Normalverkauf
S1000288.74083,SP1000288.7.74083,SY1000288.2026.74083,iPad1(1000288),288,14.06.26 12:13,Prod,A1000288.7491,,110,S1000288.74083,SALE,1,5.5,5.5,0.0,0.0,0.0,0.0,111,Pommes Frites,Beilagen,,MwSt. 7%,1.07,5.140187,0.359813,Normalverkauf
S1000288.74084,SP1000288.7.74084,SY1000288.2026.74084,iPad1(1000288),288,14.06.26 12:13,Prod,A1000288.7491,,110,S1000288.74084,SALE,2,4.9,9.8,0.0,0.0,0.0,0.0,112,Kartoffelwedges,Beilagen,,MwSt. 7%,1.07,9.158879,0.641121,Normalverkauf
S1000288.74085,SP1000288.7.74085,SY1000288.2026.74085,iPad1(1000288),288,14.06.26 19:00,Prod,A1000288.7492,,110,S1000288.74085,SALE,2,4.2,8.4,0.0,0.0,0.0,0.0,122,Bier,Getränke,,MwSt. 19%,1.19,7.058824,1.341176,Normalverkauf
S1000288.74086,SP1000288.7.74086,SY1000288.2026.74086,iPad1(1000288),288,14.06.26 19:00,Prod,A1000288.7492,,110,S1000288.74086,SALE,2,10.9,21.8,0.0,0.0,0.0,0.0,109,Bismarck-Baguette,Hauptgerichte,,MwSt. 7%,1.07,20.373832,1.426168,Normalverkauf
S1000288.74087,SP1000288.7.74087,SY1000288.2026.74087,iPad1(1000288),288,14.06.26 11:52,Prod,A1000288.7493,Tisch 18,116,S1000288.74087,SALE,1,7.9,7.9,0.0,0.0,0.0,0.0,106,Neptun-Ringe,Beilagen,,MwSt. 7%,1.07,7.383178,0.516822,Normalverkauf
S1000288.74088,SP1000288.7.74088,SY1000288.2026.74088,iPad1(1000288),288,14.06.26 11:52,Prod,A1000288.7493,Tisch 18,116,S1000288.74088,SALE,1,9.8,9.8,0.0,0.0,0.0,0.0,108,Seelachs-Ei-Baugette,Hauptgerichte,,MwSt. 7%,1.07,9.158879,0.641121,Normalverkauf
S1000288.74089,SP1000288.7.74089,SY1000288.2026.74089,iPad1(1000288),288,14.06.26 12:03,Prod,A1000288.7494,,110,S1000288.74089,SALE,1,3.9,3.9,0.0,0.0,0.0,0.0,124,Cola Zero,Getränke,,MwSt. 19%,1.19,3.277311,0.622689,Normalverkauf
S1000288.74090,SP1000288.7.74090,SY1000288.2026.74090,iPad1(1000288),288,14.06.26 12:03,Prod,A1000288.7494,,110,S1000288.74090,SALE,2,9.8,19.6,0.0,0.0,0.0,0.0,108,Seelachs-Ei-Baugette,Hauptgerichte,,MwSt. 7%,1.07,18.317757,1.282243,Normalverkauf
S1000288.74091,SP1000288.7.74091,SY1000288.2026.74091,iPad1(1000288),288,14.06.26 10:51,Prod,A1000288.7495,Tisch 12,101,S1000288.74091,SALE,1,6.5,6.5,0.0,0.0,0.0,0.0,100,Fischbrötchen Backfisch,Hauptspeisen,,MwSt. 7%,1.07,6.074766,0.425234,Normalverkauf
S1000288.74092,SP1000288.7.74092,SY1000288.2026.74092,iPad1(1000288),288,14.06.26 10:51,Prod,A1000288.7495,Tisch 12,101,S1000288.74092,SALE,1,14.5,14.5,0.0,0.0,0.0,0.0,101,Lachs,Hauptspeisen,,MwSt. 7%,1.07,13.551402,0.948598,Normalverkauf
