Identifikator,Perioden Id,Jahres Id,Geräte_Name,Standort,Datum,Modus,Konto,Konto Name,Mitarbeiter,Referenz,Typ,Mng,Einzelpreis,FinalPreis,Rabatt,Materialverlust/Bruch,Gratis,Buchung,SKU,Artikel,Gruppe,StatGruppe,SteuerName,SteuerRate,VorSteuern,SteuernMenge,Profil
S1000196.17924,SP1000196.3.17924,SY1000196.2026.17924,iPad1(1000196),196,01.06.26 19:13,Prod,A1000196.6027,,101,S1000196.17924,SALE,1,5.5,5.5,0.0,0.0,0.0,0.0,111,Pommes Frites,Beilagen,,MwSt. 7%,1.07,5.140187,0.359813,Normalverkauf
S1000196.17925,SP1000196.3.17925,SY1000196.2026.17925,iPad1(1000196),196,01.06.26 19:13,Prod,A1000196.6027,,101,S1000196.17925,SALE,1,10.9,10.9,0.0,0.0,0.0,0.0,109,Bismarck-Baguette,Hauptgerichte,,MwSt. 7%,1.07,10.186916,0.713084,Normalverkauf
S1000196.17926,SP1000196.3.17926,SY1000196.2026.17926,iPad1(1000196),196,01.06.26 19:13,Prod,A1000196.6027,,101,S1000196.17926,SALE,1,6.5,6.5,0.0,0.0,0.0,0.0,100,Fischbrötchen Backfisch,Hauptspeisen,,MwSt. 7%,1.07,6.074766,0.425234,Normalverkauf
S1000196.17927,SP1000196.3.17927,SY1000196.2026.17927,iPad1(1000196),196,01.06.26 12:13,Prod,A1000196.6028,Tisch 21,116,S1000196.17927,VOID,1,14.5,14.5,0.0,0.0,0.0,0.0,101,Lachs,Hauptspeisen,,MwSt. 7%,1.07,13.551402,0.948598,Normalverkauf
S1000196.17928,SP1000196.3.17928,SY1000196.2026.17928,iPad1(1000196),196,01.06.26 12:13,Prod,A1000196.6028,Tisch 21,116,S1000196.17928,VOID,2,5.5,11.0,0.0,0.0,0.0,0.0,114,Fisch Nuggets Box,Beilagen,,MwSt. 7%,1.07,10.280374,0.719626,Normalverkauf
S1000196.17929,SP1000196.3.17929,SY1000196.2026.17929,iPad1(1000196),196,01.06.26 12:13,Prod,A1000196.6028,Tisch 21,116,S1000196.17929,VOID,1,3.9,3.9,0.0,0.0,0.0,0.0,126,Spezi,Getränke,,MwSt. 19%,1.19,3.277311,0.622689,Normalverkauf
S1000196.17930,SP1000196.3.17930,SY1000196.2026.17930,iPad1(1000196),196,01.06.26 16:45,Prod,A1000196.6029,Tisch 4,101,S1000196.17930,SALE,2,3.9,7.8,0.0,0.0,0.0,0.0,124,Cola Zero,Getränke,,MwSt. 19%,1.19,6.554622,1.245378,Normalverkauf
S1000196.17931,SP1000196.3.17931,SY1000196.2026.17931,iPad1(1000196),196,01.06.26 12:30,Prod,A1000196.6030,Tisch 8,116,S1000196.17931,SALE,2,7.9,15.8,0.0,0.0,0.0,0.0,115,Tiramisu,Desserts,,MwSt. 7%,1.07,14.766355,1.033645,Normalverkauf
S1000196.17932,SP1000196.3.17932,SY1000196.2026.17932,iPad1(1000196),196,01.06.26 16:47,Prod,A1000196.6031,Tisch 14,106,S1000196.17932,SALE,2,5.5,11.0,0.0,0.0,0.0,0.0,111,Pommes Frites,Beilagen,,MwSt. 7%,1.07,10.280374,0.719626,Normalverkauf
S1000196.17933,SP1000196.3.17933,SY1000196.2026.17933,iPad1(1000196),196,01.06.26 12:54,Prod,A1000196.6032,Tisch 9,101,S1000196.17933,SALE,1,11.9,11.9,0.0,0.0,0.0,0.0,110,Matjes-Baguette,Hauptgerichte,,MwSt. 7%,1.07,11.121495,0.778505,Normalverkauf
S1000196.17934,SP1000196.3.17934,SY1000196.2026.17934,iPad1(1000196),196,01.06.26 12:54,Prod,A1000196.6032,Tisch 9,101,S1000196.17934,SALE,1,7.9,7.9,0.0,0.0,0.0,0.0,115,Tiramisu,Desserts,,MwSt. 7%,1.07,7.383178,0.516822,Normalverkauf
S1000196.17935,SP1000196.3.17935,SY1000196.2026.17935,iPad1(1000196),196,01.06.26 12:54,Prod,A1000196.6032,Tisch 9,101,S1000196.17935,SALE,1,6.9,6.9,0.0,0.0,0.0,0.0,113,Garnelen Box,Beilagen,,MwSt. 7%,1.07,6.448598,0.451402,Normalverkauf
S1000196.17936,SP1000196.3.17936,SY1000196.2026.17936,iPad1(1000196),196,01.06.26 16:22,Prod,A1000196.6033,Tisch 9,115,S1000196.17936,SALE,2,6.5,13.0,0.0,0.0,0.0,0.0,100,Fischbrötchen Backfisch,Hauptspeisen,,MwSt. 7%,1.07,12.149533,0.850467,Normalverkauf
S1000196.17937,SP1000196.3.17937,SY1000196.2026.17937,iPad1(1000196),196,01.06.26 17:52,Prod,A1000196.6034,,101,S1000196.17937,SALE,2,3.9,7.8,0.0,0.0,0.0,0.0,126,Spezi,Getränke,,MwSt. 19%,1.19,6.554622,1.245378,Normalverkauf
S1000196.17938,SP1000196.3.17938,SY1000196.2026.17938,iPad1(1000196),196,01.06.26 12:40,Prod,A1000196.6035,Tisch 2,115,S1000196.17938,SALE,1,5.5,5.5,0.0,0.0,0.0,0.0,111,Pommes Frites,Beilagen,,MwSt. 7%,1.07,5.140187,0.359813,Normalverkauf
S1000196.17939,SP1000196.3.17939,SY1000196.2026.17939,iPad1(1000196),196,01.06.26 20:35,Prod,A1000196.6036,Tisch 6,111,S1000196.17939,SALE,1,4.2,4.2,0.0,0.0,0.0,0.0,122,Bier,Getränke,,MwSt. 19%,1.19,3.529412,0.670588,Normalverkauf
S1000196.17940,SP1000196.3.17940,SY1000196.2026.17940,iPad1(1000196),196,01.06.26 11:05,Prod,A1000196.6037,Tisch 4,107,S1000196.17940,SALE,1,10.9,10.9,0.0,0.0,0.0,0.0,104,Thunfisch Wrap,Hauptgerichte,,MwSt. 7%,1.07,10.186916,0.713084,Normalverkauf
S1000196.17941,SP1000196.3.17941,SY1000196.2026.17941,iPad1(1000196),196,01.06.26 16:30,Prod,A1000196.6038,,101,S1000196.17941,VOID,2,10.9,21.8,0.0,0.0,0.0,0.0,109,Bismarck-Baguette,Hauptgerichte,,MwSt. 7%,1.07,20.373832,1.426168,Normalverkauf
S1000196.17942,SP1000196.3.17942,SY1000196.2026.17942,iPad1(1000196),196,01.06.26 16:32,Prod,A1000196.6039,Tisch 17,116,S1000196.17942,SALE,1,3.9,3.9,0.0,0.0,0.0,0.0,124,Cola Zero,Getränke,,MwSt. 19%,1.19,3.277311,0.622689,Normalverkauf
S1000196.17943,SP1000196.3.17943,SY1000196.2026.17943,iPad1(1000196),196,01.06.26 15:12,Prod,A1000196.6040,Tisch 14,111,S1000196.17943,VOID,1,5.5,5.5,0.0,0.0,0.0,0.0,111,Pommes Frites,Beilagen,,MwSt. 7%,1.07,5.140187,0.359813,Normalverkauf
S1000196.17944,SP1000196.3.17944,SY1000196.2026.17944,iPad1(1000196),196,01.06.26 15:12,Prod,A1000196.6040,Tisch 14,111,S1000196.17944,VOID,2,7.9,15.8,0.0,0.0,0.0,0.0,106,Neptun-Ringe,Beilagen,,MwSt. 7%,1.07,14.766355,1.033645,Normalverkauf
S1000196.17945,SP1000196.3.17945,SY1000196.2026.17945,iPad1(1000196),196,01.06.26 11:29,Prod,A1000196.6041,Tisch 5,105,S1000196.17945,SALE,1,10.9,10.9,0.0,0.0,0.0,0.0,109,Bismarck-Baguette,Hauptgerichte,,MwSt. 7%,1.07,10.186916,0.713084,Normalverkauf
S1000196.17946,SP1000196.3.17946,SY1000196.2026.17946,iPad1(1000196),196,01.06.26 11:29,Prod,A1000196.6041,Tisch 5,105,S1000196.17946,SALE,2,5.9,11.8,0.0,0.0,0.0,0.0,117,Rote Grütze,Desserts,,MwSt. 7%,1.07,11.028037,0.771963,Normalverkauf
S1000196.17947,SP1000196.3.17947,SY1000196.2026.17947,iPad1(1000196),196,01.06.26 13:04,Prod,A1000196.6042,Tisch 10,107,S1000196.17947,SALE,1,10.9,10.9,0.0,0.0,0.0,0.0,109,Bismarck-Baguette,Hauptgerichte,,MwSt. 7%,1.07,10.186916,0.713084,Normalverkauf
S1000196.17948,SP1000196.3.17948,SY1000196.2026.17948,iPad1(1000196),196,01.06.26 13:04,Prod,A1000196.6042,Tisch 10,107,S1000196.17948,SALE,2,2.8,5.6,0.0,0.0,0.0,0.0,121,Mineralwasser,Getränke,,MwSt. 19%,1.19,4.705882,0.894118,Normalverkauf
S1000196.17949,SP1000196.3.17949,SY1000196.2026.17949,iPad1(1000196),196,01.06.26 13:04,Prod,A1000196.6042,Tisch 10,107,S1000196.17949,SALE,2,6.9,13.8,0.0,0.0,0.0,0.0,103,Fischbrötchen Räucherlachs,Hauptspeisen,,MwSt. 7%,1.07,12.897196,0.902804,Normalverkauf
S1000196.17950,SP1000196.3.17950,SY1000196.2026.17950,iPad1(1000196),196,01.06.26 18:15,Prod,A1000196.6043,Tisch 11,105,S1000196.17950,SALE,1,3.9,3.9,0.0,0.0,0.0,0.0,119,Cola,Getränke,,MwSt. 19%,1.19,3.277311,0.622689,Normalverkauf
S1000196.17951,SP1000196.3.17951,SY1000196.2026.17951,iPad1(1000196),196,01.06.26 18:15,Prod,A1000196.6043,Tisch 11,105,S1000196.17951,SALE,2,5.9,11.8,0.0,0.0,0.0,0.0,123,Inger-Limonade,Getränke,,MwSt. 19%,1.19,9.915966,1.884034,Normalverkauf
S1000196.17952,SP1000196.3.17952,SY1000196.2026.17952,iPad1(1000196),196,01.06.26 18:15,Prod,A1000196.6043,Tisch 11,105,S1000196.17952,SALE,1,3.9,3.9,0.0,0.0,0.0,0.0,124,Cola Zero,Getränke,,MwSt. 19%,1.19,3.277311,0.622689,Normalverkauf
S1000196.17953,SP1000196.3.17953,SY1000196.2026.17953,iPad1(1000196),196,01.06.26 12:58,Prod,A1000196.6044,Tisch 9,111,S1000196.17953,SALE,2,3.2,6.4,0.0,0.0,0.0,0.0,120,Apfelschorle,Getränke,,MwSt. 19%,1.19,5.378151,1.021849,Normalverkauf
S1000196.17954,SP1000196.3.17954,SY1000196.2026.17954,iPad1(1000196),196,01.06.26 12:58,Prod,A1000196.6044,Tisch 9,111,S1000196.17954,SALE,2,3.2,6.4,0.0,0.0,0.0,0.0,120,Apfelschorle,Getränke,,MwSt. 19%,1.19,5.378151,1.021849,Normalverkauf
S1000196.17955,SP1000196.3.17955,SY1000196.2026.17955,iPad1(1000196),196,01.06.26 12:58,Prod,A1000196.6044,Tisch 9,111,S1000196.17955,SALE,2,10.9,21.8,0.0,0.0,0.0,0.0,104,Thunfisch Wrap,Hauptgerichte,,MwSt. 7%,1.07,20.373832,1.426168,Normalverkauf
S1000196.17956,SP1000196.3.17956,SY1000196.2026.17956,iPad1(1000196),196,01.06.26 11:11,Prod,A1000196.6045,Tisch 22,111,S1000196.17956,SALE,2,4.2,8.4,0.0,0.0,0.0,0.0,122,Bier,Getränke,,MwSt. 19%,1.19,7.058824,1.341176,Normalverkauf
S1000196.17957,SP1000196.3.17957,SY1000196.2026.17957,iPad1(1000196),196,01.06.26 11:11,Prod,A1000196.6045,Tisch 22,111,S1000196.17957,SALE,2,5.5,11.0,0.0,0.0,0.0,0.0,114,Fisch Nuggets Box,Beilagen,,MwSt. 7%,1.07,10.280374,0.719626,Normalverkauf
S1000196.17958,SP1000196.3.17958,SY1000196.2026.17958,iPad1(1000196),196,01.06.26 10:55,Prod,A1000196.6046,Tisch 18,105,S1000196.17958,SALE,2,3.9,7.8,0.0,0.0,0.0,0.0,124,Cola Zero,Getränke,,MwSt. 19%,1.19,6.554622,1.245378,Normalverkauf
S1000196.17959,SP1000196.3.17959,SY1000196.2026.17959,iPad1(1000196),196,01.06.26 10:55,Prod,A1000196.6046,Tisch 18,105,S1000196.17959,SALE,1,3.9,3.9,0.0,0.0,0.0,0.0,127,Alkoholfreies Bier,Getränke,,MwSt. 19%,1.19,3.277311,0.622689,Normalverkauf
S1000196.17960,SP1000196.3.17960,SY1000196.2026.17960,iPad1(1000196),196,01.06.26 18:20,Prod,A1000196.6047,Tisch 22,105,S1000196.17960,SALE,1,5.5,5.5,0.0,0.0,0.0,0.0,114,Fisch Nuggets Box,Beilagen,,MwSt. 7%,1.07,5.140187,0.359813,Normalverkauf
S1000196.17961,SP1000196.3.17961,SY1000196.2026.17961,iPad1(1000196),196,01.06.26 19:38,Prod,A1000196.6048,Tisch 3,111,S1000196.17961,SALE,2,11.9,23.8,0.0,0.0,0.0,0.0,110,Matjes-Baguette,Hauptgerichte,,MwSt. 7%,1.07,22.242991,1.557009,Normalverkauf
S1000196.17962,SP1000196.3.17962,SY1000196.2026.17962,iPad1(1000196),196,01.06.26 19:38,Prod,A1000196.6048,Tisch 3,111,S1000196.17962,SALE,1,3.9,3.9,0.0,0.0,0.0,0.0,119,Cola,Getränke,,MwSt. 19%,1.19,3.277311,0.622689,Normalverkauf
S1000196.17963,SP1000196.3.17963,SY1000196.2026.17963,iPad1(1000196),196,01.06.26 15:07,Prod,A1000196.6049,Tisch 20,116,S1000196.17963,SALE,1,11.9,11.9,0.0,0.0,0.0,0.0,110,Matjes-Baguette,Hauptgerichte,,MwSt. 7%,1.07,11.121495,0.778505,Normalverkauf
S1000196.17964,SP1000196.3.17964,SY1000196.2026.17964,iPad1(1000196),196,01.06.26 15:07,Prod,A1000196.6049,Tisch 20,116,S1000196.17964,SALE,1,4.9,4.9,0.0,0.0,0.0,0.0,112,Kartoffelwedges,Beilagen,,MwSt. 7%,1.07,4.579439,0.320561,Normalverkauf
S1000196.17965,SP1000196.3.17965,SY1000196.2026.17965,iPad1(1000196),196,01.06.26 15:07,Prod,A1000196.6049,Tisch 20,116,S1000196.17965,SALE,1,9.8,9.8,0.0,0.0,0.0,0.0,108,Seelachs-Ei-Baugette,Hauptgerichte,,MwSt. 7%,1.07,9.158879,0.641121,Normalverkauf
S1000196.17966,SP1000196.3.17966,SY1000196.2026.17966,iPad1(1000196),196,01.06.26 17:42,Prod,A1000196.6050,Tisch 15,115,S1000196.17966,SALE,2,5.9,11.8,0.0,0.0,0.0,0.0,123,Inger-Limonade,Getränke,,MwSt. 19%,1.19,9.915966,1.884034,Normalverkauf
S1000196.17967,SP1000196.3.17967,SY1000196.2026.17967,iPad1(1000196),196,01.06.26 17:42,Prod,A1000196.6050,Tisch 15,115,S1000196.17967,SALE,2,5.5,11.0,0.0,0.0,0.0,0.0,114,Fisch Nuggets Box,Beilagen,,MwSt. 7%,1.07,10.280374,0.719626,Normalverkauf
S1000196.17968,SP1000196.3.17968,SY1000196.2026.17968,iPad1(1000196),196,01.06.26 12:26,Prod,A1000196.6051,Tisch 9,107,S1000196.17968,SALE,2,4.9,9.8,0.0,0.0,0.0,0.0,112,Kartoffelwedges,Beilagen,,MwSt. 7%,1.07,9.158879,0.641121,Normalverkauf
S1000196.17969,SP1000196.3.17969,SY1000196.2026.17969,iPad1(1000196),196,01.06.26 12:26,Prod,A1000196.6051,Tisch 9,107,S1000196.17969,SALE,1,6.9,6.9,0.0,0.0,0.0,0.0,103,Fischbrötchen Räucherlachs,Hauptspeisen,,MwSt. 7%,1.07,6.448598,0.451402,Normalverkauf
S1000196.17970,SP1000196.3.17970,SY1000196.2026.17970,iPad1(1000196),196,01.06.26 12:26,Prod,A1000196.6051,Tisch 9,107,S1000196.17970,SALE,2,11.9,23.8,0.0,0.0,0.0,0.0,110,Matjes-Baguette,Hauptgerichte,,MwSt. 7%,1.07,22.242991,1.557009,Normalverkauf
S1000196.17971,SP1000196.3.17971,SY1000196.2026.17971,iPad1(1000196),196,01.06.26 12:06,Prod,A1000196.6052,Tisch 5,105,S1000196.17971,SALE,1,3.9,3.9,0.0,0.0,0.0,0.0,119,Cola,Getränke,,MwSt. 19%,1.19,3.277311,0.622689,Normalverkauf
S1000196.17972,SP1000196.3.17972,SY1000196.2026.17972,iPad1(1000196),196,01.06.26 12:06,Prod,A1000196.6052,Tisch 5,105,S1000196.17972,SALE,2,6.5,13.0,0.0,0.0,0.0,0.0,100,Fischbrötchen Backfisch,Hauptspeisen,,MwSt. 7%,1.07,12.149533,0.850467,Normalverkauf
S1000196.17973,SP1000196.3.17973,SY1000196.2026.17973,iPad1(1000196),196,01.06.26 12:06,Prod,A1000196.6052,Tisch 5,105,S1000196.17973,SALE,2,10.9,21.8,0.0,0.0,0.0,0.0,109,Bismarck-Baguette,Hauptgerichte,,MwSt. 7%,1.07,20.373832,1.426168,Normalverkauf
S1000196.17974,SP1000196.3.17974,SY1000196.2026.17974,iPad1(1000196),196,01.06.26 16:39,Prod,A1000196.6053,Tisch 18,111,S1000196.17974,SALE,2,4.2,8.4,0.0,0.0,0.0,0.0,122,Bier,Getränke,,MwSt. 19%,1.19,7.058824,1.341176,Normalverkauf
S1000196.17975,SP1000196.3.17975,SY1000196.2026.17975,iPad1(1000196),196,01.06.26 16:39,Prod,A1000196.6053,Tisch 18,111,S1000196.17975,SALE,1,11.5,11.5,0.0,0.0,0.0,0.0,105,Garnelen-Kimchi-Bruger,Hauptgerichte,,MwSt. 7%,1.07,10.747664,0.752336,Normalverkauf
S1000196.17976,SP1000196.3.17976,SY1000196.2026.17976,iPad1(1000196),196,01.06.26 19:39,Prod,A1000196.6054,Tisch 21,111,S1000196.17976,SALE,2,10.9,21.8,0.0,0.0,0.0,0.0,107,Chicken Burger,Hauptgerichte,,MwSt. 7%,1.07,20.373832,1.426168,Normalverkauf
S1000196.17977,SP1000196.3.17977,SY1000196.2026.17977,iPad1(1000196),196,01.06.26 19:39,Prod,A1000196.6054,Tisch 21,111,S1000196.17977,SALE,2,10.9,21.8,0.0,0.0,0.0,0.0,107,Chicken Burger,Hauptgerichte,,MwSt. 7%,1.07,20.373832,1.426168,Normalverkauf
S1000196.17978,SP1000196.3.17978,SY1000196.2026.17978,iPad1(1000196),196,01.06.26 12:48,Prod,A1000196.6055,Tisch 4,116,S1000196.17978,SALE,2,11.9,23.8,0.0,0.0,0.0,0.0,110,Matjes-Baguette,Hauptgerichte,,MwSt. 7%,1.07,22.242991,1.557009,Normalverkauf
S1000196.17979,SP1000196.3.17979,SY1000196.2026.17979,iPad1(1000196),196,01.06.26 12:48,Prod,A1000196.6055,Tisch 4,116,S1000196.17979,SALE,2,10.9,21.8,0.0,0.0,0.0,0.0,109,Bismarck-Baguette,Hauptgerichte,,MwSt. 7%,1.07,20.373832,1.426168,Normalverkauf
S1000196.17980,SP1000196.3.17980,SY1000196.2026.17980,iPad1(1000196),196,01.06.26 19:36,Prod,A1000196.6056,Tisch 4,105,S1000196.17980,SALE,2,3.9,7.8,0.0,0.0,0.0,0.0,124,Cola Zero,Getränke,,MwSt. 19%,1.19,6.554622,1.245378,Normalverkauf
S1000196.17981,SP1000196.3.17981,SY1000196.2026.17981,iPad1(1000196),196,01.06.26 10:18,Prod,A1000196.6057,Tisch 6,111,S1000196.17981,SALE,1,3.9,3.9,0.0,0.0,0.0,0.0,126,Spezi,Getränke,,MwSt. 19%,1.19,3.277311,0.622689,Normalverkauf
S1000196.17982,SP1000196.3.17982,SY1000196.2026.17982,iPad1(1000196),196,01.06.26 10:18,Prod,A1000196.6057,Tisch 6,111,S1000196.17982,SALE,2,7.9,15.8,0.0,0.0,0.0,0.0,115,Tiramisu,Desserts,,MwSt. 7%,1.07,14.766355,1.033645,Normalverkauf
S1000196.17983,SP1000196.3.17983,SY1000196.2026.17983,iPad1(1000196),196,01.06.26 09:54,Prod,A1000196.6058,Tisch 24,111,S1000196.17983,SALE,2,3.9,7.8,0.0,0.0,0.0,0.0,126,Spezi,Getränke,,MwSt. 19%,1.19,6.554622,1.245378,Normalverkauf
S1000196.17984,SP1000196.3.17984,SY1000196.2026.17984,iPad1(1000196),196,01.06.26 09:54,Prod,A1000196.6058,Tisch 24,111,S1000196.17984,SALE,2,5.5,11.0,0.0,0.0,0.0,0.0,111,Pommes Frites,Beilagen,,MwSt. 7%,1.07,10.280374,0.719626,Normalverkauf
S1000196.17985,SP1000196.3.17985,SY1000196.2026.17985,iPad1(1000196),196,01.06.26 18:50,Prod,A1000196.6059,Tisch 24,111,S1000196.17985,SALE,2,3.9,7.8,0.0,0.0,0.0,0.0,126,Spezi,Getränke,,MwSt. 19%,1.19,6.554622,1.245378,Normalverkauf
S1000196.17986,SP1000196.3.17986,SY1000196.2026.17986,iPad1(1000196),196,01.06.26 18:50,Prod,A1000196.6059,Tisch 24,111,S1000196.17986,SALE,1,10.9,10.9,0.0,0.0,0.0,0.0,107,Chicken Burger,Hauptgerichte,,MwSt. 7%,1.07,10.186916,0.713084,Normalverkauf
S1000196.17987,SP1000196.3.17987,SY1000196.2026.17987,iPad1(1000196),196,01.06.26 18:50,Prod,A1000196.6059,Tisch 24,111,S1000196.17987,SALE,2,4.9,9.8,0.0,0.0,0.0,0.0,112,Kartoffelwedges,Beilagen,,MwSt. 7%,1.07,9.158879,0.641121,Normalverkauf
S1000196.17988,SP1000196.3.17988,SY1000196.2026.17988,iPad1(1000196),196,01.06.26 16:24,Prod,A1000196.6060,,106,S1000196.17988,SALE,1,6.5,6.5,0.0,0.0,0.0,0.0,100,Fischbrötchen Backfisch,Hauptspeisen,,MwSt. 7%,1.07,6.074766,0.425234,Normalverkauf
S1000196.17989,SP1000196.3.17989,SY1000196.2026.17989,iPad1(1000196),196,01.06.26 16:24,Prod,A1000196.6060,,106,S1000196.17989,SALE,1,10.9,10.9,0.0,0.0,0.0,0.0,107,Chicken Burger,Hauptgerichte,,MwSt. 7%,1.07,10.186916,0.713084,Normalverkauf
S1000196.17990,SP1000196.3.17990,SY1000196.2026.17990,iPad1(1000196),196,01.06.26 17:11,Prod,A1000196.6061,Tisch 13,105,S1000196.17990,SALE,2,14.5,29.0,0.0,0.0,0.0,0.0,101,Lachs,Hauptspeisen,,MwSt. 7%,1.07,27.102804,1.897196,Normalverkauf
S1000196.17991,SP1000196.3.17991,SY1000196.2026.17991,iPad1(1000196),196,01.06.26 17:11,Prod,A1000196.6061,Tisch 13,105,S1000196.17991,SALE,1,5.5,5.5,0.0,0.0,0.0,0.0,111,Pommes Frites,Beilagen,,MwSt. 7%,1.07,5.140187,0.359813,Normalverkauf
S1000196.17992,SP1000196.3.17992,SY1000196.2026.17992,iPad1(1000196),196,01.06.26 17:11,Prod,A1000196.6061,Tisch 13,105,S1000196.17992,SALE,1,10.9,10.9,0.0,0.0,0.0,0.0,107,Chicken Burger,Hauptgerichte,,MwSt. 7%,1.07,10.186916,0.713084,Normalverkauf
S1000196.17993,SP1000196.3.17993,SY1000196.2026.17993,iPad1(1000196),196,01.06.26 12:51,Prod,A1000196.6062,Tisch 14,107,S1000196.17993,SALE,1,6.5,6.5,0.0,0.0,0.0,0.0,100,Fischbrötchen Backfisch,Hauptspeisen,,MwSt. 7%,1.07,6.074766,0.425234,Normalverkauf
S1000196.17994,SP1000196.3.17994,SY1000196.2026.17994,iPad1(1000196),196,01.06.26 12:51,Prod,A1000196.6062,Tisch 14,107,S1000196.17994,SALE,2,3.9,7.8,0.0,0.0,0.0,0.0,124,Cola Zero,Getränke,,MwSt. 19%,1.19,6.554622,1.245378,Normalverkauf
S1000196.17995,SP1000196.3.17995,SY1000196.2026.17995,iPad1(1000196),196,01.06.26 12:51,Prod,A1000196.6062,Tisch 14,107,S1000196.17995,SALE,2,3.9,7.8,0.0,0.0,0.0,0.0,127,Alkoholfreies Bier,Getränke,,MwSt. 19%,1.19,6.554622,1.245378,Normalverkauf
S1000196.17996,SP1000196.3.17996,SY1000196.2026.17996,iPad1(1000196),196,01.06.26 11:24,Prod,A1000196.6063,Tisch 18,105,S1000196.17996,SALE,1,6.9,6.9,0.0,0.0,0.0,0.0,113,Garnelen Box,Beilagen,,MwSt. 7%,1.07,6.448598,0.451402,Normalverkauf
S1000196.17997,SP1000196.3.17997,SY1000196.2026.17997,iPad1(1000196),196,01.06.26 11:24,Prod,A1000196.6063,Tisch 18,105,S1000196.17997,SALE,1,11.5,11.5,0.0,0.0,0.0,0.0,105,Garnelen-Kimchi-Bruger,Hauptgerichte,,MwSt. 7%,1.07,10.747664,0.752336,Normalverkauf
S1000196.17998,SP1000196.3.17998,SY1000196.2026.17998,iPad1(1000196),196,01.06.26 12:23,Prod,A1000196.6064,Tisch 17,105,S1000196.17998,SALE,1,3.9,3.9,0.0,0.0,0.0,0.0,127,Alkoholfreies Bier,Getränke,,MwSt. 19%,1.19,3.277311,0.622689,Normalverkauf
S1000196.17999,SP1000196.3.17999,SY1000196.2026.17999,iPad1(1000196),196,01.06.26 12:23,Prod,A1000196.6064,Tisch 17,105,S1000196.17999,SALE,2,10.9,21.8,0.0,0.0,0.0,0.0,107,Chicken Burger,Hauptgerichte,,MwSt. 7%,1.07,20.373832,1.426168,Normalverkauf
S1000196.18000,SP1000196.3.18000,SY1000196.2026.18000,iPad1(1000196),196,01.06.26 12:25,Prod,A1000196.6065,Tisch 3,107,S1000196.18000,SALE,2,5.5,11.0,0.0,0.0,0.0,0.0,111,Pommes Frites,Beilagen,,MwSt. 7%,1.07,10.280374,0.719626,Normalverkauf
S1000196.18001,SP1000196.3.18001,SY1000196.2026.18001,iPad1(1000196),196,01.06.26 12:25,Prod,A1000196.6065,Tisch 3,107,S1000196.18001,SALE,1,3.9,3.9,0.0,0.0,0.0,0.0,119,Cola,Getränke,,MwSt. 19%,1.19,3.277311,0.622689,Normalverkauf
S1000196.18002,SP1000196.3.18002,SY1000196.2026.18002,iPad1(1000196),196,01.06.26 12:25,Prod,A1000196.6065,Tisch 3,107,S1000196.18002,SALE,1,5.5,5.5,0.0,0.0,0.0,0.0,111,Pommes Frites,Beilagen,,MwSt. 7%,1.07,5.140187,0.359813,Normalverkauf
S1000196.18003,SP1000196.3.18003,SY1000196.2026.18003,iPad1(1000196),196,01.06.26 18:48,Prod,A1000196.6066,Tisch 19,105,S1000196.18003,SALE,1,3.9,3.9,0.0,0.0,0.0,0.0,124,Cola Zero,Getränke,,MwSt. 19%,1.19,3.277311,0.622689,Normalverkauf
S1000196.18004,SP1000196.3.18004,SY1000196.2026.18004,iPad1(1000196),196,01.06.26 18:48,Prod,A1000196.6066,Tisch 19,105,S1000196.18004,SALE,2,6.5,13.0,0.0,0.0,0.0,0.0,100,Fischbrötchen Backfisch,Hauptspeisen,,MwSt. 7%,1.07,12.149533,0.850467,Normalverkauf
S1000196.18005,SP1000196.3.18005,SY1000196.2026.18005,iPad1(1000196),196,01.06.26 18:48,Prod,A1000196.6066,Tisch 19,105,S1000196.18005,SALE,1,5.5,5.5,0.0,0.0,0.0,0.0,111,Pommes Frites,Beilagen,,MwSt. 7%,1.07,5.140187,0.359813,Normalverkauf
S1000196.18006,SP1000196.3.18006,SY1000196.2026.18006,iPad1(1000196),196,01.06.26 15:24,Prod,A1000196.6067,Tisch 19,105,S1000196.18006,SALE,2,6.9,13.8,0.0,0.0,0.0,0.0,113,Garnelen Box,Beilagen,,MwSt. 7%,1.07,12.897196,0.902804,Normalverkauf
S1000196.18007,SP1000196.3.18007,SY1000196.2026.18007,iPad1(1000196),196,01.06.26 18:29,Prod,A1000196.6068,Tisch 18,116,S1000196.18007,SALE,2,3.9,7.8,0.0,0.0,0.0,0.0,119,Cola,Getränke,,MwSt. 19%,1.19,6.554622,1.245378,Normalverkauf
S1000196.18008,SP1000196.3.18008,SY1000196.2026.18008,iPad1(1000196),196,01.06.26 19:13,Prod,A1000196.6069,Tisch 4,116,S1000196.18008,SALE,1,11.9,11.9,0.0,0.0,0.0,0.0,110,Matjes-Baguette,Hauptgerichte,,MwSt. 7%,1.07,11.121495,0.778505,Normalverkauf
S1000196.18009,SP1000196.3.18009,SY1000196.2026.18009,iPad1(1000196),196,01.06.26 19:13,Prod,A1000196.6069,Tisch 4,116,S1000196.18009,SALE,1,13.5,13.5,0.0,0.0,0.0,0.0,102,Matjes,Hauptspeisen,,MwSt. 7%,1.07,12.616822,0.883178,Normalverkauf
S1000196.18010,SP1000196.3.18010,SY1000196.2026.18010,iPad1(1000196),196,01.06.26 19:13,Prod,A1000196.6069,Tisch 4,116,S1000196.18010,SALE,2,7.9,15.8,0.0,0.0,0.0,0.0,115,Tiramisu,Desserts,,MwSt. 7%,1.07,14.766355,1.033645,Normalverkauf
S1000196.18011,SP1000196.3.18011,SY1000196.2026.18011,iPad1(1000196),196,01.06.26 14:29,Prod,A1000196.6070,,101,S1000196.18011,SALE,2,3.9,7.8,0.0,0.0,0.0,0.0,124,Cola Zero,Getränke,,MwSt. 19%,1.19,6.554622,1.245378,Normalverkauf
S1000196.18012,SP1000196.3.18012,SY1000196.2026.18012,iPad1(1000196),196,01.06.26 12:25,Prod,A1000196.6071,Tisch 24,106,S1000196.18012,SALE,1,3.9,3.9,0.0,0.0,0.0,0.0,119,Cola,Getränke,,MwSt. 19%,1.19,3.277311,0.622689,Normalverkauf
S1000196.18013,SP1000196.3.18013,SY1000196.2026.18013,iPad1(1000196),196,01.06.26 10:31,Prod,A1000196.6072,Tisch 16,107,S1000196.18013,SALE,2,3.2,6.4,0.0,0.0,0.0,0.0,120,Apfelschorle,Getränke,,MwSt. 19%,1.19,5.378151,1.021849,Normalverkauf
S1000196.18014,SP1000196.3.18014,SY1000196.2026.18014,iPad1(1000196),196,01.06.26 12:22,Prod,A1000196.6073,Tisch 6,115,S1000196.18014,SALE,1,14.5,14.5,0.0,0.0,0.0,0.0,101,Lachs,Hauptspeisen,,MwSt. 7%,1.07,13.551402,0.948598,Normalverkauf
S1000196.18015,SP1000196.3.18015,SY1000196.2026.18015,iPad1(1000196),196,01.06.26 12:22,Prod,A1000196.6073,Tisch 6,115,S1000196.18015,SALE,1,6.5,6.5,0.0,0.0,0.0,0.0,118,Schokokuchen,Desserts,,MwSt. 7%,1.07,6.074766,0.425234,Normalverkauf
S1000196.18016,SP1000196.3.18016,SY1000196.2026.18016,iPad1(1000196),196,01.06.26 12:22,Prod,A1000196.6073,Tisch 6,115,S1000196.18016,SALE,2,11.5,23.0,0.0,0.0,0.0,0.0,105,Garnelen-Kimchi-Bruger,Hauptgerichte,,MwSt. 7%,1.07,21.495327,1.504673,Normalverkauf
S1000196.18017,SP1000196.3.18017,SY1000196.2026.18017,iPad1(1000196),196,01.06.26 12:22,Prod,A1000196.6074,Tisch 6,107,S1000196.18017,SALE,2,5.5,11.0,0.0,0.0,0.0,0.0,111,Pommes Frites,Beilagen,,MwSt. 7%,1.07,10.280374,0.719626,Normalverkauf
S1000196.18018,SP1000196.3.18018,SY1000196.2026.18018,iPad1(1000196),196,01.06.26 19:28,Prod,A1000196.6075,Tisch 6,107,S1000196.18018,SALE,1,6.5,6.5,0.0,0.0,0.0,0.0,118,Schokokuchen,Desserts,,MwSt. 7%,1.07,6.074766,0.425234,Normalverkauf
S1000196.18019,SP1000196.3.18019,SY1000196.2026.18019,iPad1(1000196),196,01.06.26 19:28,Prod,A1000196.6075,Tisch 6,107,S1000196.18019,SALE,2,10.9,21.8,0.0,0.0,0.0,0.0,107,Chicken Burger,Hauptgerichte,,MwSt. 7%,1.07,20.373832,1.426168,Normalverkauf
S1000196.18020,SP1000196.3.18020,SY1000196.2026.18020,iPad1(1000196),196,01.06.26 17:56,Prod,A1000196.6076,Tisch 3,101,S1000196.18020,SALE,1,5.5,5.5,0.0,0.0,0.0,0.0,111,Pommes Frites,Beilagen,,MwSt. 7%,1.07,5.140187,0.359813,Normalverkauf
S1000196.18021,SP1000196.3.18021,SY1000196.2026.18021,iPad1(1000196),196,01.06.26 11:31,Prod,A1000196.6077,Tisch 9,107,S1000196.18021,SALE,2,11.5,23.0,0.0,0.0,0.0,0.0,105,Garnelen-Kimchi-Bruger,Hauptgerichte,,MwSt. 7%,1.07,21.495327,1.504673,Normalverkauf
S1000196.18022,SP1000196.3.18022,SY1000196.2026.18022,iPad1(1000196),196,01.06.26 11:31,Prod,A1000196.6077,Tisch 9,107,S1000196.18022,SALE,1,6.5,6.5,0.0,0.0,0.0,0.0,100,Fischbrötchen Backfisch,Hauptspeisen,,MwSt. 7%,1.07,6.074766,0.425234,Normalverkauf
S1000196.18023,SP1000196.3.18023,SY1000196.2026.18023,iPad1(1000196),196,01.06.26 11:31,Prod,A1000196.6077,Tisch 9,107,S1000196.18023,SALE,1,6.5,6.5,0.0,0.0,0.0,0.0,100,Fischbrötchen Backfisch,Hauptspeisen,,MwSt. 7%,1.07,6.074766,0.425234,Normalverkauf
S1000196.18024,SP1000196.3.18024,SY1000196.2026.18024,iPad1(1000196),196,01.06.26 13:26,Prod,A1000196.6078,Tisch 24,111,S1000196.18024,SALE,1,5.5,5.5,0.0,0.0,0.0,0.0,111,Pommes Frites,Beilagen,,MwSt. 7%,1.07,5.140187,0.359813,Normalverkauf
S1000196.18025,SP1000196.3.18025,SY1000196.2026.18025,iPad1(1000196),196,01.06.26 13:26,Prod,A1000196.6078,Tisch 24,111,S1000196.18025,SALE,2,5.5,11.0,0.0,0.0,0.0,0.0,111,Pommes Frites,Beilagen,,MwSt. 7%,1.07,10.280374,0.719626,Normalverkauf
S1000196.18026,SP1000196.3.18026,SY1000196.2026.18026,iPad1(1000196),196,01.06.26 13:26,Prod,A1000196.6078,Tisch 24,111,S1000196.18026,SALE,2,6.9,13.8,0.0,0.0,0.0,0.0,103,Fischbrötchen Räucherlachs,Hauptspeisen,,MwSt. 7%,1.07,12.897196,0.902804,Normalverkauf
S1000196.18027,SP1000196.3.18027,SY1000196.2026.18027,iPad1(1000196),196,01.06.26 15:16,Prod,A1000196.6079,Tisch 16,105,S1000196.18027,SALE,1,10.9,10.9,0.0,0.0,0.0,0.0,104,Thunfisch Wrap,Hauptgerichte,,MwSt. 7%,1.07,10.186916,0.713084,Normalverkauf
S1000196.18028,SP1000196.3.18028,SY1000196.2026.18028,iPad1(1000196),196,01.06.26 15:16,Prod,A1000196.6079,Tisch 16,105,S1000196.18028,SALE,2,6.9,13.8,0.0,0.0,0.0,0.0,103,Fischbrötchen Räucherlachs,Hauptspeisen,,MwSt. 7%,1.07,12.897196,0.902804,Normalverkauf
S1000196.18029,SP1000196.3.18029,SY1000196.2026.18029,iPad1(1000196),196,01.06.26 15:16,Prod,A1000196.6079,Tisch 16,105,S1000196.18029,SALE,1,3.9,3.9,0.0,0.0,0.0,0.0,119,Cola,Getränke,,MwSt. 19%,1.19,3.277311,0.622689,Normalverkauf
S1000196.18030,SP1000196.3.18030,SY1000196.2026.18030,iPad1(1000196),196,01.06.26 10:29,Prod,A1000196.6080,Tisch 10,116,S1000196.18030,SALE,2,10.9,21.8,0.0,0.0,0.0,0.0,107,Chicken Burger,Hauptgerichte,,MwSt. 7%,1.07,20.373832,1.426168,Normalverkauf
S1000196.18031,SP1000196.3.18031,SY1000196.2026.18031,iPad1(1000196),196,01.06.26 12:21,Prod,A1000196.6081,Tisch 13,107,S1000196.18031,VOID,2,2.8,5.6,0.0,0.0,0.0,0.0,121,Mineralwasser,Getränke,,MwSt. 19%,1.19,4.705882,0.894118,Normalverkauf
S1000196.18032,SP1000196.3.18032,SY1000196.2026.18032,iPad1(1000196),196,01.06.26 12:21,Prod,A1000196.6081,Tisch 13,107,S1000196.18032,VOID,1,3.9,3.9,0.0,0.0,0.0,0.0,126,Spezi,Getränke,,MwSt. 19%,1.19,3.277311,0.622689,Normalverkauf
S1000196.18033,SP1000196.3.18033,SY1000196.2026.18033,iPad1(1000196),196,01.06.26 19:17,Prod,A1000196.6082,Tisch 9,106,S1000196.18033,SALE,2,9.8,19.6,0.0,0.0,0.0,0.0,108,Seelachs-Ei-Baugette,Hauptgerichte,,MwSt. 7%,1.07,18.317757,1.282243,Normalverkauf
S1000196.18034,SP1000196.3.18034,SY1000196.2026.18034,iPad1(1000196),196,01.06.26 19:17,Prod,A1000196.6082,Tisch 9,106,S1000196.18034,SALE,2,2.8,5.6,0.0,0.0,0.0,0.0,121,Mineralwasser,Getränke,,MwSt. 19%,1.19,4.705882,0.894118,Normalverkauf
S1000196.18035,SP1000196.3.18035,SY1000196.2026.18035,iPad1(1000196),196,01.06.26 11:36,Prod,A1000196.6083,Tisch 6,115,S1000196.18035,SALE,1,4.9,4.9,0.0,0.0,0.0,0.0,112,Kartoffelwedges,Beilagen,,MwSt. 7%,1.07,4.579439,0.320561,Normalverkauf
S1000196.18036,SP1000196.3.18036,SY1000196.2026.18036,iPad1(1000196),196,01.06.26 11:36,Prod,A1000196.6083,Tisch 6,115,S1000196.18036,SALE,1,5.9,5.9,0.0,0.0,0.0,0.0,117,Rote Grütze,Desserts,,MwSt. 7%,1.07,5.514019,0.385981,Normalverkauf
S1000196.18037,SP1000196.3.18037,SY1000196.2026.18037,iPad1(1000196),196,01.06.26 17:22,Prod,A1000196.6084,Tisch 12,106,S1000196.18037,SALE,1,3.9,3.9,0.0,0.0,0.0,0.0,126,Spezi,Getränke,,MwSt. 19%,1.19,3.277311,0.622689,Normalverkauf
S1000196.18038,SP1000196.3.18038,SY1000196.2026.18038,iPad1(1000196),196,01.06.26 17:22,Prod,A1000196.6084,Tisch 12,106,S1000196.18038,SALE,2,5.9,11.8,0.0,0.0,0.0,0.0,123,Inger-Limonade,Getränke,,MwSt. 19%,1.19,9.915966,1.884034,Normalverkauf
S1000196.18039,SP1000196.3.18039,SY1000196.2026.18039,iPad1(1000196),196,01.06.26 17:22,Prod,A1000196.6084,Tisch 12,106,S1000196.18039,SALE,1,3.2,3.2,0.0,0.0,0.0,0.0,120,Apfelschorle,Getränke,,MwSt. 19%,1.19,2.689076,0.510924,Normalverkauf
S1000196.18040,SP1000196.3.18040,SY1000196.2026.18040,iPad1(1000196),196,01.06.26 17:10,Prod,A1000196.6085,Tisch 2,101,S1000196.18040,VOID,2,6.9,13.8,0.0,0.0,0.0,0.0,103,Fischbrötchen Räucherlachs,Hauptspeisen,,MwSt. 7%,1.07,12.897196,0.902804,Normalverkauf
S1000196.18041,SP1000196.3.18041,SY1000196.2026.18041,iPad1(1000196),196,01.06.26 19:51,Prod,A1000196.6086,Tisch 6,115,S1000196.18041,SALE,2,6.9,13.8,0.0,0.0,0.0,0.0,113,Garnelen Box,Beilagen,,MwSt. 7%,1.07,12.897196,0.902804,Normalverkauf
S1000196.18042,SP1000196.3.18042,SY1000196.2026.18042,iPad1(1000196),196,01.06.26 14:48,Prod,A1000196.6087,Tisch 15,111,S1000196.18042,SALE,2,6.9,13.8,0.0,0.0,0.0,0.0,113,Garnelen Box,Beilagen,,MwSt. 7%,1.07,12.897196,0.902804,Normalverkauf
S1000196.18043,SP1000196.3.18043,SY1000196.2026.18043,iPad1(1000196),196,01.06.26 14:48,Prod,A1000196.6087,Tisch 15,111,S1000196.18043,SALE,2,5.5,11.0,0.0,0.0,0.0,0.0,111,Pommes Frites,Beilagen,,MwSt. 7%,1.07,10.280374,0.719626,Normalverkauf
S1000196.18044,SP1000196.3.18044,SY1000196.2026.18044,iPad1(1000196),196,01.06.26 14:48,Prod,A1000196.6087,Tisch 15,111,S1000196.18044,SALE,2,2.8,5.6,0.0,0.0,0.0,0.0,121,Mineralwasser,Getränke,,MwSt. 19%,1.19,4.705882,0.894118,Normalverkauf
S1000196.18045,SP1000196.3.18045,SY1000196.2026.18045,iPad1(1000196),196,01.06.26 13:46,Prod,A1000196.6088,Tisch 17,115,S1000196.18045,SALE,1,5.9,5.9,0.0,0.0,0.0,0.0,116,Vanillequark,Desserts,,MwSt. 7%,1.07,5.514019,0.385981,Normalverkauf
S1000196.18046,SP1000196.3.18046,SY1000196.2026.18046,iPad1(1000196),196,01.06.26 13:46,Prod,A1000196.6088,Tisch 17,115,S1000196.18046,SALE,1,6.9,6.9,0.0,0.0,0.0,0.0,113,Garnelen Box,Beilagen,,MwSt. 7%,1.07,6.448598,0.451402,Normalverkauf
S1000196.18047,SP1000196.3.18047,SY1000196.2026.18047,iPad1(1000196),196,01.06.26 08:09,Prod,A1000196.6089,Tisch 9,105,S1000196.18047,SALE,1,3.9,3.9,0.0,0.0,0.0,0.0,124,Cola Zero,Getränke,,MwSt. 19%,1.19,3.277311,0.622689,Normalverkauf
S1000196.18048,SP1000196.3.18048,SY1000196.2026.18048,iPad1(1000196),196,01.06.26 12:44,Prod,A1000196.6090,Tisch 18,106,S1000196.18048,SALE,1,5.9,5.9,0.0,0.0,0.0,0.0,117,Rote Grütze,Desserts,,MwSt. 7%,1.07,5.514019,0.385981,Normalverkauf
S1000196.18049,SP1000196.3.18049,SY1000196.2026.18049,iPad1(1000196),196,01.06.26 11:37,Prod,A1000196.6091,,106,S1000196.18049,SALE,1,6.9,6.9,0.0,0.0,0.0,0.0,103,Fischbrötchen Räucherlachs,Hauptspeisen,,MwSt. 7%,1.07,6.448598,0.451402,Normalverkauf
S1000196.18050,SP1000196.3.18050,SY1000196.2026.18050,iPad1(1000196),196,01.06.26 11:37,Prod,A1000196.6091,,106,S1000196.18050,SALE,1,6.9,6.9,0.0,0.0,0.0,0.0,103,Fischbrötchen Räucherlachs,Hauptspeisen,,MwSt. 7%,1.07,6.448598,0.451402,Normalverkauf
S1000196.18051,SP1000196.3.18051,SY1000196.2026.18051,iPad1(1000196),196,01.06.26 11:37,Prod,A1000196.6091,,106,S1000196.18051,SALE,1,6.5,6.5,0.0,0.0,0.0,0.0,100,Fischbrötchen Backfisch,Hauptspeisen,,MwSt. 7%,1.07,6.074766,0.425234,Normalverkauf
S1000196.18052,SP1000196.3.18052,SY1000196.2026.18052,iPad1(1000196),196,01.06.26 15:56,Prod,A1000196.6092,Tisch 15,101,S1000196.18052,SALE,2,5.5,11.0,0.0,0.0,0.0,0.0,114,Fisch Nuggets Box,Beilagen,,MwSt. 7%,1.07,10.280374,0.719626,Normalverkauf
S1000196.18053,SP1000196.3.18053,SY1000196.2026.18053,iPad1(1000196),196,01.06.26 15:56,Prod,A1000196.6092,Tisch 15,101,S1000196.18053,SALE,1,4.2,4.2,0.0,0.0,0.0,0.0,122,Bier,Getränke,,MwSt. 19%,1.19,3.529412,0.670588,Normalverkauf
S1000196.18054,SP1000196.3.18054,SY1000196.2026.18054,iPad1(1000196),196,01.06.26 19:07,Prod,A1000196.6093,Tisch 5,106,S1000196.18054,SALE,2,5.5,11.0,0.0,0.0,0.0,0.0,111,Pommes Frites,Beilagen,,MwSt. 7%,1.07,10.280374,0.719626,Normalverkauf
S1000196.18055,SP1000196.3.18055,SY1000196.2026.18055,iPad1(1000196),196,01.06.26 19:07,Prod,A1000196.6093,Tisch 5,106,S1000196.18055,SALE,1,10.9,10.9,0.0,0.0,0.0,0.0,109,Bismarck-Baguette,Hauptgerichte,,MwSt. 7%,1.07,10.186916,0.713084,Normalverkauf
S1000196.18056,SP1000196.3.18056,SY1000196.2026.18056,iPad1(1000196),196,01.06.26 19:07,Prod,A1000196.6093,Tisch 5,106,S1000196.18056,SALE,1,10.9,10.9,0.0,0.0,0.0,0.0,109,Bismarck-Baguette,Hauptgerichte,,MwSt. 7%,1.07,10.186916,0.713084,Normalverkauf
S1000196.18057,SP1000196.3.18057,SY1000196.2026.18057,iPad1(1000196),196,01.06.26 18:44,Prod,A1000196.6094,Tisch 1,107,S1000196.18057,SALE,1,6.9,6.9,0.0,0.0,0.0,0.0,113,Garnelen Box,Beilagen,,MwSt. 7%,1.07,6.448598,0.451402,Normalverkauf
S1000196.18058,SP1000196.3.18058,SY1000196.2026.18058,iPad1(1000196),196,01.06.26 20:47,Prod,A1000196.6095,Tisch 22,105,S1000196.18058,SALE,1,5.5,5.5,0.0,0.0,0.0,0.0,111,Pommes Frites,Beilagen,,MwSt. 7%,1.07,5.140187,0.359813,Normalverkauf
S1000196.18059,SP1000196.3.18059,SY1000196.2026.18059,iPad1(1000196),196,01.06.26 12:19,Prod,A1000196.6096,Tisch 21,106,S1000196.18059,SALE,1,4.2,4.2,0.0,0.0,0.0,0.0,122,Bier,Getränke,,MwSt. 19%,1.19,3.529412,0.670588,Normalverkauf
S1000196.18060,SP1000196.3.18060,SY1000196.2026.18060,iPad1(1000196),196,02.06.26 10:25,Prod,A1000196.6097,,111,S1000196.18060,SALE,1,5.9,5.9,0.0,0.0,0.0,0.0,125,Zitronen-Limonade,Getränke,,MwSt. 19%,1.19,4.957983,0.942017,Normalverkauf
S1000196.18061,SP1000196.3.18061,SY1000196.2026.18061,iPad1(1000196),196,02.06.26 10:25,Prod,A1000196.6097,,111,S1000196.18061,SALE,2,6.5,13.0,0.0,0.0,0.0,0.0,100,Fischbrötchen Backfisch,Hauptspeisen,,MwSt. 7%,1.07,12.149533,0.850467,Normalverkauf
S1000196.18062,SP1000196.3.18062,SY1000196.2026.18062,iPad1(1000196),196,02.06.26 10:25,Prod,A1000196.6097,,111,S1000196.18062,SALE,1,3.9,3.9,0.0,0.0,0.0,0.0,119,Cola,Getränke,,MwSt. 19%,1.19,3.277311,0.622689,Normalverkauf
S1000196.18063,SP1000196.3.18063,SY1000196.2026.18063,iPad1(1000196),196,02.06.26 19:51,Prod,A1000196.6098,Tisch 19,115,S1000196.18063,SALE,2,4.2,8.4,0.0,0.0,0.0,0.0,122,Bier,Getränke,,MwSt. 19%,1.19,7.058824,1.341176,Normalverkauf
S1000196.18064,SP1000196.3.18064,SY1000196.2026.18064,iPad1(1000196),196,02.06.26 13:57,Prod,A1000196.6099,Tisch 9,107,S1000196.18064,VOID,1,5.5,5.5,0.0,0.0,0.0,0.0,114,Fisch Nuggets Box,Beilagen,,MwSt. 7%,1.07,5.140187,0.359813,Normalverkauf
S1000196.18065,SP1000196.3.18065,SY1000196.2026.18065,iPad1(1000196),196,02.06.26 13:57,Prod,A1000196.6099,Tisch 9,107,S1000196.18065,VOID,1,2.8,2.8,0.0,0.0,0.0,0.0,121,Mineralwasser,Getränke,,MwSt. 19%,1.19,2.352941,0.447059,Normalverkauf
S1000196.18066,SP1000196.3.18066,SY1000196.2026.18066,iPad1(1000196),196,02.06.26 12:13,Prod,A1000196.6100,Tisch 8,115,S1000196.18066,SALE,1,5.9,5.9,0.0,0.0,0.0,0.0,116,Vanillequark,Desserts,,MwSt. 7%,1.07,5.514019,0.385981,Normalverkauf
S1000196.18067,SP1000196.3.18067,SY1000196.2026.18067,iPad1(1000196),196,02.06.26 18:45,Prod,A1000196.6101,Tisch 7,107,S1000196.18067,SALE,2,3.9,7.8,0.0,0.0,0.0,0.0,119,Cola,Getränke,,MwSt. 19%,1.19,6.554622,1.245378,Normalverkauf
S1000196.18068,SP1000196.3.18068,SY1000196.2026.18068,iPad1(1000196),196,02.06.26 18:45,Prod,A1000196.6101,Tisch 7,107,S1000196.18068,SALE,2,5.5,11.0,0.0,0.0,0.0,0.0,111,Pommes Frites,Beilagen,,MwSt. 7%,1.07,10.280374,0.719626,Normalverkauf
S1000196.18069,SP1000196.3.18069,SY1000196.2026.18069,iPad1(1000196),196,02.06.26 18:45,Prod,A1000196.6101,Tisch 7,107,S1000196.18069,SALE,2,6.5,13.0,0.0,0.0,0.0,0.0,118,Schokokuchen,Desserts,,MwSt. 7%,1.07,12.149533,0.850467,Normalverkauf
S1000196.18070,SP1000196.3.18070,SY1000196.2026.18070,iPad1(1000196),196,02.06.26 10:30,Prod,A1000196.6102,Tisch 3,115,S1000196.18070,SALE,1,6.5,6.5,0.0,0.0,0.0,0.0,118,Schokokuchen,Desserts,,MwSt. 7%,1.07,6.074766,0.425234,Normalverkauf
S1000196.18071,SP1000196.3.18071,SY1000196.2026.18071,iPad1(1000196),196,02.06.26 09:04,Prod,A1000196.6103,,115,S1000196.18071,SALE,1,6.5,6.5,0.0,0.0,0.0,0.0,100,Fischbrötchen Backfisch,Hauptspeisen,,MwSt. 7%,1.07,6.074766,0.425234,Normalverkauf
S1000196.18072,SP1000196.3.18072,SY1000196.2026.18072,iPad1(1000196),196,02.06.26 09:04,Prod,A1000196.6103,,115,S1000196.18072,SALE,2,3.9,7.8,0.0,0.0,0.0,0.0,124,Cola Zero,Getränke,,MwSt. 19%,1.19,6.554622,1.245378,Normalverkauf
S1000196.18073,SP1000196.3.18073,SY1000196.2026.18073,iPad1(1000196),196,02.06.26 09:04,Prod,A1000196.6103,,115,S1000196.18073,SALE,2,5.5,11.0,0.0,0.0,0.0,0.0,114,Fisch Nuggets Box,Beilagen,,MwSt. 7%,1.07,10.280374,0.719626,Normalverkauf
S1000196.18074,SP1000196.3.18074,SY1000196.2026.18074,iPad1(1000196),196,02.06.26 20:28,Prod,A1000196.6104,Tisch 11,106,S1000196.18074,SALE,1,5.5,5.5,0.0,0.0,0.0,0.0,111,Pommes Frites,Beilagen,,MwSt. 7%,1.07,5.140187,0.359813,Normalverkauf
S1000196.18075,SP1000196.3.18075,SY1000196.2026.18075,iPad1(1000196),196,02.06.26 17:49,Prod,A1000196.6105,Tisch 5,115,S1000196.18075,VOID,1,3.9,3.9,0.0,0.0,0.0,0.0,127,Alkoholfreies Bier,Getränke,,MwSt. 19%,1.19,3.277311,0.622689,Normalverkauf
S1000196.18076,SP1000196.3.18076,SY1000196.2026.18076,iPad1(1000196),196,02.06.26 17:49,Prod,A1000196.6105,Tisch 5,115,S1000196.18076,VOID,1,10.9,10.9,0.0,0.0,0.0,0.0,104,Thunfisch Wrap,Hauptgerichte,,MwSt. 7%,1.07,10.186916,0.713084,Normalverkauf
S1000196.18077,SP1000196.3.18077,SY1000196.2026.18077,iPad1(1000196),196,02.06.26 11:20,Prod,A1000196.6106,Tisch 9,106,S1000196.18077,SALE,2,10.9,21.8,0.0,0.0,0.0,0.0,107,Chicken Burger,Hauptgerichte,,MwSt. 7%,1.07,20.373832,1.426168,Normalverkauf
S1000196.18078,SP1000196.3.18078,SY1000196.2026.18078,iPad1(1000196),196,02.06.26 11:20,Prod,A1000196.6106,Tisch 9,106,S1000196.18078,SALE,1,5.9,5.9,0.0,0.0,0.0,0.0,123,Inger-Limonade,Getränke,,MwSt. 19%,1.19,4.957983,0.942017,Normalverkauf
S1000196.18079,SP1000196.3.18079,SY1000196.2026.18079,iPad1(1000196),196,02.06.26 11:20,Prod,A1000196.6106,Tisch 9,106,S1000196.18079,SALE,2,6.9,13.8,0.0,0.0,0.0,0.0,113,Garnelen Box,Beilagen,,MwSt. 7%,1.07,12.897196,0.902804,Normalverkauf
S1000196.18080,SP1000196.3.18080,SY1000196.2026.18080,iPad1(1000196),196,02.06.26 20:12,Prod,A1000196.6107,Tisch 9,106,S1000196.18080,SALE,1,6.5,6.5,0.0,0.0,0.0,0.0,118,Schokokuchen,Desserts,,MwSt. 7%,1.07,6.074766,0.425234,Normalverkauf
S1000196.18081,SP1000196.3.18081,SY1000196.2026.18081,iPad1(1000196),196,02.06.26 20:12,Prod,A1000196.6107,Tisch 9,106,S1000196.18081,SALE,1,3.2,3.2,0.0,0.0,0.0,0.0,120,Apfelschorle,Getränke,,MwSt. 19%,1.19,2.689076,0.510924,Normalverkauf
S1000196.18082,SP1000196.3.18082,SY1000196.2026.18082,iPad1(1000196),196,02.06.26 18:57,Prod,A1000196.6108,Tisch 14,106,S1000196.18082,SALE,1,3.9,3.9,0.0,0.0,0.0,0.0,127,Alkoholfreies Bier,Getränke,,MwSt. 19%,1.19,3.277311,0.622689,Normalverkauf
S1000196.18083,SP1000196.3.18083,SY1000196.2026.18083,iPad1(1000196),196,02.06.26 16:14,Prod,A1000196.6109,Tisch 23,105,S1000196.18083,VOID,2,10.9,21.8,0.0,0.0,0.0,0.0,107,Chicken Burger,Hauptgerichte,,MwSt. 7%,1.07,20.373832,1.426168,Normalverkauf
S1000196.18084,SP1000196.3.18084,SY1000196.2026.18084,iPad1(1000196),196,02.06.26 16:14,Prod,A1000196.6109,Tisch 23,105,S1000196.18084,VOID,2,3.9,7.8,0.0,0.0,0.0,0.0,126,Spezi,Getränke,,MwSt. 19%,1.19,6.554622,1.245378,Normalverkauf
S1000196.18085,SP1000196.3.18085,SY1000196.2026.18085,iPad1(1000196),196,02.06.26 19:07,Prod,A1000196.6110,,101,S1000196.18085,SALE,2,3.9,7.8,0.0,0.0,0.0,0.0,119,Cola,Getränke,,MwSt. 19%,1.19,6.554622,1.245378,Normalverkauf
S1000196.18086,SP1000196.3.18086,SY1000196.2026.18086,iPad1(1000196),196,02.06.26 18:11,Prod,A1000196.6111,Tisch 6,101,S1000196.18086,VOID,2,10.9,21.8,0.0,0.0,0.0,0.0,104,Thunfisch Wrap,Hauptgerichte,,MwSt. 7%,1.07,20.373832,1.426168,Normalverkauf
S1000196.18087,SP1000196.3.18087,SY1000196.2026.18087,iPad1(1000196),196,02.06.26 18:11,Prod,A1000196.6111,Tisch 6,101,S1000196.18087,VOID,1,11.5,11.5,0.0,0.0,0.0,0.0,105,Garnelen-Kimchi-Bruger,Hauptgerichte,,MwSt. 7%,1.07,10.747664,0.752336,Normalverkauf
S1000196.18088,SP1000196.3.18088,SY1000196.2026.18088,iPad1(1000196),196,02.06.26 18:41,Prod,A1000196.6112,Tisch 6,106,S1000196.18088,SALE,2,5.5,11.0,0.0,0.0,0.0,0.0,114,Fisch Nuggets Box,Beilagen,,MwSt. 7%,1.07,10.280374,0.719626,Normalverkauf
S1000196.18089,SP1000196.3.18089,SY1000196.2026.18089,iPad1(1000196),196,02.06.26 18:41,Prod,A1000196.6112,Tisch 6,106,S1000196.18089,SALE,1,3.9,3.9,0.0,0.0,0.0,0.0,124,Cola Zero,Getränke,,MwSt. 19%,1.19,3.277311,0.622689,Normalverkauf
S1000196.18090,SP1000196.3.18090,SY1000196.2026.18090,iPad1(1000196),196,02.06.26 14:42,Prod,A1000196.6113,Tisch 12,101,S1000196.18090,SALE,2,10.9,21.8,0.0,0.0,0.0,0.0,107,Chicken Burger,Hauptgerichte,,MwSt. 7%,1.07,20.373832,1.426168,Normalverkauf
S1000196.18091,SP1000196.3.18091,SY1000196.2026.18091,iPad1(1000196),196,02.06.26 11:40,Prod,A1000196.6114,Tisch 17,111,S1000196.18091,SALE,2,10.9,21.8,0.0,0.0,0.0,0.0,107,Chicken Burger,Hauptgerichte,,MwSt. 7%,1.07,20.373832,1.426168,Normalverkauf
S1000196.18092,SP1000196.3.18092,SY1000196.2026.18092,iPad1(1000196),196,02.06.26 13:08,Prod,A1000196.6115,Tisch 10,107,S1000196.18092,SALE,2,5.5,11.0,0.0,0.0,0.0,0.0,111,Pommes Frites,Beilagen,,MwSt. 7%,1.07,10.280374,0.719626,Normalverkauf
S1000196.18093,SP1000196.3.18093,SY1000196.2026.18093,iPad1(1000196),196,02.06.26 11:37,Prod,A1000196.6116,Tisch 16,106,S1000196.18093,SALE,1,6.9,6.9,0.0,0.0,0.0,0.0,113,Garnelen Box,Beilagen,,MwSt. 7%,1.07,6.448598,0.451402,Normalverkauf
S1000196.18094,SP1000196.3.18094,SY1000196.2026.18094,iPad1(1000196),196,02.06.26 11:37,Prod,A1000196.6116,Tisch 16,106,S1000196.18094,SALE,2,3.2,6.4,0.0,0.0,0.0,0.0,120,Apfelschorle,Getränke,,MwSt. 19%,1.19,5.378151,1.021849,Normalverkauf
S1000196.18095,SP1000196.3.18095,SY1000196.2026.18095,iPad1(1000196),196,02.06.26 08:21,Prod,A1000196.6117,,106,S1000196.18095,SALE,1,6.9,6.9,0.0,0.0,0.0,0.0,113,Garnelen Box,Beilagen,,MwSt. 7%,1.07,6.448598,0.451402,Normalverkauf
S1000196.18096,SP1000196.3.18096,SY1000196.2026.18096,iPad1(1000196),196,02.06.26 13:41,Prod,A1000196.6118,Tisch 24,105,S1000196.18096,SALE,1,6.9,6.9,0.0,0.0,0.0,0.0,103,Fischbrötchen Räucherlachs,Hauptspeisen,,MwSt. 7%,1.07,6.448598,0.451402,Normalverkauf
S1000196.18097,SP1000196.3.18097,SY1000196.2026.18097,iPad1(1000196),196,02.06.26 13:41,Prod,A1000196.6118,Tisch 24,105,S1000196.18097,SALE,1,3.9,3.9,0.0,0.0,0.0,0.0,126,Spezi,Getränke,,MwSt. 19%,1.19,3.277311,0.622689,Normalverkauf
S1000196.18098,SP1000196.3.18098,SY1000196.2026.18098,iPad1(1000196),196,02.06.26 18:01,Prod,A1000196.6119,,115,S1000196.18098,SALE,2,3.2,6.4,0.0,0.0,0.0,0.0,120,Apfelschorle,Getränke,,MwSt. 19%,1.19,5.378151,1.021849,Normalverkauf
S1000196.18099,SP1000196.3.18099,SY1000196.2026.18099,iPad1(1000196),196,02.06.26 14:54,Prod,A1000196.6120,Tisch 2,115,S1000196.18099,SALE,2,6.9,13.8,0.0,0.0,0.0,0.0,113,Garnelen Box,Beilagen,,MwSt. 7%,1.07,12.897196,0.902804,Normalverkauf
S1000196.18100,SP1000196.3.18100,SY1000196.2026.18100,iPad1(1000196),196,02.06.26 11:15,Prod,A1000196.6121,Tisch 19,107,S1000196.18100,SALE,1,6.9,6.9,0.0,0.0,0.0,0.0,103,Fischbrötchen Räucherlachs,Hauptspeisen,,MwSt. 7%,1.07,6.448598,0.451402,Normalverkauf
S1000196.18101,SP1000196.3.18101,SY1000196.2026.18101,iPad1(1000196),196,02.06.26 13:26,Prod,A1000196.6122,Tisch 7,107,S1000196.18101,SALE,2,9.8,19.6,0.0,0.0,0.0,0.0,108,Seelachs-Ei-Baugette,Hauptgerichte,,MwSt. 7%,1.07,18.317757,1.282243,Normalverkauf
S1000196.18102,SP1000196.3.18102,SY1000196.2026.18102,iPad1(1000196),196,02.06.26 13:26,Prod,A1000196.6122,Tisch 7,107,S1000196.18102,SALE,1,5.5,5.5,0.0,0.0,0.0,0.0,111,Pommes Frites,Beilagen,,MwSt. 7%,1.07,5.140187,0.359813,Normalverkauf
S1000196.18103,SP1000196.3.18103,SY1000196.2026.18103,iPad1(1000196),196,02.06.26 13:26,Prod,A1000196.6122,Tisch 7,107,S1000196.18103,SALE,2,5.9,11.8,0.0,0.0,0.0,0.0,116,Vanillequark,Desserts,,MwSt. 7%,1.07,11.028037,0.771963,Normalverkauf
S1000196.18104,SP1000196.3.18104,SY1000196.2026.18104,iPad1(1000196),196,02.06.26 20:01,Prod,A1000196.6123,Tisch 17,116,S1000196.18104,SALE,2,10.9,21.8,0.0,0.0,0.0,0.0,109,Bismarck-Baguette,Hauptgerichte,,MwSt. 7%,1.07,20.373832,1.426168,Normalverkauf
S1000196.18105,SP1000196.3.18105,SY1000196.2026.18105,iPad1(1000196),196,02.06.26 15:46,Prod,A1000196.6124,Tisch 22,101,S1000196.18105,SALE,1,5.9,5.9,0.0,0.0,0.0,0.0,117,Rote Grütze,Desserts,,MwSt. 7%,1.07,5.514019,0.385981,Normalverkauf
S1000196.18106,SP1000196.3.18106,SY1000196.2026.18106,iPad1(1000196),196,02.06.26 15:46,Prod,A1000196.6124,Tisch 22,101,S1000196.18106,SALE,2,6.5,13.0,0.0,0.0,0.0,0.0,100,Fischbrötchen Backfisch,Hauptspeisen,,MwSt. 7%,1.07,12.149533,0.850467,Normalverkauf
S1000196.18107,SP1000196.3.18107,SY1000196.2026.18107,iPad1(1000196),196,02.06.26 15:46,Prod,A1000196.6124,Tisch 22,101,S1000196.18107,SALE,1,3.2,3.2,0.0,0.0,0.0,0.0,120,Apfelschorle,Getränke,,MwSt. 19%,1.19,2.689076,0.510924,Normalverkauf
S1000196.18108,SP1000196.3.18108,SY1000196.2026.18108,iPad1(1000196),196,02.06.26 11:07,Prod,A1000196.6125,Tisch 5,116,S1000196.18108,SALE,1,14.5,14.5,0.0,0.0,0.0,0.0,101,Lachs,Hauptspeisen,,MwSt. 7%,1.07,13.551402,0.948598,Normalverkauf
S1000196.18109,SP1000196.3.18109,SY1000196.2026.18109,iPad1(1000196),196,02.06.26 19:51,Prod,A1000196.6126,Tisch 20,111,S1000196.18109,SALE,1,10.9,10.9,0.0,0.0,0.0,0.0,107,Chicken Burger,Hauptgerichte,,MwSt. 7%,1.07,10.186916,0.713084,Normalverkauf
S1000196.18110,SP1000196.3.18110,SY1000196.2026.18110,iPad1(1000196),196,02.06.26 19:51,Prod,A1000196.6126,Tisch 20,111,S1000196.18110,SALE,2,5.5,11.0,0.0,0.0,0.0,0.0,114,Fisch Nuggets Box,Beilagen,,MwSt. 7%,1.07,10.280374,0.719626,Normalverkauf
S1000196.18111,SP1000196.3.18111,SY1000196.2026.18111,iPad1(1000196),196,02.06.26 10:46,Prod,A1000196.6127,Tisch 7,107,S1000196.18111,VOID,1,11.5,11.5,0.0,0.0,0.0,0.0,105,Garnelen-Kimchi-Bruger,Hauptgerichte,,MwSt. 7%,1.07,10.747664,0.752336,Normalverkauf
S1000196.18112,SP1000196.3.18112,SY1000196.2026.18112,iPad1(1000196),196,02.06.26 16:05,Prod,A1000196.6128,Tisch 16,116,S1000196.18112,VOID,2,5.9,11.8,0.0,0.0,0.0,0.0,116,Vanillequark,Desserts,,MwSt. 7%,1.07,11.028037,0.771963,Normalverkauf
S1000196.18113,SP1000196.3.18113,SY1000196.2026.18113,iPad1(1000196),196,02.06.26 16:05,Prod,A1000196.6128,Tisch 16,116,S1000196.18113,VOID,1,9.8,9.8,0.0,0.0,0.0,0.0,108,Seelachs-Ei-Baugette,Hauptgerichte,,MwSt. 7%,1.07,9.158879,0.641121,Normalverkauf
S1000196.18114,SP1000196.3.18114,SY1000196.2026.18114,iPad1(1000196),196,02.06.26 16:05,Prod,A1000196.6128,Tisch 16,116,S1000196.18114,VOID,2,5.9,11.8,0.0,0.0,0.0,0.0,116,Vanillequark,Desserts,,MwSt. 7%,1.07,11.028037,0.771963,Normalverkauf
S1000196.18115,SP1000196.3.18115,SY1000196.2026.18115,iPad1(1000196),196,02.06.26 19:20,Prod,A1000196.6129,Tisch 8,107,S1000196.18115,SALE,2,6.5,13.0,0.0,0.0,0.0,0.0,118,Schokokuchen,Desserts,,MwSt. 7%,1.07,12.149533,0.850467,Normalverkauf
S1000196.18116,SP1000196.3.18116,SY1000196.2026.18116,iPad1(1000196),196,02.06.26 19:20,Prod,A1000196.6129,Tisch 8,107,S1000196.18116,SALE,1,3.9,3.9,0.0,0.0,0.0,0.0,119,Cola,Getränke,,MwSt. 19%,1.19,3.277311,0.622689,Normalverkauf
S1000196.18117,SP1000196.3.18117,SY1000196.2026.18117,iPad1(1000196),196,02.06.26 19:20,Prod,A1000196.6129,Tisch 8,107,S1000196.18117,SALE,1,7.9,7.9,0.0,0.0,0.0,0.0,106,Neptun-Ringe,Beilagen,,MwSt. 7%,1.07,7.383178,0.516822,Normalverkauf
S1000196.18118,SP1000196.3.18118,SY1000196.2026.18118,iPad1(1000196),196,02.06.26 16:50,Prod,A1000196.6130,Tisch 22,105,S1000196.18118,SALE,1,3.9,3.9,0.0,0.0,0.0,0.0,119,Cola,Getränke,,MwSt. 19%,1.19,3.277311,0.622689,Normalverkauf
S1000196.18119,SP1000196.3.18119,SY1000196.2026.18119,iPad1(1000196),196,02.06.26 11:03,Prod,A1000196.6131,Tisch 20,116,S1000196.18119,SALE,2,3.9,7.8,0.0,0.0,0.0,0.0,119,Cola,Getränke,,MwSt. 19%,1.19,6.554622,1.245378,Normalverkauf
S1000196.18120,SP1000196.3.18120,SY1000196.2026.18120,iPad1(1000196),196,02.06.26 17:37,Prod,A1000196.6132,Tisch 1,116,S1000196.18120,SALE,1,3.9,3.9,0.0,0.0,0.0,0.0,119,Cola,Getränke,,MwSt. 19%,1.19,3.277311,0.622689,Normalverkauf
S1000196.18121,SP1000196.3.18121,SY1000196.2026.18121,iPad1(1000196),196,02.06.26 17:37,Prod,A1000196.6132,Tisch 1,116,S1000196.18121,SALE,1,6.5,6.5,0.0,0.0,0.0,0.0,100,Fischbrötchen Backfisch,Hauptspeisen,,MwSt. 7%,1.07,6.074766,0.425234,Normalverkauf
S1000196.18122,SP1000196.3.18122,SY1000196.2026.18122,iPad1(1000196),196,02.06.26 10:25,Prod,A1000196.6133,Tisch 10,101,S1000196.18122,SALE,1,3.9,3.9,0.0,0.0,0.0,0.0,119,Cola,Getränke,,MwSt. 19%,1.19,3.277311,0.622689,Normalverkauf
S1000196.18123,SP1000196.3.18123,SY1000196.2026.18123,iPad1(1000196),196,02.06.26 10:25,Prod,A1000196.6133,Tisch 10,101,S1000196.18123,SALE,1,5.9,5.9,0.0,0.0,0.0,0.0,123,Inger-Limonade,Getränke,,MwSt. 19%,1.19,4.957983,0.942017,Normalverkauf
S1000196.18124,SP1000196.3.18124,SY1000196.2026.18124,iPad1(1000196),196,02.06.26 10:25,Prod,A1000196.6133,Tisch 10,101,S1000196.18124,SALE,2,5.9,11.8,0.0,0.0,0.0,0.0,117,Rote Grütze,Desserts,,MwSt. 7%,1.07,11.028037,0.771963,Normalverkauf
S1000196.18125,SP1000196.3.18125,SY1000196.2026.18125,iPad1(1000196),196,02.06.26 19:28,Prod,A1000196.6134,Tisch 13,111,S1000196.18125,SALE,1,5.9,5.9,0.0,0.0,0.0,0.0,117,Rote Grütze,Desserts,,MwSt. 7%,1.07,5.514019,0.385981,Normalverkauf
S1000196.18126,SP1000196.3.18126,SY1000196.2026.18126,iPad1(1000196),196,02.06.26 19:28,Prod,A1000196.6134,Tisch 13,111,S1000196.18126,SALE,2,4.9,9.8,0.0,0.0,0.0,0.0,112,Kartoffelwedges,Beilagen,,MwSt. 7%,1.07,9.158879,0.641121,Normalverkauf
S1000196.18127,SP1000196.3.18127,SY1000196.2026.18127,iPad1(1000196),196,02.06.26 13:06,Prod,A1000196.6135,Tisch 4,116,S1000196.18127,SALE,1,5.5,5.5,0.0,0.0,0.0,0.0,114,Fisch Nuggets Box,Beilagen,,MwSt. 7%,1.07,5.140187,0.359813,Normalverkauf
S1000196.18128,SP1000196.3.18128,SY1000196.2026.18128,iPad1(1000196),196,02.06.26 17:17,Prod,A1000196.6136,Tisch 17,115,S1000196.18128,SALE,1,3.9,3.9,0.0,0.0,0.0,0.0,124,Cola Zero,Getränke,,MwSt. 19%,1.19,3.277311,0.622689,Normalverkauf
S1000196.18129,SP1000196.3.18129,SY1000196.2026.18129,iPad1(1000196),196,02.06.26 11:01,Prod,A1000196.6137,Tisch 5,105,S1000196.18129,SALE,2,10.9,21.8,0.0,0.0,0.0,0.0,107,Chicken Burger,Hauptgerichte,,MwSt. 7%,1.07,20.373832,1.426168,Normalverkauf
S1000196.18130,SP1000196.3.18130,SY1000196.2026.18130,iPad1(1000196),196,02.06.26 11:01,Prod,A1000196.6137,Tisch 5,105,S1000196.18130,SALE,2,11.9,23.8,0.0,0.0,0.0,0.0,110,Matjes-Baguette,Hauptgerichte,,MwSt. 7%,1.07,22.242991,1.557009,Normalverkauf
S1000196.18131,SP1000196.3.18131,SY1000196.2026.18131,iPad1(1000196),196,02.06.26 19:31,Prod,A1000196.6138,Tisch 11,115,S1000196.18131,SALE,2,5.9,11.8,0.0,0.0,0.0,0.0,123,Inger-Limonade,Getränke,,MwSt. 19%,1.19,9.915966,1.884034,Normalverkauf
S1000196.18132,SP1000196.3.18132,SY1000196.2026.18132,iPad1(1000196),196,02.06.26 16:11,Prod,A1000196.6139,,106,S1000196.18132,SALE,1,3.2,3.2,0.0,0.0,0.0,0.0,120,Apfelschorle,Getränke,,MwSt. 19%,1.19,2.689076,0.510924,Normalverkauf
S1000196.18133,SP1000196.3.18133,SY1000196.2026.18133,iPad1(1000196),196,02.06.26 16:11,Prod,A1000196.6139,,106,S1000196.18133,SALE,2,10.9,21.8,0.0,0.0,0.0,0.0,104,Thunfisch Wrap,Hauptgerichte,,MwSt. 7%,1.07,20.373832,1.426168,Normalverkauf
S1000196.18134,SP1000196.3.18134,SY1000196.2026.18134,iPad1(1000196),196,02.06.26 14:56,Prod,A1000196.6140,Tisch 23,107,S1000196.18134,SALE,1,5.5,5.5,0.0,0.0,0.0,0.0,111,Pommes Frites,Beilagen,,MwSt. 7%,1.07,5.140187,0.359813,Normalverkauf
S1000196.18135,SP1000196.3.18135,SY1000196.2026.18135,iPad1(1000196),196,02.06.26 18:35,Prod,A1000196.6141,Tisch 23,116,S1000196.18135,VOID,2,3.9,7.8,0.0,0.0,0.0,0.0,119,Cola,Getränke,,MwSt. 19%,1.19,6.554622,1.245378,Normalverkauf
S1000196.18136,SP1000196.3.18136,SY1000196.2026.18136,iPad1(1000196),196,02.06.26 13:40,Prod,A1000196.6142,Tisch 15,106,S1000196.18136,SALE,1,3.9,3.9,0.0,0.0,0.0,0.0,126,Spezi,Getränke,,MwSt. 19%,1.19,3.277311,0.622689,Normalverkauf
S1000196.18137,SP1000196.3.18137,SY1000196.2026.18137,iPad1(1000196),196,02.06.26 13:40,Prod,A1000196.6142,Tisch 15,106,S1000196.18137,SALE,2,3.9,7.8,0.0,0.0,0.0,0.0,127,Alkoholfreies Bier,Getränke,,MwSt. 19%,1.19,6.554622,1.245378,Normalverkauf
S1000196.18138,SP1000196.3.18138,SY1000196.2026.18138,iPad1(1000196),196,02.06.26 20:51,Prod,A1000196.6143,,105,S1000196.18138,SALE,2,10.9,21.8,0.0,0.0,0.0,0.0,107,Chicken Burger,Hauptgerichte,,MwSt. 7%,1.07,20.373832,1.426168,Normalverkauf
S1000196.18139,SP1000196.3.18139,SY1000196.2026.18139,iPad1(1000196),196,02.06.26 20:51,Prod,A1000196.6143,,105,S1000196.18139,SALE,2,5.9,11.8,0.0,0.0,0.0,0.0,117,Rote Grütze,Desserts,,MwSt. 7%,1.07,11.028037,0.771963,Normalverkauf
S1000196.18140,SP1000196.3.18140,SY1000196.2026.18140,iPad1(1000196),196,02.06.26 17:32,Prod,A1000196.6144,Tisch 24,115,S1000196.18140,SALE,1,5.5,5.5,0.0,0.0,0.0,0.0,111,Pommes Frites,Beilagen,,MwSt. 7%,1.07,5.140187,0.359813,Normalverkauf
S1000196.18141,SP1000196.3.18141,SY1000196.2026.18141,iPad1(1000196),196,02.06.26 11:41,Prod,A1000196.6145,Tisch 14,105,S1000196.18141,SALE,2,11.5,23.0,0.0,0.0,0.0,0.0,105,Garnelen-Kimchi-Bruger,Hauptgerichte,,MwSt. 7%,1.07,21.495327,1.504673,Normalverkauf
S1000196.18142,SP1000196.3.18142,SY1000196.2026.18142,iPad1(1000196),196,02.06.26 11:41,Prod,A1000196.6145,Tisch 14,105,S1000196.18142,SALE,1,3.2,3.2,0.0,0.0,0.0,0.0,120,Apfelschorle,Getränke,,MwSt. 19%,1.19,2.689076,0.510924,Normalverkauf
S1000196.18143,SP1000196.3.18143,SY1000196.2026.18143,iPad1(1000196),196,02.06.26 12:01,Prod,A1000196.6146,Tisch 23,111,S1000196.18143,SALE,1,4.9,4.9,0.0,0.0,0.0,0.0,112,Kartoffelwedges,Beilagen,,MwSt. 7%,1.07,4.579439,0.320561,Normalverkauf
S1000196.18144,SP1000196.3.18144,SY1000196.2026.18144,iPad1(1000196),196,02.06.26 12:01,Prod,A1000196.6146,Tisch 23,111,S1000196.18144,SALE,1,3.9,3.9,0.0,0.0,0.0,0.0,127,Alkoholfreies Bier,Getränke,,MwSt. 19%,1.19,3.277311,0.622689,Normalverkauf
S1000196.18145,SP1000196.3.18145,SY1000196.2026.18145,iPad1(1000196),196,02.06.26 12:01,Prod,A1000196.6146,Tisch 23,111,S1000196.18145,SALE,1,5.5,5.5,0.0,0.0,0.0,0.0,111,Pommes Frites,Beilagen,,MwSt. 7%,1.07,5.140187,0.359813,Normalverkauf
S1000196.18146,SP1000196.3.18146,SY1000196.2026.18146,iPad1(1000196),196,02.06.26 12:16,Prod,A1000196.6147,Tisch 2,101,S1000196.18146,SALE,2,3.2,6.4,0.0,0.0,0.0,0.0,120,Apfelschorle,Getränke,,MwSt. 19%,1.19,5.378151,1.021849,Normalverkauf
S1000196.18147,SP1000196.3.18147,SY1000196.2026.18147,iPad1(1000196),196,02.06.26 20:01,Prod,A1000196.6148,Tisch 20,116,S1000196.18147,SALE,2,6.9,13.8,0.0,0.0,0.0,0.0,113,Garnelen Box,Beilagen,,MwSt. 7%,1.07,12.897196,0.902804,Normalverkauf
S1000196.18148,SP1000196.3.18148,SY1000196.2026.18148,iPad1(1000196),196,02.06.26 12:58,Prod,A1000196.6149,Tisch 1,116,S1000196.18148,SALE,2,7.9,15.8,0.0,0.0,0.0,0.0,106,Neptun-Ringe,Beilagen,,MwSt. 7%,1.07,14.766355,1.033645,Normalverkauf
S1000196.18149,SP1000196.3.18149,SY1000196.2026.18149,iPad1(1000196),196,02.06.26 12:58,Prod,A1000196.6149,Tisch 1,116,S1000196.18149,SALE,1,10.9,10.9,0.0,0.0,0.0,0.0,109,Bismarck-Baguette,Hauptgerichte,,MwSt. 7%,1.07,10.186916,0.713084,Normalverkauf
S1000196.18150,SP1000196.3.18150,SY1000196.2026.18150,iPad1(1000196),196,02.06.26 09:57,Prod,A1000196.6150,Tisch 6,111,S1000196.18150,SALE,1,3.2,3.2,0.0,0.0,0.0,0.0,120,Apfelschorle,Getränke,,MwSt. 19%,1.19,2.689076,0.510924,Normalverkauf
S1000196.18151,SP1000196.3.18151,SY1000196.2026.18151,iPad1(1000196),196,02.06.26 09:57,Prod,A1000196.6150,Tisch 6,111,S1000196.18151,SALE,1,11.5,11.5,0.0,0.0,0.0,0.0,105,Garnelen-Kimchi-Bruger,Hauptgerichte,,MwSt. 7%,1.07,10.747664,0.752336,Normalverkauf
S1000196.18152,SP1000196.3.18152,SY1000196.2026.18152,iPad1(1000196),196,02.06.26 10:49,Prod,A1000196.6151,Tisch 8,111,S1000196.18152,SALE,1,4.2,4.2,0.0,0.0,0.0,0.0,122,Bier,Getränke,,MwSt. 19%,1.19,3.529412,0.670588,Normalverkauf
S1000196.18153,SP1000196.3.18153,SY1000196.2026.18153,iPad1(1000196),196,02.06.26 10:49,Prod,A1000196.6151,Tisch 8,111,S1000196.18153,SALE,1,11.5,11.5,0.0,0.0,0.0,0.0,105,Garnelen-Kimchi-Bruger,Hauptgerichte,,MwSt. 7%,1.07,10.747664,0.752336,Normalverkauf
S1000196.18154,SP1000196.3.18154,SY1000196.2026.18154,iPad1(1000196),196,02.06.26 12:36,Prod,A1000196.6152,Tisch 20,115,S1000196.18154,VOID,2,9.8,19.6,0.0,0.0,0.0,0.0,108,Seelachs-Ei-Baugette,Hauptgerichte,,MwSt. 7%,1.07,18.317757,1.282243,Normalverkauf
S1000196.18155,SP1000196.3.18155,SY1000196.2026.18155,iPad1(1000196),196,02.06.26 12:36,Prod,A1000196.6152,Tisch 20,115,S1000196.18155,VOID,1,3.9,3.9,0.0,0.0,0.0,0.0,126,Spezi,Getränke,,MwSt. 19%,1.19,3.277311,0.622689,Normalverkauf
S1000196.18156,SP1000196.3.18156,SY1000196.2026.18156,iPad1(1000196),196,02.06.26 19:26,Prod,A1000196.6153,Tisch 5,111,S1000196.18156,SALE,1,10.9,10.9,0.0,0.0,0.0,0.0,107,Chicken Burger,Hauptgerichte,,MwSt. 7%,1.07,10.186916,0.713084,Normalverkauf
S1000196.18157,SP1000196.3.18157,SY1000196.2026.18157,iPad1(1000196),196,02.06.26 19:26,Prod,A1000196.6153,Tisch 5,111,S1000196.18157,SALE,2,6.5,13.0,0.0,0.0,0.0,0.0,100,Fischbrötchen Backfisch,Hauptspeisen,,MwSt. 7%,1.07,12.149533,0.850467,Normalverkauf
S1000196.18158,SP1000196.3.18158,SY1000196.2026.18158,iPad1(1000196),196,02.06.26 20:30,Prod,A1000196.6154,Tisch 18,105,S1000196.18158,SALE,2,6.5,13.0,0.0,0.0,0.0,0.0,100,Fischbrötchen Backfisch,Hauptspeisen,,MwSt. 7%,1.07,12.149533,0.850467,Normalverkauf
S1000196.18159,SP1000196.3.18159,SY1000196.2026.18159,iPad1(1000196),196,02.06.26 20:41,Prod,A1000196.6155,Tisch 20,116,S1000196.18159,SALE,1,2.8,2.8,0.0,0.0,0.0,0.0,121,Mineralwasser,Getränke,,MwSt. 19%,1.19,2.352941,0.447059,Normalverkauf
S1000196.18160,SP1000196.3.18160,SY1000196.2026.18160,iPad1(1000196),196,02.06.26 20:41,Prod,A1000196.6155,Tisch 20,116,S1000196.18160,SALE,2,5.5,11.0,0.0,0.0,0.0,0.0,111,Pommes Frites,Beilagen,,MwSt. 7%,1.07,10.280374,0.719626,Normalverkauf
S1000196.18161,SP1000196.3.18161,SY1000196.2026.18161,iPad1(1000196),196,02.06.26 20:41,Prod,A1000196.6155,Tisch 20,116,S1000196.18161,SALE,2,11.5,23.0,0.0,0.0,0.0,0.0,105,Garnelen-Kimchi-Bruger,Hauptgerichte,,MwSt. 7%,1.07,21.495327,1.504673,Normalverkauf
S1000196.18162,SP1000196.3.18162,SY1000196.2026.18162,iPad1(1000196),196,02.06.26 20:50,Prod,A1000196.6156,Tisch 2,107,S1000196.18162,VOID,2,5.5,11.0,0.0,0.0,0.0,0.0,111,Pommes Frites,Beilagen,,MwSt. 7%,1.07,10.280374,0.719626,Normalverkauf
S1000196.18163,SP1000196.3.18163,SY1000196.2026.18163,iPad1(1000196),196,02.06.26 20:50,Prod,A1000196.6156,Tisch 2,107,S1000196.18163,VOID,1,10.9,10.9,0.0,0.0,0.0,0.0,107,Chicken Burger,Hauptgerichte,,MwSt. 7%,1.07,10.186916,0.713084,Normalverkauf
S1000196.18164,SP1000196.3.18164,SY1000196.2026.18164,iPad1(1000196),196,02.06.26 20:50,Prod,A1000196.6156,Tisch 2,107,S1000196.18164,VOID,2,6.9,13.8,0.0,0.0,0.0,0.0,113,Garnelen Box,Beilagen,,MwSt. 7%,1.07,12.897196,0.902804,Normalverkauf
S1000196.18165,SP1000196.3.18165,SY1000196.2026.18165,iPad1(1000196),196,02.06.26 11:26,Prod,A1000196.6157,Tisch 14,116,S1000196.18165,SALE,1,5.5,5.5,0.0,0.0,0.0,0.0,111,Pommes Frites,Beilagen,,MwSt. 7%,1.07,5.140187,0.359813,Normalverkauf
S1000196.18166,SP1000196.3.18166,SY1000196.2026.18166,iPad1(1000196),196,02.06.26 13:30,Prod,A1000196.6158,,111,S1000196.18166,SALE,1,10.9,10.9,0.0,0.0,0.0,0.0,107,Chicken Burger,Hauptgerichte,,MwSt. 7%,1.07,10.186916,0.713084,Normalverkauf
S1000196.18167,SP1000196.3.18167,SY1000196.2026.18167,iPad1(1000196),196,02.06.26 20:14,Prod,A1000196.6159,Tisch 10,115,S1000196.18167,SALE,2,13.5,27.0,0.0,0.0,0.0,0.0,102,Matjes,Hauptspeisen,,MwSt. 7%,1.07,25.233645,1.766355,Normalverkauf
S1000196.18168,SP1000196.3.18168,SY1000196.2026.18168,iPad1(1000196),196,02.06.26 18:28,Prod,A1000196.6160,Tisch 14,105,S1000196.18168,SALE,1,13.5,13.5,0.0,0.0,0.0,0.0,102,Matjes,Hauptspeisen,,MwSt. 7%,1.07,12.616822,0.883178,Normalverkauf
S1000196.18169,SP1000196.3.18169,SY1000196.2026.18169,iPad1(1000196),196,02.06.26 13:32,Prod,A1000196.6161,Tisch 9,105,S1000196.18169,SALE,1,5.9,5.9,0.0,0.0,0.0,0.0,116,Vanillequark,Desserts,,MwSt. 7%,1.07,5.514019,0.385981,Normalverkauf
S1000196.18170,SP1000196.3.18170,SY1000196.2026.18170,iPad1(1000196),196,02.06.26 13:32,Prod,A1000196.6161,Tisch 9,105,S1000196.18170,SALE,1,6.9,6.9,0.0,0.0,0.0,0.0,113,Garnelen Box,Beilagen,,MwSt. 7%,1.07,6.448598,0.451402,Normalverkauf
S1000196.18171,SP1000196.3.18171,SY1000196.2026.18171,iPad1(1000196),196,02.06.26 13:32,Prod,A1000196.6161,Tisch 9,105,S1000196.18171,SALE,1,6.5,6.5,0.0,0.0,0.0,0.0,118,Schokokuchen,Desserts,,MwSt. 7%,1.07,6.074766,0.425234,Normalverkauf
S1000196.18172,SP1000196.3.18172,SY1000196.2026.18172,iPad1(1000196),196,02.06.26 20:14,Prod,A1000196.6162,Tisch 22,115,S1000196.18172,VOID,2,4.9,9.8,0.0,0.0,0.0,0.0,112,Kartoffelwedges,Beilagen,,MwSt. 7%,1.07,9.158879,0.641121,Normalverkauf
S1000196.18173,SP1000196.3.18173,SY1000196.2026.18173,iPad1(1000196),196,02.06.26 20:14,Prod,A1000196.6162,Tisch 22,115,S1000196.18173,VOID,1,3.9,3.9,0.0,0.0,0.0,0.0,119,Cola,Getränke,,MwSt. 19%,1.19,3.277311,0.622689,Normalverkauf
S1000196.18174,SP1000196.3.18174,SY1000196.2026.18174,iPad1(1000196),196,02.06.26 08:04,Prod,A1000196.6163,Tisch 9,105,S1000196.18174,SALE,1,5.5,5.5,0.0,0.0,0.0,0.0,111,Pommes Frites,Beilagen,,MwSt. 7%,1.07,5.140187,0.359813,Normalverkauf
S1000196.18175,SP1000196.3.18175,SY1000196.2026.18175,iPad1(1000196),196,02.06.26 08:04,Prod,A1000196.6163,Tisch 9,105,S1000196.18175,SALE,1,3.9,3.9,0.0,0.0,0.0,0.0,126,Spezi,Getränke,,MwSt. 19%,1.19,3.277311,0.622689,Normalverkauf
S1000196.18176,SP1000196.3.18176,SY1000196.2026.18176,iPad1(1000196),196,02.06.26 08:04,Prod,A1000196.6163,Tisch 9,105,S1000196.18176,SALE,1,5.5,5.5,0.0,0.0,0.0,0.0,114,Fisch Nuggets Box,Beilagen,,MwSt. 7%,1.07,5.140187,0.359813,Normalverkauf
S1000196.18177,SP1000196.3.18177,SY1000196.2026.18177,iPad1(1000196),196,02.06.26 13:57,Prod,A1000196.6164,,116,S1000196.18177,SALE,1,5.9,5.9,0.0,0.0,0.0,0.0,116,Vanillequark,Desserts,,MwSt. 7%,1.07,5.514019,0.385981,Normalverkauf
S1000196.18178,SP1000196.3.18178,SY1000196.2026.18178,iPad1(1000196),196,02.06.26 13:57,Prod,A1000196.6164,,116,S1000196.18178,SALE,1,3.9,3.9,0.0,0.0,0.0,0.0,119,Cola,Getränke,,MwSt. 19%,1.19,3.277311,0.622689,Normalverkauf
S1000196.18179,SP1000196.3.18179,SY1000196.2026.18179,iPad1(1000196),196,02.06.26 13:57,Prod,A1000196.6164,,116,S1000196.18179,SALE,2,5.9,11.8,0.0,0.0,0.0,0.0,117,Rote Grütze,Desserts,,MwSt. 7%,1.07,11.028037,0.771963,Normalverkauf
S1000196.18180,SP1000196.3.18180,SY1000196.2026.18180,iPad1(1000196),196,02.06.26 09:55,Prod,A1000196.6165,,101,S1000196.18180,SALE,1,5.9,5.9,0.0,0.0,0.0,0.0,116,Vanillequark,Desserts,,MwSt. 7%,1.07,5.514019,0.385981,Normalverkauf
S1000196.18181,SP1000196.3.18181,SY1000196.2026.18181,iPad1(1000196),196,02.06.26 09:55,Prod,A1000196.6165,,101,S1000196.18181,SALE,1,6.9,6.9,0.0,0.0,0.0,0.0,113,Garnelen Box,Beilagen,,MwSt. 7%,1.07,6.448598,0.451402,Normalverkauf
S1000196.18182,SP1000196.3.18182,SY1000196.2026.18182,iPad1(1000196),196,02.06.26 18:46,Prod,A1000196.6166,Tisch 15,107,S1000196.18182,SALE,1,3.9,3.9,0.0,0.0,0.0,0.0,127,Alkoholfreies Bier,Getränke,,MwSt. 19%,1.19,3.277311,0.622689,Normalverkauf
S1000196.18183,SP1000196.3.18183,SY1000196.2026.18183,iPad1(1000196),196,02.06.26 18:46,Prod,A1000196.6166,Tisch 15,107,S1000196.18183,SALE,2,10.9,21.8,0.0,0.0,0.0,0.0,107,Chicken Burger,Hauptgerichte,,MwSt. 7%,1.07,20.373832,1.426168,Normalverkauf
S1000196.18184,SP1000196.3.18184,SY1000196.2026.18184,iPad1(1000196),196,02.06.26 18:46,Prod,A1000196.6166,Tisch 15,107,S1000196.18184,SALE,1,3.9,3.9,0.0,0.0,0.0,0.0,119,Cola,Getränke,,MwSt. 19%,1.19,3.277311,0.622689,Normalverkauf
S1000196.18185,SP1000196.3.18185,SY1000196.2026.18185,iPad1(1000196),196,02.06.26 08:00,Prod,A1000196.6167,Tisch 10,107,S1000196.18185,SALE,1,5.5,5.5,0.0,0.0,0.0,0.0,111,Pommes Frites,Beilagen,,MwSt. 7%,1.07,5.140187,0.359813,Normalverkauf
S1000196.18186,SP1000196.3.18186,SY1000196.2026.18186,iPad1(1000196),196,02.06.26 08:00,Prod,A1000196.6167,Tisch 10,107,S1000196.18186,SALE,2,3.2,6.4,0.0,0.0,0.0,0.0,120,Apfelschorle,Getränke,,MwSt. 19%,1.19,5.378151,1.021849,Normalverkauf
S1000196.18187,SP1000196.3.18187,SY1000196.2026.18187,iPad1(1000196),196,02.06.26 08:00,Prod,A1000196.6167,Tisch 10,107,S1000196.18187,SALE,1,3.2,3.2,0.0,0.0,0.0,0.0,120,Apfelschorle,Getränke,,MwSt. 19%,1.19,2.689076,0.510924,Normalverkauf
S1000196.18188,SP1000196.3.18188,SY1000196.2026.18188,iPad1(1000196),196,02.06.26 13:33,Prod,A1000196.6168,,116,S1000196.18188,SALE,2,10.9,21.8,0.0,0.0,0.0,0.0,107,Chicken Burger,Hauptgerichte,,MwSt. 7%,1.07,20.373832,1.426168,Normalverkauf
S1000196.18189,SP1000196.3.18189,SY1000196.2026.18189,iPad1(1000196),196,02.06.26 13:33,Prod,A1000196.6168,,116,S1000196.18189,SALE,1,6.9,6.9,0.0,0.0,0.0,0.0,113,Garnelen Box,Beilagen,,MwSt. 7%,1.07,6.448598,0.451402,Normalverkauf
S1000196.18190,SP1000196.3.18190,SY1000196.2026.18190,iPad1(1000196),196,02.06.26 13:17,Prod,A1000196.6169,Tisch 12,116,S1000196.18190,SALE,1,5.5,5.5,0.0,0.0,0.0,0.0,111,Pommes Frites,Beilagen,,MwSt. 7%,1.07,5.140187,0.359813,Normalverkauf
S1000196.18191,SP1000196.3.18191,SY1000196.2026.18191,iPad1(1000196),196,02.06.26 13:17,Prod,A1000196.6169,Tisch 12,116,S1000196.18191,SALE,1,10.9,10.9,0.0,0.0,0.0,0.0,107,Chicken Burger,Hauptgerichte,,MwSt. 7%,1.07,10.186916,0.713084,Normalverkauf
S1000196.18192,SP1000196.3.18192,SY1000196.2026.18192,iPad1(1000196),196,02.06.26 13:17,Prod,A1000196.6169,Tisch 12,116,S1000196.18192,SALE,2,6.5,13.0,0.0,0.0,0.0,0.0,100,Fischbrötchen Backfisch,Hauptspeisen,,MwSt. 7%,1.07,12.149533,0.850467,Normalverkauf
S1000196.18193,SP1000196.3.18193,SY1000196.2026.18193,iPad1(1000196),196,02.06.26 12:35,Prod,A1000196.6170,Tisch 20,111,S1000196.18193,SALE,2,3.9,7.8,0.0,0.0,0.0,0.0,127,Alkoholfreies Bier,Getränke,,MwSt. 19%,1.19,6.554622,1.245378,Normalverkauf
S1000196.18194,SP1000196.3.18194,SY1000196.2026.18194,iPad1(1000196),196,02.06.26 17:38,Prod,A1000196.6171,Tisch 2,116,S1000196.18194,SALE,1,11.5,11.5,0.0,0.0,0.0,0.0,105,Garnelen-Kimchi-Bruger,Hauptgerichte,,MwSt. 7%,1.07,10.747664,0.752336,Normalverkauf
S1000196.18195,SP1000196.3.18195,SY1000196.2026.18195,iPad1(1000196),196,02.06.26 17:38,Prod,A1000196.6171,Tisch 2,116,S1000196.18195,SALE,2,3.9,7.8,0.0,0.0,0.0,0.0,124,Cola Zero,Getränke,,MwSt. 19%,1.19,6.554622,1.245378,Normalverkauf
S1000196.18196,SP1000196.3.18196,SY1000196.2026.18196,iPad1(1000196),196,02.06.26 19:23,Prod,A1000196.6172,Tisch 24,111,S1000196.18196,VOID,2,11.5,23.0,0.0,0.0,0.0,0.0,105,Garnelen-Kimchi-Bruger,Hauptgerichte,,MwSt. 7%,1.07,21.495327,1.504673,Normalverkauf
S1000196.18197,SP1000196.3.18197,SY1000196.2026.18197,iPad1(1000196),196,02.06.26 19:23,Prod,A1000196.6172,Tisch 24,111,S1000196.18197,VOID,2,10.9,21.8,0.0,0.0,0.0,0.0,107,Chicken Burger,Hauptgerichte,,MwSt. 7%,1.07,20.373832,1.426168,Normalverkauf
S1000196.18198,SP1000196.3.18198,SY1000196.2026.18198,iPad1(1000196),196,02.06.26 12:38,Prod,A1000196.6173,Tisch 22,115,S1000196.18198,SALE,2,3.2,6.4,0.0,0.0,0.0,0.0,120,Apfelschorle,Getränke,,MwSt. 19%,1.19,5.378151,1.021849,Normalverkauf
S1000196.18199,SP1000196.3.18199,SY1000196.2026.18199,iPad1(1000196),196,02.06.26 13:13,Prod,A1000196.6174,Tisch 17,115,S1000196.18199,VOID,2,5.5,11.0,0.0,0.0,0.0,0.0,111,Pommes Frites,Beilagen,,MwSt. 7%,1.07,10.280374,0.719626,Normalverkauf
S1000196.18200,SP1000196.3.18200,SY1000196.2026.18200,iPad1(1000196),196,02.06.26 13:13,Prod,A1000196.6174,Tisch 17,115,S1000196.18200,VOID,1,13.5,13.5,0.0,0.0,0.0,0.0,102,Matjes,Hauptspeisen,,MwSt. 7%,1.07,12.616822,0.883178,Normalverkauf
S1000196.18201,SP1000196.3.18201,SY1000196.2026.18201,iPad1(1000196),196,02.06.26 13:13,Prod,A1000196.6174,Tisch 17,115,S1000196.18201,VOID,1,3.9,3.9,0.0,0.0,0.0,0.0,126,Spezi,Getränke,,MwSt. 19%,1.19,3.277311,0.622689,Normalverkauf
S1000196.18202,SP1000196.3.18202,SY1000196.2026.18202,iPad1(1000196),196,02.06.26 12:16,Prod,A1000196.6175,,106,S1000196.18202,SALE,1,6.5,6.5,0.0,0.0,0.0,0.0,100,Fischbrötchen Backfisch,Hauptspeisen,,MwSt. 7%,1.07,6.074766,0.425234,Normalverkauf
S1000196.18203,SP1000196.3.18203,SY1000196.2026.18203,iPad1(1000196),196,02.06.26 12:16,Prod,A1000196.6175,,106,S1000196.18203,SALE,1,6.9,6.9,0.0,0.0,0.0,0.0,103,Fischbrötchen Räucherlachs,Hauptspeisen,,MwSt. 7%,1.07,6.448598,0.451402,Normalverkauf
S1000196.18204,SP1000196.3.18204,SY1000196.2026.18204,iPad1(1000196),196,02.06.26 12:16,Prod,A1000196.6175,,106,S1000196.18204,SALE,2,3.9,7.8,0.0,0.0,0.0,0.0,119,Cola,Getränke,,MwSt. 19%,1.19,6.554622,1.245378,Normalverkauf
S1000196.18205,SP1000196.3.18205,SY1000196.2026.18205,iPad1(1000196),196,03.06.26 08:43,Prod,A1000196.6176,Tisch 3,116,S1000196.18205,SALE,2,3.9,7.8,0.0,0.0,0.0,0.0,124,Cola Zero,Getränke,,MwSt. 19%,1.19,6.554622,1.245378,Normalverkauf
S1000196.18206,SP1000196.3.18206,SY1000196.2026.18206,iPad1(1000196),196,03.06.26 09:08,Prod,A1000196.6177,Tisch 18,115,S1000196.18206,SALE,2,10.9,21.8,0.0,0.0,0.0,0.0,107,Chicken Burger,Hauptgerichte,,MwSt. 7%,1.07,20.373832,1.426168,Normalverkauf
S1000196.18207,SP1000196.3.18207,SY1000196.2026.18207,iPad1(1000196),196,03.06.26 13:54,Prod,A1000196.6178,Tisch 9,106,S1000196.18207,SALE,2,6.9,13.8,0.0,0.0,0.0,0.0,113,Garnelen Box,Beilagen,,MwSt. 7%,1.07,12.897196,0.902804,Normalverkauf
S1000196.18208,SP1000196.3.18208,SY1000196.2026.18208,iPad1(1000196),196,03.06.26 13:54,Prod,A1000196.6178,Tisch 9,106,S1000196.18208,SALE,1,3.9,3.9,0.0,0.0,0.0,0.0,127,Alkoholfreies Bier,Getränke,,MwSt. 19%,1.19,3.277311,0.622689,Normalverkauf
S1000196.18209,SP1000196.3.18209,SY1000196.2026.18209,iPad1(1000196),196,03.06.26 13:54,Prod,A1000196.6178,Tisch 9,106,S1000196.18209,SALE,1,10.9,10.9,0.0,0.0,0.0,0.0,107,Chicken Burger,Hauptgerichte,,MwSt. 7%,1.07,10.186916,0.713084,Normalverkauf
S1000196.18210,SP1000196.3.18210,SY1000196.2026.18210,iPad1(1000196),196,03.06.26 16:09,Prod,A1000196.6179,Tisch 12,111,S1000196.18210,SALE,2,10.9,21.8,0.0,0.0,0.0,0.0,109,Bismarck-Baguette,Hauptgerichte,,MwSt. 7%,1.07,20.373832,1.426168,Normalverkauf
S1000196.18211,SP1000196.3.18211,SY1000196.2026.18211,iPad1(1000196),196,03.06.26 19:17,Prod,A1000196.6180,Tisch 22,115,S1000196.18211,SALE,2,3.9,7.8,0.0,0.0,0.0,0.0,124,Cola Zero,Getränke,,MwSt. 19%,1.19,6.554622,1.245378,Normalverkauf
S1000196.18212,SP1000196.3.18212,SY1000196.2026.18212,iPad1(1000196),196,03.06.26 19:17,Prod,A1000196.6180,Tisch 22,115,S1000196.18212,SALE,1,5.9,5.9,0.0,0.0,0.0,0.0,117,Rote Grütze,Desserts,,MwSt. 7%,1.07,5.514019,0.385981,Normalverkauf
S1000196.18213,SP1000196.3.18213,SY1000196.2026.18213,iPad1(1000196),196,03.06.26 12:52,Prod,A1000196.6181,Tisch 5,107,S1000196.18213,SALE,1,10.9,10.9,0.0,0.0,0.0,0.0,109,Bismarck-Baguette,Hauptgerichte,,MwSt. 7%,1.07,10.186916,0.713084,Normalverkauf
S1000196.18214,SP1000196.3.18214,SY1000196.2026.18214,iPad1(1000196),196,03.06.26 12:52,Prod,A1000196.6181,Tisch 5,107,S1000196.18214,SALE,2,10.9,21.8,0.0,0.0,0.0,0.0,104,Thunfisch Wrap,Hauptgerichte,,MwSt. 7%,1.07,20.373832,1.426168,Normalverkauf
S1000196.18215,SP1000196.3.18215,SY1000196.2026.18215,iPad1(1000196),196,03.06.26 20:05,Prod,A1000196.6182,Tisch 24,101,S1000196.18215,SALE,2,2.8,5.6,0.0,0.0,0.0,0.0,121,Mineralwasser,Getränke,,MwSt. 19%,1.19,4.705882,0.894118,Normalverkauf
S1000196.18216,SP1000196.3.18216,SY1000196.2026.18216,iPad1(1000196),196,03.06.26 20:05,Prod,A1000196.6182,Tisch 24,101,S1000196.18216,SALE,2,6.9,13.8,0.0,0.0,0.0,0.0,103,Fischbrötchen Räucherlachs,Hauptspeisen,,MwSt. 7%,1.07,12.897196,0.902804,Normalverkauf
S1000196.18217,SP1000196.3.18217,SY1000196.2026.18217,iPad1(1000196),196,03.06.26 20:05,Prod,A1000196.6182,Tisch 24,101,S1000196.18217,SALE,2,10.9,21.8,0.0,0.0,0.0,0.0,107,Chicken Burger,Hauptgerichte,,MwSt. 7%,1.07,20.373832,1.426168,Normalverkauf
S1000196.18218,SP1000196.3.18218,SY1000196.2026.18218,iPad1(1000196),196,03.06.26 12:14,Prod,A1000196.6183,Tisch 8,111,S1000196.18218,SALE,1,3.2,3.2,0.0,0.0,0.0,0.0,120,Apfelschorle,Getränke,,MwSt. 19%,1.19,2.689076,0.510924,Normalverkauf
S1000196.18219,SP1000196.3.18219,SY1000196.2026.18219,iPad1(1000196),196,03.06.26 12:14,Prod,A1000196.6183,Tisch 8,111,S1000196.18219,SALE,1,5.9,5.9,0.0,0.0,0.0,0.0,125,Zitronen-Limonade,Getränke,,MwSt. 19%,1.19,4.957983,0.942017,Normalverkauf
S1000196.18220,SP1000196.3.18220,SY1000196.2026.18220,iPad1(1000196),196,03.06.26 12:14,Prod,A1000196.6183,Tisch 8,111,S1000196.18220,SALE,1,7.9,7.9,0.0,0.0,0.0,0.0,115,Tiramisu,Desserts,,MwSt. 7%,1.07,7.383178,0.516822,Normalverkauf
S1000196.18221,SP1000196.3.18221,SY1000196.2026.18221,iPad1(1000196),196,03.06.26 12:36,Prod,A1000196.6184,,105,S1000196.18221,SALE,1,14.5,14.5,0.0,0.0,0.0,0.0,101,Lachs,Hauptspeisen,,MwSt. 7%,1.07,13.551402,0.948598,Normalverkauf
S1000196.18222,SP1000196.3.18222,SY1000196.2026.18222,iPad1(1000196),196,03.06.26 11:38,Prod,A1000196.6185,Tisch 21,107,S1000196.18222,SALE,1,14.5,14.5,0.0,0.0,0.0,0.0,101,Lachs,Hauptspeisen,,MwSt. 7%,1.07,13.551402,0.948598,Normalverkauf
S1000196.18223,SP1000196.3.18223,SY1000196.2026.18223,iPad1(1000196),196,03.06.26 11:38,Prod,A1000196.6185,Tisch 21,107,S1000196.18223,SALE,2,4.9,9.8,0.0,0.0,0.0,0.0,112,Kartoffelwedges,Beilagen,,MwSt. 7%,1.07,9.158879,0.641121,Normalverkauf
S1000196.18224,SP1000196.3.18224,SY1000196.2026.18224,iPad1(1000196),196,03.06.26 11:38,Prod,A1000196.6185,Tisch 21,107,S1000196.18224,SALE,2,3.9,7.8,0.0,0.0,0.0,0.0,126,Spezi,Getränke,,MwSt. 19%,1.19,6.554622,1.245378,Normalverkauf
S1000196.18225,SP1000196.3.18225,SY1000196.2026.18225,iPad1(1000196),196,03.06.26 19:14,Prod,A1000196.6186,Tisch 8,111,S1000196.18225,SALE,1,10.9,10.9,0.0,0.0,0.0,0.0,104,Thunfisch Wrap,Hauptgerichte,,MwSt. 7%,1.07,10.186916,0.713084,Normalverkauf
S1000196.18226,SP1000196.3.18226,SY1000196.2026.18226,iPad1(1000196),196,03.06.26 19:14,Prod,A1000196.6186,Tisch 8,111,S1000196.18226,SALE,2,5.9,11.8,0.0,0.0,0.0,0.0,125,Zitronen-Limonade,Getränke,,MwSt. 19%,1.19,9.915966,1.884034,Normalverkauf
S1000196.18227,SP1000196.3.18227,SY1000196.2026.18227,iPad1(1000196),196,03.06.26 09:40,Prod,A1000196.6187,Tisch 6,107,S1000196.18227,SALE,1,4.9,4.9,0.0,0.0,0.0,0.0,112,Kartoffelwedges,Beilagen,,MwSt. 7%,1.07,4.579439,0.320561,Normalverkauf
S1000196.18228,SP1000196.3.18228,SY1000196.2026.18228,iPad1(1000196),196,03.06.26 09:40,Prod,A1000196.6187,Tisch 6,107,S1000196.18228,SALE,2,3.9,7.8,0.0,0.0,0.0,0.0,126,Spezi,Getränke,,MwSt. 19%,1.19,6.554622,1.245378,Normalverkauf
S1000196.18229,SP1000196.3.18229,SY1000196.2026.18229,iPad1(1000196),196,03.06.26 09:40,Prod,A1000196.6187,Tisch 6,107,S1000196.18229,SALE,2,3.9,7.8,0.0,0.0,0.0,0.0,127,Alkoholfreies Bier,Getränke,,MwSt. 19%,1.19,6.554622,1.245378,Normalverkauf
S1000196.18230,SP1000196.3.18230,SY1000196.2026.18230,iPad1(1000196),196,03.06.26 14:52,Prod,A1000196.6188,Tisch 13,116,S1000196.18230,SALE,1,6.5,6.5,0.0,0.0,0.0,0.0,118,Schokokuchen,Desserts,,MwSt. 7%,1.07,6.074766,0.425234,Normalverkauf
S1000196.18231,SP1000196.3.18231,SY1000196.2026.18231,iPad1(1000196),196,03.06.26 14:52,Prod,A1000196.6188,Tisch 13,116,S1000196.18231,SALE,1,6.9,6.9,0.0,0.0,0.0,0.0,113,Garnelen Box,Beilagen,,MwSt. 7%,1.07,6.448598,0.451402,Normalverkauf
S1000196.18232,SP1000196.3.18232,SY1000196.2026.18232,iPad1(1000196),196,03.06.26 14:52,Prod,A1000196.6188,Tisch 13,116,S1000196.18232,SALE,2,4.9,9.8,0.0,0.0,0.0,0.0,112,Kartoffelwedges,Beilagen,,MwSt. 7%,1.07,9.158879,0.641121,Normalverkauf
S1000196.18233,SP1000196.3.18233,SY1000196.2026.18233,iPad1(1000196),196,03.06.26 10:35,Prod,A1000196.6189,Tisch 15,116,S1000196.18233,SALE,2,13.5,27.0,0.0,0.0,0.0,0.0,102,Matjes,Hauptspeisen,,MwSt. 7%,1.07,25.233645,1.766355,Normalverkauf
S1000196.18234,SP1000196.3.18234,SY1000196.2026.18234,iPad1(1000196),196,03.06.26 10:35,Prod,A1000196.6189,Tisch 15,116,S1000196.18234,SALE,2,5.9,11.8,0.0,0.0,0.0,0.0,123,Inger-Limonade,Getränke,,MwSt. 19%,1.19,9.915966,1.884034,Normalverkauf
S1000196.18235,SP1000196.3.18235,SY1000196.2026.18235,iPad1(1000196),196,03.06.26 10:35,Prod,A1000196.6189,Tisch 15,116,S1000196.18235,SALE,2,6.5,13.0,0.0,0.0,0.0,0.0,100,Fischbrötchen Backfisch,Hauptspeisen,,MwSt. 7%,1.07,12.149533,0.850467,Normalverkauf
S1000196.18236,SP1000196.3.18236,SY1000196.2026.18236,iPad1(1000196),196,03.06.26 11:43,Prod,A1000196.6190,Tisch 16,101,S1000196.18236,SALE,1,10.9,10.9,0.0,0.0,0.0,0.0,109,Bismarck-Baguette,Hauptgerichte,,MwSt. 7%,1.07,10.186916,0.713084,Normalverkauf
S1000196.18237,SP1000196.3.18237,SY1000196.2026.18237,iPad1(1000196),196,03.06.26 11:43,Prod,A1000196.6190,Tisch 16,101,S1000196.18237,SALE,1,11.5,11.5,0.0,0.0,0.0,0.0,105,Garnelen-Kimchi-Bruger,Hauptgerichte,,MwSt. 7%,1.07,10.747664,0.752336,Normalverkauf
S1000196.18238,SP1000196.3.18238,SY1000196.2026.18238,iPad1(1000196),196,03.06.26 19:29,Prod,A1000196.6191,Tisch 7,111,S1000196.18238,SALE,2,10.9,21.8,0.0,0.0,0.0,0.0,104,Thunfisch Wrap,Hauptgerichte,,MwSt. 7%,1.07,20.373832,1.426168,Normalverkauf
S1000196.18239,SP1000196.3.18239,SY1000196.2026.18239,iPad1(1000196),196,03.06.26 19:29,Prod,A1000196.6191,Tisch 7,111,S1000196.18239,SALE,2,3.9,7.8,0.0,0.0,0.0,0.0,124,Cola Zero,Getränke,,MwSt. 19%,1.19,6.554622,1.245378,Normalverkauf
S1000196.18240,SP1000196.3.18240,SY1000196.2026.18240,iPad1(1000196),196,03.06.26 17:05,Prod,A1000196.6192,Tisch 6,115,S1000196.18240,SALE,1,3.2,3.2,0.0,0.0,0.0,0.0,120,Apfelschorle,Getränke,,MwSt. 19%,1.19,2.689076,0.510924,Normalverkauf
S1000196.18241,SP1000196.3.18241,SY1000196.2026.18241,iPad1(1000196),196,03.06.26 17:05,Prod,A1000196.6192,Tisch 6,115,S1000196.18241,SALE,2,14.5,29.0,0.0,0.0,0.0,0.0,101,Lachs,Hauptspeisen,,MwSt. 7%,1.07,27.102804,1.897196,Normalverkauf
S1000196.18242,SP1000196.3.18242,SY1000196.2026.18242,iPad1(1000196),196,03.06.26 17:05,Prod,A1000196.6192,Tisch 6,115,S1000196.18242,SALE,2,5.5,11.0,0.0,0.0,0.0,0.0,111,Pommes Frites,Beilagen,,MwSt. 7%,1.07,10.280374,0.719626,Normalverkauf
S1000196.18243,SP1000196.3.18243,SY1000196.2026.18243,iPad1(1000196),196,03.06.26 11:42,Prod,A1000196.6193,Tisch 11,116,S1000196.18243,SALE,1,6.5,6.5,0.0,0.0,0.0,0.0,118,Schokokuchen,Desserts,,MwSt. 7%,1.07,6.074766,0.425234,Normalverkauf
S1000196.18244,SP1000196.3.18244,SY1000196.2026.18244,iPad1(1000196),196,03.06.26 11:42,Prod,A1000196.6193,Tisch 11,116,S1000196.18244,SALE,2,5.5,11.0,0.0,0.0,0.0,0.0,111,Pommes Frites,Beilagen,,MwSt. 7%,1.07,10.280374,0.719626,Normalverkauf
S1000196.18245,SP1000196.3.18245,SY1000196.2026.18245,iPad1(1000196),196,03.06.26 11:04,Prod,A1000196.6194,Tisch 23,106,S1000196.18245,SALE,2,4.2,8.4,0.0,0.0,0.0,0.0,122,Bier,Getränke,,MwSt. 19%,1.19,7.058824,1.341176,Normalverkauf
S1000196.18246,SP1000196.3.18246,SY1000196.2026.18246,iPad1(1000196),196,03.06.26 11:04,Prod,A1000196.6194,Tisch 23,106,S1000196.18246,SALE,2,10.9,21.8,0.0,0.0,0.0,0.0,107,Chicken Burger,Hauptgerichte,,MwSt. 7%,1.07,20.373832,1.426168,Normalverkauf
S1000196.18247,SP1000196.3.18247,SY1000196.2026.18247,iPad1(1000196),196,03.06.26 18:57,Prod,A1000196.6195,Tisch 18,116,S1000196.18247,SALE,1,4.9,4.9,0.0,0.0,0.0,0.0,112,Kartoffelwedges,Beilagen,,MwSt. 7%,1.07,4.579439,0.320561,Normalverkauf
S1000196.18248,SP1000196.3.18248,SY1000196.2026.18248,iPad1(1000196),196,03.06.26 16:05,Prod,A1000196.6196,,105,S1000196.18248,SALE,2,4.2,8.4,0.0,0.0,0.0,0.0,122,Bier,Getränke,,MwSt. 19%,1.19,7.058824,1.341176,Normalverkauf
S1000196.18249,SP1000196.3.18249,SY1000196.2026.18249,iPad1(1000196),196,03.06.26 17:24,Prod,A1000196.6197,Tisch 5,116,S1000196.18249,SALE,2,3.9,7.8,0.0,0.0,0.0,0.0,119,Cola,Getränke,,MwSt. 19%,1.19,6.554622,1.245378,Normalverkauf
S1000196.18250,SP1000196.3.18250,SY1000196.2026.18250,iPad1(1000196),196,03.06.26 17:24,Prod,A1000196.6197,Tisch 5,116,S1000196.18250,SALE,1,3.9,3.9,0.0,0.0,0.0,0.0,126,Spezi,Getränke,,MwSt. 19%,1.19,3.277311,0.622689,Normalverkauf
S1000196.18251,SP1000196.3.18251,SY1000196.2026.18251,iPad1(1000196),196,03.06.26 17:24,Prod,A1000196.6197,Tisch 5,116,S1000196.18251,SALE,1,5.9,5.9,0.0,0.0,0.0,0.0,125,Zitronen-Limonade,Getränke,,MwSt. 19%,1.19,4.957983,0.942017,Normalverkauf
S1000196.18252,SP1000196.3.18252,SY1000196.2026.18252,iPad1(1000196),196,03.06.26 19:29,Prod,A1000196.6198,Tisch 10,115,S1000196.18252,SALE,2,5.5,11.0,0.0,0.0,0.0,0.0,111,Pommes Frites,Beilagen,,MwSt. 7%,1.07,10.280374,0.719626,Normalverkauf
S1000196.18253,SP1000196.3.18253,SY1000196.2026.18253,iPad1(1000196),196,03.06.26 19:29,Prod,A1000196.6198,Tisch 10,115,S1000196.18253,SALE,1,5.5,5.5,0.0,0.0,0.0,0.0,111,Pommes Frites,Beilagen,,MwSt. 7%,1.07,5.140187,0.359813,Normalverkauf
S1000196.18254,SP1000196.3.18254,SY1000196.2026.18254,iPad1(1000196),196,03.06.26 19:29,Prod,A1000196.6198,Tisch 10,115,S1000196.18254,SALE,1,5.5,5.5,0.0,0.0,0.0,0.0,111,Pommes Frites,Beilagen,,MwSt. 7%,1.07,5.140187,0.359813,Normalverkauf
S1000196.18255,SP1000196.3.18255,SY1000196.2026.18255,iPad1(1000196),196,03.06.26 15:04,Prod,A1000196.6199,,115,S1000196.18255,SALE,1,5.5,5.5,0.0,0.0,0.0,0.0,111,Pommes Frites,Beilagen,,MwSt. 7%,1.07,5.140187,0.359813,Normalverkauf
S1000196.18256,SP1000196.3.18256,SY1000196.2026.18256,iPad1(1000196),196,03.06.26 15:04,Prod,A1000196.6199,,115,S1000196.18256,SALE,2,3.9,7.8,0.0,0.0,0.0,0.0,124,Cola Zero,Getränke,,MwSt. 19%,1.19,6.554622,1.245378,Normalverkauf
S1000196.18257,SP1000196.3.18257,SY1000196.2026.18257,iPad1(1000196),196,03.06.26 15:04,Prod,A1000196.6199,,115,S1000196.18257,SALE,1,11.5,11.5,0.0,0.0,0.0,0.0,105,Garnelen-Kimchi-Bruger,Hauptgerichte,,MwSt. 7%,1.07,10.747664,0.752336,Normalverkauf
S1000196.18258,SP1000196.3.18258,SY1000196.2026.18258,iPad1(1000196),196,03.06.26 18:43,Prod,A1000196.6200,Tisch 8,105,S1000196.18258,SALE,1,4.2,4.2,0.0,0.0,0.0,0.0,122,Bier,Getränke,,MwSt. 19%,1.19,3.529412,0.670588,Normalverkauf
S1000196.18259,SP1000196.3.18259,SY1000196.2026.18259,iPad1(1000196),196,03.06.26 20:55,Prod,A1000196.6201,Tisch 19,116,S1000196.18259,SALE,1,4.2,4.2,0.0,0.0,0.0,0.0,122,Bier,Getränke,,MwSt. 19%,1.19,3.529412,0.670588,Normalverkauf
S1000196.18260,SP1000196.3.18260,SY1000196.2026.18260,iPad1(1000196),196,03.06.26 17:20,Prod,A1000196.6202,Tisch 1,105,S1000196.18260,VOID,1,5.5,5.5,0.0,0.0,0.0,0.0,114,Fisch Nuggets Box,Beilagen,,MwSt. 7%,1.07,5.140187,0.359813,Normalverkauf
S1000196.18261,SP1000196.3.18261,SY1000196.2026.18261,iPad1(1000196),196,03.06.26 17:20,Prod,A1000196.6202,Tisch 1,105,S1000196.18261,VOID,1,10.9,10.9,0.0,0.0,0.0,0.0,107,Chicken Burger,Hauptgerichte,,MwSt. 7%,1.07,10.186916,0.713084,Normalverkauf
S1000196.18262,SP1000196.3.18262,SY1000196.2026.18262,iPad1(1000196),196,03.06.26 17:20,Prod,A1000196.6202,Tisch 1,105,S1000196.18262,VOID,2,6.9,13.8,0.0,0.0,0.0,0.0,103,Fischbrötchen Räucherlachs,Hauptspeisen,,MwSt. 7%,1.07,12.897196,0.902804,Normalverkauf
S1000196.18263,SP1000196.3.18263,SY1000196.2026.18263,iPad1(1000196),196,03.06.26 18:32,Prod,A1000196.6203,Tisch 8,111,S1000196.18263,SALE,1,10.9,10.9,0.0,0.0,0.0,0.0,107,Chicken Burger,Hauptgerichte,,MwSt. 7%,1.07,10.186916,0.713084,Normalverkauf
S1000196.18264,SP1000196.3.18264,SY1000196.2026.18264,iPad1(1000196),196,03.06.26 18:22,Prod,A1000196.6204,Tisch 19,106,S1000196.18264,SALE,1,3.2,3.2,0.0,0.0,0.0,0.0,120,Apfelschorle,Getränke,,MwSt. 19%,1.19,2.689076,0.510924,Normalverkauf
S1000196.18265,SP1000196.3.18265,SY1000196.2026.18265,iPad1(1000196),196,03.06.26 18:22,Prod,A1000196.6204,Tisch 19,106,S1000196.18265,SALE,2,10.9,21.8,0.0,0.0,0.0,0.0,107,Chicken Burger,Hauptgerichte,,MwSt. 7%,1.07,20.373832,1.426168,Normalverkauf
S1000196.18266,SP1000196.3.18266,SY1000196.2026.18266,iPad1(1000196),196,03.06.26 11:48,Prod,A1000196.6205,,116,S1000196.18266,SALE,2,3.9,7.8,0.0,0.0,0.0,0.0,119,Cola,Getränke,,MwSt. 19%,1.19,6.554622,1.245378,Normalverkauf
S1000196.18267,SP1000196.3.18267,SY1000196.2026.18267,iPad1(1000196),196,03.06.26 18:31,Prod,A1000196.6206,,111,S1000196.18267,SALE,2,3.9,7.8,0.0,0.0,0.0,0.0,127,Alkoholfreies Bier,Getränke,,MwSt. 19%,1.19,6.554622,1.245378,Normalverkauf
S1000196.18268,SP1000196.3.18268,SY1000196.2026.18268,iPad1(1000196),196,03.06.26 11:13,Prod,A1000196.6207,,105,S1000196.18268,SALE,1,10.9,10.9,0.0,0.0,0.0,0.0,109,Bismarck-Baguette,Hauptgerichte,,MwSt. 7%,1.07,10.186916,0.713084,Normalverkauf
S1000196.18269,SP1000196.3.18269,SY1000196.2026.18269,iPad1(1000196),196,03.06.26 11:13,Prod,A1000196.6207,,105,S1000196.18269,SALE,1,7.9,7.9,0.0,0.0,0.0,0.0,115,Tiramisu,Desserts,,MwSt. 7%,1.07,7.383178,0.516822,Normalverkauf
S1000196.18270,SP1000196.3.18270,SY1000196.2026.18270,iPad1(1000196),196,03.06.26 11:13,Prod,A1000196.6207,,105,S1000196.18270,SALE,2,3.9,7.8,0.0,0.0,0.0,0.0,124,Cola Zero,Getränke,,MwSt. 19%,1.19,6.554622,1.245378,Normalverkauf
S1000196.18271,SP1000196.3.18271,SY1000196.2026.18271,iPad1(1000196),196,03.06.26 12:39,Prod,A1000196.6208,Tisch 11,101,S1000196.18271,SALE,1,3.2,3.2,0.0,0.0,0.0,0.0,120,Apfelschorle,Getränke,,MwSt. 19%,1.19,2.689076,0.510924,Normalverkauf
S1000196.18272,SP1000196.3.18272,SY1000196.2026.18272,iPad1(1000196),196,03.06.26 12:39,Prod,A1000196.6208,Tisch 11,101,S1000196.18272,SALE,2,6.9,13.8,0.0,0.0,0.0,0.0,113,Garnelen Box,Beilagen,,MwSt. 7%,1.07,12.897196,0.902804,Normalverkauf
S1000196.18273,SP1000196.3.18273,SY1000196.2026.18273,iPad1(1000196),196,03.06.26 12:39,Prod,A1000196.6208,Tisch 11,101,S1000196.18273,SALE,2,3.9,7.8,0.0,0.0,0.0,0.0,126,Spezi,Getränke,,MwSt. 19%,1.19,6.554622,1.245378,Normalverkauf
S1000196.18274,SP1000196.3.18274,SY1000196.2026.18274,iPad1(1000196),196,03.06.26 13:42,Prod,A1000196.6209,Tisch 17,101,S1000196.18274,SALE,2,4.2,8.4,0.0,0.0,0.0,0.0,122,Bier,Getränke,,MwSt. 19%,1.19,7.058824,1.341176,Normalverkauf
S1000196.18275,SP1000196.3.18275,SY1000196.2026.18275,iPad1(1000196),196,03.06.26 13:42,Prod,A1000196.6209,Tisch 17,101,S1000196.18275,SALE,1,6.9,6.9,0.0,0.0,0.0,0.0,113,Garnelen Box,Beilagen,,MwSt. 7%,1.07,6.448598,0.451402,Normalverkauf
S1000196.18276,SP1000196.3.18276,SY1000196.2026.18276,iPad1(1000196),196,03.06.26 13:42,Prod,A1000196.6209,Tisch 17,101,S1000196.18276,SALE,2,5.5,11.0,0.0,0.0,0.0,0.0,111,Pommes Frites,Beilagen,,MwSt. 7%,1.07,10.280374,0.719626,Normalverkauf
S1000196.18277,SP1000196.3.18277,SY1000196.2026.18277,iPad1(1000196),196,03.06.26 13:30,Prod,A1000196.6210,Tisch 5,105,S1000196.18277,SALE,1,13.5,13.5,0.0,0.0,0.0,0.0,102,Matjes,Hauptspeisen,,MwSt. 7%,1.07,12.616822,0.883178,Normalverkauf
S1000196.18278,SP1000196.3.18278,SY1000196.2026.18278,iPad1(1000196),196,03.06.26 13:30,Prod,A1000196.6210,Tisch 5,105,S1000196.18278,SALE,2,6.5,13.0,0.0,0.0,0.0,0.0,100,Fischbrötchen Backfisch,Hauptspeisen,,MwSt. 7%,1.07,12.149533,0.850467,Normalverkauf
S1000196.18279,SP1000196.3.18279,SY1000196.2026.18279,iPad1(1000196),196,03.06.26 13:30,Prod,A1000196.6210,Tisch 5,105,S1000196.18279,SALE,2,5.9,11.8,0.0,0.0,0.0,0.0,116,Vanillequark,Desserts,,MwSt. 7%,1.07,11.028037,0.771963,Normalverkauf
S1000196.18280,SP1000196.3.18280,SY1000196.2026.18280,iPad1(1000196),196,03.06.26 19:27,Prod,A1000196.6211,,107,S1000196.18280,SALE,2,5.5,11.0,0.0,0.0,0.0,0.0,114,Fisch Nuggets Box,Beilagen,,MwSt. 7%,1.07,10.280374,0.719626,Normalverkauf
S1000196.18281,SP1000196.3.18281,SY1000196.2026.18281,iPad1(1000196),196,03.06.26 16:13,Prod,A1000196.6212,Tisch 1,111,S1000196.18281,SALE,1,13.5,13.5,0.0,0.0,0.0,0.0,102,Matjes,Hauptspeisen,,MwSt. 7%,1.07,12.616822,0.883178,Normalverkauf
S1000196.18282,SP1000196.3.18282,SY1000196.2026.18282,iPad1(1000196),196,03.06.26 11:21,Prod,A1000196.6213,Tisch 11,107,S1000196.18282,SALE,2,4.2,8.4,0.0,0.0,0.0,0.0,122,Bier,Getränke,,MwSt. 19%,1.19,7.058824,1.341176,Normalverkauf
S1000196.18283,SP1000196.3.18283,SY1000196.2026.18283,iPad1(1000196),196,03.06.26 19:01,Prod,A1000196.6214,Tisch 18,106,S1000196.18283,SALE,2,3.9,7.8,0.0,0.0,0.0,0.0,124,Cola Zero,Getränke,,MwSt. 19%,1.19,6.554622,1.245378,Normalverkauf
S1000196.18284,SP1000196.3.18284,SY1000196.2026.18284,iPad1(1000196),196,03.06.26 19:01,Prod,A1000196.6214,Tisch 18,106,S1000196.18284,SALE,1,10.9,10.9,0.0,0.0,0.0,0.0,107,Chicken Burger,Hauptgerichte,,MwSt. 7%,1.07,10.186916,0.713084,Normalverkauf
S1000196.18285,SP1000196.3.18285,SY1000196.2026.18285,iPad1(1000196),196,03.06.26 19:01,Prod,A1000196.6214,Tisch 18,106,S1000196.18285,SALE,1,2.8,2.8,0.0,0.0,0.0,0.0,121,Mineralwasser,Getränke,,MwSt. 19%,1.19,2.352941,0.447059,Normalverkauf
S1000196.18286,SP1000196.3.18286,SY1000196.2026.18286,iPad1(1000196),196,03.06.26 19:25,Prod,A1000196.6215,Tisch 3,107,S1000196.18286,VOID,1,9.8,9.8,0.0,0.0,0.0,0.0,108,Seelachs-Ei-Baugette,Hauptgerichte,,MwSt. 7%,1.07,9.158879,0.641121,Normalverkauf
S1000196.18287,SP1000196.3.18287,SY1000196.2026.18287,iPad1(1000196),196,03.06.26 19:25,Prod,A1000196.6215,Tisch 3,107,S1000196.18287,VOID,1,6.9,6.9,0.0,0.0,0.0,0.0,103,Fischbrötchen Räucherlachs,Hauptspeisen,,MwSt. 7%,1.07,6.448598,0.451402,Normalverkauf
S1000196.18288,SP1000196.3.18288,SY1000196.2026.18288,iPad1(1000196),196,03.06.26 19:25,Prod,A1000196.6215,Tisch 3,107,S1000196.18288,VOID,1,9.8,9.8,0.0,0.0,0.0,0.0,108,Seelachs-Ei-Baugette,Hauptgerichte,,MwSt. 7%,1.07,9.158879,0.641121,Normalverkauf
S1000196.18289,SP1000196.3.18289,SY1000196.2026.18289,iPad1(1000196),196,03.06.26 17:04,Prod,A1000196.6216,Tisch 3,111,S1000196.18289,SALE,2,6.9,13.8,0.0,0.0,0.0,0.0,103,Fischbrötchen Räucherlachs,Hauptspeisen,,MwSt. 7%,1.07,12.897196,0.902804,Normalverkauf
S1000196.18290,SP1000196.3.18290,SY1000196.2026.18290,iPad1(1000196),196,03.06.26 17:04,Prod,A1000196.6216,Tisch 3,111,S1000196.18290,SALE,1,10.9,10.9,0.0,0.0,0.0,0.0,107,Chicken Burger,Hauptgerichte,,MwSt. 7%,1.07,10.186916,0.713084,Normalverkauf
S1000196.18291,SP1000196.3.18291,SY1000196.2026.18291,iPad1(1000196),196,03.06.26 17:04,Prod,A1000196.6216,Tisch 3,111,S1000196.18291,SALE,2,3.9,7.8,0.0,0.0,0.0,0.0,124,Cola Zero,Getränke,,MwSt. 19%,1.19,6.554622,1.245378,Normalverkauf
S1000196.18292,SP1000196.3.18292,SY1000196.2026.18292,iPad1(1000196),196,03.06.26 18:05,Prod,A1000196.6217,Tisch 11,106,S1000196.18292,VOID,2,13.5,27.0,0.0,0.0,0.0,0.0,102,Matjes,Hauptspeisen,,MwSt. 7%,1.07,25.233645,1.766355,Normalverkauf
S1000196.18293,SP1000196.3.18293,SY1000196.2026.18293,iPad1(1000196),196,03.06.26 18:05,Prod,A1000196.6217,Tisch 11,106,S1000196.18293,VOID,1,2.8,2.8,0.0,0.0,0.0,0.0,121,Mineralwasser,Getränke,,MwSt. 19%,1.19,2.352941,0.447059,Normalverkauf
S1000196.18294,SP1000196.3.18294,SY1000196.2026.18294,iPad1(1000196),196,03.06.26 18:05,Prod,A1000196.6217,Tisch 11,106,S1000196.18294,VOID,1,7.9,7.9,0.0,0.0,0.0,0.0,115,Tiramisu,Desserts,,MwSt. 7%,1.07,7.383178,0.516822,Normalverkauf
S1000196.18295,SP1000196.3.18295,SY1000196.2026.18295,iPad1(1000196),196,03.06.26 17:57,Prod,A1000196.6218,Tisch 18,106,S1000196.18295,SALE,2,5.9,11.8,0.0,0.0,0.0,0.0,123,Inger-Limonade,Getränke,,MwSt. 19%,1.19,9.915966,1.884034,Normalverkauf
S1000196.18296,SP1000196.3.18296,SY1000196.2026.18296,iPad1(1000196),196,03.06.26 12:06,Prod,A1000196.6219,Tisch 14,105,S1000196.18296,VOID,2,10.9,21.8,0.0,0.0,0.0,0.0,109,Bismarck-Baguette,Hauptgerichte,,MwSt. 7%,1.07,20.373832,1.426168,Normalverkauf
S1000196.18297,SP1000196.3.18297,SY1000196.2026.18297,iPad1(1000196),196,03.06.26 17:06,Prod,A1000196.6220,Tisch 8,115,S1000196.18297,SALE,1,10.9,10.9,0.0,0.0,0.0,0.0,109,Bismarck-Baguette,Hauptgerichte,,MwSt. 7%,1.07,10.186916,0.713084,Normalverkauf
S1000196.18298,SP1000196.3.18298,SY1000196.2026.18298,iPad1(1000196),196,03.06.26 17:06,Prod,A1000196.6220,Tisch 8,115,S1000196.18298,SALE,2,4.2,8.4,0.0,0.0,0.0,0.0,122,Bier,Getränke,,MwSt. 19%,1.19,7.058824,1.341176,Normalverkauf
S1000196.18299,SP1000196.3.18299,SY1000196.2026.18299,iPad1(1000196),196,03.06.26 17:06,Prod,A1000196.6220,Tisch 8,115,S1000196.18299,SALE,2,11.5,23.0,0.0,0.0,0.0,0.0,105,Garnelen-Kimchi-Bruger,Hauptgerichte,,MwSt. 7%,1.07,21.495327,1.504673,Normalverkauf
S1000196.18300,SP1000196.3.18300,SY1000196.2026.18300,iPad1(1000196),196,03.06.26 13:02,Prod,A1000196.6221,Tisch 6,116,S1000196.18300,SALE,1,6.9,6.9,0.0,0.0,0.0,0.0,103,Fischbrötchen Räucherlachs,Hauptspeisen,,MwSt. 7%,1.07,6.448598,0.451402,Normalverkauf
S1000196.18301,SP1000196.3.18301,SY1000196.2026.18301,iPad1(1000196),196,03.06.26 13:02,Prod,A1000196.6221,Tisch 6,116,S1000196.18301,SALE,1,7.9,7.9,0.0,0.0,0.0,0.0,106,Neptun-Ringe,Beilagen,,MwSt. 7%,1.07,7.383178,0.516822,Normalverkauf
S1000196.18302,SP1000196.3.18302,SY1000196.2026.18302,iPad1(1000196),196,03.06.26 16:17,Prod,A1000196.6222,Tisch 8,107,S1000196.18302,SALE,1,7.9,7.9,0.0,0.0,0.0,0.0,106,Neptun-Ringe,Beilagen,,MwSt. 7%,1.07,7.383178,0.516822,Normalverkauf
S1000196.18303,SP1000196.3.18303,SY1000196.2026.18303,iPad1(1000196),196,03.06.26 16:27,Prod,A1000196.6223,Tisch 4,107,S1000196.18303,SALE,2,3.9,7.8,0.0,0.0,0.0,0.0,124,Cola Zero,Getränke,,MwSt. 19%,1.19,6.554622,1.245378,Normalverkauf
S1000196.18304,SP1000196.3.18304,SY1000196.2026.18304,iPad1(1000196),196,03.06.26 12:16,Prod,A1000196.6224,Tisch 11,107,S1000196.18304,SALE,2,6.9,13.8,0.0,0.0,0.0,0.0,103,Fischbrötchen Räucherlachs,Hauptspeisen,,MwSt. 7%,1.07,12.897196,0.902804,Normalverkauf
S1000196.18305,SP1000196.3.18305,SY1000196.2026.18305,iPad1(1000196),196,03.06.26 17:53,Prod,A1000196.6225,Tisch 1,107,S1000196.18305,SALE,1,5.9,5.9,0.0,0.0,0.0,0.0,125,Zitronen-Limonade,Getränke,,MwSt. 19%,1.19,4.957983,0.942017,Normalverkauf
S1000196.18306,SP1000196.3.18306,SY1000196.2026.18306,iPad1(1000196),196,03.06.26 17:53,Prod,A1000196.6225,Tisch 1,107,S1000196.18306,SALE,1,6.9,6.9,0.0,0.0,0.0,0.0,113,Garnelen Box,Beilagen,,MwSt. 7%,1.07,6.448598,0.451402,Normalverkauf
S1000196.18307,SP1000196.3.18307,SY1000196.2026.18307,iPad1(1000196),196,03.06.26 17:53,Prod,A1000196.6225,Tisch 1,107,S1000196.18307,SALE,1,4.2,4.2,0.0,0.0,0.0,0.0,122,Bier,Getränke,,MwSt. 19%,1.19,3.529412,0.670588,Normalverkauf
S1000196.18308,SP1000196.3.18308,SY1000196.2026.18308,iPad1(1000196),196,03.06.26 20:33,Prod,A1000196.6226,Tisch 17,115,S1000196.18308,VOID,2,5.9,11.8,0.0,0.0,0.0,0.0,117,Rote Grütze,Desserts,,MwSt. 7%,1.07,11.028037,0.771963,Normalverkauf
S1000196.18309,SP1000196.3.18309,SY1000196.2026.18309,iPad1(1000196),196,03.06.26 11:42,Prod,A1000196.6227,Tisch 22,115,S1000196.18309,SALE,2,11.9,23.8,0.0,0.0,0.0,0.0,110,Matjes-Baguette,Hauptgerichte,,MwSt. 7%,1.07,22.242991,1.557009,Normalverkauf
S1000196.18310,SP1000196.3.18310,SY1000196.2026.18310,iPad1(1000196),196,03.06.26 11:42,Prod,A1000196.6227,Tisch 22,115,S1000196.18310,SALE,2,6.5,13.0,0.0,0.0,0.0,0.0,118,Schokokuchen,Desserts,,MwSt. 7%,1.07,12.149533,0.850467,Normalverkauf
S1000196.18311,SP1000196.3.18311,SY1000196.2026.18311,iPad1(1000196),196,03.06.26 16:25,Prod,A1000196.6228,Tisch 20,101,S1000196.18311,SALE,2,10.9,21.8,0.0,0.0,0.0,0.0,107,Chicken Burger,Hauptgerichte,,MwSt. 7%,1.07,20.373832,1.426168,Normalverkauf
S1000196.18312,SP1000196.3.18312,SY1000196.2026.18312,iPad1(1000196),196,03.06.26 19:32,Prod,A1000196.6229,Tisch 16,107,S1000196.18312,SALE,1,5.5,5.5,0.0,0.0,0.0,0.0,111,Pommes Frites,Beilagen,,MwSt. 7%,1.07,5.140187,0.359813,Normalverkauf
S1000196.18313,SP1000196.3.18313,SY1000196.2026.18313,iPad1(1000196),196,03.06.26 19:32,Prod,A1000196.6229,Tisch 16,107,S1000196.18313,SALE,1,9.8,9.8,0.0,0.0,0.0,0.0,108,Seelachs-Ei-Baugette,Hauptgerichte,,MwSt. 7%,1.07,9.158879,0.641121,Normalverkauf
S1000196.18314,SP1000196.3.18314,SY1000196.2026.18314,iPad1(1000196),196,03.06.26 19:38,Prod,A1000196.6230,Tisch 13,105,S1000196.18314,SALE,2,3.9,7.8,0.0,0.0,0.0,0.0,119,Cola,Getränke,,MwSt. 19%,1.19,6.554622,1.245378,Normalverkauf
S1000196.18315,SP1000196.3.18315,SY1000196.2026.18315,iPad1(1000196),196,03.06.26 19:38,Prod,A1000196.6230,Tisch 13,105,S1000196.18315,SALE,1,4.9,4.9,0.0,0.0,0.0,0.0,112,Kartoffelwedges,Beilagen,,MwSt. 7%,1.07,4.579439,0.320561,Normalverkauf
S1000196.18316,SP1000196.3.18316,SY1000196.2026.18316,iPad1(1000196),196,03.06.26 12:23,Prod,A1000196.6231,Tisch 6,111,S1000196.18316,SALE,1,5.5,5.5,0.0,0.0,0.0,0.0,111,Pommes Frites,Beilagen,,MwSt. 7%,1.07,5.140187,0.359813,Normalverkauf
S1000196.18317,SP1000196.3.18317,SY1000196.2026.18317,iPad1(1000196),196,03.06.26 12:23,Prod,A1000196.6231,Tisch 6,111,S1000196.18317,SALE,1,13.5,13.5,0.0,0.0,0.0,0.0,102,Matjes,Hauptspeisen,,MwSt. 7%,1.07,12.616822,0.883178,Normalverkauf
S1000196.18318,SP1000196.3.18318,SY1000196.2026.18318,iPad1(1000196),196,03.06.26 12:23,Prod,A1000196.6231,Tisch 6,111,S1000196.18318,SALE,1,10.9,10.9,0.0,0.0,0.0,0.0,107,Chicken Burger,Hauptgerichte,,MwSt. 7%,1.07,10.186916,0.713084,Normalverkauf
S1000196.18319,SP1000196.3.18319,SY1000196.2026.18319,iPad1(1000196),196,03.06.26 13:30,Prod,A1000196.6232,Tisch 6,106,S1000196.18319,SALE,2,5.5,11.0,0.0,0.0,0.0,0.0,111,Pommes Frites,Beilagen,,MwSt. 7%,1.07,10.280374,0.719626,Normalverkauf
S1000196.18320,SP1000196.3.18320,SY1000196.2026.18320,iPad1(1000196),196,03.06.26 19:31,Prod,A1000196.6233,Tisch 19,106,S1000196.18320,SALE,2,3.9,7.8,0.0,0.0,0.0,0.0,119,Cola,Getränke,,MwSt. 19%,1.19,6.554622,1.245378,Normalverkauf
S1000196.18321,SP1000196.3.18321,SY1000196.2026.18321,iPad1(1000196),196,03.06.26 19:31,Prod,A1000196.6233,Tisch 19,106,S1000196.18321,SALE,1,3.2,3.2,0.0,0.0,0.0,0.0,120,Apfelschorle,Getränke,,MwSt. 19%,1.19,2.689076,0.510924,Normalverkauf
S1000196.18322,SP1000196.3.18322,SY1000196.2026.18322,iPad1(1000196),196,03.06.26 19:31,Prod,A1000196.6233,Tisch 19,106,S1000196.18322,SALE,1,3.9,3.9,0.0,0.0,0.0,0.0,119,Cola,Getränke,,MwSt. 19%,1.19,3.277311,0.622689,Normalverkauf
S1000196.18323,SP1000196.3.18323,SY1000196.2026.18323,iPad1(1000196),196,03.06.26 13:08,Prod,A1000196.6234,Tisch 11,107,S1000196.18323,SALE,1,5.5,5.5,0.0,0.0,0.0,0.0,114,Fisch Nuggets Box,Beilagen,,MwSt. 7%,1.07,5.140187,0.359813,Normalverkauf
S1000196.18324,SP1000196.3.18324,SY1000196.2026.18324,iPad1(1000196),196,03.06.26 12:27,Prod,A1000196.6235,Tisch 1,101,S1000196.18324,VOID,2,7.9,15.8,0.0,0.0,0.0,0.0,115,Tiramisu,Desserts,,MwSt. 7%,1.07,14.766355,1.033645,Normalverkauf
S1000196.18325,SP1000196.3.18325,SY1000196.2026.18325,iPad1(1000196),196,03.06.26 12:27,Prod,A1000196.6235,Tisch 1,101,S1000196.18325,VOID,2,10.9,21.8,0.0,0.0,0.0,0.0,107,Chicken Burger,Hauptgerichte,,MwSt. 7%,1.07,20.373832,1.426168,Normalverkauf
S1000196.18326,SP1000196.3.18326,SY1000196.2026.18326,iPad1(1000196),196,03.06.26 12:27,Prod,A1000196.6235,Tisch 1,101,S1000196.18326,VOID,1,3.2,3.2,0.0,0.0,0.0,0.0,120,Apfelschorle,Getränke,,MwSt. 19%,1.19,2.689076,0.510924,Normalverkauf
S1000196.18327,SP1000196.3.18327,SY1000196.2026.18327,iPad1(1000196),196,04.06.26 15:26,Prod,A1000196.6236,Tisch 10,101,S1000196.18327,SALE,2,4.2,8.4,0.0,0.0,0.0,0.0,122,Bier,Getränke,,MwSt. 19%,1.19,7.058824,1.341176,Normalverkauf
S1000196.18328,SP1000196.3.18328,SY1000196.2026.18328,iPad1(1000196),196,04.06.26 15:26,Prod,A1000196.6236,Tisch 10,101,S1000196.18328,SALE,1,5.9,5.9,0.0,0.0,0.0,0.0,125,Zitronen-Limonade,Getränke,,MwSt. 19%,1.19,4.957983,0.942017,Normalverkauf
S1000196.18329,SP1000196.3.18329,SY1000196.2026.18329,iPad1(1000196),196,04.06.26 15:26,Prod,A1000196.6236,Tisch 10,101,S1000196.18329,SALE,2,5.5,11.0,0.0,0.0,0.0,0.0,111,Pommes Frites,Beilagen,,MwSt. 7%,1.07,10.280374,0.719626,Normalverkauf
S1000196.18330,SP1000196.3.18330,SY1000196.2026.18330,iPad1(1000196),196,04.06.26 18:55,Prod,A1000196.6237,,115,S1000196.18330,SALE,2,10.9,21.8,0.0,0.0,0.0,0.0,107,Chicken Burger,Hauptgerichte,,MwSt. 7%,1.07,20.373832,1.426168,Normalverkauf
S1000196.18331,SP1000196.3.18331,SY1000196.2026.18331,iPad1(1000196),196,04.06.26 18:55,Prod,A1000196.6237,,115,S1000196.18331,SALE,2,5.9,11.8,0.0,0.0,0.0,0.0,117,Rote Grütze,Desserts,,MwSt. 7%,1.07,11.028037,0.771963,Normalverkauf
S1000196.18332,SP1000196.3.18332,SY1000196.2026.18332,iPad1(1000196),196,04.06.26 11:31,Prod,A1000196.6238,Tisch 22,107,S1000196.18332,SALE,1,5.9,5.9,0.0,0.0,0.0,0.0,125,Zitronen-Limonade,Getränke,,MwSt. 19%,1.19,4.957983,0.942017,Normalverkauf
S1000196.18333,SP1000196.3.18333,SY1000196.2026.18333,iPad1(1000196),196,04.06.26 11:31,Prod,A1000196.6238,Tisch 22,107,S1000196.18333,SALE,1,3.9,3.9,0.0,0.0,0.0,0.0,124,Cola Zero,Getränke,,MwSt. 19%,1.19,3.277311,0.622689,Normalverkauf
S1000196.18334,SP1000196.3.18334,SY1000196.2026.18334,iPad1(1000196),196,04.06.26 11:31,Prod,A1000196.6238,Tisch 22,107,S1000196.18334,SALE,2,4.2,8.4,0.0,0.0,0.0,0.0,122,Bier,Getränke,,MwSt. 19%,1.19,7.058824,1.341176,Normalverkauf
S1000196.18335,SP1000196.3.18335,SY1000196.2026.18335,iPad1(1000196),196,04.06.26 17:49,Prod,A1000196.6239,Tisch 11,106,S1000196.18335,SALE,2,11.5,23.0,0.0,0.0,0.0,0.0,105,Garnelen-Kimchi-Bruger,Hauptgerichte,,MwSt. 7%,1.07,21.495327,1.504673,Normalverkauf
S1000196.18336,SP1000196.3.18336,SY1000196.2026.18336,iPad1(1000196),196,04.06.26 17:49,Prod,A1000196.6239,Tisch 11,106,S1000196.18336,SALE,2,5.9,11.8,0.0,0.0,0.0,0.0,123,Inger-Limonade,Getränke,,MwSt. 19%,1.19,9.915966,1.884034,Normalverkauf
S1000196.18337,SP1000196.3.18337,SY1000196.2026.18337,iPad1(1000196),196,04.06.26 10:52,Prod,A1000196.6240,Tisch 23,101,S1000196.18337,SALE,2,3.9,7.8,0.0,0.0,0.0,0.0,127,Alkoholfreies Bier,Getränke,,MwSt. 19%,1.19,6.554622,1.245378,Normalverkauf
S1000196.18338,SP1000196.3.18338,SY1000196.2026.18338,iPad1(1000196),196,04.06.26 10:52,Prod,A1000196.6240,Tisch 23,101,S1000196.18338,SALE,1,6.9,6.9,0.0,0.0,0.0,0.0,113,Garnelen Box,Beilagen,,MwSt. 7%,1.07,6.448598,0.451402,Normalverkauf
S1000196.18339,SP1000196.3.18339,SY1000196.2026.18339,iPad1(1000196),196,04.06.26 10:52,Prod,A1000196.6240,Tisch 23,101,S1000196.18339,SALE,2,3.2,6.4,0.0,0.0,0.0,0.0,120,Apfelschorle,Getränke,,MwSt. 19%,1.19,5.378151,1.021849,Normalverkauf
S1000196.18340,SP1000196.3.18340,SY1000196.2026.18340,iPad1(1000196),196,04.06.26 10:51,Prod,A1000196.6241,Tisch 16,116,S1000196.18340,SALE,1,9.8,9.8,0.0,0.0,0.0,0.0,108,Seelachs-Ei-Baugette,Hauptgerichte,,MwSt. 7%,1.07,9.158879,0.641121,Normalverkauf
S1000196.18341,SP1000196.3.18341,SY1000196.2026.18341,iPad1(1000196),196,04.06.26 10:51,Prod,A1000196.6241,Tisch 16,116,S1000196.18341,SALE,1,3.9,3.9,0.0,0.0,0.0,0.0,124,Cola Zero,Getränke,,MwSt. 19%,1.19,3.277311,0.622689,Normalverkauf
S1000196.18342,SP1000196.3.18342,SY1000196.2026.18342,iPad1(1000196),196,04.06.26 10:51,Prod,A1000196.6241,Tisch 16,116,S1000196.18342,SALE,2,5.9,11.8,0.0,0.0,0.0,0.0,116,Vanillequark,Desserts,,MwSt. 7%,1.07,11.028037,0.771963,Normalverkauf
S1000196.18343,SP1000196.3.18343,SY1000196.2026.18343,iPad1(1000196),196,04.06.26 14:41,Prod,A1000196.6242,Tisch 6,106,S1000196.18343,SALE,1,3.9,3.9,0.0,0.0,0.0,0.0,126,Spezi,Getränke,,MwSt. 19%,1.19,3.277311,0.622689,Normalverkauf
S1000196.18344,SP1000196.3.18344,SY1000196.2026.18344,iPad1(1000196),196,04.06.26 14:41,Prod,A1000196.6242,Tisch 6,106,S1000196.18344,SALE,2,13.5,27.0,0.0,0.0,0.0,0.0,102,Matjes,Hauptspeisen,,MwSt. 7%,1.07,25.233645,1.766355,Normalverkauf
S1000196.18345,SP1000196.3.18345,SY1000196.2026.18345,iPad1(1000196),196,04.06.26 14:41,Prod,A1000196.6242,Tisch 6,106,S1000196.18345,SALE,1,6.9,6.9,0.0,0.0,0.0,0.0,113,Garnelen Box,Beilagen,,MwSt. 7%,1.07,6.448598,0.451402,Normalverkauf
S1000196.18346,SP1000196.3.18346,SY1000196.2026.18346,iPad1(1000196),196,04.06.26 20:38,Prod,A1000196.6243,Tisch 10,115,S1000196.18346,SALE,1,3.9,3.9,0.0,0.0,0.0,0.0,126,Spezi,Getränke,,MwSt. 19%,1.19,3.277311,0.622689,Normalverkauf
S1000196.18347,SP1000196.3.18347,SY1000196.2026.18347,iPad1(1000196),196,04.06.26 18:19,Prod,A1000196.6244,,116,S1000196.18347,SALE,2,11.9,23.8,0.0,0.0,0.0,0.0,110,Matjes-Baguette,Hauptgerichte,,MwSt. 7%,1.07,22.242991,1.557009,Normalverkauf
S1000196.18348,SP1000196.3.18348,SY1000196.2026.18348,iPad1(1000196),196,04.06.26 18:19,Prod,A1000196.6244,,116,S1000196.18348,SALE,1,9.8,9.8,0.0,0.0,0.0,0.0,108,Seelachs-Ei-Baugette,Hauptgerichte,,MwSt. 7%,1.07,9.158879,0.641121,Normalverkauf
S1000196.18349,SP1000196.3.18349,SY1000196.2026.18349,iPad1(1000196),196,04.06.26 20:33,Prod,A1000196.6245,Tisch 9,101,S1000196.18349,SALE,2,5.5,11.0,0.0,0.0,0.0,0.0,111,Pommes Frites,Beilagen,,MwSt. 7%,1.07,10.280374,0.719626,Normalverkauf
S1000196.18350,SP1000196.3.18350,SY1000196.2026.18350,iPad1(1000196),196,04.06.26 20:33,Prod,A1000196.6245,Tisch 9,101,S1000196.18350,SALE,1,2.8,2.8,0.0,0.0,0.0,0.0,121,Mineralwasser,Getränke,,MwSt. 19%,1.19,2.352941,0.447059,Normalverkauf
S1000196.18351,SP1000196.3.18351,SY1000196.2026.18351,iPad1(1000196),196,04.06.26 18:28,Prod,A1000196.6246,Tisch 1,106,S1000196.18351,VOID,2,5.9,11.8,0.0,0.0,0.0,0.0,123,Inger-Limonade,Getränke,,MwSt. 19%,1.19,9.915966,1.884034,Normalverkauf
S1000196.18352,SP1000196.3.18352,SY1000196.2026.18352,iPad1(1000196),196,04.06.26 18:28,Prod,A1000196.6246,Tisch 1,106,S1000196.18352,VOID,1,3.9,3.9,0.0,0.0,0.0,0.0,124,Cola Zero,Getränke,,MwSt. 19%,1.19,3.277311,0.622689,Normalverkauf
S1000196.18353,SP1000196.3.18353,SY1000196.2026.18353,iPad1(1000196),196,04.06.26 18:28,Prod,A1000196.6246,Tisch 1,106,S1000196.18353,VOID,1,3.9,3.9,0.0,0.0,0.0,0.0,119,Cola,Getränke,,MwSt. 19%,1.19,3.277311,0.622689,Normalverkauf
S1000196.18354,SP1000196.3.18354,SY1000196.2026.18354,iPad1(1000196),196,04.06.26 19:42,Prod,A1000196.6247,Tisch 15,106,S1000196.18354,SALE,2,5.5,11.0,0.0,0.0,0.0,0.0,111,Pommes Frites,Beilagen,,MwSt. 7%,1.07,10.280374,0.719626,Normalverkauf
S1000196.18355,SP1000196.3.18355,SY1000196.2026.18355,iPad1(1000196),196,04.06.26 20:41,Prod,A1000196.6248,Tisch 10,111,S1000196.18355,SALE,2,3.2,6.4,0.0,0.0,0.0,0.0,120,Apfelschorle,Getränke,,MwSt. 19%,1.19,5.378151,1.021849,Normalverkauf
S1000196.18356,SP1000196.3.18356,SY1000196.2026.18356,iPad1(1000196),196,04.06.26 20:41,Prod,A1000196.6248,Tisch 10,111,S1000196.18356,SALE,1,4.9,4.9,0.0,0.0,0.0,0.0,112,Kartoffelwedges,Beilagen,,MwSt. 7%,1.07,4.579439,0.320561,Normalverkauf
S1000196.18357,SP1000196.3.18357,SY1000196.2026.18357,iPad1(1000196),196,04.06.26 20:41,Prod,A1000196.6248,Tisch 10,111,S1000196.18357,SALE,1,11.9,11.9,0.0,0.0,0.0,0.0,110,Matjes-Baguette,Hauptgerichte,,MwSt. 7%,1.07,11.121495,0.778505,Normalverkauf
S1000196.18358,SP1000196.3.18358,SY1000196.2026.18358,iPad1(1000196),196,04.06.26 12:52,Prod,A1000196.6249,Tisch 15,107,S1000196.18358,SALE,2,5.9,11.8,0.0,0.0,0.0,0.0,125,Zitronen-Limonade,Getränke,,MwSt. 19%,1.19,9.915966,1.884034,Normalverkauf
S1000196.18359,SP1000196.3.18359,SY1000196.2026.18359,iPad1(1000196),196,04.06.26 13:16,Prod,A1000196.6250,,115,S1000196.18359,SALE,1,3.2,3.2,0.0,0.0,0.0,0.0,120,Apfelschorle,Getränke,,MwSt. 19%,1.19,2.689076,0.510924,Normalverkauf
S1000196.18360,SP1000196.3.18360,SY1000196.2026.18360,iPad1(1000196),196,04.06.26 13:16,Prod,A1000196.6250,,115,S1000196.18360,SALE,2,14.5,29.0,0.0,0.0,0.0,0.0,101,Lachs,Hauptspeisen,,MwSt. 7%,1.07,27.102804,1.897196,Normalverkauf
S1000196.18361,SP1000196.3.18361,SY1000196.2026.18361,iPad1(1000196),196,04.06.26 13:16,Prod,A1000196.6250,,115,S1000196.18361,SALE,1,2.8,2.8,0.0,0.0,0.0,0.0,121,Mineralwasser,Getränke,,MwSt. 19%,1.19,2.352941,0.447059,Normalverkauf
S1000196.18362,SP1000196.3.18362,SY1000196.2026.18362,iPad1(1000196),196,04.06.26 13:36,Prod,A1000196.6251,Tisch 11,101,S1000196.18362,SALE,2,6.9,13.8,0.0,0.0,0.0,0.0,113,Garnelen Box,Beilagen,,MwSt. 7%,1.07,12.897196,0.902804,Normalverkauf
S1000196.18363,SP1000196.3.18363,SY1000196.2026.18363,iPad1(1000196),196,04.06.26 13:36,Prod,A1000196.6251,Tisch 11,101,S1000196.18363,SALE,2,6.9,13.8,0.0,0.0,0.0,0.0,103,Fischbrötchen Räucherlachs,Hauptspeisen,,MwSt. 7%,1.07,12.897196,0.902804,Normalverkauf
S1000196.18364,SP1000196.3.18364,SY1000196.2026.18364,iPad1(1000196),196,04.06.26 10:35,Prod,A1000196.6252,Tisch 9,111,S1000196.18364,SALE,1,6.5,6.5,0.0,0.0,0.0,0.0,100,Fischbrötchen Backfisch,Hauptspeisen,,MwSt. 7%,1.07,6.074766,0.425234,Normalverkauf
S1000196.18365,SP1000196.3.18365,SY1000196.2026.18365,iPad1(1000196),196,04.06.26 19:10,Prod,A1000196.6253,,101,S1000196.18365,SALE,1,10.9,10.9,0.0,0.0,0.0,0.0,109,Bismarck-Baguette,Hauptgerichte,,MwSt. 7%,1.07,10.186916,0.713084,Normalverkauf
S1000196.18366,SP1000196.3.18366,SY1000196.2026.18366,iPad1(1000196),196,04.06.26 19:10,Prod,A1000196.6253,,101,S1000196.18366,SALE,2,4.2,8.4,0.0,0.0,0.0,0.0,122,Bier,Getränke,,MwSt. 19%,1.19,7.058824,1.341176,Normalverkauf
S1000196.18367,SP1000196.3.18367,SY1000196.2026.18367,iPad1(1000196),196,04.06.26 19:05,Prod,A1000196.6254,,107,S1000196.18367,SALE,1,3.9,3.9,0.0,0.0,0.0,0.0,126,Spezi,Getränke,,MwSt. 19%,1.19,3.277311,0.622689,Normalverkauf
S1000196.18368,SP1000196.3.18368,SY1000196.2026.18368,iPad1(1000196),196,04.06.26 12:34,Prod,A1000196.6255,Tisch 21,116,S1000196.18368,SALE,1,10.9,10.9,0.0,0.0,0.0,0.0,107,Chicken Burger,Hauptgerichte,,MwSt. 7%,1.07,10.186916,0.713084,Normalverkauf
S1000196.18369,SP1000196.3.18369,SY1000196.2026.18369,iPad1(1000196),196,04.06.26 12:34,Prod,A1000196.6255,Tisch 21,116,S1000196.18369,SALE,1,11.9,11.9,0.0,0.0,0.0,0.0,110,Matjes-Baguette,Hauptgerichte,,MwSt. 7%,1.07,11.121495,0.778505,Normalverkauf
S1000196.18370,SP1000196.3.18370,SY1000196.2026.18370,iPad1(1000196),196,04.06.26 12:34,Prod,A1000196.6255,Tisch 21,116,S1000196.18370,SALE,1,3.9,3.9,0.0,0.0,0.0,0.0,124,Cola Zero,Getränke,,MwSt. 19%,1.19,3.277311,0.622689,Normalverkauf
S1000196.18371,SP1000196.3.18371,SY1000196.2026.18371,iPad1(1000196),196,04.06.26 12:40,Prod,A1000196.6256,Tisch 6,116,S1000196.18371,SALE,1,10.9,10.9,0.0,0.0,0.0,0.0,104,Thunfisch Wrap,Hauptgerichte,,MwSt. 7%,1.07,10.186916,0.713084,Normalverkauf
S1000196.18372,SP1000196.3.18372,SY1000196.2026.18372,iPad1(1000196),196,04.06.26 12:40,Prod,A1000196.6256,Tisch 6,116,S1000196.18372,SALE,1,11.9,11.9,0.0,0.0,0.0,0.0,110,Matjes-Baguette,Hauptgerichte,,MwSt. 7%,1.07,11.121495,0.778505,Normalverkauf
S1000196.18373,SP1000196.3.18373,SY1000196.2026.18373,iPad1(1000196),196,04.06.26 19:05,Prod,A1000196.6257,Tisch 1,101,S1000196.18373,SALE,1,5.9,5.9,0.0,0.0,0.0,0.0,123,Inger-Limonade,Getränke,,MwSt. 19%,1.19,4.957983,0.942017,Normalverkauf
S1000196.18374,SP1000196.3.18374,SY1000196.2026.18374,iPad1(1000196),196,04.06.26 19:05,Prod,A1000196.6257,Tisch 1,101,S1000196.18374,SALE,1,5.5,5.5,0.0,0.0,0.0,0.0,111,Pommes Frites,Beilagen,,MwSt. 7%,1.07,5.140187,0.359813,Normalverkauf
S1000196.18375,SP1000196.3.18375,SY1000196.2026.18375,iPad1(1000196),196,04.06.26 19:05,Prod,A1000196.6257,Tisch 1,101,S1000196.18375,SALE,2,3.9,7.8,0.0,0.0,0.0,0.0,127,Alkoholfreies Bier,Getränke,,MwSt. 19%,1.19,6.554622,1.245378,Normalverkauf
S1000196.18376,SP1000196.3.18376,SY1000196.2026.18376,iPad1(1000196),196,04.06.26 13:08,Prod,A1000196.6258,,106,S1000196.18376,SALE,2,3.9,7.8,0.0,0.0,0.0,0.0,119,Cola,Getränke,,MwSt. 19%,1.19,6.554622,1.245378,Normalverkauf
S1000196.18377,SP1000196.3.18377,SY1000196.2026.18377,iPad1(1000196),196,04.06.26 13:08,Prod,A1000196.6258,,106,S1000196.18377,SALE,2,6.5,13.0,0.0,0.0,0.0,0.0,100,Fischbrötchen Backfisch,Hauptspeisen,,MwSt. 7%,1.07,12.149533,0.850467,Normalverkauf
S1000196.18378,SP1000196.3.18378,SY1000196.2026.18378,iPad1(1000196),196,04.06.26 12:33,Prod,A1000196.6259,Tisch 24,107,S1000196.18378,SALE,1,5.5,5.5,0.0,0.0,0.0,0.0,111,Pommes Frites,Beilagen,,MwSt. 7%,1.07,5.140187,0.359813,Normalverkauf
S1000196.18379,SP1000196.3.18379,SY1000196.2026.18379,iPad1(1000196),196,04.06.26 12:33,Prod,A1000196.6259,Tisch 24,107,S1000196.18379,SALE,1,11.5,11.5,0.0,0.0,0.0,0.0,105,Garnelen-Kimchi-Bruger,Hauptgerichte,,MwSt. 7%,1.07,10.747664,0.752336,Normalverkauf
S1000196.18380,SP1000196.3.18380,SY1000196.2026.18380,iPad1(1000196),196,04.06.26 12:39,Prod,A1000196.6260,Tisch 15,111,S1000196.18380,VOID,1,5.5,5.5,0.0,0.0,0.0,0.0,111,Pommes Frites,Beilagen,,MwSt. 7%,1.07,5.140187,0.359813,Normalverkauf
S1000196.18381,SP1000196.3.18381,SY1000196.2026.18381,iPad1(1000196),196,04.06.26 12:39,Prod,A1000196.6260,Tisch 15,111,S1000196.18381,VOID,2,6.5,13.0,0.0,0.0,0.0,0.0,100,Fischbrötchen Backfisch,Hauptspeisen,,MwSt. 7%,1.07,12.149533,0.850467,Normalverkauf
S1000196.18382,SP1000196.3.18382,SY1000196.2026.18382,iPad1(1000196),196,04.06.26 12:31,Prod,A1000196.6261,Tisch 13,105,S1000196.18382,SALE,2,2.8,5.6,0.0,0.0,0.0,0.0,121,Mineralwasser,Getränke,,MwSt. 19%,1.19,4.705882,0.894118,Normalverkauf
S1000196.18383,SP1000196.3.18383,SY1000196.2026.18383,iPad1(1000196),196,04.06.26 12:31,Prod,A1000196.6261,Tisch 13,105,S1000196.18383,SALE,1,3.9,3.9,0.0,0.0,0.0,0.0,126,Spezi,Getränke,,MwSt. 19%,1.19,3.277311,0.622689,Normalverkauf
S1000196.18384,SP1000196.3.18384,SY1000196.2026.18384,iPad1(1000196),196,04.06.26 11:04,Prod,A1000196.6262,Tisch 6,101,S1000196.18384,SALE,2,13.5,27.0,0.0,0.0,0.0,0.0,102,Matjes,Hauptspeisen,,MwSt. 7%,1.07,25.233645,1.766355,Normalverkauf
S1000196.18385,SP1000196.3.18385,SY1000196.2026.18385,iPad1(1000196),196,04.06.26 18:21,Prod,A1000196.6263,Tisch 18,105,S1000196.18385,VOID,2,3.9,7.8,0.0,0.0,0.0,0.0,119,Cola,Getränke,,MwSt. 19%,1.19,6.554622,1.245378,Normalverkauf
S1000196.18386,SP1000196.3.18386,SY1000196.2026.18386,iPad1(1000196),196,04.06.26 18:21,Prod,A1000196.6263,Tisch 18,105,S1000196.18386,VOID,2,4.9,9.8,0.0,0.0,0.0,0.0,112,Kartoffelwedges,Beilagen,,MwSt. 7%,1.07,9.158879,0.641121,Normalverkauf
S1000196.18387,SP1000196.3.18387,SY1000196.2026.18387,iPad1(1000196),196,04.06.26 17:21,Prod,A1000196.6264,Tisch 17,116,S1000196.18387,SALE,2,11.9,23.8,0.0,0.0,0.0,0.0,110,Matjes-Baguette,Hauptgerichte,,MwSt. 7%,1.07,22.242991,1.557009,Normalverkauf
S1000196.18388,SP1000196.3.18388,SY1000196.2026.18388,iPad1(1000196),196,04.06.26 17:21,Prod,A1000196.6264,Tisch 17,116,S1000196.18388,SALE,2,11.9,23.8,0.0,0.0,0.0,0.0,110,Matjes-Baguette,Hauptgerichte,,MwSt. 7%,1.07,22.242991,1.557009,Normalverkauf
S1000196.18389,SP1000196.3.18389,SY1000196.2026.18389,iPad1(1000196),196,04.06.26 17:21,Prod,A1000196.6264,Tisch 17,116,S1000196.18389,SALE,1,9.8,9.8,0.0,0.0,0.0,0.0,108,Seelachs-Ei-Baugette,Hauptgerichte,,MwSt. 7%,1.07,9.158879,0.641121,Normalverkauf
S1000196.18390,SP1000196.3.18390,SY1000196.2026.18390,iPad1(1000196),196,04.06.26 17:32,Prod,A1000196.6265,Tisch 2,106,S1000196.18390,SALE,1,7.9,7.9,0.0,0.0,0.0,0.0,106,Neptun-Ringe,Beilagen,,MwSt. 7%,1.07,7.383178,0.516822,Normalverkauf
S1000196.18391,SP1000196.3.18391,SY1000196.2026.18391,iPad1(1000196),196,04.06.26 17:32,Prod,A1000196.6265,Tisch 2,106,S1000196.18391,SALE,1,4.2,4.2,0.0,0.0,0.0,0.0,122,Bier,Getränke,,MwSt. 19%,1.19,3.529412,0.670588,Normalverkauf
S1000196.18392,SP1000196.3.18392,SY1000196.2026.18392,iPad1(1000196),196,04.06.26 19:32,Prod,A1000196.6266,Tisch 15,106,S1000196.18392,VOID,2,4.9,9.8,0.0,0.0,0.0,0.0,112,Kartoffelwedges,Beilagen,,MwSt. 7%,1.07,9.158879,0.641121,Normalverkauf
S1000196.18393,SP1000196.3.18393,SY1000196.2026.18393,iPad1(1000196),196,04.06.26 19:32,Prod,A1000196.6266,Tisch 15,106,S1000196.18393,VOID,2,6.9,13.8,0.0,0.0,0.0,0.0,113,Garnelen Box,Beilagen,,MwSt. 7%,1.07,12.897196,0.902804,Normalverkauf
S1000196.18394,SP1000196.3.18394,SY1000196.2026.18394,iPad1(1000196),196,04.06.26 20:09,Prod,A1000196.6267,Tisch 18,116,S1000196.18394,VOID,2,10.9,21.8,0.0,0.0,0.0,0.0,107,Chicken Burger,Hauptgerichte,,MwSt. 7%,1.07,20.373832,1.426168,Normalverkauf
S1000196.18395,SP1000196.3.18395,SY1000196.2026.18395,iPad1(1000196),196,04.06.26 20:09,Prod,A1000196.6267,Tisch 18,116,S1000196.18395,VOID,1,7.9,7.9,0.0,0.0,0.0,0.0,106,Neptun-Ringe,Beilagen,,MwSt. 7%,1.07,7.383178,0.516822,Normalverkauf
S1000196.18396,SP1000196.3.18396,SY1000196.2026.18396,iPad1(1000196),196,04.06.26 20:23,Prod,A1000196.6268,Tisch 6,116,S1000196.18396,SALE,1,4.9,4.9,0.0,0.0,0.0,0.0,112,Kartoffelwedges,Beilagen,,MwSt. 7%,1.07,4.579439,0.320561,Normalverkauf
S1000196.18397,SP1000196.3.18397,SY1000196.2026.18397,iPad1(1000196),196,04.06.26 13:43,Prod,A1000196.6269,Tisch 23,101,S1000196.18397,SALE,2,3.2,6.4,0.0,0.0,0.0,0.0,120,Apfelschorle,Getränke,,MwSt. 19%,1.19,5.378151,1.021849,Normalverkauf
S1000196.18398,SP1000196.3.18398,SY1000196.2026.18398,iPad1(1000196),196,04.06.26 13:43,Prod,A1000196.6269,Tisch 23,101,S1000196.18398,SALE,2,6.9,13.8,0.0,0.0,0.0,0.0,113,Garnelen Box,Beilagen,,MwSt. 7%,1.07,12.897196,0.902804,Normalverkauf
S1000196.18399,SP1000196.3.18399,SY1000196.2026.18399,iPad1(1000196),196,04.06.26 18:42,Prod,A1000196.6270,Tisch 7,116,S1000196.18399,SALE,2,3.9,7.8,0.0,0.0,0.0,0.0,124,Cola Zero,Getränke,,MwSt. 19%,1.19,6.554622,1.245378,Normalverkauf
S1000196.18400,SP1000196.3.18400,SY1000196.2026.18400,iPad1(1000196),196,04.06.26 18:42,Prod,A1000196.6270,Tisch 7,116,S1000196.18400,SALE,1,6.5,6.5,0.0,0.0,0.0,0.0,100,Fischbrötchen Backfisch,Hauptspeisen,,MwSt. 7%,1.07,6.074766,0.425234,Normalverkauf
S1000196.18401,SP1000196.3.18401,SY1000196.2026.18401,iPad1(1000196),196,04.06.26 18:42,Prod,A1000196.6270,Tisch 7,116,S1000196.18401,SALE,1,3.9,3.9,0.0,0.0,0.0,0.0,126,Spezi,Getränke,,MwSt. 19%,1.19,3.277311,0.622689,Normalverkauf
S1000196.18402,SP1000196.3.18402,SY1000196.2026.18402,iPad1(1000196),196,04.06.26 15:56,Prod,A1000196.6271,Tisch 15,116,S1000196.18402,SALE,1,5.5,5.5,0.0,0.0,0.0,0.0,111,Pommes Frites,Beilagen,,MwSt. 7%,1.07,5.140187,0.359813,Normalverkauf
S1000196.18403,SP1000196.3.18403,SY1000196.2026.18403,iPad1(1000196),196,04.06.26 15:56,Prod,A1000196.6271,Tisch 15,116,S1000196.18403,SALE,2,5.5,11.0,0.0,0.0,0.0,0.0,114,Fisch Nuggets Box,Beilagen,,MwSt. 7%,1.07,10.280374,0.719626,Normalverkauf
S1000196.18404,SP1000196.3.18404,SY1000196.2026.18404,iPad1(1000196),196,04.06.26 17:43,Prod,A1000196.6272,,107,S1000196.18404,SALE,2,5.5,11.0,0.0,0.0,0.0,0.0,111,Pommes Frites,Beilagen,,MwSt. 7%,1.07,10.280374,0.719626,Normalverkauf
S1000196.18405,SP1000196.3.18405,SY1000196.2026.18405,iPad1(1000196),196,04.06.26 17:43,Prod,A1000196.6272,,107,S1000196.18405,SALE,2,3.9,7.8,0.0,0.0,0.0,0.0,126,Spezi,Getränke,,MwSt. 19%,1.19,6.554622,1.245378,Normalverkauf
S1000196.18406,SP1000196.3.18406,SY1000196.2026.18406,iPad1(1000196),196,04.06.26 10:05,Prod,A1000196.6273,Tisch 7,106,S1000196.18406,SALE,2,2.8,5.6,0.0,0.0,0.0,0.0,121,Mineralwasser,Getränke,,MwSt. 19%,1.19,4.705882,0.894118,Normalverkauf
S1000196.18407,SP1000196.3.18407,SY1000196.2026.18407,iPad1(1000196),196,04.06.26 08:36,Prod,A1000196.6274,Tisch 1,101,S1000196.18407,SALE,1,5.5,5.5,0.0,0.0,0.0,0.0,111,Pommes Frites,Beilagen,,MwSt. 7%,1.07,5.140187,0.359813,Normalverkauf
S1000196.18408,SP1000196.3.18408,SY1000196.2026.18408,iPad1(1000196),196,04.06.26 19:41,Prod,A1000196.6275,Tisch 18,105,S1000196.18408,SALE,2,10.9,21.8,0.0,0.0,0.0,0.0,107,Chicken Burger,Hauptgerichte,,MwSt. 7%,1.07,20.373832,1.426168,Normalverkauf
S1000196.18409,SP1000196.3.18409,SY1000196.2026.18409,iPad1(1000196),196,04.06.26 19:41,Prod,A1000196.6275,Tisch 18,105,S1000196.18409,SALE,1,6.5,6.5,0.0,0.0,0.0,0.0,100,Fischbrötchen Backfisch,Hauptspeisen,,MwSt. 7%,1.07,6.074766,0.425234,Normalverkauf
S1000196.18410,SP1000196.3.18410,SY1000196.2026.18410,iPad1(1000196),196,04.06.26 17:38,Prod,A1000196.6276,Tisch 14,106,S1000196.18410,SALE,1,4.2,4.2,0.0,0.0,0.0,0.0,122,Bier,Getränke,,MwSt. 19%,1.19,3.529412,0.670588,Normalverkauf
S1000196.18411,SP1000196.3.18411,SY1000196.2026.18411,iPad1(1000196),196,04.06.26 17:38,Prod,A1000196.6276,Tisch 14,106,S1000196.18411,SALE,2,10.9,21.8,0.0,0.0,0.0,0.0,109,Bismarck-Baguette,Hauptgerichte,,MwSt. 7%,1.07,20.373832,1.426168,Normalverkauf
S1000196.18412,SP1000196.3.18412,SY1000196.2026.18412,iPad1(1000196),196,04.06.26 17:38,Prod,A1000196.6276,Tisch 14,106,S1000196.18412,SALE,1,5.5,5.5,0.0,0.0,0.0,0.0,111,Pommes Frites,Beilagen,,MwSt. 7%,1.07,5.140187,0.359813,Normalverkauf
S1000196.18413,SP1000196.3.18413,SY1000196.2026.18413,iPad1(1000196),196,04.06.26 18:28,Prod,A1000196.6277,Tisch 7,116,S1000196.18413,SALE,1,3.9,3.9,0.0,0.0,0.0,0.0,119,Cola,Getränke,,MwSt. 19%,1.19,3.277311,0.622689,Normalverkauf
S1000196.18414,SP1000196.3.18414,SY1000196.2026.18414,iPad1(1000196),196,04.06.26 18:28,Prod,A1000196.6277,Tisch 7,116,S1000196.18414,SALE,1,3.9,3.9,0.0,0.0,0.0,0.0,124,Cola Zero,Getränke,,MwSt. 19%,1.19,3.277311,0.622689,Normalverkauf
S1000196.18415,SP1000196.3.18415,SY1000196.2026.18415,iPad1(1000196),196,04.06.26 18:28,Prod,A1000196.6277,Tisch 7,116,S1000196.18415,SALE,2,4.2,8.4,0.0,0.0,0.0,0.0,122,Bier,Getränke,,MwSt. 19%,1.19,7.058824,1.341176,Normalverkauf
S1000196.18416,SP1000196.3.18416,SY1000196.2026.18416,iPad1(1000196),196,04.06.26 20:19,Prod,A1000196.6278,Tisch 1,116,S1000196.18416,SALE,1,10.9,10.9,0.0,0.0,0.0,0.0,109,Bismarck-Baguette,Hauptgerichte,,MwSt. 7%,1.07,10.186916,0.713084,Normalverkauf
S1000196.18417,SP1000196.3.18417,SY1000196.2026.18417,iPad1(1000196),196,04.06.26 20:19,Prod,A1000196.6278,Tisch 1,116,S1000196.18417,SALE,1,14.5,14.5,0.0,0.0,0.0,0.0,101,Lachs,Hauptspeisen,,MwSt. 7%,1.07,13.551402,0.948598,Normalverkauf
S1000196.18418,SP1000196.3.18418,SY1000196.2026.18418,iPad1(1000196),196,04.06.26 11:15,Prod,A1000196.6279,Tisch 17,116,S1000196.18418,SALE,2,7.9,15.8,0.0,0.0,0.0,0.0,115,Tiramisu,Desserts,,MwSt. 7%,1.07,14.766355,1.033645,Normalverkauf
S1000196.18419,SP1000196.3.18419,SY1000196.2026.18419,iPad1(1000196),196,04.06.26 11:15,Prod,A1000196.6279,Tisch 17,116,S1000196.18419,SALE,2,4.2,8.4,0.0,0.0,0.0,0.0,122,Bier,Getränke,,MwSt. 19%,1.19,7.058824,1.341176,Normalverkauf
S1000196.18420,SP1000196.3.18420,SY1000196.2026.18420,iPad1(1000196),196,04.06.26 11:15,Prod,A1000196.6279,Tisch 17,116,S1000196.18420,SALE,1,9.8,9.8,0.0,0.0,0.0,0.0,108,Seelachs-Ei-Baugette,Hauptgerichte,,MwSt. 7%,1.07,9.158879,0.641121,Normalverkauf
S1000196.18421,SP1000196.3.18421,SY1000196.2026.18421,iPad1(1000196),196,04.06.26 19:43,Prod,A1000196.6280,,116,S1000196.18421,SALE,2,5.5,11.0,0.0,0.0,0.0,0.0,114,Fisch Nuggets Box,Beilagen,,MwSt. 7%,1.07,10.280374,0.719626,Normalverkauf
S1000196.18422,SP1000196.3.18422,SY1000196.2026.18422,iPad1(1000196),196,04.06.26 19:43,Prod,A1000196.6280,,116,S1000196.18422,SALE,1,7.9,7.9,0.0,0.0,0.0,0.0,106,Neptun-Ringe,Beilagen,,MwSt. 7%,1.07,7.383178,0.516822,Normalverkauf
S1000196.18423,SP1000196.3.18423,SY1000196.2026.18423,iPad1(1000196),196,04.06.26 18:52,Prod,A1000196.6281,Tisch 7,101,S1000196.18423,SALE,2,10.9,21.8,0.0,0.0,0.0,0.0,107,Chicken Burger,Hauptgerichte,,MwSt. 7%,1.07,20.373832,1.426168,Normalverkauf
S1000196.18424,SP1000196.3.18424,SY1000196.2026.18424,iPad1(1000196),196,04.06.26 18:52,Prod,A1000196.6281,Tisch 7,101,S1000196.18424,SALE,2,13.5,27.0,0.0,0.0,0.0,0.0,102,Matjes,Hauptspeisen,,MwSt. 7%,1.07,25.233645,1.766355,Normalverkauf
S1000196.18425,SP1000196.3.18425,SY1000196.2026.18425,iPad1(1000196),196,04.06.26 17:08,Prod,A1000196.6282,Tisch 19,107,S1000196.18425,SALE,1,13.5,13.5,0.0,0.0,0.0,0.0,102,Matjes,Hauptspeisen,,MwSt. 7%,1.07,12.616822,0.883178,Normalverkauf
S1000196.18426,SP1000196.3.18426,SY1000196.2026.18426,iPad1(1000196),196,04.06.26 17:08,Prod,A1000196.6282,Tisch 19,107,S1000196.18426,SALE,2,3.9,7.8,0.0,0.0,0.0,0.0,126,Spezi,Getränke,,MwSt. 19%,1.19,6.554622,1.245378,Normalverkauf
S1000196.18427,SP1000196.3.18427,SY1000196.2026.18427,iPad1(1000196),196,04.06.26 15:03,Prod,A1000196.6283,Tisch 20,115,S1000196.18427,SALE,1,6.9,6.9,0.0,0.0,0.0,0.0,113,Garnelen Box,Beilagen,,MwSt. 7%,1.07,6.448598,0.451402,Normalverkauf
S1000196.18428,SP1000196.3.18428,SY1000196.2026.18428,iPad1(1000196),196,04.06.26 19:18,Prod,A1000196.6284,Tisch 14,105,S1000196.18428,SALE,1,6.5,6.5,0.0,0.0,0.0,0.0,118,Schokokuchen,Desserts,,MwSt. 7%,1.07,6.074766,0.425234,Normalverkauf
S1000196.18429,SP1000196.3.18429,SY1000196.2026.18429,iPad1(1000196),196,04.06.26 19:18,Prod,A1000196.6284,Tisch 14,105,S1000196.18429,SALE,1,4.2,4.2,0.0,0.0,0.0,0.0,122,Bier,Getränke,,MwSt. 19%,1.19,3.529412,0.670588,Normalverkauf
S1000196.18430,SP1000196.3.18430,SY1000196.2026.18430,iPad1(1000196),196,04.06.26 19:18,Prod,A1000196.6284,Tisch 14,105,S1000196.18430,SALE,2,5.9,11.8,0.0,0.0,0.0,0.0,116,Vanillequark,Desserts,,MwSt. 7%,1.07,11.028037,0.771963,Normalverkauf
S1000196.18431,SP1000196.3.18431,SY1000196.2026.18431,iPad1(1000196),196,04.06.26 18:28,Prod,A1000196.6285,Tisch 23,116,S1000196.18431,SALE,1,6.9,6.9,0.0,0.0,0.0,0.0,113,Garnelen Box,Beilagen,,MwSt. 7%,1.07,6.448598,0.451402,Normalverkauf
S1000196.18432,SP1000196.3.18432,SY1000196.2026.18432,iPad1(1000196),196,04.06.26 20:05,Prod,A1000196.6286,Tisch 16,106,S1000196.18432,SALE,2,4.2,8.4,0.0,0.0,0.0,0.0,122,Bier,Getränke,,MwSt. 19%,1.19,7.058824,1.341176,Normalverkauf
S1000196.18433,SP1000196.3.18433,SY1000196.2026.18433,iPad1(1000196),196,04.06.26 20:05,Prod,A1000196.6286,Tisch 16,106,S1000196.18433,SALE,2,5.5,11.0,0.0,0.0,0.0,0.0,111,Pommes Frites,Beilagen,,MwSt. 7%,1.07,10.280374,0.719626,Normalverkauf
S1000196.18434,SP1000196.3.18434,SY1000196.2026.18434,iPad1(1000196),196,04.06.26 20:05,Prod,A1000196.6286,Tisch 16,106,S1000196.18434,SALE,2,5.9,11.8,0.0,0.0,0.0,0.0,123,Inger-Limonade,Getränke,,MwSt. 19%,1.19,9.915966,1.884034,Normalverkauf
S1000196.18435,SP1000196.3.18435,SY1000196.2026.18435,iPad1(1000196),196,04.06.26 15:11,Prod,A1000196.6287,Tisch 15,111,S1000196.18435,SALE,2,14.5,29.0,0.0,0.0,0.0,0.0,101,Lachs,Hauptspeisen,,MwSt. 7%,1.07,27.102804,1.897196,Normalverkauf
S1000196.18436,SP1000196.3.18436,SY1000196.2026.18436,iPad1(1000196),196,04.06.26 13:40,Prod,A1000196.6288,,116,S1000196.18436,VOID,2,3.2,6.4,0.0,0.0,0.0,0.0,120,Apfelschorle,Getränke,,MwSt. 19%,1.19,5.378151,1.021849,Normalverkauf
S1000196.18437,SP1000196.3.18437,SY1000196.2026.18437,iPad1(1000196),196,04.06.26 08:43,Prod,A1000196.6289,Tisch 19,116,S1000196.18437,SALE,2,3.9,7.8,0.0,0.0,0.0,0.0,124,Cola Zero,Getränke,,MwSt. 19%,1.19,6.554622,1.245378,Normalverkauf
S1000196.18438,SP1000196.3.18438,SY1000196.2026.18438,iPad1(1000196),196,04.06.26 08:43,Prod,A1000196.6289,Tisch 19,116,S1000196.18438,SALE,1,3.9,3.9,0.0,0.0,0.0,0.0,126,Spezi,Getränke,,MwSt. 19%,1.19,3.277311,0.622689,Normalverkauf
S1000196.18439,SP1000196.3.18439,SY1000196.2026.18439,iPad1(1000196),196,04.06.26 08:43,Prod,A1000196.6289,Tisch 19,116,S1000196.18439,SALE,2,2.8,5.6,0.0,0.0,0.0,0.0,121,Mineralwasser,Getränke,,MwSt. 19%,1.19,4.705882,0.894118,Normalverkauf
S1000196.18440,SP1000196.3.18440,SY1000196.2026.18440,iPad1(1000196),196,04.06.26 17:12,Prod,A1000196.6290,Tisch 19,105,S1000196.18440,SALE,1,10.9,10.9,0.0,0.0,0.0,0.0,107,Chicken Burger,Hauptgerichte,,MwSt. 7%,1.07,10.186916,0.713084,Normalverkauf
S1000196.18441,SP1000196.3.18441,SY1000196.2026.18441,iPad1(1000196),196,04.06.26 17:12,Prod,A1000196.6290,Tisch 19,105,S1000196.18441,SALE,1,5.5,5.5,0.0,0.0,0.0,0.0,114,Fisch Nuggets Box,Beilagen,,MwSt. 7%,1.07,5.140187,0.359813,Normalverkauf
S1000196.18442,SP1000196.3.18442,SY1000196.2026.18442,iPad1(1000196),196,04.06.26 17:12,Prod,A1000196.6290,Tisch 19,105,S1000196.18442,SALE,1,2.8,2.8,0.0,0.0,0.0,0.0,121,Mineralwasser,Getränke,,MwSt. 19%,1.19,2.352941,0.447059,Normalverkauf
S1000196.18443,SP1000196.3.18443,SY1000196.2026.18443,iPad1(1000196),196,04.06.26 17:47,Prod,A1000196.6291,,101,S1000196.18443,SALE,2,3.9,7.8,0.0,0.0,0.0,0.0,126,Spezi,Getränke,,MwSt. 19%,1.19,6.554622,1.245378,Normalverkauf
S1000196.18444,SP1000196.3.18444,SY1000196.2026.18444,iPad1(1000196),196,04.06.26 17:47,Prod,A1000196.6291,,101,S1000196.18444,SALE,1,2.8,2.8,0.0,0.0,0.0,0.0,121,Mineralwasser,Getränke,,MwSt. 19%,1.19,2.352941,0.447059,Normalverkauf
S1000196.18445,SP1000196.3.18445,SY1000196.2026.18445,iPad1(1000196),196,04.06.26 17:47,Prod,A1000196.6291,,101,S1000196.18445,SALE,1,5.5,5.5,0.0,0.0,0.0,0.0,111,Pommes Frites,Beilagen,,MwSt. 7%,1.07,5.140187,0.359813,Normalverkauf
S1000196.18446,SP1000196.3.18446,SY1000196.2026.18446,iPad1(1000196),196,04.06.26 16:32,Prod,A1000196.6292,Tisch 22,101,S1000196.18446,VOID,2,3.2,6.4,0.0,0.0,0.0,0.0,120,Apfelschorle,Getränke,,MwSt. 19%,1.19,5.378151,1.021849,Normalverkauf
S1000196.18447,SP1000196.3.18447,SY1000196.2026.18447,iPad1(1000196),196,04.06.26 16:32,Prod,A1000196.6292,Tisch 22,101,S1000196.18447,VOID,2,2.8,5.6,0.0,0.0,0.0,0.0,121,Mineralwasser,Getränke,,MwSt. 19%,1.19,4.705882,0.894118,Normalverkauf
S1000196.18448,SP1000196.3.18448,SY1000196.2026.18448,iPad1(1000196),196,04.06.26 13:58,Prod,A1000196.6293,Tisch 16,101,S1000196.18448,SALE,2,2.8,5.6,0.0,0.0,0.0,0.0,121,Mineralwasser,Getränke,,MwSt. 19%,1.19,4.705882,0.894118,Normalverkauf
S1000196.18449,SP1000196.3.18449,SY1000196.2026.18449,iPad1(1000196),196,04.06.26 13:58,Prod,A1000196.6293,Tisch 16,101,S1000196.18449,SALE,1,3.9,3.9,0.0,0.0,0.0,0.0,126,Spezi,Getränke,,MwSt. 19%,1.19,3.277311,0.622689,Normalverkauf
S1000196.18450,SP1000196.3.18450,SY1000196.2026.18450,iPad1(1000196),196,04.06.26 13:58,Prod,A1000196.6293,Tisch 16,101,S1000196.18450,SALE,2,11.9,23.8,0.0,0.0,0.0,0.0,110,Matjes-Baguette,Hauptgerichte,,MwSt. 7%,1.07,22.242991,1.557009,Normalverkauf
S1000196.18451,SP1000196.3.18451,SY1000196.2026.18451,iPad1(1000196),196,04.06.26 19:22,Prod,A1000196.6294,Tisch 14,105,S1000196.18451,VOID,1,3.9,3.9,0.0,0.0,0.0,0.0,124,Cola Zero,Getränke,,MwSt. 19%,1.19,3.277311,0.622689,Normalverkauf
S1000196.18452,SP1000196.3.18452,SY1000196.2026.18452,iPad1(1000196),196,04.06.26 19:22,Prod,A1000196.6294,Tisch 14,105,S1000196.18452,VOID,2,14.5,29.0,0.0,0.0,0.0,0.0,101,Lachs,Hauptspeisen,,MwSt. 7%,1.07,27.102804,1.897196,Normalverkauf
S1000196.18453,SP1000196.3.18453,SY1000196.2026.18453,iPad1(1000196),196,04.06.26 19:10,Prod,A1000196.6295,Tisch 16,101,S1000196.18453,SALE,2,2.8,5.6,0.0,0.0,0.0,0.0,121,Mineralwasser,Getränke,,MwSt. 19%,1.19,4.705882,0.894118,Normalverkauf
S1000196.18454,SP1000196.3.18454,SY1000196.2026.18454,iPad1(1000196),196,04.06.26 19:10,Prod,A1000196.6295,Tisch 16,101,S1000196.18454,SALE,1,5.9,5.9,0.0,0.0,0.0,0.0,117,Rote Grütze,Desserts,,MwSt. 7%,1.07,5.514019,0.385981,Normalverkauf
S1000196.18455,SP1000196.3.18455,SY1000196.2026.18455,iPad1(1000196),196,04.06.26 19:10,Prod,A1000196.6295,Tisch 16,101,S1000196.18455,SALE,1,5.5,5.5,0.0,0.0,0.0,0.0,114,Fisch Nuggets Box,Beilagen,,MwSt. 7%,1.07,5.140187,0.359813,Normalverkauf
S1000196.18456,SP1000196.3.18456,SY1000196.2026.18456,iPad1(1000196),196,04.06.26 11:32,Prod,A1000196.6296,,106,S1000196.18456,SALE,2,10.9,21.8,0.0,0.0,0.0,0.0,109,Bismarck-Baguette,Hauptgerichte,,MwSt. 7%,1.07,20.373832,1.426168,Normalverkauf
S1000196.18457,SP1000196.3.18457,SY1000196.2026.18457,iPad1(1000196),196,04.06.26 11:43,Prod,A1000196.6297,Tisch 13,106,S1000196.18457,SALE,2,2.8,5.6,0.0,0.0,0.0,0.0,121,Mineralwasser,Getränke,,MwSt. 19%,1.19,4.705882,0.894118,Normalverkauf
S1000196.18458,SP1000196.3.18458,SY1000196.2026.18458,iPad1(1000196),196,04.06.26 11:43,Prod,A1000196.6297,Tisch 13,106,S1000196.18458,SALE,2,5.9,11.8,0.0,0.0,0.0,0.0,125,Zitronen-Limonade,Getränke,,MwSt. 19%,1.19,9.915966,1.884034,Normalverkauf
S1000196.18459,SP1000196.3.18459,SY1000196.2026.18459,iPad1(1000196),196,04.06.26 11:43,Prod,A1000196.6297,Tisch 13,106,S1000196.18459,SALE,1,3.9,3.9,0.0,0.0,0.0,0.0,127,Alkoholfreies Bier,Getränke,,MwSt. 19%,1.19,3.277311,0.622689,Normalverkauf
S1000196.18460,SP1000196.3.18460,SY1000196.2026.18460,iPad1(1000196),196,04.06.26 12:06,Prod,A1000196.6298,,106,S1000196.18460,SALE,1,3.9,3.9,0.0,0.0,0.0,0.0,127,Alkoholfreies Bier,Getränke,,MwSt. 19%,1.19,3.277311,0.622689,Normalverkauf
S1000196.18461,SP1000196.3.18461,SY1000196.2026.18461,iPad1(1000196),196,04.06.26 11:42,Prod,A1000196.6299,Tisch 13,105,S1000196.18461,SALE,2,14.5,29.0,0.0,0.0,0.0,0.0,101,Lachs,Hauptspeisen,,MwSt. 7%,1.07,27.102804,1.897196,Normalverkauf
S1000196.18462,SP1000196.3.18462,SY1000196.2026.18462,iPad1(1000196),196,04.06.26 11:42,Prod,A1000196.6299,Tisch 13,105,S1000196.18462,SALE,1,3.9,3.9,0.0,0.0,0.0,0.0,124,Cola Zero,Getränke,,MwSt. 19%,1.19,3.277311,0.622689,Normalverkauf
S1000196.18463,SP1000196.3.18463,SY1000196.2026.18463,iPad1(1000196),196,04.06.26 11:42,Prod,A1000196.6299,Tisch 13,105,S1000196.18463,SALE,2,2.8,5.6,0.0,0.0,0.0,0.0,121,Mineralwasser,Getränke,,MwSt. 19%,1.19,4.705882,0.894118,Normalverkauf
S1000196.18464,SP1000196.3.18464,SY1000196.2026.18464,iPad1(1000196),196,04.06.26 14:19,Prod,A1000196.6300,,111,S1000196.18464,SALE,1,6.5,6.5,0.0,0.0,0.0,0.0,100,Fischbrötchen Backfisch,Hauptspeisen,,MwSt. 7%,1.07,6.074766,0.425234,Normalverkauf
S1000196.18465,SP1000196.3.18465,SY1000196.2026.18465,iPad1(1000196),196,04.06.26 14:19,Prod,A1000196.6300,,111,S1000196.18465,SALE,2,6.9,13.8,0.0,0.0,0.0,0.0,103,Fischbrötchen Räucherlachs,Hauptspeisen,,MwSt. 7%,1.07,12.897196,0.902804,Normalverkauf
S1000196.18466,SP1000196.3.18466,SY1000196.2026.18466,iPad1(1000196),196,04.06.26 14:19,Prod,A1000196.6300,,111,S1000196.18466,SALE,2,3.9,7.8,0.0,0.0,0.0,0.0,126,Spezi,Getränke,,MwSt. 19%,1.19,6.554622,1.245378,Normalverkauf
S1000196.18467,SP1000196.3.18467,SY1000196.2026.18467,iPad1(1000196),196,04.06.26 12:05,Prod,A1000196.6301,Tisch 13,101,S1000196.18467,SALE,2,4.2,8.4,0.0,0.0,0.0,0.0,122,Bier,Getränke,,MwSt. 19%,1.19,7.058824,1.341176,Normalverkauf
S1000196.18468,SP1000196.3.18468,SY1000196.2026.18468,iPad1(1000196),196,04.06.26 19:24,Prod,A1000196.6302,Tisch 9,116,S1000196.18468,SALE,2,3.2,6.4,0.0,0.0,0.0,0.0,120,Apfelschorle,Getränke,,MwSt. 19%,1.19,5.378151,1.021849,Normalverkauf
S1000196.18469,SP1000196.3.18469,SY1000196.2026.18469,iPad1(1000196),196,04.06.26 19:24,Prod,A1000196.6302,Tisch 9,116,S1000196.18469,SALE,1,4.9,4.9,0.0,0.0,0.0,0.0,112,Kartoffelwedges,Beilagen,,MwSt. 7%,1.07,4.579439,0.320561,Normalverkauf
S1000196.18470,SP1000196.3.18470,SY1000196.2026.18470,iPad1(1000196),196,04.06.26 13:49,Prod,A1000196.6303,Tisch 16,106,S1000196.18470,SALE,2,10.9,21.8,0.0,0.0,0.0,0.0,104,Thunfisch Wrap,Hauptgerichte,,MwSt. 7%,1.07,20.373832,1.426168,Normalverkauf
S1000196.18471,SP1000196.3.18471,SY1000196.2026.18471,iPad1(1000196),196,04.06.26 13:49,Prod,A1000196.6303,Tisch 16,106,S1000196.18471,SALE,1,5.5,5.5,0.0,0.0,0.0,0.0,111,Pommes Frites,Beilagen,,MwSt. 7%,1.07,5.140187,0.359813,Normalverkauf
S1000196.18472,SP1000196.3.18472,SY1000196.2026.18472,iPad1(1000196),196,04.06.26 11:50,Prod,A1000196.6304,Tisch 12,116,S1000196.18472,VOID,2,4.9,9.8,0.0,0.0,0.0,0.0,112,Kartoffelwedges,Beilagen,,MwSt. 7%,1.07,9.158879,0.641121,Normalverkauf
S1000196.18473,SP1000196.3.18473,SY1000196.2026.18473,iPad1(1000196),196,04.06.26 11:50,Prod,A1000196.6304,Tisch 12,116,S1000196.18473,VOID,2,3.9,7.8,0.0,0.0,0.0,0.0,126,Spezi,Getränke,,MwSt. 19%,1.19,6.554622,1.245378,Normalverkauf
S1000196.18474,SP1000196.3.18474,SY1000196.2026.18474,iPad1(1000196),196,04.06.26 11:50,Prod,A1000196.6304,Tisch 12,116,S1000196.18474,VOID,2,10.9,21.8,0.0,0.0,0.0,0.0,107,Chicken Burger,Hauptgerichte,,MwSt. 7%,1.07,20.373832,1.426168,Normalverkauf
S1000196.18475,SP1000196.3.18475,SY1000196.2026.18475,iPad1(1000196),196,04.06.26 12:42,Prod,A1000196.6305,Tisch 7,116,S1000196.18475,SALE,2,4.2,8.4,0.0,0.0,0.0,0.0,122,Bier,Getränke,,MwSt. 19%,1.19,7.058824,1.341176,Normalverkauf
S1000196.18476,SP1000196.3.18476,SY1000196.2026.18476,iPad1(1000196),196,04.06.26 12:42,Prod,A1000196.6305,Tisch 7,116,S1000196.18476,SALE,2,6.9,13.8,0.0,0.0,0.0,0.0,113,Garnelen Box,Beilagen,,MwSt. 7%,1.07,12.897196,0.902804,Normalverkauf
S1000196.18477,SP1000196.3.18477,SY1000196.2026.18477,iPad1(1000196),196,04.06.26 12:42,Prod,A1000196.6305,Tisch 7,116,S1000196.18477,SALE,1,6.9,6.9,0.0,0.0,0.0,0.0,113,Garnelen Box,Beilagen,,MwSt. 7%,1.07,6.448598,0.451402,Normalverkauf
S1000196.18478,SP1000196.3.18478,SY1000196.2026.18478,iPad1(1000196),196,04.06.26 17:47,Prod,A1000196.6306,Tisch 24,111,S1000196.18478,SALE,1,4.9,4.9,0.0,0.0,0.0,0.0,112,Kartoffelwedges,Beilagen,,MwSt. 7%,1.07,4.579439,0.320561,Normalverkauf
S1000196.18479,SP1000196.3.18479,SY1000196.2026.18479,iPad1(1000196),196,04.06.26 17:47,Prod,A1000196.6306,Tisch 24,111,S1000196.18479,SALE,2,11.5,23.0,0.0,0.0,0.0,0.0,105,Garnelen-Kimchi-Bruger,Hauptgerichte,,MwSt. 7%,1.07,21.495327,1.504673,Normalverkauf
S1000196.18480,SP1000196.3.18480,SY1000196.2026.18480,iPad1(1000196),196,04.06.26 17:47,Prod,A1000196.6306,Tisch 24,111,S1000196.18480,SALE,2,4.9,9.8,0.0,0.0,0.0,0.0,112,Kartoffelwedges,Beilagen,,MwSt. 7%,1.07,9.158879,0.641121,Normalverkauf
S1000196.18481,SP1000196.3.18481,SY1000196.2026.18481,iPad1(1000196),196,04.06.26 19:57,Prod,A1000196.6307,Tisch 13,105,S1000196.18481,SALE,1,5.5,5.5,0.0,0.0,0.0,0.0,111,Pommes Frites,Beilagen,,MwSt. 7%,1.07,5.140187,0.359813,Normalverkauf
S1000196.18482,SP1000196.3.18482,SY1000196.2026.18482,iPad1(1000196),196,04.06.26 19:57,Prod,A1000196.6307,Tisch 13,105,S1000196.18482,SALE,2,5.9,11.8,0.0,0.0,0.0,0.0,123,Inger-Limonade,Getränke,,MwSt. 19%,1.19,9.915966,1.884034,Normalverkauf
S1000196.18483,SP1000196.3.18483,SY1000196.2026.18483,iPad1(1000196),196,04.06.26 19:57,Prod,A1000196.6307,Tisch 13,105,S1000196.18483,SALE,2,6.9,13.8,0.0,0.0,0.0,0.0,103,Fischbrötchen Räucherlachs,Hauptspeisen,,MwSt. 7%,1.07,12.897196,0.902804,Normalverkauf
S1000196.18484,SP1000196.3.18484,SY1000196.2026.18484,iPad1(1000196),196,04.06.26 19:01,Prod,A1000196.6308,Tisch 20,115,S1000196.18484,SALE,1,5.9,5.9,0.0,0.0,0.0,0.0,123,Inger-Limonade,Getränke,,MwSt. 19%,1.19,4.957983,0.942017,Normalverkauf
S1000196.18485,SP1000196.3.18485,SY1000196.2026.18485,iPad1(1000196),196,04.06.26 19:01,Prod,A1000196.6308,Tisch 20,115,S1000196.18485,SALE,1,5.9,5.9,0.0,0.0,0.0,0.0,125,Zitronen-Limonade,Getränke,,MwSt. 19%,1.19,4.957983,0.942017,Normalverkauf
S1000196.18486,SP1000196.3.18486,SY1000196.2026.18486,iPad1(1000196),196,04.06.26 19:01,Prod,A1000196.6308,Tisch 20,115,S1000196.18486,SALE,2,6.5,13.0,0.0,0.0,0.0,0.0,100,Fischbrötchen Backfisch,Hauptspeisen,,MwSt. 7%,1.07,12.149533,0.850467,Normalverkauf
S1000196.18487,SP1000196.3.18487,SY1000196.2026.18487,iPad1(1000196),196,04.06.26 12:41,Prod,A1000196.6309,Tisch 14,107,S1000196.18487,SALE,1,3.9,3.9,0.0,0.0,0.0,0.0,127,Alkoholfreies Bier,Getränke,,MwSt. 19%,1.19,3.277311,0.622689,Normalverkauf
S1000196.18488,SP1000196.3.18488,SY1000196.2026.18488,iPad1(1000196),196,05.06.26 16:51,Prod,A1000196.6310,Tisch 10,111,S1000196.18488,SALE,1,3.9,3.9,0.0,0.0,0.0,0.0,126,Spezi,Getränke,,MwSt. 19%,1.19,3.277311,0.622689,Normalverkauf
S1000196.18489,SP1000196.3.18489,SY1000196.2026.18489,iPad1(1000196),196,05.06.26 16:51,Prod,A1000196.6310,Tisch 10,111,S1000196.18489,SALE,2,13.5,27.0,0.0,0.0,0.0,0.0,102,Matjes,Hauptspeisen,,MwSt. 7%,1.07,25.233645,1.766355,Normalverkauf
S1000196.18490,SP1000196.3.18490,SY1000196.2026.18490,iPad1(1000196),196,05.06.26 16:51,Prod,A1000196.6310,Tisch 10,111,S1000196.18490,SALE,1,5.9,5.9,0.0,0.0,0.0,0.0,116,Vanillequark,Desserts,,MwSt. 7%,1.07,5.514019,0.385981,Normalverkauf
S1000196.18491,SP1000196.3.18491,SY1000196.2026.18491,iPad1(1000196),196,05.06.26 20:33,Prod,A1000196.6311,Tisch 21,105,S1000196.18491,SALE,2,3.2,6.4,0.0,0.0,0.0,0.0,120,Apfelschorle,Getränke,,MwSt. 19%,1.19,5.378151,1.021849,Normalverkauf
S1000196.18492,SP1000196.3.18492,SY1000196.2026.18492,iPad1(1000196),196,05.06.26 20:33,Prod,A1000196.6311,Tisch 21,105,S1000196.18492,SALE,1,6.5,6.5,0.0,0.0,0.0,0.0,118,Schokokuchen,Desserts,,MwSt. 7%,1.07,6.074766,0.425234,Normalverkauf
S1000196.18493,SP1000196.3.18493,SY1000196.2026.18493,iPad1(1000196),196,05.06.26 12:18,Prod,A1000196.6312,,116,S1000196.18493,SALE,2,10.9,21.8,0.0,0.0,0.0,0.0,109,Bismarck-Baguette,Hauptgerichte,,MwSt. 7%,1.07,20.373832,1.426168,Normalverkauf
S1000196.18494,SP1000196.3.18494,SY1000196.2026.18494,iPad1(1000196),196,05.06.26 20:49,Prod,A1000196.6313,Tisch 7,107,S1000196.18494,SALE,1,10.9,10.9,0.0,0.0,0.0,0.0,109,Bismarck-Baguette,Hauptgerichte,,MwSt. 7%,1.07,10.186916,0.713084,Normalverkauf
S1000196.18495,SP1000196.3.18495,SY1000196.2026.18495,iPad1(1000196),196,05.06.26 20:49,Prod,A1000196.6313,Tisch 7,107,S1000196.18495,SALE,2,3.2,6.4,0.0,0.0,0.0,0.0,120,Apfelschorle,Getränke,,MwSt. 19%,1.19,5.378151,1.021849,Normalverkauf
S1000196.18496,SP1000196.3.18496,SY1000196.2026.18496,iPad1(1000196),196,05.06.26 15:55,Prod,A1000196.6314,Tisch 20,116,S1000196.18496,SALE,1,4.9,4.9,0.0,0.0,0.0,0.0,112,Kartoffelwedges,Beilagen,,MwSt. 7%,1.07,4.579439,0.320561,Normalverkauf
S1000196.18497,SP1000196.3.18497,SY1000196.2026.18497,iPad1(1000196),196,05.06.26 15:55,Prod,A1000196.6314,Tisch 20,116,S1000196.18497,SALE,2,10.9,21.8,0.0,0.0,0.0,0.0,107,Chicken Burger,Hauptgerichte,,MwSt. 7%,1.07,20.373832,1.426168,Normalverkauf
S1000196.18498,SP1000196.3.18498,SY1000196.2026.18498,iPad1(1000196),196,05.06.26 15:55,Prod,A1000196.6314,Tisch 20,116,S1000196.18498,SALE,1,5.5,5.5,0.0,0.0,0.0,0.0,114,Fisch Nuggets Box,Beilagen,,MwSt. 7%,1.07,5.140187,0.359813,Normalverkauf
S1000196.18499,SP1000196.3.18499,SY1000196.2026.18499,iPad1(1000196),196,05.06.26 13:14,Prod,A1000196.6315,Tisch 14,101,S1000196.18499,SALE,1,5.5,5.5,0.0,0.0,0.0,0.0,114,Fisch Nuggets Box,Beilagen,,MwSt. 7%,1.07,5.140187,0.359813,Normalverkauf
S1000196.18500,SP1000196.3.18500,SY1000196.2026.18500,iPad1(1000196),196,05.06.26 13:14,Prod,A1000196.6315,Tisch 14,101,S1000196.18500,SALE,2,7.9,15.8,0.0,0.0,0.0,0.0,106,Neptun-Ringe,Beilagen,,MwSt. 7%,1.07,14.766355,1.033645,Normalverkauf
S1000196.18501,SP1000196.3.18501,SY1000196.2026.18501,iPad1(1000196),196,05.06.26 16:01,Prod,A1000196.6316,Tisch 17,111,S1000196.18501,SALE,1,3.9,3.9,0.0,0.0,0.0,0.0,124,Cola Zero,Getränke,,MwSt. 19%,1.19,3.277311,0.622689,Normalverkauf
S1000196.18502,SP1000196.3.18502,SY1000196.2026.18502,iPad1(1000196),196,05.06.26 16:01,Prod,A1000196.6316,Tisch 17,111,S1000196.18502,SALE,1,6.9,6.9,0.0,0.0,0.0,0.0,113,Garnelen Box,Beilagen,,MwSt. 7%,1.07,6.448598,0.451402,Normalverkauf
S1000196.18503,SP1000196.3.18503,SY1000196.2026.18503,iPad1(1000196),196,05.06.26 16:01,Prod,A1000196.6316,Tisch 17,111,S1000196.18503,SALE,1,14.5,14.5,0.0,0.0,0.0,0.0,101,Lachs,Hauptspeisen,,MwSt. 7%,1.07,13.551402,0.948598,Normalverkauf
S1000196.18504,SP1000196.3.18504,SY1000196.2026.18504,iPad1(1000196),196,05.06.26 12:00,Prod,A1000196.6317,Tisch 20,111,S1000196.18504,VOID,2,10.9,21.8,0.0,0.0,0.0,0.0,109,Bismarck-Baguette,Hauptgerichte,,MwSt. 7%,1.07,20.373832,1.426168,Normalverkauf
S1000196.18505,SP1000196.3.18505,SY1000196.2026.18505,iPad1(1000196),196,05.06.26 17:36,Prod,A1000196.6318,Tisch 3,101,S1000196.18505,VOID,1,3.9,3.9,0.0,0.0,0.0,0.0,119,Cola,Getränke,,MwSt. 19%,1.19,3.277311,0.622689,Normalverkauf
S1000196.18506,SP1000196.3.18506,SY1000196.2026.18506,iPad1(1000196),196,05.06.26 17:36,Prod,A1000196.6318,Tisch 3,101,S1000196.18506,VOID,1,5.5,5.5,0.0,0.0,0.0,0.0,111,Pommes Frites,Beilagen,,MwSt. 7%,1.07,5.140187,0.359813,Normalverkauf
S1000196.18507,SP1000196.3.18507,SY1000196.2026.18507,iPad1(1000196),196,05.06.26 17:36,Prod,A1000196.6318,Tisch 3,101,S1000196.18507,VOID,1,10.9,10.9,0.0,0.0,0.0,0.0,107,Chicken Burger,Hauptgerichte,,MwSt. 7%,1.07,10.186916,0.713084,Normalverkauf
S1000196.18508,SP1000196.3.18508,SY1000196.2026.18508,iPad1(1000196),196,05.06.26 15:51,Prod,A1000196.6319,Tisch 16,107,S1000196.18508,SALE,2,6.9,13.8,0.0,0.0,0.0,0.0,113,Garnelen Box,Beilagen,,MwSt. 7%,1.07,12.897196,0.902804,Normalverkauf
S1000196.18509,SP1000196.3.18509,SY1000196.2026.18509,iPad1(1000196),196,05.06.26 16:49,Prod,A1000196.6320,Tisch 23,107,S1000196.18509,SALE,2,10.9,21.8,0.0,0.0,0.0,0.0,107,Chicken Burger,Hauptgerichte,,MwSt. 7%,1.07,20.373832,1.426168,Normalverkauf
S1000196.18510,SP1000196.3.18510,SY1000196.2026.18510,iPad1(1000196),196,05.06.26 11:19,Prod,A1000196.6321,Tisch 1,111,S1000196.18510,SALE,2,4.9,9.8,0.0,0.0,0.0,0.0,112,Kartoffelwedges,Beilagen,,MwSt. 7%,1.07,9.158879,0.641121,Normalverkauf
S1000196.18511,SP1000196.3.18511,SY1000196.2026.18511,iPad1(1000196),196,05.06.26 11:19,Prod,A1000196.6321,Tisch 1,111,S1000196.18511,SALE,1,3.9,3.9,0.0,0.0,0.0,0.0,124,Cola Zero,Getränke,,MwSt. 19%,1.19,3.277311,0.622689,Normalverkauf
S1000196.18512,SP1000196.3.18512,SY1000196.2026.18512,iPad1(1000196),196,05.06.26 11:19,Prod,A1000196.6321,Tisch 1,111,S1000196.18512,SALE,2,5.9,11.8,0.0,0.0,0.0,0.0,116,Vanillequark,Desserts,,MwSt. 7%,1.07,11.028037,0.771963,Normalverkauf
S1000196.18513,SP1000196.3.18513,SY1000196.2026.18513,iPad1(1000196),196,05.06.26 12:52,Prod,A1000196.6322,Tisch 4,111,S1000196.18513,SALE,1,5.9,5.9,0.0,0.0,0.0,0.0,125,Zitronen-Limonade,Getränke,,MwSt. 19%,1.19,4.957983,0.942017,Normalverkauf
S1000196.18514,SP1000196.3.18514,SY1000196.2026.18514,iPad1(1000196),196,05.06.26 15:58,Prod,A1000196.6323,Tisch 23,116,S1000196.18514,SALE,1,7.9,7.9,0.0,0.0,0.0,0.0,115,Tiramisu,Desserts,,MwSt. 7%,1.07,7.383178,0.516822,Normalverkauf
S1000196.18515,SP1000196.3.18515,SY1000196.2026.18515,iPad1(1000196),196,05.06.26 16:56,Prod,A1000196.6324,Tisch 8,101,S1000196.18515,SALE,1,5.9,5.9,0.0,0.0,0.0,0.0,123,Inger-Limonade,Getränke,,MwSt. 19%,1.19,4.957983,0.942017,Normalverkauf
S1000196.18516,SP1000196.3.18516,SY1000196.2026.18516,iPad1(1000196),196,05.06.26 16:56,Prod,A1000196.6324,Tisch 8,101,S1000196.18516,SALE,2,5.5,11.0,0.0,0.0,0.0,0.0,111,Pommes Frites,Beilagen,,MwSt. 7%,1.07,10.280374,0.719626,Normalverkauf
S1000196.18517,SP1000196.3.18517,SY1000196.2026.18517,iPad1(1000196),196,05.06.26 16:56,Prod,A1000196.6324,Tisch 8,101,S1000196.18517,SALE,2,5.9,11.8,0.0,0.0,0.0,0.0,123,Inger-Limonade,Getränke,,MwSt. 19%,1.19,9.915966,1.884034,Normalverkauf
S1000196.18518,SP1000196.3.18518,SY1000196.2026.18518,iPad1(1000196),196,05.06.26 12:29,Prod,A1000196.6325,Tisch 7,111,S1000196.18518,SALE,2,9.8,19.6,0.0,0.0,0.0,0.0,108,Seelachs-Ei-Baugette,Hauptgerichte,,MwSt. 7%,1.07,18.317757,1.282243,Normalverkauf
S1000196.18519,SP1000196.3.18519,SY1000196.2026.18519,iPad1(1000196),196,05.06.26 18:38,Prod,A1000196.6326,Tisch 15,116,S1000196.18519,SALE,2,14.5,29.0,0.0,0.0,0.0,0.0,101,Lachs,Hauptspeisen,,MwSt. 7%,1.07,27.102804,1.897196,Normalverkauf
S1000196.18520,SP1000196.3.18520,SY1000196.2026.18520,iPad1(1000196),196,05.06.26 18:38,Prod,A1000196.6326,Tisch 15,116,S1000196.18520,SALE,1,9.8,9.8,0.0,0.0,0.0,0.0,108,Seelachs-Ei-Baugette,Hauptgerichte,,MwSt. 7%,1.07,9.158879,0.641121,Normalverkauf
S1000196.18521,SP1000196.3.18521,SY1000196.2026.18521,iPad1(1000196),196,05.06.26 18:38,Prod,A1000196.6326,Tisch 15,116,S1000196.18521,SALE,1,3.9,3.9,0.0,0.0,0.0,0.0,127,Alkoholfreies Bier,Getränke,,MwSt. 19%,1.19,3.277311,0.622689,Normalverkauf
S1000196.18522,SP1000196.3.18522,SY1000196.2026.18522,iPad1(1000196),196,05.06.26 18:25,Prod,A1000196.6327,Tisch 11,115,S1000196.18522,VOID,2,10.9,21.8,0.0,0.0,0.0,0.0,107,Chicken Burger,Hauptgerichte,,MwSt. 7%,1.07,20.373832,1.426168,Normalverkauf
S1000196.18523,SP1000196.3.18523,SY1000196.2026.18523,iPad1(1000196),196,05.06.26 18:25,Prod,A1000196.6327,Tisch 11,115,S1000196.18523,VOID,2,13.5,27.0,0.0,0.0,0.0,0.0,102,Matjes,Hauptspeisen,,MwSt. 7%,1.07,25.233645,1.766355,Normalverkauf
S1000196.18524,SP1000196.3.18524,SY1000196.2026.18524,iPad1(1000196),196,05.06.26 11:55,Prod,A1000196.6328,Tisch 12,101,S1000196.18524,SALE,1,5.5,5.5,0.0,0.0,0.0,0.0,111,Pommes Frites,Beilagen,,MwSt. 7%,1.07,5.140187,0.359813,Normalverkauf
S1000196.18525,SP1000196.3.18525,SY1000196.2026.18525,iPad1(1000196),196,05.06.26 09:09,Prod,A1000196.6329,Tisch 4,107,S1000196.18525,SALE,1,3.9,3.9,0.0,0.0,0.0,0.0,124,Cola Zero,Getränke,,MwSt. 19%,1.19,3.277311,0.622689,Normalverkauf
S1000196.18526,SP1000196.3.18526,SY1000196.2026.18526,iPad1(1000196),196,05.06.26 12:01,Prod,A1000196.6330,Tisch 22,107,S1000196.18526,SALE,1,4.9,4.9,0.0,0.0,0.0,0.0,112,Kartoffelwedges,Beilagen,,MwSt. 7%,1.07,4.579439,0.320561,Normalverkauf
S1000196.18527,SP1000196.3.18527,SY1000196.2026.18527,iPad1(1000196),196,05.06.26 19:48,Prod,A1000196.6331,Tisch 17,105,S1000196.18527,SALE,1,3.2,3.2,0.0,0.0,0.0,0.0,120,Apfelschorle,Getränke,,MwSt. 19%,1.19,2.689076,0.510924,Normalverkauf
S1000196.18528,SP1000196.3.18528,SY1000196.2026.18528,iPad1(1000196),196,05.06.26 15:00,Prod,A1000196.6332,,105,S1000196.18528,SALE,1,9.8,9.8,0.0,0.0,0.0,0.0,108,Seelachs-Ei-Baugette,Hauptgerichte,,MwSt. 7%,1.07,9.158879,0.641121,Normalverkauf
S1000196.18529,SP1000196.3.18529,SY1000196.2026.18529,iPad1(1000196),196,05.06.26 17:42,Prod,A1000196.6333,,115,S1000196.18529,SALE,1,5.5,5.5,0.0,0.0,0.0,0.0,114,Fisch Nuggets Box,Beilagen,,MwSt. 7%,1.07,5.140187,0.359813,Normalverkauf
S1000196.18530,SP1000196.3.18530,SY1000196.2026.18530,iPad1(1000196),196,05.06.26 12:50,Prod,A1000196.6334,Tisch 19,105,S1000196.18530,SALE,2,6.5,13.0,0.0,0.0,0.0,0.0,100,Fischbrötchen Backfisch,Hauptspeisen,,MwSt. 7%,1.07,12.149533,0.850467,Normalverkauf
S1000196.18531,SP1000196.3.18531,SY1000196.2026.18531,iPad1(1000196),196,05.06.26 12:17,Prod,A1000196.6335,Tisch 13,115,S1000196.18531,SALE,1,3.9,3.9,0.0,0.0,0.0,0.0,126,Spezi,Getränke,,MwSt. 19%,1.19,3.277311,0.622689,Normalverkauf
S1000196.18532,SP1000196.3.18532,SY1000196.2026.18532,iPad1(1000196),196,05.06.26 12:17,Prod,A1000196.6335,Tisch 13,115,S1000196.18532,SALE,2,2.8,5.6,0.0,0.0,0.0,0.0,121,Mineralwasser,Getränke,,MwSt. 19%,1.19,4.705882,0.894118,Normalverkauf
S1000196.18533,SP1000196.3.18533,SY1000196.2026.18533,iPad1(1000196),196,05.06.26 12:17,Prod,A1000196.6335,Tisch 13,115,S1000196.18533,SALE,1,6.9,6.9,0.0,0.0,0.0,0.0,103,Fischbrötchen Räucherlachs,Hauptspeisen,,MwSt. 7%,1.07,6.448598,0.451402,Normalverkauf
S1000196.18534,SP1000196.3.18534,SY1000196.2026.18534,iPad1(1000196),196,05.06.26 20:11,Prod,A1000196.6336,Tisch 13,111,S1000196.18534,SALE,1,11.9,11.9,0.0,0.0,0.0,0.0,110,Matjes-Baguette,Hauptgerichte,,MwSt. 7%,1.07,11.121495,0.778505,Normalverkauf
S1000196.18535,SP1000196.3.18535,SY1000196.2026.18535,iPad1(1000196),196,05.06.26 20:11,Prod,A1000196.6336,Tisch 13,111,S1000196.18535,SALE,1,3.9,3.9,0.0,0.0,0.0,0.0,127,Alkoholfreies Bier,Getränke,,MwSt. 19%,1.19,3.277311,0.622689,Normalverkauf
S1000196.18536,SP1000196.3.18536,SY1000196.2026.18536,iPad1(1000196),196,05.06.26 18:18,Prod,A1000196.6337,Tisch 23,111,S1000196.18536,VOID,2,3.9,7.8,0.0,0.0,0.0,0.0,124,Cola Zero,Getränke,,MwSt. 19%,1.19,6.554622,1.245378,Normalverkauf
S1000196.18537,SP1000196.3.18537,SY1000196.2026.18537,iPad1(1000196),196,05.06.26 17:44,Prod,A1000196.6338,Tisch 9,107,S1000196.18537,SALE,1,4.9,4.9,0.0,0.0,0.0,0.0,112,Kartoffelwedges,Beilagen,,MwSt. 7%,1.07,4.579439,0.320561,Normalverkauf
S1000196.18538,SP1000196.3.18538,SY1000196.2026.18538,iPad1(1000196),196,05.06.26 17:44,Prod,A1000196.6338,Tisch 9,107,S1000196.18538,SALE,1,5.5,5.5,0.0,0.0,0.0,0.0,111,Pommes Frites,Beilagen,,MwSt. 7%,1.07,5.140187,0.359813,Normalverkauf
S1000196.18539,SP1000196.3.18539,SY1000196.2026.18539,iPad1(1000196),196,05.06.26 18:02,Prod,A1000196.6339,Tisch 8,111,S1000196.18539,SALE,2,6.9,13.8,0.0,0.0,0.0,0.0,113,Garnelen Box,Beilagen,,MwSt. 7%,1.07,12.897196,0.902804,Normalverkauf
S1000196.18540,SP1000196.3.18540,SY1000196.2026.18540,iPad1(1000196),196,05.06.26 18:02,Prod,A1000196.6339,Tisch 8,111,S1000196.18540,SALE,1,4.2,4.2,0.0,0.0,0.0,0.0,122,Bier,Getränke,,MwSt. 19%,1.19,3.529412,0.670588,Normalverkauf
S1000196.18541,SP1000196.3.18541,SY1000196.2026.18541,iPad1(1000196),196,05.06.26 11:26,Prod,A1000196.6340,Tisch 22,106,S1000196.18541,SALE,2,6.5,13.0,0.0,0.0,0.0,0.0,100,Fischbrötchen Backfisch,Hauptspeisen,,MwSt. 7%,1.07,12.149533,0.850467,Normalverkauf
S1000196.18542,SP1000196.3.18542,SY1000196.2026.18542,iPad1(1000196),196,05.06.26 11:26,Prod,A1000196.6340,Tisch 22,106,S1000196.18542,SALE,1,7.9,7.9,0.0,0.0,0.0,0.0,106,Neptun-Ringe,Beilagen,,MwSt. 7%,1.07,7.383178,0.516822,Normalverkauf
S1000196.18543,SP1000196.3.18543,SY1000196.2026.18543,iPad1(1000196),196,05.06.26 11:26,Prod,A1000196.6340,Tisch 22,106,S1000196.18543,SALE,1,2.8,2.8,0.0,0.0,0.0,0.0,121,Mineralwasser,Getränke,,MwSt. 19%,1.19,2.352941,0.447059,Normalverkauf
S1000196.18544,SP1000196.3.18544,SY1000196.2026.18544,iPad1(1000196),196,05.06.26 12:40,Prod,A1000196.6341,Tisch 21,115,S1000196.18544,SALE,2,14.5,29.0,0.0,0.0,0.0,0.0,101,Lachs,Hauptspeisen,,MwSt. 7%,1.07,27.102804,1.897196,Normalverkauf
S1000196.18545,SP1000196.3.18545,SY1000196.2026.18545,iPad1(1000196),196,05.06.26 12:40,Prod,A1000196.6341,Tisch 21,115,S1000196.18545,SALE,2,5.5,11.0,0.0,0.0,0.0,0.0,111,Pommes Frites,Beilagen,,MwSt. 7%,1.07,10.280374,0.719626,Normalverkauf
S1000196.18546,SP1000196.3.18546,SY1000196.2026.18546,iPad1(1000196),196,05.06.26 11:09,Prod,A1000196.6342,Tisch 4,107,S1000196.18546,SALE,2,6.9,13.8,0.0,0.0,0.0,0.0,113,Garnelen Box,Beilagen,,MwSt. 7%,1.07,12.897196,0.902804,Normalverkauf
S1000196.18547,SP1000196.3.18547,SY1000196.2026.18547,iPad1(1000196),196,05.06.26 11:09,Prod,A1000196.6342,Tisch 4,107,S1000196.18547,SALE,2,3.9,7.8,0.0,0.0,0.0,0.0,124,Cola Zero,Getränke,,MwSt. 19%,1.19,6.554622,1.245378,Normalverkauf
S1000196.18548,SP1000196.3.18548,SY1000196.2026.18548,iPad1(1000196),196,05.06.26 11:09,Prod,A1000196.6342,Tisch 4,107,S1000196.18548,SALE,1,10.9,10.9,0.0,0.0,0.0,0.0,104,Thunfisch Wrap,Hauptgerichte,,MwSt. 7%,1.07,10.186916,0.713084,Normalverkauf
S1000196.18549,SP1000196.3.18549,SY1000196.2026.18549,iPad1(1000196),196,05.06.26 11:06,Prod,A1000196.6343,Tisch 11,111,S1000196.18549,SALE,1,7.9,7.9,0.0,0.0,0.0,0.0,106,Neptun-Ringe,Beilagen,,MwSt. 7%,1.07,7.383178,0.516822,Normalverkauf
S1000196.18550,SP1000196.3.18550,SY1000196.2026.18550,iPad1(1000196),196,05.06.26 11:06,Prod,A1000196.6343,Tisch 11,111,S1000196.18550,SALE,1,4.9,4.9,0.0,0.0,0.0,0.0,112,Kartoffelwedges,Beilagen,,MwSt. 7%,1.07,4.579439,0.320561,Normalverkauf
S1000196.18551,SP1000196.3.18551,SY1000196.2026.18551,iPad1(1000196),196,05.06.26 18:08,Prod,A1000196.6344,Tisch 6,115,S1000196.18551,SALE,1,3.9,3.9,0.0,0.0,0.0,0.0,124,Cola Zero,Getränke,,MwSt. 19%,1.19,3.277311,0.622689,Normalverkauf
S1000196.18552,SP1000196.3.18552,SY1000196.2026.18552,iPad1(1000196),196,05.06.26 18:08,Prod,A1000196.6344,Tisch 6,115,S1000196.18552,SALE,2,11.5,23.0,0.0,0.0,0.0,0.0,105,Garnelen-Kimchi-Bruger,Hauptgerichte,,MwSt. 7%,1.07,21.495327,1.504673,Normalverkauf
S1000196.18553,SP1000196.3.18553,SY1000196.2026.18553,iPad1(1000196),196,05.06.26 18:08,Prod,A1000196.6344,Tisch 6,115,S1000196.18553,SALE,1,5.5,5.5,0.0,0.0,0.0,0.0,111,Pommes Frites,Beilagen,,MwSt. 7%,1.07,5.140187,0.359813,Normalverkauf
S1000196.18554,SP1000196.3.18554,SY1000196.2026.18554,iPad1(1000196),196,05.06.26 10:45,Prod,A1000196.6345,Tisch 16,101,S1000196.18554,VOID,1,3.2,3.2,0.0,0.0,0.0,0.0,120,Apfelschorle,Getränke,,MwSt. 19%,1.19,2.689076,0.510924,Normalverkauf
S1000196.18555,SP1000196.3.18555,SY1000196.2026.18555,iPad1(1000196),196,05.06.26 20:46,Prod,A1000196.6346,Tisch 4,106,S1000196.18555,SALE,1,4.2,4.2,0.0,0.0,0.0,0.0,122,Bier,Getränke,,MwSt. 19%,1.19,3.529412,0.670588,Normalverkauf
S1000196.18556,SP1000196.3.18556,SY1000196.2026.18556,iPad1(1000196),196,05.06.26 20:46,Prod,A1000196.6346,Tisch 4,106,S1000196.18556,SALE,2,3.2,6.4,0.0,0.0,0.0,0.0,120,Apfelschorle,Getränke,,MwSt. 19%,1.19,5.378151,1.021849,Normalverkauf
S1000196.18557,SP1000196.3.18557,SY1000196.2026.18557,iPad1(1000196),196,05.06.26 20:46,Prod,A1000196.6346,Tisch 4,106,S1000196.18557,SALE,1,3.9,3.9,0.0,0.0,0.0,0.0,124,Cola Zero,Getränke,,MwSt. 19%,1.19,3.277311,0.622689,Normalverkauf
S1000196.18558,SP1000196.3.18558,SY1000196.2026.18558,iPad1(1000196),196,05.06.26 19:54,Prod,A1000196.6347,Tisch 21,105,S1000196.18558,SALE,1,10.9,10.9,0.0,0.0,0.0,0.0,109,Bismarck-Baguette,Hauptgerichte,,MwSt. 7%,1.07,10.186916,0.713084,Normalverkauf
S1000196.18559,SP1000196.3.18559,SY1000196.2026.18559,iPad1(1000196),196,05.06.26 19:54,Prod,A1000196.6347,Tisch 21,105,S1000196.18559,SALE,1,5.5,5.5,0.0,0.0,0.0,0.0,111,Pommes Frites,Beilagen,,MwSt. 7%,1.07,5.140187,0.359813,Normalverkauf
S1000196.18560,SP1000196.3.18560,SY1000196.2026.18560,iPad1(1000196),196,05.06.26 19:54,Prod,A1000196.6347,Tisch 21,105,S1000196.18560,SALE,1,6.9,6.9,0.0,0.0,0.0,0.0,103,Fischbrötchen Räucherlachs,Hauptspeisen,,MwSt. 7%,1.07,6.448598,0.451402,Normalverkauf
S1000196.18561,SP1000196.3.18561,SY1000196.2026.18561,iPad1(1000196),196,05.06.26 08:32,Prod,A1000196.6348,Tisch 17,111,S1000196.18561,SALE,1,6.9,6.9,0.0,0.0,0.0,0.0,103,Fischbrötchen Räucherlachs,Hauptspeisen,,MwSt. 7%,1.07,6.448598,0.451402,Normalverkauf
S1000196.18562,SP1000196.3.18562,SY1000196.2026.18562,iPad1(1000196),196,05.06.26 08:32,Prod,A1000196.6348,Tisch 17,111,S1000196.18562,SALE,2,10.9,21.8,0.0,0.0,0.0,0.0,104,Thunfisch Wrap,Hauptgerichte,,MwSt. 7%,1.07,20.373832,1.426168,Normalverkauf
S1000196.18563,SP1000196.3.18563,SY1000196.2026.18563,iPad1(1000196),196,05.06.26 08:32,Prod,A1000196.6348,Tisch 17,111,S1000196.18563,SALE,1,7.9,7.9,0.0,0.0,0.0,0.0,115,Tiramisu,Desserts,,MwSt. 7%,1.07,7.383178,0.516822,Normalverkauf
S1000196.18564,SP1000196.3.18564,SY1000196.2026.18564,iPad1(1000196),196,05.06.26 19:53,Prod,A1000196.6349,Tisch 24,105,S1000196.18564,VOID,1,4.9,4.9,0.0,0.0,0.0,0.0,112,Kartoffelwedges,Beilagen,,MwSt. 7%,1.07,4.579439,0.320561,Normalverkauf
S1000196.18565,SP1000196.3.18565,SY1000196.2026.18565,iPad1(1000196),196,05.06.26 19:53,Prod,A1000196.6349,Tisch 24,105,S1000196.18565,VOID,2,10.9,21.8,0.0,0.0,0.0,0.0,107,Chicken Burger,Hauptgerichte,,MwSt. 7%,1.07,20.373832,1.426168,Normalverkauf
S1000196.18566,SP1000196.3.18566,SY1000196.2026.18566,iPad1(1000196),196,05.06.26 19:53,Prod,A1000196.6349,Tisch 24,105,S1000196.18566,VOID,2,10.9,21.8,0.0,0.0,0.0,0.0,107,Chicken Burger,Hauptgerichte,,MwSt. 7%,1.07,20.373832,1.426168,Normalverkauf
S1000196.18567,SP1000196.3.18567,SY1000196.2026.18567,iPad1(1000196),196,05.06.26 11:30,Prod,A1000196.6350,Tisch 15,101,S1000196.18567,SALE,2,5.5,11.0,0.0,0.0,0.0,0.0,111,Pommes Frites,Beilagen,,MwSt. 7%,1.07,10.280374,0.719626,Normalverkauf
S1000196.18568,SP1000196.3.18568,SY1000196.2026.18568,iPad1(1000196),196,05.06.26 15:25,Prod,A1000196.6351,Tisch 15,107,S1000196.18568,SALE,2,3.9,7.8,0.0,0.0,0.0,0.0,119,Cola,Getränke,,MwSt. 19%,1.19,6.554622,1.245378,Normalverkauf
S1000196.18569,SP1000196.3.18569,SY1000196.2026.18569,iPad1(1000196),196,05.06.26 15:25,Prod,A1000196.6351,Tisch 15,107,S1000196.18569,SALE,2,10.9,21.8,0.0,0.0,0.0,0.0,109,Bismarck-Baguette,Hauptgerichte,,MwSt. 7%,1.07,20.373832,1.426168,Normalverkauf
S1000196.18570,SP1000196.3.18570,SY1000196.2026.18570,iPad1(1000196),196,05.06.26 17:23,Prod,A1000196.6352,Tisch 9,101,S1000196.18570,SALE,1,7.9,7.9,0.0,0.0,0.0,0.0,115,Tiramisu,Desserts,,MwSt. 7%,1.07,7.383178,0.516822,Normalverkauf
S1000196.18571,SP1000196.3.18571,SY1000196.2026.18571,iPad1(1000196),196,05.06.26 17:23,Prod,A1000196.6352,Tisch 9,101,S1000196.18571,SALE,1,4.2,4.2,0.0,0.0,0.0,0.0,122,Bier,Getränke,,MwSt. 19%,1.19,3.529412,0.670588,Normalverkauf
S1000196.18572,SP1000196.3.18572,SY1000196.2026.18572,iPad1(1000196),196,05.06.26 16:38,Prod,A1000196.6353,Tisch 7,101,S1000196.18572,SALE,1,4.9,4.9,0.0,0.0,0.0,0.0,112,Kartoffelwedges,Beilagen,,MwSt. 7%,1.07,4.579439,0.320561,Normalverkauf
S1000196.18573,SP1000196.3.18573,SY1000196.2026.18573,iPad1(1000196),196,05.06.26 16:38,Prod,A1000196.6353,Tisch 7,101,S1000196.18573,SALE,1,5.9,5.9,0.0,0.0,0.0,0.0,123,Inger-Limonade,Getränke,,MwSt. 19%,1.19,4.957983,0.942017,Normalverkauf
S1000196.18574,SP1000196.3.18574,SY1000196.2026.18574,iPad1(1000196),196,05.06.26 16:38,Prod,A1000196.6353,Tisch 7,101,S1000196.18574,SALE,2,5.5,11.0,0.0,0.0,0.0,0.0,111,Pommes Frites,Beilagen,,MwSt. 7%,1.07,10.280374,0.719626,Normalverkauf
S1000196.18575,SP1000196.3.18575,SY1000196.2026.18575,iPad1(1000196),196,05.06.26 17:42,Prod,A1000196.6354,,106,S1000196.18575,SALE,1,7.9,7.9,0.0,0.0,0.0,0.0,106,Neptun-Ringe,Beilagen,,MwSt. 7%,1.07,7.383178,0.516822,Normalverkauf
S1000196.18576,SP1000196.3.18576,SY1000196.2026.18576,iPad1(1000196),196,05.06.26 17:53,Prod,A1000196.6355,Tisch 13,107,S1000196.18576,SALE,2,3.9,7.8,0.0,0.0,0.0,0.0,119,Cola,Getränke,,MwSt. 19%,1.19,6.554622,1.245378,Normalverkauf
S1000196.18577,SP1000196.3.18577,SY1000196.2026.18577,iPad1(1000196),196,05.06.26 17:53,Prod,A1000196.6355,Tisch 13,107,S1000196.18577,SALE,1,5.9,5.9,0.0,0.0,0.0,0.0,125,Zitronen-Limonade,Getränke,,MwSt. 19%,1.19,4.957983,0.942017,Normalverkauf
S1000196.18578,SP1000196.3.18578,SY1000196.2026.18578,iPad1(1000196),196,05.06.26 17:53,Prod,A1000196.6355,Tisch 13,107,S1000196.18578,SALE,1,5.5,5.5,0.0,0.0,0.0,0.0,111,Pommes Frites,Beilagen,,MwSt. 7%,1.07,5.140187,0.359813,Normalverkauf
S1000196.18579,SP1000196.3.18579,SY1000196.2026.18579,iPad1(1000196),196,05.06.26 15:35,Prod,A1000196.6356,Tisch 20,111,S1000196.18579,SALE,2,5.5,11.0,0.0,0.0,0.0,0.0,111,Pommes Frites,Beilagen,,MwSt. 7%,1.07,10.280374,0.719626,Normalverkauf
S1000196.18580,SP1000196.3.18580,SY1000196.2026.18580,iPad1(1000196),196,05.06.26 15:35,Prod,A1000196.6356,Tisch 20,111,S1000196.18580,SALE,2,10.9,21.8,0.0,0.0,0.0,0.0,107,Chicken Burger,Hauptgerichte,,MwSt. 7%,1.07,20.373832,1.426168,Normalverkauf
S1000196.18581,SP1000196.3.18581,SY1000196.2026.18581,iPad1(1000196),196,05.06.26 15:35,Prod,A1000196.6356,Tisch 20,111,S1000196.18581,SALE,2,3.2,6.4,0.0,0.0,0.0,0.0,120,Apfelschorle,Getränke,,MwSt. 19%,1.19,5.378151,1.021849,Normalverkauf
S1000196.18582,SP1000196.3.18582,SY1000196.2026.18582,iPad1(1000196),196,05.06.26 11:38,Prod,A1000196.6357,Tisch 4,116,S1000196.18582,SALE,2,6.5,13.0,0.0,0.0,0.0,0.0,100,Fischbrötchen Backfisch,Hauptspeisen,,MwSt. 7%,1.07,12.149533,0.850467,Normalverkauf
S1000196.18583,SP1000196.3.18583,SY1000196.2026.18583,iPad1(1000196),196,05.06.26 11:38,Prod,A1000196.6357,Tisch 4,116,S1000196.18583,SALE,2,5.5,11.0,0.0,0.0,0.0,0.0,111,Pommes Frites,Beilagen,,MwSt. 7%,1.07,10.280374,0.719626,Normalverkauf
S1000196.18584,SP1000196.3.18584,SY1000196.2026.18584,iPad1(1000196),196,05.06.26 09:10,Prod,A1000196.6358,,111,S1000196.18584,SALE,1,3.9,3.9,0.0,0.0,0.0,0.0,124,Cola Zero,Getränke,,MwSt. 19%,1.19,3.277311,0.622689,Normalverkauf
S1000196.18585,SP1000196.3.18585,SY1000196.2026.18585,iPad1(1000196),196,05.06.26 09:10,Prod,A1000196.6358,,111,S1000196.18585,SALE,1,3.2,3.2,0.0,0.0,0.0,0.0,120,Apfelschorle,Getränke,,MwSt. 19%,1.19,2.689076,0.510924,Normalverkauf
S1000196.18586,SP1000196.3.18586,SY1000196.2026.18586,iPad1(1000196),196,05.06.26 10:14,Prod,A1000196.6359,Tisch 17,107,S1000196.18586,SALE,1,13.5,13.5,0.0,0.0,0.0,0.0,102,Matjes,Hauptspeisen,,MwSt. 7%,1.07,12.616822,0.883178,Normalverkauf
S1000196.18587,SP1000196.3.18587,SY1000196.2026.18587,iPad1(1000196),196,05.06.26 10:14,Prod,A1000196.6359,Tisch 17,107,S1000196.18587,SALE,1,3.9,3.9,0.0,0.0,0.0,0.0,126,Spezi,Getränke,,MwSt. 19%,1.19,3.277311,0.622689,Normalverkauf
S1000196.18588,SP1000196.3.18588,SY1000196.2026.18588,iPad1(1000196),196,05.06.26 14:58,Prod,A1000196.6360,Tisch 22,101,S1000196.18588,SALE,2,4.9,9.8,0.0,0.0,0.0,0.0,112,Kartoffelwedges,Beilagen,,MwSt. 7%,1.07,9.158879,0.641121,Normalverkauf
S1000196.18589,SP1000196.3.18589,SY1000196.2026.18589,iPad1(1000196),196,05.06.26 14:58,Prod,A1000196.6360,Tisch 22,101,S1000196.18589,SALE,1,6.9,6.9,0.0,0.0,0.0,0.0,113,Garnelen Box,Beilagen,,MwSt. 7%,1.07,6.448598,0.451402,Normalverkauf
S1000196.18590,SP1000196.3.18590,SY1000196.2026.18590,iPad1(1000196),196,05.06.26 14:58,Prod,A1000196.6360,Tisch 22,101,S1000196.18590,SALE,1,10.9,10.9,0.0,0.0,0.0,0.0,107,Chicken Burger,Hauptgerichte,,MwSt. 7%,1.07,10.186916,0.713084,Normalverkauf
S1000196.18591,SP1000196.3.18591,SY1000196.2026.18591,iPad1(1000196),196,05.06.26 19:35,Prod,A1000196.6361,Tisch 23,116,S1000196.18591,SALE,1,10.9,10.9,0.0,0.0,0.0,0.0,107,Chicken Burger,Hauptgerichte,,MwSt. 7%,1.07,10.186916,0.713084,Normalverkauf
S1000196.18592,SP1000196.3.18592,SY1000196.2026.18592,iPad1(1000196),196,05.06.26 19:35,Prod,A1000196.6361,Tisch 23,116,S1000196.18592,SALE,1,3.9,3.9,0.0,0.0,0.0,0.0,119,Cola,Getränke,,MwSt. 19%,1.19,3.277311,0.622689,Normalverkauf
S1000196.18593,SP1000196.3.18593,SY1000196.2026.18593,iPad1(1000196),196,05.06.26 16:01,Prod,A1000196.6362,Tisch 5,111,S1000196.18593,SALE,1,5.9,5.9,0.0,0.0,0.0,0.0,125,Zitronen-Limonade,Getränke,,MwSt. 19%,1.19,4.957983,0.942017,Normalverkauf
S1000196.18594,SP1000196.3.18594,SY1000196.2026.18594,iPad1(1000196),196,05.06.26 16:01,Prod,A1000196.6362,Tisch 5,111,S1000196.18594,SALE,1,14.5,14.5,0.0,0.0,0.0,0.0,101,Lachs,Hauptspeisen,,MwSt. 7%,1.07,13.551402,0.948598,Normalverkauf
S1000196.18595,SP1000196.3.18595,SY1000196.2026.18595,iPad1(1000196),196,05.06.26 16:01,Prod,A1000196.6362,Tisch 5,111,S1000196.18595,SALE,2,6.9,13.8,0.0,0.0,0.0,0.0,113,Garnelen Box,Beilagen,,MwSt. 7%,1.07,12.897196,0.902804,Normalverkauf
S1000196.18596,SP1000196.3.18596,SY1000196.2026.18596,iPad1(1000196),196,05.06.26 08:03,Prod,A1000196.6363,Tisch 22,111,S1000196.18596,SALE,2,10.9,21.8,0.0,0.0,0.0,0.0,107,Chicken Burger,Hauptgerichte,,MwSt. 7%,1.07,20.373832,1.426168,Normalverkauf
S1000196.18597,SP1000196.3.18597,SY1000196.2026.18597,iPad1(1000196),196,05.06.26 13:25,Prod,A1000196.6364,,116,S1000196.18597,SALE,1,3.9,3.9,0.0,0.0,0.0,0.0,119,Cola,Getränke,,MwSt. 19%,1.19,3.277311,0.622689,Normalverkauf
S1000196.18598,SP1000196.3.18598,SY1000196.2026.18598,iPad1(1000196),196,05.06.26 13:25,Prod,A1000196.6364,,116,S1000196.18598,SALE,2,6.9,13.8,0.0,0.0,0.0,0.0,103,Fischbrötchen Räucherlachs,Hauptspeisen,,MwSt. 7%,1.07,12.897196,0.902804,Normalverkauf
S1000196.18599,SP1000196.3.18599,SY1000196.2026.18599,iPad1(1000196),196,05.06.26 15:22,Prod,A1000196.6365,Tisch 11,111,S1000196.18599,SALE,1,3.9,3.9,0.0,0.0,0.0,0.0,119,Cola,Getränke,,MwSt. 19%,1.19,3.277311,0.622689,Normalverkauf
S1000196.18600,SP1000196.3.18600,SY1000196.2026.18600,iPad1(1000196),196,05.06.26 15:22,Prod,A1000196.6365,Tisch 11,111,S1000196.18600,SALE,2,6.5,13.0,0.0,0.0,0.0,0.0,100,Fischbrötchen Backfisch,Hauptspeisen,,MwSt. 7%,1.07,12.149533,0.850467,Normalverkauf
S1000196.18601,SP1000196.3.18601,SY1000196.2026.18601,iPad1(1000196),196,05.06.26 15:22,Prod,A1000196.6365,Tisch 11,111,S1000196.18601,SALE,2,10.9,21.8,0.0,0.0,0.0,0.0,107,Chicken Burger,Hauptgerichte,,MwSt. 7%,1.07,20.373832,1.426168,Normalverkauf
S1000196.18602,SP1000196.3.18602,SY1000196.2026.18602,iPad1(1000196),196,05.06.26 19:23,Prod,A1000196.6366,Tisch 22,111,S1000196.18602,SALE,2,3.2,6.4,0.0,0.0,0.0,0.0,120,Apfelschorle,Getränke,,MwSt. 19%,1.19,5.378151,1.021849,Normalverkauf
S1000196.18603,SP1000196.3.18603,SY1000196.2026.18603,iPad1(1000196),196,05.06.26 19:20,Prod,A1000196.6367,Tisch 13,115,S1000196.18603,SALE,1,6.9,6.9,0.0,0.0,0.0,0.0,103,Fischbrötchen Räucherlachs,Hauptspeisen,,MwSt. 7%,1.07,6.448598,0.451402,Normalverkauf
S1000196.18604,SP1000196.3.18604,SY1000196.2026.18604,iPad1(1000196),196,05.06.26 19:20,Prod,A1000196.6367,Tisch 13,115,S1000196.18604,SALE,2,3.9,7.8,0.0,0.0,0.0,0.0,127,Alkoholfreies Bier,Getränke,,MwSt. 19%,1.19,6.554622,1.245378,Normalverkauf
S1000196.18605,SP1000196.3.18605,SY1000196.2026.18605,iPad1(1000196),196,05.06.26 19:20,Prod,A1000196.6367,Tisch 13,115,S1000196.18605,SALE,2,6.5,13.0,0.0,0.0,0.0,0.0,100,Fischbrötchen Backfisch,Hauptspeisen,,MwSt. 7%,1.07,12.149533,0.850467,Normalverkauf
S1000196.18606,SP1000196.3.18606,SY1000196.2026.18606,iPad1(1000196),196,05.06.26 17:36,Prod,A1000196.6368,Tisch 17,106,S1000196.18606,SALE,1,10.9,10.9,0.0,0.0,0.0,0.0,107,Chicken Burger,Hauptgerichte,,MwSt. 7%,1.07,10.186916,0.713084,Normalverkauf
S1000196.18607,SP1000196.3.18607,SY1000196.2026.18607,iPad1(1000196),196,05.06.26 17:36,Prod,A1000196.6368,Tisch 17,106,S1000196.18607,SALE,1,6.5,6.5,0.0,0.0,0.0,0.0,100,Fischbrötchen Backfisch,Hauptspeisen,,MwSt. 7%,1.07,6.074766,0.425234,Normalverkauf
S1000196.18608,SP1000196.3.18608,SY1000196.2026.18608,iPad1(1000196),196,05.06.26 20:07,Prod,A1000196.6369,Tisch 20,115,S1000196.18608,SALE,1,3.9,3.9,0.0,0.0,0.0,0.0,126,Spezi,Getränke,,MwSt. 19%,1.19,3.277311,0.622689,Normalverkauf
S1000196.18609,SP1000196.3.18609,SY1000196.2026.18609,iPad1(1000196),196,05.06.26 20:07,Prod,A1000196.6369,Tisch 20,115,S1000196.18609,SALE,1,4.2,4.2,0.0,0.0,0.0,0.0,122,Bier,Getränke,,MwSt. 19%,1.19,3.529412,0.670588,Normalverkauf
S1000196.18610,SP1000196.3.18610,SY1000196.2026.18610,iPad1(1000196),196,05.06.26 17:30,Prod,A1000196.6370,Tisch 20,115,S1000196.18610,SALE,1,6.9,6.9,0.0,0.0,0.0,0.0,113,Garnelen Box,Beilagen,,MwSt. 7%,1.07,6.448598,0.451402,Normalverkauf
S1000196.18611,SP1000196.3.18611,SY1000196.2026.18611,iPad1(1000196),196,05.06.26 17:30,Prod,A1000196.6370,Tisch 20,115,S1000196.18611,SALE,2,7.9,15.8,0.0,0.0,0.0,0.0,106,Neptun-Ringe,Beilagen,,MwSt. 7%,1.07,14.766355,1.033645,Normalverkauf
S1000196.18612,SP1000196.3.18612,SY1000196.2026.18612,iPad1(1000196),196,05.06.26 12:53,Prod,A1000196.6371,Tisch 6,107,S1000196.18612,SALE,2,5.5,11.0,0.0,0.0,0.0,0.0,111,Pommes Frites,Beilagen,,MwSt. 7%,1.07,10.280374,0.719626,Normalverkauf
S1000196.18613,SP1000196.3.18613,SY1000196.2026.18613,iPad1(1000196),196,05.06.26 20:35,Prod,A1000196.6372,Tisch 1,111,S1000196.18613,VOID,2,6.5,13.0,0.0,0.0,0.0,0.0,100,Fischbrötchen Backfisch,Hauptspeisen,,MwSt. 7%,1.07,12.149533,0.850467,Normalverkauf
S1000196.18614,SP1000196.3.18614,SY1000196.2026.18614,iPad1(1000196),196,05.06.26 19:38,Prod,A1000196.6373,Tisch 15,105,S1000196.18614,SALE,1,3.9,3.9,0.0,0.0,0.0,0.0,124,Cola Zero,Getränke,,MwSt. 19%,1.19,3.277311,0.622689,Normalverkauf
S1000196.18615,SP1000196.3.18615,SY1000196.2026.18615,iPad1(1000196),196,05.06.26 19:38,Prod,A1000196.6373,Tisch 15,105,S1000196.18615,SALE,1,4.2,4.2,0.0,0.0,0.0,0.0,122,Bier,Getränke,,MwSt. 19%,1.19,3.529412,0.670588,Normalverkauf
S1000196.18616,SP1000196.3.18616,SY1000196.2026.18616,iPad1(1000196),196,05.06.26 17:11,Prod,A1000196.6374,Tisch 20,106,S1000196.18616,VOID,1,3.9,3.9,0.0,0.0,0.0,0.0,124,Cola Zero,Getränke,,MwSt. 19%,1.19,3.277311,0.622689,Normalverkauf
S1000196.18617,SP1000196.3.18617,SY1000196.2026.18617,iPad1(1000196),196,05.06.26 17:11,Prod,A1000196.6374,Tisch 20,106,S1000196.18617,VOID,2,2.8,5.6,0.0,0.0,0.0,0.0,121,Mineralwasser,Getränke,,MwSt. 19%,1.19,4.705882,0.894118,Normalverkauf
S1000196.18618,SP1000196.3.18618,SY1000196.2026.18618,iPad1(1000196),196,05.06.26 17:11,Prod,A1000196.6374,Tisch 20,106,S1000196.18618,VOID,2,4.2,8.4,0.0,0.0,0.0,0.0,122,Bier,Getränke,,MwSt. 19%,1.19,7.058824,1.341176,Normalverkauf
S1000196.18619,SP1000196.3.18619,SY1000196.2026.18619,iPad1(1000196),196,05.06.26 18:38,Prod,A1000196.6375,Tisch 6,111,S1000196.18619,SALE,2,10.9,21.8,0.0,0.0,0.0,0.0,107,Chicken Burger,Hauptgerichte,,MwSt. 7%,1.07,20.373832,1.426168,Normalverkauf
S1000196.18620,SP1000196.3.18620,SY1000196.2026.18620,iPad1(1000196),196,05.06.26 15:26,Prod,A1000196.6376,Tisch 7,115,S1000196.18620,SALE,1,10.9,10.9,0.0,0.0,0.0,0.0,104,Thunfisch Wrap,Hauptgerichte,,MwSt. 7%,1.07,10.186916,0.713084,Normalverkauf
S1000196.18621,SP1000196.3.18621,SY1000196.2026.18621,iPad1(1000196),196,05.06.26 15:26,Prod,A1000196.6376,Tisch 7,115,S1000196.18621,SALE,1,3.2,3.2,0.0,0.0,0.0,0.0,120,Apfelschorle,Getränke,,MwSt. 19%,1.19,2.689076,0.510924,Normalverkauf
S1000196.18622,SP1000196.3.18622,SY1000196.2026.18622,iPad1(1000196),196,05.06.26 15:26,Prod,A1000196.6376,Tisch 7,115,S1000196.18622,SALE,2,4.2,8.4,0.0,0.0,0.0,0.0,122,Bier,Getränke,,MwSt. 19%,1.19,7.058824,1.341176,Normalverkauf
S1000196.18623,SP1000196.3.18623,SY1000196.2026.18623,iPad1(1000196),196,05.06.26 19:17,Prod,A1000196.6377,Tisch 2,115,S1000196.18623,SALE,2,6.5,13.0,0.0,0.0,0.0,0.0,100,Fischbrötchen Backfisch,Hauptspeisen,,MwSt. 7%,1.07,12.149533,0.850467,Normalverkauf
S1000196.18624,SP1000196.3.18624,SY1000196.2026.18624,iPad1(1000196),196,05.06.26 17:37,Prod,A1000196.6378,Tisch 20,101,S1000196.18624,SALE,1,3.2,3.2,0.0,0.0,0.0,0.0,120,Apfelschorle,Getränke,,MwSt. 19%,1.19,2.689076,0.510924,Normalverkauf
S1000196.18625,SP1000196.3.18625,SY1000196.2026.18625,iPad1(1000196),196,05.06.26 17:37,Prod,A1000196.6378,Tisch 20,101,S1000196.18625,SALE,1,5.9,5.9,0.0,0.0,0.0,0.0,116,Vanillequark,Desserts,,MwSt. 7%,1.07,5.514019,0.385981,Normalverkauf
S1000196.18626,SP1000196.3.18626,SY1000196.2026.18626,iPad1(1000196),196,05.06.26 12:40,Prod,A1000196.6379,Tisch 11,106,S1000196.18626,SALE,1,3.9,3.9,0.0,0.0,0.0,0.0,119,Cola,Getränke,,MwSt. 19%,1.19,3.277311,0.622689,Normalverkauf
S1000196.18627,SP1000196.3.18627,SY1000196.2026.18627,iPad1(1000196),196,05.06.26 16:15,Prod,A1000196.6380,Tisch 21,111,S1000196.18627,SALE,2,6.5,13.0,0.0,0.0,0.0,0.0,100,Fischbrötchen Backfisch,Hauptspeisen,,MwSt. 7%,1.07,12.149533,0.850467,Normalverkauf
S1000196.18628,SP1000196.3.18628,SY1000196.2026.18628,iPad1(1000196),196,05.06.26 16:15,Prod,A1000196.6380,Tisch 21,111,S1000196.18628,SALE,2,3.9,7.8,0.0,0.0,0.0,0.0,126,Spezi,Getränke,,MwSt. 19%,1.19,6.554622,1.245378,Normalverkauf
S1000196.18629,SP1000196.3.18629,SY1000196.2026.18629,iPad1(1000196),196,05.06.26 15:09,Prod,A1000196.6381,Tisch 18,105,S1000196.18629,SALE,1,10.9,10.9,0.0,0.0,0.0,0.0,107,Chicken Burger,Hauptgerichte,,MwSt. 7%,1.07,10.186916,0.713084,Normalverkauf
S1000196.18630,SP1000196.3.18630,SY1000196.2026.18630,iPad1(1000196),196,05.06.26 19:16,Prod,A1000196.6382,Tisch 21,115,S1000196.18630,VOID,2,3.2,6.4,0.0,0.0,0.0,0.0,120,Apfelschorle,Getränke,,MwSt. 19%,1.19,5.378151,1.021849,Normalverkauf
S1000196.18631,SP1000196.3.18631,SY1000196.2026.18631,iPad1(1000196),196,05.06.26 18:01,Prod,A1000196.6383,Tisch 2,116,S1000196.18631,VOID,1,10.9,10.9,0.0,0.0,0.0,0.0,109,Bismarck-Baguette,Hauptgerichte,,MwSt. 7%,1.07,10.186916,0.713084,Normalverkauf
S1000196.18632,SP1000196.3.18632,SY1000196.2026.18632,iPad1(1000196),196,05.06.26 18:43,Prod,A1000196.6384,Tisch 6,115,S1000196.18632,SALE,2,10.9,21.8,0.0,0.0,0.0,0.0,104,Thunfisch Wrap,Hauptgerichte,,MwSt. 7%,1.07,20.373832,1.426168,Normalverkauf
S1000196.18633,SP1000196.3.18633,SY1000196.2026.18633,iPad1(1000196),196,05.06.26 18:43,Prod,A1000196.6384,Tisch 6,115,S1000196.18633,SALE,2,5.5,11.0,0.0,0.0,0.0,0.0,114,Fisch Nuggets Box,Beilagen,,MwSt. 7%,1.07,10.280374,0.719626,Normalverkauf
S1000196.18634,SP1000196.3.18634,SY1000196.2026.18634,iPad1(1000196),196,05.06.26 08:43,Prod,A1000196.6385,Tisch 1,106,S1000196.18634,SALE,1,3.9,3.9,0.0,0.0,0.0,0.0,119,Cola,Getränke,,MwSt. 19%,1.19,3.277311,0.622689,Normalverkauf
S1000196.18635,SP1000196.3.18635,SY1000196.2026.18635,iPad1(1000196),196,05.06.26 08:43,Prod,A1000196.6385,Tisch 1,106,S1000196.18635,SALE,1,11.5,11.5,0.0,0.0,0.0,0.0,105,Garnelen-Kimchi-Bruger,Hauptgerichte,,MwSt. 7%,1.07,10.747664,0.752336,Normalverkauf
S1000196.18636,SP1000196.3.18636,SY1000196.2026.18636,iPad1(1000196),196,05.06.26 08:43,Prod,A1000196.6385,Tisch 1,106,S1000196.18636,SALE,2,13.5,27.0,0.0,0.0,0.0,0.0,102,Matjes,Hauptspeisen,,MwSt. 7%,1.07,25.233645,1.766355,Normalverkauf
S1000196.18637,SP1000196.3.18637,SY1000196.2026.18637,iPad1(1000196),196,05.06.26 10:34,Prod,A1000196.6386,Tisch 24,107,S1000196.18637,SALE,1,9.8,9.8,0.0,0.0,0.0,0.0,108,Seelachs-Ei-Baugette,Hauptgerichte,,MwSt. 7%,1.07,9.158879,0.641121,Normalverkauf
S1000196.18638,SP1000196.3.18638,SY1000196.2026.18638,iPad1(1000196),196,05.06.26 14:53,Prod,A1000196.6387,Tisch 16,105,S1000196.18638,SALE,1,6.5,6.5,0.0,0.0,0.0,0.0,100,Fischbrötchen Backfisch,Hauptspeisen,,MwSt. 7%,1.07,6.074766,0.425234,Normalverkauf
S1000196.18639,SP1000196.3.18639,SY1000196.2026.18639,iPad1(1000196),196,05.06.26 14:53,Prod,A1000196.6387,Tisch 16,105,S1000196.18639,SALE,1,5.9,5.9,0.0,0.0,0.0,0.0,117,Rote Grütze,Desserts,,MwSt. 7%,1.07,5.514019,0.385981,Normalverkauf
S1000196.18640,SP1000196.3.18640,SY1000196.2026.18640,iPad1(1000196),196,05.06.26 16:35,Prod,A1000196.6388,Tisch 15,105,S1000196.18640,SALE,2,6.5,13.0,0.0,0.0,0.0,0.0,100,Fischbrötchen Backfisch,Hauptspeisen,,MwSt. 7%,1.07,12.149533,0.850467,Normalverkauf
S1000196.18641,SP1000196.3.18641,SY1000196.2026.18641,iPad1(1000196),196,05.06.26 16:35,Prod,A1000196.6388,Tisch 15,105,S1000196.18641,SALE,1,10.9,10.9,0.0,0.0,0.0,0.0,107,Chicken Burger,Hauptgerichte,,MwSt. 7%,1.07,10.186916,0.713084,Normalverkauf
S1000196.18642,SP1000196.3.18642,SY1000196.2026.18642,iPad1(1000196),196,05.06.26 16:35,Prod,A1000196.6388,Tisch 15,105,S1000196.18642,SALE,2,3.9,7.8,0.0,0.0,0.0,0.0,126,Spezi,Getränke,,MwSt. 19%,1.19,6.554622,1.245378,Normalverkauf
S1000196.18643,SP1000196.3.18643,SY1000196.2026.18643,iPad1(1000196),196,05.06.26 18:35,Prod,A1000196.6389,Tisch 9,116,S1000196.18643,SALE,2,3.9,7.8,0.0,0.0,0.0,0.0,126,Spezi,Getränke,,MwSt. 19%,1.19,6.554622,1.245378,Normalverkauf
S1000196.18644,SP1000196.3.18644,SY1000196.2026.18644,iPad1(1000196),196,05.06.26 18:35,Prod,A1000196.6389,Tisch 9,116,S1000196.18644,SALE,1,10.9,10.9,0.0,0.0,0.0,0.0,107,Chicken Burger,Hauptgerichte,,MwSt. 7%,1.07,10.186916,0.713084,Normalverkauf
S1000196.18645,SP1000196.3.18645,SY1000196.2026.18645,iPad1(1000196),196,05.06.26 14:36,Prod,A1000196.6390,Tisch 22,111,S1000196.18645,SALE,1,3.2,3.2,0.0,0.0,0.0,0.0,120,Apfelschorle,Getränke,,MwSt. 19%,1.19,2.689076,0.510924,Normalverkauf
S1000196.18646,SP1000196.3.18646,SY1000196.2026.18646,iPad1(1000196),196,05.06.26 14:36,Prod,A1000196.6390,Tisch 22,111,S1000196.18646,SALE,2,2.8,5.6,0.0,0.0,0.0,0.0,121,Mineralwasser,Getränke,,MwSt. 19%,1.19,4.705882,0.894118,Normalverkauf
S1000196.18647,SP1000196.3.18647,SY1000196.2026.18647,iPad1(1000196),196,05.06.26 14:36,Prod,A1000196.6390,Tisch 22,111,S1000196.18647,SALE,2,3.2,6.4,0.0,0.0,0.0,0.0,120,Apfelschorle,Getränke,,MwSt. 19%,1.19,5.378151,1.021849,Normalverkauf
S1000196.18648,SP1000196.3.18648,SY1000196.2026.18648,iPad1(1000196),196,05.06.26 16:45,Prod,A1000196.6391,Tisch 6,106,S1000196.18648,SALE,2,3.9,7.8,0.0,0.0,0.0,0.0,119,Cola,Getränke,,MwSt. 19%,1.19,6.554622,1.245378,Normalverkauf
S1000196.18649,SP1000196.3.18649,SY1000196.2026.18649,iPad1(1000196),196,05.06.26 13:02,Prod,A1000196.6392,Tisch 4,115,S1000196.18649,SALE,2,3.9,7.8,0.0,0.0,0.0,0.0,119,Cola,Getränke,,MwSt. 19%,1.19,6.554622,1.245378,Normalverkauf
S1000196.18650,SP1000196.3.18650,SY1000196.2026.18650,iPad1(1000196),196,05.06.26 13:02,Prod,A1000196.6392,Tisch 4,115,S1000196.18650,SALE,2,4.9,9.8,0.0,0.0,0.0,0.0,112,Kartoffelwedges,Beilagen,,MwSt. 7%,1.07,9.158879,0.641121,Normalverkauf
S1000196.18651,SP1000196.3.18651,SY1000196.2026.18651,iPad1(1000196),196,05.06.26 13:02,Prod,A1000196.6392,Tisch 4,115,S1000196.18651,SALE,1,10.9,10.9,0.0,0.0,0.0,0.0,109,Bismarck-Baguette,Hauptgerichte,,MwSt. 7%,1.07,10.186916,0.713084,Normalverkauf
S1000196.18652,SP1000196.3.18652,SY1000196.2026.18652,iPad1(1000196),196,05.06.26 13:08,Prod,A1000196.6393,Tisch 1,111,S1000196.18652,SALE,2,5.5,11.0,0.0,0.0,0.0,0.0,114,Fisch Nuggets Box,Beilagen,,MwSt. 7%,1.07,10.280374,0.719626,Normalverkauf
S1000196.18653,SP1000196.3.18653,SY1000196.2026.18653,iPad1(1000196),196,05.06.26 13:08,Prod,A1000196.6393,Tisch 1,111,S1000196.18653,SALE,1,2.8,2.8,0.0,0.0,0.0,0.0,121,Mineralwasser,Getränke,,MwSt. 19%,1.19,2.352941,0.447059,Normalverkauf
S1000196.18654,SP1000196.3.18654,SY1000196.2026.18654,iPad1(1000196),196,05.06.26 19:19,Prod,A1000196.6394,Tisch 21,106,S1000196.18654,SALE,1,5.5,5.5,0.0,0.0,0.0,0.0,111,Pommes Frites,Beilagen,,MwSt. 7%,1.07,5.140187,0.359813,Normalverkauf
S1000196.18655,SP1000196.3.18655,SY1000196.2026.18655,iPad1(1000196),196,05.06.26 17:13,Prod,A1000196.6395,,111,S1000196.18655,VOID,2,10.9,21.8,0.0,0.0,0.0,0.0,109,Bismarck-Baguette,Hauptgerichte,,MwSt. 7%,1.07,20.373832,1.426168,Normalverkauf
S1000196.18656,SP1000196.3.18656,SY1000196.2026.18656,iPad1(1000196),196,05.06.26 17:13,Prod,A1000196.6395,,111,S1000196.18656,VOID,2,6.9,13.8,0.0,0.0,0.0,0.0,103,Fischbrötchen Räucherlachs,Hauptspeisen,,MwSt. 7%,1.07,12.897196,0.902804,Normalverkauf
S1000196.18657,SP1000196.3.18657,SY1000196.2026.18657,iPad1(1000196),196,05.06.26 20:55,Prod,A1000196.6396,Tisch 17,101,S1000196.18657,SALE,2,3.9,7.8,0.0,0.0,0.0,0.0,124,Cola Zero,Getränke,,MwSt. 19%,1.19,6.554622,1.245378,Normalverkauf
S1000196.18658,SP1000196.3.18658,SY1000196.2026.18658,iPad1(1000196),196,05.06.26 20:55,Prod,A1000196.6396,Tisch 17,101,S1000196.18658,SALE,1,5.5,5.5,0.0,0.0,0.0,0.0,111,Pommes Frites,Beilagen,,MwSt. 7%,1.07,5.140187,0.359813,Normalverkauf
S1000196.18659,SP1000196.3.18659,SY1000196.2026.18659,iPad1(1000196),196,05.06.26 16:08,Prod,A1000196.6397,,105,S1000196.18659,VOID,1,5.9,5.9,0.0,0.0,0.0,0.0,125,Zitronen-Limonade,Getränke,,MwSt. 19%,1.19,4.957983,0.942017,Normalverkauf
S1000196.18660,SP1000196.3.18660,SY1000196.2026.18660,iPad1(1000196),196,05.06.26 12:53,Prod,A1000196.6398,Tisch 13,105,S1000196.18660,SALE,1,6.5,6.5,0.0,0.0,0.0,0.0,118,Schokokuchen,Desserts,,MwSt. 7%,1.07,6.074766,0.425234,Normalverkauf
S1000196.18661,SP1000196.3.18661,SY1000196.2026.18661,iPad1(1000196),196,05.06.26 12:53,Prod,A1000196.6398,Tisch 13,105,S1000196.18661,SALE,1,4.9,4.9,0.0,0.0,0.0,0.0,112,Kartoffelwedges,Beilagen,,MwSt. 7%,1.07,4.579439,0.320561,Normalverkauf
S1000196.18662,SP1000196.3.18662,SY1000196.2026.18662,iPad1(1000196),196,05.06.26 12:53,Prod,A1000196.6398,Tisch 13,105,S1000196.18662,SALE,2,4.9,9.8,0.0,0.0,0.0,0.0,112,Kartoffelwedges,Beilagen,,MwSt. 7%,1.07,9.158879,0.641121,Normalverkauf
S1000196.18663,SP1000196.3.18663,SY1000196.2026.18663,iPad1(1000196),196,05.06.26 19:30,Prod,A1000196.6399,Tisch 11,105,S1000196.18663,SALE,1,10.9,10.9,0.0,0.0,0.0,0.0,104,Thunfisch Wrap,Hauptgerichte,,MwSt. 7%,1.07,10.186916,0.713084,Normalverkauf
S1000196.18664,SP1000196.3.18664,SY1000196.2026.18664,iPad1(1000196),196,05.06.26 19:30,Prod,A1000196.6399,Tisch 11,105,S1000196.18664,SALE,2,13.5,27.0,0.0,0.0,0.0,0.0,102,Matjes,Hauptspeisen,,MwSt. 7%,1.07,25.233645,1.766355,Normalverkauf
S1000196.18665,SP1000196.3.18665,SY1000196.2026.18665,iPad1(1000196),196,05.06.26 19:30,Prod,A1000196.6399,Tisch 11,105,S1000196.18665,SALE,1,3.9,3.9,0.0,0.0,0.0,0.0,124,Cola Zero,Getränke,,MwSt. 19%,1.19,3.277311,0.622689,Normalverkauf
S1000196.18666,SP1000196.3.18666,SY1000196.2026.18666,iPad1(1000196),196,05.06.26 18:07,Prod,A1000196.6400,Tisch 16,101,S1000196.18666,SALE,2,4.2,8.4,0.0,0.0,0.0,0.0,122,Bier,Getränke,,MwSt. 19%,1.19,7.058824,1.341176,Normalverkauf
S1000196.18667,SP1000196.3.18667,SY1000196.2026.18667,iPad1(1000196),196,05.06.26 18:07,Prod,A1000196.6400,Tisch 16,101,S1000196.18667,SALE,1,3.9,3.9,0.0,0.0,0.0,0.0,124,Cola Zero,Getränke,,MwSt. 19%,1.19,3.277311,0.622689,Normalverkauf
S1000196.18668,SP1000196.3.18668,SY1000196.2026.18668,iPad1(1000196),196,05.06.26 18:07,Prod,A1000196.6400,Tisch 16,101,S1000196.18668,SALE,1,5.9,5.9,0.0,0.0,0.0,0.0,125,Zitronen-Limonade,Getränke,,MwSt. 19%,1.19,4.957983,0.942017,Normalverkauf
S1000196.18669,SP1000196.3.18669,SY1000196.2026.18669,iPad1(1000196),196,05.06.26 11:39,Prod,A1000196.6401,Tisch 22,111,S1000196.18669,VOID,2,3.9,7.8,0.0,0.0,0.0,0.0,126,Spezi,Getränke,,MwSt. 19%,1.19,6.554622,1.245378,Normalverkauf
S1000196.18670,SP1000196.3.18670,SY1000196.2026.18670,iPad1(1000196),196,05.06.26 20:55,Prod,A1000196.6402,Tisch 19,105,S1000196.18670,SALE,1,6.9,6.9,0.0,0.0,0.0,0.0,113,Garnelen Box,Beilagen,,MwSt. 7%,1.07,6.448598,0.451402,Normalverkauf
S1000196.18671,SP1000196.3.18671,SY1000196.2026.18671,iPad1(1000196),196,05.06.26 20:55,Prod,A1000196.6402,Tisch 19,105,S1000196.18671,SALE,2,10.9,21.8,0.0,0.0,0.0,0.0,109,Bismarck-Baguette,Hauptgerichte,,MwSt. 7%,1.07,20.373832,1.426168,Normalverkauf
S1000196.18672,SP1000196.3.18672,SY1000196.2026.18672,iPad1(1000196),196,05.06.26 20:48,Prod,A1000196.6403,Tisch 17,116,S1000196.18672,SALE,1,6.9,6.9,0.0,0.0,0.0,0.0,113,Garnelen Box,Beilagen,,MwSt. 7%,1.07,6.448598,0.451402,Normalverkauf
S1000196.18673,SP1000196.3.18673,SY1000196.2026.18673,iPad1(1000196),196,05.06.26 20:48,Prod,A1000196.6403,Tisch 17,116,S1000196.18673,SALE,1,9.8,9.8,0.0,0.0,0.0,0.0,108,Seelachs-Ei-Baugette,Hauptgerichte,,MwSt. 7%,1.07,9.158879,0.641121,Normalverkauf
S1000196.18674,SP1000196.3.18674,SY1000196.2026.18674,iPad1(1000196),196,06.06.26 20:35,Prod,A1000196.6404,Tisch 3,105,S1000196.18674,SALE,2,6.9,13.8,0.0,0.0,0.0,0.0,103,Fischbrötchen Räucherlachs,Hauptspeisen,,MwSt. 7%,1.07,12.897196,0.902804,Normalverkauf
S1000196.18675,SP1000196.3.18675,SY1000196.2026.18675,iPad1(1000196),196,06.06.26 09:46,Prod,A1000196.6405,Tisch 10,111,S1000196.18675,SALE,1,14.5,14.5,0.0,0.0,0.0,0.0,101,Lachs,Hauptspeisen,,MwSt. 7%,1.07,13.551402,0.948598,Normalverkauf
S1000196.18676,SP1000196.3.18676,SY1000196.2026.18676,iPad1(1000196),196,06.06.26 09:46,Prod,A1000196.6405,Tisch 10,111,S1000196.18676,SALE,1,5.5,5.5,0.0,0.0,0.0,0.0,111,Pommes Frites,Beilagen,,MwSt. 7%,1.07,5.140187,0.359813,Normalverkauf
S1000196.18677,SP1000196.3.18677,SY1000196.2026.18677,iPad1(1000196),196,06.06.26 11:37,Prod,A1000196.6406,Tisch 4,107,S1000196.18677,SALE,1,10.9,10.9,0.0,0.0,0.0,0.0,107,Chicken Burger,Hauptgerichte,,MwSt. 7%,1.07,10.186916,0.713084,Normalverkauf
S1000196.18678,SP1000196.3.18678,SY1000196.2026.18678,iPad1(1000196),196,06.06.26 11:37,Prod,A1000196.6406,Tisch 4,107,S1000196.18678,SALE,1,5.9,5.9,0.0,0.0,0.0,0.0,125,Zitronen-Limonade,Getränke,,MwSt. 19%,1.19,4.957983,0.942017,Normalverkauf
S1000196.18679,SP1000196.3.18679,SY1000196.2026.18679,iPad1(1000196),196,06.06.26 16:00,Prod,A1000196.6407,,101,S1000196.18679,SALE,1,11.9,11.9,0.0,0.0,0.0,0.0,110,Matjes-Baguette,Hauptgerichte,,MwSt. 7%,1.07,11.121495,0.778505,Normalverkauf
S1000196.18680,SP1000196.3.18680,SY1000196.2026.18680,iPad1(1000196),196,06.06.26 16:00,Prod,A1000196.6407,,101,S1000196.18680,SALE,1,6.5,6.5,0.0,0.0,0.0,0.0,100,Fischbrötchen Backfisch,Hauptspeisen,,MwSt. 7%,1.07,6.074766,0.425234,Normalverkauf
S1000196.18681,SP1000196.3.18681,SY1000196.2026.18681,iPad1(1000196),196,06.06.26 11:37,Prod,A1000196.6408,Tisch 16,101,S1000196.18681,SALE,2,10.9,21.8,0.0,0.0,0.0,0.0,104,Thunfisch Wrap,Hauptgerichte,,MwSt. 7%,1.07,20.373832,1.426168,Normalverkauf
S1000196.18682,SP1000196.3.18682,SY1000196.2026.18682,iPad1(1000196),196,06.06.26 17:30,Prod,A1000196.6409,Tisch 12,106,S1000196.18682,SALE,2,11.5,23.0,0.0,0.0,0.0,0.0,105,Garnelen-Kimchi-Bruger,Hauptgerichte,,MwSt. 7%,1.07,21.495327,1.504673,Normalverkauf
S1000196.18683,SP1000196.3.18683,SY1000196.2026.18683,iPad1(1000196),196,06.06.26 17:30,Prod,A1000196.6409,Tisch 12,106,S1000196.18683,SALE,2,3.2,6.4,0.0,0.0,0.0,0.0,120,Apfelschorle,Getränke,,MwSt. 19%,1.19,5.378151,1.021849,Normalverkauf
S1000196.18684,SP1000196.3.18684,SY1000196.2026.18684,iPad1(1000196),196,06.06.26 18:11,Prod,A1000196.6410,Tisch 14,107,S1000196.18684,SALE,1,3.9,3.9,0.0,0.0,0.0,0.0,119,Cola,Getränke,,MwSt. 19%,1.19,3.277311,0.622689,Normalverkauf
S1000196.18685,SP1000196.3.18685,SY1000196.2026.18685,iPad1(1000196),196,06.06.26 11:11,Prod,A1000196.6411,Tisch 17,105,S1000196.18685,SALE,1,5.9,5.9,0.0,0.0,0.0,0.0,123,Inger-Limonade,Getränke,,MwSt. 19%,1.19,4.957983,0.942017,Normalverkauf
S1000196.18686,SP1000196.3.18686,SY1000196.2026.18686,iPad1(1000196),196,06.06.26 11:11,Prod,A1000196.6411,Tisch 17,105,S1000196.18686,SALE,1,10.9,10.9,0.0,0.0,0.0,0.0,104,Thunfisch Wrap,Hauptgerichte,,MwSt. 7%,1.07,10.186916,0.713084,Normalverkauf
S1000196.18687,SP1000196.3.18687,SY1000196.2026.18687,iPad1(1000196),196,06.06.26 11:11,Prod,A1000196.6411,Tisch 17,105,S1000196.18687,SALE,2,10.9,21.8,0.0,0.0,0.0,0.0,107,Chicken Burger,Hauptgerichte,,MwSt. 7%,1.07,20.373832,1.426168,Normalverkauf
S1000196.18688,SP1000196.3.18688,SY1000196.2026.18688,iPad1(1000196),196,06.06.26 16:49,Prod,A1000196.6412,Tisch 15,101,S1000196.18688,SALE,2,3.9,7.8,0.0,0.0,0.0,0.0,119,Cola,Getränke,,MwSt. 19%,1.19,6.554622,1.245378,Normalverkauf
S1000196.18689,SP1000196.3.18689,SY1000196.2026.18689,iPad1(1000196),196,06.06.26 12:08,Prod,A1000196.6413,Tisch 6,105,S1000196.18689,SALE,1,10.9,10.9,0.0,0.0,0.0,0.0,109,Bismarck-Baguette,Hauptgerichte,,MwSt. 7%,1.07,10.186916,0.713084,Normalverkauf
S1000196.18690,SP1000196.3.18690,SY1000196.2026.18690,iPad1(1000196),196,06.06.26 12:08,Prod,A1000196.6413,Tisch 6,105,S1000196.18690,SALE,2,6.5,13.0,0.0,0.0,0.0,0.0,100,Fischbrötchen Backfisch,Hauptspeisen,,MwSt. 7%,1.07,12.149533,0.850467,Normalverkauf
S1000196.18691,SP1000196.3.18691,SY1000196.2026.18691,iPad1(1000196),196,06.06.26 11:37,Prod,A1000196.6414,Tisch 21,115,S1000196.18691,SALE,2,3.9,7.8,0.0,0.0,0.0,0.0,119,Cola,Getränke,,MwSt. 19%,1.19,6.554622,1.245378,Normalverkauf
S1000196.18692,SP1000196.3.18692,SY1000196.2026.18692,iPad1(1000196),196,06.06.26 11:37,Prod,A1000196.6414,Tisch 21,115,S1000196.18692,SALE,1,13.5,13.5,0.0,0.0,0.0,0.0,102,Matjes,Hauptspeisen,,MwSt. 7%,1.07,12.616822,0.883178,Normalverkauf
S1000196.18693,SP1000196.3.18693,SY1000196.2026.18693,iPad1(1000196),196,06.06.26 11:37,Prod,A1000196.6414,Tisch 21,115,S1000196.18693,SALE,2,13.5,27.0,0.0,0.0,0.0,0.0,102,Matjes,Hauptspeisen,,MwSt. 7%,1.07,25.233645,1.766355,Normalverkauf
S1000196.18694,SP1000196.3.18694,SY1000196.2026.18694,iPad1(1000196),196,06.06.26 08:09,Prod,A1000196.6415,Tisch 15,101,S1000196.18694,SALE,2,6.5,13.0,0.0,0.0,0.0,0.0,118,Schokokuchen,Desserts,,MwSt. 7%,1.07,12.149533,0.850467,Normalverkauf
S1000196.18695,SP1000196.3.18695,SY1000196.2026.18695,iPad1(1000196),196,06.06.26 08:09,Prod,A1000196.6415,Tisch 15,101,S1000196.18695,SALE,1,3.9,3.9,0.0,0.0,0.0,0.0,119,Cola,Getränke,,MwSt. 19%,1.19,3.277311,0.622689,Normalverkauf
S1000196.18696,SP1000196.3.18696,SY1000196.2026.18696,iPad1(1000196),196,06.06.26 08:09,Prod,A1000196.6415,Tisch 15,101,S1000196.18696,SALE,1,10.9,10.9,0.0,0.0,0.0,0.0,107,Chicken Burger,Hauptgerichte,,MwSt. 7%,1.07,10.186916,0.713084,Normalverkauf
S1000196.18697,SP1000196.3.18697,SY1000196.2026.18697,iPad1(1000196),196,06.06.26 18:23,Prod,A1000196.6416,Tisch 4,116,S1000196.18697,SALE,1,3.9,3.9,0.0,0.0,0.0,0.0,124,Cola Zero,Getränke,,MwSt. 19%,1.19,3.277311,0.622689,Normalverkauf
S1000196.18698,SP1000196.3.18698,SY1000196.2026.18698,iPad1(1000196),196,06.06.26 18:23,Prod,A1000196.6416,Tisch 4,116,S1000196.18698,SALE,1,5.5,5.5,0.0,0.0,0.0,0.0,114,Fisch Nuggets Box,Beilagen,,MwSt. 7%,1.07,5.140187,0.359813,Normalverkauf
S1000196.18699,SP1000196.3.18699,SY1000196.2026.18699,iPad1(1000196),196,06.06.26 16:19,Prod,A1000196.6417,Tisch 3,111,S1000196.18699,SALE,1,5.5,5.5,0.0,0.0,0.0,0.0,111,Pommes Frites,Beilagen,,MwSt. 7%,1.07,5.140187,0.359813,Normalverkauf
S1000196.18700,SP1000196.3.18700,SY1000196.2026.18700,iPad1(1000196),196,06.06.26 15:09,Prod,A1000196.6418,Tisch 23,111,S1000196.18700,SALE,2,3.9,7.8,0.0,0.0,0.0,0.0,119,Cola,Getränke,,MwSt. 19%,1.19,6.554622,1.245378,Normalverkauf
S1000196.18701,SP1000196.3.18701,SY1000196.2026.18701,iPad1(1000196),196,06.06.26 13:10,Prod,A1000196.6419,,101,S1000196.18701,SALE,1,3.9,3.9,0.0,0.0,0.0,0.0,126,Spezi,Getränke,,MwSt. 19%,1.19,3.277311,0.622689,Normalverkauf
S1000196.18702,SP1000196.3.18702,SY1000196.2026.18702,iPad1(1000196),196,06.06.26 17:09,Prod,A1000196.6420,Tisch 16,101,S1000196.18702,SALE,2,9.8,19.6,0.0,0.0,0.0,0.0,108,Seelachs-Ei-Baugette,Hauptgerichte,,MwSt. 7%,1.07,18.317757,1.282243,Normalverkauf
S1000196.18703,SP1000196.3.18703,SY1000196.2026.18703,iPad1(1000196),196,06.06.26 17:09,Prod,A1000196.6420,Tisch 16,101,S1000196.18703,SALE,1,5.5,5.5,0.0,0.0,0.0,0.0,111,Pommes Frites,Beilagen,,MwSt. 7%,1.07,5.140187,0.359813,Normalverkauf
S1000196.18704,SP1000196.3.18704,SY1000196.2026.18704,iPad1(1000196),196,06.06.26 17:09,Prod,A1000196.6420,Tisch 16,101,S1000196.18704,SALE,1,6.5,6.5,0.0,0.0,0.0,0.0,118,Schokokuchen,Desserts,,MwSt. 7%,1.07,6.074766,0.425234,Normalverkauf
S1000196.18705,SP1000196.3.18705,SY1000196.2026.18705,iPad1(1000196),196,06.06.26 18:16,Prod,A1000196.6421,Tisch 23,116,S1000196.18705,SALE,1,4.2,4.2,0.0,0.0,0.0,0.0,122,Bier,Getränke,,MwSt. 19%,1.19,3.529412,0.670588,Normalverkauf
S1000196.18706,SP1000196.3.18706,SY1000196.2026.18706,iPad1(1000196),196,06.06.26 17:40,Prod,A1000196.6422,Tisch 4,105,S1000196.18706,SALE,1,5.5,5.5,0.0,0.0,0.0,0.0,111,Pommes Frites,Beilagen,,MwSt. 7%,1.07,5.140187,0.359813,Normalverkauf
S1000196.18707,SP1000196.3.18707,SY1000196.2026.18707,iPad1(1000196),196,06.06.26 19:25,Prod,A1000196.6423,Tisch 14,111,S1000196.18707,SALE,2,10.9,21.8,0.0,0.0,0.0,0.0,109,Bismarck-Baguette,Hauptgerichte,,MwSt. 7%,1.07,20.373832,1.426168,Normalverkauf
S1000196.18708,SP1000196.3.18708,SY1000196.2026.18708,iPad1(1000196),196,06.06.26 18:15,Prod,A1000196.6424,Tisch 20,106,S1000196.18708,SALE,2,3.9,7.8,0.0,0.0,0.0,0.0,126,Spezi,Getränke,,MwSt. 19%,1.19,6.554622,1.245378,Normalverkauf
S1000196.18709,SP1000196.3.18709,SY1000196.2026.18709,iPad1(1000196),196,06.06.26 18:15,Prod,A1000196.6424,Tisch 20,106,S1000196.18709,SALE,1,4.2,4.2,0.0,0.0,0.0,0.0,122,Bier,Getränke,,MwSt. 19%,1.19,3.529412,0.670588,Normalverkauf
S1000196.18710,SP1000196.3.18710,SY1000196.2026.18710,iPad1(1000196),196,06.06.26 18:15,Prod,A1000196.6424,Tisch 20,106,S1000196.18710,SALE,2,10.9,21.8,0.0,0.0,0.0,0.0,104,Thunfisch Wrap,Hauptgerichte,,MwSt. 7%,1.07,20.373832,1.426168,Normalverkauf
S1000196.18711,SP1000196.3.18711,SY1000196.2026.18711,iPad1(1000196),196,06.06.26 18:51,Prod,A1000196.6425,Tisch 4,105,S1000196.18711,SALE,1,3.9,3.9,0.0,0.0,0.0,0.0,124,Cola Zero,Getränke,,MwSt. 19%,1.19,3.277311,0.622689,Normalverkauf
S1000196.18712,SP1000196.3.18712,SY1000196.2026.18712,iPad1(1000196),196,06.06.26 11:14,Prod,A1000196.6426,,115,S1000196.18712,SALE,2,6.9,13.8,0.0,0.0,0.0,0.0,103,Fischbrötchen Räucherlachs,Hauptspeisen,,MwSt. 7%,1.07,12.897196,0.902804,Normalverkauf
S1000196.18713,SP1000196.3.18713,SY1000196.2026.18713,iPad1(1000196),196,06.06.26 12:45,Prod,A1000196.6427,Tisch 19,105,S1000196.18713,SALE,1,3.9,3.9,0.0,0.0,0.0,0.0,119,Cola,Getränke,,MwSt. 19%,1.19,3.277311,0.622689,Normalverkauf
S1000196.18714,SP1000196.3.18714,SY1000196.2026.18714,iPad1(1000196),196,06.06.26 18:17,Prod,A1000196.6428,Tisch 19,116,S1000196.18714,SALE,2,6.5,13.0,0.0,0.0,0.0,0.0,118,Schokokuchen,Desserts,,MwSt. 7%,1.07,12.149533,0.850467,Normalverkauf
S1000196.18715,SP1000196.3.18715,SY1000196.2026.18715,iPad1(1000196),196,06.06.26 20:18,Prod,A1000196.6429,Tisch 17,101,S1000196.18715,SALE,1,5.5,5.5,0.0,0.0,0.0,0.0,111,Pommes Frites,Beilagen,,MwSt. 7%,1.07,5.140187,0.359813,Normalverkauf
S1000196.18716,SP1000196.3.18716,SY1000196.2026.18716,iPad1(1000196),196,06.06.26 20:18,Prod,A1000196.6429,Tisch 17,101,S1000196.18716,SALE,1,5.5,5.5,0.0,0.0,0.0,0.0,111,Pommes Frites,Beilagen,,MwSt. 7%,1.07,5.140187,0.359813,Normalverkauf
S1000196.18717,SP1000196.3.18717,SY1000196.2026.18717,iPad1(1000196),196,06.06.26 11:39,Prod,A1000196.6430,Tisch 13,106,S1000196.18717,SALE,1,4.2,4.2,0.0,0.0,0.0,0.0,122,Bier,Getränke,,MwSt. 19%,1.19,3.529412,0.670588,Normalverkauf
S1000196.18718,SP1000196.3.18718,SY1000196.2026.18718,iPad1(1000196),196,06.06.26 11:36,Prod,A1000196.6431,,115,S1000196.18718,SALE,2,10.9,21.8,0.0,0.0,0.0,0.0,107,Chicken Burger,Hauptgerichte,,MwSt. 7%,1.07,20.373832,1.426168,Normalverkauf
S1000196.18719,SP1000196.3.18719,SY1000196.2026.18719,iPad1(1000196),196,06.06.26 11:36,Prod,A1000196.6431,,115,S1000196.18719,SALE,1,10.9,10.9,0.0,0.0,0.0,0.0,109,Bismarck-Baguette,Hauptgerichte,,MwSt. 7%,1.07,10.186916,0.713084,Normalverkauf
S1000196.18720,SP1000196.3.18720,SY1000196.2026.18720,iPad1(1000196),196,06.06.26 13:14,Prod,A1000196.6432,Tisch 24,116,S1000196.18720,VOID,2,10.9,21.8,0.0,0.0,0.0,0.0,107,Chicken Burger,Hauptgerichte,,MwSt. 7%,1.07,20.373832,1.426168,Normalverkauf
S1000196.18721,SP1000196.3.18721,SY1000196.2026.18721,iPad1(1000196),196,06.06.26 13:14,Prod,A1000196.6432,Tisch 24,116,S1000196.18721,VOID,2,4.2,8.4,0.0,0.0,0.0,0.0,122,Bier,Getränke,,MwSt. 19%,1.19,7.058824,1.341176,Normalverkauf
S1000196.18722,SP1000196.3.18722,SY1000196.2026.18722,iPad1(1000196),196,06.06.26 13:14,Prod,A1000196.6432,Tisch 24,116,S1000196.18722,VOID,2,5.5,11.0,0.0,0.0,0.0,0.0,114,Fisch Nuggets Box,Beilagen,,MwSt. 7%,1.07,10.280374,0.719626,Normalverkauf
S1000196.18723,SP1000196.3.18723,SY1000196.2026.18723,iPad1(1000196),196,06.06.26 17:04,Prod,A1000196.6433,Tisch 21,111,S1000196.18723,SALE,2,10.9,21.8,0.0,0.0,0.0,0.0,107,Chicken Burger,Hauptgerichte,,MwSt. 7%,1.07,20.373832,1.426168,Normalverkauf
S1000196.18724,SP1000196.3.18724,SY1000196.2026.18724,iPad1(1000196),196,06.06.26 17:04,Prod,A1000196.6433,Tisch 21,111,S1000196.18724,SALE,1,4.9,4.9,0.0,0.0,0.0,0.0,112,Kartoffelwedges,Beilagen,,MwSt. 7%,1.07,4.579439,0.320561,Normalverkauf
S1000196.18725,SP1000196.3.18725,SY1000196.2026.18725,iPad1(1000196),196,06.06.26 17:04,Prod,A1000196.6433,Tisch 21,111,S1000196.18725,SALE,2,5.5,11.0,0.0,0.0,0.0,0.0,111,Pommes Frites,Beilagen,,MwSt. 7%,1.07,10.280374,0.719626,Normalverkauf
S1000196.18726,SP1000196.3.18726,SY1000196.2026.18726,iPad1(1000196),196,06.06.26 12:17,Prod,A1000196.6434,Tisch 15,106,S1000196.18726,SALE,1,3.9,3.9,0.0,0.0,0.0,0.0,119,Cola,Getränke,,MwSt. 19%,1.19,3.277311,0.622689,Normalverkauf
S1000196.18727,SP1000196.3.18727,SY1000196.2026.18727,iPad1(1000196),196,06.06.26 12:17,Prod,A1000196.6434,Tisch 15,106,S1000196.18727,SALE,1,10.9,10.9,0.0,0.0,0.0,0.0,107,Chicken Burger,Hauptgerichte,,MwSt. 7%,1.07,10.186916,0.713084,Normalverkauf
S1000196.18728,SP1000196.3.18728,SY1000196.2026.18728,iPad1(1000196),196,06.06.26 12:56,Prod,A1000196.6435,Tisch 20,111,S1000196.18728,SALE,1,9.8,9.8,0.0,0.0,0.0,0.0,108,Seelachs-Ei-Baugette,Hauptgerichte,,MwSt. 7%,1.07,9.158879,0.641121,Normalverkauf
S1000196.18729,SP1000196.3.18729,SY1000196.2026.18729,iPad1(1000196),196,06.06.26 19:41,Prod,A1000196.6436,Tisch 21,111,S1000196.18729,SALE,1,2.8,2.8,0.0,0.0,0.0,0.0,121,Mineralwasser,Getränke,,MwSt. 19%,1.19,2.352941,0.447059,Normalverkauf
S1000196.18730,SP1000196.3.18730,SY1000196.2026.18730,iPad1(1000196),196,06.06.26 19:41,Prod,A1000196.6436,Tisch 21,111,S1000196.18730,SALE,2,6.5,13.0,0.0,0.0,0.0,0.0,118,Schokokuchen,Desserts,,MwSt. 7%,1.07,12.149533,0.850467,Normalverkauf
S1000196.18731,SP1000196.3.18731,SY1000196.2026.18731,iPad1(1000196),196,06.06.26 14:30,Prod,A1000196.6437,Tisch 9,115,S1000196.18731,SALE,2,3.9,7.8,0.0,0.0,0.0,0.0,119,Cola,Getränke,,MwSt. 19%,1.19,6.554622,1.245378,Normalverkauf
S1000196.18732,SP1000196.3.18732,SY1000196.2026.18732,iPad1(1000196),196,06.06.26 14:30,Prod,A1000196.6437,Tisch 9,115,S1000196.18732,SALE,2,10.9,21.8,0.0,0.0,0.0,0.0,109,Bismarck-Baguette,Hauptgerichte,,MwSt. 7%,1.07,20.373832,1.426168,Normalverkauf
S1000196.18733,SP1000196.3.18733,SY1000196.2026.18733,iPad1(1000196),196,06.06.26 14:30,Prod,A1000196.6437,Tisch 9,115,S1000196.18733,SALE,1,10.9,10.9,0.0,0.0,0.0,0.0,109,Bismarck-Baguette,Hauptgerichte,,MwSt. 7%,1.07,10.186916,0.713084,Normalverkauf
S1000196.18734,SP1000196.3.18734,SY1000196.2026.18734,iPad1(1000196),196,06.06.26 19:28,Prod,A1000196.6438,Tisch 17,111,S1000196.18734,SALE,2,10.9,21.8,0.0,0.0,0.0,0.0,104,Thunfisch Wrap,Hauptgerichte,,MwSt. 7%,1.07,20.373832,1.426168,Normalverkauf
S1000196.18735,SP1000196.3.18735,SY1000196.2026.18735,iPad1(1000196),196,06.06.26 19:28,Prod,A1000196.6438,Tisch 17,111,S1000196.18735,SALE,2,5.5,11.0,0.0,0.0,0.0,0.0,111,Pommes Frites,Beilagen,,MwSt. 7%,1.07,10.280374,0.719626,Normalverkauf
S1000196.18736,SP1000196.3.18736,SY1000196.2026.18736,iPad1(1000196),196,06.06.26 18:38,Prod,A1000196.6439,Tisch 9,101,S1000196.18736,SALE,1,10.9,10.9,0.0,0.0,0.0,0.0,107,Chicken Burger,Hauptgerichte,,MwSt. 7%,1.07,10.186916,0.713084,Normalverkauf
S1000196.18737,SP1000196.3.18737,SY1000196.2026.18737,iPad1(1000196),196,06.06.26 18:38,Prod,A1000196.6439,Tisch 9,101,S1000196.18737,SALE,1,4.9,4.9,0.0,0.0,0.0,0.0,112,Kartoffelwedges,Beilagen,,MwSt. 7%,1.07,4.579439,0.320561,Normalverkauf
S1000196.18738,SP1000196.3.18738,SY1000196.2026.18738,iPad1(1000196),196,06.06.26 12:31,Prod,A1000196.6440,,101,S1000196.18738,SALE,2,6.9,13.8,0.0,0.0,0.0,0.0,113,Garnelen Box,Beilagen,,MwSt. 7%,1.07,12.897196,0.902804,Normalverkauf
S1000196.18739,SP1000196.3.18739,SY1000196.2026.18739,iPad1(1000196),196,06.06.26 12:31,Prod,A1000196.6440,,101,S1000196.18739,SALE,1,4.2,4.2,0.0,0.0,0.0,0.0,122,Bier,Getränke,,MwSt. 19%,1.19,3.529412,0.670588,Normalverkauf
S1000196.18740,SP1000196.3.18740,SY1000196.2026.18740,iPad1(1000196),196,06.06.26 12:31,Prod,A1000196.6440,,101,S1000196.18740,SALE,1,11.9,11.9,0.0,0.0,0.0,0.0,110,Matjes-Baguette,Hauptgerichte,,MwSt. 7%,1.07,11.121495,0.778505,Normalverkauf
S1000196.18741,SP1000196.3.18741,SY1000196.2026.18741,iPad1(1000196),196,06.06.26 19:05,Prod,A1000196.6441,Tisch 2,101,S1000196.18741,SALE,2,5.5,11.0,0.0,0.0,0.0,0.0,111,Pommes Frites,Beilagen,,MwSt. 7%,1.07,10.280374,0.719626,Normalverkauf
S1000196.18742,SP1000196.3.18742,SY1000196.2026.18742,iPad1(1000196),196,06.06.26 19:05,Prod,A1000196.6441,Tisch 2,101,S1000196.18742,SALE,2,5.9,11.8,0.0,0.0,0.0,0.0,116,Vanillequark,Desserts,,MwSt. 7%,1.07,11.028037,0.771963,Normalverkauf
S1000196.18743,SP1000196.3.18743,SY1000196.2026.18743,iPad1(1000196),196,06.06.26 19:05,Prod,A1000196.6441,Tisch 2,101,S1000196.18743,SALE,1,5.9,5.9,0.0,0.0,0.0,0.0,123,Inger-Limonade,Getränke,,MwSt. 19%,1.19,4.957983,0.942017,Normalverkauf
S1000196.18744,SP1000196.3.18744,SY1000196.2026.18744,iPad1(1000196),196,06.06.26 11:41,Prod,A1000196.6442,,111,S1000196.18744,SALE,1,3.9,3.9,0.0,0.0,0.0,0.0,126,Spezi,Getränke,,MwSt. 19%,1.19,3.277311,0.622689,Normalverkauf
S1000196.18745,SP1000196.3.18745,SY1000196.2026.18745,iPad1(1000196),196,06.06.26 11:41,Prod,A1000196.6442,,111,S1000196.18745,SALE,1,11.5,11.5,0.0,0.0,0.0,0.0,105,Garnelen-Kimchi-Bruger,Hauptgerichte,,MwSt. 7%,1.07,10.747664,0.752336,Normalverkauf
S1000196.18746,SP1000196.3.18746,SY1000196.2026.18746,iPad1(1000196),196,06.06.26 11:41,Prod,A1000196.6442,,111,S1000196.18746,SALE,1,10.9,10.9,0.0,0.0,0.0,0.0,109,Bismarck-Baguette,Hauptgerichte,,MwSt. 7%,1.07,10.186916,0.713084,Normalverkauf
S1000196.18747,SP1000196.3.18747,SY1000196.2026.18747,iPad1(1000196),196,06.06.26 18:45,Prod,A1000196.6443,Tisch 22,115,S1000196.18747,VOID,1,3.9,3.9,0.0,0.0,0.0,0.0,126,Spezi,Getränke,,MwSt. 19%,1.19,3.277311,0.622689,Normalverkauf
S1000196.18748,SP1000196.3.18748,SY1000196.2026.18748,iPad1(1000196),196,06.06.26 18:45,Prod,A1000196.6443,Tisch 22,115,S1000196.18748,VOID,2,7.9,15.8,0.0,0.0,0.0,0.0,115,Tiramisu,Desserts,,MwSt. 7%,1.07,14.766355,1.033645,Normalverkauf
S1000196.18749,SP1000196.3.18749,SY1000196.2026.18749,iPad1(1000196),196,06.06.26 18:45,Prod,A1000196.6443,Tisch 22,115,S1000196.18749,VOID,2,2.8,5.6,0.0,0.0,0.0,0.0,121,Mineralwasser,Getränke,,MwSt. 19%,1.19,4.705882,0.894118,Normalverkauf
S1000196.18750,SP1000196.3.18750,SY1000196.2026.18750,iPad1(1000196),196,06.06.26 14:32,Prod,A1000196.6444,Tisch 23,106,S1000196.18750,SALE,2,5.9,11.8,0.0,0.0,0.0,0.0,117,Rote Grütze,Desserts,,MwSt. 7%,1.07,11.028037,0.771963,Normalverkauf
S1000196.18751,SP1000196.3.18751,SY1000196.2026.18751,iPad1(1000196),196,06.06.26 14:32,Prod,A1000196.6444,Tisch 23,106,S1000196.18751,SALE,1,5.9,5.9,0.0,0.0,0.0,0.0,116,Vanillequark,Desserts,,MwSt. 7%,1.07,5.514019,0.385981,Normalverkauf
S1000196.18752,SP1000196.3.18752,SY1000196.2026.18752,iPad1(1000196),196,06.06.26 19:20,Prod,A1000196.6445,Tisch 1,106,S1000196.18752,SALE,1,5.5,5.5,0.0,0.0,0.0,0.0,114,Fisch Nuggets Box,Beilagen,,MwSt. 7%,1.07,5.140187,0.359813,Normalverkauf
S1000196.18753,SP1000196.3.18753,SY1000196.2026.18753,iPad1(1000196),196,06.06.26 19:20,Prod,A1000196.6445,Tisch 1,106,S1000196.18753,SALE,1,5.9,5.9,0.0,0.0,0.0,0.0,123,Inger-Limonade,Getränke,,MwSt. 19%,1.19,4.957983,0.942017,Normalverkauf
S1000196.18754,SP1000196.3.18754,SY1000196.2026.18754,iPad1(1000196),196,06.06.26 17:51,Prod,A1000196.6446,Tisch 9,106,S1000196.18754,SALE,2,3.9,7.8,0.0,0.0,0.0,0.0,126,Spezi,Getränke,,MwSt. 19%,1.19,6.554622,1.245378,Normalverkauf
S1000196.18755,SP1000196.3.18755,SY1000196.2026.18755,iPad1(1000196),196,06.06.26 17:51,Prod,A1000196.6447,Tisch 16,116,S1000196.18755,SALE,2,10.9,21.8,0.0,0.0,0.0,0.0,109,Bismarck-Baguette,Hauptgerichte,,MwSt. 7%,1.07,20.373832,1.426168,Normalverkauf
S1000196.18756,SP1000196.3.18756,SY1000196.2026.18756,iPad1(1000196),196,06.06.26 17:51,Prod,A1000196.6447,Tisch 16,116,S1000196.18756,SALE,1,3.2,3.2,0.0,0.0,0.0,0.0,120,Apfelschorle,Getränke,,MwSt. 19%,1.19,2.689076,0.510924,Normalverkauf
S1000196.18757,SP1000196.3.18757,SY1000196.2026.18757,iPad1(1000196),196,06.06.26 09:39,Prod,A1000196.6448,Tisch 10,115,S1000196.18757,SALE,1,4.2,4.2,0.0,0.0,0.0,0.0,122,Bier,Getränke,,MwSt. 19%,1.19,3.529412,0.670588,Normalverkauf
S1000196.18758,SP1000196.3.18758,SY1000196.2026.18758,iPad1(1000196),196,06.06.26 09:39,Prod,A1000196.6448,Tisch 10,115,S1000196.18758,SALE,1,10.9,10.9,0.0,0.0,0.0,0.0,109,Bismarck-Baguette,Hauptgerichte,,MwSt. 7%,1.07,10.186916,0.713084,Normalverkauf
S1000196.18759,SP1000196.3.18759,SY1000196.2026.18759,iPad1(1000196),196,06.06.26 19:53,Prod,A1000196.6449,Tisch 19,105,S1000196.18759,SALE,2,13.5,27.0,0.0,0.0,0.0,0.0,102,Matjes,Hauptspeisen,,MwSt. 7%,1.07,25.233645,1.766355,Normalverkauf
S1000196.18760,SP1000196.3.18760,SY1000196.2026.18760,iPad1(1000196),196,06.06.26 19:53,Prod,A1000196.6449,Tisch 19,105,S1000196.18760,SALE,1,5.9,5.9,0.0,0.0,0.0,0.0,116,Vanillequark,Desserts,,MwSt. 7%,1.07,5.514019,0.385981,Normalverkauf
S1000196.18761,SP1000196.3.18761,SY1000196.2026.18761,iPad1(1000196),196,06.06.26 19:46,Prod,A1000196.6450,Tisch 14,107,S1000196.18761,SALE,2,7.9,15.8,0.0,0.0,0.0,0.0,115,Tiramisu,Desserts,,MwSt. 7%,1.07,14.766355,1.033645,Normalverkauf
S1000196.18762,SP1000196.3.18762,SY1000196.2026.18762,iPad1(1000196),196,06.06.26 19:46,Prod,A1000196.6450,Tisch 14,107,S1000196.18762,SALE,2,3.9,7.8,0.0,0.0,0.0,0.0,119,Cola,Getränke,,MwSt. 19%,1.19,6.554622,1.245378,Normalverkauf
S1000196.18763,SP1000196.3.18763,SY1000196.2026.18763,iPad1(1000196),196,06.06.26 11:01,Prod,A1000196.6451,Tisch 17,107,S1000196.18763,SALE,2,5.5,11.0,0.0,0.0,0.0,0.0,111,Pommes Frites,Beilagen,,MwSt. 7%,1.07,10.280374,0.719626,Normalverkauf
S1000196.18764,SP1000196.3.18764,SY1000196.2026.18764,iPad1(1000196),196,06.06.26 12:53,Prod,A1000196.6452,,101,S1000196.18764,SALE,1,2.8,2.8,0.0,0.0,0.0,0.0,121,Mineralwasser,Getränke,,MwSt. 19%,1.19,2.352941,0.447059,Normalverkauf
S1000196.18765,SP1000196.3.18765,SY1000196.2026.18765,iPad1(1000196),196,06.06.26 12:53,Prod,A1000196.6452,,101,S1000196.18765,SALE,1,13.5,13.5,0.0,0.0,0.0,0.0,102,Matjes,Hauptspeisen,,MwSt. 7%,1.07,12.616822,0.883178,Normalverkauf
S1000196.18766,SP1000196.3.18766,SY1000196.2026.18766,iPad1(1000196),196,06.06.26 12:48,Prod,A1000196.6453,Tisch 20,111,S1000196.18766,SALE,1,10.9,10.9,0.0,0.0,0.0,0.0,107,Chicken Burger,Hauptgerichte,,MwSt. 7%,1.07,10.186916,0.713084,Normalverkauf
S1000196.18767,SP1000196.3.18767,SY1000196.2026.18767,iPad1(1000196),196,06.06.26 12:37,Prod,A1000196.6454,Tisch 15,107,S1000196.18767,VOID,1,6.5,6.5,0.0,0.0,0.0,0.0,118,Schokokuchen,Desserts,,MwSt. 7%,1.07,6.074766,0.425234,Normalverkauf
S1000196.18768,SP1000196.3.18768,SY1000196.2026.18768,iPad1(1000196),196,06.06.26 12:37,Prod,A1000196.6454,Tisch 15,107,S1000196.18768,VOID,2,5.9,11.8,0.0,0.0,0.0,0.0,123,Inger-Limonade,Getränke,,MwSt. 19%,1.19,9.915966,1.884034,Normalverkauf
S1000196.18769,SP1000196.3.18769,SY1000196.2026.18769,iPad1(1000196),196,06.06.26 15:14,Prod,A1000196.6455,Tisch 12,116,S1000196.18769,VOID,1,5.5,5.5,0.0,0.0,0.0,0.0,111,Pommes Frites,Beilagen,,MwSt. 7%,1.07,5.140187,0.359813,Normalverkauf
S1000196.18770,SP1000196.3.18770,SY1000196.2026.18770,iPad1(1000196),196,06.06.26 15:14,Prod,A1000196.6455,Tisch 12,116,S1000196.18770,VOID,1,7.9,7.9,0.0,0.0,0.0,0.0,106,Neptun-Ringe,Beilagen,,MwSt. 7%,1.07,7.383178,0.516822,Normalverkauf
S1000196.18771,SP1000196.3.18771,SY1000196.2026.18771,iPad1(1000196),196,06.06.26 15:14,Prod,A1000196.6455,Tisch 12,116,S1000196.18771,VOID,1,11.9,11.9,0.0,0.0,0.0,0.0,110,Matjes-Baguette,Hauptgerichte,,MwSt. 7%,1.07,11.121495,0.778505,Normalverkauf
S1000196.18772,SP1000196.3.18772,SY1000196.2026.18772,iPad1(1000196),196,06.06.26 14:12,Prod,A1000196.6456,Tisch 6,115,S1000196.18772,SALE,1,2.8,2.8,0.0,0.0,0.0,0.0,121,Mineralwasser,Getränke,,MwSt. 19%,1.19,2.352941,0.447059,Normalverkauf
S1000196.18773,SP1000196.3.18773,SY1000196.2026.18773,iPad1(1000196),196,06.06.26 14:12,Prod,A1000196.6456,Tisch 6,115,S1000196.18773,SALE,1,13.5,13.5,0.0,0.0,0.0,0.0,102,Matjes,Hauptspeisen,,MwSt. 7%,1.07,12.616822,0.883178,Normalverkauf
S1000196.18774,SP1000196.3.18774,SY1000196.2026.18774,iPad1(1000196),196,06.06.26 11:24,Prod,A1000196.6457,Tisch 2,115,S1000196.18774,SALE,2,5.5,11.0,0.0,0.0,0.0,0.0,111,Pommes Frites,Beilagen,,MwSt. 7%,1.07,10.280374,0.719626,Normalverkauf
S1000196.18775,SP1000196.3.18775,SY1000196.2026.18775,iPad1(1000196),196,06.06.26 11:24,Prod,A1000196.6457,Tisch 2,115,S1000196.18775,SALE,2,5.9,11.8,0.0,0.0,0.0,0.0,125,Zitronen-Limonade,Getränke,,MwSt. 19%,1.19,9.915966,1.884034,Normalverkauf
S1000196.18776,SP1000196.3.18776,SY1000196.2026.18776,iPad1(1000196),196,06.06.26 20:53,Prod,A1000196.6458,,115,S1000196.18776,SALE,2,5.9,11.8,0.0,0.0,0.0,0.0,116,Vanillequark,Desserts,,MwSt. 7%,1.07,11.028037,0.771963,Normalverkauf
S1000196.18777,SP1000196.3.18777,SY1000196.2026.18777,iPad1(1000196),196,06.06.26 11:35,Prod,A1000196.6459,Tisch 9,116,S1000196.18777,SALE,1,6.5,6.5,0.0,0.0,0.0,0.0,118,Schokokuchen,Desserts,,MwSt. 7%,1.07,6.074766,0.425234,Normalverkauf
S1000196.18778,SP1000196.3.18778,SY1000196.2026.18778,iPad1(1000196),196,06.06.26 18:27,Prod,A1000196.6460,Tisch 18,115,S1000196.18778,SALE,2,3.9,7.8,0.0,0.0,0.0,0.0,124,Cola Zero,Getränke,,MwSt. 19%,1.19,6.554622,1.245378,Normalverkauf
S1000196.18779,SP1000196.3.18779,SY1000196.2026.18779,iPad1(1000196),196,06.06.26 18:27,Prod,A1000196.6460,Tisch 18,115,S1000196.18779,SALE,2,5.9,11.8,0.0,0.0,0.0,0.0,117,Rote Grütze,Desserts,,MwSt. 7%,1.07,11.028037,0.771963,Normalverkauf
S1000196.18780,SP1000196.3.18780,SY1000196.2026.18780,iPad1(1000196),196,06.06.26 19:00,Prod,A1000196.6461,Tisch 22,111,S1000196.18780,SALE,2,3.9,7.8,0.0,0.0,0.0,0.0,124,Cola Zero,Getränke,,MwSt. 19%,1.19,6.554622,1.245378,Normalverkauf
S1000196.18781,SP1000196.3.18781,SY1000196.2026.18781,iPad1(1000196),196,06.06.26 19:00,Prod,A1000196.6461,Tisch 22,111,S1000196.18781,SALE,1,5.9,5.9,0.0,0.0,0.0,0.0,116,Vanillequark,Desserts,,MwSt. 7%,1.07,5.514019,0.385981,Normalverkauf
S1000196.18782,SP1000196.3.18782,SY1000196.2026.18782,iPad1(1000196),196,06.06.26 11:33,Prod,A1000196.6462,Tisch 9,105,S1000196.18782,SALE,1,5.5,5.5,0.0,0.0,0.0,0.0,111,Pommes Frites,Beilagen,,MwSt. 7%,1.07,5.140187,0.359813,Normalverkauf
S1000196.18783,SP1000196.3.18783,SY1000196.2026.18783,iPad1(1000196),196,06.06.26 20:54,Prod,A1000196.6463,Tisch 2,107,S1000196.18783,SALE,2,11.5,23.0,0.0,0.0,0.0,0.0,105,Garnelen-Kimchi-Bruger,Hauptgerichte,,MwSt. 7%,1.07,21.495327,1.504673,Normalverkauf
S1000196.18784,SP1000196.3.18784,SY1000196.2026.18784,iPad1(1000196),196,06.06.26 11:42,Prod,A1000196.6464,Tisch 11,107,S1000196.18784,SALE,2,11.9,23.8,0.0,0.0,0.0,0.0,110,Matjes-Baguette,Hauptgerichte,,MwSt. 7%,1.07,22.242991,1.557009,Normalverkauf
S1000196.18785,SP1000196.3.18785,SY1000196.2026.18785,iPad1(1000196),196,06.06.26 19:15,Prod,A1000196.6465,,107,S1000196.18785,SALE,2,6.5,13.0,0.0,0.0,0.0,0.0,100,Fischbrötchen Backfisch,Hauptspeisen,,MwSt. 7%,1.07,12.149533,0.850467,Normalverkauf
S1000196.18786,SP1000196.3.18786,SY1000196.2026.18786,iPad1(1000196),196,06.06.26 19:15,Prod,A1000196.6465,,107,S1000196.18786,SALE,2,11.9,23.8,0.0,0.0,0.0,0.0,110,Matjes-Baguette,Hauptgerichte,,MwSt. 7%,1.07,22.242991,1.557009,Normalverkauf
S1000196.18787,SP1000196.3.18787,SY1000196.2026.18787,iPad1(1000196),196,06.06.26 17:43,Prod,A1000196.6466,Tisch 7,101,S1000196.18787,SALE,2,3.9,7.8,0.0,0.0,0.0,0.0,124,Cola Zero,Getränke,,MwSt. 19%,1.19,6.554622,1.245378,Normalverkauf
S1000196.18788,SP1000196.3.18788,SY1000196.2026.18788,iPad1(1000196),196,06.06.26 17:22,Prod,A1000196.6467,Tisch 19,115,S1000196.18788,SALE,1,3.9,3.9,0.0,0.0,0.0,0.0,124,Cola Zero,Getränke,,MwSt. 19%,1.19,3.277311,0.622689,Normalverkauf
S1000196.18789,SP1000196.3.18789,SY1000196.2026.18789,iPad1(1000196),196,06.06.26 11:04,Prod,A1000196.6468,Tisch 5,115,S1000196.18789,VOID,1,5.5,5.5,0.0,0.0,0.0,0.0,111,Pommes Frites,Beilagen,,MwSt. 7%,1.07,5.140187,0.359813,Normalverkauf
S1000196.18790,SP1000196.3.18790,SY1000196.2026.18790,iPad1(1000196),196,06.06.26 11:04,Prod,A1000196.6468,Tisch 5,115,S1000196.18790,VOID,2,10.9,21.8,0.0,0.0,0.0,0.0,109,Bismarck-Baguette,Hauptgerichte,,MwSt. 7%,1.07,20.373832,1.426168,Normalverkauf
S1000196.18791,SP1000196.3.18791,SY1000196.2026.18791,iPad1(1000196),196,06.06.26 11:04,Prod,A1000196.6468,Tisch 5,115,S1000196.18791,VOID,2,10.9,21.8,0.0,0.0,0.0,0.0,109,Bismarck-Baguette,Hauptgerichte,,MwSt. 7%,1.07,20.373832,1.426168,Normalverkauf
S1000196.18792,SP1000196.3.18792,SY1000196.2026.18792,iPad1(1000196),196,06.06.26 13:26,Prod,A1000196.6469,Tisch 6,115,S1000196.18792,SALE,1,3.9,3.9,0.0,0.0,0.0,0.0,126,Spezi,Getränke,,MwSt. 19%,1.19,3.277311,0.622689,Normalverkauf
S1000196.18793,SP1000196.3.18793,SY1000196.2026.18793,iPad1(1000196),196,06.06.26 13:26,Prod,A1000196.6469,Tisch 6,115,S1000196.18793,SALE,2,5.5,11.0,0.0,0.0,0.0,0.0,111,Pommes Frites,Beilagen,,MwSt. 7%,1.07,10.280374,0.719626,Normalverkauf
S1000196.18794,SP1000196.3.18794,SY1000196.2026.18794,iPad1(1000196),196,06.06.26 13:26,Prod,A1000196.6469,Tisch 6,115,S1000196.18794,SALE,2,11.9,23.8,0.0,0.0,0.0,0.0,110,Matjes-Baguette,Hauptgerichte,,MwSt. 7%,1.07,22.242991,1.557009,Normalverkauf
S1000196.18795,SP1000196.3.18795,SY1000196.2026.18795,iPad1(1000196),196,06.06.26 18:26,Prod,A1000196.6470,Tisch 4,105,S1000196.18795,SALE,1,4.2,4.2,0.0,0.0,0.0,0.0,122,Bier,Getränke,,MwSt. 19%,1.19,3.529412,0.670588,Normalverkauf
S1000196.18796,SP1000196.3.18796,SY1000196.2026.18796,iPad1(1000196),196,06.06.26 18:26,Prod,A1000196.6470,Tisch 4,105,S1000196.18796,SALE,2,4.2,8.4,0.0,0.0,0.0,0.0,122,Bier,Getränke,,MwSt. 19%,1.19,7.058824,1.341176,Normalverkauf
S1000196.18797,SP1000196.3.18797,SY1000196.2026.18797,iPad1(1000196),196,06.06.26 18:26,Prod,A1000196.6470,Tisch 4,105,S1000196.18797,SALE,1,3.9,3.9,0.0,0.0,0.0,0.0,124,Cola Zero,Getränke,,MwSt. 19%,1.19,3.277311,0.622689,Normalverkauf
S1000196.18798,SP1000196.3.18798,SY1000196.2026.18798,iPad1(1000196),196,06.06.26 19:58,Prod,A1000196.6471,Tisch 15,106,S1000196.18798,VOID,1,14.5,14.5,0.0,0.0,0.0,0.0,101,Lachs,Hauptspeisen,,MwSt. 7%,1.07,13.551402,0.948598,Normalverkauf
S1000196.18799,SP1000196.3.18799,SY1000196.2026.18799,iPad1(1000196),196,06.06.26 13:49,Prod,A1000196.6472,Tisch 14,101,S1000196.18799,SALE,1,4.2,4.2,0.0,0.0,0.0,0.0,122,Bier,Getränke,,MwSt. 19%,1.19,3.529412,0.670588,Normalverkauf
S1000196.18800,SP1000196.3.18800,SY1000196.2026.18800,iPad1(1000196),196,06.06.26 13:49,Prod,A1000196.6472,Tisch 14,101,S1000196.18800,SALE,1,5.5,5.5,0.0,0.0,0.0,0.0,111,Pommes Frites,Beilagen,,MwSt. 7%,1.07,5.140187,0.359813,Normalverkauf
S1000196.18801,SP1000196.3.18801,SY1000196.2026.18801,iPad1(1000196),196,06.06.26 13:49,Prod,A1000196.6472,Tisch 14,101,S1000196.18801,SALE,1,10.9,10.9,0.0,0.0,0.0,0.0,107,Chicken Burger,Hauptgerichte,,MwSt. 7%,1.07,10.186916,0.713084,Normalverkauf
S1000196.18802,SP1000196.3.18802,SY1000196.2026.18802,iPad1(1000196),196,06.06.26 17:42,Prod,A1000196.6473,Tisch 2,101,S1000196.18802,SALE,1,10.9,10.9,0.0,0.0,0.0,0.0,107,Chicken Burger,Hauptgerichte,,MwSt. 7%,1.07,10.186916,0.713084,Normalverkauf
S1000196.18803,SP1000196.3.18803,SY1000196.2026.18803,iPad1(1000196),196,06.06.26 17:42,Prod,A1000196.6473,Tisch 2,101,S1000196.18803,SALE,2,3.9,7.8,0.0,0.0,0.0,0.0,119,Cola,Getränke,,MwSt. 19%,1.19,6.554622,1.245378,Normalverkauf
S1000196.18804,SP1000196.3.18804,SY1000196.2026.18804,iPad1(1000196),196,06.06.26 17:42,Prod,A1000196.6473,Tisch 2,101,S1000196.18804,SALE,1,3.9,3.9,0.0,0.0,0.0,0.0,124,Cola Zero,Getränke,,MwSt. 19%,1.19,3.277311,0.622689,Normalverkauf
S1000196.18805,SP1000196.3.18805,SY1000196.2026.18805,iPad1(1000196),196,06.06.26 17:40,Prod,A1000196.6474,Tisch 9,116,S1000196.18805,SALE,1,3.9,3.9,0.0,0.0,0.0,0.0,119,Cola,Getränke,,MwSt. 19%,1.19,3.277311,0.622689,Normalverkauf
S1000196.18806,SP1000196.3.18806,SY1000196.2026.18806,iPad1(1000196),196,06.06.26 19:23,Prod,A1000196.6475,Tisch 22,105,S1000196.18806,SALE,1,5.5,5.5,0.0,0.0,0.0,0.0,114,Fisch Nuggets Box,Beilagen,,MwSt. 7%,1.07,5.140187,0.359813,Normalverkauf
S1000196.18807,SP1000196.3.18807,SY1000196.2026.18807,iPad1(1000196),196,06.06.26 19:23,Prod,A1000196.6475,Tisch 22,105,S1000196.18807,SALE,1,3.9,3.9,0.0,0.0,0.0,0.0,124,Cola Zero,Getränke,,MwSt. 19%,1.19,3.277311,0.622689,Normalverkauf
S1000196.18808,SP1000196.3.18808,SY1000196.2026.18808,iPad1(1000196),196,06.06.26 19:23,Prod,A1000196.6475,Tisch 22,105,S1000196.18808,SALE,2,6.5,13.0,0.0,0.0,0.0,0.0,118,Schokokuchen,Desserts,,MwSt. 7%,1.07,12.149533,0.850467,Normalverkauf
S1000196.18809,SP1000196.3.18809,SY1000196.2026.18809,iPad1(1000196),196,06.06.26 09:54,Prod,A1000196.6476,Tisch 14,107,S1000196.18809,SALE,1,3.9,3.9,0.0,0.0,0.0,0.0,119,Cola,Getränke,,MwSt. 19%,1.19,3.277311,0.622689,Normalverkauf
S1000196.18810,SP1000196.3.18810,SY1000196.2026.18810,iPad1(1000196),196,06.06.26 09:54,Prod,A1000196.6476,Tisch 14,107,S1000196.18810,SALE,1,5.9,5.9,0.0,0.0,0.0,0.0,117,Rote Grütze,Desserts,,MwSt. 7%,1.07,5.514019,0.385981,Normalverkauf
S1000196.18811,SP1000196.3.18811,SY1000196.2026.18811,iPad1(1000196),196,06.06.26 09:54,Prod,A1000196.6476,Tisch 14,107,S1000196.18811,SALE,1,11.5,11.5,0.0,0.0,0.0,0.0,105,Garnelen-Kimchi-Bruger,Hauptgerichte,,MwSt. 7%,1.07,10.747664,0.752336,Normalverkauf
S1000196.18812,SP1000196.3.18812,SY1000196.2026.18812,iPad1(1000196),196,06.06.26 19:41,Prod,A1000196.6477,Tisch 4,106,S1000196.18812,SALE,1,10.9,10.9,0.0,0.0,0.0,0.0,109,Bismarck-Baguette,Hauptgerichte,,MwSt. 7%,1.07,10.186916,0.713084,Normalverkauf
S1000196.18813,SP1000196.3.18813,SY1000196.2026.18813,iPad1(1000196),196,06.06.26 19:41,Prod,A1000196.6477,Tisch 4,106,S1000196.18813,SALE,1,5.9,5.9,0.0,0.0,0.0,0.0,116,Vanillequark,Desserts,,MwSt. 7%,1.07,5.514019,0.385981,Normalverkauf
S1000196.18814,SP1000196.3.18814,SY1000196.2026.18814,iPad1(1000196),196,06.06.26 19:41,Prod,A1000196.6477,Tisch 4,106,S1000196.18814,SALE,1,5.9,5.9,0.0,0.0,0.0,0.0,123,Inger-Limonade,Getränke,,MwSt. 19%,1.19,4.957983,0.942017,Normalverkauf
S1000196.18815,SP1000196.3.18815,SY1000196.2026.18815,iPad1(1000196),196,06.06.26 19:13,Prod,A1000196.6478,Tisch 15,111,S1000196.18815,SALE,1,5.9,5.9,0.0,0.0,0.0,0.0,125,Zitronen-Limonade,Getränke,,MwSt. 19%,1.19,4.957983,0.942017,Normalverkauf
S1000196.18816,SP1000196.3.18816,SY1000196.2026.18816,iPad1(1000196),196,06.06.26 19:13,Prod,A1000196.6478,Tisch 15,111,S1000196.18816,SALE,2,4.2,8.4,0.0,0.0,0.0,0.0,122,Bier,Getränke,,MwSt. 19%,1.19,7.058824,1.341176,Normalverkauf
S1000196.18817,SP1000196.3.18817,SY1000196.2026.18817,iPad1(1000196),196,06.06.26 19:13,Prod,A1000196.6478,Tisch 15,111,S1000196.18817,SALE,2,10.9,21.8,0.0,0.0,0.0,0.0,107,Chicken Burger,Hauptgerichte,,MwSt. 7%,1.07,20.373832,1.426168,Normalverkauf
S1000196.18818,SP1000196.3.18818,SY1000196.2026.18818,iPad1(1000196),196,06.06.26 14:05,Prod,A1000196.6479,Tisch 11,115,S1000196.18818,SALE,1,11.5,11.5,0.0,0.0,0.0,0.0,105,Garnelen-Kimchi-Bruger,Hauptgerichte,,MwSt. 7%,1.07,10.747664,0.752336,Normalverkauf
S1000196.18819,SP1000196.3.18819,SY1000196.2026.18819,iPad1(1000196),196,06.06.26 14:05,Prod,A1000196.6479,Tisch 11,115,S1000196.18819,SALE,2,2.8,5.6,0.0,0.0,0.0,0.0,121,Mineralwasser,Getränke,,MwSt. 19%,1.19,4.705882,0.894118,Normalverkauf
S1000196.18820,SP1000196.3.18820,SY1000196.2026.18820,iPad1(1000196),196,06.06.26 12:09,Prod,A1000196.6480,Tisch 21,115,S1000196.18820,SALE,2,4.9,9.8,0.0,0.0,0.0,0.0,112,Kartoffelwedges,Beilagen,,MwSt. 7%,1.07,9.158879,0.641121,Normalverkauf
S1000196.18821,SP1000196.3.18821,SY1000196.2026.18821,iPad1(1000196),196,06.06.26 12:09,Prod,A1000196.6480,Tisch 21,115,S1000196.18821,SALE,2,3.9,7.8,0.0,0.0,0.0,0.0,119,Cola,Getränke,,MwSt. 19%,1.19,6.554622,1.245378,Normalverkauf
S1000196.18822,SP1000196.3.18822,SY1000196.2026.18822,iPad1(1000196),196,06.06.26 11:27,Prod,A1000196.6481,Tisch 20,107,S1000196.18822,SALE,2,6.9,13.8,0.0,0.0,0.0,0.0,113,Garnelen Box,Beilagen,,MwSt. 7%,1.07,12.897196,0.902804,Normalverkauf
S1000196.18823,SP1000196.3.18823,SY1000196.2026.18823,iPad1(1000196),196,06.06.26 20:30,Prod,A1000196.6482,Tisch 21,115,S1000196.18823,SALE,1,5.5,5.5,0.0,0.0,0.0,0.0,111,Pommes Frites,Beilagen,,MwSt. 7%,1.07,5.140187,0.359813,Normalverkauf
S1000196.18824,SP1000196.3.18824,SY1000196.2026.18824,iPad1(1000196),196,06.06.26 13:02,Prod,A1000196.6483,Tisch 22,116,S1000196.18824,SALE,2,5.5,11.0,0.0,0.0,0.0,0.0,111,Pommes Frites,Beilagen,,MwSt. 7%,1.07,10.280374,0.719626,Normalverkauf
S1000196.18825,SP1000196.3.18825,SY1000196.2026.18825,iPad1(1000196),196,06.06.26 13:02,Prod,A1000196.6483,Tisch 22,116,S1000196.18825,SALE,1,5.9,5.9,0.0,0.0,0.0,0.0,117,Rote Grütze,Desserts,,MwSt. 7%,1.07,5.514019,0.385981,Normalverkauf
S1000196.18826,SP1000196.3.18826,SY1000196.2026.18826,iPad1(1000196),196,06.06.26 18:01,Prod,A1000196.6484,Tisch 1,105,S1000196.18826,SALE,2,7.9,15.8,0.0,0.0,0.0,0.0,106,Neptun-Ringe,Beilagen,,MwSt. 7%,1.07,14.766355,1.033645,Normalverkauf
S1000196.18827,SP1000196.3.18827,SY1000196.2026.18827,iPad1(1000196),196,06.06.26 13:02,Prod,A1000196.6485,Tisch 4,111,S1000196.18827,SALE,1,10.9,10.9,0.0,0.0,0.0,0.0,104,Thunfisch Wrap,Hauptgerichte,,MwSt. 7%,1.07,10.186916,0.713084,Normalverkauf
S1000196.18828,SP1000196.3.18828,SY1000196.2026.18828,iPad1(1000196),196,06.06.26 13:02,Prod,A1000196.6485,Tisch 4,111,S1000196.18828,SALE,1,3.9,3.9,0.0,0.0,0.0,0.0,124,Cola Zero,Getränke,,MwSt. 19%,1.19,3.277311,0.622689,Normalverkauf
S1000196.18829,SP1000196.3.18829,SY1000196.2026.18829,iPad1(1000196),196,06.06.26 13:02,Prod,A1000196.6485,Tisch 4,111,S1000196.18829,SALE,1,14.5,14.5,0.0,0.0,0.0,0.0,101,Lachs,Hauptspeisen,,MwSt. 7%,1.07,13.551402,0.948598,Normalverkauf
S1000196.18830,SP1000196.3.18830,SY1000196.2026.18830,iPad1(1000196),196,06.06.26 20:40,Prod,A1000196.6486,Tisch 14,101,S1000196.18830,VOID,1,6.9,6.9,0.0,0.0,0.0,0.0,113,Garnelen Box,Beilagen,,MwSt. 7%,1.07,6.448598,0.451402,Normalverkauf
S1000196.18831,SP1000196.3.18831,SY1000196.2026.18831,iPad1(1000196),196,06.06.26 17:15,Prod,A1000196.6487,Tisch 15,115,S1000196.18831,SALE,1,4.9,4.9,0.0,0.0,0.0,0.0,112,Kartoffelwedges,Beilagen,,MwSt. 7%,1.07,4.579439,0.320561,Normalverkauf
S1000196.18832,SP1000196.3.18832,SY1000196.2026.18832,iPad1(1000196),196,06.06.26 17:15,Prod,A1000196.6487,Tisch 15,115,S1000196.18832,SALE,2,5.9,11.8,0.0,0.0,0.0,0.0,116,Vanillequark,Desserts,,MwSt. 7%,1.07,11.028037,0.771963,Normalverkauf
S1000196.18833,SP1000196.3.18833,SY1000196.2026.18833,iPad1(1000196),196,06.06.26 17:15,Prod,A1000196.6487,Tisch 15,115,S1000196.18833,SALE,2,3.2,6.4,0.0,0.0,0.0,0.0,120,Apfelschorle,Getränke,,MwSt. 19%,1.19,5.378151,1.021849,Normalverkauf
S1000196.18834,SP1000196.3.18834,SY1000196.2026.18834,iPad1(1000196),196,06.06.26 17:10,Prod,A1000196.6488,Tisch 11,101,S1000196.18834,SALE,2,2.8,5.6,0.0,0.0,0.0,0.0,121,Mineralwasser,Getränke,,MwSt. 19%,1.19,4.705882,0.894118,Normalverkauf
S1000196.18835,SP1000196.3.18835,SY1000196.2026.18835,iPad1(1000196),196,06.06.26 17:10,Prod,A1000196.6488,Tisch 11,101,S1000196.18835,SALE,2,10.9,21.8,0.0,0.0,0.0,0.0,104,Thunfisch Wrap,Hauptgerichte,,MwSt. 7%,1.07,20.373832,1.426168,Normalverkauf
S1000196.18836,SP1000196.3.18836,SY1000196.2026.18836,iPad1(1000196),196,06.06.26 11:09,Prod,A1000196.6489,Tisch 22,115,S1000196.18836,SALE,1,5.5,5.5,0.0,0.0,0.0,0.0,111,Pommes Frites,Beilagen,,MwSt. 7%,1.07,5.140187,0.359813,Normalverkauf
S1000196.18837,SP1000196.3.18837,SY1000196.2026.18837,iPad1(1000196),196,07.06.26 11:46,Prod,A1000196.6490,Tisch 14,111,S1000196.18837,SALE,1,5.5,5.5,0.0,0.0,0.0,0.0,111,Pommes Frites,Beilagen,,MwSt. 7%,1.07,5.140187,0.359813,Normalverkauf
S1000196.18838,SP1000196.3.18838,SY1000196.2026.18838,iPad1(1000196),196,07.06.26 11:46,Prod,A1000196.6490,Tisch 14,111,S1000196.18838,SALE,2,5.5,11.0,0.0,0.0,0.0,0.0,111,Pommes Frites,Beilagen,,MwSt. 7%,1.07,10.280374,0.719626,Normalverkauf
S1000196.18839,SP1000196.3.18839,SY1000196.2026.18839,iPad1(1000196),196,07.06.26 13:54,Prod,A1000196.6491,Tisch 5,101,S1000196.18839,SALE,1,10.9,10.9,0.0,0.0,0.0,0.0,109,Bismarck-Baguette,Hauptgerichte,,MwSt. 7%,1.07,10.186916,0.713084,Normalverkauf
S1000196.18840,SP1000196.3.18840,SY1000196.2026.18840,iPad1(1000196),196,07.06.26 13:54,Prod,A1000196.6491,Tisch 5,101,S1000196.18840,SALE,2,3.9,7.8,0.0,0.0,0.0,0.0,119,Cola,Getränke,,MwSt. 19%,1.19,6.554622,1.245378,Normalverkauf
S1000196.18841,SP1000196.3.18841,SY1000196.2026.18841,iPad1(1000196),196,07.06.26 15:49,Prod,A1000196.6492,,115,S1000196.18841,SALE,2,3.9,7.8,0.0,0.0,0.0,0.0,124,Cola Zero,Getränke,,MwSt. 19%,1.19,6.554622,1.245378,Normalverkauf
S1000196.18842,SP1000196.3.18842,SY1000196.2026.18842,iPad1(1000196),196,07.06.26 15:49,Prod,A1000196.6492,,115,S1000196.18842,SALE,1,5.5,5.5,0.0,0.0,0.0,0.0,111,Pommes Frites,Beilagen,,MwSt. 7%,1.07,5.140187,0.359813,Normalverkauf
S1000196.18843,SP1000196.3.18843,SY1000196.2026.18843,iPad1(1000196),196,07.06.26 15:49,Prod,A1000196.6492,,115,S1000196.18843,SALE,1,10.9,10.9,0.0,0.0,0.0,0.0,107,Chicken Burger,Hauptgerichte,,MwSt. 7%,1.07,10.186916,0.713084,Normalverkauf
S1000196.18844,SP1000196.3.18844,SY1000196.2026.18844,iPad1(1000196),196,07.06.26 12:40,Prod,A1000196.6493,Tisch 4,105,S1000196.18844,SALE,1,2.8,2.8,0.0,0.0,0.0,0.0,121,Mineralwasser,Getränke,,MwSt. 19%,1.19,2.352941,0.447059,Normalverkauf
S1000196.18845,SP1000196.3.18845,SY1000196.2026.18845,iPad1(1000196),196,07.06.26 12:40,Prod,A1000196.6493,Tisch 4,105,S1000196.18845,SALE,1,10.9,10.9,0.0,0.0,0.0,0.0,104,Thunfisch Wrap,Hauptgerichte,,MwSt. 7%,1.07,10.186916,0.713084,Normalverkauf
S1000196.18846,SP1000196.3.18846,SY1000196.2026.18846,iPad1(1000196),196,07.06.26 12:40,Prod,A1000196.6493,Tisch 4,105,S1000196.18846,SALE,1,6.5,6.5,0.0,0.0,0.0,0.0,100,Fischbrötchen Backfisch,Hauptspeisen,,MwSt. 7%,1.07,6.074766,0.425234,Normalverkauf
S1000196.18847,SP1000196.3.18847,SY1000196.2026.18847,iPad1(1000196),196,07.06.26 12:44,Prod,A1000196.6494,Tisch 8,115,S1000196.18847,SALE,1,10.9,10.9,0.0,0.0,0.0,0.0,104,Thunfisch Wrap,Hauptgerichte,,MwSt. 7%,1.07,10.186916,0.713084,Normalverkauf
S1000196.18848,SP1000196.3.18848,SY1000196.2026.18848,iPad1(1000196),196,07.06.26 17:34,Prod,A1000196.6495,,106,S1000196.18848,SALE,1,6.5,6.5,0.0,0.0,0.0,0.0,100,Fischbrötchen Backfisch,Hauptspeisen,,MwSt. 7%,1.07,6.074766,0.425234,Normalverkauf
S1000196.18849,SP1000196.3.18849,SY1000196.2026.18849,iPad1(1000196),196,07.06.26 12:58,Prod,A1000196.6496,Tisch 14,106,S1000196.18849,SALE,1,9.8,9.8,0.0,0.0,0.0,0.0,108,Seelachs-Ei-Baugette,Hauptgerichte,,MwSt. 7%,1.07,9.158879,0.641121,Normalverkauf
S1000196.18850,SP1000196.3.18850,SY1000196.2026.18850,iPad1(1000196),196,07.06.26 12:58,Prod,A1000196.6496,Tisch 14,106,S1000196.18850,SALE,2,5.5,11.0,0.0,0.0,0.0,0.0,111,Pommes Frites,Beilagen,,MwSt. 7%,1.07,10.280374,0.719626,Normalverkauf
S1000196.18851,SP1000196.3.18851,SY1000196.2026.18851,iPad1(1000196),196,07.06.26 19:25,Prod,A1000196.6497,Tisch 6,107,S1000196.18851,SALE,1,3.9,3.9,0.0,0.0,0.0,0.0,124,Cola Zero,Getränke,,MwSt. 19%,1.19,3.277311,0.622689,Normalverkauf
S1000196.18852,SP1000196.3.18852,SY1000196.2026.18852,iPad1(1000196),196,07.06.26 19:25,Prod,A1000196.6497,Tisch 6,107,S1000196.18852,SALE,2,10.9,21.8,0.0,0.0,0.0,0.0,107,Chicken Burger,Hauptgerichte,,MwSt. 7%,1.07,20.373832,1.426168,Normalverkauf
S1000196.18853,SP1000196.3.18853,SY1000196.2026.18853,iPad1(1000196),196,07.06.26 19:25,Prod,A1000196.6497,Tisch 6,107,S1000196.18853,SALE,1,3.9,3.9,0.0,0.0,0.0,0.0,124,Cola Zero,Getränke,,MwSt. 19%,1.19,3.277311,0.622689,Normalverkauf
S1000196.18854,SP1000196.3.18854,SY1000196.2026.18854,iPad1(1000196),196,07.06.26 19:19,Prod,A1000196.6498,Tisch 12,105,S1000196.18854,VOID,1,3.2,3.2,0.0,0.0,0.0,0.0,120,Apfelschorle,Getränke,,MwSt. 19%,1.19,2.689076,0.510924,Normalverkauf
S1000196.18855,SP1000196.3.18855,SY1000196.2026.18855,iPad1(1000196),196,07.06.26 18:10,Prod,A1000196.6499,Tisch 20,101,S1000196.18855,VOID,2,10.9,21.8,0.0,0.0,0.0,0.0,107,Chicken Burger,Hauptgerichte,,MwSt. 7%,1.07,20.373832,1.426168,Normalverkauf
S1000196.18856,SP1000196.3.18856,SY1000196.2026.18856,iPad1(1000196),196,07.06.26 18:10,Prod,A1000196.6499,Tisch 20,101,S1000196.18856,VOID,2,5.5,11.0,0.0,0.0,0.0,0.0,114,Fisch Nuggets Box,Beilagen,,MwSt. 7%,1.07,10.280374,0.719626,Normalverkauf
S1000196.18857,SP1000196.3.18857,SY1000196.2026.18857,iPad1(1000196),196,07.06.26 10:02,Prod,A1000196.6500,Tisch 19,111,S1000196.18857,VOID,1,11.9,11.9,0.0,0.0,0.0,0.0,110,Matjes-Baguette,Hauptgerichte,,MwSt. 7%,1.07,11.121495,0.778505,Normalverkauf
S1000196.18858,SP1000196.3.18858,SY1000196.2026.18858,iPad1(1000196),196,07.06.26 10:02,Prod,A1000196.6500,Tisch 19,111,S1000196.18858,VOID,2,4.2,8.4,0.0,0.0,0.0,0.0,122,Bier,Getränke,,MwSt. 19%,1.19,7.058824,1.341176,Normalverkauf
S1000196.18859,SP1000196.3.18859,SY1000196.2026.18859,iPad1(1000196),196,07.06.26 10:02,Prod,A1000196.6500,Tisch 19,111,S1000196.18859,VOID,2,14.5,29.0,0.0,0.0,0.0,0.0,101,Lachs,Hauptspeisen,,MwSt. 7%,1.07,27.102804,1.897196,Normalverkauf
S1000196.18860,SP1000196.3.18860,SY1000196.2026.18860,iPad1(1000196),196,07.06.26 17:26,Prod,A1000196.6501,,115,S1000196.18860,SALE,2,14.5,29.0,0.0,0.0,0.0,0.0,101,Lachs,Hauptspeisen,,MwSt. 7%,1.07,27.102804,1.897196,Normalverkauf
S1000196.18861,SP1000196.3.18861,SY1000196.2026.18861,iPad1(1000196),196,07.06.26 17:26,Prod,A1000196.6501,,115,S1000196.18861,SALE,2,10.9,21.8,0.0,0.0,0.0,0.0,107,Chicken Burger,Hauptgerichte,,MwSt. 7%,1.07,20.373832,1.426168,Normalverkauf
S1000196.18862,SP1000196.3.18862,SY1000196.2026.18862,iPad1(1000196),196,07.06.26 17:26,Prod,A1000196.6501,,115,S1000196.18862,SALE,1,5.9,5.9,0.0,0.0,0.0,0.0,116,Vanillequark,Desserts,,MwSt. 7%,1.07,5.514019,0.385981,Normalverkauf
S1000196.18863,SP1000196.3.18863,SY1000196.2026.18863,iPad1(1000196),196,07.06.26 20:40,Prod,A1000196.6502,,106,S1000196.18863,SALE,1,3.9,3.9,0.0,0.0,0.0,0.0,124,Cola Zero,Getränke,,MwSt. 19%,1.19,3.277311,0.622689,Normalverkauf
S1000196.18864,SP1000196.3.18864,SY1000196.2026.18864,iPad1(1000196),196,07.06.26 20:40,Prod,A1000196.6502,,106,S1000196.18864,SALE,2,11.5,23.0,0.0,0.0,0.0,0.0,105,Garnelen-Kimchi-Bruger,Hauptgerichte,,MwSt. 7%,1.07,21.495327,1.504673,Normalverkauf
S1000196.18865,SP1000196.3.18865,SY1000196.2026.18865,iPad1(1000196),196,07.06.26 20:40,Prod,A1000196.6502,,106,S1000196.18865,SALE,1,5.9,5.9,0.0,0.0,0.0,0.0,117,Rote Grütze,Desserts,,MwSt. 7%,1.07,5.514019,0.385981,Normalverkauf
S1000196.18866,SP1000196.3.18866,SY1000196.2026.18866,iPad1(1000196),196,07.06.26 12:50,Prod,A1000196.6503,Tisch 12,101,S1000196.18866,SALE,1,3.9,3.9,0.0,0.0,0.0,0.0,126,Spezi,Getränke,,MwSt. 19%,1.19,3.277311,0.622689,Normalverkauf
S1000196.18867,SP1000196.3.18867,SY1000196.2026.18867,iPad1(1000196),196,07.06.26 12:50,Prod,A1000196.6503,Tisch 12,101,S1000196.18867,SALE,2,6.9,13.8,0.0,0.0,0.0,0.0,103,Fischbrötchen Räucherlachs,Hauptspeisen,,MwSt. 7%,1.07,12.897196,0.902804,Normalverkauf
S1000196.18868,SP1000196.3.18868,SY1000196.2026.18868,iPad1(1000196),196,07.06.26 11:41,Prod,A1000196.6504,,116,S1000196.18868,SALE,1,5.9,5.9,0.0,0.0,0.0,0.0,116,Vanillequark,Desserts,,MwSt. 7%,1.07,5.514019,0.385981,Normalverkauf
S1000196.18869,SP1000196.3.18869,SY1000196.2026.18869,iPad1(1000196),196,07.06.26 11:41,Prod,A1000196.6504,,116,S1000196.18869,SALE,1,5.5,5.5,0.0,0.0,0.0,0.0,111,Pommes Frites,Beilagen,,MwSt. 7%,1.07,5.140187,0.359813,Normalverkauf
S1000196.18870,SP1000196.3.18870,SY1000196.2026.18870,iPad1(1000196),196,07.06.26 11:41,Prod,A1000196.6504,,116,S1000196.18870,SALE,2,9.8,19.6,0.0,0.0,0.0,0.0,108,Seelachs-Ei-Baugette,Hauptgerichte,,MwSt. 7%,1.07,18.317757,1.282243,Normalverkauf
S1000196.18871,SP1000196.3.18871,SY1000196.2026.18871,iPad1(1000196),196,07.06.26 13:51,Prod,A1000196.6505,Tisch 10,105,S1000196.18871,SALE,1,3.9,3.9,0.0,0.0,0.0,0.0,126,Spezi,Getränke,,MwSt. 19%,1.19,3.277311,0.622689,Normalverkauf
S1000196.18872,SP1000196.3.18872,SY1000196.2026.18872,iPad1(1000196),196,07.06.26 11:45,Prod,A1000196.6506,Tisch 1,111,S1000196.18872,SALE,2,4.9,9.8,0.0,0.0,0.0,0.0,112,Kartoffelwedges,Beilagen,,MwSt. 7%,1.07,9.158879,0.641121,Normalverkauf
S1000196.18873,SP1000196.3.18873,SY1000196.2026.18873,iPad1(1000196),196,07.06.26 11:45,Prod,A1000196.6506,Tisch 1,111,S1000196.18873,SALE,2,5.9,11.8,0.0,0.0,0.0,0.0,123,Inger-Limonade,Getränke,,MwSt. 19%,1.19,9.915966,1.884034,Normalverkauf
S1000196.18874,SP1000196.3.18874,SY1000196.2026.18874,iPad1(1000196),196,07.06.26 11:45,Prod,A1000196.6506,Tisch 1,111,S1000196.18874,SALE,1,5.5,5.5,0.0,0.0,0.0,0.0,111,Pommes Frites,Beilagen,,MwSt. 7%,1.07,5.140187,0.359813,Normalverkauf
S1000196.18875,SP1000196.3.18875,SY1000196.2026.18875,iPad1(1000196),196,07.06.26 17:00,Prod,A1000196.6507,Tisch 22,105,S1000196.18875,SALE,2,3.9,7.8,0.0,0.0,0.0,0.0,126,Spezi,Getränke,,MwSt. 19%,1.19,6.554622,1.245378,Normalverkauf
S1000196.18876,SP1000196.3.18876,SY1000196.2026.18876,iPad1(1000196),196,07.06.26 19:15,Prod,A1000196.6508,Tisch 13,116,S1000196.18876,SALE,1,3.9,3.9,0.0,0.0,0.0,0.0,126,Spezi,Getränke,,MwSt. 19%,1.19,3.277311,0.622689,Normalverkauf
S1000196.18877,SP1000196.3.18877,SY1000196.2026.18877,iPad1(1000196),196,07.06.26 19:50,Prod,A1000196.6509,Tisch 22,116,S1000196.18877,SALE,1,3.9,3.9,0.0,0.0,0.0,0.0,119,Cola,Getränke,,MwSt. 19%,1.19,3.277311,0.622689,Normalverkauf
S1000196.18878,SP1000196.3.18878,SY1000196.2026.18878,iPad1(1000196),196,07.06.26 18:12,Prod,A1000196.6510,,107,S1000196.18878,SALE,2,4.9,9.8,0.0,0.0,0.0,0.0,112,Kartoffelwedges,Beilagen,,MwSt. 7%,1.07,9.158879,0.641121,Normalverkauf
S1000196.18879,SP1000196.3.18879,SY1000196.2026.18879,iPad1(1000196),196,07.06.26 18:12,Prod,A1000196.6510,,107,S1000196.18879,SALE,1,5.5,5.5,0.0,0.0,0.0,0.0,111,Pommes Frites,Beilagen,,MwSt. 7%,1.07,5.140187,0.359813,Normalverkauf
S1000196.18880,SP1000196.3.18880,SY1000196.2026.18880,iPad1(1000196),196,07.06.26 18:12,Prod,A1000196.6510,,107,S1000196.18880,SALE,1,7.9,7.9,0.0,0.0,0.0,0.0,106,Neptun-Ringe,Beilagen,,MwSt. 7%,1.07,7.383178,0.516822,Normalverkauf
S1000196.18881,SP1000196.3.18881,SY1000196.2026.18881,iPad1(1000196),196,07.06.26 17:14,Prod,A1000196.6511,Tisch 2,106,S1000196.18881,SALE,1,3.9,3.9,0.0,0.0,0.0,0.0,119,Cola,Getränke,,MwSt. 19%,1.19,3.277311,0.622689,Normalverkauf
S1000196.18882,SP1000196.3.18882,SY1000196.2026.18882,iPad1(1000196),196,07.06.26 17:50,Prod,A1000196.6512,Tisch 15,115,S1000196.18882,SALE,2,10.9,21.8,0.0,0.0,0.0,0.0,107,Chicken Burger,Hauptgerichte,,MwSt. 7%,1.07,20.373832,1.426168,Normalverkauf
S1000196.18883,SP1000196.3.18883,SY1000196.2026.18883,iPad1(1000196),196,07.06.26 17:50,Prod,A1000196.6512,Tisch 15,115,S1000196.18883,SALE,2,3.9,7.8,0.0,0.0,0.0,0.0,124,Cola Zero,Getränke,,MwSt. 19%,1.19,6.554622,1.245378,Normalverkauf
S1000196.18884,SP1000196.3.18884,SY1000196.2026.18884,iPad1(1000196),196,07.06.26 08:26,Prod,A1000196.6513,Tisch 4,101,S1000196.18884,SALE,2,5.5,11.0,0.0,0.0,0.0,0.0,111,Pommes Frites,Beilagen,,MwSt. 7%,1.07,10.280374,0.719626,Normalverkauf
S1000196.18885,SP1000196.3.18885,SY1000196.2026.18885,iPad1(1000196),196,07.06.26 08:26,Prod,A1000196.6513,Tisch 4,101,S1000196.18885,SALE,2,6.9,13.8,0.0,0.0,0.0,0.0,113,Garnelen Box,Beilagen,,MwSt. 7%,1.07,12.897196,0.902804,Normalverkauf
S1000196.18886,SP1000196.3.18886,SY1000196.2026.18886,iPad1(1000196),196,07.06.26 08:26,Prod,A1000196.6513,Tisch 4,101,S1000196.18886,SALE,2,14.5,29.0,0.0,0.0,0.0,0.0,101,Lachs,Hauptspeisen,,MwSt. 7%,1.07,27.102804,1.897196,Normalverkauf
S1000196.18887,SP1000196.3.18887,SY1000196.2026.18887,iPad1(1000196),196,07.06.26 17:14,Prod,A1000196.6514,Tisch 19,105,S1000196.18887,SALE,1,10.9,10.9,0.0,0.0,0.0,0.0,107,Chicken Burger,Hauptgerichte,,MwSt. 7%,1.07,10.186916,0.713084,Normalverkauf
S1000196.18888,SP1000196.3.18888,SY1000196.2026.18888,iPad1(1000196),196,07.06.26 17:14,Prod,A1000196.6514,Tisch 19,105,S1000196.18888,SALE,2,5.5,11.0,0.0,0.0,0.0,0.0,114,Fisch Nuggets Box,Beilagen,,MwSt. 7%,1.07,10.280374,0.719626,Normalverkauf
S1000196.18889,SP1000196.3.18889,SY1000196.2026.18889,iPad1(1000196),196,07.06.26 17:14,Prod,A1000196.6514,Tisch 19,105,S1000196.18889,SALE,2,5.5,11.0,0.0,0.0,0.0,0.0,111,Pommes Frites,Beilagen,,MwSt. 7%,1.07,10.280374,0.719626,Normalverkauf
S1000196.18890,SP1000196.3.18890,SY1000196.2026.18890,iPad1(1000196),196,07.06.26 19:11,Prod,A1000196.6515,,105,S1000196.18890,SALE,2,3.2,6.4,0.0,0.0,0.0,0.0,120,Apfelschorle,Getränke,,MwSt. 19%,1.19,5.378151,1.021849,Normalverkauf
S1000196.18891,SP1000196.3.18891,SY1000196.2026.18891,iPad1(1000196),196,07.06.26 12:10,Prod,A1000196.6516,Tisch 4,116,S1000196.18891,SALE,1,5.5,5.5,0.0,0.0,0.0,0.0,114,Fisch Nuggets Box,Beilagen,,MwSt. 7%,1.07,5.140187,0.359813,Normalverkauf
S1000196.18892,SP1000196.3.18892,SY1000196.2026.18892,iPad1(1000196),196,07.06.26 13:37,Prod,A1000196.6517,Tisch 17,111,S1000196.18892,SALE,1,5.9,5.9,0.0,0.0,0.0,0.0,125,Zitronen-Limonade,Getränke,,MwSt. 19%,1.19,4.957983,0.942017,Normalverkauf
S1000196.18893,SP1000196.3.18893,SY1000196.2026.18893,iPad1(1000196),196,07.06.26 20:26,Prod,A1000196.6518,Tisch 4,106,S1000196.18893,SALE,1,11.9,11.9,0.0,0.0,0.0,0.0,110,Matjes-Baguette,Hauptgerichte,,MwSt. 7%,1.07,11.121495,0.778505,Normalverkauf
S1000196.18894,SP1000196.3.18894,SY1000196.2026.18894,iPad1(1000196),196,07.06.26 20:26,Prod,A1000196.6518,Tisch 4,106,S1000196.18894,SALE,1,10.9,10.9,0.0,0.0,0.0,0.0,107,Chicken Burger,Hauptgerichte,,MwSt. 7%,1.07,10.186916,0.713084,Normalverkauf
S1000196.18895,SP1000196.3.18895,SY1000196.2026.18895,iPad1(1000196),196,07.06.26 20:26,Prod,A1000196.6518,Tisch 4,106,S1000196.18895,SALE,2,3.9,7.8,0.0,0.0,0.0,0.0,119,Cola,Getränke,,MwSt. 19%,1.19,6.554622,1.245378,Normalverkauf
S1000196.18896,SP1000196.3.18896,SY1000196.2026.18896,iPad1(1000196),196,07.06.26 12:34,Prod,A1000196.6519,Tisch 20,111,S1000196.18896,SALE,1,6.9,6.9,0.0,0.0,0.0,0.0,103,Fischbrötchen Räucherlachs,Hauptspeisen,,MwSt. 7%,1.07,6.448598,0.451402,Normalverkauf
S1000196.18897,SP1000196.3.18897,SY1000196.2026.18897,iPad1(1000196),196,07.06.26 12:07,Prod,A1000196.6520,Tisch 3,105,S1000196.18897,SALE,2,3.9,7.8,0.0,0.0,0.0,0.0,127,Alkoholfreies Bier,Getränke,,MwSt. 19%,1.19,6.554622,1.245378,Normalverkauf
S1000196.18898,SP1000196.3.18898,SY1000196.2026.18898,iPad1(1000196),196,07.06.26 19:18,Prod,A1000196.6521,Tisch 14,107,S1000196.18898,SALE,1,3.9,3.9,0.0,0.0,0.0,0.0,127,Alkoholfreies Bier,Getränke,,MwSt. 19%,1.19,3.277311,0.622689,Normalverkauf
S1000196.18899,SP1000196.3.18899,SY1000196.2026.18899,iPad1(1000196),196,07.06.26 19:18,Prod,A1000196.6521,Tisch 14,107,S1000196.18899,SALE,2,5.9,11.8,0.0,0.0,0.0,0.0,117,Rote Grütze,Desserts,,MwSt. 7%,1.07,11.028037,0.771963,Normalverkauf
S1000196.18900,SP1000196.3.18900,SY1000196.2026.18900,iPad1(1000196),196,07.06.26 17:22,Prod,A1000196.6522,Tisch 18,111,S1000196.18900,SALE,1,10.9,10.9,0.0,0.0,0.0,0.0,104,Thunfisch Wrap,Hauptgerichte,,MwSt. 7%,1.07,10.186916,0.713084,Normalverkauf
S1000196.18901,SP1000196.3.18901,SY1000196.2026.18901,iPad1(1000196),196,07.06.26 17:17,Prod,A1000196.6523,Tisch 12,116,S1000196.18901,VOID,2,11.9,23.8,0.0,0.0,0.0,0.0,110,Matjes-Baguette,Hauptgerichte,,MwSt. 7%,1.07,22.242991,1.557009,Normalverkauf
S1000196.18902,SP1000196.3.18902,SY1000196.2026.18902,iPad1(1000196),196,07.06.26 17:17,Prod,A1000196.6523,Tisch 12,116,S1000196.18902,VOID,2,5.5,11.0,0.0,0.0,0.0,0.0,111,Pommes Frites,Beilagen,,MwSt. 7%,1.07,10.280374,0.719626,Normalverkauf
S1000196.18903,SP1000196.3.18903,SY1000196.2026.18903,iPad1(1000196),196,07.06.26 17:17,Prod,A1000196.6523,Tisch 12,116,S1000196.18903,VOID,1,3.9,3.9,0.0,0.0,0.0,0.0,119,Cola,Getränke,,MwSt. 19%,1.19,3.277311,0.622689,Normalverkauf
S1000196.18904,SP1000196.3.18904,SY1000196.2026.18904,iPad1(1000196),196,07.06.26 20:25,Prod,A1000196.6524,,111,S1000196.18904,SALE,1,6.5,6.5,0.0,0.0,0.0,0.0,118,Schokokuchen,Desserts,,MwSt. 7%,1.07,6.074766,0.425234,Normalverkauf
S1000196.18905,SP1000196.3.18905,SY1000196.2026.18905,iPad1(1000196),196,07.06.26 20:25,Prod,A1000196.6524,,111,S1000196.18905,SALE,1,4.2,4.2,0.0,0.0,0.0,0.0,122,Bier,Getränke,,MwSt. 19%,1.19,3.529412,0.670588,Normalverkauf
S1000196.18906,SP1000196.3.18906,SY1000196.2026.18906,iPad1(1000196),196,07.06.26 20:25,Prod,A1000196.6524,,111,S1000196.18906,SALE,1,6.5,6.5,0.0,0.0,0.0,0.0,100,Fischbrötchen Backfisch,Hauptspeisen,,MwSt. 7%,1.07,6.074766,0.425234,Normalverkauf
S1000196.18907,SP1000196.3.18907,SY1000196.2026.18907,iPad1(1000196),196,07.06.26 18:01,Prod,A1000196.6525,Tisch 23,106,S1000196.18907,SALE,1,6.9,6.9,0.0,0.0,0.0,0.0,113,Garnelen Box,Beilagen,,MwSt. 7%,1.07,6.448598,0.451402,Normalverkauf
S1000196.18908,SP1000196.3.18908,SY1000196.2026.18908,iPad1(1000196),196,07.06.26 14:39,Prod,A1000196.6526,Tisch 1,115,S1000196.18908,SALE,1,3.9,3.9,0.0,0.0,0.0,0.0,127,Alkoholfreies Bier,Getränke,,MwSt. 19%,1.19,3.277311,0.622689,Normalverkauf
S1000196.18909,SP1000196.3.18909,SY1000196.2026.18909,iPad1(1000196),196,07.06.26 20:43,Prod,A1000196.6527,,106,S1000196.18909,SALE,1,11.5,11.5,0.0,0.0,0.0,0.0,105,Garnelen-Kimchi-Bruger,Hauptgerichte,,MwSt. 7%,1.07,10.747664,0.752336,Normalverkauf
S1000196.18910,SP1000196.3.18910,SY1000196.2026.18910,iPad1(1000196),196,07.06.26 17:20,Prod,A1000196.6528,Tisch 12,107,S1000196.18910,SALE,2,5.9,11.8,0.0,0.0,0.0,0.0,116,Vanillequark,Desserts,,MwSt. 7%,1.07,11.028037,0.771963,Normalverkauf
S1000196.18911,SP1000196.3.18911,SY1000196.2026.18911,iPad1(1000196),196,07.06.26 17:20,Prod,A1000196.6528,Tisch 12,107,S1000196.18911,SALE,1,10.9,10.9,0.0,0.0,0.0,0.0,107,Chicken Burger,Hauptgerichte,,MwSt. 7%,1.07,10.186916,0.713084,Normalverkauf
S1000196.18912,SP1000196.3.18912,SY1000196.2026.18912,iPad1(1000196),196,07.06.26 17:20,Prod,A1000196.6528,Tisch 12,107,S1000196.18912,SALE,1,14.5,14.5,0.0,0.0,0.0,0.0,101,Lachs,Hauptspeisen,,MwSt. 7%,1.07,13.551402,0.948598,Normalverkauf
S1000196.18913,SP1000196.3.18913,SY1000196.2026.18913,iPad1(1000196),196,07.06.26 20:16,Prod,A1000196.6529,Tisch 8,115,S1000196.18913,SALE,1,6.5,6.5,0.0,0.0,0.0,0.0,100,Fischbrötchen Backfisch,Hauptspeisen,,MwSt. 7%,1.07,6.074766,0.425234,Normalverkauf
S1000196.18914,SP1000196.3.18914,SY1000196.2026.18914,iPad1(1000196),196,07.06.26 20:16,Prod,A1000196.6529,Tisch 8,115,S1000196.18914,SALE,2,10.9,21.8,0.0,0.0,0.0,0.0,107,Chicken Burger,Hauptgerichte,,MwSt. 7%,1.07,20.373832,1.426168,Normalverkauf
S1000196.18915,SP1000196.3.18915,SY1000196.2026.18915,iPad1(1000196),196,07.06.26 12:18,Prod,A1000196.6530,Tisch 2,116,S1000196.18915,SALE,2,9.8,19.6,0.0,0.0,0.0,0.0,108,Seelachs-Ei-Baugette,Hauptgerichte,,MwSt. 7%,1.07,18.317757,1.282243,Normalverkauf
S1000196.18916,SP1000196.3.18916,SY1000196.2026.18916,iPad1(1000196),196,07.06.26 12:18,Prod,A1000196.6530,Tisch 2,116,S1000196.18916,SALE,2,13.5,27.0,0.0,0.0,0.0,0.0,102,Matjes,Hauptspeisen,,MwSt. 7%,1.07,25.233645,1.766355,Normalverkauf
S1000196.18917,SP1000196.3.18917,SY1000196.2026.18917,iPad1(1000196),196,07.06.26 12:18,Prod,A1000196.6530,Tisch 2,116,S1000196.18917,SALE,1,3.9,3.9,0.0,0.0,0.0,0.0,127,Alkoholfreies Bier,Getränke,,MwSt. 19%,1.19,3.277311,0.622689,Normalverkauf
S1000196.18918,SP1000196.3.18918,SY1000196.2026.18918,iPad1(1000196),196,07.06.26 12:22,Prod,A1000196.6531,Tisch 4,101,S1000196.18918,SALE,2,6.9,13.8,0.0,0.0,0.0,0.0,113,Garnelen Box,Beilagen,,MwSt. 7%,1.07,12.897196,0.902804,Normalverkauf
S1000196.18919,SP1000196.3.18919,SY1000196.2026.18919,iPad1(1000196),196,07.06.26 12:22,Prod,A1000196.6531,Tisch 4,101,S1000196.18919,SALE,2,10.9,21.8,0.0,0.0,0.0,0.0,107,Chicken Burger,Hauptgerichte,,MwSt. 7%,1.07,20.373832,1.426168,Normalverkauf
S1000196.18920,SP1000196.3.18920,SY1000196.2026.18920,iPad1(1000196),196,07.06.26 12:22,Prod,A1000196.6531,Tisch 4,101,S1000196.18920,SALE,2,10.9,21.8,0.0,0.0,0.0,0.0,109,Bismarck-Baguette,Hauptgerichte,,MwSt. 7%,1.07,20.373832,1.426168,Normalverkauf
S1000196.18921,SP1000196.3.18921,SY1000196.2026.18921,iPad1(1000196),196,07.06.26 15:13,Prod,A1000196.6532,Tisch 12,116,S1000196.18921,VOID,2,11.9,23.8,0.0,0.0,0.0,0.0,110,Matjes-Baguette,Hauptgerichte,,MwSt. 7%,1.07,22.242991,1.557009,Normalverkauf
S1000196.18922,SP1000196.3.18922,SY1000196.2026.18922,iPad1(1000196),196,07.06.26 15:13,Prod,A1000196.6532,Tisch 12,116,S1000196.18922,VOID,1,5.5,5.5,0.0,0.0,0.0,0.0,111,Pommes Frites,Beilagen,,MwSt. 7%,1.07,5.140187,0.359813,Normalverkauf
S1000196.18923,SP1000196.3.18923,SY1000196.2026.18923,iPad1(1000196),196,07.06.26 15:13,Prod,A1000196.6532,Tisch 12,116,S1000196.18923,VOID,1,13.5,13.5,0.0,0.0,0.0,0.0,102,Matjes,Hauptspeisen,,MwSt. 7%,1.07,12.616822,0.883178,Normalverkauf
S1000196.18924,SP1000196.3.18924,SY1000196.2026.18924,iPad1(1000196),196,07.06.26 16:27,Prod,A1000196.6533,Tisch 20,107,S1000196.18924,SALE,2,2.8,5.6,0.0,0.0,0.0,0.0,121,Mineralwasser,Getränke,,MwSt. 19%,1.19,4.705882,0.894118,Normalverkauf
S1000196.18925,SP1000196.3.18925,SY1000196.2026.18925,iPad1(1000196),196,07.06.26 16:27,Prod,A1000196.6533,Tisch 20,107,S1000196.18925,SALE,1,5.5,5.5,0.0,0.0,0.0,0.0,111,Pommes Frites,Beilagen,,MwSt. 7%,1.07,5.140187,0.359813,Normalverkauf
S1000196.18926,SP1000196.3.18926,SY1000196.2026.18926,iPad1(1000196),196,07.06.26 15:25,Prod,A1000196.6534,,115,S1000196.18926,SALE,2,6.5,13.0,0.0,0.0,0.0,0.0,100,Fischbrötchen Backfisch,Hauptspeisen,,MwSt. 7%,1.07,12.149533,0.850467,Normalverkauf
S1000196.18927,SP1000196.3.18927,SY1000196.2026.18927,iPad1(1000196),196,07.06.26 15:25,Prod,A1000196.6534,,115,S1000196.18927,SALE,1,13.5,13.5,0.0,0.0,0.0,0.0,102,Matjes,Hauptspeisen,,MwSt. 7%,1.07,12.616822,0.883178,Normalverkauf
S1000196.18928,SP1000196.3.18928,SY1000196.2026.18928,iPad1(1000196),196,07.06.26 19:57,Prod,A1000196.6535,Tisch 3,106,S1000196.18928,SALE,2,10.9,21.8,0.0,0.0,0.0,0.0,107,Chicken Burger,Hauptgerichte,,MwSt. 7%,1.07,20.373832,1.426168,Normalverkauf
S1000196.18929,SP1000196.3.18929,SY1000196.2026.18929,iPad1(1000196),196,07.06.26 19:57,Prod,A1000196.6535,Tisch 3,106,S1000196.18929,SALE,1,10.9,10.9,0.0,0.0,0.0,0.0,104,Thunfisch Wrap,Hauptgerichte,,MwSt. 7%,1.07,10.186916,0.713084,Normalverkauf
S1000196.18930,SP1000196.3.18930,SY1000196.2026.18930,iPad1(1000196),196,07.06.26 19:57,Prod,A1000196.6535,Tisch 3,106,S1000196.18930,SALE,1,5.5,5.5,0.0,0.0,0.0,0.0,111,Pommes Frites,Beilagen,,MwSt. 7%,1.07,5.140187,0.359813,Normalverkauf
S1000196.18931,SP1000196.3.18931,SY1000196.2026.18931,iPad1(1000196),196,07.06.26 12:15,Prod,A1000196.6536,Tisch 2,111,S1000196.18931,SALE,2,2.8,5.6,0.0,0.0,0.0,0.0,121,Mineralwasser,Getränke,,MwSt. 19%,1.19,4.705882,0.894118,Normalverkauf
S1000196.18932,SP1000196.3.18932,SY1000196.2026.18932,iPad1(1000196),196,07.06.26 12:15,Prod,A1000196.6536,Tisch 2,111,S1000196.18932,SALE,1,9.8,9.8,0.0,0.0,0.0,0.0,108,Seelachs-Ei-Baugette,Hauptgerichte,,MwSt. 7%,1.07,9.158879,0.641121,Normalverkauf
S1000196.18933,SP1000196.3.18933,SY1000196.2026.18933,iPad1(1000196),196,07.06.26 12:15,Prod,A1000196.6536,Tisch 2,111,S1000196.18933,SALE,1,5.9,5.9,0.0,0.0,0.0,0.0,125,Zitronen-Limonade,Getränke,,MwSt. 19%,1.19,4.957983,0.942017,Normalverkauf
S1000196.18934,SP1000196.3.18934,SY1000196.2026.18934,iPad1(1000196),196,07.06.26 11:42,Prod,A1000196.6537,,106,S1000196.18934,VOID,1,9.8,9.8,0.0,0.0,0.0,0.0,108,Seelachs-Ei-Baugette,Hauptgerichte,,MwSt. 7%,1.07,9.158879,0.641121,Normalverkauf
S1000196.18935,SP1000196.3.18935,SY1000196.2026.18935,iPad1(1000196),196,07.06.26 11:42,Prod,A1000196.6537,,106,S1000196.18935,VOID,2,3.9,7.8,0.0,0.0,0.0,0.0,124,Cola Zero,Getränke,,MwSt. 19%,1.19,6.554622,1.245378,Normalverkauf
S1000196.18936,SP1000196.3.18936,SY1000196.2026.18936,iPad1(1000196),196,07.06.26 11:42,Prod,A1000196.6537,,106,S1000196.18936,VOID,1,10.9,10.9,0.0,0.0,0.0,0.0,109,Bismarck-Baguette,Hauptgerichte,,MwSt. 7%,1.07,10.186916,0.713084,Normalverkauf
S1000196.18937,SP1000196.3.18937,SY1000196.2026.18937,iPad1(1000196),196,07.06.26 10:38,Prod,A1000196.6538,Tisch 22,107,S1000196.18937,SALE,2,6.9,13.8,0.0,0.0,0.0,0.0,103,Fischbrötchen Räucherlachs,Hauptspeisen,,MwSt. 7%,1.07,12.897196,0.902804,Normalverkauf
S1000196.18938,SP1000196.3.18938,SY1000196.2026.18938,iPad1(1000196),196,07.06.26 10:38,Prod,A1000196.6538,Tisch 22,107,S1000196.18938,SALE,1,3.9,3.9,0.0,0.0,0.0,0.0,126,Spezi,Getränke,,MwSt. 19%,1.19,3.277311,0.622689,Normalverkauf
S1000196.18939,SP1000196.3.18939,SY1000196.2026.18939,iPad1(1000196),196,07.06.26 19:18,Prod,A1000196.6539,Tisch 6,111,S1000196.18939,SALE,1,10.9,10.9,0.0,0.0,0.0,0.0,107,Chicken Burger,Hauptgerichte,,MwSt. 7%,1.07,10.186916,0.713084,Normalverkauf
S1000196.18940,SP1000196.3.18940,SY1000196.2026.18940,iPad1(1000196),196,07.06.26 19:18,Prod,A1000196.6539,Tisch 6,111,S1000196.18940,SALE,1,10.9,10.9,0.0,0.0,0.0,0.0,107,Chicken Burger,Hauptgerichte,,MwSt. 7%,1.07,10.186916,0.713084,Normalverkauf
S1000196.18941,SP1000196.3.18941,SY1000196.2026.18941,iPad1(1000196),196,07.06.26 19:18,Prod,A1000196.6539,Tisch 6,111,S1000196.18941,SALE,1,3.9,3.9,0.0,0.0,0.0,0.0,124,Cola Zero,Getränke,,MwSt. 19%,1.19,3.277311,0.622689,Normalverkauf
S1000196.18942,SP1000196.3.18942,SY1000196.2026.18942,iPad1(1000196),196,07.06.26 17:27,Prod,A1000196.6540,Tisch 18,105,S1000196.18942,SALE,2,5.5,11.0,0.0,0.0,0.0,0.0,111,Pommes Frites,Beilagen,,MwSt. 7%,1.07,10.280374,0.719626,Normalverkauf
S1000196.18943,SP1000196.3.18943,SY1000196.2026.18943,iPad1(1000196),196,07.06.26 08:41,Prod,A1000196.6541,Tisch 8,107,S1000196.18943,SALE,2,10.9,21.8,0.0,0.0,0.0,0.0,107,Chicken Burger,Hauptgerichte,,MwSt. 7%,1.07,20.373832,1.426168,Normalverkauf
S1000196.18944,SP1000196.3.18944,SY1000196.2026.18944,iPad1(1000196),196,07.06.26 08:41,Prod,A1000196.6541,Tisch 8,107,S1000196.18944,SALE,2,3.9,7.8,0.0,0.0,0.0,0.0,126,Spezi,Getränke,,MwSt. 19%,1.19,6.554622,1.245378,Normalverkauf
S1000196.18945,SP1000196.3.18945,SY1000196.2026.18945,iPad1(1000196),196,07.06.26 19:00,Prod,A1000196.6542,Tisch 18,105,S1000196.18945,SALE,1,11.9,11.9,0.0,0.0,0.0,0.0,110,Matjes-Baguette,Hauptgerichte,,MwSt. 7%,1.07,11.121495,0.778505,Normalverkauf
S1000196.18946,SP1000196.3.18946,SY1000196.2026.18946,iPad1(1000196),196,07.06.26 19:00,Prod,A1000196.6542,Tisch 18,105,S1000196.18946,SALE,2,6.5,13.0,0.0,0.0,0.0,0.0,118,Schokokuchen,Desserts,,MwSt. 7%,1.07,12.149533,0.850467,Normalverkauf
S1000196.18947,SP1000196.3.18947,SY1000196.2026.18947,iPad1(1000196),196,07.06.26 19:00,Prod,A1000196.6542,Tisch 18,105,S1000196.18947,SALE,2,6.9,13.8,0.0,0.0,0.0,0.0,103,Fischbrötchen Räucherlachs,Hauptspeisen,,MwSt. 7%,1.07,12.897196,0.902804,Normalverkauf
S1000196.18948,SP1000196.3.18948,SY1000196.2026.18948,iPad1(1000196),196,07.06.26 11:10,Prod,A1000196.6543,Tisch 18,106,S1000196.18948,SALE,2,5.9,11.8,0.0,0.0,0.0,0.0,123,Inger-Limonade,Getränke,,MwSt. 19%,1.19,9.915966,1.884034,Normalverkauf
S1000196.18949,SP1000196.3.18949,SY1000196.2026.18949,iPad1(1000196),196,07.06.26 11:10,Prod,A1000196.6543,Tisch 18,106,S1000196.18949,SALE,2,6.5,13.0,0.0,0.0,0.0,0.0,100,Fischbrötchen Backfisch,Hauptspeisen,,MwSt. 7%,1.07,12.149533,0.850467,Normalverkauf
S1000196.18950,SP1000196.3.18950,SY1000196.2026.18950,iPad1(1000196),196,07.06.26 18:56,Prod,A1000196.6544,,116,S1000196.18950,SALE,2,5.9,11.8,0.0,0.0,0.0,0.0,125,Zitronen-Limonade,Getränke,,MwSt. 19%,1.19,9.915966,1.884034,Normalverkauf
S1000196.18951,SP1000196.3.18951,SY1000196.2026.18951,iPad1(1000196),196,07.06.26 18:56,Prod,A1000196.6544,,116,S1000196.18951,SALE,2,10.9,21.8,0.0,0.0,0.0,0.0,107,Chicken Burger,Hauptgerichte,,MwSt. 7%,1.07,20.373832,1.426168,Normalverkauf
S1000196.18952,SP1000196.3.18952,SY1000196.2026.18952,iPad1(1000196),196,07.06.26 15:57,Prod,A1000196.6545,,106,S1000196.18952,SALE,2,6.9,13.8,0.0,0.0,0.0,0.0,103,Fischbrötchen Räucherlachs,Hauptspeisen,,MwSt. 7%,1.07,12.897196,0.902804,Normalverkauf
S1000196.18953,SP1000196.3.18953,SY1000196.2026.18953,iPad1(1000196),196,07.06.26 20:23,Prod,A1000196.6546,Tisch 17,101,S1000196.18953,SALE,2,5.5,11.0,0.0,0.0,0.0,0.0,114,Fisch Nuggets Box,Beilagen,,MwSt. 7%,1.07,10.280374,0.719626,Normalverkauf
S1000196.18954,SP1000196.3.18954,SY1000196.2026.18954,iPad1(1000196),196,07.06.26 11:32,Prod,A1000196.6547,Tisch 6,106,S1000196.18954,SALE,2,3.9,7.8,0.0,0.0,0.0,0.0,127,Alkoholfreies Bier,Getränke,,MwSt. 19%,1.19,6.554622,1.245378,Normalverkauf
S1000196.18955,SP1000196.3.18955,SY1000196.2026.18955,iPad1(1000196),196,07.06.26 14:11,Prod,A1000196.6548,Tisch 13,116,S1000196.18955,SALE,1,6.5,6.5,0.0,0.0,0.0,0.0,118,Schokokuchen,Desserts,,MwSt. 7%,1.07,6.074766,0.425234,Normalverkauf
S1000196.18956,SP1000196.3.18956,SY1000196.2026.18956,iPad1(1000196),196,07.06.26 14:11,Prod,A1000196.6548,Tisch 13,116,S1000196.18956,SALE,2,3.9,7.8,0.0,0.0,0.0,0.0,119,Cola,Getränke,,MwSt. 19%,1.19,6.554622,1.245378,Normalverkauf
S1000196.18957,SP1000196.3.18957,SY1000196.2026.18957,iPad1(1000196),196,07.06.26 14:11,Prod,A1000196.6548,Tisch 13,116,S1000196.18957,SALE,2,3.2,6.4,0.0,0.0,0.0,0.0,120,Apfelschorle,Getränke,,MwSt. 19%,1.19,5.378151,1.021849,Normalverkauf
S1000196.18958,SP1000196.3.18958,SY1000196.2026.18958,iPad1(1000196),196,07.06.26 16:17,Prod,A1000196.6549,,101,S1000196.18958,SALE,1,5.5,5.5,0.0,0.0,0.0,0.0,111,Pommes Frites,Beilagen,,MwSt. 7%,1.07,5.140187,0.359813,Normalverkauf
S1000196.18959,SP1000196.3.18959,SY1000196.2026.18959,iPad1(1000196),196,07.06.26 16:17,Prod,A1000196.6549,,101,S1000196.18959,SALE,2,5.5,11.0,0.0,0.0,0.0,0.0,111,Pommes Frites,Beilagen,,MwSt. 7%,1.07,10.280374,0.719626,Normalverkauf
S1000196.18960,SP1000196.3.18960,SY1000196.2026.18960,iPad1(1000196),196,07.06.26 17:05,Prod,A1000196.6550,Tisch 7,107,S1000196.18960,SALE,2,13.5,27.0,0.0,0.0,0.0,0.0,102,Matjes,Hauptspeisen,,MwSt. 7%,1.07,25.233645,1.766355,Normalverkauf
S1000196.18961,SP1000196.3.18961,SY1000196.2026.18961,iPad1(1000196),196,07.06.26 17:05,Prod,A1000196.6550,Tisch 7,107,S1000196.18961,SALE,1,4.2,4.2,0.0,0.0,0.0,0.0,122,Bier,Getränke,,MwSt. 19%,1.19,3.529412,0.670588,Normalverkauf
S1000196.18962,SP1000196.3.18962,SY1000196.2026.18962,iPad1(1000196),196,07.06.26 17:05,Prod,A1000196.6550,Tisch 7,107,S1000196.18962,SALE,2,5.9,11.8,0.0,0.0,0.0,0.0,125,Zitronen-Limonade,Getränke,,MwSt. 19%,1.19,9.915966,1.884034,Normalverkauf
S1000196.18963,SP1000196.3.18963,SY1000196.2026.18963,iPad1(1000196),196,07.06.26 13:43,Prod,A1000196.6551,Tisch 23,105,S1000196.18963,SALE,1,10.9,10.9,0.0,0.0,0.0,0.0,107,Chicken Burger,Hauptgerichte,,MwSt. 7%,1.07,10.186916,0.713084,Normalverkauf
S1000196.18964,SP1000196.3.18964,SY1000196.2026.18964,iPad1(1000196),196,07.06.26 13:43,Prod,A1000196.6551,Tisch 23,105,S1000196.18964,SALE,2,3.9,7.8,0.0,0.0,0.0,0.0,124,Cola Zero,Getränke,,MwSt. 19%,1.19,6.554622,1.245378,Normalverkauf
S1000196.18965,SP1000196.3.18965,SY1000196.2026.18965,iPad1(1000196),196,07.06.26 19:25,Prod,A1000196.6552,Tisch 17,116,S1000196.18965,SALE,1,5.9,5.9,0.0,0.0,0.0,0.0,117,Rote Grütze,Desserts,,MwSt. 7%,1.07,5.514019,0.385981,Normalverkauf
S1000196.18966,SP1000196.3.18966,SY1000196.2026.18966,iPad1(1000196),196,07.06.26 19:25,Prod,A1000196.6552,Tisch 17,116,S1000196.18966,SALE,1,5.5,5.5,0.0,0.0,0.0,0.0,114,Fisch Nuggets Box,Beilagen,,MwSt. 7%,1.07,5.140187,0.359813,Normalverkauf
S1000196.18967,SP1000196.3.18967,SY1000196.2026.18967,iPad1(1000196),196,07.06.26 19:25,Prod,A1000196.6552,Tisch 17,116,S1000196.18967,SALE,1,11.9,11.9,0.0,0.0,0.0,0.0,110,Matjes-Baguette,Hauptgerichte,,MwSt. 7%,1.07,11.121495,0.778505,Normalverkauf
S1000196.18968,SP1000196.3.18968,SY1000196.2026.18968,iPad1(1000196),196,07.06.26 18:34,Prod,A1000196.6553,Tisch 11,116,S1000196.18968,SALE,1,10.9,10.9,0.0,0.0,0.0,0.0,107,Chicken Burger,Hauptgerichte,,MwSt. 7%,1.07,10.186916,0.713084,Normalverkauf
S1000196.18969,SP1000196.3.18969,SY1000196.2026.18969,iPad1(1000196),196,07.06.26 18:34,Prod,A1000196.6553,Tisch 11,116,S1000196.18969,SALE,1,6.5,6.5,0.0,0.0,0.0,0.0,100,Fischbrötchen Backfisch,Hauptspeisen,,MwSt. 7%,1.07,6.074766,0.425234,Normalverkauf
S1000196.18970,SP1000196.3.18970,SY1000196.2026.18970,iPad1(1000196),196,07.06.26 18:34,Prod,A1000196.6553,Tisch 11,116,S1000196.18970,SALE,2,3.9,7.8,0.0,0.0,0.0,0.0,127,Alkoholfreies Bier,Getränke,,MwSt. 19%,1.19,6.554622,1.245378,Normalverkauf
S1000196.18971,SP1000196.3.18971,SY1000196.2026.18971,iPad1(1000196),196,07.06.26 13:13,Prod,A1000196.6554,Tisch 18,111,S1000196.18971,SALE,1,6.9,6.9,0.0,0.0,0.0,0.0,113,Garnelen Box,Beilagen,,MwSt. 7%,1.07,6.448598,0.451402,Normalverkauf
S1000196.18972,SP1000196.3.18972,SY1000196.2026.18972,iPad1(1000196),196,07.06.26 13:13,Prod,A1000196.6554,Tisch 18,111,S1000196.18972,SALE,2,4.9,9.8,0.0,0.0,0.0,0.0,112,Kartoffelwedges,Beilagen,,MwSt. 7%,1.07,9.158879,0.641121,Normalverkauf
S1000196.18973,SP1000196.3.18973,SY1000196.2026.18973,iPad1(1000196),196,07.06.26 13:13,Prod,A1000196.6554,Tisch 18,111,S1000196.18973,SALE,2,5.5,11.0,0.0,0.0,0.0,0.0,114,Fisch Nuggets Box,Beilagen,,MwSt. 7%,1.07,10.280374,0.719626,Normalverkauf
S1000196.18974,SP1000196.3.18974,SY1000196.2026.18974,iPad1(1000196),196,07.06.26 10:41,Prod,A1000196.6555,Tisch 3,115,S1000196.18974,SALE,2,5.5,11.0,0.0,0.0,0.0,0.0,111,Pommes Frites,Beilagen,,MwSt. 7%,1.07,10.280374,0.719626,Normalverkauf
S1000196.18975,SP1000196.3.18975,SY1000196.2026.18975,iPad1(1000196),196,07.06.26 10:41,Prod,A1000196.6555,Tisch 3,115,S1000196.18975,SALE,2,5.9,11.8,0.0,0.0,0.0,0.0,117,Rote Grütze,Desserts,,MwSt. 7%,1.07,11.028037,0.771963,Normalverkauf
S1000196.18976,SP1000196.3.18976,SY1000196.2026.18976,iPad1(1000196),196,07.06.26 19:17,Prod,A1000196.6556,Tisch 12,106,S1000196.18976,SALE,1,6.5,6.5,0.0,0.0,0.0,0.0,100,Fischbrötchen Backfisch,Hauptspeisen,,MwSt. 7%,1.07,6.074766,0.425234,Normalverkauf
S1000196.18977,SP1000196.3.18977,SY1000196.2026.18977,iPad1(1000196),196,07.06.26 16:39,Prod,A1000196.6557,Tisch 4,107,S1000196.18977,SALE,2,10.9,21.8,0.0,0.0,0.0,0.0,109,Bismarck-Baguette,Hauptgerichte,,MwSt. 7%,1.07,20.373832,1.426168,Normalverkauf
S1000196.18978,SP1000196.3.18978,SY1000196.2026.18978,iPad1(1000196),196,07.06.26 16:39,Prod,A1000196.6557,Tisch 4,107,S1000196.18978,SALE,1,10.9,10.9,0.0,0.0,0.0,0.0,107,Chicken Burger,Hauptgerichte,,MwSt. 7%,1.07,10.186916,0.713084,Normalverkauf
S1000196.18979,SP1000196.3.18979,SY1000196.2026.18979,iPad1(1000196),196,07.06.26 16:39,Prod,A1000196.6557,Tisch 4,107,S1000196.18979,SALE,2,5.9,11.8,0.0,0.0,0.0,0.0,125,Zitronen-Limonade,Getränke,,MwSt. 19%,1.19,9.915966,1.884034,Normalverkauf
S1000196.18980,SP1000196.3.18980,SY1000196.2026.18980,iPad1(1000196),196,07.06.26 17:55,Prod,A1000196.6558,Tisch 7,105,S1000196.18980,SALE,2,13.5,27.0,0.0,0.0,0.0,0.0,102,Matjes,Hauptspeisen,,MwSt. 7%,1.07,25.233645,1.766355,Normalverkauf
S1000196.18981,SP1000196.3.18981,SY1000196.2026.18981,iPad1(1000196),196,07.06.26 17:55,Prod,A1000196.6558,Tisch 7,105,S1000196.18981,SALE,2,9.8,19.6,0.0,0.0,0.0,0.0,108,Seelachs-Ei-Baugette,Hauptgerichte,,MwSt. 7%,1.07,18.317757,1.282243,Normalverkauf
S1000196.18982,SP1000196.3.18982,SY1000196.2026.18982,iPad1(1000196),196,07.06.26 17:55,Prod,A1000196.6558,Tisch 7,105,S1000196.18982,SALE,2,5.5,11.0,0.0,0.0,0.0,0.0,114,Fisch Nuggets Box,Beilagen,,MwSt. 7%,1.07,10.280374,0.719626,Normalverkauf
S1000196.18983,SP1000196.3.18983,SY1000196.2026.18983,iPad1(1000196),196,07.06.26 19:04,Prod,A1000196.6559,Tisch 23,105,S1000196.18983,SALE,1,5.5,5.5,0.0,0.0,0.0,0.0,111,Pommes Frites,Beilagen,,MwSt. 7%,1.07,5.140187,0.359813,Normalverkauf
S1000196.18984,SP1000196.3.18984,SY1000196.2026.18984,iPad1(1000196),196,07.06.26 20:49,Prod,A1000196.6560,Tisch 11,115,S1000196.18984,SALE,1,2.8,2.8,0.0,0.0,0.0,0.0,121,Mineralwasser,Getränke,,MwSt. 19%,1.19,2.352941,0.447059,Normalverkauf
S1000196.18985,SP1000196.3.18985,SY1000196.2026.18985,iPad1(1000196),196,07.06.26 20:49,Prod,A1000196.6560,Tisch 11,115,S1000196.18985,SALE,2,3.9,7.8,0.0,0.0,0.0,0.0,127,Alkoholfreies Bier,Getränke,,MwSt. 19%,1.19,6.554622,1.245378,Normalverkauf
S1000196.18986,SP1000196.3.18986,SY1000196.2026.18986,iPad1(1000196),196,07.06.26 20:49,Prod,A1000196.6560,Tisch 11,115,S1000196.18986,SALE,1,7.9,7.9,0.0,0.0,0.0,0.0,106,Neptun-Ringe,Beilagen,,MwSt. 7%,1.07,7.383178,0.516822,Normalverkauf
S1000196.18987,SP1000196.3.18987,SY1000196.2026.18987,iPad1(1000196),196,07.06.26 19:56,Prod,A1000196.6561,Tisch 4,115,S1000196.18987,SALE,1,4.2,4.2,0.0,0.0,0.0,0.0,122,Bier,Getränke,,MwSt. 19%,1.19,3.529412,0.670588,Normalverkauf
S1000196.18988,SP1000196.3.18988,SY1000196.2026.18988,iPad1(1000196),196,07.06.26 19:56,Prod,A1000196.6561,Tisch 4,115,S1000196.18988,SALE,1,5.5,5.5,0.0,0.0,0.0,0.0,111,Pommes Frites,Beilagen,,MwSt. 7%,1.07,5.140187,0.359813,Normalverkauf
S1000196.18989,SP1000196.3.18989,SY1000196.2026.18989,iPad1(1000196),196,07.06.26 19:56,Prod,A1000196.6561,Tisch 4,115,S1000196.18989,SALE,1,10.9,10.9,0.0,0.0,0.0,0.0,107,Chicken Burger,Hauptgerichte,,MwSt. 7%,1.07,10.186916,0.713084,Normalverkauf
S1000196.18990,SP1000196.3.18990,SY1000196.2026.18990,iPad1(1000196),196,07.06.26 08:40,Prod,A1000196.6562,Tisch 8,107,S1000196.18990,SALE,1,10.9,10.9,0.0,0.0,0.0,0.0,104,Thunfisch Wrap,Hauptgerichte,,MwSt. 7%,1.07,10.186916,0.713084,Normalverkauf
S1000196.18991,SP1000196.3.18991,SY1000196.2026.18991,iPad1(1000196),196,07.06.26 20:40,Prod,A1000196.6563,Tisch 19,101,S1000196.18991,SALE,1,10.9,10.9,0.0,0.0,0.0,0.0,104,Thunfisch Wrap,Hauptgerichte,,MwSt. 7%,1.07,10.186916,0.713084,Normalverkauf
S1000196.18992,SP1000196.3.18992,SY1000196.2026.18992,iPad1(1000196),196,07.06.26 18:13,Prod,A1000196.6564,Tisch 19,107,S1000196.18992,SALE,2,3.9,7.8,0.0,0.0,0.0,0.0,119,Cola,Getränke,,MwSt. 19%,1.19,6.554622,1.245378,Normalverkauf
S1000196.18993,SP1000196.3.18993,SY1000196.2026.18993,iPad1(1000196),196,07.06.26 19:10,Prod,A1000196.6565,Tisch 1,105,S1000196.18993,VOID,2,10.9,21.8,0.0,0.0,0.0,0.0,107,Chicken Burger,Hauptgerichte,,MwSt. 7%,1.07,20.373832,1.426168,Normalverkauf
S1000196.18994,SP1000196.3.18994,SY1000196.2026.18994,iPad1(1000196),196,07.06.26 09:13,Prod,A1000196.6566,Tisch 21,101,S1000196.18994,SALE,2,5.5,11.0,0.0,0.0,0.0,0.0,114,Fisch Nuggets Box,Beilagen,,MwSt. 7%,1.07,10.280374,0.719626,Normalverkauf
S1000196.18995,SP1000196.3.18995,SY1000196.2026.18995,iPad1(1000196),196,07.06.26 09:13,Prod,A1000196.6566,Tisch 21,101,S1000196.18995,SALE,2,10.9,21.8,0.0,0.0,0.0,0.0,107,Chicken Burger,Hauptgerichte,,MwSt. 7%,1.07,20.373832,1.426168,Normalverkauf
S1000196.18996,SP1000196.3.18996,SY1000196.2026.18996,iPad1(1000196),196,07.06.26 09:13,Prod,A1000196.6566,Tisch 21,101,S1000196.18996,SALE,2,3.9,7.8,0.0,0.0,0.0,0.0,119,Cola,Getränke,,MwSt. 19%,1.19,6.554622,1.245378,Normalverkauf
S1000196.18997,SP1000196.3.18997,SY1000196.2026.18997,iPad1(1000196),196,07.06.26 08:15,Prod,A1000196.6567,Tisch 11,115,S1000196.18997,SALE,2,3.9,7.8,0.0,0.0,0.0,0.0,119,Cola,Getränke,,MwSt. 19%,1.19,6.554622,1.245378,Normalverkauf
S1000196.18998,SP1000196.3.18998,SY1000196.2026.18998,iPad1(1000196),196,07.06.26 08:15,Prod,A1000196.6567,Tisch 11,115,S1000196.18998,SALE,1,10.9,10.9,0.0,0.0,0.0,0.0,104,Thunfisch Wrap,Hauptgerichte,,MwSt. 7%,1.07,10.186916,0.713084,Normalverkauf
S1000196.18999,SP1000196.3.18999,SY1000196.2026.18999,iPad1(1000196),196,07.06.26 13:08,Prod,A1000196.6568,Tisch 19,106,S1000196.18999,SALE,2,6.9,13.8,0.0,0.0,0.0,0.0,113,Garnelen Box,Beilagen,,MwSt. 7%,1.07,12.897196,0.902804,Normalverkauf
S1000196.19000,SP1000196.3.19000,SY1000196.2026.19000,iPad1(1000196),196,07.06.26 13:08,Prod,A1000196.6568,Tisch 19,106,S1000196.19000,SALE,1,7.9,7.9,0.0,0.0,0.0,0.0,115,Tiramisu,Desserts,,MwSt. 7%,1.07,7.383178,0.516822,Normalverkauf
S1000196.19001,SP1000196.3.19001,SY1000196.2026.19001,iPad1(1000196),196,07.06.26 11:38,Prod,A1000196.6569,Tisch 22,107,S1000196.19001,SALE,1,4.2,4.2,0.0,0.0,0.0,0.0,122,Bier,Getränke,,MwSt. 19%,1.19,3.529412,0.670588,Normalverkauf
S1000196.19002,SP1000196.3.19002,SY1000196.2026.19002,iPad1(1000196),196,07.06.26 11:38,Prod,A1000196.6569,Tisch 22,107,S1000196.19002,SALE,2,13.5,27.0,0.0,0.0,0.0,0.0,102,Matjes,Hauptspeisen,,MwSt. 7%,1.07,25.233645,1.766355,Normalverkauf
S1000196.19003,SP1000196.3.19003,SY1000196.2026.19003,iPad1(1000196),196,07.06.26 20:52,Prod,A1000196.6570,,111,S1000196.19003,SALE,2,7.9,15.8,0.0,0.0,0.0,0.0,106,Neptun-Ringe,Beilagen,,MwSt. 7%,1.07,14.766355,1.033645,Normalverkauf
S1000196.19004,SP1000196.3.19004,SY1000196.2026.19004,iPad1(1000196),196,07.06.26 20:52,Prod,A1000196.6570,,111,S1000196.19004,SALE,2,6.5,13.0,0.0,0.0,0.0,0.0,100,Fischbrötchen Backfisch,Hauptspeisen,,MwSt. 7%,1.07,12.149533,0.850467,Normalverkauf
S1000196.19005,SP1000196.3.19005,SY1000196.2026.19005,iPad1(1000196),196,07.06.26 13:39,Prod,A1000196.6571,Tisch 12,115,S1000196.19005,SALE,1,5.5,5.5,0.0,0.0,0.0,0.0,111,Pommes Frites,Beilagen,,MwSt. 7%,1.07,5.140187,0.359813,Normalverkauf
S1000196.19006,SP1000196.3.19006,SY1000196.2026.19006,iPad1(1000196),196,07.06.26 17:12,Prod,A1000196.6572,,107,S1000196.19006,SALE,2,4.2,8.4,0.0,0.0,0.0,0.0,122,Bier,Getränke,,MwSt. 19%,1.19,7.058824,1.341176,Normalverkauf
S1000196.19007,SP1000196.3.19007,SY1000196.2026.19007,iPad1(1000196),196,07.06.26 17:12,Prod,A1000196.6572,,107,S1000196.19007,SALE,2,5.5,11.0,0.0,0.0,0.0,0.0,111,Pommes Frites,Beilagen,,MwSt. 7%,1.07,10.280374,0.719626,Normalverkauf
S1000196.19008,SP1000196.3.19008,SY1000196.2026.19008,iPad1(1000196),196,07.06.26 17:12,Prod,A1000196.6572,,107,S1000196.19008,SALE,1,5.5,5.5,0.0,0.0,0.0,0.0,114,Fisch Nuggets Box,Beilagen,,MwSt. 7%,1.07,5.140187,0.359813,Normalverkauf
S1000196.19009,SP1000196.3.19009,SY1000196.2026.19009,iPad1(1000196),196,07.06.26 13:53,Prod,A1000196.6573,Tisch 7,111,S1000196.19009,SALE,2,5.5,11.0,0.0,0.0,0.0,0.0,114,Fisch Nuggets Box,Beilagen,,MwSt. 7%,1.07,10.280374,0.719626,Normalverkauf
S1000196.19010,SP1000196.3.19010,SY1000196.2026.19010,iPad1(1000196),196,07.06.26 13:53,Prod,A1000196.6573,Tisch 7,111,S1000196.19010,SALE,2,2.8,5.6,0.0,0.0,0.0,0.0,121,Mineralwasser,Getränke,,MwSt. 19%,1.19,4.705882,0.894118,Normalverkauf
S1000196.19011,SP1000196.3.19011,SY1000196.2026.19011,iPad1(1000196),196,07.06.26 13:55,Prod,A1000196.6574,Tisch 2,105,S1000196.19011,SALE,2,6.9,13.8,0.0,0.0,0.0,0.0,113,Garnelen Box,Beilagen,,MwSt. 7%,1.07,12.897196,0.902804,Normalverkauf
S1000196.19012,SP1000196.3.19012,SY1000196.2026.19012,iPad1(1000196),196,07.06.26 13:55,Prod,A1000196.6574,Tisch 2,105,S1000196.19012,SALE,1,5.5,5.5,0.0,0.0,0.0,0.0,111,Pommes Frites,Beilagen,,MwSt. 7%,1.07,5.140187,0.359813,Normalverkauf
S1000196.19013,SP1000196.3.19013,SY1000196.2026.19013,iPad1(1000196),196,07.06.26 13:55,Prod,A1000196.6574,Tisch 2,105,S1000196.19013,SALE,2,3.9,7.8,0.0,0.0,0.0,0.0,119,Cola,Getränke,,MwSt. 19%,1.19,6.554622,1.245378,Normalverkauf
S1000196.19014,SP1000196.3.19014,SY1000196.2026.19014,iPad1(1000196),196,07.06.26 19:51,Prod,A1000196.6575,Tisch 7,106,S1000196.19014,SALE,2,5.5,11.0,0.0,0.0,0.0,0.0,111,Pommes Frites,Beilagen,,MwSt. 7%,1.07,10.280374,0.719626,Normalverkauf
S1000196.19015,SP1000196.3.19015,SY1000196.2026.19015,iPad1(1000196),196,07.06.26 12:36,Prod,A1000196.6576,Tisch 19,101,S1000196.19015,SALE,1,3.2,3.2,0.0,0.0,0.0,0.0,120,Apfelschorle,Getränke,,MwSt. 19%,1.19,2.689076,0.510924,Normalverkauf
S1000196.19016,SP1000196.3.19016,SY1000196.2026.19016,iPad1(1000196),196,07.06.26 09:17,Prod,A1000196.6577,Tisch 22,107,S1000196.19016,SALE,1,11.9,11.9,0.0,0.0,0.0,0.0,110,Matjes-Baguette,Hauptgerichte,,MwSt. 7%,1.07,11.121495,0.778505,Normalverkauf
S1000196.19017,SP1000196.3.19017,SY1000196.2026.19017,iPad1(1000196),196,07.06.26 09:17,Prod,A1000196.6577,Tisch 22,107,S1000196.19017,SALE,2,6.5,13.0,0.0,0.0,0.0,0.0,118,Schokokuchen,Desserts,,MwSt. 7%,1.07,12.149533,0.850467,Normalverkauf
S1000196.19018,SP1000196.3.19018,SY1000196.2026.19018,iPad1(1000196),196,07.06.26 09:17,Prod,A1000196.6577,Tisch 22,107,S1000196.19018,SALE,1,6.9,6.9,0.0,0.0,0.0,0.0,113,Garnelen Box,Beilagen,,MwSt. 7%,1.07,6.448598,0.451402,Normalverkauf
S1000196.19019,SP1000196.3.19019,SY1000196.2026.19019,iPad1(1000196),196,07.06.26 11:20,Prod,A1000196.6578,Tisch 20,116,S1000196.19019,SALE,1,3.9,3.9,0.0,0.0,0.0,0.0,127,Alkoholfreies Bier,Getränke,,MwSt. 19%,1.19,3.277311,0.622689,Normalverkauf
S1000196.19020,SP1000196.3.19020,SY1000196.2026.19020,iPad1(1000196),196,07.06.26 19:41,Prod,A1000196.6579,Tisch 6,107,S1000196.19020,SALE,1,3.9,3.9,0.0,0.0,0.0,0.0,127,Alkoholfreies Bier,Getränke,,MwSt. 19%,1.19,3.277311,0.622689,Normalverkauf
S1000196.19021,SP1000196.3.19021,SY1000196.2026.19021,iPad1(1000196),196,07.06.26 19:41,Prod,A1000196.6579,Tisch 6,107,S1000196.19021,SALE,2,10.9,21.8,0.0,0.0,0.0,0.0,107,Chicken Burger,Hauptgerichte,,MwSt. 7%,1.07,20.373832,1.426168,Normalverkauf
S1000196.19022,SP1000196.3.19022,SY1000196.2026.19022,iPad1(1000196),196,07.06.26 12:21,Prod,A1000196.6580,Tisch 22,107,S1000196.19022,SALE,2,3.9,7.8,0.0,0.0,0.0,0.0,124,Cola Zero,Getränke,,MwSt. 19%,1.19,6.554622,1.245378,Normalverkauf
S1000196.19023,SP1000196.3.19023,SY1000196.2026.19023,iPad1(1000196),196,07.06.26 12:21,Prod,A1000196.6580,Tisch 22,107,S1000196.19023,SALE,1,9.8,9.8,0.0,0.0,0.0,0.0,108,Seelachs-Ei-Baugette,Hauptgerichte,,MwSt. 7%,1.07,9.158879,0.641121,Normalverkauf
S1000196.19024,SP1000196.3.19024,SY1000196.2026.19024,iPad1(1000196),196,07.06.26 12:21,Prod,A1000196.6580,Tisch 22,107,S1000196.19024,SALE,2,2.8,5.6,0.0,0.0,0.0,0.0,121,Mineralwasser,Getränke,,MwSt. 19%,1.19,4.705882,0.894118,Normalverkauf
S1000196.19025,SP1000196.3.19025,SY1000196.2026.19025,iPad1(1000196),196,07.06.26 11:15,Prod,A1000196.6581,Tisch 13,115,S1000196.19025,VOID,2,3.9,7.8,0.0,0.0,0.0,0.0,119,Cola,Getränke,,MwSt. 19%,1.19,6.554622,1.245378,Normalverkauf
S1000196.19026,SP1000196.3.19026,SY1000196.2026.19026,iPad1(1000196),196,07.06.26 11:15,Prod,A1000196.6581,Tisch 13,115,S1000196.19026,VOID,1,14.5,14.5,0.0,0.0,0.0,0.0,101,Lachs,Hauptspeisen,,MwSt. 7%,1.07,13.551402,0.948598,Normalverkauf
S1000196.19027,SP1000196.3.19027,SY1000196.2026.19027,iPad1(1000196),196,07.06.26 11:15,Prod,A1000196.6581,Tisch 13,115,S1000196.19027,VOID,1,3.9,3.9,0.0,0.0,0.0,0.0,119,Cola,Getränke,,MwSt. 19%,1.19,3.277311,0.622689,Normalverkauf
S1000196.19028,SP1000196.3.19028,SY1000196.2026.19028,iPad1(1000196),196,07.06.26 08:46,Prod,A1000196.6582,Tisch 15,111,S1000196.19028,SALE,1,10.9,10.9,0.0,0.0,0.0,0.0,107,Chicken Burger,Hauptgerichte,,MwSt. 7%,1.07,10.186916,0.713084,Normalverkauf
S1000196.19029,SP1000196.3.19029,SY1000196.2026.19029,iPad1(1000196),196,07.06.26 13:53,Prod,A1000196.6583,Tisch 20,106,S1000196.19029,VOID,2,11.9,23.8,0.0,0.0,0.0,0.0,110,Matjes-Baguette,Hauptgerichte,,MwSt. 7%,1.07,22.242991,1.557009,Normalverkauf
S1000196.19030,SP1000196.3.19030,SY1000196.2026.19030,iPad1(1000196),196,07.06.26 13:53,Prod,A1000196.6583,Tisch 20,106,S1000196.19030,VOID,2,3.9,7.8,0.0,0.0,0.0,0.0,124,Cola Zero,Getränke,,MwSt. 19%,1.19,6.554622,1.245378,Normalverkauf
S1000196.19031,SP1000196.3.19031,SY1000196.2026.19031,iPad1(1000196),196,07.06.26 13:53,Prod,A1000196.6583,Tisch 20,106,S1000196.19031,VOID,1,3.9,3.9,0.0,0.0,0.0,0.0,119,Cola,Getränke,,MwSt. 19%,1.19,3.277311,0.622689,Normalverkauf
S1000196.19032,SP1000196.3.19032,SY1000196.2026.19032,iPad1(1000196),196,07.06.26 13:28,Prod,A1000196.6584,,107,S1000196.19032,SALE,1,6.9,6.9,0.0,0.0,0.0,0.0,103,Fischbrötchen Räucherlachs,Hauptspeisen,,MwSt. 7%,1.07,6.448598,0.451402,Normalverkauf
S1000196.19033,SP1000196.3.19033,SY1000196.2026.19033,iPad1(1000196),196,07.06.26 13:28,Prod,A1000196.6584,,107,S1000196.19033,SALE,2,3.9,7.8,0.0,0.0,0.0,0.0,119,Cola,Getränke,,MwSt. 19%,1.19,6.554622,1.245378,Normalverkauf
S1000196.19034,SP1000196.3.19034,SY1000196.2026.19034,iPad1(1000196),196,07.06.26 20:00,Prod,A1000196.6585,Tisch 16,111,S1000196.19034,SALE,2,5.9,11.8,0.0,0.0,0.0,0.0,117,Rote Grütze,Desserts,,MwSt. 7%,1.07,11.028037,0.771963,Normalverkauf
S1000196.19035,SP1000196.3.19035,SY1000196.2026.19035,iPad1(1000196),196,07.06.26 20:00,Prod,A1000196.6585,Tisch 16,111,S1000196.19035,SALE,1,5.9,5.9,0.0,0.0,0.0,0.0,117,Rote Grütze,Desserts,,MwSt. 7%,1.07,5.514019,0.385981,Normalverkauf
S1000196.19036,SP1000196.3.19036,SY1000196.2026.19036,iPad1(1000196),196,07.06.26 20:15,Prod,A1000196.6586,Tisch 14,101,S1000196.19036,SALE,2,3.9,7.8,0.0,0.0,0.0,0.0,127,Alkoholfreies Bier,Getränke,,MwSt. 19%,1.19,6.554622,1.245378,Normalverkauf
S1000196.19037,SP1000196.3.19037,SY1000196.2026.19037,iPad1(1000196),196,07.06.26 20:15,Prod,A1000196.6586,Tisch 14,101,S1000196.19037,SALE,2,5.9,11.8,0.0,0.0,0.0,0.0,123,Inger-Limonade,Getränke,,MwSt. 19%,1.19,9.915966,1.884034,Normalverkauf
S1000196.19038,SP1000196.3.19038,SY1000196.2026.19038,iPad1(1000196),196,07.06.26 20:15,Prod,A1000196.6586,Tisch 14,101,S1000196.19038,SALE,1,10.9,10.9,0.0,0.0,0.0,0.0,104,Thunfisch Wrap,Hauptgerichte,,MwSt. 7%,1.07,10.186916,0.713084,Normalverkauf
S1000196.19039,SP1000196.3.19039,SY1000196.2026.19039,iPad1(1000196),196,07.06.26 19:29,Prod,A1000196.6587,Tisch 14,116,S1000196.19039,SALE,1,11.9,11.9,0.0,0.0,0.0,0.0,110,Matjes-Baguette,Hauptgerichte,,MwSt. 7%,1.07,11.121495,0.778505,Normalverkauf
S1000196.19040,SP1000196.3.19040,SY1000196.2026.19040,iPad1(1000196),196,07.06.26 18:58,Prod,A1000196.6588,Tisch 17,111,S1000196.19040,SALE,1,6.9,6.9,0.0,0.0,0.0,0.0,113,Garnelen Box,Beilagen,,MwSt. 7%,1.07,6.448598,0.451402,Normalverkauf
S1000196.19041,SP1000196.3.19041,SY1000196.2026.19041,iPad1(1000196),196,07.06.26 16:50,Prod,A1000196.6589,Tisch 12,115,S1000196.19041,SALE,1,11.5,11.5,0.0,0.0,0.0,0.0,105,Garnelen-Kimchi-Bruger,Hauptgerichte,,MwSt. 7%,1.07,10.747664,0.752336,Normalverkauf
S1000196.19042,SP1000196.3.19042,SY1000196.2026.19042,iPad1(1000196),196,07.06.26 16:50,Prod,A1000196.6589,Tisch 12,115,S1000196.19042,SALE,2,11.9,23.8,0.0,0.0,0.0,0.0,110,Matjes-Baguette,Hauptgerichte,,MwSt. 7%,1.07,22.242991,1.557009,Normalverkauf
S1000196.19043,SP1000196.3.19043,SY1000196.2026.19043,iPad1(1000196),196,07.06.26 16:50,Prod,A1000196.6589,Tisch 12,115,S1000196.19043,SALE,2,3.9,7.8,0.0,0.0,0.0,0.0,126,Spezi,Getränke,,MwSt. 19%,1.19,6.554622,1.245378,Normalverkauf
S1000196.19044,SP1000196.3.19044,SY1000196.2026.19044,iPad1(1000196),196,07.06.26 12:05,Prod,A1000196.6590,,115,S1000196.19044,VOID,2,10.9,21.8,0.0,0.0,0.0,0.0,107,Chicken Burger,Hauptgerichte,,MwSt. 7%,1.07,20.373832,1.426168,Normalverkauf
S1000196.19045,SP1000196.3.19045,SY1000196.2026.19045,iPad1(1000196),196,07.06.26 12:05,Prod,A1000196.6590,,115,S1000196.19045,VOID,1,7.9,7.9,0.0,0.0,0.0,0.0,106,Neptun-Ringe,Beilagen,,MwSt. 7%,1.07,7.383178,0.516822,Normalverkauf
S1000196.19046,SP1000196.3.19046,SY1000196.2026.19046,iPad1(1000196),196,07.06.26 14:03,Prod,A1000196.6591,Tisch 1,105,S1000196.19046,SALE,1,5.9,5.9,0.0,0.0,0.0,0.0,125,Zitronen-Limonade,Getränke,,MwSt. 19%,1.19,4.957983,0.942017,Normalverkauf
S1000196.19047,SP1000196.3.19047,SY1000196.2026.19047,iPad1(1000196),196,07.06.26 14:03,Prod,A1000196.6591,Tisch 1,105,S1000196.19047,SALE,2,5.5,11.0,0.0,0.0,0.0,0.0,111,Pommes Frites,Beilagen,,MwSt. 7%,1.07,10.280374,0.719626,Normalverkauf
S1000196.19048,SP1000196.3.19048,SY1000196.2026.19048,iPad1(1000196),196,07.06.26 18:56,Prod,A1000196.6592,,107,S1000196.19048,SALE,2,6.9,13.8,0.0,0.0,0.0,0.0,103,Fischbrötchen Räucherlachs,Hauptspeisen,,MwSt. 7%,1.07,12.897196,0.902804,Normalverkauf
S1000196.19049,SP1000196.3.19049,SY1000196.2026.19049,iPad1(1000196),196,07.06.26 18:56,Prod,A1000196.6592,,107,S1000196.19049,SALE,2,3.9,7.8,0.0,0.0,0.0,0.0,126,Spezi,Getränke,,MwSt. 19%,1.19,6.554622,1.245378,Normalverkauf
S1000196.19050,SP1000196.3.19050,SY1000196.2026.19050,iPad1(1000196),196,07.06.26 16:03,Prod,A1000196.6593,Tisch 20,116,S1000196.19050,SALE,2,5.5,11.0,0.0,0.0,0.0,0.0,111,Pommes Frites,Beilagen,,MwSt. 7%,1.07,10.280374,0.719626,Normalverkauf
S1000196.19051,SP1000196.3.19051,SY1000196.2026.19051,iPad1(1000196),196,07.06.26 19:56,Prod,A1000196.6594,Tisch 10,105,S1000196.19051,SALE,2,9.8,19.6,0.0,0.0,0.0,0.0,108,Seelachs-Ei-Baugette,Hauptgerichte,,MwSt. 7%,1.07,18.317757,1.282243,Normalverkauf
S1000196.19052,SP1000196.3.19052,SY1000196.2026.19052,iPad1(1000196),196,07.06.26 19:56,Prod,A1000196.6594,Tisch 10,105,S1000196.19052,SALE,2,5.5,11.0,0.0,0.0,0.0,0.0,111,Pommes Frites,Beilagen,,MwSt. 7%,1.07,10.280374,0.719626,Normalverkauf
S1000196.19053,SP1000196.3.19053,SY1000196.2026.19053,iPad1(1000196),196,07.06.26 19:56,Prod,A1000196.6594,Tisch 10,105,S1000196.19053,SALE,1,11.9,11.9,0.0,0.0,0.0,0.0,110,Matjes-Baguette,Hauptgerichte,,MwSt. 7%,1.07,11.121495,0.778505,Normalverkauf
S1000196.19054,SP1000196.3.19054,SY1000196.2026.19054,iPad1(1000196),196,07.06.26 17:18,Prod,A1000196.6595,Tisch 11,111,S1000196.19054,SALE,1,11.5,11.5,0.0,0.0,0.0,0.0,105,Garnelen-Kimchi-Bruger,Hauptgerichte,,MwSt. 7%,1.07,10.747664,0.752336,Normalverkauf
S1000196.19055,SP1000196.3.19055,SY1000196.2026.19055,iPad1(1000196),196,07.06.26 20:18,Prod,A1000196.6596,Tisch 20,105,S1000196.19055,SALE,2,7.9,15.8,0.0,0.0,0.0,0.0,106,Neptun-Ringe,Beilagen,,MwSt. 7%,1.07,14.766355,1.033645,Normalverkauf
S1000196.19056,SP1000196.3.19056,SY1000196.2026.19056,iPad1(1000196),196,07.06.26 12:34,Prod,A1000196.6597,Tisch 16,107,S1000196.19056,SALE,1,7.9,7.9,0.0,0.0,0.0,0.0,115,Tiramisu,Desserts,,MwSt. 7%,1.07,7.383178,0.516822,Normalverkauf
S1000196.19057,SP1000196.3.19057,SY1000196.2026.19057,iPad1(1000196),196,07.06.26 12:34,Prod,A1000196.6597,Tisch 16,107,S1000196.19057,SALE,1,6.9,6.9,0.0,0.0,0.0,0.0,113,Garnelen Box,Beilagen,,MwSt. 7%,1.07,6.448598,0.451402,Normalverkauf
S1000196.19058,SP1000196.3.19058,SY1000196.2026.19058,iPad1(1000196),196,07.06.26 11:24,Prod,A1000196.6598,Tisch 12,105,S1000196.19058,SALE,1,3.2,3.2,0.0,0.0,0.0,0.0,120,Apfelschorle,Getränke,,MwSt. 19%,1.19,2.689076,0.510924,Normalverkauf
S1000196.19059,SP1000196.3.19059,SY1000196.2026.19059,iPad1(1000196),196,07.06.26 11:24,Prod,A1000196.6598,Tisch 12,105,S1000196.19059,SALE,2,3.9,7.8,0.0,0.0,0.0,0.0,119,Cola,Getränke,,MwSt. 19%,1.19,6.554622,1.245378,Normalverkauf
S1000196.19060,SP1000196.3.19060,SY1000196.2026.19060,iPad1(1000196),196,07.06.26 11:24,Prod,A1000196.6598,Tisch 12,105,S1000196.19060,SALE,1,11.9,11.9,0.0,0.0,0.0,0.0,110,Matjes-Baguette,Hauptgerichte,,MwSt. 7%,1.07,11.121495,0.778505,Normalverkauf
S1000196.19061,SP1000196.3.19061,SY1000196.2026.19061,iPad1(1000196),196,07.06.26 18:20,Prod,A1000196.6599,Tisch 10,116,S1000196.19061,SALE,1,2.8,2.8,0.0,0.0,0.0,0.0,121,Mineralwasser,Getränke,,MwSt. 19%,1.19,2.352941,0.447059,Normalverkauf
S1000196.19062,SP1000196.3.19062,SY1000196.2026.19062,iPad1(1000196),196,07.06.26 18:20,Prod,A1000196.6599,Tisch 10,116,S1000196.19062,SALE,2,10.9,21.8,0.0,0.0,0.0,0.0,109,Bismarck-Baguette,Hauptgerichte,,MwSt. 7%,1.07,20.373832,1.426168,Normalverkauf
S1000196.19063,SP1000196.3.19063,SY1000196.2026.19063,iPad1(1000196),196,07.06.26 18:20,Prod,A1000196.6599,Tisch 10,116,S1000196.19063,SALE,1,5.5,5.5,0.0,0.0,0.0,0.0,111,Pommes Frites,Beilagen,,MwSt. 7%,1.07,5.140187,0.359813,Normalverkauf
S1000196.19064,SP1000196.3.19064,SY1000196.2026.19064,iPad1(1000196),196,07.06.26 20:55,Prod,A1000196.6600,Tisch 15,101,S1000196.19064,SALE,1,11.9,11.9,0.0,0.0,0.0,0.0,110,Matjes-Baguette,Hauptgerichte,,MwSt. 7%,1.07,11.121495,0.778505,Normalverkauf
S1000196.19065,SP1000196.3.19065,SY1000196.2026.19065,iPad1(1000196),196,07.06.26 20:55,Prod,A1000196.6600,Tisch 15,101,S1000196.19065,SALE,2,4.9,9.8,0.0,0.0,0.0,0.0,112,Kartoffelwedges,Beilagen,,MwSt. 7%,1.07,9.158879,0.641121,Normalverkauf
S1000196.19066,SP1000196.3.19066,SY1000196.2026.19066,iPad1(1000196),196,07.06.26 20:55,Prod,A1000196.6600,Tisch 15,101,S1000196.19066,SALE,2,3.9,7.8,0.0,0.0,0.0,0.0,126,Spezi,Getränke,,MwSt. 19%,1.19,6.554622,1.245378,Normalverkauf
S1000196.19067,SP1000196.3.19067,SY1000196.2026.19067,iPad1(1000196),196,08.06.26 12:04,Prod,A1000196.6601,Tisch 3,101,S1000196.19067,SALE,2,10.9,21.8,0.0,0.0,0.0,0.0,107,Chicken Burger,Hauptgerichte,,MwSt. 7%,1.07,20.373832,1.426168,Normalverkauf
S1000196.19068,SP1000196.3.19068,SY1000196.2026.19068,iPad1(1000196),196,08.06.26 12:04,Prod,A1000196.6601,Tisch 3,101,S1000196.19068,SALE,2,5.5,11.0,0.0,0.0,0.0,0.0,111,Pommes Frites,Beilagen,,MwSt. 7%,1.07,10.280374,0.719626,Normalverkauf
S1000196.19069,SP1000196.3.19069,SY1000196.2026.19069,iPad1(1000196),196,08.06.26 14:09,Prod,A1000196.6602,Tisch 15,116,S1000196.19069,SALE,2,3.9,7.8,0.0,0.0,0.0,0.0,119,Cola,Getränke,,MwSt. 19%,1.19,6.554622,1.245378,Normalverkauf
S1000196.19070,SP1000196.3.19070,SY1000196.2026.19070,iPad1(1000196),196,08.06.26 14:09,Prod,A1000196.6602,Tisch 15,116,S1000196.19070,SALE,2,5.5,11.0,0.0,0.0,0.0,0.0,114,Fisch Nuggets Box,Beilagen,,MwSt. 7%,1.07,10.280374,0.719626,Normalverkauf
S1000196.19071,SP1000196.3.19071,SY1000196.2026.19071,iPad1(1000196),196,08.06.26 17:01,Prod,A1000196.6603,,107,S1000196.19071,SALE,1,6.5,6.5,0.0,0.0,0.0,0.0,100,Fischbrötchen Backfisch,Hauptspeisen,,MwSt. 7%,1.07,6.074766,0.425234,Normalverkauf
S1000196.19072,SP1000196.3.19072,SY1000196.2026.19072,iPad1(1000196),196,08.06.26 18:00,Prod,A1000196.6604,Tisch 11,116,S1000196.19072,SALE,2,3.2,6.4,0.0,0.0,0.0,0.0,120,Apfelschorle,Getränke,,MwSt. 19%,1.19,5.378151,1.021849,Normalverkauf
S1000196.19073,SP1000196.3.19073,SY1000196.2026.19073,iPad1(1000196),196,08.06.26 16:43,Prod,A1000196.6605,Tisch 14,105,S1000196.19073,SALE,1,5.9,5.9,0.0,0.0,0.0,0.0,125,Zitronen-Limonade,Getränke,,MwSt. 19%,1.19,4.957983,0.942017,Normalverkauf
S1000196.19074,SP1000196.3.19074,SY1000196.2026.19074,iPad1(1000196),196,08.06.26 16:43,Prod,A1000196.6605,Tisch 14,105,S1000196.19074,SALE,2,5.9,11.8,0.0,0.0,0.0,0.0,123,Inger-Limonade,Getränke,,MwSt. 19%,1.19,9.915966,1.884034,Normalverkauf
S1000196.19075,SP1000196.3.19075,SY1000196.2026.19075,iPad1(1000196),196,08.06.26 16:43,Prod,A1000196.6605,Tisch 14,105,S1000196.19075,SALE,1,6.5,6.5,0.0,0.0,0.0,0.0,100,Fischbrötchen Backfisch,Hauptspeisen,,MwSt. 7%,1.07,6.074766,0.425234,Normalverkauf
S1000196.19076,SP1000196.3.19076,SY1000196.2026.19076,iPad1(1000196),196,08.06.26 20:45,Prod,A1000196.6606,Tisch 4,111,S1000196.19076,SALE,2,11.5,23.0,0.0,0.0,0.0,0.0,105,Garnelen-Kimchi-Bruger,Hauptgerichte,,MwSt. 7%,1.07,21.495327,1.504673,Normalverkauf
S1000196.19077,SP1000196.3.19077,SY1000196.2026.19077,iPad1(1000196),196,08.06.26 20:45,Prod,A1000196.6606,Tisch 4,111,S1000196.19077,SALE,2,13.5,27.0,0.0,0.0,0.0,0.0,102,Matjes,Hauptspeisen,,MwSt. 7%,1.07,25.233645,1.766355,Normalverkauf
S1000196.19078,SP1000196.3.19078,SY1000196.2026.19078,iPad1(1000196),196,08.06.26 20:45,Prod,A1000196.6606,Tisch 4,111,S1000196.19078,SALE,2,3.9,7.8,0.0,0.0,0.0,0.0,124,Cola Zero,Getränke,,MwSt. 19%,1.19,6.554622,1.245378,Normalverkauf
S1000196.19079,SP1000196.3.19079,SY1000196.2026.19079,iPad1(1000196),196,08.06.26 14:23,Prod,A1000196.6607,Tisch 24,106,S1000196.19079,SALE,1,5.5,5.5,0.0,0.0,0.0,0.0,114,Fisch Nuggets Box,Beilagen,,MwSt. 7%,1.07,5.140187,0.359813,Normalverkauf
S1000196.19080,SP1000196.3.19080,SY1000196.2026.19080,iPad1(1000196),196,08.06.26 14:23,Prod,A1000196.6607,Tisch 24,106,S1000196.19080,SALE,2,5.9,11.8,0.0,0.0,0.0,0.0,117,Rote Grütze,Desserts,,MwSt. 7%,1.07,11.028037,0.771963,Normalverkauf
S1000196.19081,SP1000196.3.19081,SY1000196.2026.19081,iPad1(1000196),196,08.06.26 14:23,Prod,A1000196.6607,Tisch 24,106,S1000196.19081,SALE,2,5.5,11.0,0.0,0.0,0.0,0.0,111,Pommes Frites,Beilagen,,MwSt. 7%,1.07,10.280374,0.719626,Normalverkauf
S1000196.19082,SP1000196.3.19082,SY1000196.2026.19082,iPad1(1000196),196,08.06.26 20:57,Prod,A1000196.6608,Tisch 8,116,S1000196.19082,SALE,1,5.5,5.5,0.0,0.0,0.0,0.0,111,Pommes Frites,Beilagen,,MwSt. 7%,1.07,5.140187,0.359813,Normalverkauf
S1000196.19083,SP1000196.3.19083,SY1000196.2026.19083,iPad1(1000196),196,08.06.26 20:57,Prod,A1000196.6608,Tisch 8,116,S1000196.19083,SALE,1,3.2,3.2,0.0,0.0,0.0,0.0,120,Apfelschorle,Getränke,,MwSt. 19%,1.19,2.689076,0.510924,Normalverkauf
S1000196.19084,SP1000196.3.19084,SY1000196.2026.19084,iPad1(1000196),196,08.06.26 20:11,Prod,A1000196.6609,Tisch 4,107,S1000196.19084,SALE,2,11.9,23.8,0.0,0.0,0.0,0.0,110,Matjes-Baguette,Hauptgerichte,,MwSt. 7%,1.07,22.242991,1.557009,Normalverkauf
S1000196.19085,SP1000196.3.19085,SY1000196.2026.19085,iPad1(1000196),196,08.06.26 20:11,Prod,A1000196.6609,Tisch 4,107,S1000196.19085,SALE,1,10.9,10.9,0.0,0.0,0.0,0.0,107,Chicken Burger,Hauptgerichte,,MwSt. 7%,1.07,10.186916,0.713084,Normalverkauf
S1000196.19086,SP1000196.3.19086,SY1000196.2026.19086,iPad1(1000196),196,08.06.26 18:01,Prod,A1000196.6610,Tisch 18,116,S1000196.19086,SALE,1,4.9,4.9,0.0,0.0,0.0,0.0,112,Kartoffelwedges,Beilagen,,MwSt. 7%,1.07,4.579439,0.320561,Normalverkauf
S1000196.19087,SP1000196.3.19087,SY1000196.2026.19087,iPad1(1000196),196,08.06.26 18:01,Prod,A1000196.6610,Tisch 18,116,S1000196.19087,SALE,2,5.9,11.8,0.0,0.0,0.0,0.0,116,Vanillequark,Desserts,,MwSt. 7%,1.07,11.028037,0.771963,Normalverkauf
S1000196.19088,SP1000196.3.19088,SY1000196.2026.19088,iPad1(1000196),196,08.06.26 18:01,Prod,A1000196.6610,Tisch 18,116,S1000196.19088,SALE,1,3.9,3.9,0.0,0.0,0.0,0.0,126,Spezi,Getränke,,MwSt. 19%,1.19,3.277311,0.622689,Normalverkauf
S1000196.19089,SP1000196.3.19089,SY1000196.2026.19089,iPad1(1000196),196,08.06.26 12:58,Prod,A1000196.6611,Tisch 7,105,S1000196.19089,VOID,2,10.9,21.8,0.0,0.0,0.0,0.0,107,Chicken Burger,Hauptgerichte,,MwSt. 7%,1.07,20.373832,1.426168,Normalverkauf
S1000196.19090,SP1000196.3.19090,SY1000196.2026.19090,iPad1(1000196),196,08.06.26 11:46,Prod,A1000196.6612,,116,S1000196.19090,SALE,2,6.5,13.0,0.0,0.0,0.0,0.0,118,Schokokuchen,Desserts,,MwSt. 7%,1.07,12.149533,0.850467,Normalverkauf
S1000196.19091,SP1000196.3.19091,SY1000196.2026.19091,iPad1(1000196),196,08.06.26 11:06,Prod,A1000196.6613,Tisch 24,107,S1000196.19091,SALE,2,7.9,15.8,0.0,0.0,0.0,0.0,115,Tiramisu,Desserts,,MwSt. 7%,1.07,14.766355,1.033645,Normalverkauf
S1000196.19092,SP1000196.3.19092,SY1000196.2026.19092,iPad1(1000196),196,08.06.26 11:06,Prod,A1000196.6613,Tisch 24,107,S1000196.19092,SALE,1,6.5,6.5,0.0,0.0,0.0,0.0,100,Fischbrötchen Backfisch,Hauptspeisen,,MwSt. 7%,1.07,6.074766,0.425234,Normalverkauf
S1000196.19093,SP1000196.3.19093,SY1000196.2026.19093,iPad1(1000196),196,08.06.26 18:26,Prod,A1000196.6614,Tisch 8,107,S1000196.19093,SALE,2,2.8,5.6,0.0,0.0,0.0,0.0,121,Mineralwasser,Getränke,,MwSt. 19%,1.19,4.705882,0.894118,Normalverkauf
S1000196.19094,SP1000196.3.19094,SY1000196.2026.19094,iPad1(1000196),196,08.06.26 12:24,Prod,A1000196.6615,Tisch 7,106,S1000196.19094,SALE,2,5.5,11.0,0.0,0.0,0.0,0.0,114,Fisch Nuggets Box,Beilagen,,MwSt. 7%,1.07,10.280374,0.719626,Normalverkauf
S1000196.19095,SP1000196.3.19095,SY1000196.2026.19095,iPad1(1000196),196,08.06.26 12:24,Prod,A1000196.6615,Tisch 7,106,S1000196.19095,SALE,1,10.9,10.9,0.0,0.0,0.0,0.0,107,Chicken Burger,Hauptgerichte,,MwSt. 7%,1.07,10.186916,0.713084,Normalverkauf
S1000196.19096,SP1000196.3.19096,SY1000196.2026.19096,iPad1(1000196),196,08.06.26 12:24,Prod,A1000196.6615,Tisch 7,106,S1000196.19096,SALE,2,3.9,7.8,0.0,0.0,0.0,0.0,124,Cola Zero,Getränke,,MwSt. 19%,1.19,6.554622,1.245378,Normalverkauf
S1000196.19097,SP1000196.3.19097,SY1000196.2026.19097,iPad1(1000196),196,08.06.26 12:54,Prod,A1000196.6616,,111,S1000196.19097,SALE,2,5.5,11.0,0.0,0.0,0.0,0.0,111,Pommes Frites,Beilagen,,MwSt. 7%,1.07,10.280374,0.719626,Normalverkauf
S1000196.19098,SP1000196.3.19098,SY1000196.2026.19098,iPad1(1000196),196,08.06.26 12:54,Prod,A1000196.6616,,111,S1000196.19098,SALE,2,4.2,8.4,0.0,0.0,0.0,0.0,122,Bier,Getränke,,MwSt. 19%,1.19,7.058824,1.341176,Normalverkauf
S1000196.19099,SP1000196.3.19099,SY1000196.2026.19099,iPad1(1000196),196,08.06.26 10:02,Prod,A1000196.6617,Tisch 3,106,S1000196.19099,SALE,2,5.5,11.0,0.0,0.0,0.0,0.0,111,Pommes Frites,Beilagen,,MwSt. 7%,1.07,10.280374,0.719626,Normalverkauf
S1000196.19100,SP1000196.3.19100,SY1000196.2026.19100,iPad1(1000196),196,08.06.26 10:02,Prod,A1000196.6617,Tisch 3,106,S1000196.19100,SALE,2,3.9,7.8,0.0,0.0,0.0,0.0,119,Cola,Getränke,,MwSt. 19%,1.19,6.554622,1.245378,Normalverkauf
S1000196.19101,SP1000196.3.19101,SY1000196.2026.19101,iPad1(1000196),196,08.06.26 20:13,Prod,A1000196.6618,Tisch 5,106,S1000196.19101,VOID,2,5.5,11.0,0.0,0.0,0.0,0.0,111,Pommes Frites,Beilagen,,MwSt. 7%,1.07,10.280374,0.719626,Normalverkauf
S1000196.19102,SP1000196.3.19102,SY1000196.2026.19102,iPad1(1000196),196,08.06.26 20:13,Prod,A1000196.6618,Tisch 5,106,S1000196.19102,VOID,2,3.9,7.8,0.0,0.0,0.0,0.0,119,Cola,Getränke,,MwSt. 19%,1.19,6.554622,1.245378,Normalverkauf
S1000196.19103,SP1000196.3.19103,SY1000196.2026.19103,iPad1(1000196),196,08.06.26 15:47,Prod,A1000196.6619,,115,S1000196.19103,SALE,1,7.9,7.9,0.0,0.0,0.0,0.0,115,Tiramisu,Desserts,,MwSt. 7%,1.07,7.383178,0.516822,Normalverkauf
S1000196.19104,SP1000196.3.19104,SY1000196.2026.19104,iPad1(1000196),196,08.06.26 11:04,Prod,A1000196.6620,Tisch 5,115,S1000196.19104,SALE,1,5.5,5.5,0.0,0.0,0.0,0.0,114,Fisch Nuggets Box,Beilagen,,MwSt. 7%,1.07,5.140187,0.359813,Normalverkauf
S1000196.19105,SP1000196.3.19105,SY1000196.2026.19105,iPad1(1000196),196,08.06.26 11:04,Prod,A1000196.6620,Tisch 5,115,S1000196.19105,SALE,1,5.5,5.5,0.0,0.0,0.0,0.0,111,Pommes Frites,Beilagen,,MwSt. 7%,1.07,5.140187,0.359813,Normalverkauf
S1000196.19106,SP1000196.3.19106,SY1000196.2026.19106,iPad1(1000196),196,08.06.26 17:01,Prod,A1000196.6621,Tisch 16,107,S1000196.19106,SALE,1,5.9,5.9,0.0,0.0,0.0,0.0,123,Inger-Limonade,Getränke,,MwSt. 19%,1.19,4.957983,0.942017,Normalverkauf
S1000196.19107,SP1000196.3.19107,SY1000196.2026.19107,iPad1(1000196),196,08.06.26 12:50,Prod,A1000196.6622,Tisch 6,111,S1000196.19107,SALE,1,11.9,11.9,0.0,0.0,0.0,0.0,110,Matjes-Baguette,Hauptgerichte,,MwSt. 7%,1.07,11.121495,0.778505,Normalverkauf
S1000196.19108,SP1000196.3.19108,SY1000196.2026.19108,iPad1(1000196),196,08.06.26 12:50,Prod,A1000196.6623,,111,S1000196.19108,SALE,1,10.9,10.9,0.0,0.0,0.0,0.0,107,Chicken Burger,Hauptgerichte,,MwSt. 7%,1.07,10.186916,0.713084,Normalverkauf
S1000196.19109,SP1000196.3.19109,SY1000196.2026.19109,iPad1(1000196),196,08.06.26 12:50,Prod,A1000196.6623,,111,S1000196.19109,SALE,1,3.2,3.2,0.0,0.0,0.0,0.0,120,Apfelschorle,Getränke,,MwSt. 19%,1.19,2.689076,0.510924,Normalverkauf
S1000196.19110,SP1000196.3.19110,SY1000196.2026.19110,iPad1(1000196),196,08.06.26 17:03,Prod,A1000196.6624,Tisch 13,111,S1000196.19110,SALE,2,9.8,19.6,0.0,0.0,0.0,0.0,108,Seelachs-Ei-Baugette,Hauptgerichte,,MwSt. 7%,1.07,18.317757,1.282243,Normalverkauf
S1000196.19111,SP1000196.3.19111,SY1000196.2026.19111,iPad1(1000196),196,08.06.26 17:03,Prod,A1000196.6624,Tisch 13,111,S1000196.19111,SALE,2,5.9,11.8,0.0,0.0,0.0,0.0,125,Zitronen-Limonade,Getränke,,MwSt. 19%,1.19,9.915966,1.884034,Normalverkauf
S1000196.19112,SP1000196.3.19112,SY1000196.2026.19112,iPad1(1000196),196,08.06.26 17:03,Prod,A1000196.6624,Tisch 13,111,S1000196.19112,SALE,2,6.5,13.0,0.0,0.0,0.0,0.0,100,Fischbrötchen Backfisch,Hauptspeisen,,MwSt. 7%,1.07,12.149533,0.850467,Normalverkauf
S1000196.19113,SP1000196.3.19113,SY1000196.2026.19113,iPad1(1000196),196,08.06.26 08:02,Prod,A1000196.6625,Tisch 9,101,S1000196.19113,VOID,1,2.8,2.8,0.0,0.0,0.0,0.0,121,Mineralwasser,Getränke,,MwSt. 19%,1.19,2.352941,0.447059,Normalverkauf
S1000196.19114,SP1000196.3.19114,SY1000196.2026.19114,iPad1(1000196),196,08.06.26 08:02,Prod,A1000196.6625,Tisch 9,101,S1000196.19114,VOID,1,10.9,10.9,0.0,0.0,0.0,0.0,107,Chicken Burger,Hauptgerichte,,MwSt. 7%,1.07,10.186916,0.713084,Normalverkauf
S1000196.19115,SP1000196.3.19115,SY1000196.2026.19115,iPad1(1000196),196,08.06.26 08:02,Prod,A1000196.6625,Tisch 9,101,S1000196.19115,VOID,1,3.9,3.9,0.0,0.0,0.0,0.0,119,Cola,Getränke,,MwSt. 19%,1.19,3.277311,0.622689,Normalverkauf
S1000196.19116,SP1000196.3.19116,SY1000196.2026.19116,iPad1(1000196),196,08.06.26 15:26,Prod,A1000196.6626,Tisch 2,111,S1000196.19116,SALE,2,3.9,7.8,0.0,0.0,0.0,0.0,126,Spezi,Getränke,,MwSt. 19%,1.19,6.554622,1.245378,Normalverkauf
S1000196.19117,SP1000196.3.19117,SY1000196.2026.19117,iPad1(1000196),196,08.06.26 15:26,Prod,A1000196.6626,Tisch 2,111,S1000196.19117,SALE,1,11.5,11.5,0.0,0.0,0.0,0.0,105,Garnelen-Kimchi-Bruger,Hauptgerichte,,MwSt. 7%,1.07,10.747664,0.752336,Normalverkauf
S1000196.19118,SP1000196.3.19118,SY1000196.2026.19118,iPad1(1000196),196,08.06.26 16:48,Prod,A1000196.6627,Tisch 10,115,S1000196.19118,SALE,2,2.8,5.6,0.0,0.0,0.0,0.0,121,Mineralwasser,Getränke,,MwSt. 19%,1.19,4.705882,0.894118,Normalverkauf
S1000196.19119,SP1000196.3.19119,SY1000196.2026.19119,iPad1(1000196),196,08.06.26 17:27,Prod,A1000196.6628,Tisch 9,106,S1000196.19119,SALE,2,3.9,7.8,0.0,0.0,0.0,0.0,119,Cola,Getränke,,MwSt. 19%,1.19,6.554622,1.245378,Normalverkauf
S1000196.19120,SP1000196.3.19120,SY1000196.2026.19120,iPad1(1000196),196,08.06.26 16:52,Prod,A1000196.6629,Tisch 7,115,S1000196.19120,SALE,2,10.9,21.8,0.0,0.0,0.0,0.0,107,Chicken Burger,Hauptgerichte,,MwSt. 7%,1.07,20.373832,1.426168,Normalverkauf
S1000196.19121,SP1000196.3.19121,SY1000196.2026.19121,iPad1(1000196),196,08.06.26 18:48,Prod,A1000196.6630,Tisch 13,116,S1000196.19121,SALE,1,3.9,3.9,0.0,0.0,0.0,0.0,127,Alkoholfreies Bier,Getränke,,MwSt. 19%,1.19,3.277311,0.622689,Normalverkauf
S1000196.19122,SP1000196.3.19122,SY1000196.2026.19122,iPad1(1000196),196,08.06.26 17:51,Prod,A1000196.6631,Tisch 17,111,S1000196.19122,SALE,2,3.9,7.8,0.0,0.0,0.0,0.0,124,Cola Zero,Getränke,,MwSt. 19%,1.19,6.554622,1.245378,Normalverkauf
S1000196.19123,SP1000196.3.19123,SY1000196.2026.19123,iPad1(1000196),196,08.06.26 19:44,Prod,A1000196.6632,Tisch 3,107,S1000196.19123,SALE,1,3.2,3.2,0.0,0.0,0.0,0.0,120,Apfelschorle,Getränke,,MwSt. 19%,1.19,2.689076,0.510924,Normalverkauf
S1000196.19124,SP1000196.3.19124,SY1000196.2026.19124,iPad1(1000196),196,08.06.26 19:44,Prod,A1000196.6632,Tisch 3,107,S1000196.19124,SALE,1,6.9,6.9,0.0,0.0,0.0,0.0,103,Fischbrötchen Räucherlachs,Hauptspeisen,,MwSt. 7%,1.07,6.448598,0.451402,Normalverkauf
S1000196.19125,SP1000196.3.19125,SY1000196.2026.19125,iPad1(1000196),196,08.06.26 19:44,Prod,A1000196.6632,Tisch 3,107,S1000196.19125,SALE,1,3.9,3.9,0.0,0.0,0.0,0.0,119,Cola,Getränke,,MwSt. 19%,1.19,3.277311,0.622689,Normalverkauf
S1000196.19126,SP1000196.3.19126,SY1000196.2026.19126,iPad1(1000196),196,08.06.26 08:22,Prod,A1000196.6633,Tisch 6,115,S1000196.19126,SALE,1,10.9,10.9,0.0,0.0,0.0,0.0,104,Thunfisch Wrap,Hauptgerichte,,MwSt. 7%,1.07,10.186916,0.713084,Normalverkauf
S1000196.19127,SP1000196.3.19127,SY1000196.2026.19127,iPad1(1000196),196,08.06.26 17:17,Prod,A1000196.6634,Tisch 20,101,S1000196.19127,SALE,2,5.9,11.8,0.0,0.0,0.0,0.0,125,Zitronen-Limonade,Getränke,,MwSt. 19%,1.19,9.915966,1.884034,Normalverkauf
S1000196.19128,SP1000196.3.19128,SY1000196.2026.19128,iPad1(1000196),196,08.06.26 13:28,Prod,A1000196.6635,Tisch 24,106,S1000196.19128,VOID,2,5.5,11.0,0.0,0.0,0.0,0.0,111,Pommes Frites,Beilagen,,MwSt. 7%,1.07,10.280374,0.719626,Normalverkauf
S1000196.19129,SP1000196.3.19129,SY1000196.2026.19129,iPad1(1000196),196,08.06.26 13:28,Prod,A1000196.6635,Tisch 24,106,S1000196.19129,VOID,1,11.5,11.5,0.0,0.0,0.0,0.0,105,Garnelen-Kimchi-Bruger,Hauptgerichte,,MwSt. 7%,1.07,10.747664,0.752336,Normalverkauf
S1000196.19130,SP1000196.3.19130,SY1000196.2026.19130,iPad1(1000196),196,08.06.26 13:18,Prod,A1000196.6636,Tisch 15,107,S1000196.19130,SALE,2,2.8,5.6,0.0,0.0,0.0,0.0,121,Mineralwasser,Getränke,,MwSt. 19%,1.19,4.705882,0.894118,Normalverkauf
S1000196.19131,SP1000196.3.19131,SY1000196.2026.19131,iPad1(1000196),196,08.06.26 13:18,Prod,A1000196.6636,Tisch 15,107,S1000196.19131,SALE,1,11.9,11.9,0.0,0.0,0.0,0.0,110,Matjes-Baguette,Hauptgerichte,,MwSt. 7%,1.07,11.121495,0.778505,Normalverkauf
S1000196.19132,SP1000196.3.19132,SY1000196.2026.19132,iPad1(1000196),196,08.06.26 18:46,Prod,A1000196.6637,Tisch 15,111,S1000196.19132,SALE,1,6.5,6.5,0.0,0.0,0.0,0.0,118,Schokokuchen,Desserts,,MwSt. 7%,1.07,6.074766,0.425234,Normalverkauf
S1000196.19133,SP1000196.3.19133,SY1000196.2026.19133,iPad1(1000196),196,08.06.26 18:46,Prod,A1000196.6637,Tisch 15,111,S1000196.19133,SALE,1,7.9,7.9,0.0,0.0,0.0,0.0,106,Neptun-Ringe,Beilagen,,MwSt. 7%,1.07,7.383178,0.516822,Normalverkauf
S1000196.19134,SP1000196.3.19134,SY1000196.2026.19134,iPad1(1000196),196,08.06.26 18:46,Prod,A1000196.6637,Tisch 15,111,S1000196.19134,SALE,1,6.9,6.9,0.0,0.0,0.0,0.0,113,Garnelen Box,Beilagen,,MwSt. 7%,1.07,6.448598,0.451402,Normalverkauf
S1000196.19135,SP1000196.3.19135,SY1000196.2026.19135,iPad1(1000196),196,08.06.26 19:35,Prod,A1000196.6638,Tisch 13,116,S1000196.19135,SALE,1,6.5,6.5,0.0,0.0,0.0,0.0,118,Schokokuchen,Desserts,,MwSt. 7%,1.07,6.074766,0.425234,Normalverkauf
S1000196.19136,SP1000196.3.19136,SY1000196.2026.19136,iPad1(1000196),196,08.06.26 19:35,Prod,A1000196.6638,Tisch 13,116,S1000196.19136,SALE,2,3.9,7.8,0.0,0.0,0.0,0.0,124,Cola Zero,Getränke,,MwSt. 19%,1.19,6.554622,1.245378,Normalverkauf
S1000196.19137,SP1000196.3.19137,SY1000196.2026.19137,iPad1(1000196),196,08.06.26 13:26,Prod,A1000196.6639,Tisch 6,107,S1000196.19137,SALE,2,4.2,8.4,0.0,0.0,0.0,0.0,122,Bier,Getränke,,MwSt. 19%,1.19,7.058824,1.341176,Normalverkauf
S1000196.19138,SP1000196.3.19138,SY1000196.2026.19138,iPad1(1000196),196,08.06.26 13:26,Prod,A1000196.6639,Tisch 6,107,S1000196.19138,SALE,1,9.8,9.8,0.0,0.0,0.0,0.0,108,Seelachs-Ei-Baugette,Hauptgerichte,,MwSt. 7%,1.07,9.158879,0.641121,Normalverkauf
S1000196.19139,SP1000196.3.19139,SY1000196.2026.19139,iPad1(1000196),196,08.06.26 13:53,Prod,A1000196.6640,Tisch 9,106,S1000196.19139,SALE,1,5.5,5.5,0.0,0.0,0.0,0.0,111,Pommes Frites,Beilagen,,MwSt. 7%,1.07,5.140187,0.359813,Normalverkauf
S1000196.19140,SP1000196.3.19140,SY1000196.2026.19140,iPad1(1000196),196,08.06.26 13:53,Prod,A1000196.6640,Tisch 9,106,S1000196.19140,SALE,2,9.8,19.6,0.0,0.0,0.0,0.0,108,Seelachs-Ei-Baugette,Hauptgerichte,,MwSt. 7%,1.07,18.317757,1.282243,Normalverkauf
S1000196.19141,SP1000196.3.19141,SY1000196.2026.19141,iPad1(1000196),196,08.06.26 13:53,Prod,A1000196.6640,Tisch 9,106,S1000196.19141,SALE,2,3.9,7.8,0.0,0.0,0.0,0.0,119,Cola,Getränke,,MwSt. 19%,1.19,6.554622,1.245378,Normalverkauf
S1000196.19142,SP1000196.3.19142,SY1000196.2026.19142,iPad1(1000196),196,08.06.26 16:36,Prod,A1000196.6641,Tisch 5,101,S1000196.19142,SALE,2,5.5,11.0,0.0,0.0,0.0,0.0,111,Pommes Frites,Beilagen,,MwSt. 7%,1.07,10.280374,0.719626,Normalverkauf
S1000196.19143,SP1000196.3.19143,SY1000196.2026.19143,iPad1(1000196),196,08.06.26 19:13,Prod,A1000196.6642,Tisch 1,106,S1000196.19143,SALE,1,7.9,7.9,0.0,0.0,0.0,0.0,115,Tiramisu,Desserts,,MwSt. 7%,1.07,7.383178,0.516822,Normalverkauf
S1000196.19144,SP1000196.3.19144,SY1000196.2026.19144,iPad1(1000196),196,09.06.26 11:54,Prod,A1000196.6643,Tisch 1,106,S1000196.19144,VOID,1,10.9,10.9,0.0,0.0,0.0,0.0,107,Chicken Burger,Hauptgerichte,,MwSt. 7%,1.07,10.186916,0.713084,Normalverkauf
S1000196.19145,SP1000196.3.19145,SY1000196.2026.19145,iPad1(1000196),196,09.06.26 11:35,Prod,A1000196.6644,,115,S1000196.19145,SALE,1,6.9,6.9,0.0,0.0,0.0,0.0,103,Fischbrötchen Räucherlachs,Hauptspeisen,,MwSt. 7%,1.07,6.448598,0.451402,Normalverkauf
S1000196.19146,SP1000196.3.19146,SY1000196.2026.19146,iPad1(1000196),196,09.06.26 11:35,Prod,A1000196.6644,,115,S1000196.19146,SALE,2,10.9,21.8,0.0,0.0,0.0,0.0,104,Thunfisch Wrap,Hauptgerichte,,MwSt. 7%,1.07,20.373832,1.426168,Normalverkauf
S1000196.19147,SP1000196.3.19147,SY1000196.2026.19147,iPad1(1000196),196,09.06.26 11:35,Prod,A1000196.6644,,115,S1000196.19147,SALE,2,10.9,21.8,0.0,0.0,0.0,0.0,104,Thunfisch Wrap,Hauptgerichte,,MwSt. 7%,1.07,20.373832,1.426168,Normalverkauf
S1000196.19148,SP1000196.3.19148,SY1000196.2026.19148,iPad1(1000196),196,09.06.26 20:38,Prod,A1000196.6645,Tisch 17,107,S1000196.19148,SALE,2,3.9,7.8,0.0,0.0,0.0,0.0,119,Cola,Getränke,,MwSt. 19%,1.19,6.554622,1.245378,Normalverkauf
S1000196.19149,SP1000196.3.19149,SY1000196.2026.19149,iPad1(1000196),196,09.06.26 20:38,Prod,A1000196.6645,Tisch 17,107,S1000196.19149,SALE,1,10.9,10.9,0.0,0.0,0.0,0.0,107,Chicken Burger,Hauptgerichte,,MwSt. 7%,1.07,10.186916,0.713084,Normalverkauf
S1000196.19150,SP1000196.3.19150,SY1000196.2026.19150,iPad1(1000196),196,09.06.26 16:16,Prod,A1000196.6646,Tisch 3,115,S1000196.19150,SALE,1,2.8,2.8,0.0,0.0,0.0,0.0,121,Mineralwasser,Getränke,,MwSt. 19%,1.19,2.352941,0.447059,Normalverkauf
S1000196.19151,SP1000196.3.19151,SY1000196.2026.19151,iPad1(1000196),196,09.06.26 16:16,Prod,A1000196.6646,Tisch 3,115,S1000196.19151,SALE,2,3.9,7.8,0.0,0.0,0.0,0.0,119,Cola,Getränke,,MwSt. 19%,1.19,6.554622,1.245378,Normalverkauf
S1000196.19152,SP1000196.3.19152,SY1000196.2026.19152,iPad1(1000196),196,09.06.26 10:19,Prod,A1000196.6647,Tisch 8,105,S1000196.19152,SALE,1,3.9,3.9,0.0,0.0,0.0,0.0,124,Cola Zero,Getränke,,MwSt. 19%,1.19,3.277311,0.622689,Normalverkauf
S1000196.19153,SP1000196.3.19153,SY1000196.2026.19153,iPad1(1000196),196,09.06.26 10:19,Prod,A1000196.6647,Tisch 8,105,S1000196.19153,SALE,1,10.9,10.9,0.0,0.0,0.0,0.0,104,Thunfisch Wrap,Hauptgerichte,,MwSt. 7%,1.07,10.186916,0.713084,Normalverkauf
S1000196.19154,SP1000196.3.19154,SY1000196.2026.19154,iPad1(1000196),196,09.06.26 20:00,Prod,A1000196.6648,Tisch 20,116,S1000196.19154,SALE,2,3.2,6.4,0.0,0.0,0.0,0.0,120,Apfelschorle,Getränke,,MwSt. 19%,1.19,5.378151,1.021849,Normalverkauf
S1000196.19155,SP1000196.3.19155,SY1000196.2026.19155,iPad1(1000196),196,09.06.26 19:03,Prod,A1000196.6649,Tisch 12,107,S1000196.19155,SALE,1,3.2,3.2,0.0,0.0,0.0,0.0,120,Apfelschorle,Getränke,,MwSt. 19%,1.19,2.689076,0.510924,Normalverkauf
S1000196.19156,SP1000196.3.19156,SY1000196.2026.19156,iPad1(1000196),196,09.06.26 19:03,Prod,A1000196.6649,Tisch 12,107,S1000196.19156,SALE,2,6.9,13.8,0.0,0.0,0.0,0.0,113,Garnelen Box,Beilagen,,MwSt. 7%,1.07,12.897196,0.902804,Normalverkauf
S1000196.19157,SP1000196.3.19157,SY1000196.2026.19157,iPad1(1000196),196,09.06.26 19:03,Prod,A1000196.6649,Tisch 12,107,S1000196.19157,SALE,1,6.9,6.9,0.0,0.0,0.0,0.0,113,Garnelen Box,Beilagen,,MwSt. 7%,1.07,6.448598,0.451402,Normalverkauf
S1000196.19158,SP1000196.3.19158,SY1000196.2026.19158,iPad1(1000196),196,09.06.26 19:27,Prod,A1000196.6650,Tisch 12,116,S1000196.19158,SALE,2,6.5,13.0,0.0,0.0,0.0,0.0,100,Fischbrötchen Backfisch,Hauptspeisen,,MwSt. 7%,1.07,12.149533,0.850467,Normalverkauf
S1000196.19159,SP1000196.3.19159,SY1000196.2026.19159,iPad1(1000196),196,09.06.26 19:27,Prod,A1000196.6650,Tisch 12,116,S1000196.19159,SALE,2,4.9,9.8,0.0,0.0,0.0,0.0,112,Kartoffelwedges,Beilagen,,MwSt. 7%,1.07,9.158879,0.641121,Normalverkauf
S1000196.19160,SP1000196.3.19160,SY1000196.2026.19160,iPad1(1000196),196,09.06.26 20:06,Prod,A1000196.6651,Tisch 23,106,S1000196.19160,SALE,2,14.5,29.0,0.0,0.0,0.0,0.0,101,Lachs,Hauptspeisen,,MwSt. 7%,1.07,27.102804,1.897196,Normalverkauf
S1000196.19161,SP1000196.3.19161,SY1000196.2026.19161,iPad1(1000196),196,09.06.26 20:06,Prod,A1000196.6651,Tisch 23,106,S1000196.19161,SALE,2,13.5,27.0,0.0,0.0,0.0,0.0,102,Matjes,Hauptspeisen,,MwSt. 7%,1.07,25.233645,1.766355,Normalverkauf
S1000196.19162,SP1000196.3.19162,SY1000196.2026.19162,iPad1(1000196),196,09.06.26 20:06,Prod,A1000196.6651,Tisch 23,106,S1000196.19162,SALE,1,4.2,4.2,0.0,0.0,0.0,0.0,122,Bier,Getränke,,MwSt. 19%,1.19,3.529412,0.670588,Normalverkauf
S1000196.19163,SP1000196.3.19163,SY1000196.2026.19163,iPad1(1000196),196,09.06.26 09:32,Prod,A1000196.6652,Tisch 4,116,S1000196.19163,SALE,2,6.9,13.8,0.0,0.0,0.0,0.0,113,Garnelen Box,Beilagen,,MwSt. 7%,1.07,12.897196,0.902804,Normalverkauf
S1000196.19164,SP1000196.3.19164,SY1000196.2026.19164,iPad1(1000196),196,09.06.26 09:32,Prod,A1000196.6652,Tisch 4,116,S1000196.19164,SALE,1,9.8,9.8,0.0,0.0,0.0,0.0,108,Seelachs-Ei-Baugette,Hauptgerichte,,MwSt. 7%,1.07,9.158879,0.641121,Normalverkauf
S1000196.19165,SP1000196.3.19165,SY1000196.2026.19165,iPad1(1000196),196,09.06.26 09:32,Prod,A1000196.6652,Tisch 4,116,S1000196.19165,SALE,2,11.5,23.0,0.0,0.0,0.0,0.0,105,Garnelen-Kimchi-Bruger,Hauptgerichte,,MwSt. 7%,1.07,21.495327,1.504673,Normalverkauf
S1000196.19166,SP1000196.3.19166,SY1000196.2026.19166,iPad1(1000196),196,09.06.26 12:18,Prod,A1000196.6653,Tisch 13,115,S1000196.19166,SALE,2,5.5,11.0,0.0,0.0,0.0,0.0,114,Fisch Nuggets Box,Beilagen,,MwSt. 7%,1.07,10.280374,0.719626,Normalverkauf
S1000196.19167,SP1000196.3.19167,SY1000196.2026.19167,iPad1(1000196),196,09.06.26 12:18,Prod,A1000196.6653,Tisch 13,115,S1000196.19167,SALE,1,5.9,5.9,0.0,0.0,0.0,0.0,125,Zitronen-Limonade,Getränke,,MwSt. 19%,1.19,4.957983,0.942017,Normalverkauf
S1000196.19168,SP1000196.3.19168,SY1000196.2026.19168,iPad1(1000196),196,09.06.26 12:18,Prod,A1000196.6653,Tisch 13,115,S1000196.19168,SALE,1,14.5,14.5,0.0,0.0,0.0,0.0,101,Lachs,Hauptspeisen,,MwSt. 7%,1.07,13.551402,0.948598,Normalverkauf
S1000196.19169,SP1000196.3.19169,SY1000196.2026.19169,iPad1(1000196),196,09.06.26 13:04,Prod,A1000196.6654,Tisch 18,115,S1000196.19169,SALE,1,2.8,2.8,0.0,0.0,0.0,0.0,121,Mineralwasser,Getränke,,MwSt. 19%,1.19,2.352941,0.447059,Normalverkauf
S1000196.19170,SP1000196.3.19170,SY1000196.2026.19170,iPad1(1000196),196,09.06.26 13:04,Prod,A1000196.6654,Tisch 18,115,S1000196.19170,SALE,1,10.9,10.9,0.0,0.0,0.0,0.0,109,Bismarck-Baguette,Hauptgerichte,,MwSt. 7%,1.07,10.186916,0.713084,Normalverkauf
S1000196.19171,SP1000196.3.19171,SY1000196.2026.19171,iPad1(1000196),196,09.06.26 13:04,Prod,A1000196.6654,Tisch 18,115,S1000196.19171,SALE,1,10.9,10.9,0.0,0.0,0.0,0.0,107,Chicken Burger,Hauptgerichte,,MwSt. 7%,1.07,10.186916,0.713084,Normalverkauf
S1000196.19172,SP1000196.3.19172,SY1000196.2026.19172,iPad1(1000196),196,09.06.26 12:09,Prod,A1000196.6655,Tisch 22,105,S1000196.19172,SALE,2,10.9,21.8,0.0,0.0,0.0,0.0,107,Chicken Burger,Hauptgerichte,,MwSt. 7%,1.07,20.373832,1.426168,Normalverkauf
S1000196.19173,SP1000196.3.19173,SY1000196.2026.19173,iPad1(1000196),196,09.06.26 12:09,Prod,A1000196.6655,Tisch 22,105,S1000196.19173,SALE,1,3.2,3.2,0.0,0.0,0.0,0.0,120,Apfelschorle,Getränke,,MwSt. 19%,1.19,2.689076,0.510924,Normalverkauf
S1000196.19174,SP1000196.3.19174,SY1000196.2026.19174,iPad1(1000196),196,09.06.26 12:09,Prod,A1000196.6655,Tisch 22,105,S1000196.19174,SALE,1,13.5,13.5,0.0,0.0,0.0,0.0,102,Matjes,Hauptspeisen,,MwSt. 7%,1.07,12.616822,0.883178,Normalverkauf
S1000196.19175,SP1000196.3.19175,SY1000196.2026.19175,iPad1(1000196),196,09.06.26 11:35,Prod,A1000196.6656,Tisch 10,107,S1000196.19175,SALE,1,3.2,3.2,0.0,0.0,0.0,0.0,120,Apfelschorle,Getränke,,MwSt. 19%,1.19,2.689076,0.510924,Normalverkauf
S1000196.19176,SP1000196.3.19176,SY1000196.2026.19176,iPad1(1000196),196,09.06.26 11:35,Prod,A1000196.6656,Tisch 10,107,S1000196.19176,SALE,2,3.9,7.8,0.0,0.0,0.0,0.0,126,Spezi,Getränke,,MwSt. 19%,1.19,6.554622,1.245378,Normalverkauf
S1000196.19177,SP1000196.3.19177,SY1000196.2026.19177,iPad1(1000196),196,09.06.26 11:35,Prod,A1000196.6656,Tisch 10,107,S1000196.19177,SALE,1,10.9,10.9,0.0,0.0,0.0,0.0,104,Thunfisch Wrap,Hauptgerichte,,MwSt. 7%,1.07,10.186916,0.713084,Normalverkauf
S1000196.19178,SP1000196.3.19178,SY1000196.2026.19178,iPad1(1000196),196,09.06.26 13:55,Prod,A1000196.6657,Tisch 17,107,S1000196.19178,SALE,2,6.9,13.8,0.0,0.0,0.0,0.0,103,Fischbrötchen Räucherlachs,Hauptspeisen,,MwSt. 7%,1.07,12.897196,0.902804,Normalverkauf
S1000196.19179,SP1000196.3.19179,SY1000196.2026.19179,iPad1(1000196),196,09.06.26 13:55,Prod,A1000196.6657,Tisch 17,107,S1000196.19179,SALE,2,3.9,7.8,0.0,0.0,0.0,0.0,119,Cola,Getränke,,MwSt. 19%,1.19,6.554622,1.245378,Normalverkauf
S1000196.19180,SP1000196.3.19180,SY1000196.2026.19180,iPad1(1000196),196,09.06.26 13:55,Prod,A1000196.6657,Tisch 17,107,S1000196.19180,SALE,2,11.9,23.8,0.0,0.0,0.0,0.0,110,Matjes-Baguette,Hauptgerichte,,MwSt. 7%,1.07,22.242991,1.557009,Normalverkauf
S1000196.19181,SP1000196.3.19181,SY1000196.2026.19181,iPad1(1000196),196,09.06.26 18:14,Prod,A1000196.6658,Tisch 21,115,S1000196.19181,SALE,1,2.8,2.8,0.0,0.0,0.0,0.0,121,Mineralwasser,Getränke,,MwSt. 19%,1.19,2.352941,0.447059,Normalverkauf
S1000196.19182,SP1000196.3.19182,SY1000196.2026.19182,iPad1(1000196),196,09.06.26 18:14,Prod,A1000196.6658,Tisch 21,115,S1000196.19182,SALE,2,6.9,13.8,0.0,0.0,0.0,0.0,103,Fischbrötchen Räucherlachs,Hauptspeisen,,MwSt. 7%,1.07,12.897196,0.902804,Normalverkauf
S1000196.19183,SP1000196.3.19183,SY1000196.2026.19183,iPad1(1000196),196,09.06.26 18:14,Prod,A1000196.6658,Tisch 21,115,S1000196.19183,SALE,2,10.9,21.8,0.0,0.0,0.0,0.0,109,Bismarck-Baguette,Hauptgerichte,,MwSt. 7%,1.07,20.373832,1.426168,Normalverkauf
S1000196.19184,SP1000196.3.19184,SY1000196.2026.19184,iPad1(1000196),196,09.06.26 11:17,Prod,A1000196.6659,Tisch 2,116,S1000196.19184,SALE,1,6.9,6.9,0.0,0.0,0.0,0.0,113,Garnelen Box,Beilagen,,MwSt. 7%,1.07,6.448598,0.451402,Normalverkauf
S1000196.19185,SP1000196.3.19185,SY1000196.2026.19185,iPad1(1000196),196,09.06.26 11:17,Prod,A1000196.6659,Tisch 2,116,S1000196.19185,SALE,2,7.9,15.8,0.0,0.0,0.0,0.0,115,Tiramisu,Desserts,,MwSt. 7%,1.07,14.766355,1.033645,Normalverkauf
S1000196.19186,SP1000196.3.19186,SY1000196.2026.19186,iPad1(1000196),196,09.06.26 14:08,Prod,A1000196.6660,Tisch 8,105,S1000196.19186,SALE,1,3.2,3.2,0.0,0.0,0.0,0.0,120,Apfelschorle,Getränke,,MwSt. 19%,1.19,2.689076,0.510924,Normalverkauf
S1000196.19187,SP1000196.3.19187,SY1000196.2026.19187,iPad1(1000196),196,09.06.26 14:08,Prod,A1000196.6660,Tisch 8,105,S1000196.19187,SALE,2,3.2,6.4,0.0,0.0,0.0,0.0,120,Apfelschorle,Getränke,,MwSt. 19%,1.19,5.378151,1.021849,Normalverkauf
S1000196.19188,SP1000196.3.19188,SY1000196.2026.19188,iPad1(1000196),196,09.06.26 14:08,Prod,A1000196.6660,Tisch 8,105,S1000196.19188,SALE,1,5.5,5.5,0.0,0.0,0.0,0.0,114,Fisch Nuggets Box,Beilagen,,MwSt. 7%,1.07,5.140187,0.359813,Normalverkauf
S1000196.19189,SP1000196.3.19189,SY1000196.2026.19189,iPad1(1000196),196,09.06.26 11:58,Prod,A1000196.6661,Tisch 18,106,S1000196.19189,SALE,2,7.9,15.8,0.0,0.0,0.0,0.0,115,Tiramisu,Desserts,,MwSt. 7%,1.07,14.766355,1.033645,Normalverkauf
S1000196.19190,SP1000196.3.19190,SY1000196.2026.19190,iPad1(1000196),196,09.06.26 11:58,Prod,A1000196.6661,Tisch 18,106,S1000196.19190,SALE,2,9.8,19.6,0.0,0.0,0.0,0.0,108,Seelachs-Ei-Baugette,Hauptgerichte,,MwSt. 7%,1.07,18.317757,1.282243,Normalverkauf
S1000196.19191,SP1000196.3.19191,SY1000196.2026.19191,iPad1(1000196),196,09.06.26 12:32,Prod,A1000196.6662,Tisch 15,111,S1000196.19191,SALE,2,10.9,21.8,0.0,0.0,0.0,0.0,107,Chicken Burger,Hauptgerichte,,MwSt. 7%,1.07,20.373832,1.426168,Normalverkauf
S1000196.19192,SP1000196.3.19192,SY1000196.2026.19192,iPad1(1000196),196,09.06.26 12:32,Prod,A1000196.6662,Tisch 15,111,S1000196.19192,SALE,2,3.9,7.8,0.0,0.0,0.0,0.0,126,Spezi,Getränke,,MwSt. 19%,1.19,6.554622,1.245378,Normalverkauf
S1000196.19193,SP1000196.3.19193,SY1000196.2026.19193,iPad1(1000196),196,09.06.26 12:32,Prod,A1000196.6662,Tisch 15,111,S1000196.19193,SALE,1,3.9,3.9,0.0,0.0,0.0,0.0,127,Alkoholfreies Bier,Getränke,,MwSt. 19%,1.19,3.277311,0.622689,Normalverkauf
S1000196.19194,SP1000196.3.19194,SY1000196.2026.19194,iPad1(1000196),196,09.06.26 11:31,Prod,A1000196.6663,Tisch 16,105,S1000196.19194,SALE,1,5.9,5.9,0.0,0.0,0.0,0.0,123,Inger-Limonade,Getränke,,MwSt. 19%,1.19,4.957983,0.942017,Normalverkauf
S1000196.19195,SP1000196.3.19195,SY1000196.2026.19195,iPad1(1000196),196,09.06.26 17:25,Prod,A1000196.6664,Tisch 2,105,S1000196.19195,SALE,1,3.9,3.9,0.0,0.0,0.0,0.0,127,Alkoholfreies Bier,Getränke,,MwSt. 19%,1.19,3.277311,0.622689,Normalverkauf
S1000196.19196,SP1000196.3.19196,SY1000196.2026.19196,iPad1(1000196),196,09.06.26 17:25,Prod,A1000196.6664,Tisch 2,105,S1000196.19196,SALE,2,3.9,7.8,0.0,0.0,0.0,0.0,119,Cola,Getränke,,MwSt. 19%,1.19,6.554622,1.245378,Normalverkauf
S1000196.19197,SP1000196.3.19197,SY1000196.2026.19197,iPad1(1000196),196,09.06.26 17:25,Prod,A1000196.6664,Tisch 2,105,S1000196.19197,SALE,1,5.9,5.9,0.0,0.0,0.0,0.0,116,Vanillequark,Desserts,,MwSt. 7%,1.07,5.514019,0.385981,Normalverkauf
S1000196.19198,SP1000196.3.19198,SY1000196.2026.19198,iPad1(1000196),196,09.06.26 20:48,Prod,A1000196.6665,Tisch 9,101,S1000196.19198,SALE,1,6.9,6.9,0.0,0.0,0.0,0.0,113,Garnelen Box,Beilagen,,MwSt. 7%,1.07,6.448598,0.451402,Normalverkauf
S1000196.19199,SP1000196.3.19199,SY1000196.2026.19199,iPad1(1000196),196,09.06.26 20:21,Prod,A1000196.6666,Tisch 18,116,S1000196.19199,SALE,2,4.2,8.4,0.0,0.0,0.0,0.0,122,Bier,Getränke,,MwSt. 19%,1.19,7.058824,1.341176,Normalverkauf
S1000196.19200,SP1000196.3.19200,SY1000196.2026.19200,iPad1(1000196),196,09.06.26 20:21,Prod,A1000196.6666,Tisch 18,116,S1000196.19200,SALE,2,3.9,7.8,0.0,0.0,0.0,0.0,124,Cola Zero,Getränke,,MwSt. 19%,1.19,6.554622,1.245378,Normalverkauf
S1000196.19201,SP1000196.3.19201,SY1000196.2026.19201,iPad1(1000196),196,09.06.26 19:23,Prod,A1000196.6667,Tisch 17,105,S1000196.19201,SALE,2,5.5,11.0,0.0,0.0,0.0,0.0,114,Fisch Nuggets Box,Beilagen,,MwSt. 7%,1.07,10.280374,0.719626,Normalverkauf
S1000196.19202,SP1000196.3.19202,SY1000196.2026.19202,iPad1(1000196),196,09.06.26 19:23,Prod,A1000196.6667,Tisch 17,105,S1000196.19202,SALE,2,4.9,9.8,0.0,0.0,0.0,0.0,112,Kartoffelwedges,Beilagen,,MwSt. 7%,1.07,9.158879,0.641121,Normalverkauf
S1000196.19203,SP1000196.3.19203,SY1000196.2026.19203,iPad1(1000196),196,09.06.26 17:30,Prod,A1000196.6668,Tisch 7,106,S1000196.19203,SALE,2,10.9,21.8,0.0,0.0,0.0,0.0,107,Chicken Burger,Hauptgerichte,,MwSt. 7%,1.07,20.373832,1.426168,Normalverkauf
S1000196.19204,SP1000196.3.19204,SY1000196.2026.19204,iPad1(1000196),196,09.06.26 17:30,Prod,A1000196.6668,Tisch 7,106,S1000196.19204,SALE,2,3.9,7.8,0.0,0.0,0.0,0.0,119,Cola,Getränke,,MwSt. 19%,1.19,6.554622,1.245378,Normalverkauf
S1000196.19205,SP1000196.3.19205,SY1000196.2026.19205,iPad1(1000196),196,09.06.26 19:43,Prod,A1000196.6669,Tisch 15,105,S1000196.19205,SALE,1,3.2,3.2,0.0,0.0,0.0,0.0,120,Apfelschorle,Getränke,,MwSt. 19%,1.19,2.689076,0.510924,Normalverkauf
S1000196.19206,SP1000196.3.19206,SY1000196.2026.19206,iPad1(1000196),196,09.06.26 19:43,Prod,A1000196.6669,Tisch 15,105,S1000196.19206,SALE,2,5.5,11.0,0.0,0.0,0.0,0.0,111,Pommes Frites,Beilagen,,MwSt. 7%,1.07,10.280374,0.719626,Normalverkauf
S1000196.19207,SP1000196.3.19207,SY1000196.2026.19207,iPad1(1000196),196,09.06.26 12:39,Prod,A1000196.6670,Tisch 6,111,S1000196.19207,SALE,1,4.2,4.2,0.0,0.0,0.0,0.0,122,Bier,Getränke,,MwSt. 19%,1.19,3.529412,0.670588,Normalverkauf
S1000196.19208,SP1000196.3.19208,SY1000196.2026.19208,iPad1(1000196),196,09.06.26 19:23,Prod,A1000196.6671,Tisch 14,107,S1000196.19208,SALE,1,11.5,11.5,0.0,0.0,0.0,0.0,105,Garnelen-Kimchi-Bruger,Hauptgerichte,,MwSt. 7%,1.07,10.747664,0.752336,Normalverkauf
S1000196.19209,SP1000196.3.19209,SY1000196.2026.19209,iPad1(1000196),196,09.06.26 20:07,Prod,A1000196.6672,Tisch 5,107,S1000196.19209,SALE,1,6.5,6.5,0.0,0.0,0.0,0.0,118,Schokokuchen,Desserts,,MwSt. 7%,1.07,6.074766,0.425234,Normalverkauf
S1000196.19210,SP1000196.3.19210,SY1000196.2026.19210,iPad1(1000196),196,09.06.26 17:21,Prod,A1000196.6673,Tisch 11,101,S1000196.19210,SALE,1,5.9,5.9,0.0,0.0,0.0,0.0,117,Rote Grütze,Desserts,,MwSt. 7%,1.07,5.514019,0.385981,Normalverkauf
S1000196.19211,SP1000196.3.19211,SY1000196.2026.19211,iPad1(1000196),196,09.06.26 17:21,Prod,A1000196.6673,Tisch 11,101,S1000196.19211,SALE,1,5.5,5.5,0.0,0.0,0.0,0.0,111,Pommes Frites,Beilagen,,MwSt. 7%,1.07,5.140187,0.359813,Normalverkauf
S1000196.19212,SP1000196.3.19212,SY1000196.2026.19212,iPad1(1000196),196,09.06.26 17:21,Prod,A1000196.6673,Tisch 11,101,S1000196.19212,SALE,2,5.9,11.8,0.0,0.0,0.0,0.0,123,Inger-Limonade,Getränke,,MwSt. 19%,1.19,9.915966,1.884034,Normalverkauf
S1000196.19213,SP1000196.3.19213,SY1000196.2026.19213,iPad1(1000196),196,09.06.26 12:53,Prod,A1000196.6674,Tisch 13,105,S1000196.19213,SALE,2,3.9,7.8,0.0,0.0,0.0,0.0,119,Cola,Getränke,,MwSt. 19%,1.19,6.554622,1.245378,Normalverkauf
S1000196.19214,SP1000196.3.19214,SY1000196.2026.19214,iPad1(1000196),196,09.06.26 12:53,Prod,A1000196.6674,Tisch 13,105,S1000196.19214,SALE,1,3.2,3.2,0.0,0.0,0.0,0.0,120,Apfelschorle,Getränke,,MwSt. 19%,1.19,2.689076,0.510924,Normalverkauf
S1000196.19215,SP1000196.3.19215,SY1000196.2026.19215,iPad1(1000196),196,09.06.26 12:53,Prod,A1000196.6674,Tisch 13,105,S1000196.19215,SALE,2,3.9,7.8,0.0,0.0,0.0,0.0,127,Alkoholfreies Bier,Getränke,,MwSt. 19%,1.19,6.554622,1.245378,Normalverkauf
S1000196.19216,SP1000196.3.19216,SY1000196.2026.19216,iPad1(1000196),196,09.06.26 12:54,Prod,A1000196.6675,Tisch 8,101,S1000196.19216,SALE,2,5.5,11.0,0.0,0.0,0.0,0.0,111,Pommes Frites,Beilagen,,MwSt. 7%,1.07,10.280374,0.719626,Normalverkauf
S1000196.19217,SP1000196.3.19217,SY1000196.2026.19217,iPad1(1000196),196,09.06.26 12:54,Prod,A1000196.6675,Tisch 8,101,S1000196.19217,SALE,1,6.9,6.9,0.0,0.0,0.0,0.0,113,Garnelen Box,Beilagen,,MwSt. 7%,1.07,6.448598,0.451402,Normalverkauf
S1000196.19218,SP1000196.3.19218,SY1000196.2026.19218,iPad1(1000196),196,09.06.26 12:54,Prod,A1000196.6675,Tisch 8,101,S1000196.19218,SALE,1,9.8,9.8,0.0,0.0,0.0,0.0,108,Seelachs-Ei-Baugette,Hauptgerichte,,MwSt. 7%,1.07,9.158879,0.641121,Normalverkauf
S1000196.19219,SP1000196.3.19219,SY1000196.2026.19219,iPad1(1000196),196,09.06.26 09:00,Prod,A1000196.6676,Tisch 10,116,S1000196.19219,SALE,1,6.9,6.9,0.0,0.0,0.0,0.0,113,Garnelen Box,Beilagen,,MwSt. 7%,1.07,6.448598,0.451402,Normalverkauf
S1000196.19220,SP1000196.3.19220,SY1000196.2026.19220,iPad1(1000196),196,09.06.26 08:06,Prod,A1000196.6677,Tisch 22,115,S1000196.19220,SALE,2,3.2,6.4,0.0,0.0,0.0,0.0,120,Apfelschorle,Getränke,,MwSt. 19%,1.19,5.378151,1.021849,Normalverkauf
S1000196.19221,SP1000196.3.19221,SY1000196.2026.19221,iPad1(1000196),196,09.06.26 08:06,Prod,A1000196.6677,Tisch 22,115,S1000196.19221,SALE,1,5.5,5.5,0.0,0.0,0.0,0.0,111,Pommes Frites,Beilagen,,MwSt. 7%,1.07,5.140187,0.359813,Normalverkauf
S1000196.19222,SP1000196.3.19222,SY1000196.2026.19222,iPad1(1000196),196,09.06.26 08:06,Prod,A1000196.6677,Tisch 22,115,S1000196.19222,SALE,1,6.5,6.5,0.0,0.0,0.0,0.0,118,Schokokuchen,Desserts,,MwSt. 7%,1.07,6.074766,0.425234,Normalverkauf
S1000196.19223,SP1000196.3.19223,SY1000196.2026.19223,iPad1(1000196),196,09.06.26 12:00,Prod,A1000196.6678,Tisch 3,101,S1000196.19223,SALE,2,3.9,7.8,0.0,0.0,0.0,0.0,119,Cola,Getränke,,MwSt. 19%,1.19,6.554622,1.245378,Normalverkauf
S1000196.19224,SP1000196.3.19224,SY1000196.2026.19224,iPad1(1000196),196,09.06.26 12:00,Prod,A1000196.6678,Tisch 3,101,S1000196.19224,SALE,1,3.9,3.9,0.0,0.0,0.0,0.0,127,Alkoholfreies Bier,Getränke,,MwSt. 19%,1.19,3.277311,0.622689,Normalverkauf
S1000196.19225,SP1000196.3.19225,SY1000196.2026.19225,iPad1(1000196),196,09.06.26 12:00,Prod,A1000196.6678,Tisch 3,101,S1000196.19225,SALE,2,3.9,7.8,0.0,0.0,0.0,0.0,119,Cola,Getränke,,MwSt. 19%,1.19,6.554622,1.245378,Normalverkauf
S1000196.19226,SP1000196.3.19226,SY1000196.2026.19226,iPad1(1000196),196,09.06.26 19:22,Prod,A1000196.6679,Tisch 8,116,S1000196.19226,SALE,1,10.9,10.9,0.0,0.0,0.0,0.0,107,Chicken Burger,Hauptgerichte,,MwSt. 7%,1.07,10.186916,0.713084,Normalverkauf
S1000196.19227,SP1000196.3.19227,SY1000196.2026.19227,iPad1(1000196),196,09.06.26 18:17,Prod,A1000196.6680,Tisch 18,111,S1000196.19227,SALE,1,3.2,3.2,0.0,0.0,0.0,0.0,120,Apfelschorle,Getränke,,MwSt. 19%,1.19,2.689076,0.510924,Normalverkauf
S1000196.19228,SP1000196.3.19228,SY1000196.2026.19228,iPad1(1000196),196,09.06.26 18:17,Prod,A1000196.6680,Tisch 18,111,S1000196.19228,SALE,2,5.5,11.0,0.0,0.0,0.0,0.0,114,Fisch Nuggets Box,Beilagen,,MwSt. 7%,1.07,10.280374,0.719626,Normalverkauf
S1000196.19229,SP1000196.3.19229,SY1000196.2026.19229,iPad1(1000196),196,09.06.26 18:17,Prod,A1000196.6680,Tisch 18,111,S1000196.19229,SALE,2,6.5,13.0,0.0,0.0,0.0,0.0,118,Schokokuchen,Desserts,,MwSt. 7%,1.07,12.149533,0.850467,Normalverkauf
S1000196.19230,SP1000196.3.19230,SY1000196.2026.19230,iPad1(1000196),196,09.06.26 14:14,Prod,A1000196.6681,Tisch 6,107,S1000196.19230,SALE,2,6.5,13.0,0.0,0.0,0.0,0.0,100,Fischbrötchen Backfisch,Hauptspeisen,,MwSt. 7%,1.07,12.149533,0.850467,Normalverkauf
S1000196.19231,SP1000196.3.19231,SY1000196.2026.19231,iPad1(1000196),196,09.06.26 10:51,Prod,A1000196.6682,Tisch 7,107,S1000196.19231,SALE,1,3.9,3.9,0.0,0.0,0.0,0.0,124,Cola Zero,Getränke,,MwSt. 19%,1.19,3.277311,0.622689,Normalverkauf
S1000196.19232,SP1000196.3.19232,SY1000196.2026.19232,iPad1(1000196),196,09.06.26 10:51,Prod,A1000196.6682,Tisch 7,107,S1000196.19232,SALE,2,3.9,7.8,0.0,0.0,0.0,0.0,119,Cola,Getränke,,MwSt. 19%,1.19,6.554622,1.245378,Normalverkauf
S1000196.19233,SP1000196.3.19233,SY1000196.2026.19233,iPad1(1000196),196,09.06.26 10:51,Prod,A1000196.6682,Tisch 7,107,S1000196.19233,SALE,2,3.9,7.8,0.0,0.0,0.0,0.0,127,Alkoholfreies Bier,Getränke,,MwSt. 19%,1.19,6.554622,1.245378,Normalverkauf
S1000196.19234,SP1000196.3.19234,SY1000196.2026.19234,iPad1(1000196),196,09.06.26 17:38,Prod,A1000196.6683,Tisch 3,106,S1000196.19234,SALE,1,3.9,3.9,0.0,0.0,0.0,0.0,119,Cola,Getränke,,MwSt. 19%,1.19,3.277311,0.622689,Normalverkauf
S1000196.19235,SP1000196.3.19235,SY1000196.2026.19235,iPad1(1000196),196,09.06.26 17:32,Prod,A1000196.6684,Tisch 16,105,S1000196.19235,SALE,1,5.9,5.9,0.0,0.0,0.0,0.0,125,Zitronen-Limonade,Getränke,,MwSt. 19%,1.19,4.957983,0.942017,Normalverkauf
S1000196.19236,SP1000196.3.19236,SY1000196.2026.19236,iPad1(1000196),196,09.06.26 19:51,Prod,A1000196.6685,Tisch 6,101,S1000196.19236,VOID,1,4.2,4.2,0.0,0.0,0.0,0.0,122,Bier,Getränke,,MwSt. 19%,1.19,3.529412,0.670588,Normalverkauf
S1000196.19237,SP1000196.3.19237,SY1000196.2026.19237,iPad1(1000196),196,09.06.26 19:51,Prod,A1000196.6685,Tisch 6,101,S1000196.19237,VOID,2,11.9,23.8,0.0,0.0,0.0,0.0,110,Matjes-Baguette,Hauptgerichte,,MwSt. 7%,1.07,22.242991,1.557009,Normalverkauf
S1000196.19238,SP1000196.3.19238,SY1000196.2026.19238,iPad1(1000196),196,09.06.26 19:51,Prod,A1000196.6685,Tisch 6,101,S1000196.19238,VOID,1,14.5,14.5,0.0,0.0,0.0,0.0,101,Lachs,Hauptspeisen,,MwSt. 7%,1.07,13.551402,0.948598,Normalverkauf
S1000196.19239,SP1000196.3.19239,SY1000196.2026.19239,iPad1(1000196),196,09.06.26 18:52,Prod,A1000196.6686,,106,S1000196.19239,SALE,1,13.5,13.5,0.0,0.0,0.0,0.0,102,Matjes,Hauptspeisen,,MwSt. 7%,1.07,12.616822,0.883178,Normalverkauf
S1000196.19240,SP1000196.3.19240,SY1000196.2026.19240,iPad1(1000196),196,09.06.26 16:47,Prod,A1000196.6687,Tisch 21,101,S1000196.19240,SALE,1,6.5,6.5,0.0,0.0,0.0,0.0,100,Fischbrötchen Backfisch,Hauptspeisen,,MwSt. 7%,1.07,6.074766,0.425234,Normalverkauf
S1000196.19241,SP1000196.3.19241,SY1000196.2026.19241,iPad1(1000196),196,09.06.26 19:35,Prod,A1000196.6688,Tisch 4,107,S1000196.19241,SALE,1,3.2,3.2,0.0,0.0,0.0,0.0,120,Apfelschorle,Getränke,,MwSt. 19%,1.19,2.689076,0.510924,Normalverkauf
S1000196.19242,SP1000196.3.19242,SY1000196.2026.19242,iPad1(1000196),196,09.06.26 19:35,Prod,A1000196.6688,Tisch 4,107,S1000196.19242,SALE,2,6.9,13.8,0.0,0.0,0.0,0.0,103,Fischbrötchen Räucherlachs,Hauptspeisen,,MwSt. 7%,1.07,12.897196,0.902804,Normalverkauf
S1000196.19243,SP1000196.3.19243,SY1000196.2026.19243,iPad1(1000196),196,09.06.26 12:08,Prod,A1000196.6689,Tisch 10,115,S1000196.19243,SALE,2,2.8,5.6,0.0,0.0,0.0,0.0,121,Mineralwasser,Getränke,,MwSt. 19%,1.19,4.705882,0.894118,Normalverkauf
S1000196.19244,SP1000196.3.19244,SY1000196.2026.19244,iPad1(1000196),196,09.06.26 12:08,Prod,A1000196.6689,Tisch 10,115,S1000196.19244,SALE,1,2.8,2.8,0.0,0.0,0.0,0.0,121,Mineralwasser,Getränke,,MwSt. 19%,1.19,2.352941,0.447059,Normalverkauf
S1000196.19245,SP1000196.3.19245,SY1000196.2026.19245,iPad1(1000196),196,09.06.26 18:46,Prod,A1000196.6690,Tisch 21,105,S1000196.19245,SALE,2,11.9,23.8,0.0,0.0,0.0,0.0,110,Matjes-Baguette,Hauptgerichte,,MwSt. 7%,1.07,22.242991,1.557009,Normalverkauf
S1000196.19246,SP1000196.3.19246,SY1000196.2026.19246,iPad1(1000196),196,09.06.26 18:46,Prod,A1000196.6690,Tisch 21,105,S1000196.19246,SALE,2,6.9,13.8,0.0,0.0,0.0,0.0,113,Garnelen Box,Beilagen,,MwSt. 7%,1.07,12.897196,0.902804,Normalverkauf
S1000196.19247,SP1000196.3.19247,SY1000196.2026.19247,iPad1(1000196),196,09.06.26 10:00,Prod,A1000196.6691,Tisch 18,106,S1000196.19247,SALE,2,2.8,5.6,0.0,0.0,0.0,0.0,121,Mineralwasser,Getränke,,MwSt. 19%,1.19,4.705882,0.894118,Normalverkauf
S1000196.19248,SP1000196.3.19248,SY1000196.2026.19248,iPad1(1000196),196,09.06.26 09:53,Prod,A1000196.6692,Tisch 8,111,S1000196.19248,SALE,2,5.9,11.8,0.0,0.0,0.0,0.0,116,Vanillequark,Desserts,,MwSt. 7%,1.07,11.028037,0.771963,Normalverkauf
S1000196.19249,SP1000196.3.19249,SY1000196.2026.19249,iPad1(1000196),196,09.06.26 09:53,Prod,A1000196.6692,Tisch 8,111,S1000196.19249,SALE,1,10.9,10.9,0.0,0.0,0.0,0.0,107,Chicken Burger,Hauptgerichte,,MwSt. 7%,1.07,10.186916,0.713084,Normalverkauf
S1000196.19250,SP1000196.3.19250,SY1000196.2026.19250,iPad1(1000196),196,09.06.26 16:53,Prod,A1000196.6693,Tisch 9,107,S1000196.19250,SALE,1,4.2,4.2,0.0,0.0,0.0,0.0,122,Bier,Getränke,,MwSt. 19%,1.19,3.529412,0.670588,Normalverkauf
S1000196.19251,SP1000196.3.19251,SY1000196.2026.19251,iPad1(1000196),196,09.06.26 17:19,Prod,A1000196.6694,Tisch 4,106,S1000196.19251,SALE,2,6.5,13.0,0.0,0.0,0.0,0.0,100,Fischbrötchen Backfisch,Hauptspeisen,,MwSt. 7%,1.07,12.149533,0.850467,Normalverkauf
S1000196.19252,SP1000196.3.19252,SY1000196.2026.19252,iPad1(1000196),196,09.06.26 17:19,Prod,A1000196.6694,Tisch 4,106,S1000196.19252,SALE,2,13.5,27.0,0.0,0.0,0.0,0.0,102,Matjes,Hauptspeisen,,MwSt. 7%,1.07,25.233645,1.766355,Normalverkauf
S1000196.19253,SP1000196.3.19253,SY1000196.2026.19253,iPad1(1000196),196,09.06.26 17:19,Prod,A1000196.6694,Tisch 4,106,S1000196.19253,SALE,1,5.9,5.9,0.0,0.0,0.0,0.0,117,Rote Grütze,Desserts,,MwSt. 7%,1.07,5.514019,0.385981,Normalverkauf
S1000196.19254,SP1000196.3.19254,SY1000196.2026.19254,iPad1(1000196),196,09.06.26 12:52,Prod,A1000196.6695,Tisch 19,107,S1000196.19254,VOID,2,3.9,7.8,0.0,0.0,0.0,0.0,124,Cola Zero,Getränke,,MwSt. 19%,1.19,6.554622,1.245378,Normalverkauf
S1000196.19255,SP1000196.3.19255,SY1000196.2026.19255,iPad1(1000196),196,09.06.26 12:52,Prod,A1000196.6695,Tisch 19,107,S1000196.19255,VOID,1,14.5,14.5,0.0,0.0,0.0,0.0,101,Lachs,Hauptspeisen,,MwSt. 7%,1.07,13.551402,0.948598,Normalverkauf
S1000196.19256,SP1000196.3.19256,SY1000196.2026.19256,iPad1(1000196),196,09.06.26 17:20,Prod,A1000196.6696,Tisch 4,111,S1000196.19256,SALE,2,5.9,11.8,0.0,0.0,0.0,0.0,125,Zitronen-Limonade,Getränke,,MwSt. 19%,1.19,9.915966,1.884034,Normalverkauf
S1000196.19257,SP1000196.3.19257,SY1000196.2026.19257,iPad1(1000196),196,09.06.26 17:20,Prod,A1000196.6696,Tisch 4,111,S1000196.19257,SALE,1,6.9,6.9,0.0,0.0,0.0,0.0,113,Garnelen Box,Beilagen,,MwSt. 7%,1.07,6.448598,0.451402,Normalverkauf
S1000196.19258,SP1000196.3.19258,SY1000196.2026.19258,iPad1(1000196),196,09.06.26 17:03,Prod,A1000196.6697,Tisch 14,107,S1000196.19258,SALE,2,6.9,13.8,0.0,0.0,0.0,0.0,103,Fischbrötchen Räucherlachs,Hauptspeisen,,MwSt. 7%,1.07,12.897196,0.902804,Normalverkauf
S1000196.19259,SP1000196.3.19259,SY1000196.2026.19259,iPad1(1000196),196,09.06.26 17:03,Prod,A1000196.6697,Tisch 14,107,S1000196.19259,SALE,2,3.9,7.8,0.0,0.0,0.0,0.0,124,Cola Zero,Getränke,,MwSt. 19%,1.19,6.554622,1.245378,Normalverkauf
S1000196.19260,SP1000196.3.19260,SY1000196.2026.19260,iPad1(1000196),196,09.06.26 18:23,Prod,A1000196.6698,Tisch 11,116,S1000196.19260,SALE,1,3.9,3.9,0.0,0.0,0.0,0.0,126,Spezi,Getränke,,MwSt. 19%,1.19,3.277311,0.622689,Normalverkauf
S1000196.19261,SP1000196.3.19261,SY1000196.2026.19261,iPad1(1000196),196,09.06.26 08:49,Prod,A1000196.6699,Tisch 12,115,S1000196.19261,SALE,2,6.5,13.0,0.0,0.0,0.0,0.0,100,Fischbrötchen Backfisch,Hauptspeisen,,MwSt. 7%,1.07,12.149533,0.850467,Normalverkauf
S1000196.19262,SP1000196.3.19262,SY1000196.2026.19262,iPad1(1000196),196,09.06.26 08:49,Prod,A1000196.6699,Tisch 12,115,S1000196.19262,SALE,2,14.5,29.0,0.0,0.0,0.0,0.0,101,Lachs,Hauptspeisen,,MwSt. 7%,1.07,27.102804,1.897196,Normalverkauf
S1000196.19263,SP1000196.3.19263,SY1000196.2026.19263,iPad1(1000196),196,09.06.26 08:49,Prod,A1000196.6699,Tisch 12,115,S1000196.19263,SALE,2,9.8,19.6,0.0,0.0,0.0,0.0,108,Seelachs-Ei-Baugette,Hauptgerichte,,MwSt. 7%,1.07,18.317757,1.282243,Normalverkauf
S1000196.19264,SP1000196.3.19264,SY1000196.2026.19264,iPad1(1000196),196,09.06.26 13:23,Prod,A1000196.6700,Tisch 13,115,S1000196.19264,SALE,2,3.9,7.8,0.0,0.0,0.0,0.0,126,Spezi,Getränke,,MwSt. 19%,1.19,6.554622,1.245378,Normalverkauf
S1000196.19265,SP1000196.3.19265,SY1000196.2026.19265,iPad1(1000196),196,09.06.26 16:11,Prod,A1000196.6701,Tisch 6,111,S1000196.19265,SALE,1,3.2,3.2,0.0,0.0,0.0,0.0,120,Apfelschorle,Getränke,,MwSt. 19%,1.19,2.689076,0.510924,Normalverkauf
S1000196.19266,SP1000196.3.19266,SY1000196.2026.19266,iPad1(1000196),196,09.06.26 20:48,Prod,A1000196.6702,,107,S1000196.19266,SALE,1,11.5,11.5,0.0,0.0,0.0,0.0,105,Garnelen-Kimchi-Bruger,Hauptgerichte,,MwSt. 7%,1.07,10.747664,0.752336,Normalverkauf
S1000196.19267,SP1000196.3.19267,SY1000196.2026.19267,iPad1(1000196),196,09.06.26 20:48,Prod,A1000196.6702,,107,S1000196.19267,SALE,1,5.5,5.5,0.0,0.0,0.0,0.0,111,Pommes Frites,Beilagen,,MwSt. 7%,1.07,5.140187,0.359813,Normalverkauf
S1000196.19268,SP1000196.3.19268,SY1000196.2026.19268,iPad1(1000196),196,09.06.26 20:48,Prod,A1000196.6702,,107,S1000196.19268,SALE,2,10.9,21.8,0.0,0.0,0.0,0.0,107,Chicken Burger,Hauptgerichte,,MwSt. 7%,1.07,20.373832,1.426168,Normalverkauf
S1000196.19269,SP1000196.3.19269,SY1000196.2026.19269,iPad1(1000196),196,09.06.26 20:24,Prod,A1000196.6703,Tisch 18,115,S1000196.19269,SALE,2,10.9,21.8,0.0,0.0,0.0,0.0,107,Chicken Burger,Hauptgerichte,,MwSt. 7%,1.07,20.373832,1.426168,Normalverkauf
S1000196.19270,SP1000196.3.19270,SY1000196.2026.19270,iPad1(1000196),196,09.06.26 10:09,Prod,A1000196.6704,Tisch 9,107,S1000196.19270,SALE,2,3.9,7.8,0.0,0.0,0.0,0.0,119,Cola,Getränke,,MwSt. 19%,1.19,6.554622,1.245378,Normalverkauf
S1000196.19271,SP1000196.3.19271,SY1000196.2026.19271,iPad1(1000196),196,09.06.26 10:09,Prod,A1000196.6704,Tisch 9,107,S1000196.19271,SALE,2,6.5,13.0,0.0,0.0,0.0,0.0,100,Fischbrötchen Backfisch,Hauptspeisen,,MwSt. 7%,1.07,12.149533,0.850467,Normalverkauf
S1000196.19272,SP1000196.3.19272,SY1000196.2026.19272,iPad1(1000196),196,09.06.26 08:14,Prod,A1000196.6705,Tisch 24,101,S1000196.19272,SALE,2,3.9,7.8,0.0,0.0,0.0,0.0,126,Spezi,Getränke,,MwSt. 19%,1.19,6.554622,1.245378,Normalverkauf
S1000196.19273,SP1000196.3.19273,SY1000196.2026.19273,iPad1(1000196),196,09.06.26 08:14,Prod,A1000196.6705,Tisch 24,101,S1000196.19273,SALE,2,3.2,6.4,0.0,0.0,0.0,0.0,120,Apfelschorle,Getränke,,MwSt. 19%,1.19,5.378151,1.021849,Normalverkauf
S1000196.19274,SP1000196.3.19274,SY1000196.2026.19274,iPad1(1000196),196,09.06.26 11:24,Prod,A1000196.6706,,115,S1000196.19274,SALE,2,4.2,8.4,0.0,0.0,0.0,0.0,122,Bier,Getränke,,MwSt. 19%,1.19,7.058824,1.341176,Normalverkauf
S1000196.19275,SP1000196.3.19275,SY1000196.2026.19275,iPad1(1000196),196,09.06.26 11:24,Prod,A1000196.6706,,115,S1000196.19275,SALE,2,5.9,11.8,0.0,0.0,0.0,0.0,117,Rote Grütze,Desserts,,MwSt. 7%,1.07,11.028037,0.771963,Normalverkauf
S1000196.19276,SP1000196.3.19276,SY1000196.2026.19276,iPad1(1000196),196,09.06.26 11:24,Prod,A1000196.6706,,115,S1000196.19276,SALE,2,6.5,13.0,0.0,0.0,0.0,0.0,100,Fischbrötchen Backfisch,Hauptspeisen,,MwSt. 7%,1.07,12.149533,0.850467,Normalverkauf
S1000196.19277,SP1000196.3.19277,SY1000196.2026.19277,iPad1(1000196),196,09.06.26 11:28,Prod,A1000196.6707,,107,S1000196.19277,SALE,1,11.9,11.9,0.0,0.0,0.0,0.0,110,Matjes-Baguette,Hauptgerichte,,MwSt. 7%,1.07,11.121495,0.778505,Normalverkauf
S1000196.19278,SP1000196.3.19278,SY1000196.2026.19278,iPad1(1000196),196,09.06.26 11:28,Prod,A1000196.6707,,107,S1000196.19278,SALE,2,3.9,7.8,0.0,0.0,0.0,0.0,124,Cola Zero,Getränke,,MwSt. 19%,1.19,6.554622,1.245378,Normalverkauf
S1000196.19279,SP1000196.3.19279,SY1000196.2026.19279,iPad1(1000196),196,09.06.26 11:28,Prod,A1000196.6707,,107,S1000196.19279,SALE,2,3.9,7.8,0.0,0.0,0.0,0.0,119,Cola,Getränke,,MwSt. 19%,1.19,6.554622,1.245378,Normalverkauf
S1000196.19280,SP1000196.3.19280,SY1000196.2026.19280,iPad1(1000196),196,09.06.26 17:20,Prod,A1000196.6708,Tisch 19,116,S1000196.19280,SALE,1,3.9,3.9,0.0,0.0,0.0,0.0,127,Alkoholfreies Bier,Getränke,,MwSt. 19%,1.19,3.277311,0.622689,Normalverkauf
S1000196.19281,SP1000196.3.19281,SY1000196.2026.19281,iPad1(1000196),196,09.06.26 17:20,Prod,A1000196.6708,Tisch 19,116,S1000196.19281,SALE,2,5.5,11.0,0.0,0.0,0.0,0.0,111,Pommes Frites,Beilagen,,MwSt. 7%,1.07,10.280374,0.719626,Normalverkauf
S1000196.19282,SP1000196.3.19282,SY1000196.2026.19282,iPad1(1000196),196,09.06.26 16:21,Prod,A1000196.6709,,116,S1000196.19282,SALE,1,6.5,6.5,0.0,0.0,0.0,0.0,118,Schokokuchen,Desserts,,MwSt. 7%,1.07,6.074766,0.425234,Normalverkauf
S1000196.19283,SP1000196.3.19283,SY1000196.2026.19283,iPad1(1000196),196,09.06.26 16:21,Prod,A1000196.6709,,116,S1000196.19283,SALE,2,10.9,21.8,0.0,0.0,0.0,0.0,109,Bismarck-Baguette,Hauptgerichte,,MwSt. 7%,1.07,20.373832,1.426168,Normalverkauf
S1000196.19284,SP1000196.3.19284,SY1000196.2026.19284,iPad1(1000196),196,09.06.26 16:21,Prod,A1000196.6709,,116,S1000196.19284,SALE,1,7.9,7.9,0.0,0.0,0.0,0.0,115,Tiramisu,Desserts,,MwSt. 7%,1.07,7.383178,0.516822,Normalverkauf
S1000196.19285,SP1000196.3.19285,SY1000196.2026.19285,iPad1(1000196),196,09.06.26 19:39,Prod,A1000196.6710,Tisch 21,115,S1000196.19285,SALE,1,10.9,10.9,0.0,0.0,0.0,0.0,109,Bismarck-Baguette,Hauptgerichte,,MwSt. 7%,1.07,10.186916,0.713084,Normalverkauf
S1000196.19286,SP1000196.3.19286,SY1000196.2026.19286,iPad1(1000196),196,09.06.26 11:40,Prod,A1000196.6711,Tisch 9,107,S1000196.19286,SALE,1,9.8,9.8,0.0,0.0,0.0,0.0,108,Seelachs-Ei-Baugette,Hauptgerichte,,MwSt. 7%,1.07,9.158879,0.641121,Normalverkauf
S1000196.19287,SP1000196.3.19287,SY1000196.2026.19287,iPad1(1000196),196,09.06.26 11:40,Prod,A1000196.6711,Tisch 9,107,S1000196.19287,SALE,1,3.9,3.9,0.0,0.0,0.0,0.0,119,Cola,Getränke,,MwSt. 19%,1.19,3.277311,0.622689,Normalverkauf
S1000196.19288,SP1000196.3.19288,SY1000196.2026.19288,iPad1(1000196),196,09.06.26 12:05,Prod,A1000196.6712,Tisch 6,105,S1000196.19288,SALE,2,3.9,7.8,0.0,0.0,0.0,0.0,124,Cola Zero,Getränke,,MwSt. 19%,1.19,6.554622,1.245378,Normalverkauf
S1000196.19289,SP1000196.3.19289,SY1000196.2026.19289,iPad1(1000196),196,09.06.26 12:05,Prod,A1000196.6712,Tisch 6,105,S1000196.19289,SALE,2,6.5,13.0,0.0,0.0,0.0,0.0,100,Fischbrötchen Backfisch,Hauptspeisen,,MwSt. 7%,1.07,12.149533,0.850467,Normalverkauf
S1000196.19290,SP1000196.3.19290,SY1000196.2026.19290,iPad1(1000196),196,09.06.26 12:05,Prod,A1000196.6712,Tisch 6,105,S1000196.19290,SALE,2,3.9,7.8,0.0,0.0,0.0,0.0,119,Cola,Getränke,,MwSt. 19%,1.19,6.554622,1.245378,Normalverkauf
S1000196.19291,SP1000196.3.19291,SY1000196.2026.19291,iPad1(1000196),196,09.06.26 18:49,Prod,A1000196.6713,Tisch 6,107,S1000196.19291,SALE,2,10.9,21.8,0.0,0.0,0.0,0.0,107,Chicken Burger,Hauptgerichte,,MwSt. 7%,1.07,20.373832,1.426168,Normalverkauf
S1000196.19292,SP1000196.3.19292,SY1000196.2026.19292,iPad1(1000196),196,09.06.26 18:49,Prod,A1000196.6713,Tisch 6,107,S1000196.19292,SALE,2,3.9,7.8,0.0,0.0,0.0,0.0,119,Cola,Getränke,,MwSt. 19%,1.19,6.554622,1.245378,Normalverkauf
S1000196.19293,SP1000196.3.19293,SY1000196.2026.19293,iPad1(1000196),196,09.06.26 18:49,Prod,A1000196.6713,Tisch 6,107,S1000196.19293,SALE,2,5.5,11.0,0.0,0.0,0.0,0.0,111,Pommes Frites,Beilagen,,MwSt. 7%,1.07,10.280374,0.719626,Normalverkauf
S1000196.19294,SP1000196.3.19294,SY1000196.2026.19294,iPad1(1000196),196,09.06.26 12:12,Prod,A1000196.6714,Tisch 22,106,S1000196.19294,SALE,1,5.5,5.5,0.0,0.0,0.0,0.0,111,Pommes Frites,Beilagen,,MwSt. 7%,1.07,5.140187,0.359813,Normalverkauf
S1000196.19295,SP1000196.3.19295,SY1000196.2026.19295,iPad1(1000196),196,10.06.26 12:47,Prod,A1000196.6715,Tisch 4,111,S1000196.19295,SALE,2,10.9,21.8,0.0,0.0,0.0,0.0,107,Chicken Burger,Hauptgerichte,,MwSt. 7%,1.07,20.373832,1.426168,Normalverkauf
S1000196.19296,SP1000196.3.19296,SY1000196.2026.19296,iPad1(1000196),196,10.06.26 13:44,Prod,A1000196.6716,Tisch 2,105,S1000196.19296,SALE,1,6.5,6.5,0.0,0.0,0.0,0.0,100,Fischbrötchen Backfisch,Hauptspeisen,,MwSt. 7%,1.07,6.074766,0.425234,Normalverkauf
S1000196.19297,SP1000196.3.19297,SY1000196.2026.19297,iPad1(1000196),196,10.06.26 17:21,Prod,A1000196.6717,Tisch 4,107,S1000196.19297,SALE,2,5.5,11.0,0.0,0.0,0.0,0.0,114,Fisch Nuggets Box,Beilagen,,MwSt. 7%,1.07,10.280374,0.719626,Normalverkauf
S1000196.19298,SP1000196.3.19298,SY1000196.2026.19298,iPad1(1000196),196,10.06.26 17:21,Prod,A1000196.6717,Tisch 4,107,S1000196.19298,SALE,2,11.9,23.8,0.0,0.0,0.0,0.0,110,Matjes-Baguette,Hauptgerichte,,MwSt. 7%,1.07,22.242991,1.557009,Normalverkauf
S1000196.19299,SP1000196.3.19299,SY1000196.2026.19299,iPad1(1000196),196,10.06.26 16:46,Prod,A1000196.6718,Tisch 4,115,S1000196.19299,SALE,2,7.9,15.8,0.0,0.0,0.0,0.0,115,Tiramisu,Desserts,,MwSt. 7%,1.07,14.766355,1.033645,Normalverkauf
S1000196.19300,SP1000196.3.19300,SY1000196.2026.19300,iPad1(1000196),196,10.06.26 10:33,Prod,A1000196.6719,Tisch 18,107,S1000196.19300,SALE,2,4.2,8.4,0.0,0.0,0.0,0.0,122,Bier,Getränke,,MwSt. 19%,1.19,7.058824,1.341176,Normalverkauf
S1000196.19301,SP1000196.3.19301,SY1000196.2026.19301,iPad1(1000196),196,10.06.26 10:33,Prod,A1000196.6719,Tisch 18,107,S1000196.19301,SALE,1,10.9,10.9,0.0,0.0,0.0,0.0,107,Chicken Burger,Hauptgerichte,,MwSt. 7%,1.07,10.186916,0.713084,Normalverkauf
S1000196.19302,SP1000196.3.19302,SY1000196.2026.19302,iPad1(1000196),196,10.06.26 10:33,Prod,A1000196.6719,Tisch 18,107,S1000196.19302,SALE,2,3.9,7.8,0.0,0.0,0.0,0.0,119,Cola,Getränke,,MwSt. 19%,1.19,6.554622,1.245378,Normalverkauf
S1000196.19303,SP1000196.3.19303,SY1000196.2026.19303,iPad1(1000196),196,10.06.26 09:42,Prod,A1000196.6720,Tisch 14,115,S1000196.19303,SALE,1,3.9,3.9,0.0,0.0,0.0,0.0,126,Spezi,Getränke,,MwSt. 19%,1.19,3.277311,0.622689,Normalverkauf
S1000196.19304,SP1000196.3.19304,SY1000196.2026.19304,iPad1(1000196),196,10.06.26 09:42,Prod,A1000196.6720,Tisch 14,115,S1000196.19304,SALE,1,4.9,4.9,0.0,0.0,0.0,0.0,112,Kartoffelwedges,Beilagen,,MwSt. 7%,1.07,4.579439,0.320561,Normalverkauf
S1000196.19305,SP1000196.3.19305,SY1000196.2026.19305,iPad1(1000196),196,10.06.26 09:42,Prod,A1000196.6720,Tisch 14,115,S1000196.19305,SALE,1,3.9,3.9,0.0,0.0,0.0,0.0,126,Spezi,Getränke,,MwSt. 19%,1.19,3.277311,0.622689,Normalverkauf
S1000196.19306,SP1000196.3.19306,SY1000196.2026.19306,iPad1(1000196),196,10.06.26 17:54,Prod,A1000196.6721,Tisch 10,105,S1000196.19306,SALE,2,9.8,19.6,0.0,0.0,0.0,0.0,108,Seelachs-Ei-Baugette,Hauptgerichte,,MwSt. 7%,1.07,18.317757,1.282243,Normalverkauf
S1000196.19307,SP1000196.3.19307,SY1000196.2026.19307,iPad1(1000196),196,10.06.26 17:54,Prod,A1000196.6721,Tisch 10,105,S1000196.19307,SALE,2,5.9,11.8,0.0,0.0,0.0,0.0,116,Vanillequark,Desserts,,MwSt. 7%,1.07,11.028037,0.771963,Normalverkauf
S1000196.19308,SP1000196.3.19308,SY1000196.2026.19308,iPad1(1000196),196,10.06.26 17:54,Prod,A1000196.6721,Tisch 10,105,S1000196.19308,SALE,2,3.9,7.8,0.0,0.0,0.0,0.0,124,Cola Zero,Getränke,,MwSt. 19%,1.19,6.554622,1.245378,Normalverkauf
S1000196.19309,SP1000196.3.19309,SY1000196.2026.19309,iPad1(1000196),196,10.06.26 08:48,Prod,A1000196.6722,Tisch 12,107,S1000196.19309,SALE,1,4.2,4.2,0.0,0.0,0.0,0.0,122,Bier,Getränke,,MwSt. 19%,1.19,3.529412,0.670588,Normalverkauf
S1000196.19310,SP1000196.3.19310,SY1000196.2026.19310,iPad1(1000196),196,10.06.26 08:48,Prod,A1000196.6722,Tisch 12,107,S1000196.19310,SALE,1,4.2,4.2,0.0,0.0,0.0,0.0,122,Bier,Getränke,,MwSt. 19%,1.19,3.529412,0.670588,Normalverkauf
S1000196.19311,SP1000196.3.19311,SY1000196.2026.19311,iPad1(1000196),196,10.06.26 11:08,Prod,A1000196.6723,Tisch 19,106,S1000196.19311,SALE,1,3.9,3.9,0.0,0.0,0.0,0.0,124,Cola Zero,Getränke,,MwSt. 19%,1.19,3.277311,0.622689,Normalverkauf
S1000196.19312,SP1000196.3.19312,SY1000196.2026.19312,iPad1(1000196),196,10.06.26 11:08,Prod,A1000196.6723,Tisch 19,106,S1000196.19312,SALE,1,5.5,5.5,0.0,0.0,0.0,0.0,111,Pommes Frites,Beilagen,,MwSt. 7%,1.07,5.140187,0.359813,Normalverkauf
S1000196.19313,SP1000196.3.19313,SY1000196.2026.19313,iPad1(1000196),196,10.06.26 19:42,Prod,A1000196.6724,Tisch 18,105,S1000196.19313,SALE,2,3.9,7.8,0.0,0.0,0.0,0.0,126,Spezi,Getränke,,MwSt. 19%,1.19,6.554622,1.245378,Normalverkauf
S1000196.19314,SP1000196.3.19314,SY1000196.2026.19314,iPad1(1000196),196,10.06.26 19:42,Prod,A1000196.6724,Tisch 18,105,S1000196.19314,SALE,2,3.9,7.8,0.0,0.0,0.0,0.0,119,Cola,Getränke,,MwSt. 19%,1.19,6.554622,1.245378,Normalverkauf
S1000196.19315,SP1000196.3.19315,SY1000196.2026.19315,iPad1(1000196),196,10.06.26 19:42,Prod,A1000196.6724,Tisch 18,105,S1000196.19315,SALE,1,3.9,3.9,0.0,0.0,0.0,0.0,119,Cola,Getränke,,MwSt. 19%,1.19,3.277311,0.622689,Normalverkauf
S1000196.19316,SP1000196.3.19316,SY1000196.2026.19316,iPad1(1000196),196,10.06.26 13:31,Prod,A1000196.6725,Tisch 20,116,S1000196.19316,SALE,1,10.9,10.9,0.0,0.0,0.0,0.0,109,Bismarck-Baguette,Hauptgerichte,,MwSt. 7%,1.07,10.186916,0.713084,Normalverkauf
S1000196.19317,SP1000196.3.19317,SY1000196.2026.19317,iPad1(1000196),196,10.06.26 19:08,Prod,A1000196.6726,Tisch 1,116,S1000196.19317,SALE,1,3.9,3.9,0.0,0.0,0.0,0.0,119,Cola,Getränke,,MwSt. 19%,1.19,3.277311,0.622689,Normalverkauf
S1000196.19318,SP1000196.3.19318,SY1000196.2026.19318,iPad1(1000196),196,10.06.26 19:08,Prod,A1000196.6726,Tisch 1,116,S1000196.19318,SALE,2,5.5,11.0,0.0,0.0,0.0,0.0,114,Fisch Nuggets Box,Beilagen,,MwSt. 7%,1.07,10.280374,0.719626,Normalverkauf
S1000196.19319,SP1000196.3.19319,SY1000196.2026.19319,iPad1(1000196),196,10.06.26 19:08,Prod,A1000196.6726,Tisch 1,116,S1000196.19319,SALE,2,3.2,6.4,0.0,0.0,0.0,0.0,120,Apfelschorle,Getränke,,MwSt. 19%,1.19,5.378151,1.021849,Normalverkauf
S1000196.19320,SP1000196.3.19320,SY1000196.2026.19320,iPad1(1000196),196,10.06.26 11:29,Prod,A1000196.6727,Tisch 16,111,S1000196.19320,SALE,2,3.9,7.8,0.0,0.0,0.0,0.0,119,Cola,Getränke,,MwSt. 19%,1.19,6.554622,1.245378,Normalverkauf
S1000196.19321,SP1000196.3.19321,SY1000196.2026.19321,iPad1(1000196),196,10.06.26 11:29,Prod,A1000196.6727,Tisch 16,111,S1000196.19321,SALE,2,6.9,13.8,0.0,0.0,0.0,0.0,113,Garnelen Box,Beilagen,,MwSt. 7%,1.07,12.897196,0.902804,Normalverkauf
S1000196.19322,SP1000196.3.19322,SY1000196.2026.19322,iPad1(1000196),196,10.06.26 11:29,Prod,A1000196.6727,Tisch 16,111,S1000196.19322,SALE,2,3.2,6.4,0.0,0.0,0.0,0.0,120,Apfelschorle,Getränke,,MwSt. 19%,1.19,5.378151,1.021849,Normalverkauf
S1000196.19323,SP1000196.3.19323,SY1000196.2026.19323,iPad1(1000196),196,10.06.26 18:03,Prod,A1000196.6728,Tisch 4,116,S1000196.19323,SALE,2,4.9,9.8,0.0,0.0,0.0,0.0,112,Kartoffelwedges,Beilagen,,MwSt. 7%,1.07,9.158879,0.641121,Normalverkauf
S1000196.19324,SP1000196.3.19324,SY1000196.2026.19324,iPad1(1000196),196,10.06.26 18:03,Prod,A1000196.6728,Tisch 4,116,S1000196.19324,SALE,1,6.9,6.9,0.0,0.0,0.0,0.0,113,Garnelen Box,Beilagen,,MwSt. 7%,1.07,6.448598,0.451402,Normalverkauf
S1000196.19325,SP1000196.3.19325,SY1000196.2026.19325,iPad1(1000196),196,10.06.26 18:03,Prod,A1000196.6728,Tisch 4,116,S1000196.19325,SALE,1,10.9,10.9,0.0,0.0,0.0,0.0,109,Bismarck-Baguette,Hauptgerichte,,MwSt. 7%,1.07,10.186916,0.713084,Normalverkauf
S1000196.19326,SP1000196.3.19326,SY1000196.2026.19326,iPad1(1000196),196,10.06.26 16:02,Prod,A1000196.6729,Tisch 18,106,S1000196.19326,SALE,1,3.9,3.9,0.0,0.0,0.0,0.0,124,Cola Zero,Getränke,,MwSt. 19%,1.19,3.277311,0.622689,Normalverkauf
S1000196.19327,SP1000196.3.19327,SY1000196.2026.19327,iPad1(1000196),196,10.06.26 16:02,Prod,A1000196.6729,Tisch 18,106,S1000196.19327,SALE,1,10.9,10.9,0.0,0.0,0.0,0.0,104,Thunfisch Wrap,Hauptgerichte,,MwSt. 7%,1.07,10.186916,0.713084,Normalverkauf
S1000196.19328,SP1000196.3.19328,SY1000196.2026.19328,iPad1(1000196),196,10.06.26 10:13,Prod,A1000196.6730,Tisch 20,111,S1000196.19328,SALE,2,10.9,21.8,0.0,0.0,0.0,0.0,109,Bismarck-Baguette,Hauptgerichte,,MwSt. 7%,1.07,20.373832,1.426168,Normalverkauf
S1000196.19329,SP1000196.3.19329,SY1000196.2026.19329,iPad1(1000196),196,10.06.26 10:13,Prod,A1000196.6730,Tisch 20,111,S1000196.19329,SALE,2,5.5,11.0,0.0,0.0,0.0,0.0,114,Fisch Nuggets Box,Beilagen,,MwSt. 7%,1.07,10.280374,0.719626,Normalverkauf
S1000196.19330,SP1000196.3.19330,SY1000196.2026.19330,iPad1(1000196),196,10.06.26 10:13,Prod,A1000196.6730,Tisch 20,111,S1000196.19330,SALE,1,3.9,3.9,0.0,0.0,0.0,0.0,119,Cola,Getränke,,MwSt. 19%,1.19,3.277311,0.622689,Normalverkauf
S1000196.19331,SP1000196.3.19331,SY1000196.2026.19331,iPad1(1000196),196,10.06.26 18:01,Prod,A1000196.6731,Tisch 10,106,S1000196.19331,SALE,2,9.8,19.6,0.0,0.0,0.0,0.0,108,Seelachs-Ei-Baugette,Hauptgerichte,,MwSt. 7%,1.07,18.317757,1.282243,Normalverkauf
S1000196.19332,SP1000196.3.19332,SY1000196.2026.19332,iPad1(1000196),196,10.06.26 11:46,Prod,A1000196.6732,Tisch 16,111,S1000196.19332,SALE,2,6.9,13.8,0.0,0.0,0.0,0.0,103,Fischbrötchen Räucherlachs,Hauptspeisen,,MwSt. 7%,1.07,12.897196,0.902804,Normalverkauf
S1000196.19333,SP1000196.3.19333,SY1000196.2026.19333,iPad1(1000196),196,10.06.26 11:46,Prod,A1000196.6732,Tisch 16,111,S1000196.19333,SALE,2,5.5,11.0,0.0,0.0,0.0,0.0,111,Pommes Frites,Beilagen,,MwSt. 7%,1.07,10.280374,0.719626,Normalverkauf
S1000196.19334,SP1000196.3.19334,SY1000196.2026.19334,iPad1(1000196),196,10.06.26 11:46,Prod,A1000196.6732,Tisch 16,111,S1000196.19334,SALE,2,6.5,13.0,0.0,0.0,0.0,0.0,100,Fischbrötchen Backfisch,Hauptspeisen,,MwSt. 7%,1.07,12.149533,0.850467,Normalverkauf
S1000196.19335,SP1000196.3.19335,SY1000196.2026.19335,iPad1(1000196),196,10.06.26 16:17,Prod,A1000196.6733,Tisch 21,107,S1000196.19335,SALE,2,6.9,13.8,0.0,0.0,0.0,0.0,113,Garnelen Box,Beilagen,,MwSt. 7%,1.07,12.897196,0.902804,Normalverkauf
S1000196.19336,SP1000196.3.19336,SY1000196.2026.19336,iPad1(1000196),196,10.06.26 16:17,Prod,A1000196.6733,Tisch 21,107,S1000196.19336,SALE,2,4.9,9.8,0.0,0.0,0.0,0.0,112,Kartoffelwedges,Beilagen,,MwSt. 7%,1.07,9.158879,0.641121,Normalverkauf
S1000196.19337,SP1000196.3.19337,SY1000196.2026.19337,iPad1(1000196),196,10.06.26 14:43,Prod,A1000196.6734,Tisch 23,115,S1000196.19337,SALE,2,10.9,21.8,0.0,0.0,0.0,0.0,104,Thunfisch Wrap,Hauptgerichte,,MwSt. 7%,1.07,20.373832,1.426168,Normalverkauf
S1000196.19338,SP1000196.3.19338,SY1000196.2026.19338,iPad1(1000196),196,10.06.26 14:43,Prod,A1000196.6734,Tisch 23,115,S1000196.19338,SALE,1,10.9,10.9,0.0,0.0,0.0,0.0,107,Chicken Burger,Hauptgerichte,,MwSt. 7%,1.07,10.186916,0.713084,Normalverkauf
S1000196.19339,SP1000196.3.19339,SY1000196.2026.19339,iPad1(1000196),196,10.06.26 14:43,Prod,A1000196.6734,Tisch 23,115,S1000196.19339,SALE,1,6.9,6.9,0.0,0.0,0.0,0.0,113,Garnelen Box,Beilagen,,MwSt. 7%,1.07,6.448598,0.451402,Normalverkauf
S1000196.19340,SP1000196.3.19340,SY1000196.2026.19340,iPad1(1000196),196,10.06.26 09:02,Prod,A1000196.6735,Tisch 22,105,S1000196.19340,SALE,1,5.9,5.9,0.0,0.0,0.0,0.0,117,Rote Grütze,Desserts,,MwSt. 7%,1.07,5.514019,0.385981,Normalverkauf
S1000196.19341,SP1000196.3.19341,SY1000196.2026.19341,iPad1(1000196),196,10.06.26 09:02,Prod,A1000196.6735,Tisch 22,105,S1000196.19341,SALE,1,9.8,9.8,0.0,0.0,0.0,0.0,108,Seelachs-Ei-Baugette,Hauptgerichte,,MwSt. 7%,1.07,9.158879,0.641121,Normalverkauf
S1000196.19342,SP1000196.3.19342,SY1000196.2026.19342,iPad1(1000196),196,10.06.26 09:02,Prod,A1000196.6735,Tisch 22,105,S1000196.19342,SALE,1,14.5,14.5,0.0,0.0,0.0,0.0,101,Lachs,Hauptspeisen,,MwSt. 7%,1.07,13.551402,0.948598,Normalverkauf
S1000196.19343,SP1000196.3.19343,SY1000196.2026.19343,iPad1(1000196),196,10.06.26 19:55,Prod,A1000196.6736,Tisch 2,116,S1000196.19343,SALE,2,9.8,19.6,0.0,0.0,0.0,0.0,108,Seelachs-Ei-Baugette,Hauptgerichte,,MwSt. 7%,1.07,18.317757,1.282243,Normalverkauf
S1000196.19344,SP1000196.3.19344,SY1000196.2026.19344,iPad1(1000196),196,10.06.26 19:55,Prod,A1000196.6736,Tisch 2,116,S1000196.19344,SALE,2,11.5,23.0,0.0,0.0,0.0,0.0,105,Garnelen-Kimchi-Bruger,Hauptgerichte,,MwSt. 7%,1.07,21.495327,1.504673,Normalverkauf
S1000196.19345,SP1000196.3.19345,SY1000196.2026.19345,iPad1(1000196),196,10.06.26 19:55,Prod,A1000196.6736,Tisch 2,116,S1000196.19345,SALE,2,10.9,21.8,0.0,0.0,0.0,0.0,104,Thunfisch Wrap,Hauptgerichte,,MwSt. 7%,1.07,20.373832,1.426168,Normalverkauf
S1000196.19346,SP1000196.3.19346,SY1000196.2026.19346,iPad1(1000196),196,10.06.26 20:25,Prod,A1000196.6737,Tisch 8,105,S1000196.19346,SALE,2,5.9,11.8,0.0,0.0,0.0,0.0,123,Inger-Limonade,Getränke,,MwSt. 19%,1.19,9.915966,1.884034,Normalverkauf
S1000196.19347,SP1000196.3.19347,SY1000196.2026.19347,iPad1(1000196),196,10.06.26 17:27,Prod,A1000196.6738,Tisch 24,106,S1000196.19347,SALE,2,7.9,15.8,0.0,0.0,0.0,0.0,115,Tiramisu,Desserts,,MwSt. 7%,1.07,14.766355,1.033645,Normalverkauf
S1000196.19348,SP1000196.3.19348,SY1000196.2026.19348,iPad1(1000196),196,10.06.26 17:27,Prod,A1000196.6738,Tisch 24,106,S1000196.19348,SALE,2,3.9,7.8,0.0,0.0,0.0,0.0,119,Cola,Getränke,,MwSt. 19%,1.19,6.554622,1.245378,Normalverkauf
S1000196.19349,SP1000196.3.19349,SY1000196.2026.19349,iPad1(1000196),196,10.06.26 17:27,Prod,A1000196.6738,Tisch 24,106,S1000196.19349,SALE,2,6.9,13.8,0.0,0.0,0.0,0.0,113,Garnelen Box,Beilagen,,MwSt. 7%,1.07,12.897196,0.902804,Normalverkauf
S1000196.19350,SP1000196.3.19350,SY1000196.2026.19350,iPad1(1000196),196,10.06.26 12:40,Prod,A1000196.6739,Tisch 7,111,S1000196.19350,SALE,2,2.8,5.6,0.0,0.0,0.0,0.0,121,Mineralwasser,Getränke,,MwSt. 19%,1.19,4.705882,0.894118,Normalverkauf
S1000196.19351,SP1000196.3.19351,SY1000196.2026.19351,iPad1(1000196),196,10.06.26 12:40,Prod,A1000196.6739,Tisch 7,111,S1000196.19351,SALE,2,4.2,8.4,0.0,0.0,0.0,0.0,122,Bier,Getränke,,MwSt. 19%,1.19,7.058824,1.341176,Normalverkauf
S1000196.19352,SP1000196.3.19352,SY1000196.2026.19352,iPad1(1000196),196,10.06.26 12:40,Prod,A1000196.6739,Tisch 7,111,S1000196.19352,SALE,2,3.2,6.4,0.0,0.0,0.0,0.0,120,Apfelschorle,Getränke,,MwSt. 19%,1.19,5.378151,1.021849,Normalverkauf
S1000196.19353,SP1000196.3.19353,SY1000196.2026.19353,iPad1(1000196),196,10.06.26 17:15,Prod,A1000196.6740,Tisch 9,105,S1000196.19353,SALE,2,3.9,7.8,0.0,0.0,0.0,0.0,126,Spezi,Getränke,,MwSt. 19%,1.19,6.554622,1.245378,Normalverkauf
S1000196.19354,SP1000196.3.19354,SY1000196.2026.19354,iPad1(1000196),196,10.06.26 17:15,Prod,A1000196.6740,Tisch 9,105,S1000196.19354,SALE,1,3.2,3.2,0.0,0.0,0.0,0.0,120,Apfelschorle,Getränke,,MwSt. 19%,1.19,2.689076,0.510924,Normalverkauf
S1000196.19355,SP1000196.3.19355,SY1000196.2026.19355,iPad1(1000196),196,10.06.26 10:18,Prod,A1000196.6741,Tisch 21,115,S1000196.19355,SALE,2,5.9,11.8,0.0,0.0,0.0,0.0,123,Inger-Limonade,Getränke,,MwSt. 19%,1.19,9.915966,1.884034,Normalverkauf
S1000196.19356,SP1000196.3.19356,SY1000196.2026.19356,iPad1(1000196),196,10.06.26 19:00,Prod,A1000196.6742,Tisch 17,107,S1000196.19356,SALE,1,5.5,5.5,0.0,0.0,0.0,0.0,111,Pommes Frites,Beilagen,,MwSt. 7%,1.07,5.140187,0.359813,Normalverkauf
S1000196.19357,SP1000196.3.19357,SY1000196.2026.19357,iPad1(1000196),196,10.06.26 20:09,Prod,A1000196.6743,,111,S1000196.19357,SALE,1,5.5,5.5,0.0,0.0,0.0,0.0,114,Fisch Nuggets Box,Beilagen,,MwSt. 7%,1.07,5.140187,0.359813,Normalverkauf
S1000196.19358,SP1000196.3.19358,SY1000196.2026.19358,iPad1(1000196),196,10.06.26 20:09,Prod,A1000196.6743,,111,S1000196.19358,SALE,1,6.5,6.5,0.0,0.0,0.0,0.0,100,Fischbrötchen Backfisch,Hauptspeisen,,MwSt. 7%,1.07,6.074766,0.425234,Normalverkauf
S1000196.19359,SP1000196.3.19359,SY1000196.2026.19359,iPad1(1000196),196,10.06.26 20:09,Prod,A1000196.6743,,111,S1000196.19359,SALE,2,6.5,13.0,0.0,0.0,0.0,0.0,118,Schokokuchen,Desserts,,MwSt. 7%,1.07,12.149533,0.850467,Normalverkauf
S1000196.19360,SP1000196.3.19360,SY1000196.2026.19360,iPad1(1000196),196,10.06.26 12:26,Prod,A1000196.6744,Tisch 9,115,S1000196.19360,SALE,1,3.9,3.9,0.0,0.0,0.0,0.0,126,Spezi,Getränke,,MwSt. 19%,1.19,3.277311,0.622689,Normalverkauf
S1000196.19361,SP1000196.3.19361,SY1000196.2026.19361,iPad1(1000196),196,10.06.26 12:26,Prod,A1000196.6744,Tisch 9,115,S1000196.19361,SALE,2,14.5,29.0,0.0,0.0,0.0,0.0,101,Lachs,Hauptspeisen,,MwSt. 7%,1.07,27.102804,1.897196,Normalverkauf
S1000196.19362,SP1000196.3.19362,SY1000196.2026.19362,iPad1(1000196),196,10.06.26 12:26,Prod,A1000196.6744,Tisch 9,115,S1000196.19362,SALE,1,4.9,4.9,0.0,0.0,0.0,0.0,112,Kartoffelwedges,Beilagen,,MwSt. 7%,1.07,4.579439,0.320561,Normalverkauf
S1000196.19363,SP1000196.3.19363,SY1000196.2026.19363,iPad1(1000196),196,10.06.26 10:31,Prod,A1000196.6745,,106,S1000196.19363,SALE,1,3.2,3.2,0.0,0.0,0.0,0.0,120,Apfelschorle,Getränke,,MwSt. 19%,1.19,2.689076,0.510924,Normalverkauf
S1000196.19364,SP1000196.3.19364,SY1000196.2026.19364,iPad1(1000196),196,10.06.26 08:16,Prod,A1000196.6746,Tisch 16,107,S1000196.19364,SALE,1,2.8,2.8,0.0,0.0,0.0,0.0,121,Mineralwasser,Getränke,,MwSt. 19%,1.19,2.352941,0.447059,Normalverkauf
S1000196.19365,SP1000196.3.19365,SY1000196.2026.19365,iPad1(1000196),196,10.06.26 20:50,Prod,A1000196.6747,Tisch 9,106,S1000196.19365,VOID,1,3.9,3.9,0.0,0.0,0.0,0.0,119,Cola,Getränke,,MwSt. 19%,1.19,3.277311,0.622689,Normalverkauf
S1000196.19366,SP1000196.3.19366,SY1000196.2026.19366,iPad1(1000196),196,10.06.26 20:50,Prod,A1000196.6747,Tisch 9,106,S1000196.19366,VOID,1,3.9,3.9,0.0,0.0,0.0,0.0,119,Cola,Getränke,,MwSt. 19%,1.19,3.277311,0.622689,Normalverkauf
S1000196.19367,SP1000196.3.19367,SY1000196.2026.19367,iPad1(1000196),196,10.06.26 20:50,Prod,A1000196.6747,Tisch 9,106,S1000196.19367,VOID,1,7.9,7.9,0.0,0.0,0.0,0.0,106,Neptun-Ringe,Beilagen,,MwSt. 7%,1.07,7.383178,0.516822,Normalverkauf
S1000196.19368,SP1000196.3.19368,SY1000196.2026.19368,iPad1(1000196),196,10.06.26 11:48,Prod,A1000196.6748,Tisch 22,116,S1000196.19368,SALE,1,4.2,4.2,0.0,0.0,0.0,0.0,122,Bier,Getränke,,MwSt. 19%,1.19,3.529412,0.670588,Normalverkauf
S1000196.19369,SP1000196.3.19369,SY1000196.2026.19369,iPad1(1000196),196,10.06.26 11:48,Prod,A1000196.6748,Tisch 22,116,S1000196.19369,SALE,2,3.2,6.4,0.0,0.0,0.0,0.0,120,Apfelschorle,Getränke,,MwSt. 19%,1.19,5.378151,1.021849,Normalverkauf
S1000196.19370,SP1000196.3.19370,SY1000196.2026.19370,iPad1(1000196),196,10.06.26 13:49,Prod,A1000196.6749,Tisch 23,115,S1000196.19370,SALE,2,5.9,11.8,0.0,0.0,0.0,0.0,117,Rote Grütze,Desserts,,MwSt. 7%,1.07,11.028037,0.771963,Normalverkauf
S1000196.19371,SP1000196.3.19371,SY1000196.2026.19371,iPad1(1000196),196,10.06.26 13:49,Prod,A1000196.6749,Tisch 23,115,S1000196.19371,SALE,1,11.9,11.9,0.0,0.0,0.0,0.0,110,Matjes-Baguette,Hauptgerichte,,MwSt. 7%,1.07,11.121495,0.778505,Normalverkauf
S1000196.19372,SP1000196.3.19372,SY1000196.2026.19372,iPad1(1000196),196,10.06.26 13:49,Prod,A1000196.6749,Tisch 23,115,S1000196.19372,SALE,2,3.2,6.4,0.0,0.0,0.0,0.0,120,Apfelschorle,Getränke,,MwSt. 19%,1.19,5.378151,1.021849,Normalverkauf
S1000196.19373,SP1000196.3.19373,SY1000196.2026.19373,iPad1(1000196),196,10.06.26 12:15,Prod,A1000196.6750,Tisch 2,116,S1000196.19373,SALE,1,11.5,11.5,0.0,0.0,0.0,0.0,105,Garnelen-Kimchi-Bruger,Hauptgerichte,,MwSt. 7%,1.07,10.747664,0.752336,Normalverkauf
S1000196.19374,SP1000196.3.19374,SY1000196.2026.19374,iPad1(1000196),196,10.06.26 11:41,Prod,A1000196.6751,Tisch 2,115,S1000196.19374,SALE,2,4.9,9.8,0.0,0.0,0.0,0.0,112,Kartoffelwedges,Beilagen,,MwSt. 7%,1.07,9.158879,0.641121,Normalverkauf
S1000196.19375,SP1000196.3.19375,SY1000196.2026.19375,iPad1(1000196),196,10.06.26 11:41,Prod,A1000196.6751,Tisch 2,115,S1000196.19375,SALE,2,7.9,15.8,0.0,0.0,0.0,0.0,115,Tiramisu,Desserts,,MwSt. 7%,1.07,14.766355,1.033645,Normalverkauf
S1000196.19376,SP1000196.3.19376,SY1000196.2026.19376,iPad1(1000196),196,10.06.26 20:48,Prod,A1000196.6752,Tisch 19,101,S1000196.19376,SALE,1,5.9,5.9,0.0,0.0,0.0,0.0,125,Zitronen-Limonade,Getränke,,MwSt. 19%,1.19,4.957983,0.942017,Normalverkauf
S1000196.19377,SP1000196.3.19377,SY1000196.2026.19377,iPad1(1000196),196,10.06.26 20:48,Prod,A1000196.6752,Tisch 19,101,S1000196.19377,SALE,1,3.2,3.2,0.0,0.0,0.0,0.0,120,Apfelschorle,Getränke,,MwSt. 19%,1.19,2.689076,0.510924,Normalverkauf
S1000196.19378,SP1000196.3.19378,SY1000196.2026.19378,iPad1(1000196),196,10.06.26 20:48,Prod,A1000196.6752,Tisch 19,101,S1000196.19378,SALE,1,10.9,10.9,0.0,0.0,0.0,0.0,107,Chicken Burger,Hauptgerichte,,MwSt. 7%,1.07,10.186916,0.713084,Normalverkauf
S1000196.19379,SP1000196.3.19379,SY1000196.2026.19379,iPad1(1000196),196,10.06.26 18:05,Prod,A1000196.6753,Tisch 3,116,S1000196.19379,SALE,1,9.8,9.8,0.0,0.0,0.0,0.0,108,Seelachs-Ei-Baugette,Hauptgerichte,,MwSt. 7%,1.07,9.158879,0.641121,Normalverkauf
S1000196.19380,SP1000196.3.19380,SY1000196.2026.19380,iPad1(1000196),196,10.06.26 13:47,Prod,A1000196.6754,Tisch 11,101,S1000196.19380,SALE,2,3.9,7.8,0.0,0.0,0.0,0.0,127,Alkoholfreies Bier,Getränke,,MwSt. 19%,1.19,6.554622,1.245378,Normalverkauf
S1000196.19381,SP1000196.3.19381,SY1000196.2026.19381,iPad1(1000196),196,10.06.26 17:50,Prod,A1000196.6755,Tisch 22,101,S1000196.19381,SALE,2,5.9,11.8,0.0,0.0,0.0,0.0,116,Vanillequark,Desserts,,MwSt. 7%,1.07,11.028037,0.771963,Normalverkauf
S1000196.19382,SP1000196.3.19382,SY1000196.2026.19382,iPad1(1000196),196,10.06.26 17:50,Prod,A1000196.6755,Tisch 22,101,S1000196.19382,SALE,2,6.5,13.0,0.0,0.0,0.0,0.0,100,Fischbrötchen Backfisch,Hauptspeisen,,MwSt. 7%,1.07,12.149533,0.850467,Normalverkauf
S1000196.19383,SP1000196.3.19383,SY1000196.2026.19383,iPad1(1000196),196,10.06.26 17:50,Prod,A1000196.6755,Tisch 22,101,S1000196.19383,SALE,1,4.9,4.9,0.0,0.0,0.0,0.0,112,Kartoffelwedges,Beilagen,,MwSt. 7%,1.07,4.579439,0.320561,Normalverkauf
S1000196.19384,SP1000196.3.19384,SY1000196.2026.19384,iPad1(1000196),196,10.06.26 20:56,Prod,A1000196.6756,Tisch 23,105,S1000196.19384,VOID,2,10.9,21.8,0.0,0.0,0.0,0.0,107,Chicken Burger,Hauptgerichte,,MwSt. 7%,1.07,20.373832,1.426168,Normalverkauf
S1000196.19385,SP1000196.3.19385,SY1000196.2026.19385,iPad1(1000196),196,10.06.26 20:56,Prod,A1000196.6756,Tisch 23,105,S1000196.19385,VOID,2,6.5,13.0,0.0,0.0,0.0,0.0,118,Schokokuchen,Desserts,,MwSt. 7%,1.07,12.149533,0.850467,Normalverkauf
S1000196.19386,SP1000196.3.19386,SY1000196.2026.19386,iPad1(1000196),196,10.06.26 20:56,Prod,A1000196.6756,Tisch 23,105,S1000196.19386,VOID,2,7.9,15.8,0.0,0.0,0.0,0.0,115,Tiramisu,Desserts,,MwSt. 7%,1.07,14.766355,1.033645,Normalverkauf
S1000196.19387,SP1000196.3.19387,SY1000196.2026.19387,iPad1(1000196),196,10.06.26 16:23,Prod,A1000196.6757,Tisch 11,101,S1000196.19387,SALE,1,3.9,3.9,0.0,0.0,0.0,0.0,119,Cola,Getränke,,MwSt. 19%,1.19,3.277311,0.622689,Normalverkauf
S1000196.19388,SP1000196.3.19388,SY1000196.2026.19388,iPad1(1000196),196,10.06.26 16:23,Prod,A1000196.6757,Tisch 11,101,S1000196.19388,SALE,1,3.9,3.9,0.0,0.0,0.0,0.0,126,Spezi,Getränke,,MwSt. 19%,1.19,3.277311,0.622689,Normalverkauf
S1000196.19389,SP1000196.3.19389,SY1000196.2026.19389,iPad1(1000196),196,10.06.26 19:13,Prod,A1000196.6758,Tisch 18,106,S1000196.19389,SALE,1,14.5,14.5,0.0,0.0,0.0,0.0,101,Lachs,Hauptspeisen,,MwSt. 7%,1.07,13.551402,0.948598,Normalverkauf
S1000196.19390,SP1000196.3.19390,SY1000196.2026.19390,iPad1(1000196),196,10.06.26 19:13,Prod,A1000196.6758,Tisch 18,106,S1000196.19390,SALE,1,5.5,5.5,0.0,0.0,0.0,0.0,111,Pommes Frites,Beilagen,,MwSt. 7%,1.07,5.140187,0.359813,Normalverkauf
S1000196.19391,SP1000196.3.19391,SY1000196.2026.19391,iPad1(1000196),196,10.06.26 12:03,Prod,A1000196.6759,Tisch 11,106,S1000196.19391,SALE,1,3.9,3.9,0.0,0.0,0.0,0.0,127,Alkoholfreies Bier,Getränke,,MwSt. 19%,1.19,3.277311,0.622689,Normalverkauf
S1000196.19392,SP1000196.3.19392,SY1000196.2026.19392,iPad1(1000196),196,10.06.26 12:03,Prod,A1000196.6759,Tisch 11,106,S1000196.19392,SALE,1,11.5,11.5,0.0,0.0,0.0,0.0,105,Garnelen-Kimchi-Bruger,Hauptgerichte,,MwSt. 7%,1.07,10.747664,0.752336,Normalverkauf
S1000196.19393,SP1000196.3.19393,SY1000196.2026.19393,iPad1(1000196),196,10.06.26 19:04,Prod,A1000196.6760,Tisch 1,106,S1000196.19393,SALE,2,3.2,6.4,0.0,0.0,0.0,0.0,120,Apfelschorle,Getränke,,MwSt. 19%,1.19,5.378151,1.021849,Normalverkauf
S1000196.19394,SP1000196.3.19394,SY1000196.2026.19394,iPad1(1000196),196,10.06.26 19:04,Prod,A1000196.6760,Tisch 1,106,S1000196.19394,SALE,1,2.8,2.8,0.0,0.0,0.0,0.0,121,Mineralwasser,Getränke,,MwSt. 19%,1.19,2.352941,0.447059,Normalverkauf
S1000196.19395,SP1000196.3.19395,SY1000196.2026.19395,iPad1(1000196),196,10.06.26 13:46,Prod,A1000196.6761,Tisch 2,105,S1000196.19395,SALE,2,5.5,11.0,0.0,0.0,0.0,0.0,111,Pommes Frites,Beilagen,,MwSt. 7%,1.07,10.280374,0.719626,Normalverkauf
S1000196.19396,SP1000196.3.19396,SY1000196.2026.19396,iPad1(1000196),196,10.06.26 13:46,Prod,A1000196.6761,Tisch 2,105,S1000196.19396,SALE,1,3.9,3.9,0.0,0.0,0.0,0.0,124,Cola Zero,Getränke,,MwSt. 19%,1.19,3.277311,0.622689,Normalverkauf
S1000196.19397,SP1000196.3.19397,SY1000196.2026.19397,iPad1(1000196),196,10.06.26 16:44,Prod,A1000196.6762,Tisch 21,107,S1000196.19397,SALE,2,3.9,7.8,0.0,0.0,0.0,0.0,124,Cola Zero,Getränke,,MwSt. 19%,1.19,6.554622,1.245378,Normalverkauf
S1000196.19398,SP1000196.3.19398,SY1000196.2026.19398,iPad1(1000196),196,10.06.26 16:44,Prod,A1000196.6762,Tisch 21,107,S1000196.19398,SALE,2,5.9,11.8,0.0,0.0,0.0,0.0,117,Rote Grütze,Desserts,,MwSt. 7%,1.07,11.028037,0.771963,Normalverkauf
S1000196.19399,SP1000196.3.19399,SY1000196.2026.19399,iPad1(1000196),196,10.06.26 17:30,Prod,A1000196.6763,Tisch 18,115,S1000196.19399,VOID,1,10.9,10.9,0.0,0.0,0.0,0.0,107,Chicken Burger,Hauptgerichte,,MwSt. 7%,1.07,10.186916,0.713084,Normalverkauf
S1000196.19400,SP1000196.3.19400,SY1000196.2026.19400,iPad1(1000196),196,10.06.26 13:37,Prod,A1000196.6764,Tisch 20,111,S1000196.19400,SALE,1,3.2,3.2,0.0,0.0,0.0,0.0,120,Apfelschorle,Getränke,,MwSt. 19%,1.19,2.689076,0.510924,Normalverkauf
S1000196.19401,SP1000196.3.19401,SY1000196.2026.19401,iPad1(1000196),196,10.06.26 13:37,Prod,A1000196.6764,Tisch 20,111,S1000196.19401,SALE,1,10.9,10.9,0.0,0.0,0.0,0.0,107,Chicken Burger,Hauptgerichte,,MwSt. 7%,1.07,10.186916,0.713084,Normalverkauf
S1000196.19402,SP1000196.3.19402,SY1000196.2026.19402,iPad1(1000196),196,10.06.26 13:37,Prod,A1000196.6764,Tisch 20,111,S1000196.19402,SALE,2,11.5,23.0,0.0,0.0,0.0,0.0,105,Garnelen-Kimchi-Bruger,Hauptgerichte,,MwSt. 7%,1.07,21.495327,1.504673,Normalverkauf
S1000196.19403,SP1000196.3.19403,SY1000196.2026.19403,iPad1(1000196),196,10.06.26 19:18,Prod,A1000196.6765,Tisch 20,116,S1000196.19403,VOID,2,5.5,11.0,0.0,0.0,0.0,0.0,111,Pommes Frites,Beilagen,,MwSt. 7%,1.07,10.280374,0.719626,Normalverkauf
S1000196.19404,SP1000196.3.19404,SY1000196.2026.19404,iPad1(1000196),196,10.06.26 19:18,Prod,A1000196.6765,Tisch 20,116,S1000196.19404,VOID,1,10.9,10.9,0.0,0.0,0.0,0.0,107,Chicken Burger,Hauptgerichte,,MwSt. 7%,1.07,10.186916,0.713084,Normalverkauf
S1000196.19405,SP1000196.3.19405,SY1000196.2026.19405,iPad1(1000196),196,10.06.26 19:18,Prod,A1000196.6765,Tisch 20,116,S1000196.19405,VOID,2,5.5,11.0,0.0,0.0,0.0,0.0,111,Pommes Frites,Beilagen,,MwSt. 7%,1.07,10.280374,0.719626,Normalverkauf
S1000196.19406,SP1000196.3.19406,SY1000196.2026.19406,iPad1(1000196),196,10.06.26 11:57,Prod,A1000196.6766,Tisch 20,111,S1000196.19406,SALE,1,3.9,3.9,0.0,0.0,0.0,0.0,127,Alkoholfreies Bier,Getränke,,MwSt. 19%,1.19,3.277311,0.622689,Normalverkauf
S1000196.19407,SP1000196.3.19407,SY1000196.2026.19407,iPad1(1000196),196,10.06.26 11:57,Prod,A1000196.6766,Tisch 20,111,S1000196.19407,SALE,2,9.8,19.6,0.0,0.0,0.0,0.0,108,Seelachs-Ei-Baugette,Hauptgerichte,,MwSt. 7%,1.07,18.317757,1.282243,Normalverkauf
S1000196.19408,SP1000196.3.19408,SY1000196.2026.19408,iPad1(1000196),196,10.06.26 11:57,Prod,A1000196.6766,Tisch 20,111,S1000196.19408,SALE,1,3.9,3.9,0.0,0.0,0.0,0.0,126,Spezi,Getränke,,MwSt. 19%,1.19,3.277311,0.622689,Normalverkauf
S1000196.19409,SP1000196.3.19409,SY1000196.2026.19409,iPad1(1000196),196,10.06.26 20:12,Prod,A1000196.6767,Tisch 8,115,S1000196.19409,VOID,1,6.9,6.9,0.0,0.0,0.0,0.0,113,Garnelen Box,Beilagen,,MwSt. 7%,1.07,6.448598,0.451402,Normalverkauf
S1000196.19410,SP1000196.3.19410,SY1000196.2026.19410,iPad1(1000196),196,10.06.26 13:44,Prod,A1000196.6768,Tisch 18,111,S1000196.19410,SALE,1,5.5,5.5,0.0,0.0,0.0,0.0,111,Pommes Frites,Beilagen,,MwSt. 7%,1.07,5.140187,0.359813,Normalverkauf
S1000196.19411,SP1000196.3.19411,SY1000196.2026.19411,iPad1(1000196),196,10.06.26 11:28,Prod,A1000196.6769,Tisch 9,106,S1000196.19411,VOID,2,3.9,7.8,0.0,0.0,0.0,0.0,124,Cola Zero,Getränke,,MwSt. 19%,1.19,6.554622,1.245378,Normalverkauf
S1000196.19412,SP1000196.3.19412,SY1000196.2026.19412,iPad1(1000196),196,10.06.26 11:28,Prod,A1000196.6769,Tisch 9,106,S1000196.19412,VOID,2,5.5,11.0,0.0,0.0,0.0,0.0,114,Fisch Nuggets Box,Beilagen,,MwSt. 7%,1.07,10.280374,0.719626,Normalverkauf
S1000196.19413,SP1000196.3.19413,SY1000196.2026.19413,iPad1(1000196),196,10.06.26 11:28,Prod,A1000196.6769,Tisch 9,106,S1000196.19413,VOID,2,10.9,21.8,0.0,0.0,0.0,0.0,109,Bismarck-Baguette,Hauptgerichte,,MwSt. 7%,1.07,20.373832,1.426168,Normalverkauf
S1000196.19414,SP1000196.3.19414,SY1000196.2026.19414,iPad1(1000196),196,10.06.26 17:46,Prod,A1000196.6770,Tisch 15,107,S1000196.19414,SALE,2,3.9,7.8,0.0,0.0,0.0,0.0,126,Spezi,Getränke,,MwSt. 19%,1.19,6.554622,1.245378,Normalverkauf
S1000196.19415,SP1000196.3.19415,SY1000196.2026.19415,iPad1(1000196),196,10.06.26 17:46,Prod,A1000196.6770,Tisch 15,107,S1000196.19415,SALE,1,11.5,11.5,0.0,0.0,0.0,0.0,105,Garnelen-Kimchi-Bruger,Hauptgerichte,,MwSt. 7%,1.07,10.747664,0.752336,Normalverkauf
S1000196.19416,SP1000196.3.19416,SY1000196.2026.19416,iPad1(1000196),196,10.06.26 18:34,Prod,A1000196.6771,Tisch 7,115,S1000196.19416,SALE,2,11.9,23.8,0.0,0.0,0.0,0.0,110,Matjes-Baguette,Hauptgerichte,,MwSt. 7%,1.07,22.242991,1.557009,Normalverkauf
S1000196.19417,SP1000196.3.19417,SY1000196.2026.19417,iPad1(1000196),196,10.06.26 18:34,Prod,A1000196.6771,Tisch 7,115,S1000196.19417,SALE,2,2.8,5.6,0.0,0.0,0.0,0.0,121,Mineralwasser,Getränke,,MwSt. 19%,1.19,4.705882,0.894118,Normalverkauf
S1000196.19418,SP1000196.3.19418,SY1000196.2026.19418,iPad1(1000196),196,10.06.26 17:35,Prod,A1000196.6772,Tisch 22,101,S1000196.19418,SALE,1,5.5,5.5,0.0,0.0,0.0,0.0,111,Pommes Frites,Beilagen,,MwSt. 7%,1.07,5.140187,0.359813,Normalverkauf
S1000196.19419,SP1000196.3.19419,SY1000196.2026.19419,iPad1(1000196),196,10.06.26 19:56,Prod,A1000196.6773,Tisch 23,111,S1000196.19419,SALE,1,3.9,3.9,0.0,0.0,0.0,0.0,126,Spezi,Getränke,,MwSt. 19%,1.19,3.277311,0.622689,Normalverkauf
S1000196.19420,SP1000196.3.19420,SY1000196.2026.19420,iPad1(1000196),196,10.06.26 19:56,Prod,A1000196.6773,Tisch 23,111,S1000196.19420,SALE,2,11.9,23.8,0.0,0.0,0.0,0.0,110,Matjes-Baguette,Hauptgerichte,,MwSt. 7%,1.07,22.242991,1.557009,Normalverkauf
S1000196.19421,SP1000196.3.19421,SY1000196.2026.19421,iPad1(1000196),196,10.06.26 19:56,Prod,A1000196.6773,Tisch 23,111,S1000196.19421,SALE,1,3.2,3.2,0.0,0.0,0.0,0.0,120,Apfelschorle,Getränke,,MwSt. 19%,1.19,2.689076,0.510924,Normalverkauf
S1000196.19422,SP1000196.3.19422,SY1000196.2026.19422,iPad1(1000196),196,10.06.26 19:42,Prod,A1000196.6774,Tisch 3,115,S1000196.19422,SALE,1,10.9,10.9,0.0,0.0,0.0,0.0,107,Chicken Burger,Hauptgerichte,,MwSt. 7%,1.07,10.186916,0.713084,Normalverkauf
S1000196.19423,SP1000196.3.19423,SY1000196.2026.19423,iPad1(1000196),196,10.06.26 19:42,Prod,A1000196.6774,Tisch 3,115,S1000196.19423,SALE,2,3.9,7.8,0.0,0.0,0.0,0.0,127,Alkoholfreies Bier,Getränke,,MwSt. 19%,1.19,6.554622,1.245378,Normalverkauf
S1000196.19424,SP1000196.3.19424,SY1000196.2026.19424,iPad1(1000196),196,10.06.26 19:42,Prod,A1000196.6774,Tisch 3,115,S1000196.19424,SALE,2,3.9,7.8,0.0,0.0,0.0,0.0,119,Cola,Getränke,,MwSt. 19%,1.19,6.554622,1.245378,Normalverkauf
S1000196.19425,SP1000196.3.19425,SY1000196.2026.19425,iPad1(1000196),196,10.06.26 19:05,Prod,A1000196.6775,Tisch 3,111,S1000196.19425,SALE,2,3.9,7.8,0.0,0.0,0.0,0.0,126,Spezi,Getränke,,MwSt. 19%,1.19,6.554622,1.245378,Normalverkauf
S1000196.19426,SP1000196.3.19426,SY1000196.2026.19426,iPad1(1000196),196,10.06.26 11:27,Prod,A1000196.6776,Tisch 14,115,S1000196.19426,SALE,1,10.9,10.9,0.0,0.0,0.0,0.0,107,Chicken Burger,Hauptgerichte,,MwSt. 7%,1.07,10.186916,0.713084,Normalverkauf
S1000196.19427,SP1000196.3.19427,SY1000196.2026.19427,iPad1(1000196),196,10.06.26 11:27,Prod,A1000196.6776,Tisch 14,115,S1000196.19427,SALE,2,5.9,11.8,0.0,0.0,0.0,0.0,117,Rote Grütze,Desserts,,MwSt. 7%,1.07,11.028037,0.771963,Normalverkauf
S1000196.19428,SP1000196.3.19428,SY1000196.2026.19428,iPad1(1000196),196,10.06.26 11:57,Prod,A1000196.6777,,107,S1000196.19428,VOID,1,6.9,6.9,0.0,0.0,0.0,0.0,113,Garnelen Box,Beilagen,,MwSt. 7%,1.07,6.448598,0.451402,Normalverkauf
S1000196.19429,SP1000196.3.19429,SY1000196.2026.19429,iPad1(1000196),196,10.06.26 18:12,Prod,A1000196.6778,Tisch 4,115,S1000196.19429,SALE,2,11.5,23.0,0.0,0.0,0.0,0.0,105,Garnelen-Kimchi-Bruger,Hauptgerichte,,MwSt. 7%,1.07,21.495327,1.504673,Normalverkauf
S1000196.19430,SP1000196.3.19430,SY1000196.2026.19430,iPad1(1000196),196,10.06.26 11:33,Prod,A1000196.6779,Tisch 11,105,S1000196.19430,SALE,1,5.9,5.9,0.0,0.0,0.0,0.0,123,Inger-Limonade,Getränke,,MwSt. 19%,1.19,4.957983,0.942017,Normalverkauf
S1000196.19431,SP1000196.3.19431,SY1000196.2026.19431,iPad1(1000196),196,10.06.26 11:33,Prod,A1000196.6779,Tisch 11,105,S1000196.19431,SALE,2,5.5,11.0,0.0,0.0,0.0,0.0,111,Pommes Frites,Beilagen,,MwSt. 7%,1.07,10.280374,0.719626,Normalverkauf
S1000196.19432,SP1000196.3.19432,SY1000196.2026.19432,iPad1(1000196),196,10.06.26 12:02,Prod,A1000196.6780,,115,S1000196.19432,VOID,2,5.9,11.8,0.0,0.0,0.0,0.0,116,Vanillequark,Desserts,,MwSt. 7%,1.07,11.028037,0.771963,Normalverkauf
S1000196.19433,SP1000196.3.19433,SY1000196.2026.19433,iPad1(1000196),196,10.06.26 18:41,Prod,A1000196.6781,Tisch 19,115,S1000196.19433,SALE,2,3.9,7.8,0.0,0.0,0.0,0.0,124,Cola Zero,Getränke,,MwSt. 19%,1.19,6.554622,1.245378,Normalverkauf
S1000196.19434,SP1000196.3.19434,SY1000196.2026.19434,iPad1(1000196),196,10.06.26 18:41,Prod,A1000196.6781,Tisch 19,115,S1000196.19434,SALE,2,5.5,11.0,0.0,0.0,0.0,0.0,114,Fisch Nuggets Box,Beilagen,,MwSt. 7%,1.07,10.280374,0.719626,Normalverkauf
S1000196.19435,SP1000196.3.19435,SY1000196.2026.19435,iPad1(1000196),196,10.06.26 15:27,Prod,A1000196.6782,,101,S1000196.19435,SALE,1,5.5,5.5,0.0,0.0,0.0,0.0,111,Pommes Frites,Beilagen,,MwSt. 7%,1.07,5.140187,0.359813,Normalverkauf
S1000196.19436,SP1000196.3.19436,SY1000196.2026.19436,iPad1(1000196),196,10.06.26 15:27,Prod,A1000196.6782,,101,S1000196.19436,SALE,2,5.5,11.0,0.0,0.0,0.0,0.0,111,Pommes Frites,Beilagen,,MwSt. 7%,1.07,10.280374,0.719626,Normalverkauf
S1000196.19437,SP1000196.3.19437,SY1000196.2026.19437,iPad1(1000196),196,10.06.26 18:23,Prod,A1000196.6783,Tisch 14,101,S1000196.19437,SALE,2,6.5,13.0,0.0,0.0,0.0,0.0,118,Schokokuchen,Desserts,,MwSt. 7%,1.07,12.149533,0.850467,Normalverkauf
S1000196.19438,SP1000196.3.19438,SY1000196.2026.19438,iPad1(1000196),196,10.06.26 11:08,Prod,A1000196.6784,Tisch 11,107,S1000196.19438,SALE,2,10.9,21.8,0.0,0.0,0.0,0.0,109,Bismarck-Baguette,Hauptgerichte,,MwSt. 7%,1.07,20.373832,1.426168,Normalverkauf
S1000196.19439,SP1000196.3.19439,SY1000196.2026.19439,iPad1(1000196),196,10.06.26 11:08,Prod,A1000196.6784,Tisch 11,107,S1000196.19439,SALE,2,6.9,13.8,0.0,0.0,0.0,0.0,113,Garnelen Box,Beilagen,,MwSt. 7%,1.07,12.897196,0.902804,Normalverkauf
S1000196.19440,SP1000196.3.19440,SY1000196.2026.19440,iPad1(1000196),196,10.06.26 11:08,Prod,A1000196.6784,Tisch 11,107,S1000196.19440,SALE,2,3.9,7.8,0.0,0.0,0.0,0.0,119,Cola,Getränke,,MwSt. 19%,1.19,6.554622,1.245378,Normalverkauf
S1000196.19441,SP1000196.3.19441,SY1000196.2026.19441,iPad1(1000196),196,10.06.26 17:06,Prod,A1000196.6785,Tisch 22,111,S1000196.19441,SALE,2,3.9,7.8,0.0,0.0,0.0,0.0,126,Spezi,Getränke,,MwSt. 19%,1.19,6.554622,1.245378,Normalverkauf
S1000196.19442,SP1000196.3.19442,SY1000196.2026.19442,iPad1(1000196),196,10.06.26 17:06,Prod,A1000196.6785,Tisch 22,111,S1000196.19442,SALE,2,3.9,7.8,0.0,0.0,0.0,0.0,127,Alkoholfreies Bier,Getränke,,MwSt. 19%,1.19,6.554622,1.245378,Normalverkauf
S1000196.19443,SP1000196.3.19443,SY1000196.2026.19443,iPad1(1000196),196,10.06.26 17:06,Prod,A1000196.6785,Tisch 22,111,S1000196.19443,SALE,2,4.9,9.8,0.0,0.0,0.0,0.0,112,Kartoffelwedges,Beilagen,,MwSt. 7%,1.07,9.158879,0.641121,Normalverkauf
S1000196.19444,SP1000196.3.19444,SY1000196.2026.19444,iPad1(1000196),196,10.06.26 12:52,Prod,A1000196.6786,Tisch 8,111,S1000196.19444,SALE,1,5.5,5.5,0.0,0.0,0.0,0.0,111,Pommes Frites,Beilagen,,MwSt. 7%,1.07,5.140187,0.359813,Normalverkauf
S1000196.19445,SP1000196.3.19445,SY1000196.2026.19445,iPad1(1000196),196,10.06.26 10:44,Prod,A1000196.6787,Tisch 8,111,S1000196.19445,SALE,2,3.9,7.8,0.0,0.0,0.0,0.0,124,Cola Zero,Getränke,,MwSt. 19%,1.19,6.554622,1.245378,Normalverkauf
S1000196.19446,SP1000196.3.19446,SY1000196.2026.19446,iPad1(1000196),196,10.06.26 17:27,Prod,A1000196.6788,,107,S1000196.19446,VOID,1,10.9,10.9,0.0,0.0,0.0,0.0,107,Chicken Burger,Hauptgerichte,,MwSt. 7%,1.07,10.186916,0.713084,Normalverkauf
S1000196.19447,SP1000196.3.19447,SY1000196.2026.19447,iPad1(1000196),196,10.06.26 17:27,Prod,A1000196.6788,,107,S1000196.19447,VOID,2,10.9,21.8,0.0,0.0,0.0,0.0,107,Chicken Burger,Hauptgerichte,,MwSt. 7%,1.07,20.373832,1.426168,Normalverkauf
S1000196.19448,SP1000196.3.19448,SY1000196.2026.19448,iPad1(1000196),196,10.06.26 17:27,Prod,A1000196.6788,,107,S1000196.19448,VOID,2,9.8,19.6,0.0,0.0,0.0,0.0,108,Seelachs-Ei-Baugette,Hauptgerichte,,MwSt. 7%,1.07,18.317757,1.282243,Normalverkauf
S1000196.19449,SP1000196.3.19449,SY1000196.2026.19449,iPad1(1000196),196,10.06.26 12:54,Prod,A1000196.6789,Tisch 14,101,S1000196.19449,SALE,1,5.9,5.9,0.0,0.0,0.0,0.0,117,Rote Grütze,Desserts,,MwSt. 7%,1.07,5.514019,0.385981,Normalverkauf
S1000196.19450,SP1000196.3.19450,SY1000196.2026.19450,iPad1(1000196),196,10.06.26 13:55,Prod,A1000196.6790,Tisch 3,105,S1000196.19450,SALE,2,5.5,11.0,0.0,0.0,0.0,0.0,111,Pommes Frites,Beilagen,,MwSt. 7%,1.07,10.280374,0.719626,Normalverkauf
S1000196.19451,SP1000196.3.19451,SY1000196.2026.19451,iPad1(1000196),196,10.06.26 13:55,Prod,A1000196.6790,Tisch 3,105,S1000196.19451,SALE,2,3.9,7.8,0.0,0.0,0.0,0.0,126,Spezi,Getränke,,MwSt. 19%,1.19,6.554622,1.245378,Normalverkauf
S1000196.19452,SP1000196.3.19452,SY1000196.2026.19452,iPad1(1000196),196,10.06.26 13:55,Prod,A1000196.6790,Tisch 3,105,S1000196.19452,SALE,1,5.9,5.9,0.0,0.0,0.0,0.0,123,Inger-Limonade,Getränke,,MwSt. 19%,1.19,4.957983,0.942017,Normalverkauf
S1000196.19453,SP1000196.3.19453,SY1000196.2026.19453,iPad1(1000196),196,10.06.26 09:11,Prod,A1000196.6791,,101,S1000196.19453,SALE,1,6.5,6.5,0.0,0.0,0.0,0.0,100,Fischbrötchen Backfisch,Hauptspeisen,,MwSt. 7%,1.07,6.074766,0.425234,Normalverkauf
S1000196.19454,SP1000196.3.19454,SY1000196.2026.19454,iPad1(1000196),196,10.06.26 09:11,Prod,A1000196.6791,,101,S1000196.19454,SALE,2,10.9,21.8,0.0,0.0,0.0,0.0,107,Chicken Burger,Hauptgerichte,,MwSt. 7%,1.07,20.373832,1.426168,Normalverkauf
S1000196.19455,SP1000196.3.19455,SY1000196.2026.19455,iPad1(1000196),196,10.06.26 09:11,Prod,A1000196.6791,,101,S1000196.19455,SALE,1,4.2,4.2,0.0,0.0,0.0,0.0,122,Bier,Getränke,,MwSt. 19%,1.19,3.529412,0.670588,Normalverkauf
S1000196.19456,SP1000196.3.19456,SY1000196.2026.19456,iPad1(1000196),196,10.06.26 16:37,Prod,A1000196.6792,Tisch 12,116,S1000196.19456,SALE,2,6.5,13.0,0.0,0.0,0.0,0.0,100,Fischbrötchen Backfisch,Hauptspeisen,,MwSt. 7%,1.07,12.149533,0.850467,Normalverkauf
S1000196.19457,SP1000196.3.19457,SY1000196.2026.19457,iPad1(1000196),196,10.06.26 16:37,Prod,A1000196.6792,Tisch 12,116,S1000196.19457,SALE,2,5.5,11.0,0.0,0.0,0.0,0.0,114,Fisch Nuggets Box,Beilagen,,MwSt. 7%,1.07,10.280374,0.719626,Normalverkauf
S1000196.19458,SP1000196.3.19458,SY1000196.2026.19458,iPad1(1000196),196,10.06.26 18:55,Prod,A1000196.6793,Tisch 10,111,S1000196.19458,SALE,1,5.9,5.9,0.0,0.0,0.0,0.0,123,Inger-Limonade,Getränke,,MwSt. 19%,1.19,4.957983,0.942017,Normalverkauf
S1000196.19459,SP1000196.3.19459,SY1000196.2026.19459,iPad1(1000196),196,10.06.26 17:57,Prod,A1000196.6794,,101,S1000196.19459,VOID,2,3.2,6.4,0.0,0.0,0.0,0.0,120,Apfelschorle,Getränke,,MwSt. 19%,1.19,5.378151,1.021849,Normalverkauf
S1000196.19460,SP1000196.3.19460,SY1000196.2026.19460,iPad1(1000196),196,10.06.26 17:57,Prod,A1000196.6794,,101,S1000196.19460,VOID,1,3.9,3.9,0.0,0.0,0.0,0.0,124,Cola Zero,Getränke,,MwSt. 19%,1.19,3.277311,0.622689,Normalverkauf
S1000196.19461,SP1000196.3.19461,SY1000196.2026.19461,iPad1(1000196),196,10.06.26 17:57,Prod,A1000196.6794,,101,S1000196.19461,VOID,1,9.8,9.8,0.0,0.0,0.0,0.0,108,Seelachs-Ei-Baugette,Hauptgerichte,,MwSt. 7%,1.07,9.158879,0.641121,Normalverkauf
S1000196.19462,SP1000196.3.19462,SY1000196.2026.19462,iPad1(1000196),196,10.06.26 13:25,Prod,A1000196.6795,Tisch 19,115,S1000196.19462,VOID,2,9.8,19.6,0.0,0.0,0.0,0.0,108,Seelachs-Ei-Baugette,Hauptgerichte,,MwSt. 7%,1.07,18.317757,1.282243,Normalverkauf
S1000196.19463,SP1000196.3.19463,SY1000196.2026.19463,iPad1(1000196),196,10.06.26 13:25,Prod,A1000196.6795,Tisch 19,115,S1000196.19463,VOID,2,9.8,19.6,0.0,0.0,0.0,0.0,108,Seelachs-Ei-Baugette,Hauptgerichte,,MwSt. 7%,1.07,18.317757,1.282243,Normalverkauf
S1000196.19464,SP1000196.3.19464,SY1000196.2026.19464,iPad1(1000196),196,10.06.26 13:25,Prod,A1000196.6795,Tisch 19,115,S1000196.19464,VOID,2,3.2,6.4,0.0,0.0,0.0,0.0,120,Apfelschorle,Getränke,,MwSt. 19%,1.19,5.378151,1.021849,Normalverkauf
S1000196.19465,SP1000196.3.19465,SY1000196.2026.19465,iPad1(1000196),196,10.06.26 10:23,Prod,A1000196.6796,Tisch 16,116,S1000196.19465,SALE,2,3.9,7.8,0.0,0.0,0.0,0.0,124,Cola Zero,Getränke,,MwSt. 19%,1.19,6.554622,1.245378,Normalverkauf
S1000196.19466,SP1000196.3.19466,SY1000196.2026.19466,iPad1(1000196),196,10.06.26 10:23,Prod,A1000196.6796,Tisch 16,116,S1000196.19466,SALE,1,5.9,5.9,0.0,0.0,0.0,0.0,125,Zitronen-Limonade,Getränke,,MwSt. 19%,1.19,4.957983,0.942017,Normalverkauf
S1000196.19467,SP1000196.3.19467,SY1000196.2026.19467,iPad1(1000196),196,10.06.26 10:23,Prod,A1000196.6796,Tisch 16,116,S1000196.19467,SALE,2,5.5,11.0,0.0,0.0,0.0,0.0,111,Pommes Frites,Beilagen,,MwSt. 7%,1.07,10.280374,0.719626,Normalverkauf
S1000196.19468,SP1000196.3.19468,SY1000196.2026.19468,iPad1(1000196),196,10.06.26 13:24,Prod,A1000196.6797,Tisch 10,107,S1000196.19468,VOID,1,3.9,3.9,0.0,0.0,0.0,0.0,119,Cola,Getränke,,MwSt. 19%,1.19,3.277311,0.622689,Normalverkauf
S1000196.19469,SP1000196.3.19469,SY1000196.2026.19469,iPad1(1000196),196,10.06.26 13:24,Prod,A1000196.6797,Tisch 10,107,S1000196.19469,VOID,1,6.5,6.5,0.0,0.0,0.0,0.0,118,Schokokuchen,Desserts,,MwSt. 7%,1.07,6.074766,0.425234,Normalverkauf
S1000196.19470,SP1000196.3.19470,SY1000196.2026.19470,iPad1(1000196),196,10.06.26 18:02,Prod,A1000196.6798,Tisch 5,116,S1000196.19470,SALE,1,13.5,13.5,0.0,0.0,0.0,0.0,102,Matjes,Hauptspeisen,,MwSt. 7%,1.07,12.616822,0.883178,Normalverkauf
S1000196.19471,SP1000196.3.19471,SY1000196.2026.19471,iPad1(1000196),196,10.06.26 18:02,Prod,A1000196.6798,Tisch 5,116,S1000196.19471,SALE,1,5.5,5.5,0.0,0.0,0.0,0.0,114,Fisch Nuggets Box,Beilagen,,MwSt. 7%,1.07,5.140187,0.359813,Normalverkauf
S1000196.19472,SP1000196.3.19472,SY1000196.2026.19472,iPad1(1000196),196,10.06.26 11:27,Prod,A1000196.6799,Tisch 5,107,S1000196.19472,SALE,2,5.9,11.8,0.0,0.0,0.0,0.0,125,Zitronen-Limonade,Getränke,,MwSt. 19%,1.19,9.915966,1.884034,Normalverkauf
S1000196.19473,SP1000196.3.19473,SY1000196.2026.19473,iPad1(1000196),196,10.06.26 11:27,Prod,A1000196.6799,Tisch 5,107,S1000196.19473,SALE,1,10.9,10.9,0.0,0.0,0.0,0.0,109,Bismarck-Baguette,Hauptgerichte,,MwSt. 7%,1.07,10.186916,0.713084,Normalverkauf
S1000196.19474,SP1000196.3.19474,SY1000196.2026.19474,iPad1(1000196),196,10.06.26 11:27,Prod,A1000196.6799,Tisch 5,107,S1000196.19474,SALE,2,5.9,11.8,0.0,0.0,0.0,0.0,123,Inger-Limonade,Getränke,,MwSt. 19%,1.19,9.915966,1.884034,Normalverkauf
S1000196.19475,SP1000196.3.19475,SY1000196.2026.19475,iPad1(1000196),196,10.06.26 11:27,Prod,A1000196.6800,Tisch 2,106,S1000196.19475,VOID,1,5.5,5.5,0.0,0.0,0.0,0.0,111,Pommes Frites,Beilagen,,MwSt. 7%,1.07,5.140187,0.359813,Normalverkauf
S1000196.19476,SP1000196.3.19476,SY1000196.2026.19476,iPad1(1000196),196,10.06.26 15:20,Prod,A1000196.6801,Tisch 17,116,S1000196.19476,SALE,1,3.9,3.9,0.0,0.0,0.0,0.0,124,Cola Zero,Getränke,,MwSt. 19%,1.19,3.277311,0.622689,Normalverkauf
S1000196.19477,SP1000196.3.19477,SY1000196.2026.19477,iPad1(1000196),196,10.06.26 08:06,Prod,A1000196.6802,Tisch 20,107,S1000196.19477,SALE,2,5.9,11.8,0.0,0.0,0.0,0.0,117,Rote Grütze,Desserts,,MwSt. 7%,1.07,11.028037,0.771963,Normalverkauf
S1000196.19478,SP1000196.3.19478,SY1000196.2026.19478,iPad1(1000196),196,10.06.26 17:23,Prod,A1000196.6803,Tisch 5,111,S1000196.19478,SALE,1,3.9,3.9,0.0,0.0,0.0,0.0,119,Cola,Getränke,,MwSt. 19%,1.19,3.277311,0.622689,Normalverkauf
S1000196.19479,SP1000196.3.19479,SY1000196.2026.19479,iPad1(1000196),196,10.06.26 17:23,Prod,A1000196.6803,Tisch 5,111,S1000196.19479,SALE,2,3.9,7.8,0.0,0.0,0.0,0.0,124,Cola Zero,Getränke,,MwSt. 19%,1.19,6.554622,1.245378,Normalverkauf
S1000196.19480,SP1000196.3.19480,SY1000196.2026.19480,iPad1(1000196),196,10.06.26 17:23,Prod,A1000196.6803,Tisch 5,111,S1000196.19480,SALE,2,4.2,8.4,0.0,0.0,0.0,0.0,122,Bier,Getränke,,MwSt. 19%,1.19,7.058824,1.341176,Normalverkauf
S1000196.19481,SP1000196.3.19481,SY1000196.2026.19481,iPad1(1000196),196,10.06.26 19:02,Prod,A1000196.6804,Tisch 20,116,S1000196.19481,SALE,2,5.9,11.8,0.0,0.0,0.0,0.0,123,Inger-Limonade,Getränke,,MwSt. 19%,1.19,9.915966,1.884034,Normalverkauf
S1000196.19482,SP1000196.3.19482,SY1000196.2026.19482,iPad1(1000196),196,10.06.26 15:03,Prod,A1000196.6805,Tisch 2,106,S1000196.19482,SALE,1,10.9,10.9,0.0,0.0,0.0,0.0,107,Chicken Burger,Hauptgerichte,,MwSt. 7%,1.07,10.186916,0.713084,Normalverkauf
S1000196.19483,SP1000196.3.19483,SY1000196.2026.19483,iPad1(1000196),196,10.06.26 15:03,Prod,A1000196.6805,Tisch 2,106,S1000196.19483,SALE,1,5.5,5.5,0.0,0.0,0.0,0.0,111,Pommes Frites,Beilagen,,MwSt. 7%,1.07,5.140187,0.359813,Normalverkauf
S1000196.19484,SP1000196.3.19484,SY1000196.2026.19484,iPad1(1000196),196,10.06.26 13:32,Prod,A1000196.6806,Tisch 16,111,S1000196.19484,SALE,1,3.2,3.2,0.0,0.0,0.0,0.0,120,Apfelschorle,Getränke,,MwSt. 19%,1.19,2.689076,0.510924,Normalverkauf
S1000196.19485,SP1000196.3.19485,SY1000196.2026.19485,iPad1(1000196),196,10.06.26 13:32,Prod,A1000196.6806,Tisch 16,111,S1000196.19485,SALE,1,3.9,3.9,0.0,0.0,0.0,0.0,119,Cola,Getränke,,MwSt. 19%,1.19,3.277311,0.622689,Normalverkauf
S1000196.19486,SP1000196.3.19486,SY1000196.2026.19486,iPad1(1000196),196,11.06.26 19:43,Prod,A1000196.6807,Tisch 20,115,S1000196.19486,SALE,2,6.9,13.8,0.0,0.0,0.0,0.0,113,Garnelen Box,Beilagen,,MwSt. 7%,1.07,12.897196,0.902804,Normalverkauf
S1000196.19487,SP1000196.3.19487,SY1000196.2026.19487,iPad1(1000196),196,11.06.26 19:43,Prod,A1000196.6807,Tisch 20,115,S1000196.19487,SALE,2,3.2,6.4,0.0,0.0,0.0,0.0,120,Apfelschorle,Getränke,,MwSt. 19%,1.19,5.378151,1.021849,Normalverkauf
S1000196.19488,SP1000196.3.19488,SY1000196.2026.19488,iPad1(1000196),196,11.06.26 19:43,Prod,A1000196.6807,Tisch 20,115,S1000196.19488,SALE,2,9.8,19.6,0.0,0.0,0.0,0.0,108,Seelachs-Ei-Baugette,Hauptgerichte,,MwSt. 7%,1.07,18.317757,1.282243,Normalverkauf
S1000196.19489,SP1000196.3.19489,SY1000196.2026.19489,iPad1(1000196),196,11.06.26 19:50,Prod,A1000196.6808,Tisch 13,106,S1000196.19489,SALE,2,11.5,23.0,0.0,0.0,0.0,0.0,105,Garnelen-Kimchi-Bruger,Hauptgerichte,,MwSt. 7%,1.07,21.495327,1.504673,Normalverkauf
S1000196.19490,SP1000196.3.19490,SY1000196.2026.19490,iPad1(1000196),196,11.06.26 19:32,Prod,A1000196.6809,Tisch 14,106,S1000196.19490,SALE,1,11.9,11.9,0.0,0.0,0.0,0.0,110,Matjes-Baguette,Hauptgerichte,,MwSt. 7%,1.07,11.121495,0.778505,Normalverkauf
S1000196.19491,SP1000196.3.19491,SY1000196.2026.19491,iPad1(1000196),196,11.06.26 19:43,Prod,A1000196.6810,Tisch 12,116,S1000196.19491,SALE,1,2.8,2.8,0.0,0.0,0.0,0.0,121,Mineralwasser,Getränke,,MwSt. 19%,1.19,2.352941,0.447059,Normalverkauf
S1000196.19492,SP1000196.3.19492,SY1000196.2026.19492,iPad1(1000196),196,11.06.26 19:43,Prod,A1000196.6810,Tisch 12,116,S1000196.19492,SALE,2,6.5,13.0,0.0,0.0,0.0,0.0,118,Schokokuchen,Desserts,,MwSt. 7%,1.07,12.149533,0.850467,Normalverkauf
S1000196.19493,SP1000196.3.19493,SY1000196.2026.19493,iPad1(1000196),196,11.06.26 19:56,Prod,A1000196.6811,Tisch 8,106,S1000196.19493,SALE,2,4.2,8.4,0.0,0.0,0.0,0.0,122,Bier,Getränke,,MwSt. 19%,1.19,7.058824,1.341176,Normalverkauf
S1000196.19494,SP1000196.3.19494,SY1000196.2026.19494,iPad1(1000196),196,11.06.26 19:56,Prod,A1000196.6811,Tisch 8,106,S1000196.19494,SALE,1,3.9,3.9,0.0,0.0,0.0,0.0,126,Spezi,Getränke,,MwSt. 19%,1.19,3.277311,0.622689,Normalverkauf
S1000196.19495,SP1000196.3.19495,SY1000196.2026.19495,iPad1(1000196),196,11.06.26 19:56,Prod,A1000196.6811,Tisch 8,106,S1000196.19495,SALE,1,5.5,5.5,0.0,0.0,0.0,0.0,111,Pommes Frites,Beilagen,,MwSt. 7%,1.07,5.140187,0.359813,Normalverkauf
S1000196.19496,SP1000196.3.19496,SY1000196.2026.19496,iPad1(1000196),196,11.06.26 12:29,Prod,A1000196.6812,Tisch 10,115,S1000196.19496,SALE,1,3.9,3.9,0.0,0.0,0.0,0.0,119,Cola,Getränke,,MwSt. 19%,1.19,3.277311,0.622689,Normalverkauf
S1000196.19497,SP1000196.3.19497,SY1000196.2026.19497,iPad1(1000196),196,11.06.26 12:29,Prod,A1000196.6812,Tisch 10,115,S1000196.19497,SALE,2,3.2,6.4,0.0,0.0,0.0,0.0,120,Apfelschorle,Getränke,,MwSt. 19%,1.19,5.378151,1.021849,Normalverkauf
S1000196.19498,SP1000196.3.19498,SY1000196.2026.19498,iPad1(1000196),196,11.06.26 12:29,Prod,A1000196.6812,Tisch 10,115,S1000196.19498,SALE,1,13.5,13.5,0.0,0.0,0.0,0.0,102,Matjes,Hauptspeisen,,MwSt. 7%,1.07,12.616822,0.883178,Normalverkauf
S1000196.19499,SP1000196.3.19499,SY1000196.2026.19499,iPad1(1000196),196,11.06.26 11:16,Prod,A1000196.6813,Tisch 16,101,S1000196.19499,SALE,2,4.2,8.4,0.0,0.0,0.0,0.0,122,Bier,Getränke,,MwSt. 19%,1.19,7.058824,1.341176,Normalverkauf
S1000196.19500,SP1000196.3.19500,SY1000196.2026.19500,iPad1(1000196),196,11.06.26 11:16,Prod,A1000196.6813,Tisch 16,101,S1000196.19500,SALE,2,10.9,21.8,0.0,0.0,0.0,0.0,107,Chicken Burger,Hauptgerichte,,MwSt. 7%,1.07,20.373832,1.426168,Normalverkauf
S1000196.19501,SP1000196.3.19501,SY1000196.2026.19501,iPad1(1000196),196,11.06.26 11:16,Prod,A1000196.6813,Tisch 16,101,S1000196.19501,SALE,1,5.9,5.9,0.0,0.0,0.0,0.0,123,Inger-Limonade,Getränke,,MwSt. 19%,1.19,4.957983,0.942017,Normalverkauf
S1000196.19502,SP1000196.3.19502,SY1000196.2026.19502,iPad1(1000196),196,11.06.26 15:35,Prod,A1000196.6814,Tisch 21,116,S1000196.19502,SALE,1,3.9,3.9,0.0,0.0,0.0,0.0,119,Cola,Getränke,,MwSt. 19%,1.19,3.277311,0.622689,Normalverkauf
S1000196.19503,SP1000196.3.19503,SY1000196.2026.19503,iPad1(1000196),196,11.06.26 15:35,Prod,A1000196.6814,Tisch 21,116,S1000196.19503,SALE,1,7.9,7.9,0.0,0.0,0.0,0.0,115,Tiramisu,Desserts,,MwSt. 7%,1.07,7.383178,0.516822,Normalverkauf
S1000196.19504,SP1000196.3.19504,SY1000196.2026.19504,iPad1(1000196),196,11.06.26 15:35,Prod,A1000196.6814,Tisch 21,116,S1000196.19504,SALE,1,6.5,6.5,0.0,0.0,0.0,0.0,118,Schokokuchen,Desserts,,MwSt. 7%,1.07,6.074766,0.425234,Normalverkauf
S1000196.19505,SP1000196.3.19505,SY1000196.2026.19505,iPad1(1000196),196,11.06.26 20:29,Prod,A1000196.6815,Tisch 3,101,S1000196.19505,SALE,1,5.5,5.5,0.0,0.0,0.0,0.0,111,Pommes Frites,Beilagen,,MwSt. 7%,1.07,5.140187,0.359813,Normalverkauf
S1000196.19506,SP1000196.3.19506,SY1000196.2026.19506,iPad1(1000196),196,11.06.26 19:17,Prod,A1000196.6816,Tisch 16,111,S1000196.19506,SALE,1,3.9,3.9,0.0,0.0,0.0,0.0,124,Cola Zero,Getränke,,MwSt. 19%,1.19,3.277311,0.622689,Normalverkauf
S1000196.19507,SP1000196.3.19507,SY1000196.2026.19507,iPad1(1000196),196,11.06.26 18:18,Prod,A1000196.6817,Tisch 12,106,S1000196.19507,SALE,2,6.9,13.8,0.0,0.0,0.0,0.0,113,Garnelen Box,Beilagen,,MwSt. 7%,1.07,12.897196,0.902804,Normalverkauf
S1000196.19508,SP1000196.3.19508,SY1000196.2026.19508,iPad1(1000196),196,11.06.26 19:49,Prod,A1000196.6818,Tisch 4,116,S1000196.19508,SALE,1,10.9,10.9,0.0,0.0,0.0,0.0,107,Chicken Burger,Hauptgerichte,,MwSt. 7%,1.07,10.186916,0.713084,Normalverkauf
S1000196.19509,SP1000196.3.19509,SY1000196.2026.19509,iPad1(1000196),196,11.06.26 19:49,Prod,A1000196.6818,Tisch 4,116,S1000196.19509,SALE,1,5.5,5.5,0.0,0.0,0.0,0.0,111,Pommes Frites,Beilagen,,MwSt. 7%,1.07,5.140187,0.359813,Normalverkauf
S1000196.19510,SP1000196.3.19510,SY1000196.2026.19510,iPad1(1000196),196,11.06.26 19:49,Prod,A1000196.6818,Tisch 4,116,S1000196.19510,SALE,2,14.5,29.0,0.0,0.0,0.0,0.0,101,Lachs,Hauptspeisen,,MwSt. 7%,1.07,27.102804,1.897196,Normalverkauf
S1000196.19511,SP1000196.3.19511,SY1000196.2026.19511,iPad1(1000196),196,11.06.26 19:41,Prod,A1000196.6819,Tisch 24,115,S1000196.19511,SALE,1,5.5,5.5,0.0,0.0,0.0,0.0,111,Pommes Frites,Beilagen,,MwSt. 7%,1.07,5.140187,0.359813,Normalverkauf
S1000196.19512,SP1000196.3.19512,SY1000196.2026.19512,iPad1(1000196),196,11.06.26 12:47,Prod,A1000196.6820,Tisch 24,115,S1000196.19512,SALE,1,3.9,3.9,0.0,0.0,0.0,0.0,119,Cola,Getränke,,MwSt. 19%,1.19,3.277311,0.622689,Normalverkauf
S1000196.19513,SP1000196.3.19513,SY1000196.2026.19513,iPad1(1000196),196,11.06.26 12:47,Prod,A1000196.6820,Tisch 24,115,S1000196.19513,SALE,2,6.5,13.0,0.0,0.0,0.0,0.0,118,Schokokuchen,Desserts,,MwSt. 7%,1.07,12.149533,0.850467,Normalverkauf
S1000196.19514,SP1000196.3.19514,SY1000196.2026.19514,iPad1(1000196),196,11.06.26 15:36,Prod,A1000196.6821,Tisch 18,111,S1000196.19514,SALE,2,3.9,7.8,0.0,0.0,0.0,0.0,126,Spezi,Getränke,,MwSt. 19%,1.19,6.554622,1.245378,Normalverkauf
S1000196.19515,SP1000196.3.19515,SY1000196.2026.19515,iPad1(1000196),196,11.06.26 15:36,Prod,A1000196.6821,Tisch 18,111,S1000196.19515,SALE,1,4.9,4.9,0.0,0.0,0.0,0.0,112,Kartoffelwedges,Beilagen,,MwSt. 7%,1.07,4.579439,0.320561,Normalverkauf
S1000196.19516,SP1000196.3.19516,SY1000196.2026.19516,iPad1(1000196),196,11.06.26 19:54,Prod,A1000196.6822,Tisch 3,101,S1000196.19516,SALE,1,5.5,5.5,0.0,0.0,0.0,0.0,111,Pommes Frites,Beilagen,,MwSt. 7%,1.07,5.140187,0.359813,Normalverkauf
S1000196.19517,SP1000196.3.19517,SY1000196.2026.19517,iPad1(1000196),196,11.06.26 19:31,Prod,A1000196.6823,Tisch 17,105,S1000196.19517,SALE,1,6.9,6.9,0.0,0.0,0.0,0.0,103,Fischbrötchen Räucherlachs,Hauptspeisen,,MwSt. 7%,1.07,6.448598,0.451402,Normalverkauf
S1000196.19518,SP1000196.3.19518,SY1000196.2026.19518,iPad1(1000196),196,11.06.26 20:28,Prod,A1000196.6824,Tisch 15,101,S1000196.19518,SALE,1,3.2,3.2,0.0,0.0,0.0,0.0,120,Apfelschorle,Getränke,,MwSt. 19%,1.19,2.689076,0.510924,Normalverkauf
S1000196.19519,SP1000196.3.19519,SY1000196.2026.19519,iPad1(1000196),196,11.06.26 20:28,Prod,A1000196.6824,Tisch 15,101,S1000196.19519,SALE,2,10.9,21.8,0.0,0.0,0.0,0.0,107,Chicken Burger,Hauptgerichte,,MwSt. 7%,1.07,20.373832,1.426168,Normalverkauf
S1000196.19520,SP1000196.3.19520,SY1000196.2026.19520,iPad1(1000196),196,11.06.26 20:28,Prod,A1000196.6824,Tisch 15,101,S1000196.19520,SALE,2,14.5,29.0,0.0,0.0,0.0,0.0,101,Lachs,Hauptspeisen,,MwSt. 7%,1.07,27.102804,1.897196,Normalverkauf
S1000196.19521,SP1000196.3.19521,SY1000196.2026.19521,iPad1(1000196),196,11.06.26 09:08,Prod,A1000196.6825,Tisch 18,111,S1000196.19521,SALE,1,5.9,5.9,0.0,0.0,0.0,0.0,123,Inger-Limonade,Getränke,,MwSt. 19%,1.19,4.957983,0.942017,Normalverkauf
S1000196.19522,SP1000196.3.19522,SY1000196.2026.19522,iPad1(1000196),196,11.06.26 09:08,Prod,A1000196.6825,Tisch 18,111,S1000196.19522,SALE,1,5.9,5.9,0.0,0.0,0.0,0.0,123,Inger-Limonade,Getränke,,MwSt. 19%,1.19,4.957983,0.942017,Normalverkauf
S1000196.19523,SP1000196.3.19523,SY1000196.2026.19523,iPad1(1000196),196,11.06.26 14:27,Prod,A1000196.6826,Tisch 3,106,S1000196.19523,SALE,1,2.8,2.8,0.0,0.0,0.0,0.0,121,Mineralwasser,Getränke,,MwSt. 19%,1.19,2.352941,0.447059,Normalverkauf
S1000196.19524,SP1000196.3.19524,SY1000196.2026.19524,iPad1(1000196),196,11.06.26 14:27,Prod,A1000196.6826,Tisch 3,106,S1000196.19524,SALE,1,10.9,10.9,0.0,0.0,0.0,0.0,107,Chicken Burger,Hauptgerichte,,MwSt. 7%,1.07,10.186916,0.713084,Normalverkauf
S1000196.19525,SP1000196.3.19525,SY1000196.2026.19525,iPad1(1000196),196,11.06.26 14:27,Prod,A1000196.6826,Tisch 3,106,S1000196.19525,SALE,2,3.9,7.8,0.0,0.0,0.0,0.0,119,Cola,Getränke,,MwSt. 19%,1.19,6.554622,1.245378,Normalverkauf
S1000196.19526,SP1000196.3.19526,SY1000196.2026.19526,iPad1(1000196),196,11.06.26 12:15,Prod,A1000196.6827,Tisch 2,107,S1000196.19526,VOID,2,9.8,19.6,0.0,0.0,0.0,0.0,108,Seelachs-Ei-Baugette,Hauptgerichte,,MwSt. 7%,1.07,18.317757,1.282243,Normalverkauf
S1000196.19527,SP1000196.3.19527,SY1000196.2026.19527,iPad1(1000196),196,11.06.26 12:15,Prod,A1000196.6827,Tisch 2,107,S1000196.19527,VOID,1,10.9,10.9,0.0,0.0,0.0,0.0,104,Thunfisch Wrap,Hauptgerichte,,MwSt. 7%,1.07,10.186916,0.713084,Normalverkauf
S1000196.19528,SP1000196.3.19528,SY1000196.2026.19528,iPad1(1000196),196,11.06.26 12:15,Prod,A1000196.6827,Tisch 2,107,S1000196.19528,VOID,1,10.9,10.9,0.0,0.0,0.0,0.0,109,Bismarck-Baguette,Hauptgerichte,,MwSt. 7%,1.07,10.186916,0.713084,Normalverkauf
S1000196.19529,SP1000196.3.19529,SY1000196.2026.19529,iPad1(1000196),196,11.06.26 13:28,Prod,A1000196.6828,Tisch 22,101,S1000196.19529,SALE,1,4.2,4.2,0.0,0.0,0.0,0.0,122,Bier,Getränke,,MwSt. 19%,1.19,3.529412,0.670588,Normalverkauf
S1000196.19530,SP1000196.3.19530,SY1000196.2026.19530,iPad1(1000196),196,11.06.26 13:28,Prod,A1000196.6828,Tisch 22,101,S1000196.19530,SALE,1,5.5,5.5,0.0,0.0,0.0,0.0,114,Fisch Nuggets Box,Beilagen,,MwSt. 7%,1.07,5.140187,0.359813,Normalverkauf
S1000196.19531,SP1000196.3.19531,SY1000196.2026.19531,iPad1(1000196),196,11.06.26 17:31,Prod,A1000196.6829,Tisch 14,115,S1000196.19531,SALE,1,7.9,7.9,0.0,0.0,0.0,0.0,115,Tiramisu,Desserts,,MwSt. 7%,1.07,7.383178,0.516822,Normalverkauf
S1000196.19532,SP1000196.3.19532,SY1000196.2026.19532,iPad1(1000196),196,11.06.26 11:07,Prod,A1000196.6830,Tisch 14,105,S1000196.19532,SALE,2,6.9,13.8,0.0,0.0,0.0,0.0,113,Garnelen Box,Beilagen,,MwSt. 7%,1.07,12.897196,0.902804,Normalverkauf
S1000196.19533,SP1000196.3.19533,SY1000196.2026.19533,iPad1(1000196),196,11.06.26 11:07,Prod,A1000196.6830,Tisch 14,105,S1000196.19533,SALE,2,10.9,21.8,0.0,0.0,0.0,0.0,107,Chicken Burger,Hauptgerichte,,MwSt. 7%,1.07,20.373832,1.426168,Normalverkauf
S1000196.19534,SP1000196.3.19534,SY1000196.2026.19534,iPad1(1000196),196,11.06.26 16:58,Prod,A1000196.6831,Tisch 10,106,S1000196.19534,VOID,1,5.5,5.5,0.0,0.0,0.0,0.0,111,Pommes Frites,Beilagen,,MwSt. 7%,1.07,5.140187,0.359813,Normalverkauf
S1000196.19535,SP1000196.3.19535,SY1000196.2026.19535,iPad1(1000196),196,11.06.26 16:58,Prod,A1000196.6831,Tisch 10,106,S1000196.19535,VOID,2,3.9,7.8,0.0,0.0,0.0,0.0,127,Alkoholfreies Bier,Getränke,,MwSt. 19%,1.19,6.554622,1.245378,Normalverkauf
S1000196.19536,SP1000196.3.19536,SY1000196.2026.19536,iPad1(1000196),196,11.06.26 16:58,Prod,A1000196.6831,Tisch 10,106,S1000196.19536,VOID,2,4.2,8.4,0.0,0.0,0.0,0.0,122,Bier,Getränke,,MwSt. 19%,1.19,7.058824,1.341176,Normalverkauf
S1000196.19537,SP1000196.3.19537,SY1000196.2026.19537,iPad1(1000196),196,11.06.26 13:22,Prod,A1000196.6832,Tisch 4,107,S1000196.19537,SALE,1,3.9,3.9,0.0,0.0,0.0,0.0,127,Alkoholfreies Bier,Getränke,,MwSt. 19%,1.19,3.277311,0.622689,Normalverkauf
S1000196.19538,SP1000196.3.19538,SY1000196.2026.19538,iPad1(1000196),196,11.06.26 13:22,Prod,A1000196.6832,Tisch 4,107,S1000196.19538,SALE,1,11.9,11.9,0.0,0.0,0.0,0.0,110,Matjes-Baguette,Hauptgerichte,,MwSt. 7%,1.07,11.121495,0.778505,Normalverkauf
S1000196.19539,SP1000196.3.19539,SY1000196.2026.19539,iPad1(1000196),196,11.06.26 13:22,Prod,A1000196.6832,Tisch 4,107,S1000196.19539,SALE,2,11.9,23.8,0.0,0.0,0.0,0.0,110,Matjes-Baguette,Hauptgerichte,,MwSt. 7%,1.07,22.242991,1.557009,Normalverkauf
S1000196.19540,SP1000196.3.19540,SY1000196.2026.19540,iPad1(1000196),196,11.06.26 18:48,Prod,A1000196.6833,,111,S1000196.19540,SALE,1,10.9,10.9,0.0,0.0,0.0,0.0,107,Chicken Burger,Hauptgerichte,,MwSt. 7%,1.07,10.186916,0.713084,Normalverkauf
S1000196.19541,SP1000196.3.19541,SY1000196.2026.19541,iPad1(1000196),196,11.06.26 16:22,Prod,A1000196.6834,Tisch 22,111,S1000196.19541,SALE,2,3.9,7.8,0.0,0.0,0.0,0.0,119,Cola,Getränke,,MwSt. 19%,1.19,6.554622,1.245378,Normalverkauf
S1000196.19542,SP1000196.3.19542,SY1000196.2026.19542,iPad1(1000196),196,11.06.26 17:51,Prod,A1000196.6835,Tisch 12,101,S1000196.19542,SALE,1,5.5,5.5,0.0,0.0,0.0,0.0,111,Pommes Frites,Beilagen,,MwSt. 7%,1.07,5.140187,0.359813,Normalverkauf
S1000196.19543,SP1000196.3.19543,SY1000196.2026.19543,iPad1(1000196),196,11.06.26 20:39,Prod,A1000196.6836,Tisch 7,101,S1000196.19543,SALE,2,9.8,19.6,0.0,0.0,0.0,0.0,108,Seelachs-Ei-Baugette,Hauptgerichte,,MwSt. 7%,1.07,18.317757,1.282243,Normalverkauf
S1000196.19544,SP1000196.3.19544,SY1000196.2026.19544,iPad1(1000196),196,11.06.26 12:55,Prod,A1000196.6837,Tisch 23,115,S1000196.19544,SALE,1,3.9,3.9,0.0,0.0,0.0,0.0,119,Cola,Getränke,,MwSt. 19%,1.19,3.277311,0.622689,Normalverkauf
S1000196.19545,SP1000196.3.19545,SY1000196.2026.19545,iPad1(1000196),196,11.06.26 12:38,Prod,A1000196.6838,Tisch 9,115,S1000196.19545,SALE,2,5.5,11.0,0.0,0.0,0.0,0.0,111,Pommes Frites,Beilagen,,MwSt. 7%,1.07,10.280374,0.719626,Normalverkauf
S1000196.19546,SP1000196.3.19546,SY1000196.2026.19546,iPad1(1000196),196,11.06.26 20:30,Prod,A1000196.6839,Tisch 8,105,S1000196.19546,SALE,2,3.9,7.8,0.0,0.0,0.0,0.0,127,Alkoholfreies Bier,Getränke,,MwSt. 19%,1.19,6.554622,1.245378,Normalverkauf
S1000196.19547,SP1000196.3.19547,SY1000196.2026.19547,iPad1(1000196),196,11.06.26 11:48,Prod,A1000196.6840,Tisch 7,116,S1000196.19547,SALE,1,5.9,5.9,0.0,0.0,0.0,0.0,125,Zitronen-Limonade,Getränke,,MwSt. 19%,1.19,4.957983,0.942017,Normalverkauf
S1000196.19548,SP1000196.3.19548,SY1000196.2026.19548,iPad1(1000196),196,11.06.26 15:17,Prod,A1000196.6841,Tisch 4,111,S1000196.19548,SALE,2,3.9,7.8,0.0,0.0,0.0,0.0,124,Cola Zero,Getränke,,MwSt. 19%,1.19,6.554622,1.245378,Normalverkauf
S1000196.19549,SP1000196.3.19549,SY1000196.2026.19549,iPad1(1000196),196,11.06.26 20:05,Prod,A1000196.6842,Tisch 10,101,S1000196.19549,SALE,2,5.5,11.0,0.0,0.0,0.0,0.0,111,Pommes Frites,Beilagen,,MwSt. 7%,1.07,10.280374,0.719626,Normalverkauf
S1000196.19550,SP1000196.3.19550,SY1000196.2026.19550,iPad1(1000196),196,11.06.26 20:05,Prod,A1000196.6842,Tisch 10,101,S1000196.19550,SALE,1,3.9,3.9,0.0,0.0,0.0,0.0,119,Cola,Getränke,,MwSt. 19%,1.19,3.277311,0.622689,Normalverkauf
S1000196.19551,SP1000196.3.19551,SY1000196.2026.19551,iPad1(1000196),196,11.06.26 20:05,Prod,A1000196.6842,Tisch 10,101,S1000196.19551,SALE,1,11.9,11.9,0.0,0.0,0.0,0.0,110,Matjes-Baguette,Hauptgerichte,,MwSt. 7%,1.07,11.121495,0.778505,Normalverkauf
S1000196.19552,SP1000196.3.19552,SY1000196.2026.19552,iPad1(1000196),196,11.06.26 13:56,Prod,A1000196.6843,Tisch 23,106,S1000196.19552,SALE,2,5.5,11.0,0.0,0.0,0.0,0.0,111,Pommes Frites,Beilagen,,MwSt. 7%,1.07,10.280374,0.719626,Normalverkauf
S1000196.19553,SP1000196.3.19553,SY1000196.2026.19553,iPad1(1000196),196,11.06.26 13:56,Prod,A1000196.6843,Tisch 23,106,S1000196.19553,SALE,2,4.2,8.4,0.0,0.0,0.0,0.0,122,Bier,Getränke,,MwSt. 19%,1.19,7.058824,1.341176,Normalverkauf
S1000196.19554,SP1000196.3.19554,SY1000196.2026.19554,iPad1(1000196),196,11.06.26 16:53,Prod,A1000196.6844,Tisch 18,105,S1000196.19554,VOID,1,3.2,3.2,0.0,0.0,0.0,0.0,120,Apfelschorle,Getränke,,MwSt. 19%,1.19,2.689076,0.510924,Normalverkauf
S1000196.19555,SP1000196.3.19555,SY1000196.2026.19555,iPad1(1000196),196,11.06.26 11:11,Prod,A1000196.6845,Tisch 4,101,S1000196.19555,SALE,2,6.5,13.0,0.0,0.0,0.0,0.0,100,Fischbrötchen Backfisch,Hauptspeisen,,MwSt. 7%,1.07,12.149533,0.850467,Normalverkauf
S1000196.19556,SP1000196.3.19556,SY1000196.2026.19556,iPad1(1000196),196,11.06.26 11:11,Prod,A1000196.6845,Tisch 4,101,S1000196.19556,SALE,1,4.2,4.2,0.0,0.0,0.0,0.0,122,Bier,Getränke,,MwSt. 19%,1.19,3.529412,0.670588,Normalverkauf
S1000196.19557,SP1000196.3.19557,SY1000196.2026.19557,iPad1(1000196),196,11.06.26 17:39,Prod,A1000196.6846,Tisch 6,107,S1000196.19557,SALE,1,4.2,4.2,0.0,0.0,0.0,0.0,122,Bier,Getränke,,MwSt. 19%,1.19,3.529412,0.670588,Normalverkauf
S1000196.19558,SP1000196.3.19558,SY1000196.2026.19558,iPad1(1000196),196,11.06.26 17:39,Prod,A1000196.6846,Tisch 6,107,S1000196.19558,SALE,2,10.9,21.8,0.0,0.0,0.0,0.0,109,Bismarck-Baguette,Hauptgerichte,,MwSt. 7%,1.07,20.373832,1.426168,Normalverkauf
S1000196.19559,SP1000196.3.19559,SY1000196.2026.19559,iPad1(1000196),196,11.06.26 17:39,Prod,A1000196.6846,Tisch 6,107,S1000196.19559,SALE,1,9.8,9.8,0.0,0.0,0.0,0.0,108,Seelachs-Ei-Baugette,Hauptgerichte,,MwSt. 7%,1.07,9.158879,0.641121,Normalverkauf
S1000196.19560,SP1000196.3.19560,SY1000196.2026.19560,iPad1(1000196),196,11.06.26 11:24,Prod,A1000196.6847,Tisch 20,115,S1000196.19560,SALE,2,3.9,7.8,0.0,0.0,0.0,0.0,119,Cola,Getränke,,MwSt. 19%,1.19,6.554622,1.245378,Normalverkauf
S1000196.19561,SP1000196.3.19561,SY1000196.2026.19561,iPad1(1000196),196,11.06.26 11:24,Prod,A1000196.6847,Tisch 20,115,S1000196.19561,SALE,2,5.5,11.0,0.0,0.0,0.0,0.0,114,Fisch Nuggets Box,Beilagen,,MwSt. 7%,1.07,10.280374,0.719626,Normalverkauf
S1000196.19562,SP1000196.3.19562,SY1000196.2026.19562,iPad1(1000196),196,11.06.26 15:32,Prod,A1000196.6848,Tisch 19,107,S1000196.19562,SALE,1,2.8,2.8,0.0,0.0,0.0,0.0,121,Mineralwasser,Getränke,,MwSt. 19%,1.19,2.352941,0.447059,Normalverkauf
S1000196.19563,SP1000196.3.19563,SY1000196.2026.19563,iPad1(1000196),196,11.06.26 17:55,Prod,A1000196.6849,Tisch 14,115,S1000196.19563,SALE,1,11.5,11.5,0.0,0.0,0.0,0.0,105,Garnelen-Kimchi-Bruger,Hauptgerichte,,MwSt. 7%,1.07,10.747664,0.752336,Normalverkauf
S1000196.19564,SP1000196.3.19564,SY1000196.2026.19564,iPad1(1000196),196,11.06.26 17:55,Prod,A1000196.6849,Tisch 14,115,S1000196.19564,SALE,2,3.2,6.4,0.0,0.0,0.0,0.0,120,Apfelschorle,Getränke,,MwSt. 19%,1.19,5.378151,1.021849,Normalverkauf
S1000196.19565,SP1000196.3.19565,SY1000196.2026.19565,iPad1(1000196),196,11.06.26 17:55,Prod,A1000196.6849,Tisch 14,115,S1000196.19565,SALE,1,10.9,10.9,0.0,0.0,0.0,0.0,109,Bismarck-Baguette,Hauptgerichte,,MwSt. 7%,1.07,10.186916,0.713084,Normalverkauf
S1000196.19566,SP1000196.3.19566,SY1000196.2026.19566,iPad1(1000196),196,11.06.26 13:49,Prod,A1000196.6850,,116,S1000196.19566,VOID,2,14.5,29.0,0.0,0.0,0.0,0.0,101,Lachs,Hauptspeisen,,MwSt. 7%,1.07,27.102804,1.897196,Normalverkauf
S1000196.19567,SP1000196.3.19567,SY1000196.2026.19567,iPad1(1000196),196,11.06.26 13:49,Prod,A1000196.6850,,116,S1000196.19567,VOID,2,5.9,11.8,0.0,0.0,0.0,0.0,116,Vanillequark,Desserts,,MwSt. 7%,1.07,11.028037,0.771963,Normalverkauf
S1000196.19568,SP1000196.3.19568,SY1000196.2026.19568,iPad1(1000196),196,11.06.26 20:31,Prod,A1000196.6851,Tisch 8,105,S1000196.19568,SALE,1,6.5,6.5,0.0,0.0,0.0,0.0,100,Fischbrötchen Backfisch,Hauptspeisen,,MwSt. 7%,1.07,6.074766,0.425234,Normalverkauf
S1000196.19569,SP1000196.3.19569,SY1000196.2026.19569,iPad1(1000196),196,11.06.26 20:31,Prod,A1000196.6851,Tisch 8,105,S1000196.19569,SALE,2,3.9,7.8,0.0,0.0,0.0,0.0,119,Cola,Getränke,,MwSt. 19%,1.19,6.554622,1.245378,Normalverkauf
S1000196.19570,SP1000196.3.19570,SY1000196.2026.19570,iPad1(1000196),196,11.06.26 20:31,Prod,A1000196.6851,Tisch 8,105,S1000196.19570,SALE,1,5.5,5.5,0.0,0.0,0.0,0.0,111,Pommes Frites,Beilagen,,MwSt. 7%,1.07,5.140187,0.359813,Normalverkauf
S1000196.19571,SP1000196.3.19571,SY1000196.2026.19571,iPad1(1000196),196,11.06.26 15:18,Prod,A1000196.6852,,115,S1000196.19571,SALE,2,5.5,11.0,0.0,0.0,0.0,0.0,111,Pommes Frites,Beilagen,,MwSt. 7%,1.07,10.280374,0.719626,Normalverkauf
S1000196.19572,SP1000196.3.19572,SY1000196.2026.19572,iPad1(1000196),196,11.06.26 13:03,Prod,A1000196.6853,Tisch 14,105,S1000196.19572,SALE,1,5.9,5.9,0.0,0.0,0.0,0.0,117,Rote Grütze,Desserts,,MwSt. 7%,1.07,5.514019,0.385981,Normalverkauf
S1000196.19573,SP1000196.3.19573,SY1000196.2026.19573,iPad1(1000196),196,11.06.26 15:32,Prod,A1000196.6854,Tisch 9,105,S1000196.19573,SALE,2,4.2,8.4,0.0,0.0,0.0,0.0,122,Bier,Getränke,,MwSt. 19%,1.19,7.058824,1.341176,Normalverkauf
S1000196.19574,SP1000196.3.19574,SY1000196.2026.19574,iPad1(1000196),196,11.06.26 15:32,Prod,A1000196.6854,Tisch 9,105,S1000196.19574,SALE,2,3.9,7.8,0.0,0.0,0.0,0.0,126,Spezi,Getränke,,MwSt. 19%,1.19,6.554622,1.245378,Normalverkauf
S1000196.19575,SP1000196.3.19575,SY1000196.2026.19575,iPad1(1000196),196,11.06.26 18:55,Prod,A1000196.6855,Tisch 24,101,S1000196.19575,SALE,1,6.5,6.5,0.0,0.0,0.0,0.0,118,Schokokuchen,Desserts,,MwSt. 7%,1.07,6.074766,0.425234,Normalverkauf
S1000196.19576,SP1000196.3.19576,SY1000196.2026.19576,iPad1(1000196),196,11.06.26 18:55,Prod,A1000196.6855,Tisch 24,101,S1000196.19576,SALE,2,10.9,21.8,0.0,0.0,0.0,0.0,104,Thunfisch Wrap,Hauptgerichte,,MwSt. 7%,1.07,20.373832,1.426168,Normalverkauf
S1000196.19577,SP1000196.3.19577,SY1000196.2026.19577,iPad1(1000196),196,11.06.26 08:34,Prod,A1000196.6856,Tisch 2,107,S1000196.19577,VOID,1,6.9,6.9,0.0,0.0,0.0,0.0,103,Fischbrötchen Räucherlachs,Hauptspeisen,,MwSt. 7%,1.07,6.448598,0.451402,Normalverkauf
S1000196.19578,SP1000196.3.19578,SY1000196.2026.19578,iPad1(1000196),196,11.06.26 08:34,Prod,A1000196.6856,Tisch 2,107,S1000196.19578,VOID,2,5.9,11.8,0.0,0.0,0.0,0.0,116,Vanillequark,Desserts,,MwSt. 7%,1.07,11.028037,0.771963,Normalverkauf
S1000196.19579,SP1000196.3.19579,SY1000196.2026.19579,iPad1(1000196),196,11.06.26 20:21,Prod,A1000196.6857,Tisch 11,111,S1000196.19579,SALE,2,4.2,8.4,0.0,0.0,0.0,0.0,122,Bier,Getränke,,MwSt. 19%,1.19,7.058824,1.341176,Normalverkauf
S1000196.19580,SP1000196.3.19580,SY1000196.2026.19580,iPad1(1000196),196,11.06.26 17:03,Prod,A1000196.6858,Tisch 9,106,S1000196.19580,SALE,2,2.8,5.6,0.0,0.0,0.0,0.0,121,Mineralwasser,Getränke,,MwSt. 19%,1.19,4.705882,0.894118,Normalverkauf
S1000196.19581,SP1000196.3.19581,SY1000196.2026.19581,iPad1(1000196),196,11.06.26 17:03,Prod,A1000196.6858,Tisch 9,106,S1000196.19581,SALE,1,3.2,3.2,0.0,0.0,0.0,0.0,120,Apfelschorle,Getränke,,MwSt. 19%,1.19,2.689076,0.510924,Normalverkauf
S1000196.19582,SP1000196.3.19582,SY1000196.2026.19582,iPad1(1000196),196,11.06.26 19:32,Prod,A1000196.6859,Tisch 13,116,S1000196.19582,SALE,2,3.9,7.8,0.0,0.0,0.0,0.0,119,Cola,Getränke,,MwSt. 19%,1.19,6.554622,1.245378,Normalverkauf
S1000196.19583,SP1000196.3.19583,SY1000196.2026.19583,iPad1(1000196),196,11.06.26 11:27,Prod,A1000196.6860,Tisch 21,105,S1000196.19583,SALE,2,9.8,19.6,0.0,0.0,0.0,0.0,108,Seelachs-Ei-Baugette,Hauptgerichte,,MwSt. 7%,1.07,18.317757,1.282243,Normalverkauf
S1000196.19584,SP1000196.3.19584,SY1000196.2026.19584,iPad1(1000196),196,11.06.26 11:27,Prod,A1000196.6860,Tisch 21,105,S1000196.19584,SALE,2,3.9,7.8,0.0,0.0,0.0,0.0,119,Cola,Getränke,,MwSt. 19%,1.19,6.554622,1.245378,Normalverkauf
S1000196.19585,SP1000196.3.19585,SY1000196.2026.19585,iPad1(1000196),196,11.06.26 11:27,Prod,A1000196.6860,Tisch 21,105,S1000196.19585,SALE,1,10.9,10.9,0.0,0.0,0.0,0.0,109,Bismarck-Baguette,Hauptgerichte,,MwSt. 7%,1.07,10.186916,0.713084,Normalverkauf
S1000196.19586,SP1000196.3.19586,SY1000196.2026.19586,iPad1(1000196),196,11.06.26 19:11,Prod,A1000196.6861,,105,S1000196.19586,SALE,2,6.9,13.8,0.0,0.0,0.0,0.0,103,Fischbrötchen Räucherlachs,Hauptspeisen,,MwSt. 7%,1.07,12.897196,0.902804,Normalverkauf
S1000196.19587,SP1000196.3.19587,SY1000196.2026.19587,iPad1(1000196),196,11.06.26 19:11,Prod,A1000196.6861,,105,S1000196.19587,SALE,2,5.5,11.0,0.0,0.0,0.0,0.0,114,Fisch Nuggets Box,Beilagen,,MwSt. 7%,1.07,10.280374,0.719626,Normalverkauf
S1000196.19588,SP1000196.3.19588,SY1000196.2026.19588,iPad1(1000196),196,11.06.26 19:11,Prod,A1000196.6861,,105,S1000196.19588,SALE,1,3.9,3.9,0.0,0.0,0.0,0.0,124,Cola Zero,Getränke,,MwSt. 19%,1.19,3.277311,0.622689,Normalverkauf
S1000196.19589,SP1000196.3.19589,SY1000196.2026.19589,iPad1(1000196),196,11.06.26 10:19,Prod,A1000196.6862,Tisch 12,116,S1000196.19589,SALE,1,5.9,5.9,0.0,0.0,0.0,0.0,116,Vanillequark,Desserts,,MwSt. 7%,1.07,5.514019,0.385981,Normalverkauf
S1000196.19590,SP1000196.3.19590,SY1000196.2026.19590,iPad1(1000196),196,11.06.26 18:25,Prod,A1000196.6863,Tisch 10,106,S1000196.19590,SALE,1,3.2,3.2,0.0,0.0,0.0,0.0,120,Apfelschorle,Getränke,,MwSt. 19%,1.19,2.689076,0.510924,Normalverkauf
S1000196.19591,SP1000196.3.19591,SY1000196.2026.19591,iPad1(1000196),196,11.06.26 12:14,Prod,A1000196.6864,Tisch 7,111,S1000196.19591,VOID,2,10.9,21.8,0.0,0.0,0.0,0.0,107,Chicken Burger,Hauptgerichte,,MwSt. 7%,1.07,20.373832,1.426168,Normalverkauf
S1000196.19592,SP1000196.3.19592,SY1000196.2026.19592,iPad1(1000196),196,11.06.26 12:14,Prod,A1000196.6864,Tisch 7,111,S1000196.19592,VOID,1,3.2,3.2,0.0,0.0,0.0,0.0,120,Apfelschorle,Getränke,,MwSt. 19%,1.19,2.689076,0.510924,Normalverkauf
S1000196.19593,SP1000196.3.19593,SY1000196.2026.19593,iPad1(1000196),196,11.06.26 17:15,Prod,A1000196.6865,Tisch 21,106,S1000196.19593,VOID,1,11.9,11.9,0.0,0.0,0.0,0.0,110,Matjes-Baguette,Hauptgerichte,,MwSt. 7%,1.07,11.121495,0.778505,Normalverkauf
S1000196.19594,SP1000196.3.19594,SY1000196.2026.19594,iPad1(1000196),196,11.06.26 17:15,Prod,A1000196.6865,Tisch 21,106,S1000196.19594,VOID,2,2.8,5.6,0.0,0.0,0.0,0.0,121,Mineralwasser,Getränke,,MwSt. 19%,1.19,4.705882,0.894118,Normalverkauf
S1000196.19595,SP1000196.3.19595,SY1000196.2026.19595,iPad1(1000196),196,11.06.26 17:15,Prod,A1000196.6865,Tisch 21,106,S1000196.19595,VOID,2,10.9,21.8,0.0,0.0,0.0,0.0,104,Thunfisch Wrap,Hauptgerichte,,MwSt. 7%,1.07,20.373832,1.426168,Normalverkauf
S1000196.19596,SP1000196.3.19596,SY1000196.2026.19596,iPad1(1000196),196,11.06.26 19:07,Prod,A1000196.6866,Tisch 17,116,S1000196.19596,SALE,1,6.9,6.9,0.0,0.0,0.0,0.0,113,Garnelen Box,Beilagen,,MwSt. 7%,1.07,6.448598,0.451402,Normalverkauf
S1000196.19597,SP1000196.3.19597,SY1000196.2026.19597,iPad1(1000196),196,11.06.26 19:07,Prod,A1000196.6866,Tisch 17,116,S1000196.19597,SALE,1,10.9,10.9,0.0,0.0,0.0,0.0,109,Bismarck-Baguette,Hauptgerichte,,MwSt. 7%,1.07,10.186916,0.713084,Normalverkauf
S1000196.19598,SP1000196.3.19598,SY1000196.2026.19598,iPad1(1000196),196,11.06.26 19:56,Prod,A1000196.6867,Tisch 14,106,S1000196.19598,SALE,1,6.9,6.9,0.0,0.0,0.0,0.0,113,Garnelen Box,Beilagen,,MwSt. 7%,1.07,6.448598,0.451402,Normalverkauf
S1000196.19599,SP1000196.3.19599,SY1000196.2026.19599,iPad1(1000196),196,11.06.26 15:32,Prod,A1000196.6868,Tisch 21,105,S1000196.19599,SALE,1,3.9,3.9,0.0,0.0,0.0,0.0,126,Spezi,Getränke,,MwSt. 19%,1.19,3.277311,0.622689,Normalverkauf
S1000196.19600,SP1000196.3.19600,SY1000196.2026.19600,iPad1(1000196),196,11.06.26 12:42,Prod,A1000196.6869,,107,S1000196.19600,SALE,1,5.5,5.5,0.0,0.0,0.0,0.0,111,Pommes Frites,Beilagen,,MwSt. 7%,1.07,5.140187,0.359813,Normalverkauf
S1000196.19601,SP1000196.3.19601,SY1000196.2026.19601,iPad1(1000196),196,11.06.26 12:42,Prod,A1000196.6869,,107,S1000196.19601,SALE,2,3.9,7.8,0.0,0.0,0.0,0.0,126,Spezi,Getränke,,MwSt. 19%,1.19,6.554622,1.245378,Normalverkauf
S1000196.19602,SP1000196.3.19602,SY1000196.2026.19602,iPad1(1000196),196,11.06.26 19:01,Prod,A1000196.6870,Tisch 8,115,S1000196.19602,SALE,1,7.9,7.9,0.0,0.0,0.0,0.0,115,Tiramisu,Desserts,,MwSt. 7%,1.07,7.383178,0.516822,Normalverkauf
S1000196.19603,SP1000196.3.19603,SY1000196.2026.19603,iPad1(1000196),196,11.06.26 19:01,Prod,A1000196.6870,Tisch 8,115,S1000196.19603,SALE,1,4.2,4.2,0.0,0.0,0.0,0.0,122,Bier,Getränke,,MwSt. 19%,1.19,3.529412,0.670588,Normalverkauf
S1000196.19604,SP1000196.3.19604,SY1000196.2026.19604,iPad1(1000196),196,11.06.26 19:01,Prod,A1000196.6870,Tisch 8,115,S1000196.19604,SALE,2,3.9,7.8,0.0,0.0,0.0,0.0,126,Spezi,Getränke,,MwSt. 19%,1.19,6.554622,1.245378,Normalverkauf
S1000196.19605,SP1000196.3.19605,SY1000196.2026.19605,iPad1(1000196),196,11.06.26 18:14,Prod,A1000196.6871,Tisch 5,107,S1000196.19605,SALE,2,5.9,11.8,0.0,0.0,0.0,0.0,117,Rote Grütze,Desserts,,MwSt. 7%,1.07,11.028037,0.771963,Normalverkauf
S1000196.19606,SP1000196.3.19606,SY1000196.2026.19606,iPad1(1000196),196,11.06.26 18:14,Prod,A1000196.6871,Tisch 5,107,S1000196.19606,SALE,1,9.8,9.8,0.0,0.0,0.0,0.0,108,Seelachs-Ei-Baugette,Hauptgerichte,,MwSt. 7%,1.07,9.158879,0.641121,Normalverkauf
S1000196.19607,SP1000196.3.19607,SY1000196.2026.19607,iPad1(1000196),196,11.06.26 13:48,Prod,A1000196.6872,Tisch 3,105,S1000196.19607,SALE,1,3.2,3.2,0.0,0.0,0.0,0.0,120,Apfelschorle,Getränke,,MwSt. 19%,1.19,2.689076,0.510924,Normalverkauf
S1000196.19608,SP1000196.3.19608,SY1000196.2026.19608,iPad1(1000196),196,11.06.26 13:48,Prod,A1000196.6872,Tisch 3,105,S1000196.19608,SALE,2,3.9,7.8,0.0,0.0,0.0,0.0,124,Cola Zero,Getränke,,MwSt. 19%,1.19,6.554622,1.245378,Normalverkauf
S1000196.19609,SP1000196.3.19609,SY1000196.2026.19609,iPad1(1000196),196,11.06.26 13:48,Prod,A1000196.6872,Tisch 3,105,S1000196.19609,SALE,2,3.9,7.8,0.0,0.0,0.0,0.0,124,Cola Zero,Getränke,,MwSt. 19%,1.19,6.554622,1.245378,Normalverkauf
S1000196.19610,SP1000196.3.19610,SY1000196.2026.19610,iPad1(1000196),196,11.06.26 19:30,Prod,A1000196.6873,Tisch 17,111,S1000196.19610,SALE,1,10.9,10.9,0.0,0.0,0.0,0.0,107,Chicken Burger,Hauptgerichte,,MwSt. 7%,1.07,10.186916,0.713084,Normalverkauf
S1000196.19611,SP1000196.3.19611,SY1000196.2026.19611,iPad1(1000196),196,11.06.26 19:30,Prod,A1000196.6873,Tisch 17,111,S1000196.19611,SALE,2,10.9,21.8,0.0,0.0,0.0,0.0,107,Chicken Burger,Hauptgerichte,,MwSt. 7%,1.07,20.373832,1.426168,Normalverkauf
S1000196.19612,SP1000196.3.19612,SY1000196.2026.19612,iPad1(1000196),196,11.06.26 19:30,Prod,A1000196.6873,Tisch 17,111,S1000196.19612,SALE,1,4.9,4.9,0.0,0.0,0.0,0.0,112,Kartoffelwedges,Beilagen,,MwSt. 7%,1.07,4.579439,0.320561,Normalverkauf
S1000196.19613,SP1000196.3.19613,SY1000196.2026.19613,iPad1(1000196),196,11.06.26 14:23,Prod,A1000196.6874,Tisch 10,116,S1000196.19613,SALE,1,11.5,11.5,0.0,0.0,0.0,0.0,105,Garnelen-Kimchi-Bruger,Hauptgerichte,,MwSt. 7%,1.07,10.747664,0.752336,Normalverkauf
S1000196.19614,SP1000196.3.19614,SY1000196.2026.19614,iPad1(1000196),196,11.06.26 14:23,Prod,A1000196.6874,Tisch 10,116,S1000196.19614,SALE,1,6.5,6.5,0.0,0.0,0.0,0.0,100,Fischbrötchen Backfisch,Hauptspeisen,,MwSt. 7%,1.07,6.074766,0.425234,Normalverkauf
S1000196.19615,SP1000196.3.19615,SY1000196.2026.19615,iPad1(1000196),196,11.06.26 14:23,Prod,A1000196.6874,Tisch 10,116,S1000196.19615,SALE,2,2.8,5.6,0.0,0.0,0.0,0.0,121,Mineralwasser,Getränke,,MwSt. 19%,1.19,4.705882,0.894118,Normalverkauf
S1000196.19616,SP1000196.3.19616,SY1000196.2026.19616,iPad1(1000196),196,11.06.26 18:05,Prod,A1000196.6875,,115,S1000196.19616,SALE,2,4.9,9.8,0.0,0.0,0.0,0.0,112,Kartoffelwedges,Beilagen,,MwSt. 7%,1.07,9.158879,0.641121,Normalverkauf
S1000196.19617,SP1000196.3.19617,SY1000196.2026.19617,iPad1(1000196),196,11.06.26 18:05,Prod,A1000196.6875,,115,S1000196.19617,SALE,2,6.5,13.0,0.0,0.0,0.0,0.0,118,Schokokuchen,Desserts,,MwSt. 7%,1.07,12.149533,0.850467,Normalverkauf
S1000196.19618,SP1000196.3.19618,SY1000196.2026.19618,iPad1(1000196),196,11.06.26 18:16,Prod,A1000196.6876,Tisch 15,101,S1000196.19618,SALE,1,9.8,9.8,0.0,0.0,0.0,0.0,108,Seelachs-Ei-Baugette,Hauptgerichte,,MwSt. 7%,1.07,9.158879,0.641121,Normalverkauf
S1000196.19619,SP1000196.3.19619,SY1000196.2026.19619,iPad1(1000196),196,11.06.26 14:02,Prod,A1000196.6877,Tisch 12,105,S1000196.19619,SALE,1,3.9,3.9,0.0,0.0,0.0,0.0,124,Cola Zero,Getränke,,MwSt. 19%,1.19,3.277311,0.622689,Normalverkauf
S1000196.19620,SP1000196.3.19620,SY1000196.2026.19620,iPad1(1000196),196,11.06.26 14:02,Prod,A1000196.6877,Tisch 12,105,S1000196.19620,SALE,1,5.9,5.9,0.0,0.0,0.0,0.0,125,Zitronen-Limonade,Getränke,,MwSt. 19%,1.19,4.957983,0.942017,Normalverkauf
S1000196.19621,SP1000196.3.19621,SY1000196.2026.19621,iPad1(1000196),196,11.06.26 11:06,Prod,A1000196.6878,Tisch 18,107,S1000196.19621,VOID,1,10.9,10.9,0.0,0.0,0.0,0.0,104,Thunfisch Wrap,Hauptgerichte,,MwSt. 7%,1.07,10.186916,0.713084,Normalverkauf
S1000196.19622,SP1000196.3.19622,SY1000196.2026.19622,iPad1(1000196),196,11.06.26 11:06,Prod,A1000196.6878,Tisch 18,107,S1000196.19622,VOID,2,4.2,8.4,0.0,0.0,0.0,0.0,122,Bier,Getränke,,MwSt. 19%,1.19,7.058824,1.341176,Normalverkauf
S1000196.19623,SP1000196.3.19623,SY1000196.2026.19623,iPad1(1000196),196,11.06.26 11:06,Prod,A1000196.6878,Tisch 18,107,S1000196.19623,VOID,1,5.5,5.5,0.0,0.0,0.0,0.0,111,Pommes Frites,Beilagen,,MwSt. 7%,1.07,5.140187,0.359813,Normalverkauf
S1000196.19624,SP1000196.3.19624,SY1000196.2026.19624,iPad1(1000196),196,11.06.26 16:53,Prod,A1000196.6879,Tisch 14,107,S1000196.19624,SALE,1,9.8,9.8,0.0,0.0,0.0,0.0,108,Seelachs-Ei-Baugette,Hauptgerichte,,MwSt. 7%,1.07,9.158879,0.641121,Normalverkauf
S1000196.19625,SP1000196.3.19625,SY1000196.2026.19625,iPad1(1000196),196,11.06.26 16:53,Prod,A1000196.6879,Tisch 14,107,S1000196.19625,SALE,2,5.9,11.8,0.0,0.0,0.0,0.0,123,Inger-Limonade,Getränke,,MwSt. 19%,1.19,9.915966,1.884034,Normalverkauf
S1000196.19626,SP1000196.3.19626,SY1000196.2026.19626,iPad1(1000196),196,11.06.26 16:53,Prod,A1000196.6879,Tisch 14,107,S1000196.19626,SALE,2,7.9,15.8,0.0,0.0,0.0,0.0,106,Neptun-Ringe,Beilagen,,MwSt. 7%,1.07,14.766355,1.033645,Normalverkauf
S1000196.19627,SP1000196.3.19627,SY1000196.2026.19627,iPad1(1000196),196,11.06.26 16:04,Prod,A1000196.6880,Tisch 21,115,S1000196.19627,SALE,2,3.9,7.8,0.0,0.0,0.0,0.0,119,Cola,Getränke,,MwSt. 19%,1.19,6.554622,1.245378,Normalverkauf
S1000196.19628,SP1000196.3.19628,SY1000196.2026.19628,iPad1(1000196),196,11.06.26 10:26,Prod,A1000196.6881,Tisch 17,106,S1000196.19628,SALE,1,13.5,13.5,0.0,0.0,0.0,0.0,102,Matjes,Hauptspeisen,,MwSt. 7%,1.07,12.616822,0.883178,Normalverkauf
S1000196.19629,SP1000196.3.19629,SY1000196.2026.19629,iPad1(1000196),196,11.06.26 10:26,Prod,A1000196.6881,Tisch 17,106,S1000196.19629,SALE,2,5.9,11.8,0.0,0.0,0.0,0.0,117,Rote Grütze,Desserts,,MwSt. 7%,1.07,11.028037,0.771963,Normalverkauf
S1000196.19630,SP1000196.3.19630,SY1000196.2026.19630,iPad1(1000196),196,11.06.26 17:22,Prod,A1000196.6882,Tisch 3,116,S1000196.19630,SALE,2,10.9,21.8,0.0,0.0,0.0,0.0,104,Thunfisch Wrap,Hauptgerichte,,MwSt. 7%,1.07,20.373832,1.426168,Normalverkauf
S1000196.19631,SP1000196.3.19631,SY1000196.2026.19631,iPad1(1000196),196,11.06.26 13:54,Prod,A1000196.6883,Tisch 1,115,S1000196.19631,SALE,2,10.9,21.8,0.0,0.0,0.0,0.0,109,Bismarck-Baguette,Hauptgerichte,,MwSt. 7%,1.07,20.373832,1.426168,Normalverkauf
S1000196.19632,SP1000196.3.19632,SY1000196.2026.19632,iPad1(1000196),196,11.06.26 18:19,Prod,A1000196.6884,Tisch 23,115,S1000196.19632,SALE,1,5.5,5.5,0.0,0.0,0.0,0.0,111,Pommes Frites,Beilagen,,MwSt. 7%,1.07,5.140187,0.359813,Normalverkauf
S1000196.19633,SP1000196.3.19633,SY1000196.2026.19633,iPad1(1000196),196,11.06.26 18:19,Prod,A1000196.6884,Tisch 23,115,S1000196.19633,SALE,2,3.9,7.8,0.0,0.0,0.0,0.0,119,Cola,Getränke,,MwSt. 19%,1.19,6.554622,1.245378,Normalverkauf
S1000196.19634,SP1000196.3.19634,SY1000196.2026.19634,iPad1(1000196),196,11.06.26 18:19,Prod,A1000196.6884,Tisch 23,115,S1000196.19634,SALE,2,2.8,5.6,0.0,0.0,0.0,0.0,121,Mineralwasser,Getränke,,MwSt. 19%,1.19,4.705882,0.894118,Normalverkauf
S1000196.19635,SP1000196.3.19635,SY1000196.2026.19635,iPad1(1000196),196,11.06.26 17:27,Prod,A1000196.6885,Tisch 17,101,S1000196.19635,SALE,1,10.9,10.9,0.0,0.0,0.0,0.0,107,Chicken Burger,Hauptgerichte,,MwSt. 7%,1.07,10.186916,0.713084,Normalverkauf
S1000196.19636,SP1000196.3.19636,SY1000196.2026.19636,iPad1(1000196),196,12.06.26 12:43,Prod,A1000196.6886,Tisch 6,107,S1000196.19636,SALE,1,10.9,10.9,0.0,0.0,0.0,0.0,107,Chicken Burger,Hauptgerichte,,MwSt. 7%,1.07,10.186916,0.713084,Normalverkauf
S1000196.19637,SP1000196.3.19637,SY1000196.2026.19637,iPad1(1000196),196,12.06.26 12:43,Prod,A1000196.6886,Tisch 6,107,S1000196.19637,SALE,1,3.9,3.9,0.0,0.0,0.0,0.0,119,Cola,Getränke,,MwSt. 19%,1.19,3.277311,0.622689,Normalverkauf
S1000196.19638,SP1000196.3.19638,SY1000196.2026.19638,iPad1(1000196),196,12.06.26 20:28,Prod,A1000196.6887,Tisch 1,111,S1000196.19638,SALE,1,6.9,6.9,0.0,0.0,0.0,0.0,113,Garnelen Box,Beilagen,,MwSt. 7%,1.07,6.448598,0.451402,Normalverkauf
S1000196.19639,SP1000196.3.19639,SY1000196.2026.19639,iPad1(1000196),196,12.06.26 20:28,Prod,A1000196.6887,Tisch 1,111,S1000196.19639,SALE,1,7.9,7.9,0.0,0.0,0.0,0.0,106,Neptun-Ringe,Beilagen,,MwSt. 7%,1.07,7.383178,0.516822,Normalverkauf
S1000196.19640,SP1000196.3.19640,SY1000196.2026.19640,iPad1(1000196),196,12.06.26 20:22,Prod,A1000196.6888,Tisch 14,101,S1000196.19640,SALE,2,4.2,8.4,0.0,0.0,0.0,0.0,122,Bier,Getränke,,MwSt. 19%,1.19,7.058824,1.341176,Normalverkauf
S1000196.19641,SP1000196.3.19641,SY1000196.2026.19641,iPad1(1000196),196,12.06.26 20:22,Prod,A1000196.6888,Tisch 14,101,S1000196.19641,SALE,2,5.5,11.0,0.0,0.0,0.0,0.0,111,Pommes Frites,Beilagen,,MwSt. 7%,1.07,10.280374,0.719626,Normalverkauf
S1000196.19642,SP1000196.3.19642,SY1000196.2026.19642,iPad1(1000196),196,12.06.26 17:05,Prod,A1000196.6889,Tisch 2,115,S1000196.19642,VOID,1,10.9,10.9,0.0,0.0,0.0,0.0,109,Bismarck-Baguette,Hauptgerichte,,MwSt. 7%,1.07,10.186916,0.713084,Normalverkauf
S1000196.19643,SP1000196.3.19643,SY1000196.2026.19643,iPad1(1000196),196,12.06.26 17:05,Prod,A1000196.6889,Tisch 2,115,S1000196.19643,VOID,1,5.5,5.5,0.0,0.0,0.0,0.0,111,Pommes Frites,Beilagen,,MwSt. 7%,1.07,5.140187,0.359813,Normalverkauf
S1000196.19644,SP1000196.3.19644,SY1000196.2026.19644,iPad1(1000196),196,12.06.26 11:42,Prod,A1000196.6890,Tisch 21,111,S1000196.19644,SALE,1,5.5,5.5,0.0,0.0,0.0,0.0,111,Pommes Frites,Beilagen,,MwSt. 7%,1.07,5.140187,0.359813,Normalverkauf
S1000196.19645,SP1000196.3.19645,SY1000196.2026.19645,iPad1(1000196),196,12.06.26 18:43,Prod,A1000196.6891,Tisch 22,111,S1000196.19645,VOID,2,10.9,21.8,0.0,0.0,0.0,0.0,109,Bismarck-Baguette,Hauptgerichte,,MwSt. 7%,1.07,20.373832,1.426168,Normalverkauf
S1000196.19646,SP1000196.3.19646,SY1000196.2026.19646,iPad1(1000196),196,12.06.26 18:43,Prod,A1000196.6891,Tisch 22,111,S1000196.19646,VOID,2,10.9,21.8,0.0,0.0,0.0,0.0,107,Chicken Burger,Hauptgerichte,,MwSt. 7%,1.07,20.373832,1.426168,Normalverkauf
S1000196.19647,SP1000196.3.19647,SY1000196.2026.19647,iPad1(1000196),196,12.06.26 18:43,Prod,A1000196.6891,Tisch 22,111,S1000196.19647,VOID,2,3.9,7.8,0.0,0.0,0.0,0.0,126,Spezi,Getränke,,MwSt. 19%,1.19,6.554622,1.245378,Normalverkauf
S1000196.19648,SP1000196.3.19648,SY1000196.2026.19648,iPad1(1000196),196,12.06.26 13:27,Prod,A1000196.6892,Tisch 12,111,S1000196.19648,SALE,2,3.9,7.8,0.0,0.0,0.0,0.0,124,Cola Zero,Getränke,,MwSt. 19%,1.19,6.554622,1.245378,Normalverkauf
S1000196.19649,SP1000196.3.19649,SY1000196.2026.19649,iPad1(1000196),196,12.06.26 13:27,Prod,A1000196.6892,Tisch 12,111,S1000196.19649,SALE,2,5.9,11.8,0.0,0.0,0.0,0.0,123,Inger-Limonade,Getränke,,MwSt. 19%,1.19,9.915966,1.884034,Normalverkauf
S1000196.19650,SP1000196.3.19650,SY1000196.2026.19650,iPad1(1000196),196,12.06.26 11:33,Prod,A1000196.6893,Tisch 10,115,S1000196.19650,SALE,1,3.2,3.2,0.0,0.0,0.0,0.0,120,Apfelschorle,Getränke,,MwSt. 19%,1.19,2.689076,0.510924,Normalverkauf
S1000196.19651,SP1000196.3.19651,SY1000196.2026.19651,iPad1(1000196),196,12.06.26 11:33,Prod,A1000196.6893,Tisch 10,115,S1000196.19651,SALE,1,3.9,3.9,0.0,0.0,0.0,0.0,119,Cola,Getränke,,MwSt. 19%,1.19,3.277311,0.622689,Normalverkauf
S1000196.19652,SP1000196.3.19652,SY1000196.2026.19652,iPad1(1000196),196,12.06.26 11:05,Prod,A1000196.6894,Tisch 21,105,S1000196.19652,SALE,2,10.9,21.8,0.0,0.0,0.0,0.0,109,Bismarck-Baguette,Hauptgerichte,,MwSt. 7%,1.07,20.373832,1.426168,Normalverkauf
S1000196.19653,SP1000196.3.19653,SY1000196.2026.19653,iPad1(1000196),196,12.06.26 11:05,Prod,A1000196.6894,Tisch 21,105,S1000196.19653,SALE,2,6.9,13.8,0.0,0.0,0.0,0.0,103,Fischbrötchen Räucherlachs,Hauptspeisen,,MwSt. 7%,1.07,12.897196,0.902804,Normalverkauf
S1000196.19654,SP1000196.3.19654,SY1000196.2026.19654,iPad1(1000196),196,12.06.26 11:05,Prod,A1000196.6894,Tisch 21,105,S1000196.19654,SALE,2,2.8,5.6,0.0,0.0,0.0,0.0,121,Mineralwasser,Getränke,,MwSt. 19%,1.19,4.705882,0.894118,Normalverkauf
S1000196.19655,SP1000196.3.19655,SY1000196.2026.19655,iPad1(1000196),196,12.06.26 19:52,Prod,A1000196.6895,Tisch 19,101,S1000196.19655,SALE,1,13.5,13.5,0.0,0.0,0.0,0.0,102,Matjes,Hauptspeisen,,MwSt. 7%,1.07,12.616822,0.883178,Normalverkauf
S1000196.19656,SP1000196.3.19656,SY1000196.2026.19656,iPad1(1000196),196,12.06.26 19:52,Prod,A1000196.6895,Tisch 19,101,S1000196.19656,SALE,2,9.8,19.6,0.0,0.0,0.0,0.0,108,Seelachs-Ei-Baugette,Hauptgerichte,,MwSt. 7%,1.07,18.317757,1.282243,Normalverkauf
S1000196.19657,SP1000196.3.19657,SY1000196.2026.19657,iPad1(1000196),196,12.06.26 13:04,Prod,A1000196.6896,Tisch 14,106,S1000196.19657,SALE,2,3.9,7.8,0.0,0.0,0.0,0.0,126,Spezi,Getränke,,MwSt. 19%,1.19,6.554622,1.245378,Normalverkauf
S1000196.19658,SP1000196.3.19658,SY1000196.2026.19658,iPad1(1000196),196,12.06.26 13:04,Prod,A1000196.6896,Tisch 14,106,S1000196.19658,SALE,1,10.9,10.9,0.0,0.0,0.0,0.0,107,Chicken Burger,Hauptgerichte,,MwSt. 7%,1.07,10.186916,0.713084,Normalverkauf
S1000196.19659,SP1000196.3.19659,SY1000196.2026.19659,iPad1(1000196),196,12.06.26 13:04,Prod,A1000196.6896,Tisch 14,106,S1000196.19659,SALE,2,3.9,7.8,0.0,0.0,0.0,0.0,119,Cola,Getränke,,MwSt. 19%,1.19,6.554622,1.245378,Normalverkauf
S1000196.19660,SP1000196.3.19660,SY1000196.2026.19660,iPad1(1000196),196,12.06.26 19:24,Prod,A1000196.6897,Tisch 8,105,S1000196.19660,SALE,2,5.9,11.8,0.0,0.0,0.0,0.0,123,Inger-Limonade,Getränke,,MwSt. 19%,1.19,9.915966,1.884034,Normalverkauf
S1000196.19661,SP1000196.3.19661,SY1000196.2026.19661,iPad1(1000196),196,12.06.26 13:57,Prod,A1000196.6898,Tisch 16,115,S1000196.19661,VOID,1,5.5,5.5,0.0,0.0,0.0,0.0,111,Pommes Frites,Beilagen,,MwSt. 7%,1.07,5.140187,0.359813,Normalverkauf
S1000196.19662,SP1000196.3.19662,SY1000196.2026.19662,iPad1(1000196),196,12.06.26 13:57,Prod,A1000196.6898,Tisch 16,115,S1000196.19662,VOID,2,3.2,6.4,0.0,0.0,0.0,0.0,120,Apfelschorle,Getränke,,MwSt. 19%,1.19,5.378151,1.021849,Normalverkauf
S1000196.19663,SP1000196.3.19663,SY1000196.2026.19663,iPad1(1000196),196,12.06.26 13:57,Prod,A1000196.6898,Tisch 16,115,S1000196.19663,VOID,1,3.9,3.9,0.0,0.0,0.0,0.0,127,Alkoholfreies Bier,Getränke,,MwSt. 19%,1.19,3.277311,0.622689,Normalverkauf
S1000196.19664,SP1000196.3.19664,SY1000196.2026.19664,iPad1(1000196),196,12.06.26 11:20,Prod,A1000196.6899,Tisch 22,105,S1000196.19664,SALE,2,3.9,7.8,0.0,0.0,0.0,0.0,124,Cola Zero,Getränke,,MwSt. 19%,1.19,6.554622,1.245378,Normalverkauf
S1000196.19665,SP1000196.3.19665,SY1000196.2026.19665,iPad1(1000196),196,12.06.26 11:20,Prod,A1000196.6899,Tisch 22,105,S1000196.19665,SALE,2,10.9,21.8,0.0,0.0,0.0,0.0,107,Chicken Burger,Hauptgerichte,,MwSt. 7%,1.07,20.373832,1.426168,Normalverkauf
S1000196.19666,SP1000196.3.19666,SY1000196.2026.19666,iPad1(1000196),196,12.06.26 13:16,Prod,A1000196.6900,Tisch 17,107,S1000196.19666,SALE,1,14.5,14.5,0.0,0.0,0.0,0.0,101,Lachs,Hauptspeisen,,MwSt. 7%,1.07,13.551402,0.948598,Normalverkauf
S1000196.19667,SP1000196.3.19667,SY1000196.2026.19667,iPad1(1000196),196,12.06.26 18:57,Prod,A1000196.6901,Tisch 23,116,S1000196.19667,SALE,2,3.9,7.8,0.0,0.0,0.0,0.0,127,Alkoholfreies Bier,Getränke,,MwSt. 19%,1.19,6.554622,1.245378,Normalverkauf
S1000196.19668,SP1000196.3.19668,SY1000196.2026.19668,iPad1(1000196),196,12.06.26 18:57,Prod,A1000196.6901,Tisch 23,116,S1000196.19668,SALE,1,6.9,6.9,0.0,0.0,0.0,0.0,113,Garnelen Box,Beilagen,,MwSt. 7%,1.07,6.448598,0.451402,Normalverkauf
S1000196.19669,SP1000196.3.19669,SY1000196.2026.19669,iPad1(1000196),196,12.06.26 18:45,Prod,A1000196.6902,Tisch 23,111,S1000196.19669,VOID,1,6.9,6.9,0.0,0.0,0.0,0.0,103,Fischbrötchen Räucherlachs,Hauptspeisen,,MwSt. 7%,1.07,6.448598,0.451402,Normalverkauf
S1000196.19670,SP1000196.3.19670,SY1000196.2026.19670,iPad1(1000196),196,12.06.26 19:46,Prod,A1000196.6903,Tisch 6,111,S1000196.19670,SALE,1,6.5,6.5,0.0,0.0,0.0,0.0,118,Schokokuchen,Desserts,,MwSt. 7%,1.07,6.074766,0.425234,Normalverkauf
S1000196.19671,SP1000196.3.19671,SY1000196.2026.19671,iPad1(1000196),196,12.06.26 19:46,Prod,A1000196.6903,Tisch 6,111,S1000196.19671,SALE,2,6.9,13.8,0.0,0.0,0.0,0.0,113,Garnelen Box,Beilagen,,MwSt. 7%,1.07,12.897196,0.902804,Normalverkauf
S1000196.19672,SP1000196.3.19672,SY1000196.2026.19672,iPad1(1000196),196,12.06.26 19:46,Prod,A1000196.6903,Tisch 6,111,S1000196.19672,SALE,2,6.9,13.8,0.0,0.0,0.0,0.0,103,Fischbrötchen Räucherlachs,Hauptspeisen,,MwSt. 7%,1.07,12.897196,0.902804,Normalverkauf
S1000196.19673,SP1000196.3.19673,SY1000196.2026.19673,iPad1(1000196),196,12.06.26 12:55,Prod,A1000196.6904,Tisch 8,115,S1000196.19673,SALE,2,7.9,15.8,0.0,0.0,0.0,0.0,106,Neptun-Ringe,Beilagen,,MwSt. 7%,1.07,14.766355,1.033645,Normalverkauf
S1000196.19674,SP1000196.3.19674,SY1000196.2026.19674,iPad1(1000196),196,12.06.26 12:55,Prod,A1000196.6904,Tisch 8,115,S1000196.19674,SALE,2,10.9,21.8,0.0,0.0,0.0,0.0,107,Chicken Burger,Hauptgerichte,,MwSt. 7%,1.07,20.373832,1.426168,Normalverkauf
S1000196.19675,SP1000196.3.19675,SY1000196.2026.19675,iPad1(1000196),196,12.06.26 11:48,Prod,A1000196.6905,Tisch 22,116,S1000196.19675,VOID,1,7.9,7.9,0.0,0.0,0.0,0.0,106,Neptun-Ringe,Beilagen,,MwSt. 7%,1.07,7.383178,0.516822,Normalverkauf
S1000196.19676,SP1000196.3.19676,SY1000196.2026.19676,iPad1(1000196),196,12.06.26 11:48,Prod,A1000196.6905,Tisch 22,116,S1000196.19676,VOID,1,11.5,11.5,0.0,0.0,0.0,0.0,105,Garnelen-Kimchi-Bruger,Hauptgerichte,,MwSt. 7%,1.07,10.747664,0.752336,Normalverkauf
S1000196.19677,SP1000196.3.19677,SY1000196.2026.19677,iPad1(1000196),196,12.06.26 11:09,Prod,A1000196.6906,Tisch 22,106,S1000196.19677,VOID,2,10.9,21.8,0.0,0.0,0.0,0.0,109,Bismarck-Baguette,Hauptgerichte,,MwSt. 7%,1.07,20.373832,1.426168,Normalverkauf
S1000196.19678,SP1000196.3.19678,SY1000196.2026.19678,iPad1(1000196),196,12.06.26 11:09,Prod,A1000196.6906,Tisch 22,106,S1000196.19678,VOID,2,3.2,6.4,0.0,0.0,0.0,0.0,120,Apfelschorle,Getränke,,MwSt. 19%,1.19,5.378151,1.021849,Normalverkauf
S1000196.19679,SP1000196.3.19679,SY1000196.2026.19679,iPad1(1000196),196,12.06.26 11:54,Prod,A1000196.6907,Tisch 3,105,S1000196.19679,SALE,1,5.5,5.5,0.0,0.0,0.0,0.0,114,Fisch Nuggets Box,Beilagen,,MwSt. 7%,1.07,5.140187,0.359813,Normalverkauf
S1000196.19680,SP1000196.3.19680,SY1000196.2026.19680,iPad1(1000196),196,12.06.26 09:39,Prod,A1000196.6908,Tisch 9,107,S1000196.19680,VOID,2,3.9,7.8,0.0,0.0,0.0,0.0,124,Cola Zero,Getränke,,MwSt. 19%,1.19,6.554622,1.245378,Normalverkauf
S1000196.19681,SP1000196.3.19681,SY1000196.2026.19681,iPad1(1000196),196,12.06.26 09:39,Prod,A1000196.6908,Tisch 9,107,S1000196.19681,VOID,2,3.9,7.8,0.0,0.0,0.0,0.0,126,Spezi,Getränke,,MwSt. 19%,1.19,6.554622,1.245378,Normalverkauf
S1000196.19682,SP1000196.3.19682,SY1000196.2026.19682,iPad1(1000196),196,12.06.26 16:41,Prod,A1000196.6909,Tisch 18,106,S1000196.19682,VOID,2,3.9,7.8,0.0,0.0,0.0,0.0,119,Cola,Getränke,,MwSt. 19%,1.19,6.554622,1.245378,Normalverkauf
S1000196.19683,SP1000196.3.19683,SY1000196.2026.19683,iPad1(1000196),196,12.06.26 16:41,Prod,A1000196.6909,Tisch 18,106,S1000196.19683,VOID,2,3.9,7.8,0.0,0.0,0.0,0.0,119,Cola,Getränke,,MwSt. 19%,1.19,6.554622,1.245378,Normalverkauf
S1000196.19684,SP1000196.3.19684,SY1000196.2026.19684,iPad1(1000196),196,12.06.26 13:04,Prod,A1000196.6910,Tisch 5,105,S1000196.19684,SALE,1,3.2,3.2,0.0,0.0,0.0,0.0,120,Apfelschorle,Getränke,,MwSt. 19%,1.19,2.689076,0.510924,Normalverkauf
S1000196.19685,SP1000196.3.19685,SY1000196.2026.19685,iPad1(1000196),196,12.06.26 12:39,Prod,A1000196.6911,Tisch 13,111,S1000196.19685,SALE,1,2.8,2.8,0.0,0.0,0.0,0.0,121,Mineralwasser,Getränke,,MwSt. 19%,1.19,2.352941,0.447059,Normalverkauf
S1000196.19686,SP1000196.3.19686,SY1000196.2026.19686,iPad1(1000196),196,12.06.26 12:39,Prod,A1000196.6911,Tisch 13,111,S1000196.19686,SALE,1,5.5,5.5,0.0,0.0,0.0,0.0,111,Pommes Frites,Beilagen,,MwSt. 7%,1.07,5.140187,0.359813,Normalverkauf
S1000196.19687,SP1000196.3.19687,SY1000196.2026.19687,iPad1(1000196),196,12.06.26 12:39,Prod,A1000196.6911,Tisch 13,111,S1000196.19687,SALE,1,14.5,14.5,0.0,0.0,0.0,0.0,101,Lachs,Hauptspeisen,,MwSt. 7%,1.07,13.551402,0.948598,Normalverkauf
S1000196.19688,SP1000196.3.19688,SY1000196.2026.19688,iPad1(1000196),196,12.06.26 19:14,Prod,A1000196.6912,,106,S1000196.19688,SALE,2,3.9,7.8,0.0,0.0,0.0,0.0,119,Cola,Getränke,,MwSt. 19%,1.19,6.554622,1.245378,Normalverkauf
S1000196.19689,SP1000196.3.19689,SY1000196.2026.19689,iPad1(1000196),196,12.06.26 19:14,Prod,A1000196.6912,,106,S1000196.19689,SALE,1,6.9,6.9,0.0,0.0,0.0,0.0,113,Garnelen Box,Beilagen,,MwSt. 7%,1.07,6.448598,0.451402,Normalverkauf
S1000196.19690,SP1000196.3.19690,SY1000196.2026.19690,iPad1(1000196),196,12.06.26 19:06,Prod,A1000196.6913,Tisch 1,107,S1000196.19690,SALE,1,14.5,14.5,0.0,0.0,0.0,0.0,101,Lachs,Hauptspeisen,,MwSt. 7%,1.07,13.551402,0.948598,Normalverkauf
S1000196.19691,SP1000196.3.19691,SY1000196.2026.19691,iPad1(1000196),196,12.06.26 16:05,Prod,A1000196.6914,Tisch 18,101,S1000196.19691,SALE,2,3.9,7.8,0.0,0.0,0.0,0.0,119,Cola,Getränke,,MwSt. 19%,1.19,6.554622,1.245378,Normalverkauf
S1000196.19692,SP1000196.3.19692,SY1000196.2026.19692,iPad1(1000196),196,12.06.26 16:05,Prod,A1000196.6914,Tisch 18,101,S1000196.19692,SALE,1,5.5,5.5,0.0,0.0,0.0,0.0,111,Pommes Frites,Beilagen,,MwSt. 7%,1.07,5.140187,0.359813,Normalverkauf
S1000196.19693,SP1000196.3.19693,SY1000196.2026.19693,iPad1(1000196),196,12.06.26 16:05,Prod,A1000196.6914,Tisch 18,101,S1000196.19693,SALE,2,10.9,21.8,0.0,0.0,0.0,0.0,107,Chicken Burger,Hauptgerichte,,MwSt. 7%,1.07,20.373832,1.426168,Normalverkauf
S1000196.19694,SP1000196.3.19694,SY1000196.2026.19694,iPad1(1000196),196,12.06.26 19:20,Prod,A1000196.6915,Tisch 8,116,S1000196.19694,SALE,2,3.9,7.8,0.0,0.0,0.0,0.0,126,Spezi,Getränke,,MwSt. 19%,1.19,6.554622,1.245378,Normalverkauf
S1000196.19695,SP1000196.3.19695,SY1000196.2026.19695,iPad1(1000196),196,12.06.26 19:20,Prod,A1000196.6915,Tisch 8,116,S1000196.19695,SALE,2,11.5,23.0,0.0,0.0,0.0,0.0,105,Garnelen-Kimchi-Bruger,Hauptgerichte,,MwSt. 7%,1.07,21.495327,1.504673,Normalverkauf
S1000196.19696,SP1000196.3.19696,SY1000196.2026.19696,iPad1(1000196),196,12.06.26 19:20,Prod,A1000196.6915,Tisch 8,116,S1000196.19696,SALE,1,5.9,5.9,0.0,0.0,0.0,0.0,123,Inger-Limonade,Getränke,,MwSt. 19%,1.19,4.957983,0.942017,Normalverkauf
S1000196.19697,SP1000196.3.19697,SY1000196.2026.19697,iPad1(1000196),196,12.06.26 16:52,Prod,A1000196.6916,,101,S1000196.19697,SALE,2,5.9,11.8,0.0,0.0,0.0,0.0,117,Rote Grütze,Desserts,,MwSt. 7%,1.07,11.028037,0.771963,Normalverkauf
S1000196.19698,SP1000196.3.19698,SY1000196.2026.19698,iPad1(1000196),196,12.06.26 20:45,Prod,A1000196.6917,Tisch 23,116,S1000196.19698,SALE,1,7.9,7.9,0.0,0.0,0.0,0.0,106,Neptun-Ringe,Beilagen,,MwSt. 7%,1.07,7.383178,0.516822,Normalverkauf
S1000196.19699,SP1000196.3.19699,SY1000196.2026.19699,iPad1(1000196),196,12.06.26 20:45,Prod,A1000196.6917,Tisch 23,116,S1000196.19699,SALE,2,3.9,7.8,0.0,0.0,0.0,0.0,127,Alkoholfreies Bier,Getränke,,MwSt. 19%,1.19,6.554622,1.245378,Normalverkauf
S1000196.19700,SP1000196.3.19700,SY1000196.2026.19700,iPad1(1000196),196,12.06.26 10:49,Prod,A1000196.6918,Tisch 2,116,S1000196.19700,SALE,1,4.2,4.2,0.0,0.0,0.0,0.0,122,Bier,Getränke,,MwSt. 19%,1.19,3.529412,0.670588,Normalverkauf
S1000196.19701,SP1000196.3.19701,SY1000196.2026.19701,iPad1(1000196),196,12.06.26 10:49,Prod,A1000196.6918,Tisch 2,116,S1000196.19701,SALE,2,7.9,15.8,0.0,0.0,0.0,0.0,115,Tiramisu,Desserts,,MwSt. 7%,1.07,14.766355,1.033645,Normalverkauf
S1000196.19702,SP1000196.3.19702,SY1000196.2026.19702,iPad1(1000196),196,12.06.26 10:49,Prod,A1000196.6918,Tisch 2,116,S1000196.19702,SALE,1,5.9,5.9,0.0,0.0,0.0,0.0,123,Inger-Limonade,Getränke,,MwSt. 19%,1.19,4.957983,0.942017,Normalverkauf
S1000196.19703,SP1000196.3.19703,SY1000196.2026.19703,iPad1(1000196),196,12.06.26 14:11,Prod,A1000196.6919,Tisch 12,105,S1000196.19703,SALE,1,3.9,3.9,0.0,0.0,0.0,0.0,124,Cola Zero,Getränke,,MwSt. 19%,1.19,3.277311,0.622689,Normalverkauf
S1000196.19704,SP1000196.3.19704,SY1000196.2026.19704,iPad1(1000196),196,12.06.26 17:11,Prod,A1000196.6920,Tisch 10,107,S1000196.19704,SALE,2,3.9,7.8,0.0,0.0,0.0,0.0,124,Cola Zero,Getränke,,MwSt. 19%,1.19,6.554622,1.245378,Normalverkauf
S1000196.19705,SP1000196.3.19705,SY1000196.2026.19705,iPad1(1000196),196,12.06.26 17:11,Prod,A1000196.6920,Tisch 10,107,S1000196.19705,SALE,2,6.9,13.8,0.0,0.0,0.0,0.0,103,Fischbrötchen Räucherlachs,Hauptspeisen,,MwSt. 7%,1.07,12.897196,0.902804,Normalverkauf
S1000196.19706,SP1000196.3.19706,SY1000196.2026.19706,iPad1(1000196),196,12.06.26 12:53,Prod,A1000196.6921,Tisch 23,116,S1000196.19706,SALE,2,9.8,19.6,0.0,0.0,0.0,0.0,108,Seelachs-Ei-Baugette,Hauptgerichte,,MwSt. 7%,1.07,18.317757,1.282243,Normalverkauf
S1000196.19707,SP1000196.3.19707,SY1000196.2026.19707,iPad1(1000196),196,12.06.26 13:45,Prod,A1000196.6922,,115,S1000196.19707,VOID,1,9.8,9.8,0.0,0.0,0.0,0.0,108,Seelachs-Ei-Baugette,Hauptgerichte,,MwSt. 7%,1.07,9.158879,0.641121,Normalverkauf
S1000196.19708,SP1000196.3.19708,SY1000196.2026.19708,iPad1(1000196),196,12.06.26 17:38,Prod,A1000196.6923,Tisch 19,101,S1000196.19708,SALE,2,6.9,13.8,0.0,0.0,0.0,0.0,113,Garnelen Box,Beilagen,,MwSt. 7%,1.07,12.897196,0.902804,Normalverkauf
S1000196.19709,SP1000196.3.19709,SY1000196.2026.19709,iPad1(1000196),196,12.06.26 10:02,Prod,A1000196.6924,,101,S1000196.19709,SALE,1,9.8,9.8,0.0,0.0,0.0,0.0,108,Seelachs-Ei-Baugette,Hauptgerichte,,MwSt. 7%,1.07,9.158879,0.641121,Normalverkauf
S1000196.19710,SP1000196.3.19710,SY1000196.2026.19710,iPad1(1000196),196,12.06.26 10:02,Prod,A1000196.6924,,101,S1000196.19710,SALE,2,3.9,7.8,0.0,0.0,0.0,0.0,124,Cola Zero,Getränke,,MwSt. 19%,1.19,6.554622,1.245378,Normalverkauf
S1000196.19711,SP1000196.3.19711,SY1000196.2026.19711,iPad1(1000196),196,12.06.26 10:02,Prod,A1000196.6924,,101,S1000196.19711,SALE,2,5.5,11.0,0.0,0.0,0.0,0.0,111,Pommes Frites,Beilagen,,MwSt. 7%,1.07,10.280374,0.719626,Normalverkauf
S1000196.19712,SP1000196.3.19712,SY1000196.2026.19712,iPad1(1000196),196,12.06.26 19:11,Prod,A1000196.6925,Tisch 19,107,S1000196.19712,SALE,1,3.9,3.9,0.0,0.0,0.0,0.0,124,Cola Zero,Getränke,,MwSt. 19%,1.19,3.277311,0.622689,Normalverkauf
S1000196.19713,SP1000196.3.19713,SY1000196.2026.19713,iPad1(1000196),196,12.06.26 19:11,Prod,A1000196.6925,Tisch 19,107,S1000196.19713,SALE,1,6.9,6.9,0.0,0.0,0.0,0.0,103,Fischbrötchen Räucherlachs,Hauptspeisen,,MwSt. 7%,1.07,6.448598,0.451402,Normalverkauf
S1000196.19714,SP1000196.3.19714,SY1000196.2026.19714,iPad1(1000196),196,12.06.26 19:11,Prod,A1000196.6925,Tisch 19,107,S1000196.19714,SALE,1,3.9,3.9,0.0,0.0,0.0,0.0,124,Cola Zero,Getränke,,MwSt. 19%,1.19,3.277311,0.622689,Normalverkauf
S1000196.19715,SP1000196.3.19715,SY1000196.2026.19715,iPad1(1000196),196,12.06.26 20:28,Prod,A1000196.6926,Tisch 10,116,S1000196.19715,SALE,2,3.9,7.8,0.0,0.0,0.0,0.0,124,Cola Zero,Getränke,,MwSt. 19%,1.19,6.554622,1.245378,Normalverkauf
S1000196.19716,SP1000196.3.19716,SY1000196.2026.19716,iPad1(1000196),196,12.06.26 20:28,Prod,A1000196.6926,Tisch 10,116,S1000196.19716,SALE,2,9.8,19.6,0.0,0.0,0.0,0.0,108,Seelachs-Ei-Baugette,Hauptgerichte,,MwSt. 7%,1.07,18.317757,1.282243,Normalverkauf
S1000196.19717,SP1000196.3.19717,SY1000196.2026.19717,iPad1(1000196),196,12.06.26 20:28,Prod,A1000196.6926,Tisch 10,116,S1000196.19717,SALE,2,5.5,11.0,0.0,0.0,0.0,0.0,114,Fisch Nuggets Box,Beilagen,,MwSt. 7%,1.07,10.280374,0.719626,Normalverkauf
S1000196.19718,SP1000196.3.19718,SY1000196.2026.19718,iPad1(1000196),196,12.06.26 15:44,Prod,A1000196.6927,Tisch 9,116,S1000196.19718,SALE,2,6.9,13.8,0.0,0.0,0.0,0.0,103,Fischbrötchen Räucherlachs,Hauptspeisen,,MwSt. 7%,1.07,12.897196,0.902804,Normalverkauf
S1000196.19719,SP1000196.3.19719,SY1000196.2026.19719,iPad1(1000196),196,12.06.26 15:44,Prod,A1000196.6927,Tisch 9,116,S1000196.19719,SALE,2,10.9,21.8,0.0,0.0,0.0,0.0,109,Bismarck-Baguette,Hauptgerichte,,MwSt. 7%,1.07,20.373832,1.426168,Normalverkauf
S1000196.19720,SP1000196.3.19720,SY1000196.2026.19720,iPad1(1000196),196,12.06.26 15:44,Prod,A1000196.6927,Tisch 9,116,S1000196.19720,SALE,2,11.9,23.8,0.0,0.0,0.0,0.0,110,Matjes-Baguette,Hauptgerichte,,MwSt. 7%,1.07,22.242991,1.557009,Normalverkauf
S1000196.19721,SP1000196.3.19721,SY1000196.2026.19721,iPad1(1000196),196,12.06.26 20:37,Prod,A1000196.6928,Tisch 2,116,S1000196.19721,SALE,2,10.9,21.8,0.0,0.0,0.0,0.0,107,Chicken Burger,Hauptgerichte,,MwSt. 7%,1.07,20.373832,1.426168,Normalverkauf
S1000196.19722,SP1000196.3.19722,SY1000196.2026.19722,iPad1(1000196),196,12.06.26 20:37,Prod,A1000196.6928,Tisch 2,116,S1000196.19722,SALE,2,3.9,7.8,0.0,0.0,0.0,0.0,126,Spezi,Getränke,,MwSt. 19%,1.19,6.554622,1.245378,Normalverkauf
S1000196.19723,SP1000196.3.19723,SY1000196.2026.19723,iPad1(1000196),196,12.06.26 20:37,Prod,A1000196.6928,Tisch 2,116,S1000196.19723,SALE,2,6.9,13.8,0.0,0.0,0.0,0.0,113,Garnelen Box,Beilagen,,MwSt. 7%,1.07,12.897196,0.902804,Normalverkauf
S1000196.19724,SP1000196.3.19724,SY1000196.2026.19724,iPad1(1000196),196,12.06.26 10:46,Prod,A1000196.6929,Tisch 24,115,S1000196.19724,SALE,1,3.9,3.9,0.0,0.0,0.0,0.0,124,Cola Zero,Getränke,,MwSt. 19%,1.19,3.277311,0.622689,Normalverkauf
S1000196.19725,SP1000196.3.19725,SY1000196.2026.19725,iPad1(1000196),196,12.06.26 10:46,Prod,A1000196.6929,Tisch 24,115,S1000196.19725,SALE,2,6.5,13.0,0.0,0.0,0.0,0.0,100,Fischbrötchen Backfisch,Hauptspeisen,,MwSt. 7%,1.07,12.149533,0.850467,Normalverkauf
S1000196.19726,SP1000196.3.19726,SY1000196.2026.19726,iPad1(1000196),196,12.06.26 10:46,Prod,A1000196.6929,Tisch 24,115,S1000196.19726,SALE,1,3.9,3.9,0.0,0.0,0.0,0.0,126,Spezi,Getränke,,MwSt. 19%,1.19,3.277311,0.622689,Normalverkauf
S1000196.19727,SP1000196.3.19727,SY1000196.2026.19727,iPad1(1000196),196,12.06.26 12:14,Prod,A1000196.6930,Tisch 18,101,S1000196.19727,SALE,1,6.5,6.5,0.0,0.0,0.0,0.0,100,Fischbrötchen Backfisch,Hauptspeisen,,MwSt. 7%,1.07,6.074766,0.425234,Normalverkauf
S1000196.19728,SP1000196.3.19728,SY1000196.2026.19728,iPad1(1000196),196,12.06.26 12:14,Prod,A1000196.6930,Tisch 18,101,S1000196.19728,SALE,1,3.9,3.9,0.0,0.0,0.0,0.0,124,Cola Zero,Getränke,,MwSt. 19%,1.19,3.277311,0.622689,Normalverkauf
S1000196.19729,SP1000196.3.19729,SY1000196.2026.19729,iPad1(1000196),196,12.06.26 13:36,Prod,A1000196.6931,Tisch 5,101,S1000196.19729,VOID,1,5.5,5.5,0.0,0.0,0.0,0.0,111,Pommes Frites,Beilagen,,MwSt. 7%,1.07,5.140187,0.359813,Normalverkauf
S1000196.19730,SP1000196.3.19730,SY1000196.2026.19730,iPad1(1000196),196,12.06.26 13:36,Prod,A1000196.6931,Tisch 5,101,S1000196.19730,VOID,1,3.2,3.2,0.0,0.0,0.0,0.0,120,Apfelschorle,Getränke,,MwSt. 19%,1.19,2.689076,0.510924,Normalverkauf
S1000196.19731,SP1000196.3.19731,SY1000196.2026.19731,iPad1(1000196),196,12.06.26 13:36,Prod,A1000196.6931,Tisch 5,101,S1000196.19731,VOID,2,3.9,7.8,0.0,0.0,0.0,0.0,124,Cola Zero,Getränke,,MwSt. 19%,1.19,6.554622,1.245378,Normalverkauf
S1000196.19732,SP1000196.3.19732,SY1000196.2026.19732,iPad1(1000196),196,12.06.26 13:32,Prod,A1000196.6932,Tisch 21,105,S1000196.19732,SALE,2,5.5,11.0,0.0,0.0,0.0,0.0,111,Pommes Frites,Beilagen,,MwSt. 7%,1.07,10.280374,0.719626,Normalverkauf
S1000196.19733,SP1000196.3.19733,SY1000196.2026.19733,iPad1(1000196),196,12.06.26 13:32,Prod,A1000196.6932,Tisch 21,105,S1000196.19733,SALE,2,5.5,11.0,0.0,0.0,0.0,0.0,114,Fisch Nuggets Box,Beilagen,,MwSt. 7%,1.07,10.280374,0.719626,Normalverkauf
S1000196.19734,SP1000196.3.19734,SY1000196.2026.19734,iPad1(1000196),196,12.06.26 12:26,Prod,A1000196.6933,Tisch 16,115,S1000196.19734,SALE,2,11.9,23.8,0.0,0.0,0.0,0.0,110,Matjes-Baguette,Hauptgerichte,,MwSt. 7%,1.07,22.242991,1.557009,Normalverkauf
S1000196.19735,SP1000196.3.19735,SY1000196.2026.19735,iPad1(1000196),196,12.06.26 12:26,Prod,A1000196.6933,Tisch 16,115,S1000196.19735,SALE,1,7.9,7.9,0.0,0.0,0.0,0.0,106,Neptun-Ringe,Beilagen,,MwSt. 7%,1.07,7.383178,0.516822,Normalverkauf
S1000196.19736,SP1000196.3.19736,SY1000196.2026.19736,iPad1(1000196),196,12.06.26 12:03,Prod,A1000196.6934,Tisch 22,111,S1000196.19736,VOID,2,9.8,19.6,0.0,0.0,0.0,0.0,108,Seelachs-Ei-Baugette,Hauptgerichte,,MwSt. 7%,1.07,18.317757,1.282243,Normalverkauf
S1000196.19737,SP1000196.3.19737,SY1000196.2026.19737,iPad1(1000196),196,12.06.26 16:41,Prod,A1000196.6935,Tisch 12,101,S1000196.19737,VOID,2,10.9,21.8,0.0,0.0,0.0,0.0,107,Chicken Burger,Hauptgerichte,,MwSt. 7%,1.07,20.373832,1.426168,Normalverkauf
S1000196.19738,SP1000196.3.19738,SY1000196.2026.19738,iPad1(1000196),196,12.06.26 08:21,Prod,A1000196.6936,Tisch 19,106,S1000196.19738,SALE,2,5.9,11.8,0.0,0.0,0.0,0.0,125,Zitronen-Limonade,Getränke,,MwSt. 19%,1.19,9.915966,1.884034,Normalverkauf
S1000196.19739,SP1000196.3.19739,SY1000196.2026.19739,iPad1(1000196),196,12.06.26 08:21,Prod,A1000196.6936,Tisch 19,106,S1000196.19739,SALE,2,6.9,13.8,0.0,0.0,0.0,0.0,113,Garnelen Box,Beilagen,,MwSt. 7%,1.07,12.897196,0.902804,Normalverkauf
S1000196.19740,SP1000196.3.19740,SY1000196.2026.19740,iPad1(1000196),196,12.06.26 08:21,Prod,A1000196.6936,Tisch 19,106,S1000196.19740,SALE,1,2.8,2.8,0.0,0.0,0.0,0.0,121,Mineralwasser,Getränke,,MwSt. 19%,1.19,2.352941,0.447059,Normalverkauf
S1000196.19741,SP1000196.3.19741,SY1000196.2026.19741,iPad1(1000196),196,12.06.26 13:50,Prod,A1000196.6937,Tisch 1,115,S1000196.19741,SALE,1,5.5,5.5,0.0,0.0,0.0,0.0,114,Fisch Nuggets Box,Beilagen,,MwSt. 7%,1.07,5.140187,0.359813,Normalverkauf
S1000196.19742,SP1000196.3.19742,SY1000196.2026.19742,iPad1(1000196),196,12.06.26 13:50,Prod,A1000196.6937,Tisch 1,115,S1000196.19742,SALE,1,6.9,6.9,0.0,0.0,0.0,0.0,113,Garnelen Box,Beilagen,,MwSt. 7%,1.07,6.448598,0.451402,Normalverkauf
S1000196.19743,SP1000196.3.19743,SY1000196.2026.19743,iPad1(1000196),196,12.06.26 13:50,Prod,A1000196.6937,Tisch 1,115,S1000196.19743,SALE,1,5.9,5.9,0.0,0.0,0.0,0.0,116,Vanillequark,Desserts,,MwSt. 7%,1.07,5.514019,0.385981,Normalverkauf
S1000196.19744,SP1000196.3.19744,SY1000196.2026.19744,iPad1(1000196),196,12.06.26 14:40,Prod,A1000196.6938,Tisch 21,106,S1000196.19744,VOID,1,6.5,6.5,0.0,0.0,0.0,0.0,100,Fischbrötchen Backfisch,Hauptspeisen,,MwSt. 7%,1.07,6.074766,0.425234,Normalverkauf
S1000196.19745,SP1000196.3.19745,SY1000196.2026.19745,iPad1(1000196),196,12.06.26 20:32,Prod,A1000196.6939,Tisch 15,105,S1000196.19745,SALE,1,6.9,6.9,0.0,0.0,0.0,0.0,113,Garnelen Box,Beilagen,,MwSt. 7%,1.07,6.448598,0.451402,Normalverkauf
S1000196.19746,SP1000196.3.19746,SY1000196.2026.19746,iPad1(1000196),196,12.06.26 16:20,Prod,A1000196.6940,Tisch 8,116,S1000196.19746,SALE,2,6.9,13.8,0.0,0.0,0.0,0.0,103,Fischbrötchen Räucherlachs,Hauptspeisen,,MwSt. 7%,1.07,12.897196,0.902804,Normalverkauf
S1000196.19747,SP1000196.3.19747,SY1000196.2026.19747,iPad1(1000196),196,12.06.26 16:20,Prod,A1000196.6940,Tisch 8,116,S1000196.19747,SALE,2,4.9,9.8,0.0,0.0,0.0,0.0,112,Kartoffelwedges,Beilagen,,MwSt. 7%,1.07,9.158879,0.641121,Normalverkauf
S1000196.19748,SP1000196.3.19748,SY1000196.2026.19748,iPad1(1000196),196,12.06.26 18:42,Prod,A1000196.6941,Tisch 17,101,S1000196.19748,SALE,2,4.2,8.4,0.0,0.0,0.0,0.0,122,Bier,Getränke,,MwSt. 19%,1.19,7.058824,1.341176,Normalverkauf
S1000196.19749,SP1000196.3.19749,SY1000196.2026.19749,iPad1(1000196),196,12.06.26 11:56,Prod,A1000196.6942,Tisch 21,101,S1000196.19749,SALE,1,6.9,6.9,0.0,0.0,0.0,0.0,113,Garnelen Box,Beilagen,,MwSt. 7%,1.07,6.448598,0.451402,Normalverkauf
S1000196.19750,SP1000196.3.19750,SY1000196.2026.19750,iPad1(1000196),196,12.06.26 11:56,Prod,A1000196.6942,Tisch 21,101,S1000196.19750,SALE,1,6.9,6.9,0.0,0.0,0.0,0.0,113,Garnelen Box,Beilagen,,MwSt. 7%,1.07,6.448598,0.451402,Normalverkauf
S1000196.19751,SP1000196.3.19751,SY1000196.2026.19751,iPad1(1000196),196,12.06.26 12:43,Prod,A1000196.6943,Tisch 5,107,S1000196.19751,SALE,1,9.8,9.8,0.0,0.0,0.0,0.0,108,Seelachs-Ei-Baugette,Hauptgerichte,,MwSt. 7%,1.07,9.158879,0.641121,Normalverkauf
S1000196.19752,SP1000196.3.19752,SY1000196.2026.19752,iPad1(1000196),196,12.06.26 12:43,Prod,A1000196.6943,Tisch 5,107,S1000196.19752,SALE,2,9.8,19.6,0.0,0.0,0.0,0.0,108,Seelachs-Ei-Baugette,Hauptgerichte,,MwSt. 7%,1.07,18.317757,1.282243,Normalverkauf
S1000196.19753,SP1000196.3.19753,SY1000196.2026.19753,iPad1(1000196),196,12.06.26 13:39,Prod,A1000196.6944,Tisch 11,101,S1000196.19753,SALE,2,2.8,5.6,0.0,0.0,0.0,0.0,121,Mineralwasser,Getränke,,MwSt. 19%,1.19,4.705882,0.894118,Normalverkauf
S1000196.19754,SP1000196.3.19754,SY1000196.2026.19754,iPad1(1000196),196,12.06.26 13:39,Prod,A1000196.6944,Tisch 11,101,S1000196.19754,SALE,1,11.5,11.5,0.0,0.0,0.0,0.0,105,Garnelen-Kimchi-Bruger,Hauptgerichte,,MwSt. 7%,1.07,10.747664,0.752336,Normalverkauf
S1000196.19755,SP1000196.3.19755,SY1000196.2026.19755,iPad1(1000196),196,12.06.26 19:02,Prod,A1000196.6945,Tisch 24,101,S1000196.19755,SALE,1,5.9,5.9,0.0,0.0,0.0,0.0,123,Inger-Limonade,Getränke,,MwSt. 19%,1.19,4.957983,0.942017,Normalverkauf
S1000196.19756,SP1000196.3.19756,SY1000196.2026.19756,iPad1(1000196),196,12.06.26 19:02,Prod,A1000196.6945,Tisch 24,101,S1000196.19756,SALE,1,4.2,4.2,0.0,0.0,0.0,0.0,122,Bier,Getränke,,MwSt. 19%,1.19,3.529412,0.670588,Normalverkauf
S1000196.19757,SP1000196.3.19757,SY1000196.2026.19757,iPad1(1000196),196,12.06.26 19:02,Prod,A1000196.6945,Tisch 24,101,S1000196.19757,SALE,2,14.5,29.0,0.0,0.0,0.0,0.0,101,Lachs,Hauptspeisen,,MwSt. 7%,1.07,27.102804,1.897196,Normalverkauf
S1000196.19758,SP1000196.3.19758,SY1000196.2026.19758,iPad1(1000196),196,12.06.26 12:31,Prod,A1000196.6946,Tisch 9,105,S1000196.19758,SALE,1,3.9,3.9,0.0,0.0,0.0,0.0,126,Spezi,Getränke,,MwSt. 19%,1.19,3.277311,0.622689,Normalverkauf
S1000196.19759,SP1000196.3.19759,SY1000196.2026.19759,iPad1(1000196),196,12.06.26 12:31,Prod,A1000196.6946,Tisch 9,105,S1000196.19759,SALE,1,6.5,6.5,0.0,0.0,0.0,0.0,118,Schokokuchen,Desserts,,MwSt. 7%,1.07,6.074766,0.425234,Normalverkauf
S1000196.19760,SP1000196.3.19760,SY1000196.2026.19760,iPad1(1000196),196,12.06.26 19:14,Prod,A1000196.6947,Tisch 22,111,S1000196.19760,SALE,1,11.9,11.9,0.0,0.0,0.0,0.0,110,Matjes-Baguette,Hauptgerichte,,MwSt. 7%,1.07,11.121495,0.778505,Normalverkauf
S1000196.19761,SP1000196.3.19761,SY1000196.2026.19761,iPad1(1000196),196,12.06.26 11:54,Prod,A1000196.6948,Tisch 6,106,S1000196.19761,SALE,2,5.5,11.0,0.0,0.0,0.0,0.0,111,Pommes Frites,Beilagen,,MwSt. 7%,1.07,10.280374,0.719626,Normalverkauf
S1000196.19762,SP1000196.3.19762,SY1000196.2026.19762,iPad1(1000196),196,12.06.26 19:35,Prod,A1000196.6949,Tisch 15,107,S1000196.19762,SALE,1,10.9,10.9,0.0,0.0,0.0,0.0,107,Chicken Burger,Hauptgerichte,,MwSt. 7%,1.07,10.186916,0.713084,Normalverkauf
S1000196.19763,SP1000196.3.19763,SY1000196.2026.19763,iPad1(1000196),196,12.06.26 19:35,Prod,A1000196.6949,Tisch 15,107,S1000196.19763,SALE,2,10.9,21.8,0.0,0.0,0.0,0.0,107,Chicken Burger,Hauptgerichte,,MwSt. 7%,1.07,20.373832,1.426168,Normalverkauf
S1000196.19764,SP1000196.3.19764,SY1000196.2026.19764,iPad1(1000196),196,12.06.26 16:42,Prod,A1000196.6950,,115,S1000196.19764,SALE,2,10.9,21.8,0.0,0.0,0.0,0.0,104,Thunfisch Wrap,Hauptgerichte,,MwSt. 7%,1.07,20.373832,1.426168,Normalverkauf
S1000196.19765,SP1000196.3.19765,SY1000196.2026.19765,iPad1(1000196),196,12.06.26 16:42,Prod,A1000196.6950,,115,S1000196.19765,SALE,1,6.9,6.9,0.0,0.0,0.0,0.0,103,Fischbrötchen Räucherlachs,Hauptspeisen,,MwSt. 7%,1.07,6.448598,0.451402,Normalverkauf
S1000196.19766,SP1000196.3.19766,SY1000196.2026.19766,iPad1(1000196),196,12.06.26 10:29,Prod,A1000196.6951,Tisch 19,111,S1000196.19766,SALE,1,3.9,3.9,0.0,0.0,0.0,0.0,119,Cola,Getränke,,MwSt. 19%,1.19,3.277311,0.622689,Normalverkauf
S1000196.19767,SP1000196.3.19767,SY1000196.2026.19767,iPad1(1000196),196,12.06.26 10:29,Prod,A1000196.6951,Tisch 19,111,S1000196.19767,SALE,1,3.9,3.9,0.0,0.0,0.0,0.0,124,Cola Zero,Getränke,,MwSt. 19%,1.19,3.277311,0.622689,Normalverkauf
S1000196.19768,SP1000196.3.19768,SY1000196.2026.19768,iPad1(1000196),196,12.06.26 10:29,Prod,A1000196.6951,Tisch 19,111,S1000196.19768,SALE,2,3.9,7.8,0.0,0.0,0.0,0.0,119,Cola,Getränke,,MwSt. 19%,1.19,6.554622,1.245378,Normalverkauf
S1000196.19769,SP1000196.3.19769,SY1000196.2026.19769,iPad1(1000196),196,12.06.26 08:55,Prod,A1000196.6952,Tisch 8,111,S1000196.19769,SALE,1,4.9,4.9,0.0,0.0,0.0,0.0,112,Kartoffelwedges,Beilagen,,MwSt. 7%,1.07,4.579439,0.320561,Normalverkauf
S1000196.19770,SP1000196.3.19770,SY1000196.2026.19770,iPad1(1000196),196,12.06.26 08:55,Prod,A1000196.6952,Tisch 8,111,S1000196.19770,SALE,2,3.9,7.8,0.0,0.0,0.0,0.0,124,Cola Zero,Getränke,,MwSt. 19%,1.19,6.554622,1.245378,Normalverkauf
S1000196.19771,SP1000196.3.19771,SY1000196.2026.19771,iPad1(1000196),196,12.06.26 08:55,Prod,A1000196.6952,Tisch 8,111,S1000196.19771,SALE,1,5.9,5.9,0.0,0.0,0.0,0.0,123,Inger-Limonade,Getränke,,MwSt. 19%,1.19,4.957983,0.942017,Normalverkauf
S1000196.19772,SP1000196.3.19772,SY1000196.2026.19772,iPad1(1000196),196,12.06.26 17:00,Prod,A1000196.6953,Tisch 24,107,S1000196.19772,SALE,2,3.2,6.4,0.0,0.0,0.0,0.0,120,Apfelschorle,Getränke,,MwSt. 19%,1.19,5.378151,1.021849,Normalverkauf
S1000196.19773,SP1000196.3.19773,SY1000196.2026.19773,iPad1(1000196),196,12.06.26 17:00,Prod,A1000196.6953,Tisch 24,107,S1000196.19773,SALE,2,5.9,11.8,0.0,0.0,0.0,0.0,117,Rote Grütze,Desserts,,MwSt. 7%,1.07,11.028037,0.771963,Normalverkauf
S1000196.19774,SP1000196.3.19774,SY1000196.2026.19774,iPad1(1000196),196,12.06.26 17:00,Prod,A1000196.6953,Tisch 24,107,S1000196.19774,SALE,1,5.9,5.9,0.0,0.0,0.0,0.0,123,Inger-Limonade,Getränke,,MwSt. 19%,1.19,4.957983,0.942017,Normalverkauf
S1000196.19775,SP1000196.3.19775,SY1000196.2026.19775,iPad1(1000196),196,12.06.26 15:32,Prod,A1000196.6954,Tisch 16,106,S1000196.19775,VOID,1,3.2,3.2,0.0,0.0,0.0,0.0,120,Apfelschorle,Getränke,,MwSt. 19%,1.19,2.689076,0.510924,Normalverkauf
S1000196.19776,SP1000196.3.19776,SY1000196.2026.19776,iPad1(1000196),196,12.06.26 12:19,Prod,A1000196.6955,Tisch 13,101,S1000196.19776,SALE,2,5.5,11.0,0.0,0.0,0.0,0.0,111,Pommes Frites,Beilagen,,MwSt. 7%,1.07,10.280374,0.719626,Normalverkauf
S1000196.19777,SP1000196.3.19777,SY1000196.2026.19777,iPad1(1000196),196,12.06.26 12:19,Prod,A1000196.6955,Tisch 13,101,S1000196.19777,SALE,1,13.5,13.5,0.0,0.0,0.0,0.0,102,Matjes,Hauptspeisen,,MwSt. 7%,1.07,12.616822,0.883178,Normalverkauf
S1000196.19778,SP1000196.3.19778,SY1000196.2026.19778,iPad1(1000196),196,12.06.26 18:07,Prod,A1000196.6956,,107,S1000196.19778,VOID,1,5.5,5.5,0.0,0.0,0.0,0.0,111,Pommes Frites,Beilagen,,MwSt. 7%,1.07,5.140187,0.359813,Normalverkauf
S1000196.19779,SP1000196.3.19779,SY1000196.2026.19779,iPad1(1000196),196,12.06.26 18:07,Prod,A1000196.6956,,107,S1000196.19779,VOID,2,3.9,7.8,0.0,0.0,0.0,0.0,124,Cola Zero,Getränke,,MwSt. 19%,1.19,6.554622,1.245378,Normalverkauf
S1000196.19780,SP1000196.3.19780,SY1000196.2026.19780,iPad1(1000196),196,12.06.26 18:07,Prod,A1000196.6956,,107,S1000196.19780,VOID,1,3.2,3.2,0.0,0.0,0.0,0.0,120,Apfelschorle,Getränke,,MwSt. 19%,1.19,2.689076,0.510924,Normalverkauf
S1000196.19781,SP1000196.3.19781,SY1000196.2026.19781,iPad1(1000196),196,12.06.26 15:32,Prod,A1000196.6957,,115,S1000196.19781,SALE,1,10.9,10.9,0.0,0.0,0.0,0.0,109,Bismarck-Baguette,Hauptgerichte,,MwSt. 7%,1.07,10.186916,0.713084,Normalverkauf
S1000196.19782,SP1000196.3.19782,SY1000196.2026.19782,iPad1(1000196),196,12.06.26 15:32,Prod,A1000196.6957,,115,S1000196.19782,SALE,2,4.9,9.8,0.0,0.0,0.0,0.0,112,Kartoffelwedges,Beilagen,,MwSt. 7%,1.07,9.158879,0.641121,Normalverkauf
S1000196.19783,SP1000196.3.19783,SY1000196.2026.19783,iPad1(1000196),196,12.06.26 19:08,Prod,A1000196.6958,Tisch 9,111,S1000196.19783,SALE,1,2.8,2.8,0.0,0.0,0.0,0.0,121,Mineralwasser,Getränke,,MwSt. 19%,1.19,2.352941,0.447059,Normalverkauf
S1000196.19784,SP1000196.3.19784,SY1000196.2026.19784,iPad1(1000196),196,12.06.26 19:08,Prod,A1000196.6958,Tisch 9,111,S1000196.19784,SALE,1,6.9,6.9,0.0,0.0,0.0,0.0,113,Garnelen Box,Beilagen,,MwSt. 7%,1.07,6.448598,0.451402,Normalverkauf
S1000196.19785,SP1000196.3.19785,SY1000196.2026.19785,iPad1(1000196),196,12.06.26 19:08,Prod,A1000196.6958,Tisch 9,111,S1000196.19785,SALE,1,5.5,5.5,0.0,0.0,0.0,0.0,111,Pommes Frites,Beilagen,,MwSt. 7%,1.07,5.140187,0.359813,Normalverkauf
S1000196.19786,SP1000196.3.19786,SY1000196.2026.19786,iPad1(1000196),196,12.06.26 18:43,Prod,A1000196.6959,Tisch 3,106,S1000196.19786,SALE,2,10.9,21.8,0.0,0.0,0.0,0.0,107,Chicken Burger,Hauptgerichte,,MwSt. 7%,1.07,20.373832,1.426168,Normalverkauf
S1000196.19787,SP1000196.3.19787,SY1000196.2026.19787,iPad1(1000196),196,12.06.26 18:43,Prod,A1000196.6959,Tisch 3,106,S1000196.19787,SALE,1,3.9,3.9,0.0,0.0,0.0,0.0,124,Cola Zero,Getränke,,MwSt. 19%,1.19,3.277311,0.622689,Normalverkauf
S1000196.19788,SP1000196.3.19788,SY1000196.2026.19788,iPad1(1000196),196,12.06.26 20:37,Prod,A1000196.6960,Tisch 12,116,S1000196.19788,SALE,1,3.9,3.9,0.0,0.0,0.0,0.0,127,Alkoholfreies Bier,Getränke,,MwSt. 19%,1.19,3.277311,0.622689,Normalverkauf
S1000196.19789,SP1000196.3.19789,SY1000196.2026.19789,iPad1(1000196),196,12.06.26 20:37,Prod,A1000196.6960,Tisch 12,116,S1000196.19789,SALE,2,9.8,19.6,0.0,0.0,0.0,0.0,108,Seelachs-Ei-Baugette,Hauptgerichte,,MwSt. 7%,1.07,18.317757,1.282243,Normalverkauf
S1000196.19790,SP1000196.3.19790,SY1000196.2026.19790,iPad1(1000196),196,12.06.26 19:47,Prod,A1000196.6961,Tisch 21,111,S1000196.19790,SALE,1,6.9,6.9,0.0,0.0,0.0,0.0,113,Garnelen Box,Beilagen,,MwSt. 7%,1.07,6.448598,0.451402,Normalverkauf
S1000196.19791,SP1000196.3.19791,SY1000196.2026.19791,iPad1(1000196),196,12.06.26 19:47,Prod,A1000196.6961,Tisch 21,111,S1000196.19791,SALE,2,10.9,21.8,0.0,0.0,0.0,0.0,104,Thunfisch Wrap,Hauptgerichte,,MwSt. 7%,1.07,20.373832,1.426168,Normalverkauf
S1000196.19792,SP1000196.3.19792,SY1000196.2026.19792,iPad1(1000196),196,12.06.26 17:30,Prod,A1000196.6962,Tisch 5,105,S1000196.19792,SALE,2,5.5,11.0,0.0,0.0,0.0,0.0,111,Pommes Frites,Beilagen,,MwSt. 7%,1.07,10.280374,0.719626,Normalverkauf
S1000196.19793,SP1000196.3.19793,SY1000196.2026.19793,iPad1(1000196),196,12.06.26 11:53,Prod,A1000196.6963,Tisch 2,105,S1000196.19793,SALE,2,7.9,15.8,0.0,0.0,0.0,0.0,106,Neptun-Ringe,Beilagen,,MwSt. 7%,1.07,14.766355,1.033645,Normalverkauf
S1000196.19794,SP1000196.3.19794,SY1000196.2026.19794,iPad1(1000196),196,12.06.26 11:53,Prod,A1000196.6963,Tisch 2,105,S1000196.19794,SALE,2,6.5,13.0,0.0,0.0,0.0,0.0,100,Fischbrötchen Backfisch,Hauptspeisen,,MwSt. 7%,1.07,12.149533,0.850467,Normalverkauf
S1000196.19795,SP1000196.3.19795,SY1000196.2026.19795,iPad1(1000196),196,12.06.26 11:53,Prod,A1000196.6963,Tisch 2,105,S1000196.19795,SALE,1,9.8,9.8,0.0,0.0,0.0,0.0,108,Seelachs-Ei-Baugette,Hauptgerichte,,MwSt. 7%,1.07,9.158879,0.641121,Normalverkauf
S1000196.19796,SP1000196.3.19796,SY1000196.2026.19796,iPad1(1000196),196,12.06.26 16:56,Prod,A1000196.6964,Tisch 1,101,S1000196.19796,SALE,2,3.9,7.8,0.0,0.0,0.0,0.0,119,Cola,Getränke,,MwSt. 19%,1.19,6.554622,1.245378,Normalverkauf
S1000196.19797,SP1000196.3.19797,SY1000196.2026.19797,iPad1(1000196),196,12.06.26 16:56,Prod,A1000196.6964,Tisch 1,101,S1000196.19797,SALE,2,7.9,15.8,0.0,0.0,0.0,0.0,115,Tiramisu,Desserts,,MwSt. 7%,1.07,14.766355,1.033645,Normalverkauf
S1000196.19798,SP1000196.3.19798,SY1000196.2026.19798,iPad1(1000196),196,12.06.26 16:56,Prod,A1000196.6964,Tisch 1,101,S1000196.19798,SALE,1,7.9,7.9,0.0,0.0,0.0,0.0,106,Neptun-Ringe,Beilagen,,MwSt. 7%,1.07,7.383178,0.516822,Normalverkauf
S1000196.19799,SP1000196.3.19799,SY1000196.2026.19799,iPad1(1000196),196,12.06.26 20:03,Prod,A1000196.6965,Tisch 16,105,S1000196.19799,SALE,1,3.9,3.9,0.0,0.0,0.0,0.0,126,Spezi,Getränke,,MwSt. 19%,1.19,3.277311,0.622689,Normalverkauf
S1000196.19800,SP1000196.3.19800,SY1000196.2026.19800,iPad1(1000196),196,12.06.26 19:45,Prod,A1000196.6966,Tisch 2,116,S1000196.19800,SALE,2,6.5,13.0,0.0,0.0,0.0,0.0,100,Fischbrötchen Backfisch,Hauptspeisen,,MwSt. 7%,1.07,12.149533,0.850467,Normalverkauf
S1000196.19801,SP1000196.3.19801,SY1000196.2026.19801,iPad1(1000196),196,12.06.26 11:49,Prod,A1000196.6967,Tisch 14,101,S1000196.19801,SALE,1,13.5,13.5,0.0,0.0,0.0,0.0,102,Matjes,Hauptspeisen,,MwSt. 7%,1.07,12.616822,0.883178,Normalverkauf
S1000196.19802,SP1000196.3.19802,SY1000196.2026.19802,iPad1(1000196),196,12.06.26 17:00,Prod,A1000196.6968,Tisch 3,106,S1000196.19802,SALE,1,5.5,5.5,0.0,0.0,0.0,0.0,111,Pommes Frites,Beilagen,,MwSt. 7%,1.07,5.140187,0.359813,Normalverkauf
S1000196.19803,SP1000196.3.19803,SY1000196.2026.19803,iPad1(1000196),196,12.06.26 17:00,Prod,A1000196.6968,Tisch 3,106,S1000196.19803,SALE,1,6.5,6.5,0.0,0.0,0.0,0.0,100,Fischbrötchen Backfisch,Hauptspeisen,,MwSt. 7%,1.07,6.074766,0.425234,Normalverkauf
S1000196.19804,SP1000196.3.19804,SY1000196.2026.19804,iPad1(1000196),196,12.06.26 17:00,Prod,A1000196.6968,Tisch 3,106,S1000196.19804,SALE,2,9.8,19.6,0.0,0.0,0.0,0.0,108,Seelachs-Ei-Baugette,Hauptgerichte,,MwSt. 7%,1.07,18.317757,1.282243,Normalverkauf
S1000196.19805,SP1000196.3.19805,SY1000196.2026.19805,iPad1(1000196),196,12.06.26 20:19,Prod,A1000196.6969,Tisch 24,106,S1000196.19805,SALE,2,4.9,9.8,0.0,0.0,0.0,0.0,112,Kartoffelwedges,Beilagen,,MwSt. 7%,1.07,9.158879,0.641121,Normalverkauf
S1000196.19806,SP1000196.3.19806,SY1000196.2026.19806,iPad1(1000196),196,12.06.26 20:19,Prod,A1000196.6969,Tisch 24,106,S1000196.19806,SALE,1,3.2,3.2,0.0,0.0,0.0,0.0,120,Apfelschorle,Getränke,,MwSt. 19%,1.19,2.689076,0.510924,Normalverkauf
S1000196.19807,SP1000196.3.19807,SY1000196.2026.19807,iPad1(1000196),196,12.06.26 11:26,Prod,A1000196.6970,Tisch 4,115,S1000196.19807,SALE,2,5.5,11.0,0.0,0.0,0.0,0.0,111,Pommes Frites,Beilagen,,MwSt. 7%,1.07,10.280374,0.719626,Normalverkauf
S1000196.19808,SP1000196.3.19808,SY1000196.2026.19808,iPad1(1000196),196,12.06.26 11:26,Prod,A1000196.6970,Tisch 4,115,S1000196.19808,SALE,2,6.5,13.0,0.0,0.0,0.0,0.0,118,Schokokuchen,Desserts,,MwSt. 7%,1.07,12.149533,0.850467,Normalverkauf
S1000196.19809,SP1000196.3.19809,SY1000196.2026.19809,iPad1(1000196),196,12.06.26 16:48,Prod,A1000196.6971,Tisch 18,101,S1000196.19809,SALE,2,10.9,21.8,0.0,0.0,0.0,0.0,109,Bismarck-Baguette,Hauptgerichte,,MwSt. 7%,1.07,20.373832,1.426168,Normalverkauf
S1000196.19810,SP1000196.3.19810,SY1000196.2026.19810,iPad1(1000196),196,12.06.26 16:48,Prod,A1000196.6971,Tisch 18,101,S1000196.19810,SALE,2,4.2,8.4,0.0,0.0,0.0,0.0,122,Bier,Getränke,,MwSt. 19%,1.19,7.058824,1.341176,Normalverkauf
S1000196.19811,SP1000196.3.19811,SY1000196.2026.19811,iPad1(1000196),196,12.06.26 16:48,Prod,A1000196.6971,Tisch 18,101,S1000196.19811,SALE,2,3.9,7.8,0.0,0.0,0.0,0.0,124,Cola Zero,Getränke,,MwSt. 19%,1.19,6.554622,1.245378,Normalverkauf
S1000196.19812,SP1000196.3.19812,SY1000196.2026.19812,iPad1(1000196),196,12.06.26 20:30,Prod,A1000196.6972,,101,S1000196.19812,SALE,2,6.9,13.8,0.0,0.0,0.0,0.0,103,Fischbrötchen Räucherlachs,Hauptspeisen,,MwSt. 7%,1.07,12.897196,0.902804,Normalverkauf
S1000196.19813,SP1000196.3.19813,SY1000196.2026.19813,iPad1(1000196),196,12.06.26 20:30,Prod,A1000196.6972,,101,S1000196.19813,SALE,2,3.9,7.8,0.0,0.0,0.0,0.0,126,Spezi,Getränke,,MwSt. 19%,1.19,6.554622,1.245378,Normalverkauf
S1000196.19814,SP1000196.3.19814,SY1000196.2026.19814,iPad1(1000196),196,12.06.26 20:30,Prod,A1000196.6972,,101,S1000196.19814,SALE,2,6.5,13.0,0.0,0.0,0.0,0.0,100,Fischbrötchen Backfisch,Hauptspeisen,,MwSt. 7%,1.07,12.149533,0.850467,Normalverkauf
S1000196.19815,SP1000196.3.19815,SY1000196.2026.19815,iPad1(1000196),196,12.06.26 14:10,Prod,A1000196.6973,Tisch 2,105,S1000196.19815,SALE,2,5.5,11.0,0.0,0.0,0.0,0.0,111,Pommes Frites,Beilagen,,MwSt. 7%,1.07,10.280374,0.719626,Normalverkauf
S1000196.19816,SP1000196.3.19816,SY1000196.2026.19816,iPad1(1000196),196,12.06.26 14:10,Prod,A1000196.6973,Tisch 2,105,S1000196.19816,SALE,2,10.9,21.8,0.0,0.0,0.0,0.0,104,Thunfisch Wrap,Hauptgerichte,,MwSt. 7%,1.07,20.373832,1.426168,Normalverkauf
S1000196.19817,SP1000196.3.19817,SY1000196.2026.19817,iPad1(1000196),196,12.06.26 12:35,Prod,A1000196.6974,Tisch 17,116,S1000196.19817,SALE,2,7.9,15.8,0.0,0.0,0.0,0.0,106,Neptun-Ringe,Beilagen,,MwSt. 7%,1.07,14.766355,1.033645,Normalverkauf
S1000196.19818,SP1000196.3.19818,SY1000196.2026.19818,iPad1(1000196),196,12.06.26 17:58,Prod,A1000196.6975,,116,S1000196.19818,SALE,1,4.2,4.2,0.0,0.0,0.0,0.0,122,Bier,Getränke,,MwSt. 19%,1.19,3.529412,0.670588,Normalverkauf
S1000196.19819,SP1000196.3.19819,SY1000196.2026.19819,iPad1(1000196),196,12.06.26 17:58,Prod,A1000196.6975,,116,S1000196.19819,SALE,2,6.5,13.0,0.0,0.0,0.0,0.0,118,Schokokuchen,Desserts,,MwSt. 7%,1.07,12.149533,0.850467,Normalverkauf
S1000196.19820,SP1000196.3.19820,SY1000196.2026.19820,iPad1(1000196),196,12.06.26 17:58,Prod,A1000196.6975,,116,S1000196.19820,SALE,1,7.9,7.9,0.0,0.0,0.0,0.0,115,Tiramisu,Desserts,,MwSt. 7%,1.07,7.383178,0.516822,Normalverkauf
S1000196.19821,SP1000196.3.19821,SY1000196.2026.19821,iPad1(1000196),196,12.06.26 13:19,Prod,A1000196.6976,Tisch 9,105,S1000196.19821,SALE,2,11.9,23.8,0.0,0.0,0.0,0.0,110,Matjes-Baguette,Hauptgerichte,,MwSt. 7%,1.07,22.242991,1.557009,Normalverkauf
S1000196.19822,SP1000196.3.19822,SY1000196.2026.19822,iPad1(1000196),196,12.06.26 13:19,Prod,A1000196.6976,Tisch 9,105,S1000196.19822,SALE,2,7.9,15.8,0.0,0.0,0.0,0.0,106,Neptun-Ringe,Beilagen,,MwSt. 7%,1.07,14.766355,1.033645,Normalverkauf
S1000196.19823,SP1000196.3.19823,SY1000196.2026.19823,iPad1(1000196),196,12.06.26 13:19,Prod,A1000196.6976,Tisch 9,105,S1000196.19823,SALE,1,5.9,5.9,0.0,0.0,0.0,0.0,116,Vanillequark,Desserts,,MwSt. 7%,1.07,5.514019,0.385981,Normalverkauf
S1000196.19824,SP1000196.3.19824,SY1000196.2026.19824,iPad1(1000196),196,12.06.26 15:16,Prod,A1000196.6977,Tisch 1,106,S1000196.19824,SALE,2,14.5,29.0,0.0,0.0,0.0,0.0,101,Lachs,Hauptspeisen,,MwSt. 7%,1.07,27.102804,1.897196,Normalverkauf
S1000196.19825,SP1000196.3.19825,SY1000196.2026.19825,iPad1(1000196),196,12.06.26 18:23,Prod,A1000196.6978,,107,S1000196.19825,SALE,2,6.5,13.0,0.0,0.0,0.0,0.0,118,Schokokuchen,Desserts,,MwSt. 7%,1.07,12.149533,0.850467,Normalverkauf
S1000196.19826,SP1000196.3.19826,SY1000196.2026.19826,iPad1(1000196),196,12.06.26 18:23,Prod,A1000196.6978,,107,S1000196.19826,SALE,2,3.9,7.8,0.0,0.0,0.0,0.0,119,Cola,Getränke,,MwSt. 19%,1.19,6.554622,1.245378,Normalverkauf
S1000196.19827,SP1000196.3.19827,SY1000196.2026.19827,iPad1(1000196),196,12.06.26 18:23,Prod,A1000196.6978,,107,S1000196.19827,SALE,1,5.5,5.5,0.0,0.0,0.0,0.0,111,Pommes Frites,Beilagen,,MwSt. 7%,1.07,5.140187,0.359813,Normalverkauf
S1000196.19828,SP1000196.3.19828,SY1000196.2026.19828,iPad1(1000196),196,12.06.26 13:19,Prod,A1000196.6979,,116,S1000196.19828,VOID,2,5.9,11.8,0.0,0.0,0.0,0.0,116,Vanillequark,Desserts,,MwSt. 7%,1.07,11.028037,0.771963,Normalverkauf
S1000196.19829,SP1000196.3.19829,SY1000196.2026.19829,iPad1(1000196),196,12.06.26 16:50,Prod,A1000196.6980,Tisch 3,111,S1000196.19829,SALE,1,4.2,4.2,0.0,0.0,0.0,0.0,122,Bier,Getränke,,MwSt. 19%,1.19,3.529412,0.670588,Normalverkauf
S1000196.19830,SP1000196.3.19830,SY1000196.2026.19830,iPad1(1000196),196,12.06.26 16:50,Prod,A1000196.6980,Tisch 3,111,S1000196.19830,SALE,2,3.9,7.8,0.0,0.0,0.0,0.0,119,Cola,Getränke,,MwSt. 19%,1.19,6.554622,1.245378,Normalverkauf
S1000196.19831,SP1000196.3.19831,SY1000196.2026.19831,iPad1(1000196),196,13.06.26 11:05,Prod,A1000196.6981,Tisch 24,116,S1000196.19831,SALE,1,10.9,10.9,0.0,0.0,0.0,0.0,109,Bismarck-Baguette,Hauptgerichte,,MwSt. 7%,1.07,10.186916,0.713084,Normalverkauf
S1000196.19832,SP1000196.3.19832,SY1000196.2026.19832,iPad1(1000196),196,13.06.26 11:05,Prod,A1000196.6981,Tisch 24,116,S1000196.19832,SALE,1,5.5,5.5,0.0,0.0,0.0,0.0,111,Pommes Frites,Beilagen,,MwSt. 7%,1.07,5.140187,0.359813,Normalverkauf
S1000196.19833,SP1000196.3.19833,SY1000196.2026.19833,iPad1(1000196),196,13.06.26 20:48,Prod,A1000196.6982,Tisch 7,116,S1000196.19833,SALE,1,3.2,3.2,0.0,0.0,0.0,0.0,120,Apfelschorle,Getränke,,MwSt. 19%,1.19,2.689076,0.510924,Normalverkauf
S1000196.19834,SP1000196.3.19834,SY1000196.2026.19834,iPad1(1000196),196,13.06.26 20:48,Prod,A1000196.6982,Tisch 7,116,S1000196.19834,SALE,1,3.9,3.9,0.0,0.0,0.0,0.0,127,Alkoholfreies Bier,Getränke,,MwSt. 19%,1.19,3.277311,0.622689,Normalverkauf
S1000196.19835,SP1000196.3.19835,SY1000196.2026.19835,iPad1(1000196),196,13.06.26 16:30,Prod,A1000196.6983,Tisch 3,101,S1000196.19835,VOID,1,5.9,5.9,0.0,0.0,0.0,0.0,125,Zitronen-Limonade,Getränke,,MwSt. 19%,1.19,4.957983,0.942017,Normalverkauf
S1000196.19836,SP1000196.3.19836,SY1000196.2026.19836,iPad1(1000196),196,13.06.26 16:30,Prod,A1000196.6983,Tisch 3,101,S1000196.19836,VOID,2,11.9,23.8,0.0,0.0,0.0,0.0,110,Matjes-Baguette,Hauptgerichte,,MwSt. 7%,1.07,22.242991,1.557009,Normalverkauf
S1000196.19837,SP1000196.3.19837,SY1000196.2026.19837,iPad1(1000196),196,13.06.26 16:30,Prod,A1000196.6983,Tisch 3,101,S1000196.19837,VOID,1,4.2,4.2,0.0,0.0,0.0,0.0,122,Bier,Getränke,,MwSt. 19%,1.19,3.529412,0.670588,Normalverkauf
S1000196.19838,SP1000196.3.19838,SY1000196.2026.19838,iPad1(1000196),196,13.06.26 12:54,Prod,A1000196.6984,Tisch 14,111,S1000196.19838,SALE,2,2.8,5.6,0.0,0.0,0.0,0.0,121,Mineralwasser,Getränke,,MwSt. 19%,1.19,4.705882,0.894118,Normalverkauf
S1000196.19839,SP1000196.3.19839,SY1000196.2026.19839,iPad1(1000196),196,13.06.26 15:48,Prod,A1000196.6985,Tisch 21,111,S1000196.19839,SALE,1,5.9,5.9,0.0,0.0,0.0,0.0,125,Zitronen-Limonade,Getränke,,MwSt. 19%,1.19,4.957983,0.942017,Normalverkauf
S1000196.19840,SP1000196.3.19840,SY1000196.2026.19840,iPad1(1000196),196,13.06.26 15:48,Prod,A1000196.6985,Tisch 21,111,S1000196.19840,SALE,1,6.9,6.9,0.0,0.0,0.0,0.0,113,Garnelen Box,Beilagen,,MwSt. 7%,1.07,6.448598,0.451402,Normalverkauf
S1000196.19841,SP1000196.3.19841,SY1000196.2026.19841,iPad1(1000196),196,13.06.26 15:48,Prod,A1000196.6985,Tisch 21,111,S1000196.19841,SALE,1,3.2,3.2,0.0,0.0,0.0,0.0,120,Apfelschorle,Getränke,,MwSt. 19%,1.19,2.689076,0.510924,Normalverkauf
S1000196.19842,SP1000196.3.19842,SY1000196.2026.19842,iPad1(1000196),196,13.06.26 19:16,Prod,A1000196.6986,Tisch 9,116,S1000196.19842,SALE,1,5.5,5.5,0.0,0.0,0.0,0.0,111,Pommes Frites,Beilagen,,MwSt. 7%,1.07,5.140187,0.359813,Normalverkauf
S1000196.19843,SP1000196.3.19843,SY1000196.2026.19843,iPad1(1000196),196,13.06.26 19:16,Prod,A1000196.6986,Tisch 9,116,S1000196.19843,SALE,2,7.9,15.8,0.0,0.0,0.0,0.0,115,Tiramisu,Desserts,,MwSt. 7%,1.07,14.766355,1.033645,Normalverkauf
S1000196.19844,SP1000196.3.19844,SY1000196.2026.19844,iPad1(1000196),196,13.06.26 12:06,Prod,A1000196.6987,,107,S1000196.19844,VOID,2,2.8,5.6,0.0,0.0,0.0,0.0,121,Mineralwasser,Getränke,,MwSt. 19%,1.19,4.705882,0.894118,Normalverkauf
S1000196.19845,SP1000196.3.19845,SY1000196.2026.19845,iPad1(1000196),196,13.06.26 12:06,Prod,A1000196.6987,,107,S1000196.19845,VOID,1,3.9,3.9,0.0,0.0,0.0,0.0,127,Alkoholfreies Bier,Getränke,,MwSt. 19%,1.19,3.277311,0.622689,Normalverkauf
S1000196.19846,SP1000196.3.19846,SY1000196.2026.19846,iPad1(1000196),196,13.06.26 12:06,Prod,A1000196.6987,,107,S1000196.19846,VOID,1,6.5,6.5,0.0,0.0,0.0,0.0,118,Schokokuchen,Desserts,,MwSt. 7%,1.07,6.074766,0.425234,Normalverkauf
S1000196.19847,SP1000196.3.19847,SY1000196.2026.19847,iPad1(1000196),196,13.06.26 12:22,Prod,A1000196.6988,Tisch 20,116,S1000196.19847,VOID,2,6.9,13.8,0.0,0.0,0.0,0.0,113,Garnelen Box,Beilagen,,MwSt. 7%,1.07,12.897196,0.902804,Normalverkauf
S1000196.19848,SP1000196.3.19848,SY1000196.2026.19848,iPad1(1000196),196,13.06.26 12:22,Prod,A1000196.6988,Tisch 20,116,S1000196.19848,VOID,2,3.9,7.8,0.0,0.0,0.0,0.0,119,Cola,Getränke,,MwSt. 19%,1.19,6.554622,1.245378,Normalverkauf
S1000196.19849,SP1000196.3.19849,SY1000196.2026.19849,iPad1(1000196),196,13.06.26 12:22,Prod,A1000196.6988,Tisch 20,116,S1000196.19849,VOID,1,7.9,7.9,0.0,0.0,0.0,0.0,115,Tiramisu,Desserts,,MwSt. 7%,1.07,7.383178,0.516822,Normalverkauf
S1000196.19850,SP1000196.3.19850,SY1000196.2026.19850,iPad1(1000196),196,13.06.26 13:57,Prod,A1000196.6989,Tisch 13,101,S1000196.19850,VOID,2,3.9,7.8,0.0,0.0,0.0,0.0,124,Cola Zero,Getränke,,MwSt. 19%,1.19,6.554622,1.245378,Normalverkauf
S1000196.19851,SP1000196.3.19851,SY1000196.2026.19851,iPad1(1000196),196,13.06.26 13:57,Prod,A1000196.6989,Tisch 13,101,S1000196.19851,VOID,2,6.5,13.0,0.0,0.0,0.0,0.0,100,Fischbrötchen Backfisch,Hauptspeisen,,MwSt. 7%,1.07,12.149533,0.850467,Normalverkauf
S1000196.19852,SP1000196.3.19852,SY1000196.2026.19852,iPad1(1000196),196,13.06.26 13:57,Prod,A1000196.6989,Tisch 13,101,S1000196.19852,VOID,2,3.9,7.8,0.0,0.0,0.0,0.0,119,Cola,Getränke,,MwSt. 19%,1.19,6.554622,1.245378,Normalverkauf
S1000196.19853,SP1000196.3.19853,SY1000196.2026.19853,iPad1(1000196),196,13.06.26 17:29,Prod,A1000196.6990,Tisch 14,111,S1000196.19853,SALE,2,3.9,7.8,0.0,0.0,0.0,0.0,124,Cola Zero,Getränke,,MwSt. 19%,1.19,6.554622,1.245378,Normalverkauf
S1000196.19854,SP1000196.3.19854,SY1000196.2026.19854,iPad1(1000196),196,13.06.26 17:29,Prod,A1000196.6990,Tisch 14,111,S1000196.19854,SALE,2,3.9,7.8,0.0,0.0,0.0,0.0,124,Cola Zero,Getränke,,MwSt. 19%,1.19,6.554622,1.245378,Normalverkauf
S1000196.19855,SP1000196.3.19855,SY1000196.2026.19855,iPad1(1000196),196,13.06.26 15:51,Prod,A1000196.6991,Tisch 14,101,S1000196.19855,SALE,2,10.9,21.8,0.0,0.0,0.0,0.0,107,Chicken Burger,Hauptgerichte,,MwSt. 7%,1.07,20.373832,1.426168,Normalverkauf
S1000196.19856,SP1000196.3.19856,SY1000196.2026.19856,iPad1(1000196),196,13.06.26 15:51,Prod,A1000196.6991,Tisch 14,101,S1000196.19856,SALE,2,10.9,21.8,0.0,0.0,0.0,0.0,104,Thunfisch Wrap,Hauptgerichte,,MwSt. 7%,1.07,20.373832,1.426168,Normalverkauf
S1000196.19857,SP1000196.3.19857,SY1000196.2026.19857,iPad1(1000196),196,13.06.26 15:51,Prod,A1000196.6991,Tisch 14,101,S1000196.19857,SALE,1,3.2,3.2,0.0,0.0,0.0,0.0,120,Apfelschorle,Getränke,,MwSt. 19%,1.19,2.689076,0.510924,Normalverkauf
S1000196.19858,SP1000196.3.19858,SY1000196.2026.19858,iPad1(1000196),196,13.06.26 20:13,Prod,A1000196.6992,,107,S1000196.19858,SALE,1,5.9,5.9,0.0,0.0,0.0,0.0,116,Vanillequark,Desserts,,MwSt. 7%,1.07,5.514019,0.385981,Normalverkauf
S1000196.19859,SP1000196.3.19859,SY1000196.2026.19859,iPad1(1000196),196,13.06.26 17:37,Prod,A1000196.6993,Tisch 17,105,S1000196.19859,SALE,2,5.9,11.8,0.0,0.0,0.0,0.0,123,Inger-Limonade,Getränke,,MwSt. 19%,1.19,9.915966,1.884034,Normalverkauf
S1000196.19860,SP1000196.3.19860,SY1000196.2026.19860,iPad1(1000196),196,13.06.26 17:37,Prod,A1000196.6993,Tisch 17,105,S1000196.19860,SALE,2,10.9,21.8,0.0,0.0,0.0,0.0,109,Bismarck-Baguette,Hauptgerichte,,MwSt. 7%,1.07,20.373832,1.426168,Normalverkauf
S1000196.19861,SP1000196.3.19861,SY1000196.2026.19861,iPad1(1000196),196,13.06.26 12:12,Prod,A1000196.6994,Tisch 19,115,S1000196.19861,SALE,2,3.9,7.8,0.0,0.0,0.0,0.0,119,Cola,Getränke,,MwSt. 19%,1.19,6.554622,1.245378,Normalverkauf
S1000196.19862,SP1000196.3.19862,SY1000196.2026.19862,iPad1(1000196),196,13.06.26 17:40,Prod,A1000196.6995,Tisch 2,116,S1000196.19862,SALE,2,11.9,23.8,0.0,0.0,0.0,0.0,110,Matjes-Baguette,Hauptgerichte,,MwSt. 7%,1.07,22.242991,1.557009,Normalverkauf
S1000196.19863,SP1000196.3.19863,SY1000196.2026.19863,iPad1(1000196),196,13.06.26 17:40,Prod,A1000196.6995,Tisch 2,116,S1000196.19863,SALE,1,3.9,3.9,0.0,0.0,0.0,0.0,124,Cola Zero,Getränke,,MwSt. 19%,1.19,3.277311,0.622689,Normalverkauf
S1000196.19864,SP1000196.3.19864,SY1000196.2026.19864,iPad1(1000196),196,13.06.26 17:40,Prod,A1000196.6995,Tisch 2,116,S1000196.19864,SALE,1,5.9,5.9,0.0,0.0,0.0,0.0,123,Inger-Limonade,Getränke,,MwSt. 19%,1.19,4.957983,0.942017,Normalverkauf
S1000196.19865,SP1000196.3.19865,SY1000196.2026.19865,iPad1(1000196),196,13.06.26 16:25,Prod,A1000196.6996,Tisch 23,115,S1000196.19865,SALE,2,10.9,21.8,0.0,0.0,0.0,0.0,107,Chicken Burger,Hauptgerichte,,MwSt. 7%,1.07,20.373832,1.426168,Normalverkauf
S1000196.19866,SP1000196.3.19866,SY1000196.2026.19866,iPad1(1000196),196,13.06.26 17:37,Prod,A1000196.6997,Tisch 4,101,S1000196.19866,VOID,2,2.8,5.6,0.0,0.0,0.0,0.0,121,Mineralwasser,Getränke,,MwSt. 19%,1.19,4.705882,0.894118,Normalverkauf
S1000196.19867,SP1000196.3.19867,SY1000196.2026.19867,iPad1(1000196),196,13.06.26 17:37,Prod,A1000196.6997,Tisch 4,101,S1000196.19867,VOID,2,6.9,13.8,0.0,0.0,0.0,0.0,113,Garnelen Box,Beilagen,,MwSt. 7%,1.07,12.897196,0.902804,Normalverkauf
S1000196.19868,SP1000196.3.19868,SY1000196.2026.19868,iPad1(1000196),196,13.06.26 17:37,Prod,A1000196.6997,Tisch 4,101,S1000196.19868,VOID,2,6.9,13.8,0.0,0.0,0.0,0.0,113,Garnelen Box,Beilagen,,MwSt. 7%,1.07,12.897196,0.902804,Normalverkauf
S1000196.19869,SP1000196.3.19869,SY1000196.2026.19869,iPad1(1000196),196,13.06.26 17:36,Prod,A1000196.6998,Tisch 18,116,S1000196.19869,SALE,2,4.9,9.8,0.0,0.0,0.0,0.0,112,Kartoffelwedges,Beilagen,,MwSt. 7%,1.07,9.158879,0.641121,Normalverkauf
S1000196.19870,SP1000196.3.19870,SY1000196.2026.19870,iPad1(1000196),196,13.06.26 17:36,Prod,A1000196.6998,Tisch 18,116,S1000196.19870,SALE,2,10.9,21.8,0.0,0.0,0.0,0.0,104,Thunfisch Wrap,Hauptgerichte,,MwSt. 7%,1.07,20.373832,1.426168,Normalverkauf
S1000196.19871,SP1000196.3.19871,SY1000196.2026.19871,iPad1(1000196),196,13.06.26 17:36,Prod,A1000196.6998,Tisch 18,116,S1000196.19871,SALE,1,3.9,3.9,0.0,0.0,0.0,0.0,126,Spezi,Getränke,,MwSt. 19%,1.19,3.277311,0.622689,Normalverkauf
S1000196.19872,SP1000196.3.19872,SY1000196.2026.19872,iPad1(1000196),196,13.06.26 15:24,Prod,A1000196.6999,Tisch 18,116,S1000196.19872,SALE,1,5.9,5.9,0.0,0.0,0.0,0.0,123,Inger-Limonade,Getränke,,MwSt. 19%,1.19,4.957983,0.942017,Normalverkauf
S1000196.19873,SP1000196.3.19873,SY1000196.2026.19873,iPad1(1000196),196,13.06.26 09:41,Prod,A1000196.7000,,105,S1000196.19873,VOID,1,6.9,6.9,0.0,0.0,0.0,0.0,103,Fischbrötchen Räucherlachs,Hauptspeisen,,MwSt. 7%,1.07,6.448598,0.451402,Normalverkauf
S1000196.19874,SP1000196.3.19874,SY1000196.2026.19874,iPad1(1000196),196,13.06.26 17:52,Prod,A1000196.7001,Tisch 3,101,S1000196.19874,SALE,2,5.5,11.0,0.0,0.0,0.0,0.0,114,Fisch Nuggets Box,Beilagen,,MwSt. 7%,1.07,10.280374,0.719626,Normalverkauf
S1000196.19875,SP1000196.3.19875,SY1000196.2026.19875,iPad1(1000196),196,13.06.26 19:08,Prod,A1000196.7002,Tisch 14,105,S1000196.19875,SALE,1,6.9,6.9,0.0,0.0,0.0,0.0,103,Fischbrötchen Räucherlachs,Hauptspeisen,,MwSt. 7%,1.07,6.448598,0.451402,Normalverkauf
S1000196.19876,SP1000196.3.19876,SY1000196.2026.19876,iPad1(1000196),196,13.06.26 19:08,Prod,A1000196.7002,Tisch 14,105,S1000196.19876,SALE,1,5.5,5.5,0.0,0.0,0.0,0.0,111,Pommes Frites,Beilagen,,MwSt. 7%,1.07,5.140187,0.359813,Normalverkauf
S1000196.19877,SP1000196.3.19877,SY1000196.2026.19877,iPad1(1000196),196,13.06.26 19:08,Prod,A1000196.7002,Tisch 14,105,S1000196.19877,SALE,1,5.9,5.9,0.0,0.0,0.0,0.0,117,Rote Grütze,Desserts,,MwSt. 7%,1.07,5.514019,0.385981,Normalverkauf
S1000196.19878,SP1000196.3.19878,SY1000196.2026.19878,iPad1(1000196),196,13.06.26 20:15,Prod,A1000196.7003,Tisch 9,107,S1000196.19878,SALE,1,6.9,6.9,0.0,0.0,0.0,0.0,113,Garnelen Box,Beilagen,,MwSt. 7%,1.07,6.448598,0.451402,Normalverkauf
S1000196.19879,SP1000196.3.19879,SY1000196.2026.19879,iPad1(1000196),196,13.06.26 11:46,Prod,A1000196.7004,Tisch 12,105,S1000196.19879,SALE,1,7.9,7.9,0.0,0.0,0.0,0.0,115,Tiramisu,Desserts,,MwSt. 7%,1.07,7.383178,0.516822,Normalverkauf
S1000196.19880,SP1000196.3.19880,SY1000196.2026.19880,iPad1(1000196),196,13.06.26 11:46,Prod,A1000196.7004,Tisch 12,105,S1000196.19880,SALE,2,3.9,7.8,0.0,0.0,0.0,0.0,119,Cola,Getränke,,MwSt. 19%,1.19,6.554622,1.245378,Normalverkauf
S1000196.19881,SP1000196.3.19881,SY1000196.2026.19881,iPad1(1000196),196,13.06.26 11:46,Prod,A1000196.7004,Tisch 12,105,S1000196.19881,SALE,1,10.9,10.9,0.0,0.0,0.0,0.0,104,Thunfisch Wrap,Hauptgerichte,,MwSt. 7%,1.07,10.186916,0.713084,Normalverkauf
S1000196.19882,SP1000196.3.19882,SY1000196.2026.19882,iPad1(1000196),196,13.06.26 12:16,Prod,A1000196.7005,Tisch 19,111,S1000196.19882,SALE,1,4.2,4.2,0.0,0.0,0.0,0.0,122,Bier,Getränke,,MwSt. 19%,1.19,3.529412,0.670588,Normalverkauf
S1000196.19883,SP1000196.3.19883,SY1000196.2026.19883,iPad1(1000196),196,13.06.26 12:16,Prod,A1000196.7005,Tisch 19,111,S1000196.19883,SALE,1,3.9,3.9,0.0,0.0,0.0,0.0,124,Cola Zero,Getränke,,MwSt. 19%,1.19,3.277311,0.622689,Normalverkauf
S1000196.19884,SP1000196.3.19884,SY1000196.2026.19884,iPad1(1000196),196,13.06.26 12:07,Prod,A1000196.7006,Tisch 10,115,S1000196.19884,SALE,1,7.9,7.9,0.0,0.0,0.0,0.0,115,Tiramisu,Desserts,,MwSt. 7%,1.07,7.383178,0.516822,Normalverkauf
S1000196.19885,SP1000196.3.19885,SY1000196.2026.19885,iPad1(1000196),196,13.06.26 12:07,Prod,A1000196.7006,Tisch 10,115,S1000196.19885,SALE,2,3.9,7.8,0.0,0.0,0.0,0.0,126,Spezi,Getränke,,MwSt. 19%,1.19,6.554622,1.245378,Normalverkauf
S1000196.19886,SP1000196.3.19886,SY1000196.2026.19886,iPad1(1000196),196,13.06.26 10:45,Prod,A1000196.7007,Tisch 22,106,S1000196.19886,SALE,1,11.5,11.5,0.0,0.0,0.0,0.0,105,Garnelen-Kimchi-Bruger,Hauptgerichte,,MwSt. 7%,1.07,10.747664,0.752336,Normalverkauf
S1000196.19887,SP1000196.3.19887,SY1000196.2026.19887,iPad1(1000196),196,13.06.26 20:49,Prod,A1000196.7008,Tisch 8,107,S1000196.19887,SALE,1,5.9,5.9,0.0,0.0,0.0,0.0,116,Vanillequark,Desserts,,MwSt. 7%,1.07,5.514019,0.385981,Normalverkauf
S1000196.19888,SP1000196.3.19888,SY1000196.2026.19888,iPad1(1000196),196,13.06.26 20:49,Prod,A1000196.7008,Tisch 8,107,S1000196.19888,SALE,2,6.9,13.8,0.0,0.0,0.0,0.0,103,Fischbrötchen Räucherlachs,Hauptspeisen,,MwSt. 7%,1.07,12.897196,0.902804,Normalverkauf
S1000196.19889,SP1000196.3.19889,SY1000196.2026.19889,iPad1(1000196),196,13.06.26 11:03,Prod,A1000196.7009,Tisch 4,115,S1000196.19889,SALE,2,5.5,11.0,0.0,0.0,0.0,0.0,111,Pommes Frites,Beilagen,,MwSt. 7%,1.07,10.280374,0.719626,Normalverkauf
S1000196.19890,SP1000196.3.19890,SY1000196.2026.19890,iPad1(1000196),196,13.06.26 19:24,Prod,A1000196.7010,Tisch 17,106,S1000196.19890,SALE,2,14.5,29.0,0.0,0.0,0.0,0.0,101,Lachs,Hauptspeisen,,MwSt. 7%,1.07,27.102804,1.897196,Normalverkauf
S1000196.19891,SP1000196.3.19891,SY1000196.2026.19891,iPad1(1000196),196,13.06.26 19:24,Prod,A1000196.7010,Tisch 17,106,S1000196.19891,SALE,2,3.9,7.8,0.0,0.0,0.0,0.0,119,Cola,Getränke,,MwSt. 19%,1.19,6.554622,1.245378,Normalverkauf
S1000196.19892,SP1000196.3.19892,SY1000196.2026.19892,iPad1(1000196),196,13.06.26 19:24,Prod,A1000196.7010,Tisch 17,106,S1000196.19892,SALE,1,5.5,5.5,0.0,0.0,0.0,0.0,114,Fisch Nuggets Box,Beilagen,,MwSt. 7%,1.07,5.140187,0.359813,Normalverkauf
S1000196.19893,SP1000196.3.19893,SY1000196.2026.19893,iPad1(1000196),196,13.06.26 15:42,Prod,A1000196.7011,Tisch 13,111,S1000196.19893,SALE,1,3.9,3.9,0.0,0.0,0.0,0.0,127,Alkoholfreies Bier,Getränke,,MwSt. 19%,1.19,3.277311,0.622689,Normalverkauf
S1000196.19894,SP1000196.3.19894,SY1000196.2026.19894,iPad1(1000196),196,13.06.26 15:42,Prod,A1000196.7011,Tisch 13,111,S1000196.19894,SALE,1,3.9,3.9,0.0,0.0,0.0,0.0,127,Alkoholfreies Bier,Getränke,,MwSt. 19%,1.19,3.277311,0.622689,Normalverkauf
S1000196.19895,SP1000196.3.19895,SY1000196.2026.19895,iPad1(1000196),196,13.06.26 17:58,Prod,A1000196.7012,,111,S1000196.19895,VOID,2,3.9,7.8,0.0,0.0,0.0,0.0,119,Cola,Getränke,,MwSt. 19%,1.19,6.554622,1.245378,Normalverkauf
S1000196.19896,SP1000196.3.19896,SY1000196.2026.19896,iPad1(1000196),196,13.06.26 20:28,Prod,A1000196.7013,Tisch 4,116,S1000196.19896,SALE,1,6.9,6.9,0.0,0.0,0.0,0.0,113,Garnelen Box,Beilagen,,MwSt. 7%,1.07,6.448598,0.451402,Normalverkauf
S1000196.19897,SP1000196.3.19897,SY1000196.2026.19897,iPad1(1000196),196,13.06.26 09:11,Prod,A1000196.7014,Tisch 19,116,S1000196.19897,SALE,1,2.8,2.8,0.0,0.0,0.0,0.0,121,Mineralwasser,Getränke,,MwSt. 19%,1.19,2.352941,0.447059,Normalverkauf
S1000196.19898,SP1000196.3.19898,SY1000196.2026.19898,iPad1(1000196),196,13.06.26 20:24,Prod,A1000196.7015,Tisch 21,116,S1000196.19898,SALE,2,5.5,11.0,0.0,0.0,0.0,0.0,111,Pommes Frites,Beilagen,,MwSt. 7%,1.07,10.280374,0.719626,Normalverkauf
S1000196.19899,SP1000196.3.19899,SY1000196.2026.19899,iPad1(1000196),196,13.06.26 20:24,Prod,A1000196.7015,Tisch 21,116,S1000196.19899,SALE,2,10.9,21.8,0.0,0.0,0.0,0.0,109,Bismarck-Baguette,Hauptgerichte,,MwSt. 7%,1.07,20.373832,1.426168,Normalverkauf
S1000196.19900,SP1000196.3.19900,SY1000196.2026.19900,iPad1(1000196),196,13.06.26 20:24,Prod,A1000196.7015,Tisch 21,116,S1000196.19900,SALE,1,5.5,5.5,0.0,0.0,0.0,0.0,111,Pommes Frites,Beilagen,,MwSt. 7%,1.07,5.140187,0.359813,Normalverkauf
S1000196.19901,SP1000196.3.19901,SY1000196.2026.19901,iPad1(1000196),196,13.06.26 16:27,Prod,A1000196.7016,Tisch 13,116,S1000196.19901,VOID,1,3.9,3.9,0.0,0.0,0.0,0.0,119,Cola,Getränke,,MwSt. 19%,1.19,3.277311,0.622689,Normalverkauf
S1000196.19902,SP1000196.3.19902,SY1000196.2026.19902,iPad1(1000196),196,13.06.26 20:34,Prod,A1000196.7017,Tisch 10,115,S1000196.19902,VOID,1,2.8,2.8,0.0,0.0,0.0,0.0,121,Mineralwasser,Getränke,,MwSt. 19%,1.19,2.352941,0.447059,Normalverkauf
S1000196.19903,SP1000196.3.19903,SY1000196.2026.19903,iPad1(1000196),196,13.06.26 18:36,Prod,A1000196.7018,Tisch 22,105,S1000196.19903,SALE,1,4.2,4.2,0.0,0.0,0.0,0.0,122,Bier,Getränke,,MwSt. 19%,1.19,3.529412,0.670588,Normalverkauf
S1000196.19904,SP1000196.3.19904,SY1000196.2026.19904,iPad1(1000196),196,13.06.26 18:36,Prod,A1000196.7018,Tisch 22,105,S1000196.19904,SALE,2,5.9,11.8,0.0,0.0,0.0,0.0,123,Inger-Limonade,Getränke,,MwSt. 19%,1.19,9.915966,1.884034,Normalverkauf
S1000196.19905,SP1000196.3.19905,SY1000196.2026.19905,iPad1(1000196),196,13.06.26 18:26,Prod,A1000196.7019,Tisch 6,116,S1000196.19905,SALE,1,5.9,5.9,0.0,0.0,0.0,0.0,117,Rote Grütze,Desserts,,MwSt. 7%,1.07,5.514019,0.385981,Normalverkauf
S1000196.19906,SP1000196.3.19906,SY1000196.2026.19906,iPad1(1000196),196,13.06.26 17:04,Prod,A1000196.7020,Tisch 11,107,S1000196.19906,SALE,2,4.9,9.8,0.0,0.0,0.0,0.0,112,Kartoffelwedges,Beilagen,,MwSt. 7%,1.07,9.158879,0.641121,Normalverkauf
S1000196.19907,SP1000196.3.19907,SY1000196.2026.19907,iPad1(1000196),196,13.06.26 17:04,Prod,A1000196.7020,Tisch 11,107,S1000196.19907,SALE,1,9.8,9.8,0.0,0.0,0.0,0.0,108,Seelachs-Ei-Baugette,Hauptgerichte,,MwSt. 7%,1.07,9.158879,0.641121,Normalverkauf
S1000196.19908,SP1000196.3.19908,SY1000196.2026.19908,iPad1(1000196),196,13.06.26 17:37,Prod,A1000196.7021,Tisch 1,116,S1000196.19908,SALE,2,3.9,7.8,0.0,0.0,0.0,0.0,119,Cola,Getränke,,MwSt. 19%,1.19,6.554622,1.245378,Normalverkauf
S1000196.19909,SP1000196.3.19909,SY1000196.2026.19909,iPad1(1000196),196,13.06.26 17:37,Prod,A1000196.7021,Tisch 1,116,S1000196.19909,SALE,1,7.9,7.9,0.0,0.0,0.0,0.0,115,Tiramisu,Desserts,,MwSt. 7%,1.07,7.383178,0.516822,Normalverkauf
S1000196.19910,SP1000196.3.19910,SY1000196.2026.19910,iPad1(1000196),196,13.06.26 17:37,Prod,A1000196.7021,Tisch 1,116,S1000196.19910,SALE,2,3.9,7.8,0.0,0.0,0.0,0.0,119,Cola,Getränke,,MwSt. 19%,1.19,6.554622,1.245378,Normalverkauf
S1000196.19911,SP1000196.3.19911,SY1000196.2026.19911,iPad1(1000196),196,13.06.26 19:50,Prod,A1000196.7022,Tisch 1,115,S1000196.19911,VOID,2,6.9,13.8,0.0,0.0,0.0,0.0,113,Garnelen Box,Beilagen,,MwSt. 7%,1.07,12.897196,0.902804,Normalverkauf
S1000196.19912,SP1000196.3.19912,SY1000196.2026.19912,iPad1(1000196),196,13.06.26 19:50,Prod,A1000196.7022,Tisch 1,115,S1000196.19912,VOID,2,10.9,21.8,0.0,0.0,0.0,0.0,104,Thunfisch Wrap,Hauptgerichte,,MwSt. 7%,1.07,20.373832,1.426168,Normalverkauf
S1000196.19913,SP1000196.3.19913,SY1000196.2026.19913,iPad1(1000196),196,13.06.26 18:09,Prod,A1000196.7023,Tisch 9,111,S1000196.19913,SALE,2,5.5,11.0,0.0,0.0,0.0,0.0,111,Pommes Frites,Beilagen,,MwSt. 7%,1.07,10.280374,0.719626,Normalverkauf
S1000196.19914,SP1000196.3.19914,SY1000196.2026.19914,iPad1(1000196),196,13.06.26 18:09,Prod,A1000196.7023,Tisch 9,111,S1000196.19914,SALE,2,6.9,13.8,0.0,0.0,0.0,0.0,113,Garnelen Box,Beilagen,,MwSt. 7%,1.07,12.897196,0.902804,Normalverkauf
S1000196.19915,SP1000196.3.19915,SY1000196.2026.19915,iPad1(1000196),196,13.06.26 11:06,Prod,A1000196.7024,Tisch 22,116,S1000196.19915,SALE,2,6.5,13.0,0.0,0.0,0.0,0.0,100,Fischbrötchen Backfisch,Hauptspeisen,,MwSt. 7%,1.07,12.149533,0.850467,Normalverkauf
S1000196.19916,SP1000196.3.19916,SY1000196.2026.19916,iPad1(1000196),196,13.06.26 19:04,Prod,A1000196.7025,Tisch 1,115,S1000196.19916,SALE,2,3.9,7.8,0.0,0.0,0.0,0.0,119,Cola,Getränke,,MwSt. 19%,1.19,6.554622,1.245378,Normalverkauf
S1000196.19917,SP1000196.3.19917,SY1000196.2026.19917,iPad1(1000196),196,13.06.26 19:04,Prod,A1000196.7025,Tisch 1,115,S1000196.19917,SALE,2,3.9,7.8,0.0,0.0,0.0,0.0,119,Cola,Getränke,,MwSt. 19%,1.19,6.554622,1.245378,Normalverkauf
S1000196.19918,SP1000196.3.19918,SY1000196.2026.19918,iPad1(1000196),196,13.06.26 19:04,Prod,A1000196.7025,Tisch 1,115,S1000196.19918,SALE,1,5.9,5.9,0.0,0.0,0.0,0.0,125,Zitronen-Limonade,Getränke,,MwSt. 19%,1.19,4.957983,0.942017,Normalverkauf
S1000196.19919,SP1000196.3.19919,SY1000196.2026.19919,iPad1(1000196),196,13.06.26 11:57,Prod,A1000196.7026,Tisch 7,105,S1000196.19919,VOID,1,5.5,5.5,0.0,0.0,0.0,0.0,111,Pommes Frites,Beilagen,,MwSt. 7%,1.07,5.140187,0.359813,Normalverkauf
S1000196.19920,SP1000196.3.19920,SY1000196.2026.19920,iPad1(1000196),196,13.06.26 16:33,Prod,A1000196.7027,Tisch 6,107,S1000196.19920,SALE,2,5.5,11.0,0.0,0.0,0.0,0.0,111,Pommes Frites,Beilagen,,MwSt. 7%,1.07,10.280374,0.719626,Normalverkauf
S1000196.19921,SP1000196.3.19921,SY1000196.2026.19921,iPad1(1000196),196,13.06.26 17:30,Prod,A1000196.7028,,107,S1000196.19921,SALE,2,7.9,15.8,0.0,0.0,0.0,0.0,115,Tiramisu,Desserts,,MwSt. 7%,1.07,14.766355,1.033645,Normalverkauf
S1000196.19922,SP1000196.3.19922,SY1000196.2026.19922,iPad1(1000196),196,13.06.26 17:30,Prod,A1000196.7028,,107,S1000196.19922,SALE,2,5.5,11.0,0.0,0.0,0.0,0.0,114,Fisch Nuggets Box,Beilagen,,MwSt. 7%,1.07,10.280374,0.719626,Normalverkauf
S1000196.19923,SP1000196.3.19923,SY1000196.2026.19923,iPad1(1000196),196,13.06.26 17:49,Prod,A1000196.7029,Tisch 2,101,S1000196.19923,VOID,2,3.2,6.4,0.0,0.0,0.0,0.0,120,Apfelschorle,Getränke,,MwSt. 19%,1.19,5.378151,1.021849,Normalverkauf
S1000196.19924,SP1000196.3.19924,SY1000196.2026.19924,iPad1(1000196),196,13.06.26 17:49,Prod,A1000196.7029,Tisch 2,101,S1000196.19924,VOID,1,5.9,5.9,0.0,0.0,0.0,0.0,125,Zitronen-Limonade,Getränke,,MwSt. 19%,1.19,4.957983,0.942017,Normalverkauf
S1000196.19925,SP1000196.3.19925,SY1000196.2026.19925,iPad1(1000196),196,13.06.26 17:49,Prod,A1000196.7029,Tisch 2,101,S1000196.19925,VOID,2,3.9,7.8,0.0,0.0,0.0,0.0,127,Alkoholfreies Bier,Getränke,,MwSt. 19%,1.19,6.554622,1.245378,Normalverkauf
S1000196.19926,SP1000196.3.19926,SY1000196.2026.19926,iPad1(1000196),196,13.06.26 13:25,Prod,A1000196.7030,Tisch 14,107,S1000196.19926,SALE,2,3.9,7.8,0.0,0.0,0.0,0.0,124,Cola Zero,Getränke,,MwSt. 19%,1.19,6.554622,1.245378,Normalverkauf
S1000196.19927,SP1000196.3.19927,SY1000196.2026.19927,iPad1(1000196),196,13.06.26 13:25,Prod,A1000196.7030,Tisch 14,107,S1000196.19927,SALE,1,5.9,5.9,0.0,0.0,0.0,0.0,125,Zitronen-Limonade,Getränke,,MwSt. 19%,1.19,4.957983,0.942017,Normalverkauf
S1000196.19928,SP1000196.3.19928,SY1000196.2026.19928,iPad1(1000196),196,13.06.26 13:25,Prod,A1000196.7030,Tisch 14,107,S1000196.19928,SALE,2,6.9,13.8,0.0,0.0,0.0,0.0,113,Garnelen Box,Beilagen,,MwSt. 7%,1.07,12.897196,0.902804,Normalverkauf
S1000196.19929,SP1000196.3.19929,SY1000196.2026.19929,iPad1(1000196),196,14.06.26 19:15,Prod,A1000196.7031,Tisch 10,101,S1000196.19929,SALE,1,11.9,11.9,0.0,0.0,0.0,0.0,110,Matjes-Baguette,Hauptgerichte,,MwSt. 7%,1.07,11.121495,0.778505,Normalverkauf
S1000196.19930,SP1000196.3.19930,SY1000196.2026.19930,iPad1(1000196),196,14.06.26 19:15,Prod,A1000196.7031,Tisch 10,101,S1000196.19930,SALE,2,3.9,7.8,0.0,0.0,0.0,0.0,119,Cola,Getränke,,MwSt. 19%,1.19,6.554622,1.245378,Normalverkauf
S1000196.19931,SP1000196.3.19931,SY1000196.2026.19931,iPad1(1000196),196,14.06.26 19:15,Prod,A1000196.7031,Tisch 10,101,S1000196.19931,SALE,1,9.8,9.8,0.0,0.0,0.0,0.0,108,Seelachs-Ei-Baugette,Hauptgerichte,,MwSt. 7%,1.07,9.158879,0.641121,Normalverkauf
S1000196.19932,SP1000196.3.19932,SY1000196.2026.19932,iPad1(1000196),196,14.06.26 18:35,Prod,A1000196.7032,,107,S1000196.19932,SALE,1,4.9,4.9,0.0,0.0,0.0,0.0,112,Kartoffelwedges,Beilagen,,MwSt. 7%,1.07,4.579439,0.320561,Normalverkauf
S1000196.19933,SP1000196.3.19933,SY1000196.2026.19933,iPad1(1000196),196,14.06.26 18:35,Prod,A1000196.7032,,107,S1000196.19933,SALE,1,2.8,2.8,0.0,0.0,0.0,0.0,121,Mineralwasser,Getränke,,MwSt. 19%,1.19,2.352941,0.447059,Normalverkauf
S1000196.19934,SP1000196.3.19934,SY1000196.2026.19934,iPad1(1000196),196,14.06.26 18:14,Prod,A1000196.7033,Tisch 12,107,S1000196.19934,VOID,1,3.9,3.9,0.0,0.0,0.0,0.0,119,Cola,Getränke,,MwSt. 19%,1.19,3.277311,0.622689,Normalverkauf
S1000196.19935,SP1000196.3.19935,SY1000196.2026.19935,iPad1(1000196),196,14.06.26 17:15,Prod,A1000196.7034,Tisch 6,105,S1000196.19935,SALE,2,3.9,7.8,0.0,0.0,0.0,0.0,119,Cola,Getränke,,MwSt. 19%,1.19,6.554622,1.245378,Normalverkauf
S1000196.19936,SP1000196.3.19936,SY1000196.2026.19936,iPad1(1000196),196,14.06.26 17:15,Prod,A1000196.7034,Tisch 6,105,S1000196.19936,SALE,1,2.8,2.8,0.0,0.0,0.0,0.0,121,Mineralwasser,Getränke,,MwSt. 19%,1.19,2.352941,0.447059,Normalverkauf
S1000196.19937,SP1000196.3.19937,SY1000196.2026.19937,iPad1(1000196),196,14.06.26 17:15,Prod,A1000196.7034,Tisch 6,105,S1000196.19937,SALE,2,3.9,7.8,0.0,0.0,0.0,0.0,119,Cola,Getränke,,MwSt. 19%,1.19,6.554622,1.245378,Normalverkauf
S1000196.19938,SP1000196.3.19938,SY1000196.2026.19938,iPad1(1000196),196,14.06.26 18:31,Prod,A1000196.7035,Tisch 24,115,S1000196.19938,VOID,2,3.9,7.8,0.0,0.0,0.0,0.0,124,Cola Zero,Getränke,,MwSt. 19%,1.19,6.554622,1.245378,Normalverkauf
S1000196.19939,SP1000196.3.19939,SY1000196.2026.19939,iPad1(1000196),196,14.06.26 16:29,Prod,A1000196.7036,Tisch 22,105,S1000196.19939,SALE,2,4.2,8.4,0.0,0.0,0.0,0.0,122,Bier,Getränke,,MwSt. 19%,1.19,7.058824,1.341176,Normalverkauf
S1000196.19940,SP1000196.3.19940,SY1000196.2026.19940,iPad1(1000196),196,14.06.26 16:29,Prod,A1000196.7036,Tisch 22,105,S1000196.19940,SALE,1,2.8,2.8,0.0,0.0,0.0,0.0,121,Mineralwasser,Getränke,,MwSt. 19%,1.19,2.352941,0.447059,Normalverkauf
S1000196.19941,SP1000196.3.19941,SY1000196.2026.19941,iPad1(1000196),196,14.06.26 16:29,Prod,A1000196.7036,Tisch 22,105,S1000196.19941,SALE,1,9.8,9.8,0.0,0.0,0.0,0.0,108,Seelachs-Ei-Baugette,Hauptgerichte,,MwSt. 7%,1.07,9.158879,0.641121,Normalverkauf
S1000196.19942,SP1000196.3.19942,SY1000196.2026.19942,iPad1(1000196),196,14.06.26 10:40,Prod,A1000196.7037,Tisch 12,115,S1000196.19942,SALE,2,2.8,5.6,0.0,0.0,0.0,0.0,121,Mineralwasser,Getränke,,MwSt. 19%,1.19,4.705882,0.894118,Normalverkauf
S1000196.19943,SP1000196.3.19943,SY1000196.2026.19943,iPad1(1000196),196,14.06.26 10:40,Prod,A1000196.7037,Tisch 12,115,S1000196.19943,SALE,1,5.9,5.9,0.0,0.0,0.0,0.0,117,Rote Grütze,Desserts,,MwSt. 7%,1.07,5.514019,0.385981,Normalverkauf
S1000196.19944,SP1000196.3.19944,SY1000196.2026.19944,iPad1(1000196),196,14.06.26 10:40,Prod,A1000196.7037,Tisch 12,115,S1000196.19944,SALE,2,11.5,23.0,0.0,0.0,0.0,0.0,105,Garnelen-Kimchi-Bruger,Hauptgerichte,,MwSt. 7%,1.07,21.495327,1.504673,Normalverkauf
S1000196.19945,SP1000196.3.19945,SY1000196.2026.19945,iPad1(1000196),196,14.06.26 16:30,Prod,A1000196.7038,Tisch 6,106,S1000196.19945,SALE,2,11.5,23.0,0.0,0.0,0.0,0.0,105,Garnelen-Kimchi-Bruger,Hauptgerichte,,MwSt. 7%,1.07,21.495327,1.504673,Normalverkauf
S1000196.19946,SP1000196.3.19946,SY1000196.2026.19946,iPad1(1000196),196,14.06.26 16:30,Prod,A1000196.7038,Tisch 6,106,S1000196.19946,SALE,2,5.9,11.8,0.0,0.0,0.0,0.0,125,Zitronen-Limonade,Getränke,,MwSt. 19%,1.19,9.915966,1.884034,Normalverkauf
S1000196.19947,SP1000196.3.19947,SY1000196.2026.19947,iPad1(1000196),196,14.06.26 16:30,Prod,A1000196.7038,Tisch 6,106,S1000196.19947,SALE,1,11.9,11.9,0.0,0.0,0.0,0.0,110,Matjes-Baguette,Hauptgerichte,,MwSt. 7%,1.07,11.121495,0.778505,Normalverkauf
S1000196.19948,SP1000196.3.19948,SY1000196.2026.19948,iPad1(1000196),196,14.06.26 19:20,Prod,A1000196.7039,Tisch 18,107,S1000196.19948,SALE,2,13.5,27.0,0.0,0.0,0.0,0.0,102,Matjes,Hauptspeisen,,MwSt. 7%,1.07,25.233645,1.766355,Normalverkauf
S1000196.19949,SP1000196.3.19949,SY1000196.2026.19949,iPad1(1000196),196,14.06.26 19:20,Prod,A1000196.7039,Tisch 18,107,S1000196.19949,SALE,1,4.2,4.2,0.0,0.0,0.0,0.0,122,Bier,Getränke,,MwSt. 19%,1.19,3.529412,0.670588,Normalverkauf
S1000196.19950,SP1000196.3.19950,SY1000196.2026.19950,iPad1(1000196),196,14.06.26 20:46,Prod,A1000196.7040,Tisch 7,107,S1000196.19950,SALE,1,5.5,5.5,0.0,0.0,0.0,0.0,111,Pommes Frites,Beilagen,,MwSt. 7%,1.07,5.140187,0.359813,Normalverkauf
S1000196.19951,SP1000196.3.19951,SY1000196.2026.19951,iPad1(1000196),196,14.06.26 20:46,Prod,A1000196.7040,Tisch 7,107,S1000196.19951,SALE,2,10.9,21.8,0.0,0.0,0.0,0.0,109,Bismarck-Baguette,Hauptgerichte,,MwSt. 7%,1.07,20.373832,1.426168,Normalverkauf
S1000196.19952,SP1000196.3.19952,SY1000196.2026.19952,iPad1(1000196),196,14.06.26 11:31,Prod,A1000196.7041,Tisch 6,101,S1000196.19952,SALE,1,3.2,3.2,0.0,0.0,0.0,0.0,120,Apfelschorle,Getränke,,MwSt. 19%,1.19,2.689076,0.510924,Normalverkauf
S1000196.19953,SP1000196.3.19953,SY1000196.2026.19953,iPad1(1000196),196,14.06.26 18:28,Prod,A1000196.7042,Tisch 8,106,S1000196.19953,SALE,1,4.2,4.2,0.0,0.0,0.0,0.0,122,Bier,Getränke,,MwSt. 19%,1.19,3.529412,0.670588,Normalverkauf
S1000196.19954,SP1000196.3.19954,SY1000196.2026.19954,iPad1(1000196),196,14.06.26 17:56,Prod,A1000196.7043,Tisch 13,106,S1000196.19954,SALE,1,3.9,3.9,0.0,0.0,0.0,0.0,124,Cola Zero,Getränke,,MwSt. 19%,1.19,3.277311,0.622689,Normalverkauf
S1000196.19955,SP1000196.3.19955,SY1000196.2026.19955,iPad1(1000196),196,14.06.26 19:17,Prod,A1000196.7044,Tisch 1,107,S1000196.19955,SALE,1,10.9,10.9,0.0,0.0,0.0,0.0,107,Chicken Burger,Hauptgerichte,,MwSt. 7%,1.07,10.186916,0.713084,Normalverkauf
S1000196.19956,SP1000196.3.19956,SY1000196.2026.19956,iPad1(1000196),196,14.06.26 19:17,Prod,A1000196.7044,Tisch 1,107,S1000196.19956,SALE,1,5.9,5.9,0.0,0.0,0.0,0.0,116,Vanillequark,Desserts,,MwSt. 7%,1.07,5.514019,0.385981,Normalverkauf
S1000196.19957,SP1000196.3.19957,SY1000196.2026.19957,iPad1(1000196),196,14.06.26 18:04,Prod,A1000196.7045,,106,S1000196.19957,SALE,1,3.2,3.2,0.0,0.0,0.0,0.0,120,Apfelschorle,Getränke,,MwSt. 19%,1.19,2.689076,0.510924,Normalverkauf
S1000196.19958,SP1000196.3.19958,SY1000196.2026.19958,iPad1(1000196),196,14.06.26 12:16,Prod,A1000196.7046,Tisch 21,107,S1000196.19958,SALE,2,4.9,9.8,0.0,0.0,0.0,0.0,112,Kartoffelwedges,Beilagen,,MwSt. 7%,1.07,9.158879,0.641121,Normalverkauf
S1000196.19959,SP1000196.3.19959,SY1000196.2026.19959,iPad1(1000196),196,14.06.26 12:11,Prod,A1000196.7047,Tisch 13,101,S1000196.19959,SALE,2,5.9,11.8,0.0,0.0,0.0,0.0,125,Zitronen-Limonade,Getränke,,MwSt. 19%,1.19,9.915966,1.884034,Normalverkauf
S1000196.19960,SP1000196.3.19960,SY1000196.2026.19960,iPad1(1000196),196,14.06.26 12:11,Prod,A1000196.7047,Tisch 13,101,S1000196.19960,SALE,1,3.9,3.9,0.0,0.0,0.0,0.0,126,Spezi,Getränke,,MwSt. 19%,1.19,3.277311,0.622689,Normalverkauf
S1000196.19961,SP1000196.3.19961,SY1000196.2026.19961,iPad1(1000196),196,14.06.26 16:00,Prod,A1000196.7048,Tisch 10,116,S1000196.19961,SALE,1,3.9,3.9,0.0,0.0,0.0,0.0,126,Spezi,Getränke,,MwSt. 19%,1.19,3.277311,0.622689,Normalverkauf
S1000196.19962,SP1000196.3.19962,SY1000196.2026.19962,iPad1(1000196),196,14.06.26 16:00,Prod,A1000196.7048,Tisch 10,116,S1000196.19962,SALE,1,3.9,3.9,0.0,0.0,0.0,0.0,124,Cola Zero,Getränke,,MwSt. 19%,1.19,3.277311,0.622689,Normalverkauf
S1000196.19963,SP1000196.3.19963,SY1000196.2026.19963,iPad1(1000196),196,14.06.26 19:47,Prod,A1000196.7049,Tisch 3,111,S1000196.19963,SALE,2,3.9,7.8,0.0,0.0,0.0,0.0,124,Cola Zero,Getränke,,MwSt. 19%,1.19,6.554622,1.245378,Normalverkauf
S1000196.19964,SP1000196.3.19964,SY1000196.2026.19964,iPad1(1000196),196,14.06.26 19:47,Prod,A1000196.7049,Tisch 3,111,S1000196.19964,SALE,1,5.5,5.5,0.0,0.0,0.0,0.0,111,Pommes Frites,Beilagen,,MwSt. 7%,1.07,5.140187,0.359813,Normalverkauf
S1000196.19965,SP1000196.3.19965,SY1000196.2026.19965,iPad1(1000196),196,14.06.26 19:47,Prod,A1000196.7049,Tisch 3,111,S1000196.19965,SALE,2,10.9,21.8,0.0,0.0,0.0,0.0,109,Bismarck-Baguette,Hauptgerichte,,MwSt. 7%,1.07,20.373832,1.426168,Normalverkauf
S1000196.19966,SP1000196.3.19966,SY1000196.2026.19966,iPad1(1000196),196,14.06.26 09:08,Prod,A1000196.7050,Tisch 7,115,S1000196.19966,SALE,2,3.9,7.8,0.0,0.0,0.0,0.0,126,Spezi,Getränke,,MwSt. 19%,1.19,6.554622,1.245378,Normalverkauf
S1000196.19967,SP1000196.3.19967,SY1000196.2026.19967,iPad1(1000196),196,14.06.26 09:08,Prod,A1000196.7050,Tisch 7,115,S1000196.19967,SALE,1,10.9,10.9,0.0,0.0,0.0,0.0,109,Bismarck-Baguette,Hauptgerichte,,MwSt. 7%,1.07,10.186916,0.713084,Normalverkauf
S1000196.19968,SP1000196.3.19968,SY1000196.2026.19968,iPad1(1000196),196,14.06.26 09:08,Prod,A1000196.7050,Tisch 7,115,S1000196.19968,SALE,2,9.8,19.6,0.0,0.0,0.0,0.0,108,Seelachs-Ei-Baugette,Hauptgerichte,,MwSt. 7%,1.07,18.317757,1.282243,Normalverkauf
S1000196.19969,SP1000196.3.19969,SY1000196.2026.19969,iPad1(1000196),196,14.06.26 17:17,Prod,A1000196.7051,,107,S1000196.19969,SALE,2,2.8,5.6,0.0,0.0,0.0,0.0,121,Mineralwasser,Getränke,,MwSt. 19%,1.19,4.705882,0.894118,Normalverkauf
S1000196.19970,SP1000196.3.19970,SY1000196.2026.19970,iPad1(1000196),196,14.06.26 17:17,Prod,A1000196.7051,,107,S1000196.19970,SALE,2,3.9,7.8,0.0,0.0,0.0,0.0,126,Spezi,Getränke,,MwSt. 19%,1.19,6.554622,1.245378,Normalverkauf
S1000196.19971,SP1000196.3.19971,SY1000196.2026.19971,iPad1(1000196),196,14.06.26 11:00,Prod,A1000196.7052,Tisch 9,116,S1000196.19971,SALE,1,2.8,2.8,0.0,0.0,0.0,0.0,121,Mineralwasser,Getränke,,MwSt. 19%,1.19,2.352941,0.447059,Normalverkauf
S1000196.19972,SP1000196.3.19972,SY1000196.2026.19972,iPad1(1000196),196,14.06.26 10:47,Prod,A1000196.7053,Tisch 12,101,S1000196.19972,VOID,1,3.9,3.9,0.0,0.0,0.0,0.0,119,Cola,Getränke,,MwSt. 19%,1.19,3.277311,0.622689,Normalverkauf
S1000196.19973,SP1000196.3.19973,SY1000196.2026.19973,iPad1(1000196),196,14.06.26 10:47,Prod,A1000196.7053,Tisch 12,101,S1000196.19973,VOID,1,3.9,3.9,0.0,0.0,0.0,0.0,127,Alkoholfreies Bier,Getränke,,MwSt. 19%,1.19,3.277311,0.622689,Normalverkauf
S1000196.19974,SP1000196.3.19974,SY1000196.2026.19974,iPad1(1000196),196,14.06.26 10:47,Prod,A1000196.7053,Tisch 12,101,S1000196.19974,VOID,1,7.9,7.9,0.0,0.0,0.0,0.0,106,Neptun-Ringe,Beilagen,,MwSt. 7%,1.07,7.383178,0.516822,Normalverkauf
S1000196.19975,SP1000196.3.19975,SY1000196.2026.19975,iPad1(1000196),196,14.06.26 18:51,Prod,A1000196.7054,Tisch 4,106,S1000196.19975,SALE,1,3.9,3.9,0.0,0.0,0.0,0.0,124,Cola Zero,Getränke,,MwSt. 19%,1.19,3.277311,0.622689,Normalverkauf
S1000196.19976,SP1000196.3.19976,SY1000196.2026.19976,iPad1(1000196),196,14.06.26 18:51,Prod,A1000196.7054,Tisch 4,106,S1000196.19976,SALE,2,3.9,7.8,0.0,0.0,0.0,0.0,126,Spezi,Getränke,,MwSt. 19%,1.19,6.554622,1.245378,Normalverkauf
S1000196.19977,SP1000196.3.19977,SY1000196.2026.19977,iPad1(1000196),196,14.06.26 17:10,Prod,A1000196.7055,Tisch 9,106,S1000196.19977,SALE,2,5.5,11.0,0.0,0.0,0.0,0.0,111,Pommes Frites,Beilagen,,MwSt. 7%,1.07,10.280374,0.719626,Normalverkauf
S1000196.19978,SP1000196.3.19978,SY1000196.2026.19978,iPad1(1000196),196,14.06.26 17:10,Prod,A1000196.7055,Tisch 9,106,S1000196.19978,SALE,1,10.9,10.9,0.0,0.0,0.0,0.0,109,Bismarck-Baguette,Hauptgerichte,,MwSt. 7%,1.07,10.186916,0.713084,Normalverkauf
S1000196.19979,SP1000196.3.19979,SY1000196.2026.19979,iPad1(1000196),196,14.06.26 13:43,Prod,A1000196.7056,Tisch 1,105,S1000196.19979,SALE,1,4.9,4.9,0.0,0.0,0.0,0.0,112,Kartoffelwedges,Beilagen,,MwSt. 7%,1.07,4.579439,0.320561,Normalverkauf
S1000196.19980,SP1000196.3.19980,SY1000196.2026.19980,iPad1(1000196),196,14.06.26 17:50,Prod,A1000196.7057,Tisch 15,107,S1000196.19980,VOID,1,3.9,3.9,0.0,0.0,0.0,0.0,124,Cola Zero,Getränke,,MwSt. 19%,1.19,3.277311,0.622689,Normalverkauf
S1000196.19981,SP1000196.3.19981,SY1000196.2026.19981,iPad1(1000196),196,14.06.26 18:31,Prod,A1000196.7058,Tisch 4,105,S1000196.19981,SALE,2,7.9,15.8,0.0,0.0,0.0,0.0,115,Tiramisu,Desserts,,MwSt. 7%,1.07,14.766355,1.033645,Normalverkauf
S1000196.19982,SP1000196.3.19982,SY1000196.2026.19982,iPad1(1000196),196,14.06.26 18:31,Prod,A1000196.7058,Tisch 4,105,S1000196.19982,SALE,1,3.9,3.9,0.0,0.0,0.0,0.0,127,Alkoholfreies Bier,Getränke,,MwSt. 19%,1.19,3.277311,0.622689,Normalverkauf
S1000196.19983,SP1000196.3.19983,SY1000196.2026.19983,iPad1(1000196),196,14.06.26 19:02,Prod,A1000196.7059,Tisch 7,107,S1000196.19983,SALE,1,6.5,6.5,0.0,0.0,0.0,0.0,100,Fischbrötchen Backfisch,Hauptspeisen,,MwSt. 7%,1.07,6.074766,0.425234,Normalverkauf
S1000196.19984,SP1000196.3.19984,SY1000196.2026.19984,iPad1(1000196),196,14.06.26 19:02,Prod,A1000196.7059,Tisch 7,107,S1000196.19984,SALE,2,5.5,11.0,0.0,0.0,0.0,0.0,111,Pommes Frites,Beilagen,,MwSt. 7%,1.07,10.280374,0.719626,Normalverkauf
S1000196.19985,SP1000196.3.19985,SY1000196.2026.19985,iPad1(1000196),196,14.06.26 19:02,Prod,A1000196.7059,Tisch 7,107,S1000196.19985,SALE,1,4.9,4.9,0.0,0.0,0.0,0.0,112,Kartoffelwedges,Beilagen,,MwSt. 7%,1.07,4.579439,0.320561,Normalverkauf
S1000196.19986,SP1000196.3.19986,SY1000196.2026.19986,iPad1(1000196),196,14.06.26 15:33,Prod,A1000196.7060,Tisch 2,105,S1000196.19986,SALE,2,10.9,21.8,0.0,0.0,0.0,0.0,104,Thunfisch Wrap,Hauptgerichte,,MwSt. 7%,1.07,20.373832,1.426168,Normalverkauf
S1000196.19987,SP1000196.3.19987,SY1000196.2026.19987,iPad1(1000196),196,14.06.26 12:47,Prod,A1000196.7061,Tisch 17,107,S1000196.19987,SALE,1,6.5,6.5,0.0,0.0,0.0,0.0,100,Fischbrötchen Backfisch,Hauptspeisen,,MwSt. 7%,1.07,6.074766,0.425234,Normalverkauf
S1000196.19988,SP1000196.3.19988,SY1000196.2026.19988,iPad1(1000196),196,14.06.26 12:47,Prod,A1000196.7061,Tisch 17,107,S1000196.19988,SALE,2,6.9,13.8,0.0,0.0,0.0,0.0,113,Garnelen Box,Beilagen,,MwSt. 7%,1.07,12.897196,0.902804,Normalverkauf
S1000196.19989,SP1000196.3.19989,SY1000196.2026.19989,iPad1(1000196),196,14.06.26 12:11,Prod,A1000196.7062,Tisch 7,115,S1000196.19989,SALE,2,3.2,6.4,0.0,0.0,0.0,0.0,120,Apfelschorle,Getränke,,MwSt. 19%,1.19,5.378151,1.021849,Normalverkauf
S1000196.19990,SP1000196.3.19990,SY1000196.2026.19990,iPad1(1000196),196,14.06.26 12:11,Prod,A1000196.7062,Tisch 7,115,S1000196.19990,SALE,2,3.9,7.8,0.0,0.0,0.0,0.0,119,Cola,Getränke,,MwSt. 19%,1.19,6.554622,1.245378,Normalverkauf
S1000196.19991,SP1000196.3.19991,SY1000196.2026.19991,iPad1(1000196),196,14.06.26 12:11,Prod,A1000196.7062,Tisch 7,115,S1000196.19991,SALE,1,5.9,5.9,0.0,0.0,0.0,0.0,125,Zitronen-Limonade,Getränke,,MwSt. 19%,1.19,4.957983,0.942017,Normalverkauf
S1000196.19992,SP1000196.3.19992,SY1000196.2026.19992,iPad1(1000196),196,14.06.26 10:38,Prod,A1000196.7063,Tisch 16,111,S1000196.19992,SALE,2,3.9,7.8,0.0,0.0,0.0,0.0,127,Alkoholfreies Bier,Getränke,,MwSt. 19%,1.19,6.554622,1.245378,Normalverkauf
S1000196.19993,SP1000196.3.19993,SY1000196.2026.19993,iPad1(1000196),196,14.06.26 10:38,Prod,A1000196.7063,Tisch 16,111,S1000196.19993,SALE,1,10.9,10.9,0.0,0.0,0.0,0.0,104,Thunfisch Wrap,Hauptgerichte,,MwSt. 7%,1.07,10.186916,0.713084,Normalverkauf
S1000196.19994,SP1000196.3.19994,SY1000196.2026.19994,iPad1(1000196),196,14.06.26 10:38,Prod,A1000196.7063,Tisch 16,111,S1000196.19994,SALE,2,9.8,19.6,0.0,0.0,0.0,0.0,108,Seelachs-Ei-Baugette,Hauptgerichte,,MwSt. 7%,1.07,18.317757,1.282243,Normalverkauf
S1000196.19995,SP1000196.3.19995,SY1000196.2026.19995,iPad1(1000196),196,14.06.26 17:36,Prod,A1000196.7064,,107,S1000196.19995,SALE,1,5.9,5.9,0.0,0.0,0.0,0.0,123,Inger-Limonade,Getränke,,MwSt. 19%,1.19,4.957983,0.942017,Normalverkauf
S1000196.19996,SP1000196.3.19996,SY1000196.2026.19996,iPad1(1000196),196,14.06.26 17:36,Prod,A1000196.7064,,107,S1000196.19996,SALE,1,5.5,5.5,0.0,0.0,0.0,0.0,111,Pommes Frites,Beilagen,,MwSt. 7%,1.07,5.140187,0.359813,Normalverkauf
S1000196.19997,SP1000196.3.19997,SY1000196.2026.19997,iPad1(1000196),196,14.06.26 10:51,Prod,A1000196.7065,,116,S1000196.19997,SALE,2,7.9,15.8,0.0,0.0,0.0,0.0,106,Neptun-Ringe,Beilagen,,MwSt. 7%,1.07,14.766355,1.033645,Normalverkauf
S1000196.19998,SP1000196.3.19998,SY1000196.2026.19998,iPad1(1000196),196,14.06.26 15:03,Prod,A1000196.7066,Tisch 15,105,S1000196.19998,SALE,1,5.9,5.9,0.0,0.0,0.0,0.0,116,Vanillequark,Desserts,,MwSt. 7%,1.07,5.514019,0.385981,Normalverkauf
S1000196.19999,SP1000196.3.19999,SY1000196.2026.19999,iPad1(1000196),196,14.06.26 15:03,Prod,A1000196.7066,Tisch 15,105,S1000196.19999,SALE,2,9.8,19.6,0.0,0.0,0.0,0.0,108,Seelachs-Ei-Baugette,Hauptgerichte,,MwSt. 7%,1.07,18.317757,1.282243,Normalverkauf
S1000196.20000,SP1000196.3.20000,SY1000196.2026.20000,iPad1(1000196),196,14.06.26 15:03,Prod,A1000196.7066,Tisch 15,105,S1000196.20000,SALE,1,6.9,6.9,0.0,0.0,0.0,0.0,113,Garnelen Box,Beilagen,,MwSt. 7%,1.07,6.448598,0.451402,Normalverkauf
S1000196.20001,SP1000196.3.20001,SY1000196.2026.20001,iPad1(1000196),196,14.06.26 19:40,Prod,A1000196.7067,Tisch 21,116,S1000196.20001,SALE,2,6.9,13.8,0.0,0.0,0.0,0.0,113,Garnelen Box,Beilagen,,MwSt. 7%,1.07,12.897196,0.902804,Normalverkauf
S1000196.20002,SP1000196.3.20002,SY1000196.2026.20002,iPad1(1000196),196,14.06.26 11:29,Prod,A1000196.7068,Tisch 24,111,S1000196.20002,SALE,1,10.9,10.9,0.0,0.0,0.0,0.0,109,Bismarck-Baguette,Hauptgerichte,,MwSt. 7%,1.07,10.186916,0.713084,Normalverkauf
S1000196.20003,SP1000196.3.20003,SY1000196.2026.20003,iPad1(1000196),196,14.06.26 16:50,Prod,A1000196.7069,Tisch 23,111,S1000196.20003,SALE,2,10.9,21.8,0.0,0.0,0.0,0.0,107,Chicken Burger,Hauptgerichte,,MwSt. 7%,1.07,20.373832,1.426168,Normalverkauf
S1000196.20004,SP1000196.3.20004,SY1000196.2026.20004,iPad1(1000196),196,14.06.26 16:50,Prod,A1000196.7069,Tisch 23,111,S1000196.20004,SALE,1,10.9,10.9,0.0,0.0,0.0,0.0,104,Thunfisch Wrap,Hauptgerichte,,MwSt. 7%,1.07,10.186916,0.713084,Normalverkauf
S1000196.20005,SP1000196.3.20005,SY1000196.2026.20005,iPad1(1000196),196,14.06.26 16:54,Prod,A1000196.7070,Tisch 20,106,S1000196.20005,SALE,2,10.9,21.8,0.0,0.0,0.0,0.0,109,Bismarck-Baguette,Hauptgerichte,,MwSt. 7%,1.07,20.373832,1.426168,Normalverkauf
S1000196.20006,SP1000196.3.20006,SY1000196.2026.20006,iPad1(1000196),196,14.06.26 12:17,Prod,A1000196.7071,Tisch 7,107,S1000196.20006,SALE,2,5.5,11.0,0.0,0.0,0.0,0.0,111,Pommes Frites,Beilagen,,MwSt. 7%,1.07,10.280374,0.719626,Normalverkauf
S1000196.20007,SP1000196.3.20007,SY1000196.2026.20007,iPad1(1000196),196,14.06.26 16:34,Prod,A1000196.7072,Tisch 24,116,S1000196.20007,SALE,1,6.9,6.9,0.0,0.0,0.0,0.0,113,Garnelen Box,Beilagen,,MwSt. 7%,1.07,6.448598,0.451402,Normalverkauf
S1000196.20008,SP1000196.3.20008,SY1000196.2026.20008,iPad1(1000196),196,14.06.26 13:03,Prod,A1000196.7073,Tisch 8,101,S1000196.20008,SALE,1,4.2,4.2,0.0,0.0,0.0,0.0,122,Bier,Getränke,,MwSt. 19%,1.19,3.529412,0.670588,Normalverkauf
S1000196.20009,SP1000196.3.20009,SY1000196.2026.20009,iPad1(1000196),196,14.06.26 13:34,Prod,A1000196.7074,Tisch 5,111,S1000196.20009,SALE,1,5.9,5.9,0.0,0.0,0.0,0.0,125,Zitronen-Limonade,Getränke,,MwSt. 19%,1.19,4.957983,0.942017,Normalverkauf
S1000196.20010,SP1000196.3.20010,SY1000196.2026.20010,iPad1(1000196),196,14.06.26 13:34,Prod,A1000196.7074,Tisch 5,111,S1000196.20010,SALE,2,3.9,7.8,0.0,0.0,0.0,0.0,119,Cola,Getränke,,MwSt. 19%,1.19,6.554622,1.245378,Normalverkauf
S1000196.20011,SP1000196.3.20011,SY1000196.2026.20011,iPad1(1000196),196,14.06.26 13:34,Prod,A1000196.7074,Tisch 5,111,S1000196.20011,SALE,2,10.9,21.8,0.0,0.0,0.0,0.0,109,Bismarck-Baguette,Hauptgerichte,,MwSt. 7%,1.07,20.373832,1.426168,Normalverkauf
S1000196.20012,SP1000196.3.20012,SY1000196.2026.20012,iPad1(1000196),196,14.06.26 12:23,Prod,A1000196.7075,Tisch 4,101,S1000196.20012,SALE,2,14.5,29.0,0.0,0.0,0.0,0.0,101,Lachs,Hauptspeisen,,MwSt. 7%,1.07,27.102804,1.897196,Normalverkauf
S1000196.20013,SP1000196.3.20013,SY1000196.2026.20013,iPad1(1000196),196,14.06.26 12:23,Prod,A1000196.7075,Tisch 4,101,S1000196.20013,SALE,2,4.9,9.8,0.0,0.0,0.0,0.0,112,Kartoffelwedges,Beilagen,,MwSt. 7%,1.07,9.158879,0.641121,Normalverkauf
S1000196.20014,SP1000196.3.20014,SY1000196.2026.20014,iPad1(1000196),196,14.06.26 13:24,Prod,A1000196.7076,Tisch 11,111,S1000196.20014,SALE,1,10.9,10.9,0.0,0.0,0.0,0.0,107,Chicken Burger,Hauptgerichte,,MwSt. 7%,1.07,10.186916,0.713084,Normalverkauf
S1000196.20015,SP1000196.3.20015,SY1000196.2026.20015,iPad1(1000196),196,14.06.26 13:24,Prod,A1000196.7076,Tisch 11,111,S1000196.20015,SALE,1,3.9,3.9,0.0,0.0,0.0,0.0,119,Cola,Getränke,,MwSt. 19%,1.19,3.277311,0.622689,Normalverkauf
S1000196.20016,SP1000196.3.20016,SY1000196.2026.20016,iPad1(1000196),196,14.06.26 13:24,Prod,A1000196.7076,Tisch 11,111,S1000196.20016,SALE,1,10.9,10.9,0.0,0.0,0.0,0.0,109,Bismarck-Baguette,Hauptgerichte,,MwSt. 7%,1.07,10.186916,0.713084,Normalverkauf
S1000196.20017,SP1000196.3.20017,SY1000196.2026.20017,iPad1(1000196),196,14.06.26 11:23,Prod,A1000196.7077,Tisch 4,107,S1000196.20017,SALE,2,3.9,7.8,0.0,0.0,0.0,0.0,124,Cola Zero,Getränke,,MwSt. 19%,1.19,6.554622,1.245378,Normalverkauf
S1000196.20018,SP1000196.3.20018,SY1000196.2026.20018,iPad1(1000196),196,14.06.26 11:23,Prod,A1000196.7077,Tisch 4,107,S1000196.20018,SALE,2,3.9,7.8,0.0,0.0,0.0,0.0,126,Spezi,Getränke,,MwSt. 19%,1.19,6.554622,1.245378,Normalverkauf
S1000196.20019,SP1000196.3.20019,SY1000196.2026.20019,iPad1(1000196),196,14.06.26 11:23,Prod,A1000196.7077,Tisch 4,107,S1000196.20019,SALE,1,5.5,5.5,0.0,0.0,0.0,0.0,111,Pommes Frites,Beilagen,,MwSt. 7%,1.07,5.140187,0.359813,Normalverkauf
S1000196.20020,SP1000196.3.20020,SY1000196.2026.20020,iPad1(1000196),196,14.06.26 08:24,Prod,A1000196.7078,Tisch 7,105,S1000196.20020,SALE,2,2.8,5.6,0.0,0.0,0.0,0.0,121,Mineralwasser,Getränke,,MwSt. 19%,1.19,4.705882,0.894118,Normalverkauf
S1000196.20021,SP1000196.3.20021,SY1000196.2026.20021,iPad1(1000196),196,14.06.26 16:38,Prod,A1000196.7079,Tisch 3,101,S1000196.20021,SALE,2,3.9,7.8,0.0,0.0,0.0,0.0,124,Cola Zero,Getränke,,MwSt. 19%,1.19,6.554622,1.245378,Normalverkauf
S1000196.20022,SP1000196.3.20022,SY1000196.2026.20022,iPad1(1000196),196,14.06.26 12:39,Prod,A1000196.7080,Tisch 16,101,S1000196.20022,SALE,1,10.9,10.9,0.0,0.0,0.0,0.0,104,Thunfisch Wrap,Hauptgerichte,,MwSt. 7%,1.07,10.186916,0.713084,Normalverkauf
S1000196.20023,SP1000196.3.20023,SY1000196.2026.20023,iPad1(1000196),196,14.06.26 19:22,Prod,A1000196.7081,Tisch 7,115,S1000196.20023,SALE,2,10.9,21.8,0.0,0.0,0.0,0.0,107,Chicken Burger,Hauptgerichte,,MwSt. 7%,1.07,20.373832,1.426168,Normalverkauf
S1000196.20024,SP1000196.3.20024,SY1000196.2026.20024,iPad1(1000196),196,14.06.26 20:21,Prod,A1000196.7082,Tisch 5,115,S1000196.20024,SALE,1,5.9,5.9,0.0,0.0,0.0,0.0,117,Rote Grütze,Desserts,,MwSt. 7%,1.07,5.514019,0.385981,Normalverkauf
S1000196.20025,SP1000196.3.20025,SY1000196.2026.20025,iPad1(1000196),196,14.06.26 11:25,Prod,A1000196.7083,Tisch 11,105,S1000196.20025,SALE,2,3.9,7.8,0.0,0.0,0.0,0.0,124,Cola Zero,Getränke,,MwSt. 19%,1.19,6.554622,1.245378,Normalverkauf
S1000196.20026,SP1000196.3.20026,SY1000196.2026.20026,iPad1(1000196),196,14.06.26 11:25,Prod,A1000196.7083,Tisch 11,105,S1000196.20026,SALE,2,6.9,13.8,0.0,0.0,0.0,0.0,113,Garnelen Box,Beilagen,,MwSt. 7%,1.07,12.897196,0.902804,Normalverkauf
S1000196.20027,SP1000196.3.20027,SY1000196.2026.20027,iPad1(1000196),196,14.06.26 11:25,Prod,A1000196.7083,Tisch 11,105,S1000196.20027,SALE,2,10.9,21.8,0.0,0.0,0.0,0.0,104,Thunfisch Wrap,Hauptgerichte,,MwSt. 7%,1.07,20.373832,1.426168,Normalverkauf
S1000196.20028,SP1000196.3.20028,SY1000196.2026.20028,iPad1(1000196),196,14.06.26 12:03,Prod,A1000196.7084,Tisch 22,107,S1000196.20028,SALE,1,4.2,4.2,0.0,0.0,0.0,0.0,122,Bier,Getränke,,MwSt. 19%,1.19,3.529412,0.670588,Normalverkauf
S1000196.20029,SP1000196.3.20029,SY1000196.2026.20029,iPad1(1000196),196,14.06.26 12:03,Prod,A1000196.7085,Tisch 1,111,S1000196.20029,SALE,2,10.9,21.8,0.0,0.0,0.0,0.0,109,Bismarck-Baguette,Hauptgerichte,,MwSt. 7%,1.07,20.373832,1.426168,Normalverkauf
S1000196.20030,SP1000196.3.20030,SY1000196.2026.20030,iPad1(1000196),196,14.06.26 12:03,Prod,A1000196.7085,Tisch 1,111,S1000196.20030,SALE,1,7.9,7.9,0.0,0.0,0.0,0.0,115,Tiramisu,Desserts,,MwSt. 7%,1.07,7.383178,0.516822,Normalverkauf
S1000196.20031,SP1000196.3.20031,SY1000196.2026.20031,iPad1(1000196),196,14.06.26 11:05,Prod,A1000196.7086,Tisch 21,101,S1000196.20031,SALE,1,3.9,3.9,0.0,0.0,0.0,0.0,126,Spezi,Getränke,,MwSt. 19%,1.19,3.277311,0.622689,Normalverkauf
S1000196.20032,SP1000196.3.20032,SY1000196.2026.20032,iPad1(1000196),196,14.06.26 11:05,Prod,A1000196.7086,Tisch 21,101,S1000196.20032,SALE,2,6.9,13.8,0.0,0.0,0.0,0.0,103,Fischbrötchen Räucherlachs,Hauptspeisen,,MwSt. 7%,1.07,12.897196,0.902804,Normalverkauf
S1000196.20033,SP1000196.3.20033,SY1000196.2026.20033,iPad1(1000196),196,14.06.26 11:02,Prod,A1000196.7087,Tisch 4,101,S1000196.20033,SALE,2,3.9,7.8,0.0,0.0,0.0,0.0,126,Spezi,Getränke,,MwSt. 19%,1.19,6.554622,1.245378,Normalverkauf
S1000196.20034,SP1000196.3.20034,SY1000196.2026.20034,iPad1(1000196),196,14.06.26 11:02,Prod,A1000196.7087,Tisch 4,101,S1000196.20034,SALE,2,11.9,23.8,0.0,0.0,0.0,0.0,110,Matjes-Baguette,Hauptgerichte,,MwSt. 7%,1.07,22.242991,1.557009,Normalverkauf
S1000196.20035,SP1000196.3.20035,SY1000196.2026.20035,iPad1(1000196),196,14.06.26 10:54,Prod,A1000196.7088,Tisch 8,115,S1000196.20035,SALE,2,6.5,13.0,0.0,0.0,0.0,0.0,100,Fischbrötchen Backfisch,Hauptspeisen,,MwSt. 7%,1.07,12.149533,0.850467,Normalverkauf
S1000196.20036,SP1000196.3.20036,SY1000196.2026.20036,iPad1(1000196),196,14.06.26 15:57,Prod,A1000196.7089,Tisch 15,115,S1000196.20036,VOID,1,3.9,3.9,0.0,0.0,0.0,0.0,126,Spezi,Getränke,,MwSt. 19%,1.19,3.277311,0.622689,Normalverkauf
S1000196.20037,SP1000196.3.20037,SY1000196.2026.20037,iPad1(1000196),196,14.06.26 15:57,Prod,A1000196.7089,Tisch 15,115,S1000196.20037,VOID,2,3.9,7.8,0.0,0.0,0.0,0.0,124,Cola Zero,Getränke,,MwSt. 19%,1.19,6.554622,1.245378,Normalverkauf
S1000196.20038,SP1000196.3.20038,SY1000196.2026.20038,iPad1(1000196),196,14.06.26 13:33,Prod,A1000196.7090,,116,S1000196.20038,SALE,2,4.9,9.8,0.0,0.0,0.0,0.0,112,Kartoffelwedges,Beilagen,,MwSt. 7%,1.07,9.158879,0.641121,Normalverkauf
S1000196.20039,SP1000196.3.20039,SY1000196.2026.20039,iPad1(1000196),196,14.06.26 13:33,Prod,A1000196.7090,,116,S1000196.20039,SALE,1,3.9,3.9,0.0,0.0,0.0,0.0,119,Cola,Getränke,,MwSt. 19%,1.19,3.277311,0.622689,Normalverkauf
S1000196.20040,SP1000196.3.20040,SY1000196.2026.20040,iPad1(1000196),196,14.06.26 13:04,Prod,A1000196.7091,Tisch 16,115,S1000196.20040,SALE,1,10.9,10.9,0.0,0.0,0.0,0.0,109,Bismarck-Baguette,Hauptgerichte,,MwSt. 7%,1.07,10.186916,0.713084,Normalverkauf
S1000196.20041,SP1000196.3.20041,SY1000196.2026.20041,iPad1(1000196),196,14.06.26 13:04,Prod,A1000196.7091,Tisch 16,115,S1000196.20041,SALE,1,9.8,9.8,0.0,0.0,0.0,0.0,108,Seelachs-Ei-Baugette,Hauptgerichte,,MwSt. 7%,1.07,9.158879,0.641121,Normalverkauf
S1000196.20042,SP1000196.3.20042,SY1000196.2026.20042,iPad1(1000196),196,14.06.26 13:04,Prod,A1000196.7091,Tisch 16,115,S1000196.20042,SALE,1,3.9,3.9,0.0,0.0,0.0,0.0,124,Cola Zero,Getränke,,MwSt. 19%,1.19,3.277311,0.622689,Normalverkauf
S1000196.20043,SP1000196.3.20043,SY1000196.2026.20043,iPad1(1000196),196,14.06.26 10:16,Prod,A1000196.7092,Tisch 10,111,S1000196.20043,SALE,2,6.5,13.0,0.0,0.0,0.0,0.0,100,Fischbrötchen Backfisch,Hauptspeisen,,MwSt. 7%,1.07,12.149533,0.850467,Normalverkauf
S1000196.20044,SP1000196.3.20044,SY1000196.2026.20044,iPad1(1000196),196,14.06.26 10:16,Prod,A1000196.7092,Tisch 10,111,S1000196.20044,SALE,1,3.9,3.9,0.0,0.0,0.0,0.0,119,Cola,Getränke,,MwSt. 19%,1.19,3.277311,0.622689,Normalverkauf
S1000196.20045,SP1000196.3.20045,SY1000196.2026.20045,iPad1(1000196),196,14.06.26 17:37,Prod,A1000196.7093,Tisch 13,116,S1000196.20045,SALE,1,3.9,3.9,0.0,0.0,0.0,0.0,124,Cola Zero,Getränke,,MwSt. 19%,1.19,3.277311,0.622689,Normalverkauf
S1000196.20046,SP1000196.3.20046,SY1000196.2026.20046,iPad1(1000196),196,14.06.26 17:37,Prod,A1000196.7093,Tisch 13,116,S1000196.20046,SALE,1,3.9,3.9,0.0,0.0,0.0,0.0,124,Cola Zero,Getränke,,MwSt. 19%,1.19,3.277311,0.622689,Normalverkauf
S1000196.20047,SP1000196.3.20047,SY1000196.2026.20047,iPad1(1000196),196,14.06.26 19:02,Prod,A1000196.7094,Tisch 22,116,S1000196.20047,SALE,2,4.9,9.8,0.0,0.0,0.0,0.0,112,Kartoffelwedges,Beilagen,,MwSt. 7%,1.07,9.158879,0.641121,Normalverkauf
S1000196.20048,SP1000196.3.20048,SY1000196.2026.20048,iPad1(1000196),196,14.06.26 11:46,Prod,A1000196.7095,Tisch 13,105,S1000196.20048,SALE,2,5.5,11.0,0.0,0.0,0.0,0.0,111,Pommes Frites,Beilagen,,MwSt. 7%,1.07,10.280374,0.719626,Normalverkauf
S1000196.20049,SP1000196.3.20049,SY1000196.2026.20049,iPad1(1000196),196,14.06.26 16:17,Prod,A1000196.7096,Tisch 7,105,S1000196.20049,SALE,1,3.9,3.9,0.0,0.0,0.0,0.0,124,Cola Zero,Getränke,,MwSt. 19%,1.19,3.277311,0.622689,Normalverkauf
S1000196.20050,SP1000196.3.20050,SY1000196.2026.20050,iPad1(1000196),196,14.06.26 16:17,Prod,A1000196.7096,Tisch 7,105,S1000196.20050,SALE,2,3.9,7.8,0.0,0.0,0.0,0.0,126,Spezi,Getränke,,MwSt. 19%,1.19,6.554622,1.245378,Normalverkauf
S1000196.20051,SP1000196.3.20051,SY1000196.2026.20051,iPad1(1000196),196,14.06.26 16:17,Prod,A1000196.7096,Tisch 7,105,S1000196.20051,SALE,1,13.5,13.5,0.0,0.0,0.0,0.0,102,Matjes,Hauptspeisen,,MwSt. 7%,1.07,12.616822,0.883178,Normalverkauf
S1000196.20052,SP1000196.3.20052,SY1000196.2026.20052,iPad1(1000196),196,14.06.26 11:00,Prod,A1000196.7097,Tisch 5,106,S1000196.20052,SALE,2,3.2,6.4,0.0,0.0,0.0,0.0,120,Apfelschorle,Getränke,,MwSt. 19%,1.19,5.378151,1.021849,Normalverkauf
S1000196.20053,SP1000196.3.20053,SY1000196.2026.20053,iPad1(1000196),196,14.06.26 18:06,Prod,A1000196.7098,Tisch 9,101,S1000196.20053,SALE,1,11.5,11.5,0.0,0.0,0.0,0.0,105,Garnelen-Kimchi-Bruger,Hauptgerichte,,MwSt. 7%,1.07,10.747664,0.752336,Normalverkauf
S1000196.20054,SP1000196.3.20054,SY1000196.2026.20054,iPad1(1000196),196,14.06.26 18:06,Prod,A1000196.7098,Tisch 9,101,S1000196.20054,SALE,1,6.9,6.9,0.0,0.0,0.0,0.0,103,Fischbrötchen Räucherlachs,Hauptspeisen,,MwSt. 7%,1.07,6.448598,0.451402,Normalverkauf
S1000196.20055,SP1000196.3.20055,SY1000196.2026.20055,iPad1(1000196),196,14.06.26 18:06,Prod,A1000196.7098,Tisch 9,101,S1000196.20055,SALE,2,9.8,19.6,0.0,0.0,0.0,0.0,108,Seelachs-Ei-Baugette,Hauptgerichte,,MwSt. 7%,1.07,18.317757,1.282243,Normalverkauf
S1000196.20056,SP1000196.3.20056,SY1000196.2026.20056,iPad1(1000196),196,14.06.26 16:43,Prod,A1000196.7099,Tisch 15,105,S1000196.20056,SALE,2,3.9,7.8,0.0,0.0,0.0,0.0,119,Cola,Getränke,,MwSt. 19%,1.19,6.554622,1.245378,Normalverkauf
S1000196.20057,SP1000196.3.20057,SY1000196.2026.20057,iPad1(1000196),196,14.06.26 17:01,Prod,A1000196.7100,Tisch 17,106,S1000196.20057,SALE,1,10.9,10.9,0.0,0.0,0.0,0.0,107,Chicken Burger,Hauptgerichte,,MwSt. 7%,1.07,10.186916,0.713084,Normalverkauf
S1000196.20058,SP1000196.3.20058,SY1000196.2026.20058,iPad1(1000196),196,14.06.26 17:01,Prod,A1000196.7100,Tisch 17,106,S1000196.20058,SALE,2,5.5,11.0,0.0,0.0,0.0,0.0,111,Pommes Frites,Beilagen,,MwSt. 7%,1.07,10.280374,0.719626,Normalverkauf
S1000196.20059,SP1000196.3.20059,SY1000196.2026.20059,iPad1(1000196),196,14.06.26 17:01,Prod,A1000196.7100,Tisch 17,106,S1000196.20059,SALE,1,10.9,10.9,0.0,0.0,0.0,0.0,107,Chicken Burger,Hauptgerichte,,MwSt. 7%,1.07,10.186916,0.713084,Normalverkauf
S1000196.20060,SP1000196.3.20060,SY1000196.2026.20060,iPad1(1000196),196,14.06.26 20:39,Prod,A1000196.7101,Tisch 6,106,S1000196.20060,SALE,2,3.9,7.8,0.0,0.0,0.0,0.0,119,Cola,Getränke,,MwSt. 19%,1.19,6.554622,1.245378,Normalverkauf
S1000196.20061,SP1000196.3.20061,SY1000196.2026.20061,iPad1(1000196),196,14.06.26 10:13,Prod,A1000196.7102,Tisch 2,106,S1000196.20061,SALE,2,4.9,9.8,0.0,0.0,0.0,0.0,112,Kartoffelwedges,Beilagen,,MwSt. 7%,1.07,9.158879,0.641121,Normalverkauf
S1000196.20062,SP1000196.3.20062,SY1000196.2026.20062,iPad1(1000196),196,14.06.26 10:13,Prod,A1000196.7102,Tisch 2,106,S1000196.20062,SALE,2,4.9,9.8,0.0,0.0,0.0,0.0,112,Kartoffelwedges,Beilagen,,MwSt. 7%,1.07,9.158879,0.641121,Normalverkauf
S1000196.20063,SP1000196.3.20063,SY1000196.2026.20063,iPad1(1000196),196,14.06.26 10:13,Prod,A1000196.7102,Tisch 2,106,S1000196.20063,SALE,1,10.9,10.9,0.0,0.0,0.0,0.0,109,Bismarck-Baguette,Hauptgerichte,,MwSt. 7%,1.07,10.186916,0.713084,Normalverkauf
S1000196.20064,SP1000196.3.20064,SY1000196.2026.20064,iPad1(1000196),196,14.06.26 14:12,Prod,A1000196.7103,Tisch 18,101,S1000196.20064,SALE,2,5.5,11.0,0.0,0.0,0.0,0.0,111,Pommes Frites,Beilagen,,MwSt. 7%,1.07,10.280374,0.719626,Normalverkauf
S1000196.20065,SP1000196.3.20065,SY1000196.2026.20065,iPad1(1000196),196,14.06.26 14:12,Prod,A1000196.7103,Tisch 18,101,S1000196.20065,SALE,1,4.2,4.2,0.0,0.0,0.0,0.0,122,Bier,Getränke,,MwSt. 19%,1.19,3.529412,0.670588,Normalverkauf
S1000196.20066,SP1000196.3.20066,SY1000196.2026.20066,iPad1(1000196),196,14.06.26 12:53,Prod,A1000196.7104,Tisch 10,101,S1000196.20066,SALE,2,3.9,7.8,0.0,0.0,0.0,0.0,127,Alkoholfreies Bier,Getränke,,MwSt. 19%,1.19,6.554622,1.245378,Normalverkauf
S1000196.20067,SP1000196.3.20067,SY1000196.2026.20067,iPad1(1000196),196,14.06.26 11:39,Prod,A1000196.7105,Tisch 20,106,S1000196.20067,SALE,2,5.5,11.0,0.0,0.0,0.0,0.0,114,Fisch Nuggets Box,Beilagen,,MwSt. 7%,1.07,10.280374,0.719626,Normalverkauf
S1000196.20068,SP1000196.3.20068,SY1000196.2026.20068,iPad1(1000196),196,14.06.26 11:39,Prod,A1000196.7105,Tisch 20,106,S1000196.20068,SALE,1,6.5,6.5,0.0,0.0,0.0,0.0,118,Schokokuchen,Desserts,,MwSt. 7%,1.07,6.074766,0.425234,Normalverkauf
S1000196.20069,SP1000196.3.20069,SY1000196.2026.20069,iPad1(1000196),196,14.06.26 11:39,Prod,A1000196.7105,Tisch 20,106,S1000196.20069,SALE,2,9.8,19.6,0.0,0.0,0.0,0.0,108,Seelachs-Ei-Baugette,Hauptgerichte,,MwSt. 7%,1.07,18.317757,1.282243,Normalverkauf
S1000196.20070,SP1000196.3.20070,SY1000196.2026.20070,iPad1(1000196),196,14.06.26 12:48,Prod,A1000196.7106,Tisch 4,105,S1000196.20070,SALE,2,6.9,13.8,0.0,0.0,0.0,0.0,113,Garnelen Box,Beilagen,,MwSt. 7%,1.07,12.897196,0.902804,Normalverkauf
S1000196.20071,SP1000196.3.20071,SY1000196.2026.20071,iPad1(1000196),196,14.06.26 12:48,Prod,A1000196.7106,Tisch 4,105,S1000196.20071,SALE,2,9.8,19.6,0.0,0.0,0.0,0.0,108,Seelachs-Ei-Baugette,Hauptgerichte,,MwSt. 7%,1.07,18.317757,1.282243,Normalverkauf
S1000196.20072,SP1000196.3.20072,SY1000196.2026.20072,iPad1(1000196),196,14.06.26 18:00,Prod,A1000196.7107,Tisch 19,101,S1000196.20072,SALE,1,10.9,10.9,0.0,0.0,0.0,0.0,109,Bismarck-Baguette,Hauptgerichte,,MwSt. 7%,1.07,10.186916,0.713084,Normalverkauf
S1000196.20073,SP1000196.3.20073,SY1000196.2026.20073,iPad1(1000196),196,14.06.26 18:00,Prod,A1000196.7107,Tisch 19,101,S1000196.20073,SALE,1,10.9,10.9,0.0,0.0,0.0,0.0,107,Chicken Burger,Hauptgerichte,,MwSt. 7%,1.07,10.186916,0.713084,Normalverkauf
S1000196.20074,SP1000196.3.20074,SY1000196.2026.20074,iPad1(1000196),196,14.06.26 10:04,Prod,A1000196.7108,Tisch 19,101,S1000196.20074,SALE,1,5.5,5.5,0.0,0.0,0.0,0.0,111,Pommes Frites,Beilagen,,MwSt. 7%,1.07,5.140187,0.359813,Normalverkauf
S1000196.20075,SP1000196.3.20075,SY1000196.2026.20075,iPad1(1000196),196,14.06.26 19:42,Prod,A1000196.7109,Tisch 18,116,S1000196.20075,SALE,2,3.2,6.4,0.0,0.0,0.0,0.0,120,Apfelschorle,Getränke,,MwSt. 19%,1.19,5.378151,1.021849,Normalverkauf
S1000196.20076,SP1000196.3.20076,SY1000196.2026.20076,iPad1(1000196),196,14.06.26 19:42,Prod,A1000196.7109,Tisch 18,116,S1000196.20076,SALE,2,6.5,13.0,0.0,0.0,0.0,0.0,118,Schokokuchen,Desserts,,MwSt. 7%,1.07,12.149533,0.850467,Normalverkauf
S1000196.20077,SP1000196.3.20077,SY1000196.2026.20077,iPad1(1000196),196,14.06.26 19:46,Prod,A1000196.7110,Tisch 7,105,S1000196.20077,SALE,2,10.9,21.8,0.0,0.0,0.0,0.0,109,Bismarck-Baguette,Hauptgerichte,,MwSt. 7%,1.07,20.373832,1.426168,Normalverkauf
S1000196.20078,SP1000196.3.20078,SY1000196.2026.20078,iPad1(1000196),196,14.06.26 19:16,Prod,A1000196.7111,,106,S1000196.20078,SALE,1,10.9,10.9,0.0,0.0,0.0,0.0,107,Chicken Burger,Hauptgerichte,,MwSt. 7%,1.07,10.186916,0.713084,Normalverkauf
S1000196.20079,SP1000196.3.20079,SY1000196.2026.20079,iPad1(1000196),196,14.06.26 19:16,Prod,A1000196.7111,,106,S1000196.20079,SALE,1,7.9,7.9,0.0,0.0,0.0,0.0,106,Neptun-Ringe,Beilagen,,MwSt. 7%,1.07,7.383178,0.516822,Normalverkauf
S1000196.20080,SP1000196.3.20080,SY1000196.2026.20080,iPad1(1000196),196,14.06.26 17:47,Prod,A1000196.7112,Tisch 16,105,S1000196.20080,SALE,2,3.9,7.8,0.0,0.0,0.0,0.0,119,Cola,Getränke,,MwSt. 19%,1.19,6.554622,1.245378,Normalverkauf
S1000196.20081,SP1000196.3.20081,SY1000196.2026.20081,iPad1(1000196),196,14.06.26 17:47,Prod,A1000196.7112,Tisch 16,105,S1000196.20081,SALE,1,9.8,9.8,0.0,0.0,0.0,0.0,108,Seelachs-Ei-Baugette,Hauptgerichte,,MwSt. 7%,1.07,9.158879,0.641121,Normalverkauf
S1000196.20082,SP1000196.3.20082,SY1000196.2026.20082,iPad1(1000196),196,14.06.26 17:47,Prod,A1000196.7112,Tisch 16,105,S1000196.20082,SALE,1,4.2,4.2,0.0,0.0,0.0,0.0,122,Bier,Getränke,,MwSt. 19%,1.19,3.529412,0.670588,Normalverkauf
S1000196.20083,SP1000196.3.20083,SY1000196.2026.20083,iPad1(1000196),196,14.06.26 18:01,Prod,A1000196.7113,Tisch 13,107,S1000196.20083,SALE,1,5.5,5.5,0.0,0.0,0.0,0.0,111,Pommes Frites,Beilagen,,MwSt. 7%,1.07,5.140187,0.359813,Normalverkauf
S1000196.20084,SP1000196.3.20084,SY1000196.2026.20084,iPad1(1000196),196,14.06.26 18:01,Prod,A1000196.7113,Tisch 13,107,S1000196.20084,SALE,2,5.5,11.0,0.0,0.0,0.0,0.0,111,Pommes Frites,Beilagen,,MwSt. 7%,1.07,10.280374,0.719626,Normalverkauf
S1000196.20085,SP1000196.3.20085,SY1000196.2026.20085,iPad1(1000196),196,14.06.26 12:27,Prod,A1000196.7114,Tisch 22,107,S1000196.20085,SALE,1,10.9,10.9,0.0,0.0,0.0,0.0,109,Bismarck-Baguette,Hauptgerichte,,MwSt. 7%,1.07,10.186916,0.713084,Normalverkauf
S1000196.20086,SP1000196.3.20086,SY1000196.2026.20086,iPad1(1000196),196,14.06.26 12:27,Prod,A1000196.7114,Tisch 22,107,S1000196.20086,SALE,1,3.9,3.9,0.0,0.0,0.0,0.0,119,Cola,Getränke,,MwSt. 19%,1.19,3.277311,0.622689,Normalverkauf
S1000196.20087,SP1000196.3.20087,SY1000196.2026.20087,iPad1(1000196),196,14.06.26 12:27,Prod,A1000196.7114,Tisch 22,107,S1000196.20087,SALE,2,10.9,21.8,0.0,0.0,0.0,0.0,107,Chicken Burger,Hauptgerichte,,MwSt. 7%,1.07,20.373832,1.426168,Normalverkauf
S1000196.20088,SP1000196.3.20088,SY1000196.2026.20088,iPad1(1000196),196,14.06.26 11:46,Prod,A1000196.7115,,105,S1000196.20088,SALE,2,3.9,7.8,0.0,0.0,0.0,0.0,126,Spezi,Getränke,,MwSt. 19%,1.19,6.554622,1.245378,Normalverkauf
S1000196.20089,SP1000196.3.20089,SY1000196.2026.20089,iPad1(1000196),196,14.06.26 16:42,Prod,A1000196.7116,Tisch 7,101,S1000196.20089,SALE,2,4.2,8.4,0.0,0.0,0.0,0.0,122,Bier,Getränke,,MwSt. 19%,1.19,7.058824,1.341176,Normalverkauf
S1000196.20090,SP1000196.3.20090,SY1000196.2026.20090,iPad1(1000196),196,14.06.26 19:28,Prod,A1000196.7117,Tisch 14,107,S1000196.20090,SALE,1,11.9,11.9,0.0,0.0,0.0,0.0,110,Matjes-Baguette,Hauptgerichte,,MwSt. 7%,1.07,11.121495,0.778505,Normalverkauf
S1000196.20091,SP1000196.3.20091,SY1000196.2026.20091,iPad1(1000196),196,14.06.26 19:28,Prod,A1000196.7117,Tisch 14,107,S1000196.20091,SALE,1,7.9,7.9,0.0,0.0,0.0,0.0,106,Neptun-Ringe,Beilagen,,MwSt. 7%,1.07,7.383178,0.516822,Normalverkauf
S1000196.20092,SP1000196.3.20092,SY1000196.2026.20092,iPad1(1000196),196,14.06.26 19:20,Prod,A1000196.7118,Tisch 14,105,S1000196.20092,SALE,1,5.5,5.5,0.0,0.0,0.0,0.0,111,Pommes Frites,Beilagen,,MwSt. 7%,1.07,5.140187,0.359813,Normalverkauf
S1000196.20093,SP1000196.3.20093,SY1000196.2026.20093,iPad1(1000196),196,14.06.26 19:20,Prod,A1000196.7118,Tisch 14,105,S1000196.20093,SALE,1,6.5,6.5,0.0,0.0,0.0,0.0,100,Fischbrötchen Backfisch,Hauptspeisen,,MwSt. 7%,1.07,6.074766,0.425234,Normalverkauf
S1000196.20094,SP1000196.3.20094,SY1000196.2026.20094,iPad1(1000196),196,14.06.26 19:20,Prod,A1000196.7118,Tisch 14,105,S1000196.20094,SALE,1,3.2,3.2,0.0,0.0,0.0,0.0,120,Apfelschorle,Getränke,,MwSt. 19%,1.19,2.689076,0.510924,Normalverkauf
S1000196.20095,SP1000196.3.20095,SY1000196.2026.20095,iPad1(1000196),196,14.06.26 09:20,Prod,A1000196.7119,Tisch 22,105,S1000196.20095,SALE,2,3.9,7.8,0.0,0.0,0.0,0.0,126,Spezi,Getränke,,MwSt. 19%,1.19,6.554622,1.245378,Normalverkauf
S1000196.20096,SP1000196.3.20096,SY1000196.2026.20096,iPad1(1000196),196,14.06.26 15:51,Prod,A1000196.7120,Tisch 9,116,S1000196.20096,SALE,2,3.9,7.8,0.0,0.0,0.0,0.0,126,Spezi,Getränke,,MwSt. 19%,1.19,6.554622,1.245378,Normalverkauf
S1000196.20097,SP1000196.3.20097,SY1000196.2026.20097,iPad1(1000196),196,14.06.26 15:51,Prod,A1000196.7120,Tisch 9,116,S1000196.20097,SALE,1,3.9,3.9,0.0,0.0,0.0,0.0,119,Cola,Getränke,,MwSt. 19%,1.19,3.277311,0.622689,Normalverkauf
S1000196.20098,SP1000196.3.20098,SY1000196.2026.20098,iPad1(1000196),196,14.06.26 15:51,Prod,A1000196.7120,Tisch 9,116,S1000196.20098,SALE,2,9.8,19.6,0.0,0.0,0.0,0.0,108,Seelachs-Ei-Baugette,Hauptgerichte,,MwSt. 7%,1.07,18.317757,1.282243,Normalverkauf
S1000196.20099,SP1000196.3.20099,SY1000196.2026.20099,iPad1(1000196),196,14.06.26 15:29,Prod,A1000196.7121,Tisch 11,115,S1000196.20099,SALE,2,10.9,21.8,0.0,0.0,0.0,0.0,109,Bismarck-Baguette,Hauptgerichte,,MwSt. 7%,1.07,20.373832,1.426168,Normalverkauf
S1000196.20100,SP1000196.3.20100,SY1000196.2026.20100,iPad1(1000196),196,14.06.26 09:33,Prod,A1000196.7122,Tisch 10,116,S1000196.20100,SALE,1,3.9,3.9,0.0,0.0,0.0,0.0,119,Cola,Getränke,,MwSt. 19%,1.19,3.277311,0.622689,Normalverkauf
S1000196.20101,SP1000196.3.20101,SY1000196.2026.20101,iPad1(1000196),196,14.06.26 15:13,Prod,A1000196.7123,Tisch 11,106,S1000196.20101,SALE,1,5.9,5.9,0.0,0.0,0.0,0.0,117,Rote Grütze,Desserts,,MwSt. 7%,1.07,5.514019,0.385981,Normalverkauf
S1000196.20102,SP1000196.3.20102,SY1000196.2026.20102,iPad1(1000196),196,14.06.26 15:13,Prod,A1000196.7123,Tisch 11,106,S1000196.20102,SALE,2,6.5,13.0,0.0,0.0,0.0,0.0,118,Schokokuchen,Desserts,,MwSt. 7%,1.07,12.149533,0.850467,Normalverkauf
S1000196.20103,SP1000196.3.20103,SY1000196.2026.20103,iPad1(1000196),196,14.06.26 13:10,Prod,A1000196.7124,Tisch 7,106,S1000196.20103,VOID,2,3.2,6.4,0.0,0.0,0.0,0.0,120,Apfelschorle,Getränke,,MwSt. 19%,1.19,5.378151,1.021849,Normalverkauf
S1000196.20104,SP1000196.3.20104,SY1000196.2026.20104,iPad1(1000196),196,14.06.26 11:06,Prod,A1000196.7125,Tisch 2,106,S1000196.20104,SALE,2,3.9,7.8,0.0,0.0,0.0,0.0,124,Cola Zero,Getränke,,MwSt. 19%,1.19,6.554622,1.245378,Normalverkauf
S1000196.20105,SP1000196.3.20105,SY1000196.2026.20105,iPad1(1000196),196,14.06.26 11:06,Prod,A1000196.7125,Tisch 2,106,S1000196.20105,SALE,1,4.2,4.2,0.0,0.0,0.0,0.0,122,Bier,Getränke,,MwSt. 19%,1.19,3.529412,0.670588,Normalverkauf
S1000196.20106,SP1000196.3.20106,SY1000196.2026.20106,iPad1(1000196),196,14.06.26 11:06,Prod,A1000196.7125,Tisch 2,106,S1000196.20106,SALE,1,6.5,6.5,0.0,0.0,0.0,0.0,118,Schokokuchen,Desserts,,MwSt. 7%,1.07,6.074766,0.425234,Normalverkauf
S1000196.20107,SP1000196.3.20107,SY1000196.2026.20107,iPad1(1000196),196,14.06.26 12:32,Prod,A1000196.7126,Tisch 10,111,S1000196.20107,SALE,1,6.5,6.5,0.0,0.0,0.0,0.0,100,Fischbrötchen Backfisch,Hauptspeisen,,MwSt. 7%,1.07,6.074766,0.425234,Normalverkauf
S1000196.20108,SP1000196.3.20108,SY1000196.2026.20108,iPad1(1000196),196,14.06.26 12:32,Prod,A1000196.7126,Tisch 10,111,S1000196.20108,SALE,2,3.9,7.8,0.0,0.0,0.0,0.0,127,Alkoholfreies Bier,Getränke,,MwSt. 19%,1.19,6.554622,1.245378,Normalverkauf
S1000196.20109,SP1000196.3.20109,SY1000196.2026.20109,iPad1(1000196),196,14.06.26 12:32,Prod,A1000196.7126,Tisch 10,111,S1000196.20109,SALE,2,9.8,19.6,0.0,0.0,0.0,0.0,108,Seelachs-Ei-Baugette,Hauptgerichte,,MwSt. 7%,1.07,18.317757,1.282243,Normalverkauf
S1000196.20110,SP1000196.3.20110,SY1000196.2026.20110,iPad1(1000196),196,14.06.26 20:01,Prod,A1000196.7127,Tisch 10,115,S1000196.20110,SALE,1,6.5,6.5,0.0,0.0,0.0,0.0,100,Fischbrötchen Backfisch,Hauptspeisen,,MwSt. 7%,1.07,6.074766,0.425234,Normalverkauf
