Identifikator,Perioden Id,Jahres Id,Geräte_Name,Standort,Datum,Modus,Konto,Konto Name,Mitarbeiter,Referenz,Typ,Mng,Einzelpreis,FinalPreis,Rabatt,Materialverlust/Bruch,Gratis,Buchung,SKU,Artikel,Gruppe,StatGruppe,SteuerName,SteuerRate,VorSteuern,SteuernMenge,Profil
S1000157.23905,SP1000157.34.23905,SY1000157.2026.23905,iPad1(1000157),157,01.06.26 16:28,Prod,A1000157.6061,Tisch 16,115,S1000157.23905,SALE,2,2.8,5.6,0.0,0.0,0.0,0.0,121,Mineralwasser,Getränke,,MwSt. 19%,1.19,4.705882,0.894118,Normalverkauf
S1000157.23906,SP1000157.34.23906,SY1000157.2026.23906,iPad1(1000157),157,01.06.26 16:28,Prod,A1000157.6061,Tisch 16,115,S1000157.23906,SALE,1,6.5,6.5,0.0,0.0,0.0,0.0,100,Fischbrötchen Backfisch,Hauptspeisen,,MwSt. 7%,1.07,6.074766,0.425234,Normalverkauf
S1000157.23907,SP1000157.34.23907,SY1000157.2026.23907,iPad1(1000157),157,01.06.26 19:05,Prod,A1000157.6062,Tisch 5,108,S1000157.23907,SALE,1,6.9,6.9,0.0,0.0,0.0,0.0,103,Fischbrötchen Räucherlachs,Hauptspeisen,,MwSt. 7%,1.07,6.448598,0.451402,Normalverkauf
S1000157.23908,SP1000157.34.23908,SY1000157.2026.23908,iPad1(1000157),157,01.06.26 19:05,Prod,A1000157.6062,Tisch 5,108,S1000157.23908,SALE,2,2.8,5.6,0.0,0.0,0.0,0.0,121,Mineralwasser,Getränke,,MwSt. 19%,1.19,4.705882,0.894118,Normalverkauf
S1000157.23909,SP1000157.34.23909,SY1000157.2026.23909,iPad1(1000157),157,01.06.26 19:05,Prod,A1000157.6062,Tisch 5,108,S1000157.23909,SALE,1,10.9,10.9,0.0,0.0,0.0,0.0,104,Thunfisch Wrap,Hauptgerichte,,MwSt. 7%,1.07,10.186916,0.713084,Normalverkauf
S1000157.23910,SP1000157.34.23910,SY1000157.2026.23910,iPad1(1000157),157,01.06.26 11:58,Prod,A1000157.6063,Tisch 22,118,S1000157.23910,SALE,2,10.9,21.8,0.0,0.0,0.0,0.0,104,Thunfisch Wrap,Hauptgerichte,,MwSt. 7%,1.07,20.373832,1.426168,Normalverkauf
S1000157.23911,SP1000157.34.23911,SY1000157.2026.23911,iPad1(1000157),157,01.06.26 11:58,Prod,A1000157.6063,Tisch 22,118,S1000157.23911,SALE,2,11.9,23.8,0.0,0.0,0.0,0.0,110,Matjes-Baguette,Hauptgerichte,,MwSt. 7%,1.07,22.242991,1.557009,Normalverkauf
S1000157.23912,SP1000157.34.23912,SY1000157.2026.23912,iPad1(1000157),157,01.06.26 11:58,Prod,A1000157.6063,Tisch 22,118,S1000157.23912,SALE,1,6.9,6.9,0.0,0.0,0.0,0.0,103,Fischbrötchen Räucherlachs,Hauptspeisen,,MwSt. 7%,1.07,6.448598,0.451402,Normalverkauf
S1000157.23913,SP1000157.34.23913,SY1000157.2026.23913,iPad1(1000157),157,01.06.26 12:07,Prod,A1000157.6064,Tisch 20,101,S1000157.23913,SALE,1,3.9,3.9,0.0,0.0,0.0,0.0,124,Cola Zero,Getränke,,MwSt. 19%,1.19,3.277311,0.622689,Normalverkauf
S1000157.23914,SP1000157.34.23914,SY1000157.2026.23914,iPad1(1000157),157,01.06.26 12:07,Prod,A1000157.6064,Tisch 20,101,S1000157.23914,SALE,1,4.2,4.2,0.0,0.0,0.0,0.0,122,Bier,Getränke,,MwSt. 19%,1.19,3.529412,0.670588,Normalverkauf
S1000157.23915,SP1000157.34.23915,SY1000157.2026.23915,iPad1(1000157),157,01.06.26 12:07,Prod,A1000157.6064,Tisch 20,101,S1000157.23915,SALE,1,5.9,5.9,0.0,0.0,0.0,0.0,117,Rote Grütze,Desserts,,MwSt. 7%,1.07,5.514019,0.385981,Normalverkauf
S1000157.23916,SP1000157.34.23916,SY1000157.2026.23916,iPad1(1000157),157,01.06.26 19:17,Prod,A1000157.6065,Tisch 22,118,S1000157.23916,SALE,1,6.9,6.9,0.0,0.0,0.0,0.0,103,Fischbrötchen Räucherlachs,Hauptspeisen,,MwSt. 7%,1.07,6.448598,0.451402,Normalverkauf
S1000157.23917,SP1000157.34.23917,SY1000157.2026.23917,iPad1(1000157),157,01.06.26 19:17,Prod,A1000157.6065,Tisch 22,118,S1000157.23917,SALE,1,3.2,3.2,0.0,0.0,0.0,0.0,120,Apfelschorle,Getränke,,MwSt. 19%,1.19,2.689076,0.510924,Normalverkauf
S1000157.23918,SP1000157.34.23918,SY1000157.2026.23918,iPad1(1000157),157,01.06.26 15:29,Prod,A1000157.6066,Tisch 10,120,S1000157.23918,SALE,1,11.9,11.9,0.0,0.0,0.0,0.0,110,Matjes-Baguette,Hauptgerichte,,MwSt. 7%,1.07,11.121495,0.778505,Normalverkauf
S1000157.23919,SP1000157.34.23919,SY1000157.2026.23919,iPad1(1000157),157,01.06.26 15:29,Prod,A1000157.6066,Tisch 10,120,S1000157.23919,SALE,1,3.9,3.9,0.0,0.0,0.0,0.0,124,Cola Zero,Getränke,,MwSt. 19%,1.19,3.277311,0.622689,Normalverkauf
S1000157.23920,SP1000157.34.23920,SY1000157.2026.23920,iPad1(1000157),157,01.06.26 15:29,Prod,A1000157.6066,Tisch 10,120,S1000157.23920,SALE,1,14.5,14.5,0.0,0.0,0.0,0.0,101,Lachs,Hauptspeisen,,MwSt. 7%,1.07,13.551402,0.948598,Normalverkauf
S1000157.23921,SP1000157.34.23921,SY1000157.2026.23921,iPad1(1000157),157,01.06.26 11:25,Prod,A1000157.6067,Tisch 9,104,S1000157.23921,SALE,1,3.9,3.9,0.0,0.0,0.0,0.0,119,Cola,Getränke,,MwSt. 19%,1.19,3.277311,0.622689,Normalverkauf
S1000157.23922,SP1000157.34.23922,SY1000157.2026.23922,iPad1(1000157),157,01.06.26 10:13,Prod,A1000157.6068,Tisch 8,104,S1000157.23922,SALE,1,6.5,6.5,0.0,0.0,0.0,0.0,118,Schokokuchen,Desserts,,MwSt. 7%,1.07,6.074766,0.425234,Normalverkauf
S1000157.23923,SP1000157.34.23923,SY1000157.2026.23923,iPad1(1000157),157,01.06.26 10:13,Prod,A1000157.6068,Tisch 8,104,S1000157.23923,SALE,1,4.9,4.9,0.0,0.0,0.0,0.0,112,Kartoffelwedges,Beilagen,,MwSt. 7%,1.07,4.579439,0.320561,Normalverkauf
S1000157.23924,SP1000157.34.23924,SY1000157.2026.23924,iPad1(1000157),157,01.06.26 11:36,Prod,A1000157.6069,Tisch 8,120,S1000157.23924,SALE,1,9.8,9.8,0.0,0.0,0.0,0.0,108,Seelachs-Ei-Baugette,Hauptgerichte,,MwSt. 7%,1.07,9.158879,0.641121,Normalverkauf
S1000157.23925,SP1000157.34.23925,SY1000157.2026.23925,iPad1(1000157),157,01.06.26 11:36,Prod,A1000157.6069,Tisch 8,120,S1000157.23925,SALE,1,10.9,10.9,0.0,0.0,0.0,0.0,107,Chicken Burger,Hauptgerichte,,MwSt. 7%,1.07,10.186916,0.713084,Normalverkauf
S1000157.23926,SP1000157.34.23926,SY1000157.2026.23926,iPad1(1000157),157,01.06.26 08:41,Prod,A1000157.6070,Tisch 18,117,S1000157.23926,SALE,1,3.9,3.9,0.0,0.0,0.0,0.0,126,Spezi,Getränke,,MwSt. 19%,1.19,3.277311,0.622689,Normalverkauf
S1000157.23927,SP1000157.34.23927,SY1000157.2026.23927,iPad1(1000157),157,01.06.26 08:41,Prod,A1000157.6070,Tisch 18,117,S1000157.23927,SALE,2,9.8,19.6,0.0,0.0,0.0,0.0,108,Seelachs-Ei-Baugette,Hauptgerichte,,MwSt. 7%,1.07,18.317757,1.282243,Normalverkauf
S1000157.23928,SP1000157.34.23928,SY1000157.2026.23928,iPad1(1000157),157,01.06.26 12:07,Prod,A1000157.6071,Tisch 23,118,S1000157.23928,SALE,1,5.5,5.5,0.0,0.0,0.0,0.0,111,Pommes Frites,Beilagen,,MwSt. 7%,1.07,5.140187,0.359813,Normalverkauf
S1000157.23929,SP1000157.34.23929,SY1000157.2026.23929,iPad1(1000157),157,01.06.26 12:07,Prod,A1000157.6071,Tisch 23,118,S1000157.23929,SALE,2,6.5,13.0,0.0,0.0,0.0,0.0,100,Fischbrötchen Backfisch,Hauptspeisen,,MwSt. 7%,1.07,12.149533,0.850467,Normalverkauf
S1000157.23930,SP1000157.34.23930,SY1000157.2026.23930,iPad1(1000157),157,01.06.26 17:30,Prod,A1000157.6072,Tisch 16,101,S1000157.23930,SALE,1,6.9,6.9,0.0,0.0,0.0,0.0,113,Garnelen Box,Beilagen,,MwSt. 7%,1.07,6.448598,0.451402,Normalverkauf
S1000157.23931,SP1000157.34.23931,SY1000157.2026.23931,iPad1(1000157),157,01.06.26 19:49,Prod,A1000157.6073,Tisch 24,118,S1000157.23931,SALE,1,2.8,2.8,0.0,0.0,0.0,0.0,121,Mineralwasser,Getränke,,MwSt. 19%,1.19,2.352941,0.447059,Normalverkauf
S1000157.23932,SP1000157.34.23932,SY1000157.2026.23932,iPad1(1000157),157,01.06.26 19:49,Prod,A1000157.6073,Tisch 24,118,S1000157.23932,SALE,1,5.5,5.5,0.0,0.0,0.0,0.0,111,Pommes Frites,Beilagen,,MwSt. 7%,1.07,5.140187,0.359813,Normalverkauf
S1000157.23933,SP1000157.34.23933,SY1000157.2026.23933,iPad1(1000157),157,01.06.26 19:49,Prod,A1000157.6073,Tisch 24,118,S1000157.23933,SALE,1,2.8,2.8,0.0,0.0,0.0,0.0,121,Mineralwasser,Getränke,,MwSt. 19%,1.19,2.352941,0.447059,Normalverkauf
S1000157.23934,SP1000157.34.23934,SY1000157.2026.23934,iPad1(1000157),157,01.06.26 14:46,Prod,A1000157.6074,Tisch 3,120,S1000157.23934,SALE,1,6.5,6.5,0.0,0.0,0.0,0.0,100,Fischbrötchen Backfisch,Hauptspeisen,,MwSt. 7%,1.07,6.074766,0.425234,Normalverkauf
S1000157.23935,SP1000157.34.23935,SY1000157.2026.23935,iPad1(1000157),157,01.06.26 14:46,Prod,A1000157.6074,Tisch 3,120,S1000157.23935,SALE,1,13.5,13.5,0.0,0.0,0.0,0.0,102,Matjes,Hauptspeisen,,MwSt. 7%,1.07,12.616822,0.883178,Normalverkauf
S1000157.23936,SP1000157.34.23936,SY1000157.2026.23936,iPad1(1000157),157,01.06.26 14:46,Prod,A1000157.6074,Tisch 3,120,S1000157.23936,SALE,1,10.9,10.9,0.0,0.0,0.0,0.0,107,Chicken Burger,Hauptgerichte,,MwSt. 7%,1.07,10.186916,0.713084,Normalverkauf
S1000157.23937,SP1000157.34.23937,SY1000157.2026.23937,iPad1(1000157),157,01.06.26 18:12,Prod,A1000157.6075,Tisch 12,118,S1000157.23937,SALE,1,10.9,10.9,0.0,0.0,0.0,0.0,109,Bismarck-Baguette,Hauptgerichte,,MwSt. 7%,1.07,10.186916,0.713084,Normalverkauf
S1000157.23938,SP1000157.34.23938,SY1000157.2026.23938,iPad1(1000157),157,01.06.26 13:32,Prod,A1000157.6076,Tisch 12,104,S1000157.23938,SALE,1,6.9,6.9,0.0,0.0,0.0,0.0,103,Fischbrötchen Räucherlachs,Hauptspeisen,,MwSt. 7%,1.07,6.448598,0.451402,Normalverkauf
S1000157.23939,SP1000157.34.23939,SY1000157.2026.23939,iPad1(1000157),157,01.06.26 13:32,Prod,A1000157.6076,Tisch 12,104,S1000157.23939,SALE,2,5.9,11.8,0.0,0.0,0.0,0.0,117,Rote Grütze,Desserts,,MwSt. 7%,1.07,11.028037,0.771963,Normalverkauf
S1000157.23940,SP1000157.34.23940,SY1000157.2026.23940,iPad1(1000157),157,01.06.26 13:32,Prod,A1000157.6076,Tisch 12,104,S1000157.23940,SALE,2,3.2,6.4,0.0,0.0,0.0,0.0,120,Apfelschorle,Getränke,,MwSt. 19%,1.19,5.378151,1.021849,Normalverkauf
S1000157.23941,SP1000157.34.23941,SY1000157.2026.23941,iPad1(1000157),157,01.06.26 18:01,Prod,A1000157.6077,Tisch 2,104,S1000157.23941,SALE,2,3.9,7.8,0.0,0.0,0.0,0.0,126,Spezi,Getränke,,MwSt. 19%,1.19,6.554622,1.245378,Normalverkauf
S1000157.23942,SP1000157.34.23942,SY1000157.2026.23942,iPad1(1000157),157,01.06.26 13:54,Prod,A1000157.6078,Tisch 19,108,S1000157.23942,SALE,2,3.9,7.8,0.0,0.0,0.0,0.0,127,Alkoholfreies Bier,Getränke,,MwSt. 19%,1.19,6.554622,1.245378,Normalverkauf
S1000157.23943,SP1000157.34.23943,SY1000157.2026.23943,iPad1(1000157),157,01.06.26 13:54,Prod,A1000157.6078,Tisch 19,108,S1000157.23943,SALE,2,5.9,11.8,0.0,0.0,0.0,0.0,125,Zitronen-Limonade,Getränke,,MwSt. 19%,1.19,9.915966,1.884034,Normalverkauf
S1000157.23944,SP1000157.34.23944,SY1000157.2026.23944,iPad1(1000157),157,01.06.26 12:21,Prod,A1000157.6079,Tisch 2,104,S1000157.23944,SALE,2,3.9,7.8,0.0,0.0,0.0,0.0,119,Cola,Getränke,,MwSt. 19%,1.19,6.554622,1.245378,Normalverkauf
S1000157.23945,SP1000157.34.23945,SY1000157.2026.23945,iPad1(1000157),157,01.06.26 12:21,Prod,A1000157.6079,Tisch 2,104,S1000157.23945,SALE,2,11.5,23.0,0.0,0.0,0.0,0.0,105,Garnelen-Kimchi-Bruger,Hauptgerichte,,MwSt. 7%,1.07,21.495327,1.504673,Normalverkauf
S1000157.23946,SP1000157.34.23946,SY1000157.2026.23946,iPad1(1000157),157,01.06.26 12:21,Prod,A1000157.6079,Tisch 2,104,S1000157.23946,SALE,2,10.9,21.8,0.0,0.0,0.0,0.0,109,Bismarck-Baguette,Hauptgerichte,,MwSt. 7%,1.07,20.373832,1.426168,Normalverkauf
S1000157.23947,SP1000157.34.23947,SY1000157.2026.23947,iPad1(1000157),157,01.06.26 10:26,Prod,A1000157.6080,Tisch 23,104,S1000157.23947,SALE,1,3.9,3.9,0.0,0.0,0.0,0.0,126,Spezi,Getränke,,MwSt. 19%,1.19,3.277311,0.622689,Normalverkauf
S1000157.23948,SP1000157.34.23948,SY1000157.2026.23948,iPad1(1000157),157,01.06.26 10:26,Prod,A1000157.6080,Tisch 23,104,S1000157.23948,SALE,1,3.2,3.2,0.0,0.0,0.0,0.0,120,Apfelschorle,Getränke,,MwSt. 19%,1.19,2.689076,0.510924,Normalverkauf
S1000157.23949,SP1000157.34.23949,SY1000157.2026.23949,iPad1(1000157),157,01.06.26 17:56,Prod,A1000157.6081,Tisch 3,117,S1000157.23949,SALE,1,5.9,5.9,0.0,0.0,0.0,0.0,125,Zitronen-Limonade,Getränke,,MwSt. 19%,1.19,4.957983,0.942017,Normalverkauf
S1000157.23950,SP1000157.34.23950,SY1000157.2026.23950,iPad1(1000157),157,01.06.26 17:56,Prod,A1000157.6081,Tisch 3,117,S1000157.23950,SALE,1,5.5,5.5,0.0,0.0,0.0,0.0,114,Fisch Nuggets Box,Beilagen,,MwSt. 7%,1.07,5.140187,0.359813,Normalverkauf
S1000157.23951,SP1000157.34.23951,SY1000157.2026.23951,iPad1(1000157),157,01.06.26 19:17,Prod,A1000157.6082,Tisch 24,118,S1000157.23951,SALE,1,11.5,11.5,0.0,0.0,0.0,0.0,105,Garnelen-Kimchi-Bruger,Hauptgerichte,,MwSt. 7%,1.07,10.747664,0.752336,Normalverkauf
S1000157.23952,SP1000157.34.23952,SY1000157.2026.23952,iPad1(1000157),157,01.06.26 19:17,Prod,A1000157.6082,Tisch 24,118,S1000157.23952,SALE,2,4.9,9.8,0.0,0.0,0.0,0.0,112,Kartoffelwedges,Beilagen,,MwSt. 7%,1.07,9.158879,0.641121,Normalverkauf
S1000157.23953,SP1000157.34.23953,SY1000157.2026.23953,iPad1(1000157),157,01.06.26 19:17,Prod,A1000157.6082,Tisch 24,118,S1000157.23953,SALE,2,10.9,21.8,0.0,0.0,0.0,0.0,107,Chicken Burger,Hauptgerichte,,MwSt. 7%,1.07,20.373832,1.426168,Normalverkauf
S1000157.23954,SP1000157.34.23954,SY1000157.2026.23954,iPad1(1000157),157,01.06.26 13:03,Prod,A1000157.6083,,101,S1000157.23954,SALE,1,11.9,11.9,0.0,0.0,0.0,0.0,110,Matjes-Baguette,Hauptgerichte,,MwSt. 7%,1.07,11.121495,0.778505,Normalverkauf
S1000157.23955,SP1000157.34.23955,SY1000157.2026.23955,iPad1(1000157),157,01.06.26 11:00,Prod,A1000157.6084,Tisch 24,115,S1000157.23955,VOID,2,10.9,21.8,0.0,0.0,0.0,0.0,107,Chicken Burger,Hauptgerichte,,MwSt. 7%,1.07,20.373832,1.426168,Normalverkauf
S1000157.23956,SP1000157.34.23956,SY1000157.2026.23956,iPad1(1000157),157,01.06.26 11:00,Prod,A1000157.6084,Tisch 24,115,S1000157.23956,VOID,2,3.9,7.8,0.0,0.0,0.0,0.0,124,Cola Zero,Getränke,,MwSt. 19%,1.19,6.554622,1.245378,Normalverkauf
S1000157.23957,SP1000157.34.23957,SY1000157.2026.23957,iPad1(1000157),157,01.06.26 16:17,Prod,A1000157.6085,Tisch 1,120,S1000157.23957,VOID,1,7.9,7.9,0.0,0.0,0.0,0.0,115,Tiramisu,Desserts,,MwSt. 7%,1.07,7.383178,0.516822,Normalverkauf
S1000157.23958,SP1000157.34.23958,SY1000157.2026.23958,iPad1(1000157),157,01.06.26 16:17,Prod,A1000157.6085,Tisch 1,120,S1000157.23958,VOID,1,5.5,5.5,0.0,0.0,0.0,0.0,114,Fisch Nuggets Box,Beilagen,,MwSt. 7%,1.07,5.140187,0.359813,Normalverkauf
S1000157.23959,SP1000157.34.23959,SY1000157.2026.23959,iPad1(1000157),157,01.06.26 16:17,Prod,A1000157.6085,Tisch 1,120,S1000157.23959,VOID,2,2.8,5.6,0.0,0.0,0.0,0.0,121,Mineralwasser,Getränke,,MwSt. 19%,1.19,4.705882,0.894118,Normalverkauf
S1000157.23960,SP1000157.34.23960,SY1000157.2026.23960,iPad1(1000157),157,01.06.26 15:31,Prod,A1000157.6086,Tisch 11,118,S1000157.23960,SALE,1,2.8,2.8,0.0,0.0,0.0,0.0,121,Mineralwasser,Getränke,,MwSt. 19%,1.19,2.352941,0.447059,Normalverkauf
S1000157.23961,SP1000157.34.23961,SY1000157.2026.23961,iPad1(1000157),157,01.06.26 15:31,Prod,A1000157.6086,Tisch 11,118,S1000157.23961,SALE,1,6.5,6.5,0.0,0.0,0.0,0.0,100,Fischbrötchen Backfisch,Hauptspeisen,,MwSt. 7%,1.07,6.074766,0.425234,Normalverkauf
S1000157.23962,SP1000157.34.23962,SY1000157.2026.23962,iPad1(1000157),157,01.06.26 16:24,Prod,A1000157.6087,Tisch 24,117,S1000157.23962,SALE,2,3.9,7.8,0.0,0.0,0.0,0.0,127,Alkoholfreies Bier,Getränke,,MwSt. 19%,1.19,6.554622,1.245378,Normalverkauf
S1000157.23963,SP1000157.34.23963,SY1000157.2026.23963,iPad1(1000157),157,01.06.26 08:01,Prod,A1000157.6088,Tisch 14,101,S1000157.23963,SALE,1,11.5,11.5,0.0,0.0,0.0,0.0,105,Garnelen-Kimchi-Bruger,Hauptgerichte,,MwSt. 7%,1.07,10.747664,0.752336,Normalverkauf
S1000157.23964,SP1000157.34.23964,SY1000157.2026.23964,iPad1(1000157),157,01.06.26 08:01,Prod,A1000157.6088,Tisch 14,101,S1000157.23964,SALE,1,10.9,10.9,0.0,0.0,0.0,0.0,107,Chicken Burger,Hauptgerichte,,MwSt. 7%,1.07,10.186916,0.713084,Normalverkauf
S1000157.23965,SP1000157.34.23965,SY1000157.2026.23965,iPad1(1000157),157,01.06.26 08:01,Prod,A1000157.6088,Tisch 14,101,S1000157.23965,SALE,1,6.5,6.5,0.0,0.0,0.0,0.0,100,Fischbrötchen Backfisch,Hauptspeisen,,MwSt. 7%,1.07,6.074766,0.425234,Normalverkauf
S1000157.23966,SP1000157.34.23966,SY1000157.2026.23966,iPad1(1000157),157,01.06.26 11:02,Prod,A1000157.6089,Tisch 19,108,S1000157.23966,SALE,2,7.9,15.8,0.0,0.0,0.0,0.0,115,Tiramisu,Desserts,,MwSt. 7%,1.07,14.766355,1.033645,Normalverkauf
S1000157.23967,SP1000157.34.23967,SY1000157.2026.23967,iPad1(1000157),157,01.06.26 17:14,Prod,A1000157.6090,Tisch 14,108,S1000157.23967,SALE,1,10.9,10.9,0.0,0.0,0.0,0.0,107,Chicken Burger,Hauptgerichte,,MwSt. 7%,1.07,10.186916,0.713084,Normalverkauf
S1000157.23968,SP1000157.34.23968,SY1000157.2026.23968,iPad1(1000157),157,01.06.26 17:14,Prod,A1000157.6090,Tisch 14,108,S1000157.23968,SALE,1,7.9,7.9,0.0,0.0,0.0,0.0,115,Tiramisu,Desserts,,MwSt. 7%,1.07,7.383178,0.516822,Normalverkauf
S1000157.23969,SP1000157.34.23969,SY1000157.2026.23969,iPad1(1000157),157,01.06.26 17:14,Prod,A1000157.6090,Tisch 14,108,S1000157.23969,SALE,1,2.8,2.8,0.0,0.0,0.0,0.0,121,Mineralwasser,Getränke,,MwSt. 19%,1.19,2.352941,0.447059,Normalverkauf
S1000157.23970,SP1000157.34.23970,SY1000157.2026.23970,iPad1(1000157),157,01.06.26 13:27,Prod,A1000157.6091,Tisch 15,120,S1000157.23970,SALE,2,14.5,29.0,0.0,0.0,0.0,0.0,101,Lachs,Hauptspeisen,,MwSt. 7%,1.07,27.102804,1.897196,Normalverkauf
S1000157.23971,SP1000157.34.23971,SY1000157.2026.23971,iPad1(1000157),157,01.06.26 13:27,Prod,A1000157.6091,Tisch 15,120,S1000157.23971,SALE,2,3.9,7.8,0.0,0.0,0.0,0.0,119,Cola,Getränke,,MwSt. 19%,1.19,6.554622,1.245378,Normalverkauf
S1000157.23972,SP1000157.34.23972,SY1000157.2026.23972,iPad1(1000157),157,01.06.26 13:27,Prod,A1000157.6091,Tisch 15,120,S1000157.23972,SALE,1,10.9,10.9,0.0,0.0,0.0,0.0,107,Chicken Burger,Hauptgerichte,,MwSt. 7%,1.07,10.186916,0.713084,Normalverkauf
S1000157.23973,SP1000157.34.23973,SY1000157.2026.23973,iPad1(1000157),157,01.06.26 13:29,Prod,A1000157.6092,Tisch 8,118,S1000157.23973,SALE,2,4.2,8.4,0.0,0.0,0.0,0.0,122,Bier,Getränke,,MwSt. 19%,1.19,7.058824,1.341176,Normalverkauf
S1000157.23974,SP1000157.34.23974,SY1000157.2026.23974,iPad1(1000157),157,01.06.26 13:29,Prod,A1000157.6092,Tisch 8,118,S1000157.23974,SALE,1,4.9,4.9,0.0,0.0,0.0,0.0,112,Kartoffelwedges,Beilagen,,MwSt. 7%,1.07,4.579439,0.320561,Normalverkauf
S1000157.23975,SP1000157.34.23975,SY1000157.2026.23975,iPad1(1000157),157,01.06.26 11:25,Prod,A1000157.6093,Tisch 7,108,S1000157.23975,SALE,1,4.2,4.2,0.0,0.0,0.0,0.0,122,Bier,Getränke,,MwSt. 19%,1.19,3.529412,0.670588,Normalverkauf
S1000157.23976,SP1000157.34.23976,SY1000157.2026.23976,iPad1(1000157),157,01.06.26 11:25,Prod,A1000157.6093,Tisch 7,108,S1000157.23976,SALE,1,5.9,5.9,0.0,0.0,0.0,0.0,123,Inger-Limonade,Getränke,,MwSt. 19%,1.19,4.957983,0.942017,Normalverkauf
S1000157.23977,SP1000157.34.23977,SY1000157.2026.23977,iPad1(1000157),157,01.06.26 20:39,Prod,A1000157.6094,,117,S1000157.23977,SALE,2,5.9,11.8,0.0,0.0,0.0,0.0,117,Rote Grütze,Desserts,,MwSt. 7%,1.07,11.028037,0.771963,Normalverkauf
S1000157.23978,SP1000157.34.23978,SY1000157.2026.23978,iPad1(1000157),157,01.06.26 20:39,Prod,A1000157.6094,,117,S1000157.23978,SALE,1,11.9,11.9,0.0,0.0,0.0,0.0,110,Matjes-Baguette,Hauptgerichte,,MwSt. 7%,1.07,11.121495,0.778505,Normalverkauf
S1000157.23979,SP1000157.34.23979,SY1000157.2026.23979,iPad1(1000157),157,01.06.26 19:28,Prod,A1000157.6095,Tisch 16,101,S1000157.23979,SALE,1,11.5,11.5,0.0,0.0,0.0,0.0,105,Garnelen-Kimchi-Bruger,Hauptgerichte,,MwSt. 7%,1.07,10.747664,0.752336,Normalverkauf
S1000157.23980,SP1000157.34.23980,SY1000157.2026.23980,iPad1(1000157),157,01.06.26 16:10,Prod,A1000157.6096,Tisch 19,117,S1000157.23980,VOID,1,11.9,11.9,0.0,0.0,0.0,0.0,110,Matjes-Baguette,Hauptgerichte,,MwSt. 7%,1.07,11.121495,0.778505,Normalverkauf
S1000157.23981,SP1000157.34.23981,SY1000157.2026.23981,iPad1(1000157),157,01.06.26 16:10,Prod,A1000157.6096,Tisch 19,117,S1000157.23981,VOID,1,5.5,5.5,0.0,0.0,0.0,0.0,111,Pommes Frites,Beilagen,,MwSt. 7%,1.07,5.140187,0.359813,Normalverkauf
S1000157.23982,SP1000157.34.23982,SY1000157.2026.23982,iPad1(1000157),157,01.06.26 16:10,Prod,A1000157.6096,Tisch 19,117,S1000157.23982,VOID,1,4.2,4.2,0.0,0.0,0.0,0.0,122,Bier,Getränke,,MwSt. 19%,1.19,3.529412,0.670588,Normalverkauf
S1000157.23983,SP1000157.34.23983,SY1000157.2026.23983,iPad1(1000157),157,01.06.26 13:51,Prod,A1000157.6097,Tisch 4,117,S1000157.23983,SALE,1,6.5,6.5,0.0,0.0,0.0,0.0,100,Fischbrötchen Backfisch,Hauptspeisen,,MwSt. 7%,1.07,6.074766,0.425234,Normalverkauf
S1000157.23984,SP1000157.34.23984,SY1000157.2026.23984,iPad1(1000157),157,01.06.26 13:51,Prod,A1000157.6097,Tisch 4,117,S1000157.23984,SALE,2,5.9,11.8,0.0,0.0,0.0,0.0,125,Zitronen-Limonade,Getränke,,MwSt. 19%,1.19,9.915966,1.884034,Normalverkauf
S1000157.23985,SP1000157.34.23985,SY1000157.2026.23985,iPad1(1000157),157,01.06.26 18:43,Prod,A1000157.6098,Tisch 10,115,S1000157.23985,SALE,1,3.2,3.2,0.0,0.0,0.0,0.0,120,Apfelschorle,Getränke,,MwSt. 19%,1.19,2.689076,0.510924,Normalverkauf
S1000157.23986,SP1000157.34.23986,SY1000157.2026.23986,iPad1(1000157),157,01.06.26 13:01,Prod,A1000157.6099,Tisch 8,108,S1000157.23986,SALE,1,5.5,5.5,0.0,0.0,0.0,0.0,111,Pommes Frites,Beilagen,,MwSt. 7%,1.07,5.140187,0.359813,Normalverkauf
S1000157.23987,SP1000157.34.23987,SY1000157.2026.23987,iPad1(1000157),157,01.06.26 13:01,Prod,A1000157.6099,Tisch 8,108,S1000157.23987,SALE,1,10.9,10.9,0.0,0.0,0.0,0.0,107,Chicken Burger,Hauptgerichte,,MwSt. 7%,1.07,10.186916,0.713084,Normalverkauf
S1000157.23988,SP1000157.34.23988,SY1000157.2026.23988,iPad1(1000157),157,01.06.26 13:01,Prod,A1000157.6099,Tisch 8,108,S1000157.23988,SALE,2,3.2,6.4,0.0,0.0,0.0,0.0,120,Apfelschorle,Getränke,,MwSt. 19%,1.19,5.378151,1.021849,Normalverkauf
S1000157.23989,SP1000157.34.23989,SY1000157.2026.23989,iPad1(1000157),157,01.06.26 12:52,Prod,A1000157.6100,Tisch 12,101,S1000157.23989,SALE,1,6.5,6.5,0.0,0.0,0.0,0.0,100,Fischbrötchen Backfisch,Hauptspeisen,,MwSt. 7%,1.07,6.074766,0.425234,Normalverkauf
S1000157.23990,SP1000157.34.23990,SY1000157.2026.23990,iPad1(1000157),157,01.06.26 12:52,Prod,A1000157.6100,Tisch 12,101,S1000157.23990,SALE,2,6.5,13.0,0.0,0.0,0.0,0.0,100,Fischbrötchen Backfisch,Hauptspeisen,,MwSt. 7%,1.07,12.149533,0.850467,Normalverkauf
S1000157.23991,SP1000157.34.23991,SY1000157.2026.23991,iPad1(1000157),157,01.06.26 12:52,Prod,A1000157.6100,Tisch 12,101,S1000157.23991,SALE,2,5.5,11.0,0.0,0.0,0.0,0.0,111,Pommes Frites,Beilagen,,MwSt. 7%,1.07,10.280374,0.719626,Normalverkauf
S1000157.23992,SP1000157.34.23992,SY1000157.2026.23992,iPad1(1000157),157,01.06.26 19:29,Prod,A1000157.6101,Tisch 19,120,S1000157.23992,SALE,2,4.9,9.8,0.0,0.0,0.0,0.0,112,Kartoffelwedges,Beilagen,,MwSt. 7%,1.07,9.158879,0.641121,Normalverkauf
S1000157.23993,SP1000157.34.23993,SY1000157.2026.23993,iPad1(1000157),157,01.06.26 13:23,Prod,A1000157.6102,Tisch 15,101,S1000157.23993,SALE,2,9.8,19.6,0.0,0.0,0.0,0.0,108,Seelachs-Ei-Baugette,Hauptgerichte,,MwSt. 7%,1.07,18.317757,1.282243,Normalverkauf
S1000157.23994,SP1000157.34.23994,SY1000157.2026.23994,iPad1(1000157),157,01.06.26 13:35,Prod,A1000157.6103,Tisch 4,120,S1000157.23994,SALE,1,3.9,3.9,0.0,0.0,0.0,0.0,124,Cola Zero,Getränke,,MwSt. 19%,1.19,3.277311,0.622689,Normalverkauf
S1000157.23995,SP1000157.34.23995,SY1000157.2026.23995,iPad1(1000157),157,01.06.26 18:41,Prod,A1000157.6104,Tisch 7,101,S1000157.23995,SALE,1,4.2,4.2,0.0,0.0,0.0,0.0,122,Bier,Getränke,,MwSt. 19%,1.19,3.529412,0.670588,Normalverkauf
S1000157.23996,SP1000157.34.23996,SY1000157.2026.23996,iPad1(1000157),157,01.06.26 18:41,Prod,A1000157.6104,Tisch 7,101,S1000157.23996,SALE,2,6.5,13.0,0.0,0.0,0.0,0.0,100,Fischbrötchen Backfisch,Hauptspeisen,,MwSt. 7%,1.07,12.149533,0.850467,Normalverkauf
S1000157.23997,SP1000157.34.23997,SY1000157.2026.23997,iPad1(1000157),157,01.06.26 11:48,Prod,A1000157.6105,Tisch 13,108,S1000157.23997,SALE,2,5.5,11.0,0.0,0.0,0.0,0.0,111,Pommes Frites,Beilagen,,MwSt. 7%,1.07,10.280374,0.719626,Normalverkauf
S1000157.23998,SP1000157.34.23998,SY1000157.2026.23998,iPad1(1000157),157,01.06.26 11:48,Prod,A1000157.6105,Tisch 13,108,S1000157.23998,SALE,2,3.9,7.8,0.0,0.0,0.0,0.0,124,Cola Zero,Getränke,,MwSt. 19%,1.19,6.554622,1.245378,Normalverkauf
S1000157.23999,SP1000157.34.23999,SY1000157.2026.23999,iPad1(1000157),157,01.06.26 19:58,Prod,A1000157.6106,Tisch 6,118,S1000157.23999,SALE,2,3.9,7.8,0.0,0.0,0.0,0.0,119,Cola,Getränke,,MwSt. 19%,1.19,6.554622,1.245378,Normalverkauf
S1000157.24000,SP1000157.34.24000,SY1000157.2026.24000,iPad1(1000157),157,01.06.26 19:58,Prod,A1000157.6106,Tisch 6,118,S1000157.24000,SALE,2,2.8,5.6,0.0,0.0,0.0,0.0,121,Mineralwasser,Getränke,,MwSt. 19%,1.19,4.705882,0.894118,Normalverkauf
S1000157.24001,SP1000157.34.24001,SY1000157.2026.24001,iPad1(1000157),157,01.06.26 19:58,Prod,A1000157.6106,Tisch 6,118,S1000157.24001,SALE,2,6.5,13.0,0.0,0.0,0.0,0.0,100,Fischbrötchen Backfisch,Hauptspeisen,,MwSt. 7%,1.07,12.149533,0.850467,Normalverkauf
S1000157.24002,SP1000157.34.24002,SY1000157.2026.24002,iPad1(1000157),157,01.06.26 19:45,Prod,A1000157.6107,Tisch 8,120,S1000157.24002,SALE,2,4.2,8.4,0.0,0.0,0.0,0.0,122,Bier,Getränke,,MwSt. 19%,1.19,7.058824,1.341176,Normalverkauf
S1000157.24003,SP1000157.34.24003,SY1000157.2026.24003,iPad1(1000157),157,01.06.26 19:45,Prod,A1000157.6107,Tisch 8,120,S1000157.24003,SALE,1,10.9,10.9,0.0,0.0,0.0,0.0,107,Chicken Burger,Hauptgerichte,,MwSt. 7%,1.07,10.186916,0.713084,Normalverkauf
S1000157.24004,SP1000157.34.24004,SY1000157.2026.24004,iPad1(1000157),157,01.06.26 18:54,Prod,A1000157.6108,,108,S1000157.24004,SALE,1,2.8,2.8,0.0,0.0,0.0,0.0,121,Mineralwasser,Getränke,,MwSt. 19%,1.19,2.352941,0.447059,Normalverkauf
S1000157.24005,SP1000157.34.24005,SY1000157.2026.24005,iPad1(1000157),157,01.06.26 18:54,Prod,A1000157.6108,,108,S1000157.24005,SALE,1,3.9,3.9,0.0,0.0,0.0,0.0,119,Cola,Getränke,,MwSt. 19%,1.19,3.277311,0.622689,Normalverkauf
S1000157.24006,SP1000157.34.24006,SY1000157.2026.24006,iPad1(1000157),157,01.06.26 18:54,Prod,A1000157.6108,,108,S1000157.24006,SALE,2,4.2,8.4,0.0,0.0,0.0,0.0,122,Bier,Getränke,,MwSt. 19%,1.19,7.058824,1.341176,Normalverkauf
S1000157.24007,SP1000157.34.24007,SY1000157.2026.24007,iPad1(1000157),157,01.06.26 17:26,Prod,A1000157.6109,Tisch 21,120,S1000157.24007,SALE,1,2.8,2.8,0.0,0.0,0.0,0.0,121,Mineralwasser,Getränke,,MwSt. 19%,1.19,2.352941,0.447059,Normalverkauf
S1000157.24008,SP1000157.34.24008,SY1000157.2026.24008,iPad1(1000157),157,01.06.26 17:26,Prod,A1000157.6109,Tisch 21,120,S1000157.24008,SALE,1,6.5,6.5,0.0,0.0,0.0,0.0,100,Fischbrötchen Backfisch,Hauptspeisen,,MwSt. 7%,1.07,6.074766,0.425234,Normalverkauf
S1000157.24009,SP1000157.34.24009,SY1000157.2026.24009,iPad1(1000157),157,01.06.26 20:10,Prod,A1000157.6110,,120,S1000157.24009,SALE,2,2.8,5.6,0.0,0.0,0.0,0.0,121,Mineralwasser,Getränke,,MwSt. 19%,1.19,4.705882,0.894118,Normalverkauf
S1000157.24010,SP1000157.34.24010,SY1000157.2026.24010,iPad1(1000157),157,01.06.26 20:10,Prod,A1000157.6110,,120,S1000157.24010,SALE,2,10.9,21.8,0.0,0.0,0.0,0.0,107,Chicken Burger,Hauptgerichte,,MwSt. 7%,1.07,20.373832,1.426168,Normalverkauf
S1000157.24011,SP1000157.34.24011,SY1000157.2026.24011,iPad1(1000157),157,01.06.26 20:10,Prod,A1000157.6110,,120,S1000157.24011,SALE,2,2.8,5.6,0.0,0.0,0.0,0.0,121,Mineralwasser,Getränke,,MwSt. 19%,1.19,4.705882,0.894118,Normalverkauf
S1000157.24012,SP1000157.34.24012,SY1000157.2026.24012,iPad1(1000157),157,01.06.26 11:17,Prod,A1000157.6111,Tisch 21,108,S1000157.24012,SALE,1,3.9,3.9,0.0,0.0,0.0,0.0,124,Cola Zero,Getränke,,MwSt. 19%,1.19,3.277311,0.622689,Normalverkauf
S1000157.24013,SP1000157.34.24013,SY1000157.2026.24013,iPad1(1000157),157,01.06.26 11:13,Prod,A1000157.6112,Tisch 19,115,S1000157.24013,SALE,1,5.5,5.5,0.0,0.0,0.0,0.0,111,Pommes Frites,Beilagen,,MwSt. 7%,1.07,5.140187,0.359813,Normalverkauf
S1000157.24014,SP1000157.34.24014,SY1000157.2026.24014,iPad1(1000157),157,01.06.26 11:13,Prod,A1000157.6112,Tisch 19,115,S1000157.24014,SALE,2,4.2,8.4,0.0,0.0,0.0,0.0,122,Bier,Getränke,,MwSt. 19%,1.19,7.058824,1.341176,Normalverkauf
S1000157.24015,SP1000157.34.24015,SY1000157.2026.24015,iPad1(1000157),157,01.06.26 11:13,Prod,A1000157.6112,Tisch 19,115,S1000157.24015,SALE,2,4.2,8.4,0.0,0.0,0.0,0.0,122,Bier,Getränke,,MwSt. 19%,1.19,7.058824,1.341176,Normalverkauf
S1000157.24016,SP1000157.34.24016,SY1000157.2026.24016,iPad1(1000157),157,01.06.26 19:43,Prod,A1000157.6113,Tisch 24,115,S1000157.24016,SALE,1,10.9,10.9,0.0,0.0,0.0,0.0,107,Chicken Burger,Hauptgerichte,,MwSt. 7%,1.07,10.186916,0.713084,Normalverkauf
S1000157.24017,SP1000157.34.24017,SY1000157.2026.24017,iPad1(1000157),157,01.06.26 09:04,Prod,A1000157.6114,,108,S1000157.24017,SALE,2,3.9,7.8,0.0,0.0,0.0,0.0,119,Cola,Getränke,,MwSt. 19%,1.19,6.554622,1.245378,Normalverkauf
S1000157.24018,SP1000157.34.24018,SY1000157.2026.24018,iPad1(1000157),157,01.06.26 09:04,Prod,A1000157.6114,,108,S1000157.24018,SALE,2,2.8,5.6,0.0,0.0,0.0,0.0,121,Mineralwasser,Getränke,,MwSt. 19%,1.19,4.705882,0.894118,Normalverkauf
S1000157.24019,SP1000157.34.24019,SY1000157.2026.24019,iPad1(1000157),157,01.06.26 12:23,Prod,A1000157.6115,Tisch 17,104,S1000157.24019,SALE,1,11.9,11.9,0.0,0.0,0.0,0.0,110,Matjes-Baguette,Hauptgerichte,,MwSt. 7%,1.07,11.121495,0.778505,Normalverkauf
S1000157.24020,SP1000157.34.24020,SY1000157.2026.24020,iPad1(1000157),157,01.06.26 18:52,Prod,A1000157.6116,Tisch 11,120,S1000157.24020,SALE,2,5.5,11.0,0.0,0.0,0.0,0.0,114,Fisch Nuggets Box,Beilagen,,MwSt. 7%,1.07,10.280374,0.719626,Normalverkauf
S1000157.24021,SP1000157.34.24021,SY1000157.2026.24021,iPad1(1000157),157,01.06.26 18:52,Prod,A1000157.6116,Tisch 11,120,S1000157.24021,SALE,1,5.5,5.5,0.0,0.0,0.0,0.0,111,Pommes Frites,Beilagen,,MwSt. 7%,1.07,5.140187,0.359813,Normalverkauf
S1000157.24022,SP1000157.34.24022,SY1000157.2026.24022,iPad1(1000157),157,01.06.26 10:36,Prod,A1000157.6117,Tisch 23,117,S1000157.24022,SALE,1,10.9,10.9,0.0,0.0,0.0,0.0,104,Thunfisch Wrap,Hauptgerichte,,MwSt. 7%,1.07,10.186916,0.713084,Normalverkauf
S1000157.24023,SP1000157.34.24023,SY1000157.2026.24023,iPad1(1000157),157,01.06.26 10:36,Prod,A1000157.6117,Tisch 23,117,S1000157.24023,SALE,1,9.8,9.8,0.0,0.0,0.0,0.0,108,Seelachs-Ei-Baugette,Hauptgerichte,,MwSt. 7%,1.07,9.158879,0.641121,Normalverkauf
S1000157.24024,SP1000157.34.24024,SY1000157.2026.24024,iPad1(1000157),157,01.06.26 19:03,Prod,A1000157.6118,Tisch 10,115,S1000157.24024,SALE,2,4.2,8.4,0.0,0.0,0.0,0.0,122,Bier,Getränke,,MwSt. 19%,1.19,7.058824,1.341176,Normalverkauf
S1000157.24025,SP1000157.34.24025,SY1000157.2026.24025,iPad1(1000157),157,01.06.26 19:03,Prod,A1000157.6118,Tisch 10,115,S1000157.24025,SALE,1,4.9,4.9,0.0,0.0,0.0,0.0,112,Kartoffelwedges,Beilagen,,MwSt. 7%,1.07,4.579439,0.320561,Normalverkauf
S1000157.24026,SP1000157.34.24026,SY1000157.2026.24026,iPad1(1000157),157,01.06.26 08:31,Prod,A1000157.6119,Tisch 3,117,S1000157.24026,SALE,1,11.5,11.5,0.0,0.0,0.0,0.0,105,Garnelen-Kimchi-Bruger,Hauptgerichte,,MwSt. 7%,1.07,10.747664,0.752336,Normalverkauf
S1000157.24027,SP1000157.34.24027,SY1000157.2026.24027,iPad1(1000157),157,01.06.26 08:31,Prod,A1000157.6119,Tisch 3,117,S1000157.24027,SALE,1,5.5,5.5,0.0,0.0,0.0,0.0,111,Pommes Frites,Beilagen,,MwSt. 7%,1.07,5.140187,0.359813,Normalverkauf
S1000157.24028,SP1000157.34.24028,SY1000157.2026.24028,iPad1(1000157),157,01.06.26 08:31,Prod,A1000157.6119,Tisch 3,117,S1000157.24028,SALE,2,3.9,7.8,0.0,0.0,0.0,0.0,124,Cola Zero,Getränke,,MwSt. 19%,1.19,6.554622,1.245378,Normalverkauf
S1000157.24029,SP1000157.34.24029,SY1000157.2026.24029,iPad1(1000157),157,01.06.26 13:26,Prod,A1000157.6120,Tisch 13,117,S1000157.24029,SALE,2,11.9,23.8,0.0,0.0,0.0,0.0,110,Matjes-Baguette,Hauptgerichte,,MwSt. 7%,1.07,22.242991,1.557009,Normalverkauf
S1000157.24030,SP1000157.34.24030,SY1000157.2026.24030,iPad1(1000157),157,01.06.26 13:26,Prod,A1000157.6120,Tisch 13,117,S1000157.24030,SALE,2,3.9,7.8,0.0,0.0,0.0,0.0,124,Cola Zero,Getränke,,MwSt. 19%,1.19,6.554622,1.245378,Normalverkauf
S1000157.24031,SP1000157.34.24031,SY1000157.2026.24031,iPad1(1000157),157,01.06.26 17:03,Prod,A1000157.6121,Tisch 2,117,S1000157.24031,SALE,2,5.9,11.8,0.0,0.0,0.0,0.0,116,Vanillequark,Desserts,,MwSt. 7%,1.07,11.028037,0.771963,Normalverkauf
S1000157.24032,SP1000157.34.24032,SY1000157.2026.24032,iPad1(1000157),157,01.06.26 17:03,Prod,A1000157.6121,Tisch 2,117,S1000157.24032,SALE,2,10.9,21.8,0.0,0.0,0.0,0.0,104,Thunfisch Wrap,Hauptgerichte,,MwSt. 7%,1.07,20.373832,1.426168,Normalverkauf
S1000157.24033,SP1000157.34.24033,SY1000157.2026.24033,iPad1(1000157),157,01.06.26 19:53,Prod,A1000157.6122,Tisch 21,108,S1000157.24033,SALE,1,11.5,11.5,0.0,0.0,0.0,0.0,105,Garnelen-Kimchi-Bruger,Hauptgerichte,,MwSt. 7%,1.07,10.747664,0.752336,Normalverkauf
S1000157.24034,SP1000157.34.24034,SY1000157.2026.24034,iPad1(1000157),157,01.06.26 19:53,Prod,A1000157.6122,Tisch 21,108,S1000157.24034,SALE,2,9.8,19.6,0.0,0.0,0.0,0.0,108,Seelachs-Ei-Baugette,Hauptgerichte,,MwSt. 7%,1.07,18.317757,1.282243,Normalverkauf
S1000157.24035,SP1000157.34.24035,SY1000157.2026.24035,iPad1(1000157),157,01.06.26 19:53,Prod,A1000157.6122,Tisch 21,108,S1000157.24035,SALE,2,5.9,11.8,0.0,0.0,0.0,0.0,123,Inger-Limonade,Getränke,,MwSt. 19%,1.19,9.915966,1.884034,Normalverkauf
S1000157.24036,SP1000157.34.24036,SY1000157.2026.24036,iPad1(1000157),157,01.06.26 11:22,Prod,A1000157.6123,Tisch 8,115,S1000157.24036,SALE,2,4.2,8.4,0.0,0.0,0.0,0.0,122,Bier,Getränke,,MwSt. 19%,1.19,7.058824,1.341176,Normalverkauf
S1000157.24037,SP1000157.34.24037,SY1000157.2026.24037,iPad1(1000157),157,01.06.26 11:22,Prod,A1000157.6123,Tisch 8,115,S1000157.24037,SALE,1,4.2,4.2,0.0,0.0,0.0,0.0,122,Bier,Getränke,,MwSt. 19%,1.19,3.529412,0.670588,Normalverkauf
S1000157.24038,SP1000157.34.24038,SY1000157.2026.24038,iPad1(1000157),157,01.06.26 12:31,Prod,A1000157.6124,Tisch 19,117,S1000157.24038,VOID,1,5.9,5.9,0.0,0.0,0.0,0.0,117,Rote Grütze,Desserts,,MwSt. 7%,1.07,5.514019,0.385981,Normalverkauf
S1000157.24039,SP1000157.34.24039,SY1000157.2026.24039,iPad1(1000157),157,01.06.26 12:31,Prod,A1000157.6124,Tisch 19,117,S1000157.24039,VOID,1,3.2,3.2,0.0,0.0,0.0,0.0,120,Apfelschorle,Getränke,,MwSt. 19%,1.19,2.689076,0.510924,Normalverkauf
S1000157.24040,SP1000157.34.24040,SY1000157.2026.24040,iPad1(1000157),157,01.06.26 11:38,Prod,A1000157.6125,Tisch 10,115,S1000157.24040,SALE,2,3.9,7.8,0.0,0.0,0.0,0.0,126,Spezi,Getränke,,MwSt. 19%,1.19,6.554622,1.245378,Normalverkauf
S1000157.24041,SP1000157.34.24041,SY1000157.2026.24041,iPad1(1000157),157,01.06.26 11:38,Prod,A1000157.6125,Tisch 10,115,S1000157.24041,SALE,2,6.5,13.0,0.0,0.0,0.0,0.0,118,Schokokuchen,Desserts,,MwSt. 7%,1.07,12.149533,0.850467,Normalverkauf
S1000157.24042,SP1000157.34.24042,SY1000157.2026.24042,iPad1(1000157),157,01.06.26 11:00,Prod,A1000157.6126,Tisch 10,101,S1000157.24042,VOID,2,6.5,13.0,0.0,0.0,0.0,0.0,100,Fischbrötchen Backfisch,Hauptspeisen,,MwSt. 7%,1.07,12.149533,0.850467,Normalverkauf
S1000157.24043,SP1000157.34.24043,SY1000157.2026.24043,iPad1(1000157),157,01.06.26 09:46,Prod,A1000157.6127,Tisch 4,115,S1000157.24043,SALE,2,6.5,13.0,0.0,0.0,0.0,0.0,100,Fischbrötchen Backfisch,Hauptspeisen,,MwSt. 7%,1.07,12.149533,0.850467,Normalverkauf
S1000157.24044,SP1000157.34.24044,SY1000157.2026.24044,iPad1(1000157),157,01.06.26 09:46,Prod,A1000157.6127,Tisch 4,115,S1000157.24044,SALE,1,7.9,7.9,0.0,0.0,0.0,0.0,106,Neptun-Ringe,Beilagen,,MwSt. 7%,1.07,7.383178,0.516822,Normalverkauf
S1000157.24045,SP1000157.34.24045,SY1000157.2026.24045,iPad1(1000157),157,01.06.26 12:27,Prod,A1000157.6128,Tisch 5,101,S1000157.24045,SALE,2,3.9,7.8,0.0,0.0,0.0,0.0,126,Spezi,Getränke,,MwSt. 19%,1.19,6.554622,1.245378,Normalverkauf
S1000157.24046,SP1000157.34.24046,SY1000157.2026.24046,iPad1(1000157),157,01.06.26 12:27,Prod,A1000157.6128,Tisch 5,101,S1000157.24046,SALE,1,4.2,4.2,0.0,0.0,0.0,0.0,122,Bier,Getränke,,MwSt. 19%,1.19,3.529412,0.670588,Normalverkauf
S1000157.24047,SP1000157.34.24047,SY1000157.2026.24047,iPad1(1000157),157,01.06.26 10:51,Prod,A1000157.6129,Tisch 21,117,S1000157.24047,SALE,2,3.9,7.8,0.0,0.0,0.0,0.0,119,Cola,Getränke,,MwSt. 19%,1.19,6.554622,1.245378,Normalverkauf
S1000157.24048,SP1000157.34.24048,SY1000157.2026.24048,iPad1(1000157),157,01.06.26 10:51,Prod,A1000157.6129,Tisch 21,117,S1000157.24048,SALE,1,5.9,5.9,0.0,0.0,0.0,0.0,125,Zitronen-Limonade,Getränke,,MwSt. 19%,1.19,4.957983,0.942017,Normalverkauf
S1000157.24049,SP1000157.34.24049,SY1000157.2026.24049,iPad1(1000157),157,01.06.26 10:51,Prod,A1000157.6129,Tisch 21,117,S1000157.24049,SALE,2,5.9,11.8,0.0,0.0,0.0,0.0,125,Zitronen-Limonade,Getränke,,MwSt. 19%,1.19,9.915966,1.884034,Normalverkauf
S1000157.24050,SP1000157.34.24050,SY1000157.2026.24050,iPad1(1000157),157,01.06.26 18:42,Prod,A1000157.6130,Tisch 12,115,S1000157.24050,VOID,2,3.9,7.8,0.0,0.0,0.0,0.0,119,Cola,Getränke,,MwSt. 19%,1.19,6.554622,1.245378,Normalverkauf
S1000157.24051,SP1000157.34.24051,SY1000157.2026.24051,iPad1(1000157),157,01.06.26 15:51,Prod,A1000157.6131,Tisch 15,117,S1000157.24051,VOID,2,6.9,13.8,0.0,0.0,0.0,0.0,103,Fischbrötchen Räucherlachs,Hauptspeisen,,MwSt. 7%,1.07,12.897196,0.902804,Normalverkauf
S1000157.24052,SP1000157.34.24052,SY1000157.2026.24052,iPad1(1000157),157,01.06.26 15:51,Prod,A1000157.6131,Tisch 15,117,S1000157.24052,VOID,2,10.9,21.8,0.0,0.0,0.0,0.0,107,Chicken Burger,Hauptgerichte,,MwSt. 7%,1.07,20.373832,1.426168,Normalverkauf
S1000157.24053,SP1000157.34.24053,SY1000157.2026.24053,iPad1(1000157),157,01.06.26 19:19,Prod,A1000157.6132,Tisch 18,101,S1000157.24053,SALE,2,10.9,21.8,0.0,0.0,0.0,0.0,107,Chicken Burger,Hauptgerichte,,MwSt. 7%,1.07,20.373832,1.426168,Normalverkauf
S1000157.24054,SP1000157.34.24054,SY1000157.2026.24054,iPad1(1000157),157,01.06.26 16:33,Prod,A1000157.6133,,115,S1000157.24054,SALE,2,11.9,23.8,0.0,0.0,0.0,0.0,110,Matjes-Baguette,Hauptgerichte,,MwSt. 7%,1.07,22.242991,1.557009,Normalverkauf
S1000157.24055,SP1000157.34.24055,SY1000157.2026.24055,iPad1(1000157),157,01.06.26 16:33,Prod,A1000157.6133,,115,S1000157.24055,SALE,1,7.9,7.9,0.0,0.0,0.0,0.0,115,Tiramisu,Desserts,,MwSt. 7%,1.07,7.383178,0.516822,Normalverkauf
S1000157.24056,SP1000157.34.24056,SY1000157.2026.24056,iPad1(1000157),157,01.06.26 19:20,Prod,A1000157.6134,Tisch 20,117,S1000157.24056,SALE,2,4.2,8.4,0.0,0.0,0.0,0.0,122,Bier,Getränke,,MwSt. 19%,1.19,7.058824,1.341176,Normalverkauf
S1000157.24057,SP1000157.34.24057,SY1000157.2026.24057,iPad1(1000157),157,01.06.26 13:13,Prod,A1000157.6135,Tisch 23,108,S1000157.24057,SALE,2,10.9,21.8,0.0,0.0,0.0,0.0,104,Thunfisch Wrap,Hauptgerichte,,MwSt. 7%,1.07,20.373832,1.426168,Normalverkauf
S1000157.24058,SP1000157.34.24058,SY1000157.2026.24058,iPad1(1000157),157,01.06.26 13:13,Prod,A1000157.6135,Tisch 23,108,S1000157.24058,SALE,2,10.9,21.8,0.0,0.0,0.0,0.0,107,Chicken Burger,Hauptgerichte,,MwSt. 7%,1.07,20.373832,1.426168,Normalverkauf
S1000157.24059,SP1000157.34.24059,SY1000157.2026.24059,iPad1(1000157),157,01.06.26 19:53,Prod,A1000157.6136,Tisch 16,117,S1000157.24059,SALE,2,3.9,7.8,0.0,0.0,0.0,0.0,119,Cola,Getränke,,MwSt. 19%,1.19,6.554622,1.245378,Normalverkauf
S1000157.24060,SP1000157.34.24060,SY1000157.2026.24060,iPad1(1000157),157,01.06.26 11:21,Prod,A1000157.6137,Tisch 20,108,S1000157.24060,SALE,1,2.8,2.8,0.0,0.0,0.0,0.0,121,Mineralwasser,Getränke,,MwSt. 19%,1.19,2.352941,0.447059,Normalverkauf
S1000157.24061,SP1000157.34.24061,SY1000157.2026.24061,iPad1(1000157),157,01.06.26 11:21,Prod,A1000157.6137,Tisch 20,108,S1000157.24061,SALE,2,10.9,21.8,0.0,0.0,0.0,0.0,107,Chicken Burger,Hauptgerichte,,MwSt. 7%,1.07,20.373832,1.426168,Normalverkauf
S1000157.24062,SP1000157.34.24062,SY1000157.2026.24062,iPad1(1000157),157,01.06.26 11:21,Prod,A1000157.6137,Tisch 20,108,S1000157.24062,SALE,2,3.9,7.8,0.0,0.0,0.0,0.0,119,Cola,Getränke,,MwSt. 19%,1.19,6.554622,1.245378,Normalverkauf
S1000157.24063,SP1000157.34.24063,SY1000157.2026.24063,iPad1(1000157),157,01.06.26 17:49,Prod,A1000157.6138,Tisch 19,117,S1000157.24063,SALE,1,4.2,4.2,0.0,0.0,0.0,0.0,122,Bier,Getränke,,MwSt. 19%,1.19,3.529412,0.670588,Normalverkauf
S1000157.24064,SP1000157.34.24064,SY1000157.2026.24064,iPad1(1000157),157,01.06.26 17:49,Prod,A1000157.6138,Tisch 19,117,S1000157.24064,SALE,1,6.5,6.5,0.0,0.0,0.0,0.0,100,Fischbrötchen Backfisch,Hauptspeisen,,MwSt. 7%,1.07,6.074766,0.425234,Normalverkauf
S1000157.24065,SP1000157.34.24065,SY1000157.2026.24065,iPad1(1000157),157,01.06.26 17:49,Prod,A1000157.6138,Tisch 19,117,S1000157.24065,SALE,2,4.9,9.8,0.0,0.0,0.0,0.0,112,Kartoffelwedges,Beilagen,,MwSt. 7%,1.07,9.158879,0.641121,Normalverkauf
S1000157.24066,SP1000157.34.24066,SY1000157.2026.24066,iPad1(1000157),157,01.06.26 11:15,Prod,A1000157.6139,Tisch 23,117,S1000157.24066,SALE,2,6.9,13.8,0.0,0.0,0.0,0.0,103,Fischbrötchen Räucherlachs,Hauptspeisen,,MwSt. 7%,1.07,12.897196,0.902804,Normalverkauf
S1000157.24067,SP1000157.34.24067,SY1000157.2026.24067,iPad1(1000157),157,01.06.26 11:15,Prod,A1000157.6139,Tisch 23,117,S1000157.24067,SALE,1,5.5,5.5,0.0,0.0,0.0,0.0,111,Pommes Frites,Beilagen,,MwSt. 7%,1.07,5.140187,0.359813,Normalverkauf
S1000157.24068,SP1000157.34.24068,SY1000157.2026.24068,iPad1(1000157),157,02.06.26 11:50,Prod,A1000157.6140,Tisch 6,108,S1000157.24068,SALE,2,4.2,8.4,0.0,0.0,0.0,0.0,122,Bier,Getränke,,MwSt. 19%,1.19,7.058824,1.341176,Normalverkauf
S1000157.24069,SP1000157.34.24069,SY1000157.2026.24069,iPad1(1000157),157,02.06.26 11:50,Prod,A1000157.6140,Tisch 6,108,S1000157.24069,SALE,2,3.9,7.8,0.0,0.0,0.0,0.0,124,Cola Zero,Getränke,,MwSt. 19%,1.19,6.554622,1.245378,Normalverkauf
S1000157.24070,SP1000157.34.24070,SY1000157.2026.24070,iPad1(1000157),157,02.06.26 11:50,Prod,A1000157.6140,Tisch 6,108,S1000157.24070,SALE,2,4.9,9.8,0.0,0.0,0.0,0.0,112,Kartoffelwedges,Beilagen,,MwSt. 7%,1.07,9.158879,0.641121,Normalverkauf
S1000157.24071,SP1000157.34.24071,SY1000157.2026.24071,iPad1(1000157),157,02.06.26 11:29,Prod,A1000157.6141,Tisch 8,120,S1000157.24071,SALE,1,3.9,3.9,0.0,0.0,0.0,0.0,124,Cola Zero,Getränke,,MwSt. 19%,1.19,3.277311,0.622689,Normalverkauf
S1000157.24072,SP1000157.34.24072,SY1000157.2026.24072,iPad1(1000157),157,02.06.26 11:29,Prod,A1000157.6141,Tisch 8,120,S1000157.24072,SALE,1,10.9,10.9,0.0,0.0,0.0,0.0,104,Thunfisch Wrap,Hauptgerichte,,MwSt. 7%,1.07,10.186916,0.713084,Normalverkauf
S1000157.24073,SP1000157.34.24073,SY1000157.2026.24073,iPad1(1000157),157,02.06.26 11:29,Prod,A1000157.6141,Tisch 8,120,S1000157.24073,SALE,1,10.9,10.9,0.0,0.0,0.0,0.0,109,Bismarck-Baguette,Hauptgerichte,,MwSt. 7%,1.07,10.186916,0.713084,Normalverkauf
S1000157.24074,SP1000157.34.24074,SY1000157.2026.24074,iPad1(1000157),157,02.06.26 20:27,Prod,A1000157.6142,Tisch 1,104,S1000157.24074,SALE,1,5.5,5.5,0.0,0.0,0.0,0.0,111,Pommes Frites,Beilagen,,MwSt. 7%,1.07,5.140187,0.359813,Normalverkauf
S1000157.24075,SP1000157.34.24075,SY1000157.2026.24075,iPad1(1000157),157,02.06.26 20:27,Prod,A1000157.6142,Tisch 1,104,S1000157.24075,SALE,1,10.9,10.9,0.0,0.0,0.0,0.0,104,Thunfisch Wrap,Hauptgerichte,,MwSt. 7%,1.07,10.186916,0.713084,Normalverkauf
S1000157.24076,SP1000157.34.24076,SY1000157.2026.24076,iPad1(1000157),157,02.06.26 20:27,Prod,A1000157.6142,Tisch 1,104,S1000157.24076,SALE,2,10.9,21.8,0.0,0.0,0.0,0.0,109,Bismarck-Baguette,Hauptgerichte,,MwSt. 7%,1.07,20.373832,1.426168,Normalverkauf
S1000157.24077,SP1000157.34.24077,SY1000157.2026.24077,iPad1(1000157),157,02.06.26 11:46,Prod,A1000157.6143,Tisch 8,117,S1000157.24077,SALE,2,6.5,13.0,0.0,0.0,0.0,0.0,100,Fischbrötchen Backfisch,Hauptspeisen,,MwSt. 7%,1.07,12.149533,0.850467,Normalverkauf
S1000157.24078,SP1000157.34.24078,SY1000157.2026.24078,iPad1(1000157),157,02.06.26 11:46,Prod,A1000157.6143,Tisch 8,117,S1000157.24078,SALE,2,11.5,23.0,0.0,0.0,0.0,0.0,105,Garnelen-Kimchi-Bruger,Hauptgerichte,,MwSt. 7%,1.07,21.495327,1.504673,Normalverkauf
S1000157.24079,SP1000157.34.24079,SY1000157.2026.24079,iPad1(1000157),157,02.06.26 11:46,Prod,A1000157.6143,Tisch 8,117,S1000157.24079,SALE,2,3.9,7.8,0.0,0.0,0.0,0.0,124,Cola Zero,Getränke,,MwSt. 19%,1.19,6.554622,1.245378,Normalverkauf
S1000157.24080,SP1000157.34.24080,SY1000157.2026.24080,iPad1(1000157),157,02.06.26 16:09,Prod,A1000157.6144,Tisch 2,118,S1000157.24080,SALE,1,9.8,9.8,0.0,0.0,0.0,0.0,108,Seelachs-Ei-Baugette,Hauptgerichte,,MwSt. 7%,1.07,9.158879,0.641121,Normalverkauf
S1000157.24081,SP1000157.34.24081,SY1000157.2026.24081,iPad1(1000157),157,02.06.26 16:09,Prod,A1000157.6144,Tisch 2,118,S1000157.24081,SALE,2,10.9,21.8,0.0,0.0,0.0,0.0,107,Chicken Burger,Hauptgerichte,,MwSt. 7%,1.07,20.373832,1.426168,Normalverkauf
S1000157.24082,SP1000157.34.24082,SY1000157.2026.24082,iPad1(1000157),157,02.06.26 17:56,Prod,A1000157.6145,Tisch 6,115,S1000157.24082,SALE,1,10.9,10.9,0.0,0.0,0.0,0.0,109,Bismarck-Baguette,Hauptgerichte,,MwSt. 7%,1.07,10.186916,0.713084,Normalverkauf
S1000157.24083,SP1000157.34.24083,SY1000157.2026.24083,iPad1(1000157),157,02.06.26 17:56,Prod,A1000157.6145,Tisch 6,115,S1000157.24083,SALE,2,10.9,21.8,0.0,0.0,0.0,0.0,107,Chicken Burger,Hauptgerichte,,MwSt. 7%,1.07,20.373832,1.426168,Normalverkauf
S1000157.24084,SP1000157.34.24084,SY1000157.2026.24084,iPad1(1000157),157,02.06.26 17:56,Prod,A1000157.6145,Tisch 6,115,S1000157.24084,SALE,2,10.9,21.8,0.0,0.0,0.0,0.0,107,Chicken Burger,Hauptgerichte,,MwSt. 7%,1.07,20.373832,1.426168,Normalverkauf
S1000157.24085,SP1000157.34.24085,SY1000157.2026.24085,iPad1(1000157),157,02.06.26 12:44,Prod,A1000157.6146,Tisch 16,118,S1000157.24085,SALE,1,2.8,2.8,0.0,0.0,0.0,0.0,121,Mineralwasser,Getränke,,MwSt. 19%,1.19,2.352941,0.447059,Normalverkauf
S1000157.24086,SP1000157.34.24086,SY1000157.2026.24086,iPad1(1000157),157,02.06.26 12:44,Prod,A1000157.6146,Tisch 16,118,S1000157.24086,SALE,2,4.2,8.4,0.0,0.0,0.0,0.0,122,Bier,Getränke,,MwSt. 19%,1.19,7.058824,1.341176,Normalverkauf
S1000157.24087,SP1000157.34.24087,SY1000157.2026.24087,iPad1(1000157),157,02.06.26 19:19,Prod,A1000157.6147,Tisch 19,120,S1000157.24087,SALE,1,10.9,10.9,0.0,0.0,0.0,0.0,104,Thunfisch Wrap,Hauptgerichte,,MwSt. 7%,1.07,10.186916,0.713084,Normalverkauf
S1000157.24088,SP1000157.34.24088,SY1000157.2026.24088,iPad1(1000157),157,02.06.26 20:38,Prod,A1000157.6148,Tisch 12,120,S1000157.24088,SALE,2,13.5,27.0,0.0,0.0,0.0,0.0,102,Matjes,Hauptspeisen,,MwSt. 7%,1.07,25.233645,1.766355,Normalverkauf
S1000157.24089,SP1000157.34.24089,SY1000157.2026.24089,iPad1(1000157),157,02.06.26 20:38,Prod,A1000157.6148,Tisch 12,120,S1000157.24089,SALE,2,10.9,21.8,0.0,0.0,0.0,0.0,109,Bismarck-Baguette,Hauptgerichte,,MwSt. 7%,1.07,20.373832,1.426168,Normalverkauf
S1000157.24090,SP1000157.34.24090,SY1000157.2026.24090,iPad1(1000157),157,02.06.26 20:38,Prod,A1000157.6148,Tisch 12,120,S1000157.24090,SALE,2,2.8,5.6,0.0,0.0,0.0,0.0,121,Mineralwasser,Getränke,,MwSt. 19%,1.19,4.705882,0.894118,Normalverkauf
S1000157.24091,SP1000157.34.24091,SY1000157.2026.24091,iPad1(1000157),157,02.06.26 12:20,Prod,A1000157.6149,Tisch 6,118,S1000157.24091,VOID,1,10.9,10.9,0.0,0.0,0.0,0.0,104,Thunfisch Wrap,Hauptgerichte,,MwSt. 7%,1.07,10.186916,0.713084,Normalverkauf
S1000157.24092,SP1000157.34.24092,SY1000157.2026.24092,iPad1(1000157),157,02.06.26 11:50,Prod,A1000157.6150,Tisch 3,120,S1000157.24092,SALE,1,4.2,4.2,0.0,0.0,0.0,0.0,122,Bier,Getränke,,MwSt. 19%,1.19,3.529412,0.670588,Normalverkauf
S1000157.24093,SP1000157.34.24093,SY1000157.2026.24093,iPad1(1000157),157,02.06.26 11:50,Prod,A1000157.6150,Tisch 3,120,S1000157.24093,SALE,1,6.9,6.9,0.0,0.0,0.0,0.0,113,Garnelen Box,Beilagen,,MwSt. 7%,1.07,6.448598,0.451402,Normalverkauf
S1000157.24094,SP1000157.34.24094,SY1000157.2026.24094,iPad1(1000157),157,02.06.26 14:08,Prod,A1000157.6151,Tisch 5,101,S1000157.24094,SALE,1,3.9,3.9,0.0,0.0,0.0,0.0,119,Cola,Getränke,,MwSt. 19%,1.19,3.277311,0.622689,Normalverkauf
S1000157.24095,SP1000157.34.24095,SY1000157.2026.24095,iPad1(1000157),157,02.06.26 14:08,Prod,A1000157.6151,Tisch 5,101,S1000157.24095,SALE,1,3.9,3.9,0.0,0.0,0.0,0.0,127,Alkoholfreies Bier,Getränke,,MwSt. 19%,1.19,3.277311,0.622689,Normalverkauf
S1000157.24096,SP1000157.34.24096,SY1000157.2026.24096,iPad1(1000157),157,02.06.26 14:08,Prod,A1000157.6151,Tisch 5,101,S1000157.24096,SALE,2,4.2,8.4,0.0,0.0,0.0,0.0,122,Bier,Getränke,,MwSt. 19%,1.19,7.058824,1.341176,Normalverkauf
S1000157.24097,SP1000157.34.24097,SY1000157.2026.24097,iPad1(1000157),157,02.06.26 19:04,Prod,A1000157.6152,Tisch 13,108,S1000157.24097,SALE,2,3.9,7.8,0.0,0.0,0.0,0.0,127,Alkoholfreies Bier,Getränke,,MwSt. 19%,1.19,6.554622,1.245378,Normalverkauf
S1000157.24098,SP1000157.34.24098,SY1000157.2026.24098,iPad1(1000157),157,02.06.26 17:01,Prod,A1000157.6153,Tisch 3,117,S1000157.24098,SALE,2,5.9,11.8,0.0,0.0,0.0,0.0,117,Rote Grütze,Desserts,,MwSt. 7%,1.07,11.028037,0.771963,Normalverkauf
S1000157.24099,SP1000157.34.24099,SY1000157.2026.24099,iPad1(1000157),157,02.06.26 17:01,Prod,A1000157.6153,Tisch 3,117,S1000157.24099,SALE,1,10.9,10.9,0.0,0.0,0.0,0.0,107,Chicken Burger,Hauptgerichte,,MwSt. 7%,1.07,10.186916,0.713084,Normalverkauf
S1000157.24100,SP1000157.34.24100,SY1000157.2026.24100,iPad1(1000157),157,02.06.26 17:01,Prod,A1000157.6153,Tisch 3,117,S1000157.24100,SALE,2,2.8,5.6,0.0,0.0,0.0,0.0,121,Mineralwasser,Getränke,,MwSt. 19%,1.19,4.705882,0.894118,Normalverkauf
S1000157.24101,SP1000157.34.24101,SY1000157.2026.24101,iPad1(1000157),157,02.06.26 19:33,Prod,A1000157.6154,Tisch 20,117,S1000157.24101,SALE,2,5.9,11.8,0.0,0.0,0.0,0.0,116,Vanillequark,Desserts,,MwSt. 7%,1.07,11.028037,0.771963,Normalverkauf
S1000157.24102,SP1000157.34.24102,SY1000157.2026.24102,iPad1(1000157),157,02.06.26 19:33,Prod,A1000157.6154,Tisch 20,117,S1000157.24102,SALE,1,6.9,6.9,0.0,0.0,0.0,0.0,103,Fischbrötchen Räucherlachs,Hauptspeisen,,MwSt. 7%,1.07,6.448598,0.451402,Normalverkauf
S1000157.24103,SP1000157.34.24103,SY1000157.2026.24103,iPad1(1000157),157,02.06.26 17:51,Prod,A1000157.6155,Tisch 15,115,S1000157.24103,SALE,1,10.9,10.9,0.0,0.0,0.0,0.0,104,Thunfisch Wrap,Hauptgerichte,,MwSt. 7%,1.07,10.186916,0.713084,Normalverkauf
S1000157.24104,SP1000157.34.24104,SY1000157.2026.24104,iPad1(1000157),157,02.06.26 17:51,Prod,A1000157.6155,Tisch 15,115,S1000157.24104,SALE,2,10.9,21.8,0.0,0.0,0.0,0.0,104,Thunfisch Wrap,Hauptgerichte,,MwSt. 7%,1.07,20.373832,1.426168,Normalverkauf
S1000157.24105,SP1000157.34.24105,SY1000157.2026.24105,iPad1(1000157),157,02.06.26 20:50,Prod,A1000157.6156,Tisch 15,120,S1000157.24105,SALE,1,3.9,3.9,0.0,0.0,0.0,0.0,119,Cola,Getränke,,MwSt. 19%,1.19,3.277311,0.622689,Normalverkauf
S1000157.24106,SP1000157.34.24106,SY1000157.2026.24106,iPad1(1000157),157,02.06.26 20:50,Prod,A1000157.6156,Tisch 15,120,S1000157.24106,SALE,2,14.5,29.0,0.0,0.0,0.0,0.0,101,Lachs,Hauptspeisen,,MwSt. 7%,1.07,27.102804,1.897196,Normalverkauf
S1000157.24107,SP1000157.34.24107,SY1000157.2026.24107,iPad1(1000157),157,02.06.26 20:50,Prod,A1000157.6156,Tisch 15,120,S1000157.24107,SALE,2,4.2,8.4,0.0,0.0,0.0,0.0,122,Bier,Getränke,,MwSt. 19%,1.19,7.058824,1.341176,Normalverkauf
S1000157.24108,SP1000157.34.24108,SY1000157.2026.24108,iPad1(1000157),157,02.06.26 20:39,Prod,A1000157.6157,Tisch 1,120,S1000157.24108,SALE,1,3.9,3.9,0.0,0.0,0.0,0.0,119,Cola,Getränke,,MwSt. 19%,1.19,3.277311,0.622689,Normalverkauf
S1000157.24109,SP1000157.34.24109,SY1000157.2026.24109,iPad1(1000157),157,02.06.26 20:39,Prod,A1000157.6157,Tisch 1,120,S1000157.24109,SALE,1,4.2,4.2,0.0,0.0,0.0,0.0,122,Bier,Getränke,,MwSt. 19%,1.19,3.529412,0.670588,Normalverkauf
S1000157.24110,SP1000157.34.24110,SY1000157.2026.24110,iPad1(1000157),157,02.06.26 16:11,Prod,A1000157.6158,Tisch 7,101,S1000157.24110,SALE,1,6.5,6.5,0.0,0.0,0.0,0.0,100,Fischbrötchen Backfisch,Hauptspeisen,,MwSt. 7%,1.07,6.074766,0.425234,Normalverkauf
S1000157.24111,SP1000157.34.24111,SY1000157.2026.24111,iPad1(1000157),157,02.06.26 16:11,Prod,A1000157.6158,Tisch 7,101,S1000157.24111,SALE,1,13.5,13.5,0.0,0.0,0.0,0.0,102,Matjes,Hauptspeisen,,MwSt. 7%,1.07,12.616822,0.883178,Normalverkauf
S1000157.24112,SP1000157.34.24112,SY1000157.2026.24112,iPad1(1000157),157,02.06.26 16:11,Prod,A1000157.6158,Tisch 7,101,S1000157.24112,SALE,2,2.8,5.6,0.0,0.0,0.0,0.0,121,Mineralwasser,Getränke,,MwSt. 19%,1.19,4.705882,0.894118,Normalverkauf
S1000157.24113,SP1000157.34.24113,SY1000157.2026.24113,iPad1(1000157),157,02.06.26 18:56,Prod,A1000157.6159,Tisch 16,120,S1000157.24113,SALE,2,4.9,9.8,0.0,0.0,0.0,0.0,112,Kartoffelwedges,Beilagen,,MwSt. 7%,1.07,9.158879,0.641121,Normalverkauf
S1000157.24114,SP1000157.34.24114,SY1000157.2026.24114,iPad1(1000157),157,02.06.26 18:56,Prod,A1000157.6159,Tisch 16,120,S1000157.24114,SALE,1,4.2,4.2,0.0,0.0,0.0,0.0,122,Bier,Getränke,,MwSt. 19%,1.19,3.529412,0.670588,Normalverkauf
S1000157.24115,SP1000157.34.24115,SY1000157.2026.24115,iPad1(1000157),157,02.06.26 17:31,Prod,A1000157.6160,,108,S1000157.24115,VOID,2,14.5,29.0,0.0,0.0,0.0,0.0,101,Lachs,Hauptspeisen,,MwSt. 7%,1.07,27.102804,1.897196,Normalverkauf
S1000157.24116,SP1000157.34.24116,SY1000157.2026.24116,iPad1(1000157),157,02.06.26 17:31,Prod,A1000157.6160,,108,S1000157.24116,VOID,1,6.5,6.5,0.0,0.0,0.0,0.0,100,Fischbrötchen Backfisch,Hauptspeisen,,MwSt. 7%,1.07,6.074766,0.425234,Normalverkauf
S1000157.24117,SP1000157.34.24117,SY1000157.2026.24117,iPad1(1000157),157,02.06.26 17:31,Prod,A1000157.6160,,108,S1000157.24117,VOID,2,11.5,23.0,0.0,0.0,0.0,0.0,105,Garnelen-Kimchi-Bruger,Hauptgerichte,,MwSt. 7%,1.07,21.495327,1.504673,Normalverkauf
S1000157.24118,SP1000157.34.24118,SY1000157.2026.24118,iPad1(1000157),157,02.06.26 11:41,Prod,A1000157.6161,,101,S1000157.24118,SALE,2,2.8,5.6,0.0,0.0,0.0,0.0,121,Mineralwasser,Getränke,,MwSt. 19%,1.19,4.705882,0.894118,Normalverkauf
S1000157.24119,SP1000157.34.24119,SY1000157.2026.24119,iPad1(1000157),157,02.06.26 11:41,Prod,A1000157.6161,,101,S1000157.24119,SALE,2,3.9,7.8,0.0,0.0,0.0,0.0,127,Alkoholfreies Bier,Getränke,,MwSt. 19%,1.19,6.554622,1.245378,Normalverkauf
S1000157.24120,SP1000157.34.24120,SY1000157.2026.24120,iPad1(1000157),157,02.06.26 11:41,Prod,A1000157.6161,,101,S1000157.24120,SALE,1,4.2,4.2,0.0,0.0,0.0,0.0,122,Bier,Getränke,,MwSt. 19%,1.19,3.529412,0.670588,Normalverkauf
S1000157.24121,SP1000157.34.24121,SY1000157.2026.24121,iPad1(1000157),157,02.06.26 16:30,Prod,A1000157.6162,,120,S1000157.24121,SALE,2,6.5,13.0,0.0,0.0,0.0,0.0,118,Schokokuchen,Desserts,,MwSt. 7%,1.07,12.149533,0.850467,Normalverkauf
S1000157.24122,SP1000157.34.24122,SY1000157.2026.24122,iPad1(1000157),157,02.06.26 16:30,Prod,A1000157.6162,,120,S1000157.24122,SALE,1,6.9,6.9,0.0,0.0,0.0,0.0,103,Fischbrötchen Räucherlachs,Hauptspeisen,,MwSt. 7%,1.07,6.448598,0.451402,Normalverkauf
S1000157.24123,SP1000157.34.24123,SY1000157.2026.24123,iPad1(1000157),157,02.06.26 16:30,Prod,A1000157.6162,,120,S1000157.24123,SALE,2,2.8,5.6,0.0,0.0,0.0,0.0,121,Mineralwasser,Getränke,,MwSt. 19%,1.19,4.705882,0.894118,Normalverkauf
S1000157.24124,SP1000157.34.24124,SY1000157.2026.24124,iPad1(1000157),157,02.06.26 15:17,Prod,A1000157.6163,Tisch 16,120,S1000157.24124,SALE,2,4.9,9.8,0.0,0.0,0.0,0.0,112,Kartoffelwedges,Beilagen,,MwSt. 7%,1.07,9.158879,0.641121,Normalverkauf
S1000157.24125,SP1000157.34.24125,SY1000157.2026.24125,iPad1(1000157),157,02.06.26 15:17,Prod,A1000157.6163,Tisch 16,120,S1000157.24125,SALE,2,3.9,7.8,0.0,0.0,0.0,0.0,126,Spezi,Getränke,,MwSt. 19%,1.19,6.554622,1.245378,Normalverkauf
S1000157.24126,SP1000157.34.24126,SY1000157.2026.24126,iPad1(1000157),157,02.06.26 15:17,Prod,A1000157.6163,Tisch 16,120,S1000157.24126,SALE,1,9.8,9.8,0.0,0.0,0.0,0.0,108,Seelachs-Ei-Baugette,Hauptgerichte,,MwSt. 7%,1.07,9.158879,0.641121,Normalverkauf
S1000157.24127,SP1000157.34.24127,SY1000157.2026.24127,iPad1(1000157),157,02.06.26 11:36,Prod,A1000157.6164,Tisch 20,118,S1000157.24127,VOID,1,5.9,5.9,0.0,0.0,0.0,0.0,116,Vanillequark,Desserts,,MwSt. 7%,1.07,5.514019,0.385981,Normalverkauf
S1000157.24128,SP1000157.34.24128,SY1000157.2026.24128,iPad1(1000157),157,02.06.26 11:36,Prod,A1000157.6164,Tisch 20,118,S1000157.24128,VOID,2,3.9,7.8,0.0,0.0,0.0,0.0,126,Spezi,Getränke,,MwSt. 19%,1.19,6.554622,1.245378,Normalverkauf
S1000157.24129,SP1000157.34.24129,SY1000157.2026.24129,iPad1(1000157),157,02.06.26 19:56,Prod,A1000157.6165,,108,S1000157.24129,SALE,2,2.8,5.6,0.0,0.0,0.0,0.0,121,Mineralwasser,Getränke,,MwSt. 19%,1.19,4.705882,0.894118,Normalverkauf
S1000157.24130,SP1000157.34.24130,SY1000157.2026.24130,iPad1(1000157),157,02.06.26 19:56,Prod,A1000157.6165,,108,S1000157.24130,SALE,2,10.9,21.8,0.0,0.0,0.0,0.0,109,Bismarck-Baguette,Hauptgerichte,,MwSt. 7%,1.07,20.373832,1.426168,Normalverkauf
S1000157.24131,SP1000157.34.24131,SY1000157.2026.24131,iPad1(1000157),157,02.06.26 19:56,Prod,A1000157.6165,,108,S1000157.24131,SALE,1,6.9,6.9,0.0,0.0,0.0,0.0,103,Fischbrötchen Räucherlachs,Hauptspeisen,,MwSt. 7%,1.07,6.448598,0.451402,Normalverkauf
S1000157.24132,SP1000157.34.24132,SY1000157.2026.24132,iPad1(1000157),157,02.06.26 10:06,Prod,A1000157.6166,Tisch 5,117,S1000157.24132,SALE,1,6.5,6.5,0.0,0.0,0.0,0.0,100,Fischbrötchen Backfisch,Hauptspeisen,,MwSt. 7%,1.07,6.074766,0.425234,Normalverkauf
S1000157.24133,SP1000157.34.24133,SY1000157.2026.24133,iPad1(1000157),157,02.06.26 10:06,Prod,A1000157.6166,Tisch 5,117,S1000157.24133,SALE,2,10.9,21.8,0.0,0.0,0.0,0.0,109,Bismarck-Baguette,Hauptgerichte,,MwSt. 7%,1.07,20.373832,1.426168,Normalverkauf
S1000157.24134,SP1000157.34.24134,SY1000157.2026.24134,iPad1(1000157),157,02.06.26 13:54,Prod,A1000157.6167,Tisch 23,104,S1000157.24134,SALE,2,5.9,11.8,0.0,0.0,0.0,0.0,117,Rote Grütze,Desserts,,MwSt. 7%,1.07,11.028037,0.771963,Normalverkauf
S1000157.24135,SP1000157.34.24135,SY1000157.2026.24135,iPad1(1000157),157,02.06.26 13:54,Prod,A1000157.6167,Tisch 23,104,S1000157.24135,SALE,2,3.9,7.8,0.0,0.0,0.0,0.0,126,Spezi,Getränke,,MwSt. 19%,1.19,6.554622,1.245378,Normalverkauf
S1000157.24136,SP1000157.34.24136,SY1000157.2026.24136,iPad1(1000157),157,02.06.26 13:54,Prod,A1000157.6167,Tisch 23,104,S1000157.24136,SALE,2,10.9,21.8,0.0,0.0,0.0,0.0,109,Bismarck-Baguette,Hauptgerichte,,MwSt. 7%,1.07,20.373832,1.426168,Normalverkauf
S1000157.24137,SP1000157.34.24137,SY1000157.2026.24137,iPad1(1000157),157,02.06.26 08:40,Prod,A1000157.6168,Tisch 13,108,S1000157.24137,SALE,2,5.9,11.8,0.0,0.0,0.0,0.0,123,Inger-Limonade,Getränke,,MwSt. 19%,1.19,9.915966,1.884034,Normalverkauf
S1000157.24138,SP1000157.34.24138,SY1000157.2026.24138,iPad1(1000157),157,02.06.26 08:40,Prod,A1000157.6168,Tisch 13,108,S1000157.24138,SALE,1,2.8,2.8,0.0,0.0,0.0,0.0,121,Mineralwasser,Getränke,,MwSt. 19%,1.19,2.352941,0.447059,Normalverkauf
S1000157.24139,SP1000157.34.24139,SY1000157.2026.24139,iPad1(1000157),157,02.06.26 12:34,Prod,A1000157.6169,Tisch 8,117,S1000157.24139,SALE,2,6.9,13.8,0.0,0.0,0.0,0.0,103,Fischbrötchen Räucherlachs,Hauptspeisen,,MwSt. 7%,1.07,12.897196,0.902804,Normalverkauf
S1000157.24140,SP1000157.34.24140,SY1000157.2026.24140,iPad1(1000157),157,02.06.26 12:34,Prod,A1000157.6169,Tisch 8,117,S1000157.24140,SALE,1,6.9,6.9,0.0,0.0,0.0,0.0,103,Fischbrötchen Räucherlachs,Hauptspeisen,,MwSt. 7%,1.07,6.448598,0.451402,Normalverkauf
S1000157.24141,SP1000157.34.24141,SY1000157.2026.24141,iPad1(1000157),157,02.06.26 12:34,Prod,A1000157.6169,Tisch 8,117,S1000157.24141,SALE,2,3.2,6.4,0.0,0.0,0.0,0.0,120,Apfelschorle,Getränke,,MwSt. 19%,1.19,5.378151,1.021849,Normalverkauf
S1000157.24142,SP1000157.34.24142,SY1000157.2026.24142,iPad1(1000157),157,02.06.26 17:14,Prod,A1000157.6170,Tisch 7,117,S1000157.24142,SALE,1,3.9,3.9,0.0,0.0,0.0,0.0,124,Cola Zero,Getränke,,MwSt. 19%,1.19,3.277311,0.622689,Normalverkauf
S1000157.24143,SP1000157.34.24143,SY1000157.2026.24143,iPad1(1000157),157,02.06.26 17:14,Prod,A1000157.6170,Tisch 7,117,S1000157.24143,SALE,2,10.9,21.8,0.0,0.0,0.0,0.0,109,Bismarck-Baguette,Hauptgerichte,,MwSt. 7%,1.07,20.373832,1.426168,Normalverkauf
S1000157.24144,SP1000157.34.24144,SY1000157.2026.24144,iPad1(1000157),157,02.06.26 19:16,Prod,A1000157.6171,Tisch 17,101,S1000157.24144,SALE,2,6.9,13.8,0.0,0.0,0.0,0.0,113,Garnelen Box,Beilagen,,MwSt. 7%,1.07,12.897196,0.902804,Normalverkauf
S1000157.24145,SP1000157.34.24145,SY1000157.2026.24145,iPad1(1000157),157,02.06.26 19:16,Prod,A1000157.6171,Tisch 17,101,S1000157.24145,SALE,2,14.5,29.0,0.0,0.0,0.0,0.0,101,Lachs,Hauptspeisen,,MwSt. 7%,1.07,27.102804,1.897196,Normalverkauf
S1000157.24146,SP1000157.34.24146,SY1000157.2026.24146,iPad1(1000157),157,02.06.26 10:55,Prod,A1000157.6172,Tisch 6,120,S1000157.24146,SALE,1,4.9,4.9,0.0,0.0,0.0,0.0,112,Kartoffelwedges,Beilagen,,MwSt. 7%,1.07,4.579439,0.320561,Normalverkauf
S1000157.24147,SP1000157.34.24147,SY1000157.2026.24147,iPad1(1000157),157,02.06.26 10:55,Prod,A1000157.6172,Tisch 6,120,S1000157.24147,SALE,1,14.5,14.5,0.0,0.0,0.0,0.0,101,Lachs,Hauptspeisen,,MwSt. 7%,1.07,13.551402,0.948598,Normalverkauf
S1000157.24148,SP1000157.34.24148,SY1000157.2026.24148,iPad1(1000157),157,02.06.26 13:11,Prod,A1000157.6173,Tisch 17,101,S1000157.24148,SALE,1,5.9,5.9,0.0,0.0,0.0,0.0,125,Zitronen-Limonade,Getränke,,MwSt. 19%,1.19,4.957983,0.942017,Normalverkauf
S1000157.24149,SP1000157.34.24149,SY1000157.2026.24149,iPad1(1000157),157,02.06.26 13:11,Prod,A1000157.6173,Tisch 17,101,S1000157.24149,SALE,1,6.9,6.9,0.0,0.0,0.0,0.0,103,Fischbrötchen Räucherlachs,Hauptspeisen,,MwSt. 7%,1.07,6.448598,0.451402,Normalverkauf
S1000157.24150,SP1000157.34.24150,SY1000157.2026.24150,iPad1(1000157),157,02.06.26 13:11,Prod,A1000157.6173,Tisch 17,101,S1000157.24150,SALE,1,6.9,6.9,0.0,0.0,0.0,0.0,103,Fischbrötchen Räucherlachs,Hauptspeisen,,MwSt. 7%,1.07,6.448598,0.451402,Normalverkauf
S1000157.24151,SP1000157.34.24151,SY1000157.2026.24151,iPad1(1000157),157,02.06.26 16:20,Prod,A1000157.6174,Tisch 6,118,S1000157.24151,SALE,2,3.9,7.8,0.0,0.0,0.0,0.0,119,Cola,Getränke,,MwSt. 19%,1.19,6.554622,1.245378,Normalverkauf
S1000157.24152,SP1000157.34.24152,SY1000157.2026.24152,iPad1(1000157),157,02.06.26 16:20,Prod,A1000157.6174,Tisch 6,118,S1000157.24152,SALE,2,11.9,23.8,0.0,0.0,0.0,0.0,110,Matjes-Baguette,Hauptgerichte,,MwSt. 7%,1.07,22.242991,1.557009,Normalverkauf
S1000157.24153,SP1000157.34.24153,SY1000157.2026.24153,iPad1(1000157),157,02.06.26 13:08,Prod,A1000157.6175,,118,S1000157.24153,SALE,1,5.5,5.5,0.0,0.0,0.0,0.0,111,Pommes Frites,Beilagen,,MwSt. 7%,1.07,5.140187,0.359813,Normalverkauf
S1000157.24154,SP1000157.34.24154,SY1000157.2026.24154,iPad1(1000157),157,02.06.26 12:40,Prod,A1000157.6176,Tisch 21,104,S1000157.24154,SALE,2,4.2,8.4,0.0,0.0,0.0,0.0,122,Bier,Getränke,,MwSt. 19%,1.19,7.058824,1.341176,Normalverkauf
S1000157.24155,SP1000157.34.24155,SY1000157.2026.24155,iPad1(1000157),157,02.06.26 12:40,Prod,A1000157.6176,Tisch 21,104,S1000157.24155,SALE,1,6.5,6.5,0.0,0.0,0.0,0.0,100,Fischbrötchen Backfisch,Hauptspeisen,,MwSt. 7%,1.07,6.074766,0.425234,Normalverkauf
S1000157.24156,SP1000157.34.24156,SY1000157.2026.24156,iPad1(1000157),157,02.06.26 12:40,Prod,A1000157.6176,Tisch 21,104,S1000157.24156,SALE,1,10.9,10.9,0.0,0.0,0.0,0.0,109,Bismarck-Baguette,Hauptgerichte,,MwSt. 7%,1.07,10.186916,0.713084,Normalverkauf
S1000157.24157,SP1000157.34.24157,SY1000157.2026.24157,iPad1(1000157),157,02.06.26 14:53,Prod,A1000157.6177,Tisch 23,117,S1000157.24157,SALE,2,5.9,11.8,0.0,0.0,0.0,0.0,123,Inger-Limonade,Getränke,,MwSt. 19%,1.19,9.915966,1.884034,Normalverkauf
S1000157.24158,SP1000157.34.24158,SY1000157.2026.24158,iPad1(1000157),157,02.06.26 14:53,Prod,A1000157.6177,Tisch 23,117,S1000157.24158,SALE,1,3.9,3.9,0.0,0.0,0.0,0.0,126,Spezi,Getränke,,MwSt. 19%,1.19,3.277311,0.622689,Normalverkauf
S1000157.24159,SP1000157.34.24159,SY1000157.2026.24159,iPad1(1000157),157,02.06.26 13:08,Prod,A1000157.6178,Tisch 8,101,S1000157.24159,VOID,2,6.5,13.0,0.0,0.0,0.0,0.0,100,Fischbrötchen Backfisch,Hauptspeisen,,MwSt. 7%,1.07,12.149533,0.850467,Normalverkauf
S1000157.24160,SP1000157.34.24160,SY1000157.2026.24160,iPad1(1000157),157,02.06.26 13:08,Prod,A1000157.6178,Tisch 8,101,S1000157.24160,VOID,1,6.5,6.5,0.0,0.0,0.0,0.0,100,Fischbrötchen Backfisch,Hauptspeisen,,MwSt. 7%,1.07,6.074766,0.425234,Normalverkauf
S1000157.24161,SP1000157.34.24161,SY1000157.2026.24161,iPad1(1000157),157,02.06.26 15:14,Prod,A1000157.6179,Tisch 7,104,S1000157.24161,SALE,1,4.2,4.2,0.0,0.0,0.0,0.0,122,Bier,Getränke,,MwSt. 19%,1.19,3.529412,0.670588,Normalverkauf
S1000157.24162,SP1000157.34.24162,SY1000157.2026.24162,iPad1(1000157),157,02.06.26 10:43,Prod,A1000157.6180,Tisch 3,120,S1000157.24162,SALE,1,3.9,3.9,0.0,0.0,0.0,0.0,119,Cola,Getränke,,MwSt. 19%,1.19,3.277311,0.622689,Normalverkauf
S1000157.24163,SP1000157.34.24163,SY1000157.2026.24163,iPad1(1000157),157,02.06.26 10:43,Prod,A1000157.6180,Tisch 3,120,S1000157.24163,SALE,2,4.2,8.4,0.0,0.0,0.0,0.0,122,Bier,Getränke,,MwSt. 19%,1.19,7.058824,1.341176,Normalverkauf
S1000157.24164,SP1000157.34.24164,SY1000157.2026.24164,iPad1(1000157),157,02.06.26 10:43,Prod,A1000157.6180,Tisch 3,120,S1000157.24164,SALE,2,10.9,21.8,0.0,0.0,0.0,0.0,104,Thunfisch Wrap,Hauptgerichte,,MwSt. 7%,1.07,20.373832,1.426168,Normalverkauf
S1000157.24165,SP1000157.34.24165,SY1000157.2026.24165,iPad1(1000157),157,02.06.26 20:42,Prod,A1000157.6181,Tisch 14,115,S1000157.24165,SALE,1,4.9,4.9,0.0,0.0,0.0,0.0,112,Kartoffelwedges,Beilagen,,MwSt. 7%,1.07,4.579439,0.320561,Normalverkauf
S1000157.24166,SP1000157.34.24166,SY1000157.2026.24166,iPad1(1000157),157,02.06.26 16:23,Prod,A1000157.6182,Tisch 22,101,S1000157.24166,SALE,2,2.8,5.6,0.0,0.0,0.0,0.0,121,Mineralwasser,Getränke,,MwSt. 19%,1.19,4.705882,0.894118,Normalverkauf
S1000157.24167,SP1000157.34.24167,SY1000157.2026.24167,iPad1(1000157),157,02.06.26 20:58,Prod,A1000157.6183,Tisch 16,101,S1000157.24167,VOID,2,7.9,15.8,0.0,0.0,0.0,0.0,106,Neptun-Ringe,Beilagen,,MwSt. 7%,1.07,14.766355,1.033645,Normalverkauf
S1000157.24168,SP1000157.34.24168,SY1000157.2026.24168,iPad1(1000157),157,02.06.26 20:58,Prod,A1000157.6183,Tisch 16,101,S1000157.24168,VOID,1,6.5,6.5,0.0,0.0,0.0,0.0,100,Fischbrötchen Backfisch,Hauptspeisen,,MwSt. 7%,1.07,6.074766,0.425234,Normalverkauf
S1000157.24169,SP1000157.34.24169,SY1000157.2026.24169,iPad1(1000157),157,02.06.26 19:23,Prod,A1000157.6184,,104,S1000157.24169,SALE,2,14.5,29.0,0.0,0.0,0.0,0.0,101,Lachs,Hauptspeisen,,MwSt. 7%,1.07,27.102804,1.897196,Normalverkauf
S1000157.24170,SP1000157.34.24170,SY1000157.2026.24170,iPad1(1000157),157,02.06.26 19:23,Prod,A1000157.6184,,104,S1000157.24170,SALE,1,3.9,3.9,0.0,0.0,0.0,0.0,124,Cola Zero,Getränke,,MwSt. 19%,1.19,3.277311,0.622689,Normalverkauf
S1000157.24171,SP1000157.34.24171,SY1000157.2026.24171,iPad1(1000157),157,02.06.26 19:23,Prod,A1000157.6184,,104,S1000157.24171,SALE,1,3.9,3.9,0.0,0.0,0.0,0.0,126,Spezi,Getränke,,MwSt. 19%,1.19,3.277311,0.622689,Normalverkauf
S1000157.24172,SP1000157.34.24172,SY1000157.2026.24172,iPad1(1000157),157,02.06.26 16:22,Prod,A1000157.6185,Tisch 9,118,S1000157.24172,SALE,2,4.9,9.8,0.0,0.0,0.0,0.0,112,Kartoffelwedges,Beilagen,,MwSt. 7%,1.07,9.158879,0.641121,Normalverkauf
S1000157.24173,SP1000157.34.24173,SY1000157.2026.24173,iPad1(1000157),157,02.06.26 16:22,Prod,A1000157.6185,Tisch 9,118,S1000157.24173,SALE,1,3.2,3.2,0.0,0.0,0.0,0.0,120,Apfelschorle,Getränke,,MwSt. 19%,1.19,2.689076,0.510924,Normalverkauf
S1000157.24174,SP1000157.34.24174,SY1000157.2026.24174,iPad1(1000157),157,02.06.26 12:52,Prod,A1000157.6186,Tisch 7,101,S1000157.24174,SALE,1,3.9,3.9,0.0,0.0,0.0,0.0,126,Spezi,Getränke,,MwSt. 19%,1.19,3.277311,0.622689,Normalverkauf
S1000157.24175,SP1000157.34.24175,SY1000157.2026.24175,iPad1(1000157),157,02.06.26 12:22,Prod,A1000157.6187,Tisch 22,115,S1000157.24175,SALE,1,6.9,6.9,0.0,0.0,0.0,0.0,113,Garnelen Box,Beilagen,,MwSt. 7%,1.07,6.448598,0.451402,Normalverkauf
S1000157.24176,SP1000157.34.24176,SY1000157.2026.24176,iPad1(1000157),157,02.06.26 17:06,Prod,A1000157.6188,Tisch 6,108,S1000157.24176,SALE,2,11.9,23.8,0.0,0.0,0.0,0.0,110,Matjes-Baguette,Hauptgerichte,,MwSt. 7%,1.07,22.242991,1.557009,Normalverkauf
S1000157.24177,SP1000157.34.24177,SY1000157.2026.24177,iPad1(1000157),157,02.06.26 19:51,Prod,A1000157.6189,Tisch 16,108,S1000157.24177,SALE,2,6.5,13.0,0.0,0.0,0.0,0.0,118,Schokokuchen,Desserts,,MwSt. 7%,1.07,12.149533,0.850467,Normalverkauf
S1000157.24178,SP1000157.34.24178,SY1000157.2026.24178,iPad1(1000157),157,02.06.26 19:51,Prod,A1000157.6189,Tisch 16,108,S1000157.24178,SALE,1,6.9,6.9,0.0,0.0,0.0,0.0,113,Garnelen Box,Beilagen,,MwSt. 7%,1.07,6.448598,0.451402,Normalverkauf
S1000157.24179,SP1000157.34.24179,SY1000157.2026.24179,iPad1(1000157),157,02.06.26 20:48,Prod,A1000157.6190,Tisch 2,115,S1000157.24179,SALE,1,7.9,7.9,0.0,0.0,0.0,0.0,115,Tiramisu,Desserts,,MwSt. 7%,1.07,7.383178,0.516822,Normalverkauf
S1000157.24180,SP1000157.34.24180,SY1000157.2026.24180,iPad1(1000157),157,02.06.26 20:48,Prod,A1000157.6190,Tisch 2,115,S1000157.24180,SALE,1,2.8,2.8,0.0,0.0,0.0,0.0,121,Mineralwasser,Getränke,,MwSt. 19%,1.19,2.352941,0.447059,Normalverkauf
S1000157.24181,SP1000157.34.24181,SY1000157.2026.24181,iPad1(1000157),157,02.06.26 20:48,Prod,A1000157.6190,Tisch 2,115,S1000157.24181,SALE,1,4.9,4.9,0.0,0.0,0.0,0.0,112,Kartoffelwedges,Beilagen,,MwSt. 7%,1.07,4.579439,0.320561,Normalverkauf
S1000157.24182,SP1000157.34.24182,SY1000157.2026.24182,iPad1(1000157),157,02.06.26 18:20,Prod,A1000157.6191,Tisch 8,101,S1000157.24182,SALE,1,3.9,3.9,0.0,0.0,0.0,0.0,126,Spezi,Getränke,,MwSt. 19%,1.19,3.277311,0.622689,Normalverkauf
S1000157.24183,SP1000157.34.24183,SY1000157.2026.24183,iPad1(1000157),157,02.06.26 18:20,Prod,A1000157.6191,Tisch 8,101,S1000157.24183,SALE,2,3.9,7.8,0.0,0.0,0.0,0.0,124,Cola Zero,Getränke,,MwSt. 19%,1.19,6.554622,1.245378,Normalverkauf
S1000157.24184,SP1000157.34.24184,SY1000157.2026.24184,iPad1(1000157),157,02.06.26 10:52,Prod,A1000157.6192,Tisch 11,117,S1000157.24184,SALE,1,3.9,3.9,0.0,0.0,0.0,0.0,126,Spezi,Getränke,,MwSt. 19%,1.19,3.277311,0.622689,Normalverkauf
S1000157.24185,SP1000157.34.24185,SY1000157.2026.24185,iPad1(1000157),157,02.06.26 13:28,Prod,A1000157.6193,Tisch 4,117,S1000157.24185,SALE,1,2.8,2.8,0.0,0.0,0.0,0.0,121,Mineralwasser,Getränke,,MwSt. 19%,1.19,2.352941,0.447059,Normalverkauf
S1000157.24186,SP1000157.34.24186,SY1000157.2026.24186,iPad1(1000157),157,02.06.26 13:28,Prod,A1000157.6193,Tisch 4,117,S1000157.24186,SALE,1,10.9,10.9,0.0,0.0,0.0,0.0,104,Thunfisch Wrap,Hauptgerichte,,MwSt. 7%,1.07,10.186916,0.713084,Normalverkauf
S1000157.24187,SP1000157.34.24187,SY1000157.2026.24187,iPad1(1000157),157,02.06.26 11:04,Prod,A1000157.6194,Tisch 18,118,S1000157.24187,SALE,1,11.9,11.9,0.0,0.0,0.0,0.0,110,Matjes-Baguette,Hauptgerichte,,MwSt. 7%,1.07,11.121495,0.778505,Normalverkauf
S1000157.24188,SP1000157.34.24188,SY1000157.2026.24188,iPad1(1000157),157,02.06.26 11:04,Prod,A1000157.6194,Tisch 18,118,S1000157.24188,SALE,1,3.2,3.2,0.0,0.0,0.0,0.0,120,Apfelschorle,Getränke,,MwSt. 19%,1.19,2.689076,0.510924,Normalverkauf
S1000157.24189,SP1000157.34.24189,SY1000157.2026.24189,iPad1(1000157),157,02.06.26 12:17,Prod,A1000157.6195,Tisch 10,115,S1000157.24189,SALE,2,6.9,13.8,0.0,0.0,0.0,0.0,103,Fischbrötchen Räucherlachs,Hauptspeisen,,MwSt. 7%,1.07,12.897196,0.902804,Normalverkauf
S1000157.24190,SP1000157.34.24190,SY1000157.2026.24190,iPad1(1000157),157,02.06.26 12:17,Prod,A1000157.6195,Tisch 10,115,S1000157.24190,SALE,1,6.5,6.5,0.0,0.0,0.0,0.0,118,Schokokuchen,Desserts,,MwSt. 7%,1.07,6.074766,0.425234,Normalverkauf
S1000157.24191,SP1000157.34.24191,SY1000157.2026.24191,iPad1(1000157),157,02.06.26 12:17,Prod,A1000157.6195,Tisch 10,115,S1000157.24191,SALE,2,4.2,8.4,0.0,0.0,0.0,0.0,122,Bier,Getränke,,MwSt. 19%,1.19,7.058824,1.341176,Normalverkauf
S1000157.24192,SP1000157.34.24192,SY1000157.2026.24192,iPad1(1000157),157,02.06.26 17:34,Prod,A1000157.6196,Tisch 20,104,S1000157.24192,SALE,2,3.9,7.8,0.0,0.0,0.0,0.0,127,Alkoholfreies Bier,Getränke,,MwSt. 19%,1.19,6.554622,1.245378,Normalverkauf
S1000157.24193,SP1000157.34.24193,SY1000157.2026.24193,iPad1(1000157),157,02.06.26 11:27,Prod,A1000157.6197,Tisch 19,120,S1000157.24193,SALE,1,2.8,2.8,0.0,0.0,0.0,0.0,121,Mineralwasser,Getränke,,MwSt. 19%,1.19,2.352941,0.447059,Normalverkauf
S1000157.24194,SP1000157.34.24194,SY1000157.2026.24194,iPad1(1000157),157,02.06.26 11:55,Prod,A1000157.6198,Tisch 22,120,S1000157.24194,SALE,1,3.9,3.9,0.0,0.0,0.0,0.0,124,Cola Zero,Getränke,,MwSt. 19%,1.19,3.277311,0.622689,Normalverkauf
S1000157.24195,SP1000157.34.24195,SY1000157.2026.24195,iPad1(1000157),157,02.06.26 11:55,Prod,A1000157.6198,Tisch 22,120,S1000157.24195,SALE,1,5.9,5.9,0.0,0.0,0.0,0.0,125,Zitronen-Limonade,Getränke,,MwSt. 19%,1.19,4.957983,0.942017,Normalverkauf
S1000157.24196,SP1000157.34.24196,SY1000157.2026.24196,iPad1(1000157),157,02.06.26 19:55,Prod,A1000157.6199,Tisch 14,104,S1000157.24196,SALE,1,10.9,10.9,0.0,0.0,0.0,0.0,104,Thunfisch Wrap,Hauptgerichte,,MwSt. 7%,1.07,10.186916,0.713084,Normalverkauf
S1000157.24197,SP1000157.34.24197,SY1000157.2026.24197,iPad1(1000157),157,02.06.26 19:55,Prod,A1000157.6199,Tisch 14,104,S1000157.24197,SALE,1,6.5,6.5,0.0,0.0,0.0,0.0,100,Fischbrötchen Backfisch,Hauptspeisen,,MwSt. 7%,1.07,6.074766,0.425234,Normalverkauf
S1000157.24198,SP1000157.34.24198,SY1000157.2026.24198,iPad1(1000157),157,02.06.26 17:11,Prod,A1000157.6200,,108,S1000157.24198,SALE,2,11.9,23.8,0.0,0.0,0.0,0.0,110,Matjes-Baguette,Hauptgerichte,,MwSt. 7%,1.07,22.242991,1.557009,Normalverkauf
S1000157.24199,SP1000157.34.24199,SY1000157.2026.24199,iPad1(1000157),157,02.06.26 17:11,Prod,A1000157.6200,,108,S1000157.24199,SALE,1,3.9,3.9,0.0,0.0,0.0,0.0,127,Alkoholfreies Bier,Getränke,,MwSt. 19%,1.19,3.277311,0.622689,Normalverkauf
S1000157.24200,SP1000157.34.24200,SY1000157.2026.24200,iPad1(1000157),157,02.06.26 20:28,Prod,A1000157.6201,Tisch 16,108,S1000157.24200,SALE,2,3.9,7.8,0.0,0.0,0.0,0.0,119,Cola,Getränke,,MwSt. 19%,1.19,6.554622,1.245378,Normalverkauf
S1000157.24201,SP1000157.34.24201,SY1000157.2026.24201,iPad1(1000157),157,02.06.26 20:28,Prod,A1000157.6201,Tisch 16,108,S1000157.24201,SALE,2,9.8,19.6,0.0,0.0,0.0,0.0,108,Seelachs-Ei-Baugette,Hauptgerichte,,MwSt. 7%,1.07,18.317757,1.282243,Normalverkauf
S1000157.24202,SP1000157.34.24202,SY1000157.2026.24202,iPad1(1000157),157,02.06.26 20:28,Prod,A1000157.6201,Tisch 16,108,S1000157.24202,SALE,1,6.5,6.5,0.0,0.0,0.0,0.0,100,Fischbrötchen Backfisch,Hauptspeisen,,MwSt. 7%,1.07,6.074766,0.425234,Normalverkauf
S1000157.24203,SP1000157.34.24203,SY1000157.2026.24203,iPad1(1000157),157,02.06.26 20:51,Prod,A1000157.6202,Tisch 12,118,S1000157.24203,SALE,1,5.5,5.5,0.0,0.0,0.0,0.0,111,Pommes Frites,Beilagen,,MwSt. 7%,1.07,5.140187,0.359813,Normalverkauf
S1000157.24204,SP1000157.34.24204,SY1000157.2026.24204,iPad1(1000157),157,02.06.26 20:51,Prod,A1000157.6202,Tisch 12,118,S1000157.24204,SALE,1,3.9,3.9,0.0,0.0,0.0,0.0,124,Cola Zero,Getränke,,MwSt. 19%,1.19,3.277311,0.622689,Normalverkauf
S1000157.24205,SP1000157.34.24205,SY1000157.2026.24205,iPad1(1000157),157,02.06.26 13:15,Prod,A1000157.6203,Tisch 3,101,S1000157.24205,SALE,2,10.9,21.8,0.0,0.0,0.0,0.0,107,Chicken Burger,Hauptgerichte,,MwSt. 7%,1.07,20.373832,1.426168,Normalverkauf
S1000157.24206,SP1000157.34.24206,SY1000157.2026.24206,iPad1(1000157),157,02.06.26 13:15,Prod,A1000157.6203,Tisch 3,101,S1000157.24206,SALE,2,3.9,7.8,0.0,0.0,0.0,0.0,126,Spezi,Getränke,,MwSt. 19%,1.19,6.554622,1.245378,Normalverkauf
S1000157.24207,SP1000157.34.24207,SY1000157.2026.24207,iPad1(1000157),157,02.06.26 13:15,Prod,A1000157.6203,Tisch 3,101,S1000157.24207,SALE,1,10.9,10.9,0.0,0.0,0.0,0.0,109,Bismarck-Baguette,Hauptgerichte,,MwSt. 7%,1.07,10.186916,0.713084,Normalverkauf
S1000157.24208,SP1000157.34.24208,SY1000157.2026.24208,iPad1(1000157),157,02.06.26 19:05,Prod,A1000157.6204,Tisch 3,118,S1000157.24208,SALE,2,3.9,7.8,0.0,0.0,0.0,0.0,127,Alkoholfreies Bier,Getränke,,MwSt. 19%,1.19,6.554622,1.245378,Normalverkauf
S1000157.24209,SP1000157.34.24209,SY1000157.2026.24209,iPad1(1000157),157,02.06.26 19:09,Prod,A1000157.6205,Tisch 21,115,S1000157.24209,SALE,1,3.9,3.9,0.0,0.0,0.0,0.0,119,Cola,Getränke,,MwSt. 19%,1.19,3.277311,0.622689,Normalverkauf
S1000157.24210,SP1000157.34.24210,SY1000157.2026.24210,iPad1(1000157),157,02.06.26 19:09,Prod,A1000157.6205,Tisch 21,115,S1000157.24210,SALE,2,6.5,13.0,0.0,0.0,0.0,0.0,100,Fischbrötchen Backfisch,Hauptspeisen,,MwSt. 7%,1.07,12.149533,0.850467,Normalverkauf
S1000157.24211,SP1000157.34.24211,SY1000157.2026.24211,iPad1(1000157),157,02.06.26 12:03,Prod,A1000157.6206,Tisch 8,104,S1000157.24211,SALE,1,5.5,5.5,0.0,0.0,0.0,0.0,111,Pommes Frites,Beilagen,,MwSt. 7%,1.07,5.140187,0.359813,Normalverkauf
S1000157.24212,SP1000157.34.24212,SY1000157.2026.24212,iPad1(1000157),157,02.06.26 12:03,Prod,A1000157.6206,Tisch 8,104,S1000157.24212,SALE,2,3.9,7.8,0.0,0.0,0.0,0.0,124,Cola Zero,Getränke,,MwSt. 19%,1.19,6.554622,1.245378,Normalverkauf
S1000157.24213,SP1000157.34.24213,SY1000157.2026.24213,iPad1(1000157),157,02.06.26 12:09,Prod,A1000157.6207,Tisch 18,118,S1000157.24213,VOID,2,4.9,9.8,0.0,0.0,0.0,0.0,112,Kartoffelwedges,Beilagen,,MwSt. 7%,1.07,9.158879,0.641121,Normalverkauf
S1000157.24214,SP1000157.34.24214,SY1000157.2026.24214,iPad1(1000157),157,02.06.26 12:09,Prod,A1000157.6207,Tisch 18,118,S1000157.24214,VOID,2,3.9,7.8,0.0,0.0,0.0,0.0,119,Cola,Getränke,,MwSt. 19%,1.19,6.554622,1.245378,Normalverkauf
S1000157.24215,SP1000157.34.24215,SY1000157.2026.24215,iPad1(1000157),157,02.06.26 12:09,Prod,A1000157.6207,Tisch 18,118,S1000157.24215,VOID,2,10.9,21.8,0.0,0.0,0.0,0.0,104,Thunfisch Wrap,Hauptgerichte,,MwSt. 7%,1.07,20.373832,1.426168,Normalverkauf
S1000157.24216,SP1000157.34.24216,SY1000157.2026.24216,iPad1(1000157),157,02.06.26 17:56,Prod,A1000157.6208,Tisch 18,104,S1000157.24216,SALE,1,5.9,5.9,0.0,0.0,0.0,0.0,123,Inger-Limonade,Getränke,,MwSt. 19%,1.19,4.957983,0.942017,Normalverkauf
S1000157.24217,SP1000157.34.24217,SY1000157.2026.24217,iPad1(1000157),157,02.06.26 17:56,Prod,A1000157.6208,Tisch 18,104,S1000157.24217,SALE,2,5.5,11.0,0.0,0.0,0.0,0.0,111,Pommes Frites,Beilagen,,MwSt. 7%,1.07,10.280374,0.719626,Normalverkauf
S1000157.24218,SP1000157.34.24218,SY1000157.2026.24218,iPad1(1000157),157,02.06.26 17:56,Prod,A1000157.6208,Tisch 18,104,S1000157.24218,SALE,1,14.5,14.5,0.0,0.0,0.0,0.0,101,Lachs,Hauptspeisen,,MwSt. 7%,1.07,13.551402,0.948598,Normalverkauf
S1000157.24219,SP1000157.34.24219,SY1000157.2026.24219,iPad1(1000157),157,02.06.26 16:30,Prod,A1000157.6209,Tisch 2,117,S1000157.24219,SALE,2,2.8,5.6,0.0,0.0,0.0,0.0,121,Mineralwasser,Getränke,,MwSt. 19%,1.19,4.705882,0.894118,Normalverkauf
S1000157.24220,SP1000157.34.24220,SY1000157.2026.24220,iPad1(1000157),157,02.06.26 16:30,Prod,A1000157.6209,Tisch 2,117,S1000157.24220,SALE,1,14.5,14.5,0.0,0.0,0.0,0.0,101,Lachs,Hauptspeisen,,MwSt. 7%,1.07,13.551402,0.948598,Normalverkauf
S1000157.24221,SP1000157.34.24221,SY1000157.2026.24221,iPad1(1000157),157,02.06.26 16:30,Prod,A1000157.6209,Tisch 2,117,S1000157.24221,SALE,1,10.9,10.9,0.0,0.0,0.0,0.0,104,Thunfisch Wrap,Hauptgerichte,,MwSt. 7%,1.07,10.186916,0.713084,Normalverkauf
S1000157.24222,SP1000157.34.24222,SY1000157.2026.24222,iPad1(1000157),157,02.06.26 12:29,Prod,A1000157.6210,Tisch 5,104,S1000157.24222,SALE,2,11.9,23.8,0.0,0.0,0.0,0.0,110,Matjes-Baguette,Hauptgerichte,,MwSt. 7%,1.07,22.242991,1.557009,Normalverkauf
S1000157.24223,SP1000157.34.24223,SY1000157.2026.24223,iPad1(1000157),157,02.06.26 12:29,Prod,A1000157.6210,Tisch 5,104,S1000157.24223,SALE,2,2.8,5.6,0.0,0.0,0.0,0.0,121,Mineralwasser,Getränke,,MwSt. 19%,1.19,4.705882,0.894118,Normalverkauf
S1000157.24224,SP1000157.34.24224,SY1000157.2026.24224,iPad1(1000157),157,02.06.26 15:49,Prod,A1000157.6211,Tisch 12,101,S1000157.24224,SALE,1,6.5,6.5,0.0,0.0,0.0,0.0,118,Schokokuchen,Desserts,,MwSt. 7%,1.07,6.074766,0.425234,Normalverkauf
S1000157.24225,SP1000157.34.24225,SY1000157.2026.24225,iPad1(1000157),157,02.06.26 15:49,Prod,A1000157.6211,Tisch 12,101,S1000157.24225,SALE,2,5.5,11.0,0.0,0.0,0.0,0.0,111,Pommes Frites,Beilagen,,MwSt. 7%,1.07,10.280374,0.719626,Normalverkauf
S1000157.24226,SP1000157.34.24226,SY1000157.2026.24226,iPad1(1000157),157,02.06.26 18:44,Prod,A1000157.6212,Tisch 15,115,S1000157.24226,SALE,1,3.2,3.2,0.0,0.0,0.0,0.0,120,Apfelschorle,Getränke,,MwSt. 19%,1.19,2.689076,0.510924,Normalverkauf
S1000157.24227,SP1000157.34.24227,SY1000157.2026.24227,iPad1(1000157),157,02.06.26 18:44,Prod,A1000157.6212,Tisch 15,115,S1000157.24227,SALE,1,10.9,10.9,0.0,0.0,0.0,0.0,109,Bismarck-Baguette,Hauptgerichte,,MwSt. 7%,1.07,10.186916,0.713084,Normalverkauf
S1000157.24228,SP1000157.34.24228,SY1000157.2026.24228,iPad1(1000157),157,02.06.26 18:44,Prod,A1000157.6212,Tisch 15,115,S1000157.24228,SALE,2,5.5,11.0,0.0,0.0,0.0,0.0,114,Fisch Nuggets Box,Beilagen,,MwSt. 7%,1.07,10.280374,0.719626,Normalverkauf
S1000157.24229,SP1000157.34.24229,SY1000157.2026.24229,iPad1(1000157),157,02.06.26 18:00,Prod,A1000157.6213,Tisch 17,118,S1000157.24229,SALE,1,3.2,3.2,0.0,0.0,0.0,0.0,120,Apfelschorle,Getränke,,MwSt. 19%,1.19,2.689076,0.510924,Normalverkauf
S1000157.24230,SP1000157.34.24230,SY1000157.2026.24230,iPad1(1000157),157,02.06.26 18:00,Prod,A1000157.6213,Tisch 17,118,S1000157.24230,SALE,1,6.5,6.5,0.0,0.0,0.0,0.0,118,Schokokuchen,Desserts,,MwSt. 7%,1.07,6.074766,0.425234,Normalverkauf
S1000157.24231,SP1000157.34.24231,SY1000157.2026.24231,iPad1(1000157),157,02.06.26 18:00,Prod,A1000157.6213,Tisch 17,118,S1000157.24231,SALE,1,5.5,5.5,0.0,0.0,0.0,0.0,114,Fisch Nuggets Box,Beilagen,,MwSt. 7%,1.07,5.140187,0.359813,Normalverkauf
S1000157.24232,SP1000157.34.24232,SY1000157.2026.24232,iPad1(1000157),157,03.06.26 16:19,Prod,A1000157.6214,Tisch 5,108,S1000157.24232,SALE,2,4.9,9.8,0.0,0.0,0.0,0.0,112,Kartoffelwedges,Beilagen,,MwSt. 7%,1.07,9.158879,0.641121,Normalverkauf
S1000157.24233,SP1000157.34.24233,SY1000157.2026.24233,iPad1(1000157),157,03.06.26 12:46,Prod,A1000157.6215,Tisch 5,101,S1000157.24233,SALE,1,3.9,3.9,0.0,0.0,0.0,0.0,126,Spezi,Getränke,,MwSt. 19%,1.19,3.277311,0.622689,Normalverkauf
S1000157.24234,SP1000157.34.24234,SY1000157.2026.24234,iPad1(1000157),157,03.06.26 12:46,Prod,A1000157.6215,Tisch 5,101,S1000157.24234,SALE,1,5.5,5.5,0.0,0.0,0.0,0.0,114,Fisch Nuggets Box,Beilagen,,MwSt. 7%,1.07,5.140187,0.359813,Normalverkauf
S1000157.24235,SP1000157.34.24235,SY1000157.2026.24235,iPad1(1000157),157,03.06.26 12:27,Prod,A1000157.6216,Tisch 14,120,S1000157.24235,SALE,2,3.9,7.8,0.0,0.0,0.0,0.0,127,Alkoholfreies Bier,Getränke,,MwSt. 19%,1.19,6.554622,1.245378,Normalverkauf
S1000157.24236,SP1000157.34.24236,SY1000157.2026.24236,iPad1(1000157),157,03.06.26 20:15,Prod,A1000157.6217,Tisch 21,115,S1000157.24236,VOID,1,5.9,5.9,0.0,0.0,0.0,0.0,116,Vanillequark,Desserts,,MwSt. 7%,1.07,5.514019,0.385981,Normalverkauf
S1000157.24237,SP1000157.34.24237,SY1000157.2026.24237,iPad1(1000157),157,03.06.26 19:30,Prod,A1000157.6218,Tisch 20,101,S1000157.24237,SALE,1,6.9,6.9,0.0,0.0,0.0,0.0,103,Fischbrötchen Räucherlachs,Hauptspeisen,,MwSt. 7%,1.07,6.448598,0.451402,Normalverkauf
S1000157.24238,SP1000157.34.24238,SY1000157.2026.24238,iPad1(1000157),157,03.06.26 19:30,Prod,A1000157.6218,Tisch 20,101,S1000157.24238,SALE,1,3.2,3.2,0.0,0.0,0.0,0.0,120,Apfelschorle,Getränke,,MwSt. 19%,1.19,2.689076,0.510924,Normalverkauf
S1000157.24239,SP1000157.34.24239,SY1000157.2026.24239,iPad1(1000157),157,03.06.26 19:30,Prod,A1000157.6218,Tisch 20,101,S1000157.24239,SALE,2,10.9,21.8,0.0,0.0,0.0,0.0,104,Thunfisch Wrap,Hauptgerichte,,MwSt. 7%,1.07,20.373832,1.426168,Normalverkauf
S1000157.24240,SP1000157.34.24240,SY1000157.2026.24240,iPad1(1000157),157,03.06.26 13:29,Prod,A1000157.6219,Tisch 7,108,S1000157.24240,VOID,1,9.8,9.8,0.0,0.0,0.0,0.0,108,Seelachs-Ei-Baugette,Hauptgerichte,,MwSt. 7%,1.07,9.158879,0.641121,Normalverkauf
S1000157.24241,SP1000157.34.24241,SY1000157.2026.24241,iPad1(1000157),157,03.06.26 18:03,Prod,A1000157.6220,Tisch 24,120,S1000157.24241,VOID,2,6.5,13.0,0.0,0.0,0.0,0.0,100,Fischbrötchen Backfisch,Hauptspeisen,,MwSt. 7%,1.07,12.149533,0.850467,Normalverkauf
S1000157.24242,SP1000157.34.24242,SY1000157.2026.24242,iPad1(1000157),157,03.06.26 16:39,Prod,A1000157.6221,Tisch 9,108,S1000157.24242,SALE,2,6.9,13.8,0.0,0.0,0.0,0.0,103,Fischbrötchen Räucherlachs,Hauptspeisen,,MwSt. 7%,1.07,12.897196,0.902804,Normalverkauf
S1000157.24243,SP1000157.34.24243,SY1000157.2026.24243,iPad1(1000157),157,03.06.26 11:13,Prod,A1000157.6222,Tisch 17,108,S1000157.24243,SALE,2,6.9,13.8,0.0,0.0,0.0,0.0,103,Fischbrötchen Räucherlachs,Hauptspeisen,,MwSt. 7%,1.07,12.897196,0.902804,Normalverkauf
S1000157.24244,SP1000157.34.24244,SY1000157.2026.24244,iPad1(1000157),157,03.06.26 11:13,Prod,A1000157.6222,Tisch 17,108,S1000157.24244,SALE,2,4.2,8.4,0.0,0.0,0.0,0.0,122,Bier,Getränke,,MwSt. 19%,1.19,7.058824,1.341176,Normalverkauf
S1000157.24245,SP1000157.34.24245,SY1000157.2026.24245,iPad1(1000157),157,03.06.26 11:13,Prod,A1000157.6222,Tisch 17,108,S1000157.24245,SALE,1,3.9,3.9,0.0,0.0,0.0,0.0,124,Cola Zero,Getränke,,MwSt. 19%,1.19,3.277311,0.622689,Normalverkauf
S1000157.24246,SP1000157.34.24246,SY1000157.2026.24246,iPad1(1000157),157,03.06.26 12:36,Prod,A1000157.6223,Tisch 22,117,S1000157.24246,SALE,2,3.9,7.8,0.0,0.0,0.0,0.0,124,Cola Zero,Getränke,,MwSt. 19%,1.19,6.554622,1.245378,Normalverkauf
S1000157.24247,SP1000157.34.24247,SY1000157.2026.24247,iPad1(1000157),157,03.06.26 12:36,Prod,A1000157.6223,Tisch 22,117,S1000157.24247,SALE,2,5.5,11.0,0.0,0.0,0.0,0.0,111,Pommes Frites,Beilagen,,MwSt. 7%,1.07,10.280374,0.719626,Normalverkauf
S1000157.24248,SP1000157.34.24248,SY1000157.2026.24248,iPad1(1000157),157,03.06.26 12:36,Prod,A1000157.6223,Tisch 22,117,S1000157.24248,SALE,2,5.9,11.8,0.0,0.0,0.0,0.0,125,Zitronen-Limonade,Getränke,,MwSt. 19%,1.19,9.915966,1.884034,Normalverkauf
S1000157.24249,SP1000157.34.24249,SY1000157.2026.24249,iPad1(1000157),157,03.06.26 20:15,Prod,A1000157.6224,Tisch 8,101,S1000157.24249,SALE,2,10.9,21.8,0.0,0.0,0.0,0.0,107,Chicken Burger,Hauptgerichte,,MwSt. 7%,1.07,20.373832,1.426168,Normalverkauf
S1000157.24250,SP1000157.34.24250,SY1000157.2026.24250,iPad1(1000157),157,03.06.26 20:15,Prod,A1000157.6224,Tisch 8,101,S1000157.24250,SALE,1,6.9,6.9,0.0,0.0,0.0,0.0,103,Fischbrötchen Räucherlachs,Hauptspeisen,,MwSt. 7%,1.07,6.448598,0.451402,Normalverkauf
S1000157.24251,SP1000157.34.24251,SY1000157.2026.24251,iPad1(1000157),157,03.06.26 20:48,Prod,A1000157.6225,,118,S1000157.24251,SALE,2,10.9,21.8,0.0,0.0,0.0,0.0,107,Chicken Burger,Hauptgerichte,,MwSt. 7%,1.07,20.373832,1.426168,Normalverkauf
S1000157.24252,SP1000157.34.24252,SY1000157.2026.24252,iPad1(1000157),157,03.06.26 20:48,Prod,A1000157.6225,,118,S1000157.24252,SALE,1,6.5,6.5,0.0,0.0,0.0,0.0,100,Fischbrötchen Backfisch,Hauptspeisen,,MwSt. 7%,1.07,6.074766,0.425234,Normalverkauf
S1000157.24253,SP1000157.34.24253,SY1000157.2026.24253,iPad1(1000157),157,03.06.26 20:57,Prod,A1000157.6226,Tisch 2,117,S1000157.24253,SALE,1,10.9,10.9,0.0,0.0,0.0,0.0,109,Bismarck-Baguette,Hauptgerichte,,MwSt. 7%,1.07,10.186916,0.713084,Normalverkauf
S1000157.24254,SP1000157.34.24254,SY1000157.2026.24254,iPad1(1000157),157,03.06.26 17:06,Prod,A1000157.6227,Tisch 22,118,S1000157.24254,SALE,1,3.9,3.9,0.0,0.0,0.0,0.0,126,Spezi,Getränke,,MwSt. 19%,1.19,3.277311,0.622689,Normalverkauf
S1000157.24255,SP1000157.34.24255,SY1000157.2026.24255,iPad1(1000157),157,03.06.26 17:17,Prod,A1000157.6228,Tisch 8,101,S1000157.24255,SALE,1,3.9,3.9,0.0,0.0,0.0,0.0,127,Alkoholfreies Bier,Getränke,,MwSt. 19%,1.19,3.277311,0.622689,Normalverkauf
S1000157.24256,SP1000157.34.24256,SY1000157.2026.24256,iPad1(1000157),157,03.06.26 17:17,Prod,A1000157.6228,Tisch 8,101,S1000157.24256,SALE,1,5.9,5.9,0.0,0.0,0.0,0.0,123,Inger-Limonade,Getränke,,MwSt. 19%,1.19,4.957983,0.942017,Normalverkauf
S1000157.24257,SP1000157.34.24257,SY1000157.2026.24257,iPad1(1000157),157,03.06.26 17:17,Prod,A1000157.6228,Tisch 8,101,S1000157.24257,SALE,2,3.9,7.8,0.0,0.0,0.0,0.0,126,Spezi,Getränke,,MwSt. 19%,1.19,6.554622,1.245378,Normalverkauf
S1000157.24258,SP1000157.34.24258,SY1000157.2026.24258,iPad1(1000157),157,03.06.26 10:40,Prod,A1000157.6229,Tisch 8,101,S1000157.24258,VOID,1,6.9,6.9,0.0,0.0,0.0,0.0,103,Fischbrötchen Räucherlachs,Hauptspeisen,,MwSt. 7%,1.07,6.448598,0.451402,Normalverkauf
S1000157.24259,SP1000157.34.24259,SY1000157.2026.24259,iPad1(1000157),157,03.06.26 20:54,Prod,A1000157.6230,Tisch 13,120,S1000157.24259,SALE,1,14.5,14.5,0.0,0.0,0.0,0.0,101,Lachs,Hauptspeisen,,MwSt. 7%,1.07,13.551402,0.948598,Normalverkauf
S1000157.24260,SP1000157.34.24260,SY1000157.2026.24260,iPad1(1000157),157,03.06.26 09:18,Prod,A1000157.6231,Tisch 10,108,S1000157.24260,SALE,2,4.2,8.4,0.0,0.0,0.0,0.0,122,Bier,Getränke,,MwSt. 19%,1.19,7.058824,1.341176,Normalverkauf
S1000157.24261,SP1000157.34.24261,SY1000157.2026.24261,iPad1(1000157),157,03.06.26 20:22,Prod,A1000157.6232,Tisch 2,115,S1000157.24261,SALE,1,11.9,11.9,0.0,0.0,0.0,0.0,110,Matjes-Baguette,Hauptgerichte,,MwSt. 7%,1.07,11.121495,0.778505,Normalverkauf
S1000157.24262,SP1000157.34.24262,SY1000157.2026.24262,iPad1(1000157),157,03.06.26 20:22,Prod,A1000157.6232,Tisch 2,115,S1000157.24262,SALE,2,10.9,21.8,0.0,0.0,0.0,0.0,109,Bismarck-Baguette,Hauptgerichte,,MwSt. 7%,1.07,20.373832,1.426168,Normalverkauf
S1000157.24263,SP1000157.34.24263,SY1000157.2026.24263,iPad1(1000157),157,03.06.26 20:26,Prod,A1000157.6233,Tisch 12,108,S1000157.24263,SALE,1,10.9,10.9,0.0,0.0,0.0,0.0,107,Chicken Burger,Hauptgerichte,,MwSt. 7%,1.07,10.186916,0.713084,Normalverkauf
S1000157.24264,SP1000157.34.24264,SY1000157.2026.24264,iPad1(1000157),157,03.06.26 20:26,Prod,A1000157.6233,Tisch 12,108,S1000157.24264,SALE,2,3.9,7.8,0.0,0.0,0.0,0.0,119,Cola,Getränke,,MwSt. 19%,1.19,6.554622,1.245378,Normalverkauf
S1000157.24265,SP1000157.34.24265,SY1000157.2026.24265,iPad1(1000157),157,03.06.26 10:10,Prod,A1000157.6234,Tisch 16,118,S1000157.24265,SALE,2,3.9,7.8,0.0,0.0,0.0,0.0,126,Spezi,Getränke,,MwSt. 19%,1.19,6.554622,1.245378,Normalverkauf
S1000157.24266,SP1000157.34.24266,SY1000157.2026.24266,iPad1(1000157),157,03.06.26 10:10,Prod,A1000157.6234,Tisch 16,118,S1000157.24266,SALE,2,6.9,13.8,0.0,0.0,0.0,0.0,113,Garnelen Box,Beilagen,,MwSt. 7%,1.07,12.897196,0.902804,Normalverkauf
S1000157.24267,SP1000157.34.24267,SY1000157.2026.24267,iPad1(1000157),157,03.06.26 12:20,Prod,A1000157.6235,Tisch 10,118,S1000157.24267,SALE,1,6.9,6.9,0.0,0.0,0.0,0.0,113,Garnelen Box,Beilagen,,MwSt. 7%,1.07,6.448598,0.451402,Normalverkauf
S1000157.24268,SP1000157.34.24268,SY1000157.2026.24268,iPad1(1000157),157,03.06.26 12:20,Prod,A1000157.6235,Tisch 10,118,S1000157.24268,SALE,2,3.9,7.8,0.0,0.0,0.0,0.0,126,Spezi,Getränke,,MwSt. 19%,1.19,6.554622,1.245378,Normalverkauf
S1000157.24269,SP1000157.34.24269,SY1000157.2026.24269,iPad1(1000157),157,03.06.26 12:20,Prod,A1000157.6235,Tisch 10,118,S1000157.24269,SALE,1,10.9,10.9,0.0,0.0,0.0,0.0,107,Chicken Burger,Hauptgerichte,,MwSt. 7%,1.07,10.186916,0.713084,Normalverkauf
S1000157.24270,SP1000157.34.24270,SY1000157.2026.24270,iPad1(1000157),157,03.06.26 16:36,Prod,A1000157.6236,Tisch 19,104,S1000157.24270,SALE,2,4.2,8.4,0.0,0.0,0.0,0.0,122,Bier,Getränke,,MwSt. 19%,1.19,7.058824,1.341176,Normalverkauf
S1000157.24271,SP1000157.34.24271,SY1000157.2026.24271,iPad1(1000157),157,03.06.26 16:36,Prod,A1000157.6236,Tisch 19,104,S1000157.24271,SALE,1,2.8,2.8,0.0,0.0,0.0,0.0,121,Mineralwasser,Getränke,,MwSt. 19%,1.19,2.352941,0.447059,Normalverkauf
S1000157.24272,SP1000157.34.24272,SY1000157.2026.24272,iPad1(1000157),157,03.06.26 16:36,Prod,A1000157.6236,Tisch 19,104,S1000157.24272,SALE,2,10.9,21.8,0.0,0.0,0.0,0.0,109,Bismarck-Baguette,Hauptgerichte,,MwSt. 7%,1.07,20.373832,1.426168,Normalverkauf
S1000157.24273,SP1000157.34.24273,SY1000157.2026.24273,iPad1(1000157),157,03.06.26 11:47,Prod,A1000157.6237,Tisch 7,117,S1000157.24273,SALE,1,10.9,10.9,0.0,0.0,0.0,0.0,104,Thunfisch Wrap,Hauptgerichte,,MwSt. 7%,1.07,10.186916,0.713084,Normalverkauf
S1000157.24274,SP1000157.34.24274,SY1000157.2026.24274,iPad1(1000157),157,03.06.26 20:08,Prod,A1000157.6238,,108,S1000157.24274,SALE,1,5.5,5.5,0.0,0.0,0.0,0.0,114,Fisch Nuggets Box,Beilagen,,MwSt. 7%,1.07,5.140187,0.359813,Normalverkauf
S1000157.24275,SP1000157.34.24275,SY1000157.2026.24275,iPad1(1000157),157,03.06.26 20:08,Prod,A1000157.6238,,108,S1000157.24275,SALE,1,10.9,10.9,0.0,0.0,0.0,0.0,107,Chicken Burger,Hauptgerichte,,MwSt. 7%,1.07,10.186916,0.713084,Normalverkauf
S1000157.24276,SP1000157.34.24276,SY1000157.2026.24276,iPad1(1000157),157,03.06.26 12:08,Prod,A1000157.6239,Tisch 20,115,S1000157.24276,SALE,1,4.2,4.2,0.0,0.0,0.0,0.0,122,Bier,Getränke,,MwSt. 19%,1.19,3.529412,0.670588,Normalverkauf
S1000157.24277,SP1000157.34.24277,SY1000157.2026.24277,iPad1(1000157),157,03.06.26 12:08,Prod,A1000157.6239,Tisch 20,115,S1000157.24277,SALE,2,14.5,29.0,0.0,0.0,0.0,0.0,101,Lachs,Hauptspeisen,,MwSt. 7%,1.07,27.102804,1.897196,Normalverkauf
S1000157.24278,SP1000157.34.24278,SY1000157.2026.24278,iPad1(1000157),157,03.06.26 18:22,Prod,A1000157.6240,Tisch 13,117,S1000157.24278,SALE,1,3.2,3.2,0.0,0.0,0.0,0.0,120,Apfelschorle,Getränke,,MwSt. 19%,1.19,2.689076,0.510924,Normalverkauf
S1000157.24279,SP1000157.34.24279,SY1000157.2026.24279,iPad1(1000157),157,03.06.26 18:22,Prod,A1000157.6240,Tisch 13,117,S1000157.24279,SALE,1,5.9,5.9,0.0,0.0,0.0,0.0,123,Inger-Limonade,Getränke,,MwSt. 19%,1.19,4.957983,0.942017,Normalverkauf
S1000157.24280,SP1000157.34.24280,SY1000157.2026.24280,iPad1(1000157),157,03.06.26 18:22,Prod,A1000157.6240,Tisch 13,117,S1000157.24280,SALE,1,5.5,5.5,0.0,0.0,0.0,0.0,114,Fisch Nuggets Box,Beilagen,,MwSt. 7%,1.07,5.140187,0.359813,Normalverkauf
S1000157.24281,SP1000157.34.24281,SY1000157.2026.24281,iPad1(1000157),157,03.06.26 11:38,Prod,A1000157.6241,Tisch 11,104,S1000157.24281,SALE,2,3.2,6.4,0.0,0.0,0.0,0.0,120,Apfelschorle,Getränke,,MwSt. 19%,1.19,5.378151,1.021849,Normalverkauf
S1000157.24282,SP1000157.34.24282,SY1000157.2026.24282,iPad1(1000157),157,03.06.26 11:38,Prod,A1000157.6241,Tisch 11,104,S1000157.24282,SALE,1,2.8,2.8,0.0,0.0,0.0,0.0,121,Mineralwasser,Getränke,,MwSt. 19%,1.19,2.352941,0.447059,Normalverkauf
S1000157.24283,SP1000157.34.24283,SY1000157.2026.24283,iPad1(1000157),157,03.06.26 11:38,Prod,A1000157.6241,Tisch 11,104,S1000157.24283,SALE,1,10.9,10.9,0.0,0.0,0.0,0.0,107,Chicken Burger,Hauptgerichte,,MwSt. 7%,1.07,10.186916,0.713084,Normalverkauf
S1000157.24284,SP1000157.34.24284,SY1000157.2026.24284,iPad1(1000157),157,03.06.26 18:18,Prod,A1000157.6242,Tisch 23,115,S1000157.24284,SALE,1,3.2,3.2,0.0,0.0,0.0,0.0,120,Apfelschorle,Getränke,,MwSt. 19%,1.19,2.689076,0.510924,Normalverkauf
S1000157.24285,SP1000157.34.24285,SY1000157.2026.24285,iPad1(1000157),157,03.06.26 18:18,Prod,A1000157.6242,Tisch 23,115,S1000157.24285,SALE,1,7.9,7.9,0.0,0.0,0.0,0.0,115,Tiramisu,Desserts,,MwSt. 7%,1.07,7.383178,0.516822,Normalverkauf
S1000157.24286,SP1000157.34.24286,SY1000157.2026.24286,iPad1(1000157),157,03.06.26 18:18,Prod,A1000157.6242,Tisch 23,115,S1000157.24286,SALE,1,10.9,10.9,0.0,0.0,0.0,0.0,109,Bismarck-Baguette,Hauptgerichte,,MwSt. 7%,1.07,10.186916,0.713084,Normalverkauf
S1000157.24287,SP1000157.34.24287,SY1000157.2026.24287,iPad1(1000157),157,03.06.26 17:31,Prod,A1000157.6243,Tisch 9,101,S1000157.24287,SALE,1,2.8,2.8,0.0,0.0,0.0,0.0,121,Mineralwasser,Getränke,,MwSt. 19%,1.19,2.352941,0.447059,Normalverkauf
S1000157.24288,SP1000157.34.24288,SY1000157.2026.24288,iPad1(1000157),157,03.06.26 16:32,Prod,A1000157.6244,,101,S1000157.24288,SALE,2,6.9,13.8,0.0,0.0,0.0,0.0,103,Fischbrötchen Räucherlachs,Hauptspeisen,,MwSt. 7%,1.07,12.897196,0.902804,Normalverkauf
S1000157.24289,SP1000157.34.24289,SY1000157.2026.24289,iPad1(1000157),157,03.06.26 16:32,Prod,A1000157.6244,,101,S1000157.24289,SALE,1,6.9,6.9,0.0,0.0,0.0,0.0,113,Garnelen Box,Beilagen,,MwSt. 7%,1.07,6.448598,0.451402,Normalverkauf
S1000157.24290,SP1000157.34.24290,SY1000157.2026.24290,iPad1(1000157),157,03.06.26 16:32,Prod,A1000157.6244,,101,S1000157.24290,SALE,1,6.9,6.9,0.0,0.0,0.0,0.0,103,Fischbrötchen Räucherlachs,Hauptspeisen,,MwSt. 7%,1.07,6.448598,0.451402,Normalverkauf
S1000157.24291,SP1000157.34.24291,SY1000157.2026.24291,iPad1(1000157),157,03.06.26 13:16,Prod,A1000157.6245,,120,S1000157.24291,VOID,1,10.9,10.9,0.0,0.0,0.0,0.0,109,Bismarck-Baguette,Hauptgerichte,,MwSt. 7%,1.07,10.186916,0.713084,Normalverkauf
S1000157.24292,SP1000157.34.24292,SY1000157.2026.24292,iPad1(1000157),157,03.06.26 13:16,Prod,A1000157.6245,,120,S1000157.24292,VOID,2,10.9,21.8,0.0,0.0,0.0,0.0,104,Thunfisch Wrap,Hauptgerichte,,MwSt. 7%,1.07,20.373832,1.426168,Normalverkauf
S1000157.24293,SP1000157.34.24293,SY1000157.2026.24293,iPad1(1000157),157,03.06.26 13:16,Prod,A1000157.6245,,120,S1000157.24293,VOID,1,6.9,6.9,0.0,0.0,0.0,0.0,103,Fischbrötchen Räucherlachs,Hauptspeisen,,MwSt. 7%,1.07,6.448598,0.451402,Normalverkauf
S1000157.24294,SP1000157.34.24294,SY1000157.2026.24294,iPad1(1000157),157,03.06.26 17:01,Prod,A1000157.6246,Tisch 1,120,S1000157.24294,SALE,2,5.5,11.0,0.0,0.0,0.0,0.0,111,Pommes Frites,Beilagen,,MwSt. 7%,1.07,10.280374,0.719626,Normalverkauf
S1000157.24295,SP1000157.34.24295,SY1000157.2026.24295,iPad1(1000157),157,03.06.26 17:01,Prod,A1000157.6246,Tisch 1,120,S1000157.24295,SALE,1,6.5,6.5,0.0,0.0,0.0,0.0,100,Fischbrötchen Backfisch,Hauptspeisen,,MwSt. 7%,1.07,6.074766,0.425234,Normalverkauf
S1000157.24296,SP1000157.34.24296,SY1000157.2026.24296,iPad1(1000157),157,03.06.26 17:01,Prod,A1000157.6246,Tisch 1,120,S1000157.24296,SALE,2,5.9,11.8,0.0,0.0,0.0,0.0,123,Inger-Limonade,Getränke,,MwSt. 19%,1.19,9.915966,1.884034,Normalverkauf
S1000157.24297,SP1000157.34.24297,SY1000157.2026.24297,iPad1(1000157),157,03.06.26 12:38,Prod,A1000157.6247,Tisch 7,118,S1000157.24297,SALE,1,6.9,6.9,0.0,0.0,0.0,0.0,103,Fischbrötchen Räucherlachs,Hauptspeisen,,MwSt. 7%,1.07,6.448598,0.451402,Normalverkauf
S1000157.24298,SP1000157.34.24298,SY1000157.2026.24298,iPad1(1000157),157,03.06.26 12:38,Prod,A1000157.6247,Tisch 7,118,S1000157.24298,SALE,2,3.2,6.4,0.0,0.0,0.0,0.0,120,Apfelschorle,Getränke,,MwSt. 19%,1.19,5.378151,1.021849,Normalverkauf
S1000157.24299,SP1000157.34.24299,SY1000157.2026.24299,iPad1(1000157),157,03.06.26 12:38,Prod,A1000157.6247,Tisch 7,118,S1000157.24299,SALE,1,6.5,6.5,0.0,0.0,0.0,0.0,100,Fischbrötchen Backfisch,Hauptspeisen,,MwSt. 7%,1.07,6.074766,0.425234,Normalverkauf
S1000157.24300,SP1000157.34.24300,SY1000157.2026.24300,iPad1(1000157),157,03.06.26 17:20,Prod,A1000157.6248,Tisch 17,115,S1000157.24300,SALE,2,5.9,11.8,0.0,0.0,0.0,0.0,117,Rote Grütze,Desserts,,MwSt. 7%,1.07,11.028037,0.771963,Normalverkauf
S1000157.24301,SP1000157.34.24301,SY1000157.2026.24301,iPad1(1000157),157,03.06.26 12:11,Prod,A1000157.6249,Tisch 3,115,S1000157.24301,SALE,2,5.5,11.0,0.0,0.0,0.0,0.0,111,Pommes Frites,Beilagen,,MwSt. 7%,1.07,10.280374,0.719626,Normalverkauf
S1000157.24302,SP1000157.34.24302,SY1000157.2026.24302,iPad1(1000157),157,03.06.26 08:43,Prod,A1000157.6250,Tisch 17,115,S1000157.24302,SALE,2,9.8,19.6,0.0,0.0,0.0,0.0,108,Seelachs-Ei-Baugette,Hauptgerichte,,MwSt. 7%,1.07,18.317757,1.282243,Normalverkauf
S1000157.24303,SP1000157.34.24303,SY1000157.2026.24303,iPad1(1000157),157,03.06.26 15:18,Prod,A1000157.6251,Tisch 15,108,S1000157.24303,VOID,2,14.5,29.0,0.0,0.0,0.0,0.0,101,Lachs,Hauptspeisen,,MwSt. 7%,1.07,27.102804,1.897196,Normalverkauf
S1000157.24304,SP1000157.34.24304,SY1000157.2026.24304,iPad1(1000157),157,03.06.26 20:44,Prod,A1000157.6252,Tisch 5,104,S1000157.24304,SALE,2,5.9,11.8,0.0,0.0,0.0,0.0,117,Rote Grütze,Desserts,,MwSt. 7%,1.07,11.028037,0.771963,Normalverkauf
S1000157.24305,SP1000157.34.24305,SY1000157.2026.24305,iPad1(1000157),157,03.06.26 20:44,Prod,A1000157.6252,Tisch 5,104,S1000157.24305,SALE,1,3.9,3.9,0.0,0.0,0.0,0.0,126,Spezi,Getränke,,MwSt. 19%,1.19,3.277311,0.622689,Normalverkauf
S1000157.24306,SP1000157.34.24306,SY1000157.2026.24306,iPad1(1000157),157,03.06.26 17:18,Prod,A1000157.6253,Tisch 8,115,S1000157.24306,SALE,1,3.9,3.9,0.0,0.0,0.0,0.0,119,Cola,Getränke,,MwSt. 19%,1.19,3.277311,0.622689,Normalverkauf
S1000157.24307,SP1000157.34.24307,SY1000157.2026.24307,iPad1(1000157),157,03.06.26 17:18,Prod,A1000157.6253,Tisch 8,115,S1000157.24307,SALE,1,10.9,10.9,0.0,0.0,0.0,0.0,107,Chicken Burger,Hauptgerichte,,MwSt. 7%,1.07,10.186916,0.713084,Normalverkauf
S1000157.24308,SP1000157.34.24308,SY1000157.2026.24308,iPad1(1000157),157,03.06.26 17:18,Prod,A1000157.6253,Tisch 8,115,S1000157.24308,SALE,2,4.9,9.8,0.0,0.0,0.0,0.0,112,Kartoffelwedges,Beilagen,,MwSt. 7%,1.07,9.158879,0.641121,Normalverkauf
S1000157.24309,SP1000157.34.24309,SY1000157.2026.24309,iPad1(1000157),157,03.06.26 20:31,Prod,A1000157.6254,Tisch 7,117,S1000157.24309,SALE,1,3.9,3.9,0.0,0.0,0.0,0.0,127,Alkoholfreies Bier,Getränke,,MwSt. 19%,1.19,3.277311,0.622689,Normalverkauf
S1000157.24310,SP1000157.34.24310,SY1000157.2026.24310,iPad1(1000157),157,03.06.26 20:31,Prod,A1000157.6254,Tisch 7,117,S1000157.24310,SALE,2,4.9,9.8,0.0,0.0,0.0,0.0,112,Kartoffelwedges,Beilagen,,MwSt. 7%,1.07,9.158879,0.641121,Normalverkauf
S1000157.24311,SP1000157.34.24311,SY1000157.2026.24311,iPad1(1000157),157,03.06.26 19:41,Prod,A1000157.6255,Tisch 2,104,S1000157.24311,SALE,2,3.9,7.8,0.0,0.0,0.0,0.0,127,Alkoholfreies Bier,Getränke,,MwSt. 19%,1.19,6.554622,1.245378,Normalverkauf
S1000157.24312,SP1000157.34.24312,SY1000157.2026.24312,iPad1(1000157),157,03.06.26 11:34,Prod,A1000157.6256,Tisch 7,120,S1000157.24312,SALE,2,14.5,29.0,0.0,0.0,0.0,0.0,101,Lachs,Hauptspeisen,,MwSt. 7%,1.07,27.102804,1.897196,Normalverkauf
S1000157.24313,SP1000157.34.24313,SY1000157.2026.24313,iPad1(1000157),157,03.06.26 20:17,Prod,A1000157.6257,Tisch 9,101,S1000157.24313,SALE,2,3.9,7.8,0.0,0.0,0.0,0.0,119,Cola,Getränke,,MwSt. 19%,1.19,6.554622,1.245378,Normalverkauf
S1000157.24314,SP1000157.34.24314,SY1000157.2026.24314,iPad1(1000157),157,03.06.26 19:16,Prod,A1000157.6258,Tisch 10,120,S1000157.24314,SALE,1,3.2,3.2,0.0,0.0,0.0,0.0,120,Apfelschorle,Getränke,,MwSt. 19%,1.19,2.689076,0.510924,Normalverkauf
S1000157.24315,SP1000157.34.24315,SY1000157.2026.24315,iPad1(1000157),157,03.06.26 20:49,Prod,A1000157.6259,Tisch 23,108,S1000157.24315,SALE,1,4.9,4.9,0.0,0.0,0.0,0.0,112,Kartoffelwedges,Beilagen,,MwSt. 7%,1.07,4.579439,0.320561,Normalverkauf
S1000157.24316,SP1000157.34.24316,SY1000157.2026.24316,iPad1(1000157),157,03.06.26 08:21,Prod,A1000157.6260,Tisch 5,104,S1000157.24316,SALE,2,10.9,21.8,0.0,0.0,0.0,0.0,107,Chicken Burger,Hauptgerichte,,MwSt. 7%,1.07,20.373832,1.426168,Normalverkauf
S1000157.24317,SP1000157.34.24317,SY1000157.2026.24317,iPad1(1000157),157,03.06.26 08:21,Prod,A1000157.6260,Tisch 5,104,S1000157.24317,SALE,2,10.9,21.8,0.0,0.0,0.0,0.0,104,Thunfisch Wrap,Hauptgerichte,,MwSt. 7%,1.07,20.373832,1.426168,Normalverkauf
S1000157.24318,SP1000157.34.24318,SY1000157.2026.24318,iPad1(1000157),157,03.06.26 19:07,Prod,A1000157.6261,Tisch 20,115,S1000157.24318,SALE,1,6.9,6.9,0.0,0.0,0.0,0.0,103,Fischbrötchen Räucherlachs,Hauptspeisen,,MwSt. 7%,1.07,6.448598,0.451402,Normalverkauf
S1000157.24319,SP1000157.34.24319,SY1000157.2026.24319,iPad1(1000157),157,03.06.26 19:24,Prod,A1000157.6262,,117,S1000157.24319,SALE,1,14.5,14.5,0.0,0.0,0.0,0.0,101,Lachs,Hauptspeisen,,MwSt. 7%,1.07,13.551402,0.948598,Normalverkauf
S1000157.24320,SP1000157.34.24320,SY1000157.2026.24320,iPad1(1000157),157,03.06.26 19:24,Prod,A1000157.6262,,117,S1000157.24320,SALE,2,3.9,7.8,0.0,0.0,0.0,0.0,127,Alkoholfreies Bier,Getränke,,MwSt. 19%,1.19,6.554622,1.245378,Normalverkauf
S1000157.24321,SP1000157.34.24321,SY1000157.2026.24321,iPad1(1000157),157,03.06.26 20:45,Prod,A1000157.6263,Tisch 12,117,S1000157.24321,SALE,2,11.5,23.0,0.0,0.0,0.0,0.0,105,Garnelen-Kimchi-Bruger,Hauptgerichte,,MwSt. 7%,1.07,21.495327,1.504673,Normalverkauf
S1000157.24322,SP1000157.34.24322,SY1000157.2026.24322,iPad1(1000157),157,03.06.26 20:45,Prod,A1000157.6263,Tisch 12,117,S1000157.24322,SALE,1,10.9,10.9,0.0,0.0,0.0,0.0,109,Bismarck-Baguette,Hauptgerichte,,MwSt. 7%,1.07,10.186916,0.713084,Normalverkauf
S1000157.24323,SP1000157.34.24323,SY1000157.2026.24323,iPad1(1000157),157,03.06.26 20:45,Prod,A1000157.6263,Tisch 12,117,S1000157.24323,SALE,2,10.9,21.8,0.0,0.0,0.0,0.0,107,Chicken Burger,Hauptgerichte,,MwSt. 7%,1.07,20.373832,1.426168,Normalverkauf
S1000157.24324,SP1000157.34.24324,SY1000157.2026.24324,iPad1(1000157),157,03.06.26 10:51,Prod,A1000157.6264,Tisch 16,115,S1000157.24324,SALE,1,6.5,6.5,0.0,0.0,0.0,0.0,100,Fischbrötchen Backfisch,Hauptspeisen,,MwSt. 7%,1.07,6.074766,0.425234,Normalverkauf
S1000157.24325,SP1000157.34.24325,SY1000157.2026.24325,iPad1(1000157),157,03.06.26 10:51,Prod,A1000157.6264,Tisch 16,115,S1000157.24325,SALE,2,7.9,15.8,0.0,0.0,0.0,0.0,106,Neptun-Ringe,Beilagen,,MwSt. 7%,1.07,14.766355,1.033645,Normalverkauf
S1000157.24326,SP1000157.34.24326,SY1000157.2026.24326,iPad1(1000157),157,03.06.26 10:51,Prod,A1000157.6264,Tisch 16,115,S1000157.24326,SALE,2,14.5,29.0,0.0,0.0,0.0,0.0,101,Lachs,Hauptspeisen,,MwSt. 7%,1.07,27.102804,1.897196,Normalverkauf
S1000157.24327,SP1000157.34.24327,SY1000157.2026.24327,iPad1(1000157),157,03.06.26 08:58,Prod,A1000157.6265,Tisch 11,117,S1000157.24327,SALE,2,4.2,8.4,0.0,0.0,0.0,0.0,122,Bier,Getränke,,MwSt. 19%,1.19,7.058824,1.341176,Normalverkauf
S1000157.24328,SP1000157.34.24328,SY1000157.2026.24328,iPad1(1000157),157,03.06.26 08:58,Prod,A1000157.6265,Tisch 11,117,S1000157.24328,SALE,1,10.9,10.9,0.0,0.0,0.0,0.0,104,Thunfisch Wrap,Hauptgerichte,,MwSt. 7%,1.07,10.186916,0.713084,Normalverkauf
S1000157.24329,SP1000157.34.24329,SY1000157.2026.24329,iPad1(1000157),157,03.06.26 20:24,Prod,A1000157.6266,Tisch 15,101,S1000157.24329,SALE,1,6.5,6.5,0.0,0.0,0.0,0.0,100,Fischbrötchen Backfisch,Hauptspeisen,,MwSt. 7%,1.07,6.074766,0.425234,Normalverkauf
S1000157.24330,SP1000157.34.24330,SY1000157.2026.24330,iPad1(1000157),157,03.06.26 20:24,Prod,A1000157.6266,Tisch 15,101,S1000157.24330,SALE,1,10.9,10.9,0.0,0.0,0.0,0.0,109,Bismarck-Baguette,Hauptgerichte,,MwSt. 7%,1.07,10.186916,0.713084,Normalverkauf
S1000157.24331,SP1000157.34.24331,SY1000157.2026.24331,iPad1(1000157),157,03.06.26 12:43,Prod,A1000157.6267,Tisch 15,108,S1000157.24331,VOID,1,3.9,3.9,0.0,0.0,0.0,0.0,119,Cola,Getränke,,MwSt. 19%,1.19,3.277311,0.622689,Normalverkauf
S1000157.24332,SP1000157.34.24332,SY1000157.2026.24332,iPad1(1000157),157,03.06.26 09:27,Prod,A1000157.6268,Tisch 2,117,S1000157.24332,SALE,1,5.5,5.5,0.0,0.0,0.0,0.0,111,Pommes Frites,Beilagen,,MwSt. 7%,1.07,5.140187,0.359813,Normalverkauf
S1000157.24333,SP1000157.34.24333,SY1000157.2026.24333,iPad1(1000157),157,03.06.26 09:27,Prod,A1000157.6268,Tisch 2,117,S1000157.24333,SALE,1,4.2,4.2,0.0,0.0,0.0,0.0,122,Bier,Getränke,,MwSt. 19%,1.19,3.529412,0.670588,Normalverkauf
S1000157.24334,SP1000157.34.24334,SY1000157.2026.24334,iPad1(1000157),157,03.06.26 09:27,Prod,A1000157.6268,Tisch 2,117,S1000157.24334,SALE,1,3.9,3.9,0.0,0.0,0.0,0.0,119,Cola,Getränke,,MwSt. 19%,1.19,3.277311,0.622689,Normalverkauf
S1000157.24335,SP1000157.34.24335,SY1000157.2026.24335,iPad1(1000157),157,03.06.26 12:40,Prod,A1000157.6269,Tisch 1,115,S1000157.24335,SALE,2,7.9,15.8,0.0,0.0,0.0,0.0,115,Tiramisu,Desserts,,MwSt. 7%,1.07,14.766355,1.033645,Normalverkauf
S1000157.24336,SP1000157.34.24336,SY1000157.2026.24336,iPad1(1000157),157,03.06.26 12:40,Prod,A1000157.6269,Tisch 1,115,S1000157.24336,SALE,1,4.9,4.9,0.0,0.0,0.0,0.0,112,Kartoffelwedges,Beilagen,,MwSt. 7%,1.07,4.579439,0.320561,Normalverkauf
S1000157.24337,SP1000157.34.24337,SY1000157.2026.24337,iPad1(1000157),157,03.06.26 12:40,Prod,A1000157.6269,Tisch 1,115,S1000157.24337,SALE,2,10.9,21.8,0.0,0.0,0.0,0.0,104,Thunfisch Wrap,Hauptgerichte,,MwSt. 7%,1.07,20.373832,1.426168,Normalverkauf
S1000157.24338,SP1000157.34.24338,SY1000157.2026.24338,iPad1(1000157),157,03.06.26 13:42,Prod,A1000157.6270,Tisch 4,101,S1000157.24338,SALE,2,6.5,13.0,0.0,0.0,0.0,0.0,118,Schokokuchen,Desserts,,MwSt. 7%,1.07,12.149533,0.850467,Normalverkauf
S1000157.24339,SP1000157.34.24339,SY1000157.2026.24339,iPad1(1000157),157,03.06.26 13:42,Prod,A1000157.6270,Tisch 4,101,S1000157.24339,SALE,1,6.9,6.9,0.0,0.0,0.0,0.0,103,Fischbrötchen Räucherlachs,Hauptspeisen,,MwSt. 7%,1.07,6.448598,0.451402,Normalverkauf
S1000157.24340,SP1000157.34.24340,SY1000157.2026.24340,iPad1(1000157),157,03.06.26 13:42,Prod,A1000157.6270,Tisch 4,101,S1000157.24340,SALE,1,5.9,5.9,0.0,0.0,0.0,0.0,117,Rote Grütze,Desserts,,MwSt. 7%,1.07,5.514019,0.385981,Normalverkauf
S1000157.24341,SP1000157.34.24341,SY1000157.2026.24341,iPad1(1000157),157,03.06.26 11:43,Prod,A1000157.6271,Tisch 23,108,S1000157.24341,SALE,2,2.8,5.6,0.0,0.0,0.0,0.0,121,Mineralwasser,Getränke,,MwSt. 19%,1.19,4.705882,0.894118,Normalverkauf
S1000157.24342,SP1000157.34.24342,SY1000157.2026.24342,iPad1(1000157),157,03.06.26 11:43,Prod,A1000157.6271,Tisch 23,108,S1000157.24342,SALE,2,11.5,23.0,0.0,0.0,0.0,0.0,105,Garnelen-Kimchi-Bruger,Hauptgerichte,,MwSt. 7%,1.07,21.495327,1.504673,Normalverkauf
S1000157.24343,SP1000157.34.24343,SY1000157.2026.24343,iPad1(1000157),157,03.06.26 12:15,Prod,A1000157.6272,Tisch 7,120,S1000157.24343,SALE,1,5.5,5.5,0.0,0.0,0.0,0.0,111,Pommes Frites,Beilagen,,MwSt. 7%,1.07,5.140187,0.359813,Normalverkauf
S1000157.24344,SP1000157.34.24344,SY1000157.2026.24344,iPad1(1000157),157,03.06.26 12:15,Prod,A1000157.6272,Tisch 7,120,S1000157.24344,SALE,2,4.9,9.8,0.0,0.0,0.0,0.0,112,Kartoffelwedges,Beilagen,,MwSt. 7%,1.07,9.158879,0.641121,Normalverkauf
S1000157.24345,SP1000157.34.24345,SY1000157.2026.24345,iPad1(1000157),157,03.06.26 18:43,Prod,A1000157.6273,Tisch 18,117,S1000157.24345,SALE,1,4.2,4.2,0.0,0.0,0.0,0.0,122,Bier,Getränke,,MwSt. 19%,1.19,3.529412,0.670588,Normalverkauf
S1000157.24346,SP1000157.34.24346,SY1000157.2026.24346,iPad1(1000157),157,03.06.26 11:16,Prod,A1000157.6274,Tisch 17,118,S1000157.24346,VOID,1,14.5,14.5,0.0,0.0,0.0,0.0,101,Lachs,Hauptspeisen,,MwSt. 7%,1.07,13.551402,0.948598,Normalverkauf
S1000157.24347,SP1000157.34.24347,SY1000157.2026.24347,iPad1(1000157),157,03.06.26 12:17,Prod,A1000157.6275,Tisch 6,120,S1000157.24347,SALE,2,3.9,7.8,0.0,0.0,0.0,0.0,127,Alkoholfreies Bier,Getränke,,MwSt. 19%,1.19,6.554622,1.245378,Normalverkauf
S1000157.24348,SP1000157.34.24348,SY1000157.2026.24348,iPad1(1000157),157,03.06.26 12:17,Prod,A1000157.6275,Tisch 6,120,S1000157.24348,SALE,1,11.5,11.5,0.0,0.0,0.0,0.0,105,Garnelen-Kimchi-Bruger,Hauptgerichte,,MwSt. 7%,1.07,10.747664,0.752336,Normalverkauf
S1000157.24349,SP1000157.34.24349,SY1000157.2026.24349,iPad1(1000157),157,03.06.26 12:50,Prod,A1000157.6276,Tisch 1,120,S1000157.24349,SALE,2,3.2,6.4,0.0,0.0,0.0,0.0,120,Apfelschorle,Getränke,,MwSt. 19%,1.19,5.378151,1.021849,Normalverkauf
S1000157.24350,SP1000157.34.24350,SY1000157.2026.24350,iPad1(1000157),157,03.06.26 16:01,Prod,A1000157.6277,Tisch 11,101,S1000157.24350,SALE,1,10.9,10.9,0.0,0.0,0.0,0.0,107,Chicken Burger,Hauptgerichte,,MwSt. 7%,1.07,10.186916,0.713084,Normalverkauf
S1000157.24351,SP1000157.34.24351,SY1000157.2026.24351,iPad1(1000157),157,03.06.26 17:28,Prod,A1000157.6278,Tisch 9,118,S1000157.24351,SALE,2,2.8,5.6,0.0,0.0,0.0,0.0,121,Mineralwasser,Getränke,,MwSt. 19%,1.19,4.705882,0.894118,Normalverkauf
S1000157.24352,SP1000157.34.24352,SY1000157.2026.24352,iPad1(1000157),157,03.06.26 11:05,Prod,A1000157.6279,Tisch 12,115,S1000157.24352,SALE,1,10.9,10.9,0.0,0.0,0.0,0.0,104,Thunfisch Wrap,Hauptgerichte,,MwSt. 7%,1.07,10.186916,0.713084,Normalverkauf
S1000157.24353,SP1000157.34.24353,SY1000157.2026.24353,iPad1(1000157),157,03.06.26 11:05,Prod,A1000157.6279,Tisch 12,115,S1000157.24353,SALE,2,3.9,7.8,0.0,0.0,0.0,0.0,127,Alkoholfreies Bier,Getränke,,MwSt. 19%,1.19,6.554622,1.245378,Normalverkauf
S1000157.24354,SP1000157.34.24354,SY1000157.2026.24354,iPad1(1000157),157,03.06.26 13:02,Prod,A1000157.6280,Tisch 12,104,S1000157.24354,SALE,2,5.5,11.0,0.0,0.0,0.0,0.0,114,Fisch Nuggets Box,Beilagen,,MwSt. 7%,1.07,10.280374,0.719626,Normalverkauf
S1000157.24355,SP1000157.34.24355,SY1000157.2026.24355,iPad1(1000157),157,03.06.26 19:57,Prod,A1000157.6281,Tisch 22,120,S1000157.24355,SALE,1,4.2,4.2,0.0,0.0,0.0,0.0,122,Bier,Getränke,,MwSt. 19%,1.19,3.529412,0.670588,Normalverkauf
S1000157.24356,SP1000157.34.24356,SY1000157.2026.24356,iPad1(1000157),157,03.06.26 13:16,Prod,A1000157.6282,Tisch 4,115,S1000157.24356,SALE,1,4.9,4.9,0.0,0.0,0.0,0.0,112,Kartoffelwedges,Beilagen,,MwSt. 7%,1.07,4.579439,0.320561,Normalverkauf
S1000157.24357,SP1000157.34.24357,SY1000157.2026.24357,iPad1(1000157),157,03.06.26 10:55,Prod,A1000157.6283,Tisch 18,117,S1000157.24357,SALE,1,10.9,10.9,0.0,0.0,0.0,0.0,109,Bismarck-Baguette,Hauptgerichte,,MwSt. 7%,1.07,10.186916,0.713084,Normalverkauf
S1000157.24358,SP1000157.34.24358,SY1000157.2026.24358,iPad1(1000157),157,03.06.26 10:07,Prod,A1000157.6284,Tisch 2,101,S1000157.24358,SALE,2,11.5,23.0,0.0,0.0,0.0,0.0,105,Garnelen-Kimchi-Bruger,Hauptgerichte,,MwSt. 7%,1.07,21.495327,1.504673,Normalverkauf
S1000157.24359,SP1000157.34.24359,SY1000157.2026.24359,iPad1(1000157),157,03.06.26 10:07,Prod,A1000157.6284,Tisch 2,101,S1000157.24359,SALE,2,10.9,21.8,0.0,0.0,0.0,0.0,109,Bismarck-Baguette,Hauptgerichte,,MwSt. 7%,1.07,20.373832,1.426168,Normalverkauf
S1000157.24360,SP1000157.34.24360,SY1000157.2026.24360,iPad1(1000157),157,03.06.26 16:46,Prod,A1000157.6285,Tisch 24,118,S1000157.24360,SALE,1,5.9,5.9,0.0,0.0,0.0,0.0,116,Vanillequark,Desserts,,MwSt. 7%,1.07,5.514019,0.385981,Normalverkauf
S1000157.24361,SP1000157.34.24361,SY1000157.2026.24361,iPad1(1000157),157,03.06.26 16:46,Prod,A1000157.6285,Tisch 24,118,S1000157.24361,SALE,2,3.2,6.4,0.0,0.0,0.0,0.0,120,Apfelschorle,Getränke,,MwSt. 19%,1.19,5.378151,1.021849,Normalverkauf
S1000157.24362,SP1000157.34.24362,SY1000157.2026.24362,iPad1(1000157),157,03.06.26 16:46,Prod,A1000157.6285,Tisch 24,118,S1000157.24362,SALE,1,9.8,9.8,0.0,0.0,0.0,0.0,108,Seelachs-Ei-Baugette,Hauptgerichte,,MwSt. 7%,1.07,9.158879,0.641121,Normalverkauf
S1000157.24363,SP1000157.34.24363,SY1000157.2026.24363,iPad1(1000157),157,03.06.26 20:15,Prod,A1000157.6286,Tisch 23,101,S1000157.24363,SALE,2,4.2,8.4,0.0,0.0,0.0,0.0,122,Bier,Getränke,,MwSt. 19%,1.19,7.058824,1.341176,Normalverkauf
S1000157.24364,SP1000157.34.24364,SY1000157.2026.24364,iPad1(1000157),157,03.06.26 20:15,Prod,A1000157.6286,Tisch 23,101,S1000157.24364,SALE,2,6.5,13.0,0.0,0.0,0.0,0.0,100,Fischbrötchen Backfisch,Hauptspeisen,,MwSt. 7%,1.07,12.149533,0.850467,Normalverkauf
S1000157.24365,SP1000157.34.24365,SY1000157.2026.24365,iPad1(1000157),157,03.06.26 20:15,Prod,A1000157.6286,Tisch 23,101,S1000157.24365,SALE,1,6.9,6.9,0.0,0.0,0.0,0.0,103,Fischbrötchen Räucherlachs,Hauptspeisen,,MwSt. 7%,1.07,6.448598,0.451402,Normalverkauf
S1000157.24366,SP1000157.34.24366,SY1000157.2026.24366,iPad1(1000157),157,03.06.26 12:10,Prod,A1000157.6287,Tisch 15,120,S1000157.24366,SALE,1,3.9,3.9,0.0,0.0,0.0,0.0,119,Cola,Getränke,,MwSt. 19%,1.19,3.277311,0.622689,Normalverkauf
S1000157.24367,SP1000157.34.24367,SY1000157.2026.24367,iPad1(1000157),157,03.06.26 12:10,Prod,A1000157.6287,Tisch 15,120,S1000157.24367,SALE,2,10.9,21.8,0.0,0.0,0.0,0.0,104,Thunfisch Wrap,Hauptgerichte,,MwSt. 7%,1.07,20.373832,1.426168,Normalverkauf
S1000157.24368,SP1000157.34.24368,SY1000157.2026.24368,iPad1(1000157),157,03.06.26 12:14,Prod,A1000157.6288,Tisch 21,108,S1000157.24368,SALE,2,10.9,21.8,0.0,0.0,0.0,0.0,104,Thunfisch Wrap,Hauptgerichte,,MwSt. 7%,1.07,20.373832,1.426168,Normalverkauf
S1000157.24369,SP1000157.34.24369,SY1000157.2026.24369,iPad1(1000157),157,03.06.26 12:14,Prod,A1000157.6288,Tisch 21,108,S1000157.24369,SALE,1,10.9,10.9,0.0,0.0,0.0,0.0,109,Bismarck-Baguette,Hauptgerichte,,MwSt. 7%,1.07,10.186916,0.713084,Normalverkauf
S1000157.24370,SP1000157.34.24370,SY1000157.2026.24370,iPad1(1000157),157,03.06.26 17:32,Prod,A1000157.6289,Tisch 11,118,S1000157.24370,SALE,1,9.8,9.8,0.0,0.0,0.0,0.0,108,Seelachs-Ei-Baugette,Hauptgerichte,,MwSt. 7%,1.07,9.158879,0.641121,Normalverkauf
S1000157.24371,SP1000157.34.24371,SY1000157.2026.24371,iPad1(1000157),157,03.06.26 17:32,Prod,A1000157.6289,Tisch 11,118,S1000157.24371,SALE,2,10.9,21.8,0.0,0.0,0.0,0.0,107,Chicken Burger,Hauptgerichte,,MwSt. 7%,1.07,20.373832,1.426168,Normalverkauf
S1000157.24372,SP1000157.34.24372,SY1000157.2026.24372,iPad1(1000157),157,03.06.26 19:42,Prod,A1000157.6290,Tisch 6,117,S1000157.24372,SALE,1,2.8,2.8,0.0,0.0,0.0,0.0,121,Mineralwasser,Getränke,,MwSt. 19%,1.19,2.352941,0.447059,Normalverkauf
S1000157.24373,SP1000157.34.24373,SY1000157.2026.24373,iPad1(1000157),157,03.06.26 19:42,Prod,A1000157.6290,Tisch 6,117,S1000157.24373,SALE,1,6.5,6.5,0.0,0.0,0.0,0.0,100,Fischbrötchen Backfisch,Hauptspeisen,,MwSt. 7%,1.07,6.074766,0.425234,Normalverkauf
S1000157.24374,SP1000157.34.24374,SY1000157.2026.24374,iPad1(1000157),157,03.06.26 19:15,Prod,A1000157.6291,Tisch 13,108,S1000157.24374,SALE,1,6.5,6.5,0.0,0.0,0.0,0.0,118,Schokokuchen,Desserts,,MwSt. 7%,1.07,6.074766,0.425234,Normalverkauf
S1000157.24375,SP1000157.34.24375,SY1000157.2026.24375,iPad1(1000157),157,03.06.26 19:15,Prod,A1000157.6291,Tisch 13,108,S1000157.24375,SALE,2,3.9,7.8,0.0,0.0,0.0,0.0,119,Cola,Getränke,,MwSt. 19%,1.19,6.554622,1.245378,Normalverkauf
S1000157.24376,SP1000157.34.24376,SY1000157.2026.24376,iPad1(1000157),157,03.06.26 18:15,Prod,A1000157.6292,Tisch 1,117,S1000157.24376,SALE,1,10.9,10.9,0.0,0.0,0.0,0.0,107,Chicken Burger,Hauptgerichte,,MwSt. 7%,1.07,10.186916,0.713084,Normalverkauf
S1000157.24377,SP1000157.34.24377,SY1000157.2026.24377,iPad1(1000157),157,03.06.26 18:15,Prod,A1000157.6292,Tisch 1,117,S1000157.24377,SALE,1,11.5,11.5,0.0,0.0,0.0,0.0,105,Garnelen-Kimchi-Bruger,Hauptgerichte,,MwSt. 7%,1.07,10.747664,0.752336,Normalverkauf
S1000157.24378,SP1000157.34.24378,SY1000157.2026.24378,iPad1(1000157),157,03.06.26 18:15,Prod,A1000157.6292,Tisch 1,117,S1000157.24378,SALE,1,3.9,3.9,0.0,0.0,0.0,0.0,119,Cola,Getränke,,MwSt. 19%,1.19,3.277311,0.622689,Normalverkauf
S1000157.24379,SP1000157.34.24379,SY1000157.2026.24379,iPad1(1000157),157,03.06.26 12:41,Prod,A1000157.6293,Tisch 21,101,S1000157.24379,SALE,2,14.5,29.0,0.0,0.0,0.0,0.0,101,Lachs,Hauptspeisen,,MwSt. 7%,1.07,27.102804,1.897196,Normalverkauf
S1000157.24380,SP1000157.34.24380,SY1000157.2026.24380,iPad1(1000157),157,03.06.26 12:41,Prod,A1000157.6293,Tisch 21,101,S1000157.24380,SALE,1,6.9,6.9,0.0,0.0,0.0,0.0,103,Fischbrötchen Räucherlachs,Hauptspeisen,,MwSt. 7%,1.07,6.448598,0.451402,Normalverkauf
S1000157.24381,SP1000157.34.24381,SY1000157.2026.24381,iPad1(1000157),157,03.06.26 12:41,Prod,A1000157.6293,Tisch 21,101,S1000157.24381,SALE,1,3.9,3.9,0.0,0.0,0.0,0.0,124,Cola Zero,Getränke,,MwSt. 19%,1.19,3.277311,0.622689,Normalverkauf
S1000157.24382,SP1000157.34.24382,SY1000157.2026.24382,iPad1(1000157),157,03.06.26 16:15,Prod,A1000157.6294,,118,S1000157.24382,SALE,1,5.5,5.5,0.0,0.0,0.0,0.0,111,Pommes Frites,Beilagen,,MwSt. 7%,1.07,5.140187,0.359813,Normalverkauf
S1000157.24383,SP1000157.34.24383,SY1000157.2026.24383,iPad1(1000157),157,03.06.26 11:06,Prod,A1000157.6295,Tisch 12,101,S1000157.24383,SALE,1,6.9,6.9,0.0,0.0,0.0,0.0,103,Fischbrötchen Räucherlachs,Hauptspeisen,,MwSt. 7%,1.07,6.448598,0.451402,Normalverkauf
S1000157.24384,SP1000157.34.24384,SY1000157.2026.24384,iPad1(1000157),157,03.06.26 11:06,Prod,A1000157.6295,Tisch 12,101,S1000157.24384,SALE,2,2.8,5.6,0.0,0.0,0.0,0.0,121,Mineralwasser,Getränke,,MwSt. 19%,1.19,4.705882,0.894118,Normalverkauf
S1000157.24385,SP1000157.34.24385,SY1000157.2026.24385,iPad1(1000157),157,03.06.26 11:06,Prod,A1000157.6295,Tisch 12,101,S1000157.24385,SALE,2,6.9,13.8,0.0,0.0,0.0,0.0,103,Fischbrötchen Räucherlachs,Hauptspeisen,,MwSt. 7%,1.07,12.897196,0.902804,Normalverkauf
S1000157.24386,SP1000157.34.24386,SY1000157.2026.24386,iPad1(1000157),157,03.06.26 18:05,Prod,A1000157.6296,Tisch 20,118,S1000157.24386,SALE,1,10.9,10.9,0.0,0.0,0.0,0.0,104,Thunfisch Wrap,Hauptgerichte,,MwSt. 7%,1.07,10.186916,0.713084,Normalverkauf
S1000157.24387,SP1000157.34.24387,SY1000157.2026.24387,iPad1(1000157),157,03.06.26 18:05,Prod,A1000157.6296,Tisch 20,118,S1000157.24387,SALE,1,14.5,14.5,0.0,0.0,0.0,0.0,101,Lachs,Hauptspeisen,,MwSt. 7%,1.07,13.551402,0.948598,Normalverkauf
S1000157.24388,SP1000157.34.24388,SY1000157.2026.24388,iPad1(1000157),157,03.06.26 18:05,Prod,A1000157.6296,Tisch 20,118,S1000157.24388,SALE,1,2.8,2.8,0.0,0.0,0.0,0.0,121,Mineralwasser,Getränke,,MwSt. 19%,1.19,2.352941,0.447059,Normalverkauf
S1000157.24389,SP1000157.34.24389,SY1000157.2026.24389,iPad1(1000157),157,03.06.26 10:12,Prod,A1000157.6297,Tisch 19,118,S1000157.24389,SALE,2,3.9,7.8,0.0,0.0,0.0,0.0,124,Cola Zero,Getränke,,MwSt. 19%,1.19,6.554622,1.245378,Normalverkauf
S1000157.24390,SP1000157.34.24390,SY1000157.2026.24390,iPad1(1000157),157,03.06.26 10:12,Prod,A1000157.6297,Tisch 19,118,S1000157.24390,SALE,1,11.5,11.5,0.0,0.0,0.0,0.0,105,Garnelen-Kimchi-Bruger,Hauptgerichte,,MwSt. 7%,1.07,10.747664,0.752336,Normalverkauf
S1000157.24391,SP1000157.34.24391,SY1000157.2026.24391,iPad1(1000157),157,03.06.26 10:13,Prod,A1000157.6298,Tisch 22,120,S1000157.24391,SALE,2,4.2,8.4,0.0,0.0,0.0,0.0,122,Bier,Getränke,,MwSt. 19%,1.19,7.058824,1.341176,Normalverkauf
S1000157.24392,SP1000157.34.24392,SY1000157.2026.24392,iPad1(1000157),157,03.06.26 10:13,Prod,A1000157.6298,Tisch 22,120,S1000157.24392,SALE,1,9.8,9.8,0.0,0.0,0.0,0.0,108,Seelachs-Ei-Baugette,Hauptgerichte,,MwSt. 7%,1.07,9.158879,0.641121,Normalverkauf
S1000157.24393,SP1000157.34.24393,SY1000157.2026.24393,iPad1(1000157),157,03.06.26 10:13,Prod,A1000157.6298,Tisch 22,120,S1000157.24393,SALE,1,2.8,2.8,0.0,0.0,0.0,0.0,121,Mineralwasser,Getränke,,MwSt. 19%,1.19,2.352941,0.447059,Normalverkauf
S1000157.24394,SP1000157.34.24394,SY1000157.2026.24394,iPad1(1000157),157,03.06.26 09:26,Prod,A1000157.6299,Tisch 19,115,S1000157.24394,SALE,2,11.9,23.8,0.0,0.0,0.0,0.0,110,Matjes-Baguette,Hauptgerichte,,MwSt. 7%,1.07,22.242991,1.557009,Normalverkauf
S1000157.24395,SP1000157.34.24395,SY1000157.2026.24395,iPad1(1000157),157,03.06.26 19:33,Prod,A1000157.6300,Tisch 8,120,S1000157.24395,SALE,1,3.9,3.9,0.0,0.0,0.0,0.0,119,Cola,Getränke,,MwSt. 19%,1.19,3.277311,0.622689,Normalverkauf
S1000157.24396,SP1000157.34.24396,SY1000157.2026.24396,iPad1(1000157),157,03.06.26 19:33,Prod,A1000157.6300,Tisch 8,120,S1000157.24396,SALE,2,5.9,11.8,0.0,0.0,0.0,0.0,116,Vanillequark,Desserts,,MwSt. 7%,1.07,11.028037,0.771963,Normalverkauf
S1000157.24397,SP1000157.34.24397,SY1000157.2026.24397,iPad1(1000157),157,03.06.26 19:33,Prod,A1000157.6300,Tisch 8,120,S1000157.24397,SALE,1,5.9,5.9,0.0,0.0,0.0,0.0,123,Inger-Limonade,Getränke,,MwSt. 19%,1.19,4.957983,0.942017,Normalverkauf
S1000157.24398,SP1000157.34.24398,SY1000157.2026.24398,iPad1(1000157),157,03.06.26 10:00,Prod,A1000157.6301,Tisch 13,101,S1000157.24398,SALE,1,6.9,6.9,0.0,0.0,0.0,0.0,103,Fischbrötchen Räucherlachs,Hauptspeisen,,MwSt. 7%,1.07,6.448598,0.451402,Normalverkauf
S1000157.24399,SP1000157.34.24399,SY1000157.2026.24399,iPad1(1000157),157,03.06.26 10:05,Prod,A1000157.6302,Tisch 9,117,S1000157.24399,SALE,2,9.8,19.6,0.0,0.0,0.0,0.0,108,Seelachs-Ei-Baugette,Hauptgerichte,,MwSt. 7%,1.07,18.317757,1.282243,Normalverkauf
S1000157.24400,SP1000157.34.24400,SY1000157.2026.24400,iPad1(1000157),157,04.06.26 11:35,Prod,A1000157.6303,Tisch 4,115,S1000157.24400,SALE,1,11.9,11.9,0.0,0.0,0.0,0.0,110,Matjes-Baguette,Hauptgerichte,,MwSt. 7%,1.07,11.121495,0.778505,Normalverkauf
S1000157.24401,SP1000157.34.24401,SY1000157.2026.24401,iPad1(1000157),157,04.06.26 11:35,Prod,A1000157.6303,Tisch 4,115,S1000157.24401,SALE,1,5.5,5.5,0.0,0.0,0.0,0.0,114,Fisch Nuggets Box,Beilagen,,MwSt. 7%,1.07,5.140187,0.359813,Normalverkauf
S1000157.24402,SP1000157.34.24402,SY1000157.2026.24402,iPad1(1000157),157,04.06.26 11:35,Prod,A1000157.6303,Tisch 4,115,S1000157.24402,SALE,2,5.9,11.8,0.0,0.0,0.0,0.0,123,Inger-Limonade,Getränke,,MwSt. 19%,1.19,9.915966,1.884034,Normalverkauf
S1000157.24403,SP1000157.34.24403,SY1000157.2026.24403,iPad1(1000157),157,04.06.26 10:03,Prod,A1000157.6304,Tisch 7,115,S1000157.24403,SALE,2,5.9,11.8,0.0,0.0,0.0,0.0,116,Vanillequark,Desserts,,MwSt. 7%,1.07,11.028037,0.771963,Normalverkauf
S1000157.24404,SP1000157.34.24404,SY1000157.2026.24404,iPad1(1000157),157,04.06.26 10:03,Prod,A1000157.6304,Tisch 7,115,S1000157.24404,SALE,1,3.9,3.9,0.0,0.0,0.0,0.0,124,Cola Zero,Getränke,,MwSt. 19%,1.19,3.277311,0.622689,Normalverkauf
S1000157.24405,SP1000157.34.24405,SY1000157.2026.24405,iPad1(1000157),157,04.06.26 10:03,Prod,A1000157.6304,Tisch 7,115,S1000157.24405,SALE,2,3.9,7.8,0.0,0.0,0.0,0.0,127,Alkoholfreies Bier,Getränke,,MwSt. 19%,1.19,6.554622,1.245378,Normalverkauf
S1000157.24406,SP1000157.34.24406,SY1000157.2026.24406,iPad1(1000157),157,04.06.26 11:33,Prod,A1000157.6305,,104,S1000157.24406,SALE,1,3.2,3.2,0.0,0.0,0.0,0.0,120,Apfelschorle,Getränke,,MwSt. 19%,1.19,2.689076,0.510924,Normalverkauf
S1000157.24407,SP1000157.34.24407,SY1000157.2026.24407,iPad1(1000157),157,04.06.26 11:33,Prod,A1000157.6305,,104,S1000157.24407,SALE,1,6.9,6.9,0.0,0.0,0.0,0.0,103,Fischbrötchen Räucherlachs,Hauptspeisen,,MwSt. 7%,1.07,6.448598,0.451402,Normalverkauf
S1000157.24408,SP1000157.34.24408,SY1000157.2026.24408,iPad1(1000157),157,04.06.26 11:33,Prod,A1000157.6305,,104,S1000157.24408,SALE,2,11.9,23.8,0.0,0.0,0.0,0.0,110,Matjes-Baguette,Hauptgerichte,,MwSt. 7%,1.07,22.242991,1.557009,Normalverkauf
S1000157.24409,SP1000157.34.24409,SY1000157.2026.24409,iPad1(1000157),157,04.06.26 11:14,Prod,A1000157.6306,Tisch 19,108,S1000157.24409,SALE,1,7.9,7.9,0.0,0.0,0.0,0.0,115,Tiramisu,Desserts,,MwSt. 7%,1.07,7.383178,0.516822,Normalverkauf
S1000157.24410,SP1000157.34.24410,SY1000157.2026.24410,iPad1(1000157),157,04.06.26 11:14,Prod,A1000157.6306,Tisch 19,108,S1000157.24410,SALE,1,6.5,6.5,0.0,0.0,0.0,0.0,118,Schokokuchen,Desserts,,MwSt. 7%,1.07,6.074766,0.425234,Normalverkauf
S1000157.24411,SP1000157.34.24411,SY1000157.2026.24411,iPad1(1000157),157,04.06.26 11:14,Prod,A1000157.6306,Tisch 19,108,S1000157.24411,SALE,2,10.9,21.8,0.0,0.0,0.0,0.0,109,Bismarck-Baguette,Hauptgerichte,,MwSt. 7%,1.07,20.373832,1.426168,Normalverkauf
S1000157.24412,SP1000157.34.24412,SY1000157.2026.24412,iPad1(1000157),157,04.06.26 12:56,Prod,A1000157.6307,Tisch 3,118,S1000157.24412,SALE,2,2.8,5.6,0.0,0.0,0.0,0.0,121,Mineralwasser,Getränke,,MwSt. 19%,1.19,4.705882,0.894118,Normalverkauf
S1000157.24413,SP1000157.34.24413,SY1000157.2026.24413,iPad1(1000157),157,04.06.26 12:56,Prod,A1000157.6307,Tisch 3,118,S1000157.24413,SALE,1,10.9,10.9,0.0,0.0,0.0,0.0,107,Chicken Burger,Hauptgerichte,,MwSt. 7%,1.07,10.186916,0.713084,Normalverkauf
S1000157.24414,SP1000157.34.24414,SY1000157.2026.24414,iPad1(1000157),157,04.06.26 12:56,Prod,A1000157.6307,Tisch 3,118,S1000157.24414,SALE,1,7.9,7.9,0.0,0.0,0.0,0.0,106,Neptun-Ringe,Beilagen,,MwSt. 7%,1.07,7.383178,0.516822,Normalverkauf
S1000157.24415,SP1000157.34.24415,SY1000157.2026.24415,iPad1(1000157),157,04.06.26 12:25,Prod,A1000157.6308,Tisch 8,115,S1000157.24415,SALE,2,3.9,7.8,0.0,0.0,0.0,0.0,124,Cola Zero,Getränke,,MwSt. 19%,1.19,6.554622,1.245378,Normalverkauf
S1000157.24416,SP1000157.34.24416,SY1000157.2026.24416,iPad1(1000157),157,04.06.26 13:49,Prod,A1000157.6309,Tisch 3,118,S1000157.24416,SALE,1,7.9,7.9,0.0,0.0,0.0,0.0,106,Neptun-Ringe,Beilagen,,MwSt. 7%,1.07,7.383178,0.516822,Normalverkauf
S1000157.24417,SP1000157.34.24417,SY1000157.2026.24417,iPad1(1000157),157,04.06.26 16:21,Prod,A1000157.6310,Tisch 11,120,S1000157.24417,VOID,2,2.8,5.6,0.0,0.0,0.0,0.0,121,Mineralwasser,Getränke,,MwSt. 19%,1.19,4.705882,0.894118,Normalverkauf
S1000157.24418,SP1000157.34.24418,SY1000157.2026.24418,iPad1(1000157),157,04.06.26 16:21,Prod,A1000157.6310,Tisch 11,120,S1000157.24418,VOID,1,10.9,10.9,0.0,0.0,0.0,0.0,107,Chicken Burger,Hauptgerichte,,MwSt. 7%,1.07,10.186916,0.713084,Normalverkauf
S1000157.24419,SP1000157.34.24419,SY1000157.2026.24419,iPad1(1000157),157,04.06.26 16:21,Prod,A1000157.6310,Tisch 11,120,S1000157.24419,VOID,1,5.9,5.9,0.0,0.0,0.0,0.0,116,Vanillequark,Desserts,,MwSt. 7%,1.07,5.514019,0.385981,Normalverkauf
S1000157.24420,SP1000157.34.24420,SY1000157.2026.24420,iPad1(1000157),157,04.06.26 20:19,Prod,A1000157.6311,Tisch 19,104,S1000157.24420,SALE,2,5.5,11.0,0.0,0.0,0.0,0.0,111,Pommes Frites,Beilagen,,MwSt. 7%,1.07,10.280374,0.719626,Normalverkauf
S1000157.24421,SP1000157.34.24421,SY1000157.2026.24421,iPad1(1000157),157,04.06.26 20:19,Prod,A1000157.6311,Tisch 19,104,S1000157.24421,SALE,1,5.9,5.9,0.0,0.0,0.0,0.0,125,Zitronen-Limonade,Getränke,,MwSt. 19%,1.19,4.957983,0.942017,Normalverkauf
S1000157.24422,SP1000157.34.24422,SY1000157.2026.24422,iPad1(1000157),157,04.06.26 19:17,Prod,A1000157.6312,Tisch 5,118,S1000157.24422,SALE,2,7.9,15.8,0.0,0.0,0.0,0.0,106,Neptun-Ringe,Beilagen,,MwSt. 7%,1.07,14.766355,1.033645,Normalverkauf
S1000157.24423,SP1000157.34.24423,SY1000157.2026.24423,iPad1(1000157),157,04.06.26 19:17,Prod,A1000157.6312,Tisch 5,118,S1000157.24423,SALE,1,5.9,5.9,0.0,0.0,0.0,0.0,116,Vanillequark,Desserts,,MwSt. 7%,1.07,5.514019,0.385981,Normalverkauf
S1000157.24424,SP1000157.34.24424,SY1000157.2026.24424,iPad1(1000157),157,04.06.26 19:17,Prod,A1000157.6312,Tisch 5,118,S1000157.24424,SALE,1,2.8,2.8,0.0,0.0,0.0,0.0,121,Mineralwasser,Getränke,,MwSt. 19%,1.19,2.352941,0.447059,Normalverkauf
S1000157.24425,SP1000157.34.24425,SY1000157.2026.24425,iPad1(1000157),157,04.06.26 10:12,Prod,A1000157.6313,Tisch 8,104,S1000157.24425,SALE,2,3.9,7.8,0.0,0.0,0.0,0.0,124,Cola Zero,Getränke,,MwSt. 19%,1.19,6.554622,1.245378,Normalverkauf
S1000157.24426,SP1000157.34.24426,SY1000157.2026.24426,iPad1(1000157),157,04.06.26 10:12,Prod,A1000157.6313,Tisch 8,104,S1000157.24426,SALE,1,10.9,10.9,0.0,0.0,0.0,0.0,107,Chicken Burger,Hauptgerichte,,MwSt. 7%,1.07,10.186916,0.713084,Normalverkauf
S1000157.24427,SP1000157.34.24427,SY1000157.2026.24427,iPad1(1000157),157,04.06.26 09:33,Prod,A1000157.6314,Tisch 1,101,S1000157.24427,VOID,2,14.5,29.0,0.0,0.0,0.0,0.0,101,Lachs,Hauptspeisen,,MwSt. 7%,1.07,27.102804,1.897196,Normalverkauf
S1000157.24428,SP1000157.34.24428,SY1000157.2026.24428,iPad1(1000157),157,04.06.26 12:07,Prod,A1000157.6315,Tisch 13,115,S1000157.24428,SALE,2,6.9,13.8,0.0,0.0,0.0,0.0,113,Garnelen Box,Beilagen,,MwSt. 7%,1.07,12.897196,0.902804,Normalverkauf
S1000157.24429,SP1000157.34.24429,SY1000157.2026.24429,iPad1(1000157),157,04.06.26 12:07,Prod,A1000157.6315,Tisch 13,115,S1000157.24429,SALE,2,2.8,5.6,0.0,0.0,0.0,0.0,121,Mineralwasser,Getränke,,MwSt. 19%,1.19,4.705882,0.894118,Normalverkauf
S1000157.24430,SP1000157.34.24430,SY1000157.2026.24430,iPad1(1000157),157,04.06.26 12:07,Prod,A1000157.6315,Tisch 13,115,S1000157.24430,SALE,1,10.9,10.9,0.0,0.0,0.0,0.0,109,Bismarck-Baguette,Hauptgerichte,,MwSt. 7%,1.07,10.186916,0.713084,Normalverkauf
S1000157.24431,SP1000157.34.24431,SY1000157.2026.24431,iPad1(1000157),157,04.06.26 18:12,Prod,A1000157.6316,Tisch 22,104,S1000157.24431,SALE,1,10.9,10.9,0.0,0.0,0.0,0.0,104,Thunfisch Wrap,Hauptgerichte,,MwSt. 7%,1.07,10.186916,0.713084,Normalverkauf
S1000157.24432,SP1000157.34.24432,SY1000157.2026.24432,iPad1(1000157),157,04.06.26 18:12,Prod,A1000157.6316,Tisch 22,104,S1000157.24432,SALE,1,10.9,10.9,0.0,0.0,0.0,0.0,109,Bismarck-Baguette,Hauptgerichte,,MwSt. 7%,1.07,10.186916,0.713084,Normalverkauf
S1000157.24433,SP1000157.34.24433,SY1000157.2026.24433,iPad1(1000157),157,04.06.26 18:12,Prod,A1000157.6316,Tisch 22,104,S1000157.24433,SALE,2,4.9,9.8,0.0,0.0,0.0,0.0,112,Kartoffelwedges,Beilagen,,MwSt. 7%,1.07,9.158879,0.641121,Normalverkauf
S1000157.24434,SP1000157.34.24434,SY1000157.2026.24434,iPad1(1000157),157,04.06.26 14:27,Prod,A1000157.6317,Tisch 4,118,S1000157.24434,SALE,1,3.2,3.2,0.0,0.0,0.0,0.0,120,Apfelschorle,Getränke,,MwSt. 19%,1.19,2.689076,0.510924,Normalverkauf
S1000157.24435,SP1000157.34.24435,SY1000157.2026.24435,iPad1(1000157),157,04.06.26 18:40,Prod,A1000157.6318,,101,S1000157.24435,SALE,2,5.9,11.8,0.0,0.0,0.0,0.0,125,Zitronen-Limonade,Getränke,,MwSt. 19%,1.19,9.915966,1.884034,Normalverkauf
S1000157.24436,SP1000157.34.24436,SY1000157.2026.24436,iPad1(1000157),157,04.06.26 18:40,Prod,A1000157.6318,,101,S1000157.24436,SALE,1,3.9,3.9,0.0,0.0,0.0,0.0,124,Cola Zero,Getränke,,MwSt. 19%,1.19,3.277311,0.622689,Normalverkauf
S1000157.24437,SP1000157.34.24437,SY1000157.2026.24437,iPad1(1000157),157,04.06.26 18:40,Prod,A1000157.6318,,101,S1000157.24437,SALE,1,3.9,3.9,0.0,0.0,0.0,0.0,124,Cola Zero,Getränke,,MwSt. 19%,1.19,3.277311,0.622689,Normalverkauf
S1000157.24438,SP1000157.34.24438,SY1000157.2026.24438,iPad1(1000157),157,04.06.26 12:41,Prod,A1000157.6319,Tisch 16,118,S1000157.24438,SALE,1,3.9,3.9,0.0,0.0,0.0,0.0,119,Cola,Getränke,,MwSt. 19%,1.19,3.277311,0.622689,Normalverkauf
S1000157.24439,SP1000157.34.24439,SY1000157.2026.24439,iPad1(1000157),157,04.06.26 12:41,Prod,A1000157.6319,Tisch 16,118,S1000157.24439,SALE,2,3.2,6.4,0.0,0.0,0.0,0.0,120,Apfelschorle,Getränke,,MwSt. 19%,1.19,5.378151,1.021849,Normalverkauf
S1000157.24440,SP1000157.34.24440,SY1000157.2026.24440,iPad1(1000157),157,04.06.26 17:39,Prod,A1000157.6320,Tisch 1,117,S1000157.24440,SALE,2,4.9,9.8,0.0,0.0,0.0,0.0,112,Kartoffelwedges,Beilagen,,MwSt. 7%,1.07,9.158879,0.641121,Normalverkauf
S1000157.24441,SP1000157.34.24441,SY1000157.2026.24441,iPad1(1000157),157,04.06.26 17:39,Prod,A1000157.6320,Tisch 1,117,S1000157.24441,SALE,1,6.5,6.5,0.0,0.0,0.0,0.0,100,Fischbrötchen Backfisch,Hauptspeisen,,MwSt. 7%,1.07,6.074766,0.425234,Normalverkauf
S1000157.24442,SP1000157.34.24442,SY1000157.2026.24442,iPad1(1000157),157,04.06.26 19:04,Prod,A1000157.6321,Tisch 12,101,S1000157.24442,SALE,2,10.9,21.8,0.0,0.0,0.0,0.0,107,Chicken Burger,Hauptgerichte,,MwSt. 7%,1.07,20.373832,1.426168,Normalverkauf
S1000157.24443,SP1000157.34.24443,SY1000157.2026.24443,iPad1(1000157),157,04.06.26 19:04,Prod,A1000157.6321,Tisch 12,101,S1000157.24443,SALE,2,10.9,21.8,0.0,0.0,0.0,0.0,109,Bismarck-Baguette,Hauptgerichte,,MwSt. 7%,1.07,20.373832,1.426168,Normalverkauf
S1000157.24444,SP1000157.34.24444,SY1000157.2026.24444,iPad1(1000157),157,04.06.26 19:04,Prod,A1000157.6321,Tisch 12,101,S1000157.24444,SALE,1,10.9,10.9,0.0,0.0,0.0,0.0,104,Thunfisch Wrap,Hauptgerichte,,MwSt. 7%,1.07,10.186916,0.713084,Normalverkauf
S1000157.24445,SP1000157.34.24445,SY1000157.2026.24445,iPad1(1000157),157,04.06.26 18:56,Prod,A1000157.6322,Tisch 8,104,S1000157.24445,SALE,1,10.9,10.9,0.0,0.0,0.0,0.0,107,Chicken Burger,Hauptgerichte,,MwSt. 7%,1.07,10.186916,0.713084,Normalverkauf
S1000157.24446,SP1000157.34.24446,SY1000157.2026.24446,iPad1(1000157),157,04.06.26 18:56,Prod,A1000157.6322,Tisch 8,104,S1000157.24446,SALE,2,10.9,21.8,0.0,0.0,0.0,0.0,109,Bismarck-Baguette,Hauptgerichte,,MwSt. 7%,1.07,20.373832,1.426168,Normalverkauf
S1000157.24447,SP1000157.34.24447,SY1000157.2026.24447,iPad1(1000157),157,04.06.26 18:56,Prod,A1000157.6322,Tisch 8,104,S1000157.24447,SALE,1,5.9,5.9,0.0,0.0,0.0,0.0,117,Rote Grütze,Desserts,,MwSt. 7%,1.07,5.514019,0.385981,Normalverkauf
S1000157.24448,SP1000157.34.24448,SY1000157.2026.24448,iPad1(1000157),157,04.06.26 18:06,Prod,A1000157.6323,Tisch 7,120,S1000157.24448,VOID,1,6.9,6.9,0.0,0.0,0.0,0.0,103,Fischbrötchen Räucherlachs,Hauptspeisen,,MwSt. 7%,1.07,6.448598,0.451402,Normalverkauf
S1000157.24449,SP1000157.34.24449,SY1000157.2026.24449,iPad1(1000157),157,04.06.26 11:38,Prod,A1000157.6324,Tisch 17,101,S1000157.24449,SALE,1,5.5,5.5,0.0,0.0,0.0,0.0,111,Pommes Frites,Beilagen,,MwSt. 7%,1.07,5.140187,0.359813,Normalverkauf
S1000157.24450,SP1000157.34.24450,SY1000157.2026.24450,iPad1(1000157),157,04.06.26 11:38,Prod,A1000157.6324,Tisch 17,101,S1000157.24450,SALE,2,3.2,6.4,0.0,0.0,0.0,0.0,120,Apfelschorle,Getränke,,MwSt. 19%,1.19,5.378151,1.021849,Normalverkauf
S1000157.24451,SP1000157.34.24451,SY1000157.2026.24451,iPad1(1000157),157,04.06.26 11:38,Prod,A1000157.6324,Tisch 17,101,S1000157.24451,SALE,2,7.9,15.8,0.0,0.0,0.0,0.0,106,Neptun-Ringe,Beilagen,,MwSt. 7%,1.07,14.766355,1.033645,Normalverkauf
S1000157.24452,SP1000157.34.24452,SY1000157.2026.24452,iPad1(1000157),157,04.06.26 19:17,Prod,A1000157.6325,Tisch 24,117,S1000157.24452,VOID,2,3.2,6.4,0.0,0.0,0.0,0.0,120,Apfelschorle,Getränke,,MwSt. 19%,1.19,5.378151,1.021849,Normalverkauf
S1000157.24453,SP1000157.34.24453,SY1000157.2026.24453,iPad1(1000157),157,04.06.26 19:58,Prod,A1000157.6326,Tisch 10,101,S1000157.24453,SALE,2,5.5,11.0,0.0,0.0,0.0,0.0,111,Pommes Frites,Beilagen,,MwSt. 7%,1.07,10.280374,0.719626,Normalverkauf
S1000157.24454,SP1000157.34.24454,SY1000157.2026.24454,iPad1(1000157),157,04.06.26 08:32,Prod,A1000157.6327,Tisch 17,104,S1000157.24454,SALE,1,10.9,10.9,0.0,0.0,0.0,0.0,109,Bismarck-Baguette,Hauptgerichte,,MwSt. 7%,1.07,10.186916,0.713084,Normalverkauf
S1000157.24455,SP1000157.34.24455,SY1000157.2026.24455,iPad1(1000157),157,04.06.26 08:32,Prod,A1000157.6327,Tisch 17,104,S1000157.24455,SALE,1,10.9,10.9,0.0,0.0,0.0,0.0,109,Bismarck-Baguette,Hauptgerichte,,MwSt. 7%,1.07,10.186916,0.713084,Normalverkauf
S1000157.24456,SP1000157.34.24456,SY1000157.2026.24456,iPad1(1000157),157,04.06.26 08:32,Prod,A1000157.6327,Tisch 17,104,S1000157.24456,SALE,1,6.9,6.9,0.0,0.0,0.0,0.0,113,Garnelen Box,Beilagen,,MwSt. 7%,1.07,6.448598,0.451402,Normalverkauf
S1000157.24457,SP1000157.34.24457,SY1000157.2026.24457,iPad1(1000157),157,04.06.26 12:52,Prod,A1000157.6328,Tisch 22,115,S1000157.24457,SALE,1,2.8,2.8,0.0,0.0,0.0,0.0,121,Mineralwasser,Getränke,,MwSt. 19%,1.19,2.352941,0.447059,Normalverkauf
S1000157.24458,SP1000157.34.24458,SY1000157.2026.24458,iPad1(1000157),157,04.06.26 12:56,Prod,A1000157.6329,Tisch 10,118,S1000157.24458,SALE,1,3.9,3.9,0.0,0.0,0.0,0.0,127,Alkoholfreies Bier,Getränke,,MwSt. 19%,1.19,3.277311,0.622689,Normalverkauf
S1000157.24459,SP1000157.34.24459,SY1000157.2026.24459,iPad1(1000157),157,04.06.26 12:56,Prod,A1000157.6329,Tisch 10,118,S1000157.24459,SALE,1,4.9,4.9,0.0,0.0,0.0,0.0,112,Kartoffelwedges,Beilagen,,MwSt. 7%,1.07,4.579439,0.320561,Normalverkauf
S1000157.24460,SP1000157.34.24460,SY1000157.2026.24460,iPad1(1000157),157,04.06.26 12:56,Prod,A1000157.6329,Tisch 10,118,S1000157.24460,SALE,2,4.2,8.4,0.0,0.0,0.0,0.0,122,Bier,Getränke,,MwSt. 19%,1.19,7.058824,1.341176,Normalverkauf
S1000157.24461,SP1000157.34.24461,SY1000157.2026.24461,iPad1(1000157),157,04.06.26 18:12,Prod,A1000157.6330,Tisch 24,101,S1000157.24461,SALE,2,4.9,9.8,0.0,0.0,0.0,0.0,112,Kartoffelwedges,Beilagen,,MwSt. 7%,1.07,9.158879,0.641121,Normalverkauf
S1000157.24462,SP1000157.34.24462,SY1000157.2026.24462,iPad1(1000157),157,04.06.26 18:12,Prod,A1000157.6330,Tisch 24,101,S1000157.24462,SALE,1,4.2,4.2,0.0,0.0,0.0,0.0,122,Bier,Getränke,,MwSt. 19%,1.19,3.529412,0.670588,Normalverkauf
S1000157.24463,SP1000157.34.24463,SY1000157.2026.24463,iPad1(1000157),157,04.06.26 10:51,Prod,A1000157.6331,Tisch 19,101,S1000157.24463,SALE,2,3.2,6.4,0.0,0.0,0.0,0.0,120,Apfelschorle,Getränke,,MwSt. 19%,1.19,5.378151,1.021849,Normalverkauf
S1000157.24464,SP1000157.34.24464,SY1000157.2026.24464,iPad1(1000157),157,04.06.26 20:41,Prod,A1000157.6332,,108,S1000157.24464,SALE,1,4.2,4.2,0.0,0.0,0.0,0.0,122,Bier,Getränke,,MwSt. 19%,1.19,3.529412,0.670588,Normalverkauf
S1000157.24465,SP1000157.34.24465,SY1000157.2026.24465,iPad1(1000157),157,04.06.26 19:53,Prod,A1000157.6333,,101,S1000157.24465,SALE,1,3.2,3.2,0.0,0.0,0.0,0.0,120,Apfelschorle,Getränke,,MwSt. 19%,1.19,2.689076,0.510924,Normalverkauf
S1000157.24466,SP1000157.34.24466,SY1000157.2026.24466,iPad1(1000157),157,04.06.26 11:30,Prod,A1000157.6334,Tisch 10,115,S1000157.24466,SALE,2,6.9,13.8,0.0,0.0,0.0,0.0,103,Fischbrötchen Räucherlachs,Hauptspeisen,,MwSt. 7%,1.07,12.897196,0.902804,Normalverkauf
S1000157.24467,SP1000157.34.24467,SY1000157.2026.24467,iPad1(1000157),157,04.06.26 11:35,Prod,A1000157.6335,Tisch 24,108,S1000157.24467,SALE,1,4.9,4.9,0.0,0.0,0.0,0.0,112,Kartoffelwedges,Beilagen,,MwSt. 7%,1.07,4.579439,0.320561,Normalverkauf
S1000157.24468,SP1000157.34.24468,SY1000157.2026.24468,iPad1(1000157),157,04.06.26 19:05,Prod,A1000157.6336,Tisch 6,101,S1000157.24468,SALE,1,6.9,6.9,0.0,0.0,0.0,0.0,103,Fischbrötchen Räucherlachs,Hauptspeisen,,MwSt. 7%,1.07,6.448598,0.451402,Normalverkauf
S1000157.24469,SP1000157.34.24469,SY1000157.2026.24469,iPad1(1000157),157,04.06.26 19:05,Prod,A1000157.6336,Tisch 6,101,S1000157.24469,SALE,2,3.9,7.8,0.0,0.0,0.0,0.0,126,Spezi,Getränke,,MwSt. 19%,1.19,6.554622,1.245378,Normalverkauf
S1000157.24470,SP1000157.34.24470,SY1000157.2026.24470,iPad1(1000157),157,04.06.26 19:05,Prod,A1000157.6336,Tisch 6,101,S1000157.24470,SALE,2,6.9,13.8,0.0,0.0,0.0,0.0,103,Fischbrötchen Räucherlachs,Hauptspeisen,,MwSt. 7%,1.07,12.897196,0.902804,Normalverkauf
S1000157.24471,SP1000157.34.24471,SY1000157.2026.24471,iPad1(1000157),157,04.06.26 17:32,Prod,A1000157.6337,Tisch 23,120,S1000157.24471,SALE,1,7.9,7.9,0.0,0.0,0.0,0.0,115,Tiramisu,Desserts,,MwSt. 7%,1.07,7.383178,0.516822,Normalverkauf
S1000157.24472,SP1000157.34.24472,SY1000157.2026.24472,iPad1(1000157),157,04.06.26 20:51,Prod,A1000157.6338,Tisch 21,104,S1000157.24472,SALE,2,6.9,13.8,0.0,0.0,0.0,0.0,113,Garnelen Box,Beilagen,,MwSt. 7%,1.07,12.897196,0.902804,Normalverkauf
S1000157.24473,SP1000157.34.24473,SY1000157.2026.24473,iPad1(1000157),157,04.06.26 18:44,Prod,A1000157.6339,Tisch 6,117,S1000157.24473,SALE,2,6.5,13.0,0.0,0.0,0.0,0.0,100,Fischbrötchen Backfisch,Hauptspeisen,,MwSt. 7%,1.07,12.149533,0.850467,Normalverkauf
S1000157.24474,SP1000157.34.24474,SY1000157.2026.24474,iPad1(1000157),157,04.06.26 15:41,Prod,A1000157.6340,Tisch 14,104,S1000157.24474,VOID,1,9.8,9.8,0.0,0.0,0.0,0.0,108,Seelachs-Ei-Baugette,Hauptgerichte,,MwSt. 7%,1.07,9.158879,0.641121,Normalverkauf
S1000157.24475,SP1000157.34.24475,SY1000157.2026.24475,iPad1(1000157),157,04.06.26 15:41,Prod,A1000157.6340,Tisch 14,104,S1000157.24475,VOID,2,6.5,13.0,0.0,0.0,0.0,0.0,100,Fischbrötchen Backfisch,Hauptspeisen,,MwSt. 7%,1.07,12.149533,0.850467,Normalverkauf
S1000157.24476,SP1000157.34.24476,SY1000157.2026.24476,iPad1(1000157),157,04.06.26 11:47,Prod,A1000157.6341,Tisch 24,118,S1000157.24476,SALE,1,10.9,10.9,0.0,0.0,0.0,0.0,107,Chicken Burger,Hauptgerichte,,MwSt. 7%,1.07,10.186916,0.713084,Normalverkauf
S1000157.24477,SP1000157.34.24477,SY1000157.2026.24477,iPad1(1000157),157,04.06.26 11:47,Prod,A1000157.6341,Tisch 24,118,S1000157.24477,SALE,1,3.9,3.9,0.0,0.0,0.0,0.0,127,Alkoholfreies Bier,Getränke,,MwSt. 19%,1.19,3.277311,0.622689,Normalverkauf
S1000157.24478,SP1000157.34.24478,SY1000157.2026.24478,iPad1(1000157),157,04.06.26 11:47,Prod,A1000157.6341,Tisch 24,118,S1000157.24478,SALE,2,10.9,21.8,0.0,0.0,0.0,0.0,104,Thunfisch Wrap,Hauptgerichte,,MwSt. 7%,1.07,20.373832,1.426168,Normalverkauf
S1000157.24479,SP1000157.34.24479,SY1000157.2026.24479,iPad1(1000157),157,04.06.26 17:18,Prod,A1000157.6342,,120,S1000157.24479,SALE,1,3.2,3.2,0.0,0.0,0.0,0.0,120,Apfelschorle,Getränke,,MwSt. 19%,1.19,2.689076,0.510924,Normalverkauf
S1000157.24480,SP1000157.34.24480,SY1000157.2026.24480,iPad1(1000157),157,04.06.26 17:18,Prod,A1000157.6342,,120,S1000157.24480,SALE,2,5.5,11.0,0.0,0.0,0.0,0.0,111,Pommes Frites,Beilagen,,MwSt. 7%,1.07,10.280374,0.719626,Normalverkauf
S1000157.24481,SP1000157.34.24481,SY1000157.2026.24481,iPad1(1000157),157,04.06.26 18:35,Prod,A1000157.6343,Tisch 3,120,S1000157.24481,SALE,2,5.5,11.0,0.0,0.0,0.0,0.0,111,Pommes Frites,Beilagen,,MwSt. 7%,1.07,10.280374,0.719626,Normalverkauf
S1000157.24482,SP1000157.34.24482,SY1000157.2026.24482,iPad1(1000157),157,04.06.26 18:35,Prod,A1000157.6343,Tisch 3,120,S1000157.24482,SALE,2,6.9,13.8,0.0,0.0,0.0,0.0,103,Fischbrötchen Räucherlachs,Hauptspeisen,,MwSt. 7%,1.07,12.897196,0.902804,Normalverkauf
S1000157.24483,SP1000157.34.24483,SY1000157.2026.24483,iPad1(1000157),157,04.06.26 11:32,Prod,A1000157.6344,Tisch 24,120,S1000157.24483,SALE,2,3.9,7.8,0.0,0.0,0.0,0.0,119,Cola,Getränke,,MwSt. 19%,1.19,6.554622,1.245378,Normalverkauf
S1000157.24484,SP1000157.34.24484,SY1000157.2026.24484,iPad1(1000157),157,04.06.26 11:32,Prod,A1000157.6344,Tisch 24,120,S1000157.24484,SALE,2,3.2,6.4,0.0,0.0,0.0,0.0,120,Apfelschorle,Getränke,,MwSt. 19%,1.19,5.378151,1.021849,Normalverkauf
S1000157.24485,SP1000157.34.24485,SY1000157.2026.24485,iPad1(1000157),157,04.06.26 20:16,Prod,A1000157.6345,Tisch 23,101,S1000157.24485,SALE,2,11.9,23.8,0.0,0.0,0.0,0.0,110,Matjes-Baguette,Hauptgerichte,,MwSt. 7%,1.07,22.242991,1.557009,Normalverkauf
S1000157.24486,SP1000157.34.24486,SY1000157.2026.24486,iPad1(1000157),157,04.06.26 20:16,Prod,A1000157.6345,Tisch 23,101,S1000157.24486,SALE,2,6.9,13.8,0.0,0.0,0.0,0.0,103,Fischbrötchen Räucherlachs,Hauptspeisen,,MwSt. 7%,1.07,12.897196,0.902804,Normalverkauf
S1000157.24487,SP1000157.34.24487,SY1000157.2026.24487,iPad1(1000157),157,04.06.26 18:09,Prod,A1000157.6346,Tisch 15,118,S1000157.24487,SALE,1,10.9,10.9,0.0,0.0,0.0,0.0,107,Chicken Burger,Hauptgerichte,,MwSt. 7%,1.07,10.186916,0.713084,Normalverkauf
S1000157.24488,SP1000157.34.24488,SY1000157.2026.24488,iPad1(1000157),157,04.06.26 18:09,Prod,A1000157.6346,Tisch 15,118,S1000157.24488,SALE,2,6.5,13.0,0.0,0.0,0.0,0.0,100,Fischbrötchen Backfisch,Hauptspeisen,,MwSt. 7%,1.07,12.149533,0.850467,Normalverkauf
S1000157.24489,SP1000157.34.24489,SY1000157.2026.24489,iPad1(1000157),157,04.06.26 19:56,Prod,A1000157.6347,Tisch 16,101,S1000157.24489,SALE,2,10.9,21.8,0.0,0.0,0.0,0.0,107,Chicken Burger,Hauptgerichte,,MwSt. 7%,1.07,20.373832,1.426168,Normalverkauf
S1000157.24490,SP1000157.34.24490,SY1000157.2026.24490,iPad1(1000157),157,04.06.26 19:56,Prod,A1000157.6347,Tisch 16,101,S1000157.24490,SALE,1,6.9,6.9,0.0,0.0,0.0,0.0,103,Fischbrötchen Räucherlachs,Hauptspeisen,,MwSt. 7%,1.07,6.448598,0.451402,Normalverkauf
S1000157.24491,SP1000157.34.24491,SY1000157.2026.24491,iPad1(1000157),157,04.06.26 19:56,Prod,A1000157.6347,Tisch 16,101,S1000157.24491,SALE,1,3.9,3.9,0.0,0.0,0.0,0.0,119,Cola,Getränke,,MwSt. 19%,1.19,3.277311,0.622689,Normalverkauf
S1000157.24492,SP1000157.34.24492,SY1000157.2026.24492,iPad1(1000157),157,04.06.26 19:17,Prod,A1000157.6348,Tisch 17,104,S1000157.24492,SALE,1,3.2,3.2,0.0,0.0,0.0,0.0,120,Apfelschorle,Getränke,,MwSt. 19%,1.19,2.689076,0.510924,Normalverkauf
S1000157.24493,SP1000157.34.24493,SY1000157.2026.24493,iPad1(1000157),157,04.06.26 19:17,Prod,A1000157.6348,Tisch 17,104,S1000157.24493,SALE,1,3.9,3.9,0.0,0.0,0.0,0.0,119,Cola,Getränke,,MwSt. 19%,1.19,3.277311,0.622689,Normalverkauf
S1000157.24494,SP1000157.34.24494,SY1000157.2026.24494,iPad1(1000157),157,04.06.26 17:21,Prod,A1000157.6349,Tisch 11,101,S1000157.24494,VOID,1,6.5,6.5,0.0,0.0,0.0,0.0,100,Fischbrötchen Backfisch,Hauptspeisen,,MwSt. 7%,1.07,6.074766,0.425234,Normalverkauf
S1000157.24495,SP1000157.34.24495,SY1000157.2026.24495,iPad1(1000157),157,04.06.26 17:21,Prod,A1000157.6349,Tisch 11,101,S1000157.24495,VOID,2,14.5,29.0,0.0,0.0,0.0,0.0,101,Lachs,Hauptspeisen,,MwSt. 7%,1.07,27.102804,1.897196,Normalverkauf
S1000157.24496,SP1000157.34.24496,SY1000157.2026.24496,iPad1(1000157),157,04.06.26 17:38,Prod,A1000157.6350,Tisch 13,101,S1000157.24496,SALE,2,2.8,5.6,0.0,0.0,0.0,0.0,121,Mineralwasser,Getränke,,MwSt. 19%,1.19,4.705882,0.894118,Normalverkauf
S1000157.24497,SP1000157.34.24497,SY1000157.2026.24497,iPad1(1000157),157,04.06.26 17:38,Prod,A1000157.6350,Tisch 13,101,S1000157.24497,SALE,2,2.8,5.6,0.0,0.0,0.0,0.0,121,Mineralwasser,Getränke,,MwSt. 19%,1.19,4.705882,0.894118,Normalverkauf
S1000157.24498,SP1000157.34.24498,SY1000157.2026.24498,iPad1(1000157),157,04.06.26 19:08,Prod,A1000157.6351,Tisch 24,120,S1000157.24498,VOID,1,11.9,11.9,0.0,0.0,0.0,0.0,110,Matjes-Baguette,Hauptgerichte,,MwSt. 7%,1.07,11.121495,0.778505,Normalverkauf
S1000157.24499,SP1000157.34.24499,SY1000157.2026.24499,iPad1(1000157),157,04.06.26 20:57,Prod,A1000157.6352,Tisch 12,104,S1000157.24499,SALE,1,6.9,6.9,0.0,0.0,0.0,0.0,113,Garnelen Box,Beilagen,,MwSt. 7%,1.07,6.448598,0.451402,Normalverkauf
S1000157.24500,SP1000157.34.24500,SY1000157.2026.24500,iPad1(1000157),157,04.06.26 20:57,Prod,A1000157.6352,Tisch 12,104,S1000157.24500,SALE,1,5.5,5.5,0.0,0.0,0.0,0.0,111,Pommes Frites,Beilagen,,MwSt. 7%,1.07,5.140187,0.359813,Normalverkauf
S1000157.24501,SP1000157.34.24501,SY1000157.2026.24501,iPad1(1000157),157,04.06.26 20:57,Prod,A1000157.6352,Tisch 12,104,S1000157.24501,SALE,1,3.2,3.2,0.0,0.0,0.0,0.0,120,Apfelschorle,Getränke,,MwSt. 19%,1.19,2.689076,0.510924,Normalverkauf
S1000157.24502,SP1000157.34.24502,SY1000157.2026.24502,iPad1(1000157),157,04.06.26 11:10,Prod,A1000157.6353,,118,S1000157.24502,SALE,2,5.9,11.8,0.0,0.0,0.0,0.0,116,Vanillequark,Desserts,,MwSt. 7%,1.07,11.028037,0.771963,Normalverkauf
S1000157.24503,SP1000157.34.24503,SY1000157.2026.24503,iPad1(1000157),157,04.06.26 11:10,Prod,A1000157.6353,,118,S1000157.24503,SALE,2,10.9,21.8,0.0,0.0,0.0,0.0,109,Bismarck-Baguette,Hauptgerichte,,MwSt. 7%,1.07,20.373832,1.426168,Normalverkauf
S1000157.24504,SP1000157.34.24504,SY1000157.2026.24504,iPad1(1000157),157,04.06.26 11:10,Prod,A1000157.6353,,118,S1000157.24504,SALE,2,10.9,21.8,0.0,0.0,0.0,0.0,104,Thunfisch Wrap,Hauptgerichte,,MwSt. 7%,1.07,20.373832,1.426168,Normalverkauf
S1000157.24505,SP1000157.34.24505,SY1000157.2026.24505,iPad1(1000157),157,04.06.26 18:54,Prod,A1000157.6354,Tisch 10,117,S1000157.24505,SALE,2,6.9,13.8,0.0,0.0,0.0,0.0,103,Fischbrötchen Räucherlachs,Hauptspeisen,,MwSt. 7%,1.07,12.897196,0.902804,Normalverkauf
S1000157.24506,SP1000157.34.24506,SY1000157.2026.24506,iPad1(1000157),157,04.06.26 18:54,Prod,A1000157.6354,Tisch 10,117,S1000157.24506,SALE,1,5.9,5.9,0.0,0.0,0.0,0.0,117,Rote Grütze,Desserts,,MwSt. 7%,1.07,5.514019,0.385981,Normalverkauf
S1000157.24507,SP1000157.34.24507,SY1000157.2026.24507,iPad1(1000157),157,04.06.26 18:54,Prod,A1000157.6354,Tisch 10,117,S1000157.24507,SALE,1,3.9,3.9,0.0,0.0,0.0,0.0,119,Cola,Getränke,,MwSt. 19%,1.19,3.277311,0.622689,Normalverkauf
S1000157.24508,SP1000157.34.24508,SY1000157.2026.24508,iPad1(1000157),157,04.06.26 12:00,Prod,A1000157.6355,Tisch 10,118,S1000157.24508,SALE,2,6.5,13.0,0.0,0.0,0.0,0.0,100,Fischbrötchen Backfisch,Hauptspeisen,,MwSt. 7%,1.07,12.149533,0.850467,Normalverkauf
S1000157.24509,SP1000157.34.24509,SY1000157.2026.24509,iPad1(1000157),157,04.06.26 12:00,Prod,A1000157.6355,Tisch 10,118,S1000157.24509,SALE,2,7.9,15.8,0.0,0.0,0.0,0.0,106,Neptun-Ringe,Beilagen,,MwSt. 7%,1.07,14.766355,1.033645,Normalverkauf
S1000157.24510,SP1000157.34.24510,SY1000157.2026.24510,iPad1(1000157),157,04.06.26 19:50,Prod,A1000157.6356,Tisch 23,108,S1000157.24510,SALE,2,9.8,19.6,0.0,0.0,0.0,0.0,108,Seelachs-Ei-Baugette,Hauptgerichte,,MwSt. 7%,1.07,18.317757,1.282243,Normalverkauf
S1000157.24511,SP1000157.34.24511,SY1000157.2026.24511,iPad1(1000157),157,04.06.26 16:47,Prod,A1000157.6357,Tisch 10,118,S1000157.24511,SALE,2,10.9,21.8,0.0,0.0,0.0,0.0,109,Bismarck-Baguette,Hauptgerichte,,MwSt. 7%,1.07,20.373832,1.426168,Normalverkauf
S1000157.24512,SP1000157.34.24512,SY1000157.2026.24512,iPad1(1000157),157,04.06.26 13:55,Prod,A1000157.6358,Tisch 8,118,S1000157.24512,SALE,1,10.9,10.9,0.0,0.0,0.0,0.0,107,Chicken Burger,Hauptgerichte,,MwSt. 7%,1.07,10.186916,0.713084,Normalverkauf
S1000157.24513,SP1000157.34.24513,SY1000157.2026.24513,iPad1(1000157),157,04.06.26 13:55,Prod,A1000157.6358,Tisch 8,118,S1000157.24513,SALE,1,3.2,3.2,0.0,0.0,0.0,0.0,120,Apfelschorle,Getränke,,MwSt. 19%,1.19,2.689076,0.510924,Normalverkauf
S1000157.24514,SP1000157.34.24514,SY1000157.2026.24514,iPad1(1000157),157,04.06.26 13:55,Prod,A1000157.6358,Tisch 8,118,S1000157.24514,SALE,1,5.5,5.5,0.0,0.0,0.0,0.0,111,Pommes Frites,Beilagen,,MwSt. 7%,1.07,5.140187,0.359813,Normalverkauf
S1000157.24515,SP1000157.34.24515,SY1000157.2026.24515,iPad1(1000157),157,04.06.26 12:50,Prod,A1000157.6359,Tisch 13,115,S1000157.24515,SALE,2,10.9,21.8,0.0,0.0,0.0,0.0,104,Thunfisch Wrap,Hauptgerichte,,MwSt. 7%,1.07,20.373832,1.426168,Normalverkauf
S1000157.24516,SP1000157.34.24516,SY1000157.2026.24516,iPad1(1000157),157,04.06.26 12:50,Prod,A1000157.6359,Tisch 13,115,S1000157.24516,SALE,2,3.9,7.8,0.0,0.0,0.0,0.0,119,Cola,Getränke,,MwSt. 19%,1.19,6.554622,1.245378,Normalverkauf
S1000157.24517,SP1000157.34.24517,SY1000157.2026.24517,iPad1(1000157),157,04.06.26 12:50,Prod,A1000157.6359,Tisch 13,115,S1000157.24517,SALE,1,5.5,5.5,0.0,0.0,0.0,0.0,111,Pommes Frites,Beilagen,,MwSt. 7%,1.07,5.140187,0.359813,Normalverkauf
S1000157.24518,SP1000157.34.24518,SY1000157.2026.24518,iPad1(1000157),157,04.06.26 19:49,Prod,A1000157.6360,Tisch 21,117,S1000157.24518,SALE,2,3.2,6.4,0.0,0.0,0.0,0.0,120,Apfelschorle,Getränke,,MwSt. 19%,1.19,5.378151,1.021849,Normalverkauf
S1000157.24519,SP1000157.34.24519,SY1000157.2026.24519,iPad1(1000157),157,04.06.26 19:49,Prod,A1000157.6360,Tisch 21,117,S1000157.24519,SALE,1,14.5,14.5,0.0,0.0,0.0,0.0,101,Lachs,Hauptspeisen,,MwSt. 7%,1.07,13.551402,0.948598,Normalverkauf
S1000157.24520,SP1000157.34.24520,SY1000157.2026.24520,iPad1(1000157),157,04.06.26 19:49,Prod,A1000157.6360,Tisch 21,117,S1000157.24520,SALE,2,3.2,6.4,0.0,0.0,0.0,0.0,120,Apfelschorle,Getränke,,MwSt. 19%,1.19,5.378151,1.021849,Normalverkauf
S1000157.24521,SP1000157.34.24521,SY1000157.2026.24521,iPad1(1000157),157,04.06.26 10:42,Prod,A1000157.6361,Tisch 10,118,S1000157.24521,SALE,1,10.9,10.9,0.0,0.0,0.0,0.0,109,Bismarck-Baguette,Hauptgerichte,,MwSt. 7%,1.07,10.186916,0.713084,Normalverkauf
S1000157.24522,SP1000157.34.24522,SY1000157.2026.24522,iPad1(1000157),157,04.06.26 10:42,Prod,A1000157.6361,Tisch 10,118,S1000157.24522,SALE,2,10.9,21.8,0.0,0.0,0.0,0.0,107,Chicken Burger,Hauptgerichte,,MwSt. 7%,1.07,20.373832,1.426168,Normalverkauf
S1000157.24523,SP1000157.34.24523,SY1000157.2026.24523,iPad1(1000157),157,04.06.26 10:42,Prod,A1000157.6361,Tisch 10,118,S1000157.24523,SALE,2,3.9,7.8,0.0,0.0,0.0,0.0,124,Cola Zero,Getränke,,MwSt. 19%,1.19,6.554622,1.245378,Normalverkauf
S1000157.24524,SP1000157.34.24524,SY1000157.2026.24524,iPad1(1000157),157,04.06.26 15:40,Prod,A1000157.6362,Tisch 8,104,S1000157.24524,SALE,2,6.9,13.8,0.0,0.0,0.0,0.0,113,Garnelen Box,Beilagen,,MwSt. 7%,1.07,12.897196,0.902804,Normalverkauf
S1000157.24525,SP1000157.34.24525,SY1000157.2026.24525,iPad1(1000157),157,04.06.26 15:40,Prod,A1000157.6362,Tisch 8,104,S1000157.24525,SALE,2,14.5,29.0,0.0,0.0,0.0,0.0,101,Lachs,Hauptspeisen,,MwSt. 7%,1.07,27.102804,1.897196,Normalverkauf
S1000157.24526,SP1000157.34.24526,SY1000157.2026.24526,iPad1(1000157),157,04.06.26 15:40,Prod,A1000157.6362,Tisch 8,104,S1000157.24526,SALE,1,6.5,6.5,0.0,0.0,0.0,0.0,100,Fischbrötchen Backfisch,Hauptspeisen,,MwSt. 7%,1.07,6.074766,0.425234,Normalverkauf
S1000157.24527,SP1000157.34.24527,SY1000157.2026.24527,iPad1(1000157),157,04.06.26 20:39,Prod,A1000157.6363,Tisch 15,118,S1000157.24527,SALE,2,6.9,13.8,0.0,0.0,0.0,0.0,103,Fischbrötchen Räucherlachs,Hauptspeisen,,MwSt. 7%,1.07,12.897196,0.902804,Normalverkauf
S1000157.24528,SP1000157.34.24528,SY1000157.2026.24528,iPad1(1000157),157,04.06.26 20:39,Prod,A1000157.6363,Tisch 15,118,S1000157.24528,SALE,2,4.2,8.4,0.0,0.0,0.0,0.0,122,Bier,Getränke,,MwSt. 19%,1.19,7.058824,1.341176,Normalverkauf
S1000157.24529,SP1000157.34.24529,SY1000157.2026.24529,iPad1(1000157),157,04.06.26 13:07,Prod,A1000157.6364,Tisch 3,108,S1000157.24529,SALE,2,11.9,23.8,0.0,0.0,0.0,0.0,110,Matjes-Baguette,Hauptgerichte,,MwSt. 7%,1.07,22.242991,1.557009,Normalverkauf
S1000157.24530,SP1000157.34.24530,SY1000157.2026.24530,iPad1(1000157),157,04.06.26 16:35,Prod,A1000157.6365,Tisch 14,101,S1000157.24530,SALE,1,3.9,3.9,0.0,0.0,0.0,0.0,127,Alkoholfreies Bier,Getränke,,MwSt. 19%,1.19,3.277311,0.622689,Normalverkauf
S1000157.24531,SP1000157.34.24531,SY1000157.2026.24531,iPad1(1000157),157,04.06.26 16:35,Prod,A1000157.6365,Tisch 14,101,S1000157.24531,SALE,2,5.5,11.0,0.0,0.0,0.0,0.0,114,Fisch Nuggets Box,Beilagen,,MwSt. 7%,1.07,10.280374,0.719626,Normalverkauf
S1000157.24532,SP1000157.34.24532,SY1000157.2026.24532,iPad1(1000157),157,04.06.26 16:35,Prod,A1000157.6365,Tisch 14,101,S1000157.24532,SALE,2,2.8,5.6,0.0,0.0,0.0,0.0,121,Mineralwasser,Getränke,,MwSt. 19%,1.19,4.705882,0.894118,Normalverkauf
S1000157.24533,SP1000157.34.24533,SY1000157.2026.24533,iPad1(1000157),157,04.06.26 18:35,Prod,A1000157.6366,Tisch 15,115,S1000157.24533,SALE,2,3.9,7.8,0.0,0.0,0.0,0.0,126,Spezi,Getränke,,MwSt. 19%,1.19,6.554622,1.245378,Normalverkauf
S1000157.24534,SP1000157.34.24534,SY1000157.2026.24534,iPad1(1000157),157,04.06.26 18:35,Prod,A1000157.6366,Tisch 15,115,S1000157.24534,SALE,1,3.9,3.9,0.0,0.0,0.0,0.0,124,Cola Zero,Getränke,,MwSt. 19%,1.19,3.277311,0.622689,Normalverkauf
S1000157.24535,SP1000157.34.24535,SY1000157.2026.24535,iPad1(1000157),157,04.06.26 08:30,Prod,A1000157.6367,Tisch 21,117,S1000157.24535,SALE,2,5.9,11.8,0.0,0.0,0.0,0.0,123,Inger-Limonade,Getränke,,MwSt. 19%,1.19,9.915966,1.884034,Normalverkauf
S1000157.24536,SP1000157.34.24536,SY1000157.2026.24536,iPad1(1000157),157,04.06.26 08:30,Prod,A1000157.6367,Tisch 21,117,S1000157.24536,SALE,2,6.5,13.0,0.0,0.0,0.0,0.0,118,Schokokuchen,Desserts,,MwSt. 7%,1.07,12.149533,0.850467,Normalverkauf
S1000157.24537,SP1000157.34.24537,SY1000157.2026.24537,iPad1(1000157),157,04.06.26 17:50,Prod,A1000157.6368,,118,S1000157.24537,SALE,1,3.9,3.9,0.0,0.0,0.0,0.0,124,Cola Zero,Getränke,,MwSt. 19%,1.19,3.277311,0.622689,Normalverkauf
S1000157.24538,SP1000157.34.24538,SY1000157.2026.24538,iPad1(1000157),157,04.06.26 17:50,Prod,A1000157.6368,,118,S1000157.24538,SALE,2,4.9,9.8,0.0,0.0,0.0,0.0,112,Kartoffelwedges,Beilagen,,MwSt. 7%,1.07,9.158879,0.641121,Normalverkauf
S1000157.24539,SP1000157.34.24539,SY1000157.2026.24539,iPad1(1000157),157,04.06.26 17:33,Prod,A1000157.6369,Tisch 22,104,S1000157.24539,SALE,1,6.9,6.9,0.0,0.0,0.0,0.0,103,Fischbrötchen Räucherlachs,Hauptspeisen,,MwSt. 7%,1.07,6.448598,0.451402,Normalverkauf
S1000157.24540,SP1000157.34.24540,SY1000157.2026.24540,iPad1(1000157),157,04.06.26 17:33,Prod,A1000157.6369,Tisch 22,104,S1000157.24540,SALE,1,10.9,10.9,0.0,0.0,0.0,0.0,107,Chicken Burger,Hauptgerichte,,MwSt. 7%,1.07,10.186916,0.713084,Normalverkauf
S1000157.24541,SP1000157.34.24541,SY1000157.2026.24541,iPad1(1000157),157,04.06.26 17:33,Prod,A1000157.6369,Tisch 22,104,S1000157.24541,SALE,1,6.9,6.9,0.0,0.0,0.0,0.0,103,Fischbrötchen Räucherlachs,Hauptspeisen,,MwSt. 7%,1.07,6.448598,0.451402,Normalverkauf
S1000157.24542,SP1000157.34.24542,SY1000157.2026.24542,iPad1(1000157),157,04.06.26 19:58,Prod,A1000157.6370,Tisch 21,104,S1000157.24542,SALE,2,7.9,15.8,0.0,0.0,0.0,0.0,115,Tiramisu,Desserts,,MwSt. 7%,1.07,14.766355,1.033645,Normalverkauf
S1000157.24543,SP1000157.34.24543,SY1000157.2026.24543,iPad1(1000157),157,04.06.26 19:58,Prod,A1000157.6370,Tisch 21,104,S1000157.24543,SALE,2,7.9,15.8,0.0,0.0,0.0,0.0,106,Neptun-Ringe,Beilagen,,MwSt. 7%,1.07,14.766355,1.033645,Normalverkauf
S1000157.24544,SP1000157.34.24544,SY1000157.2026.24544,iPad1(1000157),157,04.06.26 19:58,Prod,A1000157.6370,Tisch 21,104,S1000157.24544,SALE,2,6.9,13.8,0.0,0.0,0.0,0.0,103,Fischbrötchen Räucherlachs,Hauptspeisen,,MwSt. 7%,1.07,12.897196,0.902804,Normalverkauf
S1000157.24545,SP1000157.34.24545,SY1000157.2026.24545,iPad1(1000157),157,04.06.26 20:46,Prod,A1000157.6371,Tisch 16,108,S1000157.24545,SALE,2,5.9,11.8,0.0,0.0,0.0,0.0,123,Inger-Limonade,Getränke,,MwSt. 19%,1.19,9.915966,1.884034,Normalverkauf
S1000157.24546,SP1000157.34.24546,SY1000157.2026.24546,iPad1(1000157),157,04.06.26 20:46,Prod,A1000157.6371,Tisch 16,108,S1000157.24546,SALE,1,4.9,4.9,0.0,0.0,0.0,0.0,112,Kartoffelwedges,Beilagen,,MwSt. 7%,1.07,4.579439,0.320561,Normalverkauf
S1000157.24547,SP1000157.34.24547,SY1000157.2026.24547,iPad1(1000157),157,04.06.26 20:46,Prod,A1000157.6371,Tisch 16,108,S1000157.24547,SALE,1,9.8,9.8,0.0,0.0,0.0,0.0,108,Seelachs-Ei-Baugette,Hauptgerichte,,MwSt. 7%,1.07,9.158879,0.641121,Normalverkauf
S1000157.24548,SP1000157.34.24548,SY1000157.2026.24548,iPad1(1000157),157,04.06.26 12:01,Prod,A1000157.6372,Tisch 2,117,S1000157.24548,SALE,1,11.5,11.5,0.0,0.0,0.0,0.0,105,Garnelen-Kimchi-Bruger,Hauptgerichte,,MwSt. 7%,1.07,10.747664,0.752336,Normalverkauf
S1000157.24549,SP1000157.34.24549,SY1000157.2026.24549,iPad1(1000157),157,04.06.26 12:01,Prod,A1000157.6372,Tisch 2,117,S1000157.24549,SALE,2,3.9,7.8,0.0,0.0,0.0,0.0,124,Cola Zero,Getränke,,MwSt. 19%,1.19,6.554622,1.245378,Normalverkauf
S1000157.24550,SP1000157.34.24550,SY1000157.2026.24550,iPad1(1000157),157,04.06.26 12:08,Prod,A1000157.6373,,118,S1000157.24550,VOID,1,6.9,6.9,0.0,0.0,0.0,0.0,103,Fischbrötchen Räucherlachs,Hauptspeisen,,MwSt. 7%,1.07,6.448598,0.451402,Normalverkauf
S1000157.24551,SP1000157.34.24551,SY1000157.2026.24551,iPad1(1000157),157,04.06.26 19:15,Prod,A1000157.6374,Tisch 17,104,S1000157.24551,SALE,1,6.9,6.9,0.0,0.0,0.0,0.0,103,Fischbrötchen Räucherlachs,Hauptspeisen,,MwSt. 7%,1.07,6.448598,0.451402,Normalverkauf
S1000157.24552,SP1000157.34.24552,SY1000157.2026.24552,iPad1(1000157),157,04.06.26 19:15,Prod,A1000157.6374,Tisch 17,104,S1000157.24552,SALE,2,5.9,11.8,0.0,0.0,0.0,0.0,117,Rote Grütze,Desserts,,MwSt. 7%,1.07,11.028037,0.771963,Normalverkauf
S1000157.24553,SP1000157.34.24553,SY1000157.2026.24553,iPad1(1000157),157,04.06.26 11:50,Prod,A1000157.6375,Tisch 17,117,S1000157.24553,SALE,1,6.9,6.9,0.0,0.0,0.0,0.0,103,Fischbrötchen Räucherlachs,Hauptspeisen,,MwSt. 7%,1.07,6.448598,0.451402,Normalverkauf
S1000157.24554,SP1000157.34.24554,SY1000157.2026.24554,iPad1(1000157),157,04.06.26 15:14,Prod,A1000157.6376,Tisch 18,101,S1000157.24554,SALE,2,3.2,6.4,0.0,0.0,0.0,0.0,120,Apfelschorle,Getränke,,MwSt. 19%,1.19,5.378151,1.021849,Normalverkauf
S1000157.24555,SP1000157.34.24555,SY1000157.2026.24555,iPad1(1000157),157,04.06.26 15:14,Prod,A1000157.6376,Tisch 18,101,S1000157.24555,SALE,1,5.9,5.9,0.0,0.0,0.0,0.0,123,Inger-Limonade,Getränke,,MwSt. 19%,1.19,4.957983,0.942017,Normalverkauf
S1000157.24556,SP1000157.34.24556,SY1000157.2026.24556,iPad1(1000157),157,04.06.26 15:14,Prod,A1000157.6376,Tisch 18,101,S1000157.24556,SALE,1,11.9,11.9,0.0,0.0,0.0,0.0,110,Matjes-Baguette,Hauptgerichte,,MwSt. 7%,1.07,11.121495,0.778505,Normalverkauf
S1000157.24557,SP1000157.34.24557,SY1000157.2026.24557,iPad1(1000157),157,04.06.26 12:26,Prod,A1000157.6377,Tisch 24,115,S1000157.24557,SALE,2,5.5,11.0,0.0,0.0,0.0,0.0,114,Fisch Nuggets Box,Beilagen,,MwSt. 7%,1.07,10.280374,0.719626,Normalverkauf
S1000157.24558,SP1000157.34.24558,SY1000157.2026.24558,iPad1(1000157),157,05.06.26 16:45,Prod,A1000157.6378,Tisch 6,104,S1000157.24558,SALE,1,14.5,14.5,0.0,0.0,0.0,0.0,101,Lachs,Hauptspeisen,,MwSt. 7%,1.07,13.551402,0.948598,Normalverkauf
S1000157.24559,SP1000157.34.24559,SY1000157.2026.24559,iPad1(1000157),157,05.06.26 16:45,Prod,A1000157.6378,Tisch 6,104,S1000157.24559,SALE,2,10.9,21.8,0.0,0.0,0.0,0.0,109,Bismarck-Baguette,Hauptgerichte,,MwSt. 7%,1.07,20.373832,1.426168,Normalverkauf
S1000157.24560,SP1000157.34.24560,SY1000157.2026.24560,iPad1(1000157),157,05.06.26 16:17,Prod,A1000157.6379,Tisch 20,118,S1000157.24560,SALE,2,4.2,8.4,0.0,0.0,0.0,0.0,122,Bier,Getränke,,MwSt. 19%,1.19,7.058824,1.341176,Normalverkauf
S1000157.24561,SP1000157.34.24561,SY1000157.2026.24561,iPad1(1000157),157,05.06.26 20:22,Prod,A1000157.6380,Tisch 1,108,S1000157.24561,SALE,1,6.5,6.5,0.0,0.0,0.0,0.0,100,Fischbrötchen Backfisch,Hauptspeisen,,MwSt. 7%,1.07,6.074766,0.425234,Normalverkauf
S1000157.24562,SP1000157.34.24562,SY1000157.2026.24562,iPad1(1000157),157,05.06.26 18:23,Prod,A1000157.6381,Tisch 22,101,S1000157.24562,SALE,1,10.9,10.9,0.0,0.0,0.0,0.0,104,Thunfisch Wrap,Hauptgerichte,,MwSt. 7%,1.07,10.186916,0.713084,Normalverkauf
S1000157.24563,SP1000157.34.24563,SY1000157.2026.24563,iPad1(1000157),157,05.06.26 18:23,Prod,A1000157.6381,Tisch 22,101,S1000157.24563,SALE,1,10.9,10.9,0.0,0.0,0.0,0.0,107,Chicken Burger,Hauptgerichte,,MwSt. 7%,1.07,10.186916,0.713084,Normalverkauf
S1000157.24564,SP1000157.34.24564,SY1000157.2026.24564,iPad1(1000157),157,05.06.26 18:23,Prod,A1000157.6381,Tisch 22,101,S1000157.24564,SALE,1,10.9,10.9,0.0,0.0,0.0,0.0,107,Chicken Burger,Hauptgerichte,,MwSt. 7%,1.07,10.186916,0.713084,Normalverkauf
S1000157.24565,SP1000157.34.24565,SY1000157.2026.24565,iPad1(1000157),157,05.06.26 13:22,Prod,A1000157.6382,Tisch 23,108,S1000157.24565,SALE,2,6.9,13.8,0.0,0.0,0.0,0.0,103,Fischbrötchen Räucherlachs,Hauptspeisen,,MwSt. 7%,1.07,12.897196,0.902804,Normalverkauf
S1000157.24566,SP1000157.34.24566,SY1000157.2026.24566,iPad1(1000157),157,05.06.26 13:22,Prod,A1000157.6382,Tisch 23,108,S1000157.24566,SALE,2,6.5,13.0,0.0,0.0,0.0,0.0,100,Fischbrötchen Backfisch,Hauptspeisen,,MwSt. 7%,1.07,12.149533,0.850467,Normalverkauf
S1000157.24567,SP1000157.34.24567,SY1000157.2026.24567,iPad1(1000157),157,05.06.26 15:12,Prod,A1000157.6383,Tisch 20,104,S1000157.24567,SALE,1,5.9,5.9,0.0,0.0,0.0,0.0,117,Rote Grütze,Desserts,,MwSt. 7%,1.07,5.514019,0.385981,Normalverkauf
S1000157.24568,SP1000157.34.24568,SY1000157.2026.24568,iPad1(1000157),157,05.06.26 15:12,Prod,A1000157.6383,Tisch 20,104,S1000157.24568,SALE,1,3.9,3.9,0.0,0.0,0.0,0.0,126,Spezi,Getränke,,MwSt. 19%,1.19,3.277311,0.622689,Normalverkauf
S1000157.24569,SP1000157.34.24569,SY1000157.2026.24569,iPad1(1000157),157,05.06.26 12:43,Prod,A1000157.6384,Tisch 4,115,S1000157.24569,SALE,1,3.2,3.2,0.0,0.0,0.0,0.0,120,Apfelschorle,Getränke,,MwSt. 19%,1.19,2.689076,0.510924,Normalverkauf
S1000157.24570,SP1000157.34.24570,SY1000157.2026.24570,iPad1(1000157),157,05.06.26 09:39,Prod,A1000157.6385,Tisch 13,118,S1000157.24570,SALE,1,13.5,13.5,0.0,0.0,0.0,0.0,102,Matjes,Hauptspeisen,,MwSt. 7%,1.07,12.616822,0.883178,Normalverkauf
S1000157.24571,SP1000157.34.24571,SY1000157.2026.24571,iPad1(1000157),157,05.06.26 18:56,Prod,A1000157.6386,Tisch 18,115,S1000157.24571,SALE,2,11.9,23.8,0.0,0.0,0.0,0.0,110,Matjes-Baguette,Hauptgerichte,,MwSt. 7%,1.07,22.242991,1.557009,Normalverkauf
S1000157.24572,SP1000157.34.24572,SY1000157.2026.24572,iPad1(1000157),157,05.06.26 18:56,Prod,A1000157.6386,Tisch 18,115,S1000157.24572,SALE,1,10.9,10.9,0.0,0.0,0.0,0.0,109,Bismarck-Baguette,Hauptgerichte,,MwSt. 7%,1.07,10.186916,0.713084,Normalverkauf
S1000157.24573,SP1000157.34.24573,SY1000157.2026.24573,iPad1(1000157),157,05.06.26 18:56,Prod,A1000157.6386,Tisch 18,115,S1000157.24573,SALE,2,3.9,7.8,0.0,0.0,0.0,0.0,127,Alkoholfreies Bier,Getränke,,MwSt. 19%,1.19,6.554622,1.245378,Normalverkauf
S1000157.24574,SP1000157.34.24574,SY1000157.2026.24574,iPad1(1000157),157,05.06.26 18:07,Prod,A1000157.6387,Tisch 16,118,S1000157.24574,SALE,2,3.9,7.8,0.0,0.0,0.0,0.0,126,Spezi,Getränke,,MwSt. 19%,1.19,6.554622,1.245378,Normalverkauf
S1000157.24575,SP1000157.34.24575,SY1000157.2026.24575,iPad1(1000157),157,05.06.26 18:07,Prod,A1000157.6387,Tisch 16,118,S1000157.24575,SALE,2,3.9,7.8,0.0,0.0,0.0,0.0,127,Alkoholfreies Bier,Getränke,,MwSt. 19%,1.19,6.554622,1.245378,Normalverkauf
S1000157.24576,SP1000157.34.24576,SY1000157.2026.24576,iPad1(1000157),157,05.06.26 18:07,Prod,A1000157.6387,Tisch 16,118,S1000157.24576,SALE,2,10.9,21.8,0.0,0.0,0.0,0.0,109,Bismarck-Baguette,Hauptgerichte,,MwSt. 7%,1.07,20.373832,1.426168,Normalverkauf
S1000157.24577,SP1000157.34.24577,SY1000157.2026.24577,iPad1(1000157),157,05.06.26 11:47,Prod,A1000157.6388,Tisch 3,115,S1000157.24577,SALE,1,4.2,4.2,0.0,0.0,0.0,0.0,122,Bier,Getränke,,MwSt. 19%,1.19,3.529412,0.670588,Normalverkauf
S1000157.24578,SP1000157.34.24578,SY1000157.2026.24578,iPad1(1000157),157,05.06.26 11:47,Prod,A1000157.6388,Tisch 3,115,S1000157.24578,SALE,2,6.9,13.8,0.0,0.0,0.0,0.0,113,Garnelen Box,Beilagen,,MwSt. 7%,1.07,12.897196,0.902804,Normalverkauf
S1000157.24579,SP1000157.34.24579,SY1000157.2026.24579,iPad1(1000157),157,05.06.26 13:35,Prod,A1000157.6389,Tisch 15,120,S1000157.24579,SALE,2,4.2,8.4,0.0,0.0,0.0,0.0,122,Bier,Getränke,,MwSt. 19%,1.19,7.058824,1.341176,Normalverkauf
S1000157.24580,SP1000157.34.24580,SY1000157.2026.24580,iPad1(1000157),157,05.06.26 13:20,Prod,A1000157.6390,Tisch 17,104,S1000157.24580,SALE,1,3.9,3.9,0.0,0.0,0.0,0.0,119,Cola,Getränke,,MwSt. 19%,1.19,3.277311,0.622689,Normalverkauf
S1000157.24581,SP1000157.34.24581,SY1000157.2026.24581,iPad1(1000157),157,05.06.26 13:20,Prod,A1000157.6390,Tisch 17,104,S1000157.24581,SALE,2,4.2,8.4,0.0,0.0,0.0,0.0,122,Bier,Getränke,,MwSt. 19%,1.19,7.058824,1.341176,Normalverkauf
S1000157.24582,SP1000157.34.24582,SY1000157.2026.24582,iPad1(1000157),157,05.06.26 09:40,Prod,A1000157.6391,Tisch 18,118,S1000157.24582,SALE,2,3.9,7.8,0.0,0.0,0.0,0.0,126,Spezi,Getränke,,MwSt. 19%,1.19,6.554622,1.245378,Normalverkauf
S1000157.24583,SP1000157.34.24583,SY1000157.2026.24583,iPad1(1000157),157,05.06.26 17:05,Prod,A1000157.6392,,101,S1000157.24583,SALE,1,5.5,5.5,0.0,0.0,0.0,0.0,114,Fisch Nuggets Box,Beilagen,,MwSt. 7%,1.07,5.140187,0.359813,Normalverkauf
S1000157.24584,SP1000157.34.24584,SY1000157.2026.24584,iPad1(1000157),157,05.06.26 17:05,Prod,A1000157.6392,,101,S1000157.24584,SALE,1,11.5,11.5,0.0,0.0,0.0,0.0,105,Garnelen-Kimchi-Bruger,Hauptgerichte,,MwSt. 7%,1.07,10.747664,0.752336,Normalverkauf
S1000157.24585,SP1000157.34.24585,SY1000157.2026.24585,iPad1(1000157),157,05.06.26 17:24,Prod,A1000157.6393,Tisch 5,115,S1000157.24585,SALE,2,5.9,11.8,0.0,0.0,0.0,0.0,116,Vanillequark,Desserts,,MwSt. 7%,1.07,11.028037,0.771963,Normalverkauf
S1000157.24586,SP1000157.34.24586,SY1000157.2026.24586,iPad1(1000157),157,05.06.26 17:24,Prod,A1000157.6393,Tisch 5,115,S1000157.24586,SALE,1,2.8,2.8,0.0,0.0,0.0,0.0,121,Mineralwasser,Getränke,,MwSt. 19%,1.19,2.352941,0.447059,Normalverkauf
S1000157.24587,SP1000157.34.24587,SY1000157.2026.24587,iPad1(1000157),157,05.06.26 17:24,Prod,A1000157.6393,Tisch 5,115,S1000157.24587,SALE,2,9.8,19.6,0.0,0.0,0.0,0.0,108,Seelachs-Ei-Baugette,Hauptgerichte,,MwSt. 7%,1.07,18.317757,1.282243,Normalverkauf
S1000157.24588,SP1000157.34.24588,SY1000157.2026.24588,iPad1(1000157),157,05.06.26 10:44,Prod,A1000157.6394,,104,S1000157.24588,VOID,1,5.9,5.9,0.0,0.0,0.0,0.0,125,Zitronen-Limonade,Getränke,,MwSt. 19%,1.19,4.957983,0.942017,Normalverkauf
S1000157.24589,SP1000157.34.24589,SY1000157.2026.24589,iPad1(1000157),157,05.06.26 15:54,Prod,A1000157.6395,Tisch 17,108,S1000157.24589,SALE,2,10.9,21.8,0.0,0.0,0.0,0.0,107,Chicken Burger,Hauptgerichte,,MwSt. 7%,1.07,20.373832,1.426168,Normalverkauf
S1000157.24590,SP1000157.34.24590,SY1000157.2026.24590,iPad1(1000157),157,05.06.26 19:57,Prod,A1000157.6396,Tisch 6,120,S1000157.24590,SALE,1,4.2,4.2,0.0,0.0,0.0,0.0,122,Bier,Getränke,,MwSt. 19%,1.19,3.529412,0.670588,Normalverkauf
S1000157.24591,SP1000157.34.24591,SY1000157.2026.24591,iPad1(1000157),157,05.06.26 19:57,Prod,A1000157.6396,Tisch 6,120,S1000157.24591,SALE,1,10.9,10.9,0.0,0.0,0.0,0.0,104,Thunfisch Wrap,Hauptgerichte,,MwSt. 7%,1.07,10.186916,0.713084,Normalverkauf
S1000157.24592,SP1000157.34.24592,SY1000157.2026.24592,iPad1(1000157),157,05.06.26 19:57,Prod,A1000157.6396,Tisch 6,120,S1000157.24592,SALE,2,6.9,13.8,0.0,0.0,0.0,0.0,103,Fischbrötchen Räucherlachs,Hauptspeisen,,MwSt. 7%,1.07,12.897196,0.902804,Normalverkauf
S1000157.24593,SP1000157.34.24593,SY1000157.2026.24593,iPad1(1000157),157,05.06.26 12:22,Prod,A1000157.6397,Tisch 10,118,S1000157.24593,VOID,1,4.2,4.2,0.0,0.0,0.0,0.0,122,Bier,Getränke,,MwSt. 19%,1.19,3.529412,0.670588,Normalverkauf
S1000157.24594,SP1000157.34.24594,SY1000157.2026.24594,iPad1(1000157),157,05.06.26 19:36,Prod,A1000157.6398,Tisch 22,118,S1000157.24594,SALE,1,14.5,14.5,0.0,0.0,0.0,0.0,101,Lachs,Hauptspeisen,,MwSt. 7%,1.07,13.551402,0.948598,Normalverkauf
S1000157.24595,SP1000157.34.24595,SY1000157.2026.24595,iPad1(1000157),157,05.06.26 13:11,Prod,A1000157.6399,Tisch 16,115,S1000157.24595,SALE,1,4.9,4.9,0.0,0.0,0.0,0.0,112,Kartoffelwedges,Beilagen,,MwSt. 7%,1.07,4.579439,0.320561,Normalverkauf
S1000157.24596,SP1000157.34.24596,SY1000157.2026.24596,iPad1(1000157),157,05.06.26 13:11,Prod,A1000157.6399,Tisch 16,115,S1000157.24596,SALE,2,5.9,11.8,0.0,0.0,0.0,0.0,117,Rote Grütze,Desserts,,MwSt. 7%,1.07,11.028037,0.771963,Normalverkauf
S1000157.24597,SP1000157.34.24597,SY1000157.2026.24597,iPad1(1000157),157,05.06.26 18:07,Prod,A1000157.6400,Tisch 19,120,S1000157.24597,SALE,1,6.9,6.9,0.0,0.0,0.0,0.0,113,Garnelen Box,Beilagen,,MwSt. 7%,1.07,6.448598,0.451402,Normalverkauf
S1000157.24598,SP1000157.34.24598,SY1000157.2026.24598,iPad1(1000157),157,05.06.26 18:07,Prod,A1000157.6400,Tisch 19,120,S1000157.24598,SALE,2,10.9,21.8,0.0,0.0,0.0,0.0,107,Chicken Burger,Hauptgerichte,,MwSt. 7%,1.07,20.373832,1.426168,Normalverkauf
S1000157.24599,SP1000157.34.24599,SY1000157.2026.24599,iPad1(1000157),157,05.06.26 13:44,Prod,A1000157.6401,,117,S1000157.24599,SALE,1,2.8,2.8,0.0,0.0,0.0,0.0,121,Mineralwasser,Getränke,,MwSt. 19%,1.19,2.352941,0.447059,Normalverkauf
S1000157.24600,SP1000157.34.24600,SY1000157.2026.24600,iPad1(1000157),157,05.06.26 13:44,Prod,A1000157.6401,,117,S1000157.24600,SALE,1,10.9,10.9,0.0,0.0,0.0,0.0,109,Bismarck-Baguette,Hauptgerichte,,MwSt. 7%,1.07,10.186916,0.713084,Normalverkauf
S1000157.24601,SP1000157.34.24601,SY1000157.2026.24601,iPad1(1000157),157,05.06.26 13:44,Prod,A1000157.6401,,117,S1000157.24601,SALE,2,6.5,13.0,0.0,0.0,0.0,0.0,100,Fischbrötchen Backfisch,Hauptspeisen,,MwSt. 7%,1.07,12.149533,0.850467,Normalverkauf
S1000157.24602,SP1000157.34.24602,SY1000157.2026.24602,iPad1(1000157),157,05.06.26 17:37,Prod,A1000157.6402,Tisch 4,108,S1000157.24602,SALE,2,7.9,15.8,0.0,0.0,0.0,0.0,115,Tiramisu,Desserts,,MwSt. 7%,1.07,14.766355,1.033645,Normalverkauf
S1000157.24603,SP1000157.34.24603,SY1000157.2026.24603,iPad1(1000157),157,05.06.26 15:35,Prod,A1000157.6403,Tisch 14,115,S1000157.24603,SALE,2,6.9,13.8,0.0,0.0,0.0,0.0,113,Garnelen Box,Beilagen,,MwSt. 7%,1.07,12.897196,0.902804,Normalverkauf
S1000157.24604,SP1000157.34.24604,SY1000157.2026.24604,iPad1(1000157),157,05.06.26 15:35,Prod,A1000157.6403,Tisch 14,115,S1000157.24604,SALE,2,6.5,13.0,0.0,0.0,0.0,0.0,100,Fischbrötchen Backfisch,Hauptspeisen,,MwSt. 7%,1.07,12.149533,0.850467,Normalverkauf
S1000157.24605,SP1000157.34.24605,SY1000157.2026.24605,iPad1(1000157),157,05.06.26 15:35,Prod,A1000157.6403,Tisch 14,115,S1000157.24605,SALE,2,3.9,7.8,0.0,0.0,0.0,0.0,124,Cola Zero,Getränke,,MwSt. 19%,1.19,6.554622,1.245378,Normalverkauf
S1000157.24606,SP1000157.34.24606,SY1000157.2026.24606,iPad1(1000157),157,05.06.26 16:12,Prod,A1000157.6404,Tisch 12,118,S1000157.24606,SALE,1,4.9,4.9,0.0,0.0,0.0,0.0,112,Kartoffelwedges,Beilagen,,MwSt. 7%,1.07,4.579439,0.320561,Normalverkauf
S1000157.24607,SP1000157.34.24607,SY1000157.2026.24607,iPad1(1000157),157,05.06.26 16:12,Prod,A1000157.6404,Tisch 12,118,S1000157.24607,SALE,1,3.9,3.9,0.0,0.0,0.0,0.0,119,Cola,Getränke,,MwSt. 19%,1.19,3.277311,0.622689,Normalverkauf
S1000157.24608,SP1000157.34.24608,SY1000157.2026.24608,iPad1(1000157),157,05.06.26 16:12,Prod,A1000157.6404,Tisch 12,118,S1000157.24608,SALE,1,3.9,3.9,0.0,0.0,0.0,0.0,124,Cola Zero,Getränke,,MwSt. 19%,1.19,3.277311,0.622689,Normalverkauf
S1000157.24609,SP1000157.34.24609,SY1000157.2026.24609,iPad1(1000157),157,05.06.26 16:39,Prod,A1000157.6405,Tisch 14,117,S1000157.24609,SALE,2,6.9,13.8,0.0,0.0,0.0,0.0,103,Fischbrötchen Räucherlachs,Hauptspeisen,,MwSt. 7%,1.07,12.897196,0.902804,Normalverkauf
S1000157.24610,SP1000157.34.24610,SY1000157.2026.24610,iPad1(1000157),157,05.06.26 16:39,Prod,A1000157.6405,Tisch 14,117,S1000157.24610,SALE,1,3.9,3.9,0.0,0.0,0.0,0.0,127,Alkoholfreies Bier,Getränke,,MwSt. 19%,1.19,3.277311,0.622689,Normalverkauf
S1000157.24611,SP1000157.34.24611,SY1000157.2026.24611,iPad1(1000157),157,05.06.26 16:39,Prod,A1000157.6405,Tisch 14,117,S1000157.24611,SALE,2,6.5,13.0,0.0,0.0,0.0,0.0,118,Schokokuchen,Desserts,,MwSt. 7%,1.07,12.149533,0.850467,Normalverkauf
S1000157.24612,SP1000157.34.24612,SY1000157.2026.24612,iPad1(1000157),157,05.06.26 14:05,Prod,A1000157.6406,,104,S1000157.24612,SALE,2,3.9,7.8,0.0,0.0,0.0,0.0,126,Spezi,Getränke,,MwSt. 19%,1.19,6.554622,1.245378,Normalverkauf
S1000157.24613,SP1000157.34.24613,SY1000157.2026.24613,iPad1(1000157),157,05.06.26 14:05,Prod,A1000157.6406,,104,S1000157.24613,SALE,2,6.5,13.0,0.0,0.0,0.0,0.0,100,Fischbrötchen Backfisch,Hauptspeisen,,MwSt. 7%,1.07,12.149533,0.850467,Normalverkauf
S1000157.24614,SP1000157.34.24614,SY1000157.2026.24614,iPad1(1000157),157,05.06.26 14:05,Prod,A1000157.6406,,104,S1000157.24614,SALE,2,9.8,19.6,0.0,0.0,0.0,0.0,108,Seelachs-Ei-Baugette,Hauptgerichte,,MwSt. 7%,1.07,18.317757,1.282243,Normalverkauf
S1000157.24615,SP1000157.34.24615,SY1000157.2026.24615,iPad1(1000157),157,05.06.26 14:52,Prod,A1000157.6407,Tisch 11,120,S1000157.24615,SALE,2,9.8,19.6,0.0,0.0,0.0,0.0,108,Seelachs-Ei-Baugette,Hauptgerichte,,MwSt. 7%,1.07,18.317757,1.282243,Normalverkauf
S1000157.24616,SP1000157.34.24616,SY1000157.2026.24616,iPad1(1000157),157,05.06.26 14:52,Prod,A1000157.6407,Tisch 11,120,S1000157.24616,SALE,1,11.9,11.9,0.0,0.0,0.0,0.0,110,Matjes-Baguette,Hauptgerichte,,MwSt. 7%,1.07,11.121495,0.778505,Normalverkauf
S1000157.24617,SP1000157.34.24617,SY1000157.2026.24617,iPad1(1000157),157,05.06.26 14:52,Prod,A1000157.6407,Tisch 11,120,S1000157.24617,SALE,1,2.8,2.8,0.0,0.0,0.0,0.0,121,Mineralwasser,Getränke,,MwSt. 19%,1.19,2.352941,0.447059,Normalverkauf
S1000157.24618,SP1000157.34.24618,SY1000157.2026.24618,iPad1(1000157),157,05.06.26 18:30,Prod,A1000157.6408,Tisch 21,115,S1000157.24618,SALE,2,4.9,9.8,0.0,0.0,0.0,0.0,112,Kartoffelwedges,Beilagen,,MwSt. 7%,1.07,9.158879,0.641121,Normalverkauf
S1000157.24619,SP1000157.34.24619,SY1000157.2026.24619,iPad1(1000157),157,05.06.26 18:30,Prod,A1000157.6408,Tisch 21,115,S1000157.24619,SALE,2,3.2,6.4,0.0,0.0,0.0,0.0,120,Apfelschorle,Getränke,,MwSt. 19%,1.19,5.378151,1.021849,Normalverkauf
S1000157.24620,SP1000157.34.24620,SY1000157.2026.24620,iPad1(1000157),157,05.06.26 18:30,Prod,A1000157.6408,Tisch 21,115,S1000157.24620,SALE,2,3.9,7.8,0.0,0.0,0.0,0.0,119,Cola,Getränke,,MwSt. 19%,1.19,6.554622,1.245378,Normalverkauf
S1000157.24621,SP1000157.34.24621,SY1000157.2026.24621,iPad1(1000157),157,05.06.26 19:06,Prod,A1000157.6409,Tisch 11,118,S1000157.24621,SALE,1,7.9,7.9,0.0,0.0,0.0,0.0,106,Neptun-Ringe,Beilagen,,MwSt. 7%,1.07,7.383178,0.516822,Normalverkauf
S1000157.24622,SP1000157.34.24622,SY1000157.2026.24622,iPad1(1000157),157,05.06.26 19:06,Prod,A1000157.6409,Tisch 11,118,S1000157.24622,SALE,1,13.5,13.5,0.0,0.0,0.0,0.0,102,Matjes,Hauptspeisen,,MwSt. 7%,1.07,12.616822,0.883178,Normalverkauf
S1000157.24623,SP1000157.34.24623,SY1000157.2026.24623,iPad1(1000157),157,05.06.26 19:06,Prod,A1000157.6409,Tisch 11,118,S1000157.24623,SALE,1,10.9,10.9,0.0,0.0,0.0,0.0,104,Thunfisch Wrap,Hauptgerichte,,MwSt. 7%,1.07,10.186916,0.713084,Normalverkauf
S1000157.24624,SP1000157.34.24624,SY1000157.2026.24624,iPad1(1000157),157,05.06.26 13:06,Prod,A1000157.6410,Tisch 22,108,S1000157.24624,SALE,2,10.9,21.8,0.0,0.0,0.0,0.0,104,Thunfisch Wrap,Hauptgerichte,,MwSt. 7%,1.07,20.373832,1.426168,Normalverkauf
S1000157.24625,SP1000157.34.24625,SY1000157.2026.24625,iPad1(1000157),157,05.06.26 08:53,Prod,A1000157.6411,,117,S1000157.24625,SALE,1,3.9,3.9,0.0,0.0,0.0,0.0,119,Cola,Getränke,,MwSt. 19%,1.19,3.277311,0.622689,Normalverkauf
S1000157.24626,SP1000157.34.24626,SY1000157.2026.24626,iPad1(1000157),157,05.06.26 08:53,Prod,A1000157.6411,,117,S1000157.24626,SALE,2,9.8,19.6,0.0,0.0,0.0,0.0,108,Seelachs-Ei-Baugette,Hauptgerichte,,MwSt. 7%,1.07,18.317757,1.282243,Normalverkauf
S1000157.24627,SP1000157.34.24627,SY1000157.2026.24627,iPad1(1000157),157,05.06.26 19:36,Prod,A1000157.6412,Tisch 24,117,S1000157.24627,SALE,2,3.9,7.8,0.0,0.0,0.0,0.0,119,Cola,Getränke,,MwSt. 19%,1.19,6.554622,1.245378,Normalverkauf
S1000157.24628,SP1000157.34.24628,SY1000157.2026.24628,iPad1(1000157),157,05.06.26 12:11,Prod,A1000157.6413,Tisch 17,108,S1000157.24628,SALE,2,10.9,21.8,0.0,0.0,0.0,0.0,104,Thunfisch Wrap,Hauptgerichte,,MwSt. 7%,1.07,20.373832,1.426168,Normalverkauf
S1000157.24629,SP1000157.34.24629,SY1000157.2026.24629,iPad1(1000157),157,05.06.26 12:11,Prod,A1000157.6413,Tisch 17,108,S1000157.24629,SALE,2,5.9,11.8,0.0,0.0,0.0,0.0,125,Zitronen-Limonade,Getränke,,MwSt. 19%,1.19,9.915966,1.884034,Normalverkauf
S1000157.24630,SP1000157.34.24630,SY1000157.2026.24630,iPad1(1000157),157,05.06.26 20:36,Prod,A1000157.6414,Tisch 6,108,S1000157.24630,SALE,2,6.5,13.0,0.0,0.0,0.0,0.0,100,Fischbrötchen Backfisch,Hauptspeisen,,MwSt. 7%,1.07,12.149533,0.850467,Normalverkauf
S1000157.24631,SP1000157.34.24631,SY1000157.2026.24631,iPad1(1000157),157,05.06.26 20:36,Prod,A1000157.6414,Tisch 6,108,S1000157.24631,SALE,1,3.9,3.9,0.0,0.0,0.0,0.0,124,Cola Zero,Getränke,,MwSt. 19%,1.19,3.277311,0.622689,Normalverkauf
S1000157.24632,SP1000157.34.24632,SY1000157.2026.24632,iPad1(1000157),157,05.06.26 20:36,Prod,A1000157.6414,Tisch 6,108,S1000157.24632,SALE,1,3.9,3.9,0.0,0.0,0.0,0.0,127,Alkoholfreies Bier,Getränke,,MwSt. 19%,1.19,3.277311,0.622689,Normalverkauf
S1000157.24633,SP1000157.34.24633,SY1000157.2026.24633,iPad1(1000157),157,05.06.26 17:09,Prod,A1000157.6415,Tisch 18,108,S1000157.24633,SALE,1,3.2,3.2,0.0,0.0,0.0,0.0,120,Apfelschorle,Getränke,,MwSt. 19%,1.19,2.689076,0.510924,Normalverkauf
S1000157.24634,SP1000157.34.24634,SY1000157.2026.24634,iPad1(1000157),157,05.06.26 17:09,Prod,A1000157.6415,Tisch 18,108,S1000157.24634,SALE,2,5.5,11.0,0.0,0.0,0.0,0.0,111,Pommes Frites,Beilagen,,MwSt. 7%,1.07,10.280374,0.719626,Normalverkauf
S1000157.24635,SP1000157.34.24635,SY1000157.2026.24635,iPad1(1000157),157,05.06.26 17:40,Prod,A1000157.6416,Tisch 12,120,S1000157.24635,SALE,2,13.5,27.0,0.0,0.0,0.0,0.0,102,Matjes,Hauptspeisen,,MwSt. 7%,1.07,25.233645,1.766355,Normalverkauf
S1000157.24636,SP1000157.34.24636,SY1000157.2026.24636,iPad1(1000157),157,05.06.26 17:40,Prod,A1000157.6416,Tisch 12,120,S1000157.24636,SALE,1,13.5,13.5,0.0,0.0,0.0,0.0,102,Matjes,Hauptspeisen,,MwSt. 7%,1.07,12.616822,0.883178,Normalverkauf
S1000157.24637,SP1000157.34.24637,SY1000157.2026.24637,iPad1(1000157),157,05.06.26 08:47,Prod,A1000157.6417,Tisch 11,115,S1000157.24637,SALE,2,6.5,13.0,0.0,0.0,0.0,0.0,100,Fischbrötchen Backfisch,Hauptspeisen,,MwSt. 7%,1.07,12.149533,0.850467,Normalverkauf
S1000157.24638,SP1000157.34.24638,SY1000157.2026.24638,iPad1(1000157),157,05.06.26 16:04,Prod,A1000157.6418,Tisch 16,117,S1000157.24638,SALE,1,10.9,10.9,0.0,0.0,0.0,0.0,109,Bismarck-Baguette,Hauptgerichte,,MwSt. 7%,1.07,10.186916,0.713084,Normalverkauf
S1000157.24639,SP1000157.34.24639,SY1000157.2026.24639,iPad1(1000157),157,05.06.26 16:04,Prod,A1000157.6418,Tisch 16,117,S1000157.24639,SALE,1,10.9,10.9,0.0,0.0,0.0,0.0,107,Chicken Burger,Hauptgerichte,,MwSt. 7%,1.07,10.186916,0.713084,Normalverkauf
S1000157.24640,SP1000157.34.24640,SY1000157.2026.24640,iPad1(1000157),157,05.06.26 16:04,Prod,A1000157.6418,Tisch 16,117,S1000157.24640,SALE,2,2.8,5.6,0.0,0.0,0.0,0.0,121,Mineralwasser,Getränke,,MwSt. 19%,1.19,4.705882,0.894118,Normalverkauf
S1000157.24641,SP1000157.34.24641,SY1000157.2026.24641,iPad1(1000157),157,05.06.26 20:39,Prod,A1000157.6419,Tisch 19,101,S1000157.24641,SALE,1,4.9,4.9,0.0,0.0,0.0,0.0,112,Kartoffelwedges,Beilagen,,MwSt. 7%,1.07,4.579439,0.320561,Normalverkauf
S1000157.24642,SP1000157.34.24642,SY1000157.2026.24642,iPad1(1000157),157,05.06.26 15:50,Prod,A1000157.6420,Tisch 4,104,S1000157.24642,SALE,2,5.9,11.8,0.0,0.0,0.0,0.0,116,Vanillequark,Desserts,,MwSt. 7%,1.07,11.028037,0.771963,Normalverkauf
S1000157.24643,SP1000157.34.24643,SY1000157.2026.24643,iPad1(1000157),157,05.06.26 20:24,Prod,A1000157.6421,Tisch 18,104,S1000157.24643,SALE,2,3.9,7.8,0.0,0.0,0.0,0.0,119,Cola,Getränke,,MwSt. 19%,1.19,6.554622,1.245378,Normalverkauf
S1000157.24644,SP1000157.34.24644,SY1000157.2026.24644,iPad1(1000157),157,05.06.26 20:24,Prod,A1000157.6421,Tisch 18,104,S1000157.24644,SALE,2,6.9,13.8,0.0,0.0,0.0,0.0,103,Fischbrötchen Räucherlachs,Hauptspeisen,,MwSt. 7%,1.07,12.897196,0.902804,Normalverkauf
S1000157.24645,SP1000157.34.24645,SY1000157.2026.24645,iPad1(1000157),157,05.06.26 20:24,Prod,A1000157.6421,Tisch 18,104,S1000157.24645,SALE,1,10.9,10.9,0.0,0.0,0.0,0.0,107,Chicken Burger,Hauptgerichte,,MwSt. 7%,1.07,10.186916,0.713084,Normalverkauf
S1000157.24646,SP1000157.34.24646,SY1000157.2026.24646,iPad1(1000157),157,05.06.26 19:08,Prod,A1000157.6422,Tisch 6,117,S1000157.24646,SALE,1,4.2,4.2,0.0,0.0,0.0,0.0,122,Bier,Getränke,,MwSt. 19%,1.19,3.529412,0.670588,Normalverkauf
S1000157.24647,SP1000157.34.24647,SY1000157.2026.24647,iPad1(1000157),157,05.06.26 13:07,Prod,A1000157.6423,Tisch 1,118,S1000157.24647,SALE,1,10.9,10.9,0.0,0.0,0.0,0.0,104,Thunfisch Wrap,Hauptgerichte,,MwSt. 7%,1.07,10.186916,0.713084,Normalverkauf
S1000157.24648,SP1000157.34.24648,SY1000157.2026.24648,iPad1(1000157),157,05.06.26 13:07,Prod,A1000157.6423,Tisch 1,118,S1000157.24648,SALE,2,3.9,7.8,0.0,0.0,0.0,0.0,124,Cola Zero,Getränke,,MwSt. 19%,1.19,6.554622,1.245378,Normalverkauf
S1000157.24649,SP1000157.34.24649,SY1000157.2026.24649,iPad1(1000157),157,05.06.26 13:07,Prod,A1000157.6423,Tisch 1,118,S1000157.24649,SALE,1,4.2,4.2,0.0,0.0,0.0,0.0,122,Bier,Getränke,,MwSt. 19%,1.19,3.529412,0.670588,Normalverkauf
S1000157.24650,SP1000157.34.24650,SY1000157.2026.24650,iPad1(1000157),157,05.06.26 20:13,Prod,A1000157.6424,Tisch 18,115,S1000157.24650,SALE,2,6.9,13.8,0.0,0.0,0.0,0.0,103,Fischbrötchen Räucherlachs,Hauptspeisen,,MwSt. 7%,1.07,12.897196,0.902804,Normalverkauf
S1000157.24651,SP1000157.34.24651,SY1000157.2026.24651,iPad1(1000157),157,05.06.26 20:13,Prod,A1000157.6424,Tisch 18,115,S1000157.24651,SALE,2,11.5,23.0,0.0,0.0,0.0,0.0,105,Garnelen-Kimchi-Bruger,Hauptgerichte,,MwSt. 7%,1.07,21.495327,1.504673,Normalverkauf
S1000157.24652,SP1000157.34.24652,SY1000157.2026.24652,iPad1(1000157),157,05.06.26 11:18,Prod,A1000157.6425,Tisch 21,118,S1000157.24652,SALE,1,5.9,5.9,0.0,0.0,0.0,0.0,123,Inger-Limonade,Getränke,,MwSt. 19%,1.19,4.957983,0.942017,Normalverkauf
S1000157.24653,SP1000157.34.24653,SY1000157.2026.24653,iPad1(1000157),157,05.06.26 11:26,Prod,A1000157.6426,Tisch 24,115,S1000157.24653,SALE,2,6.5,13.0,0.0,0.0,0.0,0.0,100,Fischbrötchen Backfisch,Hauptspeisen,,MwSt. 7%,1.07,12.149533,0.850467,Normalverkauf
S1000157.24654,SP1000157.34.24654,SY1000157.2026.24654,iPad1(1000157),157,05.06.26 16:53,Prod,A1000157.6427,Tisch 17,115,S1000157.24654,SALE,1,10.9,10.9,0.0,0.0,0.0,0.0,107,Chicken Burger,Hauptgerichte,,MwSt. 7%,1.07,10.186916,0.713084,Normalverkauf
S1000157.24655,SP1000157.34.24655,SY1000157.2026.24655,iPad1(1000157),157,05.06.26 20:33,Prod,A1000157.6428,Tisch 1,101,S1000157.24655,SALE,1,2.8,2.8,0.0,0.0,0.0,0.0,121,Mineralwasser,Getränke,,MwSt. 19%,1.19,2.352941,0.447059,Normalverkauf
S1000157.24656,SP1000157.34.24656,SY1000157.2026.24656,iPad1(1000157),157,05.06.26 20:33,Prod,A1000157.6428,Tisch 1,101,S1000157.24656,SALE,1,13.5,13.5,0.0,0.0,0.0,0.0,102,Matjes,Hauptspeisen,,MwSt. 7%,1.07,12.616822,0.883178,Normalverkauf
S1000157.24657,SP1000157.34.24657,SY1000157.2026.24657,iPad1(1000157),157,05.06.26 20:33,Prod,A1000157.6428,Tisch 1,101,S1000157.24657,SALE,1,6.9,6.9,0.0,0.0,0.0,0.0,103,Fischbrötchen Räucherlachs,Hauptspeisen,,MwSt. 7%,1.07,6.448598,0.451402,Normalverkauf
S1000157.24658,SP1000157.34.24658,SY1000157.2026.24658,iPad1(1000157),157,05.06.26 11:48,Prod,A1000157.6429,Tisch 17,117,S1000157.24658,SALE,1,3.9,3.9,0.0,0.0,0.0,0.0,126,Spezi,Getränke,,MwSt. 19%,1.19,3.277311,0.622689,Normalverkauf
S1000157.24659,SP1000157.34.24659,SY1000157.2026.24659,iPad1(1000157),157,05.06.26 18:14,Prod,A1000157.6430,Tisch 18,104,S1000157.24659,SALE,2,11.9,23.8,0.0,0.0,0.0,0.0,110,Matjes-Baguette,Hauptgerichte,,MwSt. 7%,1.07,22.242991,1.557009,Normalverkauf
S1000157.24660,SP1000157.34.24660,SY1000157.2026.24660,iPad1(1000157),157,05.06.26 18:14,Prod,A1000157.6430,Tisch 18,104,S1000157.24660,SALE,1,3.9,3.9,0.0,0.0,0.0,0.0,124,Cola Zero,Getränke,,MwSt. 19%,1.19,3.277311,0.622689,Normalverkauf
S1000157.24661,SP1000157.34.24661,SY1000157.2026.24661,iPad1(1000157),157,05.06.26 18:14,Prod,A1000157.6430,Tisch 18,104,S1000157.24661,SALE,2,3.9,7.8,0.0,0.0,0.0,0.0,119,Cola,Getränke,,MwSt. 19%,1.19,6.554622,1.245378,Normalverkauf
S1000157.24662,SP1000157.34.24662,SY1000157.2026.24662,iPad1(1000157),157,05.06.26 19:15,Prod,A1000157.6431,Tisch 17,101,S1000157.24662,SALE,2,4.2,8.4,0.0,0.0,0.0,0.0,122,Bier,Getränke,,MwSt. 19%,1.19,7.058824,1.341176,Normalverkauf
S1000157.24663,SP1000157.34.24663,SY1000157.2026.24663,iPad1(1000157),157,05.06.26 14:12,Prod,A1000157.6432,Tisch 16,115,S1000157.24663,SALE,2,4.2,8.4,0.0,0.0,0.0,0.0,122,Bier,Getränke,,MwSt. 19%,1.19,7.058824,1.341176,Normalverkauf
S1000157.24664,SP1000157.34.24664,SY1000157.2026.24664,iPad1(1000157),157,05.06.26 14:12,Prod,A1000157.6432,Tisch 16,115,S1000157.24664,SALE,2,6.5,13.0,0.0,0.0,0.0,0.0,100,Fischbrötchen Backfisch,Hauptspeisen,,MwSt. 7%,1.07,12.149533,0.850467,Normalverkauf
S1000157.24665,SP1000157.34.24665,SY1000157.2026.24665,iPad1(1000157),157,05.06.26 14:00,Prod,A1000157.6433,Tisch 7,108,S1000157.24665,SALE,1,3.9,3.9,0.0,0.0,0.0,0.0,126,Spezi,Getränke,,MwSt. 19%,1.19,3.277311,0.622689,Normalverkauf
S1000157.24666,SP1000157.34.24666,SY1000157.2026.24666,iPad1(1000157),157,05.06.26 14:00,Prod,A1000157.6433,Tisch 7,108,S1000157.24666,SALE,1,3.2,3.2,0.0,0.0,0.0,0.0,120,Apfelschorle,Getränke,,MwSt. 19%,1.19,2.689076,0.510924,Normalverkauf
S1000157.24667,SP1000157.34.24667,SY1000157.2026.24667,iPad1(1000157),157,05.06.26 11:42,Prod,A1000157.6434,Tisch 10,115,S1000157.24667,SALE,1,6.9,6.9,0.0,0.0,0.0,0.0,113,Garnelen Box,Beilagen,,MwSt. 7%,1.07,6.448598,0.451402,Normalverkauf
S1000157.24668,SP1000157.34.24668,SY1000157.2026.24668,iPad1(1000157),157,05.06.26 19:14,Prod,A1000157.6435,Tisch 18,118,S1000157.24668,SALE,2,5.5,11.0,0.0,0.0,0.0,0.0,114,Fisch Nuggets Box,Beilagen,,MwSt. 7%,1.07,10.280374,0.719626,Normalverkauf
S1000157.24669,SP1000157.34.24669,SY1000157.2026.24669,iPad1(1000157),157,05.06.26 19:14,Prod,A1000157.6435,Tisch 18,118,S1000157.24669,SALE,1,5.5,5.5,0.0,0.0,0.0,0.0,114,Fisch Nuggets Box,Beilagen,,MwSt. 7%,1.07,5.140187,0.359813,Normalverkauf
S1000157.24670,SP1000157.34.24670,SY1000157.2026.24670,iPad1(1000157),157,05.06.26 19:14,Prod,A1000157.6435,Tisch 18,118,S1000157.24670,SALE,1,3.2,3.2,0.0,0.0,0.0,0.0,120,Apfelschorle,Getränke,,MwSt. 19%,1.19,2.689076,0.510924,Normalverkauf
S1000157.24671,SP1000157.34.24671,SY1000157.2026.24671,iPad1(1000157),157,05.06.26 19:41,Prod,A1000157.6436,Tisch 21,108,S1000157.24671,SALE,1,3.9,3.9,0.0,0.0,0.0,0.0,124,Cola Zero,Getränke,,MwSt. 19%,1.19,3.277311,0.622689,Normalverkauf
S1000157.24672,SP1000157.34.24672,SY1000157.2026.24672,iPad1(1000157),157,05.06.26 19:41,Prod,A1000157.6436,Tisch 21,108,S1000157.24672,SALE,2,11.5,23.0,0.0,0.0,0.0,0.0,105,Garnelen-Kimchi-Bruger,Hauptgerichte,,MwSt. 7%,1.07,21.495327,1.504673,Normalverkauf
S1000157.24673,SP1000157.34.24673,SY1000157.2026.24673,iPad1(1000157),157,05.06.26 11:32,Prod,A1000157.6437,Tisch 14,101,S1000157.24673,SALE,2,4.2,8.4,0.0,0.0,0.0,0.0,122,Bier,Getränke,,MwSt. 19%,1.19,7.058824,1.341176,Normalverkauf
S1000157.24674,SP1000157.34.24674,SY1000157.2026.24674,iPad1(1000157),157,05.06.26 11:32,Prod,A1000157.6437,Tisch 14,101,S1000157.24674,SALE,1,2.8,2.8,0.0,0.0,0.0,0.0,121,Mineralwasser,Getränke,,MwSt. 19%,1.19,2.352941,0.447059,Normalverkauf
S1000157.24675,SP1000157.34.24675,SY1000157.2026.24675,iPad1(1000157),157,05.06.26 16:30,Prod,A1000157.6438,Tisch 10,117,S1000157.24675,SALE,1,5.5,5.5,0.0,0.0,0.0,0.0,111,Pommes Frites,Beilagen,,MwSt. 7%,1.07,5.140187,0.359813,Normalverkauf
S1000157.24676,SP1000157.34.24676,SY1000157.2026.24676,iPad1(1000157),157,05.06.26 16:30,Prod,A1000157.6438,Tisch 10,117,S1000157.24676,SALE,1,4.9,4.9,0.0,0.0,0.0,0.0,112,Kartoffelwedges,Beilagen,,MwSt. 7%,1.07,4.579439,0.320561,Normalverkauf
S1000157.24677,SP1000157.34.24677,SY1000157.2026.24677,iPad1(1000157),157,05.06.26 16:30,Prod,A1000157.6438,Tisch 10,117,S1000157.24677,SALE,1,13.5,13.5,0.0,0.0,0.0,0.0,102,Matjes,Hauptspeisen,,MwSt. 7%,1.07,12.616822,0.883178,Normalverkauf
S1000157.24678,SP1000157.34.24678,SY1000157.2026.24678,iPad1(1000157),157,05.06.26 12:42,Prod,A1000157.6439,Tisch 3,108,S1000157.24678,SALE,1,5.5,5.5,0.0,0.0,0.0,0.0,111,Pommes Frites,Beilagen,,MwSt. 7%,1.07,5.140187,0.359813,Normalverkauf
S1000157.24679,SP1000157.34.24679,SY1000157.2026.24679,iPad1(1000157),157,05.06.26 12:42,Prod,A1000157.6439,Tisch 3,108,S1000157.24679,SALE,1,3.2,3.2,0.0,0.0,0.0,0.0,120,Apfelschorle,Getränke,,MwSt. 19%,1.19,2.689076,0.510924,Normalverkauf
S1000157.24680,SP1000157.34.24680,SY1000157.2026.24680,iPad1(1000157),157,05.06.26 12:42,Prod,A1000157.6439,Tisch 3,108,S1000157.24680,SALE,1,4.2,4.2,0.0,0.0,0.0,0.0,122,Bier,Getränke,,MwSt. 19%,1.19,3.529412,0.670588,Normalverkauf
S1000157.24681,SP1000157.34.24681,SY1000157.2026.24681,iPad1(1000157),157,05.06.26 11:58,Prod,A1000157.6440,Tisch 8,115,S1000157.24681,SALE,1,6.5,6.5,0.0,0.0,0.0,0.0,100,Fischbrötchen Backfisch,Hauptspeisen,,MwSt. 7%,1.07,6.074766,0.425234,Normalverkauf
S1000157.24682,SP1000157.34.24682,SY1000157.2026.24682,iPad1(1000157),157,05.06.26 12:57,Prod,A1000157.6441,Tisch 17,108,S1000157.24682,SALE,1,9.8,9.8,0.0,0.0,0.0,0.0,108,Seelachs-Ei-Baugette,Hauptgerichte,,MwSt. 7%,1.07,9.158879,0.641121,Normalverkauf
S1000157.24683,SP1000157.34.24683,SY1000157.2026.24683,iPad1(1000157),157,05.06.26 12:57,Prod,A1000157.6441,Tisch 17,108,S1000157.24683,SALE,2,2.8,5.6,0.0,0.0,0.0,0.0,121,Mineralwasser,Getränke,,MwSt. 19%,1.19,4.705882,0.894118,Normalverkauf
S1000157.24684,SP1000157.34.24684,SY1000157.2026.24684,iPad1(1000157),157,05.06.26 12:57,Prod,A1000157.6441,Tisch 17,108,S1000157.24684,SALE,2,6.9,13.8,0.0,0.0,0.0,0.0,103,Fischbrötchen Räucherlachs,Hauptspeisen,,MwSt. 7%,1.07,12.897196,0.902804,Normalverkauf
S1000157.24685,SP1000157.34.24685,SY1000157.2026.24685,iPad1(1000157),157,05.06.26 13:30,Prod,A1000157.6442,Tisch 20,118,S1000157.24685,SALE,2,5.5,11.0,0.0,0.0,0.0,0.0,111,Pommes Frites,Beilagen,,MwSt. 7%,1.07,10.280374,0.719626,Normalverkauf
S1000157.24686,SP1000157.34.24686,SY1000157.2026.24686,iPad1(1000157),157,05.06.26 13:30,Prod,A1000157.6442,Tisch 20,118,S1000157.24686,SALE,2,6.9,13.8,0.0,0.0,0.0,0.0,103,Fischbrötchen Räucherlachs,Hauptspeisen,,MwSt. 7%,1.07,12.897196,0.902804,Normalverkauf
S1000157.24687,SP1000157.34.24687,SY1000157.2026.24687,iPad1(1000157),157,06.06.26 12:46,Prod,A1000157.6443,Tisch 8,108,S1000157.24687,VOID,2,5.5,11.0,0.0,0.0,0.0,0.0,114,Fisch Nuggets Box,Beilagen,,MwSt. 7%,1.07,10.280374,0.719626,Normalverkauf
S1000157.24688,SP1000157.34.24688,SY1000157.2026.24688,iPad1(1000157),157,06.06.26 10:04,Prod,A1000157.6444,,115,S1000157.24688,SALE,1,5.9,5.9,0.0,0.0,0.0,0.0,123,Inger-Limonade,Getränke,,MwSt. 19%,1.19,4.957983,0.942017,Normalverkauf
S1000157.24689,SP1000157.34.24689,SY1000157.2026.24689,iPad1(1000157),157,06.06.26 10:04,Prod,A1000157.6444,,115,S1000157.24689,SALE,1,6.9,6.9,0.0,0.0,0.0,0.0,113,Garnelen Box,Beilagen,,MwSt. 7%,1.07,6.448598,0.451402,Normalverkauf
S1000157.24690,SP1000157.34.24690,SY1000157.2026.24690,iPad1(1000157),157,06.06.26 15:38,Prod,A1000157.6445,Tisch 2,115,S1000157.24690,SALE,1,3.9,3.9,0.0,0.0,0.0,0.0,124,Cola Zero,Getränke,,MwSt. 19%,1.19,3.277311,0.622689,Normalverkauf
S1000157.24691,SP1000157.34.24691,SY1000157.2026.24691,iPad1(1000157),157,06.06.26 15:38,Prod,A1000157.6445,Tisch 2,115,S1000157.24691,SALE,2,9.8,19.6,0.0,0.0,0.0,0.0,108,Seelachs-Ei-Baugette,Hauptgerichte,,MwSt. 7%,1.07,18.317757,1.282243,Normalverkauf
S1000157.24692,SP1000157.34.24692,SY1000157.2026.24692,iPad1(1000157),157,06.06.26 16:26,Prod,A1000157.6446,,108,S1000157.24692,SALE,1,14.5,14.5,0.0,0.0,0.0,0.0,101,Lachs,Hauptspeisen,,MwSt. 7%,1.07,13.551402,0.948598,Normalverkauf
S1000157.24693,SP1000157.34.24693,SY1000157.2026.24693,iPad1(1000157),157,06.06.26 19:46,Prod,A1000157.6447,Tisch 2,120,S1000157.24693,SALE,2,3.9,7.8,0.0,0.0,0.0,0.0,119,Cola,Getränke,,MwSt. 19%,1.19,6.554622,1.245378,Normalverkauf
S1000157.24694,SP1000157.34.24694,SY1000157.2026.24694,iPad1(1000157),157,06.06.26 19:46,Prod,A1000157.6447,Tisch 2,120,S1000157.24694,SALE,2,10.9,21.8,0.0,0.0,0.0,0.0,109,Bismarck-Baguette,Hauptgerichte,,MwSt. 7%,1.07,20.373832,1.426168,Normalverkauf
S1000157.24695,SP1000157.34.24695,SY1000157.2026.24695,iPad1(1000157),157,06.06.26 19:46,Prod,A1000157.6447,Tisch 2,120,S1000157.24695,SALE,1,6.9,6.9,0.0,0.0,0.0,0.0,103,Fischbrötchen Räucherlachs,Hauptspeisen,,MwSt. 7%,1.07,6.448598,0.451402,Normalverkauf
S1000157.24696,SP1000157.34.24696,SY1000157.2026.24696,iPad1(1000157),157,06.06.26 11:41,Prod,A1000157.6448,Tisch 20,115,S1000157.24696,SALE,1,10.9,10.9,0.0,0.0,0.0,0.0,107,Chicken Burger,Hauptgerichte,,MwSt. 7%,1.07,10.186916,0.713084,Normalverkauf
S1000157.24697,SP1000157.34.24697,SY1000157.2026.24697,iPad1(1000157),157,06.06.26 13:09,Prod,A1000157.6449,Tisch 2,101,S1000157.24697,SALE,1,11.9,11.9,0.0,0.0,0.0,0.0,110,Matjes-Baguette,Hauptgerichte,,MwSt. 7%,1.07,11.121495,0.778505,Normalverkauf
S1000157.24698,SP1000157.34.24698,SY1000157.2026.24698,iPad1(1000157),157,06.06.26 13:09,Prod,A1000157.6449,Tisch 2,101,S1000157.24698,SALE,1,4.9,4.9,0.0,0.0,0.0,0.0,112,Kartoffelwedges,Beilagen,,MwSt. 7%,1.07,4.579439,0.320561,Normalverkauf
S1000157.24699,SP1000157.34.24699,SY1000157.2026.24699,iPad1(1000157),157,06.06.26 18:41,Prod,A1000157.6450,Tisch 6,115,S1000157.24699,SALE,2,6.9,13.8,0.0,0.0,0.0,0.0,103,Fischbrötchen Räucherlachs,Hauptspeisen,,MwSt. 7%,1.07,12.897196,0.902804,Normalverkauf
S1000157.24700,SP1000157.34.24700,SY1000157.2026.24700,iPad1(1000157),157,06.06.26 18:41,Prod,A1000157.6450,Tisch 6,115,S1000157.24700,SALE,2,3.9,7.8,0.0,0.0,0.0,0.0,119,Cola,Getränke,,MwSt. 19%,1.19,6.554622,1.245378,Normalverkauf
S1000157.24701,SP1000157.34.24701,SY1000157.2026.24701,iPad1(1000157),157,06.06.26 18:41,Prod,A1000157.6450,Tisch 6,115,S1000157.24701,SALE,1,7.9,7.9,0.0,0.0,0.0,0.0,115,Tiramisu,Desserts,,MwSt. 7%,1.07,7.383178,0.516822,Normalverkauf
S1000157.24702,SP1000157.34.24702,SY1000157.2026.24702,iPad1(1000157),157,06.06.26 14:56,Prod,A1000157.6451,Tisch 6,120,S1000157.24702,SALE,1,5.5,5.5,0.0,0.0,0.0,0.0,114,Fisch Nuggets Box,Beilagen,,MwSt. 7%,1.07,5.140187,0.359813,Normalverkauf
S1000157.24703,SP1000157.34.24703,SY1000157.2026.24703,iPad1(1000157),157,06.06.26 14:56,Prod,A1000157.6451,Tisch 6,120,S1000157.24703,SALE,1,2.8,2.8,0.0,0.0,0.0,0.0,121,Mineralwasser,Getränke,,MwSt. 19%,1.19,2.352941,0.447059,Normalverkauf
S1000157.24704,SP1000157.34.24704,SY1000157.2026.24704,iPad1(1000157),157,06.06.26 14:56,Prod,A1000157.6451,Tisch 6,120,S1000157.24704,SALE,2,3.2,6.4,0.0,0.0,0.0,0.0,120,Apfelschorle,Getränke,,MwSt. 19%,1.19,5.378151,1.021849,Normalverkauf
S1000157.24705,SP1000157.34.24705,SY1000157.2026.24705,iPad1(1000157),157,06.06.26 20:57,Prod,A1000157.6452,Tisch 16,120,S1000157.24705,SALE,2,9.8,19.6,0.0,0.0,0.0,0.0,108,Seelachs-Ei-Baugette,Hauptgerichte,,MwSt. 7%,1.07,18.317757,1.282243,Normalverkauf
S1000157.24706,SP1000157.34.24706,SY1000157.2026.24706,iPad1(1000157),157,06.06.26 20:57,Prod,A1000157.6452,Tisch 16,120,S1000157.24706,SALE,2,3.9,7.8,0.0,0.0,0.0,0.0,124,Cola Zero,Getränke,,MwSt. 19%,1.19,6.554622,1.245378,Normalverkauf
S1000157.24707,SP1000157.34.24707,SY1000157.2026.24707,iPad1(1000157),157,06.06.26 13:44,Prod,A1000157.6453,Tisch 17,120,S1000157.24707,SALE,1,11.5,11.5,0.0,0.0,0.0,0.0,105,Garnelen-Kimchi-Bruger,Hauptgerichte,,MwSt. 7%,1.07,10.747664,0.752336,Normalverkauf
S1000157.24708,SP1000157.34.24708,SY1000157.2026.24708,iPad1(1000157),157,06.06.26 18:56,Prod,A1000157.6454,Tisch 17,104,S1000157.24708,SALE,2,2.8,5.6,0.0,0.0,0.0,0.0,121,Mineralwasser,Getränke,,MwSt. 19%,1.19,4.705882,0.894118,Normalverkauf
S1000157.24709,SP1000157.34.24709,SY1000157.2026.24709,iPad1(1000157),157,06.06.26 17:44,Prod,A1000157.6455,Tisch 8,117,S1000157.24709,SALE,2,4.2,8.4,0.0,0.0,0.0,0.0,122,Bier,Getränke,,MwSt. 19%,1.19,7.058824,1.341176,Normalverkauf
S1000157.24710,SP1000157.34.24710,SY1000157.2026.24710,iPad1(1000157),157,06.06.26 17:44,Prod,A1000157.6455,Tisch 8,117,S1000157.24710,SALE,1,6.9,6.9,0.0,0.0,0.0,0.0,103,Fischbrötchen Räucherlachs,Hauptspeisen,,MwSt. 7%,1.07,6.448598,0.451402,Normalverkauf
S1000157.24711,SP1000157.34.24711,SY1000157.2026.24711,iPad1(1000157),157,06.06.26 17:44,Prod,A1000157.6455,Tisch 8,117,S1000157.24711,SALE,1,10.9,10.9,0.0,0.0,0.0,0.0,109,Bismarck-Baguette,Hauptgerichte,,MwSt. 7%,1.07,10.186916,0.713084,Normalverkauf
S1000157.24712,SP1000157.34.24712,SY1000157.2026.24712,iPad1(1000157),157,06.06.26 19:45,Prod,A1000157.6456,,115,S1000157.24712,SALE,2,5.5,11.0,0.0,0.0,0.0,0.0,114,Fisch Nuggets Box,Beilagen,,MwSt. 7%,1.07,10.280374,0.719626,Normalverkauf
S1000157.24713,SP1000157.34.24713,SY1000157.2026.24713,iPad1(1000157),157,06.06.26 19:45,Prod,A1000157.6456,,115,S1000157.24713,SALE,2,2.8,5.6,0.0,0.0,0.0,0.0,121,Mineralwasser,Getränke,,MwSt. 19%,1.19,4.705882,0.894118,Normalverkauf
S1000157.24714,SP1000157.34.24714,SY1000157.2026.24714,iPad1(1000157),157,06.06.26 12:51,Prod,A1000157.6457,Tisch 14,104,S1000157.24714,SALE,2,10.9,21.8,0.0,0.0,0.0,0.0,107,Chicken Burger,Hauptgerichte,,MwSt. 7%,1.07,20.373832,1.426168,Normalverkauf
S1000157.24715,SP1000157.34.24715,SY1000157.2026.24715,iPad1(1000157),157,06.06.26 12:00,Prod,A1000157.6458,Tisch 19,108,S1000157.24715,SALE,2,11.9,23.8,0.0,0.0,0.0,0.0,110,Matjes-Baguette,Hauptgerichte,,MwSt. 7%,1.07,22.242991,1.557009,Normalverkauf
S1000157.24716,SP1000157.34.24716,SY1000157.2026.24716,iPad1(1000157),157,06.06.26 12:00,Prod,A1000157.6458,Tisch 19,108,S1000157.24716,SALE,1,10.9,10.9,0.0,0.0,0.0,0.0,109,Bismarck-Baguette,Hauptgerichte,,MwSt. 7%,1.07,10.186916,0.713084,Normalverkauf
S1000157.24717,SP1000157.34.24717,SY1000157.2026.24717,iPad1(1000157),157,06.06.26 19:28,Prod,A1000157.6459,Tisch 21,118,S1000157.24717,SALE,2,5.5,11.0,0.0,0.0,0.0,0.0,111,Pommes Frites,Beilagen,,MwSt. 7%,1.07,10.280374,0.719626,Normalverkauf
S1000157.24718,SP1000157.34.24718,SY1000157.2026.24718,iPad1(1000157),157,06.06.26 19:28,Prod,A1000157.6459,Tisch 21,118,S1000157.24718,SALE,2,6.9,13.8,0.0,0.0,0.0,0.0,103,Fischbrötchen Räucherlachs,Hauptspeisen,,MwSt. 7%,1.07,12.897196,0.902804,Normalverkauf
S1000157.24719,SP1000157.34.24719,SY1000157.2026.24719,iPad1(1000157),157,06.06.26 19:28,Prod,A1000157.6459,Tisch 21,118,S1000157.24719,SALE,1,5.9,5.9,0.0,0.0,0.0,0.0,123,Inger-Limonade,Getränke,,MwSt. 19%,1.19,4.957983,0.942017,Normalverkauf
S1000157.24720,SP1000157.34.24720,SY1000157.2026.24720,iPad1(1000157),157,06.06.26 19:35,Prod,A1000157.6460,Tisch 9,120,S1000157.24720,SALE,2,11.9,23.8,0.0,0.0,0.0,0.0,110,Matjes-Baguette,Hauptgerichte,,MwSt. 7%,1.07,22.242991,1.557009,Normalverkauf
S1000157.24721,SP1000157.34.24721,SY1000157.2026.24721,iPad1(1000157),157,06.06.26 19:35,Prod,A1000157.6460,Tisch 9,120,S1000157.24721,SALE,2,9.8,19.6,0.0,0.0,0.0,0.0,108,Seelachs-Ei-Baugette,Hauptgerichte,,MwSt. 7%,1.07,18.317757,1.282243,Normalverkauf
S1000157.24722,SP1000157.34.24722,SY1000157.2026.24722,iPad1(1000157),157,06.06.26 19:35,Prod,A1000157.6460,Tisch 9,120,S1000157.24722,SALE,1,13.5,13.5,0.0,0.0,0.0,0.0,102,Matjes,Hauptspeisen,,MwSt. 7%,1.07,12.616822,0.883178,Normalverkauf
S1000157.24723,SP1000157.34.24723,SY1000157.2026.24723,iPad1(1000157),157,06.06.26 12:22,Prod,A1000157.6461,Tisch 19,117,S1000157.24723,SALE,1,10.9,10.9,0.0,0.0,0.0,0.0,104,Thunfisch Wrap,Hauptgerichte,,MwSt. 7%,1.07,10.186916,0.713084,Normalverkauf
S1000157.24724,SP1000157.34.24724,SY1000157.2026.24724,iPad1(1000157),157,06.06.26 17:54,Prod,A1000157.6462,,117,S1000157.24724,SALE,2,5.9,11.8,0.0,0.0,0.0,0.0,117,Rote Grütze,Desserts,,MwSt. 7%,1.07,11.028037,0.771963,Normalverkauf
S1000157.24725,SP1000157.34.24725,SY1000157.2026.24725,iPad1(1000157),157,06.06.26 17:54,Prod,A1000157.6462,,117,S1000157.24725,SALE,1,6.5,6.5,0.0,0.0,0.0,0.0,100,Fischbrötchen Backfisch,Hauptspeisen,,MwSt. 7%,1.07,6.074766,0.425234,Normalverkauf
S1000157.24726,SP1000157.34.24726,SY1000157.2026.24726,iPad1(1000157),157,06.06.26 17:54,Prod,A1000157.6462,,117,S1000157.24726,SALE,1,10.9,10.9,0.0,0.0,0.0,0.0,109,Bismarck-Baguette,Hauptgerichte,,MwSt. 7%,1.07,10.186916,0.713084,Normalverkauf
S1000157.24727,SP1000157.34.24727,SY1000157.2026.24727,iPad1(1000157),157,06.06.26 19:53,Prod,A1000157.6463,Tisch 3,108,S1000157.24727,VOID,1,3.9,3.9,0.0,0.0,0.0,0.0,124,Cola Zero,Getränke,,MwSt. 19%,1.19,3.277311,0.622689,Normalverkauf
S1000157.24728,SP1000157.34.24728,SY1000157.2026.24728,iPad1(1000157),157,06.06.26 19:53,Prod,A1000157.6463,Tisch 3,108,S1000157.24728,VOID,1,11.9,11.9,0.0,0.0,0.0,0.0,110,Matjes-Baguette,Hauptgerichte,,MwSt. 7%,1.07,11.121495,0.778505,Normalverkauf
S1000157.24729,SP1000157.34.24729,SY1000157.2026.24729,iPad1(1000157),157,06.06.26 19:53,Prod,A1000157.6463,Tisch 3,108,S1000157.24729,VOID,1,5.9,5.9,0.0,0.0,0.0,0.0,116,Vanillequark,Desserts,,MwSt. 7%,1.07,5.514019,0.385981,Normalverkauf
S1000157.24730,SP1000157.34.24730,SY1000157.2026.24730,iPad1(1000157),157,06.06.26 10:11,Prod,A1000157.6464,Tisch 2,101,S1000157.24730,SALE,1,2.8,2.8,0.0,0.0,0.0,0.0,121,Mineralwasser,Getränke,,MwSt. 19%,1.19,2.352941,0.447059,Normalverkauf
S1000157.24731,SP1000157.34.24731,SY1000157.2026.24731,iPad1(1000157),157,06.06.26 10:11,Prod,A1000157.6464,Tisch 2,101,S1000157.24731,SALE,1,3.2,3.2,0.0,0.0,0.0,0.0,120,Apfelschorle,Getränke,,MwSt. 19%,1.19,2.689076,0.510924,Normalverkauf
S1000157.24732,SP1000157.34.24732,SY1000157.2026.24732,iPad1(1000157),157,06.06.26 19:51,Prod,A1000157.6465,Tisch 11,104,S1000157.24732,SALE,1,10.9,10.9,0.0,0.0,0.0,0.0,107,Chicken Burger,Hauptgerichte,,MwSt. 7%,1.07,10.186916,0.713084,Normalverkauf
S1000157.24733,SP1000157.34.24733,SY1000157.2026.24733,iPad1(1000157),157,06.06.26 19:51,Prod,A1000157.6465,Tisch 11,104,S1000157.24733,SALE,1,3.9,3.9,0.0,0.0,0.0,0.0,119,Cola,Getränke,,MwSt. 19%,1.19,3.277311,0.622689,Normalverkauf
S1000157.24734,SP1000157.34.24734,SY1000157.2026.24734,iPad1(1000157),157,06.06.26 19:51,Prod,A1000157.6465,Tisch 11,104,S1000157.24734,SALE,2,10.9,21.8,0.0,0.0,0.0,0.0,109,Bismarck-Baguette,Hauptgerichte,,MwSt. 7%,1.07,20.373832,1.426168,Normalverkauf
S1000157.24735,SP1000157.34.24735,SY1000157.2026.24735,iPad1(1000157),157,06.06.26 19:39,Prod,A1000157.6466,Tisch 8,120,S1000157.24735,SALE,2,10.9,21.8,0.0,0.0,0.0,0.0,104,Thunfisch Wrap,Hauptgerichte,,MwSt. 7%,1.07,20.373832,1.426168,Normalverkauf
S1000157.24736,SP1000157.34.24736,SY1000157.2026.24736,iPad1(1000157),157,06.06.26 15:15,Prod,A1000157.6467,Tisch 4,104,S1000157.24736,VOID,1,3.2,3.2,0.0,0.0,0.0,0.0,120,Apfelschorle,Getränke,,MwSt. 19%,1.19,2.689076,0.510924,Normalverkauf
S1000157.24737,SP1000157.34.24737,SY1000157.2026.24737,iPad1(1000157),157,06.06.26 15:15,Prod,A1000157.6467,Tisch 4,104,S1000157.24737,VOID,1,3.9,3.9,0.0,0.0,0.0,0.0,124,Cola Zero,Getränke,,MwSt. 19%,1.19,3.277311,0.622689,Normalverkauf
S1000157.24738,SP1000157.34.24738,SY1000157.2026.24738,iPad1(1000157),157,06.06.26 11:58,Prod,A1000157.6468,Tisch 6,120,S1000157.24738,SALE,1,11.9,11.9,0.0,0.0,0.0,0.0,110,Matjes-Baguette,Hauptgerichte,,MwSt. 7%,1.07,11.121495,0.778505,Normalverkauf
S1000157.24739,SP1000157.34.24739,SY1000157.2026.24739,iPad1(1000157),157,06.06.26 11:58,Prod,A1000157.6468,Tisch 6,120,S1000157.24739,SALE,1,5.9,5.9,0.0,0.0,0.0,0.0,117,Rote Grütze,Desserts,,MwSt. 7%,1.07,5.514019,0.385981,Normalverkauf
S1000157.24740,SP1000157.34.24740,SY1000157.2026.24740,iPad1(1000157),157,06.06.26 11:58,Prod,A1000157.6468,Tisch 6,120,S1000157.24740,SALE,2,3.9,7.8,0.0,0.0,0.0,0.0,124,Cola Zero,Getränke,,MwSt. 19%,1.19,6.554622,1.245378,Normalverkauf
S1000157.24741,SP1000157.34.24741,SY1000157.2026.24741,iPad1(1000157),157,06.06.26 19:52,Prod,A1000157.6469,Tisch 24,104,S1000157.24741,SALE,1,4.9,4.9,0.0,0.0,0.0,0.0,112,Kartoffelwedges,Beilagen,,MwSt. 7%,1.07,4.579439,0.320561,Normalverkauf
S1000157.24742,SP1000157.34.24742,SY1000157.2026.24742,iPad1(1000157),157,06.06.26 18:55,Prod,A1000157.6470,Tisch 11,101,S1000157.24742,VOID,1,3.9,3.9,0.0,0.0,0.0,0.0,119,Cola,Getränke,,MwSt. 19%,1.19,3.277311,0.622689,Normalverkauf
S1000157.24743,SP1000157.34.24743,SY1000157.2026.24743,iPad1(1000157),157,06.06.26 18:55,Prod,A1000157.6470,Tisch 11,101,S1000157.24743,VOID,1,3.9,3.9,0.0,0.0,0.0,0.0,124,Cola Zero,Getränke,,MwSt. 19%,1.19,3.277311,0.622689,Normalverkauf
S1000157.24744,SP1000157.34.24744,SY1000157.2026.24744,iPad1(1000157),157,06.06.26 18:55,Prod,A1000157.6470,Tisch 11,101,S1000157.24744,VOID,1,3.9,3.9,0.0,0.0,0.0,0.0,124,Cola Zero,Getränke,,MwSt. 19%,1.19,3.277311,0.622689,Normalverkauf
S1000157.24745,SP1000157.34.24745,SY1000157.2026.24745,iPad1(1000157),157,06.06.26 18:05,Prod,A1000157.6471,Tisch 21,101,S1000157.24745,SALE,1,6.9,6.9,0.0,0.0,0.0,0.0,103,Fischbrötchen Räucherlachs,Hauptspeisen,,MwSt. 7%,1.07,6.448598,0.451402,Normalverkauf
S1000157.24746,SP1000157.34.24746,SY1000157.2026.24746,iPad1(1000157),157,06.06.26 18:05,Prod,A1000157.6471,Tisch 21,101,S1000157.24746,SALE,1,6.5,6.5,0.0,0.0,0.0,0.0,100,Fischbrötchen Backfisch,Hauptspeisen,,MwSt. 7%,1.07,6.074766,0.425234,Normalverkauf
S1000157.24747,SP1000157.34.24747,SY1000157.2026.24747,iPad1(1000157),157,06.06.26 18:05,Prod,A1000157.6471,Tisch 21,101,S1000157.24747,SALE,1,2.8,2.8,0.0,0.0,0.0,0.0,121,Mineralwasser,Getränke,,MwSt. 19%,1.19,2.352941,0.447059,Normalverkauf
S1000157.24748,SP1000157.34.24748,SY1000157.2026.24748,iPad1(1000157),157,06.06.26 17:50,Prod,A1000157.6472,Tisch 15,101,S1000157.24748,SALE,1,10.9,10.9,0.0,0.0,0.0,0.0,107,Chicken Burger,Hauptgerichte,,MwSt. 7%,1.07,10.186916,0.713084,Normalverkauf
S1000157.24749,SP1000157.34.24749,SY1000157.2026.24749,iPad1(1000157),157,06.06.26 17:50,Prod,A1000157.6472,Tisch 15,101,S1000157.24749,SALE,1,10.9,10.9,0.0,0.0,0.0,0.0,107,Chicken Burger,Hauptgerichte,,MwSt. 7%,1.07,10.186916,0.713084,Normalverkauf
S1000157.24750,SP1000157.34.24750,SY1000157.2026.24750,iPad1(1000157),157,06.06.26 19:15,Prod,A1000157.6473,Tisch 10,118,S1000157.24750,SALE,1,10.9,10.9,0.0,0.0,0.0,0.0,104,Thunfisch Wrap,Hauptgerichte,,MwSt. 7%,1.07,10.186916,0.713084,Normalverkauf
S1000157.24751,SP1000157.34.24751,SY1000157.2026.24751,iPad1(1000157),157,06.06.26 19:15,Prod,A1000157.6473,Tisch 10,118,S1000157.24751,SALE,1,6.5,6.5,0.0,0.0,0.0,0.0,100,Fischbrötchen Backfisch,Hauptspeisen,,MwSt. 7%,1.07,6.074766,0.425234,Normalverkauf
S1000157.24752,SP1000157.34.24752,SY1000157.2026.24752,iPad1(1000157),157,06.06.26 16:46,Prod,A1000157.6474,Tisch 21,117,S1000157.24752,SALE,1,6.5,6.5,0.0,0.0,0.0,0.0,100,Fischbrötchen Backfisch,Hauptspeisen,,MwSt. 7%,1.07,6.074766,0.425234,Normalverkauf
S1000157.24753,SP1000157.34.24753,SY1000157.2026.24753,iPad1(1000157),157,06.06.26 16:46,Prod,A1000157.6474,Tisch 21,117,S1000157.24753,SALE,1,10.9,10.9,0.0,0.0,0.0,0.0,107,Chicken Burger,Hauptgerichte,,MwSt. 7%,1.07,10.186916,0.713084,Normalverkauf
S1000157.24754,SP1000157.34.24754,SY1000157.2026.24754,iPad1(1000157),157,06.06.26 18:21,Prod,A1000157.6475,Tisch 20,120,S1000157.24754,SALE,2,10.9,21.8,0.0,0.0,0.0,0.0,107,Chicken Burger,Hauptgerichte,,MwSt. 7%,1.07,20.373832,1.426168,Normalverkauf
S1000157.24755,SP1000157.34.24755,SY1000157.2026.24755,iPad1(1000157),157,06.06.26 18:21,Prod,A1000157.6475,Tisch 20,120,S1000157.24755,SALE,2,4.9,9.8,0.0,0.0,0.0,0.0,112,Kartoffelwedges,Beilagen,,MwSt. 7%,1.07,9.158879,0.641121,Normalverkauf
S1000157.24756,SP1000157.34.24756,SY1000157.2026.24756,iPad1(1000157),157,06.06.26 18:21,Prod,A1000157.6475,Tisch 20,120,S1000157.24756,SALE,1,6.9,6.9,0.0,0.0,0.0,0.0,113,Garnelen Box,Beilagen,,MwSt. 7%,1.07,6.448598,0.451402,Normalverkauf
S1000157.24757,SP1000157.34.24757,SY1000157.2026.24757,iPad1(1000157),157,06.06.26 20:10,Prod,A1000157.6476,Tisch 24,118,S1000157.24757,SALE,1,3.2,3.2,0.0,0.0,0.0,0.0,120,Apfelschorle,Getränke,,MwSt. 19%,1.19,2.689076,0.510924,Normalverkauf
S1000157.24758,SP1000157.34.24758,SY1000157.2026.24758,iPad1(1000157),157,06.06.26 12:53,Prod,A1000157.6477,Tisch 17,115,S1000157.24758,SALE,2,11.9,23.8,0.0,0.0,0.0,0.0,110,Matjes-Baguette,Hauptgerichte,,MwSt. 7%,1.07,22.242991,1.557009,Normalverkauf
S1000157.24759,SP1000157.34.24759,SY1000157.2026.24759,iPad1(1000157),157,06.06.26 12:53,Prod,A1000157.6477,Tisch 17,115,S1000157.24759,SALE,2,10.9,21.8,0.0,0.0,0.0,0.0,107,Chicken Burger,Hauptgerichte,,MwSt. 7%,1.07,20.373832,1.426168,Normalverkauf
S1000157.24760,SP1000157.34.24760,SY1000157.2026.24760,iPad1(1000157),157,06.06.26 10:08,Prod,A1000157.6478,Tisch 1,115,S1000157.24760,SALE,2,6.9,13.8,0.0,0.0,0.0,0.0,103,Fischbrötchen Räucherlachs,Hauptspeisen,,MwSt. 7%,1.07,12.897196,0.902804,Normalverkauf
S1000157.24761,SP1000157.34.24761,SY1000157.2026.24761,iPad1(1000157),157,06.06.26 13:05,Prod,A1000157.6479,Tisch 12,120,S1000157.24761,SALE,1,3.9,3.9,0.0,0.0,0.0,0.0,127,Alkoholfreies Bier,Getränke,,MwSt. 19%,1.19,3.277311,0.622689,Normalverkauf
S1000157.24762,SP1000157.34.24762,SY1000157.2026.24762,iPad1(1000157),157,06.06.26 13:05,Prod,A1000157.6479,Tisch 12,120,S1000157.24762,SALE,2,10.9,21.8,0.0,0.0,0.0,0.0,109,Bismarck-Baguette,Hauptgerichte,,MwSt. 7%,1.07,20.373832,1.426168,Normalverkauf
S1000157.24763,SP1000157.34.24763,SY1000157.2026.24763,iPad1(1000157),157,06.06.26 12:28,Prod,A1000157.6480,Tisch 15,118,S1000157.24763,SALE,1,10.9,10.9,0.0,0.0,0.0,0.0,107,Chicken Burger,Hauptgerichte,,MwSt. 7%,1.07,10.186916,0.713084,Normalverkauf
S1000157.24764,SP1000157.34.24764,SY1000157.2026.24764,iPad1(1000157),157,06.06.26 17:15,Prod,A1000157.6481,Tisch 14,117,S1000157.24764,SALE,2,10.9,21.8,0.0,0.0,0.0,0.0,104,Thunfisch Wrap,Hauptgerichte,,MwSt. 7%,1.07,20.373832,1.426168,Normalverkauf
S1000157.24765,SP1000157.34.24765,SY1000157.2026.24765,iPad1(1000157),157,06.06.26 17:15,Prod,A1000157.6481,Tisch 14,117,S1000157.24765,SALE,1,3.9,3.9,0.0,0.0,0.0,0.0,119,Cola,Getränke,,MwSt. 19%,1.19,3.277311,0.622689,Normalverkauf
S1000157.24766,SP1000157.34.24766,SY1000157.2026.24766,iPad1(1000157),157,06.06.26 13:37,Prod,A1000157.6482,Tisch 21,118,S1000157.24766,SALE,2,3.9,7.8,0.0,0.0,0.0,0.0,127,Alkoholfreies Bier,Getränke,,MwSt. 19%,1.19,6.554622,1.245378,Normalverkauf
S1000157.24767,SP1000157.34.24767,SY1000157.2026.24767,iPad1(1000157),157,06.06.26 13:37,Prod,A1000157.6482,Tisch 21,118,S1000157.24767,SALE,2,3.9,7.8,0.0,0.0,0.0,0.0,119,Cola,Getränke,,MwSt. 19%,1.19,6.554622,1.245378,Normalverkauf
S1000157.24768,SP1000157.34.24768,SY1000157.2026.24768,iPad1(1000157),157,06.06.26 19:37,Prod,A1000157.6483,Tisch 18,118,S1000157.24768,SALE,2,6.9,13.8,0.0,0.0,0.0,0.0,113,Garnelen Box,Beilagen,,MwSt. 7%,1.07,12.897196,0.902804,Normalverkauf
S1000157.24769,SP1000157.34.24769,SY1000157.2026.24769,iPad1(1000157),157,06.06.26 19:37,Prod,A1000157.6483,Tisch 18,118,S1000157.24769,SALE,2,14.5,29.0,0.0,0.0,0.0,0.0,101,Lachs,Hauptspeisen,,MwSt. 7%,1.07,27.102804,1.897196,Normalverkauf
S1000157.24770,SP1000157.34.24770,SY1000157.2026.24770,iPad1(1000157),157,06.06.26 19:37,Prod,A1000157.6483,Tisch 18,118,S1000157.24770,SALE,2,10.9,21.8,0.0,0.0,0.0,0.0,109,Bismarck-Baguette,Hauptgerichte,,MwSt. 7%,1.07,20.373832,1.426168,Normalverkauf
S1000157.24771,SP1000157.34.24771,SY1000157.2026.24771,iPad1(1000157),157,06.06.26 14:17,Prod,A1000157.6484,Tisch 1,104,S1000157.24771,SALE,2,6.5,13.0,0.0,0.0,0.0,0.0,100,Fischbrötchen Backfisch,Hauptspeisen,,MwSt. 7%,1.07,12.149533,0.850467,Normalverkauf
S1000157.24772,SP1000157.34.24772,SY1000157.2026.24772,iPad1(1000157),157,06.06.26 18:22,Prod,A1000157.6485,Tisch 22,104,S1000157.24772,SALE,1,3.9,3.9,0.0,0.0,0.0,0.0,124,Cola Zero,Getränke,,MwSt. 19%,1.19,3.277311,0.622689,Normalverkauf
S1000157.24773,SP1000157.34.24773,SY1000157.2026.24773,iPad1(1000157),157,06.06.26 20:06,Prod,A1000157.6486,Tisch 16,104,S1000157.24773,SALE,2,5.5,11.0,0.0,0.0,0.0,0.0,111,Pommes Frites,Beilagen,,MwSt. 7%,1.07,10.280374,0.719626,Normalverkauf
S1000157.24774,SP1000157.34.24774,SY1000157.2026.24774,iPad1(1000157),157,06.06.26 20:06,Prod,A1000157.6486,Tisch 16,104,S1000157.24774,SALE,1,4.9,4.9,0.0,0.0,0.0,0.0,112,Kartoffelwedges,Beilagen,,MwSt. 7%,1.07,4.579439,0.320561,Normalverkauf
S1000157.24775,SP1000157.34.24775,SY1000157.2026.24775,iPad1(1000157),157,06.06.26 20:06,Prod,A1000157.6486,Tisch 16,104,S1000157.24775,SALE,1,10.9,10.9,0.0,0.0,0.0,0.0,107,Chicken Burger,Hauptgerichte,,MwSt. 7%,1.07,10.186916,0.713084,Normalverkauf
S1000157.24776,SP1000157.34.24776,SY1000157.2026.24776,iPad1(1000157),157,06.06.26 11:26,Prod,A1000157.6487,Tisch 21,117,S1000157.24776,SALE,1,10.9,10.9,0.0,0.0,0.0,0.0,104,Thunfisch Wrap,Hauptgerichte,,MwSt. 7%,1.07,10.186916,0.713084,Normalverkauf
S1000157.24777,SP1000157.34.24777,SY1000157.2026.24777,iPad1(1000157),157,06.06.26 11:26,Prod,A1000157.6487,Tisch 21,117,S1000157.24777,SALE,1,6.5,6.5,0.0,0.0,0.0,0.0,100,Fischbrötchen Backfisch,Hauptspeisen,,MwSt. 7%,1.07,6.074766,0.425234,Normalverkauf
S1000157.24778,SP1000157.34.24778,SY1000157.2026.24778,iPad1(1000157),157,06.06.26 11:26,Prod,A1000157.6487,Tisch 21,117,S1000157.24778,SALE,1,13.5,13.5,0.0,0.0,0.0,0.0,102,Matjes,Hauptspeisen,,MwSt. 7%,1.07,12.616822,0.883178,Normalverkauf
S1000157.24779,SP1000157.34.24779,SY1000157.2026.24779,iPad1(1000157),157,06.06.26 08:07,Prod,A1000157.6488,Tisch 17,108,S1000157.24779,SALE,1,5.5,5.5,0.0,0.0,0.0,0.0,114,Fisch Nuggets Box,Beilagen,,MwSt. 7%,1.07,5.140187,0.359813,Normalverkauf
S1000157.24780,SP1000157.34.24780,SY1000157.2026.24780,iPad1(1000157),157,06.06.26 08:07,Prod,A1000157.6488,Tisch 17,108,S1000157.24780,SALE,1,3.9,3.9,0.0,0.0,0.0,0.0,124,Cola Zero,Getränke,,MwSt. 19%,1.19,3.277311,0.622689,Normalverkauf
S1000157.24781,SP1000157.34.24781,SY1000157.2026.24781,iPad1(1000157),157,07.06.26 19:37,Prod,A1000157.6489,Tisch 1,101,S1000157.24781,SALE,2,9.8,19.6,0.0,0.0,0.0,0.0,108,Seelachs-Ei-Baugette,Hauptgerichte,,MwSt. 7%,1.07,18.317757,1.282243,Normalverkauf
S1000157.24782,SP1000157.34.24782,SY1000157.2026.24782,iPad1(1000157),157,07.06.26 19:37,Prod,A1000157.6489,Tisch 1,101,S1000157.24782,SALE,1,7.9,7.9,0.0,0.0,0.0,0.0,106,Neptun-Ringe,Beilagen,,MwSt. 7%,1.07,7.383178,0.516822,Normalverkauf
S1000157.24783,SP1000157.34.24783,SY1000157.2026.24783,iPad1(1000157),157,07.06.26 10:14,Prod,A1000157.6490,Tisch 4,118,S1000157.24783,SALE,1,5.9,5.9,0.0,0.0,0.0,0.0,116,Vanillequark,Desserts,,MwSt. 7%,1.07,5.514019,0.385981,Normalverkauf
S1000157.24784,SP1000157.34.24784,SY1000157.2026.24784,iPad1(1000157),157,07.06.26 17:35,Prod,A1000157.6491,Tisch 21,108,S1000157.24784,SALE,1,6.5,6.5,0.0,0.0,0.0,0.0,100,Fischbrötchen Backfisch,Hauptspeisen,,MwSt. 7%,1.07,6.074766,0.425234,Normalverkauf
S1000157.24785,SP1000157.34.24785,SY1000157.2026.24785,iPad1(1000157),157,07.06.26 17:35,Prod,A1000157.6491,Tisch 21,108,S1000157.24785,SALE,1,10.9,10.9,0.0,0.0,0.0,0.0,107,Chicken Burger,Hauptgerichte,,MwSt. 7%,1.07,10.186916,0.713084,Normalverkauf
S1000157.24786,SP1000157.34.24786,SY1000157.2026.24786,iPad1(1000157),157,07.06.26 17:35,Prod,A1000157.6491,Tisch 21,108,S1000157.24786,SALE,2,5.5,11.0,0.0,0.0,0.0,0.0,114,Fisch Nuggets Box,Beilagen,,MwSt. 7%,1.07,10.280374,0.719626,Normalverkauf
S1000157.24787,SP1000157.34.24787,SY1000157.2026.24787,iPad1(1000157),157,07.06.26 19:21,Prod,A1000157.6492,Tisch 12,120,S1000157.24787,SALE,2,13.5,27.0,0.0,0.0,0.0,0.0,102,Matjes,Hauptspeisen,,MwSt. 7%,1.07,25.233645,1.766355,Normalverkauf
S1000157.24788,SP1000157.34.24788,SY1000157.2026.24788,iPad1(1000157),157,07.06.26 19:21,Prod,A1000157.6492,Tisch 12,120,S1000157.24788,SALE,2,10.9,21.8,0.0,0.0,0.0,0.0,109,Bismarck-Baguette,Hauptgerichte,,MwSt. 7%,1.07,20.373832,1.426168,Normalverkauf
S1000157.24789,SP1000157.34.24789,SY1000157.2026.24789,iPad1(1000157),157,07.06.26 19:09,Prod,A1000157.6493,Tisch 20,115,S1000157.24789,SALE,1,14.5,14.5,0.0,0.0,0.0,0.0,101,Lachs,Hauptspeisen,,MwSt. 7%,1.07,13.551402,0.948598,Normalverkauf
S1000157.24790,SP1000157.34.24790,SY1000157.2026.24790,iPad1(1000157),157,07.06.26 20:50,Prod,A1000157.6494,Tisch 14,117,S1000157.24790,SALE,2,5.5,11.0,0.0,0.0,0.0,0.0,111,Pommes Frites,Beilagen,,MwSt. 7%,1.07,10.280374,0.719626,Normalverkauf
S1000157.24791,SP1000157.34.24791,SY1000157.2026.24791,iPad1(1000157),157,07.06.26 20:50,Prod,A1000157.6494,Tisch 14,117,S1000157.24791,SALE,1,10.9,10.9,0.0,0.0,0.0,0.0,104,Thunfisch Wrap,Hauptgerichte,,MwSt. 7%,1.07,10.186916,0.713084,Normalverkauf
S1000157.24792,SP1000157.34.24792,SY1000157.2026.24792,iPad1(1000157),157,07.06.26 20:50,Prod,A1000157.6494,Tisch 14,117,S1000157.24792,SALE,2,2.8,5.6,0.0,0.0,0.0,0.0,121,Mineralwasser,Getränke,,MwSt. 19%,1.19,4.705882,0.894118,Normalverkauf
S1000157.24793,SP1000157.34.24793,SY1000157.2026.24793,iPad1(1000157),157,07.06.26 18:40,Prod,A1000157.6495,Tisch 18,104,S1000157.24793,SALE,1,3.9,3.9,0.0,0.0,0.0,0.0,119,Cola,Getränke,,MwSt. 19%,1.19,3.277311,0.622689,Normalverkauf
S1000157.24794,SP1000157.34.24794,SY1000157.2026.24794,iPad1(1000157),157,07.06.26 18:40,Prod,A1000157.6495,Tisch 18,104,S1000157.24794,SALE,2,3.9,7.8,0.0,0.0,0.0,0.0,119,Cola,Getränke,,MwSt. 19%,1.19,6.554622,1.245378,Normalverkauf
S1000157.24795,SP1000157.34.24795,SY1000157.2026.24795,iPad1(1000157),157,07.06.26 18:40,Prod,A1000157.6495,Tisch 18,104,S1000157.24795,SALE,2,14.5,29.0,0.0,0.0,0.0,0.0,101,Lachs,Hauptspeisen,,MwSt. 7%,1.07,27.102804,1.897196,Normalverkauf
S1000157.24796,SP1000157.34.24796,SY1000157.2026.24796,iPad1(1000157),157,07.06.26 09:06,Prod,A1000157.6496,Tisch 2,108,S1000157.24796,SALE,1,13.5,13.5,0.0,0.0,0.0,0.0,102,Matjes,Hauptspeisen,,MwSt. 7%,1.07,12.616822,0.883178,Normalverkauf
S1000157.24797,SP1000157.34.24797,SY1000157.2026.24797,iPad1(1000157),157,07.06.26 09:06,Prod,A1000157.6496,Tisch 2,108,S1000157.24797,SALE,2,4.2,8.4,0.0,0.0,0.0,0.0,122,Bier,Getränke,,MwSt. 19%,1.19,7.058824,1.341176,Normalverkauf
S1000157.24798,SP1000157.34.24798,SY1000157.2026.24798,iPad1(1000157),157,07.06.26 09:06,Prod,A1000157.6496,Tisch 2,108,S1000157.24798,SALE,2,3.9,7.8,0.0,0.0,0.0,0.0,124,Cola Zero,Getränke,,MwSt. 19%,1.19,6.554622,1.245378,Normalverkauf
S1000157.24799,SP1000157.34.24799,SY1000157.2026.24799,iPad1(1000157),157,07.06.26 18:39,Prod,A1000157.6497,Tisch 23,117,S1000157.24799,VOID,1,11.9,11.9,0.0,0.0,0.0,0.0,110,Matjes-Baguette,Hauptgerichte,,MwSt. 7%,1.07,11.121495,0.778505,Normalverkauf
S1000157.24800,SP1000157.34.24800,SY1000157.2026.24800,iPad1(1000157),157,07.06.26 17:19,Prod,A1000157.6498,Tisch 22,101,S1000157.24800,SALE,1,3.2,3.2,0.0,0.0,0.0,0.0,120,Apfelschorle,Getränke,,MwSt. 19%,1.19,2.689076,0.510924,Normalverkauf
S1000157.24801,SP1000157.34.24801,SY1000157.2026.24801,iPad1(1000157),157,07.06.26 17:19,Prod,A1000157.6498,Tisch 22,101,S1000157.24801,SALE,1,3.9,3.9,0.0,0.0,0.0,0.0,124,Cola Zero,Getränke,,MwSt. 19%,1.19,3.277311,0.622689,Normalverkauf
S1000157.24802,SP1000157.34.24802,SY1000157.2026.24802,iPad1(1000157),157,07.06.26 15:35,Prod,A1000157.6499,Tisch 3,117,S1000157.24802,SALE,2,4.2,8.4,0.0,0.0,0.0,0.0,122,Bier,Getränke,,MwSt. 19%,1.19,7.058824,1.341176,Normalverkauf
S1000157.24803,SP1000157.34.24803,SY1000157.2026.24803,iPad1(1000157),157,07.06.26 15:35,Prod,A1000157.6499,Tisch 3,117,S1000157.24803,SALE,2,10.9,21.8,0.0,0.0,0.0,0.0,107,Chicken Burger,Hauptgerichte,,MwSt. 7%,1.07,20.373832,1.426168,Normalverkauf
S1000157.24804,SP1000157.34.24804,SY1000157.2026.24804,iPad1(1000157),157,07.06.26 19:29,Prod,A1000157.6500,Tisch 2,117,S1000157.24804,SALE,2,6.5,13.0,0.0,0.0,0.0,0.0,100,Fischbrötchen Backfisch,Hauptspeisen,,MwSt. 7%,1.07,12.149533,0.850467,Normalverkauf
S1000157.24805,SP1000157.34.24805,SY1000157.2026.24805,iPad1(1000157),157,07.06.26 20:08,Prod,A1000157.6501,Tisch 8,108,S1000157.24805,SALE,2,4.9,9.8,0.0,0.0,0.0,0.0,112,Kartoffelwedges,Beilagen,,MwSt. 7%,1.07,9.158879,0.641121,Normalverkauf
S1000157.24806,SP1000157.34.24806,SY1000157.2026.24806,iPad1(1000157),157,07.06.26 15:07,Prod,A1000157.6502,Tisch 6,117,S1000157.24806,SALE,2,4.2,8.4,0.0,0.0,0.0,0.0,122,Bier,Getränke,,MwSt. 19%,1.19,7.058824,1.341176,Normalverkauf
S1000157.24807,SP1000157.34.24807,SY1000157.2026.24807,iPad1(1000157),157,07.06.26 15:07,Prod,A1000157.6502,Tisch 6,117,S1000157.24807,SALE,1,11.5,11.5,0.0,0.0,0.0,0.0,105,Garnelen-Kimchi-Bruger,Hauptgerichte,,MwSt. 7%,1.07,10.747664,0.752336,Normalverkauf
S1000157.24808,SP1000157.34.24808,SY1000157.2026.24808,iPad1(1000157),157,07.06.26 17:26,Prod,A1000157.6503,Tisch 6,115,S1000157.24808,SALE,2,10.9,21.8,0.0,0.0,0.0,0.0,104,Thunfisch Wrap,Hauptgerichte,,MwSt. 7%,1.07,20.373832,1.426168,Normalverkauf
S1000157.24809,SP1000157.34.24809,SY1000157.2026.24809,iPad1(1000157),157,07.06.26 16:53,Prod,A1000157.6504,Tisch 16,118,S1000157.24809,SALE,1,4.9,4.9,0.0,0.0,0.0,0.0,112,Kartoffelwedges,Beilagen,,MwSt. 7%,1.07,4.579439,0.320561,Normalverkauf
S1000157.24810,SP1000157.34.24810,SY1000157.2026.24810,iPad1(1000157),157,07.06.26 16:53,Prod,A1000157.6504,Tisch 16,118,S1000157.24810,SALE,2,7.9,15.8,0.0,0.0,0.0,0.0,106,Neptun-Ringe,Beilagen,,MwSt. 7%,1.07,14.766355,1.033645,Normalverkauf
S1000157.24811,SP1000157.34.24811,SY1000157.2026.24811,iPad1(1000157),157,07.06.26 14:44,Prod,A1000157.6505,Tisch 23,108,S1000157.24811,VOID,1,5.5,5.5,0.0,0.0,0.0,0.0,111,Pommes Frites,Beilagen,,MwSt. 7%,1.07,5.140187,0.359813,Normalverkauf
S1000157.24812,SP1000157.34.24812,SY1000157.2026.24812,iPad1(1000157),157,07.06.26 14:44,Prod,A1000157.6505,Tisch 23,108,S1000157.24812,VOID,2,2.8,5.6,0.0,0.0,0.0,0.0,121,Mineralwasser,Getränke,,MwSt. 19%,1.19,4.705882,0.894118,Normalverkauf
S1000157.24813,SP1000157.34.24813,SY1000157.2026.24813,iPad1(1000157),157,07.06.26 15:14,Prod,A1000157.6506,Tisch 13,104,S1000157.24813,SALE,2,10.9,21.8,0.0,0.0,0.0,0.0,104,Thunfisch Wrap,Hauptgerichte,,MwSt. 7%,1.07,20.373832,1.426168,Normalverkauf
S1000157.24814,SP1000157.34.24814,SY1000157.2026.24814,iPad1(1000157),157,07.06.26 19:08,Prod,A1000157.6507,Tisch 13,115,S1000157.24814,SALE,1,5.5,5.5,0.0,0.0,0.0,0.0,111,Pommes Frites,Beilagen,,MwSt. 7%,1.07,5.140187,0.359813,Normalverkauf
S1000157.24815,SP1000157.34.24815,SY1000157.2026.24815,iPad1(1000157),157,07.06.26 19:08,Prod,A1000157.6507,Tisch 13,115,S1000157.24815,SALE,1,3.9,3.9,0.0,0.0,0.0,0.0,124,Cola Zero,Getränke,,MwSt. 19%,1.19,3.277311,0.622689,Normalverkauf
S1000157.24816,SP1000157.34.24816,SY1000157.2026.24816,iPad1(1000157),157,07.06.26 20:20,Prod,A1000157.6508,Tisch 7,117,S1000157.24816,VOID,2,6.5,13.0,0.0,0.0,0.0,0.0,100,Fischbrötchen Backfisch,Hauptspeisen,,MwSt. 7%,1.07,12.149533,0.850467,Normalverkauf
S1000157.24817,SP1000157.34.24817,SY1000157.2026.24817,iPad1(1000157),157,07.06.26 20:20,Prod,A1000157.6508,Tisch 7,117,S1000157.24817,VOID,1,2.8,2.8,0.0,0.0,0.0,0.0,121,Mineralwasser,Getränke,,MwSt. 19%,1.19,2.352941,0.447059,Normalverkauf
S1000157.24818,SP1000157.34.24818,SY1000157.2026.24818,iPad1(1000157),157,07.06.26 15:43,Prod,A1000157.6509,Tisch 11,115,S1000157.24818,VOID,2,11.9,23.8,0.0,0.0,0.0,0.0,110,Matjes-Baguette,Hauptgerichte,,MwSt. 7%,1.07,22.242991,1.557009,Normalverkauf
S1000157.24819,SP1000157.34.24819,SY1000157.2026.24819,iPad1(1000157),157,07.06.26 15:43,Prod,A1000157.6509,Tisch 11,115,S1000157.24819,VOID,2,6.5,13.0,0.0,0.0,0.0,0.0,100,Fischbrötchen Backfisch,Hauptspeisen,,MwSt. 7%,1.07,12.149533,0.850467,Normalverkauf
S1000157.24820,SP1000157.34.24820,SY1000157.2026.24820,iPad1(1000157),157,07.06.26 15:43,Prod,A1000157.6509,Tisch 11,115,S1000157.24820,VOID,1,10.9,10.9,0.0,0.0,0.0,0.0,109,Bismarck-Baguette,Hauptgerichte,,MwSt. 7%,1.07,10.186916,0.713084,Normalverkauf
S1000157.24821,SP1000157.34.24821,SY1000157.2026.24821,iPad1(1000157),157,07.06.26 18:58,Prod,A1000157.6510,Tisch 4,104,S1000157.24821,SALE,1,13.5,13.5,0.0,0.0,0.0,0.0,102,Matjes,Hauptspeisen,,MwSt. 7%,1.07,12.616822,0.883178,Normalverkauf
S1000157.24822,SP1000157.34.24822,SY1000157.2026.24822,iPad1(1000157),157,07.06.26 18:58,Prod,A1000157.6510,Tisch 4,104,S1000157.24822,SALE,2,11.5,23.0,0.0,0.0,0.0,0.0,105,Garnelen-Kimchi-Bruger,Hauptgerichte,,MwSt. 7%,1.07,21.495327,1.504673,Normalverkauf
S1000157.24823,SP1000157.34.24823,SY1000157.2026.24823,iPad1(1000157),157,07.06.26 17:34,Prod,A1000157.6511,Tisch 14,101,S1000157.24823,SALE,1,13.5,13.5,0.0,0.0,0.0,0.0,102,Matjes,Hauptspeisen,,MwSt. 7%,1.07,12.616822,0.883178,Normalverkauf
S1000157.24824,SP1000157.34.24824,SY1000157.2026.24824,iPad1(1000157),157,07.06.26 17:34,Prod,A1000157.6511,Tisch 14,101,S1000157.24824,SALE,2,14.5,29.0,0.0,0.0,0.0,0.0,101,Lachs,Hauptspeisen,,MwSt. 7%,1.07,27.102804,1.897196,Normalverkauf
S1000157.24825,SP1000157.34.24825,SY1000157.2026.24825,iPad1(1000157),157,07.06.26 17:26,Prod,A1000157.6512,Tisch 11,108,S1000157.24825,SALE,1,10.9,10.9,0.0,0.0,0.0,0.0,107,Chicken Burger,Hauptgerichte,,MwSt. 7%,1.07,10.186916,0.713084,Normalverkauf
S1000157.24826,SP1000157.34.24826,SY1000157.2026.24826,iPad1(1000157),157,07.06.26 17:26,Prod,A1000157.6512,Tisch 11,108,S1000157.24826,SALE,1,5.5,5.5,0.0,0.0,0.0,0.0,111,Pommes Frites,Beilagen,,MwSt. 7%,1.07,5.140187,0.359813,Normalverkauf
S1000157.24827,SP1000157.34.24827,SY1000157.2026.24827,iPad1(1000157),157,07.06.26 17:26,Prod,A1000157.6512,Tisch 11,108,S1000157.24827,SALE,1,14.5,14.5,0.0,0.0,0.0,0.0,101,Lachs,Hauptspeisen,,MwSt. 7%,1.07,13.551402,0.948598,Normalverkauf
S1000157.24828,SP1000157.34.24828,SY1000157.2026.24828,iPad1(1000157),157,07.06.26 11:23,Prod,A1000157.6513,Tisch 2,115,S1000157.24828,SALE,1,6.5,6.5,0.0,0.0,0.0,0.0,100,Fischbrötchen Backfisch,Hauptspeisen,,MwSt. 7%,1.07,6.074766,0.425234,Normalverkauf
S1000157.24829,SP1000157.34.24829,SY1000157.2026.24829,iPad1(1000157),157,07.06.26 18:05,Prod,A1000157.6514,,101,S1000157.24829,SALE,1,5.9,5.9,0.0,0.0,0.0,0.0,116,Vanillequark,Desserts,,MwSt. 7%,1.07,5.514019,0.385981,Normalverkauf
S1000157.24830,SP1000157.34.24830,SY1000157.2026.24830,iPad1(1000157),157,07.06.26 14:56,Prod,A1000157.6515,Tisch 20,117,S1000157.24830,SALE,1,3.9,3.9,0.0,0.0,0.0,0.0,124,Cola Zero,Getränke,,MwSt. 19%,1.19,3.277311,0.622689,Normalverkauf
S1000157.24831,SP1000157.34.24831,SY1000157.2026.24831,iPad1(1000157),157,07.06.26 14:56,Prod,A1000157.6515,Tisch 20,117,S1000157.24831,SALE,1,5.9,5.9,0.0,0.0,0.0,0.0,116,Vanillequark,Desserts,,MwSt. 7%,1.07,5.514019,0.385981,Normalverkauf
S1000157.24832,SP1000157.34.24832,SY1000157.2026.24832,iPad1(1000157),157,07.06.26 18:42,Prod,A1000157.6516,Tisch 11,104,S1000157.24832,SALE,1,5.9,5.9,0.0,0.0,0.0,0.0,125,Zitronen-Limonade,Getränke,,MwSt. 19%,1.19,4.957983,0.942017,Normalverkauf
S1000157.24833,SP1000157.34.24833,SY1000157.2026.24833,iPad1(1000157),157,07.06.26 13:55,Prod,A1000157.6517,Tisch 14,117,S1000157.24833,SALE,1,3.9,3.9,0.0,0.0,0.0,0.0,127,Alkoholfreies Bier,Getränke,,MwSt. 19%,1.19,3.277311,0.622689,Normalverkauf
S1000157.24834,SP1000157.34.24834,SY1000157.2026.24834,iPad1(1000157),157,07.06.26 13:55,Prod,A1000157.6517,Tisch 14,117,S1000157.24834,SALE,2,14.5,29.0,0.0,0.0,0.0,0.0,101,Lachs,Hauptspeisen,,MwSt. 7%,1.07,27.102804,1.897196,Normalverkauf
S1000157.24835,SP1000157.34.24835,SY1000157.2026.24835,iPad1(1000157),157,07.06.26 08:02,Prod,A1000157.6518,Tisch 20,101,S1000157.24835,SALE,1,3.2,3.2,0.0,0.0,0.0,0.0,120,Apfelschorle,Getränke,,MwSt. 19%,1.19,2.689076,0.510924,Normalverkauf
S1000157.24836,SP1000157.34.24836,SY1000157.2026.24836,iPad1(1000157),157,07.06.26 10:01,Prod,A1000157.6519,Tisch 4,118,S1000157.24836,SALE,1,7.9,7.9,0.0,0.0,0.0,0.0,106,Neptun-Ringe,Beilagen,,MwSt. 7%,1.07,7.383178,0.516822,Normalverkauf
S1000157.24837,SP1000157.34.24837,SY1000157.2026.24837,iPad1(1000157),157,07.06.26 10:01,Prod,A1000157.6519,Tisch 4,118,S1000157.24837,SALE,1,5.9,5.9,0.0,0.0,0.0,0.0,116,Vanillequark,Desserts,,MwSt. 7%,1.07,5.514019,0.385981,Normalverkauf
S1000157.24838,SP1000157.34.24838,SY1000157.2026.24838,iPad1(1000157),157,07.06.26 10:01,Prod,A1000157.6519,Tisch 4,118,S1000157.24838,SALE,2,14.5,29.0,0.0,0.0,0.0,0.0,101,Lachs,Hauptspeisen,,MwSt. 7%,1.07,27.102804,1.897196,Normalverkauf
S1000157.24839,SP1000157.34.24839,SY1000157.2026.24839,iPad1(1000157),157,07.06.26 15:25,Prod,A1000157.6520,Tisch 5,117,S1000157.24839,VOID,1,6.9,6.9,0.0,0.0,0.0,0.0,113,Garnelen Box,Beilagen,,MwSt. 7%,1.07,6.448598,0.451402,Normalverkauf
S1000157.24840,SP1000157.34.24840,SY1000157.2026.24840,iPad1(1000157),157,07.06.26 08:20,Prod,A1000157.6521,Tisch 5,120,S1000157.24840,SALE,2,4.2,8.4,0.0,0.0,0.0,0.0,122,Bier,Getränke,,MwSt. 19%,1.19,7.058824,1.341176,Normalverkauf
S1000157.24841,SP1000157.34.24841,SY1000157.2026.24841,iPad1(1000157),157,07.06.26 08:20,Prod,A1000157.6521,Tisch 5,120,S1000157.24841,SALE,2,5.9,11.8,0.0,0.0,0.0,0.0,117,Rote Grütze,Desserts,,MwSt. 7%,1.07,11.028037,0.771963,Normalverkauf
S1000157.24842,SP1000157.34.24842,SY1000157.2026.24842,iPad1(1000157),157,07.06.26 12:52,Prod,A1000157.6522,Tisch 16,104,S1000157.24842,VOID,2,5.5,11.0,0.0,0.0,0.0,0.0,111,Pommes Frites,Beilagen,,MwSt. 7%,1.07,10.280374,0.719626,Normalverkauf
S1000157.24843,SP1000157.34.24843,SY1000157.2026.24843,iPad1(1000157),157,07.06.26 12:48,Prod,A1000157.6523,Tisch 6,117,S1000157.24843,SALE,2,6.5,13.0,0.0,0.0,0.0,0.0,100,Fischbrötchen Backfisch,Hauptspeisen,,MwSt. 7%,1.07,12.149533,0.850467,Normalverkauf
S1000157.24844,SP1000157.34.24844,SY1000157.2026.24844,iPad1(1000157),157,07.06.26 12:39,Prod,A1000157.6524,,120,S1000157.24844,SALE,1,3.2,3.2,0.0,0.0,0.0,0.0,120,Apfelschorle,Getränke,,MwSt. 19%,1.19,2.689076,0.510924,Normalverkauf
S1000157.24845,SP1000157.34.24845,SY1000157.2026.24845,iPad1(1000157),157,07.06.26 16:16,Prod,A1000157.6525,Tisch 24,118,S1000157.24845,SALE,2,10.9,21.8,0.0,0.0,0.0,0.0,104,Thunfisch Wrap,Hauptgerichte,,MwSt. 7%,1.07,20.373832,1.426168,Normalverkauf
S1000157.24846,SP1000157.34.24846,SY1000157.2026.24846,iPad1(1000157),157,07.06.26 16:16,Prod,A1000157.6525,Tisch 24,118,S1000157.24846,SALE,1,3.2,3.2,0.0,0.0,0.0,0.0,120,Apfelschorle,Getränke,,MwSt. 19%,1.19,2.689076,0.510924,Normalverkauf
S1000157.24847,SP1000157.34.24847,SY1000157.2026.24847,iPad1(1000157),157,07.06.26 16:16,Prod,A1000157.6525,Tisch 24,118,S1000157.24847,SALE,1,5.9,5.9,0.0,0.0,0.0,0.0,125,Zitronen-Limonade,Getränke,,MwSt. 19%,1.19,4.957983,0.942017,Normalverkauf
S1000157.24848,SP1000157.34.24848,SY1000157.2026.24848,iPad1(1000157),157,07.06.26 19:51,Prod,A1000157.6526,,108,S1000157.24848,SALE,2,6.5,13.0,0.0,0.0,0.0,0.0,118,Schokokuchen,Desserts,,MwSt. 7%,1.07,12.149533,0.850467,Normalverkauf
S1000157.24849,SP1000157.34.24849,SY1000157.2026.24849,iPad1(1000157),157,07.06.26 19:51,Prod,A1000157.6526,,108,S1000157.24849,SALE,1,13.5,13.5,0.0,0.0,0.0,0.0,102,Matjes,Hauptspeisen,,MwSt. 7%,1.07,12.616822,0.883178,Normalverkauf
S1000157.24850,SP1000157.34.24850,SY1000157.2026.24850,iPad1(1000157),157,07.06.26 19:51,Prod,A1000157.6526,,108,S1000157.24850,SALE,1,13.5,13.5,0.0,0.0,0.0,0.0,102,Matjes,Hauptspeisen,,MwSt. 7%,1.07,12.616822,0.883178,Normalverkauf
S1000157.24851,SP1000157.34.24851,SY1000157.2026.24851,iPad1(1000157),157,07.06.26 16:40,Prod,A1000157.6527,Tisch 11,120,S1000157.24851,SALE,2,10.9,21.8,0.0,0.0,0.0,0.0,104,Thunfisch Wrap,Hauptgerichte,,MwSt. 7%,1.07,20.373832,1.426168,Normalverkauf
S1000157.24852,SP1000157.34.24852,SY1000157.2026.24852,iPad1(1000157),157,07.06.26 16:40,Prod,A1000157.6527,Tisch 11,120,S1000157.24852,SALE,2,11.9,23.8,0.0,0.0,0.0,0.0,110,Matjes-Baguette,Hauptgerichte,,MwSt. 7%,1.07,22.242991,1.557009,Normalverkauf
S1000157.24853,SP1000157.34.24853,SY1000157.2026.24853,iPad1(1000157),157,07.06.26 17:34,Prod,A1000157.6528,Tisch 6,108,S1000157.24853,SALE,2,7.9,15.8,0.0,0.0,0.0,0.0,115,Tiramisu,Desserts,,MwSt. 7%,1.07,14.766355,1.033645,Normalverkauf
S1000157.24854,SP1000157.34.24854,SY1000157.2026.24854,iPad1(1000157),157,07.06.26 11:05,Prod,A1000157.6529,Tisch 19,120,S1000157.24854,SALE,1,11.5,11.5,0.0,0.0,0.0,0.0,105,Garnelen-Kimchi-Bruger,Hauptgerichte,,MwSt. 7%,1.07,10.747664,0.752336,Normalverkauf
S1000157.24855,SP1000157.34.24855,SY1000157.2026.24855,iPad1(1000157),157,07.06.26 11:05,Prod,A1000157.6529,Tisch 19,120,S1000157.24855,SALE,1,5.9,5.9,0.0,0.0,0.0,0.0,125,Zitronen-Limonade,Getränke,,MwSt. 19%,1.19,4.957983,0.942017,Normalverkauf
S1000157.24856,SP1000157.34.24856,SY1000157.2026.24856,iPad1(1000157),157,07.06.26 11:05,Prod,A1000157.6529,Tisch 19,120,S1000157.24856,SALE,1,6.5,6.5,0.0,0.0,0.0,0.0,100,Fischbrötchen Backfisch,Hauptspeisen,,MwSt. 7%,1.07,6.074766,0.425234,Normalverkauf
S1000157.24857,SP1000157.34.24857,SY1000157.2026.24857,iPad1(1000157),157,07.06.26 17:28,Prod,A1000157.6530,Tisch 6,104,S1000157.24857,SALE,2,3.9,7.8,0.0,0.0,0.0,0.0,124,Cola Zero,Getränke,,MwSt. 19%,1.19,6.554622,1.245378,Normalverkauf
S1000157.24858,SP1000157.34.24858,SY1000157.2026.24858,iPad1(1000157),157,07.06.26 17:28,Prod,A1000157.6530,Tisch 6,104,S1000157.24858,SALE,1,13.5,13.5,0.0,0.0,0.0,0.0,102,Matjes,Hauptspeisen,,MwSt. 7%,1.07,12.616822,0.883178,Normalverkauf
S1000157.24859,SP1000157.34.24859,SY1000157.2026.24859,iPad1(1000157),157,07.06.26 18:48,Prod,A1000157.6531,Tisch 9,108,S1000157.24859,SALE,1,5.5,5.5,0.0,0.0,0.0,0.0,114,Fisch Nuggets Box,Beilagen,,MwSt. 7%,1.07,5.140187,0.359813,Normalverkauf
S1000157.24860,SP1000157.34.24860,SY1000157.2026.24860,iPad1(1000157),157,07.06.26 12:45,Prod,A1000157.6532,Tisch 14,120,S1000157.24860,SALE,1,3.9,3.9,0.0,0.0,0.0,0.0,119,Cola,Getränke,,MwSt. 19%,1.19,3.277311,0.622689,Normalverkauf
S1000157.24861,SP1000157.34.24861,SY1000157.2026.24861,iPad1(1000157),157,07.06.26 12:45,Prod,A1000157.6532,Tisch 14,120,S1000157.24861,SALE,2,3.9,7.8,0.0,0.0,0.0,0.0,127,Alkoholfreies Bier,Getränke,,MwSt. 19%,1.19,6.554622,1.245378,Normalverkauf
S1000157.24862,SP1000157.34.24862,SY1000157.2026.24862,iPad1(1000157),157,07.06.26 12:45,Prod,A1000157.6532,Tisch 14,120,S1000157.24862,SALE,1,5.5,5.5,0.0,0.0,0.0,0.0,114,Fisch Nuggets Box,Beilagen,,MwSt. 7%,1.07,5.140187,0.359813,Normalverkauf
S1000157.24863,SP1000157.34.24863,SY1000157.2026.24863,iPad1(1000157),157,07.06.26 20:18,Prod,A1000157.6533,Tisch 9,118,S1000157.24863,SALE,1,11.9,11.9,0.0,0.0,0.0,0.0,110,Matjes-Baguette,Hauptgerichte,,MwSt. 7%,1.07,11.121495,0.778505,Normalverkauf
S1000157.24864,SP1000157.34.24864,SY1000157.2026.24864,iPad1(1000157),157,07.06.26 20:18,Prod,A1000157.6533,Tisch 9,118,S1000157.24864,SALE,1,6.5,6.5,0.0,0.0,0.0,0.0,100,Fischbrötchen Backfisch,Hauptspeisen,,MwSt. 7%,1.07,6.074766,0.425234,Normalverkauf
S1000157.24865,SP1000157.34.24865,SY1000157.2026.24865,iPad1(1000157),157,07.06.26 16:29,Prod,A1000157.6534,Tisch 9,104,S1000157.24865,VOID,1,13.5,13.5,0.0,0.0,0.0,0.0,102,Matjes,Hauptspeisen,,MwSt. 7%,1.07,12.616822,0.883178,Normalverkauf
S1000157.24866,SP1000157.34.24866,SY1000157.2026.24866,iPad1(1000157),157,07.06.26 16:29,Prod,A1000157.6534,Tisch 9,104,S1000157.24866,VOID,1,3.9,3.9,0.0,0.0,0.0,0.0,119,Cola,Getränke,,MwSt. 19%,1.19,3.277311,0.622689,Normalverkauf
S1000157.24867,SP1000157.34.24867,SY1000157.2026.24867,iPad1(1000157),157,07.06.26 17:17,Prod,A1000157.6535,Tisch 20,115,S1000157.24867,SALE,1,6.5,6.5,0.0,0.0,0.0,0.0,100,Fischbrötchen Backfisch,Hauptspeisen,,MwSt. 7%,1.07,6.074766,0.425234,Normalverkauf
S1000157.24868,SP1000157.34.24868,SY1000157.2026.24868,iPad1(1000157),157,07.06.26 17:17,Prod,A1000157.6535,Tisch 20,115,S1000157.24868,SALE,1,3.9,3.9,0.0,0.0,0.0,0.0,127,Alkoholfreies Bier,Getränke,,MwSt. 19%,1.19,3.277311,0.622689,Normalverkauf
S1000157.24869,SP1000157.34.24869,SY1000157.2026.24869,iPad1(1000157),157,07.06.26 11:58,Prod,A1000157.6536,Tisch 21,108,S1000157.24869,SALE,2,4.2,8.4,0.0,0.0,0.0,0.0,122,Bier,Getränke,,MwSt. 19%,1.19,7.058824,1.341176,Normalverkauf
S1000157.24870,SP1000157.34.24870,SY1000157.2026.24870,iPad1(1000157),157,07.06.26 11:58,Prod,A1000157.6536,Tisch 21,108,S1000157.24870,SALE,2,2.8,5.6,0.0,0.0,0.0,0.0,121,Mineralwasser,Getränke,,MwSt. 19%,1.19,4.705882,0.894118,Normalverkauf
S1000157.24871,SP1000157.34.24871,SY1000157.2026.24871,iPad1(1000157),157,07.06.26 11:58,Prod,A1000157.6536,Tisch 21,108,S1000157.24871,SALE,1,4.2,4.2,0.0,0.0,0.0,0.0,122,Bier,Getränke,,MwSt. 19%,1.19,3.529412,0.670588,Normalverkauf
S1000157.24872,SP1000157.34.24872,SY1000157.2026.24872,iPad1(1000157),157,07.06.26 12:04,Prod,A1000157.6537,Tisch 20,101,S1000157.24872,VOID,1,11.9,11.9,0.0,0.0,0.0,0.0,110,Matjes-Baguette,Hauptgerichte,,MwSt. 7%,1.07,11.121495,0.778505,Normalverkauf
S1000157.24873,SP1000157.34.24873,SY1000157.2026.24873,iPad1(1000157),157,07.06.26 12:04,Prod,A1000157.6537,Tisch 20,101,S1000157.24873,VOID,1,3.9,3.9,0.0,0.0,0.0,0.0,119,Cola,Getränke,,MwSt. 19%,1.19,3.277311,0.622689,Normalverkauf
S1000157.24874,SP1000157.34.24874,SY1000157.2026.24874,iPad1(1000157),157,07.06.26 17:55,Prod,A1000157.6538,Tisch 8,115,S1000157.24874,SALE,2,13.5,27.0,0.0,0.0,0.0,0.0,102,Matjes,Hauptspeisen,,MwSt. 7%,1.07,25.233645,1.766355,Normalverkauf
S1000157.24875,SP1000157.34.24875,SY1000157.2026.24875,iPad1(1000157),157,07.06.26 10:24,Prod,A1000157.6539,Tisch 5,120,S1000157.24875,SALE,1,6.9,6.9,0.0,0.0,0.0,0.0,103,Fischbrötchen Räucherlachs,Hauptspeisen,,MwSt. 7%,1.07,6.448598,0.451402,Normalverkauf
S1000157.24876,SP1000157.34.24876,SY1000157.2026.24876,iPad1(1000157),157,07.06.26 10:24,Prod,A1000157.6539,Tisch 5,120,S1000157.24876,SALE,2,5.5,11.0,0.0,0.0,0.0,0.0,111,Pommes Frites,Beilagen,,MwSt. 7%,1.07,10.280374,0.719626,Normalverkauf
S1000157.24877,SP1000157.34.24877,SY1000157.2026.24877,iPad1(1000157),157,07.06.26 17:21,Prod,A1000157.6540,Tisch 22,120,S1000157.24877,SALE,2,3.9,7.8,0.0,0.0,0.0,0.0,124,Cola Zero,Getränke,,MwSt. 19%,1.19,6.554622,1.245378,Normalverkauf
S1000157.24878,SP1000157.34.24878,SY1000157.2026.24878,iPad1(1000157),157,07.06.26 17:21,Prod,A1000157.6540,Tisch 22,120,S1000157.24878,SALE,2,3.2,6.4,0.0,0.0,0.0,0.0,120,Apfelschorle,Getränke,,MwSt. 19%,1.19,5.378151,1.021849,Normalverkauf
S1000157.24879,SP1000157.34.24879,SY1000157.2026.24879,iPad1(1000157),157,07.06.26 19:58,Prod,A1000157.6541,Tisch 23,120,S1000157.24879,SALE,1,6.5,6.5,0.0,0.0,0.0,0.0,100,Fischbrötchen Backfisch,Hauptspeisen,,MwSt. 7%,1.07,6.074766,0.425234,Normalverkauf
S1000157.24880,SP1000157.34.24880,SY1000157.2026.24880,iPad1(1000157),157,07.06.26 20:24,Prod,A1000157.6542,Tisch 15,108,S1000157.24880,SALE,2,10.9,21.8,0.0,0.0,0.0,0.0,107,Chicken Burger,Hauptgerichte,,MwSt. 7%,1.07,20.373832,1.426168,Normalverkauf
S1000157.24881,SP1000157.34.24881,SY1000157.2026.24881,iPad1(1000157),157,07.06.26 20:24,Prod,A1000157.6542,Tisch 15,108,S1000157.24881,SALE,1,3.9,3.9,0.0,0.0,0.0,0.0,127,Alkoholfreies Bier,Getränke,,MwSt. 19%,1.19,3.277311,0.622689,Normalverkauf
S1000157.24882,SP1000157.34.24882,SY1000157.2026.24882,iPad1(1000157),157,07.06.26 15:11,Prod,A1000157.6543,Tisch 15,120,S1000157.24882,SALE,1,2.8,2.8,0.0,0.0,0.0,0.0,121,Mineralwasser,Getränke,,MwSt. 19%,1.19,2.352941,0.447059,Normalverkauf
S1000157.24883,SP1000157.34.24883,SY1000157.2026.24883,iPad1(1000157),157,07.06.26 15:11,Prod,A1000157.6543,Tisch 15,120,S1000157.24883,SALE,1,4.2,4.2,0.0,0.0,0.0,0.0,122,Bier,Getränke,,MwSt. 19%,1.19,3.529412,0.670588,Normalverkauf
S1000157.24884,SP1000157.34.24884,SY1000157.2026.24884,iPad1(1000157),157,07.06.26 13:26,Prod,A1000157.6544,Tisch 19,120,S1000157.24884,SALE,1,10.9,10.9,0.0,0.0,0.0,0.0,104,Thunfisch Wrap,Hauptgerichte,,MwSt. 7%,1.07,10.186916,0.713084,Normalverkauf
S1000157.24885,SP1000157.34.24885,SY1000157.2026.24885,iPad1(1000157),157,07.06.26 13:26,Prod,A1000157.6544,Tisch 19,120,S1000157.24885,SALE,2,4.2,8.4,0.0,0.0,0.0,0.0,122,Bier,Getränke,,MwSt. 19%,1.19,7.058824,1.341176,Normalverkauf
S1000157.24886,SP1000157.34.24886,SY1000157.2026.24886,iPad1(1000157),157,07.06.26 19:42,Prod,A1000157.6545,Tisch 3,104,S1000157.24886,SALE,1,4.9,4.9,0.0,0.0,0.0,0.0,112,Kartoffelwedges,Beilagen,,MwSt. 7%,1.07,4.579439,0.320561,Normalverkauf
S1000157.24887,SP1000157.34.24887,SY1000157.2026.24887,iPad1(1000157),157,07.06.26 17:27,Prod,A1000157.6546,Tisch 20,108,S1000157.24887,SALE,1,4.9,4.9,0.0,0.0,0.0,0.0,112,Kartoffelwedges,Beilagen,,MwSt. 7%,1.07,4.579439,0.320561,Normalverkauf
S1000157.24888,SP1000157.34.24888,SY1000157.2026.24888,iPad1(1000157),157,07.06.26 17:27,Prod,A1000157.6546,Tisch 20,108,S1000157.24888,SALE,1,3.9,3.9,0.0,0.0,0.0,0.0,124,Cola Zero,Getränke,,MwSt. 19%,1.19,3.277311,0.622689,Normalverkauf
S1000157.24889,SP1000157.34.24889,SY1000157.2026.24889,iPad1(1000157),157,07.06.26 18:07,Prod,A1000157.6547,Tisch 12,108,S1000157.24889,SALE,1,6.5,6.5,0.0,0.0,0.0,0.0,100,Fischbrötchen Backfisch,Hauptspeisen,,MwSt. 7%,1.07,6.074766,0.425234,Normalverkauf
S1000157.24890,SP1000157.34.24890,SY1000157.2026.24890,iPad1(1000157),157,07.06.26 19:04,Prod,A1000157.6548,Tisch 17,120,S1000157.24890,SALE,1,14.5,14.5,0.0,0.0,0.0,0.0,101,Lachs,Hauptspeisen,,MwSt. 7%,1.07,13.551402,0.948598,Normalverkauf
S1000157.24891,SP1000157.34.24891,SY1000157.2026.24891,iPad1(1000157),157,07.06.26 19:04,Prod,A1000157.6548,Tisch 17,120,S1000157.24891,SALE,2,4.2,8.4,0.0,0.0,0.0,0.0,122,Bier,Getränke,,MwSt. 19%,1.19,7.058824,1.341176,Normalverkauf
S1000157.24892,SP1000157.34.24892,SY1000157.2026.24892,iPad1(1000157),157,07.06.26 09:05,Prod,A1000157.6549,,101,S1000157.24892,SALE,1,4.2,4.2,0.0,0.0,0.0,0.0,122,Bier,Getränke,,MwSt. 19%,1.19,3.529412,0.670588,Normalverkauf
S1000157.24893,SP1000157.34.24893,SY1000157.2026.24893,iPad1(1000157),157,07.06.26 09:05,Prod,A1000157.6549,,101,S1000157.24893,SALE,1,6.5,6.5,0.0,0.0,0.0,0.0,100,Fischbrötchen Backfisch,Hauptspeisen,,MwSt. 7%,1.07,6.074766,0.425234,Normalverkauf
S1000157.24894,SP1000157.34.24894,SY1000157.2026.24894,iPad1(1000157),157,07.06.26 09:05,Prod,A1000157.6549,,101,S1000157.24894,SALE,2,10.9,21.8,0.0,0.0,0.0,0.0,104,Thunfisch Wrap,Hauptgerichte,,MwSt. 7%,1.07,20.373832,1.426168,Normalverkauf
S1000157.24895,SP1000157.34.24895,SY1000157.2026.24895,iPad1(1000157),157,07.06.26 08:28,Prod,A1000157.6550,Tisch 5,108,S1000157.24895,SALE,1,6.5,6.5,0.0,0.0,0.0,0.0,100,Fischbrötchen Backfisch,Hauptspeisen,,MwSt. 7%,1.07,6.074766,0.425234,Normalverkauf
S1000157.24896,SP1000157.34.24896,SY1000157.2026.24896,iPad1(1000157),157,07.06.26 18:10,Prod,A1000157.6551,Tisch 19,117,S1000157.24896,SALE,1,10.9,10.9,0.0,0.0,0.0,0.0,109,Bismarck-Baguette,Hauptgerichte,,MwSt. 7%,1.07,10.186916,0.713084,Normalverkauf
S1000157.24897,SP1000157.34.24897,SY1000157.2026.24897,iPad1(1000157),157,07.06.26 18:10,Prod,A1000157.6551,Tisch 19,117,S1000157.24897,SALE,1,3.9,3.9,0.0,0.0,0.0,0.0,119,Cola,Getränke,,MwSt. 19%,1.19,3.277311,0.622689,Normalverkauf
S1000157.24898,SP1000157.34.24898,SY1000157.2026.24898,iPad1(1000157),157,07.06.26 18:10,Prod,A1000157.6551,Tisch 19,117,S1000157.24898,SALE,2,3.2,6.4,0.0,0.0,0.0,0.0,120,Apfelschorle,Getränke,,MwSt. 19%,1.19,5.378151,1.021849,Normalverkauf
S1000157.24899,SP1000157.34.24899,SY1000157.2026.24899,iPad1(1000157),157,07.06.26 17:51,Prod,A1000157.6552,Tisch 9,101,S1000157.24899,SALE,2,3.9,7.8,0.0,0.0,0.0,0.0,124,Cola Zero,Getränke,,MwSt. 19%,1.19,6.554622,1.245378,Normalverkauf
S1000157.24900,SP1000157.34.24900,SY1000157.2026.24900,iPad1(1000157),157,07.06.26 17:51,Prod,A1000157.6552,Tisch 9,101,S1000157.24900,SALE,2,2.8,5.6,0.0,0.0,0.0,0.0,121,Mineralwasser,Getränke,,MwSt. 19%,1.19,4.705882,0.894118,Normalverkauf
S1000157.24901,SP1000157.34.24901,SY1000157.2026.24901,iPad1(1000157),157,08.06.26 19:11,Prod,A1000157.6553,Tisch 20,118,S1000157.24901,SALE,2,10.9,21.8,0.0,0.0,0.0,0.0,109,Bismarck-Baguette,Hauptgerichte,,MwSt. 7%,1.07,20.373832,1.426168,Normalverkauf
S1000157.24902,SP1000157.34.24902,SY1000157.2026.24902,iPad1(1000157),157,08.06.26 11:55,Prod,A1000157.6554,Tisch 14,118,S1000157.24902,SALE,2,7.9,15.8,0.0,0.0,0.0,0.0,115,Tiramisu,Desserts,,MwSt. 7%,1.07,14.766355,1.033645,Normalverkauf
S1000157.24903,SP1000157.34.24903,SY1000157.2026.24903,iPad1(1000157),157,08.06.26 11:55,Prod,A1000157.6554,Tisch 14,118,S1000157.24903,SALE,2,6.5,13.0,0.0,0.0,0.0,0.0,100,Fischbrötchen Backfisch,Hauptspeisen,,MwSt. 7%,1.07,12.149533,0.850467,Normalverkauf
S1000157.24904,SP1000157.34.24904,SY1000157.2026.24904,iPad1(1000157),157,08.06.26 11:55,Prod,A1000157.6554,Tisch 14,118,S1000157.24904,SALE,2,10.9,21.8,0.0,0.0,0.0,0.0,104,Thunfisch Wrap,Hauptgerichte,,MwSt. 7%,1.07,20.373832,1.426168,Normalverkauf
S1000157.24905,SP1000157.34.24905,SY1000157.2026.24905,iPad1(1000157),157,08.06.26 18:39,Prod,A1000157.6555,Tisch 20,104,S1000157.24905,SALE,2,2.8,5.6,0.0,0.0,0.0,0.0,121,Mineralwasser,Getränke,,MwSt. 19%,1.19,4.705882,0.894118,Normalverkauf
S1000157.24906,SP1000157.34.24906,SY1000157.2026.24906,iPad1(1000157),157,08.06.26 18:39,Prod,A1000157.6555,Tisch 20,104,S1000157.24906,SALE,1,10.9,10.9,0.0,0.0,0.0,0.0,107,Chicken Burger,Hauptgerichte,,MwSt. 7%,1.07,10.186916,0.713084,Normalverkauf
S1000157.24907,SP1000157.34.24907,SY1000157.2026.24907,iPad1(1000157),157,08.06.26 18:39,Prod,A1000157.6555,Tisch 20,104,S1000157.24907,SALE,2,4.2,8.4,0.0,0.0,0.0,0.0,122,Bier,Getränke,,MwSt. 19%,1.19,7.058824,1.341176,Normalverkauf
S1000157.24908,SP1000157.34.24908,SY1000157.2026.24908,iPad1(1000157),157,08.06.26 15:58,Prod,A1000157.6556,Tisch 18,120,S1000157.24908,SALE,2,3.9,7.8,0.0,0.0,0.0,0.0,124,Cola Zero,Getränke,,MwSt. 19%,1.19,6.554622,1.245378,Normalverkauf
S1000157.24909,SP1000157.34.24909,SY1000157.2026.24909,iPad1(1000157),157,08.06.26 12:16,Prod,A1000157.6557,Tisch 4,118,S1000157.24909,SALE,1,2.8,2.8,0.0,0.0,0.0,0.0,121,Mineralwasser,Getränke,,MwSt. 19%,1.19,2.352941,0.447059,Normalverkauf
S1000157.24910,SP1000157.34.24910,SY1000157.2026.24910,iPad1(1000157),157,08.06.26 08:41,Prod,A1000157.6558,Tisch 18,115,S1000157.24910,SALE,1,5.9,5.9,0.0,0.0,0.0,0.0,117,Rote Grütze,Desserts,,MwSt. 7%,1.07,5.514019,0.385981,Normalverkauf
S1000157.24911,SP1000157.34.24911,SY1000157.2026.24911,iPad1(1000157),157,08.06.26 08:41,Prod,A1000157.6558,Tisch 18,115,S1000157.24911,SALE,2,5.9,11.8,0.0,0.0,0.0,0.0,123,Inger-Limonade,Getränke,,MwSt. 19%,1.19,9.915966,1.884034,Normalverkauf
S1000157.24912,SP1000157.34.24912,SY1000157.2026.24912,iPad1(1000157),157,08.06.26 08:41,Prod,A1000157.6558,Tisch 18,115,S1000157.24912,SALE,2,2.8,5.6,0.0,0.0,0.0,0.0,121,Mineralwasser,Getränke,,MwSt. 19%,1.19,4.705882,0.894118,Normalverkauf
S1000157.24913,SP1000157.34.24913,SY1000157.2026.24913,iPad1(1000157),157,08.06.26 13:49,Prod,A1000157.6559,,118,S1000157.24913,SALE,2,3.9,7.8,0.0,0.0,0.0,0.0,126,Spezi,Getränke,,MwSt. 19%,1.19,6.554622,1.245378,Normalverkauf
S1000157.24914,SP1000157.34.24914,SY1000157.2026.24914,iPad1(1000157),157,08.06.26 11:37,Prod,A1000157.6560,Tisch 6,120,S1000157.24914,SALE,1,4.2,4.2,0.0,0.0,0.0,0.0,122,Bier,Getränke,,MwSt. 19%,1.19,3.529412,0.670588,Normalverkauf
S1000157.24915,SP1000157.34.24915,SY1000157.2026.24915,iPad1(1000157),157,08.06.26 11:37,Prod,A1000157.6560,Tisch 6,120,S1000157.24915,SALE,1,10.9,10.9,0.0,0.0,0.0,0.0,107,Chicken Burger,Hauptgerichte,,MwSt. 7%,1.07,10.186916,0.713084,Normalverkauf
S1000157.24916,SP1000157.34.24916,SY1000157.2026.24916,iPad1(1000157),157,08.06.26 11:37,Prod,A1000157.6560,Tisch 6,120,S1000157.24916,SALE,1,2.8,2.8,0.0,0.0,0.0,0.0,121,Mineralwasser,Getränke,,MwSt. 19%,1.19,2.352941,0.447059,Normalverkauf
S1000157.24917,SP1000157.34.24917,SY1000157.2026.24917,iPad1(1000157),157,08.06.26 18:40,Prod,A1000157.6561,,104,S1000157.24917,SALE,1,3.9,3.9,0.0,0.0,0.0,0.0,119,Cola,Getränke,,MwSt. 19%,1.19,3.277311,0.622689,Normalverkauf
S1000157.24918,SP1000157.34.24918,SY1000157.2026.24918,iPad1(1000157),157,08.06.26 18:40,Prod,A1000157.6561,,104,S1000157.24918,SALE,1,2.8,2.8,0.0,0.0,0.0,0.0,121,Mineralwasser,Getränke,,MwSt. 19%,1.19,2.352941,0.447059,Normalverkauf
S1000157.24919,SP1000157.34.24919,SY1000157.2026.24919,iPad1(1000157),157,08.06.26 18:40,Prod,A1000157.6561,,104,S1000157.24919,SALE,1,6.5,6.5,0.0,0.0,0.0,0.0,100,Fischbrötchen Backfisch,Hauptspeisen,,MwSt. 7%,1.07,6.074766,0.425234,Normalverkauf
S1000157.24920,SP1000157.34.24920,SY1000157.2026.24920,iPad1(1000157),157,08.06.26 11:22,Prod,A1000157.6562,Tisch 9,104,S1000157.24920,VOID,1,14.5,14.5,0.0,0.0,0.0,0.0,101,Lachs,Hauptspeisen,,MwSt. 7%,1.07,13.551402,0.948598,Normalverkauf
S1000157.24921,SP1000157.34.24921,SY1000157.2026.24921,iPad1(1000157),157,08.06.26 11:22,Prod,A1000157.6562,Tisch 9,104,S1000157.24921,VOID,2,3.9,7.8,0.0,0.0,0.0,0.0,124,Cola Zero,Getränke,,MwSt. 19%,1.19,6.554622,1.245378,Normalverkauf
S1000157.24922,SP1000157.34.24922,SY1000157.2026.24922,iPad1(1000157),157,08.06.26 11:22,Prod,A1000157.6562,Tisch 9,104,S1000157.24922,VOID,1,11.5,11.5,0.0,0.0,0.0,0.0,105,Garnelen-Kimchi-Bruger,Hauptgerichte,,MwSt. 7%,1.07,10.747664,0.752336,Normalverkauf
S1000157.24923,SP1000157.34.24923,SY1000157.2026.24923,iPad1(1000157),157,08.06.26 16:43,Prod,A1000157.6563,Tisch 14,117,S1000157.24923,SALE,1,13.5,13.5,0.0,0.0,0.0,0.0,102,Matjes,Hauptspeisen,,MwSt. 7%,1.07,12.616822,0.883178,Normalverkauf
S1000157.24924,SP1000157.34.24924,SY1000157.2026.24924,iPad1(1000157),157,08.06.26 16:29,Prod,A1000157.6564,Tisch 23,117,S1000157.24924,SALE,2,3.9,7.8,0.0,0.0,0.0,0.0,119,Cola,Getränke,,MwSt. 19%,1.19,6.554622,1.245378,Normalverkauf
S1000157.24925,SP1000157.34.24925,SY1000157.2026.24925,iPad1(1000157),157,08.06.26 17:22,Prod,A1000157.6565,Tisch 6,117,S1000157.24925,SALE,2,5.9,11.8,0.0,0.0,0.0,0.0,123,Inger-Limonade,Getränke,,MwSt. 19%,1.19,9.915966,1.884034,Normalverkauf
S1000157.24926,SP1000157.34.24926,SY1000157.2026.24926,iPad1(1000157),157,08.06.26 12:51,Prod,A1000157.6566,Tisch 24,120,S1000157.24926,SALE,2,13.5,27.0,0.0,0.0,0.0,0.0,102,Matjes,Hauptspeisen,,MwSt. 7%,1.07,25.233645,1.766355,Normalverkauf
S1000157.24927,SP1000157.34.24927,SY1000157.2026.24927,iPad1(1000157),157,08.06.26 12:51,Prod,A1000157.6566,Tisch 24,120,S1000157.24927,SALE,1,3.9,3.9,0.0,0.0,0.0,0.0,126,Spezi,Getränke,,MwSt. 19%,1.19,3.277311,0.622689,Normalverkauf
S1000157.24928,SP1000157.34.24928,SY1000157.2026.24928,iPad1(1000157),157,08.06.26 17:13,Prod,A1000157.6567,Tisch 13,104,S1000157.24928,SALE,2,2.8,5.6,0.0,0.0,0.0,0.0,121,Mineralwasser,Getränke,,MwSt. 19%,1.19,4.705882,0.894118,Normalverkauf
S1000157.24929,SP1000157.34.24929,SY1000157.2026.24929,iPad1(1000157),157,08.06.26 17:13,Prod,A1000157.6567,Tisch 13,104,S1000157.24929,SALE,2,14.5,29.0,0.0,0.0,0.0,0.0,101,Lachs,Hauptspeisen,,MwSt. 7%,1.07,27.102804,1.897196,Normalverkauf
S1000157.24930,SP1000157.34.24930,SY1000157.2026.24930,iPad1(1000157),157,08.06.26 20:57,Prod,A1000157.6568,Tisch 10,117,S1000157.24930,SALE,1,4.2,4.2,0.0,0.0,0.0,0.0,122,Bier,Getränke,,MwSt. 19%,1.19,3.529412,0.670588,Normalverkauf
S1000157.24931,SP1000157.34.24931,SY1000157.2026.24931,iPad1(1000157),157,08.06.26 20:57,Prod,A1000157.6568,Tisch 10,117,S1000157.24931,SALE,2,6.9,13.8,0.0,0.0,0.0,0.0,113,Garnelen Box,Beilagen,,MwSt. 7%,1.07,12.897196,0.902804,Normalverkauf
S1000157.24932,SP1000157.34.24932,SY1000157.2026.24932,iPad1(1000157),157,08.06.26 12:43,Prod,A1000157.6569,Tisch 7,108,S1000157.24932,SALE,1,3.9,3.9,0.0,0.0,0.0,0.0,119,Cola,Getränke,,MwSt. 19%,1.19,3.277311,0.622689,Normalverkauf
S1000157.24933,SP1000157.34.24933,SY1000157.2026.24933,iPad1(1000157),157,08.06.26 12:43,Prod,A1000157.6569,Tisch 7,108,S1000157.24933,SALE,2,3.9,7.8,0.0,0.0,0.0,0.0,124,Cola Zero,Getränke,,MwSt. 19%,1.19,6.554622,1.245378,Normalverkauf
S1000157.24934,SP1000157.34.24934,SY1000157.2026.24934,iPad1(1000157),157,08.06.26 12:43,Prod,A1000157.6569,Tisch 7,108,S1000157.24934,SALE,2,3.9,7.8,0.0,0.0,0.0,0.0,124,Cola Zero,Getränke,,MwSt. 19%,1.19,6.554622,1.245378,Normalverkauf
S1000157.24935,SP1000157.34.24935,SY1000157.2026.24935,iPad1(1000157),157,08.06.26 18:10,Prod,A1000157.6570,Tisch 2,115,S1000157.24935,SALE,2,13.5,27.0,0.0,0.0,0.0,0.0,102,Matjes,Hauptspeisen,,MwSt. 7%,1.07,25.233645,1.766355,Normalverkauf
S1000157.24936,SP1000157.34.24936,SY1000157.2026.24936,iPad1(1000157),157,08.06.26 18:10,Prod,A1000157.6570,Tisch 2,115,S1000157.24936,SALE,1,3.9,3.9,0.0,0.0,0.0,0.0,127,Alkoholfreies Bier,Getränke,,MwSt. 19%,1.19,3.277311,0.622689,Normalverkauf
S1000157.24937,SP1000157.34.24937,SY1000157.2026.24937,iPad1(1000157),157,08.06.26 18:10,Prod,A1000157.6570,Tisch 2,115,S1000157.24937,SALE,1,10.9,10.9,0.0,0.0,0.0,0.0,104,Thunfisch Wrap,Hauptgerichte,,MwSt. 7%,1.07,10.186916,0.713084,Normalverkauf
S1000157.24938,SP1000157.34.24938,SY1000157.2026.24938,iPad1(1000157),157,08.06.26 19:25,Prod,A1000157.6571,Tisch 19,117,S1000157.24938,SALE,2,5.9,11.8,0.0,0.0,0.0,0.0,125,Zitronen-Limonade,Getränke,,MwSt. 19%,1.19,9.915966,1.884034,Normalverkauf
S1000157.24939,SP1000157.34.24939,SY1000157.2026.24939,iPad1(1000157),157,08.06.26 11:38,Prod,A1000157.6572,Tisch 3,118,S1000157.24939,SALE,2,10.9,21.8,0.0,0.0,0.0,0.0,109,Bismarck-Baguette,Hauptgerichte,,MwSt. 7%,1.07,20.373832,1.426168,Normalverkauf
S1000157.24940,SP1000157.34.24940,SY1000157.2026.24940,iPad1(1000157),157,08.06.26 20:45,Prod,A1000157.6573,Tisch 17,120,S1000157.24940,SALE,2,10.9,21.8,0.0,0.0,0.0,0.0,109,Bismarck-Baguette,Hauptgerichte,,MwSt. 7%,1.07,20.373832,1.426168,Normalverkauf
S1000157.24941,SP1000157.34.24941,SY1000157.2026.24941,iPad1(1000157),157,08.06.26 20:21,Prod,A1000157.6574,Tisch 24,118,S1000157.24941,SALE,2,7.9,15.8,0.0,0.0,0.0,0.0,115,Tiramisu,Desserts,,MwSt. 7%,1.07,14.766355,1.033645,Normalverkauf
S1000157.24942,SP1000157.34.24942,SY1000157.2026.24942,iPad1(1000157),157,08.06.26 20:21,Prod,A1000157.6574,Tisch 24,118,S1000157.24942,SALE,2,10.9,21.8,0.0,0.0,0.0,0.0,107,Chicken Burger,Hauptgerichte,,MwSt. 7%,1.07,20.373832,1.426168,Normalverkauf
S1000157.24943,SP1000157.34.24943,SY1000157.2026.24943,iPad1(1000157),157,08.06.26 19:04,Prod,A1000157.6575,Tisch 18,117,S1000157.24943,SALE,1,7.9,7.9,0.0,0.0,0.0,0.0,115,Tiramisu,Desserts,,MwSt. 7%,1.07,7.383178,0.516822,Normalverkauf
S1000157.24944,SP1000157.34.24944,SY1000157.2026.24944,iPad1(1000157),157,08.06.26 19:04,Prod,A1000157.6575,Tisch 18,117,S1000157.24944,SALE,1,6.9,6.9,0.0,0.0,0.0,0.0,103,Fischbrötchen Räucherlachs,Hauptspeisen,,MwSt. 7%,1.07,6.448598,0.451402,Normalverkauf
S1000157.24945,SP1000157.34.24945,SY1000157.2026.24945,iPad1(1000157),157,08.06.26 12:49,Prod,A1000157.6576,Tisch 24,120,S1000157.24945,VOID,1,5.9,5.9,0.0,0.0,0.0,0.0,117,Rote Grütze,Desserts,,MwSt. 7%,1.07,5.514019,0.385981,Normalverkauf
S1000157.24946,SP1000157.34.24946,SY1000157.2026.24946,iPad1(1000157),157,08.06.26 12:49,Prod,A1000157.6576,Tisch 24,120,S1000157.24946,VOID,2,6.5,13.0,0.0,0.0,0.0,0.0,100,Fischbrötchen Backfisch,Hauptspeisen,,MwSt. 7%,1.07,12.149533,0.850467,Normalverkauf
S1000157.24947,SP1000157.34.24947,SY1000157.2026.24947,iPad1(1000157),157,08.06.26 12:49,Prod,A1000157.6576,Tisch 24,120,S1000157.24947,VOID,2,5.9,11.8,0.0,0.0,0.0,0.0,117,Rote Grütze,Desserts,,MwSt. 7%,1.07,11.028037,0.771963,Normalverkauf
S1000157.24948,SP1000157.34.24948,SY1000157.2026.24948,iPad1(1000157),157,08.06.26 18:41,Prod,A1000157.6577,Tisch 12,118,S1000157.24948,SALE,1,11.9,11.9,0.0,0.0,0.0,0.0,110,Matjes-Baguette,Hauptgerichte,,MwSt. 7%,1.07,11.121495,0.778505,Normalverkauf
S1000157.24949,SP1000157.34.24949,SY1000157.2026.24949,iPad1(1000157),157,08.06.26 18:41,Prod,A1000157.6577,Tisch 12,118,S1000157.24949,SALE,2,4.9,9.8,0.0,0.0,0.0,0.0,112,Kartoffelwedges,Beilagen,,MwSt. 7%,1.07,9.158879,0.641121,Normalverkauf
S1000157.24950,SP1000157.34.24950,SY1000157.2026.24950,iPad1(1000157),157,08.06.26 14:36,Prod,A1000157.6578,Tisch 10,118,S1000157.24950,SALE,2,4.2,8.4,0.0,0.0,0.0,0.0,122,Bier,Getränke,,MwSt. 19%,1.19,7.058824,1.341176,Normalverkauf
S1000157.24951,SP1000157.34.24951,SY1000157.2026.24951,iPad1(1000157),157,08.06.26 14:36,Prod,A1000157.6578,Tisch 10,118,S1000157.24951,SALE,1,10.9,10.9,0.0,0.0,0.0,0.0,109,Bismarck-Baguette,Hauptgerichte,,MwSt. 7%,1.07,10.186916,0.713084,Normalverkauf
S1000157.24952,SP1000157.34.24952,SY1000157.2026.24952,iPad1(1000157),157,08.06.26 14:36,Prod,A1000157.6578,Tisch 10,118,S1000157.24952,SALE,2,6.5,13.0,0.0,0.0,0.0,0.0,100,Fischbrötchen Backfisch,Hauptspeisen,,MwSt. 7%,1.07,12.149533,0.850467,Normalverkauf
S1000157.24953,SP1000157.34.24953,SY1000157.2026.24953,iPad1(1000157),157,08.06.26 10:56,Prod,A1000157.6579,Tisch 18,117,S1000157.24953,SALE,1,11.5,11.5,0.0,0.0,0.0,0.0,105,Garnelen-Kimchi-Bruger,Hauptgerichte,,MwSt. 7%,1.07,10.747664,0.752336,Normalverkauf
S1000157.24954,SP1000157.34.24954,SY1000157.2026.24954,iPad1(1000157),157,08.06.26 19:14,Prod,A1000157.6580,Tisch 13,118,S1000157.24954,SALE,2,6.5,13.0,0.0,0.0,0.0,0.0,100,Fischbrötchen Backfisch,Hauptspeisen,,MwSt. 7%,1.07,12.149533,0.850467,Normalverkauf
S1000157.24955,SP1000157.34.24955,SY1000157.2026.24955,iPad1(1000157),157,08.06.26 19:14,Prod,A1000157.6580,Tisch 13,118,S1000157.24955,SALE,1,10.9,10.9,0.0,0.0,0.0,0.0,104,Thunfisch Wrap,Hauptgerichte,,MwSt. 7%,1.07,10.186916,0.713084,Normalverkauf
S1000157.24956,SP1000157.34.24956,SY1000157.2026.24956,iPad1(1000157),157,08.06.26 17:22,Prod,A1000157.6581,Tisch 11,118,S1000157.24956,SALE,2,10.9,21.8,0.0,0.0,0.0,0.0,104,Thunfisch Wrap,Hauptgerichte,,MwSt. 7%,1.07,20.373832,1.426168,Normalverkauf
S1000157.24957,SP1000157.34.24957,SY1000157.2026.24957,iPad1(1000157),157,08.06.26 17:22,Prod,A1000157.6581,Tisch 11,118,S1000157.24957,SALE,2,2.8,5.6,0.0,0.0,0.0,0.0,121,Mineralwasser,Getränke,,MwSt. 19%,1.19,4.705882,0.894118,Normalverkauf
S1000157.24958,SP1000157.34.24958,SY1000157.2026.24958,iPad1(1000157),157,08.06.26 17:22,Prod,A1000157.6581,Tisch 11,118,S1000157.24958,SALE,1,7.9,7.9,0.0,0.0,0.0,0.0,115,Tiramisu,Desserts,,MwSt. 7%,1.07,7.383178,0.516822,Normalverkauf
S1000157.24959,SP1000157.34.24959,SY1000157.2026.24959,iPad1(1000157),157,08.06.26 16:30,Prod,A1000157.6582,Tisch 17,108,S1000157.24959,SALE,1,10.9,10.9,0.0,0.0,0.0,0.0,109,Bismarck-Baguette,Hauptgerichte,,MwSt. 7%,1.07,10.186916,0.713084,Normalverkauf
S1000157.24960,SP1000157.34.24960,SY1000157.2026.24960,iPad1(1000157),157,08.06.26 16:30,Prod,A1000157.6582,Tisch 17,108,S1000157.24960,SALE,2,13.5,27.0,0.0,0.0,0.0,0.0,102,Matjes,Hauptspeisen,,MwSt. 7%,1.07,25.233645,1.766355,Normalverkauf
S1000157.24961,SP1000157.34.24961,SY1000157.2026.24961,iPad1(1000157),157,08.06.26 16:30,Prod,A1000157.6582,Tisch 17,108,S1000157.24961,SALE,2,5.5,11.0,0.0,0.0,0.0,0.0,111,Pommes Frites,Beilagen,,MwSt. 7%,1.07,10.280374,0.719626,Normalverkauf
S1000157.24962,SP1000157.34.24962,SY1000157.2026.24962,iPad1(1000157),157,08.06.26 20:25,Prod,A1000157.6583,Tisch 11,101,S1000157.24962,SALE,2,3.9,7.8,0.0,0.0,0.0,0.0,127,Alkoholfreies Bier,Getränke,,MwSt. 19%,1.19,6.554622,1.245378,Normalverkauf
S1000157.24963,SP1000157.34.24963,SY1000157.2026.24963,iPad1(1000157),157,08.06.26 19:13,Prod,A1000157.6584,,104,S1000157.24963,SALE,1,3.9,3.9,0.0,0.0,0.0,0.0,127,Alkoholfreies Bier,Getränke,,MwSt. 19%,1.19,3.277311,0.622689,Normalverkauf
S1000157.24964,SP1000157.34.24964,SY1000157.2026.24964,iPad1(1000157),157,08.06.26 19:13,Prod,A1000157.6584,,104,S1000157.24964,SALE,2,3.2,6.4,0.0,0.0,0.0,0.0,120,Apfelschorle,Getränke,,MwSt. 19%,1.19,5.378151,1.021849,Normalverkauf
S1000157.24965,SP1000157.34.24965,SY1000157.2026.24965,iPad1(1000157),157,08.06.26 12:16,Prod,A1000157.6585,,120,S1000157.24965,SALE,2,5.5,11.0,0.0,0.0,0.0,0.0,111,Pommes Frites,Beilagen,,MwSt. 7%,1.07,10.280374,0.719626,Normalverkauf
S1000157.24966,SP1000157.34.24966,SY1000157.2026.24966,iPad1(1000157),157,08.06.26 12:16,Prod,A1000157.6585,,120,S1000157.24966,SALE,1,5.9,5.9,0.0,0.0,0.0,0.0,125,Zitronen-Limonade,Getränke,,MwSt. 19%,1.19,4.957983,0.942017,Normalverkauf
S1000157.24967,SP1000157.34.24967,SY1000157.2026.24967,iPad1(1000157),157,08.06.26 12:16,Prod,A1000157.6585,,120,S1000157.24967,SALE,2,5.5,11.0,0.0,0.0,0.0,0.0,114,Fisch Nuggets Box,Beilagen,,MwSt. 7%,1.07,10.280374,0.719626,Normalverkauf
S1000157.24968,SP1000157.34.24968,SY1000157.2026.24968,iPad1(1000157),157,08.06.26 08:29,Prod,A1000157.6586,,115,S1000157.24968,SALE,2,3.9,7.8,0.0,0.0,0.0,0.0,124,Cola Zero,Getränke,,MwSt. 19%,1.19,6.554622,1.245378,Normalverkauf
S1000157.24969,SP1000157.34.24969,SY1000157.2026.24969,iPad1(1000157),157,08.06.26 08:29,Prod,A1000157.6586,,115,S1000157.24969,SALE,2,4.2,8.4,0.0,0.0,0.0,0.0,122,Bier,Getränke,,MwSt. 19%,1.19,7.058824,1.341176,Normalverkauf
S1000157.24970,SP1000157.34.24970,SY1000157.2026.24970,iPad1(1000157),157,08.06.26 08:29,Prod,A1000157.6586,,115,S1000157.24970,SALE,1,13.5,13.5,0.0,0.0,0.0,0.0,102,Matjes,Hauptspeisen,,MwSt. 7%,1.07,12.616822,0.883178,Normalverkauf
S1000157.24971,SP1000157.34.24971,SY1000157.2026.24971,iPad1(1000157),157,08.06.26 17:22,Prod,A1000157.6587,Tisch 23,115,S1000157.24971,VOID,2,10.9,21.8,0.0,0.0,0.0,0.0,107,Chicken Burger,Hauptgerichte,,MwSt. 7%,1.07,20.373832,1.426168,Normalverkauf
S1000157.24972,SP1000157.34.24972,SY1000157.2026.24972,iPad1(1000157),157,08.06.26 10:37,Prod,A1000157.6588,Tisch 23,117,S1000157.24972,SALE,2,6.5,13.0,0.0,0.0,0.0,0.0,100,Fischbrötchen Backfisch,Hauptspeisen,,MwSt. 7%,1.07,12.149533,0.850467,Normalverkauf
S1000157.24973,SP1000157.34.24973,SY1000157.2026.24973,iPad1(1000157),157,08.06.26 13:03,Prod,A1000157.6589,Tisch 10,104,S1000157.24973,SALE,1,10.9,10.9,0.0,0.0,0.0,0.0,107,Chicken Burger,Hauptgerichte,,MwSt. 7%,1.07,10.186916,0.713084,Normalverkauf
S1000157.24974,SP1000157.34.24974,SY1000157.2026.24974,iPad1(1000157),157,08.06.26 13:03,Prod,A1000157.6589,Tisch 10,104,S1000157.24974,SALE,1,5.9,5.9,0.0,0.0,0.0,0.0,117,Rote Grütze,Desserts,,MwSt. 7%,1.07,5.514019,0.385981,Normalverkauf
S1000157.24975,SP1000157.34.24975,SY1000157.2026.24975,iPad1(1000157),157,08.06.26 16:19,Prod,A1000157.6590,Tisch 23,101,S1000157.24975,SALE,2,6.5,13.0,0.0,0.0,0.0,0.0,100,Fischbrötchen Backfisch,Hauptspeisen,,MwSt. 7%,1.07,12.149533,0.850467,Normalverkauf
S1000157.24976,SP1000157.34.24976,SY1000157.2026.24976,iPad1(1000157),157,08.06.26 16:19,Prod,A1000157.6590,Tisch 23,101,S1000157.24976,SALE,2,10.9,21.8,0.0,0.0,0.0,0.0,104,Thunfisch Wrap,Hauptgerichte,,MwSt. 7%,1.07,20.373832,1.426168,Normalverkauf
S1000157.24977,SP1000157.34.24977,SY1000157.2026.24977,iPad1(1000157),157,08.06.26 16:05,Prod,A1000157.6591,Tisch 20,108,S1000157.24977,SALE,2,9.8,19.6,0.0,0.0,0.0,0.0,108,Seelachs-Ei-Baugette,Hauptgerichte,,MwSt. 7%,1.07,18.317757,1.282243,Normalverkauf
S1000157.24978,SP1000157.34.24978,SY1000157.2026.24978,iPad1(1000157),157,08.06.26 16:05,Prod,A1000157.6591,Tisch 20,108,S1000157.24978,SALE,2,5.5,11.0,0.0,0.0,0.0,0.0,111,Pommes Frites,Beilagen,,MwSt. 7%,1.07,10.280374,0.719626,Normalverkauf
S1000157.24979,SP1000157.34.24979,SY1000157.2026.24979,iPad1(1000157),157,08.06.26 10:50,Prod,A1000157.6592,Tisch 24,104,S1000157.24979,SALE,2,5.9,11.8,0.0,0.0,0.0,0.0,125,Zitronen-Limonade,Getränke,,MwSt. 19%,1.19,9.915966,1.884034,Normalverkauf
S1000157.24980,SP1000157.34.24980,SY1000157.2026.24980,iPad1(1000157),157,08.06.26 18:07,Prod,A1000157.6593,Tisch 13,117,S1000157.24980,SALE,1,3.2,3.2,0.0,0.0,0.0,0.0,120,Apfelschorle,Getränke,,MwSt. 19%,1.19,2.689076,0.510924,Normalverkauf
S1000157.24981,SP1000157.34.24981,SY1000157.2026.24981,iPad1(1000157),157,08.06.26 13:19,Prod,A1000157.6594,Tisch 24,117,S1000157.24981,SALE,1,5.9,5.9,0.0,0.0,0.0,0.0,116,Vanillequark,Desserts,,MwSt. 7%,1.07,5.514019,0.385981,Normalverkauf
S1000157.24982,SP1000157.34.24982,SY1000157.2026.24982,iPad1(1000157),157,08.06.26 13:19,Prod,A1000157.6594,Tisch 24,117,S1000157.24982,SALE,1,3.9,3.9,0.0,0.0,0.0,0.0,126,Spezi,Getränke,,MwSt. 19%,1.19,3.277311,0.622689,Normalverkauf
S1000157.24983,SP1000157.34.24983,SY1000157.2026.24983,iPad1(1000157),157,08.06.26 13:19,Prod,A1000157.6594,Tisch 24,117,S1000157.24983,SALE,1,3.9,3.9,0.0,0.0,0.0,0.0,119,Cola,Getränke,,MwSt. 19%,1.19,3.277311,0.622689,Normalverkauf
S1000157.24984,SP1000157.34.24984,SY1000157.2026.24984,iPad1(1000157),157,08.06.26 13:08,Prod,A1000157.6595,,101,S1000157.24984,SALE,2,2.8,5.6,0.0,0.0,0.0,0.0,121,Mineralwasser,Getränke,,MwSt. 19%,1.19,4.705882,0.894118,Normalverkauf
S1000157.24985,SP1000157.34.24985,SY1000157.2026.24985,iPad1(1000157),157,08.06.26 13:08,Prod,A1000157.6595,,101,S1000157.24985,SALE,2,10.9,21.8,0.0,0.0,0.0,0.0,109,Bismarck-Baguette,Hauptgerichte,,MwSt. 7%,1.07,20.373832,1.426168,Normalverkauf
S1000157.24986,SP1000157.34.24986,SY1000157.2026.24986,iPad1(1000157),157,08.06.26 13:08,Prod,A1000157.6595,,101,S1000157.24986,SALE,1,10.9,10.9,0.0,0.0,0.0,0.0,104,Thunfisch Wrap,Hauptgerichte,,MwSt. 7%,1.07,10.186916,0.713084,Normalverkauf
S1000157.24987,SP1000157.34.24987,SY1000157.2026.24987,iPad1(1000157),157,08.06.26 16:17,Prod,A1000157.6596,Tisch 19,101,S1000157.24987,SALE,2,2.8,5.6,0.0,0.0,0.0,0.0,121,Mineralwasser,Getränke,,MwSt. 19%,1.19,4.705882,0.894118,Normalverkauf
S1000157.24988,SP1000157.34.24988,SY1000157.2026.24988,iPad1(1000157),157,08.06.26 16:17,Prod,A1000157.6596,Tisch 19,101,S1000157.24988,SALE,1,4.2,4.2,0.0,0.0,0.0,0.0,122,Bier,Getränke,,MwSt. 19%,1.19,3.529412,0.670588,Normalverkauf
S1000157.24989,SP1000157.34.24989,SY1000157.2026.24989,iPad1(1000157),157,08.06.26 16:17,Prod,A1000157.6596,Tisch 19,101,S1000157.24989,SALE,2,5.9,11.8,0.0,0.0,0.0,0.0,123,Inger-Limonade,Getränke,,MwSt. 19%,1.19,9.915966,1.884034,Normalverkauf
S1000157.24990,SP1000157.34.24990,SY1000157.2026.24990,iPad1(1000157),157,08.06.26 17:43,Prod,A1000157.6597,Tisch 17,104,S1000157.24990,SALE,1,4.2,4.2,0.0,0.0,0.0,0.0,122,Bier,Getränke,,MwSt. 19%,1.19,3.529412,0.670588,Normalverkauf
S1000157.24991,SP1000157.34.24991,SY1000157.2026.24991,iPad1(1000157),157,08.06.26 17:43,Prod,A1000157.6597,Tisch 17,104,S1000157.24991,SALE,1,3.2,3.2,0.0,0.0,0.0,0.0,120,Apfelschorle,Getränke,,MwSt. 19%,1.19,2.689076,0.510924,Normalverkauf
S1000157.24992,SP1000157.34.24992,SY1000157.2026.24992,iPad1(1000157),157,08.06.26 17:43,Prod,A1000157.6597,Tisch 17,104,S1000157.24992,SALE,2,10.9,21.8,0.0,0.0,0.0,0.0,107,Chicken Burger,Hauptgerichte,,MwSt. 7%,1.07,20.373832,1.426168,Normalverkauf
S1000157.24993,SP1000157.34.24993,SY1000157.2026.24993,iPad1(1000157),157,08.06.26 16:52,Prod,A1000157.6598,Tisch 14,118,S1000157.24993,SALE,2,10.9,21.8,0.0,0.0,0.0,0.0,104,Thunfisch Wrap,Hauptgerichte,,MwSt. 7%,1.07,20.373832,1.426168,Normalverkauf
S1000157.24994,SP1000157.34.24994,SY1000157.2026.24994,iPad1(1000157),157,08.06.26 16:52,Prod,A1000157.6598,Tisch 14,118,S1000157.24994,SALE,2,6.9,13.8,0.0,0.0,0.0,0.0,103,Fischbrötchen Räucherlachs,Hauptspeisen,,MwSt. 7%,1.07,12.897196,0.902804,Normalverkauf
S1000157.24995,SP1000157.34.24995,SY1000157.2026.24995,iPad1(1000157),157,08.06.26 16:52,Prod,A1000157.6598,Tisch 14,118,S1000157.24995,SALE,1,3.9,3.9,0.0,0.0,0.0,0.0,126,Spezi,Getränke,,MwSt. 19%,1.19,3.277311,0.622689,Normalverkauf
S1000157.24996,SP1000157.34.24996,SY1000157.2026.24996,iPad1(1000157),157,08.06.26 19:27,Prod,A1000157.6599,Tisch 1,115,S1000157.24996,SALE,2,4.9,9.8,0.0,0.0,0.0,0.0,112,Kartoffelwedges,Beilagen,,MwSt. 7%,1.07,9.158879,0.641121,Normalverkauf
S1000157.24997,SP1000157.34.24997,SY1000157.2026.24997,iPad1(1000157),157,08.06.26 19:27,Prod,A1000157.6599,Tisch 1,115,S1000157.24997,SALE,1,6.9,6.9,0.0,0.0,0.0,0.0,113,Garnelen Box,Beilagen,,MwSt. 7%,1.07,6.448598,0.451402,Normalverkauf
S1000157.24998,SP1000157.34.24998,SY1000157.2026.24998,iPad1(1000157),157,08.06.26 14:14,Prod,A1000157.6600,Tisch 23,108,S1000157.24998,SALE,1,4.2,4.2,0.0,0.0,0.0,0.0,122,Bier,Getränke,,MwSt. 19%,1.19,3.529412,0.670588,Normalverkauf
S1000157.24999,SP1000157.34.24999,SY1000157.2026.24999,iPad1(1000157),157,08.06.26 14:14,Prod,A1000157.6600,Tisch 23,108,S1000157.24999,SALE,1,3.9,3.9,0.0,0.0,0.0,0.0,126,Spezi,Getränke,,MwSt. 19%,1.19,3.277311,0.622689,Normalverkauf
S1000157.25000,SP1000157.34.25000,SY1000157.2026.25000,iPad1(1000157),157,08.06.26 14:14,Prod,A1000157.6600,Tisch 23,108,S1000157.25000,SALE,2,14.5,29.0,0.0,0.0,0.0,0.0,101,Lachs,Hauptspeisen,,MwSt. 7%,1.07,27.102804,1.897196,Normalverkauf
S1000157.25001,SP1000157.34.25001,SY1000157.2026.25001,iPad1(1000157),157,08.06.26 12:58,Prod,A1000157.6601,Tisch 12,115,S1000157.25001,SALE,2,5.5,11.0,0.0,0.0,0.0,0.0,111,Pommes Frites,Beilagen,,MwSt. 7%,1.07,10.280374,0.719626,Normalverkauf
S1000157.25002,SP1000157.34.25002,SY1000157.2026.25002,iPad1(1000157),157,08.06.26 12:58,Prod,A1000157.6601,Tisch 12,115,S1000157.25002,SALE,1,2.8,2.8,0.0,0.0,0.0,0.0,121,Mineralwasser,Getränke,,MwSt. 19%,1.19,2.352941,0.447059,Normalverkauf
S1000157.25003,SP1000157.34.25003,SY1000157.2026.25003,iPad1(1000157),157,08.06.26 09:47,Prod,A1000157.6602,,117,S1000157.25003,SALE,2,6.9,13.8,0.0,0.0,0.0,0.0,103,Fischbrötchen Räucherlachs,Hauptspeisen,,MwSt. 7%,1.07,12.897196,0.902804,Normalverkauf
S1000157.25004,SP1000157.34.25004,SY1000157.2026.25004,iPad1(1000157),157,08.06.26 09:47,Prod,A1000157.6602,,117,S1000157.25004,SALE,1,10.9,10.9,0.0,0.0,0.0,0.0,109,Bismarck-Baguette,Hauptgerichte,,MwSt. 7%,1.07,10.186916,0.713084,Normalverkauf
S1000157.25005,SP1000157.34.25005,SY1000157.2026.25005,iPad1(1000157),157,08.06.26 09:47,Prod,A1000157.6602,,117,S1000157.25005,SALE,2,5.5,11.0,0.0,0.0,0.0,0.0,111,Pommes Frites,Beilagen,,MwSt. 7%,1.07,10.280374,0.719626,Normalverkauf
S1000157.25006,SP1000157.34.25006,SY1000157.2026.25006,iPad1(1000157),157,08.06.26 10:33,Prod,A1000157.6603,Tisch 12,115,S1000157.25006,SALE,2,4.2,8.4,0.0,0.0,0.0,0.0,122,Bier,Getränke,,MwSt. 19%,1.19,7.058824,1.341176,Normalverkauf
S1000157.25007,SP1000157.34.25007,SY1000157.2026.25007,iPad1(1000157),157,08.06.26 10:33,Prod,A1000157.6603,Tisch 12,115,S1000157.25007,SALE,1,4.9,4.9,0.0,0.0,0.0,0.0,112,Kartoffelwedges,Beilagen,,MwSt. 7%,1.07,4.579439,0.320561,Normalverkauf
S1000157.25008,SP1000157.34.25008,SY1000157.2026.25008,iPad1(1000157),157,08.06.26 10:33,Prod,A1000157.6603,Tisch 12,115,S1000157.25008,SALE,1,3.9,3.9,0.0,0.0,0.0,0.0,124,Cola Zero,Getränke,,MwSt. 19%,1.19,3.277311,0.622689,Normalverkauf
S1000157.25009,SP1000157.34.25009,SY1000157.2026.25009,iPad1(1000157),157,08.06.26 10:13,Prod,A1000157.6604,Tisch 6,117,S1000157.25009,SALE,1,4.2,4.2,0.0,0.0,0.0,0.0,122,Bier,Getränke,,MwSt. 19%,1.19,3.529412,0.670588,Normalverkauf
S1000157.25010,SP1000157.34.25010,SY1000157.2026.25010,iPad1(1000157),157,08.06.26 10:13,Prod,A1000157.6604,Tisch 6,117,S1000157.25010,SALE,2,4.9,9.8,0.0,0.0,0.0,0.0,112,Kartoffelwedges,Beilagen,,MwSt. 7%,1.07,9.158879,0.641121,Normalverkauf
S1000157.25011,SP1000157.34.25011,SY1000157.2026.25011,iPad1(1000157),157,08.06.26 11:11,Prod,A1000157.6605,Tisch 4,115,S1000157.25011,SALE,1,5.9,5.9,0.0,0.0,0.0,0.0,125,Zitronen-Limonade,Getränke,,MwSt. 19%,1.19,4.957983,0.942017,Normalverkauf
S1000157.25012,SP1000157.34.25012,SY1000157.2026.25012,iPad1(1000157),157,08.06.26 11:11,Prod,A1000157.6605,Tisch 4,115,S1000157.25012,SALE,2,13.5,27.0,0.0,0.0,0.0,0.0,102,Matjes,Hauptspeisen,,MwSt. 7%,1.07,25.233645,1.766355,Normalverkauf
S1000157.25013,SP1000157.34.25013,SY1000157.2026.25013,iPad1(1000157),157,08.06.26 19:13,Prod,A1000157.6606,Tisch 12,115,S1000157.25013,SALE,1,2.8,2.8,0.0,0.0,0.0,0.0,121,Mineralwasser,Getränke,,MwSt. 19%,1.19,2.352941,0.447059,Normalverkauf
S1000157.25014,SP1000157.34.25014,SY1000157.2026.25014,iPad1(1000157),157,08.06.26 19:13,Prod,A1000157.6606,Tisch 12,115,S1000157.25014,SALE,2,10.9,21.8,0.0,0.0,0.0,0.0,104,Thunfisch Wrap,Hauptgerichte,,MwSt. 7%,1.07,20.373832,1.426168,Normalverkauf
S1000157.25015,SP1000157.34.25015,SY1000157.2026.25015,iPad1(1000157),157,08.06.26 19:47,Prod,A1000157.6607,Tisch 11,108,S1000157.25015,SALE,1,3.9,3.9,0.0,0.0,0.0,0.0,126,Spezi,Getränke,,MwSt. 19%,1.19,3.277311,0.622689,Normalverkauf
S1000157.25016,SP1000157.34.25016,SY1000157.2026.25016,iPad1(1000157),157,08.06.26 19:47,Prod,A1000157.6607,Tisch 11,108,S1000157.25016,SALE,1,5.5,5.5,0.0,0.0,0.0,0.0,111,Pommes Frites,Beilagen,,MwSt. 7%,1.07,5.140187,0.359813,Normalverkauf
S1000157.25017,SP1000157.34.25017,SY1000157.2026.25017,iPad1(1000157),157,08.06.26 19:47,Prod,A1000157.6607,Tisch 11,108,S1000157.25017,SALE,1,5.9,5.9,0.0,0.0,0.0,0.0,123,Inger-Limonade,Getränke,,MwSt. 19%,1.19,4.957983,0.942017,Normalverkauf
S1000157.25018,SP1000157.34.25018,SY1000157.2026.25018,iPad1(1000157),157,08.06.26 15:50,Prod,A1000157.6608,Tisch 11,115,S1000157.25018,SALE,2,5.9,11.8,0.0,0.0,0.0,0.0,123,Inger-Limonade,Getränke,,MwSt. 19%,1.19,9.915966,1.884034,Normalverkauf
S1000157.25019,SP1000157.34.25019,SY1000157.2026.25019,iPad1(1000157),157,08.06.26 15:50,Prod,A1000157.6608,Tisch 11,115,S1000157.25019,SALE,1,5.5,5.5,0.0,0.0,0.0,0.0,111,Pommes Frites,Beilagen,,MwSt. 7%,1.07,5.140187,0.359813,Normalverkauf
S1000157.25020,SP1000157.34.25020,SY1000157.2026.25020,iPad1(1000157),157,08.06.26 18:23,Prod,A1000157.6609,Tisch 1,117,S1000157.25020,SALE,2,10.9,21.8,0.0,0.0,0.0,0.0,104,Thunfisch Wrap,Hauptgerichte,,MwSt. 7%,1.07,20.373832,1.426168,Normalverkauf
S1000157.25021,SP1000157.34.25021,SY1000157.2026.25021,iPad1(1000157),157,08.06.26 18:23,Prod,A1000157.6609,Tisch 1,117,S1000157.25021,SALE,1,2.8,2.8,0.0,0.0,0.0,0.0,121,Mineralwasser,Getränke,,MwSt. 19%,1.19,2.352941,0.447059,Normalverkauf
S1000157.25022,SP1000157.34.25022,SY1000157.2026.25022,iPad1(1000157),157,08.06.26 08:04,Prod,A1000157.6610,Tisch 10,118,S1000157.25022,SALE,2,4.2,8.4,0.0,0.0,0.0,0.0,122,Bier,Getränke,,MwSt. 19%,1.19,7.058824,1.341176,Normalverkauf
S1000157.25023,SP1000157.34.25023,SY1000157.2026.25023,iPad1(1000157),157,08.06.26 08:04,Prod,A1000157.6610,Tisch 10,118,S1000157.25023,SALE,2,3.2,6.4,0.0,0.0,0.0,0.0,120,Apfelschorle,Getränke,,MwSt. 19%,1.19,5.378151,1.021849,Normalverkauf
S1000157.25024,SP1000157.34.25024,SY1000157.2026.25024,iPad1(1000157),157,08.06.26 08:04,Prod,A1000157.6610,Tisch 10,118,S1000157.25024,SALE,2,2.8,5.6,0.0,0.0,0.0,0.0,121,Mineralwasser,Getränke,,MwSt. 19%,1.19,4.705882,0.894118,Normalverkauf
S1000157.25025,SP1000157.34.25025,SY1000157.2026.25025,iPad1(1000157),157,08.06.26 20:05,Prod,A1000157.6611,Tisch 23,118,S1000157.25025,SALE,2,14.5,29.0,0.0,0.0,0.0,0.0,101,Lachs,Hauptspeisen,,MwSt. 7%,1.07,27.102804,1.897196,Normalverkauf
S1000157.25026,SP1000157.34.25026,SY1000157.2026.25026,iPad1(1000157),157,08.06.26 20:05,Prod,A1000157.6611,Tisch 23,118,S1000157.25026,SALE,2,4.9,9.8,0.0,0.0,0.0,0.0,112,Kartoffelwedges,Beilagen,,MwSt. 7%,1.07,9.158879,0.641121,Normalverkauf
S1000157.25027,SP1000157.34.25027,SY1000157.2026.25027,iPad1(1000157),157,08.06.26 20:05,Prod,A1000157.6611,Tisch 23,118,S1000157.25027,SALE,2,7.9,15.8,0.0,0.0,0.0,0.0,106,Neptun-Ringe,Beilagen,,MwSt. 7%,1.07,14.766355,1.033645,Normalverkauf
S1000157.25028,SP1000157.34.25028,SY1000157.2026.25028,iPad1(1000157),157,08.06.26 17:57,Prod,A1000157.6612,Tisch 6,117,S1000157.25028,SALE,2,4.9,9.8,0.0,0.0,0.0,0.0,112,Kartoffelwedges,Beilagen,,MwSt. 7%,1.07,9.158879,0.641121,Normalverkauf
S1000157.25029,SP1000157.34.25029,SY1000157.2026.25029,iPad1(1000157),157,08.06.26 17:57,Prod,A1000157.6612,Tisch 6,117,S1000157.25029,SALE,2,3.9,7.8,0.0,0.0,0.0,0.0,119,Cola,Getränke,,MwSt. 19%,1.19,6.554622,1.245378,Normalverkauf
S1000157.25030,SP1000157.34.25030,SY1000157.2026.25030,iPad1(1000157),157,08.06.26 17:57,Prod,A1000157.6612,Tisch 6,117,S1000157.25030,SALE,2,5.9,11.8,0.0,0.0,0.0,0.0,116,Vanillequark,Desserts,,MwSt. 7%,1.07,11.028037,0.771963,Normalverkauf
S1000157.25031,SP1000157.34.25031,SY1000157.2026.25031,iPad1(1000157),157,08.06.26 16:08,Prod,A1000157.6613,Tisch 1,108,S1000157.25031,VOID,1,2.8,2.8,0.0,0.0,0.0,0.0,121,Mineralwasser,Getränke,,MwSt. 19%,1.19,2.352941,0.447059,Normalverkauf
S1000157.25032,SP1000157.34.25032,SY1000157.2026.25032,iPad1(1000157),157,08.06.26 16:08,Prod,A1000157.6613,Tisch 1,108,S1000157.25032,VOID,2,7.9,15.8,0.0,0.0,0.0,0.0,115,Tiramisu,Desserts,,MwSt. 7%,1.07,14.766355,1.033645,Normalverkauf
S1000157.25033,SP1000157.34.25033,SY1000157.2026.25033,iPad1(1000157),157,08.06.26 16:08,Prod,A1000157.6613,Tisch 1,108,S1000157.25033,VOID,1,10.9,10.9,0.0,0.0,0.0,0.0,104,Thunfisch Wrap,Hauptgerichte,,MwSt. 7%,1.07,10.186916,0.713084,Normalverkauf
S1000157.25034,SP1000157.34.25034,SY1000157.2026.25034,iPad1(1000157),157,08.06.26 10:57,Prod,A1000157.6614,Tisch 3,120,S1000157.25034,VOID,1,10.9,10.9,0.0,0.0,0.0,0.0,107,Chicken Burger,Hauptgerichte,,MwSt. 7%,1.07,10.186916,0.713084,Normalverkauf
S1000157.25035,SP1000157.34.25035,SY1000157.2026.25035,iPad1(1000157),157,08.06.26 10:57,Prod,A1000157.6614,Tisch 3,120,S1000157.25035,VOID,2,14.5,29.0,0.0,0.0,0.0,0.0,101,Lachs,Hauptspeisen,,MwSt. 7%,1.07,27.102804,1.897196,Normalverkauf
S1000157.25036,SP1000157.34.25036,SY1000157.2026.25036,iPad1(1000157),157,08.06.26 10:57,Prod,A1000157.6614,Tisch 3,120,S1000157.25036,VOID,1,10.9,10.9,0.0,0.0,0.0,0.0,109,Bismarck-Baguette,Hauptgerichte,,MwSt. 7%,1.07,10.186916,0.713084,Normalverkauf
S1000157.25037,SP1000157.34.25037,SY1000157.2026.25037,iPad1(1000157),157,08.06.26 13:30,Prod,A1000157.6615,Tisch 13,118,S1000157.25037,SALE,1,14.5,14.5,0.0,0.0,0.0,0.0,101,Lachs,Hauptspeisen,,MwSt. 7%,1.07,13.551402,0.948598,Normalverkauf
S1000157.25038,SP1000157.34.25038,SY1000157.2026.25038,iPad1(1000157),157,08.06.26 13:30,Prod,A1000157.6615,Tisch 13,118,S1000157.25038,SALE,2,3.2,6.4,0.0,0.0,0.0,0.0,120,Apfelschorle,Getränke,,MwSt. 19%,1.19,5.378151,1.021849,Normalverkauf
S1000157.25039,SP1000157.34.25039,SY1000157.2026.25039,iPad1(1000157),157,08.06.26 13:30,Prod,A1000157.6615,Tisch 13,118,S1000157.25039,SALE,1,10.9,10.9,0.0,0.0,0.0,0.0,107,Chicken Burger,Hauptgerichte,,MwSt. 7%,1.07,10.186916,0.713084,Normalverkauf
S1000157.25040,SP1000157.34.25040,SY1000157.2026.25040,iPad1(1000157),157,08.06.26 13:24,Prod,A1000157.6616,Tisch 20,108,S1000157.25040,SALE,2,5.5,11.0,0.0,0.0,0.0,0.0,114,Fisch Nuggets Box,Beilagen,,MwSt. 7%,1.07,10.280374,0.719626,Normalverkauf
S1000157.25041,SP1000157.34.25041,SY1000157.2026.25041,iPad1(1000157),157,08.06.26 13:24,Prod,A1000157.6616,Tisch 20,108,S1000157.25041,SALE,1,6.9,6.9,0.0,0.0,0.0,0.0,103,Fischbrötchen Räucherlachs,Hauptspeisen,,MwSt. 7%,1.07,6.448598,0.451402,Normalverkauf
S1000157.25042,SP1000157.34.25042,SY1000157.2026.25042,iPad1(1000157),157,08.06.26 13:24,Prod,A1000157.6616,Tisch 20,108,S1000157.25042,SALE,2,4.2,8.4,0.0,0.0,0.0,0.0,122,Bier,Getränke,,MwSt. 19%,1.19,7.058824,1.341176,Normalverkauf
S1000157.25043,SP1000157.34.25043,SY1000157.2026.25043,iPad1(1000157),157,08.06.26 17:07,Prod,A1000157.6617,Tisch 10,115,S1000157.25043,VOID,1,6.9,6.9,0.0,0.0,0.0,0.0,103,Fischbrötchen Räucherlachs,Hauptspeisen,,MwSt. 7%,1.07,6.448598,0.451402,Normalverkauf
S1000157.25044,SP1000157.34.25044,SY1000157.2026.25044,iPad1(1000157),157,08.06.26 10:55,Prod,A1000157.6618,Tisch 24,117,S1000157.25044,SALE,2,5.9,11.8,0.0,0.0,0.0,0.0,116,Vanillequark,Desserts,,MwSt. 7%,1.07,11.028037,0.771963,Normalverkauf
S1000157.25045,SP1000157.34.25045,SY1000157.2026.25045,iPad1(1000157),157,08.06.26 13:56,Prod,A1000157.6619,Tisch 9,118,S1000157.25045,SALE,2,4.9,9.8,0.0,0.0,0.0,0.0,112,Kartoffelwedges,Beilagen,,MwSt. 7%,1.07,9.158879,0.641121,Normalverkauf
S1000157.25046,SP1000157.34.25046,SY1000157.2026.25046,iPad1(1000157),157,08.06.26 20:32,Prod,A1000157.6620,Tisch 10,120,S1000157.25046,SALE,2,5.9,11.8,0.0,0.0,0.0,0.0,116,Vanillequark,Desserts,,MwSt. 7%,1.07,11.028037,0.771963,Normalverkauf
S1000157.25047,SP1000157.34.25047,SY1000157.2026.25047,iPad1(1000157),157,08.06.26 20:32,Prod,A1000157.6620,Tisch 10,120,S1000157.25047,SALE,1,3.2,3.2,0.0,0.0,0.0,0.0,120,Apfelschorle,Getränke,,MwSt. 19%,1.19,2.689076,0.510924,Normalverkauf
S1000157.25048,SP1000157.34.25048,SY1000157.2026.25048,iPad1(1000157),157,08.06.26 15:03,Prod,A1000157.6621,Tisch 14,117,S1000157.25048,SALE,1,5.9,5.9,0.0,0.0,0.0,0.0,116,Vanillequark,Desserts,,MwSt. 7%,1.07,5.514019,0.385981,Normalverkauf
S1000157.25049,SP1000157.34.25049,SY1000157.2026.25049,iPad1(1000157),157,08.06.26 10:58,Prod,A1000157.6622,Tisch 10,120,S1000157.25049,SALE,2,7.9,15.8,0.0,0.0,0.0,0.0,115,Tiramisu,Desserts,,MwSt. 7%,1.07,14.766355,1.033645,Normalverkauf
S1000157.25050,SP1000157.34.25050,SY1000157.2026.25050,iPad1(1000157),157,08.06.26 10:58,Prod,A1000157.6622,Tisch 10,120,S1000157.25050,SALE,1,3.9,3.9,0.0,0.0,0.0,0.0,119,Cola,Getränke,,MwSt. 19%,1.19,3.277311,0.622689,Normalverkauf
S1000157.25051,SP1000157.34.25051,SY1000157.2026.25051,iPad1(1000157),157,08.06.26 10:01,Prod,A1000157.6623,Tisch 6,120,S1000157.25051,SALE,2,2.8,5.6,0.0,0.0,0.0,0.0,121,Mineralwasser,Getränke,,MwSt. 19%,1.19,4.705882,0.894118,Normalverkauf
S1000157.25052,SP1000157.34.25052,SY1000157.2026.25052,iPad1(1000157),157,08.06.26 10:01,Prod,A1000157.6623,Tisch 6,120,S1000157.25052,SALE,2,4.9,9.8,0.0,0.0,0.0,0.0,112,Kartoffelwedges,Beilagen,,MwSt. 7%,1.07,9.158879,0.641121,Normalverkauf
S1000157.25053,SP1000157.34.25053,SY1000157.2026.25053,iPad1(1000157),157,08.06.26 10:01,Prod,A1000157.6623,Tisch 6,120,S1000157.25053,SALE,2,4.9,9.8,0.0,0.0,0.0,0.0,112,Kartoffelwedges,Beilagen,,MwSt. 7%,1.07,9.158879,0.641121,Normalverkauf
S1000157.25054,SP1000157.34.25054,SY1000157.2026.25054,iPad1(1000157),157,08.06.26 20:17,Prod,A1000157.6624,Tisch 19,120,S1000157.25054,SALE,2,3.9,7.8,0.0,0.0,0.0,0.0,119,Cola,Getränke,,MwSt. 19%,1.19,6.554622,1.245378,Normalverkauf
S1000157.25055,SP1000157.34.25055,SY1000157.2026.25055,iPad1(1000157),157,08.06.26 20:17,Prod,A1000157.6624,Tisch 19,120,S1000157.25055,SALE,1,4.9,4.9,0.0,0.0,0.0,0.0,112,Kartoffelwedges,Beilagen,,MwSt. 7%,1.07,4.579439,0.320561,Normalverkauf
S1000157.25056,SP1000157.34.25056,SY1000157.2026.25056,iPad1(1000157),157,08.06.26 18:41,Prod,A1000157.6625,Tisch 21,117,S1000157.25056,SALE,2,3.9,7.8,0.0,0.0,0.0,0.0,119,Cola,Getränke,,MwSt. 19%,1.19,6.554622,1.245378,Normalverkauf
S1000157.25057,SP1000157.34.25057,SY1000157.2026.25057,iPad1(1000157),157,08.06.26 18:41,Prod,A1000157.6625,Tisch 21,117,S1000157.25057,SALE,2,4.2,8.4,0.0,0.0,0.0,0.0,122,Bier,Getränke,,MwSt. 19%,1.19,7.058824,1.341176,Normalverkauf
S1000157.25058,SP1000157.34.25058,SY1000157.2026.25058,iPad1(1000157),157,08.06.26 18:41,Prod,A1000157.6625,Tisch 21,117,S1000157.25058,SALE,2,3.9,7.8,0.0,0.0,0.0,0.0,119,Cola,Getränke,,MwSt. 19%,1.19,6.554622,1.245378,Normalverkauf
S1000157.25059,SP1000157.34.25059,SY1000157.2026.25059,iPad1(1000157),157,08.06.26 18:13,Prod,A1000157.6626,Tisch 6,117,S1000157.25059,SALE,2,6.5,13.0,0.0,0.0,0.0,0.0,100,Fischbrötchen Backfisch,Hauptspeisen,,MwSt. 7%,1.07,12.149533,0.850467,Normalverkauf
S1000157.25060,SP1000157.34.25060,SY1000157.2026.25060,iPad1(1000157),157,08.06.26 18:13,Prod,A1000157.6626,Tisch 6,117,S1000157.25060,SALE,2,10.9,21.8,0.0,0.0,0.0,0.0,104,Thunfisch Wrap,Hauptgerichte,,MwSt. 7%,1.07,20.373832,1.426168,Normalverkauf
S1000157.25061,SP1000157.34.25061,SY1000157.2026.25061,iPad1(1000157),157,08.06.26 18:13,Prod,A1000157.6626,Tisch 6,117,S1000157.25061,SALE,1,14.5,14.5,0.0,0.0,0.0,0.0,101,Lachs,Hauptspeisen,,MwSt. 7%,1.07,13.551402,0.948598,Normalverkauf
S1000157.25062,SP1000157.34.25062,SY1000157.2026.25062,iPad1(1000157),157,08.06.26 20:11,Prod,A1000157.6627,Tisch 10,120,S1000157.25062,SALE,1,10.9,10.9,0.0,0.0,0.0,0.0,104,Thunfisch Wrap,Hauptgerichte,,MwSt. 7%,1.07,10.186916,0.713084,Normalverkauf
S1000157.25063,SP1000157.34.25063,SY1000157.2026.25063,iPad1(1000157),157,08.06.26 16:41,Prod,A1000157.6628,Tisch 21,118,S1000157.25063,SALE,1,3.9,3.9,0.0,0.0,0.0,0.0,127,Alkoholfreies Bier,Getränke,,MwSt. 19%,1.19,3.277311,0.622689,Normalverkauf
S1000157.25064,SP1000157.34.25064,SY1000157.2026.25064,iPad1(1000157),157,08.06.26 16:41,Prod,A1000157.6628,Tisch 21,118,S1000157.25064,SALE,1,6.5,6.5,0.0,0.0,0.0,0.0,100,Fischbrötchen Backfisch,Hauptspeisen,,MwSt. 7%,1.07,6.074766,0.425234,Normalverkauf
S1000157.25065,SP1000157.34.25065,SY1000157.2026.25065,iPad1(1000157),157,08.06.26 14:48,Prod,A1000157.6629,Tisch 3,101,S1000157.25065,SALE,2,3.9,7.8,0.0,0.0,0.0,0.0,124,Cola Zero,Getränke,,MwSt. 19%,1.19,6.554622,1.245378,Normalverkauf
S1000157.25066,SP1000157.34.25066,SY1000157.2026.25066,iPad1(1000157),157,08.06.26 14:48,Prod,A1000157.6629,Tisch 3,101,S1000157.25066,SALE,1,5.9,5.9,0.0,0.0,0.0,0.0,125,Zitronen-Limonade,Getränke,,MwSt. 19%,1.19,4.957983,0.942017,Normalverkauf
S1000157.25067,SP1000157.34.25067,SY1000157.2026.25067,iPad1(1000157),157,08.06.26 15:19,Prod,A1000157.6630,Tisch 23,120,S1000157.25067,SALE,1,7.9,7.9,0.0,0.0,0.0,0.0,115,Tiramisu,Desserts,,MwSt. 7%,1.07,7.383178,0.516822,Normalverkauf
S1000157.25068,SP1000157.34.25068,SY1000157.2026.25068,iPad1(1000157),157,08.06.26 12:48,Prod,A1000157.6631,Tisch 24,115,S1000157.25068,SALE,2,6.9,13.8,0.0,0.0,0.0,0.0,103,Fischbrötchen Räucherlachs,Hauptspeisen,,MwSt. 7%,1.07,12.897196,0.902804,Normalverkauf
S1000157.25069,SP1000157.34.25069,SY1000157.2026.25069,iPad1(1000157),157,08.06.26 08:31,Prod,A1000157.6632,Tisch 7,104,S1000157.25069,SALE,1,6.9,6.9,0.0,0.0,0.0,0.0,103,Fischbrötchen Räucherlachs,Hauptspeisen,,MwSt. 7%,1.07,6.448598,0.451402,Normalverkauf
S1000157.25070,SP1000157.34.25070,SY1000157.2026.25070,iPad1(1000157),157,08.06.26 11:37,Prod,A1000157.6633,Tisch 10,108,S1000157.25070,SALE,1,9.8,9.8,0.0,0.0,0.0,0.0,108,Seelachs-Ei-Baugette,Hauptgerichte,,MwSt. 7%,1.07,9.158879,0.641121,Normalverkauf
S1000157.25071,SP1000157.34.25071,SY1000157.2026.25071,iPad1(1000157),157,08.06.26 11:37,Prod,A1000157.6633,Tisch 10,108,S1000157.25071,SALE,1,6.5,6.5,0.0,0.0,0.0,0.0,118,Schokokuchen,Desserts,,MwSt. 7%,1.07,6.074766,0.425234,Normalverkauf
S1000157.25072,SP1000157.34.25072,SY1000157.2026.25072,iPad1(1000157),157,08.06.26 15:08,Prod,A1000157.6634,Tisch 7,108,S1000157.25072,SALE,2,10.9,21.8,0.0,0.0,0.0,0.0,104,Thunfisch Wrap,Hauptgerichte,,MwSt. 7%,1.07,20.373832,1.426168,Normalverkauf
S1000157.25073,SP1000157.34.25073,SY1000157.2026.25073,iPad1(1000157),157,08.06.26 15:08,Prod,A1000157.6634,Tisch 7,108,S1000157.25073,SALE,2,5.9,11.8,0.0,0.0,0.0,0.0,117,Rote Grütze,Desserts,,MwSt. 7%,1.07,11.028037,0.771963,Normalverkauf
S1000157.25074,SP1000157.34.25074,SY1000157.2026.25074,iPad1(1000157),157,08.06.26 15:08,Prod,A1000157.6634,Tisch 7,108,S1000157.25074,SALE,2,3.9,7.8,0.0,0.0,0.0,0.0,119,Cola,Getränke,,MwSt. 19%,1.19,6.554622,1.245378,Normalverkauf
S1000157.25075,SP1000157.34.25075,SY1000157.2026.25075,iPad1(1000157),157,08.06.26 12:38,Prod,A1000157.6635,Tisch 3,108,S1000157.25075,VOID,2,2.8,5.6,0.0,0.0,0.0,0.0,121,Mineralwasser,Getränke,,MwSt. 19%,1.19,4.705882,0.894118,Normalverkauf
S1000157.25076,SP1000157.34.25076,SY1000157.2026.25076,iPad1(1000157),157,08.06.26 12:38,Prod,A1000157.6635,Tisch 3,108,S1000157.25076,VOID,2,5.9,11.8,0.0,0.0,0.0,0.0,125,Zitronen-Limonade,Getränke,,MwSt. 19%,1.19,9.915966,1.884034,Normalverkauf
S1000157.25077,SP1000157.34.25077,SY1000157.2026.25077,iPad1(1000157),157,08.06.26 13:38,Prod,A1000157.6636,Tisch 7,104,S1000157.25077,SALE,1,2.8,2.8,0.0,0.0,0.0,0.0,121,Mineralwasser,Getränke,,MwSt. 19%,1.19,2.352941,0.447059,Normalverkauf
S1000157.25078,SP1000157.34.25078,SY1000157.2026.25078,iPad1(1000157),157,08.06.26 13:38,Prod,A1000157.6636,Tisch 7,104,S1000157.25078,SALE,1,4.2,4.2,0.0,0.0,0.0,0.0,122,Bier,Getränke,,MwSt. 19%,1.19,3.529412,0.670588,Normalverkauf
S1000157.25079,SP1000157.34.25079,SY1000157.2026.25079,iPad1(1000157),157,08.06.26 12:39,Prod,A1000157.6637,Tisch 13,108,S1000157.25079,SALE,1,6.5,6.5,0.0,0.0,0.0,0.0,100,Fischbrötchen Backfisch,Hauptspeisen,,MwSt. 7%,1.07,6.074766,0.425234,Normalverkauf
S1000157.25080,SP1000157.34.25080,SY1000157.2026.25080,iPad1(1000157),157,09.06.26 19:58,Prod,A1000157.6638,Tisch 4,115,S1000157.25080,SALE,2,3.9,7.8,0.0,0.0,0.0,0.0,119,Cola,Getränke,,MwSt. 19%,1.19,6.554622,1.245378,Normalverkauf
S1000157.25081,SP1000157.34.25081,SY1000157.2026.25081,iPad1(1000157),157,09.06.26 19:58,Prod,A1000157.6638,Tisch 4,115,S1000157.25081,SALE,2,11.9,23.8,0.0,0.0,0.0,0.0,110,Matjes-Baguette,Hauptgerichte,,MwSt. 7%,1.07,22.242991,1.557009,Normalverkauf
S1000157.25082,SP1000157.34.25082,SY1000157.2026.25082,iPad1(1000157),157,09.06.26 19:58,Prod,A1000157.6638,Tisch 4,115,S1000157.25082,SALE,2,6.9,13.8,0.0,0.0,0.0,0.0,103,Fischbrötchen Räucherlachs,Hauptspeisen,,MwSt. 7%,1.07,12.897196,0.902804,Normalverkauf
S1000157.25083,SP1000157.34.25083,SY1000157.2026.25083,iPad1(1000157),157,09.06.26 08:41,Prod,A1000157.6639,,108,S1000157.25083,VOID,1,10.9,10.9,0.0,0.0,0.0,0.0,107,Chicken Burger,Hauptgerichte,,MwSt. 7%,1.07,10.186916,0.713084,Normalverkauf
S1000157.25084,SP1000157.34.25084,SY1000157.2026.25084,iPad1(1000157),157,09.06.26 18:42,Prod,A1000157.6640,Tisch 21,117,S1000157.25084,SALE,1,10.9,10.9,0.0,0.0,0.0,0.0,104,Thunfisch Wrap,Hauptgerichte,,MwSt. 7%,1.07,10.186916,0.713084,Normalverkauf
S1000157.25085,SP1000157.34.25085,SY1000157.2026.25085,iPad1(1000157),157,09.06.26 18:42,Prod,A1000157.6640,Tisch 21,117,S1000157.25085,SALE,2,5.9,11.8,0.0,0.0,0.0,0.0,116,Vanillequark,Desserts,,MwSt. 7%,1.07,11.028037,0.771963,Normalverkauf
S1000157.25086,SP1000157.34.25086,SY1000157.2026.25086,iPad1(1000157),157,09.06.26 18:42,Prod,A1000157.6640,Tisch 21,117,S1000157.25086,SALE,1,10.9,10.9,0.0,0.0,0.0,0.0,104,Thunfisch Wrap,Hauptgerichte,,MwSt. 7%,1.07,10.186916,0.713084,Normalverkauf
S1000157.25087,SP1000157.34.25087,SY1000157.2026.25087,iPad1(1000157),157,09.06.26 17:06,Prod,A1000157.6641,,118,S1000157.25087,SALE,2,10.9,21.8,0.0,0.0,0.0,0.0,107,Chicken Burger,Hauptgerichte,,MwSt. 7%,1.07,20.373832,1.426168,Normalverkauf
S1000157.25088,SP1000157.34.25088,SY1000157.2026.25088,iPad1(1000157),157,09.06.26 17:06,Prod,A1000157.6641,,118,S1000157.25088,SALE,1,5.9,5.9,0.0,0.0,0.0,0.0,116,Vanillequark,Desserts,,MwSt. 7%,1.07,5.514019,0.385981,Normalverkauf
S1000157.25089,SP1000157.34.25089,SY1000157.2026.25089,iPad1(1000157),157,09.06.26 17:23,Prod,A1000157.6642,Tisch 22,101,S1000157.25089,SALE,2,6.5,13.0,0.0,0.0,0.0,0.0,100,Fischbrötchen Backfisch,Hauptspeisen,,MwSt. 7%,1.07,12.149533,0.850467,Normalverkauf
S1000157.25090,SP1000157.34.25090,SY1000157.2026.25090,iPad1(1000157),157,09.06.26 17:23,Prod,A1000157.6642,Tisch 22,101,S1000157.25090,SALE,1,9.8,9.8,0.0,0.0,0.0,0.0,108,Seelachs-Ei-Baugette,Hauptgerichte,,MwSt. 7%,1.07,9.158879,0.641121,Normalverkauf
S1000157.25091,SP1000157.34.25091,SY1000157.2026.25091,iPad1(1000157),157,09.06.26 16:20,Prod,A1000157.6643,Tisch 18,115,S1000157.25091,SALE,2,5.9,11.8,0.0,0.0,0.0,0.0,125,Zitronen-Limonade,Getränke,,MwSt. 19%,1.19,9.915966,1.884034,Normalverkauf
S1000157.25092,SP1000157.34.25092,SY1000157.2026.25092,iPad1(1000157),157,09.06.26 16:20,Prod,A1000157.6643,Tisch 18,115,S1000157.25092,SALE,2,5.9,11.8,0.0,0.0,0.0,0.0,117,Rote Grütze,Desserts,,MwSt. 7%,1.07,11.028037,0.771963,Normalverkauf
S1000157.25093,SP1000157.34.25093,SY1000157.2026.25093,iPad1(1000157),157,09.06.26 16:20,Prod,A1000157.6643,Tisch 18,115,S1000157.25093,SALE,2,5.9,11.8,0.0,0.0,0.0,0.0,123,Inger-Limonade,Getränke,,MwSt. 19%,1.19,9.915966,1.884034,Normalverkauf
S1000157.25094,SP1000157.34.25094,SY1000157.2026.25094,iPad1(1000157),157,09.06.26 13:42,Prod,A1000157.6644,Tisch 3,117,S1000157.25094,SALE,1,4.9,4.9,0.0,0.0,0.0,0.0,112,Kartoffelwedges,Beilagen,,MwSt. 7%,1.07,4.579439,0.320561,Normalverkauf
S1000157.25095,SP1000157.34.25095,SY1000157.2026.25095,iPad1(1000157),157,09.06.26 12:22,Prod,A1000157.6645,Tisch 18,108,S1000157.25095,SALE,2,10.9,21.8,0.0,0.0,0.0,0.0,104,Thunfisch Wrap,Hauptgerichte,,MwSt. 7%,1.07,20.373832,1.426168,Normalverkauf
S1000157.25096,SP1000157.34.25096,SY1000157.2026.25096,iPad1(1000157),157,09.06.26 12:22,Prod,A1000157.6645,Tisch 18,108,S1000157.25096,SALE,2,3.9,7.8,0.0,0.0,0.0,0.0,126,Spezi,Getränke,,MwSt. 19%,1.19,6.554622,1.245378,Normalverkauf
S1000157.25097,SP1000157.34.25097,SY1000157.2026.25097,iPad1(1000157),157,09.06.26 12:22,Prod,A1000157.6645,Tisch 18,108,S1000157.25097,SALE,1,3.2,3.2,0.0,0.0,0.0,0.0,120,Apfelschorle,Getränke,,MwSt. 19%,1.19,2.689076,0.510924,Normalverkauf
S1000157.25098,SP1000157.34.25098,SY1000157.2026.25098,iPad1(1000157),157,09.06.26 09:00,Prod,A1000157.6646,Tisch 16,101,S1000157.25098,SALE,2,4.2,8.4,0.0,0.0,0.0,0.0,122,Bier,Getränke,,MwSt. 19%,1.19,7.058824,1.341176,Normalverkauf
S1000157.25099,SP1000157.34.25099,SY1000157.2026.25099,iPad1(1000157),157,09.06.26 10:48,Prod,A1000157.6647,Tisch 16,104,S1000157.25099,SALE,2,6.5,13.0,0.0,0.0,0.0,0.0,118,Schokokuchen,Desserts,,MwSt. 7%,1.07,12.149533,0.850467,Normalverkauf
S1000157.25100,SP1000157.34.25100,SY1000157.2026.25100,iPad1(1000157),157,09.06.26 10:48,Prod,A1000157.6647,Tisch 16,104,S1000157.25100,SALE,1,5.9,5.9,0.0,0.0,0.0,0.0,125,Zitronen-Limonade,Getränke,,MwSt. 19%,1.19,4.957983,0.942017,Normalverkauf
S1000157.25101,SP1000157.34.25101,SY1000157.2026.25101,iPad1(1000157),157,09.06.26 16:37,Prod,A1000157.6648,Tisch 7,117,S1000157.25101,SALE,2,4.9,9.8,0.0,0.0,0.0,0.0,112,Kartoffelwedges,Beilagen,,MwSt. 7%,1.07,9.158879,0.641121,Normalverkauf
S1000157.25102,SP1000157.34.25102,SY1000157.2026.25102,iPad1(1000157),157,09.06.26 19:26,Prod,A1000157.6649,Tisch 12,108,S1000157.25102,SALE,2,5.5,11.0,0.0,0.0,0.0,0.0,111,Pommes Frites,Beilagen,,MwSt. 7%,1.07,10.280374,0.719626,Normalverkauf
S1000157.25103,SP1000157.34.25103,SY1000157.2026.25103,iPad1(1000157),157,09.06.26 19:26,Prod,A1000157.6649,Tisch 12,108,S1000157.25103,SALE,2,13.5,27.0,0.0,0.0,0.0,0.0,102,Matjes,Hauptspeisen,,MwSt. 7%,1.07,25.233645,1.766355,Normalverkauf
S1000157.25104,SP1000157.34.25104,SY1000157.2026.25104,iPad1(1000157),157,09.06.26 17:50,Prod,A1000157.6650,,117,S1000157.25104,SALE,2,4.9,9.8,0.0,0.0,0.0,0.0,112,Kartoffelwedges,Beilagen,,MwSt. 7%,1.07,9.158879,0.641121,Normalverkauf
S1000157.25105,SP1000157.34.25105,SY1000157.2026.25105,iPad1(1000157),157,09.06.26 17:38,Prod,A1000157.6651,Tisch 14,120,S1000157.25105,SALE,1,4.9,4.9,0.0,0.0,0.0,0.0,112,Kartoffelwedges,Beilagen,,MwSt. 7%,1.07,4.579439,0.320561,Normalverkauf
S1000157.25106,SP1000157.34.25106,SY1000157.2026.25106,iPad1(1000157),157,09.06.26 17:38,Prod,A1000157.6651,Tisch 14,120,S1000157.25106,SALE,2,3.9,7.8,0.0,0.0,0.0,0.0,127,Alkoholfreies Bier,Getränke,,MwSt. 19%,1.19,6.554622,1.245378,Normalverkauf
S1000157.25107,SP1000157.34.25107,SY1000157.2026.25107,iPad1(1000157),157,09.06.26 17:38,Prod,A1000157.6651,Tisch 14,120,S1000157.25107,SALE,1,10.9,10.9,0.0,0.0,0.0,0.0,104,Thunfisch Wrap,Hauptgerichte,,MwSt. 7%,1.07,10.186916,0.713084,Normalverkauf
S1000157.25108,SP1000157.34.25108,SY1000157.2026.25108,iPad1(1000157),157,09.06.26 13:58,Prod,A1000157.6652,Tisch 2,120,S1000157.25108,SALE,1,4.2,4.2,0.0,0.0,0.0,0.0,122,Bier,Getränke,,MwSt. 19%,1.19,3.529412,0.670588,Normalverkauf
S1000157.25109,SP1000157.34.25109,SY1000157.2026.25109,iPad1(1000157),157,09.06.26 13:58,Prod,A1000157.6652,Tisch 2,120,S1000157.25109,SALE,2,3.2,6.4,0.0,0.0,0.0,0.0,120,Apfelschorle,Getränke,,MwSt. 19%,1.19,5.378151,1.021849,Normalverkauf
S1000157.25110,SP1000157.34.25110,SY1000157.2026.25110,iPad1(1000157),157,09.06.26 13:58,Prod,A1000157.6652,Tisch 2,120,S1000157.25110,SALE,2,10.9,21.8,0.0,0.0,0.0,0.0,107,Chicken Burger,Hauptgerichte,,MwSt. 7%,1.07,20.373832,1.426168,Normalverkauf
S1000157.25111,SP1000157.34.25111,SY1000157.2026.25111,iPad1(1000157),157,09.06.26 18:07,Prod,A1000157.6653,Tisch 5,117,S1000157.25111,SALE,2,7.9,15.8,0.0,0.0,0.0,0.0,106,Neptun-Ringe,Beilagen,,MwSt. 7%,1.07,14.766355,1.033645,Normalverkauf
S1000157.25112,SP1000157.34.25112,SY1000157.2026.25112,iPad1(1000157),157,09.06.26 17:26,Prod,A1000157.6654,Tisch 22,108,S1000157.25112,SALE,2,11.9,23.8,0.0,0.0,0.0,0.0,110,Matjes-Baguette,Hauptgerichte,,MwSt. 7%,1.07,22.242991,1.557009,Normalverkauf
S1000157.25113,SP1000157.34.25113,SY1000157.2026.25113,iPad1(1000157),157,09.06.26 17:26,Prod,A1000157.6654,Tisch 22,108,S1000157.25113,SALE,2,11.5,23.0,0.0,0.0,0.0,0.0,105,Garnelen-Kimchi-Bruger,Hauptgerichte,,MwSt. 7%,1.07,21.495327,1.504673,Normalverkauf
S1000157.25114,SP1000157.34.25114,SY1000157.2026.25114,iPad1(1000157),157,09.06.26 15:41,Prod,A1000157.6655,Tisch 20,108,S1000157.25114,SALE,1,3.2,3.2,0.0,0.0,0.0,0.0,120,Apfelschorle,Getränke,,MwSt. 19%,1.19,2.689076,0.510924,Normalverkauf
S1000157.25115,SP1000157.34.25115,SY1000157.2026.25115,iPad1(1000157),157,09.06.26 12:16,Prod,A1000157.6656,Tisch 23,101,S1000157.25115,SALE,2,6.9,13.8,0.0,0.0,0.0,0.0,103,Fischbrötchen Räucherlachs,Hauptspeisen,,MwSt. 7%,1.07,12.897196,0.902804,Normalverkauf
S1000157.25116,SP1000157.34.25116,SY1000157.2026.25116,iPad1(1000157),157,09.06.26 12:16,Prod,A1000157.6656,Tisch 23,101,S1000157.25116,SALE,1,10.9,10.9,0.0,0.0,0.0,0.0,104,Thunfisch Wrap,Hauptgerichte,,MwSt. 7%,1.07,10.186916,0.713084,Normalverkauf
S1000157.25117,SP1000157.34.25117,SY1000157.2026.25117,iPad1(1000157),157,09.06.26 20:01,Prod,A1000157.6657,Tisch 13,108,S1000157.25117,SALE,2,4.2,8.4,0.0,0.0,0.0,0.0,122,Bier,Getränke,,MwSt. 19%,1.19,7.058824,1.341176,Normalverkauf
S1000157.25118,SP1000157.34.25118,SY1000157.2026.25118,iPad1(1000157),157,09.06.26 20:01,Prod,A1000157.6657,Tisch 13,108,S1000157.25118,SALE,2,4.2,8.4,0.0,0.0,0.0,0.0,122,Bier,Getränke,,MwSt. 19%,1.19,7.058824,1.341176,Normalverkauf
S1000157.25119,SP1000157.34.25119,SY1000157.2026.25119,iPad1(1000157),157,09.06.26 20:01,Prod,A1000157.6657,Tisch 13,108,S1000157.25119,SALE,2,9.8,19.6,0.0,0.0,0.0,0.0,108,Seelachs-Ei-Baugette,Hauptgerichte,,MwSt. 7%,1.07,18.317757,1.282243,Normalverkauf
S1000157.25120,SP1000157.34.25120,SY1000157.2026.25120,iPad1(1000157),157,09.06.26 19:43,Prod,A1000157.6658,Tisch 2,120,S1000157.25120,SALE,2,14.5,29.0,0.0,0.0,0.0,0.0,101,Lachs,Hauptspeisen,,MwSt. 7%,1.07,27.102804,1.897196,Normalverkauf
S1000157.25121,SP1000157.34.25121,SY1000157.2026.25121,iPad1(1000157),157,09.06.26 19:43,Prod,A1000157.6658,Tisch 2,120,S1000157.25121,SALE,2,9.8,19.6,0.0,0.0,0.0,0.0,108,Seelachs-Ei-Baugette,Hauptgerichte,,MwSt. 7%,1.07,18.317757,1.282243,Normalverkauf
S1000157.25122,SP1000157.34.25122,SY1000157.2026.25122,iPad1(1000157),157,09.06.26 19:43,Prod,A1000157.6658,Tisch 2,120,S1000157.25122,SALE,2,2.8,5.6,0.0,0.0,0.0,0.0,121,Mineralwasser,Getränke,,MwSt. 19%,1.19,4.705882,0.894118,Normalverkauf
S1000157.25123,SP1000157.34.25123,SY1000157.2026.25123,iPad1(1000157),157,09.06.26 17:33,Prod,A1000157.6659,Tisch 6,117,S1000157.25123,SALE,1,3.9,3.9,0.0,0.0,0.0,0.0,127,Alkoholfreies Bier,Getränke,,MwSt. 19%,1.19,3.277311,0.622689,Normalverkauf
S1000157.25124,SP1000157.34.25124,SY1000157.2026.25124,iPad1(1000157),157,09.06.26 17:33,Prod,A1000157.6659,Tisch 6,117,S1000157.25124,SALE,1,11.9,11.9,0.0,0.0,0.0,0.0,110,Matjes-Baguette,Hauptgerichte,,MwSt. 7%,1.07,11.121495,0.778505,Normalverkauf
S1000157.25125,SP1000157.34.25125,SY1000157.2026.25125,iPad1(1000157),157,09.06.26 18:35,Prod,A1000157.6660,Tisch 18,115,S1000157.25125,SALE,1,2.8,2.8,0.0,0.0,0.0,0.0,121,Mineralwasser,Getränke,,MwSt. 19%,1.19,2.352941,0.447059,Normalverkauf
S1000157.25126,SP1000157.34.25126,SY1000157.2026.25126,iPad1(1000157),157,09.06.26 18:35,Prod,A1000157.6660,Tisch 18,115,S1000157.25126,SALE,2,10.9,21.8,0.0,0.0,0.0,0.0,109,Bismarck-Baguette,Hauptgerichte,,MwSt. 7%,1.07,20.373832,1.426168,Normalverkauf
S1000157.25127,SP1000157.34.25127,SY1000157.2026.25127,iPad1(1000157),157,09.06.26 18:35,Prod,A1000157.6660,Tisch 18,115,S1000157.25127,SALE,2,3.9,7.8,0.0,0.0,0.0,0.0,124,Cola Zero,Getränke,,MwSt. 19%,1.19,6.554622,1.245378,Normalverkauf
S1000157.25128,SP1000157.34.25128,SY1000157.2026.25128,iPad1(1000157),157,09.06.26 13:40,Prod,A1000157.6661,,108,S1000157.25128,SALE,2,6.9,13.8,0.0,0.0,0.0,0.0,113,Garnelen Box,Beilagen,,MwSt. 7%,1.07,12.897196,0.902804,Normalverkauf
S1000157.25129,SP1000157.34.25129,SY1000157.2026.25129,iPad1(1000157),157,09.06.26 13:40,Prod,A1000157.6661,,108,S1000157.25129,SALE,1,2.8,2.8,0.0,0.0,0.0,0.0,121,Mineralwasser,Getränke,,MwSt. 19%,1.19,2.352941,0.447059,Normalverkauf
S1000157.25130,SP1000157.34.25130,SY1000157.2026.25130,iPad1(1000157),157,09.06.26 13:20,Prod,A1000157.6662,Tisch 23,108,S1000157.25130,SALE,2,6.9,13.8,0.0,0.0,0.0,0.0,103,Fischbrötchen Räucherlachs,Hauptspeisen,,MwSt. 7%,1.07,12.897196,0.902804,Normalverkauf
S1000157.25131,SP1000157.34.25131,SY1000157.2026.25131,iPad1(1000157),157,09.06.26 13:20,Prod,A1000157.6662,Tisch 23,108,S1000157.25131,SALE,2,6.5,13.0,0.0,0.0,0.0,0.0,100,Fischbrötchen Backfisch,Hauptspeisen,,MwSt. 7%,1.07,12.149533,0.850467,Normalverkauf
S1000157.25132,SP1000157.34.25132,SY1000157.2026.25132,iPad1(1000157),157,09.06.26 12:42,Prod,A1000157.6663,Tisch 1,108,S1000157.25132,SALE,1,5.5,5.5,0.0,0.0,0.0,0.0,111,Pommes Frites,Beilagen,,MwSt. 7%,1.07,5.140187,0.359813,Normalverkauf
S1000157.25133,SP1000157.34.25133,SY1000157.2026.25133,iPad1(1000157),157,09.06.26 11:09,Prod,A1000157.6664,Tisch 12,101,S1000157.25133,SALE,2,11.5,23.0,0.0,0.0,0.0,0.0,105,Garnelen-Kimchi-Bruger,Hauptgerichte,,MwSt. 7%,1.07,21.495327,1.504673,Normalverkauf
S1000157.25134,SP1000157.34.25134,SY1000157.2026.25134,iPad1(1000157),157,09.06.26 11:09,Prod,A1000157.6664,Tisch 12,101,S1000157.25134,SALE,1,9.8,9.8,0.0,0.0,0.0,0.0,108,Seelachs-Ei-Baugette,Hauptgerichte,,MwSt. 7%,1.07,9.158879,0.641121,Normalverkauf
S1000157.25135,SP1000157.34.25135,SY1000157.2026.25135,iPad1(1000157),157,09.06.26 14:05,Prod,A1000157.6665,Tisch 2,108,S1000157.25135,SALE,2,11.5,23.0,0.0,0.0,0.0,0.0,105,Garnelen-Kimchi-Bruger,Hauptgerichte,,MwSt. 7%,1.07,21.495327,1.504673,Normalverkauf
S1000157.25136,SP1000157.34.25136,SY1000157.2026.25136,iPad1(1000157),157,09.06.26 14:05,Prod,A1000157.6665,Tisch 2,108,S1000157.25136,SALE,1,10.9,10.9,0.0,0.0,0.0,0.0,109,Bismarck-Baguette,Hauptgerichte,,MwSt. 7%,1.07,10.186916,0.713084,Normalverkauf
S1000157.25137,SP1000157.34.25137,SY1000157.2026.25137,iPad1(1000157),157,09.06.26 14:05,Prod,A1000157.6665,Tisch 2,108,S1000157.25137,SALE,2,3.9,7.8,0.0,0.0,0.0,0.0,124,Cola Zero,Getränke,,MwSt. 19%,1.19,6.554622,1.245378,Normalverkauf
S1000157.25138,SP1000157.34.25138,SY1000157.2026.25138,iPad1(1000157),157,09.06.26 11:12,Prod,A1000157.6666,Tisch 15,108,S1000157.25138,SALE,2,6.9,13.8,0.0,0.0,0.0,0.0,103,Fischbrötchen Räucherlachs,Hauptspeisen,,MwSt. 7%,1.07,12.897196,0.902804,Normalverkauf
S1000157.25139,SP1000157.34.25139,SY1000157.2026.25139,iPad1(1000157),157,09.06.26 11:12,Prod,A1000157.6666,Tisch 15,108,S1000157.25139,SALE,1,3.9,3.9,0.0,0.0,0.0,0.0,119,Cola,Getränke,,MwSt. 19%,1.19,3.277311,0.622689,Normalverkauf
S1000157.25140,SP1000157.34.25140,SY1000157.2026.25140,iPad1(1000157),157,09.06.26 11:12,Prod,A1000157.6666,Tisch 15,108,S1000157.25140,SALE,2,10.9,21.8,0.0,0.0,0.0,0.0,109,Bismarck-Baguette,Hauptgerichte,,MwSt. 7%,1.07,20.373832,1.426168,Normalverkauf
S1000157.25141,SP1000157.34.25141,SY1000157.2026.25141,iPad1(1000157),157,09.06.26 17:11,Prod,A1000157.6667,Tisch 19,117,S1000157.25141,SALE,2,4.2,8.4,0.0,0.0,0.0,0.0,122,Bier,Getränke,,MwSt. 19%,1.19,7.058824,1.341176,Normalverkauf
S1000157.25142,SP1000157.34.25142,SY1000157.2026.25142,iPad1(1000157),157,09.06.26 17:11,Prod,A1000157.6667,Tisch 19,117,S1000157.25142,SALE,1,3.2,3.2,0.0,0.0,0.0,0.0,120,Apfelschorle,Getränke,,MwSt. 19%,1.19,2.689076,0.510924,Normalverkauf
S1000157.25143,SP1000157.34.25143,SY1000157.2026.25143,iPad1(1000157),157,09.06.26 17:15,Prod,A1000157.6668,Tisch 10,108,S1000157.25143,SALE,2,7.9,15.8,0.0,0.0,0.0,0.0,115,Tiramisu,Desserts,,MwSt. 7%,1.07,14.766355,1.033645,Normalverkauf
S1000157.25144,SP1000157.34.25144,SY1000157.2026.25144,iPad1(1000157),157,09.06.26 17:48,Prod,A1000157.6669,Tisch 7,108,S1000157.25144,SALE,2,10.9,21.8,0.0,0.0,0.0,0.0,104,Thunfisch Wrap,Hauptgerichte,,MwSt. 7%,1.07,20.373832,1.426168,Normalverkauf
S1000157.25145,SP1000157.34.25145,SY1000157.2026.25145,iPad1(1000157),157,09.06.26 17:48,Prod,A1000157.6669,Tisch 7,108,S1000157.25145,SALE,1,5.9,5.9,0.0,0.0,0.0,0.0,123,Inger-Limonade,Getränke,,MwSt. 19%,1.19,4.957983,0.942017,Normalverkauf
S1000157.25146,SP1000157.34.25146,SY1000157.2026.25146,iPad1(1000157),157,09.06.26 20:36,Prod,A1000157.6670,Tisch 12,108,S1000157.25146,SALE,2,3.2,6.4,0.0,0.0,0.0,0.0,120,Apfelschorle,Getränke,,MwSt. 19%,1.19,5.378151,1.021849,Normalverkauf
S1000157.25147,SP1000157.34.25147,SY1000157.2026.25147,iPad1(1000157),157,09.06.26 20:36,Prod,A1000157.6670,Tisch 12,108,S1000157.25147,SALE,2,5.9,11.8,0.0,0.0,0.0,0.0,117,Rote Grütze,Desserts,,MwSt. 7%,1.07,11.028037,0.771963,Normalverkauf
S1000157.25148,SP1000157.34.25148,SY1000157.2026.25148,iPad1(1000157),157,09.06.26 20:36,Prod,A1000157.6670,Tisch 12,108,S1000157.25148,SALE,2,5.9,11.8,0.0,0.0,0.0,0.0,123,Inger-Limonade,Getränke,,MwSt. 19%,1.19,9.915966,1.884034,Normalverkauf
S1000157.25149,SP1000157.34.25149,SY1000157.2026.25149,iPad1(1000157),157,09.06.26 17:53,Prod,A1000157.6671,Tisch 1,118,S1000157.25149,VOID,2,5.9,11.8,0.0,0.0,0.0,0.0,116,Vanillequark,Desserts,,MwSt. 7%,1.07,11.028037,0.771963,Normalverkauf
S1000157.25150,SP1000157.34.25150,SY1000157.2026.25150,iPad1(1000157),157,09.06.26 17:00,Prod,A1000157.6672,Tisch 6,117,S1000157.25150,SALE,1,5.9,5.9,0.0,0.0,0.0,0.0,117,Rote Grütze,Desserts,,MwSt. 7%,1.07,5.514019,0.385981,Normalverkauf
S1000157.25151,SP1000157.34.25151,SY1000157.2026.25151,iPad1(1000157),157,09.06.26 15:13,Prod,A1000157.6673,Tisch 13,108,S1000157.25151,SALE,2,5.5,11.0,0.0,0.0,0.0,0.0,114,Fisch Nuggets Box,Beilagen,,MwSt. 7%,1.07,10.280374,0.719626,Normalverkauf
S1000157.25152,SP1000157.34.25152,SY1000157.2026.25152,iPad1(1000157),157,09.06.26 15:13,Prod,A1000157.6673,Tisch 13,108,S1000157.25152,SALE,1,3.9,3.9,0.0,0.0,0.0,0.0,126,Spezi,Getränke,,MwSt. 19%,1.19,3.277311,0.622689,Normalverkauf
S1000157.25153,SP1000157.34.25153,SY1000157.2026.25153,iPad1(1000157),157,09.06.26 13:57,Prod,A1000157.6674,Tisch 4,117,S1000157.25153,VOID,2,5.5,11.0,0.0,0.0,0.0,0.0,114,Fisch Nuggets Box,Beilagen,,MwSt. 7%,1.07,10.280374,0.719626,Normalverkauf
S1000157.25154,SP1000157.34.25154,SY1000157.2026.25154,iPad1(1000157),157,09.06.26 13:57,Prod,A1000157.6674,Tisch 4,117,S1000157.25154,VOID,1,4.2,4.2,0.0,0.0,0.0,0.0,122,Bier,Getränke,,MwSt. 19%,1.19,3.529412,0.670588,Normalverkauf
S1000157.25155,SP1000157.34.25155,SY1000157.2026.25155,iPad1(1000157),157,09.06.26 11:25,Prod,A1000157.6675,Tisch 24,108,S1000157.25155,SALE,2,11.5,23.0,0.0,0.0,0.0,0.0,105,Garnelen-Kimchi-Bruger,Hauptgerichte,,MwSt. 7%,1.07,21.495327,1.504673,Normalverkauf
S1000157.25156,SP1000157.34.25156,SY1000157.2026.25156,iPad1(1000157),157,09.06.26 11:25,Prod,A1000157.6675,Tisch 24,108,S1000157.25156,SALE,2,2.8,5.6,0.0,0.0,0.0,0.0,121,Mineralwasser,Getränke,,MwSt. 19%,1.19,4.705882,0.894118,Normalverkauf
S1000157.25157,SP1000157.34.25157,SY1000157.2026.25157,iPad1(1000157),157,09.06.26 08:42,Prod,A1000157.6676,Tisch 20,104,S1000157.25157,SALE,1,3.9,3.9,0.0,0.0,0.0,0.0,119,Cola,Getränke,,MwSt. 19%,1.19,3.277311,0.622689,Normalverkauf
S1000157.25158,SP1000157.34.25158,SY1000157.2026.25158,iPad1(1000157),157,09.06.26 16:47,Prod,A1000157.6677,Tisch 19,120,S1000157.25158,SALE,2,6.9,13.8,0.0,0.0,0.0,0.0,113,Garnelen Box,Beilagen,,MwSt. 7%,1.07,12.897196,0.902804,Normalverkauf
S1000157.25159,SP1000157.34.25159,SY1000157.2026.25159,iPad1(1000157),157,09.06.26 16:47,Prod,A1000157.6677,Tisch 19,120,S1000157.25159,SALE,1,4.9,4.9,0.0,0.0,0.0,0.0,112,Kartoffelwedges,Beilagen,,MwSt. 7%,1.07,4.579439,0.320561,Normalverkauf
S1000157.25160,SP1000157.34.25160,SY1000157.2026.25160,iPad1(1000157),157,09.06.26 16:47,Prod,A1000157.6677,Tisch 19,120,S1000157.25160,SALE,2,4.9,9.8,0.0,0.0,0.0,0.0,112,Kartoffelwedges,Beilagen,,MwSt. 7%,1.07,9.158879,0.641121,Normalverkauf
S1000157.25161,SP1000157.34.25161,SY1000157.2026.25161,iPad1(1000157),157,09.06.26 18:01,Prod,A1000157.6678,Tisch 22,104,S1000157.25161,SALE,1,2.8,2.8,0.0,0.0,0.0,0.0,121,Mineralwasser,Getränke,,MwSt. 19%,1.19,2.352941,0.447059,Normalverkauf
S1000157.25162,SP1000157.34.25162,SY1000157.2026.25162,iPad1(1000157),157,09.06.26 18:01,Prod,A1000157.6678,Tisch 22,104,S1000157.25162,SALE,1,13.5,13.5,0.0,0.0,0.0,0.0,102,Matjes,Hauptspeisen,,MwSt. 7%,1.07,12.616822,0.883178,Normalverkauf
S1000157.25163,SP1000157.34.25163,SY1000157.2026.25163,iPad1(1000157),157,09.06.26 18:01,Prod,A1000157.6678,Tisch 22,104,S1000157.25163,SALE,1,4.2,4.2,0.0,0.0,0.0,0.0,122,Bier,Getränke,,MwSt. 19%,1.19,3.529412,0.670588,Normalverkauf
S1000157.25164,SP1000157.34.25164,SY1000157.2026.25164,iPad1(1000157),157,09.06.26 12:58,Prod,A1000157.6679,Tisch 16,104,S1000157.25164,SALE,2,3.9,7.8,0.0,0.0,0.0,0.0,127,Alkoholfreies Bier,Getränke,,MwSt. 19%,1.19,6.554622,1.245378,Normalverkauf
S1000157.25165,SP1000157.34.25165,SY1000157.2026.25165,iPad1(1000157),157,09.06.26 12:58,Prod,A1000157.6679,Tisch 16,104,S1000157.25165,SALE,1,3.9,3.9,0.0,0.0,0.0,0.0,119,Cola,Getränke,,MwSt. 19%,1.19,3.277311,0.622689,Normalverkauf
S1000157.25166,SP1000157.34.25166,SY1000157.2026.25166,iPad1(1000157),157,09.06.26 12:58,Prod,A1000157.6679,Tisch 16,104,S1000157.25166,SALE,2,3.9,7.8,0.0,0.0,0.0,0.0,119,Cola,Getränke,,MwSt. 19%,1.19,6.554622,1.245378,Normalverkauf
S1000157.25167,SP1000157.34.25167,SY1000157.2026.25167,iPad1(1000157),157,09.06.26 10:44,Prod,A1000157.6680,Tisch 11,108,S1000157.25167,SALE,1,10.9,10.9,0.0,0.0,0.0,0.0,107,Chicken Burger,Hauptgerichte,,MwSt. 7%,1.07,10.186916,0.713084,Normalverkauf
S1000157.25168,SP1000157.34.25168,SY1000157.2026.25168,iPad1(1000157),157,09.06.26 10:44,Prod,A1000157.6680,Tisch 11,108,S1000157.25168,SALE,1,10.9,10.9,0.0,0.0,0.0,0.0,107,Chicken Burger,Hauptgerichte,,MwSt. 7%,1.07,10.186916,0.713084,Normalverkauf
S1000157.25169,SP1000157.34.25169,SY1000157.2026.25169,iPad1(1000157),157,09.06.26 19:55,Prod,A1000157.6681,Tisch 16,118,S1000157.25169,SALE,2,6.5,13.0,0.0,0.0,0.0,0.0,100,Fischbrötchen Backfisch,Hauptspeisen,,MwSt. 7%,1.07,12.149533,0.850467,Normalverkauf
S1000157.25170,SP1000157.34.25170,SY1000157.2026.25170,iPad1(1000157),157,09.06.26 19:55,Prod,A1000157.6681,Tisch 16,118,S1000157.25170,SALE,2,3.2,6.4,0.0,0.0,0.0,0.0,120,Apfelschorle,Getränke,,MwSt. 19%,1.19,5.378151,1.021849,Normalverkauf
S1000157.25171,SP1000157.34.25171,SY1000157.2026.25171,iPad1(1000157),157,09.06.26 19:55,Prod,A1000157.6681,Tisch 16,118,S1000157.25171,SALE,1,10.9,10.9,0.0,0.0,0.0,0.0,107,Chicken Burger,Hauptgerichte,,MwSt. 7%,1.07,10.186916,0.713084,Normalverkauf
S1000157.25172,SP1000157.34.25172,SY1000157.2026.25172,iPad1(1000157),157,09.06.26 18:34,Prod,A1000157.6682,Tisch 10,108,S1000157.25172,SALE,2,5.9,11.8,0.0,0.0,0.0,0.0,117,Rote Grütze,Desserts,,MwSt. 7%,1.07,11.028037,0.771963,Normalverkauf
S1000157.25173,SP1000157.34.25173,SY1000157.2026.25173,iPad1(1000157),157,09.06.26 16:13,Prod,A1000157.6683,Tisch 3,120,S1000157.25173,SALE,2,5.5,11.0,0.0,0.0,0.0,0.0,111,Pommes Frites,Beilagen,,MwSt. 7%,1.07,10.280374,0.719626,Normalverkauf
S1000157.25174,SP1000157.34.25174,SY1000157.2026.25174,iPad1(1000157),157,09.06.26 16:13,Prod,A1000157.6683,Tisch 3,120,S1000157.25174,SALE,1,3.9,3.9,0.0,0.0,0.0,0.0,124,Cola Zero,Getränke,,MwSt. 19%,1.19,3.277311,0.622689,Normalverkauf
S1000157.25175,SP1000157.34.25175,SY1000157.2026.25175,iPad1(1000157),157,09.06.26 16:03,Prod,A1000157.6684,Tisch 9,118,S1000157.25175,SALE,2,11.9,23.8,0.0,0.0,0.0,0.0,110,Matjes-Baguette,Hauptgerichte,,MwSt. 7%,1.07,22.242991,1.557009,Normalverkauf
S1000157.25176,SP1000157.34.25176,SY1000157.2026.25176,iPad1(1000157),157,09.06.26 16:03,Prod,A1000157.6684,Tisch 9,118,S1000157.25176,SALE,2,10.9,21.8,0.0,0.0,0.0,0.0,107,Chicken Burger,Hauptgerichte,,MwSt. 7%,1.07,20.373832,1.426168,Normalverkauf
S1000157.25177,SP1000157.34.25177,SY1000157.2026.25177,iPad1(1000157),157,09.06.26 16:03,Prod,A1000157.6684,Tisch 9,118,S1000157.25177,SALE,1,3.9,3.9,0.0,0.0,0.0,0.0,127,Alkoholfreies Bier,Getränke,,MwSt. 19%,1.19,3.277311,0.622689,Normalverkauf
S1000157.25178,SP1000157.34.25178,SY1000157.2026.25178,iPad1(1000157),157,09.06.26 19:01,Prod,A1000157.6685,Tisch 17,118,S1000157.25178,SALE,2,11.5,23.0,0.0,0.0,0.0,0.0,105,Garnelen-Kimchi-Bruger,Hauptgerichte,,MwSt. 7%,1.07,21.495327,1.504673,Normalverkauf
S1000157.25179,SP1000157.34.25179,SY1000157.2026.25179,iPad1(1000157),157,09.06.26 19:01,Prod,A1000157.6685,Tisch 17,118,S1000157.25179,SALE,1,4.2,4.2,0.0,0.0,0.0,0.0,122,Bier,Getränke,,MwSt. 19%,1.19,3.529412,0.670588,Normalverkauf
S1000157.25180,SP1000157.34.25180,SY1000157.2026.25180,iPad1(1000157),157,09.06.26 19:01,Prod,A1000157.6685,Tisch 17,118,S1000157.25180,SALE,1,3.9,3.9,0.0,0.0,0.0,0.0,119,Cola,Getränke,,MwSt. 19%,1.19,3.277311,0.622689,Normalverkauf
S1000157.25181,SP1000157.34.25181,SY1000157.2026.25181,iPad1(1000157),157,09.06.26 11:50,Prod,A1000157.6686,Tisch 10,115,S1000157.25181,SALE,2,3.9,7.8,0.0,0.0,0.0,0.0,124,Cola Zero,Getränke,,MwSt. 19%,1.19,6.554622,1.245378,Normalverkauf
S1000157.25182,SP1000157.34.25182,SY1000157.2026.25182,iPad1(1000157),157,09.06.26 11:50,Prod,A1000157.6686,Tisch 10,115,S1000157.25182,SALE,1,2.8,2.8,0.0,0.0,0.0,0.0,121,Mineralwasser,Getränke,,MwSt. 19%,1.19,2.352941,0.447059,Normalverkauf
S1000157.25183,SP1000157.34.25183,SY1000157.2026.25183,iPad1(1000157),157,09.06.26 11:50,Prod,A1000157.6686,Tisch 10,115,S1000157.25183,SALE,2,7.9,15.8,0.0,0.0,0.0,0.0,115,Tiramisu,Desserts,,MwSt. 7%,1.07,14.766355,1.033645,Normalverkauf
S1000157.25184,SP1000157.34.25184,SY1000157.2026.25184,iPad1(1000157),157,09.06.26 11:26,Prod,A1000157.6687,Tisch 7,120,S1000157.25184,SALE,2,6.5,13.0,0.0,0.0,0.0,0.0,100,Fischbrötchen Backfisch,Hauptspeisen,,MwSt. 7%,1.07,12.149533,0.850467,Normalverkauf
S1000157.25185,SP1000157.34.25185,SY1000157.2026.25185,iPad1(1000157),157,09.06.26 11:26,Prod,A1000157.6687,Tisch 7,120,S1000157.25185,SALE,1,3.9,3.9,0.0,0.0,0.0,0.0,124,Cola Zero,Getränke,,MwSt. 19%,1.19,3.277311,0.622689,Normalverkauf
S1000157.25186,SP1000157.34.25186,SY1000157.2026.25186,iPad1(1000157),157,09.06.26 11:26,Prod,A1000157.6687,Tisch 7,120,S1000157.25186,SALE,1,4.9,4.9,0.0,0.0,0.0,0.0,112,Kartoffelwedges,Beilagen,,MwSt. 7%,1.07,4.579439,0.320561,Normalverkauf
S1000157.25187,SP1000157.34.25187,SY1000157.2026.25187,iPad1(1000157),157,09.06.26 20:23,Prod,A1000157.6688,Tisch 5,115,S1000157.25187,SALE,2,6.5,13.0,0.0,0.0,0.0,0.0,118,Schokokuchen,Desserts,,MwSt. 7%,1.07,12.149533,0.850467,Normalverkauf
S1000157.25188,SP1000157.34.25188,SY1000157.2026.25188,iPad1(1000157),157,09.06.26 20:23,Prod,A1000157.6688,Tisch 5,115,S1000157.25188,SALE,2,5.9,11.8,0.0,0.0,0.0,0.0,116,Vanillequark,Desserts,,MwSt. 7%,1.07,11.028037,0.771963,Normalverkauf
S1000157.25189,SP1000157.34.25189,SY1000157.2026.25189,iPad1(1000157),157,09.06.26 14:19,Prod,A1000157.6689,Tisch 5,108,S1000157.25189,SALE,1,5.5,5.5,0.0,0.0,0.0,0.0,111,Pommes Frites,Beilagen,,MwSt. 7%,1.07,5.140187,0.359813,Normalverkauf
S1000157.25190,SP1000157.34.25190,SY1000157.2026.25190,iPad1(1000157),157,09.06.26 11:30,Prod,A1000157.6690,Tisch 6,104,S1000157.25190,SALE,1,3.9,3.9,0.0,0.0,0.0,0.0,124,Cola Zero,Getränke,,MwSt. 19%,1.19,3.277311,0.622689,Normalverkauf
S1000157.25191,SP1000157.34.25191,SY1000157.2026.25191,iPad1(1000157),157,09.06.26 11:30,Prod,A1000157.6690,Tisch 6,104,S1000157.25191,SALE,1,6.5,6.5,0.0,0.0,0.0,0.0,100,Fischbrötchen Backfisch,Hauptspeisen,,MwSt. 7%,1.07,6.074766,0.425234,Normalverkauf
S1000157.25192,SP1000157.34.25192,SY1000157.2026.25192,iPad1(1000157),157,09.06.26 15:21,Prod,A1000157.6691,Tisch 17,108,S1000157.25192,SALE,1,5.9,5.9,0.0,0.0,0.0,0.0,117,Rote Grütze,Desserts,,MwSt. 7%,1.07,5.514019,0.385981,Normalverkauf
S1000157.25193,SP1000157.34.25193,SY1000157.2026.25193,iPad1(1000157),157,09.06.26 15:21,Prod,A1000157.6691,Tisch 17,108,S1000157.25193,SALE,2,10.9,21.8,0.0,0.0,0.0,0.0,104,Thunfisch Wrap,Hauptgerichte,,MwSt. 7%,1.07,20.373832,1.426168,Normalverkauf
S1000157.25194,SP1000157.34.25194,SY1000157.2026.25194,iPad1(1000157),157,09.06.26 15:21,Prod,A1000157.6691,Tisch 17,108,S1000157.25194,SALE,2,4.2,8.4,0.0,0.0,0.0,0.0,122,Bier,Getränke,,MwSt. 19%,1.19,7.058824,1.341176,Normalverkauf
S1000157.25195,SP1000157.34.25195,SY1000157.2026.25195,iPad1(1000157),157,09.06.26 16:14,Prod,A1000157.6692,Tisch 20,118,S1000157.25195,SALE,2,10.9,21.8,0.0,0.0,0.0,0.0,104,Thunfisch Wrap,Hauptgerichte,,MwSt. 7%,1.07,20.373832,1.426168,Normalverkauf
S1000157.25196,SP1000157.34.25196,SY1000157.2026.25196,iPad1(1000157),157,09.06.26 16:14,Prod,A1000157.6692,Tisch 20,118,S1000157.25196,SALE,1,9.8,9.8,0.0,0.0,0.0,0.0,108,Seelachs-Ei-Baugette,Hauptgerichte,,MwSt. 7%,1.07,9.158879,0.641121,Normalverkauf
S1000157.25197,SP1000157.34.25197,SY1000157.2026.25197,iPad1(1000157),157,09.06.26 16:14,Prod,A1000157.6692,Tisch 20,118,S1000157.25197,SALE,2,4.2,8.4,0.0,0.0,0.0,0.0,122,Bier,Getränke,,MwSt. 19%,1.19,7.058824,1.341176,Normalverkauf
S1000157.25198,SP1000157.34.25198,SY1000157.2026.25198,iPad1(1000157),157,09.06.26 18:23,Prod,A1000157.6693,Tisch 18,118,S1000157.25198,SALE,2,4.2,8.4,0.0,0.0,0.0,0.0,122,Bier,Getränke,,MwSt. 19%,1.19,7.058824,1.341176,Normalverkauf
S1000157.25199,SP1000157.34.25199,SY1000157.2026.25199,iPad1(1000157),157,09.06.26 10:09,Prod,A1000157.6694,Tisch 9,104,S1000157.25199,SALE,2,5.5,11.0,0.0,0.0,0.0,0.0,111,Pommes Frites,Beilagen,,MwSt. 7%,1.07,10.280374,0.719626,Normalverkauf
S1000157.25200,SP1000157.34.25200,SY1000157.2026.25200,iPad1(1000157),157,09.06.26 15:22,Prod,A1000157.6695,Tisch 20,115,S1000157.25200,SALE,1,7.9,7.9,0.0,0.0,0.0,0.0,106,Neptun-Ringe,Beilagen,,MwSt. 7%,1.07,7.383178,0.516822,Normalverkauf
S1000157.25201,SP1000157.34.25201,SY1000157.2026.25201,iPad1(1000157),157,09.06.26 15:22,Prod,A1000157.6695,Tisch 20,115,S1000157.25201,SALE,2,3.9,7.8,0.0,0.0,0.0,0.0,126,Spezi,Getränke,,MwSt. 19%,1.19,6.554622,1.245378,Normalverkauf
S1000157.25202,SP1000157.34.25202,SY1000157.2026.25202,iPad1(1000157),157,09.06.26 15:22,Prod,A1000157.6695,Tisch 20,115,S1000157.25202,SALE,1,4.2,4.2,0.0,0.0,0.0,0.0,122,Bier,Getränke,,MwSt. 19%,1.19,3.529412,0.670588,Normalverkauf
S1000157.25203,SP1000157.34.25203,SY1000157.2026.25203,iPad1(1000157),157,09.06.26 10:24,Prod,A1000157.6696,Tisch 7,115,S1000157.25203,SALE,1,11.5,11.5,0.0,0.0,0.0,0.0,105,Garnelen-Kimchi-Bruger,Hauptgerichte,,MwSt. 7%,1.07,10.747664,0.752336,Normalverkauf
S1000157.25204,SP1000157.34.25204,SY1000157.2026.25204,iPad1(1000157),157,09.06.26 10:24,Prod,A1000157.6696,Tisch 7,115,S1000157.25204,SALE,2,14.5,29.0,0.0,0.0,0.0,0.0,101,Lachs,Hauptspeisen,,MwSt. 7%,1.07,27.102804,1.897196,Normalverkauf
S1000157.25205,SP1000157.34.25205,SY1000157.2026.25205,iPad1(1000157),157,09.06.26 10:24,Prod,A1000157.6696,Tisch 7,115,S1000157.25205,SALE,2,2.8,5.6,0.0,0.0,0.0,0.0,121,Mineralwasser,Getränke,,MwSt. 19%,1.19,4.705882,0.894118,Normalverkauf
S1000157.25206,SP1000157.34.25206,SY1000157.2026.25206,iPad1(1000157),157,09.06.26 12:21,Prod,A1000157.6697,Tisch 3,115,S1000157.25206,SALE,2,10.9,21.8,0.0,0.0,0.0,0.0,107,Chicken Burger,Hauptgerichte,,MwSt. 7%,1.07,20.373832,1.426168,Normalverkauf
S1000157.25207,SP1000157.34.25207,SY1000157.2026.25207,iPad1(1000157),157,09.06.26 19:07,Prod,A1000157.6698,Tisch 22,104,S1000157.25207,SALE,1,9.8,9.8,0.0,0.0,0.0,0.0,108,Seelachs-Ei-Baugette,Hauptgerichte,,MwSt. 7%,1.07,9.158879,0.641121,Normalverkauf
S1000157.25208,SP1000157.34.25208,SY1000157.2026.25208,iPad1(1000157),157,09.06.26 19:07,Prod,A1000157.6698,Tisch 22,104,S1000157.25208,SALE,1,3.9,3.9,0.0,0.0,0.0,0.0,119,Cola,Getränke,,MwSt. 19%,1.19,3.277311,0.622689,Normalverkauf
S1000157.25209,SP1000157.34.25209,SY1000157.2026.25209,iPad1(1000157),157,09.06.26 20:33,Prod,A1000157.6699,Tisch 16,117,S1000157.25209,SALE,2,4.9,9.8,0.0,0.0,0.0,0.0,112,Kartoffelwedges,Beilagen,,MwSt. 7%,1.07,9.158879,0.641121,Normalverkauf
S1000157.25210,SP1000157.34.25210,SY1000157.2026.25210,iPad1(1000157),157,09.06.26 20:33,Prod,A1000157.6699,Tisch 16,117,S1000157.25210,SALE,2,9.8,19.6,0.0,0.0,0.0,0.0,108,Seelachs-Ei-Baugette,Hauptgerichte,,MwSt. 7%,1.07,18.317757,1.282243,Normalverkauf
S1000157.25211,SP1000157.34.25211,SY1000157.2026.25211,iPad1(1000157),157,09.06.26 11:37,Prod,A1000157.6700,Tisch 11,118,S1000157.25211,SALE,2,5.9,11.8,0.0,0.0,0.0,0.0,116,Vanillequark,Desserts,,MwSt. 7%,1.07,11.028037,0.771963,Normalverkauf
S1000157.25212,SP1000157.34.25212,SY1000157.2026.25212,iPad1(1000157),157,09.06.26 11:37,Prod,A1000157.6700,Tisch 11,118,S1000157.25212,SALE,1,6.9,6.9,0.0,0.0,0.0,0.0,103,Fischbrötchen Räucherlachs,Hauptspeisen,,MwSt. 7%,1.07,6.448598,0.451402,Normalverkauf
S1000157.25213,SP1000157.34.25213,SY1000157.2026.25213,iPad1(1000157),157,09.06.26 11:02,Prod,A1000157.6701,Tisch 9,108,S1000157.25213,VOID,2,3.9,7.8,0.0,0.0,0.0,0.0,126,Spezi,Getränke,,MwSt. 19%,1.19,6.554622,1.245378,Normalverkauf
S1000157.25214,SP1000157.34.25214,SY1000157.2026.25214,iPad1(1000157),157,09.06.26 18:14,Prod,A1000157.6702,Tisch 15,120,S1000157.25214,SALE,1,10.9,10.9,0.0,0.0,0.0,0.0,104,Thunfisch Wrap,Hauptgerichte,,MwSt. 7%,1.07,10.186916,0.713084,Normalverkauf
S1000157.25215,SP1000157.34.25215,SY1000157.2026.25215,iPad1(1000157),157,09.06.26 11:15,Prod,A1000157.6703,Tisch 3,117,S1000157.25215,SALE,2,14.5,29.0,0.0,0.0,0.0,0.0,101,Lachs,Hauptspeisen,,MwSt. 7%,1.07,27.102804,1.897196,Normalverkauf
S1000157.25216,SP1000157.34.25216,SY1000157.2026.25216,iPad1(1000157),157,09.06.26 11:15,Prod,A1000157.6703,Tisch 3,117,S1000157.25216,SALE,1,4.9,4.9,0.0,0.0,0.0,0.0,112,Kartoffelwedges,Beilagen,,MwSt. 7%,1.07,4.579439,0.320561,Normalverkauf
S1000157.25217,SP1000157.34.25217,SY1000157.2026.25217,iPad1(1000157),157,09.06.26 11:15,Prod,A1000157.6703,Tisch 3,117,S1000157.25217,SALE,2,6.9,13.8,0.0,0.0,0.0,0.0,103,Fischbrötchen Räucherlachs,Hauptspeisen,,MwSt. 7%,1.07,12.897196,0.902804,Normalverkauf
S1000157.25218,SP1000157.34.25218,SY1000157.2026.25218,iPad1(1000157),157,09.06.26 20:08,Prod,A1000157.6704,Tisch 4,115,S1000157.25218,SALE,1,11.5,11.5,0.0,0.0,0.0,0.0,105,Garnelen-Kimchi-Bruger,Hauptgerichte,,MwSt. 7%,1.07,10.747664,0.752336,Normalverkauf
S1000157.25219,SP1000157.34.25219,SY1000157.2026.25219,iPad1(1000157),157,09.06.26 20:08,Prod,A1000157.6704,Tisch 4,115,S1000157.25219,SALE,1,3.2,3.2,0.0,0.0,0.0,0.0,120,Apfelschorle,Getränke,,MwSt. 19%,1.19,2.689076,0.510924,Normalverkauf
S1000157.25220,SP1000157.34.25220,SY1000157.2026.25220,iPad1(1000157),157,09.06.26 20:08,Prod,A1000157.6704,Tisch 4,115,S1000157.25220,SALE,1,3.9,3.9,0.0,0.0,0.0,0.0,126,Spezi,Getränke,,MwSt. 19%,1.19,3.277311,0.622689,Normalverkauf
S1000157.25221,SP1000157.34.25221,SY1000157.2026.25221,iPad1(1000157),157,09.06.26 11:49,Prod,A1000157.6705,Tisch 5,115,S1000157.25221,SALE,1,5.5,5.5,0.0,0.0,0.0,0.0,111,Pommes Frites,Beilagen,,MwSt. 7%,1.07,5.140187,0.359813,Normalverkauf
S1000157.25222,SP1000157.34.25222,SY1000157.2026.25222,iPad1(1000157),157,09.06.26 11:49,Prod,A1000157.6705,Tisch 5,115,S1000157.25222,SALE,2,10.9,21.8,0.0,0.0,0.0,0.0,104,Thunfisch Wrap,Hauptgerichte,,MwSt. 7%,1.07,20.373832,1.426168,Normalverkauf
S1000157.25223,SP1000157.34.25223,SY1000157.2026.25223,iPad1(1000157),157,09.06.26 13:26,Prod,A1000157.6706,Tisch 11,101,S1000157.25223,SALE,1,3.2,3.2,0.0,0.0,0.0,0.0,120,Apfelschorle,Getränke,,MwSt. 19%,1.19,2.689076,0.510924,Normalverkauf
S1000157.25224,SP1000157.34.25224,SY1000157.2026.25224,iPad1(1000157),157,09.06.26 13:26,Prod,A1000157.6706,Tisch 11,101,S1000157.25224,SALE,2,3.9,7.8,0.0,0.0,0.0,0.0,127,Alkoholfreies Bier,Getränke,,MwSt. 19%,1.19,6.554622,1.245378,Normalverkauf
S1000157.25225,SP1000157.34.25225,SY1000157.2026.25225,iPad1(1000157),157,09.06.26 13:26,Prod,A1000157.6706,Tisch 11,101,S1000157.25225,SALE,2,14.5,29.0,0.0,0.0,0.0,0.0,101,Lachs,Hauptspeisen,,MwSt. 7%,1.07,27.102804,1.897196,Normalverkauf
S1000157.25226,SP1000157.34.25226,SY1000157.2026.25226,iPad1(1000157),157,09.06.26 19:57,Prod,A1000157.6707,,104,S1000157.25226,SALE,2,6.5,13.0,0.0,0.0,0.0,0.0,118,Schokokuchen,Desserts,,MwSt. 7%,1.07,12.149533,0.850467,Normalverkauf
S1000157.25227,SP1000157.34.25227,SY1000157.2026.25227,iPad1(1000157),157,09.06.26 19:57,Prod,A1000157.6707,,104,S1000157.25227,SALE,2,7.9,15.8,0.0,0.0,0.0,0.0,115,Tiramisu,Desserts,,MwSt. 7%,1.07,14.766355,1.033645,Normalverkauf
S1000157.25228,SP1000157.34.25228,SY1000157.2026.25228,iPad1(1000157),157,09.06.26 19:57,Prod,A1000157.6707,,104,S1000157.25228,SALE,1,10.9,10.9,0.0,0.0,0.0,0.0,107,Chicken Burger,Hauptgerichte,,MwSt. 7%,1.07,10.186916,0.713084,Normalverkauf
S1000157.25229,SP1000157.34.25229,SY1000157.2026.25229,iPad1(1000157),157,09.06.26 12:30,Prod,A1000157.6708,Tisch 15,118,S1000157.25229,SALE,2,2.8,5.6,0.0,0.0,0.0,0.0,121,Mineralwasser,Getränke,,MwSt. 19%,1.19,4.705882,0.894118,Normalverkauf
S1000157.25230,SP1000157.34.25230,SY1000157.2026.25230,iPad1(1000157),157,09.06.26 16:38,Prod,A1000157.6709,Tisch 17,120,S1000157.25230,SALE,1,6.5,6.5,0.0,0.0,0.0,0.0,100,Fischbrötchen Backfisch,Hauptspeisen,,MwSt. 7%,1.07,6.074766,0.425234,Normalverkauf
S1000157.25231,SP1000157.34.25231,SY1000157.2026.25231,iPad1(1000157),157,09.06.26 16:38,Prod,A1000157.6709,Tisch 17,120,S1000157.25231,SALE,2,14.5,29.0,0.0,0.0,0.0,0.0,101,Lachs,Hauptspeisen,,MwSt. 7%,1.07,27.102804,1.897196,Normalverkauf
S1000157.25232,SP1000157.34.25232,SY1000157.2026.25232,iPad1(1000157),157,09.06.26 09:12,Prod,A1000157.6710,Tisch 19,101,S1000157.25232,SALE,2,7.9,15.8,0.0,0.0,0.0,0.0,115,Tiramisu,Desserts,,MwSt. 7%,1.07,14.766355,1.033645,Normalverkauf
S1000157.25233,SP1000157.34.25233,SY1000157.2026.25233,iPad1(1000157),157,09.06.26 09:12,Prod,A1000157.6710,Tisch 19,101,S1000157.25233,SALE,1,3.9,3.9,0.0,0.0,0.0,0.0,119,Cola,Getränke,,MwSt. 19%,1.19,3.277311,0.622689,Normalverkauf
S1000157.25234,SP1000157.34.25234,SY1000157.2026.25234,iPad1(1000157),157,09.06.26 11:22,Prod,A1000157.6711,Tisch 16,104,S1000157.25234,SALE,1,2.8,2.8,0.0,0.0,0.0,0.0,121,Mineralwasser,Getränke,,MwSt. 19%,1.19,2.352941,0.447059,Normalverkauf
S1000157.25235,SP1000157.34.25235,SY1000157.2026.25235,iPad1(1000157),157,09.06.26 11:22,Prod,A1000157.6711,Tisch 16,104,S1000157.25235,SALE,2,10.9,21.8,0.0,0.0,0.0,0.0,107,Chicken Burger,Hauptgerichte,,MwSt. 7%,1.07,20.373832,1.426168,Normalverkauf
S1000157.25236,SP1000157.34.25236,SY1000157.2026.25236,iPad1(1000157),157,09.06.26 11:22,Prod,A1000157.6711,Tisch 16,104,S1000157.25236,SALE,2,7.9,15.8,0.0,0.0,0.0,0.0,106,Neptun-Ringe,Beilagen,,MwSt. 7%,1.07,14.766355,1.033645,Normalverkauf
S1000157.25237,SP1000157.34.25237,SY1000157.2026.25237,iPad1(1000157),157,09.06.26 17:30,Prod,A1000157.6712,Tisch 1,101,S1000157.25237,SALE,2,11.5,23.0,0.0,0.0,0.0,0.0,105,Garnelen-Kimchi-Bruger,Hauptgerichte,,MwSt. 7%,1.07,21.495327,1.504673,Normalverkauf
S1000157.25238,SP1000157.34.25238,SY1000157.2026.25238,iPad1(1000157),157,09.06.26 17:30,Prod,A1000157.6712,Tisch 1,101,S1000157.25238,SALE,2,3.9,7.8,0.0,0.0,0.0,0.0,126,Spezi,Getränke,,MwSt. 19%,1.19,6.554622,1.245378,Normalverkauf
S1000157.25239,SP1000157.34.25239,SY1000157.2026.25239,iPad1(1000157),157,09.06.26 17:30,Prod,A1000157.6712,Tisch 1,101,S1000157.25239,SALE,2,5.5,11.0,0.0,0.0,0.0,0.0,114,Fisch Nuggets Box,Beilagen,,MwSt. 7%,1.07,10.280374,0.719626,Normalverkauf
S1000157.25240,SP1000157.34.25240,SY1000157.2026.25240,iPad1(1000157),157,09.06.26 18:33,Prod,A1000157.6713,Tisch 19,117,S1000157.25240,SALE,2,10.9,21.8,0.0,0.0,0.0,0.0,107,Chicken Burger,Hauptgerichte,,MwSt. 7%,1.07,20.373832,1.426168,Normalverkauf
S1000157.25241,SP1000157.34.25241,SY1000157.2026.25241,iPad1(1000157),157,09.06.26 19:12,Prod,A1000157.6714,Tisch 11,115,S1000157.25241,SALE,2,10.9,21.8,0.0,0.0,0.0,0.0,104,Thunfisch Wrap,Hauptgerichte,,MwSt. 7%,1.07,20.373832,1.426168,Normalverkauf
S1000157.25242,SP1000157.34.25242,SY1000157.2026.25242,iPad1(1000157),157,09.06.26 19:12,Prod,A1000157.6714,Tisch 11,115,S1000157.25242,SALE,1,6.9,6.9,0.0,0.0,0.0,0.0,103,Fischbrötchen Räucherlachs,Hauptspeisen,,MwSt. 7%,1.07,6.448598,0.451402,Normalverkauf
S1000157.25243,SP1000157.34.25243,SY1000157.2026.25243,iPad1(1000157),157,09.06.26 20:42,Prod,A1000157.6715,Tisch 17,115,S1000157.25243,SALE,2,5.9,11.8,0.0,0.0,0.0,0.0,123,Inger-Limonade,Getränke,,MwSt. 19%,1.19,9.915966,1.884034,Normalverkauf
S1000157.25244,SP1000157.34.25244,SY1000157.2026.25244,iPad1(1000157),157,09.06.26 20:42,Prod,A1000157.6715,Tisch 17,115,S1000157.25244,SALE,2,3.9,7.8,0.0,0.0,0.0,0.0,124,Cola Zero,Getränke,,MwSt. 19%,1.19,6.554622,1.245378,Normalverkauf
S1000157.25245,SP1000157.34.25245,SY1000157.2026.25245,iPad1(1000157),157,09.06.26 11:09,Prod,A1000157.6716,Tisch 13,120,S1000157.25245,SALE,2,6.9,13.8,0.0,0.0,0.0,0.0,113,Garnelen Box,Beilagen,,MwSt. 7%,1.07,12.897196,0.902804,Normalverkauf
S1000157.25246,SP1000157.34.25246,SY1000157.2026.25246,iPad1(1000157),157,10.06.26 13:41,Prod,A1000157.6717,Tisch 11,115,S1000157.25246,VOID,1,10.9,10.9,0.0,0.0,0.0,0.0,109,Bismarck-Baguette,Hauptgerichte,,MwSt. 7%,1.07,10.186916,0.713084,Normalverkauf
S1000157.25247,SP1000157.34.25247,SY1000157.2026.25247,iPad1(1000157),157,10.06.26 10:56,Prod,A1000157.6718,Tisch 10,104,S1000157.25247,SALE,2,7.9,15.8,0.0,0.0,0.0,0.0,115,Tiramisu,Desserts,,MwSt. 7%,1.07,14.766355,1.033645,Normalverkauf
S1000157.25248,SP1000157.34.25248,SY1000157.2026.25248,iPad1(1000157),157,10.06.26 10:56,Prod,A1000157.6718,Tisch 10,104,S1000157.25248,SALE,1,10.9,10.9,0.0,0.0,0.0,0.0,107,Chicken Burger,Hauptgerichte,,MwSt. 7%,1.07,10.186916,0.713084,Normalverkauf
S1000157.25249,SP1000157.34.25249,SY1000157.2026.25249,iPad1(1000157),157,10.06.26 10:56,Prod,A1000157.6718,Tisch 10,104,S1000157.25249,SALE,1,6.5,6.5,0.0,0.0,0.0,0.0,100,Fischbrötchen Backfisch,Hauptspeisen,,MwSt. 7%,1.07,6.074766,0.425234,Normalverkauf
S1000157.25250,SP1000157.34.25250,SY1000157.2026.25250,iPad1(1000157),157,10.06.26 17:53,Prod,A1000157.6719,Tisch 19,101,S1000157.25250,SALE,1,2.8,2.8,0.0,0.0,0.0,0.0,121,Mineralwasser,Getränke,,MwSt. 19%,1.19,2.352941,0.447059,Normalverkauf
S1000157.25251,SP1000157.34.25251,SY1000157.2026.25251,iPad1(1000157),157,10.06.26 17:53,Prod,A1000157.6719,Tisch 19,101,S1000157.25251,SALE,2,5.9,11.8,0.0,0.0,0.0,0.0,125,Zitronen-Limonade,Getränke,,MwSt. 19%,1.19,9.915966,1.884034,Normalverkauf
S1000157.25252,SP1000157.34.25252,SY1000157.2026.25252,iPad1(1000157),157,10.06.26 18:52,Prod,A1000157.6720,Tisch 20,120,S1000157.25252,SALE,1,4.9,4.9,0.0,0.0,0.0,0.0,112,Kartoffelwedges,Beilagen,,MwSt. 7%,1.07,4.579439,0.320561,Normalverkauf
S1000157.25253,SP1000157.34.25253,SY1000157.2026.25253,iPad1(1000157),157,10.06.26 18:52,Prod,A1000157.6720,Tisch 20,120,S1000157.25253,SALE,1,10.9,10.9,0.0,0.0,0.0,0.0,107,Chicken Burger,Hauptgerichte,,MwSt. 7%,1.07,10.186916,0.713084,Normalverkauf
S1000157.25254,SP1000157.34.25254,SY1000157.2026.25254,iPad1(1000157),157,10.06.26 18:52,Prod,A1000157.6720,Tisch 20,120,S1000157.25254,SALE,1,5.5,5.5,0.0,0.0,0.0,0.0,111,Pommes Frites,Beilagen,,MwSt. 7%,1.07,5.140187,0.359813,Normalverkauf
S1000157.25255,SP1000157.34.25255,SY1000157.2026.25255,iPad1(1000157),157,10.06.26 08:16,Prod,A1000157.6721,Tisch 3,117,S1000157.25255,SALE,1,6.5,6.5,0.0,0.0,0.0,0.0,100,Fischbrötchen Backfisch,Hauptspeisen,,MwSt. 7%,1.07,6.074766,0.425234,Normalverkauf
S1000157.25256,SP1000157.34.25256,SY1000157.2026.25256,iPad1(1000157),157,10.06.26 08:16,Prod,A1000157.6721,Tisch 3,117,S1000157.25256,SALE,1,6.9,6.9,0.0,0.0,0.0,0.0,103,Fischbrötchen Räucherlachs,Hauptspeisen,,MwSt. 7%,1.07,6.448598,0.451402,Normalverkauf
S1000157.25257,SP1000157.34.25257,SY1000157.2026.25257,iPad1(1000157),157,10.06.26 11:11,Prod,A1000157.6722,Tisch 20,101,S1000157.25257,SALE,2,5.9,11.8,0.0,0.0,0.0,0.0,125,Zitronen-Limonade,Getränke,,MwSt. 19%,1.19,9.915966,1.884034,Normalverkauf
S1000157.25258,SP1000157.34.25258,SY1000157.2026.25258,iPad1(1000157),157,10.06.26 17:36,Prod,A1000157.6723,Tisch 3,117,S1000157.25258,SALE,1,11.5,11.5,0.0,0.0,0.0,0.0,105,Garnelen-Kimchi-Bruger,Hauptgerichte,,MwSt. 7%,1.07,10.747664,0.752336,Normalverkauf
S1000157.25259,SP1000157.34.25259,SY1000157.2026.25259,iPad1(1000157),157,10.06.26 13:13,Prod,A1000157.6724,Tisch 7,115,S1000157.25259,SALE,1,5.9,5.9,0.0,0.0,0.0,0.0,117,Rote Grütze,Desserts,,MwSt. 7%,1.07,5.514019,0.385981,Normalverkauf
S1000157.25260,SP1000157.34.25260,SY1000157.2026.25260,iPad1(1000157),157,10.06.26 13:13,Prod,A1000157.6724,Tisch 7,115,S1000157.25260,SALE,2,11.9,23.8,0.0,0.0,0.0,0.0,110,Matjes-Baguette,Hauptgerichte,,MwSt. 7%,1.07,22.242991,1.557009,Normalverkauf
S1000157.25261,SP1000157.34.25261,SY1000157.2026.25261,iPad1(1000157),157,10.06.26 13:13,Prod,A1000157.6724,Tisch 7,115,S1000157.25261,SALE,1,11.9,11.9,0.0,0.0,0.0,0.0,110,Matjes-Baguette,Hauptgerichte,,MwSt. 7%,1.07,11.121495,0.778505,Normalverkauf
S1000157.25262,SP1000157.34.25262,SY1000157.2026.25262,iPad1(1000157),157,10.06.26 16:05,Prod,A1000157.6725,Tisch 4,104,S1000157.25262,SALE,2,2.8,5.6,0.0,0.0,0.0,0.0,121,Mineralwasser,Getränke,,MwSt. 19%,1.19,4.705882,0.894118,Normalverkauf
S1000157.25263,SP1000157.34.25263,SY1000157.2026.25263,iPad1(1000157),157,10.06.26 16:05,Prod,A1000157.6725,Tisch 4,104,S1000157.25263,SALE,1,3.9,3.9,0.0,0.0,0.0,0.0,124,Cola Zero,Getränke,,MwSt. 19%,1.19,3.277311,0.622689,Normalverkauf
S1000157.25264,SP1000157.34.25264,SY1000157.2026.25264,iPad1(1000157),157,10.06.26 16:05,Prod,A1000157.6725,Tisch 4,104,S1000157.25264,SALE,1,3.9,3.9,0.0,0.0,0.0,0.0,124,Cola Zero,Getränke,,MwSt. 19%,1.19,3.277311,0.622689,Normalverkauf
S1000157.25265,SP1000157.34.25265,SY1000157.2026.25265,iPad1(1000157),157,10.06.26 19:40,Prod,A1000157.6726,,118,S1000157.25265,SALE,2,4.2,8.4,0.0,0.0,0.0,0.0,122,Bier,Getränke,,MwSt. 19%,1.19,7.058824,1.341176,Normalverkauf
S1000157.25266,SP1000157.34.25266,SY1000157.2026.25266,iPad1(1000157),157,10.06.26 19:40,Prod,A1000157.6726,,118,S1000157.25266,SALE,1,6.5,6.5,0.0,0.0,0.0,0.0,100,Fischbrötchen Backfisch,Hauptspeisen,,MwSt. 7%,1.07,6.074766,0.425234,Normalverkauf
S1000157.25267,SP1000157.34.25267,SY1000157.2026.25267,iPad1(1000157),157,10.06.26 19:40,Prod,A1000157.6726,,118,S1000157.25267,SALE,2,6.5,13.0,0.0,0.0,0.0,0.0,100,Fischbrötchen Backfisch,Hauptspeisen,,MwSt. 7%,1.07,12.149533,0.850467,Normalverkauf
S1000157.25268,SP1000157.34.25268,SY1000157.2026.25268,iPad1(1000157),157,10.06.26 09:20,Prod,A1000157.6727,Tisch 24,101,S1000157.25268,SALE,2,2.8,5.6,0.0,0.0,0.0,0.0,121,Mineralwasser,Getränke,,MwSt. 19%,1.19,4.705882,0.894118,Normalverkauf
S1000157.25269,SP1000157.34.25269,SY1000157.2026.25269,iPad1(1000157),157,10.06.26 12:27,Prod,A1000157.6728,Tisch 9,118,S1000157.25269,SALE,1,4.9,4.9,0.0,0.0,0.0,0.0,112,Kartoffelwedges,Beilagen,,MwSt. 7%,1.07,4.579439,0.320561,Normalverkauf
S1000157.25270,SP1000157.34.25270,SY1000157.2026.25270,iPad1(1000157),157,10.06.26 12:27,Prod,A1000157.6728,Tisch 9,118,S1000157.25270,SALE,1,14.5,14.5,0.0,0.0,0.0,0.0,101,Lachs,Hauptspeisen,,MwSt. 7%,1.07,13.551402,0.948598,Normalverkauf
S1000157.25271,SP1000157.34.25271,SY1000157.2026.25271,iPad1(1000157),157,10.06.26 14:50,Prod,A1000157.6729,Tisch 3,101,S1000157.25271,SALE,1,3.9,3.9,0.0,0.0,0.0,0.0,124,Cola Zero,Getränke,,MwSt. 19%,1.19,3.277311,0.622689,Normalverkauf
S1000157.25272,SP1000157.34.25272,SY1000157.2026.25272,iPad1(1000157),157,10.06.26 14:50,Prod,A1000157.6729,Tisch 3,101,S1000157.25272,SALE,2,3.9,7.8,0.0,0.0,0.0,0.0,124,Cola Zero,Getränke,,MwSt. 19%,1.19,6.554622,1.245378,Normalverkauf
S1000157.25273,SP1000157.34.25273,SY1000157.2026.25273,iPad1(1000157),157,10.06.26 17:56,Prod,A1000157.6730,Tisch 16,108,S1000157.25273,SALE,2,3.2,6.4,0.0,0.0,0.0,0.0,120,Apfelschorle,Getränke,,MwSt. 19%,1.19,5.378151,1.021849,Normalverkauf
S1000157.25274,SP1000157.34.25274,SY1000157.2026.25274,iPad1(1000157),157,10.06.26 17:56,Prod,A1000157.6730,Tisch 16,108,S1000157.25274,SALE,1,4.2,4.2,0.0,0.0,0.0,0.0,122,Bier,Getränke,,MwSt. 19%,1.19,3.529412,0.670588,Normalverkauf
S1000157.25275,SP1000157.34.25275,SY1000157.2026.25275,iPad1(1000157),157,10.06.26 17:56,Prod,A1000157.6730,Tisch 16,108,S1000157.25275,SALE,1,2.8,2.8,0.0,0.0,0.0,0.0,121,Mineralwasser,Getränke,,MwSt. 19%,1.19,2.352941,0.447059,Normalverkauf
S1000157.25276,SP1000157.34.25276,SY1000157.2026.25276,iPad1(1000157),157,10.06.26 18:50,Prod,A1000157.6731,Tisch 11,120,S1000157.25276,SALE,2,6.9,13.8,0.0,0.0,0.0,0.0,103,Fischbrötchen Räucherlachs,Hauptspeisen,,MwSt. 7%,1.07,12.897196,0.902804,Normalverkauf
S1000157.25277,SP1000157.34.25277,SY1000157.2026.25277,iPad1(1000157),157,10.06.26 17:36,Prod,A1000157.6732,Tisch 4,117,S1000157.25277,SALE,1,6.9,6.9,0.0,0.0,0.0,0.0,103,Fischbrötchen Räucherlachs,Hauptspeisen,,MwSt. 7%,1.07,6.448598,0.451402,Normalverkauf
S1000157.25278,SP1000157.34.25278,SY1000157.2026.25278,iPad1(1000157),157,10.06.26 16:06,Prod,A1000157.6733,Tisch 19,117,S1000157.25278,SALE,2,4.2,8.4,0.0,0.0,0.0,0.0,122,Bier,Getränke,,MwSt. 19%,1.19,7.058824,1.341176,Normalverkauf
S1000157.25279,SP1000157.34.25279,SY1000157.2026.25279,iPad1(1000157),157,10.06.26 16:06,Prod,A1000157.6733,Tisch 19,117,S1000157.25279,SALE,1,3.9,3.9,0.0,0.0,0.0,0.0,127,Alkoholfreies Bier,Getränke,,MwSt. 19%,1.19,3.277311,0.622689,Normalverkauf
S1000157.25280,SP1000157.34.25280,SY1000157.2026.25280,iPad1(1000157),157,10.06.26 16:06,Prod,A1000157.6733,Tisch 19,117,S1000157.25280,SALE,1,2.8,2.8,0.0,0.0,0.0,0.0,121,Mineralwasser,Getränke,,MwSt. 19%,1.19,2.352941,0.447059,Normalverkauf
S1000157.25281,SP1000157.34.25281,SY1000157.2026.25281,iPad1(1000157),157,10.06.26 11:07,Prod,A1000157.6734,Tisch 5,115,S1000157.25281,SALE,1,3.9,3.9,0.0,0.0,0.0,0.0,124,Cola Zero,Getränke,,MwSt. 19%,1.19,3.277311,0.622689,Normalverkauf
S1000157.25282,SP1000157.34.25282,SY1000157.2026.25282,iPad1(1000157),157,10.06.26 11:07,Prod,A1000157.6734,Tisch 5,115,S1000157.25282,SALE,2,11.5,23.0,0.0,0.0,0.0,0.0,105,Garnelen-Kimchi-Bruger,Hauptgerichte,,MwSt. 7%,1.07,21.495327,1.504673,Normalverkauf
S1000157.25283,SP1000157.34.25283,SY1000157.2026.25283,iPad1(1000157),157,10.06.26 13:38,Prod,A1000157.6735,Tisch 22,115,S1000157.25283,SALE,1,3.9,3.9,0.0,0.0,0.0,0.0,119,Cola,Getränke,,MwSt. 19%,1.19,3.277311,0.622689,Normalverkauf
S1000157.25284,SP1000157.34.25284,SY1000157.2026.25284,iPad1(1000157),157,10.06.26 13:38,Prod,A1000157.6735,Tisch 22,115,S1000157.25284,SALE,2,2.8,5.6,0.0,0.0,0.0,0.0,121,Mineralwasser,Getränke,,MwSt. 19%,1.19,4.705882,0.894118,Normalverkauf
S1000157.25285,SP1000157.34.25285,SY1000157.2026.25285,iPad1(1000157),157,10.06.26 12:42,Prod,A1000157.6736,Tisch 20,120,S1000157.25285,SALE,2,10.9,21.8,0.0,0.0,0.0,0.0,109,Bismarck-Baguette,Hauptgerichte,,MwSt. 7%,1.07,20.373832,1.426168,Normalverkauf
S1000157.25286,SP1000157.34.25286,SY1000157.2026.25286,iPad1(1000157),157,10.06.26 18:32,Prod,A1000157.6737,Tisch 6,115,S1000157.25286,VOID,1,3.9,3.9,0.0,0.0,0.0,0.0,126,Spezi,Getränke,,MwSt. 19%,1.19,3.277311,0.622689,Normalverkauf
S1000157.25287,SP1000157.34.25287,SY1000157.2026.25287,iPad1(1000157),157,10.06.26 18:32,Prod,A1000157.6737,Tisch 6,115,S1000157.25287,VOID,1,6.5,6.5,0.0,0.0,0.0,0.0,100,Fischbrötchen Backfisch,Hauptspeisen,,MwSt. 7%,1.07,6.074766,0.425234,Normalverkauf
S1000157.25288,SP1000157.34.25288,SY1000157.2026.25288,iPad1(1000157),157,10.06.26 12:06,Prod,A1000157.6738,Tisch 14,117,S1000157.25288,SALE,2,10.9,21.8,0.0,0.0,0.0,0.0,104,Thunfisch Wrap,Hauptgerichte,,MwSt. 7%,1.07,20.373832,1.426168,Normalverkauf
S1000157.25289,SP1000157.34.25289,SY1000157.2026.25289,iPad1(1000157),157,10.06.26 18:24,Prod,A1000157.6739,Tisch 11,115,S1000157.25289,SALE,1,4.9,4.9,0.0,0.0,0.0,0.0,112,Kartoffelwedges,Beilagen,,MwSt. 7%,1.07,4.579439,0.320561,Normalverkauf
S1000157.25290,SP1000157.34.25290,SY1000157.2026.25290,iPad1(1000157),157,10.06.26 18:24,Prod,A1000157.6739,Tisch 11,115,S1000157.25290,SALE,1,3.9,3.9,0.0,0.0,0.0,0.0,119,Cola,Getränke,,MwSt. 19%,1.19,3.277311,0.622689,Normalverkauf
S1000157.25291,SP1000157.34.25291,SY1000157.2026.25291,iPad1(1000157),157,10.06.26 15:26,Prod,A1000157.6740,Tisch 15,118,S1000157.25291,VOID,2,4.2,8.4,0.0,0.0,0.0,0.0,122,Bier,Getränke,,MwSt. 19%,1.19,7.058824,1.341176,Normalverkauf
S1000157.25292,SP1000157.34.25292,SY1000157.2026.25292,iPad1(1000157),157,10.06.26 15:26,Prod,A1000157.6740,Tisch 15,118,S1000157.25292,VOID,1,3.2,3.2,0.0,0.0,0.0,0.0,120,Apfelschorle,Getränke,,MwSt. 19%,1.19,2.689076,0.510924,Normalverkauf
S1000157.25293,SP1000157.34.25293,SY1000157.2026.25293,iPad1(1000157),157,10.06.26 16:38,Prod,A1000157.6741,Tisch 5,115,S1000157.25293,SALE,2,5.5,11.0,0.0,0.0,0.0,0.0,111,Pommes Frites,Beilagen,,MwSt. 7%,1.07,10.280374,0.719626,Normalverkauf
S1000157.25294,SP1000157.34.25294,SY1000157.2026.25294,iPad1(1000157),157,10.06.26 16:38,Prod,A1000157.6741,Tisch 5,115,S1000157.25294,SALE,1,3.9,3.9,0.0,0.0,0.0,0.0,124,Cola Zero,Getränke,,MwSt. 19%,1.19,3.277311,0.622689,Normalverkauf
S1000157.25295,SP1000157.34.25295,SY1000157.2026.25295,iPad1(1000157),157,10.06.26 15:36,Prod,A1000157.6742,Tisch 10,115,S1000157.25295,SALE,2,10.9,21.8,0.0,0.0,0.0,0.0,104,Thunfisch Wrap,Hauptgerichte,,MwSt. 7%,1.07,20.373832,1.426168,Normalverkauf
S1000157.25296,SP1000157.34.25296,SY1000157.2026.25296,iPad1(1000157),157,10.06.26 19:50,Prod,A1000157.6743,Tisch 22,101,S1000157.25296,SALE,1,6.5,6.5,0.0,0.0,0.0,0.0,100,Fischbrötchen Backfisch,Hauptspeisen,,MwSt. 7%,1.07,6.074766,0.425234,Normalverkauf
S1000157.25297,SP1000157.34.25297,SY1000157.2026.25297,iPad1(1000157),157,10.06.26 19:50,Prod,A1000157.6743,Tisch 22,101,S1000157.25297,SALE,1,11.5,11.5,0.0,0.0,0.0,0.0,105,Garnelen-Kimchi-Bruger,Hauptgerichte,,MwSt. 7%,1.07,10.747664,0.752336,Normalverkauf
S1000157.25298,SP1000157.34.25298,SY1000157.2026.25298,iPad1(1000157),157,10.06.26 19:06,Prod,A1000157.6744,Tisch 12,120,S1000157.25298,SALE,2,6.5,13.0,0.0,0.0,0.0,0.0,100,Fischbrötchen Backfisch,Hauptspeisen,,MwSt. 7%,1.07,12.149533,0.850467,Normalverkauf
S1000157.25299,SP1000157.34.25299,SY1000157.2026.25299,iPad1(1000157),157,10.06.26 19:06,Prod,A1000157.6744,Tisch 12,120,S1000157.25299,SALE,1,5.5,5.5,0.0,0.0,0.0,0.0,111,Pommes Frites,Beilagen,,MwSt. 7%,1.07,5.140187,0.359813,Normalverkauf
S1000157.25300,SP1000157.34.25300,SY1000157.2026.25300,iPad1(1000157),157,10.06.26 20:23,Prod,A1000157.6745,Tisch 23,115,S1000157.25300,SALE,2,6.5,13.0,0.0,0.0,0.0,0.0,100,Fischbrötchen Backfisch,Hauptspeisen,,MwSt. 7%,1.07,12.149533,0.850467,Normalverkauf
S1000157.25301,SP1000157.34.25301,SY1000157.2026.25301,iPad1(1000157),157,10.06.26 12:36,Prod,A1000157.6746,Tisch 13,118,S1000157.25301,SALE,2,3.9,7.8,0.0,0.0,0.0,0.0,119,Cola,Getränke,,MwSt. 19%,1.19,6.554622,1.245378,Normalverkauf
S1000157.25302,SP1000157.34.25302,SY1000157.2026.25302,iPad1(1000157),157,10.06.26 13:14,Prod,A1000157.6747,Tisch 19,117,S1000157.25302,SALE,1,3.9,3.9,0.0,0.0,0.0,0.0,127,Alkoholfreies Bier,Getränke,,MwSt. 19%,1.19,3.277311,0.622689,Normalverkauf
S1000157.25303,SP1000157.34.25303,SY1000157.2026.25303,iPad1(1000157),157,10.06.26 13:14,Prod,A1000157.6747,Tisch 19,117,S1000157.25303,SALE,1,4.2,4.2,0.0,0.0,0.0,0.0,122,Bier,Getränke,,MwSt. 19%,1.19,3.529412,0.670588,Normalverkauf
S1000157.25304,SP1000157.34.25304,SY1000157.2026.25304,iPad1(1000157),157,10.06.26 12:17,Prod,A1000157.6748,Tisch 22,108,S1000157.25304,SALE,2,7.9,15.8,0.0,0.0,0.0,0.0,115,Tiramisu,Desserts,,MwSt. 7%,1.07,14.766355,1.033645,Normalverkauf
S1000157.25305,SP1000157.34.25305,SY1000157.2026.25305,iPad1(1000157),157,10.06.26 17:11,Prod,A1000157.6749,Tisch 16,115,S1000157.25305,SALE,1,2.8,2.8,0.0,0.0,0.0,0.0,121,Mineralwasser,Getränke,,MwSt. 19%,1.19,2.352941,0.447059,Normalverkauf
S1000157.25306,SP1000157.34.25306,SY1000157.2026.25306,iPad1(1000157),157,10.06.26 17:11,Prod,A1000157.6749,Tisch 16,115,S1000157.25306,SALE,1,5.9,5.9,0.0,0.0,0.0,0.0,123,Inger-Limonade,Getränke,,MwSt. 19%,1.19,4.957983,0.942017,Normalverkauf
S1000157.25307,SP1000157.34.25307,SY1000157.2026.25307,iPad1(1000157),157,10.06.26 17:11,Prod,A1000157.6749,Tisch 16,115,S1000157.25307,SALE,1,7.9,7.9,0.0,0.0,0.0,0.0,106,Neptun-Ringe,Beilagen,,MwSt. 7%,1.07,7.383178,0.516822,Normalverkauf
S1000157.25308,SP1000157.34.25308,SY1000157.2026.25308,iPad1(1000157),157,10.06.26 13:41,Prod,A1000157.6750,Tisch 6,104,S1000157.25308,VOID,2,2.8,5.6,0.0,0.0,0.0,0.0,121,Mineralwasser,Getränke,,MwSt. 19%,1.19,4.705882,0.894118,Normalverkauf
S1000157.25309,SP1000157.34.25309,SY1000157.2026.25309,iPad1(1000157),157,10.06.26 13:41,Prod,A1000157.6750,Tisch 6,104,S1000157.25309,VOID,1,9.8,9.8,0.0,0.0,0.0,0.0,108,Seelachs-Ei-Baugette,Hauptgerichte,,MwSt. 7%,1.07,9.158879,0.641121,Normalverkauf
S1000157.25310,SP1000157.34.25310,SY1000157.2026.25310,iPad1(1000157),157,10.06.26 13:41,Prod,A1000157.6750,Tisch 6,104,S1000157.25310,VOID,1,3.2,3.2,0.0,0.0,0.0,0.0,120,Apfelschorle,Getränke,,MwSt. 19%,1.19,2.689076,0.510924,Normalverkauf
S1000157.25311,SP1000157.34.25311,SY1000157.2026.25311,iPad1(1000157),157,10.06.26 18:25,Prod,A1000157.6751,Tisch 22,117,S1000157.25311,SALE,2,9.8,19.6,0.0,0.0,0.0,0.0,108,Seelachs-Ei-Baugette,Hauptgerichte,,MwSt. 7%,1.07,18.317757,1.282243,Normalverkauf
S1000157.25312,SP1000157.34.25312,SY1000157.2026.25312,iPad1(1000157),157,10.06.26 18:25,Prod,A1000157.6751,Tisch 22,117,S1000157.25312,SALE,1,10.9,10.9,0.0,0.0,0.0,0.0,107,Chicken Burger,Hauptgerichte,,MwSt. 7%,1.07,10.186916,0.713084,Normalverkauf
S1000157.25313,SP1000157.34.25313,SY1000157.2026.25313,iPad1(1000157),157,10.06.26 08:22,Prod,A1000157.6752,Tisch 20,117,S1000157.25313,SALE,1,3.9,3.9,0.0,0.0,0.0,0.0,124,Cola Zero,Getränke,,MwSt. 19%,1.19,3.277311,0.622689,Normalverkauf
S1000157.25314,SP1000157.34.25314,SY1000157.2026.25314,iPad1(1000157),157,10.06.26 18:21,Prod,A1000157.6753,Tisch 12,120,S1000157.25314,SALE,1,3.9,3.9,0.0,0.0,0.0,0.0,119,Cola,Getränke,,MwSt. 19%,1.19,3.277311,0.622689,Normalverkauf
S1000157.25315,SP1000157.34.25315,SY1000157.2026.25315,iPad1(1000157),157,10.06.26 18:21,Prod,A1000157.6753,Tisch 12,120,S1000157.25315,SALE,1,5.5,5.5,0.0,0.0,0.0,0.0,111,Pommes Frites,Beilagen,,MwSt. 7%,1.07,5.140187,0.359813,Normalverkauf
S1000157.25316,SP1000157.34.25316,SY1000157.2026.25316,iPad1(1000157),157,10.06.26 18:21,Prod,A1000157.6753,Tisch 12,120,S1000157.25316,SALE,2,4.9,9.8,0.0,0.0,0.0,0.0,112,Kartoffelwedges,Beilagen,,MwSt. 7%,1.07,9.158879,0.641121,Normalverkauf
S1000157.25317,SP1000157.34.25317,SY1000157.2026.25317,iPad1(1000157),157,10.06.26 11:19,Prod,A1000157.6754,Tisch 18,117,S1000157.25317,SALE,2,6.5,13.0,0.0,0.0,0.0,0.0,100,Fischbrötchen Backfisch,Hauptspeisen,,MwSt. 7%,1.07,12.149533,0.850467,Normalverkauf
S1000157.25318,SP1000157.34.25318,SY1000157.2026.25318,iPad1(1000157),157,10.06.26 11:19,Prod,A1000157.6754,Tisch 18,117,S1000157.25318,SALE,2,10.9,21.8,0.0,0.0,0.0,0.0,109,Bismarck-Baguette,Hauptgerichte,,MwSt. 7%,1.07,20.373832,1.426168,Normalverkauf
S1000157.25319,SP1000157.34.25319,SY1000157.2026.25319,iPad1(1000157),157,10.06.26 11:19,Prod,A1000157.6754,Tisch 18,117,S1000157.25319,SALE,2,2.8,5.6,0.0,0.0,0.0,0.0,121,Mineralwasser,Getränke,,MwSt. 19%,1.19,4.705882,0.894118,Normalverkauf
S1000157.25320,SP1000157.34.25320,SY1000157.2026.25320,iPad1(1000157),157,10.06.26 12:54,Prod,A1000157.6755,Tisch 13,117,S1000157.25320,SALE,1,10.9,10.9,0.0,0.0,0.0,0.0,109,Bismarck-Baguette,Hauptgerichte,,MwSt. 7%,1.07,10.186916,0.713084,Normalverkauf
S1000157.25321,SP1000157.34.25321,SY1000157.2026.25321,iPad1(1000157),157,10.06.26 12:54,Prod,A1000157.6755,Tisch 13,117,S1000157.25321,SALE,2,4.2,8.4,0.0,0.0,0.0,0.0,122,Bier,Getränke,,MwSt. 19%,1.19,7.058824,1.341176,Normalverkauf
S1000157.25322,SP1000157.34.25322,SY1000157.2026.25322,iPad1(1000157),157,10.06.26 12:54,Prod,A1000157.6755,Tisch 13,117,S1000157.25322,SALE,1,3.9,3.9,0.0,0.0,0.0,0.0,126,Spezi,Getränke,,MwSt. 19%,1.19,3.277311,0.622689,Normalverkauf
S1000157.25323,SP1000157.34.25323,SY1000157.2026.25323,iPad1(1000157),157,10.06.26 20:45,Prod,A1000157.6756,Tisch 18,115,S1000157.25323,VOID,2,4.2,8.4,0.0,0.0,0.0,0.0,122,Bier,Getränke,,MwSt. 19%,1.19,7.058824,1.341176,Normalverkauf
S1000157.25324,SP1000157.34.25324,SY1000157.2026.25324,iPad1(1000157),157,10.06.26 20:45,Prod,A1000157.6756,Tisch 18,115,S1000157.25324,VOID,2,3.9,7.8,0.0,0.0,0.0,0.0,124,Cola Zero,Getränke,,MwSt. 19%,1.19,6.554622,1.245378,Normalverkauf
S1000157.25325,SP1000157.34.25325,SY1000157.2026.25325,iPad1(1000157),157,10.06.26 12:29,Prod,A1000157.6757,Tisch 8,101,S1000157.25325,VOID,1,11.5,11.5,0.0,0.0,0.0,0.0,105,Garnelen-Kimchi-Bruger,Hauptgerichte,,MwSt. 7%,1.07,10.747664,0.752336,Normalverkauf
S1000157.25326,SP1000157.34.25326,SY1000157.2026.25326,iPad1(1000157),157,10.06.26 12:29,Prod,A1000157.6757,Tisch 8,101,S1000157.25326,VOID,2,6.5,13.0,0.0,0.0,0.0,0.0,100,Fischbrötchen Backfisch,Hauptspeisen,,MwSt. 7%,1.07,12.149533,0.850467,Normalverkauf
S1000157.25327,SP1000157.34.25327,SY1000157.2026.25327,iPad1(1000157),157,10.06.26 12:29,Prod,A1000157.6757,Tisch 8,101,S1000157.25327,VOID,2,3.9,7.8,0.0,0.0,0.0,0.0,119,Cola,Getränke,,MwSt. 19%,1.19,6.554622,1.245378,Normalverkauf
S1000157.25328,SP1000157.34.25328,SY1000157.2026.25328,iPad1(1000157),157,10.06.26 11:40,Prod,A1000157.6758,Tisch 4,118,S1000157.25328,SALE,2,6.5,13.0,0.0,0.0,0.0,0.0,100,Fischbrötchen Backfisch,Hauptspeisen,,MwSt. 7%,1.07,12.149533,0.850467,Normalverkauf
S1000157.25329,SP1000157.34.25329,SY1000157.2026.25329,iPad1(1000157),157,10.06.26 11:40,Prod,A1000157.6758,Tisch 4,118,S1000157.25329,SALE,1,5.9,5.9,0.0,0.0,0.0,0.0,117,Rote Grütze,Desserts,,MwSt. 7%,1.07,5.514019,0.385981,Normalverkauf
S1000157.25330,SP1000157.34.25330,SY1000157.2026.25330,iPad1(1000157),157,10.06.26 18:57,Prod,A1000157.6759,Tisch 22,115,S1000157.25330,SALE,2,10.9,21.8,0.0,0.0,0.0,0.0,104,Thunfisch Wrap,Hauptgerichte,,MwSt. 7%,1.07,20.373832,1.426168,Normalverkauf
S1000157.25331,SP1000157.34.25331,SY1000157.2026.25331,iPad1(1000157),157,10.06.26 15:32,Prod,A1000157.6760,Tisch 3,118,S1000157.25331,SALE,1,10.9,10.9,0.0,0.0,0.0,0.0,109,Bismarck-Baguette,Hauptgerichte,,MwSt. 7%,1.07,10.186916,0.713084,Normalverkauf
S1000157.25332,SP1000157.34.25332,SY1000157.2026.25332,iPad1(1000157),157,10.06.26 15:32,Prod,A1000157.6760,Tisch 3,118,S1000157.25332,SALE,1,3.2,3.2,0.0,0.0,0.0,0.0,120,Apfelschorle,Getränke,,MwSt. 19%,1.19,2.689076,0.510924,Normalverkauf
S1000157.25333,SP1000157.34.25333,SY1000157.2026.25333,iPad1(1000157),157,10.06.26 16:52,Prod,A1000157.6761,Tisch 10,101,S1000157.25333,SALE,1,2.8,2.8,0.0,0.0,0.0,0.0,121,Mineralwasser,Getränke,,MwSt. 19%,1.19,2.352941,0.447059,Normalverkauf
S1000157.25334,SP1000157.34.25334,SY1000157.2026.25334,iPad1(1000157),157,10.06.26 16:52,Prod,A1000157.6761,Tisch 10,101,S1000157.25334,SALE,1,3.2,3.2,0.0,0.0,0.0,0.0,120,Apfelschorle,Getränke,,MwSt. 19%,1.19,2.689076,0.510924,Normalverkauf
S1000157.25335,SP1000157.34.25335,SY1000157.2026.25335,iPad1(1000157),157,10.06.26 19:44,Prod,A1000157.6762,Tisch 11,104,S1000157.25335,SALE,1,10.9,10.9,0.0,0.0,0.0,0.0,107,Chicken Burger,Hauptgerichte,,MwSt. 7%,1.07,10.186916,0.713084,Normalverkauf
S1000157.25336,SP1000157.34.25336,SY1000157.2026.25336,iPad1(1000157),157,10.06.26 19:44,Prod,A1000157.6762,Tisch 11,104,S1000157.25336,SALE,1,6.9,6.9,0.0,0.0,0.0,0.0,103,Fischbrötchen Räucherlachs,Hauptspeisen,,MwSt. 7%,1.07,6.448598,0.451402,Normalverkauf
S1000157.25337,SP1000157.34.25337,SY1000157.2026.25337,iPad1(1000157),157,10.06.26 16:53,Prod,A1000157.6763,Tisch 21,120,S1000157.25337,SALE,1,4.2,4.2,0.0,0.0,0.0,0.0,122,Bier,Getränke,,MwSt. 19%,1.19,3.529412,0.670588,Normalverkauf
S1000157.25338,SP1000157.34.25338,SY1000157.2026.25338,iPad1(1000157),157,10.06.26 16:53,Prod,A1000157.6763,Tisch 21,120,S1000157.25338,SALE,1,4.2,4.2,0.0,0.0,0.0,0.0,122,Bier,Getränke,,MwSt. 19%,1.19,3.529412,0.670588,Normalverkauf
S1000157.25339,SP1000157.34.25339,SY1000157.2026.25339,iPad1(1000157),157,10.06.26 17:22,Prod,A1000157.6764,Tisch 20,101,S1000157.25339,SALE,2,6.5,13.0,0.0,0.0,0.0,0.0,118,Schokokuchen,Desserts,,MwSt. 7%,1.07,12.149533,0.850467,Normalverkauf
S1000157.25340,SP1000157.34.25340,SY1000157.2026.25340,iPad1(1000157),157,10.06.26 16:19,Prod,A1000157.6765,Tisch 11,118,S1000157.25340,SALE,1,7.9,7.9,0.0,0.0,0.0,0.0,106,Neptun-Ringe,Beilagen,,MwSt. 7%,1.07,7.383178,0.516822,Normalverkauf
S1000157.25341,SP1000157.34.25341,SY1000157.2026.25341,iPad1(1000157),157,10.06.26 16:19,Prod,A1000157.6765,Tisch 11,118,S1000157.25341,SALE,2,14.5,29.0,0.0,0.0,0.0,0.0,101,Lachs,Hauptspeisen,,MwSt. 7%,1.07,27.102804,1.897196,Normalverkauf
S1000157.25342,SP1000157.34.25342,SY1000157.2026.25342,iPad1(1000157),157,10.06.26 16:19,Prod,A1000157.6765,Tisch 11,118,S1000157.25342,SALE,2,3.9,7.8,0.0,0.0,0.0,0.0,124,Cola Zero,Getränke,,MwSt. 19%,1.19,6.554622,1.245378,Normalverkauf
S1000157.25343,SP1000157.34.25343,SY1000157.2026.25343,iPad1(1000157),157,10.06.26 12:31,Prod,A1000157.6766,Tisch 11,117,S1000157.25343,SALE,1,6.9,6.9,0.0,0.0,0.0,0.0,113,Garnelen Box,Beilagen,,MwSt. 7%,1.07,6.448598,0.451402,Normalverkauf
S1000157.25344,SP1000157.34.25344,SY1000157.2026.25344,iPad1(1000157),157,10.06.26 12:31,Prod,A1000157.6766,Tisch 11,117,S1000157.25344,SALE,1,7.9,7.9,0.0,0.0,0.0,0.0,115,Tiramisu,Desserts,,MwSt. 7%,1.07,7.383178,0.516822,Normalverkauf
S1000157.25345,SP1000157.34.25345,SY1000157.2026.25345,iPad1(1000157),157,10.06.26 18:49,Prod,A1000157.6767,Tisch 14,108,S1000157.25345,SALE,1,4.2,4.2,0.0,0.0,0.0,0.0,122,Bier,Getränke,,MwSt. 19%,1.19,3.529412,0.670588,Normalverkauf
S1000157.25346,SP1000157.34.25346,SY1000157.2026.25346,iPad1(1000157),157,10.06.26 17:46,Prod,A1000157.6768,Tisch 10,101,S1000157.25346,SALE,2,10.9,21.8,0.0,0.0,0.0,0.0,107,Chicken Burger,Hauptgerichte,,MwSt. 7%,1.07,20.373832,1.426168,Normalverkauf
S1000157.25347,SP1000157.34.25347,SY1000157.2026.25347,iPad1(1000157),157,10.06.26 17:46,Prod,A1000157.6768,Tisch 10,101,S1000157.25347,SALE,1,3.9,3.9,0.0,0.0,0.0,0.0,119,Cola,Getränke,,MwSt. 19%,1.19,3.277311,0.622689,Normalverkauf
S1000157.25348,SP1000157.34.25348,SY1000157.2026.25348,iPad1(1000157),157,10.06.26 17:46,Prod,A1000157.6768,Tisch 10,101,S1000157.25348,SALE,2,3.2,6.4,0.0,0.0,0.0,0.0,120,Apfelschorle,Getränke,,MwSt. 19%,1.19,5.378151,1.021849,Normalverkauf
S1000157.25349,SP1000157.34.25349,SY1000157.2026.25349,iPad1(1000157),157,10.06.26 12:03,Prod,A1000157.6769,Tisch 21,115,S1000157.25349,SALE,1,7.9,7.9,0.0,0.0,0.0,0.0,115,Tiramisu,Desserts,,MwSt. 7%,1.07,7.383178,0.516822,Normalverkauf
S1000157.25350,SP1000157.34.25350,SY1000157.2026.25350,iPad1(1000157),157,10.06.26 17:14,Prod,A1000157.6770,Tisch 12,120,S1000157.25350,SALE,1,4.2,4.2,0.0,0.0,0.0,0.0,122,Bier,Getränke,,MwSt. 19%,1.19,3.529412,0.670588,Normalverkauf
S1000157.25351,SP1000157.34.25351,SY1000157.2026.25351,iPad1(1000157),157,10.06.26 17:27,Prod,A1000157.6771,Tisch 14,104,S1000157.25351,SALE,2,6.9,13.8,0.0,0.0,0.0,0.0,103,Fischbrötchen Räucherlachs,Hauptspeisen,,MwSt. 7%,1.07,12.897196,0.902804,Normalverkauf
S1000157.25352,SP1000157.34.25352,SY1000157.2026.25352,iPad1(1000157),157,10.06.26 17:27,Prod,A1000157.6771,Tisch 14,104,S1000157.25352,SALE,2,3.9,7.8,0.0,0.0,0.0,0.0,124,Cola Zero,Getränke,,MwSt. 19%,1.19,6.554622,1.245378,Normalverkauf
S1000157.25353,SP1000157.34.25353,SY1000157.2026.25353,iPad1(1000157),157,10.06.26 19:01,Prod,A1000157.6772,Tisch 21,108,S1000157.25353,VOID,2,6.5,13.0,0.0,0.0,0.0,0.0,100,Fischbrötchen Backfisch,Hauptspeisen,,MwSt. 7%,1.07,12.149533,0.850467,Normalverkauf
S1000157.25354,SP1000157.34.25354,SY1000157.2026.25354,iPad1(1000157),157,10.06.26 17:35,Prod,A1000157.6773,Tisch 3,101,S1000157.25354,SALE,1,5.9,5.9,0.0,0.0,0.0,0.0,117,Rote Grütze,Desserts,,MwSt. 7%,1.07,5.514019,0.385981,Normalverkauf
S1000157.25355,SP1000157.34.25355,SY1000157.2026.25355,iPad1(1000157),157,10.06.26 17:35,Prod,A1000157.6773,Tisch 3,101,S1000157.25355,SALE,2,4.2,8.4,0.0,0.0,0.0,0.0,122,Bier,Getränke,,MwSt. 19%,1.19,7.058824,1.341176,Normalverkauf
S1000157.25356,SP1000157.34.25356,SY1000157.2026.25356,iPad1(1000157),157,10.06.26 17:35,Prod,A1000157.6773,Tisch 3,101,S1000157.25356,SALE,1,10.9,10.9,0.0,0.0,0.0,0.0,109,Bismarck-Baguette,Hauptgerichte,,MwSt. 7%,1.07,10.186916,0.713084,Normalverkauf
S1000157.25357,SP1000157.34.25357,SY1000157.2026.25357,iPad1(1000157),157,10.06.26 18:23,Prod,A1000157.6774,Tisch 10,115,S1000157.25357,SALE,1,5.9,5.9,0.0,0.0,0.0,0.0,117,Rote Grütze,Desserts,,MwSt. 7%,1.07,5.514019,0.385981,Normalverkauf
S1000157.25358,SP1000157.34.25358,SY1000157.2026.25358,iPad1(1000157),157,10.06.26 18:23,Prod,A1000157.6774,Tisch 10,115,S1000157.25358,SALE,1,10.9,10.9,0.0,0.0,0.0,0.0,104,Thunfisch Wrap,Hauptgerichte,,MwSt. 7%,1.07,10.186916,0.713084,Normalverkauf
S1000157.25359,SP1000157.34.25359,SY1000157.2026.25359,iPad1(1000157),157,10.06.26 18:23,Prod,A1000157.6774,Tisch 10,115,S1000157.25359,SALE,1,3.9,3.9,0.0,0.0,0.0,0.0,124,Cola Zero,Getränke,,MwSt. 19%,1.19,3.277311,0.622689,Normalverkauf
S1000157.25360,SP1000157.34.25360,SY1000157.2026.25360,iPad1(1000157),157,10.06.26 18:25,Prod,A1000157.6775,,115,S1000157.25360,SALE,1,6.9,6.9,0.0,0.0,0.0,0.0,103,Fischbrötchen Räucherlachs,Hauptspeisen,,MwSt. 7%,1.07,6.448598,0.451402,Normalverkauf
S1000157.25361,SP1000157.34.25361,SY1000157.2026.25361,iPad1(1000157),157,10.06.26 15:45,Prod,A1000157.6776,Tisch 5,104,S1000157.25361,SALE,2,10.9,21.8,0.0,0.0,0.0,0.0,104,Thunfisch Wrap,Hauptgerichte,,MwSt. 7%,1.07,20.373832,1.426168,Normalverkauf
S1000157.25362,SP1000157.34.25362,SY1000157.2026.25362,iPad1(1000157),157,10.06.26 12:36,Prod,A1000157.6777,Tisch 20,108,S1000157.25362,SALE,2,4.9,9.8,0.0,0.0,0.0,0.0,112,Kartoffelwedges,Beilagen,,MwSt. 7%,1.07,9.158879,0.641121,Normalverkauf
S1000157.25363,SP1000157.34.25363,SY1000157.2026.25363,iPad1(1000157),157,10.06.26 12:36,Prod,A1000157.6777,Tisch 20,108,S1000157.25363,SALE,1,4.2,4.2,0.0,0.0,0.0,0.0,122,Bier,Getränke,,MwSt. 19%,1.19,3.529412,0.670588,Normalverkauf
S1000157.25364,SP1000157.34.25364,SY1000157.2026.25364,iPad1(1000157),157,10.06.26 12:36,Prod,A1000157.6777,Tisch 20,108,S1000157.25364,SALE,2,11.9,23.8,0.0,0.0,0.0,0.0,110,Matjes-Baguette,Hauptgerichte,,MwSt. 7%,1.07,22.242991,1.557009,Normalverkauf
S1000157.25365,SP1000157.34.25365,SY1000157.2026.25365,iPad1(1000157),157,10.06.26 09:50,Prod,A1000157.6778,Tisch 10,115,S1000157.25365,VOID,1,4.2,4.2,0.0,0.0,0.0,0.0,122,Bier,Getränke,,MwSt. 19%,1.19,3.529412,0.670588,Normalverkauf
S1000157.25366,SP1000157.34.25366,SY1000157.2026.25366,iPad1(1000157),157,10.06.26 09:50,Prod,A1000157.6778,Tisch 10,115,S1000157.25366,VOID,2,10.9,21.8,0.0,0.0,0.0,0.0,107,Chicken Burger,Hauptgerichte,,MwSt. 7%,1.07,20.373832,1.426168,Normalverkauf
S1000157.25367,SP1000157.34.25367,SY1000157.2026.25367,iPad1(1000157),157,10.06.26 11:38,Prod,A1000157.6779,,101,S1000157.25367,SALE,2,2.8,5.6,0.0,0.0,0.0,0.0,121,Mineralwasser,Getränke,,MwSt. 19%,1.19,4.705882,0.894118,Normalverkauf
S1000157.25368,SP1000157.34.25368,SY1000157.2026.25368,iPad1(1000157),157,10.06.26 11:38,Prod,A1000157.6779,,101,S1000157.25368,SALE,1,5.9,5.9,0.0,0.0,0.0,0.0,125,Zitronen-Limonade,Getränke,,MwSt. 19%,1.19,4.957983,0.942017,Normalverkauf
S1000157.25369,SP1000157.34.25369,SY1000157.2026.25369,iPad1(1000157),157,10.06.26 17:16,Prod,A1000157.6780,Tisch 7,117,S1000157.25369,SALE,2,3.2,6.4,0.0,0.0,0.0,0.0,120,Apfelschorle,Getränke,,MwSt. 19%,1.19,5.378151,1.021849,Normalverkauf
S1000157.25370,SP1000157.34.25370,SY1000157.2026.25370,iPad1(1000157),157,10.06.26 17:16,Prod,A1000157.6780,Tisch 7,117,S1000157.25370,SALE,1,6.5,6.5,0.0,0.0,0.0,0.0,118,Schokokuchen,Desserts,,MwSt. 7%,1.07,6.074766,0.425234,Normalverkauf
S1000157.25371,SP1000157.34.25371,SY1000157.2026.25371,iPad1(1000157),157,10.06.26 19:06,Prod,A1000157.6781,Tisch 16,118,S1000157.25371,SALE,2,5.9,11.8,0.0,0.0,0.0,0.0,123,Inger-Limonade,Getränke,,MwSt. 19%,1.19,9.915966,1.884034,Normalverkauf
S1000157.25372,SP1000157.34.25372,SY1000157.2026.25372,iPad1(1000157),157,10.06.26 19:06,Prod,A1000157.6781,Tisch 16,118,S1000157.25372,SALE,1,6.5,6.5,0.0,0.0,0.0,0.0,100,Fischbrötchen Backfisch,Hauptspeisen,,MwSt. 7%,1.07,6.074766,0.425234,Normalverkauf
S1000157.25373,SP1000157.34.25373,SY1000157.2026.25373,iPad1(1000157),157,10.06.26 16:47,Prod,A1000157.6782,Tisch 7,101,S1000157.25373,SALE,1,5.5,5.5,0.0,0.0,0.0,0.0,114,Fisch Nuggets Box,Beilagen,,MwSt. 7%,1.07,5.140187,0.359813,Normalverkauf
S1000157.25374,SP1000157.34.25374,SY1000157.2026.25374,iPad1(1000157),157,10.06.26 16:47,Prod,A1000157.6782,Tisch 7,101,S1000157.25374,SALE,1,6.5,6.5,0.0,0.0,0.0,0.0,100,Fischbrötchen Backfisch,Hauptspeisen,,MwSt. 7%,1.07,6.074766,0.425234,Normalverkauf
S1000157.25375,SP1000157.34.25375,SY1000157.2026.25375,iPad1(1000157),157,10.06.26 16:47,Prod,A1000157.6782,Tisch 7,101,S1000157.25375,SALE,1,11.9,11.9,0.0,0.0,0.0,0.0,110,Matjes-Baguette,Hauptgerichte,,MwSt. 7%,1.07,11.121495,0.778505,Normalverkauf
S1000157.25376,SP1000157.34.25376,SY1000157.2026.25376,iPad1(1000157),157,10.06.26 19:05,Prod,A1000157.6783,Tisch 16,117,S1000157.25376,SALE,1,6.9,6.9,0.0,0.0,0.0,0.0,103,Fischbrötchen Räucherlachs,Hauptspeisen,,MwSt. 7%,1.07,6.448598,0.451402,Normalverkauf
S1000157.25377,SP1000157.34.25377,SY1000157.2026.25377,iPad1(1000157),157,10.06.26 20:28,Prod,A1000157.6784,Tisch 7,108,S1000157.25377,SALE,2,6.9,13.8,0.0,0.0,0.0,0.0,113,Garnelen Box,Beilagen,,MwSt. 7%,1.07,12.897196,0.902804,Normalverkauf
S1000157.25378,SP1000157.34.25378,SY1000157.2026.25378,iPad1(1000157),157,10.06.26 20:28,Prod,A1000157.6784,Tisch 7,108,S1000157.25378,SALE,1,14.5,14.5,0.0,0.0,0.0,0.0,101,Lachs,Hauptspeisen,,MwSt. 7%,1.07,13.551402,0.948598,Normalverkauf
S1000157.25379,SP1000157.34.25379,SY1000157.2026.25379,iPad1(1000157),157,10.06.26 17:15,Prod,A1000157.6785,Tisch 17,101,S1000157.25379,SALE,1,6.5,6.5,0.0,0.0,0.0,0.0,118,Schokokuchen,Desserts,,MwSt. 7%,1.07,6.074766,0.425234,Normalverkauf
S1000157.25380,SP1000157.34.25380,SY1000157.2026.25380,iPad1(1000157),157,10.06.26 17:15,Prod,A1000157.6785,Tisch 17,101,S1000157.25380,SALE,2,3.9,7.8,0.0,0.0,0.0,0.0,119,Cola,Getränke,,MwSt. 19%,1.19,6.554622,1.245378,Normalverkauf
S1000157.25381,SP1000157.34.25381,SY1000157.2026.25381,iPad1(1000157),157,10.06.26 18:58,Prod,A1000157.6786,Tisch 1,117,S1000157.25381,SALE,2,4.2,8.4,0.0,0.0,0.0,0.0,122,Bier,Getränke,,MwSt. 19%,1.19,7.058824,1.341176,Normalverkauf
S1000157.25382,SP1000157.34.25382,SY1000157.2026.25382,iPad1(1000157),157,10.06.26 18:58,Prod,A1000157.6786,Tisch 1,117,S1000157.25382,SALE,1,10.9,10.9,0.0,0.0,0.0,0.0,104,Thunfisch Wrap,Hauptgerichte,,MwSt. 7%,1.07,10.186916,0.713084,Normalverkauf
S1000157.25383,SP1000157.34.25383,SY1000157.2026.25383,iPad1(1000157),157,10.06.26 11:11,Prod,A1000157.6787,Tisch 13,108,S1000157.25383,SALE,1,5.9,5.9,0.0,0.0,0.0,0.0,117,Rote Grütze,Desserts,,MwSt. 7%,1.07,5.514019,0.385981,Normalverkauf
S1000157.25384,SP1000157.34.25384,SY1000157.2026.25384,iPad1(1000157),157,10.06.26 11:11,Prod,A1000157.6787,Tisch 13,108,S1000157.25384,SALE,2,5.9,11.8,0.0,0.0,0.0,0.0,116,Vanillequark,Desserts,,MwSt. 7%,1.07,11.028037,0.771963,Normalverkauf
S1000157.25385,SP1000157.34.25385,SY1000157.2026.25385,iPad1(1000157),157,10.06.26 17:51,Prod,A1000157.6788,Tisch 2,104,S1000157.25385,SALE,2,10.9,21.8,0.0,0.0,0.0,0.0,107,Chicken Burger,Hauptgerichte,,MwSt. 7%,1.07,20.373832,1.426168,Normalverkauf
S1000157.25386,SP1000157.34.25386,SY1000157.2026.25386,iPad1(1000157),157,10.06.26 17:51,Prod,A1000157.6788,Tisch 2,104,S1000157.25386,SALE,1,10.9,10.9,0.0,0.0,0.0,0.0,107,Chicken Burger,Hauptgerichte,,MwSt. 7%,1.07,10.186916,0.713084,Normalverkauf
S1000157.25387,SP1000157.34.25387,SY1000157.2026.25387,iPad1(1000157),157,10.06.26 10:16,Prod,A1000157.6789,Tisch 16,104,S1000157.25387,SALE,1,13.5,13.5,0.0,0.0,0.0,0.0,102,Matjes,Hauptspeisen,,MwSt. 7%,1.07,12.616822,0.883178,Normalverkauf
S1000157.25388,SP1000157.34.25388,SY1000157.2026.25388,iPad1(1000157),157,10.06.26 10:16,Prod,A1000157.6789,Tisch 16,104,S1000157.25388,SALE,1,4.9,4.9,0.0,0.0,0.0,0.0,112,Kartoffelwedges,Beilagen,,MwSt. 7%,1.07,4.579439,0.320561,Normalverkauf
S1000157.25389,SP1000157.34.25389,SY1000157.2026.25389,iPad1(1000157),157,10.06.26 11:20,Prod,A1000157.6790,Tisch 11,101,S1000157.25389,SALE,2,2.8,5.6,0.0,0.0,0.0,0.0,121,Mineralwasser,Getränke,,MwSt. 19%,1.19,4.705882,0.894118,Normalverkauf
S1000157.25390,SP1000157.34.25390,SY1000157.2026.25390,iPad1(1000157),157,10.06.26 11:20,Prod,A1000157.6790,Tisch 11,101,S1000157.25390,SALE,1,4.9,4.9,0.0,0.0,0.0,0.0,112,Kartoffelwedges,Beilagen,,MwSt. 7%,1.07,4.579439,0.320561,Normalverkauf
S1000157.25391,SP1000157.34.25391,SY1000157.2026.25391,iPad1(1000157),157,10.06.26 11:20,Prod,A1000157.6790,Tisch 11,101,S1000157.25391,SALE,2,13.5,27.0,0.0,0.0,0.0,0.0,102,Matjes,Hauptspeisen,,MwSt. 7%,1.07,25.233645,1.766355,Normalverkauf
S1000157.25392,SP1000157.34.25392,SY1000157.2026.25392,iPad1(1000157),157,10.06.26 12:22,Prod,A1000157.6791,Tisch 13,120,S1000157.25392,SALE,1,6.9,6.9,0.0,0.0,0.0,0.0,103,Fischbrötchen Räucherlachs,Hauptspeisen,,MwSt. 7%,1.07,6.448598,0.451402,Normalverkauf
S1000157.25393,SP1000157.34.25393,SY1000157.2026.25393,iPad1(1000157),157,10.06.26 12:22,Prod,A1000157.6791,Tisch 13,120,S1000157.25393,SALE,2,3.9,7.8,0.0,0.0,0.0,0.0,124,Cola Zero,Getränke,,MwSt. 19%,1.19,6.554622,1.245378,Normalverkauf
S1000157.25394,SP1000157.34.25394,SY1000157.2026.25394,iPad1(1000157),157,10.06.26 12:22,Prod,A1000157.6791,Tisch 13,120,S1000157.25394,SALE,2,6.5,13.0,0.0,0.0,0.0,0.0,118,Schokokuchen,Desserts,,MwSt. 7%,1.07,12.149533,0.850467,Normalverkauf
S1000157.25395,SP1000157.34.25395,SY1000157.2026.25395,iPad1(1000157),157,10.06.26 10:57,Prod,A1000157.6792,Tisch 5,101,S1000157.25395,SALE,2,5.9,11.8,0.0,0.0,0.0,0.0,123,Inger-Limonade,Getränke,,MwSt. 19%,1.19,9.915966,1.884034,Normalverkauf
S1000157.25396,SP1000157.34.25396,SY1000157.2026.25396,iPad1(1000157),157,10.06.26 13:35,Prod,A1000157.6793,Tisch 5,104,S1000157.25396,SALE,1,5.5,5.5,0.0,0.0,0.0,0.0,111,Pommes Frites,Beilagen,,MwSt. 7%,1.07,5.140187,0.359813,Normalverkauf
S1000157.25397,SP1000157.34.25397,SY1000157.2026.25397,iPad1(1000157),157,10.06.26 13:35,Prod,A1000157.6793,Tisch 5,104,S1000157.25397,SALE,2,3.2,6.4,0.0,0.0,0.0,0.0,120,Apfelschorle,Getränke,,MwSt. 19%,1.19,5.378151,1.021849,Normalverkauf
S1000157.25398,SP1000157.34.25398,SY1000157.2026.25398,iPad1(1000157),157,10.06.26 20:30,Prod,A1000157.6794,,115,S1000157.25398,SALE,1,5.5,5.5,0.0,0.0,0.0,0.0,111,Pommes Frites,Beilagen,,MwSt. 7%,1.07,5.140187,0.359813,Normalverkauf
S1000157.25399,SP1000157.34.25399,SY1000157.2026.25399,iPad1(1000157),157,10.06.26 11:27,Prod,A1000157.6795,Tisch 5,120,S1000157.25399,SALE,1,3.9,3.9,0.0,0.0,0.0,0.0,119,Cola,Getränke,,MwSt. 19%,1.19,3.277311,0.622689,Normalverkauf
S1000157.25400,SP1000157.34.25400,SY1000157.2026.25400,iPad1(1000157),157,10.06.26 11:27,Prod,A1000157.6795,Tisch 5,120,S1000157.25400,SALE,2,7.9,15.8,0.0,0.0,0.0,0.0,106,Neptun-Ringe,Beilagen,,MwSt. 7%,1.07,14.766355,1.033645,Normalverkauf
S1000157.25401,SP1000157.34.25401,SY1000157.2026.25401,iPad1(1000157),157,10.06.26 10:44,Prod,A1000157.6796,Tisch 18,118,S1000157.25401,SALE,2,7.9,15.8,0.0,0.0,0.0,0.0,115,Tiramisu,Desserts,,MwSt. 7%,1.07,14.766355,1.033645,Normalverkauf
S1000157.25402,SP1000157.34.25402,SY1000157.2026.25402,iPad1(1000157),157,10.06.26 10:44,Prod,A1000157.6796,Tisch 18,118,S1000157.25402,SALE,2,3.9,7.8,0.0,0.0,0.0,0.0,119,Cola,Getränke,,MwSt. 19%,1.19,6.554622,1.245378,Normalverkauf
S1000157.25403,SP1000157.34.25403,SY1000157.2026.25403,iPad1(1000157),157,10.06.26 12:11,Prod,A1000157.6797,Tisch 16,101,S1000157.25403,SALE,1,10.9,10.9,0.0,0.0,0.0,0.0,104,Thunfisch Wrap,Hauptgerichte,,MwSt. 7%,1.07,10.186916,0.713084,Normalverkauf
S1000157.25404,SP1000157.34.25404,SY1000157.2026.25404,iPad1(1000157),157,10.06.26 12:11,Prod,A1000157.6797,Tisch 16,101,S1000157.25404,SALE,2,10.9,21.8,0.0,0.0,0.0,0.0,109,Bismarck-Baguette,Hauptgerichte,,MwSt. 7%,1.07,20.373832,1.426168,Normalverkauf
S1000157.25405,SP1000157.34.25405,SY1000157.2026.25405,iPad1(1000157),157,10.06.26 19:11,Prod,A1000157.6798,Tisch 15,120,S1000157.25405,SALE,2,14.5,29.0,0.0,0.0,0.0,0.0,101,Lachs,Hauptspeisen,,MwSt. 7%,1.07,27.102804,1.897196,Normalverkauf
S1000157.25406,SP1000157.34.25406,SY1000157.2026.25406,iPad1(1000157),157,10.06.26 16:21,Prod,A1000157.6799,,101,S1000157.25406,SALE,1,6.5,6.5,0.0,0.0,0.0,0.0,100,Fischbrötchen Backfisch,Hauptspeisen,,MwSt. 7%,1.07,6.074766,0.425234,Normalverkauf
S1000157.25407,SP1000157.34.25407,SY1000157.2026.25407,iPad1(1000157),157,10.06.26 16:21,Prod,A1000157.6799,,101,S1000157.25407,SALE,2,5.9,11.8,0.0,0.0,0.0,0.0,116,Vanillequark,Desserts,,MwSt. 7%,1.07,11.028037,0.771963,Normalverkauf
S1000157.25408,SP1000157.34.25408,SY1000157.2026.25408,iPad1(1000157),157,10.06.26 19:03,Prod,A1000157.6800,Tisch 15,108,S1000157.25408,SALE,2,5.5,11.0,0.0,0.0,0.0,0.0,111,Pommes Frites,Beilagen,,MwSt. 7%,1.07,10.280374,0.719626,Normalverkauf
S1000157.25409,SP1000157.34.25409,SY1000157.2026.25409,iPad1(1000157),157,10.06.26 12:04,Prod,A1000157.6801,Tisch 2,115,S1000157.25409,SALE,1,3.9,3.9,0.0,0.0,0.0,0.0,127,Alkoholfreies Bier,Getränke,,MwSt. 19%,1.19,3.277311,0.622689,Normalverkauf
S1000157.25410,SP1000157.34.25410,SY1000157.2026.25410,iPad1(1000157),157,10.06.26 12:04,Prod,A1000157.6801,Tisch 2,115,S1000157.25410,SALE,1,6.5,6.5,0.0,0.0,0.0,0.0,100,Fischbrötchen Backfisch,Hauptspeisen,,MwSt. 7%,1.07,6.074766,0.425234,Normalverkauf
S1000157.25411,SP1000157.34.25411,SY1000157.2026.25411,iPad1(1000157),157,10.06.26 16:50,Prod,A1000157.6802,Tisch 3,117,S1000157.25411,SALE,2,3.9,7.8,0.0,0.0,0.0,0.0,119,Cola,Getränke,,MwSt. 19%,1.19,6.554622,1.245378,Normalverkauf
S1000157.25412,SP1000157.34.25412,SY1000157.2026.25412,iPad1(1000157),157,10.06.26 16:50,Prod,A1000157.6802,Tisch 3,117,S1000157.25412,SALE,2,6.5,13.0,0.0,0.0,0.0,0.0,100,Fischbrötchen Backfisch,Hauptspeisen,,MwSt. 7%,1.07,12.149533,0.850467,Normalverkauf
S1000157.25413,SP1000157.34.25413,SY1000157.2026.25413,iPad1(1000157),157,10.06.26 17:36,Prod,A1000157.6803,Tisch 24,104,S1000157.25413,SALE,1,4.2,4.2,0.0,0.0,0.0,0.0,122,Bier,Getränke,,MwSt. 19%,1.19,3.529412,0.670588,Normalverkauf
S1000157.25414,SP1000157.34.25414,SY1000157.2026.25414,iPad1(1000157),157,10.06.26 17:36,Prod,A1000157.6803,Tisch 24,104,S1000157.25414,SALE,1,3.9,3.9,0.0,0.0,0.0,0.0,126,Spezi,Getränke,,MwSt. 19%,1.19,3.277311,0.622689,Normalverkauf
S1000157.25415,SP1000157.34.25415,SY1000157.2026.25415,iPad1(1000157),157,10.06.26 15:32,Prod,A1000157.6804,,108,S1000157.25415,SALE,1,10.9,10.9,0.0,0.0,0.0,0.0,104,Thunfisch Wrap,Hauptgerichte,,MwSt. 7%,1.07,10.186916,0.713084,Normalverkauf
S1000157.25416,SP1000157.34.25416,SY1000157.2026.25416,iPad1(1000157),157,10.06.26 19:23,Prod,A1000157.6805,Tisch 3,118,S1000157.25416,SALE,1,5.9,5.9,0.0,0.0,0.0,0.0,117,Rote Grütze,Desserts,,MwSt. 7%,1.07,5.514019,0.385981,Normalverkauf
S1000157.25417,SP1000157.34.25417,SY1000157.2026.25417,iPad1(1000157),157,10.06.26 19:23,Prod,A1000157.6805,Tisch 3,118,S1000157.25417,SALE,1,6.9,6.9,0.0,0.0,0.0,0.0,113,Garnelen Box,Beilagen,,MwSt. 7%,1.07,6.448598,0.451402,Normalverkauf
S1000157.25418,SP1000157.34.25418,SY1000157.2026.25418,iPad1(1000157),157,10.06.26 15:18,Prod,A1000157.6806,Tisch 10,101,S1000157.25418,SALE,2,3.9,7.8,0.0,0.0,0.0,0.0,119,Cola,Getränke,,MwSt. 19%,1.19,6.554622,1.245378,Normalverkauf
S1000157.25419,SP1000157.34.25419,SY1000157.2026.25419,iPad1(1000157),157,10.06.26 15:18,Prod,A1000157.6806,Tisch 10,101,S1000157.25419,SALE,1,3.9,3.9,0.0,0.0,0.0,0.0,124,Cola Zero,Getränke,,MwSt. 19%,1.19,3.277311,0.622689,Normalverkauf
S1000157.25420,SP1000157.34.25420,SY1000157.2026.25420,iPad1(1000157),157,11.06.26 19:13,Prod,A1000157.6807,,118,S1000157.25420,SALE,1,2.8,2.8,0.0,0.0,0.0,0.0,121,Mineralwasser,Getränke,,MwSt. 19%,1.19,2.352941,0.447059,Normalverkauf
S1000157.25421,SP1000157.34.25421,SY1000157.2026.25421,iPad1(1000157),157,11.06.26 19:13,Prod,A1000157.6807,,118,S1000157.25421,SALE,1,11.9,11.9,0.0,0.0,0.0,0.0,110,Matjes-Baguette,Hauptgerichte,,MwSt. 7%,1.07,11.121495,0.778505,Normalverkauf
S1000157.25422,SP1000157.34.25422,SY1000157.2026.25422,iPad1(1000157),157,11.06.26 11:07,Prod,A1000157.6808,,120,S1000157.25422,SALE,2,6.5,13.0,0.0,0.0,0.0,0.0,100,Fischbrötchen Backfisch,Hauptspeisen,,MwSt. 7%,1.07,12.149533,0.850467,Normalverkauf
S1000157.25423,SP1000157.34.25423,SY1000157.2026.25423,iPad1(1000157),157,11.06.26 11:07,Prod,A1000157.6808,,120,S1000157.25423,SALE,1,3.9,3.9,0.0,0.0,0.0,0.0,119,Cola,Getränke,,MwSt. 19%,1.19,3.277311,0.622689,Normalverkauf
S1000157.25424,SP1000157.34.25424,SY1000157.2026.25424,iPad1(1000157),157,11.06.26 15:21,Prod,A1000157.6809,Tisch 19,104,S1000157.25424,SALE,1,5.9,5.9,0.0,0.0,0.0,0.0,116,Vanillequark,Desserts,,MwSt. 7%,1.07,5.514019,0.385981,Normalverkauf
S1000157.25425,SP1000157.34.25425,SY1000157.2026.25425,iPad1(1000157),157,11.06.26 15:21,Prod,A1000157.6809,Tisch 19,104,S1000157.25425,SALE,2,3.2,6.4,0.0,0.0,0.0,0.0,120,Apfelschorle,Getränke,,MwSt. 19%,1.19,5.378151,1.021849,Normalverkauf
S1000157.25426,SP1000157.34.25426,SY1000157.2026.25426,iPad1(1000157),157,11.06.26 15:21,Prod,A1000157.6809,Tisch 19,104,S1000157.25426,SALE,1,5.9,5.9,0.0,0.0,0.0,0.0,116,Vanillequark,Desserts,,MwSt. 7%,1.07,5.514019,0.385981,Normalverkauf
S1000157.25427,SP1000157.34.25427,SY1000157.2026.25427,iPad1(1000157),157,11.06.26 19:45,Prod,A1000157.6810,Tisch 16,118,S1000157.25427,SALE,2,11.9,23.8,0.0,0.0,0.0,0.0,110,Matjes-Baguette,Hauptgerichte,,MwSt. 7%,1.07,22.242991,1.557009,Normalverkauf
S1000157.25428,SP1000157.34.25428,SY1000157.2026.25428,iPad1(1000157),157,11.06.26 10:35,Prod,A1000157.6811,Tisch 6,104,S1000157.25428,SALE,2,3.2,6.4,0.0,0.0,0.0,0.0,120,Apfelschorle,Getränke,,MwSt. 19%,1.19,5.378151,1.021849,Normalverkauf
S1000157.25429,SP1000157.34.25429,SY1000157.2026.25429,iPad1(1000157),157,11.06.26 17:30,Prod,A1000157.6812,Tisch 13,101,S1000157.25429,SALE,1,3.2,3.2,0.0,0.0,0.0,0.0,120,Apfelschorle,Getränke,,MwSt. 19%,1.19,2.689076,0.510924,Normalverkauf
S1000157.25430,SP1000157.34.25430,SY1000157.2026.25430,iPad1(1000157),157,11.06.26 17:30,Prod,A1000157.6812,Tisch 13,101,S1000157.25430,SALE,2,6.5,13.0,0.0,0.0,0.0,0.0,100,Fischbrötchen Backfisch,Hauptspeisen,,MwSt. 7%,1.07,12.149533,0.850467,Normalverkauf
S1000157.25431,SP1000157.34.25431,SY1000157.2026.25431,iPad1(1000157),157,11.06.26 18:12,Prod,A1000157.6813,,108,S1000157.25431,SALE,1,5.5,5.5,0.0,0.0,0.0,0.0,111,Pommes Frites,Beilagen,,MwSt. 7%,1.07,5.140187,0.359813,Normalverkauf
S1000157.25432,SP1000157.34.25432,SY1000157.2026.25432,iPad1(1000157),157,11.06.26 18:12,Prod,A1000157.6813,,108,S1000157.25432,SALE,1,4.2,4.2,0.0,0.0,0.0,0.0,122,Bier,Getränke,,MwSt. 19%,1.19,3.529412,0.670588,Normalverkauf
S1000157.25433,SP1000157.34.25433,SY1000157.2026.25433,iPad1(1000157),157,11.06.26 17:16,Prod,A1000157.6814,Tisch 4,108,S1000157.25433,VOID,1,7.9,7.9,0.0,0.0,0.0,0.0,106,Neptun-Ringe,Beilagen,,MwSt. 7%,1.07,7.383178,0.516822,Normalverkauf
S1000157.25434,SP1000157.34.25434,SY1000157.2026.25434,iPad1(1000157),157,11.06.26 17:16,Prod,A1000157.6814,Tisch 4,108,S1000157.25434,VOID,1,3.9,3.9,0.0,0.0,0.0,0.0,127,Alkoholfreies Bier,Getränke,,MwSt. 19%,1.19,3.277311,0.622689,Normalverkauf
S1000157.25435,SP1000157.34.25435,SY1000157.2026.25435,iPad1(1000157),157,11.06.26 17:16,Prod,A1000157.6814,Tisch 4,108,S1000157.25435,VOID,1,5.9,5.9,0.0,0.0,0.0,0.0,123,Inger-Limonade,Getränke,,MwSt. 19%,1.19,4.957983,0.942017,Normalverkauf
S1000157.25436,SP1000157.34.25436,SY1000157.2026.25436,iPad1(1000157),157,11.06.26 10:26,Prod,A1000157.6815,Tisch 11,104,S1000157.25436,VOID,2,6.5,13.0,0.0,0.0,0.0,0.0,100,Fischbrötchen Backfisch,Hauptspeisen,,MwSt. 7%,1.07,12.149533,0.850467,Normalverkauf
S1000157.25437,SP1000157.34.25437,SY1000157.2026.25437,iPad1(1000157),157,11.06.26 19:56,Prod,A1000157.6816,Tisch 3,101,S1000157.25437,SALE,2,3.9,7.8,0.0,0.0,0.0,0.0,124,Cola Zero,Getränke,,MwSt. 19%,1.19,6.554622,1.245378,Normalverkauf
S1000157.25438,SP1000157.34.25438,SY1000157.2026.25438,iPad1(1000157),157,11.06.26 19:56,Prod,A1000157.6816,Tisch 3,101,S1000157.25438,SALE,2,5.5,11.0,0.0,0.0,0.0,0.0,114,Fisch Nuggets Box,Beilagen,,MwSt. 7%,1.07,10.280374,0.719626,Normalverkauf
S1000157.25439,SP1000157.34.25439,SY1000157.2026.25439,iPad1(1000157),157,11.06.26 18:48,Prod,A1000157.6817,Tisch 17,101,S1000157.25439,SALE,2,4.9,9.8,0.0,0.0,0.0,0.0,112,Kartoffelwedges,Beilagen,,MwSt. 7%,1.07,9.158879,0.641121,Normalverkauf
S1000157.25440,SP1000157.34.25440,SY1000157.2026.25440,iPad1(1000157),157,11.06.26 18:48,Prod,A1000157.6817,Tisch 17,101,S1000157.25440,SALE,1,9.8,9.8,0.0,0.0,0.0,0.0,108,Seelachs-Ei-Baugette,Hauptgerichte,,MwSt. 7%,1.07,9.158879,0.641121,Normalverkauf
S1000157.25441,SP1000157.34.25441,SY1000157.2026.25441,iPad1(1000157),157,11.06.26 12:47,Prod,A1000157.6818,Tisch 14,104,S1000157.25441,SALE,2,11.9,23.8,0.0,0.0,0.0,0.0,110,Matjes-Baguette,Hauptgerichte,,MwSt. 7%,1.07,22.242991,1.557009,Normalverkauf
S1000157.25442,SP1000157.34.25442,SY1000157.2026.25442,iPad1(1000157),157,11.06.26 17:16,Prod,A1000157.6819,Tisch 11,117,S1000157.25442,SALE,2,10.9,21.8,0.0,0.0,0.0,0.0,109,Bismarck-Baguette,Hauptgerichte,,MwSt. 7%,1.07,20.373832,1.426168,Normalverkauf
S1000157.25443,SP1000157.34.25443,SY1000157.2026.25443,iPad1(1000157),157,11.06.26 17:16,Prod,A1000157.6819,Tisch 11,117,S1000157.25443,SALE,1,5.5,5.5,0.0,0.0,0.0,0.0,111,Pommes Frites,Beilagen,,MwSt. 7%,1.07,5.140187,0.359813,Normalverkauf
S1000157.25444,SP1000157.34.25444,SY1000157.2026.25444,iPad1(1000157),157,11.06.26 17:16,Prod,A1000157.6819,Tisch 11,117,S1000157.25444,SALE,2,4.2,8.4,0.0,0.0,0.0,0.0,122,Bier,Getränke,,MwSt. 19%,1.19,7.058824,1.341176,Normalverkauf
S1000157.25445,SP1000157.34.25445,SY1000157.2026.25445,iPad1(1000157),157,11.06.26 17:52,Prod,A1000157.6820,Tisch 23,115,S1000157.25445,SALE,2,4.9,9.8,0.0,0.0,0.0,0.0,112,Kartoffelwedges,Beilagen,,MwSt. 7%,1.07,9.158879,0.641121,Normalverkauf
S1000157.25446,SP1000157.34.25446,SY1000157.2026.25446,iPad1(1000157),157,11.06.26 10:44,Prod,A1000157.6821,Tisch 12,108,S1000157.25446,SALE,1,3.9,3.9,0.0,0.0,0.0,0.0,119,Cola,Getränke,,MwSt. 19%,1.19,3.277311,0.622689,Normalverkauf
S1000157.25447,SP1000157.34.25447,SY1000157.2026.25447,iPad1(1000157),157,11.06.26 17:41,Prod,A1000157.6822,,120,S1000157.25447,SALE,1,13.5,13.5,0.0,0.0,0.0,0.0,102,Matjes,Hauptspeisen,,MwSt. 7%,1.07,12.616822,0.883178,Normalverkauf
S1000157.25448,SP1000157.34.25448,SY1000157.2026.25448,iPad1(1000157),157,11.06.26 17:41,Prod,A1000157.6822,,120,S1000157.25448,SALE,2,9.8,19.6,0.0,0.0,0.0,0.0,108,Seelachs-Ei-Baugette,Hauptgerichte,,MwSt. 7%,1.07,18.317757,1.282243,Normalverkauf
S1000157.25449,SP1000157.34.25449,SY1000157.2026.25449,iPad1(1000157),157,11.06.26 17:41,Prod,A1000157.6822,,120,S1000157.25449,SALE,1,3.9,3.9,0.0,0.0,0.0,0.0,124,Cola Zero,Getränke,,MwSt. 19%,1.19,3.277311,0.622689,Normalverkauf
S1000157.25450,SP1000157.34.25450,SY1000157.2026.25450,iPad1(1000157),157,11.06.26 16:43,Prod,A1000157.6823,,120,S1000157.25450,SALE,1,2.8,2.8,0.0,0.0,0.0,0.0,121,Mineralwasser,Getränke,,MwSt. 19%,1.19,2.352941,0.447059,Normalverkauf
S1000157.25451,SP1000157.34.25451,SY1000157.2026.25451,iPad1(1000157),157,11.06.26 16:43,Prod,A1000157.6823,,120,S1000157.25451,SALE,1,4.9,4.9,0.0,0.0,0.0,0.0,112,Kartoffelwedges,Beilagen,,MwSt. 7%,1.07,4.579439,0.320561,Normalverkauf
S1000157.25452,SP1000157.34.25452,SY1000157.2026.25452,iPad1(1000157),157,11.06.26 12:25,Prod,A1000157.6824,Tisch 4,117,S1000157.25452,SALE,1,10.9,10.9,0.0,0.0,0.0,0.0,109,Bismarck-Baguette,Hauptgerichte,,MwSt. 7%,1.07,10.186916,0.713084,Normalverkauf
S1000157.25453,SP1000157.34.25453,SY1000157.2026.25453,iPad1(1000157),157,11.06.26 08:52,Prod,A1000157.6825,Tisch 2,118,S1000157.25453,SALE,2,4.9,9.8,0.0,0.0,0.0,0.0,112,Kartoffelwedges,Beilagen,,MwSt. 7%,1.07,9.158879,0.641121,Normalverkauf
S1000157.25454,SP1000157.34.25454,SY1000157.2026.25454,iPad1(1000157),157,11.06.26 17:41,Prod,A1000157.6826,Tisch 21,118,S1000157.25454,SALE,2,10.9,21.8,0.0,0.0,0.0,0.0,107,Chicken Burger,Hauptgerichte,,MwSt. 7%,1.07,20.373832,1.426168,Normalverkauf
S1000157.25455,SP1000157.34.25455,SY1000157.2026.25455,iPad1(1000157),157,11.06.26 15:48,Prod,A1000157.6827,Tisch 24,120,S1000157.25455,SALE,2,4.2,8.4,0.0,0.0,0.0,0.0,122,Bier,Getränke,,MwSt. 19%,1.19,7.058824,1.341176,Normalverkauf
S1000157.25456,SP1000157.34.25456,SY1000157.2026.25456,iPad1(1000157),157,11.06.26 08:57,Prod,A1000157.6828,,120,S1000157.25456,SALE,2,7.9,15.8,0.0,0.0,0.0,0.0,106,Neptun-Ringe,Beilagen,,MwSt. 7%,1.07,14.766355,1.033645,Normalverkauf
S1000157.25457,SP1000157.34.25457,SY1000157.2026.25457,iPad1(1000157),157,11.06.26 08:57,Prod,A1000157.6828,,120,S1000157.25457,SALE,1,5.5,5.5,0.0,0.0,0.0,0.0,111,Pommes Frites,Beilagen,,MwSt. 7%,1.07,5.140187,0.359813,Normalverkauf
S1000157.25458,SP1000157.34.25458,SY1000157.2026.25458,iPad1(1000157),157,11.06.26 12:07,Prod,A1000157.6829,Tisch 5,101,S1000157.25458,SALE,1,5.9,5.9,0.0,0.0,0.0,0.0,125,Zitronen-Limonade,Getränke,,MwSt. 19%,1.19,4.957983,0.942017,Normalverkauf
S1000157.25459,SP1000157.34.25459,SY1000157.2026.25459,iPad1(1000157),157,11.06.26 12:07,Prod,A1000157.6829,Tisch 5,101,S1000157.25459,SALE,2,2.8,5.6,0.0,0.0,0.0,0.0,121,Mineralwasser,Getränke,,MwSt. 19%,1.19,4.705882,0.894118,Normalverkauf
S1000157.25460,SP1000157.34.25460,SY1000157.2026.25460,iPad1(1000157),157,11.06.26 13:35,Prod,A1000157.6830,Tisch 9,108,S1000157.25460,SALE,2,2.8,5.6,0.0,0.0,0.0,0.0,121,Mineralwasser,Getränke,,MwSt. 19%,1.19,4.705882,0.894118,Normalverkauf
S1000157.25461,SP1000157.34.25461,SY1000157.2026.25461,iPad1(1000157),157,11.06.26 13:35,Prod,A1000157.6830,Tisch 9,108,S1000157.25461,SALE,1,10.9,10.9,0.0,0.0,0.0,0.0,107,Chicken Burger,Hauptgerichte,,MwSt. 7%,1.07,10.186916,0.713084,Normalverkauf
S1000157.25462,SP1000157.34.25462,SY1000157.2026.25462,iPad1(1000157),157,11.06.26 13:35,Prod,A1000157.6830,Tisch 9,108,S1000157.25462,SALE,2,5.5,11.0,0.0,0.0,0.0,0.0,111,Pommes Frites,Beilagen,,MwSt. 7%,1.07,10.280374,0.719626,Normalverkauf
S1000157.25463,SP1000157.34.25463,SY1000157.2026.25463,iPad1(1000157),157,11.06.26 08:05,Prod,A1000157.6831,Tisch 4,101,S1000157.25463,SALE,2,4.2,8.4,0.0,0.0,0.0,0.0,122,Bier,Getränke,,MwSt. 19%,1.19,7.058824,1.341176,Normalverkauf
S1000157.25464,SP1000157.34.25464,SY1000157.2026.25464,iPad1(1000157),157,11.06.26 08:05,Prod,A1000157.6831,Tisch 4,101,S1000157.25464,SALE,2,2.8,5.6,0.0,0.0,0.0,0.0,121,Mineralwasser,Getränke,,MwSt. 19%,1.19,4.705882,0.894118,Normalverkauf
S1000157.25465,SP1000157.34.25465,SY1000157.2026.25465,iPad1(1000157),157,11.06.26 11:33,Prod,A1000157.6832,,108,S1000157.25465,SALE,2,10.9,21.8,0.0,0.0,0.0,0.0,104,Thunfisch Wrap,Hauptgerichte,,MwSt. 7%,1.07,20.373832,1.426168,Normalverkauf
S1000157.25466,SP1000157.34.25466,SY1000157.2026.25466,iPad1(1000157),157,11.06.26 11:33,Prod,A1000157.6832,,108,S1000157.25466,SALE,1,5.5,5.5,0.0,0.0,0.0,0.0,111,Pommes Frites,Beilagen,,MwSt. 7%,1.07,5.140187,0.359813,Normalverkauf
S1000157.25467,SP1000157.34.25467,SY1000157.2026.25467,iPad1(1000157),157,11.06.26 11:33,Prod,A1000157.6832,,108,S1000157.25467,SALE,1,10.9,10.9,0.0,0.0,0.0,0.0,107,Chicken Burger,Hauptgerichte,,MwSt. 7%,1.07,10.186916,0.713084,Normalverkauf
S1000157.25468,SP1000157.34.25468,SY1000157.2026.25468,iPad1(1000157),157,11.06.26 18:27,Prod,A1000157.6833,Tisch 16,101,S1000157.25468,SALE,1,10.9,10.9,0.0,0.0,0.0,0.0,104,Thunfisch Wrap,Hauptgerichte,,MwSt. 7%,1.07,10.186916,0.713084,Normalverkauf
S1000157.25469,SP1000157.34.25469,SY1000157.2026.25469,iPad1(1000157),157,11.06.26 12:27,Prod,A1000157.6834,Tisch 19,104,S1000157.25469,SALE,1,6.5,6.5,0.0,0.0,0.0,0.0,100,Fischbrötchen Backfisch,Hauptspeisen,,MwSt. 7%,1.07,6.074766,0.425234,Normalverkauf
S1000157.25470,SP1000157.34.25470,SY1000157.2026.25470,iPad1(1000157),157,11.06.26 12:27,Prod,A1000157.6834,Tisch 19,104,S1000157.25470,SALE,1,6.9,6.9,0.0,0.0,0.0,0.0,103,Fischbrötchen Räucherlachs,Hauptspeisen,,MwSt. 7%,1.07,6.448598,0.451402,Normalverkauf
S1000157.25471,SP1000157.34.25471,SY1000157.2026.25471,iPad1(1000157),157,11.06.26 12:27,Prod,A1000157.6834,Tisch 19,104,S1000157.25471,SALE,2,6.9,13.8,0.0,0.0,0.0,0.0,103,Fischbrötchen Räucherlachs,Hauptspeisen,,MwSt. 7%,1.07,12.897196,0.902804,Normalverkauf
S1000157.25472,SP1000157.34.25472,SY1000157.2026.25472,iPad1(1000157),157,11.06.26 17:10,Prod,A1000157.6835,Tisch 20,115,S1000157.25472,SALE,1,2.8,2.8,0.0,0.0,0.0,0.0,121,Mineralwasser,Getränke,,MwSt. 19%,1.19,2.352941,0.447059,Normalverkauf
S1000157.25473,SP1000157.34.25473,SY1000157.2026.25473,iPad1(1000157),157,11.06.26 17:10,Prod,A1000157.6835,Tisch 20,115,S1000157.25473,SALE,1,11.5,11.5,0.0,0.0,0.0,0.0,105,Garnelen-Kimchi-Bruger,Hauptgerichte,,MwSt. 7%,1.07,10.747664,0.752336,Normalverkauf
S1000157.25474,SP1000157.34.25474,SY1000157.2026.25474,iPad1(1000157),157,11.06.26 17:10,Prod,A1000157.6835,Tisch 20,115,S1000157.25474,SALE,2,10.9,21.8,0.0,0.0,0.0,0.0,107,Chicken Burger,Hauptgerichte,,MwSt. 7%,1.07,20.373832,1.426168,Normalverkauf
S1000157.25475,SP1000157.34.25475,SY1000157.2026.25475,iPad1(1000157),157,11.06.26 19:57,Prod,A1000157.6836,Tisch 16,120,S1000157.25475,SALE,1,6.5,6.5,0.0,0.0,0.0,0.0,100,Fischbrötchen Backfisch,Hauptspeisen,,MwSt. 7%,1.07,6.074766,0.425234,Normalverkauf
S1000157.25476,SP1000157.34.25476,SY1000157.2026.25476,iPad1(1000157),157,11.06.26 17:04,Prod,A1000157.6837,Tisch 8,120,S1000157.25476,SALE,1,4.9,4.9,0.0,0.0,0.0,0.0,112,Kartoffelwedges,Beilagen,,MwSt. 7%,1.07,4.579439,0.320561,Normalverkauf
S1000157.25477,SP1000157.34.25477,SY1000157.2026.25477,iPad1(1000157),157,11.06.26 12:30,Prod,A1000157.6838,Tisch 19,120,S1000157.25477,SALE,1,6.9,6.9,0.0,0.0,0.0,0.0,113,Garnelen Box,Beilagen,,MwSt. 7%,1.07,6.448598,0.451402,Normalverkauf
S1000157.25478,SP1000157.34.25478,SY1000157.2026.25478,iPad1(1000157),157,11.06.26 12:30,Prod,A1000157.6838,Tisch 19,120,S1000157.25478,SALE,1,3.9,3.9,0.0,0.0,0.0,0.0,124,Cola Zero,Getränke,,MwSt. 19%,1.19,3.277311,0.622689,Normalverkauf
S1000157.25479,SP1000157.34.25479,SY1000157.2026.25479,iPad1(1000157),157,11.06.26 16:45,Prod,A1000157.6839,Tisch 20,117,S1000157.25479,SALE,2,11.5,23.0,0.0,0.0,0.0,0.0,105,Garnelen-Kimchi-Bruger,Hauptgerichte,,MwSt. 7%,1.07,21.495327,1.504673,Normalverkauf
S1000157.25480,SP1000157.34.25480,SY1000157.2026.25480,iPad1(1000157),157,11.06.26 12:09,Prod,A1000157.6840,Tisch 22,120,S1000157.25480,SALE,1,6.9,6.9,0.0,0.0,0.0,0.0,103,Fischbrötchen Räucherlachs,Hauptspeisen,,MwSt. 7%,1.07,6.448598,0.451402,Normalverkauf
S1000157.25481,SP1000157.34.25481,SY1000157.2026.25481,iPad1(1000157),157,11.06.26 12:09,Prod,A1000157.6840,Tisch 22,120,S1000157.25481,SALE,2,10.9,21.8,0.0,0.0,0.0,0.0,107,Chicken Burger,Hauptgerichte,,MwSt. 7%,1.07,20.373832,1.426168,Normalverkauf
S1000157.25482,SP1000157.34.25482,SY1000157.2026.25482,iPad1(1000157),157,11.06.26 11:33,Prod,A1000157.6841,Tisch 6,118,S1000157.25482,SALE,1,3.9,3.9,0.0,0.0,0.0,0.0,119,Cola,Getränke,,MwSt. 19%,1.19,3.277311,0.622689,Normalverkauf
S1000157.25483,SP1000157.34.25483,SY1000157.2026.25483,iPad1(1000157),157,11.06.26 11:33,Prod,A1000157.6841,Tisch 6,118,S1000157.25483,SALE,2,6.9,13.8,0.0,0.0,0.0,0.0,103,Fischbrötchen Räucherlachs,Hauptspeisen,,MwSt. 7%,1.07,12.897196,0.902804,Normalverkauf
S1000157.25484,SP1000157.34.25484,SY1000157.2026.25484,iPad1(1000157),157,11.06.26 12:28,Prod,A1000157.6842,Tisch 5,108,S1000157.25484,SALE,2,3.2,6.4,0.0,0.0,0.0,0.0,120,Apfelschorle,Getränke,,MwSt. 19%,1.19,5.378151,1.021849,Normalverkauf
S1000157.25485,SP1000157.34.25485,SY1000157.2026.25485,iPad1(1000157),157,11.06.26 20:25,Prod,A1000157.6843,Tisch 23,118,S1000157.25485,SALE,2,6.5,13.0,0.0,0.0,0.0,0.0,100,Fischbrötchen Backfisch,Hauptspeisen,,MwSt. 7%,1.07,12.149533,0.850467,Normalverkauf
S1000157.25486,SP1000157.34.25486,SY1000157.2026.25486,iPad1(1000157),157,11.06.26 14:28,Prod,A1000157.6844,Tisch 1,115,S1000157.25486,SALE,1,3.9,3.9,0.0,0.0,0.0,0.0,119,Cola,Getränke,,MwSt. 19%,1.19,3.277311,0.622689,Normalverkauf
S1000157.25487,SP1000157.34.25487,SY1000157.2026.25487,iPad1(1000157),157,11.06.26 14:28,Prod,A1000157.6844,Tisch 1,115,S1000157.25487,SALE,2,6.5,13.0,0.0,0.0,0.0,0.0,100,Fischbrötchen Backfisch,Hauptspeisen,,MwSt. 7%,1.07,12.149533,0.850467,Normalverkauf
S1000157.25488,SP1000157.34.25488,SY1000157.2026.25488,iPad1(1000157),157,11.06.26 08:07,Prod,A1000157.6845,Tisch 13,115,S1000157.25488,SALE,1,3.9,3.9,0.0,0.0,0.0,0.0,126,Spezi,Getränke,,MwSt. 19%,1.19,3.277311,0.622689,Normalverkauf
S1000157.25489,SP1000157.34.25489,SY1000157.2026.25489,iPad1(1000157),157,11.06.26 15:01,Prod,A1000157.6846,Tisch 13,101,S1000157.25489,SALE,2,3.2,6.4,0.0,0.0,0.0,0.0,120,Apfelschorle,Getränke,,MwSt. 19%,1.19,5.378151,1.021849,Normalverkauf
S1000157.25490,SP1000157.34.25490,SY1000157.2026.25490,iPad1(1000157),157,11.06.26 10:14,Prod,A1000157.6847,Tisch 17,108,S1000157.25490,SALE,2,3.9,7.8,0.0,0.0,0.0,0.0,126,Spezi,Getränke,,MwSt. 19%,1.19,6.554622,1.245378,Normalverkauf
S1000157.25491,SP1000157.34.25491,SY1000157.2026.25491,iPad1(1000157),157,11.06.26 10:14,Prod,A1000157.6847,Tisch 17,108,S1000157.25491,SALE,1,3.9,3.9,0.0,0.0,0.0,0.0,124,Cola Zero,Getränke,,MwSt. 19%,1.19,3.277311,0.622689,Normalverkauf
S1000157.25492,SP1000157.34.25492,SY1000157.2026.25492,iPad1(1000157),157,11.06.26 13:27,Prod,A1000157.6848,Tisch 3,101,S1000157.25492,SALE,1,4.2,4.2,0.0,0.0,0.0,0.0,122,Bier,Getränke,,MwSt. 19%,1.19,3.529412,0.670588,Normalverkauf
S1000157.25493,SP1000157.34.25493,SY1000157.2026.25493,iPad1(1000157),157,11.06.26 10:35,Prod,A1000157.6849,Tisch 3,108,S1000157.25493,SALE,2,6.9,13.8,0.0,0.0,0.0,0.0,103,Fischbrötchen Räucherlachs,Hauptspeisen,,MwSt. 7%,1.07,12.897196,0.902804,Normalverkauf
S1000157.25494,SP1000157.34.25494,SY1000157.2026.25494,iPad1(1000157),157,11.06.26 10:35,Prod,A1000157.6849,Tisch 3,108,S1000157.25494,SALE,1,4.9,4.9,0.0,0.0,0.0,0.0,112,Kartoffelwedges,Beilagen,,MwSt. 7%,1.07,4.579439,0.320561,Normalverkauf
S1000157.25495,SP1000157.34.25495,SY1000157.2026.25495,iPad1(1000157),157,11.06.26 16:43,Prod,A1000157.6850,Tisch 24,118,S1000157.25495,VOID,2,3.2,6.4,0.0,0.0,0.0,0.0,120,Apfelschorle,Getränke,,MwSt. 19%,1.19,5.378151,1.021849,Normalverkauf
S1000157.25496,SP1000157.34.25496,SY1000157.2026.25496,iPad1(1000157),157,11.06.26 16:43,Prod,A1000157.6850,Tisch 24,118,S1000157.25496,VOID,2,5.5,11.0,0.0,0.0,0.0,0.0,114,Fisch Nuggets Box,Beilagen,,MwSt. 7%,1.07,10.280374,0.719626,Normalverkauf
S1000157.25497,SP1000157.34.25497,SY1000157.2026.25497,iPad1(1000157),157,11.06.26 13:18,Prod,A1000157.6851,Tisch 13,117,S1000157.25497,VOID,1,4.9,4.9,0.0,0.0,0.0,0.0,112,Kartoffelwedges,Beilagen,,MwSt. 7%,1.07,4.579439,0.320561,Normalverkauf
S1000157.25498,SP1000157.34.25498,SY1000157.2026.25498,iPad1(1000157),157,11.06.26 15:55,Prod,A1000157.6852,Tisch 24,101,S1000157.25498,SALE,1,10.9,10.9,0.0,0.0,0.0,0.0,109,Bismarck-Baguette,Hauptgerichte,,MwSt. 7%,1.07,10.186916,0.713084,Normalverkauf
S1000157.25499,SP1000157.34.25499,SY1000157.2026.25499,iPad1(1000157),157,11.06.26 11:04,Prod,A1000157.6853,Tisch 3,101,S1000157.25499,SALE,2,3.9,7.8,0.0,0.0,0.0,0.0,124,Cola Zero,Getränke,,MwSt. 19%,1.19,6.554622,1.245378,Normalverkauf
S1000157.25500,SP1000157.34.25500,SY1000157.2026.25500,iPad1(1000157),157,11.06.26 10:05,Prod,A1000157.6854,,108,S1000157.25500,SALE,1,4.2,4.2,0.0,0.0,0.0,0.0,122,Bier,Getränke,,MwSt. 19%,1.19,3.529412,0.670588,Normalverkauf
S1000157.25501,SP1000157.34.25501,SY1000157.2026.25501,iPad1(1000157),157,11.06.26 10:17,Prod,A1000157.6855,Tisch 6,117,S1000157.25501,SALE,1,5.9,5.9,0.0,0.0,0.0,0.0,123,Inger-Limonade,Getränke,,MwSt. 19%,1.19,4.957983,0.942017,Normalverkauf
S1000157.25502,SP1000157.34.25502,SY1000157.2026.25502,iPad1(1000157),157,11.06.26 10:17,Prod,A1000157.6855,Tisch 6,117,S1000157.25502,SALE,1,6.5,6.5,0.0,0.0,0.0,0.0,100,Fischbrötchen Backfisch,Hauptspeisen,,MwSt. 7%,1.07,6.074766,0.425234,Normalverkauf
S1000157.25503,SP1000157.34.25503,SY1000157.2026.25503,iPad1(1000157),157,11.06.26 20:26,Prod,A1000157.6856,Tisch 9,120,S1000157.25503,SALE,2,6.9,13.8,0.0,0.0,0.0,0.0,113,Garnelen Box,Beilagen,,MwSt. 7%,1.07,12.897196,0.902804,Normalverkauf
S1000157.25504,SP1000157.34.25504,SY1000157.2026.25504,iPad1(1000157),157,11.06.26 13:11,Prod,A1000157.6857,Tisch 16,101,S1000157.25504,SALE,2,4.2,8.4,0.0,0.0,0.0,0.0,122,Bier,Getränke,,MwSt. 19%,1.19,7.058824,1.341176,Normalverkauf
S1000157.25505,SP1000157.34.25505,SY1000157.2026.25505,iPad1(1000157),157,11.06.26 13:11,Prod,A1000157.6857,Tisch 16,101,S1000157.25505,SALE,2,10.9,21.8,0.0,0.0,0.0,0.0,107,Chicken Burger,Hauptgerichte,,MwSt. 7%,1.07,20.373832,1.426168,Normalverkauf
S1000157.25506,SP1000157.34.25506,SY1000157.2026.25506,iPad1(1000157),157,11.06.26 18:21,Prod,A1000157.6858,Tisch 10,115,S1000157.25506,SALE,2,4.2,8.4,0.0,0.0,0.0,0.0,122,Bier,Getränke,,MwSt. 19%,1.19,7.058824,1.341176,Normalverkauf
S1000157.25507,SP1000157.34.25507,SY1000157.2026.25507,iPad1(1000157),157,11.06.26 18:21,Prod,A1000157.6858,Tisch 10,115,S1000157.25507,SALE,2,3.9,7.8,0.0,0.0,0.0,0.0,119,Cola,Getränke,,MwSt. 19%,1.19,6.554622,1.245378,Normalverkauf
S1000157.25508,SP1000157.34.25508,SY1000157.2026.25508,iPad1(1000157),157,11.06.26 18:21,Prod,A1000157.6858,Tisch 10,115,S1000157.25508,SALE,2,2.8,5.6,0.0,0.0,0.0,0.0,121,Mineralwasser,Getränke,,MwSt. 19%,1.19,4.705882,0.894118,Normalverkauf
S1000157.25509,SP1000157.34.25509,SY1000157.2026.25509,iPad1(1000157),157,11.06.26 13:04,Prod,A1000157.6859,Tisch 5,118,S1000157.25509,SALE,2,3.9,7.8,0.0,0.0,0.0,0.0,124,Cola Zero,Getränke,,MwSt. 19%,1.19,6.554622,1.245378,Normalverkauf
S1000157.25510,SP1000157.34.25510,SY1000157.2026.25510,iPad1(1000157),157,11.06.26 13:04,Prod,A1000157.6859,Tisch 5,118,S1000157.25510,SALE,2,9.8,19.6,0.0,0.0,0.0,0.0,108,Seelachs-Ei-Baugette,Hauptgerichte,,MwSt. 7%,1.07,18.317757,1.282243,Normalverkauf
S1000157.25511,SP1000157.34.25511,SY1000157.2026.25511,iPad1(1000157),157,11.06.26 13:04,Prod,A1000157.6859,Tisch 5,118,S1000157.25511,SALE,2,4.9,9.8,0.0,0.0,0.0,0.0,112,Kartoffelwedges,Beilagen,,MwSt. 7%,1.07,9.158879,0.641121,Normalverkauf
S1000157.25512,SP1000157.34.25512,SY1000157.2026.25512,iPad1(1000157),157,11.06.26 19:12,Prod,A1000157.6860,,104,S1000157.25512,SALE,1,10.9,10.9,0.0,0.0,0.0,0.0,107,Chicken Burger,Hauptgerichte,,MwSt. 7%,1.07,10.186916,0.713084,Normalverkauf
S1000157.25513,SP1000157.34.25513,SY1000157.2026.25513,iPad1(1000157),157,11.06.26 18:11,Prod,A1000157.6861,Tisch 6,120,S1000157.25513,SALE,2,2.8,5.6,0.0,0.0,0.0,0.0,121,Mineralwasser,Getränke,,MwSt. 19%,1.19,4.705882,0.894118,Normalverkauf
S1000157.25514,SP1000157.34.25514,SY1000157.2026.25514,iPad1(1000157),157,11.06.26 18:11,Prod,A1000157.6861,Tisch 6,120,S1000157.25514,SALE,1,6.9,6.9,0.0,0.0,0.0,0.0,103,Fischbrötchen Räucherlachs,Hauptspeisen,,MwSt. 7%,1.07,6.448598,0.451402,Normalverkauf
S1000157.25515,SP1000157.34.25515,SY1000157.2026.25515,iPad1(1000157),157,11.06.26 10:27,Prod,A1000157.6862,,101,S1000157.25515,VOID,1,10.9,10.9,0.0,0.0,0.0,0.0,104,Thunfisch Wrap,Hauptgerichte,,MwSt. 7%,1.07,10.186916,0.713084,Normalverkauf
S1000157.25516,SP1000157.34.25516,SY1000157.2026.25516,iPad1(1000157),157,11.06.26 09:07,Prod,A1000157.6863,Tisch 2,117,S1000157.25516,SALE,1,13.5,13.5,0.0,0.0,0.0,0.0,102,Matjes,Hauptspeisen,,MwSt. 7%,1.07,12.616822,0.883178,Normalverkauf
S1000157.25517,SP1000157.34.25517,SY1000157.2026.25517,iPad1(1000157),157,11.06.26 09:07,Prod,A1000157.6863,Tisch 2,117,S1000157.25517,SALE,1,5.5,5.5,0.0,0.0,0.0,0.0,111,Pommes Frites,Beilagen,,MwSt. 7%,1.07,5.140187,0.359813,Normalverkauf
S1000157.25518,SP1000157.34.25518,SY1000157.2026.25518,iPad1(1000157),157,11.06.26 09:07,Prod,A1000157.6863,Tisch 2,117,S1000157.25518,SALE,1,13.5,13.5,0.0,0.0,0.0,0.0,102,Matjes,Hauptspeisen,,MwSt. 7%,1.07,12.616822,0.883178,Normalverkauf
S1000157.25519,SP1000157.34.25519,SY1000157.2026.25519,iPad1(1000157),157,12.06.26 19:28,Prod,A1000157.6864,Tisch 12,118,S1000157.25519,SALE,1,13.5,13.5,0.0,0.0,0.0,0.0,102,Matjes,Hauptspeisen,,MwSt. 7%,1.07,12.616822,0.883178,Normalverkauf
S1000157.25520,SP1000157.34.25520,SY1000157.2026.25520,iPad1(1000157),157,12.06.26 13:41,Prod,A1000157.6865,Tisch 5,104,S1000157.25520,SALE,2,4.2,8.4,0.0,0.0,0.0,0.0,122,Bier,Getränke,,MwSt. 19%,1.19,7.058824,1.341176,Normalverkauf
S1000157.25521,SP1000157.34.25521,SY1000157.2026.25521,iPad1(1000157),157,12.06.26 18:00,Prod,A1000157.6866,Tisch 14,108,S1000157.25521,SALE,1,2.8,2.8,0.0,0.0,0.0,0.0,121,Mineralwasser,Getränke,,MwSt. 19%,1.19,2.352941,0.447059,Normalverkauf
S1000157.25522,SP1000157.34.25522,SY1000157.2026.25522,iPad1(1000157),157,12.06.26 17:37,Prod,A1000157.6867,Tisch 12,101,S1000157.25522,SALE,1,6.9,6.9,0.0,0.0,0.0,0.0,113,Garnelen Box,Beilagen,,MwSt. 7%,1.07,6.448598,0.451402,Normalverkauf
S1000157.25523,SP1000157.34.25523,SY1000157.2026.25523,iPad1(1000157),157,12.06.26 17:37,Prod,A1000157.6867,Tisch 12,101,S1000157.25523,SALE,1,9.8,9.8,0.0,0.0,0.0,0.0,108,Seelachs-Ei-Baugette,Hauptgerichte,,MwSt. 7%,1.07,9.158879,0.641121,Normalverkauf
S1000157.25524,SP1000157.34.25524,SY1000157.2026.25524,iPad1(1000157),157,12.06.26 17:37,Prod,A1000157.6867,Tisch 12,101,S1000157.25524,SALE,2,10.9,21.8,0.0,0.0,0.0,0.0,107,Chicken Burger,Hauptgerichte,,MwSt. 7%,1.07,20.373832,1.426168,Normalverkauf
S1000157.25525,SP1000157.34.25525,SY1000157.2026.25525,iPad1(1000157),157,12.06.26 19:07,Prod,A1000157.6868,Tisch 7,108,S1000157.25525,SALE,1,5.5,5.5,0.0,0.0,0.0,0.0,111,Pommes Frites,Beilagen,,MwSt. 7%,1.07,5.140187,0.359813,Normalverkauf
S1000157.25526,SP1000157.34.25526,SY1000157.2026.25526,iPad1(1000157),157,12.06.26 20:58,Prod,A1000157.6869,Tisch 14,101,S1000157.25526,SALE,1,3.9,3.9,0.0,0.0,0.0,0.0,124,Cola Zero,Getränke,,MwSt. 19%,1.19,3.277311,0.622689,Normalverkauf
S1000157.25527,SP1000157.34.25527,SY1000157.2026.25527,iPad1(1000157),157,12.06.26 20:58,Prod,A1000157.6869,Tisch 14,101,S1000157.25527,SALE,1,2.8,2.8,0.0,0.0,0.0,0.0,121,Mineralwasser,Getränke,,MwSt. 19%,1.19,2.352941,0.447059,Normalverkauf
S1000157.25528,SP1000157.34.25528,SY1000157.2026.25528,iPad1(1000157),157,12.06.26 16:33,Prod,A1000157.6870,,117,S1000157.25528,SALE,2,5.5,11.0,0.0,0.0,0.0,0.0,114,Fisch Nuggets Box,Beilagen,,MwSt. 7%,1.07,10.280374,0.719626,Normalverkauf
S1000157.25529,SP1000157.34.25529,SY1000157.2026.25529,iPad1(1000157),157,12.06.26 16:33,Prod,A1000157.6870,,117,S1000157.25529,SALE,2,7.9,15.8,0.0,0.0,0.0,0.0,115,Tiramisu,Desserts,,MwSt. 7%,1.07,14.766355,1.033645,Normalverkauf
S1000157.25530,SP1000157.34.25530,SY1000157.2026.25530,iPad1(1000157),157,12.06.26 16:33,Prod,A1000157.6870,,117,S1000157.25530,SALE,1,5.9,5.9,0.0,0.0,0.0,0.0,117,Rote Grütze,Desserts,,MwSt. 7%,1.07,5.514019,0.385981,Normalverkauf
S1000157.25531,SP1000157.34.25531,SY1000157.2026.25531,iPad1(1000157),157,12.06.26 20:20,Prod,A1000157.6871,,101,S1000157.25531,SALE,2,3.9,7.8,0.0,0.0,0.0,0.0,119,Cola,Getränke,,MwSt. 19%,1.19,6.554622,1.245378,Normalverkauf
S1000157.25532,SP1000157.34.25532,SY1000157.2026.25532,iPad1(1000157),157,12.06.26 19:19,Prod,A1000157.6872,Tisch 9,104,S1000157.25532,SALE,1,5.5,5.5,0.0,0.0,0.0,0.0,114,Fisch Nuggets Box,Beilagen,,MwSt. 7%,1.07,5.140187,0.359813,Normalverkauf
S1000157.25533,SP1000157.34.25533,SY1000157.2026.25533,iPad1(1000157),157,12.06.26 11:00,Prod,A1000157.6873,Tisch 8,120,S1000157.25533,SALE,1,2.8,2.8,0.0,0.0,0.0,0.0,121,Mineralwasser,Getränke,,MwSt. 19%,1.19,2.352941,0.447059,Normalverkauf
S1000157.25534,SP1000157.34.25534,SY1000157.2026.25534,iPad1(1000157),157,12.06.26 11:00,Prod,A1000157.6873,Tisch 8,120,S1000157.25534,SALE,1,6.9,6.9,0.0,0.0,0.0,0.0,103,Fischbrötchen Räucherlachs,Hauptspeisen,,MwSt. 7%,1.07,6.448598,0.451402,Normalverkauf
S1000157.25535,SP1000157.34.25535,SY1000157.2026.25535,iPad1(1000157),157,12.06.26 11:56,Prod,A1000157.6874,Tisch 19,118,S1000157.25535,SALE,1,5.9,5.9,0.0,0.0,0.0,0.0,125,Zitronen-Limonade,Getränke,,MwSt. 19%,1.19,4.957983,0.942017,Normalverkauf
S1000157.25536,SP1000157.34.25536,SY1000157.2026.25536,iPad1(1000157),157,12.06.26 12:14,Prod,A1000157.6875,Tisch 18,108,S1000157.25536,SALE,2,5.5,11.0,0.0,0.0,0.0,0.0,114,Fisch Nuggets Box,Beilagen,,MwSt. 7%,1.07,10.280374,0.719626,Normalverkauf
S1000157.25537,SP1000157.34.25537,SY1000157.2026.25537,iPad1(1000157),157,12.06.26 12:14,Prod,A1000157.6875,Tisch 18,108,S1000157.25537,SALE,1,2.8,2.8,0.0,0.0,0.0,0.0,121,Mineralwasser,Getränke,,MwSt. 19%,1.19,2.352941,0.447059,Normalverkauf
S1000157.25538,SP1000157.34.25538,SY1000157.2026.25538,iPad1(1000157),157,12.06.26 12:14,Prod,A1000157.6875,Tisch 18,108,S1000157.25538,SALE,1,5.9,5.9,0.0,0.0,0.0,0.0,116,Vanillequark,Desserts,,MwSt. 7%,1.07,5.514019,0.385981,Normalverkauf
S1000157.25539,SP1000157.34.25539,SY1000157.2026.25539,iPad1(1000157),157,12.06.26 16:31,Prod,A1000157.6876,Tisch 11,104,S1000157.25539,SALE,1,9.8,9.8,0.0,0.0,0.0,0.0,108,Seelachs-Ei-Baugette,Hauptgerichte,,MwSt. 7%,1.07,9.158879,0.641121,Normalverkauf
S1000157.25540,SP1000157.34.25540,SY1000157.2026.25540,iPad1(1000157),157,12.06.26 15:24,Prod,A1000157.6877,Tisch 2,115,S1000157.25540,SALE,1,2.8,2.8,0.0,0.0,0.0,0.0,121,Mineralwasser,Getränke,,MwSt. 19%,1.19,2.352941,0.447059,Normalverkauf
S1000157.25541,SP1000157.34.25541,SY1000157.2026.25541,iPad1(1000157),157,12.06.26 16:29,Prod,A1000157.6878,Tisch 8,104,S1000157.25541,SALE,2,4.9,9.8,0.0,0.0,0.0,0.0,112,Kartoffelwedges,Beilagen,,MwSt. 7%,1.07,9.158879,0.641121,Normalverkauf
S1000157.25542,SP1000157.34.25542,SY1000157.2026.25542,iPad1(1000157),157,12.06.26 16:29,Prod,A1000157.6878,Tisch 8,104,S1000157.25542,SALE,1,11.5,11.5,0.0,0.0,0.0,0.0,105,Garnelen-Kimchi-Bruger,Hauptgerichte,,MwSt. 7%,1.07,10.747664,0.752336,Normalverkauf
S1000157.25543,SP1000157.34.25543,SY1000157.2026.25543,iPad1(1000157),157,12.06.26 19:07,Prod,A1000157.6879,Tisch 12,101,S1000157.25543,SALE,2,2.8,5.6,0.0,0.0,0.0,0.0,121,Mineralwasser,Getränke,,MwSt. 19%,1.19,4.705882,0.894118,Normalverkauf
S1000157.25544,SP1000157.34.25544,SY1000157.2026.25544,iPad1(1000157),157,12.06.26 19:07,Prod,A1000157.6879,Tisch 12,101,S1000157.25544,SALE,1,2.8,2.8,0.0,0.0,0.0,0.0,121,Mineralwasser,Getränke,,MwSt. 19%,1.19,2.352941,0.447059,Normalverkauf
S1000157.25545,SP1000157.34.25545,SY1000157.2026.25545,iPad1(1000157),157,12.06.26 19:07,Prod,A1000157.6879,Tisch 12,101,S1000157.25545,SALE,2,4.2,8.4,0.0,0.0,0.0,0.0,122,Bier,Getränke,,MwSt. 19%,1.19,7.058824,1.341176,Normalverkauf
S1000157.25546,SP1000157.34.25546,SY1000157.2026.25546,iPad1(1000157),157,12.06.26 16:12,Prod,A1000157.6880,Tisch 12,101,S1000157.25546,SALE,2,3.9,7.8,0.0,0.0,0.0,0.0,124,Cola Zero,Getränke,,MwSt. 19%,1.19,6.554622,1.245378,Normalverkauf
S1000157.25547,SP1000157.34.25547,SY1000157.2026.25547,iPad1(1000157),157,12.06.26 19:45,Prod,A1000157.6881,Tisch 3,104,S1000157.25547,SALE,1,5.9,5.9,0.0,0.0,0.0,0.0,116,Vanillequark,Desserts,,MwSt. 7%,1.07,5.514019,0.385981,Normalverkauf
S1000157.25548,SP1000157.34.25548,SY1000157.2026.25548,iPad1(1000157),157,12.06.26 13:34,Prod,A1000157.6882,Tisch 7,120,S1000157.25548,SALE,1,2.8,2.8,0.0,0.0,0.0,0.0,121,Mineralwasser,Getränke,,MwSt. 19%,1.19,2.352941,0.447059,Normalverkauf
S1000157.25549,SP1000157.34.25549,SY1000157.2026.25549,iPad1(1000157),157,12.06.26 13:34,Prod,A1000157.6882,Tisch 7,120,S1000157.25549,SALE,2,10.9,21.8,0.0,0.0,0.0,0.0,107,Chicken Burger,Hauptgerichte,,MwSt. 7%,1.07,20.373832,1.426168,Normalverkauf
S1000157.25550,SP1000157.34.25550,SY1000157.2026.25550,iPad1(1000157),157,12.06.26 13:34,Prod,A1000157.6882,Tisch 7,120,S1000157.25550,SALE,2,5.9,11.8,0.0,0.0,0.0,0.0,117,Rote Grütze,Desserts,,MwSt. 7%,1.07,11.028037,0.771963,Normalverkauf
S1000157.25551,SP1000157.34.25551,SY1000157.2026.25551,iPad1(1000157),157,12.06.26 12:23,Prod,A1000157.6883,Tisch 15,120,S1000157.25551,VOID,2,3.2,6.4,0.0,0.0,0.0,0.0,120,Apfelschorle,Getränke,,MwSt. 19%,1.19,5.378151,1.021849,Normalverkauf
S1000157.25552,SP1000157.34.25552,SY1000157.2026.25552,iPad1(1000157),157,12.06.26 12:23,Prod,A1000157.6883,Tisch 15,120,S1000157.25552,VOID,1,10.9,10.9,0.0,0.0,0.0,0.0,104,Thunfisch Wrap,Hauptgerichte,,MwSt. 7%,1.07,10.186916,0.713084,Normalverkauf
S1000157.25553,SP1000157.34.25553,SY1000157.2026.25553,iPad1(1000157),157,12.06.26 20:22,Prod,A1000157.6884,Tisch 8,115,S1000157.25553,SALE,2,3.9,7.8,0.0,0.0,0.0,0.0,126,Spezi,Getränke,,MwSt. 19%,1.19,6.554622,1.245378,Normalverkauf
S1000157.25554,SP1000157.34.25554,SY1000157.2026.25554,iPad1(1000157),157,12.06.26 20:22,Prod,A1000157.6884,Tisch 8,115,S1000157.25554,SALE,2,5.9,11.8,0.0,0.0,0.0,0.0,116,Vanillequark,Desserts,,MwSt. 7%,1.07,11.028037,0.771963,Normalverkauf
S1000157.25555,SP1000157.34.25555,SY1000157.2026.25555,iPad1(1000157),157,12.06.26 20:22,Prod,A1000157.6884,Tisch 8,115,S1000157.25555,SALE,2,3.9,7.8,0.0,0.0,0.0,0.0,124,Cola Zero,Getränke,,MwSt. 19%,1.19,6.554622,1.245378,Normalverkauf
S1000157.25556,SP1000157.34.25556,SY1000157.2026.25556,iPad1(1000157),157,12.06.26 10:30,Prod,A1000157.6885,Tisch 16,118,S1000157.25556,SALE,2,14.5,29.0,0.0,0.0,0.0,0.0,101,Lachs,Hauptspeisen,,MwSt. 7%,1.07,27.102804,1.897196,Normalverkauf
S1000157.25557,SP1000157.34.25557,SY1000157.2026.25557,iPad1(1000157),157,12.06.26 10:30,Prod,A1000157.6885,Tisch 16,118,S1000157.25557,SALE,1,10.9,10.9,0.0,0.0,0.0,0.0,109,Bismarck-Baguette,Hauptgerichte,,MwSt. 7%,1.07,10.186916,0.713084,Normalverkauf
S1000157.25558,SP1000157.34.25558,SY1000157.2026.25558,iPad1(1000157),157,12.06.26 10:30,Prod,A1000157.6885,Tisch 16,118,S1000157.25558,SALE,1,6.5,6.5,0.0,0.0,0.0,0.0,100,Fischbrötchen Backfisch,Hauptspeisen,,MwSt. 7%,1.07,6.074766,0.425234,Normalverkauf
S1000157.25559,SP1000157.34.25559,SY1000157.2026.25559,iPad1(1000157),157,12.06.26 08:23,Prod,A1000157.6886,Tisch 11,104,S1000157.25559,SALE,1,6.9,6.9,0.0,0.0,0.0,0.0,103,Fischbrötchen Räucherlachs,Hauptspeisen,,MwSt. 7%,1.07,6.448598,0.451402,Normalverkauf
S1000157.25560,SP1000157.34.25560,SY1000157.2026.25560,iPad1(1000157),157,12.06.26 08:23,Prod,A1000157.6886,Tisch 11,104,S1000157.25560,SALE,1,2.8,2.8,0.0,0.0,0.0,0.0,121,Mineralwasser,Getränke,,MwSt. 19%,1.19,2.352941,0.447059,Normalverkauf
S1000157.25561,SP1000157.34.25561,SY1000157.2026.25561,iPad1(1000157),157,12.06.26 08:23,Prod,A1000157.6886,Tisch 11,104,S1000157.25561,SALE,2,4.2,8.4,0.0,0.0,0.0,0.0,122,Bier,Getränke,,MwSt. 19%,1.19,7.058824,1.341176,Normalverkauf
S1000157.25562,SP1000157.34.25562,SY1000157.2026.25562,iPad1(1000157),157,12.06.26 13:00,Prod,A1000157.6887,Tisch 11,118,S1000157.25562,SALE,1,14.5,14.5,0.0,0.0,0.0,0.0,101,Lachs,Hauptspeisen,,MwSt. 7%,1.07,13.551402,0.948598,Normalverkauf
S1000157.25563,SP1000157.34.25563,SY1000157.2026.25563,iPad1(1000157),157,12.06.26 13:00,Prod,A1000157.6887,Tisch 11,118,S1000157.25563,SALE,1,6.9,6.9,0.0,0.0,0.0,0.0,103,Fischbrötchen Räucherlachs,Hauptspeisen,,MwSt. 7%,1.07,6.448598,0.451402,Normalverkauf
S1000157.25564,SP1000157.34.25564,SY1000157.2026.25564,iPad1(1000157),157,12.06.26 13:00,Prod,A1000157.6887,Tisch 11,118,S1000157.25564,SALE,1,10.9,10.9,0.0,0.0,0.0,0.0,104,Thunfisch Wrap,Hauptgerichte,,MwSt. 7%,1.07,10.186916,0.713084,Normalverkauf
S1000157.25565,SP1000157.34.25565,SY1000157.2026.25565,iPad1(1000157),157,12.06.26 18:12,Prod,A1000157.6888,Tisch 19,104,S1000157.25565,VOID,1,5.5,5.5,0.0,0.0,0.0,0.0,111,Pommes Frites,Beilagen,,MwSt. 7%,1.07,5.140187,0.359813,Normalverkauf
S1000157.25566,SP1000157.34.25566,SY1000157.2026.25566,iPad1(1000157),157,12.06.26 18:12,Prod,A1000157.6888,Tisch 19,104,S1000157.25566,VOID,2,5.5,11.0,0.0,0.0,0.0,0.0,111,Pommes Frites,Beilagen,,MwSt. 7%,1.07,10.280374,0.719626,Normalverkauf
S1000157.25567,SP1000157.34.25567,SY1000157.2026.25567,iPad1(1000157),157,12.06.26 19:40,Prod,A1000157.6889,Tisch 9,101,S1000157.25567,SALE,2,11.9,23.8,0.0,0.0,0.0,0.0,110,Matjes-Baguette,Hauptgerichte,,MwSt. 7%,1.07,22.242991,1.557009,Normalverkauf
S1000157.25568,SP1000157.34.25568,SY1000157.2026.25568,iPad1(1000157),157,12.06.26 19:40,Prod,A1000157.6889,Tisch 9,101,S1000157.25568,SALE,1,11.9,11.9,0.0,0.0,0.0,0.0,110,Matjes-Baguette,Hauptgerichte,,MwSt. 7%,1.07,11.121495,0.778505,Normalverkauf
S1000157.25569,SP1000157.34.25569,SY1000157.2026.25569,iPad1(1000157),157,12.06.26 16:48,Prod,A1000157.6890,Tisch 10,108,S1000157.25569,SALE,1,5.5,5.5,0.0,0.0,0.0,0.0,111,Pommes Frites,Beilagen,,MwSt. 7%,1.07,5.140187,0.359813,Normalverkauf
S1000157.25570,SP1000157.34.25570,SY1000157.2026.25570,iPad1(1000157),157,12.06.26 16:48,Prod,A1000157.6890,Tisch 10,108,S1000157.25570,SALE,1,6.9,6.9,0.0,0.0,0.0,0.0,103,Fischbrötchen Räucherlachs,Hauptspeisen,,MwSt. 7%,1.07,6.448598,0.451402,Normalverkauf
S1000157.25571,SP1000157.34.25571,SY1000157.2026.25571,iPad1(1000157),157,12.06.26 16:48,Prod,A1000157.6890,Tisch 10,108,S1000157.25571,SALE,2,10.9,21.8,0.0,0.0,0.0,0.0,109,Bismarck-Baguette,Hauptgerichte,,MwSt. 7%,1.07,20.373832,1.426168,Normalverkauf
S1000157.25572,SP1000157.34.25572,SY1000157.2026.25572,iPad1(1000157),157,12.06.26 19:19,Prod,A1000157.6891,Tisch 20,120,S1000157.25572,SALE,2,11.5,23.0,0.0,0.0,0.0,0.0,105,Garnelen-Kimchi-Bruger,Hauptgerichte,,MwSt. 7%,1.07,21.495327,1.504673,Normalverkauf
S1000157.25573,SP1000157.34.25573,SY1000157.2026.25573,iPad1(1000157),157,12.06.26 19:19,Prod,A1000157.6891,Tisch 20,120,S1000157.25573,SALE,2,6.5,13.0,0.0,0.0,0.0,0.0,118,Schokokuchen,Desserts,,MwSt. 7%,1.07,12.149533,0.850467,Normalverkauf
S1000157.25574,SP1000157.34.25574,SY1000157.2026.25574,iPad1(1000157),157,12.06.26 19:19,Prod,A1000157.6891,Tisch 20,120,S1000157.25574,SALE,1,6.5,6.5,0.0,0.0,0.0,0.0,118,Schokokuchen,Desserts,,MwSt. 7%,1.07,6.074766,0.425234,Normalverkauf
S1000157.25575,SP1000157.34.25575,SY1000157.2026.25575,iPad1(1000157),157,12.06.26 18:34,Prod,A1000157.6892,Tisch 4,115,S1000157.25575,SALE,2,7.9,15.8,0.0,0.0,0.0,0.0,115,Tiramisu,Desserts,,MwSt. 7%,1.07,14.766355,1.033645,Normalverkauf
S1000157.25576,SP1000157.34.25576,SY1000157.2026.25576,iPad1(1000157),157,12.06.26 09:33,Prod,A1000157.6893,,118,S1000157.25576,VOID,1,7.9,7.9,0.0,0.0,0.0,0.0,115,Tiramisu,Desserts,,MwSt. 7%,1.07,7.383178,0.516822,Normalverkauf
S1000157.25577,SP1000157.34.25577,SY1000157.2026.25577,iPad1(1000157),157,12.06.26 09:33,Prod,A1000157.6893,,118,S1000157.25577,VOID,1,5.5,5.5,0.0,0.0,0.0,0.0,111,Pommes Frites,Beilagen,,MwSt. 7%,1.07,5.140187,0.359813,Normalverkauf
S1000157.25578,SP1000157.34.25578,SY1000157.2026.25578,iPad1(1000157),157,12.06.26 18:43,Prod,A1000157.6894,Tisch 21,117,S1000157.25578,SALE,2,2.8,5.6,0.0,0.0,0.0,0.0,121,Mineralwasser,Getränke,,MwSt. 19%,1.19,4.705882,0.894118,Normalverkauf
S1000157.25579,SP1000157.34.25579,SY1000157.2026.25579,iPad1(1000157),157,12.06.26 20:34,Prod,A1000157.6895,Tisch 12,115,S1000157.25579,SALE,1,6.5,6.5,0.0,0.0,0.0,0.0,100,Fischbrötchen Backfisch,Hauptspeisen,,MwSt. 7%,1.07,6.074766,0.425234,Normalverkauf
S1000157.25580,SP1000157.34.25580,SY1000157.2026.25580,iPad1(1000157),157,12.06.26 20:34,Prod,A1000157.6895,Tisch 12,115,S1000157.25580,SALE,1,10.9,10.9,0.0,0.0,0.0,0.0,104,Thunfisch Wrap,Hauptgerichte,,MwSt. 7%,1.07,10.186916,0.713084,Normalverkauf
S1000157.25581,SP1000157.34.25581,SY1000157.2026.25581,iPad1(1000157),157,12.06.26 20:34,Prod,A1000157.6895,Tisch 12,115,S1000157.25581,SALE,2,5.9,11.8,0.0,0.0,0.0,0.0,125,Zitronen-Limonade,Getränke,,MwSt. 19%,1.19,9.915966,1.884034,Normalverkauf
S1000157.25582,SP1000157.34.25582,SY1000157.2026.25582,iPad1(1000157),157,12.06.26 12:01,Prod,A1000157.6896,Tisch 1,118,S1000157.25582,SALE,1,6.5,6.5,0.0,0.0,0.0,0.0,100,Fischbrötchen Backfisch,Hauptspeisen,,MwSt. 7%,1.07,6.074766,0.425234,Normalverkauf
S1000157.25583,SP1000157.34.25583,SY1000157.2026.25583,iPad1(1000157),157,12.06.26 12:01,Prod,A1000157.6896,Tisch 1,118,S1000157.25583,SALE,2,4.2,8.4,0.0,0.0,0.0,0.0,122,Bier,Getränke,,MwSt. 19%,1.19,7.058824,1.341176,Normalverkauf
S1000157.25584,SP1000157.34.25584,SY1000157.2026.25584,iPad1(1000157),157,12.06.26 12:01,Prod,A1000157.6896,Tisch 1,118,S1000157.25584,SALE,2,4.2,8.4,0.0,0.0,0.0,0.0,122,Bier,Getränke,,MwSt. 19%,1.19,7.058824,1.341176,Normalverkauf
S1000157.25585,SP1000157.34.25585,SY1000157.2026.25585,iPad1(1000157),157,12.06.26 20:26,Prod,A1000157.6897,Tisch 1,101,S1000157.25585,SALE,2,10.9,21.8,0.0,0.0,0.0,0.0,107,Chicken Burger,Hauptgerichte,,MwSt. 7%,1.07,20.373832,1.426168,Normalverkauf
S1000157.25586,SP1000157.34.25586,SY1000157.2026.25586,iPad1(1000157),157,12.06.26 20:26,Prod,A1000157.6897,Tisch 1,101,S1000157.25586,SALE,2,2.8,5.6,0.0,0.0,0.0,0.0,121,Mineralwasser,Getränke,,MwSt. 19%,1.19,4.705882,0.894118,Normalverkauf
S1000157.25587,SP1000157.34.25587,SY1000157.2026.25587,iPad1(1000157),157,12.06.26 20:26,Prod,A1000157.6897,Tisch 1,101,S1000157.25587,SALE,2,9.8,19.6,0.0,0.0,0.0,0.0,108,Seelachs-Ei-Baugette,Hauptgerichte,,MwSt. 7%,1.07,18.317757,1.282243,Normalverkauf
S1000157.25588,SP1000157.34.25588,SY1000157.2026.25588,iPad1(1000157),157,12.06.26 08:23,Prod,A1000157.6898,Tisch 14,117,S1000157.25588,VOID,1,7.9,7.9,0.0,0.0,0.0,0.0,115,Tiramisu,Desserts,,MwSt. 7%,1.07,7.383178,0.516822,Normalverkauf
S1000157.25589,SP1000157.34.25589,SY1000157.2026.25589,iPad1(1000157),157,12.06.26 08:23,Prod,A1000157.6898,Tisch 14,117,S1000157.25589,VOID,2,2.8,5.6,0.0,0.0,0.0,0.0,121,Mineralwasser,Getränke,,MwSt. 19%,1.19,4.705882,0.894118,Normalverkauf
S1000157.25590,SP1000157.34.25590,SY1000157.2026.25590,iPad1(1000157),157,12.06.26 08:23,Prod,A1000157.6898,Tisch 14,117,S1000157.25590,VOID,2,3.2,6.4,0.0,0.0,0.0,0.0,120,Apfelschorle,Getränke,,MwSt. 19%,1.19,5.378151,1.021849,Normalverkauf
S1000157.25591,SP1000157.34.25591,SY1000157.2026.25591,iPad1(1000157),157,12.06.26 14:45,Prod,A1000157.6899,Tisch 23,104,S1000157.25591,SALE,1,4.2,4.2,0.0,0.0,0.0,0.0,122,Bier,Getränke,,MwSt. 19%,1.19,3.529412,0.670588,Normalverkauf
S1000157.25592,SP1000157.34.25592,SY1000157.2026.25592,iPad1(1000157),157,12.06.26 14:45,Prod,A1000157.6899,Tisch 23,104,S1000157.25592,SALE,1,3.9,3.9,0.0,0.0,0.0,0.0,127,Alkoholfreies Bier,Getränke,,MwSt. 19%,1.19,3.277311,0.622689,Normalverkauf
S1000157.25593,SP1000157.34.25593,SY1000157.2026.25593,iPad1(1000157),157,12.06.26 14:45,Prod,A1000157.6899,Tisch 23,104,S1000157.25593,SALE,2,3.2,6.4,0.0,0.0,0.0,0.0,120,Apfelschorle,Getränke,,MwSt. 19%,1.19,5.378151,1.021849,Normalverkauf
S1000157.25594,SP1000157.34.25594,SY1000157.2026.25594,iPad1(1000157),157,12.06.26 13:40,Prod,A1000157.6900,Tisch 18,118,S1000157.25594,SALE,2,11.5,23.0,0.0,0.0,0.0,0.0,105,Garnelen-Kimchi-Bruger,Hauptgerichte,,MwSt. 7%,1.07,21.495327,1.504673,Normalverkauf
S1000157.25595,SP1000157.34.25595,SY1000157.2026.25595,iPad1(1000157),157,12.06.26 15:41,Prod,A1000157.6901,Tisch 22,104,S1000157.25595,VOID,1,3.9,3.9,0.0,0.0,0.0,0.0,124,Cola Zero,Getränke,,MwSt. 19%,1.19,3.277311,0.622689,Normalverkauf
S1000157.25596,SP1000157.34.25596,SY1000157.2026.25596,iPad1(1000157),157,12.06.26 15:41,Prod,A1000157.6901,Tisch 22,104,S1000157.25596,VOID,1,10.9,10.9,0.0,0.0,0.0,0.0,109,Bismarck-Baguette,Hauptgerichte,,MwSt. 7%,1.07,10.186916,0.713084,Normalverkauf
S1000157.25597,SP1000157.34.25597,SY1000157.2026.25597,iPad1(1000157),157,12.06.26 15:41,Prod,A1000157.6901,Tisch 22,104,S1000157.25597,VOID,1,6.9,6.9,0.0,0.0,0.0,0.0,103,Fischbrötchen Räucherlachs,Hauptspeisen,,MwSt. 7%,1.07,6.448598,0.451402,Normalverkauf
S1000157.25598,SP1000157.34.25598,SY1000157.2026.25598,iPad1(1000157),157,12.06.26 10:54,Prod,A1000157.6902,Tisch 1,108,S1000157.25598,SALE,1,6.5,6.5,0.0,0.0,0.0,0.0,100,Fischbrötchen Backfisch,Hauptspeisen,,MwSt. 7%,1.07,6.074766,0.425234,Normalverkauf
S1000157.25599,SP1000157.34.25599,SY1000157.2026.25599,iPad1(1000157),157,12.06.26 10:54,Prod,A1000157.6902,Tisch 1,108,S1000157.25599,SALE,1,6.9,6.9,0.0,0.0,0.0,0.0,103,Fischbrötchen Räucherlachs,Hauptspeisen,,MwSt. 7%,1.07,6.448598,0.451402,Normalverkauf
S1000157.25600,SP1000157.34.25600,SY1000157.2026.25600,iPad1(1000157),157,12.06.26 10:54,Prod,A1000157.6902,Tisch 1,108,S1000157.25600,SALE,2,13.5,27.0,0.0,0.0,0.0,0.0,102,Matjes,Hauptspeisen,,MwSt. 7%,1.07,25.233645,1.766355,Normalverkauf
S1000157.25601,SP1000157.34.25601,SY1000157.2026.25601,iPad1(1000157),157,12.06.26 16:13,Prod,A1000157.6903,Tisch 3,104,S1000157.25601,SALE,1,3.9,3.9,0.0,0.0,0.0,0.0,119,Cola,Getränke,,MwSt. 19%,1.19,3.277311,0.622689,Normalverkauf
S1000157.25602,SP1000157.34.25602,SY1000157.2026.25602,iPad1(1000157),157,12.06.26 16:13,Prod,A1000157.6903,Tisch 3,104,S1000157.25602,SALE,2,4.2,8.4,0.0,0.0,0.0,0.0,122,Bier,Getränke,,MwSt. 19%,1.19,7.058824,1.341176,Normalverkauf
S1000157.25603,SP1000157.34.25603,SY1000157.2026.25603,iPad1(1000157),157,12.06.26 16:13,Prod,A1000157.6903,Tisch 3,104,S1000157.25603,SALE,1,6.5,6.5,0.0,0.0,0.0,0.0,118,Schokokuchen,Desserts,,MwSt. 7%,1.07,6.074766,0.425234,Normalverkauf
S1000157.25604,SP1000157.34.25604,SY1000157.2026.25604,iPad1(1000157),157,12.06.26 12:31,Prod,A1000157.6904,Tisch 20,117,S1000157.25604,VOID,1,3.9,3.9,0.0,0.0,0.0,0.0,119,Cola,Getränke,,MwSt. 19%,1.19,3.277311,0.622689,Normalverkauf
S1000157.25605,SP1000157.34.25605,SY1000157.2026.25605,iPad1(1000157),157,12.06.26 11:22,Prod,A1000157.6905,,120,S1000157.25605,SALE,1,10.9,10.9,0.0,0.0,0.0,0.0,107,Chicken Burger,Hauptgerichte,,MwSt. 7%,1.07,10.186916,0.713084,Normalverkauf
S1000157.25606,SP1000157.34.25606,SY1000157.2026.25606,iPad1(1000157),157,12.06.26 20:54,Prod,A1000157.6906,Tisch 23,115,S1000157.25606,SALE,2,3.9,7.8,0.0,0.0,0.0,0.0,126,Spezi,Getränke,,MwSt. 19%,1.19,6.554622,1.245378,Normalverkauf
S1000157.25607,SP1000157.34.25607,SY1000157.2026.25607,iPad1(1000157),157,12.06.26 20:25,Prod,A1000157.6907,Tisch 20,120,S1000157.25607,SALE,2,5.9,11.8,0.0,0.0,0.0,0.0,125,Zitronen-Limonade,Getränke,,MwSt. 19%,1.19,9.915966,1.884034,Normalverkauf
S1000157.25608,SP1000157.34.25608,SY1000157.2026.25608,iPad1(1000157),157,12.06.26 19:50,Prod,A1000157.6908,Tisch 13,101,S1000157.25608,SALE,2,3.9,7.8,0.0,0.0,0.0,0.0,119,Cola,Getränke,,MwSt. 19%,1.19,6.554622,1.245378,Normalverkauf
S1000157.25609,SP1000157.34.25609,SY1000157.2026.25609,iPad1(1000157),157,12.06.26 19:50,Prod,A1000157.6908,Tisch 13,101,S1000157.25609,SALE,1,6.5,6.5,0.0,0.0,0.0,0.0,100,Fischbrötchen Backfisch,Hauptspeisen,,MwSt. 7%,1.07,6.074766,0.425234,Normalverkauf
S1000157.25610,SP1000157.34.25610,SY1000157.2026.25610,iPad1(1000157),157,12.06.26 19:50,Prod,A1000157.6908,Tisch 13,101,S1000157.25610,SALE,2,10.9,21.8,0.0,0.0,0.0,0.0,109,Bismarck-Baguette,Hauptgerichte,,MwSt. 7%,1.07,20.373832,1.426168,Normalverkauf
S1000157.25611,SP1000157.34.25611,SY1000157.2026.25611,iPad1(1000157),157,12.06.26 13:19,Prod,A1000157.6909,Tisch 21,117,S1000157.25611,SALE,1,3.9,3.9,0.0,0.0,0.0,0.0,119,Cola,Getränke,,MwSt. 19%,1.19,3.277311,0.622689,Normalverkauf
S1000157.25612,SP1000157.34.25612,SY1000157.2026.25612,iPad1(1000157),157,12.06.26 13:19,Prod,A1000157.6909,Tisch 21,117,S1000157.25612,SALE,2,6.5,13.0,0.0,0.0,0.0,0.0,100,Fischbrötchen Backfisch,Hauptspeisen,,MwSt. 7%,1.07,12.149533,0.850467,Normalverkauf
S1000157.25613,SP1000157.34.25613,SY1000157.2026.25613,iPad1(1000157),157,12.06.26 17:22,Prod,A1000157.6910,Tisch 16,118,S1000157.25613,SALE,2,6.9,13.8,0.0,0.0,0.0,0.0,103,Fischbrötchen Räucherlachs,Hauptspeisen,,MwSt. 7%,1.07,12.897196,0.902804,Normalverkauf
S1000157.25614,SP1000157.34.25614,SY1000157.2026.25614,iPad1(1000157),157,12.06.26 17:22,Prod,A1000157.6910,Tisch 16,118,S1000157.25614,SALE,2,9.8,19.6,0.0,0.0,0.0,0.0,108,Seelachs-Ei-Baugette,Hauptgerichte,,MwSt. 7%,1.07,18.317757,1.282243,Normalverkauf
S1000157.25615,SP1000157.34.25615,SY1000157.2026.25615,iPad1(1000157),157,12.06.26 17:22,Prod,A1000157.6910,Tisch 16,118,S1000157.25615,SALE,1,3.9,3.9,0.0,0.0,0.0,0.0,124,Cola Zero,Getränke,,MwSt. 19%,1.19,3.277311,0.622689,Normalverkauf
S1000157.25616,SP1000157.34.25616,SY1000157.2026.25616,iPad1(1000157),157,12.06.26 12:23,Prod,A1000157.6911,Tisch 17,104,S1000157.25616,VOID,1,6.5,6.5,0.0,0.0,0.0,0.0,100,Fischbrötchen Backfisch,Hauptspeisen,,MwSt. 7%,1.07,6.074766,0.425234,Normalverkauf
S1000157.25617,SP1000157.34.25617,SY1000157.2026.25617,iPad1(1000157),157,12.06.26 12:23,Prod,A1000157.6911,Tisch 17,104,S1000157.25617,VOID,2,13.5,27.0,0.0,0.0,0.0,0.0,102,Matjes,Hauptspeisen,,MwSt. 7%,1.07,25.233645,1.766355,Normalverkauf
S1000157.25618,SP1000157.34.25618,SY1000157.2026.25618,iPad1(1000157),157,12.06.26 20:20,Prod,A1000157.6912,Tisch 6,117,S1000157.25618,SALE,2,13.5,27.0,0.0,0.0,0.0,0.0,102,Matjes,Hauptspeisen,,MwSt. 7%,1.07,25.233645,1.766355,Normalverkauf
S1000157.25619,SP1000157.34.25619,SY1000157.2026.25619,iPad1(1000157),157,12.06.26 12:05,Prod,A1000157.6913,Tisch 17,120,S1000157.25619,SALE,1,2.8,2.8,0.0,0.0,0.0,0.0,121,Mineralwasser,Getränke,,MwSt. 19%,1.19,2.352941,0.447059,Normalverkauf
S1000157.25620,SP1000157.34.25620,SY1000157.2026.25620,iPad1(1000157),157,12.06.26 12:05,Prod,A1000157.6913,Tisch 17,120,S1000157.25620,SALE,1,5.9,5.9,0.0,0.0,0.0,0.0,123,Inger-Limonade,Getränke,,MwSt. 19%,1.19,4.957983,0.942017,Normalverkauf
S1000157.25621,SP1000157.34.25621,SY1000157.2026.25621,iPad1(1000157),157,12.06.26 12:05,Prod,A1000157.6913,Tisch 17,120,S1000157.25621,SALE,2,6.5,13.0,0.0,0.0,0.0,0.0,100,Fischbrötchen Backfisch,Hauptspeisen,,MwSt. 7%,1.07,12.149533,0.850467,Normalverkauf
S1000157.25622,SP1000157.34.25622,SY1000157.2026.25622,iPad1(1000157),157,12.06.26 11:22,Prod,A1000157.6914,Tisch 20,117,S1000157.25622,SALE,1,6.9,6.9,0.0,0.0,0.0,0.0,113,Garnelen Box,Beilagen,,MwSt. 7%,1.07,6.448598,0.451402,Normalverkauf
S1000157.25623,SP1000157.34.25623,SY1000157.2026.25623,iPad1(1000157),157,12.06.26 11:22,Prod,A1000157.6914,Tisch 20,117,S1000157.25623,SALE,2,3.2,6.4,0.0,0.0,0.0,0.0,120,Apfelschorle,Getränke,,MwSt. 19%,1.19,5.378151,1.021849,Normalverkauf
S1000157.25624,SP1000157.34.25624,SY1000157.2026.25624,iPad1(1000157),157,12.06.26 11:22,Prod,A1000157.6914,Tisch 20,117,S1000157.25624,SALE,2,5.9,11.8,0.0,0.0,0.0,0.0,116,Vanillequark,Desserts,,MwSt. 7%,1.07,11.028037,0.771963,Normalverkauf
S1000157.25625,SP1000157.34.25625,SY1000157.2026.25625,iPad1(1000157),157,12.06.26 11:16,Prod,A1000157.6915,Tisch 7,118,S1000157.25625,SALE,2,6.9,13.8,0.0,0.0,0.0,0.0,113,Garnelen Box,Beilagen,,MwSt. 7%,1.07,12.897196,0.902804,Normalverkauf
S1000157.25626,SP1000157.34.25626,SY1000157.2026.25626,iPad1(1000157),157,12.06.26 11:16,Prod,A1000157.6915,Tisch 7,118,S1000157.25626,SALE,2,5.5,11.0,0.0,0.0,0.0,0.0,114,Fisch Nuggets Box,Beilagen,,MwSt. 7%,1.07,10.280374,0.719626,Normalverkauf
S1000157.25627,SP1000157.34.25627,SY1000157.2026.25627,iPad1(1000157),157,12.06.26 11:16,Prod,A1000157.6915,Tisch 7,118,S1000157.25627,SALE,1,5.9,5.9,0.0,0.0,0.0,0.0,117,Rote Grütze,Desserts,,MwSt. 7%,1.07,5.514019,0.385981,Normalverkauf
S1000157.25628,SP1000157.34.25628,SY1000157.2026.25628,iPad1(1000157),157,12.06.26 10:44,Prod,A1000157.6916,Tisch 10,104,S1000157.25628,SALE,2,2.8,5.6,0.0,0.0,0.0,0.0,121,Mineralwasser,Getränke,,MwSt. 19%,1.19,4.705882,0.894118,Normalverkauf
S1000157.25629,SP1000157.34.25629,SY1000157.2026.25629,iPad1(1000157),157,12.06.26 10:44,Prod,A1000157.6916,Tisch 10,104,S1000157.25629,SALE,2,6.9,13.8,0.0,0.0,0.0,0.0,103,Fischbrötchen Räucherlachs,Hauptspeisen,,MwSt. 7%,1.07,12.897196,0.902804,Normalverkauf
S1000157.25630,SP1000157.34.25630,SY1000157.2026.25630,iPad1(1000157),157,12.06.26 16:07,Prod,A1000157.6917,Tisch 4,117,S1000157.25630,SALE,1,7.9,7.9,0.0,0.0,0.0,0.0,115,Tiramisu,Desserts,,MwSt. 7%,1.07,7.383178,0.516822,Normalverkauf
S1000157.25631,SP1000157.34.25631,SY1000157.2026.25631,iPad1(1000157),157,12.06.26 16:07,Prod,A1000157.6917,Tisch 4,117,S1000157.25631,SALE,2,4.2,8.4,0.0,0.0,0.0,0.0,122,Bier,Getränke,,MwSt. 19%,1.19,7.058824,1.341176,Normalverkauf
S1000157.25632,SP1000157.34.25632,SY1000157.2026.25632,iPad1(1000157),157,12.06.26 16:07,Prod,A1000157.6917,Tisch 4,117,S1000157.25632,SALE,2,10.9,21.8,0.0,0.0,0.0,0.0,104,Thunfisch Wrap,Hauptgerichte,,MwSt. 7%,1.07,20.373832,1.426168,Normalverkauf
S1000157.25633,SP1000157.34.25633,SY1000157.2026.25633,iPad1(1000157),157,12.06.26 13:57,Prod,A1000157.6918,Tisch 8,115,S1000157.25633,SALE,2,2.8,5.6,0.0,0.0,0.0,0.0,121,Mineralwasser,Getränke,,MwSt. 19%,1.19,4.705882,0.894118,Normalverkauf
S1000157.25634,SP1000157.34.25634,SY1000157.2026.25634,iPad1(1000157),157,12.06.26 13:57,Prod,A1000157.6918,Tisch 8,115,S1000157.25634,SALE,1,3.2,3.2,0.0,0.0,0.0,0.0,120,Apfelschorle,Getränke,,MwSt. 19%,1.19,2.689076,0.510924,Normalverkauf
S1000157.25635,SP1000157.34.25635,SY1000157.2026.25635,iPad1(1000157),157,12.06.26 13:57,Prod,A1000157.6918,Tisch 8,115,S1000157.25635,SALE,1,4.9,4.9,0.0,0.0,0.0,0.0,112,Kartoffelwedges,Beilagen,,MwSt. 7%,1.07,4.579439,0.320561,Normalverkauf
S1000157.25636,SP1000157.34.25636,SY1000157.2026.25636,iPad1(1000157),157,12.06.26 13:06,Prod,A1000157.6919,Tisch 13,115,S1000157.25636,SALE,2,2.8,5.6,0.0,0.0,0.0,0.0,121,Mineralwasser,Getränke,,MwSt. 19%,1.19,4.705882,0.894118,Normalverkauf
S1000157.25637,SP1000157.34.25637,SY1000157.2026.25637,iPad1(1000157),157,12.06.26 19:18,Prod,A1000157.6920,Tisch 8,120,S1000157.25637,SALE,1,2.8,2.8,0.0,0.0,0.0,0.0,121,Mineralwasser,Getränke,,MwSt. 19%,1.19,2.352941,0.447059,Normalverkauf
S1000157.25638,SP1000157.34.25638,SY1000157.2026.25638,iPad1(1000157),157,12.06.26 19:18,Prod,A1000157.6920,Tisch 8,120,S1000157.25638,SALE,2,5.5,11.0,0.0,0.0,0.0,0.0,111,Pommes Frites,Beilagen,,MwSt. 7%,1.07,10.280374,0.719626,Normalverkauf
S1000157.25639,SP1000157.34.25639,SY1000157.2026.25639,iPad1(1000157),157,12.06.26 12:56,Prod,A1000157.6921,Tisch 21,115,S1000157.25639,VOID,2,4.9,9.8,0.0,0.0,0.0,0.0,112,Kartoffelwedges,Beilagen,,MwSt. 7%,1.07,9.158879,0.641121,Normalverkauf
S1000157.25640,SP1000157.34.25640,SY1000157.2026.25640,iPad1(1000157),157,12.06.26 12:56,Prod,A1000157.6921,Tisch 21,115,S1000157.25640,VOID,2,11.5,23.0,0.0,0.0,0.0,0.0,105,Garnelen-Kimchi-Bruger,Hauptgerichte,,MwSt. 7%,1.07,21.495327,1.504673,Normalverkauf
S1000157.25641,SP1000157.34.25641,SY1000157.2026.25641,iPad1(1000157),157,12.06.26 12:56,Prod,A1000157.6921,Tisch 21,115,S1000157.25641,VOID,2,4.9,9.8,0.0,0.0,0.0,0.0,112,Kartoffelwedges,Beilagen,,MwSt. 7%,1.07,9.158879,0.641121,Normalverkauf
S1000157.25642,SP1000157.34.25642,SY1000157.2026.25642,iPad1(1000157),157,12.06.26 12:22,Prod,A1000157.6922,Tisch 23,108,S1000157.25642,SALE,2,6.5,13.0,0.0,0.0,0.0,0.0,100,Fischbrötchen Backfisch,Hauptspeisen,,MwSt. 7%,1.07,12.149533,0.850467,Normalverkauf
S1000157.25643,SP1000157.34.25643,SY1000157.2026.25643,iPad1(1000157),157,12.06.26 12:22,Prod,A1000157.6922,Tisch 23,108,S1000157.25643,SALE,2,2.8,5.6,0.0,0.0,0.0,0.0,121,Mineralwasser,Getränke,,MwSt. 19%,1.19,4.705882,0.894118,Normalverkauf
S1000157.25644,SP1000157.34.25644,SY1000157.2026.25644,iPad1(1000157),157,12.06.26 12:22,Prod,A1000157.6922,Tisch 23,108,S1000157.25644,SALE,1,4.2,4.2,0.0,0.0,0.0,0.0,122,Bier,Getränke,,MwSt. 19%,1.19,3.529412,0.670588,Normalverkauf
S1000157.25645,SP1000157.34.25645,SY1000157.2026.25645,iPad1(1000157),157,12.06.26 18:36,Prod,A1000157.6923,Tisch 7,120,S1000157.25645,SALE,2,4.2,8.4,0.0,0.0,0.0,0.0,122,Bier,Getränke,,MwSt. 19%,1.19,7.058824,1.341176,Normalverkauf
S1000157.25646,SP1000157.34.25646,SY1000157.2026.25646,iPad1(1000157),157,12.06.26 18:37,Prod,A1000157.6924,Tisch 17,101,S1000157.25646,SALE,2,6.9,13.8,0.0,0.0,0.0,0.0,103,Fischbrötchen Räucherlachs,Hauptspeisen,,MwSt. 7%,1.07,12.897196,0.902804,Normalverkauf
S1000157.25647,SP1000157.34.25647,SY1000157.2026.25647,iPad1(1000157),157,12.06.26 17:32,Prod,A1000157.6925,Tisch 15,104,S1000157.25647,SALE,2,6.9,13.8,0.0,0.0,0.0,0.0,103,Fischbrötchen Räucherlachs,Hauptspeisen,,MwSt. 7%,1.07,12.897196,0.902804,Normalverkauf
S1000157.25648,SP1000157.34.25648,SY1000157.2026.25648,iPad1(1000157),157,12.06.26 17:32,Prod,A1000157.6925,Tisch 15,104,S1000157.25648,SALE,2,4.9,9.8,0.0,0.0,0.0,0.0,112,Kartoffelwedges,Beilagen,,MwSt. 7%,1.07,9.158879,0.641121,Normalverkauf
S1000157.25649,SP1000157.34.25649,SY1000157.2026.25649,iPad1(1000157),157,12.06.26 11:01,Prod,A1000157.6926,Tisch 21,120,S1000157.25649,SALE,1,9.8,9.8,0.0,0.0,0.0,0.0,108,Seelachs-Ei-Baugette,Hauptgerichte,,MwSt. 7%,1.07,9.158879,0.641121,Normalverkauf
S1000157.25650,SP1000157.34.25650,SY1000157.2026.25650,iPad1(1000157),157,12.06.26 11:01,Prod,A1000157.6926,Tisch 21,120,S1000157.25650,SALE,2,3.2,6.4,0.0,0.0,0.0,0.0,120,Apfelschorle,Getränke,,MwSt. 19%,1.19,5.378151,1.021849,Normalverkauf
S1000157.25651,SP1000157.34.25651,SY1000157.2026.25651,iPad1(1000157),157,12.06.26 11:01,Prod,A1000157.6926,Tisch 21,120,S1000157.25651,SALE,2,9.8,19.6,0.0,0.0,0.0,0.0,108,Seelachs-Ei-Baugette,Hauptgerichte,,MwSt. 7%,1.07,18.317757,1.282243,Normalverkauf
S1000157.25652,SP1000157.34.25652,SY1000157.2026.25652,iPad1(1000157),157,12.06.26 20:23,Prod,A1000157.6927,,104,S1000157.25652,SALE,1,5.9,5.9,0.0,0.0,0.0,0.0,116,Vanillequark,Desserts,,MwSt. 7%,1.07,5.514019,0.385981,Normalverkauf
S1000157.25653,SP1000157.34.25653,SY1000157.2026.25653,iPad1(1000157),157,12.06.26 20:37,Prod,A1000157.6928,Tisch 15,117,S1000157.25653,SALE,2,13.5,27.0,0.0,0.0,0.0,0.0,102,Matjes,Hauptspeisen,,MwSt. 7%,1.07,25.233645,1.766355,Normalverkauf
S1000157.25654,SP1000157.34.25654,SY1000157.2026.25654,iPad1(1000157),157,12.06.26 20:37,Prod,A1000157.6928,Tisch 15,117,S1000157.25654,SALE,1,6.9,6.9,0.0,0.0,0.0,0.0,113,Garnelen Box,Beilagen,,MwSt. 7%,1.07,6.448598,0.451402,Normalverkauf
S1000157.25655,SP1000157.34.25655,SY1000157.2026.25655,iPad1(1000157),157,12.06.26 20:37,Prod,A1000157.6928,Tisch 15,117,S1000157.25655,SALE,1,13.5,13.5,0.0,0.0,0.0,0.0,102,Matjes,Hauptspeisen,,MwSt. 7%,1.07,12.616822,0.883178,Normalverkauf
S1000157.25656,SP1000157.34.25656,SY1000157.2026.25656,iPad1(1000157),157,12.06.26 18:11,Prod,A1000157.6929,Tisch 13,117,S1000157.25656,SALE,2,2.8,5.6,0.0,0.0,0.0,0.0,121,Mineralwasser,Getränke,,MwSt. 19%,1.19,4.705882,0.894118,Normalverkauf
S1000157.25657,SP1000157.34.25657,SY1000157.2026.25657,iPad1(1000157),157,12.06.26 18:11,Prod,A1000157.6929,Tisch 13,117,S1000157.25657,SALE,1,3.9,3.9,0.0,0.0,0.0,0.0,119,Cola,Getränke,,MwSt. 19%,1.19,3.277311,0.622689,Normalverkauf
S1000157.25658,SP1000157.34.25658,SY1000157.2026.25658,iPad1(1000157),157,12.06.26 18:11,Prod,A1000157.6929,Tisch 13,117,S1000157.25658,SALE,2,10.9,21.8,0.0,0.0,0.0,0.0,104,Thunfisch Wrap,Hauptgerichte,,MwSt. 7%,1.07,20.373832,1.426168,Normalverkauf
S1000157.25659,SP1000157.34.25659,SY1000157.2026.25659,iPad1(1000157),157,12.06.26 18:50,Prod,A1000157.6930,Tisch 23,118,S1000157.25659,SALE,2,10.9,21.8,0.0,0.0,0.0,0.0,107,Chicken Burger,Hauptgerichte,,MwSt. 7%,1.07,20.373832,1.426168,Normalverkauf
S1000157.25660,SP1000157.34.25660,SY1000157.2026.25660,iPad1(1000157),157,12.06.26 18:50,Prod,A1000157.6930,Tisch 23,118,S1000157.25660,SALE,1,5.9,5.9,0.0,0.0,0.0,0.0,123,Inger-Limonade,Getränke,,MwSt. 19%,1.19,4.957983,0.942017,Normalverkauf
S1000157.25661,SP1000157.34.25661,SY1000157.2026.25661,iPad1(1000157),157,12.06.26 18:50,Prod,A1000157.6930,Tisch 23,118,S1000157.25661,SALE,2,5.5,11.0,0.0,0.0,0.0,0.0,111,Pommes Frites,Beilagen,,MwSt. 7%,1.07,10.280374,0.719626,Normalverkauf
S1000157.25662,SP1000157.34.25662,SY1000157.2026.25662,iPad1(1000157),157,12.06.26 20:08,Prod,A1000157.6931,Tisch 11,117,S1000157.25662,SALE,2,3.2,6.4,0.0,0.0,0.0,0.0,120,Apfelschorle,Getränke,,MwSt. 19%,1.19,5.378151,1.021849,Normalverkauf
S1000157.25663,SP1000157.34.25663,SY1000157.2026.25663,iPad1(1000157),157,12.06.26 11:57,Prod,A1000157.6932,Tisch 21,101,S1000157.25663,SALE,2,5.9,11.8,0.0,0.0,0.0,0.0,123,Inger-Limonade,Getränke,,MwSt. 19%,1.19,9.915966,1.884034,Normalverkauf
S1000157.25664,SP1000157.34.25664,SY1000157.2026.25664,iPad1(1000157),157,12.06.26 11:57,Prod,A1000157.6932,Tisch 21,101,S1000157.25664,SALE,1,14.5,14.5,0.0,0.0,0.0,0.0,101,Lachs,Hauptspeisen,,MwSt. 7%,1.07,13.551402,0.948598,Normalverkauf
S1000157.25665,SP1000157.34.25665,SY1000157.2026.25665,iPad1(1000157),157,12.06.26 19:49,Prod,A1000157.6933,Tisch 3,101,S1000157.25665,SALE,2,2.8,5.6,0.0,0.0,0.0,0.0,121,Mineralwasser,Getränke,,MwSt. 19%,1.19,4.705882,0.894118,Normalverkauf
S1000157.25666,SP1000157.34.25666,SY1000157.2026.25666,iPad1(1000157),157,12.06.26 19:49,Prod,A1000157.6933,Tisch 3,101,S1000157.25666,SALE,2,11.9,23.8,0.0,0.0,0.0,0.0,110,Matjes-Baguette,Hauptgerichte,,MwSt. 7%,1.07,22.242991,1.557009,Normalverkauf
S1000157.25667,SP1000157.34.25667,SY1000157.2026.25667,iPad1(1000157),157,12.06.26 19:49,Prod,A1000157.6933,Tisch 3,101,S1000157.25667,SALE,1,13.5,13.5,0.0,0.0,0.0,0.0,102,Matjes,Hauptspeisen,,MwSt. 7%,1.07,12.616822,0.883178,Normalverkauf
S1000157.25668,SP1000157.34.25668,SY1000157.2026.25668,iPad1(1000157),157,12.06.26 12:11,Prod,A1000157.6934,Tisch 22,101,S1000157.25668,SALE,2,2.8,5.6,0.0,0.0,0.0,0.0,121,Mineralwasser,Getränke,,MwSt. 19%,1.19,4.705882,0.894118,Normalverkauf
S1000157.25669,SP1000157.34.25669,SY1000157.2026.25669,iPad1(1000157),157,12.06.26 12:11,Prod,A1000157.6934,Tisch 22,101,S1000157.25669,SALE,2,13.5,27.0,0.0,0.0,0.0,0.0,102,Matjes,Hauptspeisen,,MwSt. 7%,1.07,25.233645,1.766355,Normalverkauf
S1000157.25670,SP1000157.34.25670,SY1000157.2026.25670,iPad1(1000157),157,13.06.26 19:26,Prod,A1000157.6935,Tisch 2,117,S1000157.25670,SALE,1,3.9,3.9,0.0,0.0,0.0,0.0,127,Alkoholfreies Bier,Getränke,,MwSt. 19%,1.19,3.277311,0.622689,Normalverkauf
S1000157.25671,SP1000157.34.25671,SY1000157.2026.25671,iPad1(1000157),157,13.06.26 11:15,Prod,A1000157.6936,Tisch 3,120,S1000157.25671,SALE,1,4.2,4.2,0.0,0.0,0.0,0.0,122,Bier,Getränke,,MwSt. 19%,1.19,3.529412,0.670588,Normalverkauf
S1000157.25672,SP1000157.34.25672,SY1000157.2026.25672,iPad1(1000157),157,13.06.26 11:15,Prod,A1000157.6936,Tisch 3,120,S1000157.25672,SALE,2,6.9,13.8,0.0,0.0,0.0,0.0,103,Fischbrötchen Räucherlachs,Hauptspeisen,,MwSt. 7%,1.07,12.897196,0.902804,Normalverkauf
S1000157.25673,SP1000157.34.25673,SY1000157.2026.25673,iPad1(1000157),157,13.06.26 11:15,Prod,A1000157.6936,Tisch 3,120,S1000157.25673,SALE,1,7.9,7.9,0.0,0.0,0.0,0.0,115,Tiramisu,Desserts,,MwSt. 7%,1.07,7.383178,0.516822,Normalverkauf
S1000157.25674,SP1000157.34.25674,SY1000157.2026.25674,iPad1(1000157),157,13.06.26 16:32,Prod,A1000157.6937,Tisch 3,101,S1000157.25674,SALE,2,9.8,19.6,0.0,0.0,0.0,0.0,108,Seelachs-Ei-Baugette,Hauptgerichte,,MwSt. 7%,1.07,18.317757,1.282243,Normalverkauf
S1000157.25675,SP1000157.34.25675,SY1000157.2026.25675,iPad1(1000157),157,13.06.26 16:32,Prod,A1000157.6937,Tisch 3,101,S1000157.25675,SALE,1,5.5,5.5,0.0,0.0,0.0,0.0,111,Pommes Frites,Beilagen,,MwSt. 7%,1.07,5.140187,0.359813,Normalverkauf
S1000157.25676,SP1000157.34.25676,SY1000157.2026.25676,iPad1(1000157),157,13.06.26 11:35,Prod,A1000157.6938,Tisch 7,117,S1000157.25676,SALE,1,4.9,4.9,0.0,0.0,0.0,0.0,112,Kartoffelwedges,Beilagen,,MwSt. 7%,1.07,4.579439,0.320561,Normalverkauf
S1000157.25677,SP1000157.34.25677,SY1000157.2026.25677,iPad1(1000157),157,13.06.26 12:48,Prod,A1000157.6939,Tisch 3,117,S1000157.25677,SALE,1,7.9,7.9,0.0,0.0,0.0,0.0,106,Neptun-Ringe,Beilagen,,MwSt. 7%,1.07,7.383178,0.516822,Normalverkauf
S1000157.25678,SP1000157.34.25678,SY1000157.2026.25678,iPad1(1000157),157,13.06.26 12:48,Prod,A1000157.6939,Tisch 3,117,S1000157.25678,SALE,1,5.9,5.9,0.0,0.0,0.0,0.0,123,Inger-Limonade,Getränke,,MwSt. 19%,1.19,4.957983,0.942017,Normalverkauf
S1000157.25679,SP1000157.34.25679,SY1000157.2026.25679,iPad1(1000157),157,13.06.26 16:47,Prod,A1000157.6940,Tisch 11,115,S1000157.25679,SALE,2,5.5,11.0,0.0,0.0,0.0,0.0,111,Pommes Frites,Beilagen,,MwSt. 7%,1.07,10.280374,0.719626,Normalverkauf
S1000157.25680,SP1000157.34.25680,SY1000157.2026.25680,iPad1(1000157),157,13.06.26 16:47,Prod,A1000157.6940,Tisch 11,115,S1000157.25680,SALE,1,11.5,11.5,0.0,0.0,0.0,0.0,105,Garnelen-Kimchi-Bruger,Hauptgerichte,,MwSt. 7%,1.07,10.747664,0.752336,Normalverkauf
S1000157.25681,SP1000157.34.25681,SY1000157.2026.25681,iPad1(1000157),157,13.06.26 16:47,Prod,A1000157.6940,Tisch 11,115,S1000157.25681,SALE,2,10.9,21.8,0.0,0.0,0.0,0.0,107,Chicken Burger,Hauptgerichte,,MwSt. 7%,1.07,20.373832,1.426168,Normalverkauf
S1000157.25682,SP1000157.34.25682,SY1000157.2026.25682,iPad1(1000157),157,13.06.26 08:03,Prod,A1000157.6941,Tisch 24,101,S1000157.25682,SALE,1,6.5,6.5,0.0,0.0,0.0,0.0,100,Fischbrötchen Backfisch,Hauptspeisen,,MwSt. 7%,1.07,6.074766,0.425234,Normalverkauf
S1000157.25683,SP1000157.34.25683,SY1000157.2026.25683,iPad1(1000157),157,13.06.26 11:21,Prod,A1000157.6942,Tisch 2,120,S1000157.25683,SALE,2,4.2,8.4,0.0,0.0,0.0,0.0,122,Bier,Getränke,,MwSt. 19%,1.19,7.058824,1.341176,Normalverkauf
S1000157.25684,SP1000157.34.25684,SY1000157.2026.25684,iPad1(1000157),157,13.06.26 18:11,Prod,A1000157.6943,Tisch 23,104,S1000157.25684,SALE,2,10.9,21.8,0.0,0.0,0.0,0.0,104,Thunfisch Wrap,Hauptgerichte,,MwSt. 7%,1.07,20.373832,1.426168,Normalverkauf
S1000157.25685,SP1000157.34.25685,SY1000157.2026.25685,iPad1(1000157),157,13.06.26 19:23,Prod,A1000157.6944,Tisch 13,118,S1000157.25685,SALE,2,5.9,11.8,0.0,0.0,0.0,0.0,125,Zitronen-Limonade,Getränke,,MwSt. 19%,1.19,9.915966,1.884034,Normalverkauf
S1000157.25686,SP1000157.34.25686,SY1000157.2026.25686,iPad1(1000157),157,13.06.26 19:23,Prod,A1000157.6944,Tisch 13,118,S1000157.25686,SALE,2,4.2,8.4,0.0,0.0,0.0,0.0,122,Bier,Getränke,,MwSt. 19%,1.19,7.058824,1.341176,Normalverkauf
S1000157.25687,SP1000157.34.25687,SY1000157.2026.25687,iPad1(1000157),157,13.06.26 11:14,Prod,A1000157.6945,Tisch 7,108,S1000157.25687,SALE,1,5.9,5.9,0.0,0.0,0.0,0.0,116,Vanillequark,Desserts,,MwSt. 7%,1.07,5.514019,0.385981,Normalverkauf
S1000157.25688,SP1000157.34.25688,SY1000157.2026.25688,iPad1(1000157),157,13.06.26 11:14,Prod,A1000157.6945,Tisch 7,108,S1000157.25688,SALE,2,7.9,15.8,0.0,0.0,0.0,0.0,106,Neptun-Ringe,Beilagen,,MwSt. 7%,1.07,14.766355,1.033645,Normalverkauf
S1000157.25689,SP1000157.34.25689,SY1000157.2026.25689,iPad1(1000157),157,13.06.26 11:14,Prod,A1000157.6945,Tisch 7,108,S1000157.25689,SALE,2,5.5,11.0,0.0,0.0,0.0,0.0,111,Pommes Frites,Beilagen,,MwSt. 7%,1.07,10.280374,0.719626,Normalverkauf
S1000157.25690,SP1000157.34.25690,SY1000157.2026.25690,iPad1(1000157),157,13.06.26 15:42,Prod,A1000157.6946,,108,S1000157.25690,SALE,2,4.2,8.4,0.0,0.0,0.0,0.0,122,Bier,Getränke,,MwSt. 19%,1.19,7.058824,1.341176,Normalverkauf
S1000157.25691,SP1000157.34.25691,SY1000157.2026.25691,iPad1(1000157),157,13.06.26 11:46,Prod,A1000157.6947,Tisch 16,101,S1000157.25691,VOID,1,3.9,3.9,0.0,0.0,0.0,0.0,124,Cola Zero,Getränke,,MwSt. 19%,1.19,3.277311,0.622689,Normalverkauf
S1000157.25692,SP1000157.34.25692,SY1000157.2026.25692,iPad1(1000157),157,13.06.26 11:46,Prod,A1000157.6947,Tisch 16,101,S1000157.25692,VOID,1,11.5,11.5,0.0,0.0,0.0,0.0,105,Garnelen-Kimchi-Bruger,Hauptgerichte,,MwSt. 7%,1.07,10.747664,0.752336,Normalverkauf
S1000157.25693,SP1000157.34.25693,SY1000157.2026.25693,iPad1(1000157),157,13.06.26 11:40,Prod,A1000157.6948,Tisch 16,115,S1000157.25693,SALE,2,4.9,9.8,0.0,0.0,0.0,0.0,112,Kartoffelwedges,Beilagen,,MwSt. 7%,1.07,9.158879,0.641121,Normalverkauf
S1000157.25694,SP1000157.34.25694,SY1000157.2026.25694,iPad1(1000157),157,13.06.26 09:02,Prod,A1000157.6949,Tisch 21,108,S1000157.25694,SALE,2,3.9,7.8,0.0,0.0,0.0,0.0,119,Cola,Getränke,,MwSt. 19%,1.19,6.554622,1.245378,Normalverkauf
S1000157.25695,SP1000157.34.25695,SY1000157.2026.25695,iPad1(1000157),157,13.06.26 09:02,Prod,A1000157.6949,Tisch 21,108,S1000157.25695,SALE,1,5.5,5.5,0.0,0.0,0.0,0.0,111,Pommes Frites,Beilagen,,MwSt. 7%,1.07,5.140187,0.359813,Normalverkauf
S1000157.25696,SP1000157.34.25696,SY1000157.2026.25696,iPad1(1000157),157,13.06.26 19:51,Prod,A1000157.6950,Tisch 1,104,S1000157.25696,SALE,1,9.8,9.8,0.0,0.0,0.0,0.0,108,Seelachs-Ei-Baugette,Hauptgerichte,,MwSt. 7%,1.07,9.158879,0.641121,Normalverkauf
S1000157.25697,SP1000157.34.25697,SY1000157.2026.25697,iPad1(1000157),157,13.06.26 19:51,Prod,A1000157.6950,Tisch 1,104,S1000157.25697,SALE,2,4.2,8.4,0.0,0.0,0.0,0.0,122,Bier,Getränke,,MwSt. 19%,1.19,7.058824,1.341176,Normalverkauf
S1000157.25698,SP1000157.34.25698,SY1000157.2026.25698,iPad1(1000157),157,13.06.26 19:51,Prod,A1000157.6950,Tisch 1,104,S1000157.25698,SALE,2,4.2,8.4,0.0,0.0,0.0,0.0,122,Bier,Getränke,,MwSt. 19%,1.19,7.058824,1.341176,Normalverkauf
S1000157.25699,SP1000157.34.25699,SY1000157.2026.25699,iPad1(1000157),157,13.06.26 11:38,Prod,A1000157.6951,Tisch 2,117,S1000157.25699,SALE,1,11.5,11.5,0.0,0.0,0.0,0.0,105,Garnelen-Kimchi-Bruger,Hauptgerichte,,MwSt. 7%,1.07,10.747664,0.752336,Normalverkauf
S1000157.25700,SP1000157.34.25700,SY1000157.2026.25700,iPad1(1000157),157,13.06.26 11:38,Prod,A1000157.6951,Tisch 2,117,S1000157.25700,SALE,2,6.5,13.0,0.0,0.0,0.0,0.0,100,Fischbrötchen Backfisch,Hauptspeisen,,MwSt. 7%,1.07,12.149533,0.850467,Normalverkauf
S1000157.25701,SP1000157.34.25701,SY1000157.2026.25701,iPad1(1000157),157,13.06.26 11:38,Prod,A1000157.6951,Tisch 2,117,S1000157.25701,SALE,1,10.9,10.9,0.0,0.0,0.0,0.0,107,Chicken Burger,Hauptgerichte,,MwSt. 7%,1.07,10.186916,0.713084,Normalverkauf
S1000157.25702,SP1000157.34.25702,SY1000157.2026.25702,iPad1(1000157),157,13.06.26 11:54,Prod,A1000157.6952,,101,S1000157.25702,SALE,1,9.8,9.8,0.0,0.0,0.0,0.0,108,Seelachs-Ei-Baugette,Hauptgerichte,,MwSt. 7%,1.07,9.158879,0.641121,Normalverkauf
S1000157.25703,SP1000157.34.25703,SY1000157.2026.25703,iPad1(1000157),157,13.06.26 11:54,Prod,A1000157.6952,,101,S1000157.25703,SALE,2,10.9,21.8,0.0,0.0,0.0,0.0,104,Thunfisch Wrap,Hauptgerichte,,MwSt. 7%,1.07,20.373832,1.426168,Normalverkauf
S1000157.25704,SP1000157.34.25704,SY1000157.2026.25704,iPad1(1000157),157,13.06.26 11:54,Prod,A1000157.6952,,101,S1000157.25704,SALE,1,2.8,2.8,0.0,0.0,0.0,0.0,121,Mineralwasser,Getränke,,MwSt. 19%,1.19,2.352941,0.447059,Normalverkauf
S1000157.25705,SP1000157.34.25705,SY1000157.2026.25705,iPad1(1000157),157,13.06.26 16:46,Prod,A1000157.6953,Tisch 20,104,S1000157.25705,SALE,1,4.2,4.2,0.0,0.0,0.0,0.0,122,Bier,Getränke,,MwSt. 19%,1.19,3.529412,0.670588,Normalverkauf
S1000157.25706,SP1000157.34.25706,SY1000157.2026.25706,iPad1(1000157),157,13.06.26 16:46,Prod,A1000157.6953,Tisch 20,104,S1000157.25706,SALE,1,6.5,6.5,0.0,0.0,0.0,0.0,100,Fischbrötchen Backfisch,Hauptspeisen,,MwSt. 7%,1.07,6.074766,0.425234,Normalverkauf
S1000157.25707,SP1000157.34.25707,SY1000157.2026.25707,iPad1(1000157),157,13.06.26 13:54,Prod,A1000157.6954,Tisch 12,104,S1000157.25707,SALE,1,5.9,5.9,0.0,0.0,0.0,0.0,117,Rote Grütze,Desserts,,MwSt. 7%,1.07,5.514019,0.385981,Normalverkauf
S1000157.25708,SP1000157.34.25708,SY1000157.2026.25708,iPad1(1000157),157,13.06.26 15:46,Prod,A1000157.6955,Tisch 24,117,S1000157.25708,SALE,1,3.9,3.9,0.0,0.0,0.0,0.0,127,Alkoholfreies Bier,Getränke,,MwSt. 19%,1.19,3.277311,0.622689,Normalverkauf
S1000157.25709,SP1000157.34.25709,SY1000157.2026.25709,iPad1(1000157),157,13.06.26 17:06,Prod,A1000157.6956,Tisch 22,115,S1000157.25709,SALE,2,10.9,21.8,0.0,0.0,0.0,0.0,109,Bismarck-Baguette,Hauptgerichte,,MwSt. 7%,1.07,20.373832,1.426168,Normalverkauf
S1000157.25710,SP1000157.34.25710,SY1000157.2026.25710,iPad1(1000157),157,13.06.26 17:06,Prod,A1000157.6956,Tisch 22,115,S1000157.25710,SALE,2,4.2,8.4,0.0,0.0,0.0,0.0,122,Bier,Getränke,,MwSt. 19%,1.19,7.058824,1.341176,Normalverkauf
S1000157.25711,SP1000157.34.25711,SY1000157.2026.25711,iPad1(1000157),157,13.06.26 10:50,Prod,A1000157.6957,Tisch 4,118,S1000157.25711,SALE,1,10.9,10.9,0.0,0.0,0.0,0.0,107,Chicken Burger,Hauptgerichte,,MwSt. 7%,1.07,10.186916,0.713084,Normalverkauf
S1000157.25712,SP1000157.34.25712,SY1000157.2026.25712,iPad1(1000157),157,13.06.26 10:50,Prod,A1000157.6957,Tisch 4,118,S1000157.25712,SALE,2,6.5,13.0,0.0,0.0,0.0,0.0,118,Schokokuchen,Desserts,,MwSt. 7%,1.07,12.149533,0.850467,Normalverkauf
S1000157.25713,SP1000157.34.25713,SY1000157.2026.25713,iPad1(1000157),157,13.06.26 10:50,Prod,A1000157.6957,Tisch 4,118,S1000157.25713,SALE,2,3.2,6.4,0.0,0.0,0.0,0.0,120,Apfelschorle,Getränke,,MwSt. 19%,1.19,5.378151,1.021849,Normalverkauf
S1000157.25714,SP1000157.34.25714,SY1000157.2026.25714,iPad1(1000157),157,13.06.26 17:10,Prod,A1000157.6958,,101,S1000157.25714,SALE,1,7.9,7.9,0.0,0.0,0.0,0.0,115,Tiramisu,Desserts,,MwSt. 7%,1.07,7.383178,0.516822,Normalverkauf
S1000157.25715,SP1000157.34.25715,SY1000157.2026.25715,iPad1(1000157),157,13.06.26 17:10,Prod,A1000157.6958,,101,S1000157.25715,SALE,1,14.5,14.5,0.0,0.0,0.0,0.0,101,Lachs,Hauptspeisen,,MwSt. 7%,1.07,13.551402,0.948598,Normalverkauf
S1000157.25716,SP1000157.34.25716,SY1000157.2026.25716,iPad1(1000157),157,13.06.26 17:10,Prod,A1000157.6958,,101,S1000157.25716,SALE,2,3.2,6.4,0.0,0.0,0.0,0.0,120,Apfelschorle,Getränke,,MwSt. 19%,1.19,5.378151,1.021849,Normalverkauf
S1000157.25717,SP1000157.34.25717,SY1000157.2026.25717,iPad1(1000157),157,13.06.26 19:27,Prod,A1000157.6959,Tisch 24,104,S1000157.25717,SALE,1,3.9,3.9,0.0,0.0,0.0,0.0,119,Cola,Getränke,,MwSt. 19%,1.19,3.277311,0.622689,Normalverkauf
S1000157.25718,SP1000157.34.25718,SY1000157.2026.25718,iPad1(1000157),157,13.06.26 15:26,Prod,A1000157.6960,Tisch 14,120,S1000157.25718,VOID,2,4.9,9.8,0.0,0.0,0.0,0.0,112,Kartoffelwedges,Beilagen,,MwSt. 7%,1.07,9.158879,0.641121,Normalverkauf
S1000157.25719,SP1000157.34.25719,SY1000157.2026.25719,iPad1(1000157),157,13.06.26 15:26,Prod,A1000157.6960,Tisch 14,120,S1000157.25719,VOID,1,3.9,3.9,0.0,0.0,0.0,0.0,127,Alkoholfreies Bier,Getränke,,MwSt. 19%,1.19,3.277311,0.622689,Normalverkauf
S1000157.25720,SP1000157.34.25720,SY1000157.2026.25720,iPad1(1000157),157,13.06.26 18:52,Prod,A1000157.6961,Tisch 19,108,S1000157.25720,SALE,2,6.5,13.0,0.0,0.0,0.0,0.0,100,Fischbrötchen Backfisch,Hauptspeisen,,MwSt. 7%,1.07,12.149533,0.850467,Normalverkauf
S1000157.25721,SP1000157.34.25721,SY1000157.2026.25721,iPad1(1000157),157,13.06.26 14:03,Prod,A1000157.6962,Tisch 3,108,S1000157.25721,SALE,2,3.2,6.4,0.0,0.0,0.0,0.0,120,Apfelschorle,Getränke,,MwSt. 19%,1.19,5.378151,1.021849,Normalverkauf
S1000157.25722,SP1000157.34.25722,SY1000157.2026.25722,iPad1(1000157),157,13.06.26 14:03,Prod,A1000157.6962,Tisch 3,108,S1000157.25722,SALE,2,3.9,7.8,0.0,0.0,0.0,0.0,124,Cola Zero,Getränke,,MwSt. 19%,1.19,6.554622,1.245378,Normalverkauf
S1000157.25723,SP1000157.34.25723,SY1000157.2026.25723,iPad1(1000157),157,13.06.26 11:35,Prod,A1000157.6963,Tisch 16,117,S1000157.25723,SALE,1,4.2,4.2,0.0,0.0,0.0,0.0,122,Bier,Getränke,,MwSt. 19%,1.19,3.529412,0.670588,Normalverkauf
S1000157.25724,SP1000157.34.25724,SY1000157.2026.25724,iPad1(1000157),157,13.06.26 11:35,Prod,A1000157.6963,Tisch 16,117,S1000157.25724,SALE,2,5.9,11.8,0.0,0.0,0.0,0.0,123,Inger-Limonade,Getränke,,MwSt. 19%,1.19,9.915966,1.884034,Normalverkauf
S1000157.25725,SP1000157.34.25725,SY1000157.2026.25725,iPad1(1000157),157,13.06.26 11:35,Prod,A1000157.6963,Tisch 16,117,S1000157.25725,SALE,2,3.9,7.8,0.0,0.0,0.0,0.0,127,Alkoholfreies Bier,Getränke,,MwSt. 19%,1.19,6.554622,1.245378,Normalverkauf
S1000157.25726,SP1000157.34.25726,SY1000157.2026.25726,iPad1(1000157),157,13.06.26 19:46,Prod,A1000157.6964,Tisch 1,120,S1000157.25726,VOID,1,2.8,2.8,0.0,0.0,0.0,0.0,121,Mineralwasser,Getränke,,MwSt. 19%,1.19,2.352941,0.447059,Normalverkauf
S1000157.25727,SP1000157.34.25727,SY1000157.2026.25727,iPad1(1000157),157,13.06.26 19:46,Prod,A1000157.6964,Tisch 1,120,S1000157.25727,VOID,2,7.9,15.8,0.0,0.0,0.0,0.0,106,Neptun-Ringe,Beilagen,,MwSt. 7%,1.07,14.766355,1.033645,Normalverkauf
S1000157.25728,SP1000157.34.25728,SY1000157.2026.25728,iPad1(1000157),157,13.06.26 12:29,Prod,A1000157.6965,,117,S1000157.25728,SALE,1,2.8,2.8,0.0,0.0,0.0,0.0,121,Mineralwasser,Getränke,,MwSt. 19%,1.19,2.352941,0.447059,Normalverkauf
S1000157.25729,SP1000157.34.25729,SY1000157.2026.25729,iPad1(1000157),157,13.06.26 12:29,Prod,A1000157.6965,,117,S1000157.25729,SALE,1,5.5,5.5,0.0,0.0,0.0,0.0,114,Fisch Nuggets Box,Beilagen,,MwSt. 7%,1.07,5.140187,0.359813,Normalverkauf
S1000157.25730,SP1000157.34.25730,SY1000157.2026.25730,iPad1(1000157),157,13.06.26 19:33,Prod,A1000157.6966,Tisch 11,104,S1000157.25730,SALE,2,10.9,21.8,0.0,0.0,0.0,0.0,104,Thunfisch Wrap,Hauptgerichte,,MwSt. 7%,1.07,20.373832,1.426168,Normalverkauf
S1000157.25731,SP1000157.34.25731,SY1000157.2026.25731,iPad1(1000157),157,13.06.26 19:33,Prod,A1000157.6966,Tisch 11,104,S1000157.25731,SALE,1,3.2,3.2,0.0,0.0,0.0,0.0,120,Apfelschorle,Getränke,,MwSt. 19%,1.19,2.689076,0.510924,Normalverkauf
S1000157.25732,SP1000157.34.25732,SY1000157.2026.25732,iPad1(1000157),157,13.06.26 19:33,Prod,A1000157.6966,Tisch 11,104,S1000157.25732,SALE,2,11.9,23.8,0.0,0.0,0.0,0.0,110,Matjes-Baguette,Hauptgerichte,,MwSt. 7%,1.07,22.242991,1.557009,Normalverkauf
S1000157.25733,SP1000157.34.25733,SY1000157.2026.25733,iPad1(1000157),157,13.06.26 19:58,Prod,A1000157.6967,Tisch 6,101,S1000157.25733,SALE,1,4.9,4.9,0.0,0.0,0.0,0.0,112,Kartoffelwedges,Beilagen,,MwSt. 7%,1.07,4.579439,0.320561,Normalverkauf
S1000157.25734,SP1000157.34.25734,SY1000157.2026.25734,iPad1(1000157),157,13.06.26 19:57,Prod,A1000157.6968,Tisch 5,101,S1000157.25734,SALE,2,13.5,27.0,0.0,0.0,0.0,0.0,102,Matjes,Hauptspeisen,,MwSt. 7%,1.07,25.233645,1.766355,Normalverkauf
S1000157.25735,SP1000157.34.25735,SY1000157.2026.25735,iPad1(1000157),157,13.06.26 16:44,Prod,A1000157.6969,,120,S1000157.25735,VOID,1,2.8,2.8,0.0,0.0,0.0,0.0,121,Mineralwasser,Getränke,,MwSt. 19%,1.19,2.352941,0.447059,Normalverkauf
S1000157.25736,SP1000157.34.25736,SY1000157.2026.25736,iPad1(1000157),157,13.06.26 16:44,Prod,A1000157.6969,,120,S1000157.25736,VOID,1,10.9,10.9,0.0,0.0,0.0,0.0,109,Bismarck-Baguette,Hauptgerichte,,MwSt. 7%,1.07,10.186916,0.713084,Normalverkauf
S1000157.25737,SP1000157.34.25737,SY1000157.2026.25737,iPad1(1000157),157,13.06.26 16:44,Prod,A1000157.6969,,120,S1000157.25737,VOID,2,10.9,21.8,0.0,0.0,0.0,0.0,107,Chicken Burger,Hauptgerichte,,MwSt. 7%,1.07,20.373832,1.426168,Normalverkauf
S1000157.25738,SP1000157.34.25738,SY1000157.2026.25738,iPad1(1000157),157,13.06.26 20:15,Prod,A1000157.6970,Tisch 11,120,S1000157.25738,SALE,1,5.5,5.5,0.0,0.0,0.0,0.0,111,Pommes Frites,Beilagen,,MwSt. 7%,1.07,5.140187,0.359813,Normalverkauf
S1000157.25739,SP1000157.34.25739,SY1000157.2026.25739,iPad1(1000157),157,13.06.26 17:08,Prod,A1000157.6971,Tisch 19,104,S1000157.25739,SALE,1,6.5,6.5,0.0,0.0,0.0,0.0,100,Fischbrötchen Backfisch,Hauptspeisen,,MwSt. 7%,1.07,6.074766,0.425234,Normalverkauf
S1000157.25740,SP1000157.34.25740,SY1000157.2026.25740,iPad1(1000157),157,13.06.26 15:20,Prod,A1000157.6972,Tisch 5,120,S1000157.25740,SALE,2,13.5,27.0,0.0,0.0,0.0,0.0,102,Matjes,Hauptspeisen,,MwSt. 7%,1.07,25.233645,1.766355,Normalverkauf
S1000157.25741,SP1000157.34.25741,SY1000157.2026.25741,iPad1(1000157),157,13.06.26 15:20,Prod,A1000157.6972,Tisch 5,120,S1000157.25741,SALE,1,6.9,6.9,0.0,0.0,0.0,0.0,103,Fischbrötchen Räucherlachs,Hauptspeisen,,MwSt. 7%,1.07,6.448598,0.451402,Normalverkauf
S1000157.25742,SP1000157.34.25742,SY1000157.2026.25742,iPad1(1000157),157,13.06.26 15:20,Prod,A1000157.6972,Tisch 5,120,S1000157.25742,SALE,1,9.8,9.8,0.0,0.0,0.0,0.0,108,Seelachs-Ei-Baugette,Hauptgerichte,,MwSt. 7%,1.07,9.158879,0.641121,Normalverkauf
S1000157.25743,SP1000157.34.25743,SY1000157.2026.25743,iPad1(1000157),157,13.06.26 17:18,Prod,A1000157.6973,Tisch 11,108,S1000157.25743,SALE,1,3.2,3.2,0.0,0.0,0.0,0.0,120,Apfelschorle,Getränke,,MwSt. 19%,1.19,2.689076,0.510924,Normalverkauf
S1000157.25744,SP1000157.34.25744,SY1000157.2026.25744,iPad1(1000157),157,13.06.26 17:18,Prod,A1000157.6973,Tisch 11,108,S1000157.25744,SALE,2,9.8,19.6,0.0,0.0,0.0,0.0,108,Seelachs-Ei-Baugette,Hauptgerichte,,MwSt. 7%,1.07,18.317757,1.282243,Normalverkauf
S1000157.25745,SP1000157.34.25745,SY1000157.2026.25745,iPad1(1000157),157,13.06.26 09:44,Prod,A1000157.6974,Tisch 9,115,S1000157.25745,SALE,1,13.5,13.5,0.0,0.0,0.0,0.0,102,Matjes,Hauptspeisen,,MwSt. 7%,1.07,12.616822,0.883178,Normalverkauf
S1000157.25746,SP1000157.34.25746,SY1000157.2026.25746,iPad1(1000157),157,13.06.26 09:44,Prod,A1000157.6974,Tisch 9,115,S1000157.25746,SALE,1,3.9,3.9,0.0,0.0,0.0,0.0,119,Cola,Getränke,,MwSt. 19%,1.19,3.277311,0.622689,Normalverkauf
S1000157.25747,SP1000157.34.25747,SY1000157.2026.25747,iPad1(1000157),157,13.06.26 16:12,Prod,A1000157.6975,Tisch 20,104,S1000157.25747,SALE,1,11.9,11.9,0.0,0.0,0.0,0.0,110,Matjes-Baguette,Hauptgerichte,,MwSt. 7%,1.07,11.121495,0.778505,Normalverkauf
S1000157.25748,SP1000157.34.25748,SY1000157.2026.25748,iPad1(1000157),157,13.06.26 16:12,Prod,A1000157.6975,Tisch 20,104,S1000157.25748,SALE,1,6.5,6.5,0.0,0.0,0.0,0.0,100,Fischbrötchen Backfisch,Hauptspeisen,,MwSt. 7%,1.07,6.074766,0.425234,Normalverkauf
S1000157.25749,SP1000157.34.25749,SY1000157.2026.25749,iPad1(1000157),157,13.06.26 16:12,Prod,A1000157.6975,Tisch 20,104,S1000157.25749,SALE,2,6.9,13.8,0.0,0.0,0.0,0.0,103,Fischbrötchen Räucherlachs,Hauptspeisen,,MwSt. 7%,1.07,12.897196,0.902804,Normalverkauf
S1000157.25750,SP1000157.34.25750,SY1000157.2026.25750,iPad1(1000157),157,13.06.26 11:40,Prod,A1000157.6976,,117,S1000157.25750,VOID,1,6.9,6.9,0.0,0.0,0.0,0.0,103,Fischbrötchen Räucherlachs,Hauptspeisen,,MwSt. 7%,1.07,6.448598,0.451402,Normalverkauf
S1000157.25751,SP1000157.34.25751,SY1000157.2026.25751,iPad1(1000157),157,13.06.26 18:46,Prod,A1000157.6977,Tisch 4,120,S1000157.25751,SALE,1,3.2,3.2,0.0,0.0,0.0,0.0,120,Apfelschorle,Getränke,,MwSt. 19%,1.19,2.689076,0.510924,Normalverkauf
S1000157.25752,SP1000157.34.25752,SY1000157.2026.25752,iPad1(1000157),157,13.06.26 10:10,Prod,A1000157.6978,Tisch 19,118,S1000157.25752,VOID,1,3.9,3.9,0.0,0.0,0.0,0.0,124,Cola Zero,Getränke,,MwSt. 19%,1.19,3.277311,0.622689,Normalverkauf
S1000157.25753,SP1000157.34.25753,SY1000157.2026.25753,iPad1(1000157),157,13.06.26 10:10,Prod,A1000157.6978,Tisch 19,118,S1000157.25753,VOID,1,5.9,5.9,0.0,0.0,0.0,0.0,123,Inger-Limonade,Getränke,,MwSt. 19%,1.19,4.957983,0.942017,Normalverkauf
S1000157.25754,SP1000157.34.25754,SY1000157.2026.25754,iPad1(1000157),157,13.06.26 17:09,Prod,A1000157.6979,Tisch 18,101,S1000157.25754,SALE,1,6.9,6.9,0.0,0.0,0.0,0.0,103,Fischbrötchen Räucherlachs,Hauptspeisen,,MwSt. 7%,1.07,6.448598,0.451402,Normalverkauf
S1000157.25755,SP1000157.34.25755,SY1000157.2026.25755,iPad1(1000157),157,13.06.26 18:25,Prod,A1000157.6980,Tisch 16,115,S1000157.25755,SALE,1,3.2,3.2,0.0,0.0,0.0,0.0,120,Apfelschorle,Getränke,,MwSt. 19%,1.19,2.689076,0.510924,Normalverkauf
S1000157.25756,SP1000157.34.25756,SY1000157.2026.25756,iPad1(1000157),157,13.06.26 18:25,Prod,A1000157.6980,Tisch 16,115,S1000157.25756,SALE,2,3.9,7.8,0.0,0.0,0.0,0.0,127,Alkoholfreies Bier,Getränke,,MwSt. 19%,1.19,6.554622,1.245378,Normalverkauf
S1000157.25757,SP1000157.34.25757,SY1000157.2026.25757,iPad1(1000157),157,13.06.26 11:45,Prod,A1000157.6981,Tisch 17,115,S1000157.25757,VOID,2,7.9,15.8,0.0,0.0,0.0,0.0,106,Neptun-Ringe,Beilagen,,MwSt. 7%,1.07,14.766355,1.033645,Normalverkauf
S1000157.25758,SP1000157.34.25758,SY1000157.2026.25758,iPad1(1000157),157,13.06.26 11:45,Prod,A1000157.6981,Tisch 17,115,S1000157.25758,VOID,1,3.9,3.9,0.0,0.0,0.0,0.0,124,Cola Zero,Getränke,,MwSt. 19%,1.19,3.277311,0.622689,Normalverkauf
S1000157.25759,SP1000157.34.25759,SY1000157.2026.25759,iPad1(1000157),157,13.06.26 11:45,Prod,A1000157.6981,Tisch 17,115,S1000157.25759,VOID,2,2.8,5.6,0.0,0.0,0.0,0.0,121,Mineralwasser,Getränke,,MwSt. 19%,1.19,4.705882,0.894118,Normalverkauf
S1000157.25760,SP1000157.34.25760,SY1000157.2026.25760,iPad1(1000157),157,13.06.26 18:25,Prod,A1000157.6982,Tisch 6,118,S1000157.25760,SALE,1,3.9,3.9,0.0,0.0,0.0,0.0,124,Cola Zero,Getränke,,MwSt. 19%,1.19,3.277311,0.622689,Normalverkauf
S1000157.25761,SP1000157.34.25761,SY1000157.2026.25761,iPad1(1000157),157,13.06.26 18:25,Prod,A1000157.6982,Tisch 6,118,S1000157.25761,SALE,1,6.5,6.5,0.0,0.0,0.0,0.0,100,Fischbrötchen Backfisch,Hauptspeisen,,MwSt. 7%,1.07,6.074766,0.425234,Normalverkauf
S1000157.25762,SP1000157.34.25762,SY1000157.2026.25762,iPad1(1000157),157,13.06.26 16:47,Prod,A1000157.6983,Tisch 7,118,S1000157.25762,SALE,2,2.8,5.6,0.0,0.0,0.0,0.0,121,Mineralwasser,Getränke,,MwSt. 19%,1.19,4.705882,0.894118,Normalverkauf
S1000157.25763,SP1000157.34.25763,SY1000157.2026.25763,iPad1(1000157),157,13.06.26 20:13,Prod,A1000157.6984,Tisch 16,117,S1000157.25763,VOID,2,7.9,15.8,0.0,0.0,0.0,0.0,115,Tiramisu,Desserts,,MwSt. 7%,1.07,14.766355,1.033645,Normalverkauf
S1000157.25764,SP1000157.34.25764,SY1000157.2026.25764,iPad1(1000157),157,13.06.26 13:39,Prod,A1000157.6985,Tisch 19,118,S1000157.25764,SALE,2,4.2,8.4,0.0,0.0,0.0,0.0,122,Bier,Getränke,,MwSt. 19%,1.19,7.058824,1.341176,Normalverkauf
S1000157.25765,SP1000157.34.25765,SY1000157.2026.25765,iPad1(1000157),157,13.06.26 13:39,Prod,A1000157.6985,Tisch 19,118,S1000157.25765,SALE,2,10.9,21.8,0.0,0.0,0.0,0.0,104,Thunfisch Wrap,Hauptgerichte,,MwSt. 7%,1.07,20.373832,1.426168,Normalverkauf
S1000157.25766,SP1000157.34.25766,SY1000157.2026.25766,iPad1(1000157),157,13.06.26 12:32,Prod,A1000157.6986,Tisch 18,115,S1000157.25766,SALE,2,10.9,21.8,0.0,0.0,0.0,0.0,109,Bismarck-Baguette,Hauptgerichte,,MwSt. 7%,1.07,20.373832,1.426168,Normalverkauf
S1000157.25767,SP1000157.34.25767,SY1000157.2026.25767,iPad1(1000157),157,13.06.26 11:20,Prod,A1000157.6987,Tisch 7,117,S1000157.25767,SALE,2,3.9,7.8,0.0,0.0,0.0,0.0,119,Cola,Getränke,,MwSt. 19%,1.19,6.554622,1.245378,Normalverkauf
S1000157.25768,SP1000157.34.25768,SY1000157.2026.25768,iPad1(1000157),157,13.06.26 11:20,Prod,A1000157.6987,Tisch 7,117,S1000157.25768,SALE,1,9.8,9.8,0.0,0.0,0.0,0.0,108,Seelachs-Ei-Baugette,Hauptgerichte,,MwSt. 7%,1.07,9.158879,0.641121,Normalverkauf
S1000157.25769,SP1000157.34.25769,SY1000157.2026.25769,iPad1(1000157),157,13.06.26 09:16,Prod,A1000157.6988,,120,S1000157.25769,SALE,2,10.9,21.8,0.0,0.0,0.0,0.0,109,Bismarck-Baguette,Hauptgerichte,,MwSt. 7%,1.07,20.373832,1.426168,Normalverkauf
S1000157.25770,SP1000157.34.25770,SY1000157.2026.25770,iPad1(1000157),157,13.06.26 17:12,Prod,A1000157.6989,Tisch 21,117,S1000157.25770,SALE,1,3.9,3.9,0.0,0.0,0.0,0.0,119,Cola,Getränke,,MwSt. 19%,1.19,3.277311,0.622689,Normalverkauf
S1000157.25771,SP1000157.34.25771,SY1000157.2026.25771,iPad1(1000157),157,13.06.26 17:12,Prod,A1000157.6989,Tisch 21,117,S1000157.25771,SALE,1,2.8,2.8,0.0,0.0,0.0,0.0,121,Mineralwasser,Getränke,,MwSt. 19%,1.19,2.352941,0.447059,Normalverkauf
S1000157.25772,SP1000157.34.25772,SY1000157.2026.25772,iPad1(1000157),157,13.06.26 17:12,Prod,A1000157.6989,Tisch 21,117,S1000157.25772,SALE,2,10.9,21.8,0.0,0.0,0.0,0.0,107,Chicken Burger,Hauptgerichte,,MwSt. 7%,1.07,20.373832,1.426168,Normalverkauf
S1000157.25773,SP1000157.34.25773,SY1000157.2026.25773,iPad1(1000157),157,13.06.26 11:43,Prod,A1000157.6990,Tisch 9,108,S1000157.25773,SALE,2,5.9,11.8,0.0,0.0,0.0,0.0,125,Zitronen-Limonade,Getränke,,MwSt. 19%,1.19,9.915966,1.884034,Normalverkauf
S1000157.25774,SP1000157.34.25774,SY1000157.2026.25774,iPad1(1000157),157,13.06.26 11:43,Prod,A1000157.6990,Tisch 9,108,S1000157.25774,SALE,1,3.9,3.9,0.0,0.0,0.0,0.0,119,Cola,Getränke,,MwSt. 19%,1.19,3.277311,0.622689,Normalverkauf
S1000157.25775,SP1000157.34.25775,SY1000157.2026.25775,iPad1(1000157),157,13.06.26 19:54,Prod,A1000157.6991,Tisch 21,104,S1000157.25775,SALE,1,6.9,6.9,0.0,0.0,0.0,0.0,103,Fischbrötchen Räucherlachs,Hauptspeisen,,MwSt. 7%,1.07,6.448598,0.451402,Normalverkauf
S1000157.25776,SP1000157.34.25776,SY1000157.2026.25776,iPad1(1000157),157,13.06.26 19:54,Prod,A1000157.6991,Tisch 21,104,S1000157.25776,SALE,2,14.5,29.0,0.0,0.0,0.0,0.0,101,Lachs,Hauptspeisen,,MwSt. 7%,1.07,27.102804,1.897196,Normalverkauf
S1000157.25777,SP1000157.34.25777,SY1000157.2026.25777,iPad1(1000157),157,13.06.26 19:54,Prod,A1000157.6991,Tisch 21,104,S1000157.25777,SALE,2,10.9,21.8,0.0,0.0,0.0,0.0,104,Thunfisch Wrap,Hauptgerichte,,MwSt. 7%,1.07,20.373832,1.426168,Normalverkauf
S1000157.25778,SP1000157.34.25778,SY1000157.2026.25778,iPad1(1000157),157,13.06.26 10:10,Prod,A1000157.6992,Tisch 9,108,S1000157.25778,SALE,1,7.9,7.9,0.0,0.0,0.0,0.0,115,Tiramisu,Desserts,,MwSt. 7%,1.07,7.383178,0.516822,Normalverkauf
S1000157.25779,SP1000157.34.25779,SY1000157.2026.25779,iPad1(1000157),157,13.06.26 10:10,Prod,A1000157.6992,Tisch 9,108,S1000157.25779,SALE,2,4.2,8.4,0.0,0.0,0.0,0.0,122,Bier,Getränke,,MwSt. 19%,1.19,7.058824,1.341176,Normalverkauf
S1000157.25780,SP1000157.34.25780,SY1000157.2026.25780,iPad1(1000157),157,13.06.26 20:44,Prod,A1000157.6993,Tisch 13,101,S1000157.25780,SALE,2,5.9,11.8,0.0,0.0,0.0,0.0,117,Rote Grütze,Desserts,,MwSt. 7%,1.07,11.028037,0.771963,Normalverkauf
S1000157.25781,SP1000157.34.25781,SY1000157.2026.25781,iPad1(1000157),157,13.06.26 15:21,Prod,A1000157.6994,Tisch 18,117,S1000157.25781,SALE,2,10.9,21.8,0.0,0.0,0.0,0.0,107,Chicken Burger,Hauptgerichte,,MwSt. 7%,1.07,20.373832,1.426168,Normalverkauf
S1000157.25782,SP1000157.34.25782,SY1000157.2026.25782,iPad1(1000157),157,13.06.26 15:21,Prod,A1000157.6994,Tisch 18,117,S1000157.25782,SALE,1,4.2,4.2,0.0,0.0,0.0,0.0,122,Bier,Getränke,,MwSt. 19%,1.19,3.529412,0.670588,Normalverkauf
S1000157.25783,SP1000157.34.25783,SY1000157.2026.25783,iPad1(1000157),157,13.06.26 15:21,Prod,A1000157.6994,Tisch 18,117,S1000157.25783,SALE,1,14.5,14.5,0.0,0.0,0.0,0.0,101,Lachs,Hauptspeisen,,MwSt. 7%,1.07,13.551402,0.948598,Normalverkauf
S1000157.25784,SP1000157.34.25784,SY1000157.2026.25784,iPad1(1000157),157,13.06.26 10:52,Prod,A1000157.6995,Tisch 13,118,S1000157.25784,SALE,1,10.9,10.9,0.0,0.0,0.0,0.0,104,Thunfisch Wrap,Hauptgerichte,,MwSt. 7%,1.07,10.186916,0.713084,Normalverkauf
S1000157.25785,SP1000157.34.25785,SY1000157.2026.25785,iPad1(1000157),157,13.06.26 10:52,Prod,A1000157.6995,Tisch 13,118,S1000157.25785,SALE,2,9.8,19.6,0.0,0.0,0.0,0.0,108,Seelachs-Ei-Baugette,Hauptgerichte,,MwSt. 7%,1.07,18.317757,1.282243,Normalverkauf
S1000157.25786,SP1000157.34.25786,SY1000157.2026.25786,iPad1(1000157),157,13.06.26 11:35,Prod,A1000157.6996,Tisch 17,115,S1000157.25786,VOID,1,6.9,6.9,0.0,0.0,0.0,0.0,103,Fischbrötchen Räucherlachs,Hauptspeisen,,MwSt. 7%,1.07,6.448598,0.451402,Normalverkauf
S1000157.25787,SP1000157.34.25787,SY1000157.2026.25787,iPad1(1000157),157,13.06.26 18:53,Prod,A1000157.6997,Tisch 23,120,S1000157.25787,SALE,2,3.2,6.4,0.0,0.0,0.0,0.0,120,Apfelschorle,Getränke,,MwSt. 19%,1.19,5.378151,1.021849,Normalverkauf
S1000157.25788,SP1000157.34.25788,SY1000157.2026.25788,iPad1(1000157),157,13.06.26 18:53,Prod,A1000157.6997,Tisch 23,120,S1000157.25788,SALE,2,3.9,7.8,0.0,0.0,0.0,0.0,127,Alkoholfreies Bier,Getränke,,MwSt. 19%,1.19,6.554622,1.245378,Normalverkauf
S1000157.25789,SP1000157.34.25789,SY1000157.2026.25789,iPad1(1000157),157,13.06.26 10:16,Prod,A1000157.6998,Tisch 17,104,S1000157.25789,SALE,2,6.9,13.8,0.0,0.0,0.0,0.0,103,Fischbrötchen Räucherlachs,Hauptspeisen,,MwSt. 7%,1.07,12.897196,0.902804,Normalverkauf
S1000157.25790,SP1000157.34.25790,SY1000157.2026.25790,iPad1(1000157),157,13.06.26 10:16,Prod,A1000157.6998,Tisch 17,104,S1000157.25790,SALE,1,5.9,5.9,0.0,0.0,0.0,0.0,123,Inger-Limonade,Getränke,,MwSt. 19%,1.19,4.957983,0.942017,Normalverkauf
S1000157.25791,SP1000157.34.25791,SY1000157.2026.25791,iPad1(1000157),157,13.06.26 10:16,Prod,A1000157.6998,Tisch 17,104,S1000157.25791,SALE,2,7.9,15.8,0.0,0.0,0.0,0.0,115,Tiramisu,Desserts,,MwSt. 7%,1.07,14.766355,1.033645,Normalverkauf
S1000157.25792,SP1000157.34.25792,SY1000157.2026.25792,iPad1(1000157),157,13.06.26 11:01,Prod,A1000157.6999,Tisch 14,115,S1000157.25792,SALE,2,4.9,9.8,0.0,0.0,0.0,0.0,112,Kartoffelwedges,Beilagen,,MwSt. 7%,1.07,9.158879,0.641121,Normalverkauf
S1000157.25793,SP1000157.34.25793,SY1000157.2026.25793,iPad1(1000157),157,13.06.26 17:31,Prod,A1000157.7000,Tisch 17,118,S1000157.25793,SALE,2,6.9,13.8,0.0,0.0,0.0,0.0,103,Fischbrötchen Räucherlachs,Hauptspeisen,,MwSt. 7%,1.07,12.897196,0.902804,Normalverkauf
S1000157.25794,SP1000157.34.25794,SY1000157.2026.25794,iPad1(1000157),157,13.06.26 17:31,Prod,A1000157.7000,Tisch 17,118,S1000157.25794,SALE,1,11.5,11.5,0.0,0.0,0.0,0.0,105,Garnelen-Kimchi-Bruger,Hauptgerichte,,MwSt. 7%,1.07,10.747664,0.752336,Normalverkauf
S1000157.25795,SP1000157.34.25795,SY1000157.2026.25795,iPad1(1000157),157,13.06.26 17:31,Prod,A1000157.7000,Tisch 17,118,S1000157.25795,SALE,1,10.9,10.9,0.0,0.0,0.0,0.0,104,Thunfisch Wrap,Hauptgerichte,,MwSt. 7%,1.07,10.186916,0.713084,Normalverkauf
S1000157.25796,SP1000157.34.25796,SY1000157.2026.25796,iPad1(1000157),157,13.06.26 19:51,Prod,A1000157.7001,Tisch 1,108,S1000157.25796,SALE,2,10.9,21.8,0.0,0.0,0.0,0.0,109,Bismarck-Baguette,Hauptgerichte,,MwSt. 7%,1.07,20.373832,1.426168,Normalverkauf
S1000157.25797,SP1000157.34.25797,SY1000157.2026.25797,iPad1(1000157),157,13.06.26 19:51,Prod,A1000157.7001,Tisch 1,108,S1000157.25797,SALE,2,4.2,8.4,0.0,0.0,0.0,0.0,122,Bier,Getränke,,MwSt. 19%,1.19,7.058824,1.341176,Normalverkauf
S1000157.25798,SP1000157.34.25798,SY1000157.2026.25798,iPad1(1000157),157,13.06.26 19:51,Prod,A1000157.7001,Tisch 1,108,S1000157.25798,SALE,1,10.9,10.9,0.0,0.0,0.0,0.0,109,Bismarck-Baguette,Hauptgerichte,,MwSt. 7%,1.07,10.186916,0.713084,Normalverkauf
S1000157.25799,SP1000157.34.25799,SY1000157.2026.25799,iPad1(1000157),157,13.06.26 20:30,Prod,A1000157.7002,Tisch 4,104,S1000157.25799,SALE,2,5.9,11.8,0.0,0.0,0.0,0.0,117,Rote Grütze,Desserts,,MwSt. 7%,1.07,11.028037,0.771963,Normalverkauf
S1000157.25800,SP1000157.34.25800,SY1000157.2026.25800,iPad1(1000157),157,13.06.26 20:30,Prod,A1000157.7002,Tisch 4,104,S1000157.25800,SALE,2,6.5,13.0,0.0,0.0,0.0,0.0,100,Fischbrötchen Backfisch,Hauptspeisen,,MwSt. 7%,1.07,12.149533,0.850467,Normalverkauf
S1000157.25801,SP1000157.34.25801,SY1000157.2026.25801,iPad1(1000157),157,13.06.26 20:30,Prod,A1000157.7002,Tisch 4,104,S1000157.25801,SALE,1,2.8,2.8,0.0,0.0,0.0,0.0,121,Mineralwasser,Getränke,,MwSt. 19%,1.19,2.352941,0.447059,Normalverkauf
S1000157.25802,SP1000157.34.25802,SY1000157.2026.25802,iPad1(1000157),157,13.06.26 17:09,Prod,A1000157.7003,Tisch 3,118,S1000157.25802,SALE,2,7.9,15.8,0.0,0.0,0.0,0.0,106,Neptun-Ringe,Beilagen,,MwSt. 7%,1.07,14.766355,1.033645,Normalverkauf
S1000157.25803,SP1000157.34.25803,SY1000157.2026.25803,iPad1(1000157),157,13.06.26 17:09,Prod,A1000157.7003,Tisch 3,118,S1000157.25803,SALE,2,10.9,21.8,0.0,0.0,0.0,0.0,104,Thunfisch Wrap,Hauptgerichte,,MwSt. 7%,1.07,20.373832,1.426168,Normalverkauf
S1000157.25804,SP1000157.34.25804,SY1000157.2026.25804,iPad1(1000157),157,13.06.26 17:09,Prod,A1000157.7003,Tisch 3,118,S1000157.25804,SALE,2,11.5,23.0,0.0,0.0,0.0,0.0,105,Garnelen-Kimchi-Bruger,Hauptgerichte,,MwSt. 7%,1.07,21.495327,1.504673,Normalverkauf
S1000157.25805,SP1000157.34.25805,SY1000157.2026.25805,iPad1(1000157),157,13.06.26 20:48,Prod,A1000157.7004,Tisch 8,108,S1000157.25805,SALE,1,10.9,10.9,0.0,0.0,0.0,0.0,107,Chicken Burger,Hauptgerichte,,MwSt. 7%,1.07,10.186916,0.713084,Normalverkauf
S1000157.25806,SP1000157.34.25806,SY1000157.2026.25806,iPad1(1000157),157,13.06.26 20:48,Prod,A1000157.7004,Tisch 8,108,S1000157.25806,SALE,2,3.9,7.8,0.0,0.0,0.0,0.0,119,Cola,Getränke,,MwSt. 19%,1.19,6.554622,1.245378,Normalverkauf
S1000157.25807,SP1000157.34.25807,SY1000157.2026.25807,iPad1(1000157),157,13.06.26 20:48,Prod,A1000157.7004,Tisch 8,108,S1000157.25807,SALE,2,5.9,11.8,0.0,0.0,0.0,0.0,117,Rote Grütze,Desserts,,MwSt. 7%,1.07,11.028037,0.771963,Normalverkauf
S1000157.25808,SP1000157.34.25808,SY1000157.2026.25808,iPad1(1000157),157,13.06.26 11:55,Prod,A1000157.7005,Tisch 9,117,S1000157.25808,VOID,1,11.5,11.5,0.0,0.0,0.0,0.0,105,Garnelen-Kimchi-Bruger,Hauptgerichte,,MwSt. 7%,1.07,10.747664,0.752336,Normalverkauf
S1000157.25809,SP1000157.34.25809,SY1000157.2026.25809,iPad1(1000157),157,13.06.26 11:55,Prod,A1000157.7005,Tisch 9,117,S1000157.25809,VOID,2,3.9,7.8,0.0,0.0,0.0,0.0,126,Spezi,Getränke,,MwSt. 19%,1.19,6.554622,1.245378,Normalverkauf
S1000157.25810,SP1000157.34.25810,SY1000157.2026.25810,iPad1(1000157),157,13.06.26 11:55,Prod,A1000157.7005,Tisch 9,117,S1000157.25810,VOID,1,5.9,5.9,0.0,0.0,0.0,0.0,117,Rote Grütze,Desserts,,MwSt. 7%,1.07,5.514019,0.385981,Normalverkauf
S1000157.25811,SP1000157.34.25811,SY1000157.2026.25811,iPad1(1000157),157,13.06.26 18:32,Prod,A1000157.7006,Tisch 23,104,S1000157.25811,SALE,1,7.9,7.9,0.0,0.0,0.0,0.0,115,Tiramisu,Desserts,,MwSt. 7%,1.07,7.383178,0.516822,Normalverkauf
S1000157.25812,SP1000157.34.25812,SY1000157.2026.25812,iPad1(1000157),157,13.06.26 18:32,Prod,A1000157.7006,Tisch 23,104,S1000157.25812,SALE,2,9.8,19.6,0.0,0.0,0.0,0.0,108,Seelachs-Ei-Baugette,Hauptgerichte,,MwSt. 7%,1.07,18.317757,1.282243,Normalverkauf
S1000157.25813,SP1000157.34.25813,SY1000157.2026.25813,iPad1(1000157),157,13.06.26 18:32,Prod,A1000157.7006,Tisch 23,104,S1000157.25813,SALE,2,11.9,23.8,0.0,0.0,0.0,0.0,110,Matjes-Baguette,Hauptgerichte,,MwSt. 7%,1.07,22.242991,1.557009,Normalverkauf
S1000157.25814,SP1000157.34.25814,SY1000157.2026.25814,iPad1(1000157),157,13.06.26 18:36,Prod,A1000157.7007,,104,S1000157.25814,SALE,2,6.9,13.8,0.0,0.0,0.0,0.0,103,Fischbrötchen Räucherlachs,Hauptspeisen,,MwSt. 7%,1.07,12.897196,0.902804,Normalverkauf
S1000157.25815,SP1000157.34.25815,SY1000157.2026.25815,iPad1(1000157),157,13.06.26 18:36,Prod,A1000157.7007,,104,S1000157.25815,SALE,2,6.9,13.8,0.0,0.0,0.0,0.0,103,Fischbrötchen Räucherlachs,Hauptspeisen,,MwSt. 7%,1.07,12.897196,0.902804,Normalverkauf
S1000157.25816,SP1000157.34.25816,SY1000157.2026.25816,iPad1(1000157),157,13.06.26 12:14,Prod,A1000157.7008,Tisch 12,118,S1000157.25816,SALE,2,3.9,7.8,0.0,0.0,0.0,0.0,127,Alkoholfreies Bier,Getränke,,MwSt. 19%,1.19,6.554622,1.245378,Normalverkauf
S1000157.25817,SP1000157.34.25817,SY1000157.2026.25817,iPad1(1000157),157,13.06.26 12:14,Prod,A1000157.7008,Tisch 12,118,S1000157.25817,SALE,2,5.9,11.8,0.0,0.0,0.0,0.0,117,Rote Grütze,Desserts,,MwSt. 7%,1.07,11.028037,0.771963,Normalverkauf
S1000157.25818,SP1000157.34.25818,SY1000157.2026.25818,iPad1(1000157),157,13.06.26 12:14,Prod,A1000157.7008,Tisch 12,118,S1000157.25818,SALE,2,5.5,11.0,0.0,0.0,0.0,0.0,111,Pommes Frites,Beilagen,,MwSt. 7%,1.07,10.280374,0.719626,Normalverkauf
S1000157.25819,SP1000157.34.25819,SY1000157.2026.25819,iPad1(1000157),157,13.06.26 16:08,Prod,A1000157.7009,Tisch 21,115,S1000157.25819,VOID,1,11.9,11.9,0.0,0.0,0.0,0.0,110,Matjes-Baguette,Hauptgerichte,,MwSt. 7%,1.07,11.121495,0.778505,Normalverkauf
S1000157.25820,SP1000157.34.25820,SY1000157.2026.25820,iPad1(1000157),157,13.06.26 20:16,Prod,A1000157.7010,Tisch 6,115,S1000157.25820,SALE,1,2.8,2.8,0.0,0.0,0.0,0.0,121,Mineralwasser,Getränke,,MwSt. 19%,1.19,2.352941,0.447059,Normalverkauf
S1000157.25821,SP1000157.34.25821,SY1000157.2026.25821,iPad1(1000157),157,13.06.26 20:33,Prod,A1000157.7011,Tisch 23,104,S1000157.25821,SALE,2,13.5,27.0,0.0,0.0,0.0,0.0,102,Matjes,Hauptspeisen,,MwSt. 7%,1.07,25.233645,1.766355,Normalverkauf
S1000157.25822,SP1000157.34.25822,SY1000157.2026.25822,iPad1(1000157),157,13.06.26 20:33,Prod,A1000157.7011,Tisch 23,104,S1000157.25822,SALE,2,10.9,21.8,0.0,0.0,0.0,0.0,107,Chicken Burger,Hauptgerichte,,MwSt. 7%,1.07,20.373832,1.426168,Normalverkauf
S1000157.25823,SP1000157.34.25823,SY1000157.2026.25823,iPad1(1000157),157,13.06.26 20:33,Prod,A1000157.7011,Tisch 23,104,S1000157.25823,SALE,2,3.9,7.8,0.0,0.0,0.0,0.0,127,Alkoholfreies Bier,Getränke,,MwSt. 19%,1.19,6.554622,1.245378,Normalverkauf
S1000157.25824,SP1000157.34.25824,SY1000157.2026.25824,iPad1(1000157),157,13.06.26 19:27,Prod,A1000157.7012,Tisch 20,101,S1000157.25824,SALE,1,5.5,5.5,0.0,0.0,0.0,0.0,111,Pommes Frites,Beilagen,,MwSt. 7%,1.07,5.140187,0.359813,Normalverkauf
S1000157.25825,SP1000157.34.25825,SY1000157.2026.25825,iPad1(1000157),157,13.06.26 19:27,Prod,A1000157.7012,Tisch 20,101,S1000157.25825,SALE,1,4.2,4.2,0.0,0.0,0.0,0.0,122,Bier,Getränke,,MwSt. 19%,1.19,3.529412,0.670588,Normalverkauf
S1000157.25826,SP1000157.34.25826,SY1000157.2026.25826,iPad1(1000157),157,13.06.26 19:27,Prod,A1000157.7012,Tisch 20,101,S1000157.25826,SALE,1,6.5,6.5,0.0,0.0,0.0,0.0,100,Fischbrötchen Backfisch,Hauptspeisen,,MwSt. 7%,1.07,6.074766,0.425234,Normalverkauf
S1000157.25827,SP1000157.34.25827,SY1000157.2026.25827,iPad1(1000157),157,14.06.26 10:03,Prod,A1000157.7013,Tisch 19,104,S1000157.25827,SALE,2,10.9,21.8,0.0,0.0,0.0,0.0,109,Bismarck-Baguette,Hauptgerichte,,MwSt. 7%,1.07,20.373832,1.426168,Normalverkauf
S1000157.25828,SP1000157.34.25828,SY1000157.2026.25828,iPad1(1000157),157,14.06.26 08:12,Prod,A1000157.7014,Tisch 5,104,S1000157.25828,SALE,1,3.2,3.2,0.0,0.0,0.0,0.0,120,Apfelschorle,Getränke,,MwSt. 19%,1.19,2.689076,0.510924,Normalverkauf
S1000157.25829,SP1000157.34.25829,SY1000157.2026.25829,iPad1(1000157),157,14.06.26 20:52,Prod,A1000157.7015,Tisch 5,118,S1000157.25829,SALE,1,10.9,10.9,0.0,0.0,0.0,0.0,107,Chicken Burger,Hauptgerichte,,MwSt. 7%,1.07,10.186916,0.713084,Normalverkauf
S1000157.25830,SP1000157.34.25830,SY1000157.2026.25830,iPad1(1000157),157,14.06.26 20:52,Prod,A1000157.7015,Tisch 5,118,S1000157.25830,SALE,2,11.9,23.8,0.0,0.0,0.0,0.0,110,Matjes-Baguette,Hauptgerichte,,MwSt. 7%,1.07,22.242991,1.557009,Normalverkauf
S1000157.25831,SP1000157.34.25831,SY1000157.2026.25831,iPad1(1000157),157,14.06.26 20:52,Prod,A1000157.7015,Tisch 5,118,S1000157.25831,SALE,2,10.9,21.8,0.0,0.0,0.0,0.0,109,Bismarck-Baguette,Hauptgerichte,,MwSt. 7%,1.07,20.373832,1.426168,Normalverkauf
S1000157.25832,SP1000157.34.25832,SY1000157.2026.25832,iPad1(1000157),157,14.06.26 13:19,Prod,A1000157.7016,Tisch 21,120,S1000157.25832,SALE,2,2.8,5.6,0.0,0.0,0.0,0.0,121,Mineralwasser,Getränke,,MwSt. 19%,1.19,4.705882,0.894118,Normalverkauf
S1000157.25833,SP1000157.34.25833,SY1000157.2026.25833,iPad1(1000157),157,14.06.26 15:34,Prod,A1000157.7017,Tisch 24,104,S1000157.25833,SALE,1,11.9,11.9,0.0,0.0,0.0,0.0,110,Matjes-Baguette,Hauptgerichte,,MwSt. 7%,1.07,11.121495,0.778505,Normalverkauf
S1000157.25834,SP1000157.34.25834,SY1000157.2026.25834,iPad1(1000157),157,14.06.26 11:36,Prod,A1000157.7018,Tisch 4,104,S1000157.25834,SALE,2,3.9,7.8,0.0,0.0,0.0,0.0,126,Spezi,Getränke,,MwSt. 19%,1.19,6.554622,1.245378,Normalverkauf
S1000157.25835,SP1000157.34.25835,SY1000157.2026.25835,iPad1(1000157),157,14.06.26 11:36,Prod,A1000157.7018,Tisch 4,104,S1000157.25835,SALE,2,5.9,11.8,0.0,0.0,0.0,0.0,125,Zitronen-Limonade,Getränke,,MwSt. 19%,1.19,9.915966,1.884034,Normalverkauf
S1000157.25836,SP1000157.34.25836,SY1000157.2026.25836,iPad1(1000157),157,14.06.26 16:48,Prod,A1000157.7019,Tisch 20,120,S1000157.25836,SALE,2,3.9,7.8,0.0,0.0,0.0,0.0,119,Cola,Getränke,,MwSt. 19%,1.19,6.554622,1.245378,Normalverkauf
S1000157.25837,SP1000157.34.25837,SY1000157.2026.25837,iPad1(1000157),157,14.06.26 16:48,Prod,A1000157.7019,Tisch 20,120,S1000157.25837,SALE,1,4.9,4.9,0.0,0.0,0.0,0.0,112,Kartoffelwedges,Beilagen,,MwSt. 7%,1.07,4.579439,0.320561,Normalverkauf
S1000157.25838,SP1000157.34.25838,SY1000157.2026.25838,iPad1(1000157),157,14.06.26 16:48,Prod,A1000157.7019,Tisch 20,120,S1000157.25838,SALE,1,10.9,10.9,0.0,0.0,0.0,0.0,107,Chicken Burger,Hauptgerichte,,MwSt. 7%,1.07,10.186916,0.713084,Normalverkauf
S1000157.25839,SP1000157.34.25839,SY1000157.2026.25839,iPad1(1000157),157,14.06.26 11:56,Prod,A1000157.7020,Tisch 15,120,S1000157.25839,SALE,2,7.9,15.8,0.0,0.0,0.0,0.0,106,Neptun-Ringe,Beilagen,,MwSt. 7%,1.07,14.766355,1.033645,Normalverkauf
S1000157.25840,SP1000157.34.25840,SY1000157.2026.25840,iPad1(1000157),157,14.06.26 11:56,Prod,A1000157.7020,Tisch 15,120,S1000157.25840,SALE,2,7.9,15.8,0.0,0.0,0.0,0.0,106,Neptun-Ringe,Beilagen,,MwSt. 7%,1.07,14.766355,1.033645,Normalverkauf
S1000157.25841,SP1000157.34.25841,SY1000157.2026.25841,iPad1(1000157),157,14.06.26 18:48,Prod,A1000157.7021,Tisch 3,115,S1000157.25841,SALE,1,10.9,10.9,0.0,0.0,0.0,0.0,109,Bismarck-Baguette,Hauptgerichte,,MwSt. 7%,1.07,10.186916,0.713084,Normalverkauf
S1000157.25842,SP1000157.34.25842,SY1000157.2026.25842,iPad1(1000157),157,14.06.26 12:18,Prod,A1000157.7022,Tisch 22,115,S1000157.25842,SALE,2,4.9,9.8,0.0,0.0,0.0,0.0,112,Kartoffelwedges,Beilagen,,MwSt. 7%,1.07,9.158879,0.641121,Normalverkauf
S1000157.25843,SP1000157.34.25843,SY1000157.2026.25843,iPad1(1000157),157,14.06.26 12:18,Prod,A1000157.7022,Tisch 22,115,S1000157.25843,SALE,2,9.8,19.6,0.0,0.0,0.0,0.0,108,Seelachs-Ei-Baugette,Hauptgerichte,,MwSt. 7%,1.07,18.317757,1.282243,Normalverkauf
S1000157.25844,SP1000157.34.25844,SY1000157.2026.25844,iPad1(1000157),157,14.06.26 11:42,Prod,A1000157.7023,Tisch 20,108,S1000157.25844,SALE,1,6.5,6.5,0.0,0.0,0.0,0.0,100,Fischbrötchen Backfisch,Hauptspeisen,,MwSt. 7%,1.07,6.074766,0.425234,Normalverkauf
S1000157.25845,SP1000157.34.25845,SY1000157.2026.25845,iPad1(1000157),157,14.06.26 11:42,Prod,A1000157.7023,Tisch 20,108,S1000157.25845,SALE,1,10.9,10.9,0.0,0.0,0.0,0.0,109,Bismarck-Baguette,Hauptgerichte,,MwSt. 7%,1.07,10.186916,0.713084,Normalverkauf
S1000157.25846,SP1000157.34.25846,SY1000157.2026.25846,iPad1(1000157),157,14.06.26 11:42,Prod,A1000157.7023,Tisch 20,108,S1000157.25846,SALE,2,14.5,29.0,0.0,0.0,0.0,0.0,101,Lachs,Hauptspeisen,,MwSt. 7%,1.07,27.102804,1.897196,Normalverkauf
S1000157.25847,SP1000157.34.25847,SY1000157.2026.25847,iPad1(1000157),157,14.06.26 15:50,Prod,A1000157.7024,,104,S1000157.25847,SALE,1,2.8,2.8,0.0,0.0,0.0,0.0,121,Mineralwasser,Getränke,,MwSt. 19%,1.19,2.352941,0.447059,Normalverkauf
S1000157.25848,SP1000157.34.25848,SY1000157.2026.25848,iPad1(1000157),157,14.06.26 15:50,Prod,A1000157.7024,,104,S1000157.25848,SALE,2,4.2,8.4,0.0,0.0,0.0,0.0,122,Bier,Getränke,,MwSt. 19%,1.19,7.058824,1.341176,Normalverkauf
S1000157.25849,SP1000157.34.25849,SY1000157.2026.25849,iPad1(1000157),157,14.06.26 15:50,Prod,A1000157.7024,,104,S1000157.25849,SALE,2,6.5,13.0,0.0,0.0,0.0,0.0,100,Fischbrötchen Backfisch,Hauptspeisen,,MwSt. 7%,1.07,12.149533,0.850467,Normalverkauf
S1000157.25850,SP1000157.34.25850,SY1000157.2026.25850,iPad1(1000157),157,14.06.26 18:37,Prod,A1000157.7025,Tisch 2,108,S1000157.25850,VOID,1,3.9,3.9,0.0,0.0,0.0,0.0,124,Cola Zero,Getränke,,MwSt. 19%,1.19,3.277311,0.622689,Normalverkauf
S1000157.25851,SP1000157.34.25851,SY1000157.2026.25851,iPad1(1000157),157,14.06.26 19:41,Prod,A1000157.7026,Tisch 9,118,S1000157.25851,SALE,1,5.5,5.5,0.0,0.0,0.0,0.0,114,Fisch Nuggets Box,Beilagen,,MwSt. 7%,1.07,5.140187,0.359813,Normalverkauf
S1000157.25852,SP1000157.34.25852,SY1000157.2026.25852,iPad1(1000157),157,14.06.26 19:41,Prod,A1000157.7026,Tisch 9,118,S1000157.25852,SALE,1,3.2,3.2,0.0,0.0,0.0,0.0,120,Apfelschorle,Getränke,,MwSt. 19%,1.19,2.689076,0.510924,Normalverkauf
S1000157.25853,SP1000157.34.25853,SY1000157.2026.25853,iPad1(1000157),157,14.06.26 19:10,Prod,A1000157.7027,Tisch 12,118,S1000157.25853,SALE,1,13.5,13.5,0.0,0.0,0.0,0.0,102,Matjes,Hauptspeisen,,MwSt. 7%,1.07,12.616822,0.883178,Normalverkauf
S1000157.25854,SP1000157.34.25854,SY1000157.2026.25854,iPad1(1000157),157,14.06.26 19:10,Prod,A1000157.7027,Tisch 12,118,S1000157.25854,SALE,1,11.9,11.9,0.0,0.0,0.0,0.0,110,Matjes-Baguette,Hauptgerichte,,MwSt. 7%,1.07,11.121495,0.778505,Normalverkauf
S1000157.25855,SP1000157.34.25855,SY1000157.2026.25855,iPad1(1000157),157,14.06.26 10:25,Prod,A1000157.7028,Tisch 4,118,S1000157.25855,SALE,2,2.8,5.6,0.0,0.0,0.0,0.0,121,Mineralwasser,Getränke,,MwSt. 19%,1.19,4.705882,0.894118,Normalverkauf
S1000157.25856,SP1000157.34.25856,SY1000157.2026.25856,iPad1(1000157),157,14.06.26 10:51,Prod,A1000157.7029,Tisch 10,120,S1000157.25856,SALE,1,6.5,6.5,0.0,0.0,0.0,0.0,100,Fischbrötchen Backfisch,Hauptspeisen,,MwSt. 7%,1.07,6.074766,0.425234,Normalverkauf
S1000157.25857,SP1000157.34.25857,SY1000157.2026.25857,iPad1(1000157),157,14.06.26 10:51,Prod,A1000157.7029,Tisch 10,120,S1000157.25857,SALE,2,6.5,13.0,0.0,0.0,0.0,0.0,100,Fischbrötchen Backfisch,Hauptspeisen,,MwSt. 7%,1.07,12.149533,0.850467,Normalverkauf
S1000157.25858,SP1000157.34.25858,SY1000157.2026.25858,iPad1(1000157),157,14.06.26 18:42,Prod,A1000157.7030,Tisch 4,115,S1000157.25858,SALE,1,6.5,6.5,0.0,0.0,0.0,0.0,100,Fischbrötchen Backfisch,Hauptspeisen,,MwSt. 7%,1.07,6.074766,0.425234,Normalverkauf
S1000157.25859,SP1000157.34.25859,SY1000157.2026.25859,iPad1(1000157),157,14.06.26 18:42,Prod,A1000157.7030,Tisch 4,115,S1000157.25859,SALE,1,7.9,7.9,0.0,0.0,0.0,0.0,115,Tiramisu,Desserts,,MwSt. 7%,1.07,7.383178,0.516822,Normalverkauf
S1000157.25860,SP1000157.34.25860,SY1000157.2026.25860,iPad1(1000157),157,14.06.26 16:00,Prod,A1000157.7031,Tisch 6,104,S1000157.25860,SALE,2,3.9,7.8,0.0,0.0,0.0,0.0,124,Cola Zero,Getränke,,MwSt. 19%,1.19,6.554622,1.245378,Normalverkauf
S1000157.25861,SP1000157.34.25861,SY1000157.2026.25861,iPad1(1000157),157,14.06.26 10:11,Prod,A1000157.7032,Tisch 4,104,S1000157.25861,SALE,2,3.9,7.8,0.0,0.0,0.0,0.0,119,Cola,Getränke,,MwSt. 19%,1.19,6.554622,1.245378,Normalverkauf
S1000157.25862,SP1000157.34.25862,SY1000157.2026.25862,iPad1(1000157),157,14.06.26 17:05,Prod,A1000157.7033,Tisch 10,115,S1000157.25862,SALE,2,10.9,21.8,0.0,0.0,0.0,0.0,107,Chicken Burger,Hauptgerichte,,MwSt. 7%,1.07,20.373832,1.426168,Normalverkauf
S1000157.25863,SP1000157.34.25863,SY1000157.2026.25863,iPad1(1000157),157,14.06.26 17:05,Prod,A1000157.7033,Tisch 10,115,S1000157.25863,SALE,1,11.9,11.9,0.0,0.0,0.0,0.0,110,Matjes-Baguette,Hauptgerichte,,MwSt. 7%,1.07,11.121495,0.778505,Normalverkauf
S1000157.25864,SP1000157.34.25864,SY1000157.2026.25864,iPad1(1000157),157,14.06.26 17:05,Prod,A1000157.7033,Tisch 10,115,S1000157.25864,SALE,2,4.9,9.8,0.0,0.0,0.0,0.0,112,Kartoffelwedges,Beilagen,,MwSt. 7%,1.07,9.158879,0.641121,Normalverkauf
S1000157.25865,SP1000157.34.25865,SY1000157.2026.25865,iPad1(1000157),157,14.06.26 18:48,Prod,A1000157.7034,Tisch 23,118,S1000157.25865,SALE,1,2.8,2.8,0.0,0.0,0.0,0.0,121,Mineralwasser,Getränke,,MwSt. 19%,1.19,2.352941,0.447059,Normalverkauf
S1000157.25866,SP1000157.34.25866,SY1000157.2026.25866,iPad1(1000157),157,14.06.26 18:48,Prod,A1000157.7034,Tisch 23,118,S1000157.25866,SALE,1,6.9,6.9,0.0,0.0,0.0,0.0,103,Fischbrötchen Räucherlachs,Hauptspeisen,,MwSt. 7%,1.07,6.448598,0.451402,Normalverkauf
S1000157.25867,SP1000157.34.25867,SY1000157.2026.25867,iPad1(1000157),157,14.06.26 18:48,Prod,A1000157.7034,Tisch 23,118,S1000157.25867,SALE,2,6.5,13.0,0.0,0.0,0.0,0.0,100,Fischbrötchen Backfisch,Hauptspeisen,,MwSt. 7%,1.07,12.149533,0.850467,Normalverkauf
S1000157.25868,SP1000157.34.25868,SY1000157.2026.25868,iPad1(1000157),157,14.06.26 20:58,Prod,A1000157.7035,Tisch 12,108,S1000157.25868,SALE,1,10.9,10.9,0.0,0.0,0.0,0.0,107,Chicken Burger,Hauptgerichte,,MwSt. 7%,1.07,10.186916,0.713084,Normalverkauf
S1000157.25869,SP1000157.34.25869,SY1000157.2026.25869,iPad1(1000157),157,14.06.26 20:58,Prod,A1000157.7035,Tisch 12,108,S1000157.25869,SALE,1,3.9,3.9,0.0,0.0,0.0,0.0,127,Alkoholfreies Bier,Getränke,,MwSt. 19%,1.19,3.277311,0.622689,Normalverkauf
S1000157.25870,SP1000157.34.25870,SY1000157.2026.25870,iPad1(1000157),157,14.06.26 11:20,Prod,A1000157.7036,Tisch 12,115,S1000157.25870,VOID,2,4.2,8.4,0.0,0.0,0.0,0.0,122,Bier,Getränke,,MwSt. 19%,1.19,7.058824,1.341176,Normalverkauf
S1000157.25871,SP1000157.34.25871,SY1000157.2026.25871,iPad1(1000157),157,14.06.26 13:57,Prod,A1000157.7037,Tisch 24,117,S1000157.25871,SALE,2,4.9,9.8,0.0,0.0,0.0,0.0,112,Kartoffelwedges,Beilagen,,MwSt. 7%,1.07,9.158879,0.641121,Normalverkauf
S1000157.25872,SP1000157.34.25872,SY1000157.2026.25872,iPad1(1000157),157,14.06.26 17:08,Prod,A1000157.7038,Tisch 22,104,S1000157.25872,SALE,2,4.2,8.4,0.0,0.0,0.0,0.0,122,Bier,Getränke,,MwSt. 19%,1.19,7.058824,1.341176,Normalverkauf
S1000157.25873,SP1000157.34.25873,SY1000157.2026.25873,iPad1(1000157),157,14.06.26 17:08,Prod,A1000157.7038,Tisch 22,104,S1000157.25873,SALE,1,3.9,3.9,0.0,0.0,0.0,0.0,124,Cola Zero,Getränke,,MwSt. 19%,1.19,3.277311,0.622689,Normalverkauf
S1000157.25874,SP1000157.34.25874,SY1000157.2026.25874,iPad1(1000157),157,14.06.26 19:00,Prod,A1000157.7039,Tisch 4,118,S1000157.25874,SALE,1,2.8,2.8,0.0,0.0,0.0,0.0,121,Mineralwasser,Getränke,,MwSt. 19%,1.19,2.352941,0.447059,Normalverkauf
S1000157.25875,SP1000157.34.25875,SY1000157.2026.25875,iPad1(1000157),157,14.06.26 19:00,Prod,A1000157.7039,Tisch 4,118,S1000157.25875,SALE,2,13.5,27.0,0.0,0.0,0.0,0.0,102,Matjes,Hauptspeisen,,MwSt. 7%,1.07,25.233645,1.766355,Normalverkauf
S1000157.25876,SP1000157.34.25876,SY1000157.2026.25876,iPad1(1000157),157,14.06.26 15:53,Prod,A1000157.7040,Tisch 21,101,S1000157.25876,SALE,2,3.9,7.8,0.0,0.0,0.0,0.0,119,Cola,Getränke,,MwSt. 19%,1.19,6.554622,1.245378,Normalverkauf
S1000157.25877,SP1000157.34.25877,SY1000157.2026.25877,iPad1(1000157),157,14.06.26 15:53,Prod,A1000157.7040,Tisch 21,101,S1000157.25877,SALE,1,4.2,4.2,0.0,0.0,0.0,0.0,122,Bier,Getränke,,MwSt. 19%,1.19,3.529412,0.670588,Normalverkauf
S1000157.25878,SP1000157.34.25878,SY1000157.2026.25878,iPad1(1000157),157,14.06.26 17:44,Prod,A1000157.7041,Tisch 2,104,S1000157.25878,SALE,1,4.2,4.2,0.0,0.0,0.0,0.0,122,Bier,Getränke,,MwSt. 19%,1.19,3.529412,0.670588,Normalverkauf
S1000157.25879,SP1000157.34.25879,SY1000157.2026.25879,iPad1(1000157),157,14.06.26 17:44,Prod,A1000157.7041,Tisch 2,104,S1000157.25879,SALE,2,10.9,21.8,0.0,0.0,0.0,0.0,107,Chicken Burger,Hauptgerichte,,MwSt. 7%,1.07,20.373832,1.426168,Normalverkauf
S1000157.25880,SP1000157.34.25880,SY1000157.2026.25880,iPad1(1000157),157,14.06.26 17:17,Prod,A1000157.7042,Tisch 6,104,S1000157.25880,SALE,1,4.2,4.2,0.0,0.0,0.0,0.0,122,Bier,Getränke,,MwSt. 19%,1.19,3.529412,0.670588,Normalverkauf
S1000157.25881,SP1000157.34.25881,SY1000157.2026.25881,iPad1(1000157),157,14.06.26 08:23,Prod,A1000157.7043,Tisch 9,118,S1000157.25881,SALE,2,3.9,7.8,0.0,0.0,0.0,0.0,119,Cola,Getränke,,MwSt. 19%,1.19,6.554622,1.245378,Normalverkauf
S1000157.25882,SP1000157.34.25882,SY1000157.2026.25882,iPad1(1000157),157,14.06.26 08:23,Prod,A1000157.7043,Tisch 9,118,S1000157.25882,SALE,2,10.9,21.8,0.0,0.0,0.0,0.0,109,Bismarck-Baguette,Hauptgerichte,,MwSt. 7%,1.07,20.373832,1.426168,Normalverkauf
S1000157.25883,SP1000157.34.25883,SY1000157.2026.25883,iPad1(1000157),157,14.06.26 08:23,Prod,A1000157.7043,Tisch 9,118,S1000157.25883,SALE,1,5.5,5.5,0.0,0.0,0.0,0.0,114,Fisch Nuggets Box,Beilagen,,MwSt. 7%,1.07,5.140187,0.359813,Normalverkauf
S1000157.25884,SP1000157.34.25884,SY1000157.2026.25884,iPad1(1000157),157,14.06.26 15:39,Prod,A1000157.7044,Tisch 15,118,S1000157.25884,SALE,2,10.9,21.8,0.0,0.0,0.0,0.0,107,Chicken Burger,Hauptgerichte,,MwSt. 7%,1.07,20.373832,1.426168,Normalverkauf
S1000157.25885,SP1000157.34.25885,SY1000157.2026.25885,iPad1(1000157),157,14.06.26 15:39,Prod,A1000157.7044,Tisch 15,118,S1000157.25885,SALE,2,10.9,21.8,0.0,0.0,0.0,0.0,107,Chicken Burger,Hauptgerichte,,MwSt. 7%,1.07,20.373832,1.426168,Normalverkauf
S1000157.25886,SP1000157.34.25886,SY1000157.2026.25886,iPad1(1000157),157,14.06.26 15:39,Prod,A1000157.7044,Tisch 15,118,S1000157.25886,SALE,2,3.2,6.4,0.0,0.0,0.0,0.0,120,Apfelschorle,Getränke,,MwSt. 19%,1.19,5.378151,1.021849,Normalverkauf
S1000157.25887,SP1000157.34.25887,SY1000157.2026.25887,iPad1(1000157),157,14.06.26 15:58,Prod,A1000157.7045,Tisch 19,108,S1000157.25887,SALE,1,14.5,14.5,0.0,0.0,0.0,0.0,101,Lachs,Hauptspeisen,,MwSt. 7%,1.07,13.551402,0.948598,Normalverkauf
S1000157.25888,SP1000157.34.25888,SY1000157.2026.25888,iPad1(1000157),157,14.06.26 15:58,Prod,A1000157.7045,Tisch 19,108,S1000157.25888,SALE,1,10.9,10.9,0.0,0.0,0.0,0.0,104,Thunfisch Wrap,Hauptgerichte,,MwSt. 7%,1.07,10.186916,0.713084,Normalverkauf
S1000157.25889,SP1000157.34.25889,SY1000157.2026.25889,iPad1(1000157),157,14.06.26 15:58,Prod,A1000157.7045,Tisch 19,108,S1000157.25889,SALE,1,5.9,5.9,0.0,0.0,0.0,0.0,123,Inger-Limonade,Getränke,,MwSt. 19%,1.19,4.957983,0.942017,Normalverkauf
S1000157.25890,SP1000157.34.25890,SY1000157.2026.25890,iPad1(1000157),157,14.06.26 10:15,Prod,A1000157.7046,Tisch 11,104,S1000157.25890,SALE,2,3.9,7.8,0.0,0.0,0.0,0.0,119,Cola,Getränke,,MwSt. 19%,1.19,6.554622,1.245378,Normalverkauf
S1000157.25891,SP1000157.34.25891,SY1000157.2026.25891,iPad1(1000157),157,14.06.26 10:15,Prod,A1000157.7046,Tisch 11,104,S1000157.25891,SALE,2,3.2,6.4,0.0,0.0,0.0,0.0,120,Apfelschorle,Getränke,,MwSt. 19%,1.19,5.378151,1.021849,Normalverkauf
S1000157.25892,SP1000157.34.25892,SY1000157.2026.25892,iPad1(1000157),157,14.06.26 18:00,Prod,A1000157.7047,Tisch 18,117,S1000157.25892,SALE,2,6.9,13.8,0.0,0.0,0.0,0.0,103,Fischbrötchen Räucherlachs,Hauptspeisen,,MwSt. 7%,1.07,12.897196,0.902804,Normalverkauf
S1000157.25893,SP1000157.34.25893,SY1000157.2026.25893,iPad1(1000157),157,14.06.26 18:00,Prod,A1000157.7047,Tisch 18,117,S1000157.25893,SALE,2,4.2,8.4,0.0,0.0,0.0,0.0,122,Bier,Getränke,,MwSt. 19%,1.19,7.058824,1.341176,Normalverkauf
S1000157.25894,SP1000157.34.25894,SY1000157.2026.25894,iPad1(1000157),157,14.06.26 18:00,Prod,A1000157.7047,Tisch 18,117,S1000157.25894,SALE,2,10.9,21.8,0.0,0.0,0.0,0.0,107,Chicken Burger,Hauptgerichte,,MwSt. 7%,1.07,20.373832,1.426168,Normalverkauf
S1000157.25895,SP1000157.34.25895,SY1000157.2026.25895,iPad1(1000157),157,14.06.26 10:49,Prod,A1000157.7048,Tisch 16,104,S1000157.25895,SALE,1,6.5,6.5,0.0,0.0,0.0,0.0,100,Fischbrötchen Backfisch,Hauptspeisen,,MwSt. 7%,1.07,6.074766,0.425234,Normalverkauf
S1000157.25896,SP1000157.34.25896,SY1000157.2026.25896,iPad1(1000157),157,14.06.26 15:05,Prod,A1000157.7049,Tisch 2,115,S1000157.25896,SALE,1,4.2,4.2,0.0,0.0,0.0,0.0,122,Bier,Getränke,,MwSt. 19%,1.19,3.529412,0.670588,Normalverkauf
S1000157.25897,SP1000157.34.25897,SY1000157.2026.25897,iPad1(1000157),157,14.06.26 15:05,Prod,A1000157.7049,Tisch 2,115,S1000157.25897,SALE,2,5.9,11.8,0.0,0.0,0.0,0.0,116,Vanillequark,Desserts,,MwSt. 7%,1.07,11.028037,0.771963,Normalverkauf
S1000157.25898,SP1000157.34.25898,SY1000157.2026.25898,iPad1(1000157),157,14.06.26 15:05,Prod,A1000157.7049,Tisch 2,115,S1000157.25898,SALE,2,6.5,13.0,0.0,0.0,0.0,0.0,100,Fischbrötchen Backfisch,Hauptspeisen,,MwSt. 7%,1.07,12.149533,0.850467,Normalverkauf
S1000157.25899,SP1000157.34.25899,SY1000157.2026.25899,iPad1(1000157),157,14.06.26 17:28,Prod,A1000157.7050,Tisch 24,120,S1000157.25899,SALE,2,4.9,9.8,0.0,0.0,0.0,0.0,112,Kartoffelwedges,Beilagen,,MwSt. 7%,1.07,9.158879,0.641121,Normalverkauf
S1000157.25900,SP1000157.34.25900,SY1000157.2026.25900,iPad1(1000157),157,14.06.26 17:28,Prod,A1000157.7050,Tisch 24,120,S1000157.25900,SALE,1,5.5,5.5,0.0,0.0,0.0,0.0,111,Pommes Frites,Beilagen,,MwSt. 7%,1.07,5.140187,0.359813,Normalverkauf
S1000157.25901,SP1000157.34.25901,SY1000157.2026.25901,iPad1(1000157),157,14.06.26 13:31,Prod,A1000157.7051,Tisch 15,101,S1000157.25901,SALE,1,10.9,10.9,0.0,0.0,0.0,0.0,104,Thunfisch Wrap,Hauptgerichte,,MwSt. 7%,1.07,10.186916,0.713084,Normalverkauf
S1000157.25902,SP1000157.34.25902,SY1000157.2026.25902,iPad1(1000157),157,14.06.26 09:41,Prod,A1000157.7052,Tisch 11,101,S1000157.25902,SALE,1,4.2,4.2,0.0,0.0,0.0,0.0,122,Bier,Getränke,,MwSt. 19%,1.19,3.529412,0.670588,Normalverkauf
S1000157.25903,SP1000157.34.25903,SY1000157.2026.25903,iPad1(1000157),157,14.06.26 09:41,Prod,A1000157.7052,Tisch 11,101,S1000157.25903,SALE,1,5.5,5.5,0.0,0.0,0.0,0.0,114,Fisch Nuggets Box,Beilagen,,MwSt. 7%,1.07,5.140187,0.359813,Normalverkauf
S1000157.25904,SP1000157.34.25904,SY1000157.2026.25904,iPad1(1000157),157,14.06.26 13:08,Prod,A1000157.7053,Tisch 21,101,S1000157.25904,SALE,2,7.9,15.8,0.0,0.0,0.0,0.0,106,Neptun-Ringe,Beilagen,,MwSt. 7%,1.07,14.766355,1.033645,Normalverkauf
S1000157.25905,SP1000157.34.25905,SY1000157.2026.25905,iPad1(1000157),157,14.06.26 12:46,Prod,A1000157.7054,,120,S1000157.25905,SALE,2,10.9,21.8,0.0,0.0,0.0,0.0,104,Thunfisch Wrap,Hauptgerichte,,MwSt. 7%,1.07,20.373832,1.426168,Normalverkauf
S1000157.25906,SP1000157.34.25906,SY1000157.2026.25906,iPad1(1000157),157,14.06.26 12:46,Prod,A1000157.7054,,120,S1000157.25906,SALE,1,11.9,11.9,0.0,0.0,0.0,0.0,110,Matjes-Baguette,Hauptgerichte,,MwSt. 7%,1.07,11.121495,0.778505,Normalverkauf
S1000157.25907,SP1000157.34.25907,SY1000157.2026.25907,iPad1(1000157),157,14.06.26 12:46,Prod,A1000157.7054,,120,S1000157.25907,SALE,1,4.2,4.2,0.0,0.0,0.0,0.0,122,Bier,Getränke,,MwSt. 19%,1.19,3.529412,0.670588,Normalverkauf
S1000157.25908,SP1000157.34.25908,SY1000157.2026.25908,iPad1(1000157),157,14.06.26 17:31,Prod,A1000157.7055,Tisch 1,108,S1000157.25908,SALE,1,4.2,4.2,0.0,0.0,0.0,0.0,122,Bier,Getränke,,MwSt. 19%,1.19,3.529412,0.670588,Normalverkauf
S1000157.25909,SP1000157.34.25909,SY1000157.2026.25909,iPad1(1000157),157,14.06.26 17:31,Prod,A1000157.7055,Tisch 1,108,S1000157.25909,SALE,1,4.2,4.2,0.0,0.0,0.0,0.0,122,Bier,Getränke,,MwSt. 19%,1.19,3.529412,0.670588,Normalverkauf
S1000157.25910,SP1000157.34.25910,SY1000157.2026.25910,iPad1(1000157),157,14.06.26 17:31,Prod,A1000157.7055,Tisch 1,108,S1000157.25910,SALE,2,3.9,7.8,0.0,0.0,0.0,0.0,119,Cola,Getränke,,MwSt. 19%,1.19,6.554622,1.245378,Normalverkauf
S1000157.25911,SP1000157.34.25911,SY1000157.2026.25911,iPad1(1000157),157,14.06.26 19:28,Prod,A1000157.7056,,101,S1000157.25911,VOID,2,6.5,13.0,0.0,0.0,0.0,0.0,118,Schokokuchen,Desserts,,MwSt. 7%,1.07,12.149533,0.850467,Normalverkauf
S1000157.25912,SP1000157.34.25912,SY1000157.2026.25912,iPad1(1000157),157,14.06.26 19:04,Prod,A1000157.7057,Tisch 11,117,S1000157.25912,VOID,2,5.9,11.8,0.0,0.0,0.0,0.0,123,Inger-Limonade,Getränke,,MwSt. 19%,1.19,9.915966,1.884034,Normalverkauf
S1000157.25913,SP1000157.34.25913,SY1000157.2026.25913,iPad1(1000157),157,14.06.26 16:42,Prod,A1000157.7058,Tisch 6,115,S1000157.25913,SALE,1,3.2,3.2,0.0,0.0,0.0,0.0,120,Apfelschorle,Getränke,,MwSt. 19%,1.19,2.689076,0.510924,Normalverkauf
S1000157.25914,SP1000157.34.25914,SY1000157.2026.25914,iPad1(1000157),157,14.06.26 16:42,Prod,A1000157.7058,Tisch 6,115,S1000157.25914,SALE,1,10.9,10.9,0.0,0.0,0.0,0.0,107,Chicken Burger,Hauptgerichte,,MwSt. 7%,1.07,10.186916,0.713084,Normalverkauf
S1000157.25915,SP1000157.34.25915,SY1000157.2026.25915,iPad1(1000157),157,14.06.26 17:46,Prod,A1000157.7059,,118,S1000157.25915,SALE,1,11.5,11.5,0.0,0.0,0.0,0.0,105,Garnelen-Kimchi-Bruger,Hauptgerichte,,MwSt. 7%,1.07,10.747664,0.752336,Normalverkauf
S1000157.25916,SP1000157.34.25916,SY1000157.2026.25916,iPad1(1000157),157,14.06.26 17:46,Prod,A1000157.7059,,118,S1000157.25916,SALE,1,5.9,5.9,0.0,0.0,0.0,0.0,123,Inger-Limonade,Getränke,,MwSt. 19%,1.19,4.957983,0.942017,Normalverkauf
S1000157.25917,SP1000157.34.25917,SY1000157.2026.25917,iPad1(1000157),157,14.06.26 19:36,Prod,A1000157.7060,,104,S1000157.25917,SALE,2,11.5,23.0,0.0,0.0,0.0,0.0,105,Garnelen-Kimchi-Bruger,Hauptgerichte,,MwSt. 7%,1.07,21.495327,1.504673,Normalverkauf
S1000157.25918,SP1000157.34.25918,SY1000157.2026.25918,iPad1(1000157),157,14.06.26 19:36,Prod,A1000157.7060,,104,S1000157.25918,SALE,1,5.5,5.5,0.0,0.0,0.0,0.0,111,Pommes Frites,Beilagen,,MwSt. 7%,1.07,5.140187,0.359813,Normalverkauf
S1000157.25919,SP1000157.34.25919,SY1000157.2026.25919,iPad1(1000157),157,14.06.26 19:36,Prod,A1000157.7060,,104,S1000157.25919,SALE,1,10.9,10.9,0.0,0.0,0.0,0.0,109,Bismarck-Baguette,Hauptgerichte,,MwSt. 7%,1.07,10.186916,0.713084,Normalverkauf
S1000157.25920,SP1000157.34.25920,SY1000157.2026.25920,iPad1(1000157),157,14.06.26 14:14,Prod,A1000157.7061,Tisch 1,120,S1000157.25920,SALE,1,3.9,3.9,0.0,0.0,0.0,0.0,126,Spezi,Getränke,,MwSt. 19%,1.19,3.277311,0.622689,Normalverkauf
S1000157.25921,SP1000157.34.25921,SY1000157.2026.25921,iPad1(1000157),157,14.06.26 14:14,Prod,A1000157.7061,Tisch 1,120,S1000157.25921,SALE,1,10.9,10.9,0.0,0.0,0.0,0.0,107,Chicken Burger,Hauptgerichte,,MwSt. 7%,1.07,10.186916,0.713084,Normalverkauf
S1000157.25922,SP1000157.34.25922,SY1000157.2026.25922,iPad1(1000157),157,14.06.26 19:28,Prod,A1000157.7062,Tisch 11,120,S1000157.25922,SALE,2,6.5,13.0,0.0,0.0,0.0,0.0,100,Fischbrötchen Backfisch,Hauptspeisen,,MwSt. 7%,1.07,12.149533,0.850467,Normalverkauf
S1000157.25923,SP1000157.34.25923,SY1000157.2026.25923,iPad1(1000157),157,14.06.26 19:28,Prod,A1000157.7062,Tisch 11,120,S1000157.25923,SALE,1,9.8,9.8,0.0,0.0,0.0,0.0,108,Seelachs-Ei-Baugette,Hauptgerichte,,MwSt. 7%,1.07,9.158879,0.641121,Normalverkauf
S1000157.25924,SP1000157.34.25924,SY1000157.2026.25924,iPad1(1000157),157,14.06.26 19:28,Prod,A1000157.7062,Tisch 11,120,S1000157.25924,SALE,2,4.2,8.4,0.0,0.0,0.0,0.0,122,Bier,Getränke,,MwSt. 19%,1.19,7.058824,1.341176,Normalverkauf
S1000157.25925,SP1000157.34.25925,SY1000157.2026.25925,iPad1(1000157),157,14.06.26 13:58,Prod,A1000157.7063,Tisch 15,120,S1000157.25925,SALE,2,3.2,6.4,0.0,0.0,0.0,0.0,120,Apfelschorle,Getränke,,MwSt. 19%,1.19,5.378151,1.021849,Normalverkauf
S1000157.25926,SP1000157.34.25926,SY1000157.2026.25926,iPad1(1000157),157,14.06.26 18:00,Prod,A1000157.7064,Tisch 24,108,S1000157.25926,VOID,2,6.5,13.0,0.0,0.0,0.0,0.0,100,Fischbrötchen Backfisch,Hauptspeisen,,MwSt. 7%,1.07,12.149533,0.850467,Normalverkauf
S1000157.25927,SP1000157.34.25927,SY1000157.2026.25927,iPad1(1000157),157,14.06.26 18:00,Prod,A1000157.7064,Tisch 24,108,S1000157.25927,VOID,2,5.9,11.8,0.0,0.0,0.0,0.0,116,Vanillequark,Desserts,,MwSt. 7%,1.07,11.028037,0.771963,Normalverkauf
S1000157.25928,SP1000157.34.25928,SY1000157.2026.25928,iPad1(1000157),157,14.06.26 18:00,Prod,A1000157.7064,Tisch 24,108,S1000157.25928,VOID,2,6.9,13.8,0.0,0.0,0.0,0.0,113,Garnelen Box,Beilagen,,MwSt. 7%,1.07,12.897196,0.902804,Normalverkauf
S1000157.25929,SP1000157.34.25929,SY1000157.2026.25929,iPad1(1000157),157,14.06.26 16:36,Prod,A1000157.7065,Tisch 3,115,S1000157.25929,SALE,1,10.9,10.9,0.0,0.0,0.0,0.0,107,Chicken Burger,Hauptgerichte,,MwSt. 7%,1.07,10.186916,0.713084,Normalverkauf
S1000157.25930,SP1000157.34.25930,SY1000157.2026.25930,iPad1(1000157),157,14.06.26 16:36,Prod,A1000157.7065,Tisch 3,115,S1000157.25930,SALE,2,6.5,13.0,0.0,0.0,0.0,0.0,100,Fischbrötchen Backfisch,Hauptspeisen,,MwSt. 7%,1.07,12.149533,0.850467,Normalverkauf
S1000157.25931,SP1000157.34.25931,SY1000157.2026.25931,iPad1(1000157),157,14.06.26 16:36,Prod,A1000157.7065,Tisch 3,115,S1000157.25931,SALE,2,6.5,13.0,0.0,0.0,0.0,0.0,100,Fischbrötchen Backfisch,Hauptspeisen,,MwSt. 7%,1.07,12.149533,0.850467,Normalverkauf
S1000157.25932,SP1000157.34.25932,SY1000157.2026.25932,iPad1(1000157),157,14.06.26 17:26,Prod,A1000157.7066,Tisch 19,118,S1000157.25932,SALE,1,2.8,2.8,0.0,0.0,0.0,0.0,121,Mineralwasser,Getränke,,MwSt. 19%,1.19,2.352941,0.447059,Normalverkauf
S1000157.25933,SP1000157.34.25933,SY1000157.2026.25933,iPad1(1000157),157,14.06.26 17:26,Prod,A1000157.7066,Tisch 19,118,S1000157.25933,SALE,2,3.9,7.8,0.0,0.0,0.0,0.0,119,Cola,Getränke,,MwSt. 19%,1.19,6.554622,1.245378,Normalverkauf
S1000157.25934,SP1000157.34.25934,SY1000157.2026.25934,iPad1(1000157),157,14.06.26 17:26,Prod,A1000157.7066,Tisch 19,118,S1000157.25934,SALE,1,5.9,5.9,0.0,0.0,0.0,0.0,116,Vanillequark,Desserts,,MwSt. 7%,1.07,5.514019,0.385981,Normalverkauf
S1000157.25935,SP1000157.34.25935,SY1000157.2026.25935,iPad1(1000157),157,14.06.26 19:42,Prod,A1000157.7067,Tisch 8,115,S1000157.25935,VOID,2,10.9,21.8,0.0,0.0,0.0,0.0,109,Bismarck-Baguette,Hauptgerichte,,MwSt. 7%,1.07,20.373832,1.426168,Normalverkauf
S1000157.25936,SP1000157.34.25936,SY1000157.2026.25936,iPad1(1000157),157,14.06.26 19:42,Prod,A1000157.7067,Tisch 8,115,S1000157.25936,VOID,1,3.9,3.9,0.0,0.0,0.0,0.0,124,Cola Zero,Getränke,,MwSt. 19%,1.19,3.277311,0.622689,Normalverkauf
S1000157.25937,SP1000157.34.25937,SY1000157.2026.25937,iPad1(1000157),157,14.06.26 19:42,Prod,A1000157.7067,Tisch 8,115,S1000157.25937,VOID,1,10.9,10.9,0.0,0.0,0.0,0.0,107,Chicken Burger,Hauptgerichte,,MwSt. 7%,1.07,10.186916,0.713084,Normalverkauf
S1000157.25938,SP1000157.34.25938,SY1000157.2026.25938,iPad1(1000157),157,14.06.26 11:14,Prod,A1000157.7068,Tisch 17,117,S1000157.25938,SALE,1,5.5,5.5,0.0,0.0,0.0,0.0,111,Pommes Frites,Beilagen,,MwSt. 7%,1.07,5.140187,0.359813,Normalverkauf
S1000157.25939,SP1000157.34.25939,SY1000157.2026.25939,iPad1(1000157),157,14.06.26 12:53,Prod,A1000157.7069,Tisch 22,117,S1000157.25939,SALE,1,11.9,11.9,0.0,0.0,0.0,0.0,110,Matjes-Baguette,Hauptgerichte,,MwSt. 7%,1.07,11.121495,0.778505,Normalverkauf
S1000157.25940,SP1000157.34.25940,SY1000157.2026.25940,iPad1(1000157),157,14.06.26 19:38,Prod,A1000157.7070,Tisch 1,118,S1000157.25940,SALE,2,4.2,8.4,0.0,0.0,0.0,0.0,122,Bier,Getränke,,MwSt. 19%,1.19,7.058824,1.341176,Normalverkauf
S1000157.25941,SP1000157.34.25941,SY1000157.2026.25941,iPad1(1000157),157,14.06.26 19:38,Prod,A1000157.7070,Tisch 1,118,S1000157.25941,SALE,2,3.9,7.8,0.0,0.0,0.0,0.0,126,Spezi,Getränke,,MwSt. 19%,1.19,6.554622,1.245378,Normalverkauf
S1000157.25942,SP1000157.34.25942,SY1000157.2026.25942,iPad1(1000157),157,14.06.26 19:38,Prod,A1000157.7070,Tisch 1,118,S1000157.25942,SALE,1,5.5,5.5,0.0,0.0,0.0,0.0,114,Fisch Nuggets Box,Beilagen,,MwSt. 7%,1.07,5.140187,0.359813,Normalverkauf
S1000157.25943,SP1000157.34.25943,SY1000157.2026.25943,iPad1(1000157),157,14.06.26 17:46,Prod,A1000157.7071,Tisch 15,104,S1000157.25943,SALE,1,5.9,5.9,0.0,0.0,0.0,0.0,117,Rote Grütze,Desserts,,MwSt. 7%,1.07,5.514019,0.385981,Normalverkauf
S1000157.25944,SP1000157.34.25944,SY1000157.2026.25944,iPad1(1000157),157,14.06.26 17:46,Prod,A1000157.7071,Tisch 15,104,S1000157.25944,SALE,1,5.5,5.5,0.0,0.0,0.0,0.0,111,Pommes Frites,Beilagen,,MwSt. 7%,1.07,5.140187,0.359813,Normalverkauf
S1000157.25945,SP1000157.34.25945,SY1000157.2026.25945,iPad1(1000157),157,14.06.26 17:46,Prod,A1000157.7071,Tisch 15,104,S1000157.25945,SALE,1,3.9,3.9,0.0,0.0,0.0,0.0,127,Alkoholfreies Bier,Getränke,,MwSt. 19%,1.19,3.277311,0.622689,Normalverkauf
S1000157.25946,SP1000157.34.25946,SY1000157.2026.25946,iPad1(1000157),157,14.06.26 18:08,Prod,A1000157.7072,Tisch 13,108,S1000157.25946,VOID,1,6.5,6.5,0.0,0.0,0.0,0.0,118,Schokokuchen,Desserts,,MwSt. 7%,1.07,6.074766,0.425234,Normalverkauf
S1000157.25947,SP1000157.34.25947,SY1000157.2026.25947,iPad1(1000157),157,14.06.26 18:05,Prod,A1000157.7073,Tisch 21,117,S1000157.25947,SALE,1,3.9,3.9,0.0,0.0,0.0,0.0,127,Alkoholfreies Bier,Getränke,,MwSt. 19%,1.19,3.277311,0.622689,Normalverkauf
S1000157.25948,SP1000157.34.25948,SY1000157.2026.25948,iPad1(1000157),157,14.06.26 11:13,Prod,A1000157.7074,Tisch 20,115,S1000157.25948,SALE,2,6.5,13.0,0.0,0.0,0.0,0.0,100,Fischbrötchen Backfisch,Hauptspeisen,,MwSt. 7%,1.07,12.149533,0.850467,Normalverkauf
S1000157.25949,SP1000157.34.25949,SY1000157.2026.25949,iPad1(1000157),157,14.06.26 11:13,Prod,A1000157.7074,Tisch 20,115,S1000157.25949,SALE,2,3.9,7.8,0.0,0.0,0.0,0.0,119,Cola,Getränke,,MwSt. 19%,1.19,6.554622,1.245378,Normalverkauf
S1000157.25950,SP1000157.34.25950,SY1000157.2026.25950,iPad1(1000157),157,14.06.26 11:13,Prod,A1000157.7074,Tisch 20,115,S1000157.25950,SALE,2,6.9,13.8,0.0,0.0,0.0,0.0,103,Fischbrötchen Räucherlachs,Hauptspeisen,,MwSt. 7%,1.07,12.897196,0.902804,Normalverkauf
S1000157.25951,SP1000157.34.25951,SY1000157.2026.25951,iPad1(1000157),157,14.06.26 12:34,Prod,A1000157.7075,Tisch 7,101,S1000157.25951,SALE,1,4.9,4.9,0.0,0.0,0.0,0.0,112,Kartoffelwedges,Beilagen,,MwSt. 7%,1.07,4.579439,0.320561,Normalverkauf
S1000157.25952,SP1000157.34.25952,SY1000157.2026.25952,iPad1(1000157),157,14.06.26 12:34,Prod,A1000157.7075,Tisch 7,101,S1000157.25952,SALE,2,6.5,13.0,0.0,0.0,0.0,0.0,100,Fischbrötchen Backfisch,Hauptspeisen,,MwSt. 7%,1.07,12.149533,0.850467,Normalverkauf
S1000157.25953,SP1000157.34.25953,SY1000157.2026.25953,iPad1(1000157),157,14.06.26 12:34,Prod,A1000157.7075,Tisch 7,101,S1000157.25953,SALE,1,13.5,13.5,0.0,0.0,0.0,0.0,102,Matjes,Hauptspeisen,,MwSt. 7%,1.07,12.616822,0.883178,Normalverkauf
S1000157.25954,SP1000157.34.25954,SY1000157.2026.25954,iPad1(1000157),157,14.06.26 18:02,Prod,A1000157.7076,Tisch 17,115,S1000157.25954,SALE,1,6.5,6.5,0.0,0.0,0.0,0.0,118,Schokokuchen,Desserts,,MwSt. 7%,1.07,6.074766,0.425234,Normalverkauf
S1000157.25955,SP1000157.34.25955,SY1000157.2026.25955,iPad1(1000157),157,14.06.26 16:36,Prod,A1000157.7077,Tisch 3,101,S1000157.25955,SALE,2,4.2,8.4,0.0,0.0,0.0,0.0,122,Bier,Getränke,,MwSt. 19%,1.19,7.058824,1.341176,Normalverkauf
S1000157.25956,SP1000157.34.25956,SY1000157.2026.25956,iPad1(1000157),157,14.06.26 16:36,Prod,A1000157.7077,Tisch 3,101,S1000157.25956,SALE,2,4.9,9.8,0.0,0.0,0.0,0.0,112,Kartoffelwedges,Beilagen,,MwSt. 7%,1.07,9.158879,0.641121,Normalverkauf
S1000157.25957,SP1000157.34.25957,SY1000157.2026.25957,iPad1(1000157),157,14.06.26 16:36,Prod,A1000157.7077,Tisch 3,101,S1000157.25957,SALE,1,5.9,5.9,0.0,0.0,0.0,0.0,123,Inger-Limonade,Getränke,,MwSt. 19%,1.19,4.957983,0.942017,Normalverkauf
S1000157.25958,SP1000157.34.25958,SY1000157.2026.25958,iPad1(1000157),157,14.06.26 11:55,Prod,A1000157.7078,Tisch 3,118,S1000157.25958,SALE,1,6.5,6.5,0.0,0.0,0.0,0.0,100,Fischbrötchen Backfisch,Hauptspeisen,,MwSt. 7%,1.07,6.074766,0.425234,Normalverkauf
S1000157.25959,SP1000157.34.25959,SY1000157.2026.25959,iPad1(1000157),157,14.06.26 11:55,Prod,A1000157.7078,Tisch 3,118,S1000157.25959,SALE,2,5.5,11.0,0.0,0.0,0.0,0.0,111,Pommes Frites,Beilagen,,MwSt. 7%,1.07,10.280374,0.719626,Normalverkauf
S1000157.25960,SP1000157.34.25960,SY1000157.2026.25960,iPad1(1000157),157,14.06.26 19:43,Prod,A1000157.7079,Tisch 13,115,S1000157.25960,SALE,1,3.9,3.9,0.0,0.0,0.0,0.0,126,Spezi,Getränke,,MwSt. 19%,1.19,3.277311,0.622689,Normalverkauf
S1000157.25961,SP1000157.34.25961,SY1000157.2026.25961,iPad1(1000157),157,14.06.26 19:43,Prod,A1000157.7079,Tisch 13,115,S1000157.25961,SALE,2,10.9,21.8,0.0,0.0,0.0,0.0,109,Bismarck-Baguette,Hauptgerichte,,MwSt. 7%,1.07,20.373832,1.426168,Normalverkauf
S1000157.25962,SP1000157.34.25962,SY1000157.2026.25962,iPad1(1000157),157,14.06.26 10:16,Prod,A1000157.7080,Tisch 23,118,S1000157.25962,SALE,2,2.8,5.6,0.0,0.0,0.0,0.0,121,Mineralwasser,Getränke,,MwSt. 19%,1.19,4.705882,0.894118,Normalverkauf
S1000157.25963,SP1000157.34.25963,SY1000157.2026.25963,iPad1(1000157),157,14.06.26 10:16,Prod,A1000157.7080,Tisch 23,118,S1000157.25963,SALE,2,9.8,19.6,0.0,0.0,0.0,0.0,108,Seelachs-Ei-Baugette,Hauptgerichte,,MwSt. 7%,1.07,18.317757,1.282243,Normalverkauf
S1000157.25964,SP1000157.34.25964,SY1000157.2026.25964,iPad1(1000157),157,14.06.26 16:48,Prod,A1000157.7081,Tisch 5,115,S1000157.25964,SALE,1,3.9,3.9,0.0,0.0,0.0,0.0,127,Alkoholfreies Bier,Getränke,,MwSt. 19%,1.19,3.277311,0.622689,Normalverkauf
S1000157.25965,SP1000157.34.25965,SY1000157.2026.25965,iPad1(1000157),157,14.06.26 16:48,Prod,A1000157.7081,Tisch 5,115,S1000157.25965,SALE,2,2.8,5.6,0.0,0.0,0.0,0.0,121,Mineralwasser,Getränke,,MwSt. 19%,1.19,4.705882,0.894118,Normalverkauf
S1000157.25966,SP1000157.34.25966,SY1000157.2026.25966,iPad1(1000157),157,14.06.26 12:33,Prod,A1000157.7082,Tisch 2,104,S1000157.25966,SALE,1,5.9,5.9,0.0,0.0,0.0,0.0,125,Zitronen-Limonade,Getränke,,MwSt. 19%,1.19,4.957983,0.942017,Normalverkauf
S1000157.25967,SP1000157.34.25967,SY1000157.2026.25967,iPad1(1000157),157,14.06.26 08:22,Prod,A1000157.7083,Tisch 23,101,S1000157.25967,SALE,1,4.2,4.2,0.0,0.0,0.0,0.0,122,Bier,Getränke,,MwSt. 19%,1.19,3.529412,0.670588,Normalverkauf
S1000157.25968,SP1000157.34.25968,SY1000157.2026.25968,iPad1(1000157),157,14.06.26 08:22,Prod,A1000157.7083,Tisch 23,101,S1000157.25968,SALE,2,2.8,5.6,0.0,0.0,0.0,0.0,121,Mineralwasser,Getränke,,MwSt. 19%,1.19,4.705882,0.894118,Normalverkauf
S1000157.25969,SP1000157.34.25969,SY1000157.2026.25969,iPad1(1000157),157,14.06.26 08:22,Prod,A1000157.7083,Tisch 23,101,S1000157.25969,SALE,1,10.9,10.9,0.0,0.0,0.0,0.0,109,Bismarck-Baguette,Hauptgerichte,,MwSt. 7%,1.07,10.186916,0.713084,Normalverkauf
S1000157.25970,SP1000157.34.25970,SY1000157.2026.25970,iPad1(1000157),157,14.06.26 10:30,Prod,A1000157.7084,Tisch 24,108,S1000157.25970,VOID,2,3.9,7.8,0.0,0.0,0.0,0.0,124,Cola Zero,Getränke,,MwSt. 19%,1.19,6.554622,1.245378,Normalverkauf
S1000157.25971,SP1000157.34.25971,SY1000157.2026.25971,iPad1(1000157),157,14.06.26 10:30,Prod,A1000157.7084,Tisch 24,108,S1000157.25971,VOID,1,7.9,7.9,0.0,0.0,0.0,0.0,115,Tiramisu,Desserts,,MwSt. 7%,1.07,7.383178,0.516822,Normalverkauf
S1000157.25972,SP1000157.34.25972,SY1000157.2026.25972,iPad1(1000157),157,14.06.26 18:21,Prod,A1000157.7085,Tisch 5,115,S1000157.25972,SALE,1,6.5,6.5,0.0,0.0,0.0,0.0,100,Fischbrötchen Backfisch,Hauptspeisen,,MwSt. 7%,1.07,6.074766,0.425234,Normalverkauf
S1000157.25973,SP1000157.34.25973,SY1000157.2026.25973,iPad1(1000157),157,14.06.26 18:21,Prod,A1000157.7085,Tisch 5,115,S1000157.25973,SALE,2,9.8,19.6,0.0,0.0,0.0,0.0,108,Seelachs-Ei-Baugette,Hauptgerichte,,MwSt. 7%,1.07,18.317757,1.282243,Normalverkauf
S1000157.25974,SP1000157.34.25974,SY1000157.2026.25974,iPad1(1000157),157,14.06.26 18:21,Prod,A1000157.7085,Tisch 5,115,S1000157.25974,SALE,1,6.5,6.5,0.0,0.0,0.0,0.0,100,Fischbrötchen Backfisch,Hauptspeisen,,MwSt. 7%,1.07,6.074766,0.425234,Normalverkauf
S1000157.25975,SP1000157.34.25975,SY1000157.2026.25975,iPad1(1000157),157,14.06.26 16:37,Prod,A1000157.7086,Tisch 5,104,S1000157.25975,VOID,1,11.9,11.9,0.0,0.0,0.0,0.0,110,Matjes-Baguette,Hauptgerichte,,MwSt. 7%,1.07,11.121495,0.778505,Normalverkauf
S1000157.25976,SP1000157.34.25976,SY1000157.2026.25976,iPad1(1000157),157,14.06.26 16:37,Prod,A1000157.7086,Tisch 5,104,S1000157.25976,VOID,2,4.2,8.4,0.0,0.0,0.0,0.0,122,Bier,Getränke,,MwSt. 19%,1.19,7.058824,1.341176,Normalverkauf
S1000157.25977,SP1000157.34.25977,SY1000157.2026.25977,iPad1(1000157),157,14.06.26 16:37,Prod,A1000157.7086,Tisch 5,104,S1000157.25977,VOID,2,5.5,11.0,0.0,0.0,0.0,0.0,114,Fisch Nuggets Box,Beilagen,,MwSt. 7%,1.07,10.280374,0.719626,Normalverkauf
S1000157.25978,SP1000157.34.25978,SY1000157.2026.25978,iPad1(1000157),157,14.06.26 18:08,Prod,A1000157.7087,Tisch 21,101,S1000157.25978,SALE,2,4.9,9.8,0.0,0.0,0.0,0.0,112,Kartoffelwedges,Beilagen,,MwSt. 7%,1.07,9.158879,0.641121,Normalverkauf
S1000157.25979,SP1000157.34.25979,SY1000157.2026.25979,iPad1(1000157),157,14.06.26 18:08,Prod,A1000157.7087,Tisch 21,101,S1000157.25979,SALE,2,6.5,13.0,0.0,0.0,0.0,0.0,100,Fischbrötchen Backfisch,Hauptspeisen,,MwSt. 7%,1.07,12.149533,0.850467,Normalverkauf
S1000157.25980,SP1000157.34.25980,SY1000157.2026.25980,iPad1(1000157),157,14.06.26 18:08,Prod,A1000157.7087,Tisch 21,101,S1000157.25980,SALE,2,3.9,7.8,0.0,0.0,0.0,0.0,119,Cola,Getränke,,MwSt. 19%,1.19,6.554622,1.245378,Normalverkauf
S1000157.25981,SP1000157.34.25981,SY1000157.2026.25981,iPad1(1000157),157,14.06.26 19:45,Prod,A1000157.7088,Tisch 1,115,S1000157.25981,SALE,1,5.5,5.5,0.0,0.0,0.0,0.0,111,Pommes Frites,Beilagen,,MwSt. 7%,1.07,5.140187,0.359813,Normalverkauf
S1000157.25982,SP1000157.34.25982,SY1000157.2026.25982,iPad1(1000157),157,14.06.26 19:45,Prod,A1000157.7088,Tisch 1,115,S1000157.25982,SALE,2,6.5,13.0,0.0,0.0,0.0,0.0,100,Fischbrötchen Backfisch,Hauptspeisen,,MwSt. 7%,1.07,12.149533,0.850467,Normalverkauf
S1000157.25983,SP1000157.34.25983,SY1000157.2026.25983,iPad1(1000157),157,14.06.26 19:45,Prod,A1000157.7088,Tisch 1,115,S1000157.25983,SALE,2,3.9,7.8,0.0,0.0,0.0,0.0,124,Cola Zero,Getränke,,MwSt. 19%,1.19,6.554622,1.245378,Normalverkauf
S1000157.25984,SP1000157.34.25984,SY1000157.2026.25984,iPad1(1000157),157,14.06.26 17:55,Prod,A1000157.7089,Tisch 6,101,S1000157.25984,SALE,1,6.9,6.9,0.0,0.0,0.0,0.0,103,Fischbrötchen Räucherlachs,Hauptspeisen,,MwSt. 7%,1.07,6.448598,0.451402,Normalverkauf
S1000157.25985,SP1000157.34.25985,SY1000157.2026.25985,iPad1(1000157),157,14.06.26 17:55,Prod,A1000157.7089,Tisch 6,101,S1000157.25985,SALE,1,2.8,2.8,0.0,0.0,0.0,0.0,121,Mineralwasser,Getränke,,MwSt. 19%,1.19,2.352941,0.447059,Normalverkauf
S1000157.25986,SP1000157.34.25986,SY1000157.2026.25986,iPad1(1000157),157,14.06.26 19:40,Prod,A1000157.7090,Tisch 21,118,S1000157.25986,SALE,1,4.9,4.9,0.0,0.0,0.0,0.0,112,Kartoffelwedges,Beilagen,,MwSt. 7%,1.07,4.579439,0.320561,Normalverkauf
S1000157.25987,SP1000157.34.25987,SY1000157.2026.25987,iPad1(1000157),157,14.06.26 19:40,Prod,A1000157.7090,Tisch 21,118,S1000157.25987,SALE,2,4.2,8.4,0.0,0.0,0.0,0.0,122,Bier,Getränke,,MwSt. 19%,1.19,7.058824,1.341176,Normalverkauf
S1000157.25988,SP1000157.34.25988,SY1000157.2026.25988,iPad1(1000157),157,14.06.26 16:47,Prod,A1000157.7091,,101,S1000157.25988,SALE,1,5.9,5.9,0.0,0.0,0.0,0.0,125,Zitronen-Limonade,Getränke,,MwSt. 19%,1.19,4.957983,0.942017,Normalverkauf
S1000157.25989,SP1000157.34.25989,SY1000157.2026.25989,iPad1(1000157),157,14.06.26 16:47,Prod,A1000157.7091,,101,S1000157.25989,SALE,1,6.9,6.9,0.0,0.0,0.0,0.0,113,Garnelen Box,Beilagen,,MwSt. 7%,1.07,6.448598,0.451402,Normalverkauf
S1000157.25990,SP1000157.34.25990,SY1000157.2026.25990,iPad1(1000157),157,14.06.26 16:47,Prod,A1000157.7091,,101,S1000157.25990,SALE,1,5.9,5.9,0.0,0.0,0.0,0.0,117,Rote Grütze,Desserts,,MwSt. 7%,1.07,5.514019,0.385981,Normalverkauf
S1000157.25991,SP1000157.34.25991,SY1000157.2026.25991,iPad1(1000157),157,14.06.26 17:22,Prod,A1000157.7092,Tisch 22,117,S1000157.25991,SALE,1,9.8,9.8,0.0,0.0,0.0,0.0,108,Seelachs-Ei-Baugette,Hauptgerichte,,MwSt. 7%,1.07,9.158879,0.641121,Normalverkauf
S1000157.25992,SP1000157.34.25992,SY1000157.2026.25992,iPad1(1000157),157,14.06.26 17:22,Prod,A1000157.7092,Tisch 22,117,S1000157.25992,SALE,2,2.8,5.6,0.0,0.0,0.0,0.0,121,Mineralwasser,Getränke,,MwSt. 19%,1.19,4.705882,0.894118,Normalverkauf
S1000157.25993,SP1000157.34.25993,SY1000157.2026.25993,iPad1(1000157),157,14.06.26 16:36,Prod,A1000157.7093,Tisch 23,120,S1000157.25993,SALE,2,10.9,21.8,0.0,0.0,0.0,0.0,104,Thunfisch Wrap,Hauptgerichte,,MwSt. 7%,1.07,20.373832,1.426168,Normalverkauf
S1000157.25994,SP1000157.34.25994,SY1000157.2026.25994,iPad1(1000157),157,14.06.26 16:36,Prod,A1000157.7093,Tisch 23,120,S1000157.25994,SALE,2,3.9,7.8,0.0,0.0,0.0,0.0,119,Cola,Getränke,,MwSt. 19%,1.19,6.554622,1.245378,Normalverkauf
S1000157.25995,SP1000157.34.25995,SY1000157.2026.25995,iPad1(1000157),157,14.06.26 16:36,Prod,A1000157.7093,Tisch 23,120,S1000157.25995,SALE,2,3.2,6.4,0.0,0.0,0.0,0.0,120,Apfelschorle,Getränke,,MwSt. 19%,1.19,5.378151,1.021849,Normalverkauf
S1000157.25996,SP1000157.34.25996,SY1000157.2026.25996,iPad1(1000157),157,14.06.26 18:16,Prod,A1000157.7094,Tisch 2,117,S1000157.25996,SALE,1,7.9,7.9,0.0,0.0,0.0,0.0,106,Neptun-Ringe,Beilagen,,MwSt. 7%,1.07,7.383178,0.516822,Normalverkauf
S1000157.25997,SP1000157.34.25997,SY1000157.2026.25997,iPad1(1000157),157,14.06.26 12:56,Prod,A1000157.7095,Tisch 21,101,S1000157.25997,SALE,1,10.9,10.9,0.0,0.0,0.0,0.0,104,Thunfisch Wrap,Hauptgerichte,,MwSt. 7%,1.07,10.186916,0.713084,Normalverkauf
S1000157.25998,SP1000157.34.25998,SY1000157.2026.25998,iPad1(1000157),157,14.06.26 12:56,Prod,A1000157.7095,Tisch 21,101,S1000157.25998,SALE,2,5.5,11.0,0.0,0.0,0.0,0.0,114,Fisch Nuggets Box,Beilagen,,MwSt. 7%,1.07,10.280374,0.719626,Normalverkauf
S1000157.25999,SP1000157.34.25999,SY1000157.2026.25999,iPad1(1000157),157,14.06.26 12:56,Prod,A1000157.7095,Tisch 21,101,S1000157.25999,SALE,1,6.5,6.5,0.0,0.0,0.0,0.0,118,Schokokuchen,Desserts,,MwSt. 7%,1.07,6.074766,0.425234,Normalverkauf
S1000157.26000,SP1000157.34.26000,SY1000157.2026.26000,iPad1(1000157),157,14.06.26 10:34,Prod,A1000157.7096,Tisch 18,118,S1000157.26000,SALE,2,3.9,7.8,0.0,0.0,0.0,0.0,119,Cola,Getränke,,MwSt. 19%,1.19,6.554622,1.245378,Normalverkauf
S1000157.26001,SP1000157.34.26001,SY1000157.2026.26001,iPad1(1000157),157,14.06.26 10:34,Prod,A1000157.7096,Tisch 18,118,S1000157.26001,SALE,1,9.8,9.8,0.0,0.0,0.0,0.0,108,Seelachs-Ei-Baugette,Hauptgerichte,,MwSt. 7%,1.07,9.158879,0.641121,Normalverkauf
S1000157.26002,SP1000157.34.26002,SY1000157.2026.26002,iPad1(1000157),157,14.06.26 08:21,Prod,A1000157.7097,Tisch 9,120,S1000157.26002,SALE,2,5.9,11.8,0.0,0.0,0.0,0.0,117,Rote Grütze,Desserts,,MwSt. 7%,1.07,11.028037,0.771963,Normalverkauf
S1000157.26003,SP1000157.34.26003,SY1000157.2026.26003,iPad1(1000157),157,14.06.26 12:12,Prod,A1000157.7098,Tisch 10,115,S1000157.26003,SALE,1,6.5,6.5,0.0,0.0,0.0,0.0,100,Fischbrötchen Backfisch,Hauptspeisen,,MwSt. 7%,1.07,6.074766,0.425234,Normalverkauf
S1000157.26004,SP1000157.34.26004,SY1000157.2026.26004,iPad1(1000157),157,14.06.26 12:12,Prod,A1000157.7098,Tisch 10,115,S1000157.26004,SALE,1,6.9,6.9,0.0,0.0,0.0,0.0,113,Garnelen Box,Beilagen,,MwSt. 7%,1.07,6.448598,0.451402,Normalverkauf
S1000157.26005,SP1000157.34.26005,SY1000157.2026.26005,iPad1(1000157),157,14.06.26 12:12,Prod,A1000157.7098,Tisch 10,115,S1000157.26005,SALE,2,5.5,11.0,0.0,0.0,0.0,0.0,111,Pommes Frites,Beilagen,,MwSt. 7%,1.07,10.280374,0.719626,Normalverkauf
S1000157.26006,SP1000157.34.26006,SY1000157.2026.26006,iPad1(1000157),157,14.06.26 18:41,Prod,A1000157.7099,Tisch 20,101,S1000157.26006,SALE,2,3.9,7.8,0.0,0.0,0.0,0.0,119,Cola,Getränke,,MwSt. 19%,1.19,6.554622,1.245378,Normalverkauf
S1000157.26007,SP1000157.34.26007,SY1000157.2026.26007,iPad1(1000157),157,14.06.26 12:54,Prod,A1000157.7100,Tisch 12,120,S1000157.26007,SALE,1,10.9,10.9,0.0,0.0,0.0,0.0,107,Chicken Burger,Hauptgerichte,,MwSt. 7%,1.07,10.186916,0.713084,Normalverkauf
S1000157.26008,SP1000157.34.26008,SY1000157.2026.26008,iPad1(1000157),157,14.06.26 12:54,Prod,A1000157.7100,Tisch 12,120,S1000157.26008,SALE,2,11.9,23.8,0.0,0.0,0.0,0.0,110,Matjes-Baguette,Hauptgerichte,,MwSt. 7%,1.07,22.242991,1.557009,Normalverkauf
S1000157.26009,SP1000157.34.26009,SY1000157.2026.26009,iPad1(1000157),157,14.06.26 12:54,Prod,A1000157.7100,Tisch 12,120,S1000157.26009,SALE,2,10.9,21.8,0.0,0.0,0.0,0.0,107,Chicken Burger,Hauptgerichte,,MwSt. 7%,1.07,20.373832,1.426168,Normalverkauf
S1000157.26010,SP1000157.34.26010,SY1000157.2026.26010,iPad1(1000157),157,14.06.26 12:28,Prod,A1000157.7101,Tisch 6,118,S1000157.26010,SALE,2,5.5,11.0,0.0,0.0,0.0,0.0,111,Pommes Frites,Beilagen,,MwSt. 7%,1.07,10.280374,0.719626,Normalverkauf
S1000157.26011,SP1000157.34.26011,SY1000157.2026.26011,iPad1(1000157),157,14.06.26 12:28,Prod,A1000157.7101,Tisch 6,118,S1000157.26011,SALE,1,10.9,10.9,0.0,0.0,0.0,0.0,109,Bismarck-Baguette,Hauptgerichte,,MwSt. 7%,1.07,10.186916,0.713084,Normalverkauf
S1000157.26012,SP1000157.34.26012,SY1000157.2026.26012,iPad1(1000157),157,14.06.26 10:54,Prod,A1000157.7102,Tisch 3,115,S1000157.26012,SALE,1,11.5,11.5,0.0,0.0,0.0,0.0,105,Garnelen-Kimchi-Bruger,Hauptgerichte,,MwSt. 7%,1.07,10.747664,0.752336,Normalverkauf
S1000157.26013,SP1000157.34.26013,SY1000157.2026.26013,iPad1(1000157),157,14.06.26 10:54,Prod,A1000157.7102,Tisch 3,115,S1000157.26013,SALE,1,5.9,5.9,0.0,0.0,0.0,0.0,123,Inger-Limonade,Getränke,,MwSt. 19%,1.19,4.957983,0.942017,Normalverkauf
S1000157.26014,SP1000157.34.26014,SY1000157.2026.26014,iPad1(1000157),157,14.06.26 10:54,Prod,A1000157.7102,Tisch 3,115,S1000157.26014,SALE,2,10.9,21.8,0.0,0.0,0.0,0.0,104,Thunfisch Wrap,Hauptgerichte,,MwSt. 7%,1.07,20.373832,1.426168,Normalverkauf
