Identifikator,Perioden Id,Jahres Id,Geräte_Name,Standort,Datum,Modus,Konto,Konto Name,Mitarbeiter,Referenz,Typ,Mng,Einzelpreis,FinalPreis,Rabatt,Materialverlust/Bruch,Gratis,Buchung,SKU,Artikel,Gruppe,StatGruppe,SteuerName,SteuerRate,VorSteuern,SteuernMenge,Profil
S1000183.82545,SP1000183.34.82545,SY1000183.2026.82545,iPad1(1000183),183,01.06.26 17:45,Prod,A1000183.6246,Tisch 12,115,S1000183.82545,SALE,2,6.9,13.8,0.0,0.0,0.0,0.0,103,Fischbrötchen Räucherlachs,Hauptspeisen,,MwSt. 7%,1.07,12.897196,0.902804,Normalverkauf
S1000183.82546,SP1000183.34.82546,SY1000183.2026.82546,iPad1(1000183),183,01.06.26 15:56,Prod,A1000183.6247,Tisch 13,115,S1000183.82546,SALE,2,4.9,9.8,0.0,0.0,0.0,0.0,112,Kartoffelwedges,Beilagen,,MwSt. 7%,1.07,9.158879,0.641121,Normalverkauf
S1000183.82547,SP1000183.34.82547,SY1000183.2026.82547,iPad1(1000183),183,01.06.26 17:50,Prod,A1000183.6248,Tisch 14,115,S1000183.82547,SALE,1,10.9,10.9,0.0,0.0,0.0,0.0,104,Thunfisch Wrap,Hauptgerichte,,MwSt. 7%,1.07,10.186916,0.713084,Normalverkauf
S1000183.82548,SP1000183.34.82548,SY1000183.2026.82548,iPad1(1000183),183,01.06.26 17:50,Prod,A1000183.6248,Tisch 14,115,S1000183.82548,SALE,2,5.9,11.8,0.0,0.0,0.0,0.0,116,Vanillequark,Desserts,,MwSt. 7%,1.07,11.028037,0.771963,Normalverkauf
S1000183.82549,SP1000183.34.82549,SY1000183.2026.82549,iPad1(1000183),183,01.06.26 17:50,Prod,A1000183.6248,Tisch 14,115,S1000183.82549,SALE,1,2.8,2.8,0.0,0.0,0.0,0.0,121,Mineralwasser,Getränke,,MwSt. 19%,1.19,2.352941,0.447059,Normalverkauf
S1000183.82550,SP1000183.34.82550,SY1000183.2026.82550,iPad1(1000183),183,01.06.26 11:58,Prod,A1000183.6249,Tisch 17,120,S1000183.82550,SALE,1,3.9,3.9,0.0,0.0,0.0,0.0,127,Alkoholfreies Bier,Getränke,,MwSt. 19%,1.19,3.277311,0.622689,Normalverkauf
S1000183.82551,SP1000183.34.82551,SY1000183.2026.82551,iPad1(1000183),183,01.06.26 18:36,Prod,A1000183.6250,,115,S1000183.82551,SALE,1,4.2,4.2,0.0,0.0,0.0,0.0,122,Bier,Getränke,,MwSt. 19%,1.19,3.529412,0.670588,Normalverkauf
S1000183.82552,SP1000183.34.82552,SY1000183.2026.82552,iPad1(1000183),183,01.06.26 18:36,Prod,A1000183.6250,,115,S1000183.82552,SALE,2,6.9,13.8,0.0,0.0,0.0,0.0,103,Fischbrötchen Räucherlachs,Hauptspeisen,,MwSt. 7%,1.07,12.897196,0.902804,Normalverkauf
S1000183.82553,SP1000183.34.82553,SY1000183.2026.82553,iPad1(1000183),183,01.06.26 18:36,Prod,A1000183.6250,,115,S1000183.82553,SALE,1,4.2,4.2,0.0,0.0,0.0,0.0,122,Bier,Getränke,,MwSt. 19%,1.19,3.529412,0.670588,Normalverkauf
S1000183.82554,SP1000183.34.82554,SY1000183.2026.82554,iPad1(1000183),183,01.06.26 13:56,Prod,A1000183.6251,Tisch 5,104,S1000183.82554,SALE,1,10.9,10.9,0.0,0.0,0.0,0.0,104,Thunfisch Wrap,Hauptgerichte,,MwSt. 7%,1.07,10.186916,0.713084,Normalverkauf
S1000183.82555,SP1000183.34.82555,SY1000183.2026.82555,iPad1(1000183),183,01.06.26 15:44,Prod,A1000183.6252,Tisch 19,115,S1000183.82555,SALE,2,4.9,9.8,0.0,0.0,0.0,0.0,112,Kartoffelwedges,Beilagen,,MwSt. 7%,1.07,9.158879,0.641121,Normalverkauf
S1000183.82556,SP1000183.34.82556,SY1000183.2026.82556,iPad1(1000183),183,01.06.26 15:44,Prod,A1000183.6252,Tisch 19,115,S1000183.82556,SALE,1,9.8,9.8,0.0,0.0,0.0,0.0,108,Seelachs-Ei-Baugette,Hauptgerichte,,MwSt. 7%,1.07,9.158879,0.641121,Normalverkauf
S1000183.82557,SP1000183.34.82557,SY1000183.2026.82557,iPad1(1000183),183,01.06.26 13:39,Prod,A1000183.6253,Tisch 8,111,S1000183.82557,SALE,1,6.9,6.9,0.0,0.0,0.0,0.0,113,Garnelen Box,Beilagen,,MwSt. 7%,1.07,6.448598,0.451402,Normalverkauf
S1000183.82558,SP1000183.34.82558,SY1000183.2026.82558,iPad1(1000183),183,01.06.26 13:39,Prod,A1000183.6253,Tisch 8,111,S1000183.82558,SALE,2,5.5,11.0,0.0,0.0,0.0,0.0,111,Pommes Frites,Beilagen,,MwSt. 7%,1.07,10.280374,0.719626,Normalverkauf
S1000183.82559,SP1000183.34.82559,SY1000183.2026.82559,iPad1(1000183),183,01.06.26 13:39,Prod,A1000183.6253,Tisch 8,111,S1000183.82559,SALE,1,4.9,4.9,0.0,0.0,0.0,0.0,112,Kartoffelwedges,Beilagen,,MwSt. 7%,1.07,4.579439,0.320561,Normalverkauf
S1000183.82560,SP1000183.34.82560,SY1000183.2026.82560,iPad1(1000183),183,01.06.26 15:02,Prod,A1000183.6254,Tisch 24,117,S1000183.82560,SALE,1,4.2,4.2,0.0,0.0,0.0,0.0,122,Bier,Getränke,,MwSt. 19%,1.19,3.529412,0.670588,Normalverkauf
S1000183.82561,SP1000183.34.82561,SY1000183.2026.82561,iPad1(1000183),183,01.06.26 15:02,Prod,A1000183.6254,Tisch 24,117,S1000183.82561,SALE,1,5.5,5.5,0.0,0.0,0.0,0.0,114,Fisch Nuggets Box,Beilagen,,MwSt. 7%,1.07,5.140187,0.359813,Normalverkauf
S1000183.82562,SP1000183.34.82562,SY1000183.2026.82562,iPad1(1000183),183,01.06.26 15:02,Prod,A1000183.6254,Tisch 24,117,S1000183.82562,SALE,2,3.9,7.8,0.0,0.0,0.0,0.0,127,Alkoholfreies Bier,Getränke,,MwSt. 19%,1.19,6.554622,1.245378,Normalverkauf
S1000183.82563,SP1000183.34.82563,SY1000183.2026.82563,iPad1(1000183),183,01.06.26 10:28,Prod,A1000183.6255,Tisch 21,115,S1000183.82563,SALE,1,6.5,6.5,0.0,0.0,0.0,0.0,100,Fischbrötchen Backfisch,Hauptspeisen,,MwSt. 7%,1.07,6.074766,0.425234,Normalverkauf
S1000183.82564,SP1000183.34.82564,SY1000183.2026.82564,iPad1(1000183),183,01.06.26 10:28,Prod,A1000183.6255,Tisch 21,115,S1000183.82564,SALE,1,6.5,6.5,0.0,0.0,0.0,0.0,100,Fischbrötchen Backfisch,Hauptspeisen,,MwSt. 7%,1.07,6.074766,0.425234,Normalverkauf
S1000183.82565,SP1000183.34.82565,SY1000183.2026.82565,iPad1(1000183),183,01.06.26 11:43,Prod,A1000183.6256,Tisch 15,104,S1000183.82565,SALE,2,4.2,8.4,0.0,0.0,0.0,0.0,122,Bier,Getränke,,MwSt. 19%,1.19,7.058824,1.341176,Normalverkauf
S1000183.82566,SP1000183.34.82566,SY1000183.2026.82566,iPad1(1000183),183,01.06.26 11:43,Prod,A1000183.6256,Tisch 15,104,S1000183.82566,SALE,1,10.9,10.9,0.0,0.0,0.0,0.0,104,Thunfisch Wrap,Hauptgerichte,,MwSt. 7%,1.07,10.186916,0.713084,Normalverkauf
S1000183.82567,SP1000183.34.82567,SY1000183.2026.82567,iPad1(1000183),183,01.06.26 11:43,Prod,A1000183.6256,Tisch 15,104,S1000183.82567,SALE,1,6.9,6.9,0.0,0.0,0.0,0.0,113,Garnelen Box,Beilagen,,MwSt. 7%,1.07,6.448598,0.451402,Normalverkauf
S1000183.82568,SP1000183.34.82568,SY1000183.2026.82568,iPad1(1000183),183,01.06.26 12:31,Prod,A1000183.6257,Tisch 6,115,S1000183.82568,SALE,2,10.9,21.8,0.0,0.0,0.0,0.0,107,Chicken Burger,Hauptgerichte,,MwSt. 7%,1.07,20.373832,1.426168,Normalverkauf
S1000183.82569,SP1000183.34.82569,SY1000183.2026.82569,iPad1(1000183),183,01.06.26 12:31,Prod,A1000183.6257,Tisch 6,115,S1000183.82569,SALE,1,9.8,9.8,0.0,0.0,0.0,0.0,108,Seelachs-Ei-Baugette,Hauptgerichte,,MwSt. 7%,1.07,9.158879,0.641121,Normalverkauf
S1000183.82570,SP1000183.34.82570,SY1000183.2026.82570,iPad1(1000183),183,01.06.26 16:20,Prod,A1000183.6258,Tisch 24,120,S1000183.82570,SALE,1,10.9,10.9,0.0,0.0,0.0,0.0,107,Chicken Burger,Hauptgerichte,,MwSt. 7%,1.07,10.186916,0.713084,Normalverkauf
S1000183.82571,SP1000183.34.82571,SY1000183.2026.82571,iPad1(1000183),183,01.06.26 16:20,Prod,A1000183.6258,Tisch 24,120,S1000183.82571,SALE,2,5.9,11.8,0.0,0.0,0.0,0.0,117,Rote Grütze,Desserts,,MwSt. 7%,1.07,11.028037,0.771963,Normalverkauf
S1000183.82572,SP1000183.34.82572,SY1000183.2026.82572,iPad1(1000183),183,01.06.26 18:18,Prod,A1000183.6259,Tisch 22,115,S1000183.82572,SALE,1,10.9,10.9,0.0,0.0,0.0,0.0,104,Thunfisch Wrap,Hauptgerichte,,MwSt. 7%,1.07,10.186916,0.713084,Normalverkauf
S1000183.82573,SP1000183.34.82573,SY1000183.2026.82573,iPad1(1000183),183,01.06.26 18:18,Prod,A1000183.6259,Tisch 22,115,S1000183.82573,SALE,2,10.9,21.8,0.0,0.0,0.0,0.0,104,Thunfisch Wrap,Hauptgerichte,,MwSt. 7%,1.07,20.373832,1.426168,Normalverkauf
S1000183.82574,SP1000183.34.82574,SY1000183.2026.82574,iPad1(1000183),183,01.06.26 18:18,Prod,A1000183.6259,Tisch 22,115,S1000183.82574,SALE,1,5.9,5.9,0.0,0.0,0.0,0.0,116,Vanillequark,Desserts,,MwSt. 7%,1.07,5.514019,0.385981,Normalverkauf
S1000183.82575,SP1000183.34.82575,SY1000183.2026.82575,iPad1(1000183),183,01.06.26 20:45,Prod,A1000183.6260,Tisch 2,115,S1000183.82575,SALE,1,5.9,5.9,0.0,0.0,0.0,0.0,117,Rote Grütze,Desserts,,MwSt. 7%,1.07,5.514019,0.385981,Normalverkauf
S1000183.82576,SP1000183.34.82576,SY1000183.2026.82576,iPad1(1000183),183,01.06.26 20:45,Prod,A1000183.6260,Tisch 2,115,S1000183.82576,SALE,1,6.9,6.9,0.0,0.0,0.0,0.0,103,Fischbrötchen Räucherlachs,Hauptspeisen,,MwSt. 7%,1.07,6.448598,0.451402,Normalverkauf
S1000183.82577,SP1000183.34.82577,SY1000183.2026.82577,iPad1(1000183),183,01.06.26 18:15,Prod,A1000183.6261,Tisch 10,106,S1000183.82577,SALE,1,4.9,4.9,0.0,0.0,0.0,0.0,112,Kartoffelwedges,Beilagen,,MwSt. 7%,1.07,4.579439,0.320561,Normalverkauf
S1000183.82578,SP1000183.34.82578,SY1000183.2026.82578,iPad1(1000183),183,01.06.26 18:15,Prod,A1000183.6261,Tisch 10,106,S1000183.82578,SALE,1,10.9,10.9,0.0,0.0,0.0,0.0,104,Thunfisch Wrap,Hauptgerichte,,MwSt. 7%,1.07,10.186916,0.713084,Normalverkauf
S1000183.82579,SP1000183.34.82579,SY1000183.2026.82579,iPad1(1000183),183,01.06.26 13:54,Prod,A1000183.6262,Tisch 5,104,S1000183.82579,SALE,1,3.2,3.2,0.0,0.0,0.0,0.0,120,Apfelschorle,Getränke,,MwSt. 19%,1.19,2.689076,0.510924,Normalverkauf
S1000183.82580,SP1000183.34.82580,SY1000183.2026.82580,iPad1(1000183),183,01.06.26 13:54,Prod,A1000183.6262,Tisch 5,104,S1000183.82580,SALE,2,10.9,21.8,0.0,0.0,0.0,0.0,109,Bismarck-Baguette,Hauptgerichte,,MwSt. 7%,1.07,20.373832,1.426168,Normalverkauf
S1000183.82581,SP1000183.34.82581,SY1000183.2026.82581,iPad1(1000183),183,01.06.26 13:54,Prod,A1000183.6262,Tisch 5,104,S1000183.82581,SALE,2,11.9,23.8,0.0,0.0,0.0,0.0,110,Matjes-Baguette,Hauptgerichte,,MwSt. 7%,1.07,22.242991,1.557009,Normalverkauf
S1000183.82582,SP1000183.34.82582,SY1000183.2026.82582,iPad1(1000183),183,01.06.26 20:28,Prod,A1000183.6263,Tisch 9,115,S1000183.82582,SALE,1,5.9,5.9,0.0,0.0,0.0,0.0,117,Rote Grütze,Desserts,,MwSt. 7%,1.07,5.514019,0.385981,Normalverkauf
S1000183.82583,SP1000183.34.82583,SY1000183.2026.82583,iPad1(1000183),183,01.06.26 20:28,Prod,A1000183.6263,Tisch 9,115,S1000183.82583,SALE,1,6.5,6.5,0.0,0.0,0.0,0.0,100,Fischbrötchen Backfisch,Hauptspeisen,,MwSt. 7%,1.07,6.074766,0.425234,Normalverkauf
S1000183.82584,SP1000183.34.82584,SY1000183.2026.82584,iPad1(1000183),183,01.06.26 20:28,Prod,A1000183.6263,Tisch 9,115,S1000183.82584,SALE,2,4.2,8.4,0.0,0.0,0.0,0.0,122,Bier,Getränke,,MwSt. 19%,1.19,7.058824,1.341176,Normalverkauf
S1000183.82585,SP1000183.34.82585,SY1000183.2026.82585,iPad1(1000183),183,01.06.26 18:17,Prod,A1000183.6264,Tisch 15,115,S1000183.82585,SALE,1,4.2,4.2,0.0,0.0,0.0,0.0,122,Bier,Getränke,,MwSt. 19%,1.19,3.529412,0.670588,Normalverkauf
S1000183.82586,SP1000183.34.82586,SY1000183.2026.82586,iPad1(1000183),183,01.06.26 18:17,Prod,A1000183.6264,Tisch 15,115,S1000183.82586,SALE,1,4.2,4.2,0.0,0.0,0.0,0.0,122,Bier,Getränke,,MwSt. 19%,1.19,3.529412,0.670588,Normalverkauf
S1000183.82587,SP1000183.34.82587,SY1000183.2026.82587,iPad1(1000183),183,01.06.26 18:17,Prod,A1000183.6264,Tisch 15,115,S1000183.82587,SALE,1,3.9,3.9,0.0,0.0,0.0,0.0,119,Cola,Getränke,,MwSt. 19%,1.19,3.277311,0.622689,Normalverkauf
S1000183.82588,SP1000183.34.82588,SY1000183.2026.82588,iPad1(1000183),183,01.06.26 20:01,Prod,A1000183.6265,Tisch 17,115,S1000183.82588,SALE,2,2.8,5.6,0.0,0.0,0.0,0.0,121,Mineralwasser,Getränke,,MwSt. 19%,1.19,4.705882,0.894118,Normalverkauf
S1000183.82589,SP1000183.34.82589,SY1000183.2026.82589,iPad1(1000183),183,01.06.26 20:01,Prod,A1000183.6265,Tisch 17,115,S1000183.82589,SALE,1,6.9,6.9,0.0,0.0,0.0,0.0,113,Garnelen Box,Beilagen,,MwSt. 7%,1.07,6.448598,0.451402,Normalverkauf
S1000183.82590,SP1000183.34.82590,SY1000183.2026.82590,iPad1(1000183),183,01.06.26 20:01,Prod,A1000183.6265,Tisch 17,115,S1000183.82590,SALE,1,4.2,4.2,0.0,0.0,0.0,0.0,122,Bier,Getränke,,MwSt. 19%,1.19,3.529412,0.670588,Normalverkauf
S1000183.82591,SP1000183.34.82591,SY1000183.2026.82591,iPad1(1000183),183,01.06.26 17:02,Prod,A1000183.6266,Tisch 5,111,S1000183.82591,SALE,2,3.9,7.8,0.0,0.0,0.0,0.0,119,Cola,Getränke,,MwSt. 19%,1.19,6.554622,1.245378,Normalverkauf
S1000183.82592,SP1000183.34.82592,SY1000183.2026.82592,iPad1(1000183),183,01.06.26 17:02,Prod,A1000183.6266,Tisch 5,111,S1000183.82592,SALE,1,5.5,5.5,0.0,0.0,0.0,0.0,114,Fisch Nuggets Box,Beilagen,,MwSt. 7%,1.07,5.140187,0.359813,Normalverkauf
S1000183.82593,SP1000183.34.82593,SY1000183.2026.82593,iPad1(1000183),183,01.06.26 13:34,Prod,A1000183.6267,Tisch 10,115,S1000183.82593,SALE,2,2.8,5.6,0.0,0.0,0.0,0.0,121,Mineralwasser,Getränke,,MwSt. 19%,1.19,4.705882,0.894118,Normalverkauf
S1000183.82594,SP1000183.34.82594,SY1000183.2026.82594,iPad1(1000183),183,01.06.26 19:22,Prod,A1000183.6268,Tisch 14,115,S1000183.82594,SALE,1,3.9,3.9,0.0,0.0,0.0,0.0,127,Alkoholfreies Bier,Getränke,,MwSt. 19%,1.19,3.277311,0.622689,Normalverkauf
S1000183.82595,SP1000183.34.82595,SY1000183.2026.82595,iPad1(1000183),183,01.06.26 19:22,Prod,A1000183.6268,Tisch 14,115,S1000183.82595,SALE,2,11.5,23.0,0.0,0.0,0.0,0.0,105,Garnelen-Kimchi-Bruger,Hauptgerichte,,MwSt. 7%,1.07,21.495327,1.504673,Normalverkauf
S1000183.82596,SP1000183.34.82596,SY1000183.2026.82596,iPad1(1000183),183,01.06.26 11:52,Prod,A1000183.6269,Tisch 22,117,S1000183.82596,SALE,2,2.8,5.6,0.0,0.0,0.0,0.0,121,Mineralwasser,Getränke,,MwSt. 19%,1.19,4.705882,0.894118,Normalverkauf
S1000183.82597,SP1000183.34.82597,SY1000183.2026.82597,iPad1(1000183),183,01.06.26 11:52,Prod,A1000183.6269,Tisch 22,117,S1000183.82597,SALE,1,5.5,5.5,0.0,0.0,0.0,0.0,114,Fisch Nuggets Box,Beilagen,,MwSt. 7%,1.07,5.140187,0.359813,Normalverkauf
S1000183.82598,SP1000183.34.82598,SY1000183.2026.82598,iPad1(1000183),183,01.06.26 13:49,Prod,A1000183.6270,Tisch 1,115,S1000183.82598,SALE,1,4.9,4.9,0.0,0.0,0.0,0.0,112,Kartoffelwedges,Beilagen,,MwSt. 7%,1.07,4.579439,0.320561,Normalverkauf
S1000183.82599,SP1000183.34.82599,SY1000183.2026.82599,iPad1(1000183),183,01.06.26 13:49,Prod,A1000183.6270,Tisch 1,115,S1000183.82599,SALE,2,11.5,23.0,0.0,0.0,0.0,0.0,105,Garnelen-Kimchi-Bruger,Hauptgerichte,,MwSt. 7%,1.07,21.495327,1.504673,Normalverkauf
S1000183.82600,SP1000183.34.82600,SY1000183.2026.82600,iPad1(1000183),183,01.06.26 13:49,Prod,A1000183.6270,Tisch 1,115,S1000183.82600,SALE,1,5.9,5.9,0.0,0.0,0.0,0.0,125,Zitronen-Limonade,Getränke,,MwSt. 19%,1.19,4.957983,0.942017,Normalverkauf
S1000183.82601,SP1000183.34.82601,SY1000183.2026.82601,iPad1(1000183),183,01.06.26 12:31,Prod,A1000183.6271,Tisch 9,111,S1000183.82601,SALE,2,5.5,11.0,0.0,0.0,0.0,0.0,114,Fisch Nuggets Box,Beilagen,,MwSt. 7%,1.07,10.280374,0.719626,Normalverkauf
S1000183.82602,SP1000183.34.82602,SY1000183.2026.82602,iPad1(1000183),183,01.06.26 12:31,Prod,A1000183.6271,Tisch 9,111,S1000183.82602,SALE,2,6.9,13.8,0.0,0.0,0.0,0.0,103,Fischbrötchen Räucherlachs,Hauptspeisen,,MwSt. 7%,1.07,12.897196,0.902804,Normalverkauf
S1000183.82603,SP1000183.34.82603,SY1000183.2026.82603,iPad1(1000183),183,01.06.26 12:35,Prod,A1000183.6272,Tisch 17,106,S1000183.82603,VOID,2,7.9,15.8,0.0,0.0,0.0,0.0,106,Neptun-Ringe,Beilagen,,MwSt. 7%,1.07,14.766355,1.033645,Normalverkauf
S1000183.82604,SP1000183.34.82604,SY1000183.2026.82604,iPad1(1000183),183,01.06.26 12:35,Prod,A1000183.6272,Tisch 17,106,S1000183.82604,VOID,2,3.9,7.8,0.0,0.0,0.0,0.0,124,Cola Zero,Getränke,,MwSt. 19%,1.19,6.554622,1.245378,Normalverkauf
S1000183.82605,SP1000183.34.82605,SY1000183.2026.82605,iPad1(1000183),183,01.06.26 12:35,Prod,A1000183.6272,Tisch 17,106,S1000183.82605,VOID,1,5.5,5.5,0.0,0.0,0.0,0.0,114,Fisch Nuggets Box,Beilagen,,MwSt. 7%,1.07,5.140187,0.359813,Normalverkauf
S1000183.82606,SP1000183.34.82606,SY1000183.2026.82606,iPad1(1000183),183,01.06.26 10:33,Prod,A1000183.6273,Tisch 19,106,S1000183.82606,SALE,1,6.5,6.5,0.0,0.0,0.0,0.0,100,Fischbrötchen Backfisch,Hauptspeisen,,MwSt. 7%,1.07,6.074766,0.425234,Normalverkauf
S1000183.82607,SP1000183.34.82607,SY1000183.2026.82607,iPad1(1000183),183,01.06.26 10:33,Prod,A1000183.6273,Tisch 19,106,S1000183.82607,SALE,1,11.5,11.5,0.0,0.0,0.0,0.0,105,Garnelen-Kimchi-Bruger,Hauptgerichte,,MwSt. 7%,1.07,10.747664,0.752336,Normalverkauf
S1000183.82608,SP1000183.34.82608,SY1000183.2026.82608,iPad1(1000183),183,01.06.26 12:18,Prod,A1000183.6274,Tisch 2,111,S1000183.82608,VOID,2,13.5,27.0,0.0,0.0,0.0,0.0,102,Matjes,Hauptspeisen,,MwSt. 7%,1.07,25.233645,1.766355,Normalverkauf
S1000183.82609,SP1000183.34.82609,SY1000183.2026.82609,iPad1(1000183),183,01.06.26 12:18,Prod,A1000183.6274,Tisch 2,111,S1000183.82609,VOID,1,5.5,5.5,0.0,0.0,0.0,0.0,111,Pommes Frites,Beilagen,,MwSt. 7%,1.07,5.140187,0.359813,Normalverkauf
S1000183.82610,SP1000183.34.82610,SY1000183.2026.82610,iPad1(1000183),183,01.06.26 17:40,Prod,A1000183.6275,Tisch 13,111,S1000183.82610,SALE,1,6.9,6.9,0.0,0.0,0.0,0.0,113,Garnelen Box,Beilagen,,MwSt. 7%,1.07,6.448598,0.451402,Normalverkauf
S1000183.82611,SP1000183.34.82611,SY1000183.2026.82611,iPad1(1000183),183,01.06.26 17:40,Prod,A1000183.6275,Tisch 13,111,S1000183.82611,SALE,1,3.9,3.9,0.0,0.0,0.0,0.0,124,Cola Zero,Getränke,,MwSt. 19%,1.19,3.277311,0.622689,Normalverkauf
S1000183.82612,SP1000183.34.82612,SY1000183.2026.82612,iPad1(1000183),183,01.06.26 17:40,Prod,A1000183.6275,Tisch 13,111,S1000183.82612,SALE,1,3.2,3.2,0.0,0.0,0.0,0.0,120,Apfelschorle,Getränke,,MwSt. 19%,1.19,2.689076,0.510924,Normalverkauf
S1000183.82613,SP1000183.34.82613,SY1000183.2026.82613,iPad1(1000183),183,01.06.26 17:57,Prod,A1000183.6276,Tisch 22,111,S1000183.82613,VOID,2,4.2,8.4,0.0,0.0,0.0,0.0,122,Bier,Getränke,,MwSt. 19%,1.19,7.058824,1.341176,Normalverkauf
S1000183.82614,SP1000183.34.82614,SY1000183.2026.82614,iPad1(1000183),183,01.06.26 17:57,Prod,A1000183.6276,Tisch 22,111,S1000183.82614,VOID,1,10.9,10.9,0.0,0.0,0.0,0.0,104,Thunfisch Wrap,Hauptgerichte,,MwSt. 7%,1.07,10.186916,0.713084,Normalverkauf
S1000183.82615,SP1000183.34.82615,SY1000183.2026.82615,iPad1(1000183),183,01.06.26 17:57,Prod,A1000183.6276,Tisch 22,111,S1000183.82615,VOID,1,3.9,3.9,0.0,0.0,0.0,0.0,124,Cola Zero,Getränke,,MwSt. 19%,1.19,3.277311,0.622689,Normalverkauf
S1000183.82616,SP1000183.34.82616,SY1000183.2026.82616,iPad1(1000183),183,01.06.26 16:06,Prod,A1000183.6277,Tisch 12,115,S1000183.82616,SALE,1,11.5,11.5,0.0,0.0,0.0,0.0,105,Garnelen-Kimchi-Bruger,Hauptgerichte,,MwSt. 7%,1.07,10.747664,0.752336,Normalverkauf
S1000183.82617,SP1000183.34.82617,SY1000183.2026.82617,iPad1(1000183),183,01.06.26 13:32,Prod,A1000183.6278,Tisch 22,120,S1000183.82617,SALE,2,6.5,13.0,0.0,0.0,0.0,0.0,100,Fischbrötchen Backfisch,Hauptspeisen,,MwSt. 7%,1.07,12.149533,0.850467,Normalverkauf
S1000183.82618,SP1000183.34.82618,SY1000183.2026.82618,iPad1(1000183),183,01.06.26 09:43,Prod,A1000183.6279,Tisch 4,106,S1000183.82618,SALE,2,3.9,7.8,0.0,0.0,0.0,0.0,126,Spezi,Getränke,,MwSt. 19%,1.19,6.554622,1.245378,Normalverkauf
S1000183.82619,SP1000183.34.82619,SY1000183.2026.82619,iPad1(1000183),183,01.06.26 09:43,Prod,A1000183.6279,Tisch 4,106,S1000183.82619,SALE,1,5.5,5.5,0.0,0.0,0.0,0.0,111,Pommes Frites,Beilagen,,MwSt. 7%,1.07,5.140187,0.359813,Normalverkauf
S1000183.82620,SP1000183.34.82620,SY1000183.2026.82620,iPad1(1000183),183,01.06.26 20:31,Prod,A1000183.6280,Tisch 15,115,S1000183.82620,SALE,2,7.9,15.8,0.0,0.0,0.0,0.0,106,Neptun-Ringe,Beilagen,,MwSt. 7%,1.07,14.766355,1.033645,Normalverkauf
S1000183.82621,SP1000183.34.82621,SY1000183.2026.82621,iPad1(1000183),183,01.06.26 20:31,Prod,A1000183.6280,Tisch 15,115,S1000183.82621,SALE,2,3.9,7.8,0.0,0.0,0.0,0.0,124,Cola Zero,Getränke,,MwSt. 19%,1.19,6.554622,1.245378,Normalverkauf
S1000183.82622,SP1000183.34.82622,SY1000183.2026.82622,iPad1(1000183),183,01.06.26 10:33,Prod,A1000183.6281,Tisch 14,115,S1000183.82622,SALE,2,2.8,5.6,0.0,0.0,0.0,0.0,121,Mineralwasser,Getränke,,MwSt. 19%,1.19,4.705882,0.894118,Normalverkauf
S1000183.82623,SP1000183.34.82623,SY1000183.2026.82623,iPad1(1000183),183,01.06.26 19:24,Prod,A1000183.6282,Tisch 3,104,S1000183.82623,SALE,2,5.9,11.8,0.0,0.0,0.0,0.0,125,Zitronen-Limonade,Getränke,,MwSt. 19%,1.19,9.915966,1.884034,Normalverkauf
S1000183.82624,SP1000183.34.82624,SY1000183.2026.82624,iPad1(1000183),183,01.06.26 19:24,Prod,A1000183.6282,Tisch 3,104,S1000183.82624,SALE,2,4.2,8.4,0.0,0.0,0.0,0.0,122,Bier,Getränke,,MwSt. 19%,1.19,7.058824,1.341176,Normalverkauf
S1000183.82625,SP1000183.34.82625,SY1000183.2026.82625,iPad1(1000183),183,01.06.26 15:04,Prod,A1000183.6283,Tisch 1,120,S1000183.82625,SALE,2,6.9,13.8,0.0,0.0,0.0,0.0,103,Fischbrötchen Räucherlachs,Hauptspeisen,,MwSt. 7%,1.07,12.897196,0.902804,Normalverkauf
S1000183.82626,SP1000183.34.82626,SY1000183.2026.82626,iPad1(1000183),183,01.06.26 15:04,Prod,A1000183.6283,Tisch 1,120,S1000183.82626,SALE,1,13.5,13.5,0.0,0.0,0.0,0.0,102,Matjes,Hauptspeisen,,MwSt. 7%,1.07,12.616822,0.883178,Normalverkauf
S1000183.82627,SP1000183.34.82627,SY1000183.2026.82627,iPad1(1000183),183,01.06.26 16:10,Prod,A1000183.6284,Tisch 10,120,S1000183.82627,SALE,2,4.2,8.4,0.0,0.0,0.0,0.0,122,Bier,Getränke,,MwSt. 19%,1.19,7.058824,1.341176,Normalverkauf
S1000183.82628,SP1000183.34.82628,SY1000183.2026.82628,iPad1(1000183),183,01.06.26 19:16,Prod,A1000183.6285,Tisch 3,117,S1000183.82628,SALE,1,4.9,4.9,0.0,0.0,0.0,0.0,112,Kartoffelwedges,Beilagen,,MwSt. 7%,1.07,4.579439,0.320561,Normalverkauf
S1000183.82629,SP1000183.34.82629,SY1000183.2026.82629,iPad1(1000183),183,01.06.26 19:16,Prod,A1000183.6285,Tisch 3,117,S1000183.82629,SALE,1,2.8,2.8,0.0,0.0,0.0,0.0,121,Mineralwasser,Getränke,,MwSt. 19%,1.19,2.352941,0.447059,Normalverkauf
S1000183.82630,SP1000183.34.82630,SY1000183.2026.82630,iPad1(1000183),183,01.06.26 12:47,Prod,A1000183.6286,Tisch 16,115,S1000183.82630,SALE,2,3.9,7.8,0.0,0.0,0.0,0.0,127,Alkoholfreies Bier,Getränke,,MwSt. 19%,1.19,6.554622,1.245378,Normalverkauf
S1000183.82631,SP1000183.34.82631,SY1000183.2026.82631,iPad1(1000183),183,01.06.26 09:02,Prod,A1000183.6287,Tisch 23,115,S1000183.82631,SALE,2,2.8,5.6,0.0,0.0,0.0,0.0,121,Mineralwasser,Getränke,,MwSt. 19%,1.19,4.705882,0.894118,Normalverkauf
S1000183.82632,SP1000183.34.82632,SY1000183.2026.82632,iPad1(1000183),183,01.06.26 15:28,Prod,A1000183.6288,Tisch 15,115,S1000183.82632,VOID,2,6.5,13.0,0.0,0.0,0.0,0.0,118,Schokokuchen,Desserts,,MwSt. 7%,1.07,12.149533,0.850467,Normalverkauf
S1000183.82633,SP1000183.34.82633,SY1000183.2026.82633,iPad1(1000183),183,01.06.26 20:13,Prod,A1000183.6289,Tisch 20,111,S1000183.82633,SALE,1,11.5,11.5,0.0,0.0,0.0,0.0,105,Garnelen-Kimchi-Bruger,Hauptgerichte,,MwSt. 7%,1.07,10.747664,0.752336,Normalverkauf
S1000183.82634,SP1000183.34.82634,SY1000183.2026.82634,iPad1(1000183),183,01.06.26 20:13,Prod,A1000183.6289,Tisch 20,111,S1000183.82634,SALE,1,5.9,5.9,0.0,0.0,0.0,0.0,125,Zitronen-Limonade,Getränke,,MwSt. 19%,1.19,4.957983,0.942017,Normalverkauf
S1000183.82635,SP1000183.34.82635,SY1000183.2026.82635,iPad1(1000183),183,01.06.26 12:33,Prod,A1000183.6290,Tisch 16,115,S1000183.82635,VOID,2,3.9,7.8,0.0,0.0,0.0,0.0,124,Cola Zero,Getränke,,MwSt. 19%,1.19,6.554622,1.245378,Normalverkauf
S1000183.82636,SP1000183.34.82636,SY1000183.2026.82636,iPad1(1000183),183,01.06.26 12:33,Prod,A1000183.6290,Tisch 16,115,S1000183.82636,VOID,2,3.9,7.8,0.0,0.0,0.0,0.0,126,Spezi,Getränke,,MwSt. 19%,1.19,6.554622,1.245378,Normalverkauf
S1000183.82637,SP1000183.34.82637,SY1000183.2026.82637,iPad1(1000183),183,01.06.26 12:33,Prod,A1000183.6290,Tisch 16,115,S1000183.82637,VOID,1,5.5,5.5,0.0,0.0,0.0,0.0,111,Pommes Frites,Beilagen,,MwSt. 7%,1.07,5.140187,0.359813,Normalverkauf
S1000183.82638,SP1000183.34.82638,SY1000183.2026.82638,iPad1(1000183),183,01.06.26 09:19,Prod,A1000183.6291,Tisch 11,115,S1000183.82638,SALE,2,4.2,8.4,0.0,0.0,0.0,0.0,122,Bier,Getränke,,MwSt. 19%,1.19,7.058824,1.341176,Normalverkauf
S1000183.82639,SP1000183.34.82639,SY1000183.2026.82639,iPad1(1000183),183,01.06.26 16:25,Prod,A1000183.6292,Tisch 17,115,S1000183.82639,SALE,1,4.2,4.2,0.0,0.0,0.0,0.0,122,Bier,Getränke,,MwSt. 19%,1.19,3.529412,0.670588,Normalverkauf
S1000183.82640,SP1000183.34.82640,SY1000183.2026.82640,iPad1(1000183),183,01.06.26 16:25,Prod,A1000183.6292,Tisch 17,115,S1000183.82640,SALE,2,7.9,15.8,0.0,0.0,0.0,0.0,106,Neptun-Ringe,Beilagen,,MwSt. 7%,1.07,14.766355,1.033645,Normalverkauf
S1000183.82641,SP1000183.34.82641,SY1000183.2026.82641,iPad1(1000183),183,01.06.26 12:10,Prod,A1000183.6293,Tisch 7,115,S1000183.82641,SALE,2,7.9,15.8,0.0,0.0,0.0,0.0,106,Neptun-Ringe,Beilagen,,MwSt. 7%,1.07,14.766355,1.033645,Normalverkauf
S1000183.82642,SP1000183.34.82642,SY1000183.2026.82642,iPad1(1000183),183,01.06.26 12:10,Prod,A1000183.6293,Tisch 7,115,S1000183.82642,SALE,1,6.5,6.5,0.0,0.0,0.0,0.0,118,Schokokuchen,Desserts,,MwSt. 7%,1.07,6.074766,0.425234,Normalverkauf
S1000183.82643,SP1000183.34.82643,SY1000183.2026.82643,iPad1(1000183),183,01.06.26 17:12,Prod,A1000183.6294,Tisch 3,115,S1000183.82643,SALE,1,10.9,10.9,0.0,0.0,0.0,0.0,104,Thunfisch Wrap,Hauptgerichte,,MwSt. 7%,1.07,10.186916,0.713084,Normalverkauf
S1000183.82644,SP1000183.34.82644,SY1000183.2026.82644,iPad1(1000183),183,01.06.26 17:12,Prod,A1000183.6294,Tisch 3,115,S1000183.82644,SALE,2,4.2,8.4,0.0,0.0,0.0,0.0,122,Bier,Getränke,,MwSt. 19%,1.19,7.058824,1.341176,Normalverkauf
S1000183.82645,SP1000183.34.82645,SY1000183.2026.82645,iPad1(1000183),183,01.06.26 17:12,Prod,A1000183.6294,Tisch 3,115,S1000183.82645,SALE,2,6.9,13.8,0.0,0.0,0.0,0.0,103,Fischbrötchen Räucherlachs,Hauptspeisen,,MwSt. 7%,1.07,12.897196,0.902804,Normalverkauf
S1000183.82646,SP1000183.34.82646,SY1000183.2026.82646,iPad1(1000183),183,01.06.26 10:57,Prod,A1000183.6295,Tisch 11,106,S1000183.82646,SALE,1,7.9,7.9,0.0,0.0,0.0,0.0,115,Tiramisu,Desserts,,MwSt. 7%,1.07,7.383178,0.516822,Normalverkauf
S1000183.82647,SP1000183.34.82647,SY1000183.2026.82647,iPad1(1000183),183,01.06.26 10:57,Prod,A1000183.6295,Tisch 11,106,S1000183.82647,SALE,1,4.9,4.9,0.0,0.0,0.0,0.0,112,Kartoffelwedges,Beilagen,,MwSt. 7%,1.07,4.579439,0.320561,Normalverkauf
S1000183.82648,SP1000183.34.82648,SY1000183.2026.82648,iPad1(1000183),183,01.06.26 18:06,Prod,A1000183.6296,Tisch 24,115,S1000183.82648,SALE,2,6.5,13.0,0.0,0.0,0.0,0.0,100,Fischbrötchen Backfisch,Hauptspeisen,,MwSt. 7%,1.07,12.149533,0.850467,Normalverkauf
S1000183.82649,SP1000183.34.82649,SY1000183.2026.82649,iPad1(1000183),183,01.06.26 18:06,Prod,A1000183.6296,Tisch 24,115,S1000183.82649,SALE,2,3.9,7.8,0.0,0.0,0.0,0.0,119,Cola,Getränke,,MwSt. 19%,1.19,6.554622,1.245378,Normalverkauf
S1000183.82650,SP1000183.34.82650,SY1000183.2026.82650,iPad1(1000183),183,01.06.26 18:06,Prod,A1000183.6296,Tisch 24,115,S1000183.82650,SALE,2,6.9,13.8,0.0,0.0,0.0,0.0,103,Fischbrötchen Räucherlachs,Hauptspeisen,,MwSt. 7%,1.07,12.897196,0.902804,Normalverkauf
S1000183.82651,SP1000183.34.82651,SY1000183.2026.82651,iPad1(1000183),183,01.06.26 17:06,Prod,A1000183.6297,Tisch 12,104,S1000183.82651,SALE,1,3.9,3.9,0.0,0.0,0.0,0.0,124,Cola Zero,Getränke,,MwSt. 19%,1.19,3.277311,0.622689,Normalverkauf
S1000183.82652,SP1000183.34.82652,SY1000183.2026.82652,iPad1(1000183),183,01.06.26 17:05,Prod,A1000183.6298,Tisch 21,115,S1000183.82652,VOID,2,3.9,7.8,0.0,0.0,0.0,0.0,119,Cola,Getränke,,MwSt. 19%,1.19,6.554622,1.245378,Normalverkauf
S1000183.82653,SP1000183.34.82653,SY1000183.2026.82653,iPad1(1000183),183,01.06.26 17:05,Prod,A1000183.6298,Tisch 21,115,S1000183.82653,VOID,2,10.9,21.8,0.0,0.0,0.0,0.0,109,Bismarck-Baguette,Hauptgerichte,,MwSt. 7%,1.07,20.373832,1.426168,Normalverkauf
S1000183.82654,SP1000183.34.82654,SY1000183.2026.82654,iPad1(1000183),183,01.06.26 13:16,Prod,A1000183.6299,Tisch 11,120,S1000183.82654,SALE,2,5.9,11.8,0.0,0.0,0.0,0.0,117,Rote Grütze,Desserts,,MwSt. 7%,1.07,11.028037,0.771963,Normalverkauf
S1000183.82655,SP1000183.34.82655,SY1000183.2026.82655,iPad1(1000183),183,01.06.26 13:16,Prod,A1000183.6299,Tisch 11,120,S1000183.82655,SALE,1,11.9,11.9,0.0,0.0,0.0,0.0,110,Matjes-Baguette,Hauptgerichte,,MwSt. 7%,1.07,11.121495,0.778505,Normalverkauf
S1000183.82656,SP1000183.34.82656,SY1000183.2026.82656,iPad1(1000183),183,01.06.26 13:16,Prod,A1000183.6299,Tisch 11,120,S1000183.82656,SALE,2,10.9,21.8,0.0,0.0,0.0,0.0,107,Chicken Burger,Hauptgerichte,,MwSt. 7%,1.07,20.373832,1.426168,Normalverkauf
S1000183.82657,SP1000183.34.82657,SY1000183.2026.82657,iPad1(1000183),183,01.06.26 17:15,Prod,A1000183.6300,Tisch 4,115,S1000183.82657,SALE,1,11.5,11.5,0.0,0.0,0.0,0.0,105,Garnelen-Kimchi-Bruger,Hauptgerichte,,MwSt. 7%,1.07,10.747664,0.752336,Normalverkauf
S1000183.82658,SP1000183.34.82658,SY1000183.2026.82658,iPad1(1000183),183,01.06.26 17:15,Prod,A1000183.6300,Tisch 4,115,S1000183.82658,SALE,1,7.9,7.9,0.0,0.0,0.0,0.0,106,Neptun-Ringe,Beilagen,,MwSt. 7%,1.07,7.383178,0.516822,Normalverkauf
S1000183.82659,SP1000183.34.82659,SY1000183.2026.82659,iPad1(1000183),183,01.06.26 17:15,Prod,A1000183.6300,Tisch 4,115,S1000183.82659,SALE,2,4.2,8.4,0.0,0.0,0.0,0.0,122,Bier,Getränke,,MwSt. 19%,1.19,7.058824,1.341176,Normalverkauf
S1000183.82660,SP1000183.34.82660,SY1000183.2026.82660,iPad1(1000183),183,01.06.26 11:42,Prod,A1000183.6301,Tisch 7,115,S1000183.82660,SALE,1,3.9,3.9,0.0,0.0,0.0,0.0,127,Alkoholfreies Bier,Getränke,,MwSt. 19%,1.19,3.277311,0.622689,Normalverkauf
S1000183.82661,SP1000183.34.82661,SY1000183.2026.82661,iPad1(1000183),183,01.06.26 11:42,Prod,A1000183.6301,Tisch 7,115,S1000183.82661,SALE,2,11.5,23.0,0.0,0.0,0.0,0.0,105,Garnelen-Kimchi-Bruger,Hauptgerichte,,MwSt. 7%,1.07,21.495327,1.504673,Normalverkauf
S1000183.82662,SP1000183.34.82662,SY1000183.2026.82662,iPad1(1000183),183,01.06.26 19:25,Prod,A1000183.6302,Tisch 23,120,S1000183.82662,SALE,2,14.5,29.0,0.0,0.0,0.0,0.0,101,Lachs,Hauptspeisen,,MwSt. 7%,1.07,27.102804,1.897196,Normalverkauf
S1000183.82663,SP1000183.34.82663,SY1000183.2026.82663,iPad1(1000183),183,01.06.26 19:25,Prod,A1000183.6302,Tisch 23,120,S1000183.82663,SALE,1,4.9,4.9,0.0,0.0,0.0,0.0,112,Kartoffelwedges,Beilagen,,MwSt. 7%,1.07,4.579439,0.320561,Normalverkauf
S1000183.82664,SP1000183.34.82664,SY1000183.2026.82664,iPad1(1000183),183,01.06.26 19:25,Prod,A1000183.6302,Tisch 23,120,S1000183.82664,SALE,2,10.9,21.8,0.0,0.0,0.0,0.0,104,Thunfisch Wrap,Hauptgerichte,,MwSt. 7%,1.07,20.373832,1.426168,Normalverkauf
S1000183.82665,SP1000183.34.82665,SY1000183.2026.82665,iPad1(1000183),183,01.06.26 17:09,Prod,A1000183.6303,Tisch 19,106,S1000183.82665,SALE,1,5.5,5.5,0.0,0.0,0.0,0.0,111,Pommes Frites,Beilagen,,MwSt. 7%,1.07,5.140187,0.359813,Normalverkauf
S1000183.82666,SP1000183.34.82666,SY1000183.2026.82666,iPad1(1000183),183,01.06.26 17:09,Prod,A1000183.6303,Tisch 19,106,S1000183.82666,SALE,2,11.5,23.0,0.0,0.0,0.0,0.0,105,Garnelen-Kimchi-Bruger,Hauptgerichte,,MwSt. 7%,1.07,21.495327,1.504673,Normalverkauf
S1000183.82667,SP1000183.34.82667,SY1000183.2026.82667,iPad1(1000183),183,01.06.26 17:09,Prod,A1000183.6303,Tisch 19,106,S1000183.82667,SALE,1,6.5,6.5,0.0,0.0,0.0,0.0,100,Fischbrötchen Backfisch,Hauptspeisen,,MwSt. 7%,1.07,6.074766,0.425234,Normalverkauf
S1000183.82668,SP1000183.34.82668,SY1000183.2026.82668,iPad1(1000183),183,01.06.26 19:19,Prod,A1000183.6304,Tisch 6,115,S1000183.82668,SALE,2,3.9,7.8,0.0,0.0,0.0,0.0,119,Cola,Getränke,,MwSt. 19%,1.19,6.554622,1.245378,Normalverkauf
S1000183.82669,SP1000183.34.82669,SY1000183.2026.82669,iPad1(1000183),183,01.06.26 19:19,Prod,A1000183.6304,Tisch 6,115,S1000183.82669,SALE,1,5.9,5.9,0.0,0.0,0.0,0.0,123,Inger-Limonade,Getränke,,MwSt. 19%,1.19,4.957983,0.942017,Normalverkauf
S1000183.82670,SP1000183.34.82670,SY1000183.2026.82670,iPad1(1000183),183,01.06.26 19:19,Prod,A1000183.6304,Tisch 6,115,S1000183.82670,SALE,1,10.9,10.9,0.0,0.0,0.0,0.0,107,Chicken Burger,Hauptgerichte,,MwSt. 7%,1.07,10.186916,0.713084,Normalverkauf
S1000183.82671,SP1000183.34.82671,SY1000183.2026.82671,iPad1(1000183),183,01.06.26 13:35,Prod,A1000183.6305,Tisch 24,115,S1000183.82671,SALE,2,3.2,6.4,0.0,0.0,0.0,0.0,120,Apfelschorle,Getränke,,MwSt. 19%,1.19,5.378151,1.021849,Normalverkauf
S1000183.82672,SP1000183.34.82672,SY1000183.2026.82672,iPad1(1000183),183,01.06.26 20:40,Prod,A1000183.6306,Tisch 18,111,S1000183.82672,SALE,1,5.5,5.5,0.0,0.0,0.0,0.0,111,Pommes Frites,Beilagen,,MwSt. 7%,1.07,5.140187,0.359813,Normalverkauf
S1000183.82673,SP1000183.34.82673,SY1000183.2026.82673,iPad1(1000183),183,01.06.26 20:40,Prod,A1000183.6306,Tisch 18,111,S1000183.82673,SALE,2,6.9,13.8,0.0,0.0,0.0,0.0,103,Fischbrötchen Räucherlachs,Hauptspeisen,,MwSt. 7%,1.07,12.897196,0.902804,Normalverkauf
S1000183.82674,SP1000183.34.82674,SY1000183.2026.82674,iPad1(1000183),183,01.06.26 16:32,Prod,A1000183.6307,Tisch 2,106,S1000183.82674,SALE,1,6.9,6.9,0.0,0.0,0.0,0.0,103,Fischbrötchen Räucherlachs,Hauptspeisen,,MwSt. 7%,1.07,6.448598,0.451402,Normalverkauf
S1000183.82675,SP1000183.34.82675,SY1000183.2026.82675,iPad1(1000183),183,01.06.26 16:32,Prod,A1000183.6307,Tisch 2,106,S1000183.82675,SALE,2,14.5,29.0,0.0,0.0,0.0,0.0,101,Lachs,Hauptspeisen,,MwSt. 7%,1.07,27.102804,1.897196,Normalverkauf
S1000183.82676,SP1000183.34.82676,SY1000183.2026.82676,iPad1(1000183),183,01.06.26 16:32,Prod,A1000183.6307,Tisch 2,106,S1000183.82676,SALE,2,5.5,11.0,0.0,0.0,0.0,0.0,111,Pommes Frites,Beilagen,,MwSt. 7%,1.07,10.280374,0.719626,Normalverkauf
S1000183.82677,SP1000183.34.82677,SY1000183.2026.82677,iPad1(1000183),183,01.06.26 13:30,Prod,A1000183.6308,Tisch 11,115,S1000183.82677,SALE,1,6.5,6.5,0.0,0.0,0.0,0.0,100,Fischbrötchen Backfisch,Hauptspeisen,,MwSt. 7%,1.07,6.074766,0.425234,Normalverkauf
S1000183.82678,SP1000183.34.82678,SY1000183.2026.82678,iPad1(1000183),183,01.06.26 16:05,Prod,A1000183.6309,Tisch 24,117,S1000183.82678,SALE,1,6.9,6.9,0.0,0.0,0.0,0.0,103,Fischbrötchen Räucherlachs,Hauptspeisen,,MwSt. 7%,1.07,6.448598,0.451402,Normalverkauf
S1000183.82679,SP1000183.34.82679,SY1000183.2026.82679,iPad1(1000183),183,01.06.26 16:05,Prod,A1000183.6309,Tisch 24,117,S1000183.82679,SALE,2,10.9,21.8,0.0,0.0,0.0,0.0,109,Bismarck-Baguette,Hauptgerichte,,MwSt. 7%,1.07,20.373832,1.426168,Normalverkauf
S1000183.82680,SP1000183.34.82680,SY1000183.2026.82680,iPad1(1000183),183,01.06.26 16:05,Prod,A1000183.6309,Tisch 24,117,S1000183.82680,SALE,1,6.9,6.9,0.0,0.0,0.0,0.0,103,Fischbrötchen Räucherlachs,Hauptspeisen,,MwSt. 7%,1.07,6.448598,0.451402,Normalverkauf
S1000183.82681,SP1000183.34.82681,SY1000183.2026.82681,iPad1(1000183),183,01.06.26 17:26,Prod,A1000183.6310,Tisch 15,115,S1000183.82681,SALE,1,10.9,10.9,0.0,0.0,0.0,0.0,104,Thunfisch Wrap,Hauptgerichte,,MwSt. 7%,1.07,10.186916,0.713084,Normalverkauf
S1000183.82682,SP1000183.34.82682,SY1000183.2026.82682,iPad1(1000183),183,01.06.26 17:26,Prod,A1000183.6310,Tisch 15,115,S1000183.82682,SALE,1,7.9,7.9,0.0,0.0,0.0,0.0,115,Tiramisu,Desserts,,MwSt. 7%,1.07,7.383178,0.516822,Normalverkauf
S1000183.82683,SP1000183.34.82683,SY1000183.2026.82683,iPad1(1000183),183,01.06.26 17:26,Prod,A1000183.6310,Tisch 15,115,S1000183.82683,SALE,1,11.5,11.5,0.0,0.0,0.0,0.0,105,Garnelen-Kimchi-Bruger,Hauptgerichte,,MwSt. 7%,1.07,10.747664,0.752336,Normalverkauf
S1000183.82684,SP1000183.34.82684,SY1000183.2026.82684,iPad1(1000183),183,01.06.26 20:39,Prod,A1000183.6311,Tisch 5,115,S1000183.82684,SALE,1,4.9,4.9,0.0,0.0,0.0,0.0,112,Kartoffelwedges,Beilagen,,MwSt. 7%,1.07,4.579439,0.320561,Normalverkauf
S1000183.82685,SP1000183.34.82685,SY1000183.2026.82685,iPad1(1000183),183,01.06.26 19:13,Prod,A1000183.6312,Tisch 17,115,S1000183.82685,SALE,2,6.5,13.0,0.0,0.0,0.0,0.0,100,Fischbrötchen Backfisch,Hauptspeisen,,MwSt. 7%,1.07,12.149533,0.850467,Normalverkauf
S1000183.82686,SP1000183.34.82686,SY1000183.2026.82686,iPad1(1000183),183,01.06.26 19:13,Prod,A1000183.6312,Tisch 17,115,S1000183.82686,SALE,2,5.9,11.8,0.0,0.0,0.0,0.0,116,Vanillequark,Desserts,,MwSt. 7%,1.07,11.028037,0.771963,Normalverkauf
S1000183.82687,SP1000183.34.82687,SY1000183.2026.82687,iPad1(1000183),183,01.06.26 19:13,Prod,A1000183.6312,Tisch 17,115,S1000183.82687,SALE,2,5.5,11.0,0.0,0.0,0.0,0.0,111,Pommes Frites,Beilagen,,MwSt. 7%,1.07,10.280374,0.719626,Normalverkauf
S1000183.82688,SP1000183.34.82688,SY1000183.2026.82688,iPad1(1000183),183,01.06.26 13:00,Prod,A1000183.6313,Tisch 5,106,S1000183.82688,SALE,2,6.9,13.8,0.0,0.0,0.0,0.0,103,Fischbrötchen Räucherlachs,Hauptspeisen,,MwSt. 7%,1.07,12.897196,0.902804,Normalverkauf
S1000183.82689,SP1000183.34.82689,SY1000183.2026.82689,iPad1(1000183),183,01.06.26 13:00,Prod,A1000183.6313,Tisch 5,106,S1000183.82689,SALE,1,5.9,5.9,0.0,0.0,0.0,0.0,123,Inger-Limonade,Getränke,,MwSt. 19%,1.19,4.957983,0.942017,Normalverkauf
S1000183.82690,SP1000183.34.82690,SY1000183.2026.82690,iPad1(1000183),183,01.06.26 13:00,Prod,A1000183.6313,Tisch 5,106,S1000183.82690,SALE,1,5.9,5.9,0.0,0.0,0.0,0.0,117,Rote Grütze,Desserts,,MwSt. 7%,1.07,5.514019,0.385981,Normalverkauf
S1000183.82691,SP1000183.34.82691,SY1000183.2026.82691,iPad1(1000183),183,01.06.26 09:25,Prod,A1000183.6314,,115,S1000183.82691,VOID,2,5.9,11.8,0.0,0.0,0.0,0.0,117,Rote Grütze,Desserts,,MwSt. 7%,1.07,11.028037,0.771963,Normalverkauf
S1000183.82692,SP1000183.34.82692,SY1000183.2026.82692,iPad1(1000183),183,01.06.26 09:25,Prod,A1000183.6314,,115,S1000183.82692,VOID,1,4.2,4.2,0.0,0.0,0.0,0.0,122,Bier,Getränke,,MwSt. 19%,1.19,3.529412,0.670588,Normalverkauf
S1000183.82693,SP1000183.34.82693,SY1000183.2026.82693,iPad1(1000183),183,01.06.26 15:30,Prod,A1000183.6315,Tisch 22,111,S1000183.82693,SALE,2,5.5,11.0,0.0,0.0,0.0,0.0,114,Fisch Nuggets Box,Beilagen,,MwSt. 7%,1.07,10.280374,0.719626,Normalverkauf
S1000183.82694,SP1000183.34.82694,SY1000183.2026.82694,iPad1(1000183),183,01.06.26 15:30,Prod,A1000183.6315,Tisch 22,111,S1000183.82694,SALE,1,10.9,10.9,0.0,0.0,0.0,0.0,104,Thunfisch Wrap,Hauptgerichte,,MwSt. 7%,1.07,10.186916,0.713084,Normalverkauf
S1000183.82695,SP1000183.34.82695,SY1000183.2026.82695,iPad1(1000183),183,01.06.26 15:30,Prod,A1000183.6315,Tisch 22,111,S1000183.82695,SALE,2,5.9,11.8,0.0,0.0,0.0,0.0,125,Zitronen-Limonade,Getränke,,MwSt. 19%,1.19,9.915966,1.884034,Normalverkauf
S1000183.82696,SP1000183.34.82696,SY1000183.2026.82696,iPad1(1000183),183,01.06.26 19:27,Prod,A1000183.6316,Tisch 2,117,S1000183.82696,SALE,2,6.5,13.0,0.0,0.0,0.0,0.0,100,Fischbrötchen Backfisch,Hauptspeisen,,MwSt. 7%,1.07,12.149533,0.850467,Normalverkauf
S1000183.82697,SP1000183.34.82697,SY1000183.2026.82697,iPad1(1000183),183,01.06.26 11:26,Prod,A1000183.6317,,120,S1000183.82697,SALE,1,3.9,3.9,0.0,0.0,0.0,0.0,119,Cola,Getränke,,MwSt. 19%,1.19,3.277311,0.622689,Normalverkauf
S1000183.82698,SP1000183.34.82698,SY1000183.2026.82698,iPad1(1000183),183,01.06.26 11:26,Prod,A1000183.6317,,120,S1000183.82698,SALE,1,11.9,11.9,0.0,0.0,0.0,0.0,110,Matjes-Baguette,Hauptgerichte,,MwSt. 7%,1.07,11.121495,0.778505,Normalverkauf
S1000183.82699,SP1000183.34.82699,SY1000183.2026.82699,iPad1(1000183),183,01.06.26 15:34,Prod,A1000183.6318,Tisch 1,104,S1000183.82699,VOID,1,3.9,3.9,0.0,0.0,0.0,0.0,119,Cola,Getränke,,MwSt. 19%,1.19,3.277311,0.622689,Normalverkauf
S1000183.82700,SP1000183.34.82700,SY1000183.2026.82700,iPad1(1000183),183,01.06.26 15:34,Prod,A1000183.6318,Tisch 1,104,S1000183.82700,VOID,1,5.5,5.5,0.0,0.0,0.0,0.0,114,Fisch Nuggets Box,Beilagen,,MwSt. 7%,1.07,5.140187,0.359813,Normalverkauf
S1000183.82701,SP1000183.34.82701,SY1000183.2026.82701,iPad1(1000183),183,01.06.26 19:02,Prod,A1000183.6319,Tisch 1,104,S1000183.82701,SALE,2,5.9,11.8,0.0,0.0,0.0,0.0,125,Zitronen-Limonade,Getränke,,MwSt. 19%,1.19,9.915966,1.884034,Normalverkauf
S1000183.82702,SP1000183.34.82702,SY1000183.2026.82702,iPad1(1000183),183,01.06.26 15:18,Prod,A1000183.6320,Tisch 17,120,S1000183.82702,SALE,1,5.9,5.9,0.0,0.0,0.0,0.0,117,Rote Grütze,Desserts,,MwSt. 7%,1.07,5.514019,0.385981,Normalverkauf
S1000183.82703,SP1000183.34.82703,SY1000183.2026.82703,iPad1(1000183),183,01.06.26 15:18,Prod,A1000183.6320,Tisch 17,120,S1000183.82703,SALE,1,10.9,10.9,0.0,0.0,0.0,0.0,107,Chicken Burger,Hauptgerichte,,MwSt. 7%,1.07,10.186916,0.713084,Normalverkauf
S1000183.82704,SP1000183.34.82704,SY1000183.2026.82704,iPad1(1000183),183,01.06.26 15:18,Prod,A1000183.6320,Tisch 17,120,S1000183.82704,SALE,1,14.5,14.5,0.0,0.0,0.0,0.0,101,Lachs,Hauptspeisen,,MwSt. 7%,1.07,13.551402,0.948598,Normalverkauf
S1000183.82705,SP1000183.34.82705,SY1000183.2026.82705,iPad1(1000183),183,01.06.26 20:48,Prod,A1000183.6321,Tisch 15,117,S1000183.82705,SALE,1,14.5,14.5,0.0,0.0,0.0,0.0,101,Lachs,Hauptspeisen,,MwSt. 7%,1.07,13.551402,0.948598,Normalverkauf
S1000183.82706,SP1000183.34.82706,SY1000183.2026.82706,iPad1(1000183),183,01.06.26 20:48,Prod,A1000183.6321,Tisch 15,117,S1000183.82706,SALE,2,4.2,8.4,0.0,0.0,0.0,0.0,122,Bier,Getränke,,MwSt. 19%,1.19,7.058824,1.341176,Normalverkauf
S1000183.82707,SP1000183.34.82707,SY1000183.2026.82707,iPad1(1000183),183,01.06.26 20:48,Prod,A1000183.6321,Tisch 15,117,S1000183.82707,SALE,1,5.5,5.5,0.0,0.0,0.0,0.0,111,Pommes Frites,Beilagen,,MwSt. 7%,1.07,5.140187,0.359813,Normalverkauf
S1000183.82708,SP1000183.34.82708,SY1000183.2026.82708,iPad1(1000183),183,01.06.26 20:26,Prod,A1000183.6322,Tisch 19,104,S1000183.82708,SALE,2,4.9,9.8,0.0,0.0,0.0,0.0,112,Kartoffelwedges,Beilagen,,MwSt. 7%,1.07,9.158879,0.641121,Normalverkauf
S1000183.82709,SP1000183.34.82709,SY1000183.2026.82709,iPad1(1000183),183,01.06.26 16:42,Prod,A1000183.6323,Tisch 10,120,S1000183.82709,SALE,1,4.9,4.9,0.0,0.0,0.0,0.0,112,Kartoffelwedges,Beilagen,,MwSt. 7%,1.07,4.579439,0.320561,Normalverkauf
S1000183.82710,SP1000183.34.82710,SY1000183.2026.82710,iPad1(1000183),183,01.06.26 16:42,Prod,A1000183.6323,Tisch 10,120,S1000183.82710,SALE,2,4.2,8.4,0.0,0.0,0.0,0.0,122,Bier,Getränke,,MwSt. 19%,1.19,7.058824,1.341176,Normalverkauf
S1000183.82711,SP1000183.34.82711,SY1000183.2026.82711,iPad1(1000183),183,01.06.26 13:06,Prod,A1000183.6324,Tisch 2,120,S1000183.82711,SALE,1,2.8,2.8,0.0,0.0,0.0,0.0,121,Mineralwasser,Getränke,,MwSt. 19%,1.19,2.352941,0.447059,Normalverkauf
S1000183.82712,SP1000183.34.82712,SY1000183.2026.82712,iPad1(1000183),183,01.06.26 13:06,Prod,A1000183.6324,Tisch 2,120,S1000183.82712,SALE,1,5.9,5.9,0.0,0.0,0.0,0.0,125,Zitronen-Limonade,Getränke,,MwSt. 19%,1.19,4.957983,0.942017,Normalverkauf
S1000183.82713,SP1000183.34.82713,SY1000183.2026.82713,iPad1(1000183),183,01.06.26 13:06,Prod,A1000183.6324,Tisch 2,120,S1000183.82713,SALE,1,3.9,3.9,0.0,0.0,0.0,0.0,127,Alkoholfreies Bier,Getränke,,MwSt. 19%,1.19,3.277311,0.622689,Normalverkauf
S1000183.82714,SP1000183.34.82714,SY1000183.2026.82714,iPad1(1000183),183,01.06.26 19:09,Prod,A1000183.6325,,104,S1000183.82714,SALE,1,10.9,10.9,0.0,0.0,0.0,0.0,107,Chicken Burger,Hauptgerichte,,MwSt. 7%,1.07,10.186916,0.713084,Normalverkauf
S1000183.82715,SP1000183.34.82715,SY1000183.2026.82715,iPad1(1000183),183,01.06.26 08:16,Prod,A1000183.6326,Tisch 13,104,S1000183.82715,SALE,1,3.9,3.9,0.0,0.0,0.0,0.0,119,Cola,Getränke,,MwSt. 19%,1.19,3.277311,0.622689,Normalverkauf
S1000183.82716,SP1000183.34.82716,SY1000183.2026.82716,iPad1(1000183),183,01.06.26 08:16,Prod,A1000183.6326,Tisch 13,104,S1000183.82716,SALE,1,5.5,5.5,0.0,0.0,0.0,0.0,111,Pommes Frites,Beilagen,,MwSt. 7%,1.07,5.140187,0.359813,Normalverkauf
S1000183.82717,SP1000183.34.82717,SY1000183.2026.82717,iPad1(1000183),183,01.06.26 16:20,Prod,A1000183.6327,Tisch 9,120,S1000183.82717,SALE,2,3.9,7.8,0.0,0.0,0.0,0.0,124,Cola Zero,Getränke,,MwSt. 19%,1.19,6.554622,1.245378,Normalverkauf
S1000183.82718,SP1000183.34.82718,SY1000183.2026.82718,iPad1(1000183),183,01.06.26 16:43,Prod,A1000183.6328,Tisch 14,115,S1000183.82718,SALE,2,11.5,23.0,0.0,0.0,0.0,0.0,105,Garnelen-Kimchi-Bruger,Hauptgerichte,,MwSt. 7%,1.07,21.495327,1.504673,Normalverkauf
S1000183.82719,SP1000183.34.82719,SY1000183.2026.82719,iPad1(1000183),183,01.06.26 11:37,Prod,A1000183.6329,Tisch 20,104,S1000183.82719,SALE,2,3.2,6.4,0.0,0.0,0.0,0.0,120,Apfelschorle,Getränke,,MwSt. 19%,1.19,5.378151,1.021849,Normalverkauf
S1000183.82720,SP1000183.34.82720,SY1000183.2026.82720,iPad1(1000183),183,02.06.26 17:47,Prod,A1000183.6330,,111,S1000183.82720,VOID,2,11.5,23.0,0.0,0.0,0.0,0.0,105,Garnelen-Kimchi-Bruger,Hauptgerichte,,MwSt. 7%,1.07,21.495327,1.504673,Normalverkauf
S1000183.82721,SP1000183.34.82721,SY1000183.2026.82721,iPad1(1000183),183,02.06.26 20:24,Prod,A1000183.6331,Tisch 13,104,S1000183.82721,SALE,1,3.2,3.2,0.0,0.0,0.0,0.0,120,Apfelschorle,Getränke,,MwSt. 19%,1.19,2.689076,0.510924,Normalverkauf
S1000183.82722,SP1000183.34.82722,SY1000183.2026.82722,iPad1(1000183),183,02.06.26 20:24,Prod,A1000183.6331,Tisch 13,104,S1000183.82722,SALE,1,11.5,11.5,0.0,0.0,0.0,0.0,105,Garnelen-Kimchi-Bruger,Hauptgerichte,,MwSt. 7%,1.07,10.747664,0.752336,Normalverkauf
S1000183.82723,SP1000183.34.82723,SY1000183.2026.82723,iPad1(1000183),183,02.06.26 10:39,Prod,A1000183.6332,,104,S1000183.82723,SALE,2,6.5,13.0,0.0,0.0,0.0,0.0,100,Fischbrötchen Backfisch,Hauptspeisen,,MwSt. 7%,1.07,12.149533,0.850467,Normalverkauf
S1000183.82724,SP1000183.34.82724,SY1000183.2026.82724,iPad1(1000183),183,02.06.26 10:39,Prod,A1000183.6332,,104,S1000183.82724,SALE,1,4.9,4.9,0.0,0.0,0.0,0.0,112,Kartoffelwedges,Beilagen,,MwSt. 7%,1.07,4.579439,0.320561,Normalverkauf
S1000183.82725,SP1000183.34.82725,SY1000183.2026.82725,iPad1(1000183),183,02.06.26 10:39,Prod,A1000183.6332,,104,S1000183.82725,SALE,1,4.9,4.9,0.0,0.0,0.0,0.0,112,Kartoffelwedges,Beilagen,,MwSt. 7%,1.07,4.579439,0.320561,Normalverkauf
S1000183.82726,SP1000183.34.82726,SY1000183.2026.82726,iPad1(1000183),183,02.06.26 11:35,Prod,A1000183.6333,Tisch 4,111,S1000183.82726,SALE,1,2.8,2.8,0.0,0.0,0.0,0.0,121,Mineralwasser,Getränke,,MwSt. 19%,1.19,2.352941,0.447059,Normalverkauf
S1000183.82727,SP1000183.34.82727,SY1000183.2026.82727,iPad1(1000183),183,02.06.26 11:35,Prod,A1000183.6333,Tisch 4,111,S1000183.82727,SALE,2,10.9,21.8,0.0,0.0,0.0,0.0,107,Chicken Burger,Hauptgerichte,,MwSt. 7%,1.07,20.373832,1.426168,Normalverkauf
S1000183.82728,SP1000183.34.82728,SY1000183.2026.82728,iPad1(1000183),183,02.06.26 11:14,Prod,A1000183.6334,Tisch 20,120,S1000183.82728,SALE,2,10.9,21.8,0.0,0.0,0.0,0.0,109,Bismarck-Baguette,Hauptgerichte,,MwSt. 7%,1.07,20.373832,1.426168,Normalverkauf
S1000183.82729,SP1000183.34.82729,SY1000183.2026.82729,iPad1(1000183),183,02.06.26 12:35,Prod,A1000183.6335,Tisch 19,120,S1000183.82729,SALE,1,3.9,3.9,0.0,0.0,0.0,0.0,119,Cola,Getränke,,MwSt. 19%,1.19,3.277311,0.622689,Normalverkauf
S1000183.82730,SP1000183.34.82730,SY1000183.2026.82730,iPad1(1000183),183,02.06.26 12:35,Prod,A1000183.6335,Tisch 19,120,S1000183.82730,SALE,2,5.5,11.0,0.0,0.0,0.0,0.0,114,Fisch Nuggets Box,Beilagen,,MwSt. 7%,1.07,10.280374,0.719626,Normalverkauf
S1000183.82731,SP1000183.34.82731,SY1000183.2026.82731,iPad1(1000183),183,02.06.26 12:35,Prod,A1000183.6335,Tisch 19,120,S1000183.82731,SALE,1,3.9,3.9,0.0,0.0,0.0,0.0,126,Spezi,Getränke,,MwSt. 19%,1.19,3.277311,0.622689,Normalverkauf
S1000183.82732,SP1000183.34.82732,SY1000183.2026.82732,iPad1(1000183),183,02.06.26 17:14,Prod,A1000183.6336,Tisch 22,111,S1000183.82732,VOID,1,5.9,5.9,0.0,0.0,0.0,0.0,123,Inger-Limonade,Getränke,,MwSt. 19%,1.19,4.957983,0.942017,Normalverkauf
S1000183.82733,SP1000183.34.82733,SY1000183.2026.82733,iPad1(1000183),183,02.06.26 11:05,Prod,A1000183.6337,Tisch 23,106,S1000183.82733,SALE,2,3.9,7.8,0.0,0.0,0.0,0.0,126,Spezi,Getränke,,MwSt. 19%,1.19,6.554622,1.245378,Normalverkauf
S1000183.82734,SP1000183.34.82734,SY1000183.2026.82734,iPad1(1000183),183,02.06.26 11:05,Prod,A1000183.6337,Tisch 23,106,S1000183.82734,SALE,2,14.5,29.0,0.0,0.0,0.0,0.0,101,Lachs,Hauptspeisen,,MwSt. 7%,1.07,27.102804,1.897196,Normalverkauf
S1000183.82735,SP1000183.34.82735,SY1000183.2026.82735,iPad1(1000183),183,02.06.26 11:14,Prod,A1000183.6338,Tisch 1,115,S1000183.82735,SALE,1,3.9,3.9,0.0,0.0,0.0,0.0,124,Cola Zero,Getränke,,MwSt. 19%,1.19,3.277311,0.622689,Normalverkauf
S1000183.82736,SP1000183.34.82736,SY1000183.2026.82736,iPad1(1000183),183,02.06.26 08:56,Prod,A1000183.6339,Tisch 7,117,S1000183.82736,SALE,1,11.5,11.5,0.0,0.0,0.0,0.0,105,Garnelen-Kimchi-Bruger,Hauptgerichte,,MwSt. 7%,1.07,10.747664,0.752336,Normalverkauf
S1000183.82737,SP1000183.34.82737,SY1000183.2026.82737,iPad1(1000183),183,02.06.26 17:32,Prod,A1000183.6340,Tisch 7,120,S1000183.82737,SALE,2,5.9,11.8,0.0,0.0,0.0,0.0,117,Rote Grütze,Desserts,,MwSt. 7%,1.07,11.028037,0.771963,Normalverkauf
S1000183.82738,SP1000183.34.82738,SY1000183.2026.82738,iPad1(1000183),183,02.06.26 17:32,Prod,A1000183.6340,Tisch 7,120,S1000183.82738,SALE,1,3.9,3.9,0.0,0.0,0.0,0.0,119,Cola,Getränke,,MwSt. 19%,1.19,3.277311,0.622689,Normalverkauf
S1000183.82739,SP1000183.34.82739,SY1000183.2026.82739,iPad1(1000183),183,02.06.26 17:32,Prod,A1000183.6340,Tisch 7,120,S1000183.82739,SALE,2,4.2,8.4,0.0,0.0,0.0,0.0,122,Bier,Getränke,,MwSt. 19%,1.19,7.058824,1.341176,Normalverkauf
S1000183.82740,SP1000183.34.82740,SY1000183.2026.82740,iPad1(1000183),183,02.06.26 11:02,Prod,A1000183.6341,,120,S1000183.82740,SALE,1,2.8,2.8,0.0,0.0,0.0,0.0,121,Mineralwasser,Getränke,,MwSt. 19%,1.19,2.352941,0.447059,Normalverkauf
S1000183.82741,SP1000183.34.82741,SY1000183.2026.82741,iPad1(1000183),183,02.06.26 11:21,Prod,A1000183.6342,,115,S1000183.82741,SALE,2,10.9,21.8,0.0,0.0,0.0,0.0,104,Thunfisch Wrap,Hauptgerichte,,MwSt. 7%,1.07,20.373832,1.426168,Normalverkauf
S1000183.82742,SP1000183.34.82742,SY1000183.2026.82742,iPad1(1000183),183,02.06.26 11:21,Prod,A1000183.6342,,115,S1000183.82742,SALE,1,4.2,4.2,0.0,0.0,0.0,0.0,122,Bier,Getränke,,MwSt. 19%,1.19,3.529412,0.670588,Normalverkauf
S1000183.82743,SP1000183.34.82743,SY1000183.2026.82743,iPad1(1000183),183,02.06.26 16:58,Prod,A1000183.6343,,115,S1000183.82743,VOID,2,3.9,7.8,0.0,0.0,0.0,0.0,119,Cola,Getränke,,MwSt. 19%,1.19,6.554622,1.245378,Normalverkauf
S1000183.82744,SP1000183.34.82744,SY1000183.2026.82744,iPad1(1000183),183,02.06.26 16:58,Prod,A1000183.6343,,115,S1000183.82744,VOID,2,5.9,11.8,0.0,0.0,0.0,0.0,125,Zitronen-Limonade,Getränke,,MwSt. 19%,1.19,9.915966,1.884034,Normalverkauf
S1000183.82745,SP1000183.34.82745,SY1000183.2026.82745,iPad1(1000183),183,02.06.26 17:25,Prod,A1000183.6344,Tisch 23,104,S1000183.82745,SALE,1,3.9,3.9,0.0,0.0,0.0,0.0,126,Spezi,Getränke,,MwSt. 19%,1.19,3.277311,0.622689,Normalverkauf
S1000183.82746,SP1000183.34.82746,SY1000183.2026.82746,iPad1(1000183),183,02.06.26 17:25,Prod,A1000183.6344,Tisch 23,104,S1000183.82746,SALE,1,9.8,9.8,0.0,0.0,0.0,0.0,108,Seelachs-Ei-Baugette,Hauptgerichte,,MwSt. 7%,1.07,9.158879,0.641121,Normalverkauf
S1000183.82747,SP1000183.34.82747,SY1000183.2026.82747,iPad1(1000183),183,02.06.26 17:25,Prod,A1000183.6344,Tisch 23,104,S1000183.82747,SALE,2,14.5,29.0,0.0,0.0,0.0,0.0,101,Lachs,Hauptspeisen,,MwSt. 7%,1.07,27.102804,1.897196,Normalverkauf
S1000183.82748,SP1000183.34.82748,SY1000183.2026.82748,iPad1(1000183),183,02.06.26 11:40,Prod,A1000183.6345,Tisch 12,115,S1000183.82748,SALE,2,4.9,9.8,0.0,0.0,0.0,0.0,112,Kartoffelwedges,Beilagen,,MwSt. 7%,1.07,9.158879,0.641121,Normalverkauf
S1000183.82749,SP1000183.34.82749,SY1000183.2026.82749,iPad1(1000183),183,02.06.26 16:03,Prod,A1000183.6346,Tisch 10,117,S1000183.82749,SALE,2,2.8,5.6,0.0,0.0,0.0,0.0,121,Mineralwasser,Getränke,,MwSt. 19%,1.19,4.705882,0.894118,Normalverkauf
S1000183.82750,SP1000183.34.82750,SY1000183.2026.82750,iPad1(1000183),183,02.06.26 16:03,Prod,A1000183.6346,Tisch 10,117,S1000183.82750,SALE,1,9.8,9.8,0.0,0.0,0.0,0.0,108,Seelachs-Ei-Baugette,Hauptgerichte,,MwSt. 7%,1.07,9.158879,0.641121,Normalverkauf
S1000183.82751,SP1000183.34.82751,SY1000183.2026.82751,iPad1(1000183),183,02.06.26 16:03,Prod,A1000183.6346,Tisch 10,117,S1000183.82751,SALE,2,10.9,21.8,0.0,0.0,0.0,0.0,107,Chicken Burger,Hauptgerichte,,MwSt. 7%,1.07,20.373832,1.426168,Normalverkauf
S1000183.82752,SP1000183.34.82752,SY1000183.2026.82752,iPad1(1000183),183,02.06.26 12:03,Prod,A1000183.6347,Tisch 10,120,S1000183.82752,SALE,1,6.5,6.5,0.0,0.0,0.0,0.0,100,Fischbrötchen Backfisch,Hauptspeisen,,MwSt. 7%,1.07,6.074766,0.425234,Normalverkauf
S1000183.82753,SP1000183.34.82753,SY1000183.2026.82753,iPad1(1000183),183,02.06.26 11:29,Prod,A1000183.6348,Tisch 12,120,S1000183.82753,SALE,1,3.9,3.9,0.0,0.0,0.0,0.0,124,Cola Zero,Getränke,,MwSt. 19%,1.19,3.277311,0.622689,Normalverkauf
S1000183.82754,SP1000183.34.82754,SY1000183.2026.82754,iPad1(1000183),183,02.06.26 11:29,Prod,A1000183.6348,Tisch 12,120,S1000183.82754,SALE,2,2.8,5.6,0.0,0.0,0.0,0.0,121,Mineralwasser,Getränke,,MwSt. 19%,1.19,4.705882,0.894118,Normalverkauf
S1000183.82755,SP1000183.34.82755,SY1000183.2026.82755,iPad1(1000183),183,02.06.26 13:05,Prod,A1000183.6349,Tisch 16,106,S1000183.82755,SALE,1,2.8,2.8,0.0,0.0,0.0,0.0,121,Mineralwasser,Getränke,,MwSt. 19%,1.19,2.352941,0.447059,Normalverkauf
S1000183.82756,SP1000183.34.82756,SY1000183.2026.82756,iPad1(1000183),183,02.06.26 13:05,Prod,A1000183.6349,Tisch 16,106,S1000183.82756,SALE,1,4.9,4.9,0.0,0.0,0.0,0.0,112,Kartoffelwedges,Beilagen,,MwSt. 7%,1.07,4.579439,0.320561,Normalverkauf
S1000183.82757,SP1000183.34.82757,SY1000183.2026.82757,iPad1(1000183),183,02.06.26 13:02,Prod,A1000183.6350,Tisch 12,115,S1000183.82757,SALE,1,3.9,3.9,0.0,0.0,0.0,0.0,126,Spezi,Getränke,,MwSt. 19%,1.19,3.277311,0.622689,Normalverkauf
S1000183.82758,SP1000183.34.82758,SY1000183.2026.82758,iPad1(1000183),183,02.06.26 13:02,Prod,A1000183.6350,Tisch 12,115,S1000183.82758,SALE,2,10.9,21.8,0.0,0.0,0.0,0.0,107,Chicken Burger,Hauptgerichte,,MwSt. 7%,1.07,20.373832,1.426168,Normalverkauf
S1000183.82759,SP1000183.34.82759,SY1000183.2026.82759,iPad1(1000183),183,02.06.26 16:49,Prod,A1000183.6351,Tisch 7,111,S1000183.82759,SALE,1,10.9,10.9,0.0,0.0,0.0,0.0,109,Bismarck-Baguette,Hauptgerichte,,MwSt. 7%,1.07,10.186916,0.713084,Normalverkauf
S1000183.82760,SP1000183.34.82760,SY1000183.2026.82760,iPad1(1000183),183,02.06.26 16:49,Prod,A1000183.6351,Tisch 7,111,S1000183.82760,SALE,2,4.2,8.4,0.0,0.0,0.0,0.0,122,Bier,Getränke,,MwSt. 19%,1.19,7.058824,1.341176,Normalverkauf
S1000183.82761,SP1000183.34.82761,SY1000183.2026.82761,iPad1(1000183),183,02.06.26 16:49,Prod,A1000183.6351,Tisch 7,111,S1000183.82761,SALE,1,10.9,10.9,0.0,0.0,0.0,0.0,104,Thunfisch Wrap,Hauptgerichte,,MwSt. 7%,1.07,10.186916,0.713084,Normalverkauf
S1000183.82762,SP1000183.34.82762,SY1000183.2026.82762,iPad1(1000183),183,02.06.26 18:16,Prod,A1000183.6352,Tisch 20,104,S1000183.82762,SALE,2,13.5,27.0,0.0,0.0,0.0,0.0,102,Matjes,Hauptspeisen,,MwSt. 7%,1.07,25.233645,1.766355,Normalverkauf
S1000183.82763,SP1000183.34.82763,SY1000183.2026.82763,iPad1(1000183),183,02.06.26 18:16,Prod,A1000183.6352,Tisch 20,104,S1000183.82763,SALE,1,6.5,6.5,0.0,0.0,0.0,0.0,100,Fischbrötchen Backfisch,Hauptspeisen,,MwSt. 7%,1.07,6.074766,0.425234,Normalverkauf
S1000183.82764,SP1000183.34.82764,SY1000183.2026.82764,iPad1(1000183),183,02.06.26 18:16,Prod,A1000183.6352,Tisch 20,104,S1000183.82764,SALE,2,5.5,11.0,0.0,0.0,0.0,0.0,111,Pommes Frites,Beilagen,,MwSt. 7%,1.07,10.280374,0.719626,Normalverkauf
S1000183.82765,SP1000183.34.82765,SY1000183.2026.82765,iPad1(1000183),183,02.06.26 11:48,Prod,A1000183.6353,Tisch 11,115,S1000183.82765,SALE,1,2.8,2.8,0.0,0.0,0.0,0.0,121,Mineralwasser,Getränke,,MwSt. 19%,1.19,2.352941,0.447059,Normalverkauf
S1000183.82766,SP1000183.34.82766,SY1000183.2026.82766,iPad1(1000183),183,02.06.26 11:48,Prod,A1000183.6353,Tisch 11,115,S1000183.82766,SALE,2,3.9,7.8,0.0,0.0,0.0,0.0,124,Cola Zero,Getränke,,MwSt. 19%,1.19,6.554622,1.245378,Normalverkauf
S1000183.82767,SP1000183.34.82767,SY1000183.2026.82767,iPad1(1000183),183,02.06.26 11:48,Prod,A1000183.6353,Tisch 11,115,S1000183.82767,SALE,2,10.9,21.8,0.0,0.0,0.0,0.0,107,Chicken Burger,Hauptgerichte,,MwSt. 7%,1.07,20.373832,1.426168,Normalverkauf
S1000183.82768,SP1000183.34.82768,SY1000183.2026.82768,iPad1(1000183),183,02.06.26 11:54,Prod,A1000183.6354,Tisch 3,104,S1000183.82768,SALE,1,2.8,2.8,0.0,0.0,0.0,0.0,121,Mineralwasser,Getränke,,MwSt. 19%,1.19,2.352941,0.447059,Normalverkauf
S1000183.82769,SP1000183.34.82769,SY1000183.2026.82769,iPad1(1000183),183,02.06.26 11:54,Prod,A1000183.6354,Tisch 3,104,S1000183.82769,SALE,2,2.8,5.6,0.0,0.0,0.0,0.0,121,Mineralwasser,Getränke,,MwSt. 19%,1.19,4.705882,0.894118,Normalverkauf
S1000183.82770,SP1000183.34.82770,SY1000183.2026.82770,iPad1(1000183),183,02.06.26 19:41,Prod,A1000183.6355,Tisch 20,106,S1000183.82770,SALE,1,14.5,14.5,0.0,0.0,0.0,0.0,101,Lachs,Hauptspeisen,,MwSt. 7%,1.07,13.551402,0.948598,Normalverkauf
S1000183.82771,SP1000183.34.82771,SY1000183.2026.82771,iPad1(1000183),183,02.06.26 19:41,Prod,A1000183.6355,Tisch 20,106,S1000183.82771,SALE,2,5.5,11.0,0.0,0.0,0.0,0.0,114,Fisch Nuggets Box,Beilagen,,MwSt. 7%,1.07,10.280374,0.719626,Normalverkauf
S1000183.82772,SP1000183.34.82772,SY1000183.2026.82772,iPad1(1000183),183,02.06.26 18:43,Prod,A1000183.6356,Tisch 11,115,S1000183.82772,SALE,1,2.8,2.8,0.0,0.0,0.0,0.0,121,Mineralwasser,Getränke,,MwSt. 19%,1.19,2.352941,0.447059,Normalverkauf
S1000183.82773,SP1000183.34.82773,SY1000183.2026.82773,iPad1(1000183),183,02.06.26 11:09,Prod,A1000183.6357,Tisch 8,104,S1000183.82773,SALE,2,10.9,21.8,0.0,0.0,0.0,0.0,107,Chicken Burger,Hauptgerichte,,MwSt. 7%,1.07,20.373832,1.426168,Normalverkauf
S1000183.82774,SP1000183.34.82774,SY1000183.2026.82774,iPad1(1000183),183,02.06.26 18:24,Prod,A1000183.6358,Tisch 7,115,S1000183.82774,SALE,1,11.9,11.9,0.0,0.0,0.0,0.0,110,Matjes-Baguette,Hauptgerichte,,MwSt. 7%,1.07,11.121495,0.778505,Normalverkauf
S1000183.82775,SP1000183.34.82775,SY1000183.2026.82775,iPad1(1000183),183,02.06.26 12:01,Prod,A1000183.6359,Tisch 6,117,S1000183.82775,SALE,1,11.5,11.5,0.0,0.0,0.0,0.0,105,Garnelen-Kimchi-Bruger,Hauptgerichte,,MwSt. 7%,1.07,10.747664,0.752336,Normalverkauf
S1000183.82776,SP1000183.34.82776,SY1000183.2026.82776,iPad1(1000183),183,02.06.26 12:01,Prod,A1000183.6359,Tisch 6,117,S1000183.82776,SALE,1,5.9,5.9,0.0,0.0,0.0,0.0,116,Vanillequark,Desserts,,MwSt. 7%,1.07,5.514019,0.385981,Normalverkauf
S1000183.82777,SP1000183.34.82777,SY1000183.2026.82777,iPad1(1000183),183,02.06.26 12:01,Prod,A1000183.6359,Tisch 6,117,S1000183.82777,SALE,2,14.5,29.0,0.0,0.0,0.0,0.0,101,Lachs,Hauptspeisen,,MwSt. 7%,1.07,27.102804,1.897196,Normalverkauf
S1000183.82778,SP1000183.34.82778,SY1000183.2026.82778,iPad1(1000183),183,02.06.26 12:49,Prod,A1000183.6360,Tisch 10,120,S1000183.82778,SALE,2,11.5,23.0,0.0,0.0,0.0,0.0,105,Garnelen-Kimchi-Bruger,Hauptgerichte,,MwSt. 7%,1.07,21.495327,1.504673,Normalverkauf
S1000183.82779,SP1000183.34.82779,SY1000183.2026.82779,iPad1(1000183),183,02.06.26 12:49,Prod,A1000183.6360,Tisch 10,120,S1000183.82779,SALE,1,11.5,11.5,0.0,0.0,0.0,0.0,105,Garnelen-Kimchi-Bruger,Hauptgerichte,,MwSt. 7%,1.07,10.747664,0.752336,Normalverkauf
S1000183.82780,SP1000183.34.82780,SY1000183.2026.82780,iPad1(1000183),183,02.06.26 20:26,Prod,A1000183.6361,Tisch 16,104,S1000183.82780,SALE,1,5.5,5.5,0.0,0.0,0.0,0.0,111,Pommes Frites,Beilagen,,MwSt. 7%,1.07,5.140187,0.359813,Normalverkauf
S1000183.82781,SP1000183.34.82781,SY1000183.2026.82781,iPad1(1000183),183,02.06.26 16:08,Prod,A1000183.6362,Tisch 12,120,S1000183.82781,SALE,1,4.2,4.2,0.0,0.0,0.0,0.0,122,Bier,Getränke,,MwSt. 19%,1.19,3.529412,0.670588,Normalverkauf
S1000183.82782,SP1000183.34.82782,SY1000183.2026.82782,iPad1(1000183),183,02.06.26 16:08,Prod,A1000183.6362,Tisch 12,120,S1000183.82782,SALE,2,7.9,15.8,0.0,0.0,0.0,0.0,106,Neptun-Ringe,Beilagen,,MwSt. 7%,1.07,14.766355,1.033645,Normalverkauf
S1000183.82783,SP1000183.34.82783,SY1000183.2026.82783,iPad1(1000183),183,02.06.26 16:08,Prod,A1000183.6362,Tisch 12,120,S1000183.82783,SALE,1,9.8,9.8,0.0,0.0,0.0,0.0,108,Seelachs-Ei-Baugette,Hauptgerichte,,MwSt. 7%,1.07,9.158879,0.641121,Normalverkauf
S1000183.82784,SP1000183.34.82784,SY1000183.2026.82784,iPad1(1000183),183,02.06.26 17:35,Prod,A1000183.6363,Tisch 18,115,S1000183.82784,SALE,1,10.9,10.9,0.0,0.0,0.0,0.0,107,Chicken Burger,Hauptgerichte,,MwSt. 7%,1.07,10.186916,0.713084,Normalverkauf
S1000183.82785,SP1000183.34.82785,SY1000183.2026.82785,iPad1(1000183),183,02.06.26 17:35,Prod,A1000183.6363,Tisch 18,115,S1000183.82785,SALE,1,4.2,4.2,0.0,0.0,0.0,0.0,122,Bier,Getränke,,MwSt. 19%,1.19,3.529412,0.670588,Normalverkauf
S1000183.82786,SP1000183.34.82786,SY1000183.2026.82786,iPad1(1000183),183,02.06.26 17:35,Prod,A1000183.6363,Tisch 18,115,S1000183.82786,SALE,1,5.5,5.5,0.0,0.0,0.0,0.0,114,Fisch Nuggets Box,Beilagen,,MwSt. 7%,1.07,5.140187,0.359813,Normalverkauf
S1000183.82787,SP1000183.34.82787,SY1000183.2026.82787,iPad1(1000183),183,02.06.26 18:48,Prod,A1000183.6364,Tisch 10,106,S1000183.82787,SALE,2,3.2,6.4,0.0,0.0,0.0,0.0,120,Apfelschorle,Getränke,,MwSt. 19%,1.19,5.378151,1.021849,Normalverkauf
S1000183.82788,SP1000183.34.82788,SY1000183.2026.82788,iPad1(1000183),183,02.06.26 18:48,Prod,A1000183.6364,Tisch 10,106,S1000183.82788,SALE,2,6.9,13.8,0.0,0.0,0.0,0.0,103,Fischbrötchen Räucherlachs,Hauptspeisen,,MwSt. 7%,1.07,12.897196,0.902804,Normalverkauf
S1000183.82789,SP1000183.34.82789,SY1000183.2026.82789,iPad1(1000183),183,02.06.26 18:48,Prod,A1000183.6364,Tisch 10,106,S1000183.82789,SALE,1,13.5,13.5,0.0,0.0,0.0,0.0,102,Matjes,Hauptspeisen,,MwSt. 7%,1.07,12.616822,0.883178,Normalverkauf
S1000183.82790,SP1000183.34.82790,SY1000183.2026.82790,iPad1(1000183),183,02.06.26 17:16,Prod,A1000183.6365,Tisch 18,104,S1000183.82790,SALE,1,11.5,11.5,0.0,0.0,0.0,0.0,105,Garnelen-Kimchi-Bruger,Hauptgerichte,,MwSt. 7%,1.07,10.747664,0.752336,Normalverkauf
S1000183.82791,SP1000183.34.82791,SY1000183.2026.82791,iPad1(1000183),183,02.06.26 17:16,Prod,A1000183.6365,Tisch 18,104,S1000183.82791,SALE,2,6.5,13.0,0.0,0.0,0.0,0.0,100,Fischbrötchen Backfisch,Hauptspeisen,,MwSt. 7%,1.07,12.149533,0.850467,Normalverkauf
S1000183.82792,SP1000183.34.82792,SY1000183.2026.82792,iPad1(1000183),183,02.06.26 13:09,Prod,A1000183.6366,Tisch 12,115,S1000183.82792,SALE,1,5.5,5.5,0.0,0.0,0.0,0.0,114,Fisch Nuggets Box,Beilagen,,MwSt. 7%,1.07,5.140187,0.359813,Normalverkauf
S1000183.82793,SP1000183.34.82793,SY1000183.2026.82793,iPad1(1000183),183,02.06.26 13:09,Prod,A1000183.6366,Tisch 12,115,S1000183.82793,SALE,2,3.9,7.8,0.0,0.0,0.0,0.0,124,Cola Zero,Getränke,,MwSt. 19%,1.19,6.554622,1.245378,Normalverkauf
S1000183.82794,SP1000183.34.82794,SY1000183.2026.82794,iPad1(1000183),183,02.06.26 13:09,Prod,A1000183.6366,Tisch 12,115,S1000183.82794,SALE,1,2.8,2.8,0.0,0.0,0.0,0.0,121,Mineralwasser,Getränke,,MwSt. 19%,1.19,2.352941,0.447059,Normalverkauf
S1000183.82795,SP1000183.34.82795,SY1000183.2026.82795,iPad1(1000183),183,02.06.26 17:00,Prod,A1000183.6367,Tisch 14,104,S1000183.82795,SALE,2,3.9,7.8,0.0,0.0,0.0,0.0,124,Cola Zero,Getränke,,MwSt. 19%,1.19,6.554622,1.245378,Normalverkauf
S1000183.82796,SP1000183.34.82796,SY1000183.2026.82796,iPad1(1000183),183,02.06.26 17:00,Prod,A1000183.6367,Tisch 14,104,S1000183.82796,SALE,2,5.9,11.8,0.0,0.0,0.0,0.0,125,Zitronen-Limonade,Getränke,,MwSt. 19%,1.19,9.915966,1.884034,Normalverkauf
S1000183.82797,SP1000183.34.82797,SY1000183.2026.82797,iPad1(1000183),183,02.06.26 17:00,Prod,A1000183.6367,Tisch 14,104,S1000183.82797,SALE,2,3.9,7.8,0.0,0.0,0.0,0.0,119,Cola,Getränke,,MwSt. 19%,1.19,6.554622,1.245378,Normalverkauf
S1000183.82798,SP1000183.34.82798,SY1000183.2026.82798,iPad1(1000183),183,02.06.26 20:09,Prod,A1000183.6368,Tisch 18,111,S1000183.82798,VOID,1,6.5,6.5,0.0,0.0,0.0,0.0,100,Fischbrötchen Backfisch,Hauptspeisen,,MwSt. 7%,1.07,6.074766,0.425234,Normalverkauf
S1000183.82799,SP1000183.34.82799,SY1000183.2026.82799,iPad1(1000183),183,02.06.26 20:09,Prod,A1000183.6368,Tisch 18,111,S1000183.82799,VOID,2,2.8,5.6,0.0,0.0,0.0,0.0,121,Mineralwasser,Getränke,,MwSt. 19%,1.19,4.705882,0.894118,Normalverkauf
S1000183.82800,SP1000183.34.82800,SY1000183.2026.82800,iPad1(1000183),183,02.06.26 20:09,Prod,A1000183.6368,Tisch 18,111,S1000183.82800,VOID,2,2.8,5.6,0.0,0.0,0.0,0.0,121,Mineralwasser,Getränke,,MwSt. 19%,1.19,4.705882,0.894118,Normalverkauf
S1000183.82801,SP1000183.34.82801,SY1000183.2026.82801,iPad1(1000183),183,02.06.26 19:57,Prod,A1000183.6369,Tisch 20,106,S1000183.82801,SALE,1,3.9,3.9,0.0,0.0,0.0,0.0,124,Cola Zero,Getränke,,MwSt. 19%,1.19,3.277311,0.622689,Normalverkauf
S1000183.82802,SP1000183.34.82802,SY1000183.2026.82802,iPad1(1000183),183,02.06.26 13:09,Prod,A1000183.6370,Tisch 6,104,S1000183.82802,SALE,1,3.9,3.9,0.0,0.0,0.0,0.0,124,Cola Zero,Getränke,,MwSt. 19%,1.19,3.277311,0.622689,Normalverkauf
S1000183.82803,SP1000183.34.82803,SY1000183.2026.82803,iPad1(1000183),183,02.06.26 20:28,Prod,A1000183.6371,Tisch 9,104,S1000183.82803,SALE,1,3.9,3.9,0.0,0.0,0.0,0.0,124,Cola Zero,Getränke,,MwSt. 19%,1.19,3.277311,0.622689,Normalverkauf
S1000183.82804,SP1000183.34.82804,SY1000183.2026.82804,iPad1(1000183),183,02.06.26 10:46,Prod,A1000183.6372,Tisch 21,120,S1000183.82804,SALE,1,2.8,2.8,0.0,0.0,0.0,0.0,121,Mineralwasser,Getränke,,MwSt. 19%,1.19,2.352941,0.447059,Normalverkauf
S1000183.82805,SP1000183.34.82805,SY1000183.2026.82805,iPad1(1000183),183,02.06.26 10:46,Prod,A1000183.6372,Tisch 21,120,S1000183.82805,SALE,2,3.9,7.8,0.0,0.0,0.0,0.0,126,Spezi,Getränke,,MwSt. 19%,1.19,6.554622,1.245378,Normalverkauf
S1000183.82806,SP1000183.34.82806,SY1000183.2026.82806,iPad1(1000183),183,02.06.26 10:46,Prod,A1000183.6372,Tisch 21,120,S1000183.82806,SALE,1,4.2,4.2,0.0,0.0,0.0,0.0,122,Bier,Getränke,,MwSt. 19%,1.19,3.529412,0.670588,Normalverkauf
S1000183.82807,SP1000183.34.82807,SY1000183.2026.82807,iPad1(1000183),183,02.06.26 19:12,Prod,A1000183.6373,Tisch 12,115,S1000183.82807,SALE,2,5.9,11.8,0.0,0.0,0.0,0.0,125,Zitronen-Limonade,Getränke,,MwSt. 19%,1.19,9.915966,1.884034,Normalverkauf
S1000183.82808,SP1000183.34.82808,SY1000183.2026.82808,iPad1(1000183),183,02.06.26 19:12,Prod,A1000183.6373,Tisch 12,115,S1000183.82808,SALE,2,5.9,11.8,0.0,0.0,0.0,0.0,125,Zitronen-Limonade,Getränke,,MwSt. 19%,1.19,9.915966,1.884034,Normalverkauf
S1000183.82809,SP1000183.34.82809,SY1000183.2026.82809,iPad1(1000183),183,02.06.26 17:07,Prod,A1000183.6374,Tisch 5,115,S1000183.82809,SALE,1,6.9,6.9,0.0,0.0,0.0,0.0,103,Fischbrötchen Räucherlachs,Hauptspeisen,,MwSt. 7%,1.07,6.448598,0.451402,Normalverkauf
S1000183.82810,SP1000183.34.82810,SY1000183.2026.82810,iPad1(1000183),183,02.06.26 19:35,Prod,A1000183.6375,Tisch 20,115,S1000183.82810,SALE,1,3.9,3.9,0.0,0.0,0.0,0.0,119,Cola,Getränke,,MwSt. 19%,1.19,3.277311,0.622689,Normalverkauf
S1000183.82811,SP1000183.34.82811,SY1000183.2026.82811,iPad1(1000183),183,02.06.26 19:35,Prod,A1000183.6375,Tisch 20,115,S1000183.82811,SALE,2,4.2,8.4,0.0,0.0,0.0,0.0,122,Bier,Getränke,,MwSt. 19%,1.19,7.058824,1.341176,Normalverkauf
S1000183.82812,SP1000183.34.82812,SY1000183.2026.82812,iPad1(1000183),183,02.06.26 19:35,Prod,A1000183.6375,Tisch 20,115,S1000183.82812,SALE,2,10.9,21.8,0.0,0.0,0.0,0.0,109,Bismarck-Baguette,Hauptgerichte,,MwSt. 7%,1.07,20.373832,1.426168,Normalverkauf
S1000183.82813,SP1000183.34.82813,SY1000183.2026.82813,iPad1(1000183),183,02.06.26 19:18,Prod,A1000183.6376,Tisch 7,104,S1000183.82813,SALE,1,11.9,11.9,0.0,0.0,0.0,0.0,110,Matjes-Baguette,Hauptgerichte,,MwSt. 7%,1.07,11.121495,0.778505,Normalverkauf
S1000183.82814,SP1000183.34.82814,SY1000183.2026.82814,iPad1(1000183),183,02.06.26 19:18,Prod,A1000183.6376,Tisch 7,104,S1000183.82814,SALE,2,3.9,7.8,0.0,0.0,0.0,0.0,127,Alkoholfreies Bier,Getränke,,MwSt. 19%,1.19,6.554622,1.245378,Normalverkauf
S1000183.82815,SP1000183.34.82815,SY1000183.2026.82815,iPad1(1000183),183,02.06.26 16:45,Prod,A1000183.6377,Tisch 19,117,S1000183.82815,SALE,2,6.9,13.8,0.0,0.0,0.0,0.0,113,Garnelen Box,Beilagen,,MwSt. 7%,1.07,12.897196,0.902804,Normalverkauf
S1000183.82816,SP1000183.34.82816,SY1000183.2026.82816,iPad1(1000183),183,02.06.26 16:45,Prod,A1000183.6377,Tisch 19,117,S1000183.82816,SALE,2,6.9,13.8,0.0,0.0,0.0,0.0,103,Fischbrötchen Räucherlachs,Hauptspeisen,,MwSt. 7%,1.07,12.897196,0.902804,Normalverkauf
S1000183.82817,SP1000183.34.82817,SY1000183.2026.82817,iPad1(1000183),183,02.06.26 16:45,Prod,A1000183.6377,Tisch 19,117,S1000183.82817,SALE,1,5.9,5.9,0.0,0.0,0.0,0.0,123,Inger-Limonade,Getränke,,MwSt. 19%,1.19,4.957983,0.942017,Normalverkauf
S1000183.82818,SP1000183.34.82818,SY1000183.2026.82818,iPad1(1000183),183,02.06.26 13:18,Prod,A1000183.6378,Tisch 9,117,S1000183.82818,SALE,1,10.9,10.9,0.0,0.0,0.0,0.0,107,Chicken Burger,Hauptgerichte,,MwSt. 7%,1.07,10.186916,0.713084,Normalverkauf
S1000183.82819,SP1000183.34.82819,SY1000183.2026.82819,iPad1(1000183),183,02.06.26 13:18,Prod,A1000183.6378,Tisch 9,117,S1000183.82819,SALE,2,3.9,7.8,0.0,0.0,0.0,0.0,119,Cola,Getränke,,MwSt. 19%,1.19,6.554622,1.245378,Normalverkauf
S1000183.82820,SP1000183.34.82820,SY1000183.2026.82820,iPad1(1000183),183,02.06.26 13:18,Prod,A1000183.6378,Tisch 9,117,S1000183.82820,SALE,1,5.5,5.5,0.0,0.0,0.0,0.0,114,Fisch Nuggets Box,Beilagen,,MwSt. 7%,1.07,5.140187,0.359813,Normalverkauf
S1000183.82821,SP1000183.34.82821,SY1000183.2026.82821,iPad1(1000183),183,02.06.26 19:08,Prod,A1000183.6379,Tisch 1,104,S1000183.82821,SALE,1,11.5,11.5,0.0,0.0,0.0,0.0,105,Garnelen-Kimchi-Bruger,Hauptgerichte,,MwSt. 7%,1.07,10.747664,0.752336,Normalverkauf
S1000183.82822,SP1000183.34.82822,SY1000183.2026.82822,iPad1(1000183),183,02.06.26 19:08,Prod,A1000183.6379,Tisch 1,104,S1000183.82822,SALE,1,7.9,7.9,0.0,0.0,0.0,0.0,106,Neptun-Ringe,Beilagen,,MwSt. 7%,1.07,7.383178,0.516822,Normalverkauf
S1000183.82823,SP1000183.34.82823,SY1000183.2026.82823,iPad1(1000183),183,02.06.26 12:05,Prod,A1000183.6380,Tisch 14,106,S1000183.82823,SALE,1,4.9,4.9,0.0,0.0,0.0,0.0,112,Kartoffelwedges,Beilagen,,MwSt. 7%,1.07,4.579439,0.320561,Normalverkauf
S1000183.82824,SP1000183.34.82824,SY1000183.2026.82824,iPad1(1000183),183,02.06.26 12:05,Prod,A1000183.6380,Tisch 14,106,S1000183.82824,SALE,1,2.8,2.8,0.0,0.0,0.0,0.0,121,Mineralwasser,Getränke,,MwSt. 19%,1.19,2.352941,0.447059,Normalverkauf
S1000183.82825,SP1000183.34.82825,SY1000183.2026.82825,iPad1(1000183),183,02.06.26 18:28,Prod,A1000183.6381,Tisch 4,115,S1000183.82825,SALE,2,6.9,13.8,0.0,0.0,0.0,0.0,103,Fischbrötchen Räucherlachs,Hauptspeisen,,MwSt. 7%,1.07,12.897196,0.902804,Normalverkauf
S1000183.82826,SP1000183.34.82826,SY1000183.2026.82826,iPad1(1000183),183,02.06.26 18:28,Prod,A1000183.6381,Tisch 4,115,S1000183.82826,SALE,2,7.9,15.8,0.0,0.0,0.0,0.0,115,Tiramisu,Desserts,,MwSt. 7%,1.07,14.766355,1.033645,Normalverkauf
S1000183.82827,SP1000183.34.82827,SY1000183.2026.82827,iPad1(1000183),183,02.06.26 18:28,Prod,A1000183.6381,Tisch 4,115,S1000183.82827,SALE,2,5.9,11.8,0.0,0.0,0.0,0.0,117,Rote Grütze,Desserts,,MwSt. 7%,1.07,11.028037,0.771963,Normalverkauf
S1000183.82828,SP1000183.34.82828,SY1000183.2026.82828,iPad1(1000183),183,02.06.26 15:17,Prod,A1000183.6382,Tisch 21,117,S1000183.82828,SALE,2,7.9,15.8,0.0,0.0,0.0,0.0,115,Tiramisu,Desserts,,MwSt. 7%,1.07,14.766355,1.033645,Normalverkauf
S1000183.82829,SP1000183.34.82829,SY1000183.2026.82829,iPad1(1000183),183,02.06.26 15:17,Prod,A1000183.6382,Tisch 21,117,S1000183.82829,SALE,2,10.9,21.8,0.0,0.0,0.0,0.0,104,Thunfisch Wrap,Hauptgerichte,,MwSt. 7%,1.07,20.373832,1.426168,Normalverkauf
S1000183.82830,SP1000183.34.82830,SY1000183.2026.82830,iPad1(1000183),183,02.06.26 15:17,Prod,A1000183.6382,Tisch 21,117,S1000183.82830,SALE,1,4.9,4.9,0.0,0.0,0.0,0.0,112,Kartoffelwedges,Beilagen,,MwSt. 7%,1.07,4.579439,0.320561,Normalverkauf
S1000183.82831,SP1000183.34.82831,SY1000183.2026.82831,iPad1(1000183),183,02.06.26 20:21,Prod,A1000183.6383,Tisch 12,120,S1000183.82831,SALE,2,7.9,15.8,0.0,0.0,0.0,0.0,115,Tiramisu,Desserts,,MwSt. 7%,1.07,14.766355,1.033645,Normalverkauf
S1000183.82832,SP1000183.34.82832,SY1000183.2026.82832,iPad1(1000183),183,02.06.26 18:40,Prod,A1000183.6384,Tisch 2,115,S1000183.82832,SALE,2,11.5,23.0,0.0,0.0,0.0,0.0,105,Garnelen-Kimchi-Bruger,Hauptgerichte,,MwSt. 7%,1.07,21.495327,1.504673,Normalverkauf
S1000183.82833,SP1000183.34.82833,SY1000183.2026.82833,iPad1(1000183),183,02.06.26 19:00,Prod,A1000183.6385,Tisch 8,115,S1000183.82833,VOID,1,4.2,4.2,0.0,0.0,0.0,0.0,122,Bier,Getränke,,MwSt. 19%,1.19,3.529412,0.670588,Normalverkauf
S1000183.82834,SP1000183.34.82834,SY1000183.2026.82834,iPad1(1000183),183,02.06.26 19:00,Prod,A1000183.6385,Tisch 8,115,S1000183.82834,VOID,1,6.5,6.5,0.0,0.0,0.0,0.0,118,Schokokuchen,Desserts,,MwSt. 7%,1.07,6.074766,0.425234,Normalverkauf
S1000183.82835,SP1000183.34.82835,SY1000183.2026.82835,iPad1(1000183),183,02.06.26 17:47,Prod,A1000183.6386,Tisch 24,106,S1000183.82835,SALE,2,10.9,21.8,0.0,0.0,0.0,0.0,109,Bismarck-Baguette,Hauptgerichte,,MwSt. 7%,1.07,20.373832,1.426168,Normalverkauf
S1000183.82836,SP1000183.34.82836,SY1000183.2026.82836,iPad1(1000183),183,02.06.26 17:47,Prod,A1000183.6386,Tisch 24,106,S1000183.82836,SALE,1,4.2,4.2,0.0,0.0,0.0,0.0,122,Bier,Getränke,,MwSt. 19%,1.19,3.529412,0.670588,Normalverkauf
S1000183.82837,SP1000183.34.82837,SY1000183.2026.82837,iPad1(1000183),183,02.06.26 17:47,Prod,A1000183.6386,Tisch 24,106,S1000183.82837,SALE,2,10.9,21.8,0.0,0.0,0.0,0.0,107,Chicken Burger,Hauptgerichte,,MwSt. 7%,1.07,20.373832,1.426168,Normalverkauf
S1000183.82838,SP1000183.34.82838,SY1000183.2026.82838,iPad1(1000183),183,02.06.26 18:36,Prod,A1000183.6387,Tisch 12,106,S1000183.82838,SALE,1,3.2,3.2,0.0,0.0,0.0,0.0,120,Apfelschorle,Getränke,,MwSt. 19%,1.19,2.689076,0.510924,Normalverkauf
S1000183.82839,SP1000183.34.82839,SY1000183.2026.82839,iPad1(1000183),183,02.06.26 18:36,Prod,A1000183.6387,Tisch 12,106,S1000183.82839,SALE,2,10.9,21.8,0.0,0.0,0.0,0.0,104,Thunfisch Wrap,Hauptgerichte,,MwSt. 7%,1.07,20.373832,1.426168,Normalverkauf
S1000183.82840,SP1000183.34.82840,SY1000183.2026.82840,iPad1(1000183),183,02.06.26 10:00,Prod,A1000183.6388,Tisch 18,115,S1000183.82840,SALE,2,5.5,11.0,0.0,0.0,0.0,0.0,111,Pommes Frites,Beilagen,,MwSt. 7%,1.07,10.280374,0.719626,Normalverkauf
S1000183.82841,SP1000183.34.82841,SY1000183.2026.82841,iPad1(1000183),183,02.06.26 12:21,Prod,A1000183.6389,Tisch 23,111,S1000183.82841,SALE,1,6.5,6.5,0.0,0.0,0.0,0.0,100,Fischbrötchen Backfisch,Hauptspeisen,,MwSt. 7%,1.07,6.074766,0.425234,Normalverkauf
S1000183.82842,SP1000183.34.82842,SY1000183.2026.82842,iPad1(1000183),183,02.06.26 12:21,Prod,A1000183.6389,Tisch 23,111,S1000183.82842,SALE,2,5.5,11.0,0.0,0.0,0.0,0.0,111,Pommes Frites,Beilagen,,MwSt. 7%,1.07,10.280374,0.719626,Normalverkauf
S1000183.82843,SP1000183.34.82843,SY1000183.2026.82843,iPad1(1000183),183,02.06.26 19:05,Prod,A1000183.6390,Tisch 20,117,S1000183.82843,SALE,2,5.9,11.8,0.0,0.0,0.0,0.0,123,Inger-Limonade,Getränke,,MwSt. 19%,1.19,9.915966,1.884034,Normalverkauf
S1000183.82844,SP1000183.34.82844,SY1000183.2026.82844,iPad1(1000183),183,02.06.26 11:54,Prod,A1000183.6391,Tisch 1,106,S1000183.82844,SALE,2,9.8,19.6,0.0,0.0,0.0,0.0,108,Seelachs-Ei-Baugette,Hauptgerichte,,MwSt. 7%,1.07,18.317757,1.282243,Normalverkauf
S1000183.82845,SP1000183.34.82845,SY1000183.2026.82845,iPad1(1000183),183,02.06.26 11:54,Prod,A1000183.6391,Tisch 1,106,S1000183.82845,SALE,1,4.2,4.2,0.0,0.0,0.0,0.0,122,Bier,Getränke,,MwSt. 19%,1.19,3.529412,0.670588,Normalverkauf
S1000183.82846,SP1000183.34.82846,SY1000183.2026.82846,iPad1(1000183),183,02.06.26 11:54,Prod,A1000183.6391,Tisch 1,106,S1000183.82846,SALE,2,3.9,7.8,0.0,0.0,0.0,0.0,126,Spezi,Getränke,,MwSt. 19%,1.19,6.554622,1.245378,Normalverkauf
S1000183.82847,SP1000183.34.82847,SY1000183.2026.82847,iPad1(1000183),183,02.06.26 18:20,Prod,A1000183.6392,Tisch 11,104,S1000183.82847,SALE,2,2.8,5.6,0.0,0.0,0.0,0.0,121,Mineralwasser,Getränke,,MwSt. 19%,1.19,4.705882,0.894118,Normalverkauf
S1000183.82848,SP1000183.34.82848,SY1000183.2026.82848,iPad1(1000183),183,02.06.26 18:20,Prod,A1000183.6392,Tisch 11,104,S1000183.82848,SALE,1,5.9,5.9,0.0,0.0,0.0,0.0,125,Zitronen-Limonade,Getränke,,MwSt. 19%,1.19,4.957983,0.942017,Normalverkauf
S1000183.82849,SP1000183.34.82849,SY1000183.2026.82849,iPad1(1000183),183,02.06.26 18:20,Prod,A1000183.6392,Tisch 11,104,S1000183.82849,SALE,1,3.9,3.9,0.0,0.0,0.0,0.0,126,Spezi,Getränke,,MwSt. 19%,1.19,3.277311,0.622689,Normalverkauf
S1000183.82850,SP1000183.34.82850,SY1000183.2026.82850,iPad1(1000183),183,02.06.26 17:40,Prod,A1000183.6393,Tisch 4,111,S1000183.82850,VOID,1,11.9,11.9,0.0,0.0,0.0,0.0,110,Matjes-Baguette,Hauptgerichte,,MwSt. 7%,1.07,11.121495,0.778505,Normalverkauf
S1000183.82851,SP1000183.34.82851,SY1000183.2026.82851,iPad1(1000183),183,02.06.26 17:40,Prod,A1000183.6393,Tisch 4,111,S1000183.82851,VOID,1,6.5,6.5,0.0,0.0,0.0,0.0,100,Fischbrötchen Backfisch,Hauptspeisen,,MwSt. 7%,1.07,6.074766,0.425234,Normalverkauf
S1000183.82852,SP1000183.34.82852,SY1000183.2026.82852,iPad1(1000183),183,02.06.26 17:40,Prod,A1000183.6393,Tisch 4,111,S1000183.82852,VOID,1,11.5,11.5,0.0,0.0,0.0,0.0,105,Garnelen-Kimchi-Bruger,Hauptgerichte,,MwSt. 7%,1.07,10.747664,0.752336,Normalverkauf
S1000183.82853,SP1000183.34.82853,SY1000183.2026.82853,iPad1(1000183),183,02.06.26 18:12,Prod,A1000183.6394,Tisch 4,104,S1000183.82853,SALE,1,3.9,3.9,0.0,0.0,0.0,0.0,126,Spezi,Getränke,,MwSt. 19%,1.19,3.277311,0.622689,Normalverkauf
S1000183.82854,SP1000183.34.82854,SY1000183.2026.82854,iPad1(1000183),183,02.06.26 17:15,Prod,A1000183.6395,Tisch 10,104,S1000183.82854,SALE,2,3.9,7.8,0.0,0.0,0.0,0.0,127,Alkoholfreies Bier,Getränke,,MwSt. 19%,1.19,6.554622,1.245378,Normalverkauf
S1000183.82855,SP1000183.34.82855,SY1000183.2026.82855,iPad1(1000183),183,02.06.26 17:15,Prod,A1000183.6395,Tisch 10,104,S1000183.82855,SALE,2,3.9,7.8,0.0,0.0,0.0,0.0,124,Cola Zero,Getränke,,MwSt. 19%,1.19,6.554622,1.245378,Normalverkauf
S1000183.82856,SP1000183.34.82856,SY1000183.2026.82856,iPad1(1000183),183,02.06.26 17:15,Prod,A1000183.6395,Tisch 10,104,S1000183.82856,SALE,2,11.9,23.8,0.0,0.0,0.0,0.0,110,Matjes-Baguette,Hauptgerichte,,MwSt. 7%,1.07,22.242991,1.557009,Normalverkauf
S1000183.82857,SP1000183.34.82857,SY1000183.2026.82857,iPad1(1000183),183,02.06.26 16:05,Prod,A1000183.6396,Tisch 13,111,S1000183.82857,SALE,1,3.9,3.9,0.0,0.0,0.0,0.0,119,Cola,Getränke,,MwSt. 19%,1.19,3.277311,0.622689,Normalverkauf
S1000183.82858,SP1000183.34.82858,SY1000183.2026.82858,iPad1(1000183),183,02.06.26 16:05,Prod,A1000183.6396,Tisch 13,111,S1000183.82858,SALE,2,4.2,8.4,0.0,0.0,0.0,0.0,122,Bier,Getränke,,MwSt. 19%,1.19,7.058824,1.341176,Normalverkauf
S1000183.82859,SP1000183.34.82859,SY1000183.2026.82859,iPad1(1000183),183,02.06.26 16:05,Prod,A1000183.6396,Tisch 13,111,S1000183.82859,SALE,2,9.8,19.6,0.0,0.0,0.0,0.0,108,Seelachs-Ei-Baugette,Hauptgerichte,,MwSt. 7%,1.07,18.317757,1.282243,Normalverkauf
S1000183.82860,SP1000183.34.82860,SY1000183.2026.82860,iPad1(1000183),183,02.06.26 13:18,Prod,A1000183.6397,Tisch 10,106,S1000183.82860,SALE,1,3.9,3.9,0.0,0.0,0.0,0.0,126,Spezi,Getränke,,MwSt. 19%,1.19,3.277311,0.622689,Normalverkauf
S1000183.82861,SP1000183.34.82861,SY1000183.2026.82861,iPad1(1000183),183,02.06.26 09:34,Prod,A1000183.6398,Tisch 17,117,S1000183.82861,SALE,2,6.9,13.8,0.0,0.0,0.0,0.0,113,Garnelen Box,Beilagen,,MwSt. 7%,1.07,12.897196,0.902804,Normalverkauf
S1000183.82862,SP1000183.34.82862,SY1000183.2026.82862,iPad1(1000183),183,02.06.26 09:34,Prod,A1000183.6398,Tisch 17,117,S1000183.82862,SALE,1,3.9,3.9,0.0,0.0,0.0,0.0,124,Cola Zero,Getränke,,MwSt. 19%,1.19,3.277311,0.622689,Normalverkauf
S1000183.82863,SP1000183.34.82863,SY1000183.2026.82863,iPad1(1000183),183,02.06.26 09:34,Prod,A1000183.6398,Tisch 17,117,S1000183.82863,SALE,1,3.9,3.9,0.0,0.0,0.0,0.0,126,Spezi,Getränke,,MwSt. 19%,1.19,3.277311,0.622689,Normalverkauf
S1000183.82864,SP1000183.34.82864,SY1000183.2026.82864,iPad1(1000183),183,02.06.26 13:57,Prod,A1000183.6399,Tisch 12,115,S1000183.82864,SALE,1,14.5,14.5,0.0,0.0,0.0,0.0,101,Lachs,Hauptspeisen,,MwSt. 7%,1.07,13.551402,0.948598,Normalverkauf
S1000183.82865,SP1000183.34.82865,SY1000183.2026.82865,iPad1(1000183),183,02.06.26 13:57,Prod,A1000183.6399,Tisch 12,115,S1000183.82865,SALE,1,7.9,7.9,0.0,0.0,0.0,0.0,106,Neptun-Ringe,Beilagen,,MwSt. 7%,1.07,7.383178,0.516822,Normalverkauf
S1000183.82866,SP1000183.34.82866,SY1000183.2026.82866,iPad1(1000183),183,02.06.26 13:57,Prod,A1000183.6399,Tisch 12,115,S1000183.82866,SALE,1,10.9,10.9,0.0,0.0,0.0,0.0,104,Thunfisch Wrap,Hauptgerichte,,MwSt. 7%,1.07,10.186916,0.713084,Normalverkauf
S1000183.82867,SP1000183.34.82867,SY1000183.2026.82867,iPad1(1000183),183,02.06.26 15:00,Prod,A1000183.6400,Tisch 14,115,S1000183.82867,VOID,1,3.9,3.9,0.0,0.0,0.0,0.0,126,Spezi,Getränke,,MwSt. 19%,1.19,3.277311,0.622689,Normalverkauf
S1000183.82868,SP1000183.34.82868,SY1000183.2026.82868,iPad1(1000183),183,02.06.26 15:00,Prod,A1000183.6400,Tisch 14,115,S1000183.82868,VOID,2,6.5,13.0,0.0,0.0,0.0,0.0,100,Fischbrötchen Backfisch,Hauptspeisen,,MwSt. 7%,1.07,12.149533,0.850467,Normalverkauf
S1000183.82869,SP1000183.34.82869,SY1000183.2026.82869,iPad1(1000183),183,02.06.26 15:00,Prod,A1000183.6400,Tisch 14,115,S1000183.82869,VOID,1,14.5,14.5,0.0,0.0,0.0,0.0,101,Lachs,Hauptspeisen,,MwSt. 7%,1.07,13.551402,0.948598,Normalverkauf
S1000183.82870,SP1000183.34.82870,SY1000183.2026.82870,iPad1(1000183),183,02.06.26 20:11,Prod,A1000183.6401,Tisch 5,111,S1000183.82870,SALE,2,6.5,13.0,0.0,0.0,0.0,0.0,100,Fischbrötchen Backfisch,Hauptspeisen,,MwSt. 7%,1.07,12.149533,0.850467,Normalverkauf
S1000183.82871,SP1000183.34.82871,SY1000183.2026.82871,iPad1(1000183),183,02.06.26 20:11,Prod,A1000183.6401,Tisch 5,111,S1000183.82871,SALE,2,6.9,13.8,0.0,0.0,0.0,0.0,113,Garnelen Box,Beilagen,,MwSt. 7%,1.07,12.897196,0.902804,Normalverkauf
S1000183.82872,SP1000183.34.82872,SY1000183.2026.82872,iPad1(1000183),183,02.06.26 16:45,Prod,A1000183.6402,Tisch 12,106,S1000183.82872,SALE,1,6.5,6.5,0.0,0.0,0.0,0.0,100,Fischbrötchen Backfisch,Hauptspeisen,,MwSt. 7%,1.07,6.074766,0.425234,Normalverkauf
S1000183.82873,SP1000183.34.82873,SY1000183.2026.82873,iPad1(1000183),183,02.06.26 16:45,Prod,A1000183.6402,Tisch 12,106,S1000183.82873,SALE,2,14.5,29.0,0.0,0.0,0.0,0.0,101,Lachs,Hauptspeisen,,MwSt. 7%,1.07,27.102804,1.897196,Normalverkauf
S1000183.82874,SP1000183.34.82874,SY1000183.2026.82874,iPad1(1000183),183,02.06.26 12:43,Prod,A1000183.6403,Tisch 16,111,S1000183.82874,SALE,1,11.5,11.5,0.0,0.0,0.0,0.0,105,Garnelen-Kimchi-Bruger,Hauptgerichte,,MwSt. 7%,1.07,10.747664,0.752336,Normalverkauf
S1000183.82875,SP1000183.34.82875,SY1000183.2026.82875,iPad1(1000183),183,02.06.26 12:43,Prod,A1000183.6403,Tisch 16,111,S1000183.82875,SALE,2,6.9,13.8,0.0,0.0,0.0,0.0,103,Fischbrötchen Räucherlachs,Hauptspeisen,,MwSt. 7%,1.07,12.897196,0.902804,Normalverkauf
S1000183.82876,SP1000183.34.82876,SY1000183.2026.82876,iPad1(1000183),183,02.06.26 12:43,Prod,A1000183.6403,Tisch 16,111,S1000183.82876,SALE,1,3.9,3.9,0.0,0.0,0.0,0.0,127,Alkoholfreies Bier,Getränke,,MwSt. 19%,1.19,3.277311,0.622689,Normalverkauf
S1000183.82877,SP1000183.34.82877,SY1000183.2026.82877,iPad1(1000183),183,02.06.26 10:39,Prod,A1000183.6404,Tisch 19,104,S1000183.82877,SALE,1,3.9,3.9,0.0,0.0,0.0,0.0,119,Cola,Getränke,,MwSt. 19%,1.19,3.277311,0.622689,Normalverkauf
S1000183.82878,SP1000183.34.82878,SY1000183.2026.82878,iPad1(1000183),183,02.06.26 10:39,Prod,A1000183.6404,Tisch 19,104,S1000183.82878,SALE,2,6.9,13.8,0.0,0.0,0.0,0.0,103,Fischbrötchen Räucherlachs,Hauptspeisen,,MwSt. 7%,1.07,12.897196,0.902804,Normalverkauf
S1000183.82879,SP1000183.34.82879,SY1000183.2026.82879,iPad1(1000183),183,02.06.26 10:39,Prod,A1000183.6404,Tisch 19,104,S1000183.82879,SALE,1,3.9,3.9,0.0,0.0,0.0,0.0,119,Cola,Getränke,,MwSt. 19%,1.19,3.277311,0.622689,Normalverkauf
S1000183.82880,SP1000183.34.82880,SY1000183.2026.82880,iPad1(1000183),183,02.06.26 13:03,Prod,A1000183.6405,Tisch 22,117,S1000183.82880,SALE,1,4.9,4.9,0.0,0.0,0.0,0.0,112,Kartoffelwedges,Beilagen,,MwSt. 7%,1.07,4.579439,0.320561,Normalverkauf
S1000183.82881,SP1000183.34.82881,SY1000183.2026.82881,iPad1(1000183),183,02.06.26 13:03,Prod,A1000183.6405,Tisch 22,117,S1000183.82881,SALE,1,4.2,4.2,0.0,0.0,0.0,0.0,122,Bier,Getränke,,MwSt. 19%,1.19,3.529412,0.670588,Normalverkauf
S1000183.82882,SP1000183.34.82882,SY1000183.2026.82882,iPad1(1000183),183,02.06.26 17:44,Prod,A1000183.6406,Tisch 7,117,S1000183.82882,SALE,2,3.2,6.4,0.0,0.0,0.0,0.0,120,Apfelschorle,Getränke,,MwSt. 19%,1.19,5.378151,1.021849,Normalverkauf
S1000183.82883,SP1000183.34.82883,SY1000183.2026.82883,iPad1(1000183),183,02.06.26 17:44,Prod,A1000183.6406,Tisch 7,117,S1000183.82883,SALE,1,11.5,11.5,0.0,0.0,0.0,0.0,105,Garnelen-Kimchi-Bruger,Hauptgerichte,,MwSt. 7%,1.07,10.747664,0.752336,Normalverkauf
S1000183.82884,SP1000183.34.82884,SY1000183.2026.82884,iPad1(1000183),183,02.06.26 19:50,Prod,A1000183.6407,Tisch 8,104,S1000183.82884,SALE,1,3.9,3.9,0.0,0.0,0.0,0.0,127,Alkoholfreies Bier,Getränke,,MwSt. 19%,1.19,3.277311,0.622689,Normalverkauf
S1000183.82885,SP1000183.34.82885,SY1000183.2026.82885,iPad1(1000183),183,02.06.26 19:50,Prod,A1000183.6407,Tisch 8,104,S1000183.82885,SALE,2,2.8,5.6,0.0,0.0,0.0,0.0,121,Mineralwasser,Getränke,,MwSt. 19%,1.19,4.705882,0.894118,Normalverkauf
S1000183.82886,SP1000183.34.82886,SY1000183.2026.82886,iPad1(1000183),183,02.06.26 15:46,Prod,A1000183.6408,Tisch 11,115,S1000183.82886,SALE,1,2.8,2.8,0.0,0.0,0.0,0.0,121,Mineralwasser,Getränke,,MwSt. 19%,1.19,2.352941,0.447059,Normalverkauf
S1000183.82887,SP1000183.34.82887,SY1000183.2026.82887,iPad1(1000183),183,02.06.26 15:46,Prod,A1000183.6408,Tisch 11,115,S1000183.82887,SALE,2,11.5,23.0,0.0,0.0,0.0,0.0,105,Garnelen-Kimchi-Bruger,Hauptgerichte,,MwSt. 7%,1.07,21.495327,1.504673,Normalverkauf
S1000183.82888,SP1000183.34.82888,SY1000183.2026.82888,iPad1(1000183),183,02.06.26 19:09,Prod,A1000183.6409,Tisch 23,111,S1000183.82888,SALE,2,5.9,11.8,0.0,0.0,0.0,0.0,123,Inger-Limonade,Getränke,,MwSt. 19%,1.19,9.915966,1.884034,Normalverkauf
S1000183.82889,SP1000183.34.82889,SY1000183.2026.82889,iPad1(1000183),183,02.06.26 19:09,Prod,A1000183.6409,Tisch 23,111,S1000183.82889,SALE,2,5.9,11.8,0.0,0.0,0.0,0.0,116,Vanillequark,Desserts,,MwSt. 7%,1.07,11.028037,0.771963,Normalverkauf
S1000183.82890,SP1000183.34.82890,SY1000183.2026.82890,iPad1(1000183),183,02.06.26 19:09,Prod,A1000183.6409,Tisch 23,111,S1000183.82890,SALE,2,2.8,5.6,0.0,0.0,0.0,0.0,121,Mineralwasser,Getränke,,MwSt. 19%,1.19,4.705882,0.894118,Normalverkauf
S1000183.82891,SP1000183.34.82891,SY1000183.2026.82891,iPad1(1000183),183,02.06.26 16:33,Prod,A1000183.6410,Tisch 11,104,S1000183.82891,SALE,1,4.2,4.2,0.0,0.0,0.0,0.0,122,Bier,Getränke,,MwSt. 19%,1.19,3.529412,0.670588,Normalverkauf
S1000183.82892,SP1000183.34.82892,SY1000183.2026.82892,iPad1(1000183),183,02.06.26 16:33,Prod,A1000183.6410,Tisch 11,104,S1000183.82892,SALE,1,4.2,4.2,0.0,0.0,0.0,0.0,122,Bier,Getränke,,MwSt. 19%,1.19,3.529412,0.670588,Normalverkauf
S1000183.82893,SP1000183.34.82893,SY1000183.2026.82893,iPad1(1000183),183,02.06.26 16:33,Prod,A1000183.6410,Tisch 11,104,S1000183.82893,SALE,2,11.5,23.0,0.0,0.0,0.0,0.0,105,Garnelen-Kimchi-Bruger,Hauptgerichte,,MwSt. 7%,1.07,21.495327,1.504673,Normalverkauf
S1000183.82894,SP1000183.34.82894,SY1000183.2026.82894,iPad1(1000183),183,02.06.26 20:50,Prod,A1000183.6411,Tisch 4,115,S1000183.82894,SALE,1,14.5,14.5,0.0,0.0,0.0,0.0,101,Lachs,Hauptspeisen,,MwSt. 7%,1.07,13.551402,0.948598,Normalverkauf
S1000183.82895,SP1000183.34.82895,SY1000183.2026.82895,iPad1(1000183),183,02.06.26 20:50,Prod,A1000183.6411,Tisch 4,115,S1000183.82895,SALE,2,6.9,13.8,0.0,0.0,0.0,0.0,103,Fischbrötchen Räucherlachs,Hauptspeisen,,MwSt. 7%,1.07,12.897196,0.902804,Normalverkauf
S1000183.82896,SP1000183.34.82896,SY1000183.2026.82896,iPad1(1000183),183,02.06.26 12:47,Prod,A1000183.6412,Tisch 2,115,S1000183.82896,SALE,1,5.9,5.9,0.0,0.0,0.0,0.0,117,Rote Grütze,Desserts,,MwSt. 7%,1.07,5.514019,0.385981,Normalverkauf
S1000183.82897,SP1000183.34.82897,SY1000183.2026.82897,iPad1(1000183),183,02.06.26 12:47,Prod,A1000183.6412,Tisch 2,115,S1000183.82897,SALE,2,6.9,13.8,0.0,0.0,0.0,0.0,113,Garnelen Box,Beilagen,,MwSt. 7%,1.07,12.897196,0.902804,Normalverkauf
S1000183.82898,SP1000183.34.82898,SY1000183.2026.82898,iPad1(1000183),183,02.06.26 12:12,Prod,A1000183.6413,Tisch 3,104,S1000183.82898,SALE,1,5.9,5.9,0.0,0.0,0.0,0.0,125,Zitronen-Limonade,Getränke,,MwSt. 19%,1.19,4.957983,0.942017,Normalverkauf
S1000183.82899,SP1000183.34.82899,SY1000183.2026.82899,iPad1(1000183),183,02.06.26 12:12,Prod,A1000183.6413,Tisch 3,104,S1000183.82899,SALE,1,6.9,6.9,0.0,0.0,0.0,0.0,103,Fischbrötchen Räucherlachs,Hauptspeisen,,MwSt. 7%,1.07,6.448598,0.451402,Normalverkauf
S1000183.82900,SP1000183.34.82900,SY1000183.2026.82900,iPad1(1000183),183,02.06.26 16:58,Prod,A1000183.6414,Tisch 23,106,S1000183.82900,SALE,2,3.9,7.8,0.0,0.0,0.0,0.0,126,Spezi,Getränke,,MwSt. 19%,1.19,6.554622,1.245378,Normalverkauf
S1000183.82901,SP1000183.34.82901,SY1000183.2026.82901,iPad1(1000183),183,02.06.26 08:32,Prod,A1000183.6415,Tisch 6,111,S1000183.82901,VOID,1,3.9,3.9,0.0,0.0,0.0,0.0,124,Cola Zero,Getränke,,MwSt. 19%,1.19,3.277311,0.622689,Normalverkauf
S1000183.82902,SP1000183.34.82902,SY1000183.2026.82902,iPad1(1000183),183,02.06.26 08:32,Prod,A1000183.6415,Tisch 6,111,S1000183.82902,VOID,1,3.9,3.9,0.0,0.0,0.0,0.0,119,Cola,Getränke,,MwSt. 19%,1.19,3.277311,0.622689,Normalverkauf
S1000183.82903,SP1000183.34.82903,SY1000183.2026.82903,iPad1(1000183),183,02.06.26 20:16,Prod,A1000183.6416,Tisch 10,115,S1000183.82903,SALE,1,5.9,5.9,0.0,0.0,0.0,0.0,117,Rote Grütze,Desserts,,MwSt. 7%,1.07,5.514019,0.385981,Normalverkauf
S1000183.82904,SP1000183.34.82904,SY1000183.2026.82904,iPad1(1000183),183,02.06.26 20:16,Prod,A1000183.6416,Tisch 10,115,S1000183.82904,SALE,2,7.9,15.8,0.0,0.0,0.0,0.0,106,Neptun-Ringe,Beilagen,,MwSt. 7%,1.07,14.766355,1.033645,Normalverkauf
S1000183.82905,SP1000183.34.82905,SY1000183.2026.82905,iPad1(1000183),183,02.06.26 20:16,Prod,A1000183.6416,Tisch 10,115,S1000183.82905,SALE,1,5.5,5.5,0.0,0.0,0.0,0.0,111,Pommes Frites,Beilagen,,MwSt. 7%,1.07,5.140187,0.359813,Normalverkauf
S1000183.82906,SP1000183.34.82906,SY1000183.2026.82906,iPad1(1000183),183,02.06.26 20:25,Prod,A1000183.6417,Tisch 12,104,S1000183.82906,SALE,2,5.5,11.0,0.0,0.0,0.0,0.0,111,Pommes Frites,Beilagen,,MwSt. 7%,1.07,10.280374,0.719626,Normalverkauf
S1000183.82907,SP1000183.34.82907,SY1000183.2026.82907,iPad1(1000183),183,02.06.26 20:25,Prod,A1000183.6417,Tisch 12,104,S1000183.82907,SALE,1,9.8,9.8,0.0,0.0,0.0,0.0,108,Seelachs-Ei-Baugette,Hauptgerichte,,MwSt. 7%,1.07,9.158879,0.641121,Normalverkauf
S1000183.82908,SP1000183.34.82908,SY1000183.2026.82908,iPad1(1000183),183,02.06.26 20:25,Prod,A1000183.6417,Tisch 12,104,S1000183.82908,SALE,2,6.5,13.0,0.0,0.0,0.0,0.0,100,Fischbrötchen Backfisch,Hauptspeisen,,MwSt. 7%,1.07,12.149533,0.850467,Normalverkauf
S1000183.82909,SP1000183.34.82909,SY1000183.2026.82909,iPad1(1000183),183,02.06.26 18:38,Prod,A1000183.6418,Tisch 8,104,S1000183.82909,SALE,2,5.5,11.0,0.0,0.0,0.0,0.0,111,Pommes Frites,Beilagen,,MwSt. 7%,1.07,10.280374,0.719626,Normalverkauf
S1000183.82910,SP1000183.34.82910,SY1000183.2026.82910,iPad1(1000183),183,02.06.26 16:22,Prod,A1000183.6419,Tisch 8,117,S1000183.82910,VOID,1,3.9,3.9,0.0,0.0,0.0,0.0,126,Spezi,Getränke,,MwSt. 19%,1.19,3.277311,0.622689,Normalverkauf
S1000183.82911,SP1000183.34.82911,SY1000183.2026.82911,iPad1(1000183),183,02.06.26 16:22,Prod,A1000183.6419,Tisch 8,117,S1000183.82911,VOID,2,10.9,21.8,0.0,0.0,0.0,0.0,107,Chicken Burger,Hauptgerichte,,MwSt. 7%,1.07,20.373832,1.426168,Normalverkauf
S1000183.82912,SP1000183.34.82912,SY1000183.2026.82912,iPad1(1000183),183,02.06.26 16:22,Prod,A1000183.6419,Tisch 8,117,S1000183.82912,VOID,1,14.5,14.5,0.0,0.0,0.0,0.0,101,Lachs,Hauptspeisen,,MwSt. 7%,1.07,13.551402,0.948598,Normalverkauf
S1000183.82913,SP1000183.34.82913,SY1000183.2026.82913,iPad1(1000183),183,02.06.26 15:23,Prod,A1000183.6420,Tisch 17,115,S1000183.82913,SALE,2,5.5,11.0,0.0,0.0,0.0,0.0,111,Pommes Frites,Beilagen,,MwSt. 7%,1.07,10.280374,0.719626,Normalverkauf
S1000183.82914,SP1000183.34.82914,SY1000183.2026.82914,iPad1(1000183),183,02.06.26 15:23,Prod,A1000183.6420,Tisch 17,115,S1000183.82914,SALE,2,6.5,13.0,0.0,0.0,0.0,0.0,100,Fischbrötchen Backfisch,Hauptspeisen,,MwSt. 7%,1.07,12.149533,0.850467,Normalverkauf
S1000183.82915,SP1000183.34.82915,SY1000183.2026.82915,iPad1(1000183),183,02.06.26 17:25,Prod,A1000183.6421,Tisch 3,106,S1000183.82915,SALE,2,3.9,7.8,0.0,0.0,0.0,0.0,124,Cola Zero,Getränke,,MwSt. 19%,1.19,6.554622,1.245378,Normalverkauf
S1000183.82916,SP1000183.34.82916,SY1000183.2026.82916,iPad1(1000183),183,02.06.26 17:25,Prod,A1000183.6421,Tisch 3,106,S1000183.82916,SALE,2,6.9,13.8,0.0,0.0,0.0,0.0,103,Fischbrötchen Räucherlachs,Hauptspeisen,,MwSt. 7%,1.07,12.897196,0.902804,Normalverkauf
S1000183.82917,SP1000183.34.82917,SY1000183.2026.82917,iPad1(1000183),183,02.06.26 17:25,Prod,A1000183.6421,Tisch 3,106,S1000183.82917,SALE,1,3.9,3.9,0.0,0.0,0.0,0.0,119,Cola,Getränke,,MwSt. 19%,1.19,3.277311,0.622689,Normalverkauf
S1000183.82918,SP1000183.34.82918,SY1000183.2026.82918,iPad1(1000183),183,02.06.26 13:06,Prod,A1000183.6422,Tisch 14,111,S1000183.82918,VOID,1,6.5,6.5,0.0,0.0,0.0,0.0,100,Fischbrötchen Backfisch,Hauptspeisen,,MwSt. 7%,1.07,6.074766,0.425234,Normalverkauf
S1000183.82919,SP1000183.34.82919,SY1000183.2026.82919,iPad1(1000183),183,02.06.26 13:06,Prod,A1000183.6422,Tisch 14,111,S1000183.82919,VOID,1,5.9,5.9,0.0,0.0,0.0,0.0,125,Zitronen-Limonade,Getränke,,MwSt. 19%,1.19,4.957983,0.942017,Normalverkauf
S1000183.82920,SP1000183.34.82920,SY1000183.2026.82920,iPad1(1000183),183,02.06.26 13:06,Prod,A1000183.6422,Tisch 14,111,S1000183.82920,VOID,1,3.9,3.9,0.0,0.0,0.0,0.0,124,Cola Zero,Getränke,,MwSt. 19%,1.19,3.277311,0.622689,Normalverkauf
S1000183.82921,SP1000183.34.82921,SY1000183.2026.82921,iPad1(1000183),183,02.06.26 12:50,Prod,A1000183.6423,Tisch 6,120,S1000183.82921,SALE,2,3.2,6.4,0.0,0.0,0.0,0.0,120,Apfelschorle,Getränke,,MwSt. 19%,1.19,5.378151,1.021849,Normalverkauf
S1000183.82922,SP1000183.34.82922,SY1000183.2026.82922,iPad1(1000183),183,02.06.26 12:50,Prod,A1000183.6423,Tisch 6,120,S1000183.82922,SALE,1,3.2,3.2,0.0,0.0,0.0,0.0,120,Apfelschorle,Getränke,,MwSt. 19%,1.19,2.689076,0.510924,Normalverkauf
S1000183.82923,SP1000183.34.82923,SY1000183.2026.82923,iPad1(1000183),183,02.06.26 15:21,Prod,A1000183.6424,Tisch 2,111,S1000183.82923,VOID,2,5.5,11.0,0.0,0.0,0.0,0.0,111,Pommes Frites,Beilagen,,MwSt. 7%,1.07,10.280374,0.719626,Normalverkauf
S1000183.82924,SP1000183.34.82924,SY1000183.2026.82924,iPad1(1000183),183,02.06.26 15:21,Prod,A1000183.6424,Tisch 2,111,S1000183.82924,VOID,1,3.9,3.9,0.0,0.0,0.0,0.0,124,Cola Zero,Getränke,,MwSt. 19%,1.19,3.277311,0.622689,Normalverkauf
S1000183.82925,SP1000183.34.82925,SY1000183.2026.82925,iPad1(1000183),183,02.06.26 15:21,Prod,A1000183.6424,Tisch 2,111,S1000183.82925,VOID,1,6.5,6.5,0.0,0.0,0.0,0.0,100,Fischbrötchen Backfisch,Hauptspeisen,,MwSt. 7%,1.07,6.074766,0.425234,Normalverkauf
S1000183.82926,SP1000183.34.82926,SY1000183.2026.82926,iPad1(1000183),183,02.06.26 16:05,Prod,A1000183.6425,Tisch 19,115,S1000183.82926,SALE,1,6.9,6.9,0.0,0.0,0.0,0.0,103,Fischbrötchen Räucherlachs,Hauptspeisen,,MwSt. 7%,1.07,6.448598,0.451402,Normalverkauf
S1000183.82927,SP1000183.34.82927,SY1000183.2026.82927,iPad1(1000183),183,02.06.26 16:05,Prod,A1000183.6425,Tisch 19,115,S1000183.82927,SALE,1,5.9,5.9,0.0,0.0,0.0,0.0,125,Zitronen-Limonade,Getränke,,MwSt. 19%,1.19,4.957983,0.942017,Normalverkauf
S1000183.82928,SP1000183.34.82928,SY1000183.2026.82928,iPad1(1000183),183,02.06.26 12:09,Prod,A1000183.6426,,115,S1000183.82928,SALE,2,6.5,13.0,0.0,0.0,0.0,0.0,118,Schokokuchen,Desserts,,MwSt. 7%,1.07,12.149533,0.850467,Normalverkauf
S1000183.82929,SP1000183.34.82929,SY1000183.2026.82929,iPad1(1000183),183,02.06.26 12:09,Prod,A1000183.6426,,115,S1000183.82929,SALE,2,5.9,11.8,0.0,0.0,0.0,0.0,116,Vanillequark,Desserts,,MwSt. 7%,1.07,11.028037,0.771963,Normalverkauf
S1000183.82930,SP1000183.34.82930,SY1000183.2026.82930,iPad1(1000183),183,02.06.26 19:30,Prod,A1000183.6427,Tisch 24,104,S1000183.82930,SALE,2,11.9,23.8,0.0,0.0,0.0,0.0,110,Matjes-Baguette,Hauptgerichte,,MwSt. 7%,1.07,22.242991,1.557009,Normalverkauf
S1000183.82931,SP1000183.34.82931,SY1000183.2026.82931,iPad1(1000183),183,02.06.26 16:47,Prod,A1000183.6428,Tisch 17,120,S1000183.82931,SALE,1,11.5,11.5,0.0,0.0,0.0,0.0,105,Garnelen-Kimchi-Bruger,Hauptgerichte,,MwSt. 7%,1.07,10.747664,0.752336,Normalverkauf
S1000183.82932,SP1000183.34.82932,SY1000183.2026.82932,iPad1(1000183),183,02.06.26 15:52,Prod,A1000183.6429,Tisch 24,106,S1000183.82932,SALE,2,3.9,7.8,0.0,0.0,0.0,0.0,126,Spezi,Getränke,,MwSt. 19%,1.19,6.554622,1.245378,Normalverkauf
S1000183.82933,SP1000183.34.82933,SY1000183.2026.82933,iPad1(1000183),183,02.06.26 15:52,Prod,A1000183.6429,Tisch 24,106,S1000183.82933,SALE,2,3.9,7.8,0.0,0.0,0.0,0.0,127,Alkoholfreies Bier,Getränke,,MwSt. 19%,1.19,6.554622,1.245378,Normalverkauf
S1000183.82934,SP1000183.34.82934,SY1000183.2026.82934,iPad1(1000183),183,02.06.26 15:52,Prod,A1000183.6429,Tisch 24,106,S1000183.82934,SALE,2,6.5,13.0,0.0,0.0,0.0,0.0,118,Schokokuchen,Desserts,,MwSt. 7%,1.07,12.149533,0.850467,Normalverkauf
S1000183.82935,SP1000183.34.82935,SY1000183.2026.82935,iPad1(1000183),183,02.06.26 18:03,Prod,A1000183.6430,Tisch 6,120,S1000183.82935,SALE,1,4.9,4.9,0.0,0.0,0.0,0.0,112,Kartoffelwedges,Beilagen,,MwSt. 7%,1.07,4.579439,0.320561,Normalverkauf
S1000183.82936,SP1000183.34.82936,SY1000183.2026.82936,iPad1(1000183),183,02.06.26 18:03,Prod,A1000183.6430,Tisch 6,120,S1000183.82936,SALE,2,5.9,11.8,0.0,0.0,0.0,0.0,125,Zitronen-Limonade,Getränke,,MwSt. 19%,1.19,9.915966,1.884034,Normalverkauf
S1000183.82937,SP1000183.34.82937,SY1000183.2026.82937,iPad1(1000183),183,02.06.26 19:22,Prod,A1000183.6431,Tisch 4,115,S1000183.82937,SALE,1,3.9,3.9,0.0,0.0,0.0,0.0,124,Cola Zero,Getränke,,MwSt. 19%,1.19,3.277311,0.622689,Normalverkauf
S1000183.82938,SP1000183.34.82938,SY1000183.2026.82938,iPad1(1000183),183,02.06.26 19:22,Prod,A1000183.6431,Tisch 4,115,S1000183.82938,SALE,2,10.9,21.8,0.0,0.0,0.0,0.0,104,Thunfisch Wrap,Hauptgerichte,,MwSt. 7%,1.07,20.373832,1.426168,Normalverkauf
S1000183.82939,SP1000183.34.82939,SY1000183.2026.82939,iPad1(1000183),183,02.06.26 18:26,Prod,A1000183.6432,Tisch 14,115,S1000183.82939,SALE,1,3.9,3.9,0.0,0.0,0.0,0.0,124,Cola Zero,Getränke,,MwSt. 19%,1.19,3.277311,0.622689,Normalverkauf
S1000183.82940,SP1000183.34.82940,SY1000183.2026.82940,iPad1(1000183),183,02.06.26 18:26,Prod,A1000183.6432,Tisch 14,115,S1000183.82940,SALE,1,10.9,10.9,0.0,0.0,0.0,0.0,107,Chicken Burger,Hauptgerichte,,MwSt. 7%,1.07,10.186916,0.713084,Normalverkauf
S1000183.82941,SP1000183.34.82941,SY1000183.2026.82941,iPad1(1000183),183,02.06.26 18:26,Prod,A1000183.6432,Tisch 14,115,S1000183.82941,SALE,2,3.9,7.8,0.0,0.0,0.0,0.0,119,Cola,Getränke,,MwSt. 19%,1.19,6.554622,1.245378,Normalverkauf
S1000183.82942,SP1000183.34.82942,SY1000183.2026.82942,iPad1(1000183),183,02.06.26 19:27,Prod,A1000183.6433,Tisch 21,120,S1000183.82942,SALE,1,4.9,4.9,0.0,0.0,0.0,0.0,112,Kartoffelwedges,Beilagen,,MwSt. 7%,1.07,4.579439,0.320561,Normalverkauf
S1000183.82943,SP1000183.34.82943,SY1000183.2026.82943,iPad1(1000183),183,02.06.26 16:00,Prod,A1000183.6434,,115,S1000183.82943,SALE,2,5.5,11.0,0.0,0.0,0.0,0.0,114,Fisch Nuggets Box,Beilagen,,MwSt. 7%,1.07,10.280374,0.719626,Normalverkauf
S1000183.82944,SP1000183.34.82944,SY1000183.2026.82944,iPad1(1000183),183,02.06.26 16:00,Prod,A1000183.6434,,115,S1000183.82944,SALE,2,6.5,13.0,0.0,0.0,0.0,0.0,100,Fischbrötchen Backfisch,Hauptspeisen,,MwSt. 7%,1.07,12.149533,0.850467,Normalverkauf
S1000183.82945,SP1000183.34.82945,SY1000183.2026.82945,iPad1(1000183),183,02.06.26 19:07,Prod,A1000183.6435,Tisch 2,104,S1000183.82945,SALE,1,10.9,10.9,0.0,0.0,0.0,0.0,104,Thunfisch Wrap,Hauptgerichte,,MwSt. 7%,1.07,10.186916,0.713084,Normalverkauf
S1000183.82946,SP1000183.34.82946,SY1000183.2026.82946,iPad1(1000183),183,02.06.26 19:07,Prod,A1000183.6435,Tisch 2,104,S1000183.82946,SALE,1,3.9,3.9,0.0,0.0,0.0,0.0,124,Cola Zero,Getränke,,MwSt. 19%,1.19,3.277311,0.622689,Normalverkauf
S1000183.82947,SP1000183.34.82947,SY1000183.2026.82947,iPad1(1000183),183,02.06.26 08:58,Prod,A1000183.6436,Tisch 18,106,S1000183.82947,SALE,2,3.9,7.8,0.0,0.0,0.0,0.0,124,Cola Zero,Getränke,,MwSt. 19%,1.19,6.554622,1.245378,Normalverkauf
S1000183.82948,SP1000183.34.82948,SY1000183.2026.82948,iPad1(1000183),183,02.06.26 19:45,Prod,A1000183.6437,Tisch 5,104,S1000183.82948,SALE,1,3.2,3.2,0.0,0.0,0.0,0.0,120,Apfelschorle,Getränke,,MwSt. 19%,1.19,2.689076,0.510924,Normalverkauf
S1000183.82949,SP1000183.34.82949,SY1000183.2026.82949,iPad1(1000183),183,02.06.26 19:45,Prod,A1000183.6437,Tisch 5,104,S1000183.82949,SALE,1,10.9,10.9,0.0,0.0,0.0,0.0,104,Thunfisch Wrap,Hauptgerichte,,MwSt. 7%,1.07,10.186916,0.713084,Normalverkauf
S1000183.82950,SP1000183.34.82950,SY1000183.2026.82950,iPad1(1000183),183,02.06.26 19:45,Prod,A1000183.6437,Tisch 5,104,S1000183.82950,SALE,2,5.9,11.8,0.0,0.0,0.0,0.0,125,Zitronen-Limonade,Getränke,,MwSt. 19%,1.19,9.915966,1.884034,Normalverkauf
S1000183.82951,SP1000183.34.82951,SY1000183.2026.82951,iPad1(1000183),183,02.06.26 11:15,Prod,A1000183.6438,Tisch 5,104,S1000183.82951,SALE,2,3.9,7.8,0.0,0.0,0.0,0.0,119,Cola,Getränke,,MwSt. 19%,1.19,6.554622,1.245378,Normalverkauf
S1000183.82952,SP1000183.34.82952,SY1000183.2026.82952,iPad1(1000183),183,02.06.26 11:15,Prod,A1000183.6438,Tisch 5,104,S1000183.82952,SALE,1,3.9,3.9,0.0,0.0,0.0,0.0,119,Cola,Getränke,,MwSt. 19%,1.19,3.277311,0.622689,Normalverkauf
S1000183.82953,SP1000183.34.82953,SY1000183.2026.82953,iPad1(1000183),183,02.06.26 12:37,Prod,A1000183.6439,Tisch 13,106,S1000183.82953,VOID,2,3.9,7.8,0.0,0.0,0.0,0.0,119,Cola,Getränke,,MwSt. 19%,1.19,6.554622,1.245378,Normalverkauf
S1000183.82954,SP1000183.34.82954,SY1000183.2026.82954,iPad1(1000183),183,02.06.26 12:37,Prod,A1000183.6439,Tisch 13,106,S1000183.82954,VOID,2,4.2,8.4,0.0,0.0,0.0,0.0,122,Bier,Getränke,,MwSt. 19%,1.19,7.058824,1.341176,Normalverkauf
S1000183.82955,SP1000183.34.82955,SY1000183.2026.82955,iPad1(1000183),183,03.06.26 16:08,Prod,A1000183.6440,Tisch 15,115,S1000183.82955,SALE,2,4.2,8.4,0.0,0.0,0.0,0.0,122,Bier,Getränke,,MwSt. 19%,1.19,7.058824,1.341176,Normalverkauf
S1000183.82956,SP1000183.34.82956,SY1000183.2026.82956,iPad1(1000183),183,03.06.26 20:40,Prod,A1000183.6441,Tisch 23,115,S1000183.82956,SALE,1,10.9,10.9,0.0,0.0,0.0,0.0,107,Chicken Burger,Hauptgerichte,,MwSt. 7%,1.07,10.186916,0.713084,Normalverkauf
S1000183.82957,SP1000183.34.82957,SY1000183.2026.82957,iPad1(1000183),183,03.06.26 14:44,Prod,A1000183.6442,Tisch 16,115,S1000183.82957,SALE,1,4.2,4.2,0.0,0.0,0.0,0.0,122,Bier,Getränke,,MwSt. 19%,1.19,3.529412,0.670588,Normalverkauf
S1000183.82958,SP1000183.34.82958,SY1000183.2026.82958,iPad1(1000183),183,03.06.26 12:58,Prod,A1000183.6443,Tisch 21,111,S1000183.82958,SALE,2,3.2,6.4,0.0,0.0,0.0,0.0,120,Apfelschorle,Getränke,,MwSt. 19%,1.19,5.378151,1.021849,Normalverkauf
S1000183.82959,SP1000183.34.82959,SY1000183.2026.82959,iPad1(1000183),183,03.06.26 12:58,Prod,A1000183.6443,Tisch 21,111,S1000183.82959,SALE,2,6.5,13.0,0.0,0.0,0.0,0.0,100,Fischbrötchen Backfisch,Hauptspeisen,,MwSt. 7%,1.07,12.149533,0.850467,Normalverkauf
S1000183.82960,SP1000183.34.82960,SY1000183.2026.82960,iPad1(1000183),183,03.06.26 12:38,Prod,A1000183.6444,,120,S1000183.82960,SALE,1,2.8,2.8,0.0,0.0,0.0,0.0,121,Mineralwasser,Getränke,,MwSt. 19%,1.19,2.352941,0.447059,Normalverkauf
S1000183.82961,SP1000183.34.82961,SY1000183.2026.82961,iPad1(1000183),183,03.06.26 11:49,Prod,A1000183.6445,Tisch 9,120,S1000183.82961,SALE,1,6.5,6.5,0.0,0.0,0.0,0.0,100,Fischbrötchen Backfisch,Hauptspeisen,,MwSt. 7%,1.07,6.074766,0.425234,Normalverkauf
S1000183.82962,SP1000183.34.82962,SY1000183.2026.82962,iPad1(1000183),183,03.06.26 09:30,Prod,A1000183.6446,Tisch 24,115,S1000183.82962,SALE,2,6.9,13.8,0.0,0.0,0.0,0.0,103,Fischbrötchen Räucherlachs,Hauptspeisen,,MwSt. 7%,1.07,12.897196,0.902804,Normalverkauf
S1000183.82963,SP1000183.34.82963,SY1000183.2026.82963,iPad1(1000183),183,03.06.26 09:30,Prod,A1000183.6446,Tisch 24,115,S1000183.82963,SALE,2,3.9,7.8,0.0,0.0,0.0,0.0,119,Cola,Getränke,,MwSt. 19%,1.19,6.554622,1.245378,Normalverkauf
S1000183.82964,SP1000183.34.82964,SY1000183.2026.82964,iPad1(1000183),183,03.06.26 17:11,Prod,A1000183.6447,Tisch 15,120,S1000183.82964,SALE,1,10.9,10.9,0.0,0.0,0.0,0.0,104,Thunfisch Wrap,Hauptgerichte,,MwSt. 7%,1.07,10.186916,0.713084,Normalverkauf
S1000183.82965,SP1000183.34.82965,SY1000183.2026.82965,iPad1(1000183),183,03.06.26 17:11,Prod,A1000183.6447,Tisch 15,120,S1000183.82965,SALE,2,10.9,21.8,0.0,0.0,0.0,0.0,104,Thunfisch Wrap,Hauptgerichte,,MwSt. 7%,1.07,20.373832,1.426168,Normalverkauf
S1000183.82966,SP1000183.34.82966,SY1000183.2026.82966,iPad1(1000183),183,03.06.26 17:11,Prod,A1000183.6447,Tisch 15,120,S1000183.82966,SALE,1,3.2,3.2,0.0,0.0,0.0,0.0,120,Apfelschorle,Getränke,,MwSt. 19%,1.19,2.689076,0.510924,Normalverkauf
S1000183.82967,SP1000183.34.82967,SY1000183.2026.82967,iPad1(1000183),183,03.06.26 14:35,Prod,A1000183.6448,Tisch 22,115,S1000183.82967,SALE,2,3.9,7.8,0.0,0.0,0.0,0.0,126,Spezi,Getränke,,MwSt. 19%,1.19,6.554622,1.245378,Normalverkauf
S1000183.82968,SP1000183.34.82968,SY1000183.2026.82968,iPad1(1000183),183,03.06.26 14:35,Prod,A1000183.6448,Tisch 22,115,S1000183.82968,SALE,2,5.9,11.8,0.0,0.0,0.0,0.0,116,Vanillequark,Desserts,,MwSt. 7%,1.07,11.028037,0.771963,Normalverkauf
S1000183.82969,SP1000183.34.82969,SY1000183.2026.82969,iPad1(1000183),183,03.06.26 14:35,Prod,A1000183.6448,Tisch 22,115,S1000183.82969,SALE,1,6.9,6.9,0.0,0.0,0.0,0.0,113,Garnelen Box,Beilagen,,MwSt. 7%,1.07,6.448598,0.451402,Normalverkauf
S1000183.82970,SP1000183.34.82970,SY1000183.2026.82970,iPad1(1000183),183,03.06.26 17:37,Prod,A1000183.6449,Tisch 8,117,S1000183.82970,SALE,1,4.2,4.2,0.0,0.0,0.0,0.0,122,Bier,Getränke,,MwSt. 19%,1.19,3.529412,0.670588,Normalverkauf
S1000183.82971,SP1000183.34.82971,SY1000183.2026.82971,iPad1(1000183),183,03.06.26 17:37,Prod,A1000183.6449,Tisch 8,117,S1000183.82971,SALE,1,9.8,9.8,0.0,0.0,0.0,0.0,108,Seelachs-Ei-Baugette,Hauptgerichte,,MwSt. 7%,1.07,9.158879,0.641121,Normalverkauf
S1000183.82972,SP1000183.34.82972,SY1000183.2026.82972,iPad1(1000183),183,03.06.26 17:37,Prod,A1000183.6449,Tisch 8,117,S1000183.82972,SALE,1,4.2,4.2,0.0,0.0,0.0,0.0,122,Bier,Getränke,,MwSt. 19%,1.19,3.529412,0.670588,Normalverkauf
S1000183.82973,SP1000183.34.82973,SY1000183.2026.82973,iPad1(1000183),183,03.06.26 11:40,Prod,A1000183.6450,Tisch 1,106,S1000183.82973,SALE,2,9.8,19.6,0.0,0.0,0.0,0.0,108,Seelachs-Ei-Baugette,Hauptgerichte,,MwSt. 7%,1.07,18.317757,1.282243,Normalverkauf
S1000183.82974,SP1000183.34.82974,SY1000183.2026.82974,iPad1(1000183),183,03.06.26 11:40,Prod,A1000183.6450,Tisch 1,106,S1000183.82974,SALE,1,3.2,3.2,0.0,0.0,0.0,0.0,120,Apfelschorle,Getränke,,MwSt. 19%,1.19,2.689076,0.510924,Normalverkauf
S1000183.82975,SP1000183.34.82975,SY1000183.2026.82975,iPad1(1000183),183,03.06.26 19:03,Prod,A1000183.6451,Tisch 3,115,S1000183.82975,SALE,1,14.5,14.5,0.0,0.0,0.0,0.0,101,Lachs,Hauptspeisen,,MwSt. 7%,1.07,13.551402,0.948598,Normalverkauf
S1000183.82976,SP1000183.34.82976,SY1000183.2026.82976,iPad1(1000183),183,03.06.26 19:03,Prod,A1000183.6451,Tisch 3,115,S1000183.82976,SALE,1,5.9,5.9,0.0,0.0,0.0,0.0,117,Rote Grütze,Desserts,,MwSt. 7%,1.07,5.514019,0.385981,Normalverkauf
S1000183.82977,SP1000183.34.82977,SY1000183.2026.82977,iPad1(1000183),183,03.06.26 19:03,Prod,A1000183.6451,Tisch 3,115,S1000183.82977,SALE,2,6.9,13.8,0.0,0.0,0.0,0.0,103,Fischbrötchen Räucherlachs,Hauptspeisen,,MwSt. 7%,1.07,12.897196,0.902804,Normalverkauf
S1000183.82978,SP1000183.34.82978,SY1000183.2026.82978,iPad1(1000183),183,03.06.26 17:02,Prod,A1000183.6452,Tisch 9,104,S1000183.82978,SALE,1,5.5,5.5,0.0,0.0,0.0,0.0,111,Pommes Frites,Beilagen,,MwSt. 7%,1.07,5.140187,0.359813,Normalverkauf
S1000183.82979,SP1000183.34.82979,SY1000183.2026.82979,iPad1(1000183),183,03.06.26 12:53,Prod,A1000183.6453,Tisch 6,111,S1000183.82979,VOID,2,4.2,8.4,0.0,0.0,0.0,0.0,122,Bier,Getränke,,MwSt. 19%,1.19,7.058824,1.341176,Normalverkauf
S1000183.82980,SP1000183.34.82980,SY1000183.2026.82980,iPad1(1000183),183,03.06.26 16:22,Prod,A1000183.6454,Tisch 2,111,S1000183.82980,SALE,2,7.9,15.8,0.0,0.0,0.0,0.0,106,Neptun-Ringe,Beilagen,,MwSt. 7%,1.07,14.766355,1.033645,Normalverkauf
S1000183.82981,SP1000183.34.82981,SY1000183.2026.82981,iPad1(1000183),183,03.06.26 12:36,Prod,A1000183.6455,Tisch 5,115,S1000183.82981,SALE,2,3.9,7.8,0.0,0.0,0.0,0.0,124,Cola Zero,Getränke,,MwSt. 19%,1.19,6.554622,1.245378,Normalverkauf
S1000183.82982,SP1000183.34.82982,SY1000183.2026.82982,iPad1(1000183),183,03.06.26 12:36,Prod,A1000183.6455,Tisch 5,115,S1000183.82982,SALE,1,3.9,3.9,0.0,0.0,0.0,0.0,126,Spezi,Getränke,,MwSt. 19%,1.19,3.277311,0.622689,Normalverkauf
S1000183.82983,SP1000183.34.82983,SY1000183.2026.82983,iPad1(1000183),183,03.06.26 09:49,Prod,A1000183.6456,Tisch 21,120,S1000183.82983,SALE,1,3.9,3.9,0.0,0.0,0.0,0.0,119,Cola,Getränke,,MwSt. 19%,1.19,3.277311,0.622689,Normalverkauf
S1000183.82984,SP1000183.34.82984,SY1000183.2026.82984,iPad1(1000183),183,03.06.26 09:49,Prod,A1000183.6456,Tisch 21,120,S1000183.82984,SALE,1,3.9,3.9,0.0,0.0,0.0,0.0,126,Spezi,Getränke,,MwSt. 19%,1.19,3.277311,0.622689,Normalverkauf
S1000183.82985,SP1000183.34.82985,SY1000183.2026.82985,iPad1(1000183),183,03.06.26 11:18,Prod,A1000183.6457,Tisch 19,106,S1000183.82985,SALE,2,11.9,23.8,0.0,0.0,0.0,0.0,110,Matjes-Baguette,Hauptgerichte,,MwSt. 7%,1.07,22.242991,1.557009,Normalverkauf
S1000183.82986,SP1000183.34.82986,SY1000183.2026.82986,iPad1(1000183),183,03.06.26 11:18,Prod,A1000183.6457,Tisch 19,106,S1000183.82986,SALE,2,4.2,8.4,0.0,0.0,0.0,0.0,122,Bier,Getränke,,MwSt. 19%,1.19,7.058824,1.341176,Normalverkauf
S1000183.82987,SP1000183.34.82987,SY1000183.2026.82987,iPad1(1000183),183,03.06.26 11:18,Prod,A1000183.6457,Tisch 19,106,S1000183.82987,SALE,2,4.2,8.4,0.0,0.0,0.0,0.0,122,Bier,Getränke,,MwSt. 19%,1.19,7.058824,1.341176,Normalverkauf
S1000183.82988,SP1000183.34.82988,SY1000183.2026.82988,iPad1(1000183),183,03.06.26 16:54,Prod,A1000183.6458,Tisch 3,115,S1000183.82988,SALE,2,2.8,5.6,0.0,0.0,0.0,0.0,121,Mineralwasser,Getränke,,MwSt. 19%,1.19,4.705882,0.894118,Normalverkauf
S1000183.82989,SP1000183.34.82989,SY1000183.2026.82989,iPad1(1000183),183,03.06.26 17:13,Prod,A1000183.6459,Tisch 5,104,S1000183.82989,SALE,2,14.5,29.0,0.0,0.0,0.0,0.0,101,Lachs,Hauptspeisen,,MwSt. 7%,1.07,27.102804,1.897196,Normalverkauf
S1000183.82990,SP1000183.34.82990,SY1000183.2026.82990,iPad1(1000183),183,03.06.26 14:09,Prod,A1000183.6460,Tisch 7,115,S1000183.82990,VOID,2,11.9,23.8,0.0,0.0,0.0,0.0,110,Matjes-Baguette,Hauptgerichte,,MwSt. 7%,1.07,22.242991,1.557009,Normalverkauf
S1000183.82991,SP1000183.34.82991,SY1000183.2026.82991,iPad1(1000183),183,03.06.26 19:13,Prod,A1000183.6461,Tisch 24,104,S1000183.82991,SALE,2,3.2,6.4,0.0,0.0,0.0,0.0,120,Apfelschorle,Getränke,,MwSt. 19%,1.19,5.378151,1.021849,Normalverkauf
S1000183.82992,SP1000183.34.82992,SY1000183.2026.82992,iPad1(1000183),183,03.06.26 19:13,Prod,A1000183.6461,Tisch 24,104,S1000183.82992,SALE,1,2.8,2.8,0.0,0.0,0.0,0.0,121,Mineralwasser,Getränke,,MwSt. 19%,1.19,2.352941,0.447059,Normalverkauf
S1000183.82993,SP1000183.34.82993,SY1000183.2026.82993,iPad1(1000183),183,03.06.26 19:13,Prod,A1000183.6461,Tisch 24,104,S1000183.82993,SALE,2,3.9,7.8,0.0,0.0,0.0,0.0,126,Spezi,Getränke,,MwSt. 19%,1.19,6.554622,1.245378,Normalverkauf
S1000183.82994,SP1000183.34.82994,SY1000183.2026.82994,iPad1(1000183),183,03.06.26 16:53,Prod,A1000183.6462,,120,S1000183.82994,SALE,1,5.5,5.5,0.0,0.0,0.0,0.0,114,Fisch Nuggets Box,Beilagen,,MwSt. 7%,1.07,5.140187,0.359813,Normalverkauf
S1000183.82995,SP1000183.34.82995,SY1000183.2026.82995,iPad1(1000183),183,03.06.26 12:04,Prod,A1000183.6463,Tisch 18,120,S1000183.82995,SALE,2,10.9,21.8,0.0,0.0,0.0,0.0,104,Thunfisch Wrap,Hauptgerichte,,MwSt. 7%,1.07,20.373832,1.426168,Normalverkauf
S1000183.82996,SP1000183.34.82996,SY1000183.2026.82996,iPad1(1000183),183,03.06.26 12:04,Prod,A1000183.6463,Tisch 18,120,S1000183.82996,SALE,2,4.2,8.4,0.0,0.0,0.0,0.0,122,Bier,Getränke,,MwSt. 19%,1.19,7.058824,1.341176,Normalverkauf
S1000183.82997,SP1000183.34.82997,SY1000183.2026.82997,iPad1(1000183),183,03.06.26 12:04,Prod,A1000183.6463,Tisch 18,120,S1000183.82997,SALE,1,10.9,10.9,0.0,0.0,0.0,0.0,107,Chicken Burger,Hauptgerichte,,MwSt. 7%,1.07,10.186916,0.713084,Normalverkauf
S1000183.82998,SP1000183.34.82998,SY1000183.2026.82998,iPad1(1000183),183,03.06.26 17:03,Prod,A1000183.6464,,117,S1000183.82998,SALE,2,6.5,13.0,0.0,0.0,0.0,0.0,100,Fischbrötchen Backfisch,Hauptspeisen,,MwSt. 7%,1.07,12.149533,0.850467,Normalverkauf
S1000183.82999,SP1000183.34.82999,SY1000183.2026.82999,iPad1(1000183),183,03.06.26 18:51,Prod,A1000183.6465,Tisch 19,104,S1000183.82999,SALE,1,10.9,10.9,0.0,0.0,0.0,0.0,109,Bismarck-Baguette,Hauptgerichte,,MwSt. 7%,1.07,10.186916,0.713084,Normalverkauf
S1000183.83000,SP1000183.34.83000,SY1000183.2026.83000,iPad1(1000183),183,03.06.26 18:51,Prod,A1000183.6465,Tisch 19,104,S1000183.83000,SALE,1,2.8,2.8,0.0,0.0,0.0,0.0,121,Mineralwasser,Getränke,,MwSt. 19%,1.19,2.352941,0.447059,Normalverkauf
S1000183.83001,SP1000183.34.83001,SY1000183.2026.83001,iPad1(1000183),183,03.06.26 18:51,Prod,A1000183.6465,Tisch 19,104,S1000183.83001,SALE,1,5.5,5.5,0.0,0.0,0.0,0.0,111,Pommes Frites,Beilagen,,MwSt. 7%,1.07,5.140187,0.359813,Normalverkauf
S1000183.83002,SP1000183.34.83002,SY1000183.2026.83002,iPad1(1000183),183,03.06.26 13:52,Prod,A1000183.6466,Tisch 14,104,S1000183.83002,SALE,1,3.9,3.9,0.0,0.0,0.0,0.0,124,Cola Zero,Getränke,,MwSt. 19%,1.19,3.277311,0.622689,Normalverkauf
S1000183.83003,SP1000183.34.83003,SY1000183.2026.83003,iPad1(1000183),183,03.06.26 15:56,Prod,A1000183.6467,Tisch 11,115,S1000183.83003,SALE,1,4.9,4.9,0.0,0.0,0.0,0.0,112,Kartoffelwedges,Beilagen,,MwSt. 7%,1.07,4.579439,0.320561,Normalverkauf
S1000183.83004,SP1000183.34.83004,SY1000183.2026.83004,iPad1(1000183),183,03.06.26 12:30,Prod,A1000183.6468,Tisch 24,104,S1000183.83004,VOID,2,5.5,11.0,0.0,0.0,0.0,0.0,111,Pommes Frites,Beilagen,,MwSt. 7%,1.07,10.280374,0.719626,Normalverkauf
S1000183.83005,SP1000183.34.83005,SY1000183.2026.83005,iPad1(1000183),183,03.06.26 12:30,Prod,A1000183.6468,Tisch 24,104,S1000183.83005,VOID,1,3.2,3.2,0.0,0.0,0.0,0.0,120,Apfelschorle,Getränke,,MwSt. 19%,1.19,2.689076,0.510924,Normalverkauf
S1000183.83006,SP1000183.34.83006,SY1000183.2026.83006,iPad1(1000183),183,03.06.26 18:17,Prod,A1000183.6469,Tisch 21,120,S1000183.83006,SALE,1,3.9,3.9,0.0,0.0,0.0,0.0,124,Cola Zero,Getränke,,MwSt. 19%,1.19,3.277311,0.622689,Normalverkauf
S1000183.83007,SP1000183.34.83007,SY1000183.2026.83007,iPad1(1000183),183,03.06.26 11:41,Prod,A1000183.6470,Tisch 20,106,S1000183.83007,SALE,2,6.9,13.8,0.0,0.0,0.0,0.0,103,Fischbrötchen Räucherlachs,Hauptspeisen,,MwSt. 7%,1.07,12.897196,0.902804,Normalverkauf
S1000183.83008,SP1000183.34.83008,SY1000183.2026.83008,iPad1(1000183),183,03.06.26 19:45,Prod,A1000183.6471,Tisch 17,117,S1000183.83008,VOID,2,2.8,5.6,0.0,0.0,0.0,0.0,121,Mineralwasser,Getränke,,MwSt. 19%,1.19,4.705882,0.894118,Normalverkauf
S1000183.83009,SP1000183.34.83009,SY1000183.2026.83009,iPad1(1000183),183,03.06.26 19:45,Prod,A1000183.6471,Tisch 17,117,S1000183.83009,VOID,2,6.5,13.0,0.0,0.0,0.0,0.0,100,Fischbrötchen Backfisch,Hauptspeisen,,MwSt. 7%,1.07,12.149533,0.850467,Normalverkauf
S1000183.83010,SP1000183.34.83010,SY1000183.2026.83010,iPad1(1000183),183,03.06.26 19:45,Prod,A1000183.6471,Tisch 17,117,S1000183.83010,VOID,2,11.5,23.0,0.0,0.0,0.0,0.0,105,Garnelen-Kimchi-Bruger,Hauptgerichte,,MwSt. 7%,1.07,21.495327,1.504673,Normalverkauf
S1000183.83011,SP1000183.34.83011,SY1000183.2026.83011,iPad1(1000183),183,03.06.26 11:08,Prod,A1000183.6472,Tisch 12,120,S1000183.83011,SALE,2,3.2,6.4,0.0,0.0,0.0,0.0,120,Apfelschorle,Getränke,,MwSt. 19%,1.19,5.378151,1.021849,Normalverkauf
S1000183.83012,SP1000183.34.83012,SY1000183.2026.83012,iPad1(1000183),183,03.06.26 11:08,Prod,A1000183.6472,Tisch 12,120,S1000183.83012,SALE,1,5.9,5.9,0.0,0.0,0.0,0.0,125,Zitronen-Limonade,Getränke,,MwSt. 19%,1.19,4.957983,0.942017,Normalverkauf
S1000183.83013,SP1000183.34.83013,SY1000183.2026.83013,iPad1(1000183),183,03.06.26 12:43,Prod,A1000183.6473,Tisch 24,115,S1000183.83013,VOID,1,14.5,14.5,0.0,0.0,0.0,0.0,101,Lachs,Hauptspeisen,,MwSt. 7%,1.07,13.551402,0.948598,Normalverkauf
S1000183.83014,SP1000183.34.83014,SY1000183.2026.83014,iPad1(1000183),183,03.06.26 12:43,Prod,A1000183.6473,Tisch 24,115,S1000183.83014,VOID,1,4.2,4.2,0.0,0.0,0.0,0.0,122,Bier,Getränke,,MwSt. 19%,1.19,3.529412,0.670588,Normalverkauf
S1000183.83015,SP1000183.34.83015,SY1000183.2026.83015,iPad1(1000183),183,03.06.26 14:21,Prod,A1000183.6474,Tisch 18,115,S1000183.83015,SALE,1,10.9,10.9,0.0,0.0,0.0,0.0,107,Chicken Burger,Hauptgerichte,,MwSt. 7%,1.07,10.186916,0.713084,Normalverkauf
S1000183.83016,SP1000183.34.83016,SY1000183.2026.83016,iPad1(1000183),183,03.06.26 14:21,Prod,A1000183.6474,Tisch 18,115,S1000183.83016,SALE,2,10.9,21.8,0.0,0.0,0.0,0.0,107,Chicken Burger,Hauptgerichte,,MwSt. 7%,1.07,20.373832,1.426168,Normalverkauf
S1000183.83017,SP1000183.34.83017,SY1000183.2026.83017,iPad1(1000183),183,03.06.26 11:36,Prod,A1000183.6475,Tisch 20,111,S1000183.83017,SALE,2,10.9,21.8,0.0,0.0,0.0,0.0,104,Thunfisch Wrap,Hauptgerichte,,MwSt. 7%,1.07,20.373832,1.426168,Normalverkauf
S1000183.83018,SP1000183.34.83018,SY1000183.2026.83018,iPad1(1000183),183,03.06.26 11:36,Prod,A1000183.6475,Tisch 20,111,S1000183.83018,SALE,1,5.9,5.9,0.0,0.0,0.0,0.0,117,Rote Grütze,Desserts,,MwSt. 7%,1.07,5.514019,0.385981,Normalverkauf
S1000183.83019,SP1000183.34.83019,SY1000183.2026.83019,iPad1(1000183),183,03.06.26 11:36,Prod,A1000183.6475,Tisch 20,111,S1000183.83019,SALE,2,10.9,21.8,0.0,0.0,0.0,0.0,109,Bismarck-Baguette,Hauptgerichte,,MwSt. 7%,1.07,20.373832,1.426168,Normalverkauf
S1000183.83020,SP1000183.34.83020,SY1000183.2026.83020,iPad1(1000183),183,03.06.26 17:32,Prod,A1000183.6476,Tisch 5,115,S1000183.83020,SALE,2,6.5,13.0,0.0,0.0,0.0,0.0,118,Schokokuchen,Desserts,,MwSt. 7%,1.07,12.149533,0.850467,Normalverkauf
S1000183.83021,SP1000183.34.83021,SY1000183.2026.83021,iPad1(1000183),183,03.06.26 17:32,Prod,A1000183.6476,Tisch 5,115,S1000183.83021,SALE,1,10.9,10.9,0.0,0.0,0.0,0.0,104,Thunfisch Wrap,Hauptgerichte,,MwSt. 7%,1.07,10.186916,0.713084,Normalverkauf
S1000183.83022,SP1000183.34.83022,SY1000183.2026.83022,iPad1(1000183),183,03.06.26 17:32,Prod,A1000183.6476,Tisch 5,115,S1000183.83022,SALE,2,3.9,7.8,0.0,0.0,0.0,0.0,119,Cola,Getränke,,MwSt. 19%,1.19,6.554622,1.245378,Normalverkauf
S1000183.83023,SP1000183.34.83023,SY1000183.2026.83023,iPad1(1000183),183,03.06.26 17:53,Prod,A1000183.6477,Tisch 8,115,S1000183.83023,SALE,1,5.5,5.5,0.0,0.0,0.0,0.0,111,Pommes Frites,Beilagen,,MwSt. 7%,1.07,5.140187,0.359813,Normalverkauf
S1000183.83024,SP1000183.34.83024,SY1000183.2026.83024,iPad1(1000183),183,03.06.26 17:53,Prod,A1000183.6477,Tisch 8,115,S1000183.83024,SALE,1,3.9,3.9,0.0,0.0,0.0,0.0,126,Spezi,Getränke,,MwSt. 19%,1.19,3.277311,0.622689,Normalverkauf
S1000183.83025,SP1000183.34.83025,SY1000183.2026.83025,iPad1(1000183),183,03.06.26 09:13,Prod,A1000183.6478,Tisch 19,106,S1000183.83025,SALE,1,11.5,11.5,0.0,0.0,0.0,0.0,105,Garnelen-Kimchi-Bruger,Hauptgerichte,,MwSt. 7%,1.07,10.747664,0.752336,Normalverkauf
S1000183.83026,SP1000183.34.83026,SY1000183.2026.83026,iPad1(1000183),183,03.06.26 09:13,Prod,A1000183.6478,Tisch 19,106,S1000183.83026,SALE,2,3.9,7.8,0.0,0.0,0.0,0.0,119,Cola,Getränke,,MwSt. 19%,1.19,6.554622,1.245378,Normalverkauf
S1000183.83027,SP1000183.34.83027,SY1000183.2026.83027,iPad1(1000183),183,03.06.26 09:13,Prod,A1000183.6478,Tisch 19,106,S1000183.83027,SALE,2,10.9,21.8,0.0,0.0,0.0,0.0,104,Thunfisch Wrap,Hauptgerichte,,MwSt. 7%,1.07,20.373832,1.426168,Normalverkauf
S1000183.83028,SP1000183.34.83028,SY1000183.2026.83028,iPad1(1000183),183,03.06.26 11:35,Prod,A1000183.6479,Tisch 14,106,S1000183.83028,SALE,1,3.9,3.9,0.0,0.0,0.0,0.0,124,Cola Zero,Getränke,,MwSt. 19%,1.19,3.277311,0.622689,Normalverkauf
S1000183.83029,SP1000183.34.83029,SY1000183.2026.83029,iPad1(1000183),183,03.06.26 11:35,Prod,A1000183.6479,Tisch 14,106,S1000183.83029,SALE,2,7.9,15.8,0.0,0.0,0.0,0.0,115,Tiramisu,Desserts,,MwSt. 7%,1.07,14.766355,1.033645,Normalverkauf
S1000183.83030,SP1000183.34.83030,SY1000183.2026.83030,iPad1(1000183),183,03.06.26 19:15,Prod,A1000183.6480,Tisch 23,115,S1000183.83030,SALE,1,13.5,13.5,0.0,0.0,0.0,0.0,102,Matjes,Hauptspeisen,,MwSt. 7%,1.07,12.616822,0.883178,Normalverkauf
S1000183.83031,SP1000183.34.83031,SY1000183.2026.83031,iPad1(1000183),183,03.06.26 19:15,Prod,A1000183.6480,Tisch 23,115,S1000183.83031,SALE,2,10.9,21.8,0.0,0.0,0.0,0.0,107,Chicken Burger,Hauptgerichte,,MwSt. 7%,1.07,20.373832,1.426168,Normalverkauf
S1000183.83032,SP1000183.34.83032,SY1000183.2026.83032,iPad1(1000183),183,03.06.26 11:04,Prod,A1000183.6481,Tisch 3,115,S1000183.83032,SALE,2,2.8,5.6,0.0,0.0,0.0,0.0,121,Mineralwasser,Getränke,,MwSt. 19%,1.19,4.705882,0.894118,Normalverkauf
S1000183.83033,SP1000183.34.83033,SY1000183.2026.83033,iPad1(1000183),183,03.06.26 11:04,Prod,A1000183.6481,Tisch 3,115,S1000183.83033,SALE,1,10.9,10.9,0.0,0.0,0.0,0.0,104,Thunfisch Wrap,Hauptgerichte,,MwSt. 7%,1.07,10.186916,0.713084,Normalverkauf
S1000183.83034,SP1000183.34.83034,SY1000183.2026.83034,iPad1(1000183),183,03.06.26 11:04,Prod,A1000183.6481,Tisch 3,115,S1000183.83034,SALE,2,3.9,7.8,0.0,0.0,0.0,0.0,127,Alkoholfreies Bier,Getränke,,MwSt. 19%,1.19,6.554622,1.245378,Normalverkauf
S1000183.83035,SP1000183.34.83035,SY1000183.2026.83035,iPad1(1000183),183,03.06.26 12:18,Prod,A1000183.6482,Tisch 22,117,S1000183.83035,SALE,2,5.9,11.8,0.0,0.0,0.0,0.0,125,Zitronen-Limonade,Getränke,,MwSt. 19%,1.19,9.915966,1.884034,Normalverkauf
S1000183.83036,SP1000183.34.83036,SY1000183.2026.83036,iPad1(1000183),183,03.06.26 18:43,Prod,A1000183.6483,Tisch 20,120,S1000183.83036,SALE,2,10.9,21.8,0.0,0.0,0.0,0.0,107,Chicken Burger,Hauptgerichte,,MwSt. 7%,1.07,20.373832,1.426168,Normalverkauf
S1000183.83037,SP1000183.34.83037,SY1000183.2026.83037,iPad1(1000183),183,03.06.26 17:35,Prod,A1000183.6484,Tisch 21,117,S1000183.83037,SALE,1,3.9,3.9,0.0,0.0,0.0,0.0,119,Cola,Getränke,,MwSt. 19%,1.19,3.277311,0.622689,Normalverkauf
S1000183.83038,SP1000183.34.83038,SY1000183.2026.83038,iPad1(1000183),183,03.06.26 17:35,Prod,A1000183.6484,Tisch 21,117,S1000183.83038,SALE,2,6.5,13.0,0.0,0.0,0.0,0.0,100,Fischbrötchen Backfisch,Hauptspeisen,,MwSt. 7%,1.07,12.149533,0.850467,Normalverkauf
S1000183.83039,SP1000183.34.83039,SY1000183.2026.83039,iPad1(1000183),183,03.06.26 20:06,Prod,A1000183.6485,Tisch 3,117,S1000183.83039,SALE,1,6.9,6.9,0.0,0.0,0.0,0.0,103,Fischbrötchen Räucherlachs,Hauptspeisen,,MwSt. 7%,1.07,6.448598,0.451402,Normalverkauf
S1000183.83040,SP1000183.34.83040,SY1000183.2026.83040,iPad1(1000183),183,03.06.26 20:06,Prod,A1000183.6485,Tisch 3,117,S1000183.83040,SALE,1,3.2,3.2,0.0,0.0,0.0,0.0,120,Apfelschorle,Getränke,,MwSt. 19%,1.19,2.689076,0.510924,Normalverkauf
S1000183.83041,SP1000183.34.83041,SY1000183.2026.83041,iPad1(1000183),183,03.06.26 20:06,Prod,A1000183.6485,Tisch 3,117,S1000183.83041,SALE,2,5.5,11.0,0.0,0.0,0.0,0.0,111,Pommes Frites,Beilagen,,MwSt. 7%,1.07,10.280374,0.719626,Normalverkauf
S1000183.83042,SP1000183.34.83042,SY1000183.2026.83042,iPad1(1000183),183,03.06.26 10:28,Prod,A1000183.6486,,115,S1000183.83042,SALE,1,9.8,9.8,0.0,0.0,0.0,0.0,108,Seelachs-Ei-Baugette,Hauptgerichte,,MwSt. 7%,1.07,9.158879,0.641121,Normalverkauf
S1000183.83043,SP1000183.34.83043,SY1000183.2026.83043,iPad1(1000183),183,03.06.26 10:28,Prod,A1000183.6486,,115,S1000183.83043,SALE,2,5.5,11.0,0.0,0.0,0.0,0.0,111,Pommes Frites,Beilagen,,MwSt. 7%,1.07,10.280374,0.719626,Normalverkauf
S1000183.83044,SP1000183.34.83044,SY1000183.2026.83044,iPad1(1000183),183,03.06.26 16:35,Prod,A1000183.6487,Tisch 3,115,S1000183.83044,SALE,1,3.9,3.9,0.0,0.0,0.0,0.0,127,Alkoholfreies Bier,Getränke,,MwSt. 19%,1.19,3.277311,0.622689,Normalverkauf
S1000183.83045,SP1000183.34.83045,SY1000183.2026.83045,iPad1(1000183),183,03.06.26 16:35,Prod,A1000183.6487,Tisch 3,115,S1000183.83045,SALE,1,5.5,5.5,0.0,0.0,0.0,0.0,111,Pommes Frites,Beilagen,,MwSt. 7%,1.07,5.140187,0.359813,Normalverkauf
S1000183.83046,SP1000183.34.83046,SY1000183.2026.83046,iPad1(1000183),183,03.06.26 16:35,Prod,A1000183.6487,Tisch 3,115,S1000183.83046,SALE,2,13.5,27.0,0.0,0.0,0.0,0.0,102,Matjes,Hauptspeisen,,MwSt. 7%,1.07,25.233645,1.766355,Normalverkauf
S1000183.83047,SP1000183.34.83047,SY1000183.2026.83047,iPad1(1000183),183,03.06.26 13:31,Prod,A1000183.6488,Tisch 12,111,S1000183.83047,SALE,1,3.9,3.9,0.0,0.0,0.0,0.0,119,Cola,Getränke,,MwSt. 19%,1.19,3.277311,0.622689,Normalverkauf
S1000183.83048,SP1000183.34.83048,SY1000183.2026.83048,iPad1(1000183),183,03.06.26 13:31,Prod,A1000183.6488,Tisch 12,111,S1000183.83048,SALE,2,10.9,21.8,0.0,0.0,0.0,0.0,107,Chicken Burger,Hauptgerichte,,MwSt. 7%,1.07,20.373832,1.426168,Normalverkauf
S1000183.83049,SP1000183.34.83049,SY1000183.2026.83049,iPad1(1000183),183,03.06.26 17:57,Prod,A1000183.6489,Tisch 9,115,S1000183.83049,SALE,2,5.5,11.0,0.0,0.0,0.0,0.0,111,Pommes Frites,Beilagen,,MwSt. 7%,1.07,10.280374,0.719626,Normalverkauf
S1000183.83050,SP1000183.34.83050,SY1000183.2026.83050,iPad1(1000183),183,03.06.26 17:57,Prod,A1000183.6489,Tisch 9,115,S1000183.83050,SALE,2,11.5,23.0,0.0,0.0,0.0,0.0,105,Garnelen-Kimchi-Bruger,Hauptgerichte,,MwSt. 7%,1.07,21.495327,1.504673,Normalverkauf
S1000183.83051,SP1000183.34.83051,SY1000183.2026.83051,iPad1(1000183),183,03.06.26 20:33,Prod,A1000183.6490,Tisch 9,104,S1000183.83051,VOID,1,5.5,5.5,0.0,0.0,0.0,0.0,111,Pommes Frites,Beilagen,,MwSt. 7%,1.07,5.140187,0.359813,Normalverkauf
S1000183.83052,SP1000183.34.83052,SY1000183.2026.83052,iPad1(1000183),183,03.06.26 11:50,Prod,A1000183.6491,Tisch 17,106,S1000183.83052,SALE,2,3.9,7.8,0.0,0.0,0.0,0.0,119,Cola,Getränke,,MwSt. 19%,1.19,6.554622,1.245378,Normalverkauf
S1000183.83053,SP1000183.34.83053,SY1000183.2026.83053,iPad1(1000183),183,03.06.26 11:31,Prod,A1000183.6492,Tisch 5,111,S1000183.83053,SALE,2,7.9,15.8,0.0,0.0,0.0,0.0,106,Neptun-Ringe,Beilagen,,MwSt. 7%,1.07,14.766355,1.033645,Normalverkauf
S1000183.83054,SP1000183.34.83054,SY1000183.2026.83054,iPad1(1000183),183,03.06.26 11:31,Prod,A1000183.6492,Tisch 5,111,S1000183.83054,SALE,1,7.9,7.9,0.0,0.0,0.0,0.0,106,Neptun-Ringe,Beilagen,,MwSt. 7%,1.07,7.383178,0.516822,Normalverkauf
S1000183.83055,SP1000183.34.83055,SY1000183.2026.83055,iPad1(1000183),183,03.06.26 12:31,Prod,A1000183.6493,Tisch 18,111,S1000183.83055,SALE,2,3.9,7.8,0.0,0.0,0.0,0.0,119,Cola,Getränke,,MwSt. 19%,1.19,6.554622,1.245378,Normalverkauf
S1000183.83056,SP1000183.34.83056,SY1000183.2026.83056,iPad1(1000183),183,03.06.26 12:31,Prod,A1000183.6493,Tisch 18,111,S1000183.83056,SALE,1,3.9,3.9,0.0,0.0,0.0,0.0,126,Spezi,Getränke,,MwSt. 19%,1.19,3.277311,0.622689,Normalverkauf
S1000183.83057,SP1000183.34.83057,SY1000183.2026.83057,iPad1(1000183),183,03.06.26 12:31,Prod,A1000183.6493,Tisch 18,111,S1000183.83057,SALE,2,5.5,11.0,0.0,0.0,0.0,0.0,114,Fisch Nuggets Box,Beilagen,,MwSt. 7%,1.07,10.280374,0.719626,Normalverkauf
S1000183.83058,SP1000183.34.83058,SY1000183.2026.83058,iPad1(1000183),183,03.06.26 19:53,Prod,A1000183.6494,Tisch 4,111,S1000183.83058,SALE,2,3.9,7.8,0.0,0.0,0.0,0.0,124,Cola Zero,Getränke,,MwSt. 19%,1.19,6.554622,1.245378,Normalverkauf
S1000183.83059,SP1000183.34.83059,SY1000183.2026.83059,iPad1(1000183),183,03.06.26 19:53,Prod,A1000183.6494,Tisch 4,111,S1000183.83059,SALE,2,10.9,21.8,0.0,0.0,0.0,0.0,104,Thunfisch Wrap,Hauptgerichte,,MwSt. 7%,1.07,20.373832,1.426168,Normalverkauf
S1000183.83060,SP1000183.34.83060,SY1000183.2026.83060,iPad1(1000183),183,03.06.26 19:53,Prod,A1000183.6494,Tisch 4,111,S1000183.83060,SALE,1,6.9,6.9,0.0,0.0,0.0,0.0,113,Garnelen Box,Beilagen,,MwSt. 7%,1.07,6.448598,0.451402,Normalverkauf
S1000183.83061,SP1000183.34.83061,SY1000183.2026.83061,iPad1(1000183),183,03.06.26 19:47,Prod,A1000183.6495,Tisch 6,104,S1000183.83061,SALE,1,11.5,11.5,0.0,0.0,0.0,0.0,105,Garnelen-Kimchi-Bruger,Hauptgerichte,,MwSt. 7%,1.07,10.747664,0.752336,Normalverkauf
S1000183.83062,SP1000183.34.83062,SY1000183.2026.83062,iPad1(1000183),183,03.06.26 18:03,Prod,A1000183.6496,Tisch 13,115,S1000183.83062,SALE,2,5.5,11.0,0.0,0.0,0.0,0.0,111,Pommes Frites,Beilagen,,MwSt. 7%,1.07,10.280374,0.719626,Normalverkauf
S1000183.83063,SP1000183.34.83063,SY1000183.2026.83063,iPad1(1000183),183,03.06.26 18:34,Prod,A1000183.6497,Tisch 18,115,S1000183.83063,SALE,2,3.9,7.8,0.0,0.0,0.0,0.0,124,Cola Zero,Getränke,,MwSt. 19%,1.19,6.554622,1.245378,Normalverkauf
S1000183.83064,SP1000183.34.83064,SY1000183.2026.83064,iPad1(1000183),183,03.06.26 18:24,Prod,A1000183.6498,Tisch 4,117,S1000183.83064,SALE,2,3.2,6.4,0.0,0.0,0.0,0.0,120,Apfelschorle,Getränke,,MwSt. 19%,1.19,5.378151,1.021849,Normalverkauf
S1000183.83065,SP1000183.34.83065,SY1000183.2026.83065,iPad1(1000183),183,03.06.26 20:22,Prod,A1000183.6499,Tisch 20,104,S1000183.83065,SALE,2,13.5,27.0,0.0,0.0,0.0,0.0,102,Matjes,Hauptspeisen,,MwSt. 7%,1.07,25.233645,1.766355,Normalverkauf
S1000183.83066,SP1000183.34.83066,SY1000183.2026.83066,iPad1(1000183),183,03.06.26 13:01,Prod,A1000183.6500,Tisch 17,117,S1000183.83066,SALE,2,2.8,5.6,0.0,0.0,0.0,0.0,121,Mineralwasser,Getränke,,MwSt. 19%,1.19,4.705882,0.894118,Normalverkauf
S1000183.83067,SP1000183.34.83067,SY1000183.2026.83067,iPad1(1000183),183,03.06.26 13:01,Prod,A1000183.6500,Tisch 17,117,S1000183.83067,SALE,1,4.2,4.2,0.0,0.0,0.0,0.0,122,Bier,Getränke,,MwSt. 19%,1.19,3.529412,0.670588,Normalverkauf
S1000183.83068,SP1000183.34.83068,SY1000183.2026.83068,iPad1(1000183),183,03.06.26 13:01,Prod,A1000183.6500,Tisch 17,117,S1000183.83068,SALE,2,4.9,9.8,0.0,0.0,0.0,0.0,112,Kartoffelwedges,Beilagen,,MwSt. 7%,1.07,9.158879,0.641121,Normalverkauf
S1000183.83069,SP1000183.34.83069,SY1000183.2026.83069,iPad1(1000183),183,03.06.26 11:35,Prod,A1000183.6501,Tisch 11,106,S1000183.83069,SALE,1,2.8,2.8,0.0,0.0,0.0,0.0,121,Mineralwasser,Getränke,,MwSt. 19%,1.19,2.352941,0.447059,Normalverkauf
S1000183.83070,SP1000183.34.83070,SY1000183.2026.83070,iPad1(1000183),183,03.06.26 11:35,Prod,A1000183.6501,Tisch 11,106,S1000183.83070,SALE,2,11.9,23.8,0.0,0.0,0.0,0.0,110,Matjes-Baguette,Hauptgerichte,,MwSt. 7%,1.07,22.242991,1.557009,Normalverkauf
S1000183.83071,SP1000183.34.83071,SY1000183.2026.83071,iPad1(1000183),183,03.06.26 11:35,Prod,A1000183.6501,Tisch 11,106,S1000183.83071,SALE,1,7.9,7.9,0.0,0.0,0.0,0.0,106,Neptun-Ringe,Beilagen,,MwSt. 7%,1.07,7.383178,0.516822,Normalverkauf
S1000183.83072,SP1000183.34.83072,SY1000183.2026.83072,iPad1(1000183),183,03.06.26 08:27,Prod,A1000183.6502,Tisch 19,117,S1000183.83072,SALE,2,10.9,21.8,0.0,0.0,0.0,0.0,104,Thunfisch Wrap,Hauptgerichte,,MwSt. 7%,1.07,20.373832,1.426168,Normalverkauf
S1000183.83073,SP1000183.34.83073,SY1000183.2026.83073,iPad1(1000183),183,03.06.26 18:00,Prod,A1000183.6503,Tisch 4,106,S1000183.83073,SALE,2,5.5,11.0,0.0,0.0,0.0,0.0,111,Pommes Frites,Beilagen,,MwSt. 7%,1.07,10.280374,0.719626,Normalverkauf
S1000183.83074,SP1000183.34.83074,SY1000183.2026.83074,iPad1(1000183),183,03.06.26 18:00,Prod,A1000183.6503,Tisch 4,106,S1000183.83074,SALE,1,3.9,3.9,0.0,0.0,0.0,0.0,126,Spezi,Getränke,,MwSt. 19%,1.19,3.277311,0.622689,Normalverkauf
S1000183.83075,SP1000183.34.83075,SY1000183.2026.83075,iPad1(1000183),183,03.06.26 18:00,Prod,A1000183.6503,Tisch 4,106,S1000183.83075,SALE,2,3.9,7.8,0.0,0.0,0.0,0.0,119,Cola,Getränke,,MwSt. 19%,1.19,6.554622,1.245378,Normalverkauf
S1000183.83076,SP1000183.34.83076,SY1000183.2026.83076,iPad1(1000183),183,03.06.26 11:37,Prod,A1000183.6504,Tisch 1,104,S1000183.83076,VOID,2,6.5,13.0,0.0,0.0,0.0,0.0,100,Fischbrötchen Backfisch,Hauptspeisen,,MwSt. 7%,1.07,12.149533,0.850467,Normalverkauf
S1000183.83077,SP1000183.34.83077,SY1000183.2026.83077,iPad1(1000183),183,03.06.26 11:37,Prod,A1000183.6504,Tisch 1,104,S1000183.83077,VOID,2,3.9,7.8,0.0,0.0,0.0,0.0,124,Cola Zero,Getränke,,MwSt. 19%,1.19,6.554622,1.245378,Normalverkauf
S1000183.83078,SP1000183.34.83078,SY1000183.2026.83078,iPad1(1000183),183,03.06.26 12:49,Prod,A1000183.6505,Tisch 3,104,S1000183.83078,SALE,2,6.5,13.0,0.0,0.0,0.0,0.0,118,Schokokuchen,Desserts,,MwSt. 7%,1.07,12.149533,0.850467,Normalverkauf
S1000183.83079,SP1000183.34.83079,SY1000183.2026.83079,iPad1(1000183),183,03.06.26 12:49,Prod,A1000183.6505,Tisch 3,104,S1000183.83079,SALE,2,6.9,13.8,0.0,0.0,0.0,0.0,113,Garnelen Box,Beilagen,,MwSt. 7%,1.07,12.897196,0.902804,Normalverkauf
S1000183.83080,SP1000183.34.83080,SY1000183.2026.83080,iPad1(1000183),183,03.06.26 12:49,Prod,A1000183.6505,Tisch 3,104,S1000183.83080,SALE,1,6.9,6.9,0.0,0.0,0.0,0.0,103,Fischbrötchen Räucherlachs,Hauptspeisen,,MwSt. 7%,1.07,6.448598,0.451402,Normalverkauf
S1000183.83081,SP1000183.34.83081,SY1000183.2026.83081,iPad1(1000183),183,03.06.26 11:13,Prod,A1000183.6506,Tisch 11,120,S1000183.83081,SALE,2,2.8,5.6,0.0,0.0,0.0,0.0,121,Mineralwasser,Getränke,,MwSt. 19%,1.19,4.705882,0.894118,Normalverkauf
S1000183.83082,SP1000183.34.83082,SY1000183.2026.83082,iPad1(1000183),183,04.06.26 19:48,Prod,A1000183.6507,Tisch 2,117,S1000183.83082,SALE,1,5.5,5.5,0.0,0.0,0.0,0.0,111,Pommes Frites,Beilagen,,MwSt. 7%,1.07,5.140187,0.359813,Normalverkauf
S1000183.83083,SP1000183.34.83083,SY1000183.2026.83083,iPad1(1000183),183,04.06.26 20:19,Prod,A1000183.6508,Tisch 3,115,S1000183.83083,SALE,1,2.8,2.8,0.0,0.0,0.0,0.0,121,Mineralwasser,Getränke,,MwSt. 19%,1.19,2.352941,0.447059,Normalverkauf
S1000183.83084,SP1000183.34.83084,SY1000183.2026.83084,iPad1(1000183),183,04.06.26 20:19,Prod,A1000183.6508,Tisch 3,115,S1000183.83084,SALE,1,3.9,3.9,0.0,0.0,0.0,0.0,119,Cola,Getränke,,MwSt. 19%,1.19,3.277311,0.622689,Normalverkauf
S1000183.83085,SP1000183.34.83085,SY1000183.2026.83085,iPad1(1000183),183,04.06.26 19:47,Prod,A1000183.6509,,120,S1000183.83085,SALE,2,11.5,23.0,0.0,0.0,0.0,0.0,105,Garnelen-Kimchi-Bruger,Hauptgerichte,,MwSt. 7%,1.07,21.495327,1.504673,Normalverkauf
S1000183.83086,SP1000183.34.83086,SY1000183.2026.83086,iPad1(1000183),183,04.06.26 19:47,Prod,A1000183.6509,,120,S1000183.83086,SALE,2,11.5,23.0,0.0,0.0,0.0,0.0,105,Garnelen-Kimchi-Bruger,Hauptgerichte,,MwSt. 7%,1.07,21.495327,1.504673,Normalverkauf
S1000183.83087,SP1000183.34.83087,SY1000183.2026.83087,iPad1(1000183),183,04.06.26 16:33,Prod,A1000183.6510,,115,S1000183.83087,SALE,1,5.5,5.5,0.0,0.0,0.0,0.0,111,Pommes Frites,Beilagen,,MwSt. 7%,1.07,5.140187,0.359813,Normalverkauf
S1000183.83088,SP1000183.34.83088,SY1000183.2026.83088,iPad1(1000183),183,04.06.26 16:33,Prod,A1000183.6510,,115,S1000183.83088,SALE,2,4.9,9.8,0.0,0.0,0.0,0.0,112,Kartoffelwedges,Beilagen,,MwSt. 7%,1.07,9.158879,0.641121,Normalverkauf
S1000183.83089,SP1000183.34.83089,SY1000183.2026.83089,iPad1(1000183),183,04.06.26 16:33,Prod,A1000183.6510,,115,S1000183.83089,SALE,2,6.5,13.0,0.0,0.0,0.0,0.0,100,Fischbrötchen Backfisch,Hauptspeisen,,MwSt. 7%,1.07,12.149533,0.850467,Normalverkauf
S1000183.83090,SP1000183.34.83090,SY1000183.2026.83090,iPad1(1000183),183,04.06.26 13:16,Prod,A1000183.6511,Tisch 23,115,S1000183.83090,VOID,2,6.9,13.8,0.0,0.0,0.0,0.0,103,Fischbrötchen Räucherlachs,Hauptspeisen,,MwSt. 7%,1.07,12.897196,0.902804,Normalverkauf
S1000183.83091,SP1000183.34.83091,SY1000183.2026.83091,iPad1(1000183),183,04.06.26 13:16,Prod,A1000183.6511,Tisch 23,115,S1000183.83091,VOID,1,4.2,4.2,0.0,0.0,0.0,0.0,122,Bier,Getränke,,MwSt. 19%,1.19,3.529412,0.670588,Normalverkauf
S1000183.83092,SP1000183.34.83092,SY1000183.2026.83092,iPad1(1000183),183,04.06.26 13:16,Prod,A1000183.6511,Tisch 23,115,S1000183.83092,VOID,2,7.9,15.8,0.0,0.0,0.0,0.0,115,Tiramisu,Desserts,,MwSt. 7%,1.07,14.766355,1.033645,Normalverkauf
S1000183.83093,SP1000183.34.83093,SY1000183.2026.83093,iPad1(1000183),183,04.06.26 13:07,Prod,A1000183.6512,Tisch 14,117,S1000183.83093,SALE,2,5.5,11.0,0.0,0.0,0.0,0.0,111,Pommes Frites,Beilagen,,MwSt. 7%,1.07,10.280374,0.719626,Normalverkauf
S1000183.83094,SP1000183.34.83094,SY1000183.2026.83094,iPad1(1000183),183,04.06.26 08:52,Prod,A1000183.6513,Tisch 17,115,S1000183.83094,SALE,2,5.5,11.0,0.0,0.0,0.0,0.0,111,Pommes Frites,Beilagen,,MwSt. 7%,1.07,10.280374,0.719626,Normalverkauf
S1000183.83095,SP1000183.34.83095,SY1000183.2026.83095,iPad1(1000183),183,04.06.26 18:37,Prod,A1000183.6514,Tisch 24,115,S1000183.83095,SALE,1,4.2,4.2,0.0,0.0,0.0,0.0,122,Bier,Getränke,,MwSt. 19%,1.19,3.529412,0.670588,Normalverkauf
S1000183.83096,SP1000183.34.83096,SY1000183.2026.83096,iPad1(1000183),183,04.06.26 18:37,Prod,A1000183.6514,Tisch 24,115,S1000183.83096,SALE,2,10.9,21.8,0.0,0.0,0.0,0.0,107,Chicken Burger,Hauptgerichte,,MwSt. 7%,1.07,20.373832,1.426168,Normalverkauf
S1000183.83097,SP1000183.34.83097,SY1000183.2026.83097,iPad1(1000183),183,04.06.26 18:37,Prod,A1000183.6514,Tisch 24,115,S1000183.83097,SALE,1,9.8,9.8,0.0,0.0,0.0,0.0,108,Seelachs-Ei-Baugette,Hauptgerichte,,MwSt. 7%,1.07,9.158879,0.641121,Normalverkauf
S1000183.83098,SP1000183.34.83098,SY1000183.2026.83098,iPad1(1000183),183,04.06.26 15:55,Prod,A1000183.6515,Tisch 6,104,S1000183.83098,SALE,1,2.8,2.8,0.0,0.0,0.0,0.0,121,Mineralwasser,Getränke,,MwSt. 19%,1.19,2.352941,0.447059,Normalverkauf
S1000183.83099,SP1000183.34.83099,SY1000183.2026.83099,iPad1(1000183),183,04.06.26 17:25,Prod,A1000183.6516,Tisch 21,115,S1000183.83099,SALE,1,5.9,5.9,0.0,0.0,0.0,0.0,125,Zitronen-Limonade,Getränke,,MwSt. 19%,1.19,4.957983,0.942017,Normalverkauf
S1000183.83100,SP1000183.34.83100,SY1000183.2026.83100,iPad1(1000183),183,04.06.26 17:25,Prod,A1000183.6516,Tisch 21,115,S1000183.83100,SALE,1,5.5,5.5,0.0,0.0,0.0,0.0,114,Fisch Nuggets Box,Beilagen,,MwSt. 7%,1.07,5.140187,0.359813,Normalverkauf
S1000183.83101,SP1000183.34.83101,SY1000183.2026.83101,iPad1(1000183),183,04.06.26 17:25,Prod,A1000183.6516,Tisch 21,115,S1000183.83101,SALE,1,11.5,11.5,0.0,0.0,0.0,0.0,105,Garnelen-Kimchi-Bruger,Hauptgerichte,,MwSt. 7%,1.07,10.747664,0.752336,Normalverkauf
S1000183.83102,SP1000183.34.83102,SY1000183.2026.83102,iPad1(1000183),183,04.06.26 15:49,Prod,A1000183.6517,Tisch 9,115,S1000183.83102,SALE,2,10.9,21.8,0.0,0.0,0.0,0.0,107,Chicken Burger,Hauptgerichte,,MwSt. 7%,1.07,20.373832,1.426168,Normalverkauf
S1000183.83103,SP1000183.34.83103,SY1000183.2026.83103,iPad1(1000183),183,04.06.26 15:49,Prod,A1000183.6517,Tisch 9,115,S1000183.83103,SALE,2,3.9,7.8,0.0,0.0,0.0,0.0,126,Spezi,Getränke,,MwSt. 19%,1.19,6.554622,1.245378,Normalverkauf
S1000183.83104,SP1000183.34.83104,SY1000183.2026.83104,iPad1(1000183),183,04.06.26 10:36,Prod,A1000183.6518,Tisch 22,111,S1000183.83104,SALE,2,6.9,13.8,0.0,0.0,0.0,0.0,103,Fischbrötchen Räucherlachs,Hauptspeisen,,MwSt. 7%,1.07,12.897196,0.902804,Normalverkauf
S1000183.83105,SP1000183.34.83105,SY1000183.2026.83105,iPad1(1000183),183,04.06.26 10:36,Prod,A1000183.6518,Tisch 22,111,S1000183.83105,SALE,1,5.5,5.5,0.0,0.0,0.0,0.0,111,Pommes Frites,Beilagen,,MwSt. 7%,1.07,5.140187,0.359813,Normalverkauf
S1000183.83106,SP1000183.34.83106,SY1000183.2026.83106,iPad1(1000183),183,04.06.26 12:01,Prod,A1000183.6519,Tisch 2,117,S1000183.83106,SALE,2,5.9,11.8,0.0,0.0,0.0,0.0,125,Zitronen-Limonade,Getränke,,MwSt. 19%,1.19,9.915966,1.884034,Normalverkauf
S1000183.83107,SP1000183.34.83107,SY1000183.2026.83107,iPad1(1000183),183,04.06.26 16:12,Prod,A1000183.6520,Tisch 9,115,S1000183.83107,SALE,2,3.9,7.8,0.0,0.0,0.0,0.0,119,Cola,Getränke,,MwSt. 19%,1.19,6.554622,1.245378,Normalverkauf
S1000183.83108,SP1000183.34.83108,SY1000183.2026.83108,iPad1(1000183),183,04.06.26 16:12,Prod,A1000183.6520,Tisch 9,115,S1000183.83108,SALE,2,10.9,21.8,0.0,0.0,0.0,0.0,109,Bismarck-Baguette,Hauptgerichte,,MwSt. 7%,1.07,20.373832,1.426168,Normalverkauf
S1000183.83109,SP1000183.34.83109,SY1000183.2026.83109,iPad1(1000183),183,04.06.26 16:12,Prod,A1000183.6520,Tisch 9,115,S1000183.83109,SALE,1,6.9,6.9,0.0,0.0,0.0,0.0,103,Fischbrötchen Räucherlachs,Hauptspeisen,,MwSt. 7%,1.07,6.448598,0.451402,Normalverkauf
S1000183.83110,SP1000183.34.83110,SY1000183.2026.83110,iPad1(1000183),183,04.06.26 19:56,Prod,A1000183.6521,Tisch 10,120,S1000183.83110,VOID,1,4.2,4.2,0.0,0.0,0.0,0.0,122,Bier,Getränke,,MwSt. 19%,1.19,3.529412,0.670588,Normalverkauf
S1000183.83111,SP1000183.34.83111,SY1000183.2026.83111,iPad1(1000183),183,04.06.26 09:38,Prod,A1000183.6522,Tisch 17,111,S1000183.83111,SALE,2,14.5,29.0,0.0,0.0,0.0,0.0,101,Lachs,Hauptspeisen,,MwSt. 7%,1.07,27.102804,1.897196,Normalverkauf
S1000183.83112,SP1000183.34.83112,SY1000183.2026.83112,iPad1(1000183),183,04.06.26 09:38,Prod,A1000183.6522,Tisch 17,111,S1000183.83112,SALE,1,10.9,10.9,0.0,0.0,0.0,0.0,107,Chicken Burger,Hauptgerichte,,MwSt. 7%,1.07,10.186916,0.713084,Normalverkauf
S1000183.83113,SP1000183.34.83113,SY1000183.2026.83113,iPad1(1000183),183,04.06.26 17:09,Prod,A1000183.6523,Tisch 22,115,S1000183.83113,SALE,2,6.5,13.0,0.0,0.0,0.0,0.0,100,Fischbrötchen Backfisch,Hauptspeisen,,MwSt. 7%,1.07,12.149533,0.850467,Normalverkauf
S1000183.83114,SP1000183.34.83114,SY1000183.2026.83114,iPad1(1000183),183,04.06.26 13:10,Prod,A1000183.6524,Tisch 15,115,S1000183.83114,SALE,2,4.2,8.4,0.0,0.0,0.0,0.0,122,Bier,Getränke,,MwSt. 19%,1.19,7.058824,1.341176,Normalverkauf
S1000183.83115,SP1000183.34.83115,SY1000183.2026.83115,iPad1(1000183),183,04.06.26 13:10,Prod,A1000183.6524,Tisch 15,115,S1000183.83115,SALE,1,4.9,4.9,0.0,0.0,0.0,0.0,112,Kartoffelwedges,Beilagen,,MwSt. 7%,1.07,4.579439,0.320561,Normalverkauf
S1000183.83116,SP1000183.34.83116,SY1000183.2026.83116,iPad1(1000183),183,04.06.26 13:40,Prod,A1000183.6525,Tisch 8,104,S1000183.83116,SALE,1,2.8,2.8,0.0,0.0,0.0,0.0,121,Mineralwasser,Getränke,,MwSt. 19%,1.19,2.352941,0.447059,Normalverkauf
S1000183.83117,SP1000183.34.83117,SY1000183.2026.83117,iPad1(1000183),183,04.06.26 17:30,Prod,A1000183.6526,,115,S1000183.83117,SALE,1,3.2,3.2,0.0,0.0,0.0,0.0,120,Apfelschorle,Getränke,,MwSt. 19%,1.19,2.689076,0.510924,Normalverkauf
S1000183.83118,SP1000183.34.83118,SY1000183.2026.83118,iPad1(1000183),183,04.06.26 17:30,Prod,A1000183.6526,,115,S1000183.83118,SALE,1,5.5,5.5,0.0,0.0,0.0,0.0,111,Pommes Frites,Beilagen,,MwSt. 7%,1.07,5.140187,0.359813,Normalverkauf
S1000183.83119,SP1000183.34.83119,SY1000183.2026.83119,iPad1(1000183),183,04.06.26 17:30,Prod,A1000183.6526,,115,S1000183.83119,SALE,2,3.9,7.8,0.0,0.0,0.0,0.0,126,Spezi,Getränke,,MwSt. 19%,1.19,6.554622,1.245378,Normalverkauf
S1000183.83120,SP1000183.34.83120,SY1000183.2026.83120,iPad1(1000183),183,04.06.26 10:02,Prod,A1000183.6527,,106,S1000183.83120,SALE,2,10.9,21.8,0.0,0.0,0.0,0.0,109,Bismarck-Baguette,Hauptgerichte,,MwSt. 7%,1.07,20.373832,1.426168,Normalverkauf
S1000183.83121,SP1000183.34.83121,SY1000183.2026.83121,iPad1(1000183),183,04.06.26 13:32,Prod,A1000183.6528,Tisch 17,111,S1000183.83121,SALE,1,3.9,3.9,0.0,0.0,0.0,0.0,124,Cola Zero,Getränke,,MwSt. 19%,1.19,3.277311,0.622689,Normalverkauf
S1000183.83122,SP1000183.34.83122,SY1000183.2026.83122,iPad1(1000183),183,04.06.26 13:32,Prod,A1000183.6528,Tisch 17,111,S1000183.83122,SALE,2,3.9,7.8,0.0,0.0,0.0,0.0,127,Alkoholfreies Bier,Getränke,,MwSt. 19%,1.19,6.554622,1.245378,Normalverkauf
S1000183.83123,SP1000183.34.83123,SY1000183.2026.83123,iPad1(1000183),183,04.06.26 17:40,Prod,A1000183.6529,Tisch 1,120,S1000183.83123,SALE,2,10.9,21.8,0.0,0.0,0.0,0.0,107,Chicken Burger,Hauptgerichte,,MwSt. 7%,1.07,20.373832,1.426168,Normalverkauf
S1000183.83124,SP1000183.34.83124,SY1000183.2026.83124,iPad1(1000183),183,04.06.26 17:40,Prod,A1000183.6529,Tisch 1,120,S1000183.83124,SALE,1,3.2,3.2,0.0,0.0,0.0,0.0,120,Apfelschorle,Getränke,,MwSt. 19%,1.19,2.689076,0.510924,Normalverkauf
S1000183.83125,SP1000183.34.83125,SY1000183.2026.83125,iPad1(1000183),183,04.06.26 17:40,Prod,A1000183.6529,Tisch 1,120,S1000183.83125,SALE,2,10.9,21.8,0.0,0.0,0.0,0.0,107,Chicken Burger,Hauptgerichte,,MwSt. 7%,1.07,20.373832,1.426168,Normalverkauf
S1000183.83126,SP1000183.34.83126,SY1000183.2026.83126,iPad1(1000183),183,04.06.26 09:24,Prod,A1000183.6530,Tisch 3,104,S1000183.83126,SALE,1,6.5,6.5,0.0,0.0,0.0,0.0,100,Fischbrötchen Backfisch,Hauptspeisen,,MwSt. 7%,1.07,6.074766,0.425234,Normalverkauf
S1000183.83127,SP1000183.34.83127,SY1000183.2026.83127,iPad1(1000183),183,04.06.26 10:55,Prod,A1000183.6531,Tisch 3,120,S1000183.83127,SALE,1,5.9,5.9,0.0,0.0,0.0,0.0,116,Vanillequark,Desserts,,MwSt. 7%,1.07,5.514019,0.385981,Normalverkauf
S1000183.83128,SP1000183.34.83128,SY1000183.2026.83128,iPad1(1000183),183,04.06.26 10:55,Prod,A1000183.6531,Tisch 3,120,S1000183.83128,SALE,2,11.5,23.0,0.0,0.0,0.0,0.0,105,Garnelen-Kimchi-Bruger,Hauptgerichte,,MwSt. 7%,1.07,21.495327,1.504673,Normalverkauf
S1000183.83129,SP1000183.34.83129,SY1000183.2026.83129,iPad1(1000183),183,04.06.26 20:37,Prod,A1000183.6532,Tisch 14,111,S1000183.83129,SALE,1,5.9,5.9,0.0,0.0,0.0,0.0,125,Zitronen-Limonade,Getränke,,MwSt. 19%,1.19,4.957983,0.942017,Normalverkauf
S1000183.83130,SP1000183.34.83130,SY1000183.2026.83130,iPad1(1000183),183,04.06.26 20:40,Prod,A1000183.6533,Tisch 7,115,S1000183.83130,SALE,2,10.9,21.8,0.0,0.0,0.0,0.0,109,Bismarck-Baguette,Hauptgerichte,,MwSt. 7%,1.07,20.373832,1.426168,Normalverkauf
S1000183.83131,SP1000183.34.83131,SY1000183.2026.83131,iPad1(1000183),183,04.06.26 20:40,Prod,A1000183.6533,Tisch 7,115,S1000183.83131,SALE,1,11.9,11.9,0.0,0.0,0.0,0.0,110,Matjes-Baguette,Hauptgerichte,,MwSt. 7%,1.07,11.121495,0.778505,Normalverkauf
S1000183.83132,SP1000183.34.83132,SY1000183.2026.83132,iPad1(1000183),183,04.06.26 20:40,Prod,A1000183.6533,Tisch 7,115,S1000183.83132,SALE,1,2.8,2.8,0.0,0.0,0.0,0.0,121,Mineralwasser,Getränke,,MwSt. 19%,1.19,2.352941,0.447059,Normalverkauf
S1000183.83133,SP1000183.34.83133,SY1000183.2026.83133,iPad1(1000183),183,04.06.26 17:32,Prod,A1000183.6534,,120,S1000183.83133,SALE,2,3.9,7.8,0.0,0.0,0.0,0.0,127,Alkoholfreies Bier,Getränke,,MwSt. 19%,1.19,6.554622,1.245378,Normalverkauf
S1000183.83134,SP1000183.34.83134,SY1000183.2026.83134,iPad1(1000183),183,04.06.26 17:32,Prod,A1000183.6534,,120,S1000183.83134,SALE,1,10.9,10.9,0.0,0.0,0.0,0.0,104,Thunfisch Wrap,Hauptgerichte,,MwSt. 7%,1.07,10.186916,0.713084,Normalverkauf
S1000183.83135,SP1000183.34.83135,SY1000183.2026.83135,iPad1(1000183),183,04.06.26 14:42,Prod,A1000183.6535,Tisch 23,115,S1000183.83135,SALE,2,6.5,13.0,0.0,0.0,0.0,0.0,118,Schokokuchen,Desserts,,MwSt. 7%,1.07,12.149533,0.850467,Normalverkauf
S1000183.83136,SP1000183.34.83136,SY1000183.2026.83136,iPad1(1000183),183,04.06.26 20:20,Prod,A1000183.6536,Tisch 19,120,S1000183.83136,VOID,2,6.5,13.0,0.0,0.0,0.0,0.0,100,Fischbrötchen Backfisch,Hauptspeisen,,MwSt. 7%,1.07,12.149533,0.850467,Normalverkauf
S1000183.83137,SP1000183.34.83137,SY1000183.2026.83137,iPad1(1000183),183,04.06.26 20:20,Prod,A1000183.6536,Tisch 19,120,S1000183.83137,VOID,2,5.5,11.0,0.0,0.0,0.0,0.0,111,Pommes Frites,Beilagen,,MwSt. 7%,1.07,10.280374,0.719626,Normalverkauf
S1000183.83138,SP1000183.34.83138,SY1000183.2026.83138,iPad1(1000183),183,04.06.26 20:20,Prod,A1000183.6536,Tisch 19,120,S1000183.83138,VOID,1,11.5,11.5,0.0,0.0,0.0,0.0,105,Garnelen-Kimchi-Bruger,Hauptgerichte,,MwSt. 7%,1.07,10.747664,0.752336,Normalverkauf
S1000183.83139,SP1000183.34.83139,SY1000183.2026.83139,iPad1(1000183),183,04.06.26 18:18,Prod,A1000183.6537,Tisch 9,115,S1000183.83139,SALE,1,5.5,5.5,0.0,0.0,0.0,0.0,111,Pommes Frites,Beilagen,,MwSt. 7%,1.07,5.140187,0.359813,Normalverkauf
S1000183.83140,SP1000183.34.83140,SY1000183.2026.83140,iPad1(1000183),183,04.06.26 18:18,Prod,A1000183.6537,Tisch 9,115,S1000183.83140,SALE,1,9.8,9.8,0.0,0.0,0.0,0.0,108,Seelachs-Ei-Baugette,Hauptgerichte,,MwSt. 7%,1.07,9.158879,0.641121,Normalverkauf
S1000183.83141,SP1000183.34.83141,SY1000183.2026.83141,iPad1(1000183),183,04.06.26 18:38,Prod,A1000183.6538,Tisch 4,111,S1000183.83141,SALE,2,3.2,6.4,0.0,0.0,0.0,0.0,120,Apfelschorle,Getränke,,MwSt. 19%,1.19,5.378151,1.021849,Normalverkauf
S1000183.83142,SP1000183.34.83142,SY1000183.2026.83142,iPad1(1000183),183,04.06.26 18:38,Prod,A1000183.6538,Tisch 4,111,S1000183.83142,SALE,1,14.5,14.5,0.0,0.0,0.0,0.0,101,Lachs,Hauptspeisen,,MwSt. 7%,1.07,13.551402,0.948598,Normalverkauf
S1000183.83143,SP1000183.34.83143,SY1000183.2026.83143,iPad1(1000183),183,04.06.26 19:49,Prod,A1000183.6539,Tisch 18,111,S1000183.83143,SALE,1,5.9,5.9,0.0,0.0,0.0,0.0,125,Zitronen-Limonade,Getränke,,MwSt. 19%,1.19,4.957983,0.942017,Normalverkauf
S1000183.83144,SP1000183.34.83144,SY1000183.2026.83144,iPad1(1000183),183,04.06.26 19:49,Prod,A1000183.6539,Tisch 18,111,S1000183.83144,SALE,2,2.8,5.6,0.0,0.0,0.0,0.0,121,Mineralwasser,Getränke,,MwSt. 19%,1.19,4.705882,0.894118,Normalverkauf
S1000183.83145,SP1000183.34.83145,SY1000183.2026.83145,iPad1(1000183),183,04.06.26 19:49,Prod,A1000183.6539,Tisch 18,111,S1000183.83145,SALE,1,6.5,6.5,0.0,0.0,0.0,0.0,100,Fischbrötchen Backfisch,Hauptspeisen,,MwSt. 7%,1.07,6.074766,0.425234,Normalverkauf
S1000183.83146,SP1000183.34.83146,SY1000183.2026.83146,iPad1(1000183),183,04.06.26 18:30,Prod,A1000183.6540,Tisch 12,117,S1000183.83146,SALE,1,7.9,7.9,0.0,0.0,0.0,0.0,106,Neptun-Ringe,Beilagen,,MwSt. 7%,1.07,7.383178,0.516822,Normalverkauf
S1000183.83147,SP1000183.34.83147,SY1000183.2026.83147,iPad1(1000183),183,04.06.26 18:30,Prod,A1000183.6540,Tisch 12,117,S1000183.83147,SALE,2,4.2,8.4,0.0,0.0,0.0,0.0,122,Bier,Getränke,,MwSt. 19%,1.19,7.058824,1.341176,Normalverkauf
S1000183.83148,SP1000183.34.83148,SY1000183.2026.83148,iPad1(1000183),183,04.06.26 19:04,Prod,A1000183.6541,Tisch 16,104,S1000183.83148,SALE,2,11.9,23.8,0.0,0.0,0.0,0.0,110,Matjes-Baguette,Hauptgerichte,,MwSt. 7%,1.07,22.242991,1.557009,Normalverkauf
S1000183.83149,SP1000183.34.83149,SY1000183.2026.83149,iPad1(1000183),183,04.06.26 19:04,Prod,A1000183.6541,Tisch 16,104,S1000183.83149,SALE,1,6.5,6.5,0.0,0.0,0.0,0.0,100,Fischbrötchen Backfisch,Hauptspeisen,,MwSt. 7%,1.07,6.074766,0.425234,Normalverkauf
S1000183.83150,SP1000183.34.83150,SY1000183.2026.83150,iPad1(1000183),183,04.06.26 11:23,Prod,A1000183.6542,Tisch 5,106,S1000183.83150,SALE,1,11.5,11.5,0.0,0.0,0.0,0.0,105,Garnelen-Kimchi-Bruger,Hauptgerichte,,MwSt. 7%,1.07,10.747664,0.752336,Normalverkauf
S1000183.83151,SP1000183.34.83151,SY1000183.2026.83151,iPad1(1000183),183,04.06.26 20:30,Prod,A1000183.6543,Tisch 24,106,S1000183.83151,SALE,2,13.5,27.0,0.0,0.0,0.0,0.0,102,Matjes,Hauptspeisen,,MwSt. 7%,1.07,25.233645,1.766355,Normalverkauf
S1000183.83152,SP1000183.34.83152,SY1000183.2026.83152,iPad1(1000183),183,04.06.26 20:30,Prod,A1000183.6543,Tisch 24,106,S1000183.83152,SALE,2,11.5,23.0,0.0,0.0,0.0,0.0,105,Garnelen-Kimchi-Bruger,Hauptgerichte,,MwSt. 7%,1.07,21.495327,1.504673,Normalverkauf
S1000183.83153,SP1000183.34.83153,SY1000183.2026.83153,iPad1(1000183),183,04.06.26 20:30,Prod,A1000183.6543,Tisch 24,106,S1000183.83153,SALE,2,6.5,13.0,0.0,0.0,0.0,0.0,100,Fischbrötchen Backfisch,Hauptspeisen,,MwSt. 7%,1.07,12.149533,0.850467,Normalverkauf
S1000183.83154,SP1000183.34.83154,SY1000183.2026.83154,iPad1(1000183),183,04.06.26 20:03,Prod,A1000183.6544,Tisch 24,120,S1000183.83154,SALE,1,4.2,4.2,0.0,0.0,0.0,0.0,122,Bier,Getränke,,MwSt. 19%,1.19,3.529412,0.670588,Normalverkauf
S1000183.83155,SP1000183.34.83155,SY1000183.2026.83155,iPad1(1000183),183,04.06.26 20:03,Prod,A1000183.6544,Tisch 24,120,S1000183.83155,SALE,1,3.9,3.9,0.0,0.0,0.0,0.0,124,Cola Zero,Getränke,,MwSt. 19%,1.19,3.277311,0.622689,Normalverkauf
S1000183.83156,SP1000183.34.83156,SY1000183.2026.83156,iPad1(1000183),183,04.06.26 20:03,Prod,A1000183.6544,Tisch 24,120,S1000183.83156,SALE,1,4.2,4.2,0.0,0.0,0.0,0.0,122,Bier,Getränke,,MwSt. 19%,1.19,3.529412,0.670588,Normalverkauf
S1000183.83157,SP1000183.34.83157,SY1000183.2026.83157,iPad1(1000183),183,04.06.26 13:19,Prod,A1000183.6545,,104,S1000183.83157,SALE,2,11.5,23.0,0.0,0.0,0.0,0.0,105,Garnelen-Kimchi-Bruger,Hauptgerichte,,MwSt. 7%,1.07,21.495327,1.504673,Normalverkauf
S1000183.83158,SP1000183.34.83158,SY1000183.2026.83158,iPad1(1000183),183,04.06.26 13:19,Prod,A1000183.6545,,104,S1000183.83158,SALE,2,3.9,7.8,0.0,0.0,0.0,0.0,127,Alkoholfreies Bier,Getränke,,MwSt. 19%,1.19,6.554622,1.245378,Normalverkauf
S1000183.83159,SP1000183.34.83159,SY1000183.2026.83159,iPad1(1000183),183,04.06.26 13:19,Prod,A1000183.6545,,104,S1000183.83159,SALE,2,3.9,7.8,0.0,0.0,0.0,0.0,126,Spezi,Getränke,,MwSt. 19%,1.19,6.554622,1.245378,Normalverkauf
S1000183.83160,SP1000183.34.83160,SY1000183.2026.83160,iPad1(1000183),183,04.06.26 09:25,Prod,A1000183.6546,Tisch 12,120,S1000183.83160,SALE,1,5.5,5.5,0.0,0.0,0.0,0.0,111,Pommes Frites,Beilagen,,MwSt. 7%,1.07,5.140187,0.359813,Normalverkauf
S1000183.83161,SP1000183.34.83161,SY1000183.2026.83161,iPad1(1000183),183,04.06.26 09:02,Prod,A1000183.6547,Tisch 2,115,S1000183.83161,SALE,2,11.9,23.8,0.0,0.0,0.0,0.0,110,Matjes-Baguette,Hauptgerichte,,MwSt. 7%,1.07,22.242991,1.557009,Normalverkauf
S1000183.83162,SP1000183.34.83162,SY1000183.2026.83162,iPad1(1000183),183,04.06.26 09:02,Prod,A1000183.6547,Tisch 2,115,S1000183.83162,SALE,2,6.5,13.0,0.0,0.0,0.0,0.0,100,Fischbrötchen Backfisch,Hauptspeisen,,MwSt. 7%,1.07,12.149533,0.850467,Normalverkauf
S1000183.83163,SP1000183.34.83163,SY1000183.2026.83163,iPad1(1000183),183,04.06.26 09:02,Prod,A1000183.6547,Tisch 2,115,S1000183.83163,SALE,1,10.9,10.9,0.0,0.0,0.0,0.0,107,Chicken Burger,Hauptgerichte,,MwSt. 7%,1.07,10.186916,0.713084,Normalverkauf
S1000183.83164,SP1000183.34.83164,SY1000183.2026.83164,iPad1(1000183),183,04.06.26 10:19,Prod,A1000183.6548,Tisch 20,106,S1000183.83164,SALE,2,10.9,21.8,0.0,0.0,0.0,0.0,107,Chicken Burger,Hauptgerichte,,MwSt. 7%,1.07,20.373832,1.426168,Normalverkauf
S1000183.83165,SP1000183.34.83165,SY1000183.2026.83165,iPad1(1000183),183,04.06.26 10:19,Prod,A1000183.6548,Tisch 20,106,S1000183.83165,SALE,2,11.5,23.0,0.0,0.0,0.0,0.0,105,Garnelen-Kimchi-Bruger,Hauptgerichte,,MwSt. 7%,1.07,21.495327,1.504673,Normalverkauf
S1000183.83166,SP1000183.34.83166,SY1000183.2026.83166,iPad1(1000183),183,04.06.26 10:19,Prod,A1000183.6548,Tisch 20,106,S1000183.83166,SALE,1,2.8,2.8,0.0,0.0,0.0,0.0,121,Mineralwasser,Getränke,,MwSt. 19%,1.19,2.352941,0.447059,Normalverkauf
S1000183.83167,SP1000183.34.83167,SY1000183.2026.83167,iPad1(1000183),183,04.06.26 19:39,Prod,A1000183.6549,Tisch 14,117,S1000183.83167,VOID,1,5.9,5.9,0.0,0.0,0.0,0.0,125,Zitronen-Limonade,Getränke,,MwSt. 19%,1.19,4.957983,0.942017,Normalverkauf
S1000183.83168,SP1000183.34.83168,SY1000183.2026.83168,iPad1(1000183),183,04.06.26 19:39,Prod,A1000183.6549,Tisch 14,117,S1000183.83168,VOID,2,3.2,6.4,0.0,0.0,0.0,0.0,120,Apfelschorle,Getränke,,MwSt. 19%,1.19,5.378151,1.021849,Normalverkauf
S1000183.83169,SP1000183.34.83169,SY1000183.2026.83169,iPad1(1000183),183,04.06.26 19:39,Prod,A1000183.6549,Tisch 14,117,S1000183.83169,VOID,1,6.5,6.5,0.0,0.0,0.0,0.0,100,Fischbrötchen Backfisch,Hauptspeisen,,MwSt. 7%,1.07,6.074766,0.425234,Normalverkauf
S1000183.83170,SP1000183.34.83170,SY1000183.2026.83170,iPad1(1000183),183,04.06.26 10:42,Prod,A1000183.6550,Tisch 17,117,S1000183.83170,VOID,2,3.9,7.8,0.0,0.0,0.0,0.0,126,Spezi,Getränke,,MwSt. 19%,1.19,6.554622,1.245378,Normalverkauf
S1000183.83171,SP1000183.34.83171,SY1000183.2026.83171,iPad1(1000183),183,04.06.26 12:08,Prod,A1000183.6551,Tisch 22,115,S1000183.83171,SALE,1,6.9,6.9,0.0,0.0,0.0,0.0,103,Fischbrötchen Räucherlachs,Hauptspeisen,,MwSt. 7%,1.07,6.448598,0.451402,Normalverkauf
S1000183.83172,SP1000183.34.83172,SY1000183.2026.83172,iPad1(1000183),183,04.06.26 12:06,Prod,A1000183.6552,,117,S1000183.83172,SALE,1,3.9,3.9,0.0,0.0,0.0,0.0,126,Spezi,Getränke,,MwSt. 19%,1.19,3.277311,0.622689,Normalverkauf
S1000183.83173,SP1000183.34.83173,SY1000183.2026.83173,iPad1(1000183),183,04.06.26 12:06,Prod,A1000183.6552,,117,S1000183.83173,SALE,1,4.9,4.9,0.0,0.0,0.0,0.0,112,Kartoffelwedges,Beilagen,,MwSt. 7%,1.07,4.579439,0.320561,Normalverkauf
S1000183.83174,SP1000183.34.83174,SY1000183.2026.83174,iPad1(1000183),183,04.06.26 12:06,Prod,A1000183.6552,,117,S1000183.83174,SALE,2,3.9,7.8,0.0,0.0,0.0,0.0,126,Spezi,Getränke,,MwSt. 19%,1.19,6.554622,1.245378,Normalverkauf
S1000183.83175,SP1000183.34.83175,SY1000183.2026.83175,iPad1(1000183),183,04.06.26 18:28,Prod,A1000183.6553,Tisch 16,106,S1000183.83175,SALE,1,6.9,6.9,0.0,0.0,0.0,0.0,103,Fischbrötchen Räucherlachs,Hauptspeisen,,MwSt. 7%,1.07,6.448598,0.451402,Normalverkauf
S1000183.83176,SP1000183.34.83176,SY1000183.2026.83176,iPad1(1000183),183,04.06.26 19:41,Prod,A1000183.6554,Tisch 12,117,S1000183.83176,SALE,2,10.9,21.8,0.0,0.0,0.0,0.0,104,Thunfisch Wrap,Hauptgerichte,,MwSt. 7%,1.07,20.373832,1.426168,Normalverkauf
S1000183.83177,SP1000183.34.83177,SY1000183.2026.83177,iPad1(1000183),183,04.06.26 19:41,Prod,A1000183.6554,Tisch 12,117,S1000183.83177,SALE,1,3.9,3.9,0.0,0.0,0.0,0.0,124,Cola Zero,Getränke,,MwSt. 19%,1.19,3.277311,0.622689,Normalverkauf
S1000183.83178,SP1000183.34.83178,SY1000183.2026.83178,iPad1(1000183),183,04.06.26 19:41,Prod,A1000183.6554,Tisch 12,117,S1000183.83178,SALE,2,6.9,13.8,0.0,0.0,0.0,0.0,103,Fischbrötchen Räucherlachs,Hauptspeisen,,MwSt. 7%,1.07,12.897196,0.902804,Normalverkauf
S1000183.83179,SP1000183.34.83179,SY1000183.2026.83179,iPad1(1000183),183,04.06.26 15:03,Prod,A1000183.6555,Tisch 12,120,S1000183.83179,SALE,2,6.9,13.8,0.0,0.0,0.0,0.0,103,Fischbrötchen Räucherlachs,Hauptspeisen,,MwSt. 7%,1.07,12.897196,0.902804,Normalverkauf
S1000183.83180,SP1000183.34.83180,SY1000183.2026.83180,iPad1(1000183),183,04.06.26 15:03,Prod,A1000183.6555,Tisch 12,120,S1000183.83180,SALE,2,10.9,21.8,0.0,0.0,0.0,0.0,107,Chicken Burger,Hauptgerichte,,MwSt. 7%,1.07,20.373832,1.426168,Normalverkauf
S1000183.83181,SP1000183.34.83181,SY1000183.2026.83181,iPad1(1000183),183,04.06.26 15:03,Prod,A1000183.6555,Tisch 12,120,S1000183.83181,SALE,1,5.9,5.9,0.0,0.0,0.0,0.0,117,Rote Grütze,Desserts,,MwSt. 7%,1.07,5.514019,0.385981,Normalverkauf
S1000183.83182,SP1000183.34.83182,SY1000183.2026.83182,iPad1(1000183),183,04.06.26 13:43,Prod,A1000183.6556,Tisch 10,104,S1000183.83182,SALE,1,5.9,5.9,0.0,0.0,0.0,0.0,117,Rote Grütze,Desserts,,MwSt. 7%,1.07,5.514019,0.385981,Normalverkauf
S1000183.83183,SP1000183.34.83183,SY1000183.2026.83183,iPad1(1000183),183,04.06.26 12:23,Prod,A1000183.6557,Tisch 3,111,S1000183.83183,SALE,1,14.5,14.5,0.0,0.0,0.0,0.0,101,Lachs,Hauptspeisen,,MwSt. 7%,1.07,13.551402,0.948598,Normalverkauf
S1000183.83184,SP1000183.34.83184,SY1000183.2026.83184,iPad1(1000183),183,04.06.26 13:27,Prod,A1000183.6558,Tisch 3,104,S1000183.83184,SALE,2,5.5,11.0,0.0,0.0,0.0,0.0,111,Pommes Frites,Beilagen,,MwSt. 7%,1.07,10.280374,0.719626,Normalverkauf
S1000183.83185,SP1000183.34.83185,SY1000183.2026.83185,iPad1(1000183),183,04.06.26 20:45,Prod,A1000183.6559,Tisch 19,117,S1000183.83185,SALE,2,3.9,7.8,0.0,0.0,0.0,0.0,119,Cola,Getränke,,MwSt. 19%,1.19,6.554622,1.245378,Normalverkauf
S1000183.83186,SP1000183.34.83186,SY1000183.2026.83186,iPad1(1000183),183,04.06.26 20:45,Prod,A1000183.6559,Tisch 19,117,S1000183.83186,SALE,1,5.9,5.9,0.0,0.0,0.0,0.0,117,Rote Grütze,Desserts,,MwSt. 7%,1.07,5.514019,0.385981,Normalverkauf
S1000183.83187,SP1000183.34.83187,SY1000183.2026.83187,iPad1(1000183),183,04.06.26 20:45,Prod,A1000183.6559,Tisch 19,117,S1000183.83187,SALE,2,2.8,5.6,0.0,0.0,0.0,0.0,121,Mineralwasser,Getränke,,MwSt. 19%,1.19,4.705882,0.894118,Normalverkauf
S1000183.83188,SP1000183.34.83188,SY1000183.2026.83188,iPad1(1000183),183,04.06.26 15:53,Prod,A1000183.6560,Tisch 11,111,S1000183.83188,SALE,1,13.5,13.5,0.0,0.0,0.0,0.0,102,Matjes,Hauptspeisen,,MwSt. 7%,1.07,12.616822,0.883178,Normalverkauf
S1000183.83189,SP1000183.34.83189,SY1000183.2026.83189,iPad1(1000183),183,04.06.26 14:37,Prod,A1000183.6561,,104,S1000183.83189,SALE,1,9.8,9.8,0.0,0.0,0.0,0.0,108,Seelachs-Ei-Baugette,Hauptgerichte,,MwSt. 7%,1.07,9.158879,0.641121,Normalverkauf
S1000183.83190,SP1000183.34.83190,SY1000183.2026.83190,iPad1(1000183),183,04.06.26 11:51,Prod,A1000183.6562,Tisch 8,115,S1000183.83190,SALE,1,5.5,5.5,0.0,0.0,0.0,0.0,111,Pommes Frites,Beilagen,,MwSt. 7%,1.07,5.140187,0.359813,Normalverkauf
S1000183.83191,SP1000183.34.83191,SY1000183.2026.83191,iPad1(1000183),183,04.06.26 11:51,Prod,A1000183.6562,Tisch 8,115,S1000183.83191,SALE,2,2.8,5.6,0.0,0.0,0.0,0.0,121,Mineralwasser,Getränke,,MwSt. 19%,1.19,4.705882,0.894118,Normalverkauf
S1000183.83192,SP1000183.34.83192,SY1000183.2026.83192,iPad1(1000183),183,04.06.26 15:27,Prod,A1000183.6563,Tisch 11,104,S1000183.83192,VOID,1,11.5,11.5,0.0,0.0,0.0,0.0,105,Garnelen-Kimchi-Bruger,Hauptgerichte,,MwSt. 7%,1.07,10.747664,0.752336,Normalverkauf
S1000183.83193,SP1000183.34.83193,SY1000183.2026.83193,iPad1(1000183),183,04.06.26 13:43,Prod,A1000183.6564,Tisch 14,106,S1000183.83193,SALE,1,5.5,5.5,0.0,0.0,0.0,0.0,114,Fisch Nuggets Box,Beilagen,,MwSt. 7%,1.07,5.140187,0.359813,Normalverkauf
S1000183.83194,SP1000183.34.83194,SY1000183.2026.83194,iPad1(1000183),183,04.06.26 15:09,Prod,A1000183.6565,Tisch 22,115,S1000183.83194,SALE,1,3.9,3.9,0.0,0.0,0.0,0.0,124,Cola Zero,Getränke,,MwSt. 19%,1.19,3.277311,0.622689,Normalverkauf
S1000183.83195,SP1000183.34.83195,SY1000183.2026.83195,iPad1(1000183),183,04.06.26 15:09,Prod,A1000183.6565,Tisch 22,115,S1000183.83195,SALE,2,10.9,21.8,0.0,0.0,0.0,0.0,104,Thunfisch Wrap,Hauptgerichte,,MwSt. 7%,1.07,20.373832,1.426168,Normalverkauf
S1000183.83196,SP1000183.34.83196,SY1000183.2026.83196,iPad1(1000183),183,04.06.26 15:09,Prod,A1000183.6565,Tisch 22,115,S1000183.83196,SALE,1,2.8,2.8,0.0,0.0,0.0,0.0,121,Mineralwasser,Getränke,,MwSt. 19%,1.19,2.352941,0.447059,Normalverkauf
S1000183.83197,SP1000183.34.83197,SY1000183.2026.83197,iPad1(1000183),183,04.06.26 19:54,Prod,A1000183.6566,Tisch 9,117,S1000183.83197,SALE,1,10.9,10.9,0.0,0.0,0.0,0.0,107,Chicken Burger,Hauptgerichte,,MwSt. 7%,1.07,10.186916,0.713084,Normalverkauf
S1000183.83198,SP1000183.34.83198,SY1000183.2026.83198,iPad1(1000183),183,04.06.26 19:54,Prod,A1000183.6566,Tisch 9,117,S1000183.83198,SALE,1,6.5,6.5,0.0,0.0,0.0,0.0,100,Fischbrötchen Backfisch,Hauptspeisen,,MwSt. 7%,1.07,6.074766,0.425234,Normalverkauf
S1000183.83199,SP1000183.34.83199,SY1000183.2026.83199,iPad1(1000183),183,05.06.26 16:18,Prod,A1000183.6567,Tisch 11,120,S1000183.83199,VOID,1,5.9,5.9,0.0,0.0,0.0,0.0,117,Rote Grütze,Desserts,,MwSt. 7%,1.07,5.514019,0.385981,Normalverkauf
S1000183.83200,SP1000183.34.83200,SY1000183.2026.83200,iPad1(1000183),183,05.06.26 16:18,Prod,A1000183.6567,Tisch 11,120,S1000183.83200,VOID,2,4.2,8.4,0.0,0.0,0.0,0.0,122,Bier,Getränke,,MwSt. 19%,1.19,7.058824,1.341176,Normalverkauf
S1000183.83201,SP1000183.34.83201,SY1000183.2026.83201,iPad1(1000183),183,05.06.26 17:12,Prod,A1000183.6568,Tisch 17,111,S1000183.83201,SALE,2,10.9,21.8,0.0,0.0,0.0,0.0,104,Thunfisch Wrap,Hauptgerichte,,MwSt. 7%,1.07,20.373832,1.426168,Normalverkauf
S1000183.83202,SP1000183.34.83202,SY1000183.2026.83202,iPad1(1000183),183,05.06.26 17:12,Prod,A1000183.6568,Tisch 17,111,S1000183.83202,SALE,2,4.2,8.4,0.0,0.0,0.0,0.0,122,Bier,Getränke,,MwSt. 19%,1.19,7.058824,1.341176,Normalverkauf
S1000183.83203,SP1000183.34.83203,SY1000183.2026.83203,iPad1(1000183),183,05.06.26 11:13,Prod,A1000183.6569,Tisch 13,115,S1000183.83203,SALE,2,5.5,11.0,0.0,0.0,0.0,0.0,111,Pommes Frites,Beilagen,,MwSt. 7%,1.07,10.280374,0.719626,Normalverkauf
S1000183.83204,SP1000183.34.83204,SY1000183.2026.83204,iPad1(1000183),183,05.06.26 19:12,Prod,A1000183.6570,Tisch 2,111,S1000183.83204,VOID,1,10.9,10.9,0.0,0.0,0.0,0.0,107,Chicken Burger,Hauptgerichte,,MwSt. 7%,1.07,10.186916,0.713084,Normalverkauf
S1000183.83205,SP1000183.34.83205,SY1000183.2026.83205,iPad1(1000183),183,05.06.26 19:12,Prod,A1000183.6570,Tisch 2,111,S1000183.83205,VOID,1,10.9,10.9,0.0,0.0,0.0,0.0,107,Chicken Burger,Hauptgerichte,,MwSt. 7%,1.07,10.186916,0.713084,Normalverkauf
S1000183.83206,SP1000183.34.83206,SY1000183.2026.83206,iPad1(1000183),183,05.06.26 12:41,Prod,A1000183.6571,Tisch 12,117,S1000183.83206,SALE,2,11.5,23.0,0.0,0.0,0.0,0.0,105,Garnelen-Kimchi-Bruger,Hauptgerichte,,MwSt. 7%,1.07,21.495327,1.504673,Normalverkauf
S1000183.83207,SP1000183.34.83207,SY1000183.2026.83207,iPad1(1000183),183,05.06.26 11:32,Prod,A1000183.6572,Tisch 6,115,S1000183.83207,SALE,1,10.9,10.9,0.0,0.0,0.0,0.0,109,Bismarck-Baguette,Hauptgerichte,,MwSt. 7%,1.07,10.186916,0.713084,Normalverkauf
S1000183.83208,SP1000183.34.83208,SY1000183.2026.83208,iPad1(1000183),183,05.06.26 11:32,Prod,A1000183.6572,Tisch 6,115,S1000183.83208,SALE,2,5.5,11.0,0.0,0.0,0.0,0.0,111,Pommes Frites,Beilagen,,MwSt. 7%,1.07,10.280374,0.719626,Normalverkauf
S1000183.83209,SP1000183.34.83209,SY1000183.2026.83209,iPad1(1000183),183,05.06.26 19:15,Prod,A1000183.6573,Tisch 5,115,S1000183.83209,SALE,1,6.9,6.9,0.0,0.0,0.0,0.0,113,Garnelen Box,Beilagen,,MwSt. 7%,1.07,6.448598,0.451402,Normalverkauf
S1000183.83210,SP1000183.34.83210,SY1000183.2026.83210,iPad1(1000183),183,05.06.26 16:20,Prod,A1000183.6574,Tisch 1,104,S1000183.83210,SALE,2,6.9,13.8,0.0,0.0,0.0,0.0,103,Fischbrötchen Räucherlachs,Hauptspeisen,,MwSt. 7%,1.07,12.897196,0.902804,Normalverkauf
S1000183.83211,SP1000183.34.83211,SY1000183.2026.83211,iPad1(1000183),183,05.06.26 16:20,Prod,A1000183.6574,Tisch 1,104,S1000183.83211,SALE,1,2.8,2.8,0.0,0.0,0.0,0.0,121,Mineralwasser,Getränke,,MwSt. 19%,1.19,2.352941,0.447059,Normalverkauf
S1000183.83212,SP1000183.34.83212,SY1000183.2026.83212,iPad1(1000183),183,05.06.26 11:36,Prod,A1000183.6575,Tisch 3,104,S1000183.83212,SALE,1,11.9,11.9,0.0,0.0,0.0,0.0,110,Matjes-Baguette,Hauptgerichte,,MwSt. 7%,1.07,11.121495,0.778505,Normalverkauf
S1000183.83213,SP1000183.34.83213,SY1000183.2026.83213,iPad1(1000183),183,05.06.26 11:36,Prod,A1000183.6575,Tisch 3,104,S1000183.83213,SALE,1,3.9,3.9,0.0,0.0,0.0,0.0,119,Cola,Getränke,,MwSt. 19%,1.19,3.277311,0.622689,Normalverkauf
S1000183.83214,SP1000183.34.83214,SY1000183.2026.83214,iPad1(1000183),183,05.06.26 08:35,Prod,A1000183.6576,Tisch 13,117,S1000183.83214,SALE,1,6.5,6.5,0.0,0.0,0.0,0.0,100,Fischbrötchen Backfisch,Hauptspeisen,,MwSt. 7%,1.07,6.074766,0.425234,Normalverkauf
S1000183.83215,SP1000183.34.83215,SY1000183.2026.83215,iPad1(1000183),183,05.06.26 08:35,Prod,A1000183.6576,Tisch 13,117,S1000183.83215,SALE,1,14.5,14.5,0.0,0.0,0.0,0.0,101,Lachs,Hauptspeisen,,MwSt. 7%,1.07,13.551402,0.948598,Normalverkauf
S1000183.83216,SP1000183.34.83216,SY1000183.2026.83216,iPad1(1000183),183,05.06.26 08:35,Prod,A1000183.6576,Tisch 13,117,S1000183.83216,SALE,2,6.5,13.0,0.0,0.0,0.0,0.0,100,Fischbrötchen Backfisch,Hauptspeisen,,MwSt. 7%,1.07,12.149533,0.850467,Normalverkauf
S1000183.83217,SP1000183.34.83217,SY1000183.2026.83217,iPad1(1000183),183,05.06.26 16:07,Prod,A1000183.6577,Tisch 8,104,S1000183.83217,SALE,1,3.9,3.9,0.0,0.0,0.0,0.0,126,Spezi,Getränke,,MwSt. 19%,1.19,3.277311,0.622689,Normalverkauf
S1000183.83218,SP1000183.34.83218,SY1000183.2026.83218,iPad1(1000183),183,05.06.26 16:07,Prod,A1000183.6577,Tisch 8,104,S1000183.83218,SALE,2,13.5,27.0,0.0,0.0,0.0,0.0,102,Matjes,Hauptspeisen,,MwSt. 7%,1.07,25.233645,1.766355,Normalverkauf
S1000183.83219,SP1000183.34.83219,SY1000183.2026.83219,iPad1(1000183),183,05.06.26 19:58,Prod,A1000183.6578,Tisch 12,117,S1000183.83219,SALE,1,4.2,4.2,0.0,0.0,0.0,0.0,122,Bier,Getränke,,MwSt. 19%,1.19,3.529412,0.670588,Normalverkauf
S1000183.83220,SP1000183.34.83220,SY1000183.2026.83220,iPad1(1000183),183,05.06.26 17:10,Prod,A1000183.6579,Tisch 4,111,S1000183.83220,SALE,1,6.5,6.5,0.0,0.0,0.0,0.0,100,Fischbrötchen Backfisch,Hauptspeisen,,MwSt. 7%,1.07,6.074766,0.425234,Normalverkauf
S1000183.83221,SP1000183.34.83221,SY1000183.2026.83221,iPad1(1000183),183,05.06.26 17:10,Prod,A1000183.6579,Tisch 4,111,S1000183.83221,SALE,1,3.9,3.9,0.0,0.0,0.0,0.0,126,Spezi,Getränke,,MwSt. 19%,1.19,3.277311,0.622689,Normalverkauf
S1000183.83222,SP1000183.34.83222,SY1000183.2026.83222,iPad1(1000183),183,05.06.26 18:13,Prod,A1000183.6580,Tisch 22,117,S1000183.83222,SALE,2,3.9,7.8,0.0,0.0,0.0,0.0,119,Cola,Getränke,,MwSt. 19%,1.19,6.554622,1.245378,Normalverkauf
S1000183.83223,SP1000183.34.83223,SY1000183.2026.83223,iPad1(1000183),183,05.06.26 10:45,Prod,A1000183.6581,Tisch 6,111,S1000183.83223,SALE,1,5.9,5.9,0.0,0.0,0.0,0.0,125,Zitronen-Limonade,Getränke,,MwSt. 19%,1.19,4.957983,0.942017,Normalverkauf
S1000183.83224,SP1000183.34.83224,SY1000183.2026.83224,iPad1(1000183),183,05.06.26 10:00,Prod,A1000183.6582,Tisch 22,117,S1000183.83224,SALE,2,2.8,5.6,0.0,0.0,0.0,0.0,121,Mineralwasser,Getränke,,MwSt. 19%,1.19,4.705882,0.894118,Normalverkauf
S1000183.83225,SP1000183.34.83225,SY1000183.2026.83225,iPad1(1000183),183,05.06.26 10:00,Prod,A1000183.6582,Tisch 22,117,S1000183.83225,SALE,2,6.5,13.0,0.0,0.0,0.0,0.0,100,Fischbrötchen Backfisch,Hauptspeisen,,MwSt. 7%,1.07,12.149533,0.850467,Normalverkauf
S1000183.83226,SP1000183.34.83226,SY1000183.2026.83226,iPad1(1000183),183,05.06.26 10:00,Prod,A1000183.6582,Tisch 22,117,S1000183.83226,SALE,1,3.9,3.9,0.0,0.0,0.0,0.0,127,Alkoholfreies Bier,Getränke,,MwSt. 19%,1.19,3.277311,0.622689,Normalverkauf
S1000183.83227,SP1000183.34.83227,SY1000183.2026.83227,iPad1(1000183),183,05.06.26 18:42,Prod,A1000183.6583,Tisch 20,106,S1000183.83227,SALE,1,5.5,5.5,0.0,0.0,0.0,0.0,111,Pommes Frites,Beilagen,,MwSt. 7%,1.07,5.140187,0.359813,Normalverkauf
S1000183.83228,SP1000183.34.83228,SY1000183.2026.83228,iPad1(1000183),183,05.06.26 11:30,Prod,A1000183.6584,Tisch 2,120,S1000183.83228,SALE,2,5.5,11.0,0.0,0.0,0.0,0.0,111,Pommes Frites,Beilagen,,MwSt. 7%,1.07,10.280374,0.719626,Normalverkauf
S1000183.83229,SP1000183.34.83229,SY1000183.2026.83229,iPad1(1000183),183,05.06.26 11:30,Prod,A1000183.6584,Tisch 2,120,S1000183.83229,SALE,1,11.9,11.9,0.0,0.0,0.0,0.0,110,Matjes-Baguette,Hauptgerichte,,MwSt. 7%,1.07,11.121495,0.778505,Normalverkauf
S1000183.83230,SP1000183.34.83230,SY1000183.2026.83230,iPad1(1000183),183,05.06.26 15:36,Prod,A1000183.6585,Tisch 10,111,S1000183.83230,SALE,2,10.9,21.8,0.0,0.0,0.0,0.0,107,Chicken Burger,Hauptgerichte,,MwSt. 7%,1.07,20.373832,1.426168,Normalverkauf
S1000183.83231,SP1000183.34.83231,SY1000183.2026.83231,iPad1(1000183),183,05.06.26 15:36,Prod,A1000183.6585,Tisch 10,111,S1000183.83231,SALE,2,3.9,7.8,0.0,0.0,0.0,0.0,126,Spezi,Getränke,,MwSt. 19%,1.19,6.554622,1.245378,Normalverkauf
S1000183.83232,SP1000183.34.83232,SY1000183.2026.83232,iPad1(1000183),183,05.06.26 15:36,Prod,A1000183.6585,Tisch 10,111,S1000183.83232,SALE,2,4.2,8.4,0.0,0.0,0.0,0.0,122,Bier,Getränke,,MwSt. 19%,1.19,7.058824,1.341176,Normalverkauf
S1000183.83233,SP1000183.34.83233,SY1000183.2026.83233,iPad1(1000183),183,05.06.26 20:34,Prod,A1000183.6586,Tisch 12,117,S1000183.83233,SALE,2,2.8,5.6,0.0,0.0,0.0,0.0,121,Mineralwasser,Getränke,,MwSt. 19%,1.19,4.705882,0.894118,Normalverkauf
S1000183.83234,SP1000183.34.83234,SY1000183.2026.83234,iPad1(1000183),183,05.06.26 20:34,Prod,A1000183.6586,Tisch 12,117,S1000183.83234,SALE,1,4.2,4.2,0.0,0.0,0.0,0.0,122,Bier,Getränke,,MwSt. 19%,1.19,3.529412,0.670588,Normalverkauf
S1000183.83235,SP1000183.34.83235,SY1000183.2026.83235,iPad1(1000183),183,05.06.26 17:12,Prod,A1000183.6587,Tisch 10,106,S1000183.83235,SALE,2,3.9,7.8,0.0,0.0,0.0,0.0,124,Cola Zero,Getränke,,MwSt. 19%,1.19,6.554622,1.245378,Normalverkauf
S1000183.83236,SP1000183.34.83236,SY1000183.2026.83236,iPad1(1000183),183,05.06.26 17:12,Prod,A1000183.6587,Tisch 10,106,S1000183.83236,SALE,2,5.5,11.0,0.0,0.0,0.0,0.0,111,Pommes Frites,Beilagen,,MwSt. 7%,1.07,10.280374,0.719626,Normalverkauf
S1000183.83237,SP1000183.34.83237,SY1000183.2026.83237,iPad1(1000183),183,05.06.26 17:12,Prod,A1000183.6587,Tisch 10,106,S1000183.83237,SALE,2,6.9,13.8,0.0,0.0,0.0,0.0,103,Fischbrötchen Räucherlachs,Hauptspeisen,,MwSt. 7%,1.07,12.897196,0.902804,Normalverkauf
S1000183.83238,SP1000183.34.83238,SY1000183.2026.83238,iPad1(1000183),183,05.06.26 18:44,Prod,A1000183.6588,Tisch 10,117,S1000183.83238,SALE,1,6.9,6.9,0.0,0.0,0.0,0.0,113,Garnelen Box,Beilagen,,MwSt. 7%,1.07,6.448598,0.451402,Normalverkauf
S1000183.83239,SP1000183.34.83239,SY1000183.2026.83239,iPad1(1000183),183,05.06.26 12:10,Prod,A1000183.6589,Tisch 24,120,S1000183.83239,SALE,1,11.5,11.5,0.0,0.0,0.0,0.0,105,Garnelen-Kimchi-Bruger,Hauptgerichte,,MwSt. 7%,1.07,10.747664,0.752336,Normalverkauf
S1000183.83240,SP1000183.34.83240,SY1000183.2026.83240,iPad1(1000183),183,05.06.26 12:10,Prod,A1000183.6589,Tisch 24,120,S1000183.83240,SALE,1,6.5,6.5,0.0,0.0,0.0,0.0,100,Fischbrötchen Backfisch,Hauptspeisen,,MwSt. 7%,1.07,6.074766,0.425234,Normalverkauf
S1000183.83241,SP1000183.34.83241,SY1000183.2026.83241,iPad1(1000183),183,05.06.26 12:10,Prod,A1000183.6589,Tisch 24,120,S1000183.83241,SALE,1,4.2,4.2,0.0,0.0,0.0,0.0,122,Bier,Getränke,,MwSt. 19%,1.19,3.529412,0.670588,Normalverkauf
S1000183.83242,SP1000183.34.83242,SY1000183.2026.83242,iPad1(1000183),183,05.06.26 16:47,Prod,A1000183.6590,Tisch 24,106,S1000183.83242,VOID,1,6.5,6.5,0.0,0.0,0.0,0.0,100,Fischbrötchen Backfisch,Hauptspeisen,,MwSt. 7%,1.07,6.074766,0.425234,Normalverkauf
S1000183.83243,SP1000183.34.83243,SY1000183.2026.83243,iPad1(1000183),183,05.06.26 17:27,Prod,A1000183.6591,Tisch 15,106,S1000183.83243,SALE,2,9.8,19.6,0.0,0.0,0.0,0.0,108,Seelachs-Ei-Baugette,Hauptgerichte,,MwSt. 7%,1.07,18.317757,1.282243,Normalverkauf
S1000183.83244,SP1000183.34.83244,SY1000183.2026.83244,iPad1(1000183),183,05.06.26 17:27,Prod,A1000183.6591,Tisch 15,106,S1000183.83244,SALE,2,10.9,21.8,0.0,0.0,0.0,0.0,104,Thunfisch Wrap,Hauptgerichte,,MwSt. 7%,1.07,20.373832,1.426168,Normalverkauf
S1000183.83245,SP1000183.34.83245,SY1000183.2026.83245,iPad1(1000183),183,05.06.26 11:54,Prod,A1000183.6592,Tisch 13,104,S1000183.83245,SALE,2,4.2,8.4,0.0,0.0,0.0,0.0,122,Bier,Getränke,,MwSt. 19%,1.19,7.058824,1.341176,Normalverkauf
S1000183.83246,SP1000183.34.83246,SY1000183.2026.83246,iPad1(1000183),183,05.06.26 18:15,Prod,A1000183.6593,Tisch 23,115,S1000183.83246,SALE,1,5.9,5.9,0.0,0.0,0.0,0.0,125,Zitronen-Limonade,Getränke,,MwSt. 19%,1.19,4.957983,0.942017,Normalverkauf
S1000183.83247,SP1000183.34.83247,SY1000183.2026.83247,iPad1(1000183),183,05.06.26 18:15,Prod,A1000183.6593,Tisch 23,115,S1000183.83247,SALE,1,10.9,10.9,0.0,0.0,0.0,0.0,109,Bismarck-Baguette,Hauptgerichte,,MwSt. 7%,1.07,10.186916,0.713084,Normalverkauf
S1000183.83248,SP1000183.34.83248,SY1000183.2026.83248,iPad1(1000183),183,05.06.26 11:18,Prod,A1000183.6594,Tisch 14,120,S1000183.83248,VOID,2,3.9,7.8,0.0,0.0,0.0,0.0,119,Cola,Getränke,,MwSt. 19%,1.19,6.554622,1.245378,Normalverkauf
S1000183.83249,SP1000183.34.83249,SY1000183.2026.83249,iPad1(1000183),183,05.06.26 11:18,Prod,A1000183.6594,Tisch 14,120,S1000183.83249,VOID,1,5.5,5.5,0.0,0.0,0.0,0.0,111,Pommes Frites,Beilagen,,MwSt. 7%,1.07,5.140187,0.359813,Normalverkauf
S1000183.83250,SP1000183.34.83250,SY1000183.2026.83250,iPad1(1000183),183,05.06.26 11:18,Prod,A1000183.6594,Tisch 14,120,S1000183.83250,VOID,2,10.9,21.8,0.0,0.0,0.0,0.0,107,Chicken Burger,Hauptgerichte,,MwSt. 7%,1.07,20.373832,1.426168,Normalverkauf
S1000183.83251,SP1000183.34.83251,SY1000183.2026.83251,iPad1(1000183),183,05.06.26 10:28,Prod,A1000183.6595,Tisch 21,115,S1000183.83251,SALE,2,5.9,11.8,0.0,0.0,0.0,0.0,123,Inger-Limonade,Getränke,,MwSt. 19%,1.19,9.915966,1.884034,Normalverkauf
S1000183.83252,SP1000183.34.83252,SY1000183.2026.83252,iPad1(1000183),183,05.06.26 10:28,Prod,A1000183.6595,Tisch 21,115,S1000183.83252,SALE,2,3.9,7.8,0.0,0.0,0.0,0.0,119,Cola,Getränke,,MwSt. 19%,1.19,6.554622,1.245378,Normalverkauf
S1000183.83253,SP1000183.34.83253,SY1000183.2026.83253,iPad1(1000183),183,05.06.26 12:34,Prod,A1000183.6596,Tisch 13,106,S1000183.83253,SALE,2,14.5,29.0,0.0,0.0,0.0,0.0,101,Lachs,Hauptspeisen,,MwSt. 7%,1.07,27.102804,1.897196,Normalverkauf
S1000183.83254,SP1000183.34.83254,SY1000183.2026.83254,iPad1(1000183),183,05.06.26 12:34,Prod,A1000183.6596,Tisch 13,106,S1000183.83254,SALE,2,5.9,11.8,0.0,0.0,0.0,0.0,123,Inger-Limonade,Getränke,,MwSt. 19%,1.19,9.915966,1.884034,Normalverkauf
S1000183.83255,SP1000183.34.83255,SY1000183.2026.83255,iPad1(1000183),183,05.06.26 17:13,Prod,A1000183.6597,Tisch 21,115,S1000183.83255,SALE,2,10.9,21.8,0.0,0.0,0.0,0.0,107,Chicken Burger,Hauptgerichte,,MwSt. 7%,1.07,20.373832,1.426168,Normalverkauf
S1000183.83256,SP1000183.34.83256,SY1000183.2026.83256,iPad1(1000183),183,05.06.26 17:13,Prod,A1000183.6597,Tisch 21,115,S1000183.83256,SALE,2,6.9,13.8,0.0,0.0,0.0,0.0,103,Fischbrötchen Räucherlachs,Hauptspeisen,,MwSt. 7%,1.07,12.897196,0.902804,Normalverkauf
S1000183.83257,SP1000183.34.83257,SY1000183.2026.83257,iPad1(1000183),183,05.06.26 11:03,Prod,A1000183.6598,Tisch 24,117,S1000183.83257,SALE,2,6.5,13.0,0.0,0.0,0.0,0.0,100,Fischbrötchen Backfisch,Hauptspeisen,,MwSt. 7%,1.07,12.149533,0.850467,Normalverkauf
S1000183.83258,SP1000183.34.83258,SY1000183.2026.83258,iPad1(1000183),183,05.06.26 11:03,Prod,A1000183.6598,Tisch 24,117,S1000183.83258,SALE,1,6.9,6.9,0.0,0.0,0.0,0.0,103,Fischbrötchen Räucherlachs,Hauptspeisen,,MwSt. 7%,1.07,6.448598,0.451402,Normalverkauf
S1000183.83259,SP1000183.34.83259,SY1000183.2026.83259,iPad1(1000183),183,05.06.26 15:20,Prod,A1000183.6599,Tisch 19,120,S1000183.83259,SALE,2,14.5,29.0,0.0,0.0,0.0,0.0,101,Lachs,Hauptspeisen,,MwSt. 7%,1.07,27.102804,1.897196,Normalverkauf
S1000183.83260,SP1000183.34.83260,SY1000183.2026.83260,iPad1(1000183),183,05.06.26 13:31,Prod,A1000183.6600,,104,S1000183.83260,SALE,1,6.5,6.5,0.0,0.0,0.0,0.0,100,Fischbrötchen Backfisch,Hauptspeisen,,MwSt. 7%,1.07,6.074766,0.425234,Normalverkauf
S1000183.83261,SP1000183.34.83261,SY1000183.2026.83261,iPad1(1000183),183,05.06.26 13:31,Prod,A1000183.6600,,104,S1000183.83261,SALE,1,7.9,7.9,0.0,0.0,0.0,0.0,106,Neptun-Ringe,Beilagen,,MwSt. 7%,1.07,7.383178,0.516822,Normalverkauf
S1000183.83262,SP1000183.34.83262,SY1000183.2026.83262,iPad1(1000183),183,05.06.26 17:30,Prod,A1000183.6601,Tisch 9,120,S1000183.83262,SALE,1,4.2,4.2,0.0,0.0,0.0,0.0,122,Bier,Getränke,,MwSt. 19%,1.19,3.529412,0.670588,Normalverkauf
S1000183.83263,SP1000183.34.83263,SY1000183.2026.83263,iPad1(1000183),183,05.06.26 17:30,Prod,A1000183.6601,Tisch 9,120,S1000183.83263,SALE,2,6.9,13.8,0.0,0.0,0.0,0.0,103,Fischbrötchen Räucherlachs,Hauptspeisen,,MwSt. 7%,1.07,12.897196,0.902804,Normalverkauf
S1000183.83264,SP1000183.34.83264,SY1000183.2026.83264,iPad1(1000183),183,05.06.26 12:17,Prod,A1000183.6602,Tisch 6,115,S1000183.83264,SALE,1,3.9,3.9,0.0,0.0,0.0,0.0,126,Spezi,Getränke,,MwSt. 19%,1.19,3.277311,0.622689,Normalverkauf
S1000183.83265,SP1000183.34.83265,SY1000183.2026.83265,iPad1(1000183),183,05.06.26 17:29,Prod,A1000183.6603,,115,S1000183.83265,SALE,2,4.9,9.8,0.0,0.0,0.0,0.0,112,Kartoffelwedges,Beilagen,,MwSt. 7%,1.07,9.158879,0.641121,Normalverkauf
S1000183.83266,SP1000183.34.83266,SY1000183.2026.83266,iPad1(1000183),183,05.06.26 17:29,Prod,A1000183.6603,,115,S1000183.83266,SALE,2,11.9,23.8,0.0,0.0,0.0,0.0,110,Matjes-Baguette,Hauptgerichte,,MwSt. 7%,1.07,22.242991,1.557009,Normalverkauf
S1000183.83267,SP1000183.34.83267,SY1000183.2026.83267,iPad1(1000183),183,05.06.26 18:18,Prod,A1000183.6604,Tisch 9,104,S1000183.83267,SALE,1,11.5,11.5,0.0,0.0,0.0,0.0,105,Garnelen-Kimchi-Bruger,Hauptgerichte,,MwSt. 7%,1.07,10.747664,0.752336,Normalverkauf
S1000183.83268,SP1000183.34.83268,SY1000183.2026.83268,iPad1(1000183),183,05.06.26 18:18,Prod,A1000183.6604,Tisch 9,104,S1000183.83268,SALE,1,14.5,14.5,0.0,0.0,0.0,0.0,101,Lachs,Hauptspeisen,,MwSt. 7%,1.07,13.551402,0.948598,Normalverkauf
S1000183.83269,SP1000183.34.83269,SY1000183.2026.83269,iPad1(1000183),183,05.06.26 18:18,Prod,A1000183.6604,Tisch 9,104,S1000183.83269,SALE,2,6.5,13.0,0.0,0.0,0.0,0.0,100,Fischbrötchen Backfisch,Hauptspeisen,,MwSt. 7%,1.07,12.149533,0.850467,Normalverkauf
S1000183.83270,SP1000183.34.83270,SY1000183.2026.83270,iPad1(1000183),183,05.06.26 16:56,Prod,A1000183.6605,Tisch 6,115,S1000183.83270,SALE,2,5.9,11.8,0.0,0.0,0.0,0.0,125,Zitronen-Limonade,Getränke,,MwSt. 19%,1.19,9.915966,1.884034,Normalverkauf
S1000183.83271,SP1000183.34.83271,SY1000183.2026.83271,iPad1(1000183),183,05.06.26 16:56,Prod,A1000183.6605,Tisch 6,115,S1000183.83271,SALE,2,2.8,5.6,0.0,0.0,0.0,0.0,121,Mineralwasser,Getränke,,MwSt. 19%,1.19,4.705882,0.894118,Normalverkauf
S1000183.83272,SP1000183.34.83272,SY1000183.2026.83272,iPad1(1000183),183,05.06.26 16:56,Prod,A1000183.6605,Tisch 6,115,S1000183.83272,SALE,1,2.8,2.8,0.0,0.0,0.0,0.0,121,Mineralwasser,Getränke,,MwSt. 19%,1.19,2.352941,0.447059,Normalverkauf
S1000183.83273,SP1000183.34.83273,SY1000183.2026.83273,iPad1(1000183),183,05.06.26 18:13,Prod,A1000183.6606,Tisch 22,115,S1000183.83273,SALE,2,5.5,11.0,0.0,0.0,0.0,0.0,111,Pommes Frites,Beilagen,,MwSt. 7%,1.07,10.280374,0.719626,Normalverkauf
S1000183.83274,SP1000183.34.83274,SY1000183.2026.83274,iPad1(1000183),183,05.06.26 18:13,Prod,A1000183.6606,Tisch 22,115,S1000183.83274,SALE,1,3.2,3.2,0.0,0.0,0.0,0.0,120,Apfelschorle,Getränke,,MwSt. 19%,1.19,2.689076,0.510924,Normalverkauf
S1000183.83275,SP1000183.34.83275,SY1000183.2026.83275,iPad1(1000183),183,05.06.26 18:13,Prod,A1000183.6606,Tisch 22,115,S1000183.83275,SALE,2,14.5,29.0,0.0,0.0,0.0,0.0,101,Lachs,Hauptspeisen,,MwSt. 7%,1.07,27.102804,1.897196,Normalverkauf
S1000183.83276,SP1000183.34.83276,SY1000183.2026.83276,iPad1(1000183),183,05.06.26 11:50,Prod,A1000183.6607,Tisch 11,115,S1000183.83276,SALE,1,5.9,5.9,0.0,0.0,0.0,0.0,117,Rote Grütze,Desserts,,MwSt. 7%,1.07,5.514019,0.385981,Normalverkauf
S1000183.83277,SP1000183.34.83277,SY1000183.2026.83277,iPad1(1000183),183,05.06.26 11:50,Prod,A1000183.6607,Tisch 11,115,S1000183.83277,SALE,2,5.9,11.8,0.0,0.0,0.0,0.0,116,Vanillequark,Desserts,,MwSt. 7%,1.07,11.028037,0.771963,Normalverkauf
S1000183.83278,SP1000183.34.83278,SY1000183.2026.83278,iPad1(1000183),183,05.06.26 17:08,Prod,A1000183.6608,Tisch 23,117,S1000183.83278,SALE,2,4.2,8.4,0.0,0.0,0.0,0.0,122,Bier,Getränke,,MwSt. 19%,1.19,7.058824,1.341176,Normalverkauf
S1000183.83279,SP1000183.34.83279,SY1000183.2026.83279,iPad1(1000183),183,05.06.26 20:17,Prod,A1000183.6609,Tisch 10,104,S1000183.83279,SALE,2,5.5,11.0,0.0,0.0,0.0,0.0,114,Fisch Nuggets Box,Beilagen,,MwSt. 7%,1.07,10.280374,0.719626,Normalverkauf
S1000183.83280,SP1000183.34.83280,SY1000183.2026.83280,iPad1(1000183),183,05.06.26 20:07,Prod,A1000183.6610,Tisch 10,115,S1000183.83280,SALE,1,11.9,11.9,0.0,0.0,0.0,0.0,110,Matjes-Baguette,Hauptgerichte,,MwSt. 7%,1.07,11.121495,0.778505,Normalverkauf
S1000183.83281,SP1000183.34.83281,SY1000183.2026.83281,iPad1(1000183),183,05.06.26 20:07,Prod,A1000183.6610,Tisch 10,115,S1000183.83281,SALE,2,10.9,21.8,0.0,0.0,0.0,0.0,109,Bismarck-Baguette,Hauptgerichte,,MwSt. 7%,1.07,20.373832,1.426168,Normalverkauf
S1000183.83282,SP1000183.34.83282,SY1000183.2026.83282,iPad1(1000183),183,05.06.26 17:18,Prod,A1000183.6611,Tisch 7,120,S1000183.83282,SALE,1,11.9,11.9,0.0,0.0,0.0,0.0,110,Matjes-Baguette,Hauptgerichte,,MwSt. 7%,1.07,11.121495,0.778505,Normalverkauf
S1000183.83283,SP1000183.34.83283,SY1000183.2026.83283,iPad1(1000183),183,05.06.26 17:18,Prod,A1000183.6611,Tisch 7,120,S1000183.83283,SALE,1,5.9,5.9,0.0,0.0,0.0,0.0,123,Inger-Limonade,Getränke,,MwSt. 19%,1.19,4.957983,0.942017,Normalverkauf
S1000183.83284,SP1000183.34.83284,SY1000183.2026.83284,iPad1(1000183),183,05.06.26 17:45,Prod,A1000183.6612,Tisch 10,115,S1000183.83284,SALE,2,7.9,15.8,0.0,0.0,0.0,0.0,106,Neptun-Ringe,Beilagen,,MwSt. 7%,1.07,14.766355,1.033645,Normalverkauf
S1000183.83285,SP1000183.34.83285,SY1000183.2026.83285,iPad1(1000183),183,05.06.26 15:24,Prod,A1000183.6613,,115,S1000183.83285,SALE,2,4.2,8.4,0.0,0.0,0.0,0.0,122,Bier,Getränke,,MwSt. 19%,1.19,7.058824,1.341176,Normalverkauf
S1000183.83286,SP1000183.34.83286,SY1000183.2026.83286,iPad1(1000183),183,05.06.26 15:24,Prod,A1000183.6613,,115,S1000183.83286,SALE,1,4.2,4.2,0.0,0.0,0.0,0.0,122,Bier,Getränke,,MwSt. 19%,1.19,3.529412,0.670588,Normalverkauf
S1000183.83287,SP1000183.34.83287,SY1000183.2026.83287,iPad1(1000183),183,05.06.26 15:24,Prod,A1000183.6613,,115,S1000183.83287,SALE,2,3.9,7.8,0.0,0.0,0.0,0.0,124,Cola Zero,Getränke,,MwSt. 19%,1.19,6.554622,1.245378,Normalverkauf
S1000183.83288,SP1000183.34.83288,SY1000183.2026.83288,iPad1(1000183),183,05.06.26 11:24,Prod,A1000183.6614,Tisch 17,111,S1000183.83288,SALE,1,6.9,6.9,0.0,0.0,0.0,0.0,103,Fischbrötchen Räucherlachs,Hauptspeisen,,MwSt. 7%,1.07,6.448598,0.451402,Normalverkauf
S1000183.83289,SP1000183.34.83289,SY1000183.2026.83289,iPad1(1000183),183,05.06.26 11:24,Prod,A1000183.6614,Tisch 17,111,S1000183.83289,SALE,1,11.9,11.9,0.0,0.0,0.0,0.0,110,Matjes-Baguette,Hauptgerichte,,MwSt. 7%,1.07,11.121495,0.778505,Normalverkauf
S1000183.83290,SP1000183.34.83290,SY1000183.2026.83290,iPad1(1000183),183,05.06.26 11:38,Prod,A1000183.6615,,106,S1000183.83290,SALE,1,5.9,5.9,0.0,0.0,0.0,0.0,123,Inger-Limonade,Getränke,,MwSt. 19%,1.19,4.957983,0.942017,Normalverkauf
S1000183.83291,SP1000183.34.83291,SY1000183.2026.83291,iPad1(1000183),183,05.06.26 11:38,Prod,A1000183.6615,,106,S1000183.83291,SALE,1,5.9,5.9,0.0,0.0,0.0,0.0,117,Rote Grütze,Desserts,,MwSt. 7%,1.07,5.514019,0.385981,Normalverkauf
S1000183.83292,SP1000183.34.83292,SY1000183.2026.83292,iPad1(1000183),183,05.06.26 11:11,Prod,A1000183.6616,Tisch 11,111,S1000183.83292,SALE,1,5.5,5.5,0.0,0.0,0.0,0.0,111,Pommes Frites,Beilagen,,MwSt. 7%,1.07,5.140187,0.359813,Normalverkauf
S1000183.83293,SP1000183.34.83293,SY1000183.2026.83293,iPad1(1000183),183,05.06.26 20:28,Prod,A1000183.6617,Tisch 16,120,S1000183.83293,SALE,1,11.5,11.5,0.0,0.0,0.0,0.0,105,Garnelen-Kimchi-Bruger,Hauptgerichte,,MwSt. 7%,1.07,10.747664,0.752336,Normalverkauf
S1000183.83294,SP1000183.34.83294,SY1000183.2026.83294,iPad1(1000183),183,05.06.26 11:39,Prod,A1000183.6618,Tisch 16,115,S1000183.83294,SALE,1,5.9,5.9,0.0,0.0,0.0,0.0,125,Zitronen-Limonade,Getränke,,MwSt. 19%,1.19,4.957983,0.942017,Normalverkauf
S1000183.83295,SP1000183.34.83295,SY1000183.2026.83295,iPad1(1000183),183,05.06.26 20:45,Prod,A1000183.6619,Tisch 6,115,S1000183.83295,SALE,1,10.9,10.9,0.0,0.0,0.0,0.0,109,Bismarck-Baguette,Hauptgerichte,,MwSt. 7%,1.07,10.186916,0.713084,Normalverkauf
S1000183.83296,SP1000183.34.83296,SY1000183.2026.83296,iPad1(1000183),183,05.06.26 19:43,Prod,A1000183.6620,Tisch 5,117,S1000183.83296,VOID,1,9.8,9.8,0.0,0.0,0.0,0.0,108,Seelachs-Ei-Baugette,Hauptgerichte,,MwSt. 7%,1.07,9.158879,0.641121,Normalverkauf
S1000183.83297,SP1000183.34.83297,SY1000183.2026.83297,iPad1(1000183),183,05.06.26 19:43,Prod,A1000183.6620,Tisch 5,117,S1000183.83297,VOID,2,5.5,11.0,0.0,0.0,0.0,0.0,111,Pommes Frites,Beilagen,,MwSt. 7%,1.07,10.280374,0.719626,Normalverkauf
S1000183.83298,SP1000183.34.83298,SY1000183.2026.83298,iPad1(1000183),183,05.06.26 12:42,Prod,A1000183.6621,Tisch 20,115,S1000183.83298,SALE,2,13.5,27.0,0.0,0.0,0.0,0.0,102,Matjes,Hauptspeisen,,MwSt. 7%,1.07,25.233645,1.766355,Normalverkauf
S1000183.83299,SP1000183.34.83299,SY1000183.2026.83299,iPad1(1000183),183,05.06.26 12:42,Prod,A1000183.6621,Tisch 20,115,S1000183.83299,SALE,1,9.8,9.8,0.0,0.0,0.0,0.0,108,Seelachs-Ei-Baugette,Hauptgerichte,,MwSt. 7%,1.07,9.158879,0.641121,Normalverkauf
S1000183.83300,SP1000183.34.83300,SY1000183.2026.83300,iPad1(1000183),183,05.06.26 19:27,Prod,A1000183.6622,Tisch 18,115,S1000183.83300,VOID,2,5.9,11.8,0.0,0.0,0.0,0.0,116,Vanillequark,Desserts,,MwSt. 7%,1.07,11.028037,0.771963,Normalverkauf
S1000183.83301,SP1000183.34.83301,SY1000183.2026.83301,iPad1(1000183),183,05.06.26 19:27,Prod,A1000183.6622,Tisch 18,115,S1000183.83301,VOID,1,13.5,13.5,0.0,0.0,0.0,0.0,102,Matjes,Hauptspeisen,,MwSt. 7%,1.07,12.616822,0.883178,Normalverkauf
S1000183.83302,SP1000183.34.83302,SY1000183.2026.83302,iPad1(1000183),183,05.06.26 11:27,Prod,A1000183.6623,Tisch 5,104,S1000183.83302,SALE,2,10.9,21.8,0.0,0.0,0.0,0.0,104,Thunfisch Wrap,Hauptgerichte,,MwSt. 7%,1.07,20.373832,1.426168,Normalverkauf
S1000183.83303,SP1000183.34.83303,SY1000183.2026.83303,iPad1(1000183),183,05.06.26 11:27,Prod,A1000183.6623,Tisch 5,104,S1000183.83303,SALE,2,6.5,13.0,0.0,0.0,0.0,0.0,100,Fischbrötchen Backfisch,Hauptspeisen,,MwSt. 7%,1.07,12.149533,0.850467,Normalverkauf
S1000183.83304,SP1000183.34.83304,SY1000183.2026.83304,iPad1(1000183),183,05.06.26 13:40,Prod,A1000183.6624,Tisch 8,115,S1000183.83304,SALE,1,10.9,10.9,0.0,0.0,0.0,0.0,109,Bismarck-Baguette,Hauptgerichte,,MwSt. 7%,1.07,10.186916,0.713084,Normalverkauf
S1000183.83305,SP1000183.34.83305,SY1000183.2026.83305,iPad1(1000183),183,05.06.26 13:40,Prod,A1000183.6624,Tisch 8,115,S1000183.83305,SALE,1,4.2,4.2,0.0,0.0,0.0,0.0,122,Bier,Getränke,,MwSt. 19%,1.19,3.529412,0.670588,Normalverkauf
S1000183.83306,SP1000183.34.83306,SY1000183.2026.83306,iPad1(1000183),183,05.06.26 17:58,Prod,A1000183.6625,Tisch 12,106,S1000183.83306,SALE,1,6.9,6.9,0.0,0.0,0.0,0.0,113,Garnelen Box,Beilagen,,MwSt. 7%,1.07,6.448598,0.451402,Normalverkauf
S1000183.83307,SP1000183.34.83307,SY1000183.2026.83307,iPad1(1000183),183,05.06.26 17:58,Prod,A1000183.6625,Tisch 12,106,S1000183.83307,SALE,1,5.9,5.9,0.0,0.0,0.0,0.0,117,Rote Grütze,Desserts,,MwSt. 7%,1.07,5.514019,0.385981,Normalverkauf
S1000183.83308,SP1000183.34.83308,SY1000183.2026.83308,iPad1(1000183),183,05.06.26 17:58,Prod,A1000183.6625,Tisch 12,106,S1000183.83308,SALE,2,4.9,9.8,0.0,0.0,0.0,0.0,112,Kartoffelwedges,Beilagen,,MwSt. 7%,1.07,9.158879,0.641121,Normalverkauf
S1000183.83309,SP1000183.34.83309,SY1000183.2026.83309,iPad1(1000183),183,05.06.26 11:05,Prod,A1000183.6626,Tisch 20,104,S1000183.83309,SALE,1,3.2,3.2,0.0,0.0,0.0,0.0,120,Apfelschorle,Getränke,,MwSt. 19%,1.19,2.689076,0.510924,Normalverkauf
S1000183.83310,SP1000183.34.83310,SY1000183.2026.83310,iPad1(1000183),183,05.06.26 11:05,Prod,A1000183.6626,Tisch 20,104,S1000183.83310,SALE,1,3.9,3.9,0.0,0.0,0.0,0.0,126,Spezi,Getränke,,MwSt. 19%,1.19,3.277311,0.622689,Normalverkauf
S1000183.83311,SP1000183.34.83311,SY1000183.2026.83311,iPad1(1000183),183,05.06.26 18:49,Prod,A1000183.6627,Tisch 10,115,S1000183.83311,SALE,2,3.9,7.8,0.0,0.0,0.0,0.0,124,Cola Zero,Getränke,,MwSt. 19%,1.19,6.554622,1.245378,Normalverkauf
S1000183.83312,SP1000183.34.83312,SY1000183.2026.83312,iPad1(1000183),183,05.06.26 18:49,Prod,A1000183.6627,Tisch 10,115,S1000183.83312,SALE,1,4.2,4.2,0.0,0.0,0.0,0.0,122,Bier,Getränke,,MwSt. 19%,1.19,3.529412,0.670588,Normalverkauf
S1000183.83313,SP1000183.34.83313,SY1000183.2026.83313,iPad1(1000183),183,05.06.26 10:55,Prod,A1000183.6628,Tisch 24,120,S1000183.83313,VOID,1,3.2,3.2,0.0,0.0,0.0,0.0,120,Apfelschorle,Getränke,,MwSt. 19%,1.19,2.689076,0.510924,Normalverkauf
S1000183.83314,SP1000183.34.83314,SY1000183.2026.83314,iPad1(1000183),183,05.06.26 15:49,Prod,A1000183.6629,Tisch 21,117,S1000183.83314,SALE,1,3.2,3.2,0.0,0.0,0.0,0.0,120,Apfelschorle,Getränke,,MwSt. 19%,1.19,2.689076,0.510924,Normalverkauf
S1000183.83315,SP1000183.34.83315,SY1000183.2026.83315,iPad1(1000183),183,05.06.26 15:49,Prod,A1000183.6629,Tisch 21,117,S1000183.83315,SALE,1,6.5,6.5,0.0,0.0,0.0,0.0,100,Fischbrötchen Backfisch,Hauptspeisen,,MwSt. 7%,1.07,6.074766,0.425234,Normalverkauf
S1000183.83316,SP1000183.34.83316,SY1000183.2026.83316,iPad1(1000183),183,05.06.26 15:49,Prod,A1000183.6629,Tisch 21,117,S1000183.83316,SALE,1,6.5,6.5,0.0,0.0,0.0,0.0,118,Schokokuchen,Desserts,,MwSt. 7%,1.07,6.074766,0.425234,Normalverkauf
S1000183.83317,SP1000183.34.83317,SY1000183.2026.83317,iPad1(1000183),183,05.06.26 19:56,Prod,A1000183.6630,Tisch 21,115,S1000183.83317,SALE,1,11.5,11.5,0.0,0.0,0.0,0.0,105,Garnelen-Kimchi-Bruger,Hauptgerichte,,MwSt. 7%,1.07,10.747664,0.752336,Normalverkauf
S1000183.83318,SP1000183.34.83318,SY1000183.2026.83318,iPad1(1000183),183,05.06.26 19:56,Prod,A1000183.6630,Tisch 21,115,S1000183.83318,SALE,1,3.9,3.9,0.0,0.0,0.0,0.0,126,Spezi,Getränke,,MwSt. 19%,1.19,3.277311,0.622689,Normalverkauf
S1000183.83319,SP1000183.34.83319,SY1000183.2026.83319,iPad1(1000183),183,05.06.26 19:56,Prod,A1000183.6630,Tisch 21,115,S1000183.83319,SALE,2,13.5,27.0,0.0,0.0,0.0,0.0,102,Matjes,Hauptspeisen,,MwSt. 7%,1.07,25.233645,1.766355,Normalverkauf
S1000183.83320,SP1000183.34.83320,SY1000183.2026.83320,iPad1(1000183),183,05.06.26 11:44,Prod,A1000183.6631,,120,S1000183.83320,SALE,2,5.9,11.8,0.0,0.0,0.0,0.0,125,Zitronen-Limonade,Getränke,,MwSt. 19%,1.19,9.915966,1.884034,Normalverkauf
S1000183.83321,SP1000183.34.83321,SY1000183.2026.83321,iPad1(1000183),183,05.06.26 16:19,Prod,A1000183.6632,Tisch 12,115,S1000183.83321,SALE,2,4.2,8.4,0.0,0.0,0.0,0.0,122,Bier,Getränke,,MwSt. 19%,1.19,7.058824,1.341176,Normalverkauf
S1000183.83322,SP1000183.34.83322,SY1000183.2026.83322,iPad1(1000183),183,05.06.26 16:19,Prod,A1000183.6632,Tisch 12,115,S1000183.83322,SALE,2,5.9,11.8,0.0,0.0,0.0,0.0,117,Rote Grütze,Desserts,,MwSt. 7%,1.07,11.028037,0.771963,Normalverkauf
S1000183.83323,SP1000183.34.83323,SY1000183.2026.83323,iPad1(1000183),183,05.06.26 16:19,Prod,A1000183.6632,Tisch 12,115,S1000183.83323,SALE,2,5.5,11.0,0.0,0.0,0.0,0.0,114,Fisch Nuggets Box,Beilagen,,MwSt. 7%,1.07,10.280374,0.719626,Normalverkauf
S1000183.83324,SP1000183.34.83324,SY1000183.2026.83324,iPad1(1000183),183,05.06.26 12:05,Prod,A1000183.6633,Tisch 20,106,S1000183.83324,SALE,2,9.8,19.6,0.0,0.0,0.0,0.0,108,Seelachs-Ei-Baugette,Hauptgerichte,,MwSt. 7%,1.07,18.317757,1.282243,Normalverkauf
S1000183.83325,SP1000183.34.83325,SY1000183.2026.83325,iPad1(1000183),183,05.06.26 11:32,Prod,A1000183.6634,Tisch 9,117,S1000183.83325,SALE,2,6.9,13.8,0.0,0.0,0.0,0.0,103,Fischbrötchen Räucherlachs,Hauptspeisen,,MwSt. 7%,1.07,12.897196,0.902804,Normalverkauf
S1000183.83326,SP1000183.34.83326,SY1000183.2026.83326,iPad1(1000183),183,05.06.26 11:32,Prod,A1000183.6634,Tisch 9,117,S1000183.83326,SALE,1,10.9,10.9,0.0,0.0,0.0,0.0,109,Bismarck-Baguette,Hauptgerichte,,MwSt. 7%,1.07,10.186916,0.713084,Normalverkauf
S1000183.83327,SP1000183.34.83327,SY1000183.2026.83327,iPad1(1000183),183,05.06.26 19:40,Prod,A1000183.6635,Tisch 23,115,S1000183.83327,SALE,1,5.5,5.5,0.0,0.0,0.0,0.0,111,Pommes Frites,Beilagen,,MwSt. 7%,1.07,5.140187,0.359813,Normalverkauf
S1000183.83328,SP1000183.34.83328,SY1000183.2026.83328,iPad1(1000183),183,05.06.26 13:40,Prod,A1000183.6636,Tisch 22,104,S1000183.83328,SALE,1,5.5,5.5,0.0,0.0,0.0,0.0,114,Fisch Nuggets Box,Beilagen,,MwSt. 7%,1.07,5.140187,0.359813,Normalverkauf
S1000183.83329,SP1000183.34.83329,SY1000183.2026.83329,iPad1(1000183),183,05.06.26 18:53,Prod,A1000183.6637,Tisch 9,115,S1000183.83329,SALE,2,4.2,8.4,0.0,0.0,0.0,0.0,122,Bier,Getränke,,MwSt. 19%,1.19,7.058824,1.341176,Normalverkauf
S1000183.83330,SP1000183.34.83330,SY1000183.2026.83330,iPad1(1000183),183,05.06.26 09:38,Prod,A1000183.6638,Tisch 21,111,S1000183.83330,SALE,1,3.2,3.2,0.0,0.0,0.0,0.0,120,Apfelschorle,Getränke,,MwSt. 19%,1.19,2.689076,0.510924,Normalverkauf
S1000183.83331,SP1000183.34.83331,SY1000183.2026.83331,iPad1(1000183),183,05.06.26 09:38,Prod,A1000183.6638,Tisch 21,111,S1000183.83331,SALE,1,5.9,5.9,0.0,0.0,0.0,0.0,125,Zitronen-Limonade,Getränke,,MwSt. 19%,1.19,4.957983,0.942017,Normalverkauf
S1000183.83332,SP1000183.34.83332,SY1000183.2026.83332,iPad1(1000183),183,05.06.26 12:40,Prod,A1000183.6639,Tisch 20,120,S1000183.83332,SALE,1,6.5,6.5,0.0,0.0,0.0,0.0,100,Fischbrötchen Backfisch,Hauptspeisen,,MwSt. 7%,1.07,6.074766,0.425234,Normalverkauf
S1000183.83333,SP1000183.34.83333,SY1000183.2026.83333,iPad1(1000183),183,05.06.26 12:40,Prod,A1000183.6639,Tisch 20,120,S1000183.83333,SALE,2,3.9,7.8,0.0,0.0,0.0,0.0,119,Cola,Getränke,,MwSt. 19%,1.19,6.554622,1.245378,Normalverkauf
S1000183.83334,SP1000183.34.83334,SY1000183.2026.83334,iPad1(1000183),183,05.06.26 16:54,Prod,A1000183.6640,Tisch 23,111,S1000183.83334,SALE,2,5.9,11.8,0.0,0.0,0.0,0.0,123,Inger-Limonade,Getränke,,MwSt. 19%,1.19,9.915966,1.884034,Normalverkauf
S1000183.83335,SP1000183.34.83335,SY1000183.2026.83335,iPad1(1000183),183,05.06.26 16:54,Prod,A1000183.6640,Tisch 23,111,S1000183.83335,SALE,1,11.9,11.9,0.0,0.0,0.0,0.0,110,Matjes-Baguette,Hauptgerichte,,MwSt. 7%,1.07,11.121495,0.778505,Normalverkauf
S1000183.83336,SP1000183.34.83336,SY1000183.2026.83336,iPad1(1000183),183,05.06.26 11:25,Prod,A1000183.6641,,106,S1000183.83336,SALE,1,4.9,4.9,0.0,0.0,0.0,0.0,112,Kartoffelwedges,Beilagen,,MwSt. 7%,1.07,4.579439,0.320561,Normalverkauf
S1000183.83337,SP1000183.34.83337,SY1000183.2026.83337,iPad1(1000183),183,05.06.26 13:33,Prod,A1000183.6642,Tisch 3,117,S1000183.83337,SALE,2,7.9,15.8,0.0,0.0,0.0,0.0,106,Neptun-Ringe,Beilagen,,MwSt. 7%,1.07,14.766355,1.033645,Normalverkauf
S1000183.83338,SP1000183.34.83338,SY1000183.2026.83338,iPad1(1000183),183,06.06.26 09:21,Prod,A1000183.6643,Tisch 3,120,S1000183.83338,SALE,1,5.9,5.9,0.0,0.0,0.0,0.0,117,Rote Grütze,Desserts,,MwSt. 7%,1.07,5.514019,0.385981,Normalverkauf
S1000183.83339,SP1000183.34.83339,SY1000183.2026.83339,iPad1(1000183),183,06.06.26 18:45,Prod,A1000183.6644,Tisch 13,117,S1000183.83339,VOID,1,3.9,3.9,0.0,0.0,0.0,0.0,119,Cola,Getränke,,MwSt. 19%,1.19,3.277311,0.622689,Normalverkauf
S1000183.83340,SP1000183.34.83340,SY1000183.2026.83340,iPad1(1000183),183,06.06.26 15:04,Prod,A1000183.6645,Tisch 2,115,S1000183.83340,SALE,2,11.9,23.8,0.0,0.0,0.0,0.0,110,Matjes-Baguette,Hauptgerichte,,MwSt. 7%,1.07,22.242991,1.557009,Normalverkauf
S1000183.83341,SP1000183.34.83341,SY1000183.2026.83341,iPad1(1000183),183,06.06.26 15:04,Prod,A1000183.6645,Tisch 2,115,S1000183.83341,SALE,1,13.5,13.5,0.0,0.0,0.0,0.0,102,Matjes,Hauptspeisen,,MwSt. 7%,1.07,12.616822,0.883178,Normalverkauf
S1000183.83342,SP1000183.34.83342,SY1000183.2026.83342,iPad1(1000183),183,06.06.26 12:37,Prod,A1000183.6646,,115,S1000183.83342,SALE,1,3.2,3.2,0.0,0.0,0.0,0.0,120,Apfelschorle,Getränke,,MwSt. 19%,1.19,2.689076,0.510924,Normalverkauf
S1000183.83343,SP1000183.34.83343,SY1000183.2026.83343,iPad1(1000183),183,06.06.26 12:37,Prod,A1000183.6646,,115,S1000183.83343,SALE,1,6.9,6.9,0.0,0.0,0.0,0.0,113,Garnelen Box,Beilagen,,MwSt. 7%,1.07,6.448598,0.451402,Normalverkauf
S1000183.83344,SP1000183.34.83344,SY1000183.2026.83344,iPad1(1000183),183,06.06.26 18:26,Prod,A1000183.6647,Tisch 23,115,S1000183.83344,SALE,2,5.5,11.0,0.0,0.0,0.0,0.0,111,Pommes Frites,Beilagen,,MwSt. 7%,1.07,10.280374,0.719626,Normalverkauf
S1000183.83345,SP1000183.34.83345,SY1000183.2026.83345,iPad1(1000183),183,06.06.26 18:26,Prod,A1000183.6647,Tisch 23,115,S1000183.83345,SALE,2,6.9,13.8,0.0,0.0,0.0,0.0,103,Fischbrötchen Räucherlachs,Hauptspeisen,,MwSt. 7%,1.07,12.897196,0.902804,Normalverkauf
S1000183.83346,SP1000183.34.83346,SY1000183.2026.83346,iPad1(1000183),183,06.06.26 18:26,Prod,A1000183.6647,Tisch 23,115,S1000183.83346,SALE,2,10.9,21.8,0.0,0.0,0.0,0.0,107,Chicken Burger,Hauptgerichte,,MwSt. 7%,1.07,20.373832,1.426168,Normalverkauf
S1000183.83347,SP1000183.34.83347,SY1000183.2026.83347,iPad1(1000183),183,06.06.26 13:35,Prod,A1000183.6648,Tisch 11,104,S1000183.83347,SALE,2,6.5,13.0,0.0,0.0,0.0,0.0,100,Fischbrötchen Backfisch,Hauptspeisen,,MwSt. 7%,1.07,12.149533,0.850467,Normalverkauf
S1000183.83348,SP1000183.34.83348,SY1000183.2026.83348,iPad1(1000183),183,06.06.26 17:18,Prod,A1000183.6649,Tisch 24,111,S1000183.83348,SALE,1,5.5,5.5,0.0,0.0,0.0,0.0,111,Pommes Frites,Beilagen,,MwSt. 7%,1.07,5.140187,0.359813,Normalverkauf
S1000183.83349,SP1000183.34.83349,SY1000183.2026.83349,iPad1(1000183),183,06.06.26 17:18,Prod,A1000183.6649,Tisch 24,111,S1000183.83349,SALE,1,9.8,9.8,0.0,0.0,0.0,0.0,108,Seelachs-Ei-Baugette,Hauptgerichte,,MwSt. 7%,1.07,9.158879,0.641121,Normalverkauf
S1000183.83350,SP1000183.34.83350,SY1000183.2026.83350,iPad1(1000183),183,06.06.26 17:32,Prod,A1000183.6650,Tisch 19,115,S1000183.83350,SALE,2,4.2,8.4,0.0,0.0,0.0,0.0,122,Bier,Getränke,,MwSt. 19%,1.19,7.058824,1.341176,Normalverkauf
S1000183.83351,SP1000183.34.83351,SY1000183.2026.83351,iPad1(1000183),183,06.06.26 18:22,Prod,A1000183.6651,Tisch 7,117,S1000183.83351,SALE,2,10.9,21.8,0.0,0.0,0.0,0.0,107,Chicken Burger,Hauptgerichte,,MwSt. 7%,1.07,20.373832,1.426168,Normalverkauf
S1000183.83352,SP1000183.34.83352,SY1000183.2026.83352,iPad1(1000183),183,06.06.26 18:22,Prod,A1000183.6651,Tisch 7,117,S1000183.83352,SALE,2,5.5,11.0,0.0,0.0,0.0,0.0,111,Pommes Frites,Beilagen,,MwSt. 7%,1.07,10.280374,0.719626,Normalverkauf
S1000183.83353,SP1000183.34.83353,SY1000183.2026.83353,iPad1(1000183),183,06.06.26 12:56,Prod,A1000183.6652,Tisch 20,111,S1000183.83353,VOID,1,5.9,5.9,0.0,0.0,0.0,0.0,125,Zitronen-Limonade,Getränke,,MwSt. 19%,1.19,4.957983,0.942017,Normalverkauf
S1000183.83354,SP1000183.34.83354,SY1000183.2026.83354,iPad1(1000183),183,06.06.26 10:34,Prod,A1000183.6653,Tisch 13,115,S1000183.83354,SALE,1,3.9,3.9,0.0,0.0,0.0,0.0,126,Spezi,Getränke,,MwSt. 19%,1.19,3.277311,0.622689,Normalverkauf
S1000183.83355,SP1000183.34.83355,SY1000183.2026.83355,iPad1(1000183),183,06.06.26 10:34,Prod,A1000183.6653,Tisch 13,115,S1000183.83355,SALE,2,10.9,21.8,0.0,0.0,0.0,0.0,107,Chicken Burger,Hauptgerichte,,MwSt. 7%,1.07,20.373832,1.426168,Normalverkauf
S1000183.83356,SP1000183.34.83356,SY1000183.2026.83356,iPad1(1000183),183,06.06.26 10:34,Prod,A1000183.6653,Tisch 13,115,S1000183.83356,SALE,1,3.2,3.2,0.0,0.0,0.0,0.0,120,Apfelschorle,Getränke,,MwSt. 19%,1.19,2.689076,0.510924,Normalverkauf
S1000183.83357,SP1000183.34.83357,SY1000183.2026.83357,iPad1(1000183),183,06.06.26 13:49,Prod,A1000183.6654,Tisch 15,106,S1000183.83357,SALE,2,5.5,11.0,0.0,0.0,0.0,0.0,111,Pommes Frites,Beilagen,,MwSt. 7%,1.07,10.280374,0.719626,Normalverkauf
S1000183.83358,SP1000183.34.83358,SY1000183.2026.83358,iPad1(1000183),183,06.06.26 12:17,Prod,A1000183.6655,Tisch 18,115,S1000183.83358,SALE,2,3.2,6.4,0.0,0.0,0.0,0.0,120,Apfelschorle,Getränke,,MwSt. 19%,1.19,5.378151,1.021849,Normalverkauf
S1000183.83359,SP1000183.34.83359,SY1000183.2026.83359,iPad1(1000183),183,06.06.26 12:17,Prod,A1000183.6655,Tisch 18,115,S1000183.83359,SALE,2,4.2,8.4,0.0,0.0,0.0,0.0,122,Bier,Getränke,,MwSt. 19%,1.19,7.058824,1.341176,Normalverkauf
S1000183.83360,SP1000183.34.83360,SY1000183.2026.83360,iPad1(1000183),183,06.06.26 12:17,Prod,A1000183.6655,Tisch 18,115,S1000183.83360,SALE,1,2.8,2.8,0.0,0.0,0.0,0.0,121,Mineralwasser,Getränke,,MwSt. 19%,1.19,2.352941,0.447059,Normalverkauf
S1000183.83361,SP1000183.34.83361,SY1000183.2026.83361,iPad1(1000183),183,06.06.26 09:39,Prod,A1000183.6656,Tisch 20,115,S1000183.83361,SALE,2,2.8,5.6,0.0,0.0,0.0,0.0,121,Mineralwasser,Getränke,,MwSt. 19%,1.19,4.705882,0.894118,Normalverkauf
S1000183.83362,SP1000183.34.83362,SY1000183.2026.83362,iPad1(1000183),183,06.06.26 09:39,Prod,A1000183.6656,Tisch 20,115,S1000183.83362,SALE,2,4.9,9.8,0.0,0.0,0.0,0.0,112,Kartoffelwedges,Beilagen,,MwSt. 7%,1.07,9.158879,0.641121,Normalverkauf
S1000183.83363,SP1000183.34.83363,SY1000183.2026.83363,iPad1(1000183),183,06.06.26 10:36,Prod,A1000183.6657,Tisch 24,115,S1000183.83363,SALE,1,5.9,5.9,0.0,0.0,0.0,0.0,125,Zitronen-Limonade,Getränke,,MwSt. 19%,1.19,4.957983,0.942017,Normalverkauf
S1000183.83364,SP1000183.34.83364,SY1000183.2026.83364,iPad1(1000183),183,06.06.26 20:53,Prod,A1000183.6658,Tisch 13,104,S1000183.83364,SALE,1,4.2,4.2,0.0,0.0,0.0,0.0,122,Bier,Getränke,,MwSt. 19%,1.19,3.529412,0.670588,Normalverkauf
S1000183.83365,SP1000183.34.83365,SY1000183.2026.83365,iPad1(1000183),183,06.06.26 20:53,Prod,A1000183.6658,Tisch 13,104,S1000183.83365,SALE,2,3.9,7.8,0.0,0.0,0.0,0.0,126,Spezi,Getränke,,MwSt. 19%,1.19,6.554622,1.245378,Normalverkauf
S1000183.83366,SP1000183.34.83366,SY1000183.2026.83366,iPad1(1000183),183,06.06.26 20:53,Prod,A1000183.6658,Tisch 13,104,S1000183.83366,SALE,1,5.5,5.5,0.0,0.0,0.0,0.0,111,Pommes Frites,Beilagen,,MwSt. 7%,1.07,5.140187,0.359813,Normalverkauf
S1000183.83367,SP1000183.34.83367,SY1000183.2026.83367,iPad1(1000183),183,06.06.26 12:02,Prod,A1000183.6659,Tisch 18,115,S1000183.83367,SALE,1,3.9,3.9,0.0,0.0,0.0,0.0,127,Alkoholfreies Bier,Getränke,,MwSt. 19%,1.19,3.277311,0.622689,Normalverkauf
S1000183.83368,SP1000183.34.83368,SY1000183.2026.83368,iPad1(1000183),183,06.06.26 12:02,Prod,A1000183.6659,Tisch 18,115,S1000183.83368,SALE,1,10.9,10.9,0.0,0.0,0.0,0.0,109,Bismarck-Baguette,Hauptgerichte,,MwSt. 7%,1.07,10.186916,0.713084,Normalverkauf
S1000183.83369,SP1000183.34.83369,SY1000183.2026.83369,iPad1(1000183),183,06.06.26 12:02,Prod,A1000183.6659,Tisch 18,115,S1000183.83369,SALE,2,6.9,13.8,0.0,0.0,0.0,0.0,103,Fischbrötchen Räucherlachs,Hauptspeisen,,MwSt. 7%,1.07,12.897196,0.902804,Normalverkauf
S1000183.83370,SP1000183.34.83370,SY1000183.2026.83370,iPad1(1000183),183,06.06.26 18:49,Prod,A1000183.6660,Tisch 17,104,S1000183.83370,SALE,2,11.5,23.0,0.0,0.0,0.0,0.0,105,Garnelen-Kimchi-Bruger,Hauptgerichte,,MwSt. 7%,1.07,21.495327,1.504673,Normalverkauf
S1000183.83371,SP1000183.34.83371,SY1000183.2026.83371,iPad1(1000183),183,06.06.26 18:49,Prod,A1000183.6660,Tisch 17,104,S1000183.83371,SALE,2,5.9,11.8,0.0,0.0,0.0,0.0,116,Vanillequark,Desserts,,MwSt. 7%,1.07,11.028037,0.771963,Normalverkauf
S1000183.83372,SP1000183.34.83372,SY1000183.2026.83372,iPad1(1000183),183,06.06.26 18:49,Prod,A1000183.6660,Tisch 17,104,S1000183.83372,SALE,1,5.5,5.5,0.0,0.0,0.0,0.0,111,Pommes Frites,Beilagen,,MwSt. 7%,1.07,5.140187,0.359813,Normalverkauf
S1000183.83373,SP1000183.34.83373,SY1000183.2026.83373,iPad1(1000183),183,06.06.26 18:39,Prod,A1000183.6661,Tisch 4,120,S1000183.83373,VOID,1,2.8,2.8,0.0,0.0,0.0,0.0,121,Mineralwasser,Getränke,,MwSt. 19%,1.19,2.352941,0.447059,Normalverkauf
S1000183.83374,SP1000183.34.83374,SY1000183.2026.83374,iPad1(1000183),183,06.06.26 13:34,Prod,A1000183.6662,Tisch 5,117,S1000183.83374,SALE,2,3.9,7.8,0.0,0.0,0.0,0.0,127,Alkoholfreies Bier,Getränke,,MwSt. 19%,1.19,6.554622,1.245378,Normalverkauf
S1000183.83375,SP1000183.34.83375,SY1000183.2026.83375,iPad1(1000183),183,06.06.26 13:34,Prod,A1000183.6662,Tisch 5,117,S1000183.83375,SALE,2,5.5,11.0,0.0,0.0,0.0,0.0,111,Pommes Frites,Beilagen,,MwSt. 7%,1.07,10.280374,0.719626,Normalverkauf
S1000183.83376,SP1000183.34.83376,SY1000183.2026.83376,iPad1(1000183),183,06.06.26 13:34,Prod,A1000183.6662,Tisch 5,117,S1000183.83376,SALE,2,10.9,21.8,0.0,0.0,0.0,0.0,109,Bismarck-Baguette,Hauptgerichte,,MwSt. 7%,1.07,20.373832,1.426168,Normalverkauf
S1000183.83377,SP1000183.34.83377,SY1000183.2026.83377,iPad1(1000183),183,06.06.26 12:32,Prod,A1000183.6663,Tisch 8,106,S1000183.83377,VOID,2,5.5,11.0,0.0,0.0,0.0,0.0,111,Pommes Frites,Beilagen,,MwSt. 7%,1.07,10.280374,0.719626,Normalverkauf
S1000183.83378,SP1000183.34.83378,SY1000183.2026.83378,iPad1(1000183),183,06.06.26 12:32,Prod,A1000183.6663,Tisch 8,106,S1000183.83378,VOID,1,3.2,3.2,0.0,0.0,0.0,0.0,120,Apfelschorle,Getränke,,MwSt. 19%,1.19,2.689076,0.510924,Normalverkauf
S1000183.83379,SP1000183.34.83379,SY1000183.2026.83379,iPad1(1000183),183,06.06.26 12:32,Prod,A1000183.6663,Tisch 8,106,S1000183.83379,VOID,2,10.9,21.8,0.0,0.0,0.0,0.0,104,Thunfisch Wrap,Hauptgerichte,,MwSt. 7%,1.07,20.373832,1.426168,Normalverkauf
S1000183.83380,SP1000183.34.83380,SY1000183.2026.83380,iPad1(1000183),183,06.06.26 13:18,Prod,A1000183.6664,,117,S1000183.83380,SALE,2,5.5,11.0,0.0,0.0,0.0,0.0,111,Pommes Frites,Beilagen,,MwSt. 7%,1.07,10.280374,0.719626,Normalverkauf
S1000183.83381,SP1000183.34.83381,SY1000183.2026.83381,iPad1(1000183),183,06.06.26 13:18,Prod,A1000183.6664,,117,S1000183.83381,SALE,2,10.9,21.8,0.0,0.0,0.0,0.0,107,Chicken Burger,Hauptgerichte,,MwSt. 7%,1.07,20.373832,1.426168,Normalverkauf
S1000183.83382,SP1000183.34.83382,SY1000183.2026.83382,iPad1(1000183),183,06.06.26 16:14,Prod,A1000183.6665,Tisch 1,106,S1000183.83382,SALE,2,13.5,27.0,0.0,0.0,0.0,0.0,102,Matjes,Hauptspeisen,,MwSt. 7%,1.07,25.233645,1.766355,Normalverkauf
S1000183.83383,SP1000183.34.83383,SY1000183.2026.83383,iPad1(1000183),183,06.06.26 16:14,Prod,A1000183.6665,Tisch 1,106,S1000183.83383,SALE,1,5.5,5.5,0.0,0.0,0.0,0.0,111,Pommes Frites,Beilagen,,MwSt. 7%,1.07,5.140187,0.359813,Normalverkauf
S1000183.83384,SP1000183.34.83384,SY1000183.2026.83384,iPad1(1000183),183,06.06.26 16:14,Prod,A1000183.6665,Tisch 1,106,S1000183.83384,SALE,1,5.9,5.9,0.0,0.0,0.0,0.0,117,Rote Grütze,Desserts,,MwSt. 7%,1.07,5.514019,0.385981,Normalverkauf
S1000183.83385,SP1000183.34.83385,SY1000183.2026.83385,iPad1(1000183),183,06.06.26 18:13,Prod,A1000183.6666,,120,S1000183.83385,SALE,1,2.8,2.8,0.0,0.0,0.0,0.0,121,Mineralwasser,Getränke,,MwSt. 19%,1.19,2.352941,0.447059,Normalverkauf
S1000183.83386,SP1000183.34.83386,SY1000183.2026.83386,iPad1(1000183),183,06.06.26 18:13,Prod,A1000183.6666,,120,S1000183.83386,SALE,2,10.9,21.8,0.0,0.0,0.0,0.0,107,Chicken Burger,Hauptgerichte,,MwSt. 7%,1.07,20.373832,1.426168,Normalverkauf
S1000183.83387,SP1000183.34.83387,SY1000183.2026.83387,iPad1(1000183),183,06.06.26 18:13,Prod,A1000183.6666,,120,S1000183.83387,SALE,1,4.2,4.2,0.0,0.0,0.0,0.0,122,Bier,Getränke,,MwSt. 19%,1.19,3.529412,0.670588,Normalverkauf
S1000183.83388,SP1000183.34.83388,SY1000183.2026.83388,iPad1(1000183),183,06.06.26 20:05,Prod,A1000183.6667,Tisch 13,115,S1000183.83388,SALE,2,3.9,7.8,0.0,0.0,0.0,0.0,126,Spezi,Getränke,,MwSt. 19%,1.19,6.554622,1.245378,Normalverkauf
S1000183.83389,SP1000183.34.83389,SY1000183.2026.83389,iPad1(1000183),183,06.06.26 12:10,Prod,A1000183.6668,Tisch 18,117,S1000183.83389,SALE,2,3.9,7.8,0.0,0.0,0.0,0.0,126,Spezi,Getränke,,MwSt. 19%,1.19,6.554622,1.245378,Normalverkauf
S1000183.83390,SP1000183.34.83390,SY1000183.2026.83390,iPad1(1000183),183,06.06.26 12:10,Prod,A1000183.6668,Tisch 18,117,S1000183.83390,SALE,1,10.9,10.9,0.0,0.0,0.0,0.0,109,Bismarck-Baguette,Hauptgerichte,,MwSt. 7%,1.07,10.186916,0.713084,Normalverkauf
S1000183.83391,SP1000183.34.83391,SY1000183.2026.83391,iPad1(1000183),183,06.06.26 11:56,Prod,A1000183.6669,Tisch 4,115,S1000183.83391,SALE,2,5.5,11.0,0.0,0.0,0.0,0.0,114,Fisch Nuggets Box,Beilagen,,MwSt. 7%,1.07,10.280374,0.719626,Normalverkauf
S1000183.83392,SP1000183.34.83392,SY1000183.2026.83392,iPad1(1000183),183,06.06.26 19:39,Prod,A1000183.6670,Tisch 1,115,S1000183.83392,SALE,2,3.9,7.8,0.0,0.0,0.0,0.0,126,Spezi,Getränke,,MwSt. 19%,1.19,6.554622,1.245378,Normalverkauf
S1000183.83393,SP1000183.34.83393,SY1000183.2026.83393,iPad1(1000183),183,06.06.26 19:01,Prod,A1000183.6671,Tisch 17,106,S1000183.83393,SALE,2,2.8,5.6,0.0,0.0,0.0,0.0,121,Mineralwasser,Getränke,,MwSt. 19%,1.19,4.705882,0.894118,Normalverkauf
S1000183.83394,SP1000183.34.83394,SY1000183.2026.83394,iPad1(1000183),183,06.06.26 18:40,Prod,A1000183.6672,Tisch 8,115,S1000183.83394,SALE,1,4.2,4.2,0.0,0.0,0.0,0.0,122,Bier,Getränke,,MwSt. 19%,1.19,3.529412,0.670588,Normalverkauf
S1000183.83395,SP1000183.34.83395,SY1000183.2026.83395,iPad1(1000183),183,06.06.26 18:40,Prod,A1000183.6672,Tisch 8,115,S1000183.83395,SALE,2,3.9,7.8,0.0,0.0,0.0,0.0,119,Cola,Getränke,,MwSt. 19%,1.19,6.554622,1.245378,Normalverkauf
S1000183.83396,SP1000183.34.83396,SY1000183.2026.83396,iPad1(1000183),183,06.06.26 18:40,Prod,A1000183.6672,Tisch 8,115,S1000183.83396,SALE,1,7.9,7.9,0.0,0.0,0.0,0.0,106,Neptun-Ringe,Beilagen,,MwSt. 7%,1.07,7.383178,0.516822,Normalverkauf
S1000183.83397,SP1000183.34.83397,SY1000183.2026.83397,iPad1(1000183),183,06.06.26 15:37,Prod,A1000183.6673,Tisch 17,115,S1000183.83397,SALE,2,6.9,13.8,0.0,0.0,0.0,0.0,103,Fischbrötchen Räucherlachs,Hauptspeisen,,MwSt. 7%,1.07,12.897196,0.902804,Normalverkauf
S1000183.83398,SP1000183.34.83398,SY1000183.2026.83398,iPad1(1000183),183,06.06.26 15:37,Prod,A1000183.6673,Tisch 17,115,S1000183.83398,SALE,2,5.5,11.0,0.0,0.0,0.0,0.0,111,Pommes Frites,Beilagen,,MwSt. 7%,1.07,10.280374,0.719626,Normalverkauf
S1000183.83399,SP1000183.34.83399,SY1000183.2026.83399,iPad1(1000183),183,06.06.26 15:37,Prod,A1000183.6673,Tisch 17,115,S1000183.83399,SALE,2,9.8,19.6,0.0,0.0,0.0,0.0,108,Seelachs-Ei-Baugette,Hauptgerichte,,MwSt. 7%,1.07,18.317757,1.282243,Normalverkauf
S1000183.83400,SP1000183.34.83400,SY1000183.2026.83400,iPad1(1000183),183,06.06.26 17:37,Prod,A1000183.6674,Tisch 19,115,S1000183.83400,SALE,2,3.9,7.8,0.0,0.0,0.0,0.0,126,Spezi,Getränke,,MwSt. 19%,1.19,6.554622,1.245378,Normalverkauf
S1000183.83401,SP1000183.34.83401,SY1000183.2026.83401,iPad1(1000183),183,06.06.26 17:37,Prod,A1000183.6674,Tisch 19,115,S1000183.83401,SALE,1,4.2,4.2,0.0,0.0,0.0,0.0,122,Bier,Getränke,,MwSt. 19%,1.19,3.529412,0.670588,Normalverkauf
S1000183.83402,SP1000183.34.83402,SY1000183.2026.83402,iPad1(1000183),183,06.06.26 09:12,Prod,A1000183.6675,Tisch 22,117,S1000183.83402,VOID,1,5.5,5.5,0.0,0.0,0.0,0.0,111,Pommes Frites,Beilagen,,MwSt. 7%,1.07,5.140187,0.359813,Normalverkauf
S1000183.83403,SP1000183.34.83403,SY1000183.2026.83403,iPad1(1000183),183,06.06.26 12:14,Prod,A1000183.6676,Tisch 24,115,S1000183.83403,SALE,1,4.2,4.2,0.0,0.0,0.0,0.0,122,Bier,Getränke,,MwSt. 19%,1.19,3.529412,0.670588,Normalverkauf
S1000183.83404,SP1000183.34.83404,SY1000183.2026.83404,iPad1(1000183),183,06.06.26 12:14,Prod,A1000183.6676,Tisch 24,115,S1000183.83404,SALE,1,4.2,4.2,0.0,0.0,0.0,0.0,122,Bier,Getränke,,MwSt. 19%,1.19,3.529412,0.670588,Normalverkauf
S1000183.83405,SP1000183.34.83405,SY1000183.2026.83405,iPad1(1000183),183,06.06.26 17:47,Prod,A1000183.6677,Tisch 24,117,S1000183.83405,SALE,1,3.9,3.9,0.0,0.0,0.0,0.0,127,Alkoholfreies Bier,Getränke,,MwSt. 19%,1.19,3.277311,0.622689,Normalverkauf
S1000183.83406,SP1000183.34.83406,SY1000183.2026.83406,iPad1(1000183),183,06.06.26 17:47,Prod,A1000183.6677,Tisch 24,117,S1000183.83406,SALE,2,5.9,11.8,0.0,0.0,0.0,0.0,117,Rote Grütze,Desserts,,MwSt. 7%,1.07,11.028037,0.771963,Normalverkauf
S1000183.83407,SP1000183.34.83407,SY1000183.2026.83407,iPad1(1000183),183,06.06.26 15:28,Prod,A1000183.6678,Tisch 2,120,S1000183.83407,SALE,2,5.9,11.8,0.0,0.0,0.0,0.0,116,Vanillequark,Desserts,,MwSt. 7%,1.07,11.028037,0.771963,Normalverkauf
S1000183.83408,SP1000183.34.83408,SY1000183.2026.83408,iPad1(1000183),183,06.06.26 15:28,Prod,A1000183.6678,Tisch 2,120,S1000183.83408,SALE,1,4.9,4.9,0.0,0.0,0.0,0.0,112,Kartoffelwedges,Beilagen,,MwSt. 7%,1.07,4.579439,0.320561,Normalverkauf
S1000183.83409,SP1000183.34.83409,SY1000183.2026.83409,iPad1(1000183),183,06.06.26 16:10,Prod,A1000183.6679,Tisch 6,104,S1000183.83409,SALE,1,5.9,5.9,0.0,0.0,0.0,0.0,125,Zitronen-Limonade,Getränke,,MwSt. 19%,1.19,4.957983,0.942017,Normalverkauf
S1000183.83410,SP1000183.34.83410,SY1000183.2026.83410,iPad1(1000183),183,06.06.26 12:01,Prod,A1000183.6680,Tisch 14,115,S1000183.83410,VOID,2,4.9,9.8,0.0,0.0,0.0,0.0,112,Kartoffelwedges,Beilagen,,MwSt. 7%,1.07,9.158879,0.641121,Normalverkauf
S1000183.83411,SP1000183.34.83411,SY1000183.2026.83411,iPad1(1000183),183,06.06.26 12:01,Prod,A1000183.6680,Tisch 14,115,S1000183.83411,VOID,1,10.9,10.9,0.0,0.0,0.0,0.0,109,Bismarck-Baguette,Hauptgerichte,,MwSt. 7%,1.07,10.186916,0.713084,Normalverkauf
S1000183.83412,SP1000183.34.83412,SY1000183.2026.83412,iPad1(1000183),183,06.06.26 16:56,Prod,A1000183.6681,Tisch 23,111,S1000183.83412,VOID,2,5.5,11.0,0.0,0.0,0.0,0.0,111,Pommes Frites,Beilagen,,MwSt. 7%,1.07,10.280374,0.719626,Normalverkauf
S1000183.83413,SP1000183.34.83413,SY1000183.2026.83413,iPad1(1000183),183,06.06.26 10:50,Prod,A1000183.6682,Tisch 22,104,S1000183.83413,SALE,1,6.9,6.9,0.0,0.0,0.0,0.0,113,Garnelen Box,Beilagen,,MwSt. 7%,1.07,6.448598,0.451402,Normalverkauf
S1000183.83414,SP1000183.34.83414,SY1000183.2026.83414,iPad1(1000183),183,06.06.26 10:50,Prod,A1000183.6682,Tisch 22,104,S1000183.83414,SALE,1,3.2,3.2,0.0,0.0,0.0,0.0,120,Apfelschorle,Getränke,,MwSt. 19%,1.19,2.689076,0.510924,Normalverkauf
S1000183.83415,SP1000183.34.83415,SY1000183.2026.83415,iPad1(1000183),183,06.06.26 12:07,Prod,A1000183.6683,Tisch 24,115,S1000183.83415,SALE,1,3.9,3.9,0.0,0.0,0.0,0.0,127,Alkoholfreies Bier,Getränke,,MwSt. 19%,1.19,3.277311,0.622689,Normalverkauf
S1000183.83416,SP1000183.34.83416,SY1000183.2026.83416,iPad1(1000183),183,06.06.26 12:07,Prod,A1000183.6683,Tisch 24,115,S1000183.83416,SALE,1,2.8,2.8,0.0,0.0,0.0,0.0,121,Mineralwasser,Getränke,,MwSt. 19%,1.19,2.352941,0.447059,Normalverkauf
S1000183.83417,SP1000183.34.83417,SY1000183.2026.83417,iPad1(1000183),183,06.06.26 12:07,Prod,A1000183.6683,Tisch 24,115,S1000183.83417,SALE,2,7.9,15.8,0.0,0.0,0.0,0.0,115,Tiramisu,Desserts,,MwSt. 7%,1.07,14.766355,1.033645,Normalverkauf
S1000183.83418,SP1000183.34.83418,SY1000183.2026.83418,iPad1(1000183),183,06.06.26 13:24,Prod,A1000183.6684,Tisch 10,106,S1000183.83418,SALE,1,11.9,11.9,0.0,0.0,0.0,0.0,110,Matjes-Baguette,Hauptgerichte,,MwSt. 7%,1.07,11.121495,0.778505,Normalverkauf
S1000183.83419,SP1000183.34.83419,SY1000183.2026.83419,iPad1(1000183),183,06.06.26 13:24,Prod,A1000183.6684,Tisch 10,106,S1000183.83419,SALE,2,11.5,23.0,0.0,0.0,0.0,0.0,105,Garnelen-Kimchi-Bruger,Hauptgerichte,,MwSt. 7%,1.07,21.495327,1.504673,Normalverkauf
S1000183.83420,SP1000183.34.83420,SY1000183.2026.83420,iPad1(1000183),183,06.06.26 13:24,Prod,A1000183.6684,Tisch 10,106,S1000183.83420,SALE,2,2.8,5.6,0.0,0.0,0.0,0.0,121,Mineralwasser,Getränke,,MwSt. 19%,1.19,4.705882,0.894118,Normalverkauf
S1000183.83421,SP1000183.34.83421,SY1000183.2026.83421,iPad1(1000183),183,06.06.26 09:00,Prod,A1000183.6685,Tisch 18,106,S1000183.83421,SALE,1,5.5,5.5,0.0,0.0,0.0,0.0,114,Fisch Nuggets Box,Beilagen,,MwSt. 7%,1.07,5.140187,0.359813,Normalverkauf
S1000183.83422,SP1000183.34.83422,SY1000183.2026.83422,iPad1(1000183),183,06.06.26 09:00,Prod,A1000183.6685,Tisch 18,106,S1000183.83422,SALE,2,10.9,21.8,0.0,0.0,0.0,0.0,107,Chicken Burger,Hauptgerichte,,MwSt. 7%,1.07,20.373832,1.426168,Normalverkauf
S1000183.83423,SP1000183.34.83423,SY1000183.2026.83423,iPad1(1000183),183,06.06.26 17:47,Prod,A1000183.6686,Tisch 23,115,S1000183.83423,SALE,2,7.9,15.8,0.0,0.0,0.0,0.0,106,Neptun-Ringe,Beilagen,,MwSt. 7%,1.07,14.766355,1.033645,Normalverkauf
S1000183.83424,SP1000183.34.83424,SY1000183.2026.83424,iPad1(1000183),183,06.06.26 09:28,Prod,A1000183.6687,Tisch 10,120,S1000183.83424,SALE,1,2.8,2.8,0.0,0.0,0.0,0.0,121,Mineralwasser,Getränke,,MwSt. 19%,1.19,2.352941,0.447059,Normalverkauf
S1000183.83425,SP1000183.34.83425,SY1000183.2026.83425,iPad1(1000183),183,06.06.26 13:02,Prod,A1000183.6688,Tisch 3,115,S1000183.83425,SALE,2,11.5,23.0,0.0,0.0,0.0,0.0,105,Garnelen-Kimchi-Bruger,Hauptgerichte,,MwSt. 7%,1.07,21.495327,1.504673,Normalverkauf
S1000183.83426,SP1000183.34.83426,SY1000183.2026.83426,iPad1(1000183),183,06.06.26 13:02,Prod,A1000183.6688,Tisch 3,115,S1000183.83426,SALE,1,7.9,7.9,0.0,0.0,0.0,0.0,106,Neptun-Ringe,Beilagen,,MwSt. 7%,1.07,7.383178,0.516822,Normalverkauf
S1000183.83427,SP1000183.34.83427,SY1000183.2026.83427,iPad1(1000183),183,06.06.26 13:02,Prod,A1000183.6688,Tisch 3,115,S1000183.83427,SALE,1,10.9,10.9,0.0,0.0,0.0,0.0,107,Chicken Burger,Hauptgerichte,,MwSt. 7%,1.07,10.186916,0.713084,Normalverkauf
S1000183.83428,SP1000183.34.83428,SY1000183.2026.83428,iPad1(1000183),183,06.06.26 12:25,Prod,A1000183.6689,Tisch 14,115,S1000183.83428,SALE,1,3.9,3.9,0.0,0.0,0.0,0.0,127,Alkoholfreies Bier,Getränke,,MwSt. 19%,1.19,3.277311,0.622689,Normalverkauf
S1000183.83429,SP1000183.34.83429,SY1000183.2026.83429,iPad1(1000183),183,06.06.26 18:47,Prod,A1000183.6690,Tisch 23,106,S1000183.83429,SALE,2,11.5,23.0,0.0,0.0,0.0,0.0,105,Garnelen-Kimchi-Bruger,Hauptgerichte,,MwSt. 7%,1.07,21.495327,1.504673,Normalverkauf
S1000183.83430,SP1000183.34.83430,SY1000183.2026.83430,iPad1(1000183),183,06.06.26 11:54,Prod,A1000183.6691,Tisch 17,120,S1000183.83430,SALE,2,5.9,11.8,0.0,0.0,0.0,0.0,117,Rote Grütze,Desserts,,MwSt. 7%,1.07,11.028037,0.771963,Normalverkauf
S1000183.83431,SP1000183.34.83431,SY1000183.2026.83431,iPad1(1000183),183,06.06.26 11:54,Prod,A1000183.6691,Tisch 17,120,S1000183.83431,SALE,2,6.9,13.8,0.0,0.0,0.0,0.0,103,Fischbrötchen Räucherlachs,Hauptspeisen,,MwSt. 7%,1.07,12.897196,0.902804,Normalverkauf
S1000183.83432,SP1000183.34.83432,SY1000183.2026.83432,iPad1(1000183),183,06.06.26 11:54,Prod,A1000183.6691,Tisch 17,120,S1000183.83432,SALE,1,3.9,3.9,0.0,0.0,0.0,0.0,119,Cola,Getränke,,MwSt. 19%,1.19,3.277311,0.622689,Normalverkauf
S1000183.83433,SP1000183.34.83433,SY1000183.2026.83433,iPad1(1000183),183,06.06.26 15:06,Prod,A1000183.6692,Tisch 8,111,S1000183.83433,SALE,2,11.5,23.0,0.0,0.0,0.0,0.0,105,Garnelen-Kimchi-Bruger,Hauptgerichte,,MwSt. 7%,1.07,21.495327,1.504673,Normalverkauf
S1000183.83434,SP1000183.34.83434,SY1000183.2026.83434,iPad1(1000183),183,06.06.26 15:06,Prod,A1000183.6692,Tisch 8,111,S1000183.83434,SALE,1,10.9,10.9,0.0,0.0,0.0,0.0,107,Chicken Burger,Hauptgerichte,,MwSt. 7%,1.07,10.186916,0.713084,Normalverkauf
S1000183.83435,SP1000183.34.83435,SY1000183.2026.83435,iPad1(1000183),183,06.06.26 15:06,Prod,A1000183.6692,Tisch 8,111,S1000183.83435,SALE,2,6.5,13.0,0.0,0.0,0.0,0.0,118,Schokokuchen,Desserts,,MwSt. 7%,1.07,12.149533,0.850467,Normalverkauf
S1000183.83436,SP1000183.34.83436,SY1000183.2026.83436,iPad1(1000183),183,06.06.26 20:18,Prod,A1000183.6693,,115,S1000183.83436,SALE,2,6.5,13.0,0.0,0.0,0.0,0.0,100,Fischbrötchen Backfisch,Hauptspeisen,,MwSt. 7%,1.07,12.149533,0.850467,Normalverkauf
S1000183.83437,SP1000183.34.83437,SY1000183.2026.83437,iPad1(1000183),183,06.06.26 20:18,Prod,A1000183.6693,,115,S1000183.83437,SALE,1,4.2,4.2,0.0,0.0,0.0,0.0,122,Bier,Getränke,,MwSt. 19%,1.19,3.529412,0.670588,Normalverkauf
S1000183.83438,SP1000183.34.83438,SY1000183.2026.83438,iPad1(1000183),183,06.06.26 17:30,Prod,A1000183.6694,Tisch 1,106,S1000183.83438,VOID,1,2.8,2.8,0.0,0.0,0.0,0.0,121,Mineralwasser,Getränke,,MwSt. 19%,1.19,2.352941,0.447059,Normalverkauf
S1000183.83439,SP1000183.34.83439,SY1000183.2026.83439,iPad1(1000183),183,06.06.26 17:30,Prod,A1000183.6694,Tisch 1,106,S1000183.83439,VOID,2,4.9,9.8,0.0,0.0,0.0,0.0,112,Kartoffelwedges,Beilagen,,MwSt. 7%,1.07,9.158879,0.641121,Normalverkauf
S1000183.83440,SP1000183.34.83440,SY1000183.2026.83440,iPad1(1000183),183,06.06.26 19:36,Prod,A1000183.6695,Tisch 19,104,S1000183.83440,SALE,1,9.8,9.8,0.0,0.0,0.0,0.0,108,Seelachs-Ei-Baugette,Hauptgerichte,,MwSt. 7%,1.07,9.158879,0.641121,Normalverkauf
S1000183.83441,SP1000183.34.83441,SY1000183.2026.83441,iPad1(1000183),183,06.06.26 19:36,Prod,A1000183.6695,Tisch 19,104,S1000183.83441,SALE,1,3.9,3.9,0.0,0.0,0.0,0.0,119,Cola,Getränke,,MwSt. 19%,1.19,3.277311,0.622689,Normalverkauf
S1000183.83442,SP1000183.34.83442,SY1000183.2026.83442,iPad1(1000183),183,06.06.26 19:36,Prod,A1000183.6695,Tisch 19,104,S1000183.83442,SALE,1,14.5,14.5,0.0,0.0,0.0,0.0,101,Lachs,Hauptspeisen,,MwSt. 7%,1.07,13.551402,0.948598,Normalverkauf
S1000183.83443,SP1000183.34.83443,SY1000183.2026.83443,iPad1(1000183),183,06.06.26 20:09,Prod,A1000183.6696,Tisch 1,111,S1000183.83443,SALE,1,11.9,11.9,0.0,0.0,0.0,0.0,110,Matjes-Baguette,Hauptgerichte,,MwSt. 7%,1.07,11.121495,0.778505,Normalverkauf
S1000183.83444,SP1000183.34.83444,SY1000183.2026.83444,iPad1(1000183),183,06.06.26 20:09,Prod,A1000183.6696,Tisch 1,111,S1000183.83444,SALE,1,5.5,5.5,0.0,0.0,0.0,0.0,111,Pommes Frites,Beilagen,,MwSt. 7%,1.07,5.140187,0.359813,Normalverkauf
S1000183.83445,SP1000183.34.83445,SY1000183.2026.83445,iPad1(1000183),183,06.06.26 11:45,Prod,A1000183.6697,Tisch 8,111,S1000183.83445,SALE,1,4.2,4.2,0.0,0.0,0.0,0.0,122,Bier,Getränke,,MwSt. 19%,1.19,3.529412,0.670588,Normalverkauf
S1000183.83446,SP1000183.34.83446,SY1000183.2026.83446,iPad1(1000183),183,06.06.26 11:45,Prod,A1000183.6697,Tisch 8,111,S1000183.83446,SALE,1,6.5,6.5,0.0,0.0,0.0,0.0,100,Fischbrötchen Backfisch,Hauptspeisen,,MwSt. 7%,1.07,6.074766,0.425234,Normalverkauf
S1000183.83447,SP1000183.34.83447,SY1000183.2026.83447,iPad1(1000183),183,06.06.26 17:24,Prod,A1000183.6698,Tisch 21,117,S1000183.83447,SALE,2,5.5,11.0,0.0,0.0,0.0,0.0,111,Pommes Frites,Beilagen,,MwSt. 7%,1.07,10.280374,0.719626,Normalverkauf
S1000183.83448,SP1000183.34.83448,SY1000183.2026.83448,iPad1(1000183),183,06.06.26 13:04,Prod,A1000183.6699,Tisch 19,115,S1000183.83448,SALE,2,4.2,8.4,0.0,0.0,0.0,0.0,122,Bier,Getränke,,MwSt. 19%,1.19,7.058824,1.341176,Normalverkauf
S1000183.83449,SP1000183.34.83449,SY1000183.2026.83449,iPad1(1000183),183,06.06.26 13:04,Prod,A1000183.6699,Tisch 19,115,S1000183.83449,SALE,1,5.5,5.5,0.0,0.0,0.0,0.0,111,Pommes Frites,Beilagen,,MwSt. 7%,1.07,5.140187,0.359813,Normalverkauf
S1000183.83450,SP1000183.34.83450,SY1000183.2026.83450,iPad1(1000183),183,06.06.26 09:28,Prod,A1000183.6700,,106,S1000183.83450,SALE,2,3.9,7.8,0.0,0.0,0.0,0.0,126,Spezi,Getränke,,MwSt. 19%,1.19,6.554622,1.245378,Normalverkauf
S1000183.83451,SP1000183.34.83451,SY1000183.2026.83451,iPad1(1000183),183,06.06.26 09:28,Prod,A1000183.6700,,106,S1000183.83451,SALE,1,6.5,6.5,0.0,0.0,0.0,0.0,118,Schokokuchen,Desserts,,MwSt. 7%,1.07,6.074766,0.425234,Normalverkauf
S1000183.83452,SP1000183.34.83452,SY1000183.2026.83452,iPad1(1000183),183,06.06.26 13:33,Prod,A1000183.6701,Tisch 13,111,S1000183.83452,VOID,1,4.2,4.2,0.0,0.0,0.0,0.0,122,Bier,Getränke,,MwSt. 19%,1.19,3.529412,0.670588,Normalverkauf
S1000183.83453,SP1000183.34.83453,SY1000183.2026.83453,iPad1(1000183),183,06.06.26 13:33,Prod,A1000183.6701,Tisch 13,111,S1000183.83453,VOID,2,3.9,7.8,0.0,0.0,0.0,0.0,126,Spezi,Getränke,,MwSt. 19%,1.19,6.554622,1.245378,Normalverkauf
S1000183.83454,SP1000183.34.83454,SY1000183.2026.83454,iPad1(1000183),183,06.06.26 13:33,Prod,A1000183.6701,Tisch 13,111,S1000183.83454,VOID,2,5.9,11.8,0.0,0.0,0.0,0.0,116,Vanillequark,Desserts,,MwSt. 7%,1.07,11.028037,0.771963,Normalverkauf
S1000183.83455,SP1000183.34.83455,SY1000183.2026.83455,iPad1(1000183),183,07.06.26 16:14,Prod,A1000183.6702,,111,S1000183.83455,SALE,1,10.9,10.9,0.0,0.0,0.0,0.0,107,Chicken Burger,Hauptgerichte,,MwSt. 7%,1.07,10.186916,0.713084,Normalverkauf
S1000183.83456,SP1000183.34.83456,SY1000183.2026.83456,iPad1(1000183),183,07.06.26 16:14,Prod,A1000183.6702,,111,S1000183.83456,SALE,2,10.9,21.8,0.0,0.0,0.0,0.0,107,Chicken Burger,Hauptgerichte,,MwSt. 7%,1.07,20.373832,1.426168,Normalverkauf
S1000183.83457,SP1000183.34.83457,SY1000183.2026.83457,iPad1(1000183),183,07.06.26 13:26,Prod,A1000183.6703,,115,S1000183.83457,SALE,1,10.9,10.9,0.0,0.0,0.0,0.0,104,Thunfisch Wrap,Hauptgerichte,,MwSt. 7%,1.07,10.186916,0.713084,Normalverkauf
S1000183.83458,SP1000183.34.83458,SY1000183.2026.83458,iPad1(1000183),183,07.06.26 13:26,Prod,A1000183.6703,,115,S1000183.83458,SALE,1,6.5,6.5,0.0,0.0,0.0,0.0,100,Fischbrötchen Backfisch,Hauptspeisen,,MwSt. 7%,1.07,6.074766,0.425234,Normalverkauf
S1000183.83459,SP1000183.34.83459,SY1000183.2026.83459,iPad1(1000183),183,07.06.26 10:09,Prod,A1000183.6704,Tisch 13,117,S1000183.83459,SALE,2,10.9,21.8,0.0,0.0,0.0,0.0,107,Chicken Burger,Hauptgerichte,,MwSt. 7%,1.07,20.373832,1.426168,Normalverkauf
S1000183.83460,SP1000183.34.83460,SY1000183.2026.83460,iPad1(1000183),183,07.06.26 10:09,Prod,A1000183.6704,Tisch 13,117,S1000183.83460,SALE,2,10.9,21.8,0.0,0.0,0.0,0.0,107,Chicken Burger,Hauptgerichte,,MwSt. 7%,1.07,20.373832,1.426168,Normalverkauf
S1000183.83461,SP1000183.34.83461,SY1000183.2026.83461,iPad1(1000183),183,07.06.26 10:09,Prod,A1000183.6704,Tisch 13,117,S1000183.83461,SALE,2,6.5,13.0,0.0,0.0,0.0,0.0,100,Fischbrötchen Backfisch,Hauptspeisen,,MwSt. 7%,1.07,12.149533,0.850467,Normalverkauf
S1000183.83462,SP1000183.34.83462,SY1000183.2026.83462,iPad1(1000183),183,07.06.26 16:02,Prod,A1000183.6705,Tisch 20,120,S1000183.83462,SALE,2,5.9,11.8,0.0,0.0,0.0,0.0,116,Vanillequark,Desserts,,MwSt. 7%,1.07,11.028037,0.771963,Normalverkauf
S1000183.83463,SP1000183.34.83463,SY1000183.2026.83463,iPad1(1000183),183,07.06.26 19:41,Prod,A1000183.6706,Tisch 2,115,S1000183.83463,SALE,1,13.5,13.5,0.0,0.0,0.0,0.0,102,Matjes,Hauptspeisen,,MwSt. 7%,1.07,12.616822,0.883178,Normalverkauf
S1000183.83464,SP1000183.34.83464,SY1000183.2026.83464,iPad1(1000183),183,07.06.26 19:41,Prod,A1000183.6706,Tisch 2,115,S1000183.83464,SALE,2,10.9,21.8,0.0,0.0,0.0,0.0,107,Chicken Burger,Hauptgerichte,,MwSt. 7%,1.07,20.373832,1.426168,Normalverkauf
S1000183.83465,SP1000183.34.83465,SY1000183.2026.83465,iPad1(1000183),183,07.06.26 19:41,Prod,A1000183.6706,Tisch 2,115,S1000183.83465,SALE,2,14.5,29.0,0.0,0.0,0.0,0.0,101,Lachs,Hauptspeisen,,MwSt. 7%,1.07,27.102804,1.897196,Normalverkauf
S1000183.83466,SP1000183.34.83466,SY1000183.2026.83466,iPad1(1000183),183,07.06.26 17:52,Prod,A1000183.6707,Tisch 14,106,S1000183.83466,VOID,1,13.5,13.5,0.0,0.0,0.0,0.0,102,Matjes,Hauptspeisen,,MwSt. 7%,1.07,12.616822,0.883178,Normalverkauf
S1000183.83467,SP1000183.34.83467,SY1000183.2026.83467,iPad1(1000183),183,07.06.26 17:52,Prod,A1000183.6707,Tisch 14,106,S1000183.83467,VOID,1,4.2,4.2,0.0,0.0,0.0,0.0,122,Bier,Getränke,,MwSt. 19%,1.19,3.529412,0.670588,Normalverkauf
S1000183.83468,SP1000183.34.83468,SY1000183.2026.83468,iPad1(1000183),183,07.06.26 16:33,Prod,A1000183.6708,Tisch 1,115,S1000183.83468,SALE,2,4.2,8.4,0.0,0.0,0.0,0.0,122,Bier,Getränke,,MwSt. 19%,1.19,7.058824,1.341176,Normalverkauf
S1000183.83469,SP1000183.34.83469,SY1000183.2026.83469,iPad1(1000183),183,07.06.26 11:54,Prod,A1000183.6709,Tisch 17,111,S1000183.83469,SALE,1,3.9,3.9,0.0,0.0,0.0,0.0,127,Alkoholfreies Bier,Getränke,,MwSt. 19%,1.19,3.277311,0.622689,Normalverkauf
S1000183.83470,SP1000183.34.83470,SY1000183.2026.83470,iPad1(1000183),183,07.06.26 11:54,Prod,A1000183.6709,Tisch 17,111,S1000183.83470,SALE,1,2.8,2.8,0.0,0.0,0.0,0.0,121,Mineralwasser,Getränke,,MwSt. 19%,1.19,2.352941,0.447059,Normalverkauf
S1000183.83471,SP1000183.34.83471,SY1000183.2026.83471,iPad1(1000183),183,07.06.26 11:54,Prod,A1000183.6709,Tisch 17,111,S1000183.83471,SALE,2,5.9,11.8,0.0,0.0,0.0,0.0,125,Zitronen-Limonade,Getränke,,MwSt. 19%,1.19,9.915966,1.884034,Normalverkauf
S1000183.83472,SP1000183.34.83472,SY1000183.2026.83472,iPad1(1000183),183,07.06.26 13:36,Prod,A1000183.6710,Tisch 19,115,S1000183.83472,SALE,1,10.9,10.9,0.0,0.0,0.0,0.0,107,Chicken Burger,Hauptgerichte,,MwSt. 7%,1.07,10.186916,0.713084,Normalverkauf
S1000183.83473,SP1000183.34.83473,SY1000183.2026.83473,iPad1(1000183),183,07.06.26 15:13,Prod,A1000183.6711,Tisch 21,115,S1000183.83473,SALE,1,3.9,3.9,0.0,0.0,0.0,0.0,126,Spezi,Getränke,,MwSt. 19%,1.19,3.277311,0.622689,Normalverkauf
S1000183.83474,SP1000183.34.83474,SY1000183.2026.83474,iPad1(1000183),183,07.06.26 13:58,Prod,A1000183.6712,Tisch 7,115,S1000183.83474,VOID,1,7.9,7.9,0.0,0.0,0.0,0.0,106,Neptun-Ringe,Beilagen,,MwSt. 7%,1.07,7.383178,0.516822,Normalverkauf
S1000183.83475,SP1000183.34.83475,SY1000183.2026.83475,iPad1(1000183),183,07.06.26 13:58,Prod,A1000183.6712,Tisch 7,115,S1000183.83475,VOID,1,10.9,10.9,0.0,0.0,0.0,0.0,107,Chicken Burger,Hauptgerichte,,MwSt. 7%,1.07,10.186916,0.713084,Normalverkauf
S1000183.83476,SP1000183.34.83476,SY1000183.2026.83476,iPad1(1000183),183,07.06.26 13:58,Prod,A1000183.6712,Tisch 7,115,S1000183.83476,VOID,1,6.5,6.5,0.0,0.0,0.0,0.0,100,Fischbrötchen Backfisch,Hauptspeisen,,MwSt. 7%,1.07,6.074766,0.425234,Normalverkauf
S1000183.83477,SP1000183.34.83477,SY1000183.2026.83477,iPad1(1000183),183,07.06.26 18:33,Prod,A1000183.6713,Tisch 20,111,S1000183.83477,SALE,1,6.5,6.5,0.0,0.0,0.0,0.0,118,Schokokuchen,Desserts,,MwSt. 7%,1.07,6.074766,0.425234,Normalverkauf
S1000183.83478,SP1000183.34.83478,SY1000183.2026.83478,iPad1(1000183),183,07.06.26 18:33,Prod,A1000183.6713,Tisch 20,111,S1000183.83478,SALE,1,10.9,10.9,0.0,0.0,0.0,0.0,107,Chicken Burger,Hauptgerichte,,MwSt. 7%,1.07,10.186916,0.713084,Normalverkauf
S1000183.83479,SP1000183.34.83479,SY1000183.2026.83479,iPad1(1000183),183,07.06.26 20:26,Prod,A1000183.6714,Tisch 23,115,S1000183.83479,SALE,2,2.8,5.6,0.0,0.0,0.0,0.0,121,Mineralwasser,Getränke,,MwSt. 19%,1.19,4.705882,0.894118,Normalverkauf
S1000183.83480,SP1000183.34.83480,SY1000183.2026.83480,iPad1(1000183),183,07.06.26 20:26,Prod,A1000183.6714,Tisch 23,115,S1000183.83480,SALE,1,7.9,7.9,0.0,0.0,0.0,0.0,106,Neptun-Ringe,Beilagen,,MwSt. 7%,1.07,7.383178,0.516822,Normalverkauf
S1000183.83481,SP1000183.34.83481,SY1000183.2026.83481,iPad1(1000183),183,07.06.26 20:26,Prod,A1000183.6714,Tisch 23,115,S1000183.83481,SALE,2,5.5,11.0,0.0,0.0,0.0,0.0,114,Fisch Nuggets Box,Beilagen,,MwSt. 7%,1.07,10.280374,0.719626,Normalverkauf
S1000183.83482,SP1000183.34.83482,SY1000183.2026.83482,iPad1(1000183),183,07.06.26 13:45,Prod,A1000183.6715,Tisch 2,120,S1000183.83482,SALE,2,4.9,9.8,0.0,0.0,0.0,0.0,112,Kartoffelwedges,Beilagen,,MwSt. 7%,1.07,9.158879,0.641121,Normalverkauf
S1000183.83483,SP1000183.34.83483,SY1000183.2026.83483,iPad1(1000183),183,07.06.26 13:45,Prod,A1000183.6715,Tisch 2,120,S1000183.83483,SALE,2,10.9,21.8,0.0,0.0,0.0,0.0,109,Bismarck-Baguette,Hauptgerichte,,MwSt. 7%,1.07,20.373832,1.426168,Normalverkauf
S1000183.83484,SP1000183.34.83484,SY1000183.2026.83484,iPad1(1000183),183,07.06.26 19:52,Prod,A1000183.6716,Tisch 13,106,S1000183.83484,SALE,1,3.9,3.9,0.0,0.0,0.0,0.0,119,Cola,Getränke,,MwSt. 19%,1.19,3.277311,0.622689,Normalverkauf
S1000183.83485,SP1000183.34.83485,SY1000183.2026.83485,iPad1(1000183),183,07.06.26 19:52,Prod,A1000183.6716,Tisch 13,106,S1000183.83485,SALE,2,4.9,9.8,0.0,0.0,0.0,0.0,112,Kartoffelwedges,Beilagen,,MwSt. 7%,1.07,9.158879,0.641121,Normalverkauf
S1000183.83486,SP1000183.34.83486,SY1000183.2026.83486,iPad1(1000183),183,07.06.26 19:52,Prod,A1000183.6716,Tisch 13,106,S1000183.83486,SALE,2,2.8,5.6,0.0,0.0,0.0,0.0,121,Mineralwasser,Getränke,,MwSt. 19%,1.19,4.705882,0.894118,Normalverkauf
S1000183.83487,SP1000183.34.83487,SY1000183.2026.83487,iPad1(1000183),183,07.06.26 18:52,Prod,A1000183.6717,Tisch 1,106,S1000183.83487,SALE,1,11.5,11.5,0.0,0.0,0.0,0.0,105,Garnelen-Kimchi-Bruger,Hauptgerichte,,MwSt. 7%,1.07,10.747664,0.752336,Normalverkauf
S1000183.83488,SP1000183.34.83488,SY1000183.2026.83488,iPad1(1000183),183,07.06.26 18:52,Prod,A1000183.6717,Tisch 1,106,S1000183.83488,SALE,1,3.9,3.9,0.0,0.0,0.0,0.0,119,Cola,Getränke,,MwSt. 19%,1.19,3.277311,0.622689,Normalverkauf
S1000183.83489,SP1000183.34.83489,SY1000183.2026.83489,iPad1(1000183),183,07.06.26 18:52,Prod,A1000183.6717,Tisch 1,106,S1000183.83489,SALE,2,9.8,19.6,0.0,0.0,0.0,0.0,108,Seelachs-Ei-Baugette,Hauptgerichte,,MwSt. 7%,1.07,18.317757,1.282243,Normalverkauf
S1000183.83490,SP1000183.34.83490,SY1000183.2026.83490,iPad1(1000183),183,07.06.26 19:57,Prod,A1000183.6718,Tisch 10,104,S1000183.83490,SALE,1,3.9,3.9,0.0,0.0,0.0,0.0,126,Spezi,Getränke,,MwSt. 19%,1.19,3.277311,0.622689,Normalverkauf
S1000183.83491,SP1000183.34.83491,SY1000183.2026.83491,iPad1(1000183),183,07.06.26 18:40,Prod,A1000183.6719,Tisch 20,104,S1000183.83491,SALE,2,3.2,6.4,0.0,0.0,0.0,0.0,120,Apfelschorle,Getränke,,MwSt. 19%,1.19,5.378151,1.021849,Normalverkauf
S1000183.83492,SP1000183.34.83492,SY1000183.2026.83492,iPad1(1000183),183,07.06.26 18:40,Prod,A1000183.6719,Tisch 20,104,S1000183.83492,SALE,2,3.2,6.4,0.0,0.0,0.0,0.0,120,Apfelschorle,Getränke,,MwSt. 19%,1.19,5.378151,1.021849,Normalverkauf
S1000183.83493,SP1000183.34.83493,SY1000183.2026.83493,iPad1(1000183),183,07.06.26 18:40,Prod,A1000183.6719,Tisch 20,104,S1000183.83493,SALE,1,4.2,4.2,0.0,0.0,0.0,0.0,122,Bier,Getränke,,MwSt. 19%,1.19,3.529412,0.670588,Normalverkauf
S1000183.83494,SP1000183.34.83494,SY1000183.2026.83494,iPad1(1000183),183,07.06.26 18:37,Prod,A1000183.6720,Tisch 13,106,S1000183.83494,SALE,1,6.9,6.9,0.0,0.0,0.0,0.0,113,Garnelen Box,Beilagen,,MwSt. 7%,1.07,6.448598,0.451402,Normalverkauf
S1000183.83495,SP1000183.34.83495,SY1000183.2026.83495,iPad1(1000183),183,07.06.26 11:28,Prod,A1000183.6721,Tisch 19,111,S1000183.83495,SALE,1,10.9,10.9,0.0,0.0,0.0,0.0,107,Chicken Burger,Hauptgerichte,,MwSt. 7%,1.07,10.186916,0.713084,Normalverkauf
S1000183.83496,SP1000183.34.83496,SY1000183.2026.83496,iPad1(1000183),183,07.06.26 16:13,Prod,A1000183.6722,Tisch 2,117,S1000183.83496,SALE,2,2.8,5.6,0.0,0.0,0.0,0.0,121,Mineralwasser,Getränke,,MwSt. 19%,1.19,4.705882,0.894118,Normalverkauf
S1000183.83497,SP1000183.34.83497,SY1000183.2026.83497,iPad1(1000183),183,07.06.26 17:27,Prod,A1000183.6723,,120,S1000183.83497,SALE,2,6.9,13.8,0.0,0.0,0.0,0.0,103,Fischbrötchen Räucherlachs,Hauptspeisen,,MwSt. 7%,1.07,12.897196,0.902804,Normalverkauf
S1000183.83498,SP1000183.34.83498,SY1000183.2026.83498,iPad1(1000183),183,07.06.26 17:46,Prod,A1000183.6724,Tisch 20,106,S1000183.83498,SALE,1,6.5,6.5,0.0,0.0,0.0,0.0,100,Fischbrötchen Backfisch,Hauptspeisen,,MwSt. 7%,1.07,6.074766,0.425234,Normalverkauf
S1000183.83499,SP1000183.34.83499,SY1000183.2026.83499,iPad1(1000183),183,07.06.26 19:07,Prod,A1000183.6725,Tisch 9,104,S1000183.83499,SALE,1,4.2,4.2,0.0,0.0,0.0,0.0,122,Bier,Getränke,,MwSt. 19%,1.19,3.529412,0.670588,Normalverkauf
S1000183.83500,SP1000183.34.83500,SY1000183.2026.83500,iPad1(1000183),183,07.06.26 11:04,Prod,A1000183.6726,Tisch 18,111,S1000183.83500,SALE,1,10.9,10.9,0.0,0.0,0.0,0.0,109,Bismarck-Baguette,Hauptgerichte,,MwSt. 7%,1.07,10.186916,0.713084,Normalverkauf
S1000183.83501,SP1000183.34.83501,SY1000183.2026.83501,iPad1(1000183),183,07.06.26 11:04,Prod,A1000183.6726,Tisch 18,111,S1000183.83501,SALE,1,4.9,4.9,0.0,0.0,0.0,0.0,112,Kartoffelwedges,Beilagen,,MwSt. 7%,1.07,4.579439,0.320561,Normalverkauf
S1000183.83502,SP1000183.34.83502,SY1000183.2026.83502,iPad1(1000183),183,07.06.26 11:04,Prod,A1000183.6726,Tisch 18,111,S1000183.83502,SALE,1,2.8,2.8,0.0,0.0,0.0,0.0,121,Mineralwasser,Getränke,,MwSt. 19%,1.19,2.352941,0.447059,Normalverkauf
S1000183.83503,SP1000183.34.83503,SY1000183.2026.83503,iPad1(1000183),183,07.06.26 08:01,Prod,A1000183.6727,Tisch 10,120,S1000183.83503,SALE,1,5.9,5.9,0.0,0.0,0.0,0.0,125,Zitronen-Limonade,Getränke,,MwSt. 19%,1.19,4.957983,0.942017,Normalverkauf
S1000183.83504,SP1000183.34.83504,SY1000183.2026.83504,iPad1(1000183),183,07.06.26 08:01,Prod,A1000183.6727,Tisch 10,120,S1000183.83504,SALE,2,7.9,15.8,0.0,0.0,0.0,0.0,115,Tiramisu,Desserts,,MwSt. 7%,1.07,14.766355,1.033645,Normalverkauf
S1000183.83505,SP1000183.34.83505,SY1000183.2026.83505,iPad1(1000183),183,07.06.26 08:01,Prod,A1000183.6727,Tisch 10,120,S1000183.83505,SALE,1,7.9,7.9,0.0,0.0,0.0,0.0,106,Neptun-Ringe,Beilagen,,MwSt. 7%,1.07,7.383178,0.516822,Normalverkauf
S1000183.83506,SP1000183.34.83506,SY1000183.2026.83506,iPad1(1000183),183,07.06.26 12:10,Prod,A1000183.6728,Tisch 12,111,S1000183.83506,SALE,2,4.9,9.8,0.0,0.0,0.0,0.0,112,Kartoffelwedges,Beilagen,,MwSt. 7%,1.07,9.158879,0.641121,Normalverkauf
S1000183.83507,SP1000183.34.83507,SY1000183.2026.83507,iPad1(1000183),183,07.06.26 12:10,Prod,A1000183.6728,Tisch 12,111,S1000183.83507,SALE,1,3.2,3.2,0.0,0.0,0.0,0.0,120,Apfelschorle,Getränke,,MwSt. 19%,1.19,2.689076,0.510924,Normalverkauf
S1000183.83508,SP1000183.34.83508,SY1000183.2026.83508,iPad1(1000183),183,07.06.26 16:20,Prod,A1000183.6729,Tisch 11,120,S1000183.83508,SALE,1,11.5,11.5,0.0,0.0,0.0,0.0,105,Garnelen-Kimchi-Bruger,Hauptgerichte,,MwSt. 7%,1.07,10.747664,0.752336,Normalverkauf
S1000183.83509,SP1000183.34.83509,SY1000183.2026.83509,iPad1(1000183),183,07.06.26 16:20,Prod,A1000183.6729,Tisch 11,120,S1000183.83509,SALE,2,5.9,11.8,0.0,0.0,0.0,0.0,125,Zitronen-Limonade,Getränke,,MwSt. 19%,1.19,9.915966,1.884034,Normalverkauf
S1000183.83510,SP1000183.34.83510,SY1000183.2026.83510,iPad1(1000183),183,07.06.26 16:20,Prod,A1000183.6729,Tisch 11,120,S1000183.83510,SALE,2,7.9,15.8,0.0,0.0,0.0,0.0,106,Neptun-Ringe,Beilagen,,MwSt. 7%,1.07,14.766355,1.033645,Normalverkauf
S1000183.83511,SP1000183.34.83511,SY1000183.2026.83511,iPad1(1000183),183,07.06.26 17:43,Prod,A1000183.6730,Tisch 22,104,S1000183.83511,SALE,1,10.9,10.9,0.0,0.0,0.0,0.0,107,Chicken Burger,Hauptgerichte,,MwSt. 7%,1.07,10.186916,0.713084,Normalverkauf
S1000183.83512,SP1000183.34.83512,SY1000183.2026.83512,iPad1(1000183),183,07.06.26 11:27,Prod,A1000183.6731,Tisch 12,117,S1000183.83512,SALE,2,6.9,13.8,0.0,0.0,0.0,0.0,103,Fischbrötchen Räucherlachs,Hauptspeisen,,MwSt. 7%,1.07,12.897196,0.902804,Normalverkauf
S1000183.83513,SP1000183.34.83513,SY1000183.2026.83513,iPad1(1000183),183,07.06.26 18:03,Prod,A1000183.6732,Tisch 1,115,S1000183.83513,SALE,2,11.5,23.0,0.0,0.0,0.0,0.0,105,Garnelen-Kimchi-Bruger,Hauptgerichte,,MwSt. 7%,1.07,21.495327,1.504673,Normalverkauf
S1000183.83514,SP1000183.34.83514,SY1000183.2026.83514,iPad1(1000183),183,07.06.26 18:03,Prod,A1000183.6732,Tisch 1,115,S1000183.83514,SALE,1,6.5,6.5,0.0,0.0,0.0,0.0,100,Fischbrötchen Backfisch,Hauptspeisen,,MwSt. 7%,1.07,6.074766,0.425234,Normalverkauf
S1000183.83515,SP1000183.34.83515,SY1000183.2026.83515,iPad1(1000183),183,08.06.26 12:25,Prod,A1000183.6733,Tisch 19,111,S1000183.83515,SALE,2,4.2,8.4,0.0,0.0,0.0,0.0,122,Bier,Getränke,,MwSt. 19%,1.19,7.058824,1.341176,Normalverkauf
S1000183.83516,SP1000183.34.83516,SY1000183.2026.83516,iPad1(1000183),183,08.06.26 12:25,Prod,A1000183.6733,Tisch 19,111,S1000183.83516,SALE,1,5.5,5.5,0.0,0.0,0.0,0.0,114,Fisch Nuggets Box,Beilagen,,MwSt. 7%,1.07,5.140187,0.359813,Normalverkauf
S1000183.83517,SP1000183.34.83517,SY1000183.2026.83517,iPad1(1000183),183,08.06.26 12:35,Prod,A1000183.6734,Tisch 12,115,S1000183.83517,SALE,1,4.9,4.9,0.0,0.0,0.0,0.0,112,Kartoffelwedges,Beilagen,,MwSt. 7%,1.07,4.579439,0.320561,Normalverkauf
S1000183.83518,SP1000183.34.83518,SY1000183.2026.83518,iPad1(1000183),183,08.06.26 12:35,Prod,A1000183.6734,Tisch 12,115,S1000183.83518,SALE,2,11.5,23.0,0.0,0.0,0.0,0.0,105,Garnelen-Kimchi-Bruger,Hauptgerichte,,MwSt. 7%,1.07,21.495327,1.504673,Normalverkauf
S1000183.83519,SP1000183.34.83519,SY1000183.2026.83519,iPad1(1000183),183,08.06.26 12:35,Prod,A1000183.6734,Tisch 12,115,S1000183.83519,SALE,2,6.5,13.0,0.0,0.0,0.0,0.0,100,Fischbrötchen Backfisch,Hauptspeisen,,MwSt. 7%,1.07,12.149533,0.850467,Normalverkauf
S1000183.83520,SP1000183.34.83520,SY1000183.2026.83520,iPad1(1000183),183,08.06.26 10:04,Prod,A1000183.6735,Tisch 20,115,S1000183.83520,SALE,2,5.5,11.0,0.0,0.0,0.0,0.0,111,Pommes Frites,Beilagen,,MwSt. 7%,1.07,10.280374,0.719626,Normalverkauf
S1000183.83521,SP1000183.34.83521,SY1000183.2026.83521,iPad1(1000183),183,08.06.26 10:04,Prod,A1000183.6735,Tisch 20,115,S1000183.83521,SALE,2,6.5,13.0,0.0,0.0,0.0,0.0,100,Fischbrötchen Backfisch,Hauptspeisen,,MwSt. 7%,1.07,12.149533,0.850467,Normalverkauf
S1000183.83522,SP1000183.34.83522,SY1000183.2026.83522,iPad1(1000183),183,08.06.26 10:04,Prod,A1000183.6735,Tisch 20,115,S1000183.83522,SALE,1,7.9,7.9,0.0,0.0,0.0,0.0,106,Neptun-Ringe,Beilagen,,MwSt. 7%,1.07,7.383178,0.516822,Normalverkauf
S1000183.83523,SP1000183.34.83523,SY1000183.2026.83523,iPad1(1000183),183,08.06.26 16:16,Prod,A1000183.6736,Tisch 14,106,S1000183.83523,SALE,1,6.5,6.5,0.0,0.0,0.0,0.0,118,Schokokuchen,Desserts,,MwSt. 7%,1.07,6.074766,0.425234,Normalverkauf
S1000183.83524,SP1000183.34.83524,SY1000183.2026.83524,iPad1(1000183),183,08.06.26 16:16,Prod,A1000183.6736,Tisch 14,106,S1000183.83524,SALE,1,6.5,6.5,0.0,0.0,0.0,0.0,118,Schokokuchen,Desserts,,MwSt. 7%,1.07,6.074766,0.425234,Normalverkauf
S1000183.83525,SP1000183.34.83525,SY1000183.2026.83525,iPad1(1000183),183,08.06.26 16:16,Prod,A1000183.6736,Tisch 14,106,S1000183.83525,SALE,2,10.9,21.8,0.0,0.0,0.0,0.0,104,Thunfisch Wrap,Hauptgerichte,,MwSt. 7%,1.07,20.373832,1.426168,Normalverkauf
S1000183.83526,SP1000183.34.83526,SY1000183.2026.83526,iPad1(1000183),183,08.06.26 12:48,Prod,A1000183.6737,Tisch 15,115,S1000183.83526,SALE,1,2.8,2.8,0.0,0.0,0.0,0.0,121,Mineralwasser,Getränke,,MwSt. 19%,1.19,2.352941,0.447059,Normalverkauf
S1000183.83527,SP1000183.34.83527,SY1000183.2026.83527,iPad1(1000183),183,08.06.26 12:48,Prod,A1000183.6737,Tisch 15,115,S1000183.83527,SALE,1,6.9,6.9,0.0,0.0,0.0,0.0,103,Fischbrötchen Räucherlachs,Hauptspeisen,,MwSt. 7%,1.07,6.448598,0.451402,Normalverkauf
S1000183.83528,SP1000183.34.83528,SY1000183.2026.83528,iPad1(1000183),183,08.06.26 12:48,Prod,A1000183.6737,Tisch 15,115,S1000183.83528,SALE,1,4.9,4.9,0.0,0.0,0.0,0.0,112,Kartoffelwedges,Beilagen,,MwSt. 7%,1.07,4.579439,0.320561,Normalverkauf
S1000183.83529,SP1000183.34.83529,SY1000183.2026.83529,iPad1(1000183),183,08.06.26 15:34,Prod,A1000183.6738,Tisch 24,117,S1000183.83529,SALE,1,4.2,4.2,0.0,0.0,0.0,0.0,122,Bier,Getränke,,MwSt. 19%,1.19,3.529412,0.670588,Normalverkauf
S1000183.83530,SP1000183.34.83530,SY1000183.2026.83530,iPad1(1000183),183,08.06.26 15:34,Prod,A1000183.6738,Tisch 24,117,S1000183.83530,SALE,1,6.5,6.5,0.0,0.0,0.0,0.0,100,Fischbrötchen Backfisch,Hauptspeisen,,MwSt. 7%,1.07,6.074766,0.425234,Normalverkauf
S1000183.83531,SP1000183.34.83531,SY1000183.2026.83531,iPad1(1000183),183,08.06.26 14:18,Prod,A1000183.6739,Tisch 19,115,S1000183.83531,SALE,1,13.5,13.5,0.0,0.0,0.0,0.0,102,Matjes,Hauptspeisen,,MwSt. 7%,1.07,12.616822,0.883178,Normalverkauf
S1000183.83532,SP1000183.34.83532,SY1000183.2026.83532,iPad1(1000183),183,08.06.26 14:18,Prod,A1000183.6739,Tisch 19,115,S1000183.83532,SALE,2,14.5,29.0,0.0,0.0,0.0,0.0,101,Lachs,Hauptspeisen,,MwSt. 7%,1.07,27.102804,1.897196,Normalverkauf
S1000183.83533,SP1000183.34.83533,SY1000183.2026.83533,iPad1(1000183),183,08.06.26 14:18,Prod,A1000183.6739,Tisch 19,115,S1000183.83533,SALE,2,6.9,13.8,0.0,0.0,0.0,0.0,103,Fischbrötchen Räucherlachs,Hauptspeisen,,MwSt. 7%,1.07,12.897196,0.902804,Normalverkauf
S1000183.83534,SP1000183.34.83534,SY1000183.2026.83534,iPad1(1000183),183,08.06.26 18:42,Prod,A1000183.6740,Tisch 7,117,S1000183.83534,SALE,1,3.9,3.9,0.0,0.0,0.0,0.0,126,Spezi,Getränke,,MwSt. 19%,1.19,3.277311,0.622689,Normalverkauf
S1000183.83535,SP1000183.34.83535,SY1000183.2026.83535,iPad1(1000183),183,08.06.26 20:33,Prod,A1000183.6741,,111,S1000183.83535,SALE,2,3.9,7.8,0.0,0.0,0.0,0.0,127,Alkoholfreies Bier,Getränke,,MwSt. 19%,1.19,6.554622,1.245378,Normalverkauf
S1000183.83536,SP1000183.34.83536,SY1000183.2026.83536,iPad1(1000183),183,08.06.26 20:33,Prod,A1000183.6741,,111,S1000183.83536,SALE,2,5.5,11.0,0.0,0.0,0.0,0.0,111,Pommes Frites,Beilagen,,MwSt. 7%,1.07,10.280374,0.719626,Normalverkauf
S1000183.83537,SP1000183.34.83537,SY1000183.2026.83537,iPad1(1000183),183,08.06.26 20:33,Prod,A1000183.6741,,111,S1000183.83537,SALE,1,3.9,3.9,0.0,0.0,0.0,0.0,124,Cola Zero,Getränke,,MwSt. 19%,1.19,3.277311,0.622689,Normalverkauf
S1000183.83538,SP1000183.34.83538,SY1000183.2026.83538,iPad1(1000183),183,08.06.26 18:04,Prod,A1000183.6742,Tisch 15,115,S1000183.83538,VOID,1,10.9,10.9,0.0,0.0,0.0,0.0,107,Chicken Burger,Hauptgerichte,,MwSt. 7%,1.07,10.186916,0.713084,Normalverkauf
S1000183.83539,SP1000183.34.83539,SY1000183.2026.83539,iPad1(1000183),183,08.06.26 18:04,Prod,A1000183.6742,Tisch 15,115,S1000183.83539,VOID,1,2.8,2.8,0.0,0.0,0.0,0.0,121,Mineralwasser,Getränke,,MwSt. 19%,1.19,2.352941,0.447059,Normalverkauf
S1000183.83540,SP1000183.34.83540,SY1000183.2026.83540,iPad1(1000183),183,08.06.26 19:29,Prod,A1000183.6743,Tisch 23,106,S1000183.83540,SALE,1,4.9,4.9,0.0,0.0,0.0,0.0,112,Kartoffelwedges,Beilagen,,MwSt. 7%,1.07,4.579439,0.320561,Normalverkauf
S1000183.83541,SP1000183.34.83541,SY1000183.2026.83541,iPad1(1000183),183,08.06.26 19:29,Prod,A1000183.6743,Tisch 23,106,S1000183.83541,SALE,2,4.2,8.4,0.0,0.0,0.0,0.0,122,Bier,Getränke,,MwSt. 19%,1.19,7.058824,1.341176,Normalverkauf
S1000183.83542,SP1000183.34.83542,SY1000183.2026.83542,iPad1(1000183),183,08.06.26 19:29,Prod,A1000183.6743,Tisch 23,106,S1000183.83542,SALE,2,13.5,27.0,0.0,0.0,0.0,0.0,102,Matjes,Hauptspeisen,,MwSt. 7%,1.07,25.233645,1.766355,Normalverkauf
S1000183.83543,SP1000183.34.83543,SY1000183.2026.83543,iPad1(1000183),183,08.06.26 12:34,Prod,A1000183.6744,Tisch 19,117,S1000183.83543,SALE,1,2.8,2.8,0.0,0.0,0.0,0.0,121,Mineralwasser,Getränke,,MwSt. 19%,1.19,2.352941,0.447059,Normalverkauf
S1000183.83544,SP1000183.34.83544,SY1000183.2026.83544,iPad1(1000183),183,08.06.26 16:45,Prod,A1000183.6745,Tisch 23,115,S1000183.83544,VOID,1,4.2,4.2,0.0,0.0,0.0,0.0,122,Bier,Getränke,,MwSt. 19%,1.19,3.529412,0.670588,Normalverkauf
S1000183.83545,SP1000183.34.83545,SY1000183.2026.83545,iPad1(1000183),183,08.06.26 18:56,Prod,A1000183.6746,Tisch 21,106,S1000183.83545,SALE,2,2.8,5.6,0.0,0.0,0.0,0.0,121,Mineralwasser,Getränke,,MwSt. 19%,1.19,4.705882,0.894118,Normalverkauf
S1000183.83546,SP1000183.34.83546,SY1000183.2026.83546,iPad1(1000183),183,08.06.26 18:56,Prod,A1000183.6746,Tisch 21,106,S1000183.83546,SALE,1,5.5,5.5,0.0,0.0,0.0,0.0,111,Pommes Frites,Beilagen,,MwSt. 7%,1.07,5.140187,0.359813,Normalverkauf
S1000183.83547,SP1000183.34.83547,SY1000183.2026.83547,iPad1(1000183),183,08.06.26 16:14,Prod,A1000183.6747,,115,S1000183.83547,VOID,2,14.5,29.0,0.0,0.0,0.0,0.0,101,Lachs,Hauptspeisen,,MwSt. 7%,1.07,27.102804,1.897196,Normalverkauf
S1000183.83548,SP1000183.34.83548,SY1000183.2026.83548,iPad1(1000183),183,08.06.26 18:57,Prod,A1000183.6748,,117,S1000183.83548,SALE,2,9.8,19.6,0.0,0.0,0.0,0.0,108,Seelachs-Ei-Baugette,Hauptgerichte,,MwSt. 7%,1.07,18.317757,1.282243,Normalverkauf
S1000183.83549,SP1000183.34.83549,SY1000183.2026.83549,iPad1(1000183),183,08.06.26 18:57,Prod,A1000183.6748,,117,S1000183.83549,SALE,1,3.9,3.9,0.0,0.0,0.0,0.0,119,Cola,Getränke,,MwSt. 19%,1.19,3.277311,0.622689,Normalverkauf
S1000183.83550,SP1000183.34.83550,SY1000183.2026.83550,iPad1(1000183),183,08.06.26 17:40,Prod,A1000183.6749,Tisch 21,120,S1000183.83550,SALE,1,5.9,5.9,0.0,0.0,0.0,0.0,117,Rote Grütze,Desserts,,MwSt. 7%,1.07,5.514019,0.385981,Normalverkauf
S1000183.83551,SP1000183.34.83551,SY1000183.2026.83551,iPad1(1000183),183,08.06.26 17:40,Prod,A1000183.6749,Tisch 21,120,S1000183.83551,SALE,2,7.9,15.8,0.0,0.0,0.0,0.0,106,Neptun-Ringe,Beilagen,,MwSt. 7%,1.07,14.766355,1.033645,Normalverkauf
S1000183.83552,SP1000183.34.83552,SY1000183.2026.83552,iPad1(1000183),183,08.06.26 17:40,Prod,A1000183.6749,Tisch 21,120,S1000183.83552,SALE,2,6.9,13.8,0.0,0.0,0.0,0.0,103,Fischbrötchen Räucherlachs,Hauptspeisen,,MwSt. 7%,1.07,12.897196,0.902804,Normalverkauf
S1000183.83553,SP1000183.34.83553,SY1000183.2026.83553,iPad1(1000183),183,08.06.26 18:08,Prod,A1000183.6750,Tisch 3,115,S1000183.83553,SALE,1,11.5,11.5,0.0,0.0,0.0,0.0,105,Garnelen-Kimchi-Bruger,Hauptgerichte,,MwSt. 7%,1.07,10.747664,0.752336,Normalverkauf
S1000183.83554,SP1000183.34.83554,SY1000183.2026.83554,iPad1(1000183),183,08.06.26 18:08,Prod,A1000183.6750,Tisch 3,115,S1000183.83554,SALE,2,3.9,7.8,0.0,0.0,0.0,0.0,119,Cola,Getränke,,MwSt. 19%,1.19,6.554622,1.245378,Normalverkauf
S1000183.83555,SP1000183.34.83555,SY1000183.2026.83555,iPad1(1000183),183,08.06.26 18:08,Prod,A1000183.6750,Tisch 3,115,S1000183.83555,SALE,1,11.9,11.9,0.0,0.0,0.0,0.0,110,Matjes-Baguette,Hauptgerichte,,MwSt. 7%,1.07,11.121495,0.778505,Normalverkauf
S1000183.83556,SP1000183.34.83556,SY1000183.2026.83556,iPad1(1000183),183,08.06.26 11:55,Prod,A1000183.6751,Tisch 11,104,S1000183.83556,SALE,1,14.5,14.5,0.0,0.0,0.0,0.0,101,Lachs,Hauptspeisen,,MwSt. 7%,1.07,13.551402,0.948598,Normalverkauf
S1000183.83557,SP1000183.34.83557,SY1000183.2026.83557,iPad1(1000183),183,08.06.26 11:55,Prod,A1000183.6751,Tisch 11,104,S1000183.83557,SALE,1,6.9,6.9,0.0,0.0,0.0,0.0,103,Fischbrötchen Räucherlachs,Hauptspeisen,,MwSt. 7%,1.07,6.448598,0.451402,Normalverkauf
S1000183.83558,SP1000183.34.83558,SY1000183.2026.83558,iPad1(1000183),183,08.06.26 08:11,Prod,A1000183.6752,,106,S1000183.83558,SALE,2,9.8,19.6,0.0,0.0,0.0,0.0,108,Seelachs-Ei-Baugette,Hauptgerichte,,MwSt. 7%,1.07,18.317757,1.282243,Normalverkauf
S1000183.83559,SP1000183.34.83559,SY1000183.2026.83559,iPad1(1000183),183,08.06.26 17:15,Prod,A1000183.6753,Tisch 18,115,S1000183.83559,SALE,1,10.9,10.9,0.0,0.0,0.0,0.0,107,Chicken Burger,Hauptgerichte,,MwSt. 7%,1.07,10.186916,0.713084,Normalverkauf
S1000183.83560,SP1000183.34.83560,SY1000183.2026.83560,iPad1(1000183),183,08.06.26 17:15,Prod,A1000183.6753,Tisch 18,115,S1000183.83560,SALE,2,6.9,13.8,0.0,0.0,0.0,0.0,113,Garnelen Box,Beilagen,,MwSt. 7%,1.07,12.897196,0.902804,Normalverkauf
S1000183.83561,SP1000183.34.83561,SY1000183.2026.83561,iPad1(1000183),183,08.06.26 17:15,Prod,A1000183.6753,Tisch 18,115,S1000183.83561,SALE,2,10.9,21.8,0.0,0.0,0.0,0.0,107,Chicken Burger,Hauptgerichte,,MwSt. 7%,1.07,20.373832,1.426168,Normalverkauf
S1000183.83562,SP1000183.34.83562,SY1000183.2026.83562,iPad1(1000183),183,08.06.26 18:08,Prod,A1000183.6754,,106,S1000183.83562,SALE,2,6.9,13.8,0.0,0.0,0.0,0.0,103,Fischbrötchen Räucherlachs,Hauptspeisen,,MwSt. 7%,1.07,12.897196,0.902804,Normalverkauf
S1000183.83563,SP1000183.34.83563,SY1000183.2026.83563,iPad1(1000183),183,08.06.26 18:08,Prod,A1000183.6754,,106,S1000183.83563,SALE,1,3.2,3.2,0.0,0.0,0.0,0.0,120,Apfelschorle,Getränke,,MwSt. 19%,1.19,2.689076,0.510924,Normalverkauf
S1000183.83564,SP1000183.34.83564,SY1000183.2026.83564,iPad1(1000183),183,08.06.26 16:23,Prod,A1000183.6755,Tisch 3,115,S1000183.83564,SALE,1,10.9,10.9,0.0,0.0,0.0,0.0,104,Thunfisch Wrap,Hauptgerichte,,MwSt. 7%,1.07,10.186916,0.713084,Normalverkauf
S1000183.83565,SP1000183.34.83565,SY1000183.2026.83565,iPad1(1000183),183,08.06.26 16:23,Prod,A1000183.6755,Tisch 3,115,S1000183.83565,SALE,2,10.9,21.8,0.0,0.0,0.0,0.0,107,Chicken Burger,Hauptgerichte,,MwSt. 7%,1.07,20.373832,1.426168,Normalverkauf
S1000183.83566,SP1000183.34.83566,SY1000183.2026.83566,iPad1(1000183),183,08.06.26 12:38,Prod,A1000183.6756,Tisch 10,115,S1000183.83566,SALE,2,11.5,23.0,0.0,0.0,0.0,0.0,105,Garnelen-Kimchi-Bruger,Hauptgerichte,,MwSt. 7%,1.07,21.495327,1.504673,Normalverkauf
S1000183.83567,SP1000183.34.83567,SY1000183.2026.83567,iPad1(1000183),183,08.06.26 12:38,Prod,A1000183.6756,Tisch 10,115,S1000183.83567,SALE,2,3.9,7.8,0.0,0.0,0.0,0.0,126,Spezi,Getränke,,MwSt. 19%,1.19,6.554622,1.245378,Normalverkauf
S1000183.83568,SP1000183.34.83568,SY1000183.2026.83568,iPad1(1000183),183,08.06.26 12:35,Prod,A1000183.6757,Tisch 10,111,S1000183.83568,VOID,1,3.9,3.9,0.0,0.0,0.0,0.0,126,Spezi,Getränke,,MwSt. 19%,1.19,3.277311,0.622689,Normalverkauf
S1000183.83569,SP1000183.34.83569,SY1000183.2026.83569,iPad1(1000183),183,08.06.26 12:20,Prod,A1000183.6758,Tisch 23,117,S1000183.83569,SALE,2,5.9,11.8,0.0,0.0,0.0,0.0,123,Inger-Limonade,Getränke,,MwSt. 19%,1.19,9.915966,1.884034,Normalverkauf
S1000183.83570,SP1000183.34.83570,SY1000183.2026.83570,iPad1(1000183),183,08.06.26 15:37,Prod,A1000183.6759,Tisch 13,104,S1000183.83570,SALE,1,6.5,6.5,0.0,0.0,0.0,0.0,100,Fischbrötchen Backfisch,Hauptspeisen,,MwSt. 7%,1.07,6.074766,0.425234,Normalverkauf
S1000183.83571,SP1000183.34.83571,SY1000183.2026.83571,iPad1(1000183),183,08.06.26 19:36,Prod,A1000183.6760,Tisch 15,115,S1000183.83571,SALE,2,6.5,13.0,0.0,0.0,0.0,0.0,100,Fischbrötchen Backfisch,Hauptspeisen,,MwSt. 7%,1.07,12.149533,0.850467,Normalverkauf
S1000183.83572,SP1000183.34.83572,SY1000183.2026.83572,iPad1(1000183),183,08.06.26 19:36,Prod,A1000183.6760,Tisch 15,115,S1000183.83572,SALE,2,5.9,11.8,0.0,0.0,0.0,0.0,117,Rote Grütze,Desserts,,MwSt. 7%,1.07,11.028037,0.771963,Normalverkauf
S1000183.83573,SP1000183.34.83573,SY1000183.2026.83573,iPad1(1000183),183,08.06.26 19:36,Prod,A1000183.6760,Tisch 15,115,S1000183.83573,SALE,1,14.5,14.5,0.0,0.0,0.0,0.0,101,Lachs,Hauptspeisen,,MwSt. 7%,1.07,13.551402,0.948598,Normalverkauf
S1000183.83574,SP1000183.34.83574,SY1000183.2026.83574,iPad1(1000183),183,08.06.26 15:47,Prod,A1000183.6761,Tisch 5,104,S1000183.83574,SALE,1,4.2,4.2,0.0,0.0,0.0,0.0,122,Bier,Getränke,,MwSt. 19%,1.19,3.529412,0.670588,Normalverkauf
S1000183.83575,SP1000183.34.83575,SY1000183.2026.83575,iPad1(1000183),183,08.06.26 15:47,Prod,A1000183.6761,Tisch 5,104,S1000183.83575,SALE,1,5.9,5.9,0.0,0.0,0.0,0.0,125,Zitronen-Limonade,Getränke,,MwSt. 19%,1.19,4.957983,0.942017,Normalverkauf
S1000183.83576,SP1000183.34.83576,SY1000183.2026.83576,iPad1(1000183),183,08.06.26 19:39,Prod,A1000183.6762,Tisch 18,104,S1000183.83576,SALE,2,10.9,21.8,0.0,0.0,0.0,0.0,104,Thunfisch Wrap,Hauptgerichte,,MwSt. 7%,1.07,20.373832,1.426168,Normalverkauf
S1000183.83577,SP1000183.34.83577,SY1000183.2026.83577,iPad1(1000183),183,08.06.26 19:39,Prod,A1000183.6762,Tisch 18,104,S1000183.83577,SALE,1,14.5,14.5,0.0,0.0,0.0,0.0,101,Lachs,Hauptspeisen,,MwSt. 7%,1.07,13.551402,0.948598,Normalverkauf
S1000183.83578,SP1000183.34.83578,SY1000183.2026.83578,iPad1(1000183),183,08.06.26 14:33,Prod,A1000183.6763,Tisch 10,111,S1000183.83578,SALE,2,2.8,5.6,0.0,0.0,0.0,0.0,121,Mineralwasser,Getränke,,MwSt. 19%,1.19,4.705882,0.894118,Normalverkauf
S1000183.83579,SP1000183.34.83579,SY1000183.2026.83579,iPad1(1000183),183,08.06.26 14:33,Prod,A1000183.6763,Tisch 10,111,S1000183.83579,SALE,2,5.9,11.8,0.0,0.0,0.0,0.0,117,Rote Grütze,Desserts,,MwSt. 7%,1.07,11.028037,0.771963,Normalverkauf
S1000183.83580,SP1000183.34.83580,SY1000183.2026.83580,iPad1(1000183),183,08.06.26 19:38,Prod,A1000183.6764,Tisch 11,115,S1000183.83580,SALE,1,10.9,10.9,0.0,0.0,0.0,0.0,107,Chicken Burger,Hauptgerichte,,MwSt. 7%,1.07,10.186916,0.713084,Normalverkauf
S1000183.83581,SP1000183.34.83581,SY1000183.2026.83581,iPad1(1000183),183,08.06.26 11:51,Prod,A1000183.6765,Tisch 15,115,S1000183.83581,SALE,1,2.8,2.8,0.0,0.0,0.0,0.0,121,Mineralwasser,Getränke,,MwSt. 19%,1.19,2.352941,0.447059,Normalverkauf
S1000183.83582,SP1000183.34.83582,SY1000183.2026.83582,iPad1(1000183),183,08.06.26 11:51,Prod,A1000183.6765,Tisch 15,115,S1000183.83582,SALE,1,11.5,11.5,0.0,0.0,0.0,0.0,105,Garnelen-Kimchi-Bruger,Hauptgerichte,,MwSt. 7%,1.07,10.747664,0.752336,Normalverkauf
S1000183.83583,SP1000183.34.83583,SY1000183.2026.83583,iPad1(1000183),183,08.06.26 11:51,Prod,A1000183.6765,Tisch 15,115,S1000183.83583,SALE,1,6.5,6.5,0.0,0.0,0.0,0.0,118,Schokokuchen,Desserts,,MwSt. 7%,1.07,6.074766,0.425234,Normalverkauf
S1000183.83584,SP1000183.34.83584,SY1000183.2026.83584,iPad1(1000183),183,08.06.26 17:20,Prod,A1000183.6766,Tisch 4,120,S1000183.83584,SALE,2,11.5,23.0,0.0,0.0,0.0,0.0,105,Garnelen-Kimchi-Bruger,Hauptgerichte,,MwSt. 7%,1.07,21.495327,1.504673,Normalverkauf
S1000183.83585,SP1000183.34.83585,SY1000183.2026.83585,iPad1(1000183),183,08.06.26 08:09,Prod,A1000183.6767,Tisch 19,106,S1000183.83585,SALE,1,11.9,11.9,0.0,0.0,0.0,0.0,110,Matjes-Baguette,Hauptgerichte,,MwSt. 7%,1.07,11.121495,0.778505,Normalverkauf
S1000183.83586,SP1000183.34.83586,SY1000183.2026.83586,iPad1(1000183),183,08.06.26 08:09,Prod,A1000183.6767,Tisch 19,106,S1000183.83586,SALE,1,3.2,3.2,0.0,0.0,0.0,0.0,120,Apfelschorle,Getränke,,MwSt. 19%,1.19,2.689076,0.510924,Normalverkauf
S1000183.83587,SP1000183.34.83587,SY1000183.2026.83587,iPad1(1000183),183,08.06.26 08:09,Prod,A1000183.6767,Tisch 19,106,S1000183.83587,SALE,1,4.9,4.9,0.0,0.0,0.0,0.0,112,Kartoffelwedges,Beilagen,,MwSt. 7%,1.07,4.579439,0.320561,Normalverkauf
S1000183.83588,SP1000183.34.83588,SY1000183.2026.83588,iPad1(1000183),183,08.06.26 16:42,Prod,A1000183.6768,Tisch 1,120,S1000183.83588,SALE,1,5.5,5.5,0.0,0.0,0.0,0.0,111,Pommes Frites,Beilagen,,MwSt. 7%,1.07,5.140187,0.359813,Normalverkauf
S1000183.83589,SP1000183.34.83589,SY1000183.2026.83589,iPad1(1000183),183,08.06.26 16:42,Prod,A1000183.6768,Tisch 1,120,S1000183.83589,SALE,2,2.8,5.6,0.0,0.0,0.0,0.0,121,Mineralwasser,Getränke,,MwSt. 19%,1.19,4.705882,0.894118,Normalverkauf
S1000183.83590,SP1000183.34.83590,SY1000183.2026.83590,iPad1(1000183),183,08.06.26 13:02,Prod,A1000183.6769,,115,S1000183.83590,SALE,2,5.9,11.8,0.0,0.0,0.0,0.0,125,Zitronen-Limonade,Getränke,,MwSt. 19%,1.19,9.915966,1.884034,Normalverkauf
S1000183.83591,SP1000183.34.83591,SY1000183.2026.83591,iPad1(1000183),183,08.06.26 20:39,Prod,A1000183.6770,Tisch 19,117,S1000183.83591,SALE,2,5.5,11.0,0.0,0.0,0.0,0.0,111,Pommes Frites,Beilagen,,MwSt. 7%,1.07,10.280374,0.719626,Normalverkauf
S1000183.83592,SP1000183.34.83592,SY1000183.2026.83592,iPad1(1000183),183,08.06.26 17:35,Prod,A1000183.6771,Tisch 14,115,S1000183.83592,SALE,1,6.5,6.5,0.0,0.0,0.0,0.0,100,Fischbrötchen Backfisch,Hauptspeisen,,MwSt. 7%,1.07,6.074766,0.425234,Normalverkauf
S1000183.83593,SP1000183.34.83593,SY1000183.2026.83593,iPad1(1000183),183,08.06.26 17:35,Prod,A1000183.6771,Tisch 14,115,S1000183.83593,SALE,2,3.2,6.4,0.0,0.0,0.0,0.0,120,Apfelschorle,Getränke,,MwSt. 19%,1.19,5.378151,1.021849,Normalverkauf
S1000183.83594,SP1000183.34.83594,SY1000183.2026.83594,iPad1(1000183),183,08.06.26 18:38,Prod,A1000183.6772,Tisch 8,117,S1000183.83594,SALE,1,3.9,3.9,0.0,0.0,0.0,0.0,124,Cola Zero,Getränke,,MwSt. 19%,1.19,3.277311,0.622689,Normalverkauf
S1000183.83595,SP1000183.34.83595,SY1000183.2026.83595,iPad1(1000183),183,08.06.26 08:20,Prod,A1000183.6773,Tisch 8,104,S1000183.83595,SALE,1,3.9,3.9,0.0,0.0,0.0,0.0,126,Spezi,Getränke,,MwSt. 19%,1.19,3.277311,0.622689,Normalverkauf
S1000183.83596,SP1000183.34.83596,SY1000183.2026.83596,iPad1(1000183),183,08.06.26 08:20,Prod,A1000183.6773,Tisch 8,104,S1000183.83596,SALE,1,5.9,5.9,0.0,0.0,0.0,0.0,117,Rote Grütze,Desserts,,MwSt. 7%,1.07,5.514019,0.385981,Normalverkauf
S1000183.83597,SP1000183.34.83597,SY1000183.2026.83597,iPad1(1000183),183,08.06.26 13:38,Prod,A1000183.6774,Tisch 1,115,S1000183.83597,SALE,1,3.9,3.9,0.0,0.0,0.0,0.0,124,Cola Zero,Getränke,,MwSt. 19%,1.19,3.277311,0.622689,Normalverkauf
S1000183.83598,SP1000183.34.83598,SY1000183.2026.83598,iPad1(1000183),183,08.06.26 13:38,Prod,A1000183.6774,Tisch 1,115,S1000183.83598,SALE,2,4.2,8.4,0.0,0.0,0.0,0.0,122,Bier,Getränke,,MwSt. 19%,1.19,7.058824,1.341176,Normalverkauf
S1000183.83599,SP1000183.34.83599,SY1000183.2026.83599,iPad1(1000183),183,08.06.26 19:26,Prod,A1000183.6775,Tisch 21,104,S1000183.83599,SALE,1,6.5,6.5,0.0,0.0,0.0,0.0,100,Fischbrötchen Backfisch,Hauptspeisen,,MwSt. 7%,1.07,6.074766,0.425234,Normalverkauf
S1000183.83600,SP1000183.34.83600,SY1000183.2026.83600,iPad1(1000183),183,08.06.26 11:03,Prod,A1000183.6776,Tisch 14,120,S1000183.83600,VOID,2,5.5,11.0,0.0,0.0,0.0,0.0,111,Pommes Frites,Beilagen,,MwSt. 7%,1.07,10.280374,0.719626,Normalverkauf
S1000183.83601,SP1000183.34.83601,SY1000183.2026.83601,iPad1(1000183),183,08.06.26 18:57,Prod,A1000183.6777,Tisch 14,115,S1000183.83601,SALE,1,10.9,10.9,0.0,0.0,0.0,0.0,109,Bismarck-Baguette,Hauptgerichte,,MwSt. 7%,1.07,10.186916,0.713084,Normalverkauf
S1000183.83602,SP1000183.34.83602,SY1000183.2026.83602,iPad1(1000183),183,08.06.26 18:57,Prod,A1000183.6777,Tisch 14,115,S1000183.83602,SALE,1,4.2,4.2,0.0,0.0,0.0,0.0,122,Bier,Getränke,,MwSt. 19%,1.19,3.529412,0.670588,Normalverkauf
S1000183.83603,SP1000183.34.83603,SY1000183.2026.83603,iPad1(1000183),183,08.06.26 18:57,Prod,A1000183.6777,Tisch 14,115,S1000183.83603,SALE,2,6.5,13.0,0.0,0.0,0.0,0.0,100,Fischbrötchen Backfisch,Hauptspeisen,,MwSt. 7%,1.07,12.149533,0.850467,Normalverkauf
S1000183.83604,SP1000183.34.83604,SY1000183.2026.83604,iPad1(1000183),183,08.06.26 08:42,Prod,A1000183.6778,Tisch 9,115,S1000183.83604,SALE,1,4.9,4.9,0.0,0.0,0.0,0.0,112,Kartoffelwedges,Beilagen,,MwSt. 7%,1.07,4.579439,0.320561,Normalverkauf
S1000183.83605,SP1000183.34.83605,SY1000183.2026.83605,iPad1(1000183),183,08.06.26 08:42,Prod,A1000183.6778,Tisch 9,115,S1000183.83605,SALE,1,2.8,2.8,0.0,0.0,0.0,0.0,121,Mineralwasser,Getränke,,MwSt. 19%,1.19,2.352941,0.447059,Normalverkauf
S1000183.83606,SP1000183.34.83606,SY1000183.2026.83606,iPad1(1000183),183,08.06.26 08:42,Prod,A1000183.6778,Tisch 9,115,S1000183.83606,SALE,1,11.5,11.5,0.0,0.0,0.0,0.0,105,Garnelen-Kimchi-Bruger,Hauptgerichte,,MwSt. 7%,1.07,10.747664,0.752336,Normalverkauf
S1000183.83607,SP1000183.34.83607,SY1000183.2026.83607,iPad1(1000183),183,08.06.26 13:57,Prod,A1000183.6779,Tisch 24,115,S1000183.83607,SALE,1,3.2,3.2,0.0,0.0,0.0,0.0,120,Apfelschorle,Getränke,,MwSt. 19%,1.19,2.689076,0.510924,Normalverkauf
S1000183.83608,SP1000183.34.83608,SY1000183.2026.83608,iPad1(1000183),183,08.06.26 17:33,Prod,A1000183.6780,,104,S1000183.83608,SALE,2,13.5,27.0,0.0,0.0,0.0,0.0,102,Matjes,Hauptspeisen,,MwSt. 7%,1.07,25.233645,1.766355,Normalverkauf
S1000183.83609,SP1000183.34.83609,SY1000183.2026.83609,iPad1(1000183),183,08.06.26 17:33,Prod,A1000183.6780,,104,S1000183.83609,SALE,2,6.9,13.8,0.0,0.0,0.0,0.0,113,Garnelen Box,Beilagen,,MwSt. 7%,1.07,12.897196,0.902804,Normalverkauf
S1000183.83610,SP1000183.34.83610,SY1000183.2026.83610,iPad1(1000183),183,08.06.26 14:24,Prod,A1000183.6781,,115,S1000183.83610,SALE,2,5.9,11.8,0.0,0.0,0.0,0.0,125,Zitronen-Limonade,Getränke,,MwSt. 19%,1.19,9.915966,1.884034,Normalverkauf
S1000183.83611,SP1000183.34.83611,SY1000183.2026.83611,iPad1(1000183),183,08.06.26 10:08,Prod,A1000183.6782,Tisch 5,104,S1000183.83611,SALE,2,3.9,7.8,0.0,0.0,0.0,0.0,119,Cola,Getränke,,MwSt. 19%,1.19,6.554622,1.245378,Normalverkauf
S1000183.83612,SP1000183.34.83612,SY1000183.2026.83612,iPad1(1000183),183,08.06.26 10:08,Prod,A1000183.6782,Tisch 5,104,S1000183.83612,SALE,1,6.9,6.9,0.0,0.0,0.0,0.0,113,Garnelen Box,Beilagen,,MwSt. 7%,1.07,6.448598,0.451402,Normalverkauf
S1000183.83613,SP1000183.34.83613,SY1000183.2026.83613,iPad1(1000183),183,08.06.26 10:08,Prod,A1000183.6782,Tisch 5,104,S1000183.83613,SALE,1,11.5,11.5,0.0,0.0,0.0,0.0,105,Garnelen-Kimchi-Bruger,Hauptgerichte,,MwSt. 7%,1.07,10.747664,0.752336,Normalverkauf
S1000183.83614,SP1000183.34.83614,SY1000183.2026.83614,iPad1(1000183),183,08.06.26 14:31,Prod,A1000183.6783,Tisch 8,115,S1000183.83614,SALE,1,3.9,3.9,0.0,0.0,0.0,0.0,124,Cola Zero,Getränke,,MwSt. 19%,1.19,3.277311,0.622689,Normalverkauf
S1000183.83615,SP1000183.34.83615,SY1000183.2026.83615,iPad1(1000183),183,08.06.26 14:31,Prod,A1000183.6783,Tisch 8,115,S1000183.83615,SALE,1,6.9,6.9,0.0,0.0,0.0,0.0,113,Garnelen Box,Beilagen,,MwSt. 7%,1.07,6.448598,0.451402,Normalverkauf
S1000183.83616,SP1000183.34.83616,SY1000183.2026.83616,iPad1(1000183),183,08.06.26 14:31,Prod,A1000183.6783,Tisch 8,115,S1000183.83616,SALE,2,5.5,11.0,0.0,0.0,0.0,0.0,111,Pommes Frites,Beilagen,,MwSt. 7%,1.07,10.280374,0.719626,Normalverkauf
S1000183.83617,SP1000183.34.83617,SY1000183.2026.83617,iPad1(1000183),183,08.06.26 13:38,Prod,A1000183.6784,Tisch 20,111,S1000183.83617,SALE,2,5.5,11.0,0.0,0.0,0.0,0.0,111,Pommes Frites,Beilagen,,MwSt. 7%,1.07,10.280374,0.719626,Normalverkauf
S1000183.83618,SP1000183.34.83618,SY1000183.2026.83618,iPad1(1000183),183,08.06.26 18:29,Prod,A1000183.6785,Tisch 13,111,S1000183.83618,SALE,2,9.8,19.6,0.0,0.0,0.0,0.0,108,Seelachs-Ei-Baugette,Hauptgerichte,,MwSt. 7%,1.07,18.317757,1.282243,Normalverkauf
S1000183.83619,SP1000183.34.83619,SY1000183.2026.83619,iPad1(1000183),183,08.06.26 11:36,Prod,A1000183.6786,Tisch 10,115,S1000183.83619,SALE,1,5.5,5.5,0.0,0.0,0.0,0.0,111,Pommes Frites,Beilagen,,MwSt. 7%,1.07,5.140187,0.359813,Normalverkauf
S1000183.83620,SP1000183.34.83620,SY1000183.2026.83620,iPad1(1000183),183,08.06.26 11:36,Prod,A1000183.6786,Tisch 10,115,S1000183.83620,SALE,2,9.8,19.6,0.0,0.0,0.0,0.0,108,Seelachs-Ei-Baugette,Hauptgerichte,,MwSt. 7%,1.07,18.317757,1.282243,Normalverkauf
S1000183.83621,SP1000183.34.83621,SY1000183.2026.83621,iPad1(1000183),183,08.06.26 11:36,Prod,A1000183.6786,Tisch 10,115,S1000183.83621,SALE,2,10.9,21.8,0.0,0.0,0.0,0.0,107,Chicken Burger,Hauptgerichte,,MwSt. 7%,1.07,20.373832,1.426168,Normalverkauf
S1000183.83622,SP1000183.34.83622,SY1000183.2026.83622,iPad1(1000183),183,08.06.26 12:41,Prod,A1000183.6787,Tisch 20,115,S1000183.83622,SALE,1,6.5,6.5,0.0,0.0,0.0,0.0,118,Schokokuchen,Desserts,,MwSt. 7%,1.07,6.074766,0.425234,Normalverkauf
S1000183.83623,SP1000183.34.83623,SY1000183.2026.83623,iPad1(1000183),183,08.06.26 12:41,Prod,A1000183.6787,Tisch 20,115,S1000183.83623,SALE,2,10.9,21.8,0.0,0.0,0.0,0.0,109,Bismarck-Baguette,Hauptgerichte,,MwSt. 7%,1.07,20.373832,1.426168,Normalverkauf
S1000183.83624,SP1000183.34.83624,SY1000183.2026.83624,iPad1(1000183),183,08.06.26 12:41,Prod,A1000183.6787,Tisch 20,115,S1000183.83624,SALE,2,3.9,7.8,0.0,0.0,0.0,0.0,126,Spezi,Getränke,,MwSt. 19%,1.19,6.554622,1.245378,Normalverkauf
S1000183.83625,SP1000183.34.83625,SY1000183.2026.83625,iPad1(1000183),183,08.06.26 18:38,Prod,A1000183.6788,Tisch 24,115,S1000183.83625,SALE,2,4.2,8.4,0.0,0.0,0.0,0.0,122,Bier,Getränke,,MwSt. 19%,1.19,7.058824,1.341176,Normalverkauf
S1000183.83626,SP1000183.34.83626,SY1000183.2026.83626,iPad1(1000183),183,08.06.26 18:38,Prod,A1000183.6788,Tisch 24,115,S1000183.83626,SALE,1,14.5,14.5,0.0,0.0,0.0,0.0,101,Lachs,Hauptspeisen,,MwSt. 7%,1.07,13.551402,0.948598,Normalverkauf
S1000183.83627,SP1000183.34.83627,SY1000183.2026.83627,iPad1(1000183),183,08.06.26 18:38,Prod,A1000183.6788,Tisch 24,115,S1000183.83627,SALE,1,7.9,7.9,0.0,0.0,0.0,0.0,115,Tiramisu,Desserts,,MwSt. 7%,1.07,7.383178,0.516822,Normalverkauf
S1000183.83628,SP1000183.34.83628,SY1000183.2026.83628,iPad1(1000183),183,08.06.26 17:50,Prod,A1000183.6789,Tisch 22,104,S1000183.83628,SALE,1,3.9,3.9,0.0,0.0,0.0,0.0,119,Cola,Getränke,,MwSt. 19%,1.19,3.277311,0.622689,Normalverkauf
S1000183.83629,SP1000183.34.83629,SY1000183.2026.83629,iPad1(1000183),183,08.06.26 17:50,Prod,A1000183.6789,Tisch 22,104,S1000183.83629,SALE,1,10.9,10.9,0.0,0.0,0.0,0.0,109,Bismarck-Baguette,Hauptgerichte,,MwSt. 7%,1.07,10.186916,0.713084,Normalverkauf
S1000183.83630,SP1000183.34.83630,SY1000183.2026.83630,iPad1(1000183),183,08.06.26 10:39,Prod,A1000183.6790,Tisch 24,117,S1000183.83630,SALE,2,6.9,13.8,0.0,0.0,0.0,0.0,103,Fischbrötchen Räucherlachs,Hauptspeisen,,MwSt. 7%,1.07,12.897196,0.902804,Normalverkauf
S1000183.83631,SP1000183.34.83631,SY1000183.2026.83631,iPad1(1000183),183,08.06.26 10:39,Prod,A1000183.6790,Tisch 24,117,S1000183.83631,SALE,1,13.5,13.5,0.0,0.0,0.0,0.0,102,Matjes,Hauptspeisen,,MwSt. 7%,1.07,12.616822,0.883178,Normalverkauf
S1000183.83632,SP1000183.34.83632,SY1000183.2026.83632,iPad1(1000183),183,08.06.26 10:39,Prod,A1000183.6790,Tisch 24,117,S1000183.83632,SALE,1,6.5,6.5,0.0,0.0,0.0,0.0,100,Fischbrötchen Backfisch,Hauptspeisen,,MwSt. 7%,1.07,6.074766,0.425234,Normalverkauf
S1000183.83633,SP1000183.34.83633,SY1000183.2026.83633,iPad1(1000183),183,08.06.26 11:24,Prod,A1000183.6791,Tisch 11,104,S1000183.83633,SALE,2,5.9,11.8,0.0,0.0,0.0,0.0,125,Zitronen-Limonade,Getränke,,MwSt. 19%,1.19,9.915966,1.884034,Normalverkauf
S1000183.83634,SP1000183.34.83634,SY1000183.2026.83634,iPad1(1000183),183,08.06.26 11:24,Prod,A1000183.6791,Tisch 11,104,S1000183.83634,SALE,2,5.9,11.8,0.0,0.0,0.0,0.0,117,Rote Grütze,Desserts,,MwSt. 7%,1.07,11.028037,0.771963,Normalverkauf
S1000183.83635,SP1000183.34.83635,SY1000183.2026.83635,iPad1(1000183),183,08.06.26 11:19,Prod,A1000183.6792,Tisch 23,111,S1000183.83635,SALE,2,3.9,7.8,0.0,0.0,0.0,0.0,126,Spezi,Getränke,,MwSt. 19%,1.19,6.554622,1.245378,Normalverkauf
S1000183.83636,SP1000183.34.83636,SY1000183.2026.83636,iPad1(1000183),183,08.06.26 11:19,Prod,A1000183.6792,Tisch 23,111,S1000183.83636,SALE,2,10.9,21.8,0.0,0.0,0.0,0.0,109,Bismarck-Baguette,Hauptgerichte,,MwSt. 7%,1.07,20.373832,1.426168,Normalverkauf
S1000183.83637,SP1000183.34.83637,SY1000183.2026.83637,iPad1(1000183),183,08.06.26 19:35,Prod,A1000183.6793,Tisch 6,117,S1000183.83637,SALE,1,5.9,5.9,0.0,0.0,0.0,0.0,125,Zitronen-Limonade,Getränke,,MwSt. 19%,1.19,4.957983,0.942017,Normalverkauf
S1000183.83638,SP1000183.34.83638,SY1000183.2026.83638,iPad1(1000183),183,08.06.26 19:35,Prod,A1000183.6793,Tisch 6,117,S1000183.83638,SALE,1,3.9,3.9,0.0,0.0,0.0,0.0,127,Alkoholfreies Bier,Getränke,,MwSt. 19%,1.19,3.277311,0.622689,Normalverkauf
S1000183.83639,SP1000183.34.83639,SY1000183.2026.83639,iPad1(1000183),183,08.06.26 19:35,Prod,A1000183.6793,Tisch 6,117,S1000183.83639,SALE,1,14.5,14.5,0.0,0.0,0.0,0.0,101,Lachs,Hauptspeisen,,MwSt. 7%,1.07,13.551402,0.948598,Normalverkauf
S1000183.83640,SP1000183.34.83640,SY1000183.2026.83640,iPad1(1000183),183,08.06.26 15:14,Prod,A1000183.6794,Tisch 5,117,S1000183.83640,SALE,2,9.8,19.6,0.0,0.0,0.0,0.0,108,Seelachs-Ei-Baugette,Hauptgerichte,,MwSt. 7%,1.07,18.317757,1.282243,Normalverkauf
S1000183.83641,SP1000183.34.83641,SY1000183.2026.83641,iPad1(1000183),183,08.06.26 15:14,Prod,A1000183.6794,Tisch 5,117,S1000183.83641,SALE,2,5.5,11.0,0.0,0.0,0.0,0.0,111,Pommes Frites,Beilagen,,MwSt. 7%,1.07,10.280374,0.719626,Normalverkauf
S1000183.83642,SP1000183.34.83642,SY1000183.2026.83642,iPad1(1000183),183,08.06.26 15:14,Prod,A1000183.6794,Tisch 5,117,S1000183.83642,SALE,1,3.2,3.2,0.0,0.0,0.0,0.0,120,Apfelschorle,Getränke,,MwSt. 19%,1.19,2.689076,0.510924,Normalverkauf
S1000183.83643,SP1000183.34.83643,SY1000183.2026.83643,iPad1(1000183),183,08.06.26 09:10,Prod,A1000183.6795,Tisch 10,111,S1000183.83643,SALE,2,3.9,7.8,0.0,0.0,0.0,0.0,119,Cola,Getränke,,MwSt. 19%,1.19,6.554622,1.245378,Normalverkauf
S1000183.83644,SP1000183.34.83644,SY1000183.2026.83644,iPad1(1000183),183,08.06.26 12:54,Prod,A1000183.6796,Tisch 19,117,S1000183.83644,SALE,1,3.2,3.2,0.0,0.0,0.0,0.0,120,Apfelschorle,Getränke,,MwSt. 19%,1.19,2.689076,0.510924,Normalverkauf
S1000183.83645,SP1000183.34.83645,SY1000183.2026.83645,iPad1(1000183),183,08.06.26 12:54,Prod,A1000183.6796,Tisch 19,117,S1000183.83645,SALE,1,5.5,5.5,0.0,0.0,0.0,0.0,111,Pommes Frites,Beilagen,,MwSt. 7%,1.07,5.140187,0.359813,Normalverkauf
S1000183.83646,SP1000183.34.83646,SY1000183.2026.83646,iPad1(1000183),183,08.06.26 12:54,Prod,A1000183.6796,Tisch 19,117,S1000183.83646,SALE,1,6.9,6.9,0.0,0.0,0.0,0.0,103,Fischbrötchen Räucherlachs,Hauptspeisen,,MwSt. 7%,1.07,6.448598,0.451402,Normalverkauf
S1000183.83647,SP1000183.34.83647,SY1000183.2026.83647,iPad1(1000183),183,08.06.26 20:30,Prod,A1000183.6797,Tisch 2,111,S1000183.83647,SALE,2,6.5,13.0,0.0,0.0,0.0,0.0,100,Fischbrötchen Backfisch,Hauptspeisen,,MwSt. 7%,1.07,12.149533,0.850467,Normalverkauf
S1000183.83648,SP1000183.34.83648,SY1000183.2026.83648,iPad1(1000183),183,08.06.26 20:30,Prod,A1000183.6797,Tisch 2,111,S1000183.83648,SALE,2,5.5,11.0,0.0,0.0,0.0,0.0,111,Pommes Frites,Beilagen,,MwSt. 7%,1.07,10.280374,0.719626,Normalverkauf
S1000183.83649,SP1000183.34.83649,SY1000183.2026.83649,iPad1(1000183),183,08.06.26 19:18,Prod,A1000183.6798,,115,S1000183.83649,SALE,1,5.9,5.9,0.0,0.0,0.0,0.0,125,Zitronen-Limonade,Getränke,,MwSt. 19%,1.19,4.957983,0.942017,Normalverkauf
S1000183.83650,SP1000183.34.83650,SY1000183.2026.83650,iPad1(1000183),183,08.06.26 19:18,Prod,A1000183.6798,,115,S1000183.83650,SALE,2,5.5,11.0,0.0,0.0,0.0,0.0,111,Pommes Frites,Beilagen,,MwSt. 7%,1.07,10.280374,0.719626,Normalverkauf
S1000183.83651,SP1000183.34.83651,SY1000183.2026.83651,iPad1(1000183),183,08.06.26 17:26,Prod,A1000183.6799,Tisch 17,106,S1000183.83651,SALE,1,6.5,6.5,0.0,0.0,0.0,0.0,100,Fischbrötchen Backfisch,Hauptspeisen,,MwSt. 7%,1.07,6.074766,0.425234,Normalverkauf
S1000183.83652,SP1000183.34.83652,SY1000183.2026.83652,iPad1(1000183),183,08.06.26 17:26,Prod,A1000183.6799,Tisch 17,106,S1000183.83652,SALE,2,3.2,6.4,0.0,0.0,0.0,0.0,120,Apfelschorle,Getränke,,MwSt. 19%,1.19,5.378151,1.021849,Normalverkauf
S1000183.83653,SP1000183.34.83653,SY1000183.2026.83653,iPad1(1000183),183,08.06.26 17:26,Prod,A1000183.6799,Tisch 17,106,S1000183.83653,SALE,1,3.9,3.9,0.0,0.0,0.0,0.0,119,Cola,Getränke,,MwSt. 19%,1.19,3.277311,0.622689,Normalverkauf
S1000183.83654,SP1000183.34.83654,SY1000183.2026.83654,iPad1(1000183),183,08.06.26 19:18,Prod,A1000183.6800,Tisch 5,106,S1000183.83654,SALE,2,3.9,7.8,0.0,0.0,0.0,0.0,124,Cola Zero,Getränke,,MwSt. 19%,1.19,6.554622,1.245378,Normalverkauf
S1000183.83655,SP1000183.34.83655,SY1000183.2026.83655,iPad1(1000183),183,08.06.26 19:18,Prod,A1000183.6800,Tisch 5,106,S1000183.83655,SALE,2,2.8,5.6,0.0,0.0,0.0,0.0,121,Mineralwasser,Getränke,,MwSt. 19%,1.19,4.705882,0.894118,Normalverkauf
S1000183.83656,SP1000183.34.83656,SY1000183.2026.83656,iPad1(1000183),183,08.06.26 19:18,Prod,A1000183.6800,Tisch 5,106,S1000183.83656,SALE,1,6.5,6.5,0.0,0.0,0.0,0.0,100,Fischbrötchen Backfisch,Hauptspeisen,,MwSt. 7%,1.07,6.074766,0.425234,Normalverkauf
S1000183.83657,SP1000183.34.83657,SY1000183.2026.83657,iPad1(1000183),183,08.06.26 17:44,Prod,A1000183.6801,Tisch 23,115,S1000183.83657,SALE,2,3.9,7.8,0.0,0.0,0.0,0.0,124,Cola Zero,Getränke,,MwSt. 19%,1.19,6.554622,1.245378,Normalverkauf
S1000183.83658,SP1000183.34.83658,SY1000183.2026.83658,iPad1(1000183),183,08.06.26 17:44,Prod,A1000183.6801,Tisch 23,115,S1000183.83658,SALE,1,3.2,3.2,0.0,0.0,0.0,0.0,120,Apfelschorle,Getränke,,MwSt. 19%,1.19,2.689076,0.510924,Normalverkauf
S1000183.83659,SP1000183.34.83659,SY1000183.2026.83659,iPad1(1000183),183,08.06.26 15:47,Prod,A1000183.6802,,111,S1000183.83659,SALE,2,3.9,7.8,0.0,0.0,0.0,0.0,124,Cola Zero,Getränke,,MwSt. 19%,1.19,6.554622,1.245378,Normalverkauf
S1000183.83660,SP1000183.34.83660,SY1000183.2026.83660,iPad1(1000183),183,08.06.26 15:47,Prod,A1000183.6802,,111,S1000183.83660,SALE,2,13.5,27.0,0.0,0.0,0.0,0.0,102,Matjes,Hauptspeisen,,MwSt. 7%,1.07,25.233645,1.766355,Normalverkauf
S1000183.83661,SP1000183.34.83661,SY1000183.2026.83661,iPad1(1000183),183,08.06.26 11:15,Prod,A1000183.6803,Tisch 14,111,S1000183.83661,SALE,1,5.9,5.9,0.0,0.0,0.0,0.0,116,Vanillequark,Desserts,,MwSt. 7%,1.07,5.514019,0.385981,Normalverkauf
S1000183.83662,SP1000183.34.83662,SY1000183.2026.83662,iPad1(1000183),183,08.06.26 11:15,Prod,A1000183.6803,Tisch 14,111,S1000183.83662,SALE,2,5.5,11.0,0.0,0.0,0.0,0.0,111,Pommes Frites,Beilagen,,MwSt. 7%,1.07,10.280374,0.719626,Normalverkauf
S1000183.83663,SP1000183.34.83663,SY1000183.2026.83663,iPad1(1000183),183,08.06.26 20:29,Prod,A1000183.6804,Tisch 3,120,S1000183.83663,VOID,1,3.2,3.2,0.0,0.0,0.0,0.0,120,Apfelschorle,Getränke,,MwSt. 19%,1.19,2.689076,0.510924,Normalverkauf
S1000183.83664,SP1000183.34.83664,SY1000183.2026.83664,iPad1(1000183),183,08.06.26 20:29,Prod,A1000183.6804,Tisch 3,120,S1000183.83664,VOID,1,13.5,13.5,0.0,0.0,0.0,0.0,102,Matjes,Hauptspeisen,,MwSt. 7%,1.07,12.616822,0.883178,Normalverkauf
S1000183.83665,SP1000183.34.83665,SY1000183.2026.83665,iPad1(1000183),183,08.06.26 20:11,Prod,A1000183.6805,Tisch 12,115,S1000183.83665,SALE,2,2.8,5.6,0.0,0.0,0.0,0.0,121,Mineralwasser,Getränke,,MwSt. 19%,1.19,4.705882,0.894118,Normalverkauf
S1000183.83666,SP1000183.34.83666,SY1000183.2026.83666,iPad1(1000183),183,08.06.26 20:11,Prod,A1000183.6805,Tisch 12,115,S1000183.83666,SALE,1,5.9,5.9,0.0,0.0,0.0,0.0,125,Zitronen-Limonade,Getränke,,MwSt. 19%,1.19,4.957983,0.942017,Normalverkauf
S1000183.83667,SP1000183.34.83667,SY1000183.2026.83667,iPad1(1000183),183,08.06.26 20:11,Prod,A1000183.6805,Tisch 12,115,S1000183.83667,SALE,1,6.5,6.5,0.0,0.0,0.0,0.0,100,Fischbrötchen Backfisch,Hauptspeisen,,MwSt. 7%,1.07,6.074766,0.425234,Normalverkauf
S1000183.83668,SP1000183.34.83668,SY1000183.2026.83668,iPad1(1000183),183,08.06.26 19:40,Prod,A1000183.6806,Tisch 8,115,S1000183.83668,SALE,1,3.9,3.9,0.0,0.0,0.0,0.0,127,Alkoholfreies Bier,Getränke,,MwSt. 19%,1.19,3.277311,0.622689,Normalverkauf
S1000183.83669,SP1000183.34.83669,SY1000183.2026.83669,iPad1(1000183),183,08.06.26 19:40,Prod,A1000183.6806,Tisch 8,115,S1000183.83669,SALE,2,10.9,21.8,0.0,0.0,0.0,0.0,104,Thunfisch Wrap,Hauptgerichte,,MwSt. 7%,1.07,20.373832,1.426168,Normalverkauf
S1000183.83670,SP1000183.34.83670,SY1000183.2026.83670,iPad1(1000183),183,08.06.26 20:02,Prod,A1000183.6807,Tisch 18,117,S1000183.83670,SALE,2,10.9,21.8,0.0,0.0,0.0,0.0,107,Chicken Burger,Hauptgerichte,,MwSt. 7%,1.07,20.373832,1.426168,Normalverkauf
S1000183.83671,SP1000183.34.83671,SY1000183.2026.83671,iPad1(1000183),183,08.06.26 20:02,Prod,A1000183.6807,Tisch 18,117,S1000183.83671,SALE,2,10.9,21.8,0.0,0.0,0.0,0.0,109,Bismarck-Baguette,Hauptgerichte,,MwSt. 7%,1.07,20.373832,1.426168,Normalverkauf
S1000183.83672,SP1000183.34.83672,SY1000183.2026.83672,iPad1(1000183),183,08.06.26 20:02,Prod,A1000183.6807,Tisch 18,117,S1000183.83672,SALE,2,4.2,8.4,0.0,0.0,0.0,0.0,122,Bier,Getränke,,MwSt. 19%,1.19,7.058824,1.341176,Normalverkauf
S1000183.83673,SP1000183.34.83673,SY1000183.2026.83673,iPad1(1000183),183,08.06.26 20:55,Prod,A1000183.6808,,115,S1000183.83673,SALE,2,3.9,7.8,0.0,0.0,0.0,0.0,119,Cola,Getränke,,MwSt. 19%,1.19,6.554622,1.245378,Normalverkauf
S1000183.83674,SP1000183.34.83674,SY1000183.2026.83674,iPad1(1000183),183,08.06.26 20:55,Prod,A1000183.6808,,115,S1000183.83674,SALE,2,10.9,21.8,0.0,0.0,0.0,0.0,107,Chicken Burger,Hauptgerichte,,MwSt. 7%,1.07,20.373832,1.426168,Normalverkauf
S1000183.83675,SP1000183.34.83675,SY1000183.2026.83675,iPad1(1000183),183,08.06.26 20:55,Prod,A1000183.6808,,115,S1000183.83675,SALE,1,5.5,5.5,0.0,0.0,0.0,0.0,111,Pommes Frites,Beilagen,,MwSt. 7%,1.07,5.140187,0.359813,Normalverkauf
S1000183.83676,SP1000183.34.83676,SY1000183.2026.83676,iPad1(1000183),183,08.06.26 11:08,Prod,A1000183.6809,Tisch 19,120,S1000183.83676,SALE,2,6.5,13.0,0.0,0.0,0.0,0.0,100,Fischbrötchen Backfisch,Hauptspeisen,,MwSt. 7%,1.07,12.149533,0.850467,Normalverkauf
S1000183.83677,SP1000183.34.83677,SY1000183.2026.83677,iPad1(1000183),183,08.06.26 11:08,Prod,A1000183.6809,Tisch 19,120,S1000183.83677,SALE,1,3.9,3.9,0.0,0.0,0.0,0.0,126,Spezi,Getränke,,MwSt. 19%,1.19,3.277311,0.622689,Normalverkauf
S1000183.83678,SP1000183.34.83678,SY1000183.2026.83678,iPad1(1000183),183,08.06.26 13:40,Prod,A1000183.6810,,111,S1000183.83678,SALE,2,6.5,13.0,0.0,0.0,0.0,0.0,100,Fischbrötchen Backfisch,Hauptspeisen,,MwSt. 7%,1.07,12.149533,0.850467,Normalverkauf
S1000183.83679,SP1000183.34.83679,SY1000183.2026.83679,iPad1(1000183),183,08.06.26 13:40,Prod,A1000183.6810,,111,S1000183.83679,SALE,2,3.9,7.8,0.0,0.0,0.0,0.0,119,Cola,Getränke,,MwSt. 19%,1.19,6.554622,1.245378,Normalverkauf
S1000183.83680,SP1000183.34.83680,SY1000183.2026.83680,iPad1(1000183),183,08.06.26 13:40,Prod,A1000183.6810,,111,S1000183.83680,SALE,1,14.5,14.5,0.0,0.0,0.0,0.0,101,Lachs,Hauptspeisen,,MwSt. 7%,1.07,13.551402,0.948598,Normalverkauf
S1000183.83681,SP1000183.34.83681,SY1000183.2026.83681,iPad1(1000183),183,08.06.26 11:32,Prod,A1000183.6811,Tisch 16,104,S1000183.83681,SALE,2,4.2,8.4,0.0,0.0,0.0,0.0,122,Bier,Getränke,,MwSt. 19%,1.19,7.058824,1.341176,Normalverkauf
S1000183.83682,SP1000183.34.83682,SY1000183.2026.83682,iPad1(1000183),183,08.06.26 18:21,Prod,A1000183.6812,Tisch 24,120,S1000183.83682,SALE,1,4.2,4.2,0.0,0.0,0.0,0.0,122,Bier,Getränke,,MwSt. 19%,1.19,3.529412,0.670588,Normalverkauf
S1000183.83683,SP1000183.34.83683,SY1000183.2026.83683,iPad1(1000183),183,08.06.26 18:21,Prod,A1000183.6812,Tisch 24,120,S1000183.83683,SALE,2,4.9,9.8,0.0,0.0,0.0,0.0,112,Kartoffelwedges,Beilagen,,MwSt. 7%,1.07,9.158879,0.641121,Normalverkauf
S1000183.83684,SP1000183.34.83684,SY1000183.2026.83684,iPad1(1000183),183,08.06.26 18:54,Prod,A1000183.6813,Tisch 8,104,S1000183.83684,SALE,1,6.9,6.9,0.0,0.0,0.0,0.0,113,Garnelen Box,Beilagen,,MwSt. 7%,1.07,6.448598,0.451402,Normalverkauf
S1000183.83685,SP1000183.34.83685,SY1000183.2026.83685,iPad1(1000183),183,08.06.26 19:44,Prod,A1000183.6814,Tisch 21,106,S1000183.83685,SALE,2,3.9,7.8,0.0,0.0,0.0,0.0,119,Cola,Getränke,,MwSt. 19%,1.19,6.554622,1.245378,Normalverkauf
S1000183.83686,SP1000183.34.83686,SY1000183.2026.83686,iPad1(1000183),183,08.06.26 19:44,Prod,A1000183.6814,Tisch 21,106,S1000183.83686,SALE,1,3.9,3.9,0.0,0.0,0.0,0.0,124,Cola Zero,Getränke,,MwSt. 19%,1.19,3.277311,0.622689,Normalverkauf
S1000183.83687,SP1000183.34.83687,SY1000183.2026.83687,iPad1(1000183),183,08.06.26 19:50,Prod,A1000183.6815,,120,S1000183.83687,SALE,1,10.9,10.9,0.0,0.0,0.0,0.0,107,Chicken Burger,Hauptgerichte,,MwSt. 7%,1.07,10.186916,0.713084,Normalverkauf
S1000183.83688,SP1000183.34.83688,SY1000183.2026.83688,iPad1(1000183),183,08.06.26 19:50,Prod,A1000183.6815,,120,S1000183.83688,SALE,1,5.9,5.9,0.0,0.0,0.0,0.0,117,Rote Grütze,Desserts,,MwSt. 7%,1.07,5.514019,0.385981,Normalverkauf
S1000183.83689,SP1000183.34.83689,SY1000183.2026.83689,iPad1(1000183),183,08.06.26 19:50,Prod,A1000183.6815,,120,S1000183.83689,SALE,1,10.9,10.9,0.0,0.0,0.0,0.0,109,Bismarck-Baguette,Hauptgerichte,,MwSt. 7%,1.07,10.186916,0.713084,Normalverkauf
S1000183.83690,SP1000183.34.83690,SY1000183.2026.83690,iPad1(1000183),183,08.06.26 18:10,Prod,A1000183.6816,Tisch 3,115,S1000183.83690,SALE,1,10.9,10.9,0.0,0.0,0.0,0.0,107,Chicken Burger,Hauptgerichte,,MwSt. 7%,1.07,10.186916,0.713084,Normalverkauf
S1000183.83691,SP1000183.34.83691,SY1000183.2026.83691,iPad1(1000183),183,08.06.26 18:10,Prod,A1000183.6816,Tisch 3,115,S1000183.83691,SALE,2,5.5,11.0,0.0,0.0,0.0,0.0,111,Pommes Frites,Beilagen,,MwSt. 7%,1.07,10.280374,0.719626,Normalverkauf
S1000183.83692,SP1000183.34.83692,SY1000183.2026.83692,iPad1(1000183),183,08.06.26 13:22,Prod,A1000183.6817,Tisch 24,106,S1000183.83692,SALE,1,4.2,4.2,0.0,0.0,0.0,0.0,122,Bier,Getränke,,MwSt. 19%,1.19,3.529412,0.670588,Normalverkauf
S1000183.83693,SP1000183.34.83693,SY1000183.2026.83693,iPad1(1000183),183,08.06.26 13:22,Prod,A1000183.6817,Tisch 24,106,S1000183.83693,SALE,1,10.9,10.9,0.0,0.0,0.0,0.0,107,Chicken Burger,Hauptgerichte,,MwSt. 7%,1.07,10.186916,0.713084,Normalverkauf
S1000183.83694,SP1000183.34.83694,SY1000183.2026.83694,iPad1(1000183),183,08.06.26 20:32,Prod,A1000183.6818,Tisch 1,120,S1000183.83694,SALE,2,6.5,13.0,0.0,0.0,0.0,0.0,100,Fischbrötchen Backfisch,Hauptspeisen,,MwSt. 7%,1.07,12.149533,0.850467,Normalverkauf
S1000183.83695,SP1000183.34.83695,SY1000183.2026.83695,iPad1(1000183),183,08.06.26 20:32,Prod,A1000183.6818,Tisch 1,120,S1000183.83695,SALE,2,10.9,21.8,0.0,0.0,0.0,0.0,109,Bismarck-Baguette,Hauptgerichte,,MwSt. 7%,1.07,20.373832,1.426168,Normalverkauf
S1000183.83696,SP1000183.34.83696,SY1000183.2026.83696,iPad1(1000183),183,08.06.26 20:32,Prod,A1000183.6818,Tisch 1,120,S1000183.83696,SALE,2,4.2,8.4,0.0,0.0,0.0,0.0,122,Bier,Getränke,,MwSt. 19%,1.19,7.058824,1.341176,Normalverkauf
S1000183.83697,SP1000183.34.83697,SY1000183.2026.83697,iPad1(1000183),183,08.06.26 16:36,Prod,A1000183.6819,Tisch 19,115,S1000183.83697,SALE,2,3.9,7.8,0.0,0.0,0.0,0.0,119,Cola,Getränke,,MwSt. 19%,1.19,6.554622,1.245378,Normalverkauf
S1000183.83698,SP1000183.34.83698,SY1000183.2026.83698,iPad1(1000183),183,08.06.26 18:37,Prod,A1000183.6820,Tisch 20,120,S1000183.83698,SALE,1,10.9,10.9,0.0,0.0,0.0,0.0,109,Bismarck-Baguette,Hauptgerichte,,MwSt. 7%,1.07,10.186916,0.713084,Normalverkauf
S1000183.83699,SP1000183.34.83699,SY1000183.2026.83699,iPad1(1000183),183,08.06.26 18:37,Prod,A1000183.6820,Tisch 20,120,S1000183.83699,SALE,2,14.5,29.0,0.0,0.0,0.0,0.0,101,Lachs,Hauptspeisen,,MwSt. 7%,1.07,27.102804,1.897196,Normalverkauf
S1000183.83700,SP1000183.34.83700,SY1000183.2026.83700,iPad1(1000183),183,08.06.26 10:49,Prod,A1000183.6821,,111,S1000183.83700,SALE,1,14.5,14.5,0.0,0.0,0.0,0.0,101,Lachs,Hauptspeisen,,MwSt. 7%,1.07,13.551402,0.948598,Normalverkauf
S1000183.83701,SP1000183.34.83701,SY1000183.2026.83701,iPad1(1000183),183,08.06.26 17:30,Prod,A1000183.6822,Tisch 15,106,S1000183.83701,SALE,2,11.5,23.0,0.0,0.0,0.0,0.0,105,Garnelen-Kimchi-Bruger,Hauptgerichte,,MwSt. 7%,1.07,21.495327,1.504673,Normalverkauf
S1000183.83702,SP1000183.34.83702,SY1000183.2026.83702,iPad1(1000183),183,08.06.26 17:30,Prod,A1000183.6822,Tisch 15,106,S1000183.83702,SALE,1,9.8,9.8,0.0,0.0,0.0,0.0,108,Seelachs-Ei-Baugette,Hauptgerichte,,MwSt. 7%,1.07,9.158879,0.641121,Normalverkauf
S1000183.83703,SP1000183.34.83703,SY1000183.2026.83703,iPad1(1000183),183,08.06.26 20:00,Prod,A1000183.6823,Tisch 22,106,S1000183.83703,SALE,1,4.9,4.9,0.0,0.0,0.0,0.0,112,Kartoffelwedges,Beilagen,,MwSt. 7%,1.07,4.579439,0.320561,Normalverkauf
S1000183.83704,SP1000183.34.83704,SY1000183.2026.83704,iPad1(1000183),183,08.06.26 19:05,Prod,A1000183.6824,Tisch 11,104,S1000183.83704,SALE,2,3.9,7.8,0.0,0.0,0.0,0.0,124,Cola Zero,Getränke,,MwSt. 19%,1.19,6.554622,1.245378,Normalverkauf
S1000183.83705,SP1000183.34.83705,SY1000183.2026.83705,iPad1(1000183),183,08.06.26 19:05,Prod,A1000183.6824,Tisch 11,104,S1000183.83705,SALE,2,11.5,23.0,0.0,0.0,0.0,0.0,105,Garnelen-Kimchi-Bruger,Hauptgerichte,,MwSt. 7%,1.07,21.495327,1.504673,Normalverkauf
S1000183.83706,SP1000183.34.83706,SY1000183.2026.83706,iPad1(1000183),183,08.06.26 12:40,Prod,A1000183.6825,Tisch 10,111,S1000183.83706,SALE,2,3.9,7.8,0.0,0.0,0.0,0.0,126,Spezi,Getränke,,MwSt. 19%,1.19,6.554622,1.245378,Normalverkauf
S1000183.83707,SP1000183.34.83707,SY1000183.2026.83707,iPad1(1000183),183,08.06.26 12:40,Prod,A1000183.6825,Tisch 10,111,S1000183.83707,SALE,2,5.9,11.8,0.0,0.0,0.0,0.0,125,Zitronen-Limonade,Getränke,,MwSt. 19%,1.19,9.915966,1.884034,Normalverkauf
S1000183.83708,SP1000183.34.83708,SY1000183.2026.83708,iPad1(1000183),183,08.06.26 12:40,Prod,A1000183.6825,Tisch 10,111,S1000183.83708,SALE,2,10.9,21.8,0.0,0.0,0.0,0.0,107,Chicken Burger,Hauptgerichte,,MwSt. 7%,1.07,20.373832,1.426168,Normalverkauf
S1000183.83709,SP1000183.34.83709,SY1000183.2026.83709,iPad1(1000183),183,08.06.26 12:51,Prod,A1000183.6826,Tisch 1,115,S1000183.83709,SALE,1,5.9,5.9,0.0,0.0,0.0,0.0,125,Zitronen-Limonade,Getränke,,MwSt. 19%,1.19,4.957983,0.942017,Normalverkauf
S1000183.83710,SP1000183.34.83710,SY1000183.2026.83710,iPad1(1000183),183,08.06.26 12:51,Prod,A1000183.6826,Tisch 1,115,S1000183.83710,SALE,2,10.9,21.8,0.0,0.0,0.0,0.0,107,Chicken Burger,Hauptgerichte,,MwSt. 7%,1.07,20.373832,1.426168,Normalverkauf
S1000183.83711,SP1000183.34.83711,SY1000183.2026.83711,iPad1(1000183),183,08.06.26 12:51,Prod,A1000183.6826,Tisch 1,115,S1000183.83711,SALE,2,3.2,6.4,0.0,0.0,0.0,0.0,120,Apfelschorle,Getränke,,MwSt. 19%,1.19,5.378151,1.021849,Normalverkauf
S1000183.83712,SP1000183.34.83712,SY1000183.2026.83712,iPad1(1000183),183,08.06.26 10:21,Prod,A1000183.6827,Tisch 15,111,S1000183.83712,SALE,1,2.8,2.8,0.0,0.0,0.0,0.0,121,Mineralwasser,Getränke,,MwSt. 19%,1.19,2.352941,0.447059,Normalverkauf
S1000183.83713,SP1000183.34.83713,SY1000183.2026.83713,iPad1(1000183),183,08.06.26 10:21,Prod,A1000183.6827,Tisch 15,111,S1000183.83713,SALE,1,5.9,5.9,0.0,0.0,0.0,0.0,117,Rote Grütze,Desserts,,MwSt. 7%,1.07,5.514019,0.385981,Normalverkauf
S1000183.83714,SP1000183.34.83714,SY1000183.2026.83714,iPad1(1000183),183,08.06.26 11:06,Prod,A1000183.6828,Tisch 12,115,S1000183.83714,SALE,1,4.2,4.2,0.0,0.0,0.0,0.0,122,Bier,Getränke,,MwSt. 19%,1.19,3.529412,0.670588,Normalverkauf
S1000183.83715,SP1000183.34.83715,SY1000183.2026.83715,iPad1(1000183),183,08.06.26 11:06,Prod,A1000183.6828,Tisch 12,115,S1000183.83715,SALE,1,11.5,11.5,0.0,0.0,0.0,0.0,105,Garnelen-Kimchi-Bruger,Hauptgerichte,,MwSt. 7%,1.07,10.747664,0.752336,Normalverkauf
S1000183.83716,SP1000183.34.83716,SY1000183.2026.83716,iPad1(1000183),183,08.06.26 11:06,Prod,A1000183.6828,Tisch 12,115,S1000183.83716,SALE,2,3.2,6.4,0.0,0.0,0.0,0.0,120,Apfelschorle,Getränke,,MwSt. 19%,1.19,5.378151,1.021849,Normalverkauf
S1000183.83717,SP1000183.34.83717,SY1000183.2026.83717,iPad1(1000183),183,08.06.26 12:41,Prod,A1000183.6829,Tisch 22,115,S1000183.83717,SALE,1,3.2,3.2,0.0,0.0,0.0,0.0,120,Apfelschorle,Getränke,,MwSt. 19%,1.19,2.689076,0.510924,Normalverkauf
S1000183.83718,SP1000183.34.83718,SY1000183.2026.83718,iPad1(1000183),183,08.06.26 12:41,Prod,A1000183.6829,Tisch 22,115,S1000183.83718,SALE,2,6.9,13.8,0.0,0.0,0.0,0.0,113,Garnelen Box,Beilagen,,MwSt. 7%,1.07,12.897196,0.902804,Normalverkauf
S1000183.83719,SP1000183.34.83719,SY1000183.2026.83719,iPad1(1000183),183,08.06.26 12:41,Prod,A1000183.6829,Tisch 22,115,S1000183.83719,SALE,2,10.9,21.8,0.0,0.0,0.0,0.0,107,Chicken Burger,Hauptgerichte,,MwSt. 7%,1.07,20.373832,1.426168,Normalverkauf
S1000183.83720,SP1000183.34.83720,SY1000183.2026.83720,iPad1(1000183),183,08.06.26 11:52,Prod,A1000183.6830,Tisch 5,117,S1000183.83720,SALE,1,5.5,5.5,0.0,0.0,0.0,0.0,114,Fisch Nuggets Box,Beilagen,,MwSt. 7%,1.07,5.140187,0.359813,Normalverkauf
S1000183.83721,SP1000183.34.83721,SY1000183.2026.83721,iPad1(1000183),183,08.06.26 11:52,Prod,A1000183.6830,Tisch 5,117,S1000183.83721,SALE,1,14.5,14.5,0.0,0.0,0.0,0.0,101,Lachs,Hauptspeisen,,MwSt. 7%,1.07,13.551402,0.948598,Normalverkauf
S1000183.83722,SP1000183.34.83722,SY1000183.2026.83722,iPad1(1000183),183,08.06.26 11:52,Prod,A1000183.6830,Tisch 5,117,S1000183.83722,SALE,2,3.9,7.8,0.0,0.0,0.0,0.0,126,Spezi,Getränke,,MwSt. 19%,1.19,6.554622,1.245378,Normalverkauf
S1000183.83723,SP1000183.34.83723,SY1000183.2026.83723,iPad1(1000183),183,08.06.26 19:23,Prod,A1000183.6831,Tisch 8,115,S1000183.83723,SALE,1,5.5,5.5,0.0,0.0,0.0,0.0,111,Pommes Frites,Beilagen,,MwSt. 7%,1.07,5.140187,0.359813,Normalverkauf
S1000183.83724,SP1000183.34.83724,SY1000183.2026.83724,iPad1(1000183),183,08.06.26 19:23,Prod,A1000183.6831,Tisch 8,115,S1000183.83724,SALE,1,3.9,3.9,0.0,0.0,0.0,0.0,119,Cola,Getränke,,MwSt. 19%,1.19,3.277311,0.622689,Normalverkauf
S1000183.83725,SP1000183.34.83725,SY1000183.2026.83725,iPad1(1000183),183,08.06.26 17:49,Prod,A1000183.6832,,120,S1000183.83725,SALE,2,3.2,6.4,0.0,0.0,0.0,0.0,120,Apfelschorle,Getränke,,MwSt. 19%,1.19,5.378151,1.021849,Normalverkauf
S1000183.83726,SP1000183.34.83726,SY1000183.2026.83726,iPad1(1000183),183,08.06.26 17:49,Prod,A1000183.6832,,120,S1000183.83726,SALE,1,4.2,4.2,0.0,0.0,0.0,0.0,122,Bier,Getränke,,MwSt. 19%,1.19,3.529412,0.670588,Normalverkauf
S1000183.83727,SP1000183.34.83727,SY1000183.2026.83727,iPad1(1000183),183,08.06.26 17:49,Prod,A1000183.6832,,120,S1000183.83727,SALE,1,11.5,11.5,0.0,0.0,0.0,0.0,105,Garnelen-Kimchi-Bruger,Hauptgerichte,,MwSt. 7%,1.07,10.747664,0.752336,Normalverkauf
S1000183.83728,SP1000183.34.83728,SY1000183.2026.83728,iPad1(1000183),183,08.06.26 11:53,Prod,A1000183.6833,Tisch 11,117,S1000183.83728,SALE,1,7.9,7.9,0.0,0.0,0.0,0.0,106,Neptun-Ringe,Beilagen,,MwSt. 7%,1.07,7.383178,0.516822,Normalverkauf
S1000183.83729,SP1000183.34.83729,SY1000183.2026.83729,iPad1(1000183),183,08.06.26 11:53,Prod,A1000183.6833,Tisch 11,117,S1000183.83729,SALE,2,11.5,23.0,0.0,0.0,0.0,0.0,105,Garnelen-Kimchi-Bruger,Hauptgerichte,,MwSt. 7%,1.07,21.495327,1.504673,Normalverkauf
S1000183.83730,SP1000183.34.83730,SY1000183.2026.83730,iPad1(1000183),183,08.06.26 11:53,Prod,A1000183.6833,Tisch 11,117,S1000183.83730,SALE,2,3.9,7.8,0.0,0.0,0.0,0.0,126,Spezi,Getränke,,MwSt. 19%,1.19,6.554622,1.245378,Normalverkauf
S1000183.83731,SP1000183.34.83731,SY1000183.2026.83731,iPad1(1000183),183,08.06.26 08:28,Prod,A1000183.6834,Tisch 8,115,S1000183.83731,VOID,2,6.9,13.8,0.0,0.0,0.0,0.0,113,Garnelen Box,Beilagen,,MwSt. 7%,1.07,12.897196,0.902804,Normalverkauf
S1000183.83732,SP1000183.34.83732,SY1000183.2026.83732,iPad1(1000183),183,08.06.26 08:28,Prod,A1000183.6834,Tisch 8,115,S1000183.83732,VOID,2,4.2,8.4,0.0,0.0,0.0,0.0,122,Bier,Getränke,,MwSt. 19%,1.19,7.058824,1.341176,Normalverkauf
S1000183.83733,SP1000183.34.83733,SY1000183.2026.83733,iPad1(1000183),183,08.06.26 12:57,Prod,A1000183.6835,,104,S1000183.83733,SALE,2,6.5,13.0,0.0,0.0,0.0,0.0,118,Schokokuchen,Desserts,,MwSt. 7%,1.07,12.149533,0.850467,Normalverkauf
S1000183.83734,SP1000183.34.83734,SY1000183.2026.83734,iPad1(1000183),183,08.06.26 12:57,Prod,A1000183.6835,,104,S1000183.83734,SALE,1,3.2,3.2,0.0,0.0,0.0,0.0,120,Apfelschorle,Getränke,,MwSt. 19%,1.19,2.689076,0.510924,Normalverkauf
S1000183.83735,SP1000183.34.83735,SY1000183.2026.83735,iPad1(1000183),183,08.06.26 16:42,Prod,A1000183.6836,Tisch 20,120,S1000183.83735,VOID,1,3.9,3.9,0.0,0.0,0.0,0.0,126,Spezi,Getränke,,MwSt. 19%,1.19,3.277311,0.622689,Normalverkauf
S1000183.83736,SP1000183.34.83736,SY1000183.2026.83736,iPad1(1000183),183,08.06.26 16:42,Prod,A1000183.6836,Tisch 20,120,S1000183.83736,VOID,1,5.9,5.9,0.0,0.0,0.0,0.0,117,Rote Grütze,Desserts,,MwSt. 7%,1.07,5.514019,0.385981,Normalverkauf
S1000183.83737,SP1000183.34.83737,SY1000183.2026.83737,iPad1(1000183),183,09.06.26 10:34,Prod,A1000183.6837,Tisch 3,115,S1000183.83737,SALE,2,4.9,9.8,0.0,0.0,0.0,0.0,112,Kartoffelwedges,Beilagen,,MwSt. 7%,1.07,9.158879,0.641121,Normalverkauf
S1000183.83738,SP1000183.34.83738,SY1000183.2026.83738,iPad1(1000183),183,09.06.26 13:11,Prod,A1000183.6838,,106,S1000183.83738,SALE,2,6.9,13.8,0.0,0.0,0.0,0.0,103,Fischbrötchen Räucherlachs,Hauptspeisen,,MwSt. 7%,1.07,12.897196,0.902804,Normalverkauf
S1000183.83739,SP1000183.34.83739,SY1000183.2026.83739,iPad1(1000183),183,09.06.26 11:12,Prod,A1000183.6839,Tisch 17,111,S1000183.83739,SALE,1,5.9,5.9,0.0,0.0,0.0,0.0,117,Rote Grütze,Desserts,,MwSt. 7%,1.07,5.514019,0.385981,Normalverkauf
S1000183.83740,SP1000183.34.83740,SY1000183.2026.83740,iPad1(1000183),183,09.06.26 11:12,Prod,A1000183.6839,Tisch 17,111,S1000183.83740,SALE,1,6.5,6.5,0.0,0.0,0.0,0.0,100,Fischbrötchen Backfisch,Hauptspeisen,,MwSt. 7%,1.07,6.074766,0.425234,Normalverkauf
S1000183.83741,SP1000183.34.83741,SY1000183.2026.83741,iPad1(1000183),183,09.06.26 19:01,Prod,A1000183.6840,Tisch 16,106,S1000183.83741,SALE,1,3.9,3.9,0.0,0.0,0.0,0.0,126,Spezi,Getränke,,MwSt. 19%,1.19,3.277311,0.622689,Normalverkauf
S1000183.83742,SP1000183.34.83742,SY1000183.2026.83742,iPad1(1000183),183,09.06.26 11:45,Prod,A1000183.6841,Tisch 12,104,S1000183.83742,SALE,1,10.9,10.9,0.0,0.0,0.0,0.0,104,Thunfisch Wrap,Hauptgerichte,,MwSt. 7%,1.07,10.186916,0.713084,Normalverkauf
S1000183.83743,SP1000183.34.83743,SY1000183.2026.83743,iPad1(1000183),183,09.06.26 11:45,Prod,A1000183.6841,Tisch 12,104,S1000183.83743,SALE,2,2.8,5.6,0.0,0.0,0.0,0.0,121,Mineralwasser,Getränke,,MwSt. 19%,1.19,4.705882,0.894118,Normalverkauf
S1000183.83744,SP1000183.34.83744,SY1000183.2026.83744,iPad1(1000183),183,09.06.26 14:14,Prod,A1000183.6842,Tisch 6,106,S1000183.83744,SALE,1,2.8,2.8,0.0,0.0,0.0,0.0,121,Mineralwasser,Getränke,,MwSt. 19%,1.19,2.352941,0.447059,Normalverkauf
S1000183.83745,SP1000183.34.83745,SY1000183.2026.83745,iPad1(1000183),183,09.06.26 14:14,Prod,A1000183.6842,Tisch 6,106,S1000183.83745,SALE,2,13.5,27.0,0.0,0.0,0.0,0.0,102,Matjes,Hauptspeisen,,MwSt. 7%,1.07,25.233645,1.766355,Normalverkauf
S1000183.83746,SP1000183.34.83746,SY1000183.2026.83746,iPad1(1000183),183,09.06.26 11:14,Prod,A1000183.6843,Tisch 20,106,S1000183.83746,VOID,2,3.2,6.4,0.0,0.0,0.0,0.0,120,Apfelschorle,Getränke,,MwSt. 19%,1.19,5.378151,1.021849,Normalverkauf
S1000183.83747,SP1000183.34.83747,SY1000183.2026.83747,iPad1(1000183),183,09.06.26 19:28,Prod,A1000183.6844,,104,S1000183.83747,SALE,2,6.9,13.8,0.0,0.0,0.0,0.0,103,Fischbrötchen Räucherlachs,Hauptspeisen,,MwSt. 7%,1.07,12.897196,0.902804,Normalverkauf
S1000183.83748,SP1000183.34.83748,SY1000183.2026.83748,iPad1(1000183),183,09.06.26 09:16,Prod,A1000183.6845,Tisch 21,117,S1000183.83748,SALE,2,13.5,27.0,0.0,0.0,0.0,0.0,102,Matjes,Hauptspeisen,,MwSt. 7%,1.07,25.233645,1.766355,Normalverkauf
S1000183.83749,SP1000183.34.83749,SY1000183.2026.83749,iPad1(1000183),183,09.06.26 09:16,Prod,A1000183.6845,Tisch 21,117,S1000183.83749,SALE,2,3.9,7.8,0.0,0.0,0.0,0.0,119,Cola,Getränke,,MwSt. 19%,1.19,6.554622,1.245378,Normalverkauf
S1000183.83750,SP1000183.34.83750,SY1000183.2026.83750,iPad1(1000183),183,09.06.26 11:38,Prod,A1000183.6846,Tisch 18,111,S1000183.83750,SALE,2,3.2,6.4,0.0,0.0,0.0,0.0,120,Apfelschorle,Getränke,,MwSt. 19%,1.19,5.378151,1.021849,Normalverkauf
S1000183.83751,SP1000183.34.83751,SY1000183.2026.83751,iPad1(1000183),183,09.06.26 11:38,Prod,A1000183.6846,Tisch 18,111,S1000183.83751,SALE,2,6.5,13.0,0.0,0.0,0.0,0.0,100,Fischbrötchen Backfisch,Hauptspeisen,,MwSt. 7%,1.07,12.149533,0.850467,Normalverkauf
S1000183.83752,SP1000183.34.83752,SY1000183.2026.83752,iPad1(1000183),183,09.06.26 11:38,Prod,A1000183.6846,Tisch 18,111,S1000183.83752,SALE,1,4.2,4.2,0.0,0.0,0.0,0.0,122,Bier,Getränke,,MwSt. 19%,1.19,3.529412,0.670588,Normalverkauf
S1000183.83753,SP1000183.34.83753,SY1000183.2026.83753,iPad1(1000183),183,09.06.26 17:02,Prod,A1000183.6847,Tisch 21,104,S1000183.83753,SALE,1,2.8,2.8,0.0,0.0,0.0,0.0,121,Mineralwasser,Getränke,,MwSt. 19%,1.19,2.352941,0.447059,Normalverkauf
S1000183.83754,SP1000183.34.83754,SY1000183.2026.83754,iPad1(1000183),183,09.06.26 17:02,Prod,A1000183.6847,Tisch 21,104,S1000183.83754,SALE,2,2.8,5.6,0.0,0.0,0.0,0.0,121,Mineralwasser,Getränke,,MwSt. 19%,1.19,4.705882,0.894118,Normalverkauf
S1000183.83755,SP1000183.34.83755,SY1000183.2026.83755,iPad1(1000183),183,09.06.26 19:05,Prod,A1000183.6848,Tisch 20,115,S1000183.83755,VOID,2,4.2,8.4,0.0,0.0,0.0,0.0,122,Bier,Getränke,,MwSt. 19%,1.19,7.058824,1.341176,Normalverkauf
S1000183.83756,SP1000183.34.83756,SY1000183.2026.83756,iPad1(1000183),183,09.06.26 19:05,Prod,A1000183.6848,Tisch 20,115,S1000183.83756,VOID,1,5.5,5.5,0.0,0.0,0.0,0.0,111,Pommes Frites,Beilagen,,MwSt. 7%,1.07,5.140187,0.359813,Normalverkauf
S1000183.83757,SP1000183.34.83757,SY1000183.2026.83757,iPad1(1000183),183,09.06.26 19:05,Prod,A1000183.6848,Tisch 20,115,S1000183.83757,VOID,1,13.5,13.5,0.0,0.0,0.0,0.0,102,Matjes,Hauptspeisen,,MwSt. 7%,1.07,12.616822,0.883178,Normalverkauf
S1000183.83758,SP1000183.34.83758,SY1000183.2026.83758,iPad1(1000183),183,09.06.26 17:24,Prod,A1000183.6849,Tisch 9,117,S1000183.83758,VOID,2,9.8,19.6,0.0,0.0,0.0,0.0,108,Seelachs-Ei-Baugette,Hauptgerichte,,MwSt. 7%,1.07,18.317757,1.282243,Normalverkauf
S1000183.83759,SP1000183.34.83759,SY1000183.2026.83759,iPad1(1000183),183,09.06.26 17:24,Prod,A1000183.6849,Tisch 9,117,S1000183.83759,VOID,2,5.9,11.8,0.0,0.0,0.0,0.0,117,Rote Grütze,Desserts,,MwSt. 7%,1.07,11.028037,0.771963,Normalverkauf
S1000183.83760,SP1000183.34.83760,SY1000183.2026.83760,iPad1(1000183),183,09.06.26 17:24,Prod,A1000183.6849,Tisch 9,117,S1000183.83760,VOID,1,13.5,13.5,0.0,0.0,0.0,0.0,102,Matjes,Hauptspeisen,,MwSt. 7%,1.07,12.616822,0.883178,Normalverkauf
S1000183.83761,SP1000183.34.83761,SY1000183.2026.83761,iPad1(1000183),183,09.06.26 15:46,Prod,A1000183.6850,,111,S1000183.83761,SALE,2,5.9,11.8,0.0,0.0,0.0,0.0,116,Vanillequark,Desserts,,MwSt. 7%,1.07,11.028037,0.771963,Normalverkauf
S1000183.83762,SP1000183.34.83762,SY1000183.2026.83762,iPad1(1000183),183,09.06.26 18:06,Prod,A1000183.6851,,115,S1000183.83762,VOID,1,5.9,5.9,0.0,0.0,0.0,0.0,116,Vanillequark,Desserts,,MwSt. 7%,1.07,5.514019,0.385981,Normalverkauf
S1000183.83763,SP1000183.34.83763,SY1000183.2026.83763,iPad1(1000183),183,09.06.26 18:06,Prod,A1000183.6851,,115,S1000183.83763,VOID,2,10.9,21.8,0.0,0.0,0.0,0.0,107,Chicken Burger,Hauptgerichte,,MwSt. 7%,1.07,20.373832,1.426168,Normalverkauf
S1000183.83764,SP1000183.34.83764,SY1000183.2026.83764,iPad1(1000183),183,09.06.26 13:35,Prod,A1000183.6852,Tisch 24,120,S1000183.83764,VOID,1,3.9,3.9,0.0,0.0,0.0,0.0,127,Alkoholfreies Bier,Getränke,,MwSt. 19%,1.19,3.277311,0.622689,Normalverkauf
S1000183.83765,SP1000183.34.83765,SY1000183.2026.83765,iPad1(1000183),183,09.06.26 17:01,Prod,A1000183.6853,Tisch 22,115,S1000183.83765,VOID,1,3.9,3.9,0.0,0.0,0.0,0.0,126,Spezi,Getränke,,MwSt. 19%,1.19,3.277311,0.622689,Normalverkauf
S1000183.83766,SP1000183.34.83766,SY1000183.2026.83766,iPad1(1000183),183,09.06.26 13:12,Prod,A1000183.6854,Tisch 23,104,S1000183.83766,SALE,2,5.5,11.0,0.0,0.0,0.0,0.0,111,Pommes Frites,Beilagen,,MwSt. 7%,1.07,10.280374,0.719626,Normalverkauf
S1000183.83767,SP1000183.34.83767,SY1000183.2026.83767,iPad1(1000183),183,09.06.26 19:47,Prod,A1000183.6855,Tisch 3,115,S1000183.83767,SALE,2,7.9,15.8,0.0,0.0,0.0,0.0,106,Neptun-Ringe,Beilagen,,MwSt. 7%,1.07,14.766355,1.033645,Normalverkauf
S1000183.83768,SP1000183.34.83768,SY1000183.2026.83768,iPad1(1000183),183,09.06.26 19:47,Prod,A1000183.6855,Tisch 3,115,S1000183.83768,SALE,2,10.9,21.8,0.0,0.0,0.0,0.0,104,Thunfisch Wrap,Hauptgerichte,,MwSt. 7%,1.07,20.373832,1.426168,Normalverkauf
S1000183.83769,SP1000183.34.83769,SY1000183.2026.83769,iPad1(1000183),183,09.06.26 19:47,Prod,A1000183.6855,Tisch 3,115,S1000183.83769,SALE,1,3.9,3.9,0.0,0.0,0.0,0.0,119,Cola,Getränke,,MwSt. 19%,1.19,3.277311,0.622689,Normalverkauf
S1000183.83770,SP1000183.34.83770,SY1000183.2026.83770,iPad1(1000183),183,09.06.26 19:56,Prod,A1000183.6856,Tisch 5,115,S1000183.83770,VOID,2,11.5,23.0,0.0,0.0,0.0,0.0,105,Garnelen-Kimchi-Bruger,Hauptgerichte,,MwSt. 7%,1.07,21.495327,1.504673,Normalverkauf
S1000183.83771,SP1000183.34.83771,SY1000183.2026.83771,iPad1(1000183),183,09.06.26 17:22,Prod,A1000183.6857,Tisch 3,104,S1000183.83771,VOID,2,2.8,5.6,0.0,0.0,0.0,0.0,121,Mineralwasser,Getränke,,MwSt. 19%,1.19,4.705882,0.894118,Normalverkauf
S1000183.83772,SP1000183.34.83772,SY1000183.2026.83772,iPad1(1000183),183,09.06.26 17:22,Prod,A1000183.6857,Tisch 3,104,S1000183.83772,VOID,2,3.9,7.8,0.0,0.0,0.0,0.0,126,Spezi,Getränke,,MwSt. 19%,1.19,6.554622,1.245378,Normalverkauf
S1000183.83773,SP1000183.34.83773,SY1000183.2026.83773,iPad1(1000183),183,09.06.26 20:12,Prod,A1000183.6858,Tisch 17,111,S1000183.83773,SALE,2,3.2,6.4,0.0,0.0,0.0,0.0,120,Apfelschorle,Getränke,,MwSt. 19%,1.19,5.378151,1.021849,Normalverkauf
S1000183.83774,SP1000183.34.83774,SY1000183.2026.83774,iPad1(1000183),183,09.06.26 20:12,Prod,A1000183.6858,Tisch 17,111,S1000183.83774,SALE,1,6.5,6.5,0.0,0.0,0.0,0.0,100,Fischbrötchen Backfisch,Hauptspeisen,,MwSt. 7%,1.07,6.074766,0.425234,Normalverkauf
S1000183.83775,SP1000183.34.83775,SY1000183.2026.83775,iPad1(1000183),183,09.06.26 20:12,Prod,A1000183.6858,Tisch 17,111,S1000183.83775,SALE,1,5.5,5.5,0.0,0.0,0.0,0.0,111,Pommes Frites,Beilagen,,MwSt. 7%,1.07,5.140187,0.359813,Normalverkauf
S1000183.83776,SP1000183.34.83776,SY1000183.2026.83776,iPad1(1000183),183,09.06.26 18:53,Prod,A1000183.6859,Tisch 9,117,S1000183.83776,SALE,2,3.9,7.8,0.0,0.0,0.0,0.0,119,Cola,Getränke,,MwSt. 19%,1.19,6.554622,1.245378,Normalverkauf
S1000183.83777,SP1000183.34.83777,SY1000183.2026.83777,iPad1(1000183),183,09.06.26 18:53,Prod,A1000183.6859,Tisch 9,117,S1000183.83777,SALE,1,3.9,3.9,0.0,0.0,0.0,0.0,119,Cola,Getränke,,MwSt. 19%,1.19,3.277311,0.622689,Normalverkauf
S1000183.83778,SP1000183.34.83778,SY1000183.2026.83778,iPad1(1000183),183,09.06.26 18:53,Prod,A1000183.6859,Tisch 9,117,S1000183.83778,SALE,2,5.9,11.8,0.0,0.0,0.0,0.0,123,Inger-Limonade,Getränke,,MwSt. 19%,1.19,9.915966,1.884034,Normalverkauf
S1000183.83779,SP1000183.34.83779,SY1000183.2026.83779,iPad1(1000183),183,09.06.26 11:54,Prod,A1000183.6860,Tisch 12,106,S1000183.83779,SALE,1,14.5,14.5,0.0,0.0,0.0,0.0,101,Lachs,Hauptspeisen,,MwSt. 7%,1.07,13.551402,0.948598,Normalverkauf
S1000183.83780,SP1000183.34.83780,SY1000183.2026.83780,iPad1(1000183),183,09.06.26 11:54,Prod,A1000183.6860,Tisch 12,106,S1000183.83780,SALE,2,7.9,15.8,0.0,0.0,0.0,0.0,115,Tiramisu,Desserts,,MwSt. 7%,1.07,14.766355,1.033645,Normalverkauf
S1000183.83781,SP1000183.34.83781,SY1000183.2026.83781,iPad1(1000183),183,09.06.26 10:22,Prod,A1000183.6861,Tisch 18,120,S1000183.83781,SALE,2,10.9,21.8,0.0,0.0,0.0,0.0,107,Chicken Burger,Hauptgerichte,,MwSt. 7%,1.07,20.373832,1.426168,Normalverkauf
S1000183.83782,SP1000183.34.83782,SY1000183.2026.83782,iPad1(1000183),183,09.06.26 10:22,Prod,A1000183.6861,Tisch 18,120,S1000183.83782,SALE,2,5.5,11.0,0.0,0.0,0.0,0.0,111,Pommes Frites,Beilagen,,MwSt. 7%,1.07,10.280374,0.719626,Normalverkauf
S1000183.83783,SP1000183.34.83783,SY1000183.2026.83783,iPad1(1000183),183,09.06.26 13:24,Prod,A1000183.6862,Tisch 18,115,S1000183.83783,SALE,1,7.9,7.9,0.0,0.0,0.0,0.0,115,Tiramisu,Desserts,,MwSt. 7%,1.07,7.383178,0.516822,Normalverkauf
S1000183.83784,SP1000183.34.83784,SY1000183.2026.83784,iPad1(1000183),183,09.06.26 13:24,Prod,A1000183.6862,Tisch 18,115,S1000183.83784,SALE,1,10.9,10.9,0.0,0.0,0.0,0.0,104,Thunfisch Wrap,Hauptgerichte,,MwSt. 7%,1.07,10.186916,0.713084,Normalverkauf
S1000183.83785,SP1000183.34.83785,SY1000183.2026.83785,iPad1(1000183),183,09.06.26 12:41,Prod,A1000183.6863,Tisch 13,106,S1000183.83785,SALE,1,4.2,4.2,0.0,0.0,0.0,0.0,122,Bier,Getränke,,MwSt. 19%,1.19,3.529412,0.670588,Normalverkauf
S1000183.83786,SP1000183.34.83786,SY1000183.2026.83786,iPad1(1000183),183,09.06.26 12:41,Prod,A1000183.6863,Tisch 13,106,S1000183.83786,SALE,1,5.5,5.5,0.0,0.0,0.0,0.0,114,Fisch Nuggets Box,Beilagen,,MwSt. 7%,1.07,5.140187,0.359813,Normalverkauf
S1000183.83787,SP1000183.34.83787,SY1000183.2026.83787,iPad1(1000183),183,09.06.26 12:41,Prod,A1000183.6863,Tisch 13,106,S1000183.83787,SALE,2,5.5,11.0,0.0,0.0,0.0,0.0,111,Pommes Frites,Beilagen,,MwSt. 7%,1.07,10.280374,0.719626,Normalverkauf
S1000183.83788,SP1000183.34.83788,SY1000183.2026.83788,iPad1(1000183),183,09.06.26 16:33,Prod,A1000183.6864,Tisch 18,115,S1000183.83788,VOID,2,14.5,29.0,0.0,0.0,0.0,0.0,101,Lachs,Hauptspeisen,,MwSt. 7%,1.07,27.102804,1.897196,Normalverkauf
S1000183.83789,SP1000183.34.83789,SY1000183.2026.83789,iPad1(1000183),183,09.06.26 16:33,Prod,A1000183.6864,Tisch 18,115,S1000183.83789,VOID,2,2.8,5.6,0.0,0.0,0.0,0.0,121,Mineralwasser,Getränke,,MwSt. 19%,1.19,4.705882,0.894118,Normalverkauf
S1000183.83790,SP1000183.34.83790,SY1000183.2026.83790,iPad1(1000183),183,09.06.26 16:33,Prod,A1000183.6864,Tisch 18,115,S1000183.83790,VOID,1,3.9,3.9,0.0,0.0,0.0,0.0,119,Cola,Getränke,,MwSt. 19%,1.19,3.277311,0.622689,Normalverkauf
S1000183.83791,SP1000183.34.83791,SY1000183.2026.83791,iPad1(1000183),183,09.06.26 20:33,Prod,A1000183.6865,Tisch 24,104,S1000183.83791,SALE,1,6.9,6.9,0.0,0.0,0.0,0.0,103,Fischbrötchen Räucherlachs,Hauptspeisen,,MwSt. 7%,1.07,6.448598,0.451402,Normalverkauf
S1000183.83792,SP1000183.34.83792,SY1000183.2026.83792,iPad1(1000183),183,09.06.26 20:33,Prod,A1000183.6865,Tisch 24,104,S1000183.83792,SALE,1,14.5,14.5,0.0,0.0,0.0,0.0,101,Lachs,Hauptspeisen,,MwSt. 7%,1.07,13.551402,0.948598,Normalverkauf
S1000183.83793,SP1000183.34.83793,SY1000183.2026.83793,iPad1(1000183),183,09.06.26 13:02,Prod,A1000183.6866,Tisch 12,111,S1000183.83793,VOID,1,3.2,3.2,0.0,0.0,0.0,0.0,120,Apfelschorle,Getränke,,MwSt. 19%,1.19,2.689076,0.510924,Normalverkauf
S1000183.83794,SP1000183.34.83794,SY1000183.2026.83794,iPad1(1000183),183,09.06.26 13:02,Prod,A1000183.6866,Tisch 12,111,S1000183.83794,VOID,1,11.5,11.5,0.0,0.0,0.0,0.0,105,Garnelen-Kimchi-Bruger,Hauptgerichte,,MwSt. 7%,1.07,10.747664,0.752336,Normalverkauf
S1000183.83795,SP1000183.34.83795,SY1000183.2026.83795,iPad1(1000183),183,09.06.26 18:22,Prod,A1000183.6867,Tisch 17,115,S1000183.83795,SALE,2,5.9,11.8,0.0,0.0,0.0,0.0,117,Rote Grütze,Desserts,,MwSt. 7%,1.07,11.028037,0.771963,Normalverkauf
S1000183.83796,SP1000183.34.83796,SY1000183.2026.83796,iPad1(1000183),183,09.06.26 18:22,Prod,A1000183.6867,Tisch 17,115,S1000183.83796,SALE,2,6.9,13.8,0.0,0.0,0.0,0.0,103,Fischbrötchen Räucherlachs,Hauptspeisen,,MwSt. 7%,1.07,12.897196,0.902804,Normalverkauf
S1000183.83797,SP1000183.34.83797,SY1000183.2026.83797,iPad1(1000183),183,09.06.26 18:22,Prod,A1000183.6867,Tisch 17,115,S1000183.83797,SALE,2,5.5,11.0,0.0,0.0,0.0,0.0,111,Pommes Frites,Beilagen,,MwSt. 7%,1.07,10.280374,0.719626,Normalverkauf
S1000183.83798,SP1000183.34.83798,SY1000183.2026.83798,iPad1(1000183),183,09.06.26 15:46,Prod,A1000183.6868,,104,S1000183.83798,SALE,2,10.9,21.8,0.0,0.0,0.0,0.0,104,Thunfisch Wrap,Hauptgerichte,,MwSt. 7%,1.07,20.373832,1.426168,Normalverkauf
S1000183.83799,SP1000183.34.83799,SY1000183.2026.83799,iPad1(1000183),183,09.06.26 15:46,Prod,A1000183.6868,,104,S1000183.83799,SALE,2,3.9,7.8,0.0,0.0,0.0,0.0,126,Spezi,Getränke,,MwSt. 19%,1.19,6.554622,1.245378,Normalverkauf
S1000183.83800,SP1000183.34.83800,SY1000183.2026.83800,iPad1(1000183),183,09.06.26 15:46,Prod,A1000183.6868,,104,S1000183.83800,SALE,1,5.5,5.5,0.0,0.0,0.0,0.0,111,Pommes Frites,Beilagen,,MwSt. 7%,1.07,5.140187,0.359813,Normalverkauf
S1000183.83801,SP1000183.34.83801,SY1000183.2026.83801,iPad1(1000183),183,09.06.26 12:41,Prod,A1000183.6869,,115,S1000183.83801,SALE,2,2.8,5.6,0.0,0.0,0.0,0.0,121,Mineralwasser,Getränke,,MwSt. 19%,1.19,4.705882,0.894118,Normalverkauf
S1000183.83802,SP1000183.34.83802,SY1000183.2026.83802,iPad1(1000183),183,09.06.26 12:41,Prod,A1000183.6869,,115,S1000183.83802,SALE,1,14.5,14.5,0.0,0.0,0.0,0.0,101,Lachs,Hauptspeisen,,MwSt. 7%,1.07,13.551402,0.948598,Normalverkauf
S1000183.83803,SP1000183.34.83803,SY1000183.2026.83803,iPad1(1000183),183,09.06.26 17:18,Prod,A1000183.6870,Tisch 7,106,S1000183.83803,SALE,1,9.8,9.8,0.0,0.0,0.0,0.0,108,Seelachs-Ei-Baugette,Hauptgerichte,,MwSt. 7%,1.07,9.158879,0.641121,Normalverkauf
S1000183.83804,SP1000183.34.83804,SY1000183.2026.83804,iPad1(1000183),183,09.06.26 20:09,Prod,A1000183.6871,Tisch 13,104,S1000183.83804,SALE,2,7.9,15.8,0.0,0.0,0.0,0.0,115,Tiramisu,Desserts,,MwSt. 7%,1.07,14.766355,1.033645,Normalverkauf
S1000183.83805,SP1000183.34.83805,SY1000183.2026.83805,iPad1(1000183),183,09.06.26 19:18,Prod,A1000183.6872,Tisch 11,111,S1000183.83805,SALE,2,3.9,7.8,0.0,0.0,0.0,0.0,119,Cola,Getränke,,MwSt. 19%,1.19,6.554622,1.245378,Normalverkauf
S1000183.83806,SP1000183.34.83806,SY1000183.2026.83806,iPad1(1000183),183,09.06.26 08:53,Prod,A1000183.6873,Tisch 15,115,S1000183.83806,SALE,1,2.8,2.8,0.0,0.0,0.0,0.0,121,Mineralwasser,Getränke,,MwSt. 19%,1.19,2.352941,0.447059,Normalverkauf
S1000183.83807,SP1000183.34.83807,SY1000183.2026.83807,iPad1(1000183),183,09.06.26 08:53,Prod,A1000183.6873,Tisch 15,115,S1000183.83807,SALE,1,7.9,7.9,0.0,0.0,0.0,0.0,115,Tiramisu,Desserts,,MwSt. 7%,1.07,7.383178,0.516822,Normalverkauf
S1000183.83808,SP1000183.34.83808,SY1000183.2026.83808,iPad1(1000183),183,09.06.26 08:53,Prod,A1000183.6873,Tisch 15,115,S1000183.83808,SALE,2,6.5,13.0,0.0,0.0,0.0,0.0,100,Fischbrötchen Backfisch,Hauptspeisen,,MwSt. 7%,1.07,12.149533,0.850467,Normalverkauf
S1000183.83809,SP1000183.34.83809,SY1000183.2026.83809,iPad1(1000183),183,09.06.26 19:34,Prod,A1000183.6874,Tisch 10,115,S1000183.83809,SALE,1,6.5,6.5,0.0,0.0,0.0,0.0,100,Fischbrötchen Backfisch,Hauptspeisen,,MwSt. 7%,1.07,6.074766,0.425234,Normalverkauf
S1000183.83810,SP1000183.34.83810,SY1000183.2026.83810,iPad1(1000183),183,09.06.26 10:00,Prod,A1000183.6875,Tisch 22,115,S1000183.83810,SALE,1,3.9,3.9,0.0,0.0,0.0,0.0,127,Alkoholfreies Bier,Getränke,,MwSt. 19%,1.19,3.277311,0.622689,Normalverkauf
S1000183.83811,SP1000183.34.83811,SY1000183.2026.83811,iPad1(1000183),183,09.06.26 17:13,Prod,A1000183.6876,Tisch 9,115,S1000183.83811,VOID,2,2.8,5.6,0.0,0.0,0.0,0.0,121,Mineralwasser,Getränke,,MwSt. 19%,1.19,4.705882,0.894118,Normalverkauf
S1000183.83812,SP1000183.34.83812,SY1000183.2026.83812,iPad1(1000183),183,09.06.26 13:57,Prod,A1000183.6877,Tisch 9,106,S1000183.83812,SALE,2,10.9,21.8,0.0,0.0,0.0,0.0,107,Chicken Burger,Hauptgerichte,,MwSt. 7%,1.07,20.373832,1.426168,Normalverkauf
S1000183.83813,SP1000183.34.83813,SY1000183.2026.83813,iPad1(1000183),183,09.06.26 19:21,Prod,A1000183.6878,Tisch 20,111,S1000183.83813,SALE,2,6.5,13.0,0.0,0.0,0.0,0.0,100,Fischbrötchen Backfisch,Hauptspeisen,,MwSt. 7%,1.07,12.149533,0.850467,Normalverkauf
S1000183.83814,SP1000183.34.83814,SY1000183.2026.83814,iPad1(1000183),183,09.06.26 13:38,Prod,A1000183.6879,Tisch 10,120,S1000183.83814,SALE,1,3.9,3.9,0.0,0.0,0.0,0.0,127,Alkoholfreies Bier,Getränke,,MwSt. 19%,1.19,3.277311,0.622689,Normalverkauf
S1000183.83815,SP1000183.34.83815,SY1000183.2026.83815,iPad1(1000183),183,09.06.26 13:38,Prod,A1000183.6879,Tisch 10,120,S1000183.83815,SALE,2,3.9,7.8,0.0,0.0,0.0,0.0,119,Cola,Getränke,,MwSt. 19%,1.19,6.554622,1.245378,Normalverkauf
S1000183.83816,SP1000183.34.83816,SY1000183.2026.83816,iPad1(1000183),183,09.06.26 13:38,Prod,A1000183.6879,Tisch 10,120,S1000183.83816,SALE,2,6.5,13.0,0.0,0.0,0.0,0.0,100,Fischbrötchen Backfisch,Hauptspeisen,,MwSt. 7%,1.07,12.149533,0.850467,Normalverkauf
S1000183.83817,SP1000183.34.83817,SY1000183.2026.83817,iPad1(1000183),183,09.06.26 11:31,Prod,A1000183.6880,Tisch 2,104,S1000183.83817,SALE,1,3.9,3.9,0.0,0.0,0.0,0.0,124,Cola Zero,Getränke,,MwSt. 19%,1.19,3.277311,0.622689,Normalverkauf
S1000183.83818,SP1000183.34.83818,SY1000183.2026.83818,iPad1(1000183),183,09.06.26 11:31,Prod,A1000183.6880,Tisch 2,104,S1000183.83818,SALE,1,3.2,3.2,0.0,0.0,0.0,0.0,120,Apfelschorle,Getränke,,MwSt. 19%,1.19,2.689076,0.510924,Normalverkauf
S1000183.83819,SP1000183.34.83819,SY1000183.2026.83819,iPad1(1000183),183,09.06.26 11:31,Prod,A1000183.6880,Tisch 2,104,S1000183.83819,SALE,1,5.5,5.5,0.0,0.0,0.0,0.0,114,Fisch Nuggets Box,Beilagen,,MwSt. 7%,1.07,5.140187,0.359813,Normalverkauf
S1000183.83820,SP1000183.34.83820,SY1000183.2026.83820,iPad1(1000183),183,09.06.26 12:55,Prod,A1000183.6881,Tisch 17,111,S1000183.83820,SALE,2,3.9,7.8,0.0,0.0,0.0,0.0,126,Spezi,Getränke,,MwSt. 19%,1.19,6.554622,1.245378,Normalverkauf
S1000183.83821,SP1000183.34.83821,SY1000183.2026.83821,iPad1(1000183),183,09.06.26 12:55,Prod,A1000183.6881,Tisch 17,111,S1000183.83821,SALE,2,9.8,19.6,0.0,0.0,0.0,0.0,108,Seelachs-Ei-Baugette,Hauptgerichte,,MwSt. 7%,1.07,18.317757,1.282243,Normalverkauf
S1000183.83822,SP1000183.34.83822,SY1000183.2026.83822,iPad1(1000183),183,09.06.26 12:55,Prod,A1000183.6881,Tisch 17,111,S1000183.83822,SALE,2,13.5,27.0,0.0,0.0,0.0,0.0,102,Matjes,Hauptspeisen,,MwSt. 7%,1.07,25.233645,1.766355,Normalverkauf
S1000183.83823,SP1000183.34.83823,SY1000183.2026.83823,iPad1(1000183),183,09.06.26 17:26,Prod,A1000183.6882,Tisch 4,111,S1000183.83823,SALE,2,11.5,23.0,0.0,0.0,0.0,0.0,105,Garnelen-Kimchi-Bruger,Hauptgerichte,,MwSt. 7%,1.07,21.495327,1.504673,Normalverkauf
S1000183.83824,SP1000183.34.83824,SY1000183.2026.83824,iPad1(1000183),183,09.06.26 11:11,Prod,A1000183.6883,,117,S1000183.83824,SALE,1,14.5,14.5,0.0,0.0,0.0,0.0,101,Lachs,Hauptspeisen,,MwSt. 7%,1.07,13.551402,0.948598,Normalverkauf
S1000183.83825,SP1000183.34.83825,SY1000183.2026.83825,iPad1(1000183),183,09.06.26 09:47,Prod,A1000183.6884,Tisch 7,104,S1000183.83825,SALE,1,6.5,6.5,0.0,0.0,0.0,0.0,100,Fischbrötchen Backfisch,Hauptspeisen,,MwSt. 7%,1.07,6.074766,0.425234,Normalverkauf
S1000183.83826,SP1000183.34.83826,SY1000183.2026.83826,iPad1(1000183),183,09.06.26 09:47,Prod,A1000183.6884,Tisch 7,104,S1000183.83826,SALE,1,3.2,3.2,0.0,0.0,0.0,0.0,120,Apfelschorle,Getränke,,MwSt. 19%,1.19,2.689076,0.510924,Normalverkauf
S1000183.83827,SP1000183.34.83827,SY1000183.2026.83827,iPad1(1000183),183,09.06.26 12:26,Prod,A1000183.6885,Tisch 21,117,S1000183.83827,SALE,2,2.8,5.6,0.0,0.0,0.0,0.0,121,Mineralwasser,Getränke,,MwSt. 19%,1.19,4.705882,0.894118,Normalverkauf
S1000183.83828,SP1000183.34.83828,SY1000183.2026.83828,iPad1(1000183),183,09.06.26 14:20,Prod,A1000183.6886,Tisch 3,115,S1000183.83828,SALE,2,3.9,7.8,0.0,0.0,0.0,0.0,126,Spezi,Getränke,,MwSt. 19%,1.19,6.554622,1.245378,Normalverkauf
S1000183.83829,SP1000183.34.83829,SY1000183.2026.83829,iPad1(1000183),183,09.06.26 14:20,Prod,A1000183.6886,Tisch 3,115,S1000183.83829,SALE,2,4.9,9.8,0.0,0.0,0.0,0.0,112,Kartoffelwedges,Beilagen,,MwSt. 7%,1.07,9.158879,0.641121,Normalverkauf
S1000183.83830,SP1000183.34.83830,SY1000183.2026.83830,iPad1(1000183),183,09.06.26 20:39,Prod,A1000183.6887,Tisch 22,120,S1000183.83830,SALE,1,4.9,4.9,0.0,0.0,0.0,0.0,112,Kartoffelwedges,Beilagen,,MwSt. 7%,1.07,4.579439,0.320561,Normalverkauf
S1000183.83831,SP1000183.34.83831,SY1000183.2026.83831,iPad1(1000183),183,09.06.26 13:04,Prod,A1000183.6888,Tisch 3,106,S1000183.83831,SALE,1,3.9,3.9,0.0,0.0,0.0,0.0,119,Cola,Getränke,,MwSt. 19%,1.19,3.277311,0.622689,Normalverkauf
S1000183.83832,SP1000183.34.83832,SY1000183.2026.83832,iPad1(1000183),183,09.06.26 13:04,Prod,A1000183.6888,Tisch 3,106,S1000183.83832,SALE,1,3.9,3.9,0.0,0.0,0.0,0.0,119,Cola,Getränke,,MwSt. 19%,1.19,3.277311,0.622689,Normalverkauf
S1000183.83833,SP1000183.34.83833,SY1000183.2026.83833,iPad1(1000183),183,09.06.26 12:42,Prod,A1000183.6889,Tisch 21,111,S1000183.83833,SALE,2,5.5,11.0,0.0,0.0,0.0,0.0,114,Fisch Nuggets Box,Beilagen,,MwSt. 7%,1.07,10.280374,0.719626,Normalverkauf
S1000183.83834,SP1000183.34.83834,SY1000183.2026.83834,iPad1(1000183),183,09.06.26 12:42,Prod,A1000183.6889,Tisch 21,111,S1000183.83834,SALE,1,6.5,6.5,0.0,0.0,0.0,0.0,100,Fischbrötchen Backfisch,Hauptspeisen,,MwSt. 7%,1.07,6.074766,0.425234,Normalverkauf
S1000183.83835,SP1000183.34.83835,SY1000183.2026.83835,iPad1(1000183),183,09.06.26 12:58,Prod,A1000183.6890,Tisch 13,120,S1000183.83835,SALE,1,3.9,3.9,0.0,0.0,0.0,0.0,126,Spezi,Getränke,,MwSt. 19%,1.19,3.277311,0.622689,Normalverkauf
S1000183.83836,SP1000183.34.83836,SY1000183.2026.83836,iPad1(1000183),183,09.06.26 12:58,Prod,A1000183.6890,Tisch 13,120,S1000183.83836,SALE,2,4.9,9.8,0.0,0.0,0.0,0.0,112,Kartoffelwedges,Beilagen,,MwSt. 7%,1.07,9.158879,0.641121,Normalverkauf
S1000183.83837,SP1000183.34.83837,SY1000183.2026.83837,iPad1(1000183),183,09.06.26 14:36,Prod,A1000183.6891,Tisch 1,117,S1000183.83837,SALE,1,2.8,2.8,0.0,0.0,0.0,0.0,121,Mineralwasser,Getränke,,MwSt. 19%,1.19,2.352941,0.447059,Normalverkauf
S1000183.83838,SP1000183.34.83838,SY1000183.2026.83838,iPad1(1000183),183,09.06.26 14:36,Prod,A1000183.6891,Tisch 1,117,S1000183.83838,SALE,2,10.9,21.8,0.0,0.0,0.0,0.0,107,Chicken Burger,Hauptgerichte,,MwSt. 7%,1.07,20.373832,1.426168,Normalverkauf
S1000183.83839,SP1000183.34.83839,SY1000183.2026.83839,iPad1(1000183),183,09.06.26 18:32,Prod,A1000183.6892,Tisch 12,115,S1000183.83839,SALE,1,2.8,2.8,0.0,0.0,0.0,0.0,121,Mineralwasser,Getränke,,MwSt. 19%,1.19,2.352941,0.447059,Normalverkauf
S1000183.83840,SP1000183.34.83840,SY1000183.2026.83840,iPad1(1000183),183,09.06.26 18:32,Prod,A1000183.6892,Tisch 12,115,S1000183.83840,SALE,1,3.2,3.2,0.0,0.0,0.0,0.0,120,Apfelschorle,Getränke,,MwSt. 19%,1.19,2.689076,0.510924,Normalverkauf
S1000183.83841,SP1000183.34.83841,SY1000183.2026.83841,iPad1(1000183),183,09.06.26 16:49,Prod,A1000183.6893,Tisch 1,106,S1000183.83841,SALE,2,6.5,13.0,0.0,0.0,0.0,0.0,100,Fischbrötchen Backfisch,Hauptspeisen,,MwSt. 7%,1.07,12.149533,0.850467,Normalverkauf
S1000183.83842,SP1000183.34.83842,SY1000183.2026.83842,iPad1(1000183),183,09.06.26 16:49,Prod,A1000183.6893,Tisch 1,106,S1000183.83842,SALE,2,10.9,21.8,0.0,0.0,0.0,0.0,107,Chicken Burger,Hauptgerichte,,MwSt. 7%,1.07,20.373832,1.426168,Normalverkauf
S1000183.83843,SP1000183.34.83843,SY1000183.2026.83843,iPad1(1000183),183,09.06.26 14:37,Prod,A1000183.6894,Tisch 5,115,S1000183.83843,SALE,2,4.9,9.8,0.0,0.0,0.0,0.0,112,Kartoffelwedges,Beilagen,,MwSt. 7%,1.07,9.158879,0.641121,Normalverkauf
S1000183.83844,SP1000183.34.83844,SY1000183.2026.83844,iPad1(1000183),183,09.06.26 14:37,Prod,A1000183.6894,Tisch 5,115,S1000183.83844,SALE,2,2.8,5.6,0.0,0.0,0.0,0.0,121,Mineralwasser,Getränke,,MwSt. 19%,1.19,4.705882,0.894118,Normalverkauf
S1000183.83845,SP1000183.34.83845,SY1000183.2026.83845,iPad1(1000183),183,09.06.26 18:01,Prod,A1000183.6895,Tisch 2,117,S1000183.83845,VOID,2,5.5,11.0,0.0,0.0,0.0,0.0,111,Pommes Frites,Beilagen,,MwSt. 7%,1.07,10.280374,0.719626,Normalverkauf
S1000183.83846,SP1000183.34.83846,SY1000183.2026.83846,iPad1(1000183),183,09.06.26 18:29,Prod,A1000183.6896,Tisch 6,117,S1000183.83846,SALE,2,6.5,13.0,0.0,0.0,0.0,0.0,100,Fischbrötchen Backfisch,Hauptspeisen,,MwSt. 7%,1.07,12.149533,0.850467,Normalverkauf
S1000183.83847,SP1000183.34.83847,SY1000183.2026.83847,iPad1(1000183),183,09.06.26 18:29,Prod,A1000183.6896,Tisch 6,117,S1000183.83847,SALE,2,5.9,11.8,0.0,0.0,0.0,0.0,117,Rote Grütze,Desserts,,MwSt. 7%,1.07,11.028037,0.771963,Normalverkauf
S1000183.83848,SP1000183.34.83848,SY1000183.2026.83848,iPad1(1000183),183,09.06.26 18:29,Prod,A1000183.6896,Tisch 6,117,S1000183.83848,SALE,2,3.9,7.8,0.0,0.0,0.0,0.0,127,Alkoholfreies Bier,Getränke,,MwSt. 19%,1.19,6.554622,1.245378,Normalverkauf
S1000183.83849,SP1000183.34.83849,SY1000183.2026.83849,iPad1(1000183),183,09.06.26 17:31,Prod,A1000183.6897,Tisch 7,104,S1000183.83849,SALE,2,2.8,5.6,0.0,0.0,0.0,0.0,121,Mineralwasser,Getränke,,MwSt. 19%,1.19,4.705882,0.894118,Normalverkauf
S1000183.83850,SP1000183.34.83850,SY1000183.2026.83850,iPad1(1000183),183,09.06.26 12:42,Prod,A1000183.6898,Tisch 21,104,S1000183.83850,SALE,2,6.5,13.0,0.0,0.0,0.0,0.0,118,Schokokuchen,Desserts,,MwSt. 7%,1.07,12.149533,0.850467,Normalverkauf
S1000183.83851,SP1000183.34.83851,SY1000183.2026.83851,iPad1(1000183),183,09.06.26 11:56,Prod,A1000183.6899,Tisch 9,115,S1000183.83851,SALE,2,4.2,8.4,0.0,0.0,0.0,0.0,122,Bier,Getränke,,MwSt. 19%,1.19,7.058824,1.341176,Normalverkauf
S1000183.83852,SP1000183.34.83852,SY1000183.2026.83852,iPad1(1000183),183,09.06.26 11:45,Prod,A1000183.6900,Tisch 23,104,S1000183.83852,SALE,2,13.5,27.0,0.0,0.0,0.0,0.0,102,Matjes,Hauptspeisen,,MwSt. 7%,1.07,25.233645,1.766355,Normalverkauf
S1000183.83853,SP1000183.34.83853,SY1000183.2026.83853,iPad1(1000183),183,09.06.26 11:45,Prod,A1000183.6900,Tisch 23,104,S1000183.83853,SALE,2,5.9,11.8,0.0,0.0,0.0,0.0,117,Rote Grütze,Desserts,,MwSt. 7%,1.07,11.028037,0.771963,Normalverkauf
S1000183.83854,SP1000183.34.83854,SY1000183.2026.83854,iPad1(1000183),183,09.06.26 11:45,Prod,A1000183.6900,Tisch 23,104,S1000183.83854,SALE,1,4.2,4.2,0.0,0.0,0.0,0.0,122,Bier,Getränke,,MwSt. 19%,1.19,3.529412,0.670588,Normalverkauf
S1000183.83855,SP1000183.34.83855,SY1000183.2026.83855,iPad1(1000183),183,09.06.26 13:48,Prod,A1000183.6901,Tisch 21,117,S1000183.83855,VOID,2,3.9,7.8,0.0,0.0,0.0,0.0,119,Cola,Getränke,,MwSt. 19%,1.19,6.554622,1.245378,Normalverkauf
S1000183.83856,SP1000183.34.83856,SY1000183.2026.83856,iPad1(1000183),183,09.06.26 13:48,Prod,A1000183.6901,Tisch 21,117,S1000183.83856,VOID,2,4.2,8.4,0.0,0.0,0.0,0.0,122,Bier,Getränke,,MwSt. 19%,1.19,7.058824,1.341176,Normalverkauf
S1000183.83857,SP1000183.34.83857,SY1000183.2026.83857,iPad1(1000183),183,09.06.26 19:38,Prod,A1000183.6902,Tisch 13,106,S1000183.83857,SALE,1,10.9,10.9,0.0,0.0,0.0,0.0,109,Bismarck-Baguette,Hauptgerichte,,MwSt. 7%,1.07,10.186916,0.713084,Normalverkauf
S1000183.83858,SP1000183.34.83858,SY1000183.2026.83858,iPad1(1000183),183,09.06.26 19:38,Prod,A1000183.6902,Tisch 13,106,S1000183.83858,SALE,2,4.2,8.4,0.0,0.0,0.0,0.0,122,Bier,Getränke,,MwSt. 19%,1.19,7.058824,1.341176,Normalverkauf
S1000183.83859,SP1000183.34.83859,SY1000183.2026.83859,iPad1(1000183),183,09.06.26 12:21,Prod,A1000183.6903,Tisch 4,115,S1000183.83859,SALE,1,3.9,3.9,0.0,0.0,0.0,0.0,119,Cola,Getränke,,MwSt. 19%,1.19,3.277311,0.622689,Normalverkauf
S1000183.83860,SP1000183.34.83860,SY1000183.2026.83860,iPad1(1000183),183,09.06.26 19:38,Prod,A1000183.6904,Tisch 21,120,S1000183.83860,SALE,1,5.5,5.5,0.0,0.0,0.0,0.0,111,Pommes Frites,Beilagen,,MwSt. 7%,1.07,5.140187,0.359813,Normalverkauf
S1000183.83861,SP1000183.34.83861,SY1000183.2026.83861,iPad1(1000183),183,09.06.26 19:38,Prod,A1000183.6904,Tisch 21,120,S1000183.83861,SALE,1,2.8,2.8,0.0,0.0,0.0,0.0,121,Mineralwasser,Getränke,,MwSt. 19%,1.19,2.352941,0.447059,Normalverkauf
S1000183.83862,SP1000183.34.83862,SY1000183.2026.83862,iPad1(1000183),183,09.06.26 13:53,Prod,A1000183.6905,Tisch 23,106,S1000183.83862,SALE,2,3.9,7.8,0.0,0.0,0.0,0.0,124,Cola Zero,Getränke,,MwSt. 19%,1.19,6.554622,1.245378,Normalverkauf
S1000183.83863,SP1000183.34.83863,SY1000183.2026.83863,iPad1(1000183),183,09.06.26 10:32,Prod,A1000183.6906,Tisch 23,117,S1000183.83863,SALE,2,4.2,8.4,0.0,0.0,0.0,0.0,122,Bier,Getränke,,MwSt. 19%,1.19,7.058824,1.341176,Normalverkauf
S1000183.83864,SP1000183.34.83864,SY1000183.2026.83864,iPad1(1000183),183,09.06.26 10:32,Prod,A1000183.6906,Tisch 23,117,S1000183.83864,SALE,1,5.5,5.5,0.0,0.0,0.0,0.0,111,Pommes Frites,Beilagen,,MwSt. 7%,1.07,5.140187,0.359813,Normalverkauf
S1000183.83865,SP1000183.34.83865,SY1000183.2026.83865,iPad1(1000183),183,09.06.26 13:02,Prod,A1000183.6907,Tisch 24,117,S1000183.83865,SALE,2,9.8,19.6,0.0,0.0,0.0,0.0,108,Seelachs-Ei-Baugette,Hauptgerichte,,MwSt. 7%,1.07,18.317757,1.282243,Normalverkauf
S1000183.83866,SP1000183.34.83866,SY1000183.2026.83866,iPad1(1000183),183,09.06.26 13:02,Prod,A1000183.6907,Tisch 24,117,S1000183.83866,SALE,1,13.5,13.5,0.0,0.0,0.0,0.0,102,Matjes,Hauptspeisen,,MwSt. 7%,1.07,12.616822,0.883178,Normalverkauf
S1000183.83867,SP1000183.34.83867,SY1000183.2026.83867,iPad1(1000183),183,09.06.26 13:02,Prod,A1000183.6907,Tisch 24,117,S1000183.83867,SALE,1,5.5,5.5,0.0,0.0,0.0,0.0,114,Fisch Nuggets Box,Beilagen,,MwSt. 7%,1.07,5.140187,0.359813,Normalverkauf
S1000183.83868,SP1000183.34.83868,SY1000183.2026.83868,iPad1(1000183),183,09.06.26 17:34,Prod,A1000183.6908,Tisch 2,104,S1000183.83868,SALE,2,6.5,13.0,0.0,0.0,0.0,0.0,118,Schokokuchen,Desserts,,MwSt. 7%,1.07,12.149533,0.850467,Normalverkauf
S1000183.83869,SP1000183.34.83869,SY1000183.2026.83869,iPad1(1000183),183,09.06.26 15:31,Prod,A1000183.6909,Tisch 20,120,S1000183.83869,SALE,1,6.9,6.9,0.0,0.0,0.0,0.0,103,Fischbrötchen Räucherlachs,Hauptspeisen,,MwSt. 7%,1.07,6.448598,0.451402,Normalverkauf
S1000183.83870,SP1000183.34.83870,SY1000183.2026.83870,iPad1(1000183),183,09.06.26 15:31,Prod,A1000183.6909,Tisch 20,120,S1000183.83870,SALE,2,6.9,13.8,0.0,0.0,0.0,0.0,103,Fischbrötchen Räucherlachs,Hauptspeisen,,MwSt. 7%,1.07,12.897196,0.902804,Normalverkauf
S1000183.83871,SP1000183.34.83871,SY1000183.2026.83871,iPad1(1000183),183,09.06.26 17:25,Prod,A1000183.6910,Tisch 19,117,S1000183.83871,SALE,2,5.9,11.8,0.0,0.0,0.0,0.0,117,Rote Grütze,Desserts,,MwSt. 7%,1.07,11.028037,0.771963,Normalverkauf
S1000183.83872,SP1000183.34.83872,SY1000183.2026.83872,iPad1(1000183),183,09.06.26 18:52,Prod,A1000183.6911,Tisch 12,115,S1000183.83872,SALE,1,5.9,5.9,0.0,0.0,0.0,0.0,125,Zitronen-Limonade,Getränke,,MwSt. 19%,1.19,4.957983,0.942017,Normalverkauf
S1000183.83873,SP1000183.34.83873,SY1000183.2026.83873,iPad1(1000183),183,09.06.26 18:52,Prod,A1000183.6911,Tisch 12,115,S1000183.83873,SALE,1,5.5,5.5,0.0,0.0,0.0,0.0,111,Pommes Frites,Beilagen,,MwSt. 7%,1.07,5.140187,0.359813,Normalverkauf
S1000183.83874,SP1000183.34.83874,SY1000183.2026.83874,iPad1(1000183),183,09.06.26 16:55,Prod,A1000183.6912,,106,S1000183.83874,SALE,2,6.9,13.8,0.0,0.0,0.0,0.0,103,Fischbrötchen Räucherlachs,Hauptspeisen,,MwSt. 7%,1.07,12.897196,0.902804,Normalverkauf
S1000183.83875,SP1000183.34.83875,SY1000183.2026.83875,iPad1(1000183),183,09.06.26 16:55,Prod,A1000183.6912,,106,S1000183.83875,SALE,1,3.9,3.9,0.0,0.0,0.0,0.0,124,Cola Zero,Getränke,,MwSt. 19%,1.19,3.277311,0.622689,Normalverkauf
S1000183.83876,SP1000183.34.83876,SY1000183.2026.83876,iPad1(1000183),183,09.06.26 10:55,Prod,A1000183.6913,Tisch 14,111,S1000183.83876,SALE,2,10.9,21.8,0.0,0.0,0.0,0.0,104,Thunfisch Wrap,Hauptgerichte,,MwSt. 7%,1.07,20.373832,1.426168,Normalverkauf
S1000183.83877,SP1000183.34.83877,SY1000183.2026.83877,iPad1(1000183),183,09.06.26 15:35,Prod,A1000183.6914,Tisch 11,115,S1000183.83877,VOID,2,3.9,7.8,0.0,0.0,0.0,0.0,124,Cola Zero,Getränke,,MwSt. 19%,1.19,6.554622,1.245378,Normalverkauf
S1000183.83878,SP1000183.34.83878,SY1000183.2026.83878,iPad1(1000183),183,09.06.26 15:35,Prod,A1000183.6914,Tisch 11,115,S1000183.83878,VOID,2,2.8,5.6,0.0,0.0,0.0,0.0,121,Mineralwasser,Getränke,,MwSt. 19%,1.19,4.705882,0.894118,Normalverkauf
S1000183.83879,SP1000183.34.83879,SY1000183.2026.83879,iPad1(1000183),183,09.06.26 11:15,Prod,A1000183.6915,Tisch 11,106,S1000183.83879,SALE,2,10.9,21.8,0.0,0.0,0.0,0.0,107,Chicken Burger,Hauptgerichte,,MwSt. 7%,1.07,20.373832,1.426168,Normalverkauf
S1000183.83880,SP1000183.34.83880,SY1000183.2026.83880,iPad1(1000183),183,09.06.26 17:17,Prod,A1000183.6916,Tisch 9,104,S1000183.83880,SALE,1,14.5,14.5,0.0,0.0,0.0,0.0,101,Lachs,Hauptspeisen,,MwSt. 7%,1.07,13.551402,0.948598,Normalverkauf
S1000183.83881,SP1000183.34.83881,SY1000183.2026.83881,iPad1(1000183),183,09.06.26 17:17,Prod,A1000183.6916,Tisch 9,104,S1000183.83881,SALE,2,5.5,11.0,0.0,0.0,0.0,0.0,111,Pommes Frites,Beilagen,,MwSt. 7%,1.07,10.280374,0.719626,Normalverkauf
S1000183.83882,SP1000183.34.83882,SY1000183.2026.83882,iPad1(1000183),183,09.06.26 17:17,Prod,A1000183.6916,Tisch 9,104,S1000183.83882,SALE,2,3.2,6.4,0.0,0.0,0.0,0.0,120,Apfelschorle,Getränke,,MwSt. 19%,1.19,5.378151,1.021849,Normalverkauf
S1000183.83883,SP1000183.34.83883,SY1000183.2026.83883,iPad1(1000183),183,09.06.26 12:25,Prod,A1000183.6917,Tisch 4,117,S1000183.83883,SALE,1,10.9,10.9,0.0,0.0,0.0,0.0,107,Chicken Burger,Hauptgerichte,,MwSt. 7%,1.07,10.186916,0.713084,Normalverkauf
S1000183.83884,SP1000183.34.83884,SY1000183.2026.83884,iPad1(1000183),183,09.06.26 12:25,Prod,A1000183.6917,Tisch 4,117,S1000183.83884,SALE,2,3.9,7.8,0.0,0.0,0.0,0.0,126,Spezi,Getränke,,MwSt. 19%,1.19,6.554622,1.245378,Normalverkauf
S1000183.83885,SP1000183.34.83885,SY1000183.2026.83885,iPad1(1000183),183,09.06.26 19:53,Prod,A1000183.6918,Tisch 23,111,S1000183.83885,SALE,1,3.2,3.2,0.0,0.0,0.0,0.0,120,Apfelschorle,Getränke,,MwSt. 19%,1.19,2.689076,0.510924,Normalverkauf
S1000183.83886,SP1000183.34.83886,SY1000183.2026.83886,iPad1(1000183),183,09.06.26 19:53,Prod,A1000183.6918,Tisch 23,111,S1000183.83886,SALE,2,10.9,21.8,0.0,0.0,0.0,0.0,109,Bismarck-Baguette,Hauptgerichte,,MwSt. 7%,1.07,20.373832,1.426168,Normalverkauf
S1000183.83887,SP1000183.34.83887,SY1000183.2026.83887,iPad1(1000183),183,09.06.26 19:39,Prod,A1000183.6919,Tisch 6,115,S1000183.83887,SALE,2,10.9,21.8,0.0,0.0,0.0,0.0,109,Bismarck-Baguette,Hauptgerichte,,MwSt. 7%,1.07,20.373832,1.426168,Normalverkauf
S1000183.83888,SP1000183.34.83888,SY1000183.2026.83888,iPad1(1000183),183,10.06.26 12:02,Prod,A1000183.6920,Tisch 5,111,S1000183.83888,SALE,2,6.9,13.8,0.0,0.0,0.0,0.0,113,Garnelen Box,Beilagen,,MwSt. 7%,1.07,12.897196,0.902804,Normalverkauf
S1000183.83889,SP1000183.34.83889,SY1000183.2026.83889,iPad1(1000183),183,10.06.26 18:54,Prod,A1000183.6921,,111,S1000183.83889,SALE,2,10.9,21.8,0.0,0.0,0.0,0.0,104,Thunfisch Wrap,Hauptgerichte,,MwSt. 7%,1.07,20.373832,1.426168,Normalverkauf
S1000183.83890,SP1000183.34.83890,SY1000183.2026.83890,iPad1(1000183),183,10.06.26 13:20,Prod,A1000183.6922,Tisch 2,117,S1000183.83890,SALE,1,10.9,10.9,0.0,0.0,0.0,0.0,104,Thunfisch Wrap,Hauptgerichte,,MwSt. 7%,1.07,10.186916,0.713084,Normalverkauf
S1000183.83891,SP1000183.34.83891,SY1000183.2026.83891,iPad1(1000183),183,10.06.26 13:20,Prod,A1000183.6922,Tisch 2,117,S1000183.83891,SALE,1,3.2,3.2,0.0,0.0,0.0,0.0,120,Apfelschorle,Getränke,,MwSt. 19%,1.19,2.689076,0.510924,Normalverkauf
S1000183.83892,SP1000183.34.83892,SY1000183.2026.83892,iPad1(1000183),183,10.06.26 13:20,Prod,A1000183.6922,Tisch 2,117,S1000183.83892,SALE,1,10.9,10.9,0.0,0.0,0.0,0.0,104,Thunfisch Wrap,Hauptgerichte,,MwSt. 7%,1.07,10.186916,0.713084,Normalverkauf
S1000183.83893,SP1000183.34.83893,SY1000183.2026.83893,iPad1(1000183),183,10.06.26 17:32,Prod,A1000183.6923,Tisch 20,120,S1000183.83893,SALE,1,3.9,3.9,0.0,0.0,0.0,0.0,119,Cola,Getränke,,MwSt. 19%,1.19,3.277311,0.622689,Normalverkauf
S1000183.83894,SP1000183.34.83894,SY1000183.2026.83894,iPad1(1000183),183,10.06.26 17:32,Prod,A1000183.6923,Tisch 20,120,S1000183.83894,SALE,2,5.5,11.0,0.0,0.0,0.0,0.0,114,Fisch Nuggets Box,Beilagen,,MwSt. 7%,1.07,10.280374,0.719626,Normalverkauf
S1000183.83895,SP1000183.34.83895,SY1000183.2026.83895,iPad1(1000183),183,10.06.26 17:32,Prod,A1000183.6923,Tisch 20,120,S1000183.83895,SALE,2,5.5,11.0,0.0,0.0,0.0,0.0,114,Fisch Nuggets Box,Beilagen,,MwSt. 7%,1.07,10.280374,0.719626,Normalverkauf
S1000183.83896,SP1000183.34.83896,SY1000183.2026.83896,iPad1(1000183),183,10.06.26 13:17,Prod,A1000183.6924,Tisch 8,117,S1000183.83896,SALE,2,4.2,8.4,0.0,0.0,0.0,0.0,122,Bier,Getränke,,MwSt. 19%,1.19,7.058824,1.341176,Normalverkauf
S1000183.83897,SP1000183.34.83897,SY1000183.2026.83897,iPad1(1000183),183,10.06.26 13:17,Prod,A1000183.6924,Tisch 8,117,S1000183.83897,SALE,1,3.9,3.9,0.0,0.0,0.0,0.0,127,Alkoholfreies Bier,Getränke,,MwSt. 19%,1.19,3.277311,0.622689,Normalverkauf
S1000183.83898,SP1000183.34.83898,SY1000183.2026.83898,iPad1(1000183),183,10.06.26 13:17,Prod,A1000183.6924,Tisch 8,117,S1000183.83898,SALE,1,9.8,9.8,0.0,0.0,0.0,0.0,108,Seelachs-Ei-Baugette,Hauptgerichte,,MwSt. 7%,1.07,9.158879,0.641121,Normalverkauf
S1000183.83899,SP1000183.34.83899,SY1000183.2026.83899,iPad1(1000183),183,10.06.26 12:37,Prod,A1000183.6925,Tisch 5,120,S1000183.83899,SALE,1,14.5,14.5,0.0,0.0,0.0,0.0,101,Lachs,Hauptspeisen,,MwSt. 7%,1.07,13.551402,0.948598,Normalverkauf
S1000183.83900,SP1000183.34.83900,SY1000183.2026.83900,iPad1(1000183),183,10.06.26 12:37,Prod,A1000183.6925,Tisch 5,120,S1000183.83900,SALE,1,3.9,3.9,0.0,0.0,0.0,0.0,127,Alkoholfreies Bier,Getränke,,MwSt. 19%,1.19,3.277311,0.622689,Normalverkauf
S1000183.83901,SP1000183.34.83901,SY1000183.2026.83901,iPad1(1000183),183,10.06.26 12:37,Prod,A1000183.6925,Tisch 5,120,S1000183.83901,SALE,1,13.5,13.5,0.0,0.0,0.0,0.0,102,Matjes,Hauptspeisen,,MwSt. 7%,1.07,12.616822,0.883178,Normalverkauf
S1000183.83902,SP1000183.34.83902,SY1000183.2026.83902,iPad1(1000183),183,10.06.26 17:21,Prod,A1000183.6926,Tisch 23,106,S1000183.83902,SALE,2,10.9,21.8,0.0,0.0,0.0,0.0,109,Bismarck-Baguette,Hauptgerichte,,MwSt. 7%,1.07,20.373832,1.426168,Normalverkauf
S1000183.83903,SP1000183.34.83903,SY1000183.2026.83903,iPad1(1000183),183,10.06.26 17:21,Prod,A1000183.6926,Tisch 23,106,S1000183.83903,SALE,2,6.5,13.0,0.0,0.0,0.0,0.0,100,Fischbrötchen Backfisch,Hauptspeisen,,MwSt. 7%,1.07,12.149533,0.850467,Normalverkauf
S1000183.83904,SP1000183.34.83904,SY1000183.2026.83904,iPad1(1000183),183,10.06.26 18:05,Prod,A1000183.6927,Tisch 7,104,S1000183.83904,SALE,1,10.9,10.9,0.0,0.0,0.0,0.0,104,Thunfisch Wrap,Hauptgerichte,,MwSt. 7%,1.07,10.186916,0.713084,Normalverkauf
S1000183.83905,SP1000183.34.83905,SY1000183.2026.83905,iPad1(1000183),183,10.06.26 18:05,Prod,A1000183.6927,Tisch 7,104,S1000183.83905,SALE,1,10.9,10.9,0.0,0.0,0.0,0.0,104,Thunfisch Wrap,Hauptgerichte,,MwSt. 7%,1.07,10.186916,0.713084,Normalverkauf
S1000183.83906,SP1000183.34.83906,SY1000183.2026.83906,iPad1(1000183),183,10.06.26 18:05,Prod,A1000183.6927,Tisch 7,104,S1000183.83906,SALE,2,3.9,7.8,0.0,0.0,0.0,0.0,119,Cola,Getränke,,MwSt. 19%,1.19,6.554622,1.245378,Normalverkauf
S1000183.83907,SP1000183.34.83907,SY1000183.2026.83907,iPad1(1000183),183,10.06.26 13:33,Prod,A1000183.6928,Tisch 10,111,S1000183.83907,SALE,2,2.8,5.6,0.0,0.0,0.0,0.0,121,Mineralwasser,Getränke,,MwSt. 19%,1.19,4.705882,0.894118,Normalverkauf
S1000183.83908,SP1000183.34.83908,SY1000183.2026.83908,iPad1(1000183),183,10.06.26 13:33,Prod,A1000183.6928,Tisch 10,111,S1000183.83908,SALE,1,3.9,3.9,0.0,0.0,0.0,0.0,127,Alkoholfreies Bier,Getränke,,MwSt. 19%,1.19,3.277311,0.622689,Normalverkauf
S1000183.83909,SP1000183.34.83909,SY1000183.2026.83909,iPad1(1000183),183,10.06.26 08:29,Prod,A1000183.6929,Tisch 13,117,S1000183.83909,SALE,1,6.9,6.9,0.0,0.0,0.0,0.0,103,Fischbrötchen Räucherlachs,Hauptspeisen,,MwSt. 7%,1.07,6.448598,0.451402,Normalverkauf
S1000183.83910,SP1000183.34.83910,SY1000183.2026.83910,iPad1(1000183),183,10.06.26 11:39,Prod,A1000183.6930,Tisch 2,106,S1000183.83910,SALE,2,4.2,8.4,0.0,0.0,0.0,0.0,122,Bier,Getränke,,MwSt. 19%,1.19,7.058824,1.341176,Normalverkauf
S1000183.83911,SP1000183.34.83911,SY1000183.2026.83911,iPad1(1000183),183,10.06.26 11:39,Prod,A1000183.6930,Tisch 2,106,S1000183.83911,SALE,1,10.9,10.9,0.0,0.0,0.0,0.0,107,Chicken Burger,Hauptgerichte,,MwSt. 7%,1.07,10.186916,0.713084,Normalverkauf
S1000183.83912,SP1000183.34.83912,SY1000183.2026.83912,iPad1(1000183),183,10.06.26 13:53,Prod,A1000183.6931,Tisch 4,104,S1000183.83912,SALE,2,10.9,21.8,0.0,0.0,0.0,0.0,107,Chicken Burger,Hauptgerichte,,MwSt. 7%,1.07,20.373832,1.426168,Normalverkauf
S1000183.83913,SP1000183.34.83913,SY1000183.2026.83913,iPad1(1000183),183,10.06.26 13:56,Prod,A1000183.6932,Tisch 2,104,S1000183.83913,SALE,2,2.8,5.6,0.0,0.0,0.0,0.0,121,Mineralwasser,Getränke,,MwSt. 19%,1.19,4.705882,0.894118,Normalverkauf
S1000183.83914,SP1000183.34.83914,SY1000183.2026.83914,iPad1(1000183),183,10.06.26 18:05,Prod,A1000183.6933,Tisch 11,111,S1000183.83914,SALE,2,5.9,11.8,0.0,0.0,0.0,0.0,125,Zitronen-Limonade,Getränke,,MwSt. 19%,1.19,9.915966,1.884034,Normalverkauf
S1000183.83915,SP1000183.34.83915,SY1000183.2026.83915,iPad1(1000183),183,10.06.26 18:05,Prod,A1000183.6933,Tisch 11,111,S1000183.83915,SALE,2,11.5,23.0,0.0,0.0,0.0,0.0,105,Garnelen-Kimchi-Bruger,Hauptgerichte,,MwSt. 7%,1.07,21.495327,1.504673,Normalverkauf
S1000183.83916,SP1000183.34.83916,SY1000183.2026.83916,iPad1(1000183),183,10.06.26 12:47,Prod,A1000183.6934,Tisch 9,115,S1000183.83916,SALE,2,7.9,15.8,0.0,0.0,0.0,0.0,106,Neptun-Ringe,Beilagen,,MwSt. 7%,1.07,14.766355,1.033645,Normalverkauf
S1000183.83917,SP1000183.34.83917,SY1000183.2026.83917,iPad1(1000183),183,10.06.26 12:47,Prod,A1000183.6934,Tisch 9,115,S1000183.83917,SALE,2,10.9,21.8,0.0,0.0,0.0,0.0,109,Bismarck-Baguette,Hauptgerichte,,MwSt. 7%,1.07,20.373832,1.426168,Normalverkauf
S1000183.83918,SP1000183.34.83918,SY1000183.2026.83918,iPad1(1000183),183,10.06.26 20:43,Prod,A1000183.6935,Tisch 18,117,S1000183.83918,SALE,2,4.9,9.8,0.0,0.0,0.0,0.0,112,Kartoffelwedges,Beilagen,,MwSt. 7%,1.07,9.158879,0.641121,Normalverkauf
S1000183.83919,SP1000183.34.83919,SY1000183.2026.83919,iPad1(1000183),183,10.06.26 20:43,Prod,A1000183.6935,Tisch 18,117,S1000183.83919,SALE,2,5.5,11.0,0.0,0.0,0.0,0.0,111,Pommes Frites,Beilagen,,MwSt. 7%,1.07,10.280374,0.719626,Normalverkauf
S1000183.83920,SP1000183.34.83920,SY1000183.2026.83920,iPad1(1000183),183,10.06.26 20:43,Prod,A1000183.6935,Tisch 18,117,S1000183.83920,SALE,1,3.9,3.9,0.0,0.0,0.0,0.0,119,Cola,Getränke,,MwSt. 19%,1.19,3.277311,0.622689,Normalverkauf
S1000183.83921,SP1000183.34.83921,SY1000183.2026.83921,iPad1(1000183),183,10.06.26 16:42,Prod,A1000183.6936,Tisch 14,111,S1000183.83921,SALE,2,10.9,21.8,0.0,0.0,0.0,0.0,107,Chicken Burger,Hauptgerichte,,MwSt. 7%,1.07,20.373832,1.426168,Normalverkauf
S1000183.83922,SP1000183.34.83922,SY1000183.2026.83922,iPad1(1000183),183,10.06.26 16:42,Prod,A1000183.6936,Tisch 14,111,S1000183.83922,SALE,1,3.2,3.2,0.0,0.0,0.0,0.0,120,Apfelschorle,Getränke,,MwSt. 19%,1.19,2.689076,0.510924,Normalverkauf
S1000183.83923,SP1000183.34.83923,SY1000183.2026.83923,iPad1(1000183),183,10.06.26 16:42,Prod,A1000183.6936,Tisch 14,111,S1000183.83923,SALE,2,10.9,21.8,0.0,0.0,0.0,0.0,107,Chicken Burger,Hauptgerichte,,MwSt. 7%,1.07,20.373832,1.426168,Normalverkauf
S1000183.83924,SP1000183.34.83924,SY1000183.2026.83924,iPad1(1000183),183,10.06.26 20:30,Prod,A1000183.6937,Tisch 19,115,S1000183.83924,SALE,1,10.9,10.9,0.0,0.0,0.0,0.0,109,Bismarck-Baguette,Hauptgerichte,,MwSt. 7%,1.07,10.186916,0.713084,Normalverkauf
S1000183.83925,SP1000183.34.83925,SY1000183.2026.83925,iPad1(1000183),183,10.06.26 20:30,Prod,A1000183.6937,Tisch 19,115,S1000183.83925,SALE,2,2.8,5.6,0.0,0.0,0.0,0.0,121,Mineralwasser,Getränke,,MwSt. 19%,1.19,4.705882,0.894118,Normalverkauf
S1000183.83926,SP1000183.34.83926,SY1000183.2026.83926,iPad1(1000183),183,10.06.26 10:02,Prod,A1000183.6938,Tisch 10,117,S1000183.83926,SALE,2,2.8,5.6,0.0,0.0,0.0,0.0,121,Mineralwasser,Getränke,,MwSt. 19%,1.19,4.705882,0.894118,Normalverkauf
S1000183.83927,SP1000183.34.83927,SY1000183.2026.83927,iPad1(1000183),183,10.06.26 10:02,Prod,A1000183.6938,Tisch 10,117,S1000183.83927,SALE,2,5.5,11.0,0.0,0.0,0.0,0.0,111,Pommes Frites,Beilagen,,MwSt. 7%,1.07,10.280374,0.719626,Normalverkauf
S1000183.83928,SP1000183.34.83928,SY1000183.2026.83928,iPad1(1000183),183,10.06.26 10:02,Prod,A1000183.6938,Tisch 10,117,S1000183.83928,SALE,1,2.8,2.8,0.0,0.0,0.0,0.0,121,Mineralwasser,Getränke,,MwSt. 19%,1.19,2.352941,0.447059,Normalverkauf
S1000183.83929,SP1000183.34.83929,SY1000183.2026.83929,iPad1(1000183),183,10.06.26 19:21,Prod,A1000183.6939,Tisch 5,104,S1000183.83929,SALE,1,3.9,3.9,0.0,0.0,0.0,0.0,124,Cola Zero,Getränke,,MwSt. 19%,1.19,3.277311,0.622689,Normalverkauf
S1000183.83930,SP1000183.34.83930,SY1000183.2026.83930,iPad1(1000183),183,10.06.26 19:21,Prod,A1000183.6939,Tisch 5,104,S1000183.83930,SALE,1,6.9,6.9,0.0,0.0,0.0,0.0,103,Fischbrötchen Räucherlachs,Hauptspeisen,,MwSt. 7%,1.07,6.448598,0.451402,Normalverkauf
S1000183.83931,SP1000183.34.83931,SY1000183.2026.83931,iPad1(1000183),183,10.06.26 19:21,Prod,A1000183.6939,Tisch 5,104,S1000183.83931,SALE,2,11.5,23.0,0.0,0.0,0.0,0.0,105,Garnelen-Kimchi-Bruger,Hauptgerichte,,MwSt. 7%,1.07,21.495327,1.504673,Normalverkauf
S1000183.83932,SP1000183.34.83932,SY1000183.2026.83932,iPad1(1000183),183,10.06.26 17:36,Prod,A1000183.6940,Tisch 24,117,S1000183.83932,SALE,1,11.5,11.5,0.0,0.0,0.0,0.0,105,Garnelen-Kimchi-Bruger,Hauptgerichte,,MwSt. 7%,1.07,10.747664,0.752336,Normalverkauf
S1000183.83933,SP1000183.34.83933,SY1000183.2026.83933,iPad1(1000183),183,10.06.26 11:53,Prod,A1000183.6941,Tisch 20,117,S1000183.83933,SALE,1,2.8,2.8,0.0,0.0,0.0,0.0,121,Mineralwasser,Getränke,,MwSt. 19%,1.19,2.352941,0.447059,Normalverkauf
S1000183.83934,SP1000183.34.83934,SY1000183.2026.83934,iPad1(1000183),183,10.06.26 11:53,Prod,A1000183.6941,Tisch 20,117,S1000183.83934,SALE,2,6.9,13.8,0.0,0.0,0.0,0.0,103,Fischbrötchen Räucherlachs,Hauptspeisen,,MwSt. 7%,1.07,12.897196,0.902804,Normalverkauf
S1000183.83935,SP1000183.34.83935,SY1000183.2026.83935,iPad1(1000183),183,10.06.26 11:53,Prod,A1000183.6941,Tisch 20,117,S1000183.83935,SALE,2,3.9,7.8,0.0,0.0,0.0,0.0,127,Alkoholfreies Bier,Getränke,,MwSt. 19%,1.19,6.554622,1.245378,Normalverkauf
S1000183.83936,SP1000183.34.83936,SY1000183.2026.83936,iPad1(1000183),183,10.06.26 12:55,Prod,A1000183.6942,,104,S1000183.83936,SALE,2,4.9,9.8,0.0,0.0,0.0,0.0,112,Kartoffelwedges,Beilagen,,MwSt. 7%,1.07,9.158879,0.641121,Normalverkauf
S1000183.83937,SP1000183.34.83937,SY1000183.2026.83937,iPad1(1000183),183,10.06.26 12:55,Prod,A1000183.6942,,104,S1000183.83937,SALE,1,10.9,10.9,0.0,0.0,0.0,0.0,107,Chicken Burger,Hauptgerichte,,MwSt. 7%,1.07,10.186916,0.713084,Normalverkauf
S1000183.83938,SP1000183.34.83938,SY1000183.2026.83938,iPad1(1000183),183,10.06.26 12:55,Prod,A1000183.6942,,104,S1000183.83938,SALE,1,5.9,5.9,0.0,0.0,0.0,0.0,125,Zitronen-Limonade,Getränke,,MwSt. 19%,1.19,4.957983,0.942017,Normalverkauf
S1000183.83939,SP1000183.34.83939,SY1000183.2026.83939,iPad1(1000183),183,10.06.26 17:18,Prod,A1000183.6943,Tisch 16,106,S1000183.83939,SALE,1,5.9,5.9,0.0,0.0,0.0,0.0,125,Zitronen-Limonade,Getränke,,MwSt. 19%,1.19,4.957983,0.942017,Normalverkauf
S1000183.83940,SP1000183.34.83940,SY1000183.2026.83940,iPad1(1000183),183,10.06.26 11:21,Prod,A1000183.6944,Tisch 18,106,S1000183.83940,SALE,2,5.5,11.0,0.0,0.0,0.0,0.0,111,Pommes Frites,Beilagen,,MwSt. 7%,1.07,10.280374,0.719626,Normalverkauf
S1000183.83941,SP1000183.34.83941,SY1000183.2026.83941,iPad1(1000183),183,10.06.26 16:46,Prod,A1000183.6945,Tisch 2,115,S1000183.83941,SALE,1,10.9,10.9,0.0,0.0,0.0,0.0,107,Chicken Burger,Hauptgerichte,,MwSt. 7%,1.07,10.186916,0.713084,Normalverkauf
S1000183.83942,SP1000183.34.83942,SY1000183.2026.83942,iPad1(1000183),183,10.06.26 16:52,Prod,A1000183.6946,Tisch 2,115,S1000183.83942,SALE,2,5.9,11.8,0.0,0.0,0.0,0.0,117,Rote Grütze,Desserts,,MwSt. 7%,1.07,11.028037,0.771963,Normalverkauf
S1000183.83943,SP1000183.34.83943,SY1000183.2026.83943,iPad1(1000183),183,10.06.26 16:52,Prod,A1000183.6946,Tisch 2,115,S1000183.83943,SALE,1,5.5,5.5,0.0,0.0,0.0,0.0,114,Fisch Nuggets Box,Beilagen,,MwSt. 7%,1.07,5.140187,0.359813,Normalverkauf
S1000183.83944,SP1000183.34.83944,SY1000183.2026.83944,iPad1(1000183),183,10.06.26 11:25,Prod,A1000183.6947,Tisch 23,117,S1000183.83944,SALE,2,9.8,19.6,0.0,0.0,0.0,0.0,108,Seelachs-Ei-Baugette,Hauptgerichte,,MwSt. 7%,1.07,18.317757,1.282243,Normalverkauf
S1000183.83945,SP1000183.34.83945,SY1000183.2026.83945,iPad1(1000183),183,10.06.26 11:25,Prod,A1000183.6947,Tisch 23,117,S1000183.83945,SALE,2,9.8,19.6,0.0,0.0,0.0,0.0,108,Seelachs-Ei-Baugette,Hauptgerichte,,MwSt. 7%,1.07,18.317757,1.282243,Normalverkauf
S1000183.83946,SP1000183.34.83946,SY1000183.2026.83946,iPad1(1000183),183,10.06.26 11:25,Prod,A1000183.6947,Tisch 23,117,S1000183.83946,SALE,2,4.9,9.8,0.0,0.0,0.0,0.0,112,Kartoffelwedges,Beilagen,,MwSt. 7%,1.07,9.158879,0.641121,Normalverkauf
S1000183.83947,SP1000183.34.83947,SY1000183.2026.83947,iPad1(1000183),183,10.06.26 19:30,Prod,A1000183.6948,Tisch 22,104,S1000183.83947,SALE,1,10.9,10.9,0.0,0.0,0.0,0.0,104,Thunfisch Wrap,Hauptgerichte,,MwSt. 7%,1.07,10.186916,0.713084,Normalverkauf
S1000183.83948,SP1000183.34.83948,SY1000183.2026.83948,iPad1(1000183),183,10.06.26 19:30,Prod,A1000183.6948,Tisch 22,104,S1000183.83948,SALE,2,2.8,5.6,0.0,0.0,0.0,0.0,121,Mineralwasser,Getränke,,MwSt. 19%,1.19,4.705882,0.894118,Normalverkauf
S1000183.83949,SP1000183.34.83949,SY1000183.2026.83949,iPad1(1000183),183,10.06.26 20:54,Prod,A1000183.6949,Tisch 20,106,S1000183.83949,SALE,2,3.9,7.8,0.0,0.0,0.0,0.0,126,Spezi,Getränke,,MwSt. 19%,1.19,6.554622,1.245378,Normalverkauf
S1000183.83950,SP1000183.34.83950,SY1000183.2026.83950,iPad1(1000183),183,10.06.26 20:54,Prod,A1000183.6949,Tisch 20,106,S1000183.83950,SALE,1,10.9,10.9,0.0,0.0,0.0,0.0,107,Chicken Burger,Hauptgerichte,,MwSt. 7%,1.07,10.186916,0.713084,Normalverkauf
S1000183.83951,SP1000183.34.83951,SY1000183.2026.83951,iPad1(1000183),183,10.06.26 11:29,Prod,A1000183.6950,Tisch 19,115,S1000183.83951,SALE,1,4.2,4.2,0.0,0.0,0.0,0.0,122,Bier,Getränke,,MwSt. 19%,1.19,3.529412,0.670588,Normalverkauf
S1000183.83952,SP1000183.34.83952,SY1000183.2026.83952,iPad1(1000183),183,10.06.26 11:29,Prod,A1000183.6950,Tisch 19,115,S1000183.83952,SALE,2,3.9,7.8,0.0,0.0,0.0,0.0,119,Cola,Getränke,,MwSt. 19%,1.19,6.554622,1.245378,Normalverkauf
S1000183.83953,SP1000183.34.83953,SY1000183.2026.83953,iPad1(1000183),183,10.06.26 15:15,Prod,A1000183.6951,Tisch 17,115,S1000183.83953,SALE,1,6.5,6.5,0.0,0.0,0.0,0.0,100,Fischbrötchen Backfisch,Hauptspeisen,,MwSt. 7%,1.07,6.074766,0.425234,Normalverkauf
S1000183.83954,SP1000183.34.83954,SY1000183.2026.83954,iPad1(1000183),183,10.06.26 15:15,Prod,A1000183.6951,Tisch 17,115,S1000183.83954,SALE,1,3.9,3.9,0.0,0.0,0.0,0.0,124,Cola Zero,Getränke,,MwSt. 19%,1.19,3.277311,0.622689,Normalverkauf
S1000183.83955,SP1000183.34.83955,SY1000183.2026.83955,iPad1(1000183),183,10.06.26 19:25,Prod,A1000183.6952,Tisch 24,115,S1000183.83955,SALE,1,6.9,6.9,0.0,0.0,0.0,0.0,103,Fischbrötchen Räucherlachs,Hauptspeisen,,MwSt. 7%,1.07,6.448598,0.451402,Normalverkauf
S1000183.83956,SP1000183.34.83956,SY1000183.2026.83956,iPad1(1000183),183,10.06.26 19:25,Prod,A1000183.6952,Tisch 24,115,S1000183.83956,SALE,2,11.9,23.8,0.0,0.0,0.0,0.0,110,Matjes-Baguette,Hauptgerichte,,MwSt. 7%,1.07,22.242991,1.557009,Normalverkauf
S1000183.83957,SP1000183.34.83957,SY1000183.2026.83957,iPad1(1000183),183,10.06.26 19:47,Prod,A1000183.6953,Tisch 4,115,S1000183.83957,SALE,1,5.5,5.5,0.0,0.0,0.0,0.0,114,Fisch Nuggets Box,Beilagen,,MwSt. 7%,1.07,5.140187,0.359813,Normalverkauf
S1000183.83958,SP1000183.34.83958,SY1000183.2026.83958,iPad1(1000183),183,10.06.26 19:47,Prod,A1000183.6953,Tisch 4,115,S1000183.83958,SALE,2,3.9,7.8,0.0,0.0,0.0,0.0,126,Spezi,Getränke,,MwSt. 19%,1.19,6.554622,1.245378,Normalverkauf
S1000183.83959,SP1000183.34.83959,SY1000183.2026.83959,iPad1(1000183),183,10.06.26 14:50,Prod,A1000183.6954,Tisch 7,106,S1000183.83959,SALE,1,10.9,10.9,0.0,0.0,0.0,0.0,104,Thunfisch Wrap,Hauptgerichte,,MwSt. 7%,1.07,10.186916,0.713084,Normalverkauf
S1000183.83960,SP1000183.34.83960,SY1000183.2026.83960,iPad1(1000183),183,10.06.26 12:22,Prod,A1000183.6955,Tisch 8,111,S1000183.83960,SALE,2,3.9,7.8,0.0,0.0,0.0,0.0,119,Cola,Getränke,,MwSt. 19%,1.19,6.554622,1.245378,Normalverkauf
S1000183.83961,SP1000183.34.83961,SY1000183.2026.83961,iPad1(1000183),183,10.06.26 13:34,Prod,A1000183.6956,,117,S1000183.83961,SALE,1,4.2,4.2,0.0,0.0,0.0,0.0,122,Bier,Getränke,,MwSt. 19%,1.19,3.529412,0.670588,Normalverkauf
S1000183.83962,SP1000183.34.83962,SY1000183.2026.83962,iPad1(1000183),183,10.06.26 13:34,Prod,A1000183.6956,,117,S1000183.83962,SALE,1,10.9,10.9,0.0,0.0,0.0,0.0,107,Chicken Burger,Hauptgerichte,,MwSt. 7%,1.07,10.186916,0.713084,Normalverkauf
S1000183.83963,SP1000183.34.83963,SY1000183.2026.83963,iPad1(1000183),183,10.06.26 13:34,Prod,A1000183.6956,,117,S1000183.83963,SALE,1,6.9,6.9,0.0,0.0,0.0,0.0,103,Fischbrötchen Räucherlachs,Hauptspeisen,,MwSt. 7%,1.07,6.448598,0.451402,Normalverkauf
S1000183.83964,SP1000183.34.83964,SY1000183.2026.83964,iPad1(1000183),183,10.06.26 15:08,Prod,A1000183.6957,Tisch 3,111,S1000183.83964,SALE,1,5.5,5.5,0.0,0.0,0.0,0.0,111,Pommes Frites,Beilagen,,MwSt. 7%,1.07,5.140187,0.359813,Normalverkauf
S1000183.83965,SP1000183.34.83965,SY1000183.2026.83965,iPad1(1000183),183,10.06.26 11:42,Prod,A1000183.6958,Tisch 23,115,S1000183.83965,SALE,2,9.8,19.6,0.0,0.0,0.0,0.0,108,Seelachs-Ei-Baugette,Hauptgerichte,,MwSt. 7%,1.07,18.317757,1.282243,Normalverkauf
S1000183.83966,SP1000183.34.83966,SY1000183.2026.83966,iPad1(1000183),183,10.06.26 11:42,Prod,A1000183.6958,Tisch 23,115,S1000183.83966,SALE,1,10.9,10.9,0.0,0.0,0.0,0.0,109,Bismarck-Baguette,Hauptgerichte,,MwSt. 7%,1.07,10.186916,0.713084,Normalverkauf
S1000183.83967,SP1000183.34.83967,SY1000183.2026.83967,iPad1(1000183),183,10.06.26 11:23,Prod,A1000183.6959,Tisch 2,106,S1000183.83967,SALE,2,3.9,7.8,0.0,0.0,0.0,0.0,126,Spezi,Getränke,,MwSt. 19%,1.19,6.554622,1.245378,Normalverkauf
S1000183.83968,SP1000183.34.83968,SY1000183.2026.83968,iPad1(1000183),183,10.06.26 11:23,Prod,A1000183.6959,Tisch 2,106,S1000183.83968,SALE,1,5.5,5.5,0.0,0.0,0.0,0.0,114,Fisch Nuggets Box,Beilagen,,MwSt. 7%,1.07,5.140187,0.359813,Normalverkauf
S1000183.83969,SP1000183.34.83969,SY1000183.2026.83969,iPad1(1000183),183,10.06.26 19:47,Prod,A1000183.6960,Tisch 22,117,S1000183.83969,SALE,1,3.9,3.9,0.0,0.0,0.0,0.0,126,Spezi,Getränke,,MwSt. 19%,1.19,3.277311,0.622689,Normalverkauf
S1000183.83970,SP1000183.34.83970,SY1000183.2026.83970,iPad1(1000183),183,10.06.26 09:18,Prod,A1000183.6961,Tisch 24,111,S1000183.83970,SALE,2,4.2,8.4,0.0,0.0,0.0,0.0,122,Bier,Getränke,,MwSt. 19%,1.19,7.058824,1.341176,Normalverkauf
S1000183.83971,SP1000183.34.83971,SY1000183.2026.83971,iPad1(1000183),183,10.06.26 09:18,Prod,A1000183.6961,Tisch 24,111,S1000183.83971,SALE,1,4.9,4.9,0.0,0.0,0.0,0.0,112,Kartoffelwedges,Beilagen,,MwSt. 7%,1.07,4.579439,0.320561,Normalverkauf
S1000183.83972,SP1000183.34.83972,SY1000183.2026.83972,iPad1(1000183),183,10.06.26 09:18,Prod,A1000183.6961,Tisch 24,111,S1000183.83972,SALE,2,5.9,11.8,0.0,0.0,0.0,0.0,116,Vanillequark,Desserts,,MwSt. 7%,1.07,11.028037,0.771963,Normalverkauf
S1000183.83973,SP1000183.34.83973,SY1000183.2026.83973,iPad1(1000183),183,10.06.26 20:01,Prod,A1000183.6962,Tisch 11,111,S1000183.83973,SALE,2,3.9,7.8,0.0,0.0,0.0,0.0,119,Cola,Getränke,,MwSt. 19%,1.19,6.554622,1.245378,Normalverkauf
S1000183.83974,SP1000183.34.83974,SY1000183.2026.83974,iPad1(1000183),183,10.06.26 20:01,Prod,A1000183.6962,Tisch 11,111,S1000183.83974,SALE,1,2.8,2.8,0.0,0.0,0.0,0.0,121,Mineralwasser,Getränke,,MwSt. 19%,1.19,2.352941,0.447059,Normalverkauf
S1000183.83975,SP1000183.34.83975,SY1000183.2026.83975,iPad1(1000183),183,10.06.26 20:01,Prod,A1000183.6962,Tisch 11,111,S1000183.83975,SALE,1,6.5,6.5,0.0,0.0,0.0,0.0,100,Fischbrötchen Backfisch,Hauptspeisen,,MwSt. 7%,1.07,6.074766,0.425234,Normalverkauf
S1000183.83976,SP1000183.34.83976,SY1000183.2026.83976,iPad1(1000183),183,10.06.26 17:55,Prod,A1000183.6963,Tisch 13,115,S1000183.83976,VOID,1,3.9,3.9,0.0,0.0,0.0,0.0,119,Cola,Getränke,,MwSt. 19%,1.19,3.277311,0.622689,Normalverkauf
S1000183.83977,SP1000183.34.83977,SY1000183.2026.83977,iPad1(1000183),183,10.06.26 17:55,Prod,A1000183.6963,Tisch 13,115,S1000183.83977,VOID,1,3.9,3.9,0.0,0.0,0.0,0.0,119,Cola,Getränke,,MwSt. 19%,1.19,3.277311,0.622689,Normalverkauf
S1000183.83978,SP1000183.34.83978,SY1000183.2026.83978,iPad1(1000183),183,10.06.26 17:10,Prod,A1000183.6964,,115,S1000183.83978,SALE,1,10.9,10.9,0.0,0.0,0.0,0.0,107,Chicken Burger,Hauptgerichte,,MwSt. 7%,1.07,10.186916,0.713084,Normalverkauf
S1000183.83979,SP1000183.34.83979,SY1000183.2026.83979,iPad1(1000183),183,10.06.26 17:10,Prod,A1000183.6964,,115,S1000183.83979,SALE,1,4.2,4.2,0.0,0.0,0.0,0.0,122,Bier,Getränke,,MwSt. 19%,1.19,3.529412,0.670588,Normalverkauf
S1000183.83980,SP1000183.34.83980,SY1000183.2026.83980,iPad1(1000183),183,10.06.26 13:35,Prod,A1000183.6965,Tisch 22,115,S1000183.83980,SALE,2,3.9,7.8,0.0,0.0,0.0,0.0,124,Cola Zero,Getränke,,MwSt. 19%,1.19,6.554622,1.245378,Normalverkauf
S1000183.83981,SP1000183.34.83981,SY1000183.2026.83981,iPad1(1000183),183,10.06.26 13:35,Prod,A1000183.6965,Tisch 22,115,S1000183.83981,SALE,1,6.5,6.5,0.0,0.0,0.0,0.0,100,Fischbrötchen Backfisch,Hauptspeisen,,MwSt. 7%,1.07,6.074766,0.425234,Normalverkauf
S1000183.83982,SP1000183.34.83982,SY1000183.2026.83982,iPad1(1000183),183,10.06.26 13:35,Prod,A1000183.6965,Tisch 22,115,S1000183.83982,SALE,1,9.8,9.8,0.0,0.0,0.0,0.0,108,Seelachs-Ei-Baugette,Hauptgerichte,,MwSt. 7%,1.07,9.158879,0.641121,Normalverkauf
S1000183.83983,SP1000183.34.83983,SY1000183.2026.83983,iPad1(1000183),183,10.06.26 19:12,Prod,A1000183.6966,Tisch 9,111,S1000183.83983,SALE,1,10.9,10.9,0.0,0.0,0.0,0.0,107,Chicken Burger,Hauptgerichte,,MwSt. 7%,1.07,10.186916,0.713084,Normalverkauf
S1000183.83984,SP1000183.34.83984,SY1000183.2026.83984,iPad1(1000183),183,10.06.26 19:12,Prod,A1000183.6966,Tisch 9,111,S1000183.83984,SALE,2,10.9,21.8,0.0,0.0,0.0,0.0,109,Bismarck-Baguette,Hauptgerichte,,MwSt. 7%,1.07,20.373832,1.426168,Normalverkauf
S1000183.83985,SP1000183.34.83985,SY1000183.2026.83985,iPad1(1000183),183,10.06.26 19:10,Prod,A1000183.6967,Tisch 20,104,S1000183.83985,SALE,1,3.9,3.9,0.0,0.0,0.0,0.0,124,Cola Zero,Getränke,,MwSt. 19%,1.19,3.277311,0.622689,Normalverkauf
S1000183.83986,SP1000183.34.83986,SY1000183.2026.83986,iPad1(1000183),183,10.06.26 19:10,Prod,A1000183.6967,Tisch 20,104,S1000183.83986,SALE,2,2.8,5.6,0.0,0.0,0.0,0.0,121,Mineralwasser,Getränke,,MwSt. 19%,1.19,4.705882,0.894118,Normalverkauf
S1000183.83987,SP1000183.34.83987,SY1000183.2026.83987,iPad1(1000183),183,10.06.26 19:10,Prod,A1000183.6967,Tisch 20,104,S1000183.83987,SALE,1,5.9,5.9,0.0,0.0,0.0,0.0,117,Rote Grütze,Desserts,,MwSt. 7%,1.07,5.514019,0.385981,Normalverkauf
S1000183.83988,SP1000183.34.83988,SY1000183.2026.83988,iPad1(1000183),183,10.06.26 11:11,Prod,A1000183.6968,Tisch 21,120,S1000183.83988,SALE,2,5.5,11.0,0.0,0.0,0.0,0.0,114,Fisch Nuggets Box,Beilagen,,MwSt. 7%,1.07,10.280374,0.719626,Normalverkauf
S1000183.83989,SP1000183.34.83989,SY1000183.2026.83989,iPad1(1000183),183,10.06.26 11:11,Prod,A1000183.6968,Tisch 21,120,S1000183.83989,SALE,2,10.9,21.8,0.0,0.0,0.0,0.0,104,Thunfisch Wrap,Hauptgerichte,,MwSt. 7%,1.07,20.373832,1.426168,Normalverkauf
S1000183.83990,SP1000183.34.83990,SY1000183.2026.83990,iPad1(1000183),183,10.06.26 16:22,Prod,A1000183.6969,Tisch 6,117,S1000183.83990,SALE,1,5.5,5.5,0.0,0.0,0.0,0.0,111,Pommes Frites,Beilagen,,MwSt. 7%,1.07,5.140187,0.359813,Normalverkauf
S1000183.83991,SP1000183.34.83991,SY1000183.2026.83991,iPad1(1000183),183,10.06.26 16:22,Prod,A1000183.6969,Tisch 6,117,S1000183.83991,SALE,2,4.2,8.4,0.0,0.0,0.0,0.0,122,Bier,Getränke,,MwSt. 19%,1.19,7.058824,1.341176,Normalverkauf
S1000183.83992,SP1000183.34.83992,SY1000183.2026.83992,iPad1(1000183),183,10.06.26 16:22,Prod,A1000183.6969,Tisch 6,117,S1000183.83992,SALE,2,5.5,11.0,0.0,0.0,0.0,0.0,111,Pommes Frites,Beilagen,,MwSt. 7%,1.07,10.280374,0.719626,Normalverkauf
S1000183.83993,SP1000183.34.83993,SY1000183.2026.83993,iPad1(1000183),183,10.06.26 12:47,Prod,A1000183.6970,Tisch 1,115,S1000183.83993,SALE,2,6.5,13.0,0.0,0.0,0.0,0.0,100,Fischbrötchen Backfisch,Hauptspeisen,,MwSt. 7%,1.07,12.149533,0.850467,Normalverkauf
S1000183.83994,SP1000183.34.83994,SY1000183.2026.83994,iPad1(1000183),183,10.06.26 12:47,Prod,A1000183.6970,Tisch 1,115,S1000183.83994,SALE,2,11.9,23.8,0.0,0.0,0.0,0.0,110,Matjes-Baguette,Hauptgerichte,,MwSt. 7%,1.07,22.242991,1.557009,Normalverkauf
S1000183.83995,SP1000183.34.83995,SY1000183.2026.83995,iPad1(1000183),183,10.06.26 12:47,Prod,A1000183.6970,Tisch 1,115,S1000183.83995,SALE,1,3.9,3.9,0.0,0.0,0.0,0.0,127,Alkoholfreies Bier,Getränke,,MwSt. 19%,1.19,3.277311,0.622689,Normalverkauf
S1000183.83996,SP1000183.34.83996,SY1000183.2026.83996,iPad1(1000183),183,10.06.26 17:02,Prod,A1000183.6971,,104,S1000183.83996,VOID,1,6.9,6.9,0.0,0.0,0.0,0.0,103,Fischbrötchen Räucherlachs,Hauptspeisen,,MwSt. 7%,1.07,6.448598,0.451402,Normalverkauf
S1000183.83997,SP1000183.34.83997,SY1000183.2026.83997,iPad1(1000183),183,10.06.26 11:30,Prod,A1000183.6972,Tisch 8,120,S1000183.83997,SALE,1,4.9,4.9,0.0,0.0,0.0,0.0,112,Kartoffelwedges,Beilagen,,MwSt. 7%,1.07,4.579439,0.320561,Normalverkauf
S1000183.83998,SP1000183.34.83998,SY1000183.2026.83998,iPad1(1000183),183,10.06.26 11:30,Prod,A1000183.6972,Tisch 8,120,S1000183.83998,SALE,1,6.9,6.9,0.0,0.0,0.0,0.0,113,Garnelen Box,Beilagen,,MwSt. 7%,1.07,6.448598,0.451402,Normalverkauf
S1000183.83999,SP1000183.34.83999,SY1000183.2026.83999,iPad1(1000183),183,10.06.26 15:50,Prod,A1000183.6973,Tisch 15,117,S1000183.83999,SALE,1,5.5,5.5,0.0,0.0,0.0,0.0,114,Fisch Nuggets Box,Beilagen,,MwSt. 7%,1.07,5.140187,0.359813,Normalverkauf
S1000183.84000,SP1000183.34.84000,SY1000183.2026.84000,iPad1(1000183),183,10.06.26 15:50,Prod,A1000183.6973,Tisch 15,117,S1000183.84000,SALE,2,3.9,7.8,0.0,0.0,0.0,0.0,119,Cola,Getränke,,MwSt. 19%,1.19,6.554622,1.245378,Normalverkauf
S1000183.84001,SP1000183.34.84001,SY1000183.2026.84001,iPad1(1000183),183,10.06.26 15:50,Prod,A1000183.6973,Tisch 15,117,S1000183.84001,SALE,1,7.9,7.9,0.0,0.0,0.0,0.0,106,Neptun-Ringe,Beilagen,,MwSt. 7%,1.07,7.383178,0.516822,Normalverkauf
S1000183.84002,SP1000183.34.84002,SY1000183.2026.84002,iPad1(1000183),183,10.06.26 18:23,Prod,A1000183.6974,Tisch 15,115,S1000183.84002,SALE,1,5.5,5.5,0.0,0.0,0.0,0.0,111,Pommes Frites,Beilagen,,MwSt. 7%,1.07,5.140187,0.359813,Normalverkauf
S1000183.84003,SP1000183.34.84003,SY1000183.2026.84003,iPad1(1000183),183,10.06.26 10:14,Prod,A1000183.6975,Tisch 19,115,S1000183.84003,SALE,2,10.9,21.8,0.0,0.0,0.0,0.0,107,Chicken Burger,Hauptgerichte,,MwSt. 7%,1.07,20.373832,1.426168,Normalverkauf
S1000183.84004,SP1000183.34.84004,SY1000183.2026.84004,iPad1(1000183),183,10.06.26 11:03,Prod,A1000183.6976,Tisch 18,111,S1000183.84004,SALE,1,4.9,4.9,0.0,0.0,0.0,0.0,112,Kartoffelwedges,Beilagen,,MwSt. 7%,1.07,4.579439,0.320561,Normalverkauf
S1000183.84005,SP1000183.34.84005,SY1000183.2026.84005,iPad1(1000183),183,10.06.26 11:03,Prod,A1000183.6976,Tisch 18,111,S1000183.84005,SALE,1,4.2,4.2,0.0,0.0,0.0,0.0,122,Bier,Getränke,,MwSt. 19%,1.19,3.529412,0.670588,Normalverkauf
S1000183.84006,SP1000183.34.84006,SY1000183.2026.84006,iPad1(1000183),183,10.06.26 13:33,Prod,A1000183.6977,Tisch 6,111,S1000183.84006,SALE,2,9.8,19.6,0.0,0.0,0.0,0.0,108,Seelachs-Ei-Baugette,Hauptgerichte,,MwSt. 7%,1.07,18.317757,1.282243,Normalverkauf
S1000183.84007,SP1000183.34.84007,SY1000183.2026.84007,iPad1(1000183),183,10.06.26 12:45,Prod,A1000183.6978,Tisch 18,117,S1000183.84007,SALE,2,13.5,27.0,0.0,0.0,0.0,0.0,102,Matjes,Hauptspeisen,,MwSt. 7%,1.07,25.233645,1.766355,Normalverkauf
S1000183.84008,SP1000183.34.84008,SY1000183.2026.84008,iPad1(1000183),183,10.06.26 12:45,Prod,A1000183.6978,Tisch 18,117,S1000183.84008,SALE,1,7.9,7.9,0.0,0.0,0.0,0.0,106,Neptun-Ringe,Beilagen,,MwSt. 7%,1.07,7.383178,0.516822,Normalverkauf
S1000183.84009,SP1000183.34.84009,SY1000183.2026.84009,iPad1(1000183),183,10.06.26 17:12,Prod,A1000183.6979,Tisch 12,120,S1000183.84009,SALE,1,2.8,2.8,0.0,0.0,0.0,0.0,121,Mineralwasser,Getränke,,MwSt. 19%,1.19,2.352941,0.447059,Normalverkauf
S1000183.84010,SP1000183.34.84010,SY1000183.2026.84010,iPad1(1000183),183,10.06.26 17:12,Prod,A1000183.6979,Tisch 12,120,S1000183.84010,SALE,1,7.9,7.9,0.0,0.0,0.0,0.0,115,Tiramisu,Desserts,,MwSt. 7%,1.07,7.383178,0.516822,Normalverkauf
S1000183.84011,SP1000183.34.84011,SY1000183.2026.84011,iPad1(1000183),183,10.06.26 16:15,Prod,A1000183.6980,Tisch 1,104,S1000183.84011,SALE,1,9.8,9.8,0.0,0.0,0.0,0.0,108,Seelachs-Ei-Baugette,Hauptgerichte,,MwSt. 7%,1.07,9.158879,0.641121,Normalverkauf
S1000183.84012,SP1000183.34.84012,SY1000183.2026.84012,iPad1(1000183),183,10.06.26 16:15,Prod,A1000183.6980,Tisch 1,104,S1000183.84012,SALE,1,3.9,3.9,0.0,0.0,0.0,0.0,124,Cola Zero,Getränke,,MwSt. 19%,1.19,3.277311,0.622689,Normalverkauf
S1000183.84013,SP1000183.34.84013,SY1000183.2026.84013,iPad1(1000183),183,10.06.26 09:57,Prod,A1000183.6981,Tisch 9,104,S1000183.84013,SALE,2,11.5,23.0,0.0,0.0,0.0,0.0,105,Garnelen-Kimchi-Bruger,Hauptgerichte,,MwSt. 7%,1.07,21.495327,1.504673,Normalverkauf
S1000183.84014,SP1000183.34.84014,SY1000183.2026.84014,iPad1(1000183),183,10.06.26 09:57,Prod,A1000183.6981,Tisch 9,104,S1000183.84014,SALE,1,10.9,10.9,0.0,0.0,0.0,0.0,109,Bismarck-Baguette,Hauptgerichte,,MwSt. 7%,1.07,10.186916,0.713084,Normalverkauf
S1000183.84015,SP1000183.34.84015,SY1000183.2026.84015,iPad1(1000183),183,10.06.26 09:57,Prod,A1000183.6981,Tisch 9,104,S1000183.84015,SALE,1,10.9,10.9,0.0,0.0,0.0,0.0,104,Thunfisch Wrap,Hauptgerichte,,MwSt. 7%,1.07,10.186916,0.713084,Normalverkauf
S1000183.84016,SP1000183.34.84016,SY1000183.2026.84016,iPad1(1000183),183,10.06.26 15:09,Prod,A1000183.6982,Tisch 12,115,S1000183.84016,SALE,2,3.9,7.8,0.0,0.0,0.0,0.0,119,Cola,Getränke,,MwSt. 19%,1.19,6.554622,1.245378,Normalverkauf
S1000183.84017,SP1000183.34.84017,SY1000183.2026.84017,iPad1(1000183),183,10.06.26 15:38,Prod,A1000183.6983,Tisch 11,115,S1000183.84017,VOID,1,5.5,5.5,0.0,0.0,0.0,0.0,111,Pommes Frites,Beilagen,,MwSt. 7%,1.07,5.140187,0.359813,Normalverkauf
S1000183.84018,SP1000183.34.84018,SY1000183.2026.84018,iPad1(1000183),183,10.06.26 15:38,Prod,A1000183.6983,Tisch 11,115,S1000183.84018,VOID,1,2.8,2.8,0.0,0.0,0.0,0.0,121,Mineralwasser,Getränke,,MwSt. 19%,1.19,2.352941,0.447059,Normalverkauf
S1000183.84019,SP1000183.34.84019,SY1000183.2026.84019,iPad1(1000183),183,10.06.26 15:38,Prod,A1000183.6983,Tisch 11,115,S1000183.84019,VOID,1,2.8,2.8,0.0,0.0,0.0,0.0,121,Mineralwasser,Getränke,,MwSt. 19%,1.19,2.352941,0.447059,Normalverkauf
S1000183.84020,SP1000183.34.84020,SY1000183.2026.84020,iPad1(1000183),183,10.06.26 18:42,Prod,A1000183.6984,Tisch 18,117,S1000183.84020,SALE,1,10.9,10.9,0.0,0.0,0.0,0.0,104,Thunfisch Wrap,Hauptgerichte,,MwSt. 7%,1.07,10.186916,0.713084,Normalverkauf
S1000183.84021,SP1000183.34.84021,SY1000183.2026.84021,iPad1(1000183),183,10.06.26 15:29,Prod,A1000183.6985,Tisch 17,120,S1000183.84021,SALE,1,5.9,5.9,0.0,0.0,0.0,0.0,116,Vanillequark,Desserts,,MwSt. 7%,1.07,5.514019,0.385981,Normalverkauf
S1000183.84022,SP1000183.34.84022,SY1000183.2026.84022,iPad1(1000183),183,10.06.26 16:39,Prod,A1000183.6986,Tisch 4,106,S1000183.84022,SALE,2,3.9,7.8,0.0,0.0,0.0,0.0,119,Cola,Getränke,,MwSt. 19%,1.19,6.554622,1.245378,Normalverkauf
S1000183.84023,SP1000183.34.84023,SY1000183.2026.84023,iPad1(1000183),183,10.06.26 16:39,Prod,A1000183.6986,Tisch 4,106,S1000183.84023,SALE,2,5.9,11.8,0.0,0.0,0.0,0.0,117,Rote Grütze,Desserts,,MwSt. 7%,1.07,11.028037,0.771963,Normalverkauf
S1000183.84024,SP1000183.34.84024,SY1000183.2026.84024,iPad1(1000183),183,10.06.26 11:13,Prod,A1000183.6987,Tisch 13,115,S1000183.84024,SALE,1,4.2,4.2,0.0,0.0,0.0,0.0,122,Bier,Getränke,,MwSt. 19%,1.19,3.529412,0.670588,Normalverkauf
S1000183.84025,SP1000183.34.84025,SY1000183.2026.84025,iPad1(1000183),183,10.06.26 11:13,Prod,A1000183.6987,Tisch 13,115,S1000183.84025,SALE,1,14.5,14.5,0.0,0.0,0.0,0.0,101,Lachs,Hauptspeisen,,MwSt. 7%,1.07,13.551402,0.948598,Normalverkauf
S1000183.84026,SP1000183.34.84026,SY1000183.2026.84026,iPad1(1000183),183,10.06.26 19:22,Prod,A1000183.6988,Tisch 3,104,S1000183.84026,SALE,2,14.5,29.0,0.0,0.0,0.0,0.0,101,Lachs,Hauptspeisen,,MwSt. 7%,1.07,27.102804,1.897196,Normalverkauf
S1000183.84027,SP1000183.34.84027,SY1000183.2026.84027,iPad1(1000183),183,10.06.26 19:22,Prod,A1000183.6988,Tisch 3,104,S1000183.84027,SALE,2,3.9,7.8,0.0,0.0,0.0,0.0,119,Cola,Getränke,,MwSt. 19%,1.19,6.554622,1.245378,Normalverkauf
S1000183.84028,SP1000183.34.84028,SY1000183.2026.84028,iPad1(1000183),183,10.06.26 19:22,Prod,A1000183.6988,Tisch 3,104,S1000183.84028,SALE,1,10.9,10.9,0.0,0.0,0.0,0.0,104,Thunfisch Wrap,Hauptgerichte,,MwSt. 7%,1.07,10.186916,0.713084,Normalverkauf
S1000183.84029,SP1000183.34.84029,SY1000183.2026.84029,iPad1(1000183),183,10.06.26 18:16,Prod,A1000183.6989,Tisch 10,104,S1000183.84029,SALE,2,3.9,7.8,0.0,0.0,0.0,0.0,126,Spezi,Getränke,,MwSt. 19%,1.19,6.554622,1.245378,Normalverkauf
S1000183.84030,SP1000183.34.84030,SY1000183.2026.84030,iPad1(1000183),183,10.06.26 18:16,Prod,A1000183.6989,Tisch 10,104,S1000183.84030,SALE,1,5.5,5.5,0.0,0.0,0.0,0.0,111,Pommes Frites,Beilagen,,MwSt. 7%,1.07,5.140187,0.359813,Normalverkauf
S1000183.84031,SP1000183.34.84031,SY1000183.2026.84031,iPad1(1000183),183,10.06.26 18:16,Prod,A1000183.6989,Tisch 10,104,S1000183.84031,SALE,2,6.9,13.8,0.0,0.0,0.0,0.0,103,Fischbrötchen Räucherlachs,Hauptspeisen,,MwSt. 7%,1.07,12.897196,0.902804,Normalverkauf
S1000183.84032,SP1000183.34.84032,SY1000183.2026.84032,iPad1(1000183),183,10.06.26 11:43,Prod,A1000183.6990,Tisch 13,106,S1000183.84032,SALE,2,3.9,7.8,0.0,0.0,0.0,0.0,126,Spezi,Getränke,,MwSt. 19%,1.19,6.554622,1.245378,Normalverkauf
S1000183.84033,SP1000183.34.84033,SY1000183.2026.84033,iPad1(1000183),183,10.06.26 18:26,Prod,A1000183.6991,Tisch 13,104,S1000183.84033,SALE,1,10.9,10.9,0.0,0.0,0.0,0.0,107,Chicken Burger,Hauptgerichte,,MwSt. 7%,1.07,10.186916,0.713084,Normalverkauf
S1000183.84034,SP1000183.34.84034,SY1000183.2026.84034,iPad1(1000183),183,10.06.26 18:26,Prod,A1000183.6991,Tisch 13,104,S1000183.84034,SALE,1,6.5,6.5,0.0,0.0,0.0,0.0,100,Fischbrötchen Backfisch,Hauptspeisen,,MwSt. 7%,1.07,6.074766,0.425234,Normalverkauf
S1000183.84035,SP1000183.34.84035,SY1000183.2026.84035,iPad1(1000183),183,10.06.26 13:57,Prod,A1000183.6992,Tisch 8,106,S1000183.84035,SALE,1,6.9,6.9,0.0,0.0,0.0,0.0,103,Fischbrötchen Räucherlachs,Hauptspeisen,,MwSt. 7%,1.07,6.448598,0.451402,Normalverkauf
S1000183.84036,SP1000183.34.84036,SY1000183.2026.84036,iPad1(1000183),183,10.06.26 11:43,Prod,A1000183.6993,Tisch 19,104,S1000183.84036,SALE,2,10.9,21.8,0.0,0.0,0.0,0.0,107,Chicken Burger,Hauptgerichte,,MwSt. 7%,1.07,20.373832,1.426168,Normalverkauf
S1000183.84037,SP1000183.34.84037,SY1000183.2026.84037,iPad1(1000183),183,10.06.26 11:43,Prod,A1000183.6993,Tisch 19,104,S1000183.84037,SALE,1,4.2,4.2,0.0,0.0,0.0,0.0,122,Bier,Getränke,,MwSt. 19%,1.19,3.529412,0.670588,Normalverkauf
S1000183.84038,SP1000183.34.84038,SY1000183.2026.84038,iPad1(1000183),183,10.06.26 11:43,Prod,A1000183.6993,Tisch 19,104,S1000183.84038,SALE,2,13.5,27.0,0.0,0.0,0.0,0.0,102,Matjes,Hauptspeisen,,MwSt. 7%,1.07,25.233645,1.766355,Normalverkauf
S1000183.84039,SP1000183.34.84039,SY1000183.2026.84039,iPad1(1000183),183,10.06.26 20:06,Prod,A1000183.6994,Tisch 24,111,S1000183.84039,SALE,2,4.9,9.8,0.0,0.0,0.0,0.0,112,Kartoffelwedges,Beilagen,,MwSt. 7%,1.07,9.158879,0.641121,Normalverkauf
S1000183.84040,SP1000183.34.84040,SY1000183.2026.84040,iPad1(1000183),183,10.06.26 20:06,Prod,A1000183.6994,Tisch 24,111,S1000183.84040,SALE,2,3.9,7.8,0.0,0.0,0.0,0.0,124,Cola Zero,Getränke,,MwSt. 19%,1.19,6.554622,1.245378,Normalverkauf
S1000183.84041,SP1000183.34.84041,SY1000183.2026.84041,iPad1(1000183),183,10.06.26 20:06,Prod,A1000183.6994,Tisch 24,111,S1000183.84041,SALE,2,5.9,11.8,0.0,0.0,0.0,0.0,125,Zitronen-Limonade,Getränke,,MwSt. 19%,1.19,9.915966,1.884034,Normalverkauf
S1000183.84042,SP1000183.34.84042,SY1000183.2026.84042,iPad1(1000183),183,10.06.26 15:28,Prod,A1000183.6995,Tisch 14,120,S1000183.84042,SALE,1,5.5,5.5,0.0,0.0,0.0,0.0,111,Pommes Frites,Beilagen,,MwSt. 7%,1.07,5.140187,0.359813,Normalverkauf
S1000183.84043,SP1000183.34.84043,SY1000183.2026.84043,iPad1(1000183),183,10.06.26 17:35,Prod,A1000183.6996,Tisch 6,111,S1000183.84043,SALE,2,6.9,13.8,0.0,0.0,0.0,0.0,103,Fischbrötchen Räucherlachs,Hauptspeisen,,MwSt. 7%,1.07,12.897196,0.902804,Normalverkauf
S1000183.84044,SP1000183.34.84044,SY1000183.2026.84044,iPad1(1000183),183,10.06.26 17:35,Prod,A1000183.6996,Tisch 6,111,S1000183.84044,SALE,2,13.5,27.0,0.0,0.0,0.0,0.0,102,Matjes,Hauptspeisen,,MwSt. 7%,1.07,25.233645,1.766355,Normalverkauf
S1000183.84045,SP1000183.34.84045,SY1000183.2026.84045,iPad1(1000183),183,10.06.26 10:55,Prod,A1000183.6997,Tisch 3,111,S1000183.84045,VOID,2,3.9,7.8,0.0,0.0,0.0,0.0,119,Cola,Getränke,,MwSt. 19%,1.19,6.554622,1.245378,Normalverkauf
S1000183.84046,SP1000183.34.84046,SY1000183.2026.84046,iPad1(1000183),183,10.06.26 10:55,Prod,A1000183.6997,Tisch 3,111,S1000183.84046,VOID,2,5.9,11.8,0.0,0.0,0.0,0.0,116,Vanillequark,Desserts,,MwSt. 7%,1.07,11.028037,0.771963,Normalverkauf
S1000183.84047,SP1000183.34.84047,SY1000183.2026.84047,iPad1(1000183),183,10.06.26 10:55,Prod,A1000183.6997,Tisch 3,111,S1000183.84047,VOID,1,3.2,3.2,0.0,0.0,0.0,0.0,120,Apfelschorle,Getränke,,MwSt. 19%,1.19,2.689076,0.510924,Normalverkauf
S1000183.84048,SP1000183.34.84048,SY1000183.2026.84048,iPad1(1000183),183,10.06.26 11:37,Prod,A1000183.6998,Tisch 23,115,S1000183.84048,SALE,1,4.2,4.2,0.0,0.0,0.0,0.0,122,Bier,Getränke,,MwSt. 19%,1.19,3.529412,0.670588,Normalverkauf
S1000183.84049,SP1000183.34.84049,SY1000183.2026.84049,iPad1(1000183),183,10.06.26 11:37,Prod,A1000183.6998,Tisch 23,115,S1000183.84049,SALE,1,10.9,10.9,0.0,0.0,0.0,0.0,109,Bismarck-Baguette,Hauptgerichte,,MwSt. 7%,1.07,10.186916,0.713084,Normalverkauf
S1000183.84050,SP1000183.34.84050,SY1000183.2026.84050,iPad1(1000183),183,10.06.26 11:22,Prod,A1000183.6999,Tisch 5,115,S1000183.84050,SALE,1,10.9,10.9,0.0,0.0,0.0,0.0,104,Thunfisch Wrap,Hauptgerichte,,MwSt. 7%,1.07,10.186916,0.713084,Normalverkauf
S1000183.84051,SP1000183.34.84051,SY1000183.2026.84051,iPad1(1000183),183,10.06.26 11:22,Prod,A1000183.6999,Tisch 5,115,S1000183.84051,SALE,2,5.5,11.0,0.0,0.0,0.0,0.0,111,Pommes Frites,Beilagen,,MwSt. 7%,1.07,10.280374,0.719626,Normalverkauf
S1000183.84052,SP1000183.34.84052,SY1000183.2026.84052,iPad1(1000183),183,10.06.26 11:22,Prod,A1000183.6999,Tisch 5,115,S1000183.84052,SALE,1,5.9,5.9,0.0,0.0,0.0,0.0,117,Rote Grütze,Desserts,,MwSt. 7%,1.07,5.514019,0.385981,Normalverkauf
S1000183.84053,SP1000183.34.84053,SY1000183.2026.84053,iPad1(1000183),183,10.06.26 19:31,Prod,A1000183.7000,,115,S1000183.84053,SALE,2,2.8,5.6,0.0,0.0,0.0,0.0,121,Mineralwasser,Getränke,,MwSt. 19%,1.19,4.705882,0.894118,Normalverkauf
S1000183.84054,SP1000183.34.84054,SY1000183.2026.84054,iPad1(1000183),183,10.06.26 19:31,Prod,A1000183.7000,,115,S1000183.84054,SALE,1,14.5,14.5,0.0,0.0,0.0,0.0,101,Lachs,Hauptspeisen,,MwSt. 7%,1.07,13.551402,0.948598,Normalverkauf
S1000183.84055,SP1000183.34.84055,SY1000183.2026.84055,iPad1(1000183),183,10.06.26 20:30,Prod,A1000183.7001,Tisch 11,106,S1000183.84055,SALE,1,6.5,6.5,0.0,0.0,0.0,0.0,100,Fischbrötchen Backfisch,Hauptspeisen,,MwSt. 7%,1.07,6.074766,0.425234,Normalverkauf
S1000183.84056,SP1000183.34.84056,SY1000183.2026.84056,iPad1(1000183),183,10.06.26 20:30,Prod,A1000183.7001,Tisch 11,106,S1000183.84056,SALE,1,5.9,5.9,0.0,0.0,0.0,0.0,117,Rote Grütze,Desserts,,MwSt. 7%,1.07,5.514019,0.385981,Normalverkauf
S1000183.84057,SP1000183.34.84057,SY1000183.2026.84057,iPad1(1000183),183,10.06.26 17:20,Prod,A1000183.7002,Tisch 22,104,S1000183.84057,SALE,1,6.5,6.5,0.0,0.0,0.0,0.0,100,Fischbrötchen Backfisch,Hauptspeisen,,MwSt. 7%,1.07,6.074766,0.425234,Normalverkauf
S1000183.84058,SP1000183.34.84058,SY1000183.2026.84058,iPad1(1000183),183,10.06.26 17:20,Prod,A1000183.7002,Tisch 22,104,S1000183.84058,SALE,1,6.5,6.5,0.0,0.0,0.0,0.0,100,Fischbrötchen Backfisch,Hauptspeisen,,MwSt. 7%,1.07,6.074766,0.425234,Normalverkauf
S1000183.84059,SP1000183.34.84059,SY1000183.2026.84059,iPad1(1000183),183,10.06.26 18:12,Prod,A1000183.7003,Tisch 10,117,S1000183.84059,SALE,1,4.2,4.2,0.0,0.0,0.0,0.0,122,Bier,Getränke,,MwSt. 19%,1.19,3.529412,0.670588,Normalverkauf
S1000183.84060,SP1000183.34.84060,SY1000183.2026.84060,iPad1(1000183),183,10.06.26 18:12,Prod,A1000183.7003,Tisch 10,117,S1000183.84060,SALE,2,3.9,7.8,0.0,0.0,0.0,0.0,119,Cola,Getränke,,MwSt. 19%,1.19,6.554622,1.245378,Normalverkauf
S1000183.84061,SP1000183.34.84061,SY1000183.2026.84061,iPad1(1000183),183,10.06.26 18:12,Prod,A1000183.7003,Tisch 10,117,S1000183.84061,SALE,2,10.9,21.8,0.0,0.0,0.0,0.0,104,Thunfisch Wrap,Hauptgerichte,,MwSt. 7%,1.07,20.373832,1.426168,Normalverkauf
S1000183.84062,SP1000183.34.84062,SY1000183.2026.84062,iPad1(1000183),183,10.06.26 18:48,Prod,A1000183.7004,Tisch 4,115,S1000183.84062,SALE,2,11.5,23.0,0.0,0.0,0.0,0.0,105,Garnelen-Kimchi-Bruger,Hauptgerichte,,MwSt. 7%,1.07,21.495327,1.504673,Normalverkauf
S1000183.84063,SP1000183.34.84063,SY1000183.2026.84063,iPad1(1000183),183,10.06.26 19:15,Prod,A1000183.7005,Tisch 17,117,S1000183.84063,SALE,2,4.9,9.8,0.0,0.0,0.0,0.0,112,Kartoffelwedges,Beilagen,,MwSt. 7%,1.07,9.158879,0.641121,Normalverkauf
S1000183.84064,SP1000183.34.84064,SY1000183.2026.84064,iPad1(1000183),183,10.06.26 19:15,Prod,A1000183.7005,Tisch 17,117,S1000183.84064,SALE,1,3.9,3.9,0.0,0.0,0.0,0.0,119,Cola,Getränke,,MwSt. 19%,1.19,3.277311,0.622689,Normalverkauf
S1000183.84065,SP1000183.34.84065,SY1000183.2026.84065,iPad1(1000183),183,11.06.26 20:26,Prod,A1000183.7006,,115,S1000183.84065,SALE,2,3.9,7.8,0.0,0.0,0.0,0.0,119,Cola,Getränke,,MwSt. 19%,1.19,6.554622,1.245378,Normalverkauf
S1000183.84066,SP1000183.34.84066,SY1000183.2026.84066,iPad1(1000183),183,11.06.26 15:56,Prod,A1000183.7007,Tisch 23,117,S1000183.84066,SALE,1,5.5,5.5,0.0,0.0,0.0,0.0,111,Pommes Frites,Beilagen,,MwSt. 7%,1.07,5.140187,0.359813,Normalverkauf
S1000183.84067,SP1000183.34.84067,SY1000183.2026.84067,iPad1(1000183),183,11.06.26 15:56,Prod,A1000183.7007,Tisch 23,117,S1000183.84067,SALE,2,10.9,21.8,0.0,0.0,0.0,0.0,107,Chicken Burger,Hauptgerichte,,MwSt. 7%,1.07,20.373832,1.426168,Normalverkauf
S1000183.84068,SP1000183.34.84068,SY1000183.2026.84068,iPad1(1000183),183,11.06.26 09:47,Prod,A1000183.7008,Tisch 7,115,S1000183.84068,VOID,1,14.5,14.5,0.0,0.0,0.0,0.0,101,Lachs,Hauptspeisen,,MwSt. 7%,1.07,13.551402,0.948598,Normalverkauf
S1000183.84069,SP1000183.34.84069,SY1000183.2026.84069,iPad1(1000183),183,11.06.26 13:15,Prod,A1000183.7009,Tisch 5,111,S1000183.84069,SALE,2,11.5,23.0,0.0,0.0,0.0,0.0,105,Garnelen-Kimchi-Bruger,Hauptgerichte,,MwSt. 7%,1.07,21.495327,1.504673,Normalverkauf
S1000183.84070,SP1000183.34.84070,SY1000183.2026.84070,iPad1(1000183),183,11.06.26 14:24,Prod,A1000183.7010,Tisch 3,120,S1000183.84070,SALE,1,10.9,10.9,0.0,0.0,0.0,0.0,107,Chicken Burger,Hauptgerichte,,MwSt. 7%,1.07,10.186916,0.713084,Normalverkauf
S1000183.84071,SP1000183.34.84071,SY1000183.2026.84071,iPad1(1000183),183,11.06.26 14:24,Prod,A1000183.7010,Tisch 3,120,S1000183.84071,SALE,2,11.5,23.0,0.0,0.0,0.0,0.0,105,Garnelen-Kimchi-Bruger,Hauptgerichte,,MwSt. 7%,1.07,21.495327,1.504673,Normalverkauf
S1000183.84072,SP1000183.34.84072,SY1000183.2026.84072,iPad1(1000183),183,11.06.26 12:16,Prod,A1000183.7011,Tisch 21,115,S1000183.84072,SALE,2,3.2,6.4,0.0,0.0,0.0,0.0,120,Apfelschorle,Getränke,,MwSt. 19%,1.19,5.378151,1.021849,Normalverkauf
S1000183.84073,SP1000183.34.84073,SY1000183.2026.84073,iPad1(1000183),183,11.06.26 12:16,Prod,A1000183.7011,Tisch 21,115,S1000183.84073,SALE,1,4.9,4.9,0.0,0.0,0.0,0.0,112,Kartoffelwedges,Beilagen,,MwSt. 7%,1.07,4.579439,0.320561,Normalverkauf
S1000183.84074,SP1000183.34.84074,SY1000183.2026.84074,iPad1(1000183),183,11.06.26 20:08,Prod,A1000183.7012,Tisch 5,117,S1000183.84074,SALE,1,4.9,4.9,0.0,0.0,0.0,0.0,112,Kartoffelwedges,Beilagen,,MwSt. 7%,1.07,4.579439,0.320561,Normalverkauf
S1000183.84075,SP1000183.34.84075,SY1000183.2026.84075,iPad1(1000183),183,11.06.26 20:08,Prod,A1000183.7012,Tisch 5,117,S1000183.84075,SALE,2,5.5,11.0,0.0,0.0,0.0,0.0,114,Fisch Nuggets Box,Beilagen,,MwSt. 7%,1.07,10.280374,0.719626,Normalverkauf
S1000183.84076,SP1000183.34.84076,SY1000183.2026.84076,iPad1(1000183),183,11.06.26 20:08,Prod,A1000183.7012,Tisch 5,117,S1000183.84076,SALE,2,5.9,11.8,0.0,0.0,0.0,0.0,117,Rote Grütze,Desserts,,MwSt. 7%,1.07,11.028037,0.771963,Normalverkauf
S1000183.84077,SP1000183.34.84077,SY1000183.2026.84077,iPad1(1000183),183,11.06.26 13:17,Prod,A1000183.7013,Tisch 8,104,S1000183.84077,SALE,2,6.9,13.8,0.0,0.0,0.0,0.0,113,Garnelen Box,Beilagen,,MwSt. 7%,1.07,12.897196,0.902804,Normalverkauf
S1000183.84078,SP1000183.34.84078,SY1000183.2026.84078,iPad1(1000183),183,11.06.26 13:17,Prod,A1000183.7013,Tisch 8,104,S1000183.84078,SALE,1,3.9,3.9,0.0,0.0,0.0,0.0,119,Cola,Getränke,,MwSt. 19%,1.19,3.277311,0.622689,Normalverkauf
S1000183.84079,SP1000183.34.84079,SY1000183.2026.84079,iPad1(1000183),183,11.06.26 13:17,Prod,A1000183.7013,Tisch 8,104,S1000183.84079,SALE,2,6.9,13.8,0.0,0.0,0.0,0.0,103,Fischbrötchen Räucherlachs,Hauptspeisen,,MwSt. 7%,1.07,12.897196,0.902804,Normalverkauf
S1000183.84080,SP1000183.34.84080,SY1000183.2026.84080,iPad1(1000183),183,11.06.26 08:58,Prod,A1000183.7014,Tisch 5,115,S1000183.84080,SALE,2,4.2,8.4,0.0,0.0,0.0,0.0,122,Bier,Getränke,,MwSt. 19%,1.19,7.058824,1.341176,Normalverkauf
S1000183.84081,SP1000183.34.84081,SY1000183.2026.84081,iPad1(1000183),183,11.06.26 08:58,Prod,A1000183.7014,Tisch 5,115,S1000183.84081,SALE,2,3.9,7.8,0.0,0.0,0.0,0.0,126,Spezi,Getränke,,MwSt. 19%,1.19,6.554622,1.245378,Normalverkauf
S1000183.84082,SP1000183.34.84082,SY1000183.2026.84082,iPad1(1000183),183,11.06.26 10:41,Prod,A1000183.7015,Tisch 19,115,S1000183.84082,SALE,2,11.5,23.0,0.0,0.0,0.0,0.0,105,Garnelen-Kimchi-Bruger,Hauptgerichte,,MwSt. 7%,1.07,21.495327,1.504673,Normalverkauf
S1000183.84083,SP1000183.34.84083,SY1000183.2026.84083,iPad1(1000183),183,11.06.26 15:33,Prod,A1000183.7016,,106,S1000183.84083,SALE,2,6.5,13.0,0.0,0.0,0.0,0.0,100,Fischbrötchen Backfisch,Hauptspeisen,,MwSt. 7%,1.07,12.149533,0.850467,Normalverkauf
S1000183.84084,SP1000183.34.84084,SY1000183.2026.84084,iPad1(1000183),183,11.06.26 15:33,Prod,A1000183.7016,,106,S1000183.84084,SALE,2,4.9,9.8,0.0,0.0,0.0,0.0,112,Kartoffelwedges,Beilagen,,MwSt. 7%,1.07,9.158879,0.641121,Normalverkauf
S1000183.84085,SP1000183.34.84085,SY1000183.2026.84085,iPad1(1000183),183,11.06.26 15:33,Prod,A1000183.7016,,106,S1000183.84085,SALE,2,6.5,13.0,0.0,0.0,0.0,0.0,100,Fischbrötchen Backfisch,Hauptspeisen,,MwSt. 7%,1.07,12.149533,0.850467,Normalverkauf
S1000183.84086,SP1000183.34.84086,SY1000183.2026.84086,iPad1(1000183),183,11.06.26 17:44,Prod,A1000183.7017,Tisch 16,115,S1000183.84086,SALE,2,2.8,5.6,0.0,0.0,0.0,0.0,121,Mineralwasser,Getränke,,MwSt. 19%,1.19,4.705882,0.894118,Normalverkauf
S1000183.84087,SP1000183.34.84087,SY1000183.2026.84087,iPad1(1000183),183,11.06.26 17:29,Prod,A1000183.7018,Tisch 12,104,S1000183.84087,SALE,1,3.9,3.9,0.0,0.0,0.0,0.0,119,Cola,Getränke,,MwSt. 19%,1.19,3.277311,0.622689,Normalverkauf
S1000183.84088,SP1000183.34.84088,SY1000183.2026.84088,iPad1(1000183),183,11.06.26 17:29,Prod,A1000183.7018,Tisch 12,104,S1000183.84088,SALE,2,10.9,21.8,0.0,0.0,0.0,0.0,109,Bismarck-Baguette,Hauptgerichte,,MwSt. 7%,1.07,20.373832,1.426168,Normalverkauf
S1000183.84089,SP1000183.34.84089,SY1000183.2026.84089,iPad1(1000183),183,11.06.26 17:29,Prod,A1000183.7018,Tisch 12,104,S1000183.84089,SALE,2,5.5,11.0,0.0,0.0,0.0,0.0,111,Pommes Frites,Beilagen,,MwSt. 7%,1.07,10.280374,0.719626,Normalverkauf
S1000183.84090,SP1000183.34.84090,SY1000183.2026.84090,iPad1(1000183),183,11.06.26 19:58,Prod,A1000183.7019,Tisch 13,115,S1000183.84090,VOID,1,4.2,4.2,0.0,0.0,0.0,0.0,122,Bier,Getränke,,MwSt. 19%,1.19,3.529412,0.670588,Normalverkauf
S1000183.84091,SP1000183.34.84091,SY1000183.2026.84091,iPad1(1000183),183,11.06.26 19:58,Prod,A1000183.7019,Tisch 13,115,S1000183.84091,VOID,2,9.8,19.6,0.0,0.0,0.0,0.0,108,Seelachs-Ei-Baugette,Hauptgerichte,,MwSt. 7%,1.07,18.317757,1.282243,Normalverkauf
S1000183.84092,SP1000183.34.84092,SY1000183.2026.84092,iPad1(1000183),183,11.06.26 15:39,Prod,A1000183.7020,Tisch 4,111,S1000183.84092,SALE,1,4.9,4.9,0.0,0.0,0.0,0.0,112,Kartoffelwedges,Beilagen,,MwSt. 7%,1.07,4.579439,0.320561,Normalverkauf
S1000183.84093,SP1000183.34.84093,SY1000183.2026.84093,iPad1(1000183),183,11.06.26 15:39,Prod,A1000183.7020,Tisch 4,111,S1000183.84093,SALE,1,6.9,6.9,0.0,0.0,0.0,0.0,113,Garnelen Box,Beilagen,,MwSt. 7%,1.07,6.448598,0.451402,Normalverkauf
S1000183.84094,SP1000183.34.84094,SY1000183.2026.84094,iPad1(1000183),183,11.06.26 15:39,Prod,A1000183.7020,Tisch 4,111,S1000183.84094,SALE,2,11.5,23.0,0.0,0.0,0.0,0.0,105,Garnelen-Kimchi-Bruger,Hauptgerichte,,MwSt. 7%,1.07,21.495327,1.504673,Normalverkauf
S1000183.84095,SP1000183.34.84095,SY1000183.2026.84095,iPad1(1000183),183,11.06.26 17:40,Prod,A1000183.7021,Tisch 23,117,S1000183.84095,SALE,2,3.2,6.4,0.0,0.0,0.0,0.0,120,Apfelschorle,Getränke,,MwSt. 19%,1.19,5.378151,1.021849,Normalverkauf
S1000183.84096,SP1000183.34.84096,SY1000183.2026.84096,iPad1(1000183),183,11.06.26 20:39,Prod,A1000183.7022,Tisch 23,115,S1000183.84096,SALE,1,4.2,4.2,0.0,0.0,0.0,0.0,122,Bier,Getränke,,MwSt. 19%,1.19,3.529412,0.670588,Normalverkauf
S1000183.84097,SP1000183.34.84097,SY1000183.2026.84097,iPad1(1000183),183,11.06.26 20:39,Prod,A1000183.7022,Tisch 23,115,S1000183.84097,SALE,2,2.8,5.6,0.0,0.0,0.0,0.0,121,Mineralwasser,Getränke,,MwSt. 19%,1.19,4.705882,0.894118,Normalverkauf
S1000183.84098,SP1000183.34.84098,SY1000183.2026.84098,iPad1(1000183),183,11.06.26 20:39,Prod,A1000183.7022,Tisch 23,115,S1000183.84098,SALE,2,7.9,15.8,0.0,0.0,0.0,0.0,106,Neptun-Ringe,Beilagen,,MwSt. 7%,1.07,14.766355,1.033645,Normalverkauf
S1000183.84099,SP1000183.34.84099,SY1000183.2026.84099,iPad1(1000183),183,11.06.26 16:35,Prod,A1000183.7023,Tisch 14,117,S1000183.84099,SALE,1,3.2,3.2,0.0,0.0,0.0,0.0,120,Apfelschorle,Getränke,,MwSt. 19%,1.19,2.689076,0.510924,Normalverkauf
S1000183.84100,SP1000183.34.84100,SY1000183.2026.84100,iPad1(1000183),183,11.06.26 11:21,Prod,A1000183.7024,Tisch 18,115,S1000183.84100,SALE,1,9.8,9.8,0.0,0.0,0.0,0.0,108,Seelachs-Ei-Baugette,Hauptgerichte,,MwSt. 7%,1.07,9.158879,0.641121,Normalverkauf
S1000183.84101,SP1000183.34.84101,SY1000183.2026.84101,iPad1(1000183),183,11.06.26 11:21,Prod,A1000183.7024,Tisch 18,115,S1000183.84101,SALE,1,3.9,3.9,0.0,0.0,0.0,0.0,119,Cola,Getränke,,MwSt. 19%,1.19,3.277311,0.622689,Normalverkauf
S1000183.84102,SP1000183.34.84102,SY1000183.2026.84102,iPad1(1000183),183,11.06.26 20:10,Prod,A1000183.7025,,106,S1000183.84102,SALE,1,2.8,2.8,0.0,0.0,0.0,0.0,121,Mineralwasser,Getränke,,MwSt. 19%,1.19,2.352941,0.447059,Normalverkauf
S1000183.84103,SP1000183.34.84103,SY1000183.2026.84103,iPad1(1000183),183,11.06.26 20:10,Prod,A1000183.7025,,106,S1000183.84103,SALE,1,5.5,5.5,0.0,0.0,0.0,0.0,111,Pommes Frites,Beilagen,,MwSt. 7%,1.07,5.140187,0.359813,Normalverkauf
S1000183.84104,SP1000183.34.84104,SY1000183.2026.84104,iPad1(1000183),183,11.06.26 20:10,Prod,A1000183.7025,,106,S1000183.84104,SALE,2,6.9,13.8,0.0,0.0,0.0,0.0,103,Fischbrötchen Räucherlachs,Hauptspeisen,,MwSt. 7%,1.07,12.897196,0.902804,Normalverkauf
S1000183.84105,SP1000183.34.84105,SY1000183.2026.84105,iPad1(1000183),183,11.06.26 13:56,Prod,A1000183.7026,Tisch 11,104,S1000183.84105,SALE,1,2.8,2.8,0.0,0.0,0.0,0.0,121,Mineralwasser,Getränke,,MwSt. 19%,1.19,2.352941,0.447059,Normalverkauf
S1000183.84106,SP1000183.34.84106,SY1000183.2026.84106,iPad1(1000183),183,11.06.26 13:56,Prod,A1000183.7026,Tisch 11,104,S1000183.84106,SALE,2,2.8,5.6,0.0,0.0,0.0,0.0,121,Mineralwasser,Getränke,,MwSt. 19%,1.19,4.705882,0.894118,Normalverkauf
S1000183.84107,SP1000183.34.84107,SY1000183.2026.84107,iPad1(1000183),183,11.06.26 13:56,Prod,A1000183.7026,Tisch 11,104,S1000183.84107,SALE,1,5.9,5.9,0.0,0.0,0.0,0.0,123,Inger-Limonade,Getränke,,MwSt. 19%,1.19,4.957983,0.942017,Normalverkauf
S1000183.84108,SP1000183.34.84108,SY1000183.2026.84108,iPad1(1000183),183,11.06.26 19:18,Prod,A1000183.7027,Tisch 4,115,S1000183.84108,SALE,2,4.9,9.8,0.0,0.0,0.0,0.0,112,Kartoffelwedges,Beilagen,,MwSt. 7%,1.07,9.158879,0.641121,Normalverkauf
S1000183.84109,SP1000183.34.84109,SY1000183.2026.84109,iPad1(1000183),183,11.06.26 19:18,Prod,A1000183.7027,Tisch 4,115,S1000183.84109,SALE,2,4.2,8.4,0.0,0.0,0.0,0.0,122,Bier,Getränke,,MwSt. 19%,1.19,7.058824,1.341176,Normalverkauf
S1000183.84110,SP1000183.34.84110,SY1000183.2026.84110,iPad1(1000183),183,11.06.26 19:18,Prod,A1000183.7027,Tisch 4,115,S1000183.84110,SALE,1,9.8,9.8,0.0,0.0,0.0,0.0,108,Seelachs-Ei-Baugette,Hauptgerichte,,MwSt. 7%,1.07,9.158879,0.641121,Normalverkauf
S1000183.84111,SP1000183.34.84111,SY1000183.2026.84111,iPad1(1000183),183,11.06.26 17:17,Prod,A1000183.7028,Tisch 19,115,S1000183.84111,SALE,2,10.9,21.8,0.0,0.0,0.0,0.0,104,Thunfisch Wrap,Hauptgerichte,,MwSt. 7%,1.07,20.373832,1.426168,Normalverkauf
S1000183.84112,SP1000183.34.84112,SY1000183.2026.84112,iPad1(1000183),183,11.06.26 17:07,Prod,A1000183.7029,Tisch 8,115,S1000183.84112,SALE,2,13.5,27.0,0.0,0.0,0.0,0.0,102,Matjes,Hauptspeisen,,MwSt. 7%,1.07,25.233645,1.766355,Normalverkauf
S1000183.84113,SP1000183.34.84113,SY1000183.2026.84113,iPad1(1000183),183,11.06.26 11:47,Prod,A1000183.7030,Tisch 9,106,S1000183.84113,SALE,2,10.9,21.8,0.0,0.0,0.0,0.0,107,Chicken Burger,Hauptgerichte,,MwSt. 7%,1.07,20.373832,1.426168,Normalverkauf
S1000183.84114,SP1000183.34.84114,SY1000183.2026.84114,iPad1(1000183),183,11.06.26 11:47,Prod,A1000183.7030,Tisch 9,106,S1000183.84114,SALE,1,2.8,2.8,0.0,0.0,0.0,0.0,121,Mineralwasser,Getränke,,MwSt. 19%,1.19,2.352941,0.447059,Normalverkauf
S1000183.84115,SP1000183.34.84115,SY1000183.2026.84115,iPad1(1000183),183,11.06.26 11:47,Prod,A1000183.7030,Tisch 9,106,S1000183.84115,SALE,2,4.2,8.4,0.0,0.0,0.0,0.0,122,Bier,Getränke,,MwSt. 19%,1.19,7.058824,1.341176,Normalverkauf
S1000183.84116,SP1000183.34.84116,SY1000183.2026.84116,iPad1(1000183),183,11.06.26 17:20,Prod,A1000183.7031,Tisch 6,117,S1000183.84116,SALE,1,6.5,6.5,0.0,0.0,0.0,0.0,100,Fischbrötchen Backfisch,Hauptspeisen,,MwSt. 7%,1.07,6.074766,0.425234,Normalverkauf
S1000183.84117,SP1000183.34.84117,SY1000183.2026.84117,iPad1(1000183),183,11.06.26 17:20,Prod,A1000183.7031,Tisch 6,117,S1000183.84117,SALE,1,2.8,2.8,0.0,0.0,0.0,0.0,121,Mineralwasser,Getränke,,MwSt. 19%,1.19,2.352941,0.447059,Normalverkauf
S1000183.84118,SP1000183.34.84118,SY1000183.2026.84118,iPad1(1000183),183,11.06.26 13:55,Prod,A1000183.7032,Tisch 21,115,S1000183.84118,SALE,2,11.5,23.0,0.0,0.0,0.0,0.0,105,Garnelen-Kimchi-Bruger,Hauptgerichte,,MwSt. 7%,1.07,21.495327,1.504673,Normalverkauf
S1000183.84119,SP1000183.34.84119,SY1000183.2026.84119,iPad1(1000183),183,11.06.26 13:55,Prod,A1000183.7032,Tisch 21,115,S1000183.84119,SALE,2,7.9,15.8,0.0,0.0,0.0,0.0,106,Neptun-Ringe,Beilagen,,MwSt. 7%,1.07,14.766355,1.033645,Normalverkauf
S1000183.84120,SP1000183.34.84120,SY1000183.2026.84120,iPad1(1000183),183,11.06.26 16:41,Prod,A1000183.7033,,106,S1000183.84120,SALE,1,10.9,10.9,0.0,0.0,0.0,0.0,107,Chicken Burger,Hauptgerichte,,MwSt. 7%,1.07,10.186916,0.713084,Normalverkauf
S1000183.84121,SP1000183.34.84121,SY1000183.2026.84121,iPad1(1000183),183,11.06.26 20:26,Prod,A1000183.7034,Tisch 7,115,S1000183.84121,SALE,2,14.5,29.0,0.0,0.0,0.0,0.0,101,Lachs,Hauptspeisen,,MwSt. 7%,1.07,27.102804,1.897196,Normalverkauf
S1000183.84122,SP1000183.34.84122,SY1000183.2026.84122,iPad1(1000183),183,11.06.26 20:26,Prod,A1000183.7034,Tisch 7,115,S1000183.84122,SALE,2,2.8,5.6,0.0,0.0,0.0,0.0,121,Mineralwasser,Getränke,,MwSt. 19%,1.19,4.705882,0.894118,Normalverkauf
S1000183.84123,SP1000183.34.84123,SY1000183.2026.84123,iPad1(1000183),183,11.06.26 20:34,Prod,A1000183.7035,Tisch 1,120,S1000183.84123,SALE,2,6.9,13.8,0.0,0.0,0.0,0.0,113,Garnelen Box,Beilagen,,MwSt. 7%,1.07,12.897196,0.902804,Normalverkauf
S1000183.84124,SP1000183.34.84124,SY1000183.2026.84124,iPad1(1000183),183,11.06.26 20:34,Prod,A1000183.7035,Tisch 1,120,S1000183.84124,SALE,1,14.5,14.5,0.0,0.0,0.0,0.0,101,Lachs,Hauptspeisen,,MwSt. 7%,1.07,13.551402,0.948598,Normalverkauf
S1000183.84125,SP1000183.34.84125,SY1000183.2026.84125,iPad1(1000183),183,11.06.26 18:13,Prod,A1000183.7036,Tisch 7,104,S1000183.84125,SALE,2,11.5,23.0,0.0,0.0,0.0,0.0,105,Garnelen-Kimchi-Bruger,Hauptgerichte,,MwSt. 7%,1.07,21.495327,1.504673,Normalverkauf
S1000183.84126,SP1000183.34.84126,SY1000183.2026.84126,iPad1(1000183),183,11.06.26 19:41,Prod,A1000183.7037,Tisch 9,115,S1000183.84126,VOID,2,3.9,7.8,0.0,0.0,0.0,0.0,119,Cola,Getränke,,MwSt. 19%,1.19,6.554622,1.245378,Normalverkauf
S1000183.84127,SP1000183.34.84127,SY1000183.2026.84127,iPad1(1000183),183,11.06.26 19:41,Prod,A1000183.7037,Tisch 9,115,S1000183.84127,VOID,2,3.9,7.8,0.0,0.0,0.0,0.0,127,Alkoholfreies Bier,Getränke,,MwSt. 19%,1.19,6.554622,1.245378,Normalverkauf
S1000183.84128,SP1000183.34.84128,SY1000183.2026.84128,iPad1(1000183),183,11.06.26 18:18,Prod,A1000183.7038,Tisch 18,115,S1000183.84128,SALE,1,3.9,3.9,0.0,0.0,0.0,0.0,126,Spezi,Getränke,,MwSt. 19%,1.19,3.277311,0.622689,Normalverkauf
S1000183.84129,SP1000183.34.84129,SY1000183.2026.84129,iPad1(1000183),183,11.06.26 18:18,Prod,A1000183.7038,Tisch 18,115,S1000183.84129,SALE,2,2.8,5.6,0.0,0.0,0.0,0.0,121,Mineralwasser,Getränke,,MwSt. 19%,1.19,4.705882,0.894118,Normalverkauf
S1000183.84130,SP1000183.34.84130,SY1000183.2026.84130,iPad1(1000183),183,11.06.26 13:12,Prod,A1000183.7039,Tisch 23,120,S1000183.84130,SALE,1,3.9,3.9,0.0,0.0,0.0,0.0,126,Spezi,Getränke,,MwSt. 19%,1.19,3.277311,0.622689,Normalverkauf
S1000183.84131,SP1000183.34.84131,SY1000183.2026.84131,iPad1(1000183),183,11.06.26 10:20,Prod,A1000183.7040,Tisch 6,111,S1000183.84131,SALE,1,5.5,5.5,0.0,0.0,0.0,0.0,114,Fisch Nuggets Box,Beilagen,,MwSt. 7%,1.07,5.140187,0.359813,Normalverkauf
S1000183.84132,SP1000183.34.84132,SY1000183.2026.84132,iPad1(1000183),183,11.06.26 16:01,Prod,A1000183.7041,,115,S1000183.84132,SALE,1,4.9,4.9,0.0,0.0,0.0,0.0,112,Kartoffelwedges,Beilagen,,MwSt. 7%,1.07,4.579439,0.320561,Normalverkauf
S1000183.84133,SP1000183.34.84133,SY1000183.2026.84133,iPad1(1000183),183,11.06.26 16:01,Prod,A1000183.7041,,115,S1000183.84133,SALE,1,7.9,7.9,0.0,0.0,0.0,0.0,106,Neptun-Ringe,Beilagen,,MwSt. 7%,1.07,7.383178,0.516822,Normalverkauf
S1000183.84134,SP1000183.34.84134,SY1000183.2026.84134,iPad1(1000183),183,11.06.26 16:01,Prod,A1000183.7041,,115,S1000183.84134,SALE,2,9.8,19.6,0.0,0.0,0.0,0.0,108,Seelachs-Ei-Baugette,Hauptgerichte,,MwSt. 7%,1.07,18.317757,1.282243,Normalverkauf
S1000183.84135,SP1000183.34.84135,SY1000183.2026.84135,iPad1(1000183),183,11.06.26 19:37,Prod,A1000183.7042,Tisch 16,120,S1000183.84135,SALE,1,4.2,4.2,0.0,0.0,0.0,0.0,122,Bier,Getränke,,MwSt. 19%,1.19,3.529412,0.670588,Normalverkauf
S1000183.84136,SP1000183.34.84136,SY1000183.2026.84136,iPad1(1000183),183,11.06.26 19:37,Prod,A1000183.7042,Tisch 16,120,S1000183.84136,SALE,1,5.9,5.9,0.0,0.0,0.0,0.0,123,Inger-Limonade,Getränke,,MwSt. 19%,1.19,4.957983,0.942017,Normalverkauf
S1000183.84137,SP1000183.34.84137,SY1000183.2026.84137,iPad1(1000183),183,11.06.26 19:37,Prod,A1000183.7042,Tisch 16,120,S1000183.84137,SALE,1,7.9,7.9,0.0,0.0,0.0,0.0,106,Neptun-Ringe,Beilagen,,MwSt. 7%,1.07,7.383178,0.516822,Normalverkauf
S1000183.84138,SP1000183.34.84138,SY1000183.2026.84138,iPad1(1000183),183,11.06.26 12:13,Prod,A1000183.7043,Tisch 13,104,S1000183.84138,SALE,1,5.5,5.5,0.0,0.0,0.0,0.0,111,Pommes Frites,Beilagen,,MwSt. 7%,1.07,5.140187,0.359813,Normalverkauf
S1000183.84139,SP1000183.34.84139,SY1000183.2026.84139,iPad1(1000183),183,11.06.26 12:13,Prod,A1000183.7043,Tisch 13,104,S1000183.84139,SALE,2,2.8,5.6,0.0,0.0,0.0,0.0,121,Mineralwasser,Getränke,,MwSt. 19%,1.19,4.705882,0.894118,Normalverkauf
S1000183.84140,SP1000183.34.84140,SY1000183.2026.84140,iPad1(1000183),183,11.06.26 12:55,Prod,A1000183.7044,Tisch 12,104,S1000183.84140,SALE,2,5.9,11.8,0.0,0.0,0.0,0.0,117,Rote Grütze,Desserts,,MwSt. 7%,1.07,11.028037,0.771963,Normalverkauf
S1000183.84141,SP1000183.34.84141,SY1000183.2026.84141,iPad1(1000183),183,11.06.26 12:55,Prod,A1000183.7044,Tisch 12,104,S1000183.84141,SALE,1,10.9,10.9,0.0,0.0,0.0,0.0,109,Bismarck-Baguette,Hauptgerichte,,MwSt. 7%,1.07,10.186916,0.713084,Normalverkauf
S1000183.84142,SP1000183.34.84142,SY1000183.2026.84142,iPad1(1000183),183,11.06.26 16:44,Prod,A1000183.7045,Tisch 10,106,S1000183.84142,SALE,2,11.5,23.0,0.0,0.0,0.0,0.0,105,Garnelen-Kimchi-Bruger,Hauptgerichte,,MwSt. 7%,1.07,21.495327,1.504673,Normalverkauf
S1000183.84143,SP1000183.34.84143,SY1000183.2026.84143,iPad1(1000183),183,11.06.26 16:44,Prod,A1000183.7045,Tisch 10,106,S1000183.84143,SALE,1,9.8,9.8,0.0,0.0,0.0,0.0,108,Seelachs-Ei-Baugette,Hauptgerichte,,MwSt. 7%,1.07,9.158879,0.641121,Normalverkauf
S1000183.84144,SP1000183.34.84144,SY1000183.2026.84144,iPad1(1000183),183,11.06.26 16:44,Prod,A1000183.7045,Tisch 10,106,S1000183.84144,SALE,2,11.9,23.8,0.0,0.0,0.0,0.0,110,Matjes-Baguette,Hauptgerichte,,MwSt. 7%,1.07,22.242991,1.557009,Normalverkauf
S1000183.84145,SP1000183.34.84145,SY1000183.2026.84145,iPad1(1000183),183,11.06.26 19:28,Prod,A1000183.7046,Tisch 6,117,S1000183.84145,SALE,2,6.5,13.0,0.0,0.0,0.0,0.0,100,Fischbrötchen Backfisch,Hauptspeisen,,MwSt. 7%,1.07,12.149533,0.850467,Normalverkauf
S1000183.84146,SP1000183.34.84146,SY1000183.2026.84146,iPad1(1000183),183,11.06.26 19:28,Prod,A1000183.7046,Tisch 6,117,S1000183.84146,SALE,1,4.2,4.2,0.0,0.0,0.0,0.0,122,Bier,Getränke,,MwSt. 19%,1.19,3.529412,0.670588,Normalverkauf
S1000183.84147,SP1000183.34.84147,SY1000183.2026.84147,iPad1(1000183),183,11.06.26 12:49,Prod,A1000183.7047,Tisch 1,115,S1000183.84147,SALE,1,4.2,4.2,0.0,0.0,0.0,0.0,122,Bier,Getränke,,MwSt. 19%,1.19,3.529412,0.670588,Normalverkauf
S1000183.84148,SP1000183.34.84148,SY1000183.2026.84148,iPad1(1000183),183,11.06.26 12:49,Prod,A1000183.7047,Tisch 1,115,S1000183.84148,SALE,2,3.9,7.8,0.0,0.0,0.0,0.0,119,Cola,Getränke,,MwSt. 19%,1.19,6.554622,1.245378,Normalverkauf
S1000183.84149,SP1000183.34.84149,SY1000183.2026.84149,iPad1(1000183),183,11.06.26 14:26,Prod,A1000183.7048,Tisch 5,117,S1000183.84149,SALE,2,3.9,7.8,0.0,0.0,0.0,0.0,119,Cola,Getränke,,MwSt. 19%,1.19,6.554622,1.245378,Normalverkauf
S1000183.84150,SP1000183.34.84150,SY1000183.2026.84150,iPad1(1000183),183,11.06.26 09:53,Prod,A1000183.7049,Tisch 6,104,S1000183.84150,SALE,2,4.2,8.4,0.0,0.0,0.0,0.0,122,Bier,Getränke,,MwSt. 19%,1.19,7.058824,1.341176,Normalverkauf
S1000183.84151,SP1000183.34.84151,SY1000183.2026.84151,iPad1(1000183),183,11.06.26 09:53,Prod,A1000183.7049,Tisch 6,104,S1000183.84151,SALE,2,3.9,7.8,0.0,0.0,0.0,0.0,119,Cola,Getränke,,MwSt. 19%,1.19,6.554622,1.245378,Normalverkauf
S1000183.84152,SP1000183.34.84152,SY1000183.2026.84152,iPad1(1000183),183,11.06.26 09:53,Prod,A1000183.7049,Tisch 6,104,S1000183.84152,SALE,2,6.5,13.0,0.0,0.0,0.0,0.0,100,Fischbrötchen Backfisch,Hauptspeisen,,MwSt. 7%,1.07,12.149533,0.850467,Normalverkauf
S1000183.84153,SP1000183.34.84153,SY1000183.2026.84153,iPad1(1000183),183,11.06.26 11:55,Prod,A1000183.7050,Tisch 24,117,S1000183.84153,SALE,2,10.9,21.8,0.0,0.0,0.0,0.0,107,Chicken Burger,Hauptgerichte,,MwSt. 7%,1.07,20.373832,1.426168,Normalverkauf
S1000183.84154,SP1000183.34.84154,SY1000183.2026.84154,iPad1(1000183),183,11.06.26 20:22,Prod,A1000183.7051,,117,S1000183.84154,SALE,2,11.5,23.0,0.0,0.0,0.0,0.0,105,Garnelen-Kimchi-Bruger,Hauptgerichte,,MwSt. 7%,1.07,21.495327,1.504673,Normalverkauf
S1000183.84155,SP1000183.34.84155,SY1000183.2026.84155,iPad1(1000183),183,11.06.26 20:22,Prod,A1000183.7051,,117,S1000183.84155,SALE,2,3.2,6.4,0.0,0.0,0.0,0.0,120,Apfelschorle,Getränke,,MwSt. 19%,1.19,5.378151,1.021849,Normalverkauf
S1000183.84156,SP1000183.34.84156,SY1000183.2026.84156,iPad1(1000183),183,11.06.26 20:22,Prod,A1000183.7051,,117,S1000183.84156,SALE,2,6.5,13.0,0.0,0.0,0.0,0.0,100,Fischbrötchen Backfisch,Hauptspeisen,,MwSt. 7%,1.07,12.149533,0.850467,Normalverkauf
S1000183.84157,SP1000183.34.84157,SY1000183.2026.84157,iPad1(1000183),183,11.06.26 12:10,Prod,A1000183.7052,Tisch 21,111,S1000183.84157,SALE,2,11.5,23.0,0.0,0.0,0.0,0.0,105,Garnelen-Kimchi-Bruger,Hauptgerichte,,MwSt. 7%,1.07,21.495327,1.504673,Normalverkauf
S1000183.84158,SP1000183.34.84158,SY1000183.2026.84158,iPad1(1000183),183,11.06.26 12:10,Prod,A1000183.7052,Tisch 21,111,S1000183.84158,SALE,2,11.5,23.0,0.0,0.0,0.0,0.0,105,Garnelen-Kimchi-Bruger,Hauptgerichte,,MwSt. 7%,1.07,21.495327,1.504673,Normalverkauf
S1000183.84159,SP1000183.34.84159,SY1000183.2026.84159,iPad1(1000183),183,11.06.26 12:10,Prod,A1000183.7052,Tisch 21,111,S1000183.84159,SALE,2,6.9,13.8,0.0,0.0,0.0,0.0,103,Fischbrötchen Räucherlachs,Hauptspeisen,,MwSt. 7%,1.07,12.897196,0.902804,Normalverkauf
S1000183.84160,SP1000183.34.84160,SY1000183.2026.84160,iPad1(1000183),183,11.06.26 19:18,Prod,A1000183.7053,Tisch 11,115,S1000183.84160,SALE,2,3.9,7.8,0.0,0.0,0.0,0.0,127,Alkoholfreies Bier,Getränke,,MwSt. 19%,1.19,6.554622,1.245378,Normalverkauf
S1000183.84161,SP1000183.34.84161,SY1000183.2026.84161,iPad1(1000183),183,11.06.26 19:18,Prod,A1000183.7053,Tisch 11,115,S1000183.84161,SALE,2,11.5,23.0,0.0,0.0,0.0,0.0,105,Garnelen-Kimchi-Bruger,Hauptgerichte,,MwSt. 7%,1.07,21.495327,1.504673,Normalverkauf
S1000183.84162,SP1000183.34.84162,SY1000183.2026.84162,iPad1(1000183),183,11.06.26 19:18,Prod,A1000183.7053,Tisch 11,115,S1000183.84162,SALE,1,5.9,5.9,0.0,0.0,0.0,0.0,117,Rote Grütze,Desserts,,MwSt. 7%,1.07,5.514019,0.385981,Normalverkauf
S1000183.84163,SP1000183.34.84163,SY1000183.2026.84163,iPad1(1000183),183,11.06.26 09:19,Prod,A1000183.7054,,120,S1000183.84163,SALE,1,6.5,6.5,0.0,0.0,0.0,0.0,118,Schokokuchen,Desserts,,MwSt. 7%,1.07,6.074766,0.425234,Normalverkauf
S1000183.84164,SP1000183.34.84164,SY1000183.2026.84164,iPad1(1000183),183,11.06.26 13:45,Prod,A1000183.7055,Tisch 24,117,S1000183.84164,SALE,2,3.9,7.8,0.0,0.0,0.0,0.0,119,Cola,Getränke,,MwSt. 19%,1.19,6.554622,1.245378,Normalverkauf
S1000183.84165,SP1000183.34.84165,SY1000183.2026.84165,iPad1(1000183),183,11.06.26 18:10,Prod,A1000183.7056,Tisch 1,117,S1000183.84165,SALE,1,10.9,10.9,0.0,0.0,0.0,0.0,104,Thunfisch Wrap,Hauptgerichte,,MwSt. 7%,1.07,10.186916,0.713084,Normalverkauf
S1000183.84166,SP1000183.34.84166,SY1000183.2026.84166,iPad1(1000183),183,11.06.26 17:51,Prod,A1000183.7057,Tisch 15,120,S1000183.84166,SALE,1,3.9,3.9,0.0,0.0,0.0,0.0,126,Spezi,Getränke,,MwSt. 19%,1.19,3.277311,0.622689,Normalverkauf
S1000183.84167,SP1000183.34.84167,SY1000183.2026.84167,iPad1(1000183),183,11.06.26 20:36,Prod,A1000183.7058,Tisch 6,106,S1000183.84167,SALE,1,11.5,11.5,0.0,0.0,0.0,0.0,105,Garnelen-Kimchi-Bruger,Hauptgerichte,,MwSt. 7%,1.07,10.747664,0.752336,Normalverkauf
S1000183.84168,SP1000183.34.84168,SY1000183.2026.84168,iPad1(1000183),183,11.06.26 20:36,Prod,A1000183.7058,Tisch 6,106,S1000183.84168,SALE,2,4.2,8.4,0.0,0.0,0.0,0.0,122,Bier,Getränke,,MwSt. 19%,1.19,7.058824,1.341176,Normalverkauf
S1000183.84169,SP1000183.34.84169,SY1000183.2026.84169,iPad1(1000183),183,11.06.26 20:36,Prod,A1000183.7058,Tisch 6,106,S1000183.84169,SALE,1,13.5,13.5,0.0,0.0,0.0,0.0,102,Matjes,Hauptspeisen,,MwSt. 7%,1.07,12.616822,0.883178,Normalverkauf
S1000183.84170,SP1000183.34.84170,SY1000183.2026.84170,iPad1(1000183),183,11.06.26 19:03,Prod,A1000183.7059,Tisch 9,115,S1000183.84170,SALE,1,6.5,6.5,0.0,0.0,0.0,0.0,118,Schokokuchen,Desserts,,MwSt. 7%,1.07,6.074766,0.425234,Normalverkauf
S1000183.84171,SP1000183.34.84171,SY1000183.2026.84171,iPad1(1000183),183,11.06.26 12:46,Prod,A1000183.7060,,115,S1000183.84171,SALE,2,4.2,8.4,0.0,0.0,0.0,0.0,122,Bier,Getränke,,MwSt. 19%,1.19,7.058824,1.341176,Normalverkauf
S1000183.84172,SP1000183.34.84172,SY1000183.2026.84172,iPad1(1000183),183,11.06.26 12:46,Prod,A1000183.7060,,115,S1000183.84172,SALE,1,4.9,4.9,0.0,0.0,0.0,0.0,112,Kartoffelwedges,Beilagen,,MwSt. 7%,1.07,4.579439,0.320561,Normalverkauf
S1000183.84173,SP1000183.34.84173,SY1000183.2026.84173,iPad1(1000183),183,11.06.26 18:35,Prod,A1000183.7061,Tisch 13,106,S1000183.84173,SALE,2,11.9,23.8,0.0,0.0,0.0,0.0,110,Matjes-Baguette,Hauptgerichte,,MwSt. 7%,1.07,22.242991,1.557009,Normalverkauf
S1000183.84174,SP1000183.34.84174,SY1000183.2026.84174,iPad1(1000183),183,11.06.26 18:35,Prod,A1000183.7061,Tisch 13,106,S1000183.84174,SALE,2,6.5,13.0,0.0,0.0,0.0,0.0,100,Fischbrötchen Backfisch,Hauptspeisen,,MwSt. 7%,1.07,12.149533,0.850467,Normalverkauf
S1000183.84175,SP1000183.34.84175,SY1000183.2026.84175,iPad1(1000183),183,11.06.26 19:31,Prod,A1000183.7062,Tisch 3,120,S1000183.84175,SALE,2,6.9,13.8,0.0,0.0,0.0,0.0,103,Fischbrötchen Räucherlachs,Hauptspeisen,,MwSt. 7%,1.07,12.897196,0.902804,Normalverkauf
S1000183.84176,SP1000183.34.84176,SY1000183.2026.84176,iPad1(1000183),183,11.06.26 19:31,Prod,A1000183.7062,Tisch 3,120,S1000183.84176,SALE,1,6.5,6.5,0.0,0.0,0.0,0.0,100,Fischbrötchen Backfisch,Hauptspeisen,,MwSt. 7%,1.07,6.074766,0.425234,Normalverkauf
S1000183.84177,SP1000183.34.84177,SY1000183.2026.84177,iPad1(1000183),183,11.06.26 17:58,Prod,A1000183.7063,Tisch 14,111,S1000183.84177,SALE,2,10.9,21.8,0.0,0.0,0.0,0.0,109,Bismarck-Baguette,Hauptgerichte,,MwSt. 7%,1.07,20.373832,1.426168,Normalverkauf
S1000183.84178,SP1000183.34.84178,SY1000183.2026.84178,iPad1(1000183),183,11.06.26 17:58,Prod,A1000183.7063,Tisch 14,111,S1000183.84178,SALE,1,10.9,10.9,0.0,0.0,0.0,0.0,107,Chicken Burger,Hauptgerichte,,MwSt. 7%,1.07,10.186916,0.713084,Normalverkauf
S1000183.84179,SP1000183.34.84179,SY1000183.2026.84179,iPad1(1000183),183,11.06.26 20:56,Prod,A1000183.7064,Tisch 13,115,S1000183.84179,SALE,1,4.9,4.9,0.0,0.0,0.0,0.0,112,Kartoffelwedges,Beilagen,,MwSt. 7%,1.07,4.579439,0.320561,Normalverkauf
S1000183.84180,SP1000183.34.84180,SY1000183.2026.84180,iPad1(1000183),183,11.06.26 20:56,Prod,A1000183.7064,Tisch 13,115,S1000183.84180,SALE,2,5.5,11.0,0.0,0.0,0.0,0.0,111,Pommes Frites,Beilagen,,MwSt. 7%,1.07,10.280374,0.719626,Normalverkauf
S1000183.84181,SP1000183.34.84181,SY1000183.2026.84181,iPad1(1000183),183,11.06.26 14:44,Prod,A1000183.7065,Tisch 17,115,S1000183.84181,SALE,2,11.5,23.0,0.0,0.0,0.0,0.0,105,Garnelen-Kimchi-Bruger,Hauptgerichte,,MwSt. 7%,1.07,21.495327,1.504673,Normalverkauf
S1000183.84182,SP1000183.34.84182,SY1000183.2026.84182,iPad1(1000183),183,11.06.26 14:44,Prod,A1000183.7065,Tisch 17,115,S1000183.84182,SALE,2,2.8,5.6,0.0,0.0,0.0,0.0,121,Mineralwasser,Getränke,,MwSt. 19%,1.19,4.705882,0.894118,Normalverkauf
S1000183.84183,SP1000183.34.84183,SY1000183.2026.84183,iPad1(1000183),183,11.06.26 14:44,Prod,A1000183.7065,Tisch 17,115,S1000183.84183,SALE,1,4.2,4.2,0.0,0.0,0.0,0.0,122,Bier,Getränke,,MwSt. 19%,1.19,3.529412,0.670588,Normalverkauf
S1000183.84184,SP1000183.34.84184,SY1000183.2026.84184,iPad1(1000183),183,11.06.26 12:12,Prod,A1000183.7066,Tisch 10,120,S1000183.84184,SALE,2,5.5,11.0,0.0,0.0,0.0,0.0,111,Pommes Frites,Beilagen,,MwSt. 7%,1.07,10.280374,0.719626,Normalverkauf
S1000183.84185,SP1000183.34.84185,SY1000183.2026.84185,iPad1(1000183),183,11.06.26 12:12,Prod,A1000183.7066,Tisch 10,120,S1000183.84185,SALE,1,6.9,6.9,0.0,0.0,0.0,0.0,113,Garnelen Box,Beilagen,,MwSt. 7%,1.07,6.448598,0.451402,Normalverkauf
S1000183.84186,SP1000183.34.84186,SY1000183.2026.84186,iPad1(1000183),183,11.06.26 13:06,Prod,A1000183.7067,,117,S1000183.84186,SALE,2,13.5,27.0,0.0,0.0,0.0,0.0,102,Matjes,Hauptspeisen,,MwSt. 7%,1.07,25.233645,1.766355,Normalverkauf
S1000183.84187,SP1000183.34.84187,SY1000183.2026.84187,iPad1(1000183),183,11.06.26 13:06,Prod,A1000183.7067,,117,S1000183.84187,SALE,2,10.9,21.8,0.0,0.0,0.0,0.0,107,Chicken Burger,Hauptgerichte,,MwSt. 7%,1.07,20.373832,1.426168,Normalverkauf
S1000183.84188,SP1000183.34.84188,SY1000183.2026.84188,iPad1(1000183),183,11.06.26 13:06,Prod,A1000183.7067,,117,S1000183.84188,SALE,1,4.2,4.2,0.0,0.0,0.0,0.0,122,Bier,Getränke,,MwSt. 19%,1.19,3.529412,0.670588,Normalverkauf
S1000183.84189,SP1000183.34.84189,SY1000183.2026.84189,iPad1(1000183),183,11.06.26 12:31,Prod,A1000183.7068,Tisch 21,117,S1000183.84189,SALE,2,3.9,7.8,0.0,0.0,0.0,0.0,124,Cola Zero,Getränke,,MwSt. 19%,1.19,6.554622,1.245378,Normalverkauf
S1000183.84190,SP1000183.34.84190,SY1000183.2026.84190,iPad1(1000183),183,11.06.26 12:31,Prod,A1000183.7068,Tisch 21,117,S1000183.84190,SALE,2,14.5,29.0,0.0,0.0,0.0,0.0,101,Lachs,Hauptspeisen,,MwSt. 7%,1.07,27.102804,1.897196,Normalverkauf
S1000183.84191,SP1000183.34.84191,SY1000183.2026.84191,iPad1(1000183),183,11.06.26 12:31,Prod,A1000183.7068,Tisch 21,117,S1000183.84191,SALE,2,6.5,13.0,0.0,0.0,0.0,0.0,100,Fischbrötchen Backfisch,Hauptspeisen,,MwSt. 7%,1.07,12.149533,0.850467,Normalverkauf
S1000183.84192,SP1000183.34.84192,SY1000183.2026.84192,iPad1(1000183),183,11.06.26 10:20,Prod,A1000183.7069,Tisch 12,115,S1000183.84192,SALE,1,5.9,5.9,0.0,0.0,0.0,0.0,123,Inger-Limonade,Getränke,,MwSt. 19%,1.19,4.957983,0.942017,Normalverkauf
S1000183.84193,SP1000183.34.84193,SY1000183.2026.84193,iPad1(1000183),183,11.06.26 10:20,Prod,A1000183.7069,Tisch 12,115,S1000183.84193,SALE,2,10.9,21.8,0.0,0.0,0.0,0.0,107,Chicken Burger,Hauptgerichte,,MwSt. 7%,1.07,20.373832,1.426168,Normalverkauf
S1000183.84194,SP1000183.34.84194,SY1000183.2026.84194,iPad1(1000183),183,11.06.26 10:20,Prod,A1000183.7069,Tisch 12,115,S1000183.84194,SALE,1,10.9,10.9,0.0,0.0,0.0,0.0,107,Chicken Burger,Hauptgerichte,,MwSt. 7%,1.07,10.186916,0.713084,Normalverkauf
S1000183.84195,SP1000183.34.84195,SY1000183.2026.84195,iPad1(1000183),183,11.06.26 12:32,Prod,A1000183.7070,Tisch 20,117,S1000183.84195,VOID,1,9.8,9.8,0.0,0.0,0.0,0.0,108,Seelachs-Ei-Baugette,Hauptgerichte,,MwSt. 7%,1.07,9.158879,0.641121,Normalverkauf
S1000183.84196,SP1000183.34.84196,SY1000183.2026.84196,iPad1(1000183),183,11.06.26 12:32,Prod,A1000183.7070,Tisch 20,117,S1000183.84196,VOID,1,5.5,5.5,0.0,0.0,0.0,0.0,111,Pommes Frites,Beilagen,,MwSt. 7%,1.07,5.140187,0.359813,Normalverkauf
S1000183.84197,SP1000183.34.84197,SY1000183.2026.84197,iPad1(1000183),183,11.06.26 12:32,Prod,A1000183.7070,Tisch 20,117,S1000183.84197,VOID,2,5.5,11.0,0.0,0.0,0.0,0.0,111,Pommes Frites,Beilagen,,MwSt. 7%,1.07,10.280374,0.719626,Normalverkauf
S1000183.84198,SP1000183.34.84198,SY1000183.2026.84198,iPad1(1000183),183,11.06.26 19:54,Prod,A1000183.7071,Tisch 22,106,S1000183.84198,SALE,2,3.9,7.8,0.0,0.0,0.0,0.0,126,Spezi,Getränke,,MwSt. 19%,1.19,6.554622,1.245378,Normalverkauf
S1000183.84199,SP1000183.34.84199,SY1000183.2026.84199,iPad1(1000183),183,11.06.26 12:16,Prod,A1000183.7072,Tisch 17,117,S1000183.84199,SALE,2,7.9,15.8,0.0,0.0,0.0,0.0,106,Neptun-Ringe,Beilagen,,MwSt. 7%,1.07,14.766355,1.033645,Normalverkauf
S1000183.84200,SP1000183.34.84200,SY1000183.2026.84200,iPad1(1000183),183,11.06.26 12:16,Prod,A1000183.7072,Tisch 17,117,S1000183.84200,SALE,2,6.5,13.0,0.0,0.0,0.0,0.0,100,Fischbrötchen Backfisch,Hauptspeisen,,MwSt. 7%,1.07,12.149533,0.850467,Normalverkauf
S1000183.84201,SP1000183.34.84201,SY1000183.2026.84201,iPad1(1000183),183,11.06.26 12:16,Prod,A1000183.7072,Tisch 17,117,S1000183.84201,SALE,2,11.5,23.0,0.0,0.0,0.0,0.0,105,Garnelen-Kimchi-Bruger,Hauptgerichte,,MwSt. 7%,1.07,21.495327,1.504673,Normalverkauf
S1000183.84202,SP1000183.34.84202,SY1000183.2026.84202,iPad1(1000183),183,11.06.26 13:18,Prod,A1000183.7073,Tisch 23,104,S1000183.84202,SALE,2,5.5,11.0,0.0,0.0,0.0,0.0,114,Fisch Nuggets Box,Beilagen,,MwSt. 7%,1.07,10.280374,0.719626,Normalverkauf
S1000183.84203,SP1000183.34.84203,SY1000183.2026.84203,iPad1(1000183),183,11.06.26 13:18,Prod,A1000183.7073,Tisch 23,104,S1000183.84203,SALE,2,6.9,13.8,0.0,0.0,0.0,0.0,103,Fischbrötchen Räucherlachs,Hauptspeisen,,MwSt. 7%,1.07,12.897196,0.902804,Normalverkauf
S1000183.84204,SP1000183.34.84204,SY1000183.2026.84204,iPad1(1000183),183,11.06.26 13:18,Prod,A1000183.7073,Tisch 23,104,S1000183.84204,SALE,1,11.5,11.5,0.0,0.0,0.0,0.0,105,Garnelen-Kimchi-Bruger,Hauptgerichte,,MwSt. 7%,1.07,10.747664,0.752336,Normalverkauf
S1000183.84205,SP1000183.34.84205,SY1000183.2026.84205,iPad1(1000183),183,11.06.26 13:33,Prod,A1000183.7074,Tisch 21,117,S1000183.84205,SALE,1,4.2,4.2,0.0,0.0,0.0,0.0,122,Bier,Getränke,,MwSt. 19%,1.19,3.529412,0.670588,Normalverkauf
S1000183.84206,SP1000183.34.84206,SY1000183.2026.84206,iPad1(1000183),183,11.06.26 13:33,Prod,A1000183.7074,Tisch 21,117,S1000183.84206,SALE,1,3.9,3.9,0.0,0.0,0.0,0.0,124,Cola Zero,Getränke,,MwSt. 19%,1.19,3.277311,0.622689,Normalverkauf
S1000183.84207,SP1000183.34.84207,SY1000183.2026.84207,iPad1(1000183),183,11.06.26 12:36,Prod,A1000183.7075,,104,S1000183.84207,SALE,1,5.9,5.9,0.0,0.0,0.0,0.0,125,Zitronen-Limonade,Getränke,,MwSt. 19%,1.19,4.957983,0.942017,Normalverkauf
S1000183.84208,SP1000183.34.84208,SY1000183.2026.84208,iPad1(1000183),183,11.06.26 12:36,Prod,A1000183.7075,,104,S1000183.84208,SALE,2,5.5,11.0,0.0,0.0,0.0,0.0,111,Pommes Frites,Beilagen,,MwSt. 7%,1.07,10.280374,0.719626,Normalverkauf
S1000183.84209,SP1000183.34.84209,SY1000183.2026.84209,iPad1(1000183),183,11.06.26 12:36,Prod,A1000183.7075,,104,S1000183.84209,SALE,2,2.8,5.6,0.0,0.0,0.0,0.0,121,Mineralwasser,Getränke,,MwSt. 19%,1.19,4.705882,0.894118,Normalverkauf
S1000183.84210,SP1000183.34.84210,SY1000183.2026.84210,iPad1(1000183),183,11.06.26 10:15,Prod,A1000183.7076,Tisch 2,115,S1000183.84210,SALE,2,5.9,11.8,0.0,0.0,0.0,0.0,125,Zitronen-Limonade,Getränke,,MwSt. 19%,1.19,9.915966,1.884034,Normalverkauf
S1000183.84211,SP1000183.34.84211,SY1000183.2026.84211,iPad1(1000183),183,11.06.26 11:20,Prod,A1000183.7077,Tisch 5,120,S1000183.84211,SALE,2,9.8,19.6,0.0,0.0,0.0,0.0,108,Seelachs-Ei-Baugette,Hauptgerichte,,MwSt. 7%,1.07,18.317757,1.282243,Normalverkauf
S1000183.84212,SP1000183.34.84212,SY1000183.2026.84212,iPad1(1000183),183,11.06.26 18:10,Prod,A1000183.7078,Tisch 6,117,S1000183.84212,SALE,1,6.5,6.5,0.0,0.0,0.0,0.0,100,Fischbrötchen Backfisch,Hauptspeisen,,MwSt. 7%,1.07,6.074766,0.425234,Normalverkauf
S1000183.84213,SP1000183.34.84213,SY1000183.2026.84213,iPad1(1000183),183,11.06.26 18:10,Prod,A1000183.7078,Tisch 6,117,S1000183.84213,SALE,1,4.2,4.2,0.0,0.0,0.0,0.0,122,Bier,Getränke,,MwSt. 19%,1.19,3.529412,0.670588,Normalverkauf
S1000183.84214,SP1000183.34.84214,SY1000183.2026.84214,iPad1(1000183),183,11.06.26 11:08,Prod,A1000183.7079,Tisch 6,115,S1000183.84214,SALE,2,4.9,9.8,0.0,0.0,0.0,0.0,112,Kartoffelwedges,Beilagen,,MwSt. 7%,1.07,9.158879,0.641121,Normalverkauf
S1000183.84215,SP1000183.34.84215,SY1000183.2026.84215,iPad1(1000183),183,11.06.26 11:08,Prod,A1000183.7079,Tisch 6,115,S1000183.84215,SALE,1,4.2,4.2,0.0,0.0,0.0,0.0,122,Bier,Getränke,,MwSt. 19%,1.19,3.529412,0.670588,Normalverkauf
S1000183.84216,SP1000183.34.84216,SY1000183.2026.84216,iPad1(1000183),183,11.06.26 18:35,Prod,A1000183.7080,,111,S1000183.84216,SALE,2,3.9,7.8,0.0,0.0,0.0,0.0,124,Cola Zero,Getränke,,MwSt. 19%,1.19,6.554622,1.245378,Normalverkauf
S1000183.84217,SP1000183.34.84217,SY1000183.2026.84217,iPad1(1000183),183,11.06.26 12:38,Prod,A1000183.7081,Tisch 17,106,S1000183.84217,VOID,1,3.2,3.2,0.0,0.0,0.0,0.0,120,Apfelschorle,Getränke,,MwSt. 19%,1.19,2.689076,0.510924,Normalverkauf
S1000183.84218,SP1000183.34.84218,SY1000183.2026.84218,iPad1(1000183),183,11.06.26 17:56,Prod,A1000183.7082,Tisch 21,115,S1000183.84218,VOID,2,6.9,13.8,0.0,0.0,0.0,0.0,113,Garnelen Box,Beilagen,,MwSt. 7%,1.07,12.897196,0.902804,Normalverkauf
S1000183.84219,SP1000183.34.84219,SY1000183.2026.84219,iPad1(1000183),183,11.06.26 17:56,Prod,A1000183.7082,Tisch 21,115,S1000183.84219,VOID,2,11.5,23.0,0.0,0.0,0.0,0.0,105,Garnelen-Kimchi-Bruger,Hauptgerichte,,MwSt. 7%,1.07,21.495327,1.504673,Normalverkauf
S1000183.84220,SP1000183.34.84220,SY1000183.2026.84220,iPad1(1000183),183,11.06.26 13:58,Prod,A1000183.7083,,104,S1000183.84220,VOID,2,10.9,21.8,0.0,0.0,0.0,0.0,107,Chicken Burger,Hauptgerichte,,MwSt. 7%,1.07,20.373832,1.426168,Normalverkauf
S1000183.84221,SP1000183.34.84221,SY1000183.2026.84221,iPad1(1000183),183,11.06.26 12:49,Prod,A1000183.7084,Tisch 21,104,S1000183.84221,SALE,2,5.5,11.0,0.0,0.0,0.0,0.0,111,Pommes Frites,Beilagen,,MwSt. 7%,1.07,10.280374,0.719626,Normalverkauf
S1000183.84222,SP1000183.34.84222,SY1000183.2026.84222,iPad1(1000183),183,11.06.26 12:49,Prod,A1000183.7084,Tisch 21,104,S1000183.84222,SALE,1,3.2,3.2,0.0,0.0,0.0,0.0,120,Apfelschorle,Getränke,,MwSt. 19%,1.19,2.689076,0.510924,Normalverkauf
S1000183.84223,SP1000183.34.84223,SY1000183.2026.84223,iPad1(1000183),183,11.06.26 12:49,Prod,A1000183.7084,Tisch 21,104,S1000183.84223,SALE,2,6.9,13.8,0.0,0.0,0.0,0.0,103,Fischbrötchen Räucherlachs,Hauptspeisen,,MwSt. 7%,1.07,12.897196,0.902804,Normalverkauf
S1000183.84224,SP1000183.34.84224,SY1000183.2026.84224,iPad1(1000183),183,11.06.26 11:37,Prod,A1000183.7085,Tisch 16,104,S1000183.84224,SALE,2,11.5,23.0,0.0,0.0,0.0,0.0,105,Garnelen-Kimchi-Bruger,Hauptgerichte,,MwSt. 7%,1.07,21.495327,1.504673,Normalverkauf
S1000183.84225,SP1000183.34.84225,SY1000183.2026.84225,iPad1(1000183),183,11.06.26 11:37,Prod,A1000183.7085,Tisch 16,104,S1000183.84225,SALE,1,2.8,2.8,0.0,0.0,0.0,0.0,121,Mineralwasser,Getränke,,MwSt. 19%,1.19,2.352941,0.447059,Normalverkauf
S1000183.84226,SP1000183.34.84226,SY1000183.2026.84226,iPad1(1000183),183,11.06.26 11:39,Prod,A1000183.7086,Tisch 2,104,S1000183.84226,VOID,2,10.9,21.8,0.0,0.0,0.0,0.0,107,Chicken Burger,Hauptgerichte,,MwSt. 7%,1.07,20.373832,1.426168,Normalverkauf
S1000183.84227,SP1000183.34.84227,SY1000183.2026.84227,iPad1(1000183),183,11.06.26 13:15,Prod,A1000183.7087,Tisch 14,106,S1000183.84227,SALE,2,13.5,27.0,0.0,0.0,0.0,0.0,102,Matjes,Hauptspeisen,,MwSt. 7%,1.07,25.233645,1.766355,Normalverkauf
S1000183.84228,SP1000183.34.84228,SY1000183.2026.84228,iPad1(1000183),183,11.06.26 13:15,Prod,A1000183.7087,Tisch 14,106,S1000183.84228,SALE,2,6.9,13.8,0.0,0.0,0.0,0.0,103,Fischbrötchen Räucherlachs,Hauptspeisen,,MwSt. 7%,1.07,12.897196,0.902804,Normalverkauf
S1000183.84229,SP1000183.34.84229,SY1000183.2026.84229,iPad1(1000183),183,11.06.26 13:15,Prod,A1000183.7087,Tisch 14,106,S1000183.84229,SALE,1,5.9,5.9,0.0,0.0,0.0,0.0,116,Vanillequark,Desserts,,MwSt. 7%,1.07,5.514019,0.385981,Normalverkauf
S1000183.84230,SP1000183.34.84230,SY1000183.2026.84230,iPad1(1000183),183,11.06.26 11:09,Prod,A1000183.7088,Tisch 11,115,S1000183.84230,SALE,2,5.9,11.8,0.0,0.0,0.0,0.0,117,Rote Grütze,Desserts,,MwSt. 7%,1.07,11.028037,0.771963,Normalverkauf
S1000183.84231,SP1000183.34.84231,SY1000183.2026.84231,iPad1(1000183),183,11.06.26 11:09,Prod,A1000183.7088,Tisch 11,115,S1000183.84231,SALE,2,6.9,13.8,0.0,0.0,0.0,0.0,103,Fischbrötchen Räucherlachs,Hauptspeisen,,MwSt. 7%,1.07,12.897196,0.902804,Normalverkauf
S1000183.84232,SP1000183.34.84232,SY1000183.2026.84232,iPad1(1000183),183,11.06.26 18:39,Prod,A1000183.7089,Tisch 9,111,S1000183.84232,SALE,2,6.5,13.0,0.0,0.0,0.0,0.0,100,Fischbrötchen Backfisch,Hauptspeisen,,MwSt. 7%,1.07,12.149533,0.850467,Normalverkauf
S1000183.84233,SP1000183.34.84233,SY1000183.2026.84233,iPad1(1000183),183,11.06.26 15:22,Prod,A1000183.7090,Tisch 4,115,S1000183.84233,SALE,1,5.9,5.9,0.0,0.0,0.0,0.0,123,Inger-Limonade,Getränke,,MwSt. 19%,1.19,4.957983,0.942017,Normalverkauf
S1000183.84234,SP1000183.34.84234,SY1000183.2026.84234,iPad1(1000183),183,11.06.26 15:22,Prod,A1000183.7090,Tisch 4,115,S1000183.84234,SALE,2,5.9,11.8,0.0,0.0,0.0,0.0,117,Rote Grütze,Desserts,,MwSt. 7%,1.07,11.028037,0.771963,Normalverkauf
S1000183.84235,SP1000183.34.84235,SY1000183.2026.84235,iPad1(1000183),183,11.06.26 09:54,Prod,A1000183.7091,Tisch 14,106,S1000183.84235,SALE,2,3.9,7.8,0.0,0.0,0.0,0.0,124,Cola Zero,Getränke,,MwSt. 19%,1.19,6.554622,1.245378,Normalverkauf
S1000183.84236,SP1000183.34.84236,SY1000183.2026.84236,iPad1(1000183),183,11.06.26 09:54,Prod,A1000183.7091,Tisch 14,106,S1000183.84236,SALE,2,7.9,15.8,0.0,0.0,0.0,0.0,115,Tiramisu,Desserts,,MwSt. 7%,1.07,14.766355,1.033645,Normalverkauf
S1000183.84237,SP1000183.34.84237,SY1000183.2026.84237,iPad1(1000183),183,11.06.26 09:54,Prod,A1000183.7091,Tisch 14,106,S1000183.84237,SALE,2,14.5,29.0,0.0,0.0,0.0,0.0,101,Lachs,Hauptspeisen,,MwSt. 7%,1.07,27.102804,1.897196,Normalverkauf
S1000183.84238,SP1000183.34.84238,SY1000183.2026.84238,iPad1(1000183),183,11.06.26 11:54,Prod,A1000183.7092,Tisch 14,120,S1000183.84238,SALE,1,6.9,6.9,0.0,0.0,0.0,0.0,113,Garnelen Box,Beilagen,,MwSt. 7%,1.07,6.448598,0.451402,Normalverkauf
S1000183.84239,SP1000183.34.84239,SY1000183.2026.84239,iPad1(1000183),183,11.06.26 11:54,Prod,A1000183.7092,Tisch 14,120,S1000183.84239,SALE,1,3.9,3.9,0.0,0.0,0.0,0.0,119,Cola,Getränke,,MwSt. 19%,1.19,3.277311,0.622689,Normalverkauf
S1000183.84240,SP1000183.34.84240,SY1000183.2026.84240,iPad1(1000183),183,11.06.26 11:54,Prod,A1000183.7092,Tisch 14,120,S1000183.84240,SALE,1,6.5,6.5,0.0,0.0,0.0,0.0,100,Fischbrötchen Backfisch,Hauptspeisen,,MwSt. 7%,1.07,6.074766,0.425234,Normalverkauf
S1000183.84241,SP1000183.34.84241,SY1000183.2026.84241,iPad1(1000183),183,12.06.26 12:24,Prod,A1000183.7093,Tisch 17,111,S1000183.84241,VOID,2,6.5,13.0,0.0,0.0,0.0,0.0,100,Fischbrötchen Backfisch,Hauptspeisen,,MwSt. 7%,1.07,12.149533,0.850467,Normalverkauf
S1000183.84242,SP1000183.34.84242,SY1000183.2026.84242,iPad1(1000183),183,12.06.26 12:24,Prod,A1000183.7093,Tisch 17,111,S1000183.84242,VOID,2,3.9,7.8,0.0,0.0,0.0,0.0,126,Spezi,Getränke,,MwSt. 19%,1.19,6.554622,1.245378,Normalverkauf
S1000183.84243,SP1000183.34.84243,SY1000183.2026.84243,iPad1(1000183),183,12.06.26 12:24,Prod,A1000183.7093,Tisch 17,111,S1000183.84243,VOID,2,2.8,5.6,0.0,0.0,0.0,0.0,121,Mineralwasser,Getränke,,MwSt. 19%,1.19,4.705882,0.894118,Normalverkauf
S1000183.84244,SP1000183.34.84244,SY1000183.2026.84244,iPad1(1000183),183,12.06.26 15:42,Prod,A1000183.7094,Tisch 19,117,S1000183.84244,SALE,2,4.2,8.4,0.0,0.0,0.0,0.0,122,Bier,Getränke,,MwSt. 19%,1.19,7.058824,1.341176,Normalverkauf
S1000183.84245,SP1000183.34.84245,SY1000183.2026.84245,iPad1(1000183),183,12.06.26 15:42,Prod,A1000183.7094,Tisch 19,117,S1000183.84245,SALE,2,13.5,27.0,0.0,0.0,0.0,0.0,102,Matjes,Hauptspeisen,,MwSt. 7%,1.07,25.233645,1.766355,Normalverkauf
S1000183.84246,SP1000183.34.84246,SY1000183.2026.84246,iPad1(1000183),183,12.06.26 11:00,Prod,A1000183.7095,Tisch 22,120,S1000183.84246,SALE,1,3.9,3.9,0.0,0.0,0.0,0.0,124,Cola Zero,Getränke,,MwSt. 19%,1.19,3.277311,0.622689,Normalverkauf
S1000183.84247,SP1000183.34.84247,SY1000183.2026.84247,iPad1(1000183),183,12.06.26 11:00,Prod,A1000183.7095,Tisch 22,120,S1000183.84247,SALE,1,14.5,14.5,0.0,0.0,0.0,0.0,101,Lachs,Hauptspeisen,,MwSt. 7%,1.07,13.551402,0.948598,Normalverkauf
S1000183.84248,SP1000183.34.84248,SY1000183.2026.84248,iPad1(1000183),183,12.06.26 11:00,Prod,A1000183.7095,Tisch 22,120,S1000183.84248,SALE,2,3.9,7.8,0.0,0.0,0.0,0.0,119,Cola,Getränke,,MwSt. 19%,1.19,6.554622,1.245378,Normalverkauf
S1000183.84249,SP1000183.34.84249,SY1000183.2026.84249,iPad1(1000183),183,12.06.26 19:06,Prod,A1000183.7096,Tisch 2,115,S1000183.84249,SALE,2,10.9,21.8,0.0,0.0,0.0,0.0,107,Chicken Burger,Hauptgerichte,,MwSt. 7%,1.07,20.373832,1.426168,Normalverkauf
S1000183.84250,SP1000183.34.84250,SY1000183.2026.84250,iPad1(1000183),183,12.06.26 16:20,Prod,A1000183.7097,Tisch 5,115,S1000183.84250,SALE,1,6.5,6.5,0.0,0.0,0.0,0.0,100,Fischbrötchen Backfisch,Hauptspeisen,,MwSt. 7%,1.07,6.074766,0.425234,Normalverkauf
S1000183.84251,SP1000183.34.84251,SY1000183.2026.84251,iPad1(1000183),183,12.06.26 16:20,Prod,A1000183.7097,Tisch 5,115,S1000183.84251,SALE,1,2.8,2.8,0.0,0.0,0.0,0.0,121,Mineralwasser,Getränke,,MwSt. 19%,1.19,2.352941,0.447059,Normalverkauf
S1000183.84252,SP1000183.34.84252,SY1000183.2026.84252,iPad1(1000183),183,12.06.26 12:08,Prod,A1000183.7098,Tisch 1,115,S1000183.84252,SALE,2,4.2,8.4,0.0,0.0,0.0,0.0,122,Bier,Getränke,,MwSt. 19%,1.19,7.058824,1.341176,Normalverkauf
S1000183.84253,SP1000183.34.84253,SY1000183.2026.84253,iPad1(1000183),183,12.06.26 19:45,Prod,A1000183.7099,Tisch 11,111,S1000183.84253,SALE,2,6.9,13.8,0.0,0.0,0.0,0.0,103,Fischbrötchen Räucherlachs,Hauptspeisen,,MwSt. 7%,1.07,12.897196,0.902804,Normalverkauf
S1000183.84254,SP1000183.34.84254,SY1000183.2026.84254,iPad1(1000183),183,12.06.26 19:45,Prod,A1000183.7099,Tisch 11,111,S1000183.84254,SALE,1,11.5,11.5,0.0,0.0,0.0,0.0,105,Garnelen-Kimchi-Bruger,Hauptgerichte,,MwSt. 7%,1.07,10.747664,0.752336,Normalverkauf
S1000183.84255,SP1000183.34.84255,SY1000183.2026.84255,iPad1(1000183),183,12.06.26 19:28,Prod,A1000183.7100,Tisch 18,115,S1000183.84255,SALE,1,5.5,5.5,0.0,0.0,0.0,0.0,111,Pommes Frites,Beilagen,,MwSt. 7%,1.07,5.140187,0.359813,Normalverkauf
S1000183.84256,SP1000183.34.84256,SY1000183.2026.84256,iPad1(1000183),183,12.06.26 19:28,Prod,A1000183.7100,Tisch 18,115,S1000183.84256,SALE,1,10.9,10.9,0.0,0.0,0.0,0.0,107,Chicken Burger,Hauptgerichte,,MwSt. 7%,1.07,10.186916,0.713084,Normalverkauf
S1000183.84257,SP1000183.34.84257,SY1000183.2026.84257,iPad1(1000183),183,12.06.26 20:39,Prod,A1000183.7101,Tisch 2,104,S1000183.84257,VOID,1,6.5,6.5,0.0,0.0,0.0,0.0,100,Fischbrötchen Backfisch,Hauptspeisen,,MwSt. 7%,1.07,6.074766,0.425234,Normalverkauf
S1000183.84258,SP1000183.34.84258,SY1000183.2026.84258,iPad1(1000183),183,12.06.26 20:23,Prod,A1000183.7102,Tisch 23,115,S1000183.84258,SALE,1,9.8,9.8,0.0,0.0,0.0,0.0,108,Seelachs-Ei-Baugette,Hauptgerichte,,MwSt. 7%,1.07,9.158879,0.641121,Normalverkauf
S1000183.84259,SP1000183.34.84259,SY1000183.2026.84259,iPad1(1000183),183,12.06.26 20:23,Prod,A1000183.7102,Tisch 23,115,S1000183.84259,SALE,2,7.9,15.8,0.0,0.0,0.0,0.0,115,Tiramisu,Desserts,,MwSt. 7%,1.07,14.766355,1.033645,Normalverkauf
S1000183.84260,SP1000183.34.84260,SY1000183.2026.84260,iPad1(1000183),183,12.06.26 20:23,Prod,A1000183.7102,Tisch 23,115,S1000183.84260,SALE,1,11.5,11.5,0.0,0.0,0.0,0.0,105,Garnelen-Kimchi-Bruger,Hauptgerichte,,MwSt. 7%,1.07,10.747664,0.752336,Normalverkauf
S1000183.84261,SP1000183.34.84261,SY1000183.2026.84261,iPad1(1000183),183,12.06.26 12:42,Prod,A1000183.7103,Tisch 14,111,S1000183.84261,SALE,2,10.9,21.8,0.0,0.0,0.0,0.0,104,Thunfisch Wrap,Hauptgerichte,,MwSt. 7%,1.07,20.373832,1.426168,Normalverkauf
S1000183.84262,SP1000183.34.84262,SY1000183.2026.84262,iPad1(1000183),183,12.06.26 18:09,Prod,A1000183.7104,Tisch 10,106,S1000183.84262,SALE,2,14.5,29.0,0.0,0.0,0.0,0.0,101,Lachs,Hauptspeisen,,MwSt. 7%,1.07,27.102804,1.897196,Normalverkauf
S1000183.84263,SP1000183.34.84263,SY1000183.2026.84263,iPad1(1000183),183,12.06.26 18:09,Prod,A1000183.7104,Tisch 10,106,S1000183.84263,SALE,1,6.5,6.5,0.0,0.0,0.0,0.0,100,Fischbrötchen Backfisch,Hauptspeisen,,MwSt. 7%,1.07,6.074766,0.425234,Normalverkauf
S1000183.84264,SP1000183.34.84264,SY1000183.2026.84264,iPad1(1000183),183,12.06.26 18:17,Prod,A1000183.7105,Tisch 7,120,S1000183.84264,SALE,1,10.9,10.9,0.0,0.0,0.0,0.0,107,Chicken Burger,Hauptgerichte,,MwSt. 7%,1.07,10.186916,0.713084,Normalverkauf
S1000183.84265,SP1000183.34.84265,SY1000183.2026.84265,iPad1(1000183),183,12.06.26 18:17,Prod,A1000183.7105,Tisch 7,120,S1000183.84265,SALE,2,3.9,7.8,0.0,0.0,0.0,0.0,126,Spezi,Getränke,,MwSt. 19%,1.19,6.554622,1.245378,Normalverkauf
S1000183.84266,SP1000183.34.84266,SY1000183.2026.84266,iPad1(1000183),183,12.06.26 18:17,Prod,A1000183.7105,Tisch 7,120,S1000183.84266,SALE,2,3.9,7.8,0.0,0.0,0.0,0.0,127,Alkoholfreies Bier,Getränke,,MwSt. 19%,1.19,6.554622,1.245378,Normalverkauf
S1000183.84267,SP1000183.34.84267,SY1000183.2026.84267,iPad1(1000183),183,12.06.26 11:56,Prod,A1000183.7106,Tisch 14,120,S1000183.84267,SALE,2,10.9,21.8,0.0,0.0,0.0,0.0,109,Bismarck-Baguette,Hauptgerichte,,MwSt. 7%,1.07,20.373832,1.426168,Normalverkauf
S1000183.84268,SP1000183.34.84268,SY1000183.2026.84268,iPad1(1000183),183,12.06.26 11:56,Prod,A1000183.7106,Tisch 14,120,S1000183.84268,SALE,2,5.5,11.0,0.0,0.0,0.0,0.0,111,Pommes Frites,Beilagen,,MwSt. 7%,1.07,10.280374,0.719626,Normalverkauf
S1000183.84269,SP1000183.34.84269,SY1000183.2026.84269,iPad1(1000183),183,12.06.26 11:56,Prod,A1000183.7106,Tisch 14,120,S1000183.84269,SALE,1,6.9,6.9,0.0,0.0,0.0,0.0,113,Garnelen Box,Beilagen,,MwSt. 7%,1.07,6.448598,0.451402,Normalverkauf
S1000183.84270,SP1000183.34.84270,SY1000183.2026.84270,iPad1(1000183),183,12.06.26 10:46,Prod,A1000183.7107,Tisch 7,117,S1000183.84270,SALE,1,11.5,11.5,0.0,0.0,0.0,0.0,105,Garnelen-Kimchi-Bruger,Hauptgerichte,,MwSt. 7%,1.07,10.747664,0.752336,Normalverkauf
S1000183.84271,SP1000183.34.84271,SY1000183.2026.84271,iPad1(1000183),183,12.06.26 10:46,Prod,A1000183.7107,Tisch 7,117,S1000183.84271,SALE,2,4.2,8.4,0.0,0.0,0.0,0.0,122,Bier,Getränke,,MwSt. 19%,1.19,7.058824,1.341176,Normalverkauf
S1000183.84272,SP1000183.34.84272,SY1000183.2026.84272,iPad1(1000183),183,12.06.26 13:48,Prod,A1000183.7108,Tisch 4,115,S1000183.84272,SALE,1,11.9,11.9,0.0,0.0,0.0,0.0,110,Matjes-Baguette,Hauptgerichte,,MwSt. 7%,1.07,11.121495,0.778505,Normalverkauf
S1000183.84273,SP1000183.34.84273,SY1000183.2026.84273,iPad1(1000183),183,12.06.26 19:29,Prod,A1000183.7109,Tisch 16,115,S1000183.84273,SALE,1,2.8,2.8,0.0,0.0,0.0,0.0,121,Mineralwasser,Getränke,,MwSt. 19%,1.19,2.352941,0.447059,Normalverkauf
S1000183.84274,SP1000183.34.84274,SY1000183.2026.84274,iPad1(1000183),183,12.06.26 19:29,Prod,A1000183.7109,Tisch 16,115,S1000183.84274,SALE,2,2.8,5.6,0.0,0.0,0.0,0.0,121,Mineralwasser,Getränke,,MwSt. 19%,1.19,4.705882,0.894118,Normalverkauf
S1000183.84275,SP1000183.34.84275,SY1000183.2026.84275,iPad1(1000183),183,12.06.26 13:11,Prod,A1000183.7110,Tisch 13,106,S1000183.84275,SALE,2,13.5,27.0,0.0,0.0,0.0,0.0,102,Matjes,Hauptspeisen,,MwSt. 7%,1.07,25.233645,1.766355,Normalverkauf
S1000183.84276,SP1000183.34.84276,SY1000183.2026.84276,iPad1(1000183),183,12.06.26 13:11,Prod,A1000183.7110,Tisch 13,106,S1000183.84276,SALE,1,13.5,13.5,0.0,0.0,0.0,0.0,102,Matjes,Hauptspeisen,,MwSt. 7%,1.07,12.616822,0.883178,Normalverkauf
S1000183.84277,SP1000183.34.84277,SY1000183.2026.84277,iPad1(1000183),183,12.06.26 13:11,Prod,A1000183.7110,Tisch 13,106,S1000183.84277,SALE,1,4.2,4.2,0.0,0.0,0.0,0.0,122,Bier,Getränke,,MwSt. 19%,1.19,3.529412,0.670588,Normalverkauf
S1000183.84278,SP1000183.34.84278,SY1000183.2026.84278,iPad1(1000183),183,12.06.26 16:30,Prod,A1000183.7111,Tisch 12,115,S1000183.84278,SALE,2,6.5,13.0,0.0,0.0,0.0,0.0,100,Fischbrötchen Backfisch,Hauptspeisen,,MwSt. 7%,1.07,12.149533,0.850467,Normalverkauf
S1000183.84279,SP1000183.34.84279,SY1000183.2026.84279,iPad1(1000183),183,12.06.26 16:30,Prod,A1000183.7111,Tisch 12,115,S1000183.84279,SALE,2,4.2,8.4,0.0,0.0,0.0,0.0,122,Bier,Getränke,,MwSt. 19%,1.19,7.058824,1.341176,Normalverkauf
S1000183.84280,SP1000183.34.84280,SY1000183.2026.84280,iPad1(1000183),183,12.06.26 16:30,Prod,A1000183.7111,Tisch 12,115,S1000183.84280,SALE,1,13.5,13.5,0.0,0.0,0.0,0.0,102,Matjes,Hauptspeisen,,MwSt. 7%,1.07,12.616822,0.883178,Normalverkauf
S1000183.84281,SP1000183.34.84281,SY1000183.2026.84281,iPad1(1000183),183,12.06.26 09:27,Prod,A1000183.7112,Tisch 6,115,S1000183.84281,VOID,2,10.9,21.8,0.0,0.0,0.0,0.0,109,Bismarck-Baguette,Hauptgerichte,,MwSt. 7%,1.07,20.373832,1.426168,Normalverkauf
S1000183.84282,SP1000183.34.84282,SY1000183.2026.84282,iPad1(1000183),183,12.06.26 09:27,Prod,A1000183.7112,Tisch 6,115,S1000183.84282,VOID,1,5.5,5.5,0.0,0.0,0.0,0.0,111,Pommes Frites,Beilagen,,MwSt. 7%,1.07,5.140187,0.359813,Normalverkauf
S1000183.84283,SP1000183.34.84283,SY1000183.2026.84283,iPad1(1000183),183,12.06.26 12:09,Prod,A1000183.7113,Tisch 23,115,S1000183.84283,SALE,2,6.5,13.0,0.0,0.0,0.0,0.0,100,Fischbrötchen Backfisch,Hauptspeisen,,MwSt. 7%,1.07,12.149533,0.850467,Normalverkauf
S1000183.84284,SP1000183.34.84284,SY1000183.2026.84284,iPad1(1000183),183,12.06.26 12:36,Prod,A1000183.7114,Tisch 18,115,S1000183.84284,SALE,2,3.9,7.8,0.0,0.0,0.0,0.0,126,Spezi,Getränke,,MwSt. 19%,1.19,6.554622,1.245378,Normalverkauf
S1000183.84285,SP1000183.34.84285,SY1000183.2026.84285,iPad1(1000183),183,12.06.26 12:36,Prod,A1000183.7114,Tisch 18,115,S1000183.84285,SALE,1,6.5,6.5,0.0,0.0,0.0,0.0,100,Fischbrötchen Backfisch,Hauptspeisen,,MwSt. 7%,1.07,6.074766,0.425234,Normalverkauf
S1000183.84286,SP1000183.34.84286,SY1000183.2026.84286,iPad1(1000183),183,12.06.26 11:24,Prod,A1000183.7115,,117,S1000183.84286,SALE,1,10.9,10.9,0.0,0.0,0.0,0.0,104,Thunfisch Wrap,Hauptgerichte,,MwSt. 7%,1.07,10.186916,0.713084,Normalverkauf
S1000183.84287,SP1000183.34.84287,SY1000183.2026.84287,iPad1(1000183),183,12.06.26 18:02,Prod,A1000183.7116,Tisch 12,120,S1000183.84287,SALE,1,3.9,3.9,0.0,0.0,0.0,0.0,124,Cola Zero,Getränke,,MwSt. 19%,1.19,3.277311,0.622689,Normalverkauf
S1000183.84288,SP1000183.34.84288,SY1000183.2026.84288,iPad1(1000183),183,12.06.26 17:38,Prod,A1000183.7117,Tisch 11,106,S1000183.84288,SALE,1,4.2,4.2,0.0,0.0,0.0,0.0,122,Bier,Getränke,,MwSt. 19%,1.19,3.529412,0.670588,Normalverkauf
S1000183.84289,SP1000183.34.84289,SY1000183.2026.84289,iPad1(1000183),183,12.06.26 17:38,Prod,A1000183.7117,Tisch 11,106,S1000183.84289,SALE,2,6.9,13.8,0.0,0.0,0.0,0.0,103,Fischbrötchen Räucherlachs,Hauptspeisen,,MwSt. 7%,1.07,12.897196,0.902804,Normalverkauf
S1000183.84290,SP1000183.34.84290,SY1000183.2026.84290,iPad1(1000183),183,12.06.26 20:16,Prod,A1000183.7118,,111,S1000183.84290,SALE,1,10.9,10.9,0.0,0.0,0.0,0.0,107,Chicken Burger,Hauptgerichte,,MwSt. 7%,1.07,10.186916,0.713084,Normalverkauf
S1000183.84291,SP1000183.34.84291,SY1000183.2026.84291,iPad1(1000183),183,12.06.26 20:16,Prod,A1000183.7118,,111,S1000183.84291,SALE,1,3.2,3.2,0.0,0.0,0.0,0.0,120,Apfelschorle,Getränke,,MwSt. 19%,1.19,2.689076,0.510924,Normalverkauf
S1000183.84292,SP1000183.34.84292,SY1000183.2026.84292,iPad1(1000183),183,12.06.26 20:16,Prod,A1000183.7118,,111,S1000183.84292,SALE,1,11.5,11.5,0.0,0.0,0.0,0.0,105,Garnelen-Kimchi-Bruger,Hauptgerichte,,MwSt. 7%,1.07,10.747664,0.752336,Normalverkauf
S1000183.84293,SP1000183.34.84293,SY1000183.2026.84293,iPad1(1000183),183,12.06.26 12:05,Prod,A1000183.7119,,117,S1000183.84293,VOID,1,7.9,7.9,0.0,0.0,0.0,0.0,106,Neptun-Ringe,Beilagen,,MwSt. 7%,1.07,7.383178,0.516822,Normalverkauf
S1000183.84294,SP1000183.34.84294,SY1000183.2026.84294,iPad1(1000183),183,12.06.26 12:05,Prod,A1000183.7119,,117,S1000183.84294,VOID,1,6.5,6.5,0.0,0.0,0.0,0.0,118,Schokokuchen,Desserts,,MwSt. 7%,1.07,6.074766,0.425234,Normalverkauf
S1000183.84295,SP1000183.34.84295,SY1000183.2026.84295,iPad1(1000183),183,12.06.26 13:40,Prod,A1000183.7120,Tisch 12,104,S1000183.84295,SALE,2,3.9,7.8,0.0,0.0,0.0,0.0,127,Alkoholfreies Bier,Getränke,,MwSt. 19%,1.19,6.554622,1.245378,Normalverkauf
S1000183.84296,SP1000183.34.84296,SY1000183.2026.84296,iPad1(1000183),183,12.06.26 19:14,Prod,A1000183.7121,Tisch 5,120,S1000183.84296,SALE,1,3.9,3.9,0.0,0.0,0.0,0.0,119,Cola,Getränke,,MwSt. 19%,1.19,3.277311,0.622689,Normalverkauf
S1000183.84297,SP1000183.34.84297,SY1000183.2026.84297,iPad1(1000183),183,12.06.26 19:48,Prod,A1000183.7122,,120,S1000183.84297,SALE,1,6.5,6.5,0.0,0.0,0.0,0.0,118,Schokokuchen,Desserts,,MwSt. 7%,1.07,6.074766,0.425234,Normalverkauf
S1000183.84298,SP1000183.34.84298,SY1000183.2026.84298,iPad1(1000183),183,12.06.26 19:34,Prod,A1000183.7123,Tisch 15,117,S1000183.84298,SALE,1,4.2,4.2,0.0,0.0,0.0,0.0,122,Bier,Getränke,,MwSt. 19%,1.19,3.529412,0.670588,Normalverkauf
S1000183.84299,SP1000183.34.84299,SY1000183.2026.84299,iPad1(1000183),183,12.06.26 19:34,Prod,A1000183.7123,Tisch 15,117,S1000183.84299,SALE,2,5.9,11.8,0.0,0.0,0.0,0.0,116,Vanillequark,Desserts,,MwSt. 7%,1.07,11.028037,0.771963,Normalverkauf
S1000183.84300,SP1000183.34.84300,SY1000183.2026.84300,iPad1(1000183),183,12.06.26 18:43,Prod,A1000183.7124,Tisch 24,120,S1000183.84300,SALE,1,7.9,7.9,0.0,0.0,0.0,0.0,106,Neptun-Ringe,Beilagen,,MwSt. 7%,1.07,7.383178,0.516822,Normalverkauf
S1000183.84301,SP1000183.34.84301,SY1000183.2026.84301,iPad1(1000183),183,12.06.26 18:43,Prod,A1000183.7124,Tisch 24,120,S1000183.84301,SALE,2,4.2,8.4,0.0,0.0,0.0,0.0,122,Bier,Getränke,,MwSt. 19%,1.19,7.058824,1.341176,Normalverkauf
S1000183.84302,SP1000183.34.84302,SY1000183.2026.84302,iPad1(1000183),183,12.06.26 12:32,Prod,A1000183.7125,Tisch 7,115,S1000183.84302,SALE,2,5.5,11.0,0.0,0.0,0.0,0.0,111,Pommes Frites,Beilagen,,MwSt. 7%,1.07,10.280374,0.719626,Normalverkauf
S1000183.84303,SP1000183.34.84303,SY1000183.2026.84303,iPad1(1000183),183,12.06.26 12:32,Prod,A1000183.7125,Tisch 7,115,S1000183.84303,SALE,1,2.8,2.8,0.0,0.0,0.0,0.0,121,Mineralwasser,Getränke,,MwSt. 19%,1.19,2.352941,0.447059,Normalverkauf
S1000183.84304,SP1000183.34.84304,SY1000183.2026.84304,iPad1(1000183),183,12.06.26 12:32,Prod,A1000183.7125,Tisch 7,115,S1000183.84304,SALE,1,6.5,6.5,0.0,0.0,0.0,0.0,100,Fischbrötchen Backfisch,Hauptspeisen,,MwSt. 7%,1.07,6.074766,0.425234,Normalverkauf
S1000183.84305,SP1000183.34.84305,SY1000183.2026.84305,iPad1(1000183),183,12.06.26 08:57,Prod,A1000183.7126,Tisch 18,111,S1000183.84305,SALE,1,11.5,11.5,0.0,0.0,0.0,0.0,105,Garnelen-Kimchi-Bruger,Hauptgerichte,,MwSt. 7%,1.07,10.747664,0.752336,Normalverkauf
S1000183.84306,SP1000183.34.84306,SY1000183.2026.84306,iPad1(1000183),183,12.06.26 19:01,Prod,A1000183.7127,Tisch 20,104,S1000183.84306,VOID,1,3.2,3.2,0.0,0.0,0.0,0.0,120,Apfelschorle,Getränke,,MwSt. 19%,1.19,2.689076,0.510924,Normalverkauf
S1000183.84307,SP1000183.34.84307,SY1000183.2026.84307,iPad1(1000183),183,12.06.26 19:01,Prod,A1000183.7127,Tisch 20,104,S1000183.84307,VOID,2,6.5,13.0,0.0,0.0,0.0,0.0,118,Schokokuchen,Desserts,,MwSt. 7%,1.07,12.149533,0.850467,Normalverkauf
S1000183.84308,SP1000183.34.84308,SY1000183.2026.84308,iPad1(1000183),183,12.06.26 19:01,Prod,A1000183.7127,Tisch 20,104,S1000183.84308,VOID,1,5.9,5.9,0.0,0.0,0.0,0.0,125,Zitronen-Limonade,Getränke,,MwSt. 19%,1.19,4.957983,0.942017,Normalverkauf
S1000183.84309,SP1000183.34.84309,SY1000183.2026.84309,iPad1(1000183),183,12.06.26 17:16,Prod,A1000183.7128,,117,S1000183.84309,SALE,2,7.9,15.8,0.0,0.0,0.0,0.0,106,Neptun-Ringe,Beilagen,,MwSt. 7%,1.07,14.766355,1.033645,Normalverkauf
S1000183.84310,SP1000183.34.84310,SY1000183.2026.84310,iPad1(1000183),183,12.06.26 17:16,Prod,A1000183.7128,,117,S1000183.84310,SALE,1,4.9,4.9,0.0,0.0,0.0,0.0,112,Kartoffelwedges,Beilagen,,MwSt. 7%,1.07,4.579439,0.320561,Normalverkauf
S1000183.84311,SP1000183.34.84311,SY1000183.2026.84311,iPad1(1000183),183,12.06.26 17:16,Prod,A1000183.7128,,117,S1000183.84311,SALE,1,11.5,11.5,0.0,0.0,0.0,0.0,105,Garnelen-Kimchi-Bruger,Hauptgerichte,,MwSt. 7%,1.07,10.747664,0.752336,Normalverkauf
S1000183.84312,SP1000183.34.84312,SY1000183.2026.84312,iPad1(1000183),183,12.06.26 12:22,Prod,A1000183.7129,Tisch 17,115,S1000183.84312,SALE,2,3.9,7.8,0.0,0.0,0.0,0.0,119,Cola,Getränke,,MwSt. 19%,1.19,6.554622,1.245378,Normalverkauf
S1000183.84313,SP1000183.34.84313,SY1000183.2026.84313,iPad1(1000183),183,12.06.26 17:45,Prod,A1000183.7130,Tisch 3,117,S1000183.84313,SALE,1,5.5,5.5,0.0,0.0,0.0,0.0,111,Pommes Frites,Beilagen,,MwSt. 7%,1.07,5.140187,0.359813,Normalverkauf
S1000183.84314,SP1000183.34.84314,SY1000183.2026.84314,iPad1(1000183),183,12.06.26 17:45,Prod,A1000183.7130,Tisch 3,117,S1000183.84314,SALE,2,6.9,13.8,0.0,0.0,0.0,0.0,103,Fischbrötchen Räucherlachs,Hauptspeisen,,MwSt. 7%,1.07,12.897196,0.902804,Normalverkauf
S1000183.84315,SP1000183.34.84315,SY1000183.2026.84315,iPad1(1000183),183,12.06.26 19:46,Prod,A1000183.7131,Tisch 2,111,S1000183.84315,SALE,1,6.9,6.9,0.0,0.0,0.0,0.0,103,Fischbrötchen Räucherlachs,Hauptspeisen,,MwSt. 7%,1.07,6.448598,0.451402,Normalverkauf
S1000183.84316,SP1000183.34.84316,SY1000183.2026.84316,iPad1(1000183),183,12.06.26 20:55,Prod,A1000183.7132,Tisch 21,106,S1000183.84316,SALE,1,3.9,3.9,0.0,0.0,0.0,0.0,124,Cola Zero,Getränke,,MwSt. 19%,1.19,3.277311,0.622689,Normalverkauf
S1000183.84317,SP1000183.34.84317,SY1000183.2026.84317,iPad1(1000183),183,12.06.26 20:55,Prod,A1000183.7132,Tisch 21,106,S1000183.84317,SALE,1,4.2,4.2,0.0,0.0,0.0,0.0,122,Bier,Getränke,,MwSt. 19%,1.19,3.529412,0.670588,Normalverkauf
S1000183.84318,SP1000183.34.84318,SY1000183.2026.84318,iPad1(1000183),183,12.06.26 20:55,Prod,A1000183.7132,Tisch 21,106,S1000183.84318,SALE,2,10.9,21.8,0.0,0.0,0.0,0.0,107,Chicken Burger,Hauptgerichte,,MwSt. 7%,1.07,20.373832,1.426168,Normalverkauf
S1000183.84319,SP1000183.34.84319,SY1000183.2026.84319,iPad1(1000183),183,12.06.26 17:08,Prod,A1000183.7133,Tisch 6,104,S1000183.84319,SALE,1,5.5,5.5,0.0,0.0,0.0,0.0,111,Pommes Frites,Beilagen,,MwSt. 7%,1.07,5.140187,0.359813,Normalverkauf
S1000183.84320,SP1000183.34.84320,SY1000183.2026.84320,iPad1(1000183),183,12.06.26 11:32,Prod,A1000183.7134,Tisch 15,115,S1000183.84320,SALE,1,7.9,7.9,0.0,0.0,0.0,0.0,106,Neptun-Ringe,Beilagen,,MwSt. 7%,1.07,7.383178,0.516822,Normalverkauf
S1000183.84321,SP1000183.34.84321,SY1000183.2026.84321,iPad1(1000183),183,12.06.26 13:42,Prod,A1000183.7135,Tisch 1,106,S1000183.84321,SALE,1,5.5,5.5,0.0,0.0,0.0,0.0,111,Pommes Frites,Beilagen,,MwSt. 7%,1.07,5.140187,0.359813,Normalverkauf
S1000183.84322,SP1000183.34.84322,SY1000183.2026.84322,iPad1(1000183),183,12.06.26 13:42,Prod,A1000183.7135,Tisch 1,106,S1000183.84322,SALE,1,14.5,14.5,0.0,0.0,0.0,0.0,101,Lachs,Hauptspeisen,,MwSt. 7%,1.07,13.551402,0.948598,Normalverkauf
S1000183.84323,SP1000183.34.84323,SY1000183.2026.84323,iPad1(1000183),183,12.06.26 13:42,Prod,A1000183.7135,Tisch 1,106,S1000183.84323,SALE,1,11.5,11.5,0.0,0.0,0.0,0.0,105,Garnelen-Kimchi-Bruger,Hauptgerichte,,MwSt. 7%,1.07,10.747664,0.752336,Normalverkauf
S1000183.84324,SP1000183.34.84324,SY1000183.2026.84324,iPad1(1000183),183,12.06.26 18:22,Prod,A1000183.7136,Tisch 21,117,S1000183.84324,VOID,2,2.8,5.6,0.0,0.0,0.0,0.0,121,Mineralwasser,Getränke,,MwSt. 19%,1.19,4.705882,0.894118,Normalverkauf
S1000183.84325,SP1000183.34.84325,SY1000183.2026.84325,iPad1(1000183),183,12.06.26 18:22,Prod,A1000183.7136,Tisch 21,117,S1000183.84325,VOID,1,3.9,3.9,0.0,0.0,0.0,0.0,126,Spezi,Getränke,,MwSt. 19%,1.19,3.277311,0.622689,Normalverkauf
S1000183.84326,SP1000183.34.84326,SY1000183.2026.84326,iPad1(1000183),183,12.06.26 18:22,Prod,A1000183.7136,Tisch 21,117,S1000183.84326,VOID,2,3.9,7.8,0.0,0.0,0.0,0.0,126,Spezi,Getränke,,MwSt. 19%,1.19,6.554622,1.245378,Normalverkauf
S1000183.84327,SP1000183.34.84327,SY1000183.2026.84327,iPad1(1000183),183,12.06.26 19:04,Prod,A1000183.7137,Tisch 7,111,S1000183.84327,SALE,2,10.9,21.8,0.0,0.0,0.0,0.0,107,Chicken Burger,Hauptgerichte,,MwSt. 7%,1.07,20.373832,1.426168,Normalverkauf
S1000183.84328,SP1000183.34.84328,SY1000183.2026.84328,iPad1(1000183),183,12.06.26 17:22,Prod,A1000183.7138,Tisch 13,115,S1000183.84328,SALE,2,6.9,13.8,0.0,0.0,0.0,0.0,113,Garnelen Box,Beilagen,,MwSt. 7%,1.07,12.897196,0.902804,Normalverkauf
S1000183.84329,SP1000183.34.84329,SY1000183.2026.84329,iPad1(1000183),183,12.06.26 20:24,Prod,A1000183.7139,Tisch 4,106,S1000183.84329,SALE,2,5.5,11.0,0.0,0.0,0.0,0.0,111,Pommes Frites,Beilagen,,MwSt. 7%,1.07,10.280374,0.719626,Normalverkauf
S1000183.84330,SP1000183.34.84330,SY1000183.2026.84330,iPad1(1000183),183,12.06.26 20:24,Prod,A1000183.7139,Tisch 4,106,S1000183.84330,SALE,2,3.9,7.8,0.0,0.0,0.0,0.0,124,Cola Zero,Getränke,,MwSt. 19%,1.19,6.554622,1.245378,Normalverkauf
S1000183.84331,SP1000183.34.84331,SY1000183.2026.84331,iPad1(1000183),183,12.06.26 20:27,Prod,A1000183.7140,Tisch 3,106,S1000183.84331,SALE,2,3.9,7.8,0.0,0.0,0.0,0.0,119,Cola,Getränke,,MwSt. 19%,1.19,6.554622,1.245378,Normalverkauf
S1000183.84332,SP1000183.34.84332,SY1000183.2026.84332,iPad1(1000183),183,12.06.26 20:27,Prod,A1000183.7140,Tisch 3,106,S1000183.84332,SALE,1,4.9,4.9,0.0,0.0,0.0,0.0,112,Kartoffelwedges,Beilagen,,MwSt. 7%,1.07,4.579439,0.320561,Normalverkauf
S1000183.84333,SP1000183.34.84333,SY1000183.2026.84333,iPad1(1000183),183,12.06.26 18:00,Prod,A1000183.7141,Tisch 18,115,S1000183.84333,SALE,2,3.9,7.8,0.0,0.0,0.0,0.0,126,Spezi,Getränke,,MwSt. 19%,1.19,6.554622,1.245378,Normalverkauf
S1000183.84334,SP1000183.34.84334,SY1000183.2026.84334,iPad1(1000183),183,12.06.26 18:00,Prod,A1000183.7141,Tisch 18,115,S1000183.84334,SALE,1,14.5,14.5,0.0,0.0,0.0,0.0,101,Lachs,Hauptspeisen,,MwSt. 7%,1.07,13.551402,0.948598,Normalverkauf
S1000183.84335,SP1000183.34.84335,SY1000183.2026.84335,iPad1(1000183),183,12.06.26 18:00,Prod,A1000183.7141,Tisch 18,115,S1000183.84335,SALE,2,13.5,27.0,0.0,0.0,0.0,0.0,102,Matjes,Hauptspeisen,,MwSt. 7%,1.07,25.233645,1.766355,Normalverkauf
S1000183.84336,SP1000183.34.84336,SY1000183.2026.84336,iPad1(1000183),183,12.06.26 12:53,Prod,A1000183.7142,Tisch 18,104,S1000183.84336,SALE,1,2.8,2.8,0.0,0.0,0.0,0.0,121,Mineralwasser,Getränke,,MwSt. 19%,1.19,2.352941,0.447059,Normalverkauf
S1000183.84337,SP1000183.34.84337,SY1000183.2026.84337,iPad1(1000183),183,12.06.26 12:53,Prod,A1000183.7142,Tisch 18,104,S1000183.84337,SALE,2,4.2,8.4,0.0,0.0,0.0,0.0,122,Bier,Getränke,,MwSt. 19%,1.19,7.058824,1.341176,Normalverkauf
S1000183.84338,SP1000183.34.84338,SY1000183.2026.84338,iPad1(1000183),183,12.06.26 12:53,Prod,A1000183.7142,Tisch 18,104,S1000183.84338,SALE,2,4.2,8.4,0.0,0.0,0.0,0.0,122,Bier,Getränke,,MwSt. 19%,1.19,7.058824,1.341176,Normalverkauf
S1000183.84339,SP1000183.34.84339,SY1000183.2026.84339,iPad1(1000183),183,12.06.26 17:13,Prod,A1000183.7143,Tisch 8,115,S1000183.84339,SALE,1,10.9,10.9,0.0,0.0,0.0,0.0,107,Chicken Burger,Hauptgerichte,,MwSt. 7%,1.07,10.186916,0.713084,Normalverkauf
S1000183.84340,SP1000183.34.84340,SY1000183.2026.84340,iPad1(1000183),183,12.06.26 17:13,Prod,A1000183.7143,Tisch 8,115,S1000183.84340,SALE,1,6.5,6.5,0.0,0.0,0.0,0.0,100,Fischbrötchen Backfisch,Hauptspeisen,,MwSt. 7%,1.07,6.074766,0.425234,Normalverkauf
S1000183.84341,SP1000183.34.84341,SY1000183.2026.84341,iPad1(1000183),183,12.06.26 17:13,Prod,A1000183.7143,Tisch 8,115,S1000183.84341,SALE,2,4.2,8.4,0.0,0.0,0.0,0.0,122,Bier,Getränke,,MwSt. 19%,1.19,7.058824,1.341176,Normalverkauf
S1000183.84342,SP1000183.34.84342,SY1000183.2026.84342,iPad1(1000183),183,12.06.26 19:04,Prod,A1000183.7144,Tisch 24,115,S1000183.84342,SALE,2,6.9,13.8,0.0,0.0,0.0,0.0,103,Fischbrötchen Räucherlachs,Hauptspeisen,,MwSt. 7%,1.07,12.897196,0.902804,Normalverkauf
S1000183.84343,SP1000183.34.84343,SY1000183.2026.84343,iPad1(1000183),183,12.06.26 19:04,Prod,A1000183.7144,Tisch 24,115,S1000183.84343,SALE,1,10.9,10.9,0.0,0.0,0.0,0.0,109,Bismarck-Baguette,Hauptgerichte,,MwSt. 7%,1.07,10.186916,0.713084,Normalverkauf
S1000183.84344,SP1000183.34.84344,SY1000183.2026.84344,iPad1(1000183),183,12.06.26 19:04,Prod,A1000183.7144,Tisch 24,115,S1000183.84344,SALE,1,3.9,3.9,0.0,0.0,0.0,0.0,119,Cola,Getränke,,MwSt. 19%,1.19,3.277311,0.622689,Normalverkauf
S1000183.84345,SP1000183.34.84345,SY1000183.2026.84345,iPad1(1000183),183,12.06.26 18:45,Prod,A1000183.7145,Tisch 15,111,S1000183.84345,VOID,1,5.5,5.5,0.0,0.0,0.0,0.0,111,Pommes Frites,Beilagen,,MwSt. 7%,1.07,5.140187,0.359813,Normalverkauf
S1000183.84346,SP1000183.34.84346,SY1000183.2026.84346,iPad1(1000183),183,12.06.26 18:14,Prod,A1000183.7146,Tisch 12,104,S1000183.84346,SALE,1,14.5,14.5,0.0,0.0,0.0,0.0,101,Lachs,Hauptspeisen,,MwSt. 7%,1.07,13.551402,0.948598,Normalverkauf
S1000183.84347,SP1000183.34.84347,SY1000183.2026.84347,iPad1(1000183),183,12.06.26 18:14,Prod,A1000183.7146,Tisch 12,104,S1000183.84347,SALE,1,3.9,3.9,0.0,0.0,0.0,0.0,126,Spezi,Getränke,,MwSt. 19%,1.19,3.277311,0.622689,Normalverkauf
S1000183.84348,SP1000183.34.84348,SY1000183.2026.84348,iPad1(1000183),183,12.06.26 18:00,Prod,A1000183.7147,,115,S1000183.84348,SALE,1,6.5,6.5,0.0,0.0,0.0,0.0,100,Fischbrötchen Backfisch,Hauptspeisen,,MwSt. 7%,1.07,6.074766,0.425234,Normalverkauf
S1000183.84349,SP1000183.34.84349,SY1000183.2026.84349,iPad1(1000183),183,12.06.26 10:20,Prod,A1000183.7148,Tisch 3,104,S1000183.84349,SALE,2,7.9,15.8,0.0,0.0,0.0,0.0,106,Neptun-Ringe,Beilagen,,MwSt. 7%,1.07,14.766355,1.033645,Normalverkauf
S1000183.84350,SP1000183.34.84350,SY1000183.2026.84350,iPad1(1000183),183,12.06.26 10:20,Prod,A1000183.7148,Tisch 3,104,S1000183.84350,SALE,1,5.9,5.9,0.0,0.0,0.0,0.0,125,Zitronen-Limonade,Getränke,,MwSt. 19%,1.19,4.957983,0.942017,Normalverkauf
S1000183.84351,SP1000183.34.84351,SY1000183.2026.84351,iPad1(1000183),183,12.06.26 10:20,Prod,A1000183.7148,Tisch 3,104,S1000183.84351,SALE,2,3.9,7.8,0.0,0.0,0.0,0.0,127,Alkoholfreies Bier,Getränke,,MwSt. 19%,1.19,6.554622,1.245378,Normalverkauf
S1000183.84352,SP1000183.34.84352,SY1000183.2026.84352,iPad1(1000183),183,12.06.26 14:22,Prod,A1000183.7149,Tisch 11,117,S1000183.84352,SALE,2,2.8,5.6,0.0,0.0,0.0,0.0,121,Mineralwasser,Getränke,,MwSt. 19%,1.19,4.705882,0.894118,Normalverkauf
S1000183.84353,SP1000183.34.84353,SY1000183.2026.84353,iPad1(1000183),183,12.06.26 14:22,Prod,A1000183.7149,Tisch 11,117,S1000183.84353,SALE,1,3.9,3.9,0.0,0.0,0.0,0.0,119,Cola,Getränke,,MwSt. 19%,1.19,3.277311,0.622689,Normalverkauf
S1000183.84354,SP1000183.34.84354,SY1000183.2026.84354,iPad1(1000183),183,12.06.26 14:22,Prod,A1000183.7149,Tisch 11,117,S1000183.84354,SALE,2,3.9,7.8,0.0,0.0,0.0,0.0,126,Spezi,Getränke,,MwSt. 19%,1.19,6.554622,1.245378,Normalverkauf
S1000183.84355,SP1000183.34.84355,SY1000183.2026.84355,iPad1(1000183),183,12.06.26 18:38,Prod,A1000183.7150,Tisch 1,111,S1000183.84355,SALE,2,3.9,7.8,0.0,0.0,0.0,0.0,124,Cola Zero,Getränke,,MwSt. 19%,1.19,6.554622,1.245378,Normalverkauf
S1000183.84356,SP1000183.34.84356,SY1000183.2026.84356,iPad1(1000183),183,12.06.26 20:25,Prod,A1000183.7151,Tisch 8,115,S1000183.84356,SALE,1,14.5,14.5,0.0,0.0,0.0,0.0,101,Lachs,Hauptspeisen,,MwSt. 7%,1.07,13.551402,0.948598,Normalverkauf
S1000183.84357,SP1000183.34.84357,SY1000183.2026.84357,iPad1(1000183),183,12.06.26 20:25,Prod,A1000183.7151,Tisch 8,115,S1000183.84357,SALE,1,4.9,4.9,0.0,0.0,0.0,0.0,112,Kartoffelwedges,Beilagen,,MwSt. 7%,1.07,4.579439,0.320561,Normalverkauf
S1000183.84358,SP1000183.34.84358,SY1000183.2026.84358,iPad1(1000183),183,12.06.26 20:25,Prod,A1000183.7151,Tisch 8,115,S1000183.84358,SALE,1,5.5,5.5,0.0,0.0,0.0,0.0,111,Pommes Frites,Beilagen,,MwSt. 7%,1.07,5.140187,0.359813,Normalverkauf
S1000183.84359,SP1000183.34.84359,SY1000183.2026.84359,iPad1(1000183),183,12.06.26 13:38,Prod,A1000183.7152,Tisch 14,104,S1000183.84359,VOID,1,5.9,5.9,0.0,0.0,0.0,0.0,125,Zitronen-Limonade,Getränke,,MwSt. 19%,1.19,4.957983,0.942017,Normalverkauf
S1000183.84360,SP1000183.34.84360,SY1000183.2026.84360,iPad1(1000183),183,12.06.26 13:38,Prod,A1000183.7152,Tisch 14,104,S1000183.84360,VOID,1,3.9,3.9,0.0,0.0,0.0,0.0,119,Cola,Getränke,,MwSt. 19%,1.19,3.277311,0.622689,Normalverkauf
S1000183.84361,SP1000183.34.84361,SY1000183.2026.84361,iPad1(1000183),183,12.06.26 13:38,Prod,A1000183.7152,Tisch 14,104,S1000183.84361,VOID,1,5.9,5.9,0.0,0.0,0.0,0.0,125,Zitronen-Limonade,Getränke,,MwSt. 19%,1.19,4.957983,0.942017,Normalverkauf
S1000183.84362,SP1000183.34.84362,SY1000183.2026.84362,iPad1(1000183),183,12.06.26 13:41,Prod,A1000183.7153,Tisch 24,106,S1000183.84362,VOID,1,11.5,11.5,0.0,0.0,0.0,0.0,105,Garnelen-Kimchi-Bruger,Hauptgerichte,,MwSt. 7%,1.07,10.747664,0.752336,Normalverkauf
S1000183.84363,SP1000183.34.84363,SY1000183.2026.84363,iPad1(1000183),183,12.06.26 13:41,Prod,A1000183.7153,Tisch 24,106,S1000183.84363,VOID,2,3.2,6.4,0.0,0.0,0.0,0.0,120,Apfelschorle,Getränke,,MwSt. 19%,1.19,5.378151,1.021849,Normalverkauf
S1000183.84364,SP1000183.34.84364,SY1000183.2026.84364,iPad1(1000183),183,12.06.26 13:41,Prod,A1000183.7153,Tisch 24,106,S1000183.84364,VOID,2,6.5,13.0,0.0,0.0,0.0,0.0,118,Schokokuchen,Desserts,,MwSt. 7%,1.07,12.149533,0.850467,Normalverkauf
S1000183.84365,SP1000183.34.84365,SY1000183.2026.84365,iPad1(1000183),183,12.06.26 12:27,Prod,A1000183.7154,Tisch 7,106,S1000183.84365,SALE,2,3.9,7.8,0.0,0.0,0.0,0.0,126,Spezi,Getränke,,MwSt. 19%,1.19,6.554622,1.245378,Normalverkauf
S1000183.84366,SP1000183.34.84366,SY1000183.2026.84366,iPad1(1000183),183,12.06.26 12:27,Prod,A1000183.7154,Tisch 7,106,S1000183.84366,SALE,1,3.9,3.9,0.0,0.0,0.0,0.0,119,Cola,Getränke,,MwSt. 19%,1.19,3.277311,0.622689,Normalverkauf
S1000183.84367,SP1000183.34.84367,SY1000183.2026.84367,iPad1(1000183),183,12.06.26 12:27,Prod,A1000183.7154,Tisch 7,106,S1000183.84367,SALE,2,4.2,8.4,0.0,0.0,0.0,0.0,122,Bier,Getränke,,MwSt. 19%,1.19,7.058824,1.341176,Normalverkauf
S1000183.84368,SP1000183.34.84368,SY1000183.2026.84368,iPad1(1000183),183,12.06.26 11:37,Prod,A1000183.7155,Tisch 14,117,S1000183.84368,SALE,2,3.9,7.8,0.0,0.0,0.0,0.0,119,Cola,Getränke,,MwSt. 19%,1.19,6.554622,1.245378,Normalverkauf
S1000183.84369,SP1000183.34.84369,SY1000183.2026.84369,iPad1(1000183),183,12.06.26 11:37,Prod,A1000183.7155,Tisch 14,117,S1000183.84369,SALE,1,5.5,5.5,0.0,0.0,0.0,0.0,111,Pommes Frites,Beilagen,,MwSt. 7%,1.07,5.140187,0.359813,Normalverkauf
S1000183.84370,SP1000183.34.84370,SY1000183.2026.84370,iPad1(1000183),183,12.06.26 20:32,Prod,A1000183.7156,Tisch 8,104,S1000183.84370,SALE,2,10.9,21.8,0.0,0.0,0.0,0.0,104,Thunfisch Wrap,Hauptgerichte,,MwSt. 7%,1.07,20.373832,1.426168,Normalverkauf
S1000183.84371,SP1000183.34.84371,SY1000183.2026.84371,iPad1(1000183),183,12.06.26 16:23,Prod,A1000183.7157,Tisch 23,117,S1000183.84371,SALE,2,2.8,5.6,0.0,0.0,0.0,0.0,121,Mineralwasser,Getränke,,MwSt. 19%,1.19,4.705882,0.894118,Normalverkauf
S1000183.84372,SP1000183.34.84372,SY1000183.2026.84372,iPad1(1000183),183,12.06.26 10:27,Prod,A1000183.7158,Tisch 16,106,S1000183.84372,SALE,1,10.9,10.9,0.0,0.0,0.0,0.0,109,Bismarck-Baguette,Hauptgerichte,,MwSt. 7%,1.07,10.186916,0.713084,Normalverkauf
S1000183.84373,SP1000183.34.84373,SY1000183.2026.84373,iPad1(1000183),183,12.06.26 17:03,Prod,A1000183.7159,Tisch 2,117,S1000183.84373,SALE,2,3.9,7.8,0.0,0.0,0.0,0.0,127,Alkoholfreies Bier,Getränke,,MwSt. 19%,1.19,6.554622,1.245378,Normalverkauf
S1000183.84374,SP1000183.34.84374,SY1000183.2026.84374,iPad1(1000183),183,12.06.26 20:24,Prod,A1000183.7160,Tisch 9,115,S1000183.84374,VOID,1,5.9,5.9,0.0,0.0,0.0,0.0,125,Zitronen-Limonade,Getränke,,MwSt. 19%,1.19,4.957983,0.942017,Normalverkauf
S1000183.84375,SP1000183.34.84375,SY1000183.2026.84375,iPad1(1000183),183,12.06.26 11:29,Prod,A1000183.7161,Tisch 18,111,S1000183.84375,SALE,1,5.5,5.5,0.0,0.0,0.0,0.0,111,Pommes Frites,Beilagen,,MwSt. 7%,1.07,5.140187,0.359813,Normalverkauf
S1000183.84376,SP1000183.34.84376,SY1000183.2026.84376,iPad1(1000183),183,12.06.26 09:44,Prod,A1000183.7162,Tisch 3,111,S1000183.84376,SALE,2,6.9,13.8,0.0,0.0,0.0,0.0,103,Fischbrötchen Räucherlachs,Hauptspeisen,,MwSt. 7%,1.07,12.897196,0.902804,Normalverkauf
S1000183.84377,SP1000183.34.84377,SY1000183.2026.84377,iPad1(1000183),183,12.06.26 09:44,Prod,A1000183.7162,Tisch 3,111,S1000183.84377,SALE,1,2.8,2.8,0.0,0.0,0.0,0.0,121,Mineralwasser,Getränke,,MwSt. 19%,1.19,2.352941,0.447059,Normalverkauf
S1000183.84378,SP1000183.34.84378,SY1000183.2026.84378,iPad1(1000183),183,12.06.26 17:33,Prod,A1000183.7163,Tisch 4,106,S1000183.84378,SALE,1,11.5,11.5,0.0,0.0,0.0,0.0,105,Garnelen-Kimchi-Bruger,Hauptgerichte,,MwSt. 7%,1.07,10.747664,0.752336,Normalverkauf
S1000183.84379,SP1000183.34.84379,SY1000183.2026.84379,iPad1(1000183),183,12.06.26 16:46,Prod,A1000183.7164,Tisch 9,115,S1000183.84379,SALE,1,11.5,11.5,0.0,0.0,0.0,0.0,105,Garnelen-Kimchi-Bruger,Hauptgerichte,,MwSt. 7%,1.07,10.747664,0.752336,Normalverkauf
S1000183.84380,SP1000183.34.84380,SY1000183.2026.84380,iPad1(1000183),183,12.06.26 17:04,Prod,A1000183.7165,Tisch 5,115,S1000183.84380,SALE,1,6.9,6.9,0.0,0.0,0.0,0.0,103,Fischbrötchen Räucherlachs,Hauptspeisen,,MwSt. 7%,1.07,6.448598,0.451402,Normalverkauf
S1000183.84381,SP1000183.34.84381,SY1000183.2026.84381,iPad1(1000183),183,12.06.26 17:04,Prod,A1000183.7165,Tisch 5,115,S1000183.84381,SALE,1,2.8,2.8,0.0,0.0,0.0,0.0,121,Mineralwasser,Getränke,,MwSt. 19%,1.19,2.352941,0.447059,Normalverkauf
S1000183.84382,SP1000183.34.84382,SY1000183.2026.84382,iPad1(1000183),183,12.06.26 11:50,Prod,A1000183.7166,Tisch 11,120,S1000183.84382,SALE,2,6.5,13.0,0.0,0.0,0.0,0.0,100,Fischbrötchen Backfisch,Hauptspeisen,,MwSt. 7%,1.07,12.149533,0.850467,Normalverkauf
S1000183.84383,SP1000183.34.84383,SY1000183.2026.84383,iPad1(1000183),183,12.06.26 18:43,Prod,A1000183.7167,Tisch 6,115,S1000183.84383,SALE,2,9.8,19.6,0.0,0.0,0.0,0.0,108,Seelachs-Ei-Baugette,Hauptgerichte,,MwSt. 7%,1.07,18.317757,1.282243,Normalverkauf
S1000183.84384,SP1000183.34.84384,SY1000183.2026.84384,iPad1(1000183),183,12.06.26 18:43,Prod,A1000183.7167,Tisch 6,115,S1000183.84384,SALE,2,9.8,19.6,0.0,0.0,0.0,0.0,108,Seelachs-Ei-Baugette,Hauptgerichte,,MwSt. 7%,1.07,18.317757,1.282243,Normalverkauf
S1000183.84385,SP1000183.34.84385,SY1000183.2026.84385,iPad1(1000183),183,12.06.26 18:43,Prod,A1000183.7167,Tisch 6,115,S1000183.84385,SALE,2,5.5,11.0,0.0,0.0,0.0,0.0,111,Pommes Frites,Beilagen,,MwSt. 7%,1.07,10.280374,0.719626,Normalverkauf
S1000183.84386,SP1000183.34.84386,SY1000183.2026.84386,iPad1(1000183),183,12.06.26 16:47,Prod,A1000183.7168,Tisch 11,115,S1000183.84386,SALE,1,4.2,4.2,0.0,0.0,0.0,0.0,122,Bier,Getränke,,MwSt. 19%,1.19,3.529412,0.670588,Normalverkauf
S1000183.84387,SP1000183.34.84387,SY1000183.2026.84387,iPad1(1000183),183,12.06.26 11:36,Prod,A1000183.7169,Tisch 23,115,S1000183.84387,SALE,1,3.2,3.2,0.0,0.0,0.0,0.0,120,Apfelschorle,Getränke,,MwSt. 19%,1.19,2.689076,0.510924,Normalverkauf
S1000183.84388,SP1000183.34.84388,SY1000183.2026.84388,iPad1(1000183),183,12.06.26 11:36,Prod,A1000183.7169,Tisch 23,115,S1000183.84388,SALE,2,6.9,13.8,0.0,0.0,0.0,0.0,103,Fischbrötchen Räucherlachs,Hauptspeisen,,MwSt. 7%,1.07,12.897196,0.902804,Normalverkauf
S1000183.84389,SP1000183.34.84389,SY1000183.2026.84389,iPad1(1000183),183,12.06.26 17:32,Prod,A1000183.7170,Tisch 14,106,S1000183.84389,SALE,1,2.8,2.8,0.0,0.0,0.0,0.0,121,Mineralwasser,Getränke,,MwSt. 19%,1.19,2.352941,0.447059,Normalverkauf
S1000183.84390,SP1000183.34.84390,SY1000183.2026.84390,iPad1(1000183),183,12.06.26 17:32,Prod,A1000183.7170,Tisch 14,106,S1000183.84390,SALE,2,3.9,7.8,0.0,0.0,0.0,0.0,127,Alkoholfreies Bier,Getränke,,MwSt. 19%,1.19,6.554622,1.245378,Normalverkauf
S1000183.84391,SP1000183.34.84391,SY1000183.2026.84391,iPad1(1000183),183,12.06.26 17:32,Prod,A1000183.7170,Tisch 14,106,S1000183.84391,SALE,2,6.9,13.8,0.0,0.0,0.0,0.0,113,Garnelen Box,Beilagen,,MwSt. 7%,1.07,12.897196,0.902804,Normalverkauf
S1000183.84392,SP1000183.34.84392,SY1000183.2026.84392,iPad1(1000183),183,12.06.26 16:31,Prod,A1000183.7171,Tisch 23,104,S1000183.84392,SALE,1,3.9,3.9,0.0,0.0,0.0,0.0,124,Cola Zero,Getränke,,MwSt. 19%,1.19,3.277311,0.622689,Normalverkauf
S1000183.84393,SP1000183.34.84393,SY1000183.2026.84393,iPad1(1000183),183,12.06.26 16:31,Prod,A1000183.7171,Tisch 23,104,S1000183.84393,SALE,2,4.2,8.4,0.0,0.0,0.0,0.0,122,Bier,Getränke,,MwSt. 19%,1.19,7.058824,1.341176,Normalverkauf
S1000183.84394,SP1000183.34.84394,SY1000183.2026.84394,iPad1(1000183),183,12.06.26 16:31,Prod,A1000183.7171,Tisch 23,104,S1000183.84394,SALE,2,3.9,7.8,0.0,0.0,0.0,0.0,119,Cola,Getränke,,MwSt. 19%,1.19,6.554622,1.245378,Normalverkauf
S1000183.84395,SP1000183.34.84395,SY1000183.2026.84395,iPad1(1000183),183,12.06.26 12:49,Prod,A1000183.7172,Tisch 24,120,S1000183.84395,SALE,2,11.5,23.0,0.0,0.0,0.0,0.0,105,Garnelen-Kimchi-Bruger,Hauptgerichte,,MwSt. 7%,1.07,21.495327,1.504673,Normalverkauf
S1000183.84396,SP1000183.34.84396,SY1000183.2026.84396,iPad1(1000183),183,12.06.26 12:49,Prod,A1000183.7172,Tisch 24,120,S1000183.84396,SALE,2,13.5,27.0,0.0,0.0,0.0,0.0,102,Matjes,Hauptspeisen,,MwSt. 7%,1.07,25.233645,1.766355,Normalverkauf
S1000183.84397,SP1000183.34.84397,SY1000183.2026.84397,iPad1(1000183),183,12.06.26 19:29,Prod,A1000183.7173,Tisch 5,106,S1000183.84397,SALE,1,3.9,3.9,0.0,0.0,0.0,0.0,126,Spezi,Getränke,,MwSt. 19%,1.19,3.277311,0.622689,Normalverkauf
S1000183.84398,SP1000183.34.84398,SY1000183.2026.84398,iPad1(1000183),183,12.06.26 19:29,Prod,A1000183.7173,Tisch 5,106,S1000183.84398,SALE,2,10.9,21.8,0.0,0.0,0.0,0.0,109,Bismarck-Baguette,Hauptgerichte,,MwSt. 7%,1.07,20.373832,1.426168,Normalverkauf
S1000183.84399,SP1000183.34.84399,SY1000183.2026.84399,iPad1(1000183),183,12.06.26 19:29,Prod,A1000183.7173,Tisch 5,106,S1000183.84399,SALE,1,11.5,11.5,0.0,0.0,0.0,0.0,105,Garnelen-Kimchi-Bruger,Hauptgerichte,,MwSt. 7%,1.07,10.747664,0.752336,Normalverkauf
S1000183.84400,SP1000183.34.84400,SY1000183.2026.84400,iPad1(1000183),183,12.06.26 18:26,Prod,A1000183.7174,Tisch 19,120,S1000183.84400,SALE,2,5.9,11.8,0.0,0.0,0.0,0.0,116,Vanillequark,Desserts,,MwSt. 7%,1.07,11.028037,0.771963,Normalverkauf
S1000183.84401,SP1000183.34.84401,SY1000183.2026.84401,iPad1(1000183),183,12.06.26 18:26,Prod,A1000183.7174,Tisch 19,120,S1000183.84401,SALE,2,2.8,5.6,0.0,0.0,0.0,0.0,121,Mineralwasser,Getränke,,MwSt. 19%,1.19,4.705882,0.894118,Normalverkauf
S1000183.84402,SP1000183.34.84402,SY1000183.2026.84402,iPad1(1000183),183,12.06.26 17:37,Prod,A1000183.7175,Tisch 9,111,S1000183.84402,SALE,2,3.9,7.8,0.0,0.0,0.0,0.0,119,Cola,Getränke,,MwSt. 19%,1.19,6.554622,1.245378,Normalverkauf
S1000183.84403,SP1000183.34.84403,SY1000183.2026.84403,iPad1(1000183),183,12.06.26 17:37,Prod,A1000183.7175,Tisch 9,111,S1000183.84403,SALE,1,7.9,7.9,0.0,0.0,0.0,0.0,106,Neptun-Ringe,Beilagen,,MwSt. 7%,1.07,7.383178,0.516822,Normalverkauf
S1000183.84404,SP1000183.34.84404,SY1000183.2026.84404,iPad1(1000183),183,12.06.26 17:37,Prod,A1000183.7175,Tisch 9,111,S1000183.84404,SALE,2,13.5,27.0,0.0,0.0,0.0,0.0,102,Matjes,Hauptspeisen,,MwSt. 7%,1.07,25.233645,1.766355,Normalverkauf
S1000183.84405,SP1000183.34.84405,SY1000183.2026.84405,iPad1(1000183),183,13.06.26 19:53,Prod,A1000183.7176,Tisch 8,115,S1000183.84405,SALE,2,5.9,11.8,0.0,0.0,0.0,0.0,125,Zitronen-Limonade,Getränke,,MwSt. 19%,1.19,9.915966,1.884034,Normalverkauf
S1000183.84406,SP1000183.34.84406,SY1000183.2026.84406,iPad1(1000183),183,13.06.26 19:53,Prod,A1000183.7176,Tisch 8,115,S1000183.84406,SALE,2,5.5,11.0,0.0,0.0,0.0,0.0,111,Pommes Frites,Beilagen,,MwSt. 7%,1.07,10.280374,0.719626,Normalverkauf
S1000183.84407,SP1000183.34.84407,SY1000183.2026.84407,iPad1(1000183),183,13.06.26 12:09,Prod,A1000183.7177,Tisch 15,115,S1000183.84407,SALE,2,4.2,8.4,0.0,0.0,0.0,0.0,122,Bier,Getränke,,MwSt. 19%,1.19,7.058824,1.341176,Normalverkauf
S1000183.84408,SP1000183.34.84408,SY1000183.2026.84408,iPad1(1000183),183,13.06.26 12:09,Prod,A1000183.7177,Tisch 15,115,S1000183.84408,SALE,1,2.8,2.8,0.0,0.0,0.0,0.0,121,Mineralwasser,Getränke,,MwSt. 19%,1.19,2.352941,0.447059,Normalverkauf
S1000183.84409,SP1000183.34.84409,SY1000183.2026.84409,iPad1(1000183),183,13.06.26 12:09,Prod,A1000183.7177,Tisch 15,115,S1000183.84409,SALE,2,3.2,6.4,0.0,0.0,0.0,0.0,120,Apfelschorle,Getränke,,MwSt. 19%,1.19,5.378151,1.021849,Normalverkauf
S1000183.84410,SP1000183.34.84410,SY1000183.2026.84410,iPad1(1000183),183,13.06.26 15:44,Prod,A1000183.7178,Tisch 23,117,S1000183.84410,SALE,2,10.9,21.8,0.0,0.0,0.0,0.0,109,Bismarck-Baguette,Hauptgerichte,,MwSt. 7%,1.07,20.373832,1.426168,Normalverkauf
S1000183.84411,SP1000183.34.84411,SY1000183.2026.84411,iPad1(1000183),183,13.06.26 15:44,Prod,A1000183.7178,Tisch 23,117,S1000183.84411,SALE,2,14.5,29.0,0.0,0.0,0.0,0.0,101,Lachs,Hauptspeisen,,MwSt. 7%,1.07,27.102804,1.897196,Normalverkauf
S1000183.84412,SP1000183.34.84412,SY1000183.2026.84412,iPad1(1000183),183,13.06.26 18:00,Prod,A1000183.7179,Tisch 21,106,S1000183.84412,SALE,2,3.9,7.8,0.0,0.0,0.0,0.0,119,Cola,Getränke,,MwSt. 19%,1.19,6.554622,1.245378,Normalverkauf
S1000183.84413,SP1000183.34.84413,SY1000183.2026.84413,iPad1(1000183),183,13.06.26 18:00,Prod,A1000183.7179,Tisch 21,106,S1000183.84413,SALE,1,2.8,2.8,0.0,0.0,0.0,0.0,121,Mineralwasser,Getränke,,MwSt. 19%,1.19,2.352941,0.447059,Normalverkauf
S1000183.84414,SP1000183.34.84414,SY1000183.2026.84414,iPad1(1000183),183,13.06.26 12:24,Prod,A1000183.7180,Tisch 14,115,S1000183.84414,SALE,1,3.2,3.2,0.0,0.0,0.0,0.0,120,Apfelschorle,Getränke,,MwSt. 19%,1.19,2.689076,0.510924,Normalverkauf
S1000183.84415,SP1000183.34.84415,SY1000183.2026.84415,iPad1(1000183),183,13.06.26 12:24,Prod,A1000183.7180,Tisch 14,115,S1000183.84415,SALE,2,10.9,21.8,0.0,0.0,0.0,0.0,107,Chicken Burger,Hauptgerichte,,MwSt. 7%,1.07,20.373832,1.426168,Normalverkauf
S1000183.84416,SP1000183.34.84416,SY1000183.2026.84416,iPad1(1000183),183,13.06.26 12:24,Prod,A1000183.7180,Tisch 14,115,S1000183.84416,SALE,2,10.9,21.8,0.0,0.0,0.0,0.0,109,Bismarck-Baguette,Hauptgerichte,,MwSt. 7%,1.07,20.373832,1.426168,Normalverkauf
S1000183.84417,SP1000183.34.84417,SY1000183.2026.84417,iPad1(1000183),183,13.06.26 19:34,Prod,A1000183.7181,Tisch 7,104,S1000183.84417,SALE,1,2.8,2.8,0.0,0.0,0.0,0.0,121,Mineralwasser,Getränke,,MwSt. 19%,1.19,2.352941,0.447059,Normalverkauf
S1000183.84418,SP1000183.34.84418,SY1000183.2026.84418,iPad1(1000183),183,13.06.26 17:04,Prod,A1000183.7182,Tisch 12,120,S1000183.84418,SALE,2,2.8,5.6,0.0,0.0,0.0,0.0,121,Mineralwasser,Getränke,,MwSt. 19%,1.19,4.705882,0.894118,Normalverkauf
S1000183.84419,SP1000183.34.84419,SY1000183.2026.84419,iPad1(1000183),183,13.06.26 19:38,Prod,A1000183.7183,Tisch 20,104,S1000183.84419,SALE,1,3.2,3.2,0.0,0.0,0.0,0.0,120,Apfelschorle,Getränke,,MwSt. 19%,1.19,2.689076,0.510924,Normalverkauf
S1000183.84420,SP1000183.34.84420,SY1000183.2026.84420,iPad1(1000183),183,13.06.26 19:38,Prod,A1000183.7183,Tisch 20,104,S1000183.84420,SALE,2,2.8,5.6,0.0,0.0,0.0,0.0,121,Mineralwasser,Getränke,,MwSt. 19%,1.19,4.705882,0.894118,Normalverkauf
S1000183.84421,SP1000183.34.84421,SY1000183.2026.84421,iPad1(1000183),183,13.06.26 12:36,Prod,A1000183.7184,Tisch 11,117,S1000183.84421,SALE,1,2.8,2.8,0.0,0.0,0.0,0.0,121,Mineralwasser,Getränke,,MwSt. 19%,1.19,2.352941,0.447059,Normalverkauf
S1000183.84422,SP1000183.34.84422,SY1000183.2026.84422,iPad1(1000183),183,13.06.26 08:41,Prod,A1000183.7185,Tisch 13,115,S1000183.84422,SALE,2,3.9,7.8,0.0,0.0,0.0,0.0,126,Spezi,Getränke,,MwSt. 19%,1.19,6.554622,1.245378,Normalverkauf
S1000183.84423,SP1000183.34.84423,SY1000183.2026.84423,iPad1(1000183),183,13.06.26 20:20,Prod,A1000183.7186,Tisch 24,115,S1000183.84423,SALE,1,3.9,3.9,0.0,0.0,0.0,0.0,126,Spezi,Getränke,,MwSt. 19%,1.19,3.277311,0.622689,Normalverkauf
S1000183.84424,SP1000183.34.84424,SY1000183.2026.84424,iPad1(1000183),183,13.06.26 20:20,Prod,A1000183.7186,Tisch 24,115,S1000183.84424,SALE,1,5.5,5.5,0.0,0.0,0.0,0.0,111,Pommes Frites,Beilagen,,MwSt. 7%,1.07,5.140187,0.359813,Normalverkauf
S1000183.84425,SP1000183.34.84425,SY1000183.2026.84425,iPad1(1000183),183,13.06.26 16:50,Prod,A1000183.7187,Tisch 14,117,S1000183.84425,SALE,2,3.9,7.8,0.0,0.0,0.0,0.0,119,Cola,Getränke,,MwSt. 19%,1.19,6.554622,1.245378,Normalverkauf
S1000183.84426,SP1000183.34.84426,SY1000183.2026.84426,iPad1(1000183),183,13.06.26 12:09,Prod,A1000183.7188,,104,S1000183.84426,SALE,1,6.9,6.9,0.0,0.0,0.0,0.0,103,Fischbrötchen Räucherlachs,Hauptspeisen,,MwSt. 7%,1.07,6.448598,0.451402,Normalverkauf
S1000183.84427,SP1000183.34.84427,SY1000183.2026.84427,iPad1(1000183),183,13.06.26 11:45,Prod,A1000183.7189,Tisch 2,111,S1000183.84427,SALE,2,11.5,23.0,0.0,0.0,0.0,0.0,105,Garnelen-Kimchi-Bruger,Hauptgerichte,,MwSt. 7%,1.07,21.495327,1.504673,Normalverkauf
S1000183.84428,SP1000183.34.84428,SY1000183.2026.84428,iPad1(1000183),183,13.06.26 11:45,Prod,A1000183.7189,Tisch 2,111,S1000183.84428,SALE,1,6.5,6.5,0.0,0.0,0.0,0.0,100,Fischbrötchen Backfisch,Hauptspeisen,,MwSt. 7%,1.07,6.074766,0.425234,Normalverkauf
S1000183.84429,SP1000183.34.84429,SY1000183.2026.84429,iPad1(1000183),183,13.06.26 11:45,Prod,A1000183.7189,Tisch 2,111,S1000183.84429,SALE,1,6.5,6.5,0.0,0.0,0.0,0.0,100,Fischbrötchen Backfisch,Hauptspeisen,,MwSt. 7%,1.07,6.074766,0.425234,Normalverkauf
S1000183.84430,SP1000183.34.84430,SY1000183.2026.84430,iPad1(1000183),183,13.06.26 16:24,Prod,A1000183.7190,Tisch 21,111,S1000183.84430,SALE,1,9.8,9.8,0.0,0.0,0.0,0.0,108,Seelachs-Ei-Baugette,Hauptgerichte,,MwSt. 7%,1.07,9.158879,0.641121,Normalverkauf
S1000183.84431,SP1000183.34.84431,SY1000183.2026.84431,iPad1(1000183),183,13.06.26 16:24,Prod,A1000183.7190,Tisch 21,111,S1000183.84431,SALE,1,14.5,14.5,0.0,0.0,0.0,0.0,101,Lachs,Hauptspeisen,,MwSt. 7%,1.07,13.551402,0.948598,Normalverkauf
S1000183.84432,SP1000183.34.84432,SY1000183.2026.84432,iPad1(1000183),183,13.06.26 18:14,Prod,A1000183.7191,Tisch 16,111,S1000183.84432,VOID,2,3.9,7.8,0.0,0.0,0.0,0.0,124,Cola Zero,Getränke,,MwSt. 19%,1.19,6.554622,1.245378,Normalverkauf
S1000183.84433,SP1000183.34.84433,SY1000183.2026.84433,iPad1(1000183),183,13.06.26 18:14,Prod,A1000183.7191,Tisch 16,111,S1000183.84433,VOID,1,10.9,10.9,0.0,0.0,0.0,0.0,107,Chicken Burger,Hauptgerichte,,MwSt. 7%,1.07,10.186916,0.713084,Normalverkauf
S1000183.84434,SP1000183.34.84434,SY1000183.2026.84434,iPad1(1000183),183,13.06.26 18:14,Prod,A1000183.7191,Tisch 16,111,S1000183.84434,VOID,1,3.9,3.9,0.0,0.0,0.0,0.0,119,Cola,Getränke,,MwSt. 19%,1.19,3.277311,0.622689,Normalverkauf
S1000183.84435,SP1000183.34.84435,SY1000183.2026.84435,iPad1(1000183),183,13.06.26 16:22,Prod,A1000183.7192,Tisch 6,117,S1000183.84435,SALE,1,5.5,5.5,0.0,0.0,0.0,0.0,111,Pommes Frites,Beilagen,,MwSt. 7%,1.07,5.140187,0.359813,Normalverkauf
S1000183.84436,SP1000183.34.84436,SY1000183.2026.84436,iPad1(1000183),183,13.06.26 16:22,Prod,A1000183.7192,Tisch 6,117,S1000183.84436,SALE,1,6.5,6.5,0.0,0.0,0.0,0.0,100,Fischbrötchen Backfisch,Hauptspeisen,,MwSt. 7%,1.07,6.074766,0.425234,Normalverkauf
S1000183.84437,SP1000183.34.84437,SY1000183.2026.84437,iPad1(1000183),183,13.06.26 12:00,Prod,A1000183.7193,Tisch 6,117,S1000183.84437,SALE,1,9.8,9.8,0.0,0.0,0.0,0.0,108,Seelachs-Ei-Baugette,Hauptgerichte,,MwSt. 7%,1.07,9.158879,0.641121,Normalverkauf
S1000183.84438,SP1000183.34.84438,SY1000183.2026.84438,iPad1(1000183),183,13.06.26 20:14,Prod,A1000183.7194,Tisch 18,115,S1000183.84438,SALE,2,5.5,11.0,0.0,0.0,0.0,0.0,111,Pommes Frites,Beilagen,,MwSt. 7%,1.07,10.280374,0.719626,Normalverkauf
S1000183.84439,SP1000183.34.84439,SY1000183.2026.84439,iPad1(1000183),183,13.06.26 20:14,Prod,A1000183.7194,Tisch 18,115,S1000183.84439,SALE,1,4.2,4.2,0.0,0.0,0.0,0.0,122,Bier,Getränke,,MwSt. 19%,1.19,3.529412,0.670588,Normalverkauf
S1000183.84440,SP1000183.34.84440,SY1000183.2026.84440,iPad1(1000183),183,13.06.26 18:48,Prod,A1000183.7195,Tisch 12,111,S1000183.84440,SALE,2,3.2,6.4,0.0,0.0,0.0,0.0,120,Apfelschorle,Getränke,,MwSt. 19%,1.19,5.378151,1.021849,Normalverkauf
S1000183.84441,SP1000183.34.84441,SY1000183.2026.84441,iPad1(1000183),183,13.06.26 18:48,Prod,A1000183.7195,Tisch 12,111,S1000183.84441,SALE,1,4.2,4.2,0.0,0.0,0.0,0.0,122,Bier,Getränke,,MwSt. 19%,1.19,3.529412,0.670588,Normalverkauf
S1000183.84442,SP1000183.34.84442,SY1000183.2026.84442,iPad1(1000183),183,13.06.26 19:09,Prod,A1000183.7196,,117,S1000183.84442,SALE,2,4.9,9.8,0.0,0.0,0.0,0.0,112,Kartoffelwedges,Beilagen,,MwSt. 7%,1.07,9.158879,0.641121,Normalverkauf
S1000183.84443,SP1000183.34.84443,SY1000183.2026.84443,iPad1(1000183),183,13.06.26 20:52,Prod,A1000183.7197,Tisch 20,104,S1000183.84443,SALE,1,5.9,5.9,0.0,0.0,0.0,0.0,116,Vanillequark,Desserts,,MwSt. 7%,1.07,5.514019,0.385981,Normalverkauf
S1000183.84444,SP1000183.34.84444,SY1000183.2026.84444,iPad1(1000183),183,13.06.26 20:52,Prod,A1000183.7197,Tisch 20,104,S1000183.84444,SALE,1,3.9,3.9,0.0,0.0,0.0,0.0,127,Alkoholfreies Bier,Getränke,,MwSt. 19%,1.19,3.277311,0.622689,Normalverkauf
S1000183.84445,SP1000183.34.84445,SY1000183.2026.84445,iPad1(1000183),183,13.06.26 19:41,Prod,A1000183.7198,Tisch 9,106,S1000183.84445,SALE,2,2.8,5.6,0.0,0.0,0.0,0.0,121,Mineralwasser,Getränke,,MwSt. 19%,1.19,4.705882,0.894118,Normalverkauf
S1000183.84446,SP1000183.34.84446,SY1000183.2026.84446,iPad1(1000183),183,13.06.26 19:41,Prod,A1000183.7198,Tisch 9,106,S1000183.84446,SALE,1,14.5,14.5,0.0,0.0,0.0,0.0,101,Lachs,Hauptspeisen,,MwSt. 7%,1.07,13.551402,0.948598,Normalverkauf
S1000183.84447,SP1000183.34.84447,SY1000183.2026.84447,iPad1(1000183),183,13.06.26 14:46,Prod,A1000183.7199,Tisch 18,111,S1000183.84447,SALE,2,2.8,5.6,0.0,0.0,0.0,0.0,121,Mineralwasser,Getränke,,MwSt. 19%,1.19,4.705882,0.894118,Normalverkauf
S1000183.84448,SP1000183.34.84448,SY1000183.2026.84448,iPad1(1000183),183,13.06.26 14:46,Prod,A1000183.7199,Tisch 18,111,S1000183.84448,SALE,1,13.5,13.5,0.0,0.0,0.0,0.0,102,Matjes,Hauptspeisen,,MwSt. 7%,1.07,12.616822,0.883178,Normalverkauf
S1000183.84449,SP1000183.34.84449,SY1000183.2026.84449,iPad1(1000183),183,13.06.26 14:46,Prod,A1000183.7199,Tisch 18,111,S1000183.84449,SALE,1,3.9,3.9,0.0,0.0,0.0,0.0,119,Cola,Getränke,,MwSt. 19%,1.19,3.277311,0.622689,Normalverkauf
S1000183.84450,SP1000183.34.84450,SY1000183.2026.84450,iPad1(1000183),183,13.06.26 19:09,Prod,A1000183.7200,Tisch 7,111,S1000183.84450,SALE,1,2.8,2.8,0.0,0.0,0.0,0.0,121,Mineralwasser,Getränke,,MwSt. 19%,1.19,2.352941,0.447059,Normalverkauf
S1000183.84451,SP1000183.34.84451,SY1000183.2026.84451,iPad1(1000183),183,13.06.26 19:09,Prod,A1000183.7200,Tisch 7,111,S1000183.84451,SALE,1,5.5,5.5,0.0,0.0,0.0,0.0,111,Pommes Frites,Beilagen,,MwSt. 7%,1.07,5.140187,0.359813,Normalverkauf
S1000183.84452,SP1000183.34.84452,SY1000183.2026.84452,iPad1(1000183),183,13.06.26 13:58,Prod,A1000183.7201,Tisch 7,106,S1000183.84452,SALE,2,5.9,11.8,0.0,0.0,0.0,0.0,125,Zitronen-Limonade,Getränke,,MwSt. 19%,1.19,9.915966,1.884034,Normalverkauf
S1000183.84453,SP1000183.34.84453,SY1000183.2026.84453,iPad1(1000183),183,13.06.26 13:58,Prod,A1000183.7201,Tisch 7,106,S1000183.84453,SALE,2,6.5,13.0,0.0,0.0,0.0,0.0,100,Fischbrötchen Backfisch,Hauptspeisen,,MwSt. 7%,1.07,12.149533,0.850467,Normalverkauf
S1000183.84454,SP1000183.34.84454,SY1000183.2026.84454,iPad1(1000183),183,13.06.26 13:58,Prod,A1000183.7201,Tisch 7,106,S1000183.84454,SALE,2,9.8,19.6,0.0,0.0,0.0,0.0,108,Seelachs-Ei-Baugette,Hauptgerichte,,MwSt. 7%,1.07,18.317757,1.282243,Normalverkauf
S1000183.84455,SP1000183.34.84455,SY1000183.2026.84455,iPad1(1000183),183,13.06.26 17:41,Prod,A1000183.7202,Tisch 20,104,S1000183.84455,SALE,2,5.5,11.0,0.0,0.0,0.0,0.0,111,Pommes Frites,Beilagen,,MwSt. 7%,1.07,10.280374,0.719626,Normalverkauf
S1000183.84456,SP1000183.34.84456,SY1000183.2026.84456,iPad1(1000183),183,13.06.26 11:36,Prod,A1000183.7203,Tisch 11,115,S1000183.84456,SALE,1,5.5,5.5,0.0,0.0,0.0,0.0,111,Pommes Frites,Beilagen,,MwSt. 7%,1.07,5.140187,0.359813,Normalverkauf
S1000183.84457,SP1000183.34.84457,SY1000183.2026.84457,iPad1(1000183),183,13.06.26 16:33,Prod,A1000183.7204,Tisch 8,111,S1000183.84457,SALE,1,6.5,6.5,0.0,0.0,0.0,0.0,100,Fischbrötchen Backfisch,Hauptspeisen,,MwSt. 7%,1.07,6.074766,0.425234,Normalverkauf
S1000183.84458,SP1000183.34.84458,SY1000183.2026.84458,iPad1(1000183),183,13.06.26 16:33,Prod,A1000183.7204,Tisch 8,111,S1000183.84458,SALE,1,5.5,5.5,0.0,0.0,0.0,0.0,114,Fisch Nuggets Box,Beilagen,,MwSt. 7%,1.07,5.140187,0.359813,Normalverkauf
S1000183.84459,SP1000183.34.84459,SY1000183.2026.84459,iPad1(1000183),183,13.06.26 16:33,Prod,A1000183.7204,Tisch 8,111,S1000183.84459,SALE,1,5.9,5.9,0.0,0.0,0.0,0.0,125,Zitronen-Limonade,Getränke,,MwSt. 19%,1.19,4.957983,0.942017,Normalverkauf
S1000183.84460,SP1000183.34.84460,SY1000183.2026.84460,iPad1(1000183),183,13.06.26 13:47,Prod,A1000183.7205,Tisch 7,117,S1000183.84460,SALE,2,3.9,7.8,0.0,0.0,0.0,0.0,126,Spezi,Getränke,,MwSt. 19%,1.19,6.554622,1.245378,Normalverkauf
S1000183.84461,SP1000183.34.84461,SY1000183.2026.84461,iPad1(1000183),183,13.06.26 19:37,Prod,A1000183.7206,Tisch 23,104,S1000183.84461,SALE,2,2.8,5.6,0.0,0.0,0.0,0.0,121,Mineralwasser,Getränke,,MwSt. 19%,1.19,4.705882,0.894118,Normalverkauf
S1000183.84462,SP1000183.34.84462,SY1000183.2026.84462,iPad1(1000183),183,13.06.26 13:40,Prod,A1000183.7207,Tisch 6,120,S1000183.84462,VOID,2,3.9,7.8,0.0,0.0,0.0,0.0,126,Spezi,Getränke,,MwSt. 19%,1.19,6.554622,1.245378,Normalverkauf
S1000183.84463,SP1000183.34.84463,SY1000183.2026.84463,iPad1(1000183),183,13.06.26 13:40,Prod,A1000183.7207,Tisch 6,120,S1000183.84463,VOID,2,3.9,7.8,0.0,0.0,0.0,0.0,127,Alkoholfreies Bier,Getränke,,MwSt. 19%,1.19,6.554622,1.245378,Normalverkauf
S1000183.84464,SP1000183.34.84464,SY1000183.2026.84464,iPad1(1000183),183,13.06.26 13:40,Prod,A1000183.7207,Tisch 6,120,S1000183.84464,VOID,1,6.5,6.5,0.0,0.0,0.0,0.0,100,Fischbrötchen Backfisch,Hauptspeisen,,MwSt. 7%,1.07,6.074766,0.425234,Normalverkauf
S1000183.84465,SP1000183.34.84465,SY1000183.2026.84465,iPad1(1000183),183,13.06.26 17:35,Prod,A1000183.7208,Tisch 2,117,S1000183.84465,SALE,1,3.9,3.9,0.0,0.0,0.0,0.0,119,Cola,Getränke,,MwSt. 19%,1.19,3.277311,0.622689,Normalverkauf
S1000183.84466,SP1000183.34.84466,SY1000183.2026.84466,iPad1(1000183),183,13.06.26 17:35,Prod,A1000183.7208,Tisch 2,117,S1000183.84466,SALE,2,3.9,7.8,0.0,0.0,0.0,0.0,119,Cola,Getränke,,MwSt. 19%,1.19,6.554622,1.245378,Normalverkauf
S1000183.84467,SP1000183.34.84467,SY1000183.2026.84467,iPad1(1000183),183,13.06.26 17:21,Prod,A1000183.7209,Tisch 7,115,S1000183.84467,SALE,2,2.8,5.6,0.0,0.0,0.0,0.0,121,Mineralwasser,Getränke,,MwSt. 19%,1.19,4.705882,0.894118,Normalverkauf
S1000183.84468,SP1000183.34.84468,SY1000183.2026.84468,iPad1(1000183),183,13.06.26 17:21,Prod,A1000183.7209,Tisch 7,115,S1000183.84468,SALE,2,7.9,15.8,0.0,0.0,0.0,0.0,115,Tiramisu,Desserts,,MwSt. 7%,1.07,14.766355,1.033645,Normalverkauf
S1000183.84469,SP1000183.34.84469,SY1000183.2026.84469,iPad1(1000183),183,13.06.26 16:51,Prod,A1000183.7210,Tisch 8,115,S1000183.84469,SALE,2,6.9,13.8,0.0,0.0,0.0,0.0,103,Fischbrötchen Räucherlachs,Hauptspeisen,,MwSt. 7%,1.07,12.897196,0.902804,Normalverkauf
S1000183.84470,SP1000183.34.84470,SY1000183.2026.84470,iPad1(1000183),183,13.06.26 20:44,Prod,A1000183.7211,Tisch 15,111,S1000183.84470,SALE,2,6.9,13.8,0.0,0.0,0.0,0.0,103,Fischbrötchen Räucherlachs,Hauptspeisen,,MwSt. 7%,1.07,12.897196,0.902804,Normalverkauf
S1000183.84471,SP1000183.34.84471,SY1000183.2026.84471,iPad1(1000183),183,13.06.26 20:44,Prod,A1000183.7211,Tisch 15,111,S1000183.84471,SALE,2,5.9,11.8,0.0,0.0,0.0,0.0,125,Zitronen-Limonade,Getränke,,MwSt. 19%,1.19,9.915966,1.884034,Normalverkauf
S1000183.84472,SP1000183.34.84472,SY1000183.2026.84472,iPad1(1000183),183,13.06.26 12:10,Prod,A1000183.7212,Tisch 18,115,S1000183.84472,SALE,1,4.2,4.2,0.0,0.0,0.0,0.0,122,Bier,Getränke,,MwSt. 19%,1.19,3.529412,0.670588,Normalverkauf
S1000183.84473,SP1000183.34.84473,SY1000183.2026.84473,iPad1(1000183),183,13.06.26 12:10,Prod,A1000183.7212,Tisch 18,115,S1000183.84473,SALE,1,9.8,9.8,0.0,0.0,0.0,0.0,108,Seelachs-Ei-Baugette,Hauptgerichte,,MwSt. 7%,1.07,9.158879,0.641121,Normalverkauf
S1000183.84474,SP1000183.34.84474,SY1000183.2026.84474,iPad1(1000183),183,13.06.26 18:40,Prod,A1000183.7213,Tisch 11,106,S1000183.84474,SALE,2,5.5,11.0,0.0,0.0,0.0,0.0,111,Pommes Frites,Beilagen,,MwSt. 7%,1.07,10.280374,0.719626,Normalverkauf
S1000183.84475,SP1000183.34.84475,SY1000183.2026.84475,iPad1(1000183),183,13.06.26 17:07,Prod,A1000183.7214,,120,S1000183.84475,SALE,1,3.9,3.9,0.0,0.0,0.0,0.0,127,Alkoholfreies Bier,Getränke,,MwSt. 19%,1.19,3.277311,0.622689,Normalverkauf
S1000183.84476,SP1000183.34.84476,SY1000183.2026.84476,iPad1(1000183),183,13.06.26 17:07,Prod,A1000183.7214,,120,S1000183.84476,SALE,1,5.5,5.5,0.0,0.0,0.0,0.0,111,Pommes Frites,Beilagen,,MwSt. 7%,1.07,5.140187,0.359813,Normalverkauf
S1000183.84477,SP1000183.34.84477,SY1000183.2026.84477,iPad1(1000183),183,13.06.26 17:07,Prod,A1000183.7214,,120,S1000183.84477,SALE,2,7.9,15.8,0.0,0.0,0.0,0.0,115,Tiramisu,Desserts,,MwSt. 7%,1.07,14.766355,1.033645,Normalverkauf
S1000183.84478,SP1000183.34.84478,SY1000183.2026.84478,iPad1(1000183),183,13.06.26 09:55,Prod,A1000183.7215,Tisch 16,115,S1000183.84478,SALE,1,3.9,3.9,0.0,0.0,0.0,0.0,126,Spezi,Getränke,,MwSt. 19%,1.19,3.277311,0.622689,Normalverkauf
S1000183.84479,SP1000183.34.84479,SY1000183.2026.84479,iPad1(1000183),183,13.06.26 20:25,Prod,A1000183.7216,Tisch 24,115,S1000183.84479,SALE,2,13.5,27.0,0.0,0.0,0.0,0.0,102,Matjes,Hauptspeisen,,MwSt. 7%,1.07,25.233645,1.766355,Normalverkauf
S1000183.84480,SP1000183.34.84480,SY1000183.2026.84480,iPad1(1000183),183,13.06.26 20:25,Prod,A1000183.7216,Tisch 24,115,S1000183.84480,SALE,2,3.9,7.8,0.0,0.0,0.0,0.0,126,Spezi,Getränke,,MwSt. 19%,1.19,6.554622,1.245378,Normalverkauf
S1000183.84481,SP1000183.34.84481,SY1000183.2026.84481,iPad1(1000183),183,13.06.26 20:25,Prod,A1000183.7216,Tisch 24,115,S1000183.84481,SALE,2,11.9,23.8,0.0,0.0,0.0,0.0,110,Matjes-Baguette,Hauptgerichte,,MwSt. 7%,1.07,22.242991,1.557009,Normalverkauf
S1000183.84482,SP1000183.34.84482,SY1000183.2026.84482,iPad1(1000183),183,13.06.26 10:07,Prod,A1000183.7217,Tisch 8,120,S1000183.84482,SALE,2,10.9,21.8,0.0,0.0,0.0,0.0,104,Thunfisch Wrap,Hauptgerichte,,MwSt. 7%,1.07,20.373832,1.426168,Normalverkauf
S1000183.84483,SP1000183.34.84483,SY1000183.2026.84483,iPad1(1000183),183,13.06.26 10:07,Prod,A1000183.7217,Tisch 8,120,S1000183.84483,SALE,2,5.9,11.8,0.0,0.0,0.0,0.0,125,Zitronen-Limonade,Getränke,,MwSt. 19%,1.19,9.915966,1.884034,Normalverkauf
S1000183.84484,SP1000183.34.84484,SY1000183.2026.84484,iPad1(1000183),183,13.06.26 18:52,Prod,A1000183.7218,,104,S1000183.84484,VOID,2,3.9,7.8,0.0,0.0,0.0,0.0,119,Cola,Getränke,,MwSt. 19%,1.19,6.554622,1.245378,Normalverkauf
S1000183.84485,SP1000183.34.84485,SY1000183.2026.84485,iPad1(1000183),183,13.06.26 18:49,Prod,A1000183.7219,Tisch 9,115,S1000183.84485,SALE,1,14.5,14.5,0.0,0.0,0.0,0.0,101,Lachs,Hauptspeisen,,MwSt. 7%,1.07,13.551402,0.948598,Normalverkauf
S1000183.84486,SP1000183.34.84486,SY1000183.2026.84486,iPad1(1000183),183,13.06.26 18:49,Prod,A1000183.7219,Tisch 9,115,S1000183.84486,SALE,2,14.5,29.0,0.0,0.0,0.0,0.0,101,Lachs,Hauptspeisen,,MwSt. 7%,1.07,27.102804,1.897196,Normalverkauf
S1000183.84487,SP1000183.34.84487,SY1000183.2026.84487,iPad1(1000183),183,13.06.26 18:49,Prod,A1000183.7219,Tisch 9,115,S1000183.84487,SALE,1,5.5,5.5,0.0,0.0,0.0,0.0,111,Pommes Frites,Beilagen,,MwSt. 7%,1.07,5.140187,0.359813,Normalverkauf
S1000183.84488,SP1000183.34.84488,SY1000183.2026.84488,iPad1(1000183),183,13.06.26 11:14,Prod,A1000183.7220,Tisch 8,104,S1000183.84488,SALE,2,10.9,21.8,0.0,0.0,0.0,0.0,109,Bismarck-Baguette,Hauptgerichte,,MwSt. 7%,1.07,20.373832,1.426168,Normalverkauf
S1000183.84489,SP1000183.34.84489,SY1000183.2026.84489,iPad1(1000183),183,13.06.26 11:14,Prod,A1000183.7220,Tisch 8,104,S1000183.84489,SALE,2,10.9,21.8,0.0,0.0,0.0,0.0,104,Thunfisch Wrap,Hauptgerichte,,MwSt. 7%,1.07,20.373832,1.426168,Normalverkauf
S1000183.84490,SP1000183.34.84490,SY1000183.2026.84490,iPad1(1000183),183,13.06.26 11:14,Prod,A1000183.7220,Tisch 8,104,S1000183.84490,SALE,1,7.9,7.9,0.0,0.0,0.0,0.0,115,Tiramisu,Desserts,,MwSt. 7%,1.07,7.383178,0.516822,Normalverkauf
S1000183.84491,SP1000183.34.84491,SY1000183.2026.84491,iPad1(1000183),183,13.06.26 13:57,Prod,A1000183.7221,Tisch 13,106,S1000183.84491,SALE,1,2.8,2.8,0.0,0.0,0.0,0.0,121,Mineralwasser,Getränke,,MwSt. 19%,1.19,2.352941,0.447059,Normalverkauf
S1000183.84492,SP1000183.34.84492,SY1000183.2026.84492,iPad1(1000183),183,13.06.26 13:57,Prod,A1000183.7221,Tisch 13,106,S1000183.84492,SALE,1,3.2,3.2,0.0,0.0,0.0,0.0,120,Apfelschorle,Getränke,,MwSt. 19%,1.19,2.689076,0.510924,Normalverkauf
S1000183.84493,SP1000183.34.84493,SY1000183.2026.84493,iPad1(1000183),183,13.06.26 13:57,Prod,A1000183.7221,Tisch 13,106,S1000183.84493,SALE,1,10.9,10.9,0.0,0.0,0.0,0.0,109,Bismarck-Baguette,Hauptgerichte,,MwSt. 7%,1.07,10.186916,0.713084,Normalverkauf
S1000183.84494,SP1000183.34.84494,SY1000183.2026.84494,iPad1(1000183),183,13.06.26 15:17,Prod,A1000183.7222,Tisch 8,117,S1000183.84494,SALE,2,9.8,19.6,0.0,0.0,0.0,0.0,108,Seelachs-Ei-Baugette,Hauptgerichte,,MwSt. 7%,1.07,18.317757,1.282243,Normalverkauf
S1000183.84495,SP1000183.34.84495,SY1000183.2026.84495,iPad1(1000183),183,13.06.26 15:17,Prod,A1000183.7222,Tisch 8,117,S1000183.84495,SALE,1,10.9,10.9,0.0,0.0,0.0,0.0,107,Chicken Burger,Hauptgerichte,,MwSt. 7%,1.07,10.186916,0.713084,Normalverkauf
S1000183.84496,SP1000183.34.84496,SY1000183.2026.84496,iPad1(1000183),183,13.06.26 08:14,Prod,A1000183.7223,,111,S1000183.84496,SALE,1,5.9,5.9,0.0,0.0,0.0,0.0,125,Zitronen-Limonade,Getränke,,MwSt. 19%,1.19,4.957983,0.942017,Normalverkauf
S1000183.84497,SP1000183.34.84497,SY1000183.2026.84497,iPad1(1000183),183,13.06.26 09:04,Prod,A1000183.7224,Tisch 6,115,S1000183.84497,SALE,2,11.9,23.8,0.0,0.0,0.0,0.0,110,Matjes-Baguette,Hauptgerichte,,MwSt. 7%,1.07,22.242991,1.557009,Normalverkauf
S1000183.84498,SP1000183.34.84498,SY1000183.2026.84498,iPad1(1000183),183,13.06.26 09:04,Prod,A1000183.7224,Tisch 6,115,S1000183.84498,SALE,1,5.5,5.5,0.0,0.0,0.0,0.0,111,Pommes Frites,Beilagen,,MwSt. 7%,1.07,5.140187,0.359813,Normalverkauf
S1000183.84499,SP1000183.34.84499,SY1000183.2026.84499,iPad1(1000183),183,13.06.26 11:55,Prod,A1000183.7225,Tisch 22,117,S1000183.84499,SALE,2,5.9,11.8,0.0,0.0,0.0,0.0,117,Rote Grütze,Desserts,,MwSt. 7%,1.07,11.028037,0.771963,Normalverkauf
S1000183.84500,SP1000183.34.84500,SY1000183.2026.84500,iPad1(1000183),183,13.06.26 09:20,Prod,A1000183.7226,Tisch 12,104,S1000183.84500,SALE,1,4.2,4.2,0.0,0.0,0.0,0.0,122,Bier,Getränke,,MwSt. 19%,1.19,3.529412,0.670588,Normalverkauf
S1000183.84501,SP1000183.34.84501,SY1000183.2026.84501,iPad1(1000183),183,13.06.26 09:20,Prod,A1000183.7226,Tisch 12,104,S1000183.84501,SALE,1,10.9,10.9,0.0,0.0,0.0,0.0,107,Chicken Burger,Hauptgerichte,,MwSt. 7%,1.07,10.186916,0.713084,Normalverkauf
S1000183.84502,SP1000183.34.84502,SY1000183.2026.84502,iPad1(1000183),183,13.06.26 17:41,Prod,A1000183.7227,,117,S1000183.84502,SALE,2,4.2,8.4,0.0,0.0,0.0,0.0,122,Bier,Getränke,,MwSt. 19%,1.19,7.058824,1.341176,Normalverkauf
S1000183.84503,SP1000183.34.84503,SY1000183.2026.84503,iPad1(1000183),183,13.06.26 17:41,Prod,A1000183.7227,,117,S1000183.84503,SALE,2,10.9,21.8,0.0,0.0,0.0,0.0,107,Chicken Burger,Hauptgerichte,,MwSt. 7%,1.07,20.373832,1.426168,Normalverkauf
S1000183.84504,SP1000183.34.84504,SY1000183.2026.84504,iPad1(1000183),183,13.06.26 15:16,Prod,A1000183.7228,Tisch 24,115,S1000183.84504,SALE,1,6.5,6.5,0.0,0.0,0.0,0.0,100,Fischbrötchen Backfisch,Hauptspeisen,,MwSt. 7%,1.07,6.074766,0.425234,Normalverkauf
S1000183.84505,SP1000183.34.84505,SY1000183.2026.84505,iPad1(1000183),183,13.06.26 19:00,Prod,A1000183.7229,Tisch 24,117,S1000183.84505,SALE,1,13.5,13.5,0.0,0.0,0.0,0.0,102,Matjes,Hauptspeisen,,MwSt. 7%,1.07,12.616822,0.883178,Normalverkauf
S1000183.84506,SP1000183.34.84506,SY1000183.2026.84506,iPad1(1000183),183,13.06.26 19:00,Prod,A1000183.7229,Tisch 24,117,S1000183.84506,SALE,2,10.9,21.8,0.0,0.0,0.0,0.0,107,Chicken Burger,Hauptgerichte,,MwSt. 7%,1.07,20.373832,1.426168,Normalverkauf
S1000183.84507,SP1000183.34.84507,SY1000183.2026.84507,iPad1(1000183),183,13.06.26 18:53,Prod,A1000183.7230,Tisch 4,104,S1000183.84507,SALE,2,3.9,7.8,0.0,0.0,0.0,0.0,126,Spezi,Getränke,,MwSt. 19%,1.19,6.554622,1.245378,Normalverkauf
S1000183.84508,SP1000183.34.84508,SY1000183.2026.84508,iPad1(1000183),183,13.06.26 18:53,Prod,A1000183.7230,Tisch 4,104,S1000183.84508,SALE,2,5.9,11.8,0.0,0.0,0.0,0.0,125,Zitronen-Limonade,Getränke,,MwSt. 19%,1.19,9.915966,1.884034,Normalverkauf
S1000183.84509,SP1000183.34.84509,SY1000183.2026.84509,iPad1(1000183),183,13.06.26 18:53,Prod,A1000183.7230,Tisch 4,104,S1000183.84509,SALE,2,9.8,19.6,0.0,0.0,0.0,0.0,108,Seelachs-Ei-Baugette,Hauptgerichte,,MwSt. 7%,1.07,18.317757,1.282243,Normalverkauf
S1000183.84510,SP1000183.34.84510,SY1000183.2026.84510,iPad1(1000183),183,13.06.26 19:21,Prod,A1000183.7231,,117,S1000183.84510,SALE,2,9.8,19.6,0.0,0.0,0.0,0.0,108,Seelachs-Ei-Baugette,Hauptgerichte,,MwSt. 7%,1.07,18.317757,1.282243,Normalverkauf
S1000183.84511,SP1000183.34.84511,SY1000183.2026.84511,iPad1(1000183),183,13.06.26 19:21,Prod,A1000183.7231,,117,S1000183.84511,SALE,2,5.9,11.8,0.0,0.0,0.0,0.0,117,Rote Grütze,Desserts,,MwSt. 7%,1.07,11.028037,0.771963,Normalverkauf
S1000183.84512,SP1000183.34.84512,SY1000183.2026.84512,iPad1(1000183),183,13.06.26 19:21,Prod,A1000183.7231,,117,S1000183.84512,SALE,2,3.9,7.8,0.0,0.0,0.0,0.0,127,Alkoholfreies Bier,Getränke,,MwSt. 19%,1.19,6.554622,1.245378,Normalverkauf
S1000183.84513,SP1000183.34.84513,SY1000183.2026.84513,iPad1(1000183),183,13.06.26 17:47,Prod,A1000183.7232,Tisch 24,111,S1000183.84513,SALE,1,3.9,3.9,0.0,0.0,0.0,0.0,119,Cola,Getränke,,MwSt. 19%,1.19,3.277311,0.622689,Normalverkauf
S1000183.84514,SP1000183.34.84514,SY1000183.2026.84514,iPad1(1000183),183,13.06.26 19:58,Prod,A1000183.7233,Tisch 4,111,S1000183.84514,SALE,2,6.5,13.0,0.0,0.0,0.0,0.0,100,Fischbrötchen Backfisch,Hauptspeisen,,MwSt. 7%,1.07,12.149533,0.850467,Normalverkauf
S1000183.84515,SP1000183.34.84515,SY1000183.2026.84515,iPad1(1000183),183,13.06.26 11:49,Prod,A1000183.7234,Tisch 5,120,S1000183.84515,SALE,1,5.5,5.5,0.0,0.0,0.0,0.0,111,Pommes Frites,Beilagen,,MwSt. 7%,1.07,5.140187,0.359813,Normalverkauf
S1000183.84516,SP1000183.34.84516,SY1000183.2026.84516,iPad1(1000183),183,13.06.26 20:31,Prod,A1000183.7235,Tisch 11,111,S1000183.84516,SALE,1,6.9,6.9,0.0,0.0,0.0,0.0,103,Fischbrötchen Räucherlachs,Hauptspeisen,,MwSt. 7%,1.07,6.448598,0.451402,Normalverkauf
S1000183.84517,SP1000183.34.84517,SY1000183.2026.84517,iPad1(1000183),183,13.06.26 20:26,Prod,A1000183.7236,Tisch 16,120,S1000183.84517,SALE,1,10.9,10.9,0.0,0.0,0.0,0.0,107,Chicken Burger,Hauptgerichte,,MwSt. 7%,1.07,10.186916,0.713084,Normalverkauf
S1000183.84518,SP1000183.34.84518,SY1000183.2026.84518,iPad1(1000183),183,13.06.26 20:26,Prod,A1000183.7236,Tisch 16,120,S1000183.84518,SALE,2,6.9,13.8,0.0,0.0,0.0,0.0,113,Garnelen Box,Beilagen,,MwSt. 7%,1.07,12.897196,0.902804,Normalverkauf
S1000183.84519,SP1000183.34.84519,SY1000183.2026.84519,iPad1(1000183),183,13.06.26 20:26,Prod,A1000183.7236,Tisch 16,120,S1000183.84519,SALE,1,3.9,3.9,0.0,0.0,0.0,0.0,119,Cola,Getränke,,MwSt. 19%,1.19,3.277311,0.622689,Normalverkauf
S1000183.84520,SP1000183.34.84520,SY1000183.2026.84520,iPad1(1000183),183,13.06.26 11:09,Prod,A1000183.7237,Tisch 24,115,S1000183.84520,SALE,2,10.9,21.8,0.0,0.0,0.0,0.0,107,Chicken Burger,Hauptgerichte,,MwSt. 7%,1.07,20.373832,1.426168,Normalverkauf
S1000183.84521,SP1000183.34.84521,SY1000183.2026.84521,iPad1(1000183),183,13.06.26 15:11,Prod,A1000183.7238,Tisch 5,117,S1000183.84521,SALE,2,3.9,7.8,0.0,0.0,0.0,0.0,127,Alkoholfreies Bier,Getränke,,MwSt. 19%,1.19,6.554622,1.245378,Normalverkauf
S1000183.84522,SP1000183.34.84522,SY1000183.2026.84522,iPad1(1000183),183,13.06.26 15:11,Prod,A1000183.7238,Tisch 5,117,S1000183.84522,SALE,2,4.9,9.8,0.0,0.0,0.0,0.0,112,Kartoffelwedges,Beilagen,,MwSt. 7%,1.07,9.158879,0.641121,Normalverkauf
S1000183.84523,SP1000183.34.84523,SY1000183.2026.84523,iPad1(1000183),183,13.06.26 12:07,Prod,A1000183.7239,Tisch 24,111,S1000183.84523,SALE,2,2.8,5.6,0.0,0.0,0.0,0.0,121,Mineralwasser,Getränke,,MwSt. 19%,1.19,4.705882,0.894118,Normalverkauf
S1000183.84524,SP1000183.34.84524,SY1000183.2026.84524,iPad1(1000183),183,13.06.26 12:07,Prod,A1000183.7239,Tisch 24,111,S1000183.84524,SALE,2,6.5,13.0,0.0,0.0,0.0,0.0,100,Fischbrötchen Backfisch,Hauptspeisen,,MwSt. 7%,1.07,12.149533,0.850467,Normalverkauf
S1000183.84525,SP1000183.34.84525,SY1000183.2026.84525,iPad1(1000183),183,13.06.26 12:07,Prod,A1000183.7239,Tisch 24,111,S1000183.84525,SALE,1,5.9,5.9,0.0,0.0,0.0,0.0,125,Zitronen-Limonade,Getränke,,MwSt. 19%,1.19,4.957983,0.942017,Normalverkauf
S1000183.84526,SP1000183.34.84526,SY1000183.2026.84526,iPad1(1000183),183,13.06.26 11:01,Prod,A1000183.7240,,104,S1000183.84526,SALE,2,10.9,21.8,0.0,0.0,0.0,0.0,109,Bismarck-Baguette,Hauptgerichte,,MwSt. 7%,1.07,20.373832,1.426168,Normalverkauf
S1000183.84527,SP1000183.34.84527,SY1000183.2026.84527,iPad1(1000183),183,13.06.26 15:37,Prod,A1000183.7241,Tisch 6,115,S1000183.84527,SALE,2,10.9,21.8,0.0,0.0,0.0,0.0,107,Chicken Burger,Hauptgerichte,,MwSt. 7%,1.07,20.373832,1.426168,Normalverkauf
S1000183.84528,SP1000183.34.84528,SY1000183.2026.84528,iPad1(1000183),183,13.06.26 15:37,Prod,A1000183.7241,Tisch 6,115,S1000183.84528,SALE,2,10.9,21.8,0.0,0.0,0.0,0.0,109,Bismarck-Baguette,Hauptgerichte,,MwSt. 7%,1.07,20.373832,1.426168,Normalverkauf
S1000183.84529,SP1000183.34.84529,SY1000183.2026.84529,iPad1(1000183),183,13.06.26 19:01,Prod,A1000183.7242,Tisch 20,106,S1000183.84529,SALE,1,10.9,10.9,0.0,0.0,0.0,0.0,109,Bismarck-Baguette,Hauptgerichte,,MwSt. 7%,1.07,10.186916,0.713084,Normalverkauf
S1000183.84530,SP1000183.34.84530,SY1000183.2026.84530,iPad1(1000183),183,13.06.26 19:01,Prod,A1000183.7242,Tisch 20,106,S1000183.84530,SALE,1,5.9,5.9,0.0,0.0,0.0,0.0,123,Inger-Limonade,Getränke,,MwSt. 19%,1.19,4.957983,0.942017,Normalverkauf
S1000183.84531,SP1000183.34.84531,SY1000183.2026.84531,iPad1(1000183),183,13.06.26 19:01,Prod,A1000183.7242,Tisch 20,106,S1000183.84531,SALE,2,9.8,19.6,0.0,0.0,0.0,0.0,108,Seelachs-Ei-Baugette,Hauptgerichte,,MwSt. 7%,1.07,18.317757,1.282243,Normalverkauf
S1000183.84532,SP1000183.34.84532,SY1000183.2026.84532,iPad1(1000183),183,13.06.26 17:50,Prod,A1000183.7243,Tisch 10,117,S1000183.84532,SALE,2,5.5,11.0,0.0,0.0,0.0,0.0,111,Pommes Frites,Beilagen,,MwSt. 7%,1.07,10.280374,0.719626,Normalverkauf
S1000183.84533,SP1000183.34.84533,SY1000183.2026.84533,iPad1(1000183),183,13.06.26 11:09,Prod,A1000183.7244,Tisch 19,111,S1000183.84533,SALE,1,6.5,6.5,0.0,0.0,0.0,0.0,100,Fischbrötchen Backfisch,Hauptspeisen,,MwSt. 7%,1.07,6.074766,0.425234,Normalverkauf
S1000183.84534,SP1000183.34.84534,SY1000183.2026.84534,iPad1(1000183),183,13.06.26 11:09,Prod,A1000183.7244,Tisch 19,111,S1000183.84534,SALE,2,3.9,7.8,0.0,0.0,0.0,0.0,127,Alkoholfreies Bier,Getränke,,MwSt. 19%,1.19,6.554622,1.245378,Normalverkauf
S1000183.84535,SP1000183.34.84535,SY1000183.2026.84535,iPad1(1000183),183,13.06.26 11:09,Prod,A1000183.7244,Tisch 19,111,S1000183.84535,SALE,1,5.9,5.9,0.0,0.0,0.0,0.0,117,Rote Grütze,Desserts,,MwSt. 7%,1.07,5.514019,0.385981,Normalverkauf
S1000183.84536,SP1000183.34.84536,SY1000183.2026.84536,iPad1(1000183),183,13.06.26 11:03,Prod,A1000183.7245,Tisch 24,115,S1000183.84536,SALE,2,5.9,11.8,0.0,0.0,0.0,0.0,117,Rote Grütze,Desserts,,MwSt. 7%,1.07,11.028037,0.771963,Normalverkauf
S1000183.84537,SP1000183.34.84537,SY1000183.2026.84537,iPad1(1000183),183,13.06.26 20:01,Prod,A1000183.7246,Tisch 3,120,S1000183.84537,SALE,1,4.9,4.9,0.0,0.0,0.0,0.0,112,Kartoffelwedges,Beilagen,,MwSt. 7%,1.07,4.579439,0.320561,Normalverkauf
S1000183.84538,SP1000183.34.84538,SY1000183.2026.84538,iPad1(1000183),183,13.06.26 18:27,Prod,A1000183.7247,Tisch 9,115,S1000183.84538,SALE,1,10.9,10.9,0.0,0.0,0.0,0.0,104,Thunfisch Wrap,Hauptgerichte,,MwSt. 7%,1.07,10.186916,0.713084,Normalverkauf
S1000183.84539,SP1000183.34.84539,SY1000183.2026.84539,iPad1(1000183),183,13.06.26 20:01,Prod,A1000183.7248,Tisch 24,117,S1000183.84539,VOID,2,6.9,13.8,0.0,0.0,0.0,0.0,103,Fischbrötchen Räucherlachs,Hauptspeisen,,MwSt. 7%,1.07,12.897196,0.902804,Normalverkauf
S1000183.84540,SP1000183.34.84540,SY1000183.2026.84540,iPad1(1000183),183,13.06.26 20:01,Prod,A1000183.7248,Tisch 24,117,S1000183.84540,VOID,2,10.9,21.8,0.0,0.0,0.0,0.0,107,Chicken Burger,Hauptgerichte,,MwSt. 7%,1.07,20.373832,1.426168,Normalverkauf
S1000183.84541,SP1000183.34.84541,SY1000183.2026.84541,iPad1(1000183),183,13.06.26 12:49,Prod,A1000183.7249,Tisch 14,115,S1000183.84541,SALE,1,3.9,3.9,0.0,0.0,0.0,0.0,127,Alkoholfreies Bier,Getränke,,MwSt. 19%,1.19,3.277311,0.622689,Normalverkauf
S1000183.84542,SP1000183.34.84542,SY1000183.2026.84542,iPad1(1000183),183,13.06.26 19:38,Prod,A1000183.7250,Tisch 22,117,S1000183.84542,SALE,1,3.9,3.9,0.0,0.0,0.0,0.0,126,Spezi,Getränke,,MwSt. 19%,1.19,3.277311,0.622689,Normalverkauf
S1000183.84543,SP1000183.34.84543,SY1000183.2026.84543,iPad1(1000183),183,13.06.26 19:38,Prod,A1000183.7250,Tisch 22,117,S1000183.84543,SALE,1,14.5,14.5,0.0,0.0,0.0,0.0,101,Lachs,Hauptspeisen,,MwSt. 7%,1.07,13.551402,0.948598,Normalverkauf
S1000183.84544,SP1000183.34.84544,SY1000183.2026.84544,iPad1(1000183),183,13.06.26 18:27,Prod,A1000183.7251,Tisch 7,115,S1000183.84544,SALE,1,6.5,6.5,0.0,0.0,0.0,0.0,100,Fischbrötchen Backfisch,Hauptspeisen,,MwSt. 7%,1.07,6.074766,0.425234,Normalverkauf
S1000183.84545,SP1000183.34.84545,SY1000183.2026.84545,iPad1(1000183),183,13.06.26 18:27,Prod,A1000183.7251,Tisch 7,115,S1000183.84545,SALE,1,6.5,6.5,0.0,0.0,0.0,0.0,118,Schokokuchen,Desserts,,MwSt. 7%,1.07,6.074766,0.425234,Normalverkauf
S1000183.84546,SP1000183.34.84546,SY1000183.2026.84546,iPad1(1000183),183,13.06.26 18:27,Prod,A1000183.7251,Tisch 7,115,S1000183.84546,SALE,2,14.5,29.0,0.0,0.0,0.0,0.0,101,Lachs,Hauptspeisen,,MwSt. 7%,1.07,27.102804,1.897196,Normalverkauf
S1000183.84547,SP1000183.34.84547,SY1000183.2026.84547,iPad1(1000183),183,13.06.26 11:54,Prod,A1000183.7252,Tisch 21,120,S1000183.84547,SALE,2,5.5,11.0,0.0,0.0,0.0,0.0,114,Fisch Nuggets Box,Beilagen,,MwSt. 7%,1.07,10.280374,0.719626,Normalverkauf
S1000183.84548,SP1000183.34.84548,SY1000183.2026.84548,iPad1(1000183),183,13.06.26 20:06,Prod,A1000183.7253,Tisch 23,120,S1000183.84548,SALE,1,3.9,3.9,0.0,0.0,0.0,0.0,124,Cola Zero,Getränke,,MwSt. 19%,1.19,3.277311,0.622689,Normalverkauf
S1000183.84549,SP1000183.34.84549,SY1000183.2026.84549,iPad1(1000183),183,13.06.26 20:06,Prod,A1000183.7253,Tisch 23,120,S1000183.84549,SALE,2,5.9,11.8,0.0,0.0,0.0,0.0,116,Vanillequark,Desserts,,MwSt. 7%,1.07,11.028037,0.771963,Normalverkauf
S1000183.84550,SP1000183.34.84550,SY1000183.2026.84550,iPad1(1000183),183,13.06.26 19:32,Prod,A1000183.7254,Tisch 3,111,S1000183.84550,SALE,1,3.9,3.9,0.0,0.0,0.0,0.0,127,Alkoholfreies Bier,Getränke,,MwSt. 19%,1.19,3.277311,0.622689,Normalverkauf
S1000183.84551,SP1000183.34.84551,SY1000183.2026.84551,iPad1(1000183),183,13.06.26 19:32,Prod,A1000183.7254,Tisch 3,111,S1000183.84551,SALE,1,11.9,11.9,0.0,0.0,0.0,0.0,110,Matjes-Baguette,Hauptgerichte,,MwSt. 7%,1.07,11.121495,0.778505,Normalverkauf
S1000183.84552,SP1000183.34.84552,SY1000183.2026.84552,iPad1(1000183),183,13.06.26 19:32,Prod,A1000183.7254,Tisch 3,111,S1000183.84552,SALE,2,11.5,23.0,0.0,0.0,0.0,0.0,105,Garnelen-Kimchi-Bruger,Hauptgerichte,,MwSt. 7%,1.07,21.495327,1.504673,Normalverkauf
S1000183.84553,SP1000183.34.84553,SY1000183.2026.84553,iPad1(1000183),183,13.06.26 11:45,Prod,A1000183.7255,Tisch 20,120,S1000183.84553,SALE,1,6.5,6.5,0.0,0.0,0.0,0.0,118,Schokokuchen,Desserts,,MwSt. 7%,1.07,6.074766,0.425234,Normalverkauf
S1000183.84554,SP1000183.34.84554,SY1000183.2026.84554,iPad1(1000183),183,13.06.26 11:45,Prod,A1000183.7255,Tisch 20,120,S1000183.84554,SALE,1,6.9,6.9,0.0,0.0,0.0,0.0,103,Fischbrötchen Räucherlachs,Hauptspeisen,,MwSt. 7%,1.07,6.448598,0.451402,Normalverkauf
S1000183.84555,SP1000183.34.84555,SY1000183.2026.84555,iPad1(1000183),183,13.06.26 11:45,Prod,A1000183.7255,Tisch 20,120,S1000183.84555,SALE,2,9.8,19.6,0.0,0.0,0.0,0.0,108,Seelachs-Ei-Baugette,Hauptgerichte,,MwSt. 7%,1.07,18.317757,1.282243,Normalverkauf
S1000183.84556,SP1000183.34.84556,SY1000183.2026.84556,iPad1(1000183),183,13.06.26 20:25,Prod,A1000183.7256,Tisch 16,115,S1000183.84556,SALE,1,3.2,3.2,0.0,0.0,0.0,0.0,120,Apfelschorle,Getränke,,MwSt. 19%,1.19,2.689076,0.510924,Normalverkauf
S1000183.84557,SP1000183.34.84557,SY1000183.2026.84557,iPad1(1000183),183,13.06.26 20:25,Prod,A1000183.7256,Tisch 16,115,S1000183.84557,SALE,1,5.5,5.5,0.0,0.0,0.0,0.0,111,Pommes Frites,Beilagen,,MwSt. 7%,1.07,5.140187,0.359813,Normalverkauf
S1000183.84558,SP1000183.34.84558,SY1000183.2026.84558,iPad1(1000183),183,13.06.26 20:25,Prod,A1000183.7256,Tisch 16,115,S1000183.84558,SALE,1,9.8,9.8,0.0,0.0,0.0,0.0,108,Seelachs-Ei-Baugette,Hauptgerichte,,MwSt. 7%,1.07,9.158879,0.641121,Normalverkauf
S1000183.84559,SP1000183.34.84559,SY1000183.2026.84559,iPad1(1000183),183,13.06.26 16:22,Prod,A1000183.7257,Tisch 23,117,S1000183.84559,SALE,1,6.9,6.9,0.0,0.0,0.0,0.0,103,Fischbrötchen Räucherlachs,Hauptspeisen,,MwSt. 7%,1.07,6.448598,0.451402,Normalverkauf
S1000183.84560,SP1000183.34.84560,SY1000183.2026.84560,iPad1(1000183),183,13.06.26 16:22,Prod,A1000183.7257,Tisch 23,117,S1000183.84560,SALE,2,3.2,6.4,0.0,0.0,0.0,0.0,120,Apfelschorle,Getränke,,MwSt. 19%,1.19,5.378151,1.021849,Normalverkauf
S1000183.84561,SP1000183.34.84561,SY1000183.2026.84561,iPad1(1000183),183,13.06.26 18:56,Prod,A1000183.7258,Tisch 22,120,S1000183.84561,SALE,1,10.9,10.9,0.0,0.0,0.0,0.0,109,Bismarck-Baguette,Hauptgerichte,,MwSt. 7%,1.07,10.186916,0.713084,Normalverkauf
S1000183.84562,SP1000183.34.84562,SY1000183.2026.84562,iPad1(1000183),183,13.06.26 18:56,Prod,A1000183.7258,Tisch 22,120,S1000183.84562,SALE,2,3.9,7.8,0.0,0.0,0.0,0.0,119,Cola,Getränke,,MwSt. 19%,1.19,6.554622,1.245378,Normalverkauf
S1000183.84563,SP1000183.34.84563,SY1000183.2026.84563,iPad1(1000183),183,13.06.26 08:07,Prod,A1000183.7259,Tisch 2,104,S1000183.84563,SALE,1,4.2,4.2,0.0,0.0,0.0,0.0,122,Bier,Getränke,,MwSt. 19%,1.19,3.529412,0.670588,Normalverkauf
S1000183.84564,SP1000183.34.84564,SY1000183.2026.84564,iPad1(1000183),183,13.06.26 08:07,Prod,A1000183.7259,Tisch 2,104,S1000183.84564,SALE,1,3.2,3.2,0.0,0.0,0.0,0.0,120,Apfelschorle,Getränke,,MwSt. 19%,1.19,2.689076,0.510924,Normalverkauf
S1000183.84565,SP1000183.34.84565,SY1000183.2026.84565,iPad1(1000183),183,13.06.26 17:44,Prod,A1000183.7260,Tisch 22,106,S1000183.84565,SALE,2,10.9,21.8,0.0,0.0,0.0,0.0,109,Bismarck-Baguette,Hauptgerichte,,MwSt. 7%,1.07,20.373832,1.426168,Normalverkauf
S1000183.84566,SP1000183.34.84566,SY1000183.2026.84566,iPad1(1000183),183,13.06.26 17:44,Prod,A1000183.7260,Tisch 22,106,S1000183.84566,SALE,2,4.9,9.8,0.0,0.0,0.0,0.0,112,Kartoffelwedges,Beilagen,,MwSt. 7%,1.07,9.158879,0.641121,Normalverkauf
S1000183.84567,SP1000183.34.84567,SY1000183.2026.84567,iPad1(1000183),183,13.06.26 20:45,Prod,A1000183.7261,Tisch 7,120,S1000183.84567,SALE,2,10.9,21.8,0.0,0.0,0.0,0.0,109,Bismarck-Baguette,Hauptgerichte,,MwSt. 7%,1.07,20.373832,1.426168,Normalverkauf
S1000183.84568,SP1000183.34.84568,SY1000183.2026.84568,iPad1(1000183),183,13.06.26 20:45,Prod,A1000183.7261,Tisch 7,120,S1000183.84568,SALE,2,3.9,7.8,0.0,0.0,0.0,0.0,124,Cola Zero,Getränke,,MwSt. 19%,1.19,6.554622,1.245378,Normalverkauf
S1000183.84569,SP1000183.34.84569,SY1000183.2026.84569,iPad1(1000183),183,13.06.26 15:49,Prod,A1000183.7262,,115,S1000183.84569,SALE,2,3.9,7.8,0.0,0.0,0.0,0.0,119,Cola,Getränke,,MwSt. 19%,1.19,6.554622,1.245378,Normalverkauf
S1000183.84570,SP1000183.34.84570,SY1000183.2026.84570,iPad1(1000183),183,13.06.26 15:49,Prod,A1000183.7262,,115,S1000183.84570,SALE,1,2.8,2.8,0.0,0.0,0.0,0.0,121,Mineralwasser,Getränke,,MwSt. 19%,1.19,2.352941,0.447059,Normalverkauf
S1000183.84571,SP1000183.34.84571,SY1000183.2026.84571,iPad1(1000183),183,13.06.26 15:49,Prod,A1000183.7262,,115,S1000183.84571,SALE,1,3.9,3.9,0.0,0.0,0.0,0.0,126,Spezi,Getränke,,MwSt. 19%,1.19,3.277311,0.622689,Normalverkauf
S1000183.84572,SP1000183.34.84572,SY1000183.2026.84572,iPad1(1000183),183,13.06.26 19:58,Prod,A1000183.7263,Tisch 16,106,S1000183.84572,SALE,1,3.9,3.9,0.0,0.0,0.0,0.0,119,Cola,Getränke,,MwSt. 19%,1.19,3.277311,0.622689,Normalverkauf
S1000183.84573,SP1000183.34.84573,SY1000183.2026.84573,iPad1(1000183),183,13.06.26 19:58,Prod,A1000183.7263,Tisch 16,106,S1000183.84573,SALE,2,14.5,29.0,0.0,0.0,0.0,0.0,101,Lachs,Hauptspeisen,,MwSt. 7%,1.07,27.102804,1.897196,Normalverkauf
S1000183.84574,SP1000183.34.84574,SY1000183.2026.84574,iPad1(1000183),183,13.06.26 11:00,Prod,A1000183.7264,Tisch 7,115,S1000183.84574,SALE,2,5.9,11.8,0.0,0.0,0.0,0.0,125,Zitronen-Limonade,Getränke,,MwSt. 19%,1.19,9.915966,1.884034,Normalverkauf
S1000183.84575,SP1000183.34.84575,SY1000183.2026.84575,iPad1(1000183),183,13.06.26 11:00,Prod,A1000183.7264,Tisch 7,115,S1000183.84575,SALE,1,5.5,5.5,0.0,0.0,0.0,0.0,111,Pommes Frites,Beilagen,,MwSt. 7%,1.07,5.140187,0.359813,Normalverkauf
S1000183.84576,SP1000183.34.84576,SY1000183.2026.84576,iPad1(1000183),183,13.06.26 11:00,Prod,A1000183.7264,Tisch 7,115,S1000183.84576,SALE,2,5.9,11.8,0.0,0.0,0.0,0.0,117,Rote Grütze,Desserts,,MwSt. 7%,1.07,11.028037,0.771963,Normalverkauf
S1000183.84577,SP1000183.34.84577,SY1000183.2026.84577,iPad1(1000183),183,13.06.26 12:29,Prod,A1000183.7265,Tisch 5,115,S1000183.84577,SALE,1,5.5,5.5,0.0,0.0,0.0,0.0,111,Pommes Frites,Beilagen,,MwSt. 7%,1.07,5.140187,0.359813,Normalverkauf
S1000183.84578,SP1000183.34.84578,SY1000183.2026.84578,iPad1(1000183),183,13.06.26 12:29,Prod,A1000183.7265,Tisch 5,115,S1000183.84578,SALE,1,6.9,6.9,0.0,0.0,0.0,0.0,103,Fischbrötchen Räucherlachs,Hauptspeisen,,MwSt. 7%,1.07,6.448598,0.451402,Normalverkauf
S1000183.84579,SP1000183.34.84579,SY1000183.2026.84579,iPad1(1000183),183,13.06.26 12:29,Prod,A1000183.7265,Tisch 5,115,S1000183.84579,SALE,2,3.9,7.8,0.0,0.0,0.0,0.0,126,Spezi,Getränke,,MwSt. 19%,1.19,6.554622,1.245378,Normalverkauf
S1000183.84580,SP1000183.34.84580,SY1000183.2026.84580,iPad1(1000183),183,13.06.26 18:39,Prod,A1000183.7266,Tisch 10,115,S1000183.84580,SALE,1,11.5,11.5,0.0,0.0,0.0,0.0,105,Garnelen-Kimchi-Bruger,Hauptgerichte,,MwSt. 7%,1.07,10.747664,0.752336,Normalverkauf
S1000183.84581,SP1000183.34.84581,SY1000183.2026.84581,iPad1(1000183),183,13.06.26 18:39,Prod,A1000183.7266,Tisch 10,115,S1000183.84581,SALE,2,11.9,23.8,0.0,0.0,0.0,0.0,110,Matjes-Baguette,Hauptgerichte,,MwSt. 7%,1.07,22.242991,1.557009,Normalverkauf
S1000183.84582,SP1000183.34.84582,SY1000183.2026.84582,iPad1(1000183),183,13.06.26 18:39,Prod,A1000183.7266,Tisch 10,115,S1000183.84582,SALE,1,7.9,7.9,0.0,0.0,0.0,0.0,115,Tiramisu,Desserts,,MwSt. 7%,1.07,7.383178,0.516822,Normalverkauf
S1000183.84583,SP1000183.34.84583,SY1000183.2026.84583,iPad1(1000183),183,13.06.26 10:05,Prod,A1000183.7267,Tisch 17,120,S1000183.84583,SALE,1,3.9,3.9,0.0,0.0,0.0,0.0,126,Spezi,Getränke,,MwSt. 19%,1.19,3.277311,0.622689,Normalverkauf
S1000183.84584,SP1000183.34.84584,SY1000183.2026.84584,iPad1(1000183),183,13.06.26 13:15,Prod,A1000183.7268,Tisch 6,115,S1000183.84584,SALE,1,10.9,10.9,0.0,0.0,0.0,0.0,109,Bismarck-Baguette,Hauptgerichte,,MwSt. 7%,1.07,10.186916,0.713084,Normalverkauf
S1000183.84585,SP1000183.34.84585,SY1000183.2026.84585,iPad1(1000183),183,13.06.26 13:15,Prod,A1000183.7268,Tisch 6,115,S1000183.84585,SALE,1,6.9,6.9,0.0,0.0,0.0,0.0,103,Fischbrötchen Räucherlachs,Hauptspeisen,,MwSt. 7%,1.07,6.448598,0.451402,Normalverkauf
S1000183.84586,SP1000183.34.84586,SY1000183.2026.84586,iPad1(1000183),183,13.06.26 13:15,Prod,A1000183.7268,Tisch 6,115,S1000183.84586,SALE,1,10.9,10.9,0.0,0.0,0.0,0.0,107,Chicken Burger,Hauptgerichte,,MwSt. 7%,1.07,10.186916,0.713084,Normalverkauf
S1000183.84587,SP1000183.34.84587,SY1000183.2026.84587,iPad1(1000183),183,13.06.26 14:18,Prod,A1000183.7269,Tisch 16,120,S1000183.84587,SALE,2,5.9,11.8,0.0,0.0,0.0,0.0,117,Rote Grütze,Desserts,,MwSt. 7%,1.07,11.028037,0.771963,Normalverkauf
S1000183.84588,SP1000183.34.84588,SY1000183.2026.84588,iPad1(1000183),183,13.06.26 14:18,Prod,A1000183.7269,Tisch 16,120,S1000183.84588,SALE,2,6.9,13.8,0.0,0.0,0.0,0.0,113,Garnelen Box,Beilagen,,MwSt. 7%,1.07,12.897196,0.902804,Normalverkauf
S1000183.84589,SP1000183.34.84589,SY1000183.2026.84589,iPad1(1000183),183,14.06.26 16:08,Prod,A1000183.7270,Tisch 3,120,S1000183.84589,SALE,2,3.9,7.8,0.0,0.0,0.0,0.0,126,Spezi,Getränke,,MwSt. 19%,1.19,6.554622,1.245378,Normalverkauf
S1000183.84590,SP1000183.34.84590,SY1000183.2026.84590,iPad1(1000183),183,14.06.26 16:08,Prod,A1000183.7270,Tisch 3,120,S1000183.84590,SALE,2,10.9,21.8,0.0,0.0,0.0,0.0,109,Bismarck-Baguette,Hauptgerichte,,MwSt. 7%,1.07,20.373832,1.426168,Normalverkauf
S1000183.84591,SP1000183.34.84591,SY1000183.2026.84591,iPad1(1000183),183,14.06.26 16:08,Prod,A1000183.7270,Tisch 3,120,S1000183.84591,SALE,2,3.9,7.8,0.0,0.0,0.0,0.0,126,Spezi,Getränke,,MwSt. 19%,1.19,6.554622,1.245378,Normalverkauf
S1000183.84592,SP1000183.34.84592,SY1000183.2026.84592,iPad1(1000183),183,14.06.26 09:40,Prod,A1000183.7271,Tisch 18,115,S1000183.84592,SALE,2,2.8,5.6,0.0,0.0,0.0,0.0,121,Mineralwasser,Getränke,,MwSt. 19%,1.19,4.705882,0.894118,Normalverkauf
S1000183.84593,SP1000183.34.84593,SY1000183.2026.84593,iPad1(1000183),183,14.06.26 15:41,Prod,A1000183.7272,Tisch 8,115,S1000183.84593,SALE,2,3.9,7.8,0.0,0.0,0.0,0.0,126,Spezi,Getränke,,MwSt. 19%,1.19,6.554622,1.245378,Normalverkauf
S1000183.84594,SP1000183.34.84594,SY1000183.2026.84594,iPad1(1000183),183,14.06.26 11:45,Prod,A1000183.7273,Tisch 8,106,S1000183.84594,VOID,1,11.5,11.5,0.0,0.0,0.0,0.0,105,Garnelen-Kimchi-Bruger,Hauptgerichte,,MwSt. 7%,1.07,10.747664,0.752336,Normalverkauf
S1000183.84595,SP1000183.34.84595,SY1000183.2026.84595,iPad1(1000183),183,14.06.26 11:45,Prod,A1000183.7273,Tisch 8,106,S1000183.84595,VOID,2,6.9,13.8,0.0,0.0,0.0,0.0,103,Fischbrötchen Räucherlachs,Hauptspeisen,,MwSt. 7%,1.07,12.897196,0.902804,Normalverkauf
S1000183.84596,SP1000183.34.84596,SY1000183.2026.84596,iPad1(1000183),183,14.06.26 19:18,Prod,A1000183.7274,Tisch 2,117,S1000183.84596,SALE,1,5.5,5.5,0.0,0.0,0.0,0.0,111,Pommes Frites,Beilagen,,MwSt. 7%,1.07,5.140187,0.359813,Normalverkauf
S1000183.84597,SP1000183.34.84597,SY1000183.2026.84597,iPad1(1000183),183,14.06.26 19:18,Prod,A1000183.7274,Tisch 2,117,S1000183.84597,SALE,2,6.9,13.8,0.0,0.0,0.0,0.0,103,Fischbrötchen Räucherlachs,Hauptspeisen,,MwSt. 7%,1.07,12.897196,0.902804,Normalverkauf
S1000183.84598,SP1000183.34.84598,SY1000183.2026.84598,iPad1(1000183),183,14.06.26 20:58,Prod,A1000183.7275,Tisch 18,115,S1000183.84598,SALE,1,6.9,6.9,0.0,0.0,0.0,0.0,103,Fischbrötchen Räucherlachs,Hauptspeisen,,MwSt. 7%,1.07,6.448598,0.451402,Normalverkauf
S1000183.84599,SP1000183.34.84599,SY1000183.2026.84599,iPad1(1000183),183,14.06.26 20:58,Prod,A1000183.7275,Tisch 18,115,S1000183.84599,SALE,1,2.8,2.8,0.0,0.0,0.0,0.0,121,Mineralwasser,Getränke,,MwSt. 19%,1.19,2.352941,0.447059,Normalverkauf
S1000183.84600,SP1000183.34.84600,SY1000183.2026.84600,iPad1(1000183),183,14.06.26 20:58,Prod,A1000183.7275,Tisch 18,115,S1000183.84600,SALE,1,5.5,5.5,0.0,0.0,0.0,0.0,111,Pommes Frites,Beilagen,,MwSt. 7%,1.07,5.140187,0.359813,Normalverkauf
S1000183.84601,SP1000183.34.84601,SY1000183.2026.84601,iPad1(1000183),183,14.06.26 19:13,Prod,A1000183.7276,Tisch 20,115,S1000183.84601,SALE,2,10.9,21.8,0.0,0.0,0.0,0.0,107,Chicken Burger,Hauptgerichte,,MwSt. 7%,1.07,20.373832,1.426168,Normalverkauf
S1000183.84602,SP1000183.34.84602,SY1000183.2026.84602,iPad1(1000183),183,14.06.26 19:13,Prod,A1000183.7276,Tisch 20,115,S1000183.84602,SALE,1,5.5,5.5,0.0,0.0,0.0,0.0,114,Fisch Nuggets Box,Beilagen,,MwSt. 7%,1.07,5.140187,0.359813,Normalverkauf
S1000183.84603,SP1000183.34.84603,SY1000183.2026.84603,iPad1(1000183),183,14.06.26 19:19,Prod,A1000183.7277,Tisch 22,115,S1000183.84603,SALE,2,4.9,9.8,0.0,0.0,0.0,0.0,112,Kartoffelwedges,Beilagen,,MwSt. 7%,1.07,9.158879,0.641121,Normalverkauf
S1000183.84604,SP1000183.34.84604,SY1000183.2026.84604,iPad1(1000183),183,14.06.26 19:19,Prod,A1000183.7277,Tisch 22,115,S1000183.84604,SALE,2,13.5,27.0,0.0,0.0,0.0,0.0,102,Matjes,Hauptspeisen,,MwSt. 7%,1.07,25.233645,1.766355,Normalverkauf
S1000183.84605,SP1000183.34.84605,SY1000183.2026.84605,iPad1(1000183),183,14.06.26 20:25,Prod,A1000183.7278,Tisch 3,111,S1000183.84605,SALE,1,4.2,4.2,0.0,0.0,0.0,0.0,122,Bier,Getränke,,MwSt. 19%,1.19,3.529412,0.670588,Normalverkauf
S1000183.84606,SP1000183.34.84606,SY1000183.2026.84606,iPad1(1000183),183,14.06.26 20:25,Prod,A1000183.7278,Tisch 3,111,S1000183.84606,SALE,2,10.9,21.8,0.0,0.0,0.0,0.0,107,Chicken Burger,Hauptgerichte,,MwSt. 7%,1.07,20.373832,1.426168,Normalverkauf
S1000183.84607,SP1000183.34.84607,SY1000183.2026.84607,iPad1(1000183),183,14.06.26 20:25,Prod,A1000183.7278,Tisch 3,111,S1000183.84607,SALE,2,4.2,8.4,0.0,0.0,0.0,0.0,122,Bier,Getränke,,MwSt. 19%,1.19,7.058824,1.341176,Normalverkauf
S1000183.84608,SP1000183.34.84608,SY1000183.2026.84608,iPad1(1000183),183,14.06.26 17:02,Prod,A1000183.7279,Tisch 2,117,S1000183.84608,SALE,2,5.9,11.8,0.0,0.0,0.0,0.0,125,Zitronen-Limonade,Getränke,,MwSt. 19%,1.19,9.915966,1.884034,Normalverkauf
S1000183.84609,SP1000183.34.84609,SY1000183.2026.84609,iPad1(1000183),183,14.06.26 12:51,Prod,A1000183.7280,Tisch 22,106,S1000183.84609,SALE,1,11.9,11.9,0.0,0.0,0.0,0.0,110,Matjes-Baguette,Hauptgerichte,,MwSt. 7%,1.07,11.121495,0.778505,Normalverkauf
S1000183.84610,SP1000183.34.84610,SY1000183.2026.84610,iPad1(1000183),183,14.06.26 12:51,Prod,A1000183.7280,Tisch 22,106,S1000183.84610,SALE,1,11.9,11.9,0.0,0.0,0.0,0.0,110,Matjes-Baguette,Hauptgerichte,,MwSt. 7%,1.07,11.121495,0.778505,Normalverkauf
S1000183.84611,SP1000183.34.84611,SY1000183.2026.84611,iPad1(1000183),183,14.06.26 12:51,Prod,A1000183.7280,Tisch 22,106,S1000183.84611,SALE,1,7.9,7.9,0.0,0.0,0.0,0.0,106,Neptun-Ringe,Beilagen,,MwSt. 7%,1.07,7.383178,0.516822,Normalverkauf
S1000183.84612,SP1000183.34.84612,SY1000183.2026.84612,iPad1(1000183),183,14.06.26 13:12,Prod,A1000183.7281,Tisch 11,117,S1000183.84612,VOID,2,11.5,23.0,0.0,0.0,0.0,0.0,105,Garnelen-Kimchi-Bruger,Hauptgerichte,,MwSt. 7%,1.07,21.495327,1.504673,Normalverkauf
S1000183.84613,SP1000183.34.84613,SY1000183.2026.84613,iPad1(1000183),183,14.06.26 19:54,Prod,A1000183.7282,Tisch 8,115,S1000183.84613,SALE,1,10.9,10.9,0.0,0.0,0.0,0.0,107,Chicken Burger,Hauptgerichte,,MwSt. 7%,1.07,10.186916,0.713084,Normalverkauf
S1000183.84614,SP1000183.34.84614,SY1000183.2026.84614,iPad1(1000183),183,14.06.26 19:54,Prod,A1000183.7282,Tisch 8,115,S1000183.84614,SALE,2,5.5,11.0,0.0,0.0,0.0,0.0,111,Pommes Frites,Beilagen,,MwSt. 7%,1.07,10.280374,0.719626,Normalverkauf
S1000183.84615,SP1000183.34.84615,SY1000183.2026.84615,iPad1(1000183),183,14.06.26 19:54,Prod,A1000183.7282,Tisch 8,115,S1000183.84615,SALE,2,14.5,29.0,0.0,0.0,0.0,0.0,101,Lachs,Hauptspeisen,,MwSt. 7%,1.07,27.102804,1.897196,Normalverkauf
S1000183.84616,SP1000183.34.84616,SY1000183.2026.84616,iPad1(1000183),183,14.06.26 11:21,Prod,A1000183.7283,Tisch 1,111,S1000183.84616,SALE,2,6.5,13.0,0.0,0.0,0.0,0.0,100,Fischbrötchen Backfisch,Hauptspeisen,,MwSt. 7%,1.07,12.149533,0.850467,Normalverkauf
S1000183.84617,SP1000183.34.84617,SY1000183.2026.84617,iPad1(1000183),183,14.06.26 20:44,Prod,A1000183.7284,Tisch 7,111,S1000183.84617,SALE,2,2.8,5.6,0.0,0.0,0.0,0.0,121,Mineralwasser,Getränke,,MwSt. 19%,1.19,4.705882,0.894118,Normalverkauf
S1000183.84618,SP1000183.34.84618,SY1000183.2026.84618,iPad1(1000183),183,14.06.26 10:02,Prod,A1000183.7285,Tisch 3,115,S1000183.84618,SALE,1,5.5,5.5,0.0,0.0,0.0,0.0,111,Pommes Frites,Beilagen,,MwSt. 7%,1.07,5.140187,0.359813,Normalverkauf
S1000183.84619,SP1000183.34.84619,SY1000183.2026.84619,iPad1(1000183),183,14.06.26 12:07,Prod,A1000183.7286,Tisch 16,104,S1000183.84619,SALE,2,11.5,23.0,0.0,0.0,0.0,0.0,105,Garnelen-Kimchi-Bruger,Hauptgerichte,,MwSt. 7%,1.07,21.495327,1.504673,Normalverkauf
S1000183.84620,SP1000183.34.84620,SY1000183.2026.84620,iPad1(1000183),183,14.06.26 11:39,Prod,A1000183.7287,Tisch 20,115,S1000183.84620,SALE,2,3.9,7.8,0.0,0.0,0.0,0.0,126,Spezi,Getränke,,MwSt. 19%,1.19,6.554622,1.245378,Normalverkauf
S1000183.84621,SP1000183.34.84621,SY1000183.2026.84621,iPad1(1000183),183,14.06.26 11:39,Prod,A1000183.7287,Tisch 20,115,S1000183.84621,SALE,1,5.9,5.9,0.0,0.0,0.0,0.0,125,Zitronen-Limonade,Getränke,,MwSt. 19%,1.19,4.957983,0.942017,Normalverkauf
S1000183.84622,SP1000183.34.84622,SY1000183.2026.84622,iPad1(1000183),183,14.06.26 16:33,Prod,A1000183.7288,Tisch 17,117,S1000183.84622,SALE,1,4.2,4.2,0.0,0.0,0.0,0.0,122,Bier,Getränke,,MwSt. 19%,1.19,3.529412,0.670588,Normalverkauf
S1000183.84623,SP1000183.34.84623,SY1000183.2026.84623,iPad1(1000183),183,14.06.26 18:43,Prod,A1000183.7289,Tisch 4,106,S1000183.84623,SALE,1,11.9,11.9,0.0,0.0,0.0,0.0,110,Matjes-Baguette,Hauptgerichte,,MwSt. 7%,1.07,11.121495,0.778505,Normalverkauf
S1000183.84624,SP1000183.34.84624,SY1000183.2026.84624,iPad1(1000183),183,14.06.26 18:43,Prod,A1000183.7289,Tisch 4,106,S1000183.84624,SALE,1,11.5,11.5,0.0,0.0,0.0,0.0,105,Garnelen-Kimchi-Bruger,Hauptgerichte,,MwSt. 7%,1.07,10.747664,0.752336,Normalverkauf
S1000183.84625,SP1000183.34.84625,SY1000183.2026.84625,iPad1(1000183),183,14.06.26 17:02,Prod,A1000183.7290,Tisch 17,111,S1000183.84625,SALE,2,6.9,13.8,0.0,0.0,0.0,0.0,103,Fischbrötchen Räucherlachs,Hauptspeisen,,MwSt. 7%,1.07,12.897196,0.902804,Normalverkauf
S1000183.84626,SP1000183.34.84626,SY1000183.2026.84626,iPad1(1000183),183,14.06.26 17:02,Prod,A1000183.7290,Tisch 17,111,S1000183.84626,SALE,2,10.9,21.8,0.0,0.0,0.0,0.0,107,Chicken Burger,Hauptgerichte,,MwSt. 7%,1.07,20.373832,1.426168,Normalverkauf
S1000183.84627,SP1000183.34.84627,SY1000183.2026.84627,iPad1(1000183),183,14.06.26 17:02,Prod,A1000183.7290,Tisch 17,111,S1000183.84627,SALE,2,4.9,9.8,0.0,0.0,0.0,0.0,112,Kartoffelwedges,Beilagen,,MwSt. 7%,1.07,9.158879,0.641121,Normalverkauf
S1000183.84628,SP1000183.34.84628,SY1000183.2026.84628,iPad1(1000183),183,14.06.26 19:15,Prod,A1000183.7291,Tisch 17,117,S1000183.84628,SALE,1,10.9,10.9,0.0,0.0,0.0,0.0,104,Thunfisch Wrap,Hauptgerichte,,MwSt. 7%,1.07,10.186916,0.713084,Normalverkauf
S1000183.84629,SP1000183.34.84629,SY1000183.2026.84629,iPad1(1000183),183,14.06.26 15:38,Prod,A1000183.7292,Tisch 23,117,S1000183.84629,SALE,2,5.9,11.8,0.0,0.0,0.0,0.0,116,Vanillequark,Desserts,,MwSt. 7%,1.07,11.028037,0.771963,Normalverkauf
S1000183.84630,SP1000183.34.84630,SY1000183.2026.84630,iPad1(1000183),183,14.06.26 15:38,Prod,A1000183.7292,Tisch 23,117,S1000183.84630,SALE,1,6.9,6.9,0.0,0.0,0.0,0.0,103,Fischbrötchen Räucherlachs,Hauptspeisen,,MwSt. 7%,1.07,6.448598,0.451402,Normalverkauf
S1000183.84631,SP1000183.34.84631,SY1000183.2026.84631,iPad1(1000183),183,14.06.26 15:38,Prod,A1000183.7292,Tisch 23,117,S1000183.84631,SALE,2,5.9,11.8,0.0,0.0,0.0,0.0,125,Zitronen-Limonade,Getränke,,MwSt. 19%,1.19,9.915966,1.884034,Normalverkauf
S1000183.84632,SP1000183.34.84632,SY1000183.2026.84632,iPad1(1000183),183,14.06.26 14:10,Prod,A1000183.7293,Tisch 20,115,S1000183.84632,VOID,1,10.9,10.9,0.0,0.0,0.0,0.0,107,Chicken Burger,Hauptgerichte,,MwSt. 7%,1.07,10.186916,0.713084,Normalverkauf
S1000183.84633,SP1000183.34.84633,SY1000183.2026.84633,iPad1(1000183),183,14.06.26 14:10,Prod,A1000183.7293,Tisch 20,115,S1000183.84633,VOID,1,6.9,6.9,0.0,0.0,0.0,0.0,103,Fischbrötchen Räucherlachs,Hauptspeisen,,MwSt. 7%,1.07,6.448598,0.451402,Normalverkauf
S1000183.84634,SP1000183.34.84634,SY1000183.2026.84634,iPad1(1000183),183,14.06.26 16:48,Prod,A1000183.7294,Tisch 2,111,S1000183.84634,SALE,2,10.9,21.8,0.0,0.0,0.0,0.0,109,Bismarck-Baguette,Hauptgerichte,,MwSt. 7%,1.07,20.373832,1.426168,Normalverkauf
S1000183.84635,SP1000183.34.84635,SY1000183.2026.84635,iPad1(1000183),183,14.06.26 16:48,Prod,A1000183.7294,Tisch 2,111,S1000183.84635,SALE,1,10.9,10.9,0.0,0.0,0.0,0.0,109,Bismarck-Baguette,Hauptgerichte,,MwSt. 7%,1.07,10.186916,0.713084,Normalverkauf
S1000183.84636,SP1000183.34.84636,SY1000183.2026.84636,iPad1(1000183),183,14.06.26 12:49,Prod,A1000183.7295,Tisch 15,106,S1000183.84636,SALE,2,7.9,15.8,0.0,0.0,0.0,0.0,115,Tiramisu,Desserts,,MwSt. 7%,1.07,14.766355,1.033645,Normalverkauf
S1000183.84637,SP1000183.34.84637,SY1000183.2026.84637,iPad1(1000183),183,14.06.26 12:49,Prod,A1000183.7295,Tisch 15,106,S1000183.84637,SALE,2,4.2,8.4,0.0,0.0,0.0,0.0,122,Bier,Getränke,,MwSt. 19%,1.19,7.058824,1.341176,Normalverkauf
S1000183.84638,SP1000183.34.84638,SY1000183.2026.84638,iPad1(1000183),183,14.06.26 12:49,Prod,A1000183.7295,Tisch 15,106,S1000183.84638,SALE,1,14.5,14.5,0.0,0.0,0.0,0.0,101,Lachs,Hauptspeisen,,MwSt. 7%,1.07,13.551402,0.948598,Normalverkauf
S1000183.84639,SP1000183.34.84639,SY1000183.2026.84639,iPad1(1000183),183,14.06.26 11:10,Prod,A1000183.7296,Tisch 9,115,S1000183.84639,SALE,2,2.8,5.6,0.0,0.0,0.0,0.0,121,Mineralwasser,Getränke,,MwSt. 19%,1.19,4.705882,0.894118,Normalverkauf
S1000183.84640,SP1000183.34.84640,SY1000183.2026.84640,iPad1(1000183),183,14.06.26 13:49,Prod,A1000183.7297,Tisch 22,111,S1000183.84640,SALE,2,10.9,21.8,0.0,0.0,0.0,0.0,107,Chicken Burger,Hauptgerichte,,MwSt. 7%,1.07,20.373832,1.426168,Normalverkauf
S1000183.84641,SP1000183.34.84641,SY1000183.2026.84641,iPad1(1000183),183,14.06.26 13:49,Prod,A1000183.7297,Tisch 22,111,S1000183.84641,SALE,1,3.9,3.9,0.0,0.0,0.0,0.0,126,Spezi,Getränke,,MwSt. 19%,1.19,3.277311,0.622689,Normalverkauf
S1000183.84642,SP1000183.34.84642,SY1000183.2026.84642,iPad1(1000183),183,14.06.26 13:49,Prod,A1000183.7297,Tisch 22,111,S1000183.84642,SALE,2,11.9,23.8,0.0,0.0,0.0,0.0,110,Matjes-Baguette,Hauptgerichte,,MwSt. 7%,1.07,22.242991,1.557009,Normalverkauf
S1000183.84643,SP1000183.34.84643,SY1000183.2026.84643,iPad1(1000183),183,14.06.26 13:37,Prod,A1000183.7298,,117,S1000183.84643,VOID,1,3.9,3.9,0.0,0.0,0.0,0.0,119,Cola,Getränke,,MwSt. 19%,1.19,3.277311,0.622689,Normalverkauf
S1000183.84644,SP1000183.34.84644,SY1000183.2026.84644,iPad1(1000183),183,14.06.26 13:37,Prod,A1000183.7298,,117,S1000183.84644,VOID,1,4.2,4.2,0.0,0.0,0.0,0.0,122,Bier,Getränke,,MwSt. 19%,1.19,3.529412,0.670588,Normalverkauf
S1000183.84645,SP1000183.34.84645,SY1000183.2026.84645,iPad1(1000183),183,14.06.26 20:45,Prod,A1000183.7299,Tisch 6,117,S1000183.84645,SALE,2,6.9,13.8,0.0,0.0,0.0,0.0,103,Fischbrötchen Räucherlachs,Hauptspeisen,,MwSt. 7%,1.07,12.897196,0.902804,Normalverkauf
S1000183.84646,SP1000183.34.84646,SY1000183.2026.84646,iPad1(1000183),183,14.06.26 20:45,Prod,A1000183.7299,Tisch 6,117,S1000183.84646,SALE,2,2.8,5.6,0.0,0.0,0.0,0.0,121,Mineralwasser,Getränke,,MwSt. 19%,1.19,4.705882,0.894118,Normalverkauf
S1000183.84647,SP1000183.34.84647,SY1000183.2026.84647,iPad1(1000183),183,14.06.26 10:24,Prod,A1000183.7300,Tisch 23,115,S1000183.84647,SALE,2,2.8,5.6,0.0,0.0,0.0,0.0,121,Mineralwasser,Getränke,,MwSt. 19%,1.19,4.705882,0.894118,Normalverkauf
S1000183.84648,SP1000183.34.84648,SY1000183.2026.84648,iPad1(1000183),183,14.06.26 18:15,Prod,A1000183.7301,Tisch 9,106,S1000183.84648,SALE,1,9.8,9.8,0.0,0.0,0.0,0.0,108,Seelachs-Ei-Baugette,Hauptgerichte,,MwSt. 7%,1.07,9.158879,0.641121,Normalverkauf
S1000183.84649,SP1000183.34.84649,SY1000183.2026.84649,iPad1(1000183),183,14.06.26 12:57,Prod,A1000183.7302,Tisch 4,111,S1000183.84649,SALE,2,6.9,13.8,0.0,0.0,0.0,0.0,103,Fischbrötchen Räucherlachs,Hauptspeisen,,MwSt. 7%,1.07,12.897196,0.902804,Normalverkauf
S1000183.84650,SP1000183.34.84650,SY1000183.2026.84650,iPad1(1000183),183,14.06.26 20:35,Prod,A1000183.7303,Tisch 2,111,S1000183.84650,SALE,2,2.8,5.6,0.0,0.0,0.0,0.0,121,Mineralwasser,Getränke,,MwSt. 19%,1.19,4.705882,0.894118,Normalverkauf
S1000183.84651,SP1000183.34.84651,SY1000183.2026.84651,iPad1(1000183),183,14.06.26 18:34,Prod,A1000183.7304,Tisch 5,115,S1000183.84651,SALE,1,6.9,6.9,0.0,0.0,0.0,0.0,103,Fischbrötchen Räucherlachs,Hauptspeisen,,MwSt. 7%,1.07,6.448598,0.451402,Normalverkauf
S1000183.84652,SP1000183.34.84652,SY1000183.2026.84652,iPad1(1000183),183,14.06.26 18:34,Prod,A1000183.7304,Tisch 5,115,S1000183.84652,SALE,1,14.5,14.5,0.0,0.0,0.0,0.0,101,Lachs,Hauptspeisen,,MwSt. 7%,1.07,13.551402,0.948598,Normalverkauf
S1000183.84653,SP1000183.34.84653,SY1000183.2026.84653,iPad1(1000183),183,14.06.26 17:05,Prod,A1000183.7305,Tisch 1,115,S1000183.84653,SALE,1,3.9,3.9,0.0,0.0,0.0,0.0,126,Spezi,Getränke,,MwSt. 19%,1.19,3.277311,0.622689,Normalverkauf
S1000183.84654,SP1000183.34.84654,SY1000183.2026.84654,iPad1(1000183),183,14.06.26 17:05,Prod,A1000183.7305,Tisch 1,115,S1000183.84654,SALE,1,5.5,5.5,0.0,0.0,0.0,0.0,111,Pommes Frites,Beilagen,,MwSt. 7%,1.07,5.140187,0.359813,Normalverkauf
S1000183.84655,SP1000183.34.84655,SY1000183.2026.84655,iPad1(1000183),183,14.06.26 13:31,Prod,A1000183.7306,Tisch 20,104,S1000183.84655,SALE,2,10.9,21.8,0.0,0.0,0.0,0.0,107,Chicken Burger,Hauptgerichte,,MwSt. 7%,1.07,20.373832,1.426168,Normalverkauf
S1000183.84656,SP1000183.34.84656,SY1000183.2026.84656,iPad1(1000183),183,14.06.26 13:31,Prod,A1000183.7306,Tisch 20,104,S1000183.84656,SALE,2,11.5,23.0,0.0,0.0,0.0,0.0,105,Garnelen-Kimchi-Bruger,Hauptgerichte,,MwSt. 7%,1.07,21.495327,1.504673,Normalverkauf
S1000183.84657,SP1000183.34.84657,SY1000183.2026.84657,iPad1(1000183),183,14.06.26 08:27,Prod,A1000183.7307,Tisch 20,106,S1000183.84657,SALE,2,4.2,8.4,0.0,0.0,0.0,0.0,122,Bier,Getränke,,MwSt. 19%,1.19,7.058824,1.341176,Normalverkauf
S1000183.84658,SP1000183.34.84658,SY1000183.2026.84658,iPad1(1000183),183,14.06.26 08:27,Prod,A1000183.7307,Tisch 20,106,S1000183.84658,SALE,1,3.9,3.9,0.0,0.0,0.0,0.0,126,Spezi,Getränke,,MwSt. 19%,1.19,3.277311,0.622689,Normalverkauf
S1000183.84659,SP1000183.34.84659,SY1000183.2026.84659,iPad1(1000183),183,14.06.26 08:27,Prod,A1000183.7307,Tisch 20,106,S1000183.84659,SALE,2,14.5,29.0,0.0,0.0,0.0,0.0,101,Lachs,Hauptspeisen,,MwSt. 7%,1.07,27.102804,1.897196,Normalverkauf
S1000183.84660,SP1000183.34.84660,SY1000183.2026.84660,iPad1(1000183),183,14.06.26 10:16,Prod,A1000183.7308,Tisch 19,115,S1000183.84660,SALE,1,14.5,14.5,0.0,0.0,0.0,0.0,101,Lachs,Hauptspeisen,,MwSt. 7%,1.07,13.551402,0.948598,Normalverkauf
S1000183.84661,SP1000183.34.84661,SY1000183.2026.84661,iPad1(1000183),183,14.06.26 10:16,Prod,A1000183.7308,Tisch 19,115,S1000183.84661,SALE,2,2.8,5.6,0.0,0.0,0.0,0.0,121,Mineralwasser,Getränke,,MwSt. 19%,1.19,4.705882,0.894118,Normalverkauf
S1000183.84662,SP1000183.34.84662,SY1000183.2026.84662,iPad1(1000183),183,14.06.26 10:16,Prod,A1000183.7308,Tisch 19,115,S1000183.84662,SALE,1,6.9,6.9,0.0,0.0,0.0,0.0,113,Garnelen Box,Beilagen,,MwSt. 7%,1.07,6.448598,0.451402,Normalverkauf
S1000183.84663,SP1000183.34.84663,SY1000183.2026.84663,iPad1(1000183),183,14.06.26 09:21,Prod,A1000183.7309,Tisch 10,117,S1000183.84663,SALE,2,6.9,13.8,0.0,0.0,0.0,0.0,113,Garnelen Box,Beilagen,,MwSt. 7%,1.07,12.897196,0.902804,Normalverkauf
S1000183.84664,SP1000183.34.84664,SY1000183.2026.84664,iPad1(1000183),183,14.06.26 09:21,Prod,A1000183.7309,Tisch 10,117,S1000183.84664,SALE,2,6.9,13.8,0.0,0.0,0.0,0.0,103,Fischbrötchen Räucherlachs,Hauptspeisen,,MwSt. 7%,1.07,12.897196,0.902804,Normalverkauf
S1000183.84665,SP1000183.34.84665,SY1000183.2026.84665,iPad1(1000183),183,14.06.26 09:21,Prod,A1000183.7309,Tisch 10,117,S1000183.84665,SALE,2,3.9,7.8,0.0,0.0,0.0,0.0,126,Spezi,Getränke,,MwSt. 19%,1.19,6.554622,1.245378,Normalverkauf
S1000183.84666,SP1000183.34.84666,SY1000183.2026.84666,iPad1(1000183),183,14.06.26 18:54,Prod,A1000183.7310,,117,S1000183.84666,SALE,2,3.9,7.8,0.0,0.0,0.0,0.0,127,Alkoholfreies Bier,Getränke,,MwSt. 19%,1.19,6.554622,1.245378,Normalverkauf
S1000183.84667,SP1000183.34.84667,SY1000183.2026.84667,iPad1(1000183),183,14.06.26 18:54,Prod,A1000183.7310,,117,S1000183.84667,SALE,2,5.5,11.0,0.0,0.0,0.0,0.0,111,Pommes Frites,Beilagen,,MwSt. 7%,1.07,10.280374,0.719626,Normalverkauf
S1000183.84668,SP1000183.34.84668,SY1000183.2026.84668,iPad1(1000183),183,14.06.26 18:54,Prod,A1000183.7310,,117,S1000183.84668,SALE,2,13.5,27.0,0.0,0.0,0.0,0.0,102,Matjes,Hauptspeisen,,MwSt. 7%,1.07,25.233645,1.766355,Normalverkauf
S1000183.84669,SP1000183.34.84669,SY1000183.2026.84669,iPad1(1000183),183,14.06.26 15:40,Prod,A1000183.7311,Tisch 22,111,S1000183.84669,SALE,1,10.9,10.9,0.0,0.0,0.0,0.0,109,Bismarck-Baguette,Hauptgerichte,,MwSt. 7%,1.07,10.186916,0.713084,Normalverkauf
S1000183.84670,SP1000183.34.84670,SY1000183.2026.84670,iPad1(1000183),183,14.06.26 15:40,Prod,A1000183.7311,Tisch 22,111,S1000183.84670,SALE,2,10.9,21.8,0.0,0.0,0.0,0.0,107,Chicken Burger,Hauptgerichte,,MwSt. 7%,1.07,20.373832,1.426168,Normalverkauf
S1000183.84671,SP1000183.34.84671,SY1000183.2026.84671,iPad1(1000183),183,14.06.26 15:40,Prod,A1000183.7311,Tisch 22,111,S1000183.84671,SALE,2,3.2,6.4,0.0,0.0,0.0,0.0,120,Apfelschorle,Getränke,,MwSt. 19%,1.19,5.378151,1.021849,Normalverkauf
S1000183.84672,SP1000183.34.84672,SY1000183.2026.84672,iPad1(1000183),183,14.06.26 19:05,Prod,A1000183.7312,Tisch 16,117,S1000183.84672,SALE,2,10.9,21.8,0.0,0.0,0.0,0.0,109,Bismarck-Baguette,Hauptgerichte,,MwSt. 7%,1.07,20.373832,1.426168,Normalverkauf
S1000183.84673,SP1000183.34.84673,SY1000183.2026.84673,iPad1(1000183),183,14.06.26 19:05,Prod,A1000183.7312,Tisch 16,117,S1000183.84673,SALE,2,3.9,7.8,0.0,0.0,0.0,0.0,126,Spezi,Getränke,,MwSt. 19%,1.19,6.554622,1.245378,Normalverkauf
S1000183.84674,SP1000183.34.84674,SY1000183.2026.84674,iPad1(1000183),183,14.06.26 16:52,Prod,A1000183.7313,Tisch 7,117,S1000183.84674,SALE,1,4.9,4.9,0.0,0.0,0.0,0.0,112,Kartoffelwedges,Beilagen,,MwSt. 7%,1.07,4.579439,0.320561,Normalverkauf
S1000183.84675,SP1000183.34.84675,SY1000183.2026.84675,iPad1(1000183),183,14.06.26 10:50,Prod,A1000183.7314,Tisch 11,120,S1000183.84675,SALE,1,3.9,3.9,0.0,0.0,0.0,0.0,126,Spezi,Getränke,,MwSt. 19%,1.19,3.277311,0.622689,Normalverkauf
S1000183.84676,SP1000183.34.84676,SY1000183.2026.84676,iPad1(1000183),183,14.06.26 11:01,Prod,A1000183.7315,Tisch 17,120,S1000183.84676,SALE,2,5.5,11.0,0.0,0.0,0.0,0.0,111,Pommes Frites,Beilagen,,MwSt. 7%,1.07,10.280374,0.719626,Normalverkauf
S1000183.84677,SP1000183.34.84677,SY1000183.2026.84677,iPad1(1000183),183,14.06.26 11:01,Prod,A1000183.7315,Tisch 17,120,S1000183.84677,SALE,2,5.9,11.8,0.0,0.0,0.0,0.0,125,Zitronen-Limonade,Getränke,,MwSt. 19%,1.19,9.915966,1.884034,Normalverkauf
S1000183.84678,SP1000183.34.84678,SY1000183.2026.84678,iPad1(1000183),183,14.06.26 15:42,Prod,A1000183.7316,Tisch 19,117,S1000183.84678,SALE,2,10.9,21.8,0.0,0.0,0.0,0.0,107,Chicken Burger,Hauptgerichte,,MwSt. 7%,1.07,20.373832,1.426168,Normalverkauf
S1000183.84679,SP1000183.34.84679,SY1000183.2026.84679,iPad1(1000183),183,14.06.26 15:42,Prod,A1000183.7316,Tisch 19,117,S1000183.84679,SALE,2,4.2,8.4,0.0,0.0,0.0,0.0,122,Bier,Getränke,,MwSt. 19%,1.19,7.058824,1.341176,Normalverkauf
S1000183.84680,SP1000183.34.84680,SY1000183.2026.84680,iPad1(1000183),183,14.06.26 17:51,Prod,A1000183.7317,Tisch 22,115,S1000183.84680,SALE,2,5.5,11.0,0.0,0.0,0.0,0.0,114,Fisch Nuggets Box,Beilagen,,MwSt. 7%,1.07,10.280374,0.719626,Normalverkauf
S1000183.84681,SP1000183.34.84681,SY1000183.2026.84681,iPad1(1000183),183,14.06.26 17:51,Prod,A1000183.7317,Tisch 22,115,S1000183.84681,SALE,2,10.9,21.8,0.0,0.0,0.0,0.0,107,Chicken Burger,Hauptgerichte,,MwSt. 7%,1.07,20.373832,1.426168,Normalverkauf
S1000183.84682,SP1000183.34.84682,SY1000183.2026.84682,iPad1(1000183),183,14.06.26 17:51,Prod,A1000183.7317,Tisch 22,115,S1000183.84682,SALE,1,11.5,11.5,0.0,0.0,0.0,0.0,105,Garnelen-Kimchi-Bruger,Hauptgerichte,,MwSt. 7%,1.07,10.747664,0.752336,Normalverkauf
S1000183.84683,SP1000183.34.84683,SY1000183.2026.84683,iPad1(1000183),183,14.06.26 18:42,Prod,A1000183.7318,Tisch 10,115,S1000183.84683,SALE,1,5.9,5.9,0.0,0.0,0.0,0.0,123,Inger-Limonade,Getränke,,MwSt. 19%,1.19,4.957983,0.942017,Normalverkauf
S1000183.84684,SP1000183.34.84684,SY1000183.2026.84684,iPad1(1000183),183,14.06.26 12:14,Prod,A1000183.7319,Tisch 15,117,S1000183.84684,SALE,1,2.8,2.8,0.0,0.0,0.0,0.0,121,Mineralwasser,Getränke,,MwSt. 19%,1.19,2.352941,0.447059,Normalverkauf
S1000183.84685,SP1000183.34.84685,SY1000183.2026.84685,iPad1(1000183),183,14.06.26 12:14,Prod,A1000183.7319,Tisch 15,117,S1000183.84685,SALE,1,3.2,3.2,0.0,0.0,0.0,0.0,120,Apfelschorle,Getränke,,MwSt. 19%,1.19,2.689076,0.510924,Normalverkauf
S1000183.84686,SP1000183.34.84686,SY1000183.2026.84686,iPad1(1000183),183,14.06.26 12:14,Prod,A1000183.7319,Tisch 15,117,S1000183.84686,SALE,2,6.9,13.8,0.0,0.0,0.0,0.0,103,Fischbrötchen Räucherlachs,Hauptspeisen,,MwSt. 7%,1.07,12.897196,0.902804,Normalverkauf
S1000183.84687,SP1000183.34.84687,SY1000183.2026.84687,iPad1(1000183),183,14.06.26 08:44,Prod,A1000183.7320,Tisch 3,115,S1000183.84687,SALE,1,2.8,2.8,0.0,0.0,0.0,0.0,121,Mineralwasser,Getränke,,MwSt. 19%,1.19,2.352941,0.447059,Normalverkauf
S1000183.84688,SP1000183.34.84688,SY1000183.2026.84688,iPad1(1000183),183,14.06.26 08:44,Prod,A1000183.7320,Tisch 3,115,S1000183.84688,SALE,1,3.9,3.9,0.0,0.0,0.0,0.0,124,Cola Zero,Getränke,,MwSt. 19%,1.19,3.277311,0.622689,Normalverkauf
S1000183.84689,SP1000183.34.84689,SY1000183.2026.84689,iPad1(1000183),183,14.06.26 08:44,Prod,A1000183.7320,Tisch 3,115,S1000183.84689,SALE,1,5.5,5.5,0.0,0.0,0.0,0.0,111,Pommes Frites,Beilagen,,MwSt. 7%,1.07,5.140187,0.359813,Normalverkauf
S1000183.84690,SP1000183.34.84690,SY1000183.2026.84690,iPad1(1000183),183,14.06.26 17:01,Prod,A1000183.7321,Tisch 6,117,S1000183.84690,VOID,1,4.2,4.2,0.0,0.0,0.0,0.0,122,Bier,Getränke,,MwSt. 19%,1.19,3.529412,0.670588,Normalverkauf
S1000183.84691,SP1000183.34.84691,SY1000183.2026.84691,iPad1(1000183),183,14.06.26 20:39,Prod,A1000183.7322,Tisch 13,115,S1000183.84691,SALE,1,3.9,3.9,0.0,0.0,0.0,0.0,124,Cola Zero,Getränke,,MwSt. 19%,1.19,3.277311,0.622689,Normalverkauf
S1000183.84692,SP1000183.34.84692,SY1000183.2026.84692,iPad1(1000183),183,14.06.26 20:39,Prod,A1000183.7322,Tisch 13,115,S1000183.84692,SALE,2,11.5,23.0,0.0,0.0,0.0,0.0,105,Garnelen-Kimchi-Bruger,Hauptgerichte,,MwSt. 7%,1.07,21.495327,1.504673,Normalverkauf
S1000183.84693,SP1000183.34.84693,SY1000183.2026.84693,iPad1(1000183),183,14.06.26 20:39,Prod,A1000183.7322,Tisch 13,115,S1000183.84693,SALE,2,6.5,13.0,0.0,0.0,0.0,0.0,100,Fischbrötchen Backfisch,Hauptspeisen,,MwSt. 7%,1.07,12.149533,0.850467,Normalverkauf
S1000183.84694,SP1000183.34.84694,SY1000183.2026.84694,iPad1(1000183),183,14.06.26 18:46,Prod,A1000183.7323,Tisch 12,106,S1000183.84694,SALE,2,6.9,13.8,0.0,0.0,0.0,0.0,103,Fischbrötchen Räucherlachs,Hauptspeisen,,MwSt. 7%,1.07,12.897196,0.902804,Normalverkauf
S1000183.84695,SP1000183.34.84695,SY1000183.2026.84695,iPad1(1000183),183,14.06.26 18:46,Prod,A1000183.7323,Tisch 12,106,S1000183.84695,SALE,1,5.5,5.5,0.0,0.0,0.0,0.0,114,Fisch Nuggets Box,Beilagen,,MwSt. 7%,1.07,5.140187,0.359813,Normalverkauf
S1000183.84696,SP1000183.34.84696,SY1000183.2026.84696,iPad1(1000183),183,14.06.26 10:46,Prod,A1000183.7324,,104,S1000183.84696,SALE,1,3.9,3.9,0.0,0.0,0.0,0.0,119,Cola,Getränke,,MwSt. 19%,1.19,3.277311,0.622689,Normalverkauf
S1000183.84697,SP1000183.34.84697,SY1000183.2026.84697,iPad1(1000183),183,14.06.26 10:46,Prod,A1000183.7324,,104,S1000183.84697,SALE,1,11.5,11.5,0.0,0.0,0.0,0.0,105,Garnelen-Kimchi-Bruger,Hauptgerichte,,MwSt. 7%,1.07,10.747664,0.752336,Normalverkauf
S1000183.84698,SP1000183.34.84698,SY1000183.2026.84698,iPad1(1000183),183,14.06.26 10:46,Prod,A1000183.7324,,104,S1000183.84698,SALE,2,5.5,11.0,0.0,0.0,0.0,0.0,111,Pommes Frites,Beilagen,,MwSt. 7%,1.07,10.280374,0.719626,Normalverkauf
S1000183.84699,SP1000183.34.84699,SY1000183.2026.84699,iPad1(1000183),183,14.06.26 13:09,Prod,A1000183.7325,Tisch 17,106,S1000183.84699,SALE,1,5.9,5.9,0.0,0.0,0.0,0.0,116,Vanillequark,Desserts,,MwSt. 7%,1.07,5.514019,0.385981,Normalverkauf
S1000183.84700,SP1000183.34.84700,SY1000183.2026.84700,iPad1(1000183),183,14.06.26 13:09,Prod,A1000183.7325,Tisch 17,106,S1000183.84700,SALE,1,5.5,5.5,0.0,0.0,0.0,0.0,111,Pommes Frites,Beilagen,,MwSt. 7%,1.07,5.140187,0.359813,Normalverkauf
S1000183.84701,SP1000183.34.84701,SY1000183.2026.84701,iPad1(1000183),183,14.06.26 13:09,Prod,A1000183.7325,Tisch 17,106,S1000183.84701,SALE,1,2.8,2.8,0.0,0.0,0.0,0.0,121,Mineralwasser,Getränke,,MwSt. 19%,1.19,2.352941,0.447059,Normalverkauf
S1000183.84702,SP1000183.34.84702,SY1000183.2026.84702,iPad1(1000183),183,14.06.26 18:40,Prod,A1000183.7326,Tisch 24,111,S1000183.84702,SALE,1,6.9,6.9,0.0,0.0,0.0,0.0,103,Fischbrötchen Räucherlachs,Hauptspeisen,,MwSt. 7%,1.07,6.448598,0.451402,Normalverkauf
S1000183.84703,SP1000183.34.84703,SY1000183.2026.84703,iPad1(1000183),183,14.06.26 18:40,Prod,A1000183.7326,Tisch 24,111,S1000183.84703,SALE,2,11.9,23.8,0.0,0.0,0.0,0.0,110,Matjes-Baguette,Hauptgerichte,,MwSt. 7%,1.07,22.242991,1.557009,Normalverkauf
S1000183.84704,SP1000183.34.84704,SY1000183.2026.84704,iPad1(1000183),183,14.06.26 18:40,Prod,A1000183.7326,Tisch 24,111,S1000183.84704,SALE,2,3.9,7.8,0.0,0.0,0.0,0.0,119,Cola,Getränke,,MwSt. 19%,1.19,6.554622,1.245378,Normalverkauf
S1000183.84705,SP1000183.34.84705,SY1000183.2026.84705,iPad1(1000183),183,14.06.26 15:47,Prod,A1000183.7327,Tisch 9,106,S1000183.84705,SALE,2,10.9,21.8,0.0,0.0,0.0,0.0,109,Bismarck-Baguette,Hauptgerichte,,MwSt. 7%,1.07,20.373832,1.426168,Normalverkauf
S1000183.84706,SP1000183.34.84706,SY1000183.2026.84706,iPad1(1000183),183,14.06.26 17:14,Prod,A1000183.7328,,115,S1000183.84706,SALE,1,5.5,5.5,0.0,0.0,0.0,0.0,111,Pommes Frites,Beilagen,,MwSt. 7%,1.07,5.140187,0.359813,Normalverkauf
S1000183.84707,SP1000183.34.84707,SY1000183.2026.84707,iPad1(1000183),183,14.06.26 12:57,Prod,A1000183.7329,Tisch 14,115,S1000183.84707,SALE,1,2.8,2.8,0.0,0.0,0.0,0.0,121,Mineralwasser,Getränke,,MwSt. 19%,1.19,2.352941,0.447059,Normalverkauf
S1000183.84708,SP1000183.34.84708,SY1000183.2026.84708,iPad1(1000183),183,14.06.26 13:01,Prod,A1000183.7330,Tisch 5,117,S1000183.84708,SALE,1,5.9,5.9,0.0,0.0,0.0,0.0,125,Zitronen-Limonade,Getränke,,MwSt. 19%,1.19,4.957983,0.942017,Normalverkauf
S1000183.84709,SP1000183.34.84709,SY1000183.2026.84709,iPad1(1000183),183,14.06.26 20:25,Prod,A1000183.7331,Tisch 3,115,S1000183.84709,SALE,2,6.5,13.0,0.0,0.0,0.0,0.0,100,Fischbrötchen Backfisch,Hauptspeisen,,MwSt. 7%,1.07,12.149533,0.850467,Normalverkauf
S1000183.84710,SP1000183.34.84710,SY1000183.2026.84710,iPad1(1000183),183,14.06.26 20:25,Prod,A1000183.7331,Tisch 3,115,S1000183.84710,SALE,1,11.9,11.9,0.0,0.0,0.0,0.0,110,Matjes-Baguette,Hauptgerichte,,MwSt. 7%,1.07,11.121495,0.778505,Normalverkauf
S1000183.84711,SP1000183.34.84711,SY1000183.2026.84711,iPad1(1000183),183,14.06.26 16:53,Prod,A1000183.7332,Tisch 14,106,S1000183.84711,SALE,2,6.9,13.8,0.0,0.0,0.0,0.0,103,Fischbrötchen Räucherlachs,Hauptspeisen,,MwSt. 7%,1.07,12.897196,0.902804,Normalverkauf
S1000183.84712,SP1000183.34.84712,SY1000183.2026.84712,iPad1(1000183),183,14.06.26 16:53,Prod,A1000183.7332,Tisch 14,106,S1000183.84712,SALE,1,11.9,11.9,0.0,0.0,0.0,0.0,110,Matjes-Baguette,Hauptgerichte,,MwSt. 7%,1.07,11.121495,0.778505,Normalverkauf
S1000183.84713,SP1000183.34.84713,SY1000183.2026.84713,iPad1(1000183),183,14.06.26 16:53,Prod,A1000183.7332,Tisch 14,106,S1000183.84713,SALE,2,5.5,11.0,0.0,0.0,0.0,0.0,111,Pommes Frites,Beilagen,,MwSt. 7%,1.07,10.280374,0.719626,Normalverkauf
S1000183.84714,SP1000183.34.84714,SY1000183.2026.84714,iPad1(1000183),183,14.06.26 13:28,Prod,A1000183.7333,Tisch 12,120,S1000183.84714,SALE,1,3.2,3.2,0.0,0.0,0.0,0.0,120,Apfelschorle,Getränke,,MwSt. 19%,1.19,2.689076,0.510924,Normalverkauf
S1000183.84715,SP1000183.34.84715,SY1000183.2026.84715,iPad1(1000183),183,14.06.26 13:28,Prod,A1000183.7333,Tisch 12,120,S1000183.84715,SALE,2,3.9,7.8,0.0,0.0,0.0,0.0,126,Spezi,Getränke,,MwSt. 19%,1.19,6.554622,1.245378,Normalverkauf
S1000183.84716,SP1000183.34.84716,SY1000183.2026.84716,iPad1(1000183),183,14.06.26 13:28,Prod,A1000183.7333,Tisch 12,120,S1000183.84716,SALE,2,2.8,5.6,0.0,0.0,0.0,0.0,121,Mineralwasser,Getränke,,MwSt. 19%,1.19,4.705882,0.894118,Normalverkauf
S1000183.84717,SP1000183.34.84717,SY1000183.2026.84717,iPad1(1000183),183,14.06.26 19:10,Prod,A1000183.7334,Tisch 3,111,S1000183.84717,SALE,1,10.9,10.9,0.0,0.0,0.0,0.0,104,Thunfisch Wrap,Hauptgerichte,,MwSt. 7%,1.07,10.186916,0.713084,Normalverkauf
S1000183.84718,SP1000183.34.84718,SY1000183.2026.84718,iPad1(1000183),183,14.06.26 19:10,Prod,A1000183.7334,Tisch 3,111,S1000183.84718,SALE,2,10.9,21.8,0.0,0.0,0.0,0.0,109,Bismarck-Baguette,Hauptgerichte,,MwSt. 7%,1.07,20.373832,1.426168,Normalverkauf
S1000183.84719,SP1000183.34.84719,SY1000183.2026.84719,iPad1(1000183),183,14.06.26 19:10,Prod,A1000183.7334,Tisch 3,111,S1000183.84719,SALE,2,5.5,11.0,0.0,0.0,0.0,0.0,111,Pommes Frites,Beilagen,,MwSt. 7%,1.07,10.280374,0.719626,Normalverkauf
S1000183.84720,SP1000183.34.84720,SY1000183.2026.84720,iPad1(1000183),183,14.06.26 11:29,Prod,A1000183.7335,Tisch 7,111,S1000183.84720,SALE,1,7.9,7.9,0.0,0.0,0.0,0.0,115,Tiramisu,Desserts,,MwSt. 7%,1.07,7.383178,0.516822,Normalverkauf
S1000183.84721,SP1000183.34.84721,SY1000183.2026.84721,iPad1(1000183),183,14.06.26 18:01,Prod,A1000183.7336,Tisch 18,104,S1000183.84721,SALE,1,6.5,6.5,0.0,0.0,0.0,0.0,118,Schokokuchen,Desserts,,MwSt. 7%,1.07,6.074766,0.425234,Normalverkauf
S1000183.84722,SP1000183.34.84722,SY1000183.2026.84722,iPad1(1000183),183,14.06.26 18:01,Prod,A1000183.7336,Tisch 18,104,S1000183.84722,SALE,2,2.8,5.6,0.0,0.0,0.0,0.0,121,Mineralwasser,Getränke,,MwSt. 19%,1.19,4.705882,0.894118,Normalverkauf
S1000183.84723,SP1000183.34.84723,SY1000183.2026.84723,iPad1(1000183),183,14.06.26 18:01,Prod,A1000183.7336,Tisch 18,104,S1000183.84723,SALE,2,11.5,23.0,0.0,0.0,0.0,0.0,105,Garnelen-Kimchi-Bruger,Hauptgerichte,,MwSt. 7%,1.07,21.495327,1.504673,Normalverkauf
S1000183.84724,SP1000183.34.84724,SY1000183.2026.84724,iPad1(1000183),183,14.06.26 12:20,Prod,A1000183.7337,Tisch 10,115,S1000183.84724,VOID,2,9.8,19.6,0.0,0.0,0.0,0.0,108,Seelachs-Ei-Baugette,Hauptgerichte,,MwSt. 7%,1.07,18.317757,1.282243,Normalverkauf
S1000183.84725,SP1000183.34.84725,SY1000183.2026.84725,iPad1(1000183),183,14.06.26 19:50,Prod,A1000183.7338,Tisch 18,115,S1000183.84725,SALE,2,14.5,29.0,0.0,0.0,0.0,0.0,101,Lachs,Hauptspeisen,,MwSt. 7%,1.07,27.102804,1.897196,Normalverkauf
S1000183.84726,SP1000183.34.84726,SY1000183.2026.84726,iPad1(1000183),183,14.06.26 19:50,Prod,A1000183.7338,Tisch 18,115,S1000183.84726,SALE,1,3.9,3.9,0.0,0.0,0.0,0.0,126,Spezi,Getränke,,MwSt. 19%,1.19,3.277311,0.622689,Normalverkauf
S1000183.84727,SP1000183.34.84727,SY1000183.2026.84727,iPad1(1000183),183,14.06.26 19:50,Prod,A1000183.7338,Tisch 18,115,S1000183.84727,SALE,1,13.5,13.5,0.0,0.0,0.0,0.0,102,Matjes,Hauptspeisen,,MwSt. 7%,1.07,12.616822,0.883178,Normalverkauf
S1000183.84728,SP1000183.34.84728,SY1000183.2026.84728,iPad1(1000183),183,14.06.26 09:57,Prod,A1000183.7339,Tisch 23,104,S1000183.84728,SALE,2,5.5,11.0,0.0,0.0,0.0,0.0,111,Pommes Frites,Beilagen,,MwSt. 7%,1.07,10.280374,0.719626,Normalverkauf
S1000183.84729,SP1000183.34.84729,SY1000183.2026.84729,iPad1(1000183),183,14.06.26 09:57,Prod,A1000183.7339,Tisch 23,104,S1000183.84729,SALE,2,6.9,13.8,0.0,0.0,0.0,0.0,113,Garnelen Box,Beilagen,,MwSt. 7%,1.07,12.897196,0.902804,Normalverkauf
S1000183.84730,SP1000183.34.84730,SY1000183.2026.84730,iPad1(1000183),183,14.06.26 09:57,Prod,A1000183.7339,Tisch 23,104,S1000183.84730,SALE,2,11.5,23.0,0.0,0.0,0.0,0.0,105,Garnelen-Kimchi-Bruger,Hauptgerichte,,MwSt. 7%,1.07,21.495327,1.504673,Normalverkauf
S1000183.84731,SP1000183.34.84731,SY1000183.2026.84731,iPad1(1000183),183,14.06.26 12:03,Prod,A1000183.7340,Tisch 24,117,S1000183.84731,SALE,2,5.9,11.8,0.0,0.0,0.0,0.0,117,Rote Grütze,Desserts,,MwSt. 7%,1.07,11.028037,0.771963,Normalverkauf
S1000183.84732,SP1000183.34.84732,SY1000183.2026.84732,iPad1(1000183),183,14.06.26 12:03,Prod,A1000183.7340,Tisch 24,117,S1000183.84732,SALE,2,9.8,19.6,0.0,0.0,0.0,0.0,108,Seelachs-Ei-Baugette,Hauptgerichte,,MwSt. 7%,1.07,18.317757,1.282243,Normalverkauf
S1000183.84733,SP1000183.34.84733,SY1000183.2026.84733,iPad1(1000183),183,14.06.26 12:03,Prod,A1000183.7340,Tisch 24,117,S1000183.84733,SALE,2,10.9,21.8,0.0,0.0,0.0,0.0,104,Thunfisch Wrap,Hauptgerichte,,MwSt. 7%,1.07,20.373832,1.426168,Normalverkauf
S1000183.84734,SP1000183.34.84734,SY1000183.2026.84734,iPad1(1000183),183,14.06.26 17:13,Prod,A1000183.7341,Tisch 14,120,S1000183.84734,SALE,1,3.9,3.9,0.0,0.0,0.0,0.0,124,Cola Zero,Getränke,,MwSt. 19%,1.19,3.277311,0.622689,Normalverkauf
S1000183.84735,SP1000183.34.84735,SY1000183.2026.84735,iPad1(1000183),183,14.06.26 18:40,Prod,A1000183.7342,Tisch 9,120,S1000183.84735,SALE,1,5.5,5.5,0.0,0.0,0.0,0.0,111,Pommes Frites,Beilagen,,MwSt. 7%,1.07,5.140187,0.359813,Normalverkauf
S1000183.84736,SP1000183.34.84736,SY1000183.2026.84736,iPad1(1000183),183,14.06.26 18:40,Prod,A1000183.7342,Tisch 9,120,S1000183.84736,SALE,1,5.5,5.5,0.0,0.0,0.0,0.0,111,Pommes Frites,Beilagen,,MwSt. 7%,1.07,5.140187,0.359813,Normalverkauf
S1000183.84737,SP1000183.34.84737,SY1000183.2026.84737,iPad1(1000183),183,14.06.26 19:50,Prod,A1000183.7343,Tisch 22,115,S1000183.84737,SALE,2,3.9,7.8,0.0,0.0,0.0,0.0,127,Alkoholfreies Bier,Getränke,,MwSt. 19%,1.19,6.554622,1.245378,Normalverkauf
S1000183.84738,SP1000183.34.84738,SY1000183.2026.84738,iPad1(1000183),183,14.06.26 19:50,Prod,A1000183.7343,Tisch 22,115,S1000183.84738,SALE,2,6.5,13.0,0.0,0.0,0.0,0.0,100,Fischbrötchen Backfisch,Hauptspeisen,,MwSt. 7%,1.07,12.149533,0.850467,Normalverkauf
S1000183.84739,SP1000183.34.84739,SY1000183.2026.84739,iPad1(1000183),183,14.06.26 12:36,Prod,A1000183.7344,Tisch 4,115,S1000183.84739,SALE,2,3.2,6.4,0.0,0.0,0.0,0.0,120,Apfelschorle,Getränke,,MwSt. 19%,1.19,5.378151,1.021849,Normalverkauf
S1000183.84740,SP1000183.34.84740,SY1000183.2026.84740,iPad1(1000183),183,14.06.26 12:36,Prod,A1000183.7344,Tisch 4,115,S1000183.84740,SALE,1,3.9,3.9,0.0,0.0,0.0,0.0,127,Alkoholfreies Bier,Getränke,,MwSt. 19%,1.19,3.277311,0.622689,Normalverkauf
S1000183.84741,SP1000183.34.84741,SY1000183.2026.84741,iPad1(1000183),183,14.06.26 12:36,Prod,A1000183.7344,Tisch 4,115,S1000183.84741,SALE,2,3.9,7.8,0.0,0.0,0.0,0.0,119,Cola,Getränke,,MwSt. 19%,1.19,6.554622,1.245378,Normalverkauf
S1000183.84742,SP1000183.34.84742,SY1000183.2026.84742,iPad1(1000183),183,14.06.26 19:22,Prod,A1000183.7345,Tisch 6,111,S1000183.84742,SALE,1,3.2,3.2,0.0,0.0,0.0,0.0,120,Apfelschorle,Getränke,,MwSt. 19%,1.19,2.689076,0.510924,Normalverkauf
S1000183.84743,SP1000183.34.84743,SY1000183.2026.84743,iPad1(1000183),183,14.06.26 19:22,Prod,A1000183.7345,Tisch 6,111,S1000183.84743,SALE,1,10.9,10.9,0.0,0.0,0.0,0.0,107,Chicken Burger,Hauptgerichte,,MwSt. 7%,1.07,10.186916,0.713084,Normalverkauf
S1000183.84744,SP1000183.34.84744,SY1000183.2026.84744,iPad1(1000183),183,14.06.26 19:22,Prod,A1000183.7345,Tisch 6,111,S1000183.84744,SALE,2,3.9,7.8,0.0,0.0,0.0,0.0,127,Alkoholfreies Bier,Getränke,,MwSt. 19%,1.19,6.554622,1.245378,Normalverkauf
S1000183.84745,SP1000183.34.84745,SY1000183.2026.84745,iPad1(1000183),183,14.06.26 17:02,Prod,A1000183.7346,Tisch 8,115,S1000183.84745,SALE,1,5.5,5.5,0.0,0.0,0.0,0.0,111,Pommes Frites,Beilagen,,MwSt. 7%,1.07,5.140187,0.359813,Normalverkauf
S1000183.84746,SP1000183.34.84746,SY1000183.2026.84746,iPad1(1000183),183,14.06.26 10:52,Prod,A1000183.7347,Tisch 12,115,S1000183.84746,SALE,2,3.9,7.8,0.0,0.0,0.0,0.0,126,Spezi,Getränke,,MwSt. 19%,1.19,6.554622,1.245378,Normalverkauf
S1000183.84747,SP1000183.34.84747,SY1000183.2026.84747,iPad1(1000183),183,14.06.26 10:52,Prod,A1000183.7347,Tisch 12,115,S1000183.84747,SALE,1,13.5,13.5,0.0,0.0,0.0,0.0,102,Matjes,Hauptspeisen,,MwSt. 7%,1.07,12.616822,0.883178,Normalverkauf
S1000183.84748,SP1000183.34.84748,SY1000183.2026.84748,iPad1(1000183),183,14.06.26 18:06,Prod,A1000183.7348,Tisch 20,115,S1000183.84748,SALE,2,10.9,21.8,0.0,0.0,0.0,0.0,109,Bismarck-Baguette,Hauptgerichte,,MwSt. 7%,1.07,20.373832,1.426168,Normalverkauf
S1000183.84749,SP1000183.34.84749,SY1000183.2026.84749,iPad1(1000183),183,14.06.26 18:06,Prod,A1000183.7348,Tisch 20,115,S1000183.84749,SALE,2,3.9,7.8,0.0,0.0,0.0,0.0,126,Spezi,Getränke,,MwSt. 19%,1.19,6.554622,1.245378,Normalverkauf
S1000183.84750,SP1000183.34.84750,SY1000183.2026.84750,iPad1(1000183),183,14.06.26 13:44,Prod,A1000183.7349,Tisch 2,111,S1000183.84750,SALE,1,11.5,11.5,0.0,0.0,0.0,0.0,105,Garnelen-Kimchi-Bruger,Hauptgerichte,,MwSt. 7%,1.07,10.747664,0.752336,Normalverkauf
S1000183.84751,SP1000183.34.84751,SY1000183.2026.84751,iPad1(1000183),183,14.06.26 13:44,Prod,A1000183.7349,Tisch 2,111,S1000183.84751,SALE,2,4.2,8.4,0.0,0.0,0.0,0.0,122,Bier,Getränke,,MwSt. 19%,1.19,7.058824,1.341176,Normalverkauf
S1000183.84752,SP1000183.34.84752,SY1000183.2026.84752,iPad1(1000183),183,14.06.26 13:44,Prod,A1000183.7349,Tisch 2,111,S1000183.84752,SALE,1,3.9,3.9,0.0,0.0,0.0,0.0,126,Spezi,Getränke,,MwSt. 19%,1.19,3.277311,0.622689,Normalverkauf
S1000183.84753,SP1000183.34.84753,SY1000183.2026.84753,iPad1(1000183),183,14.06.26 12:26,Prod,A1000183.7350,Tisch 8,106,S1000183.84753,SALE,1,5.9,5.9,0.0,0.0,0.0,0.0,116,Vanillequark,Desserts,,MwSt. 7%,1.07,5.514019,0.385981,Normalverkauf
S1000183.84754,SP1000183.34.84754,SY1000183.2026.84754,iPad1(1000183),183,14.06.26 12:26,Prod,A1000183.7350,Tisch 8,106,S1000183.84754,SALE,1,2.8,2.8,0.0,0.0,0.0,0.0,121,Mineralwasser,Getränke,,MwSt. 19%,1.19,2.352941,0.447059,Normalverkauf
S1000183.84755,SP1000183.34.84755,SY1000183.2026.84755,iPad1(1000183),183,14.06.26 12:26,Prod,A1000183.7350,Tisch 8,106,S1000183.84755,SALE,2,6.5,13.0,0.0,0.0,0.0,0.0,118,Schokokuchen,Desserts,,MwSt. 7%,1.07,12.149533,0.850467,Normalverkauf
S1000183.84756,SP1000183.34.84756,SY1000183.2026.84756,iPad1(1000183),183,14.06.26 15:14,Prod,A1000183.7351,Tisch 4,104,S1000183.84756,SALE,1,14.5,14.5,0.0,0.0,0.0,0.0,101,Lachs,Hauptspeisen,,MwSt. 7%,1.07,13.551402,0.948598,Normalverkauf
S1000183.84757,SP1000183.34.84757,SY1000183.2026.84757,iPad1(1000183),183,14.06.26 15:14,Prod,A1000183.7351,Tisch 4,104,S1000183.84757,SALE,2,5.5,11.0,0.0,0.0,0.0,0.0,111,Pommes Frites,Beilagen,,MwSt. 7%,1.07,10.280374,0.719626,Normalverkauf
S1000183.84758,SP1000183.34.84758,SY1000183.2026.84758,iPad1(1000183),183,14.06.26 15:14,Prod,A1000183.7351,Tisch 4,104,S1000183.84758,SALE,2,3.9,7.8,0.0,0.0,0.0,0.0,124,Cola Zero,Getränke,,MwSt. 19%,1.19,6.554622,1.245378,Normalverkauf
S1000183.84759,SP1000183.34.84759,SY1000183.2026.84759,iPad1(1000183),183,14.06.26 12:12,Prod,A1000183.7352,Tisch 15,106,S1000183.84759,SALE,1,6.9,6.9,0.0,0.0,0.0,0.0,113,Garnelen Box,Beilagen,,MwSt. 7%,1.07,6.448598,0.451402,Normalverkauf
S1000183.84760,SP1000183.34.84760,SY1000183.2026.84760,iPad1(1000183),183,14.06.26 12:12,Prod,A1000183.7352,Tisch 15,106,S1000183.84760,SALE,1,10.9,10.9,0.0,0.0,0.0,0.0,104,Thunfisch Wrap,Hauptgerichte,,MwSt. 7%,1.07,10.186916,0.713084,Normalverkauf
S1000183.84761,SP1000183.34.84761,SY1000183.2026.84761,iPad1(1000183),183,14.06.26 20:44,Prod,A1000183.7353,Tisch 2,120,S1000183.84761,SALE,2,4.2,8.4,0.0,0.0,0.0,0.0,122,Bier,Getränke,,MwSt. 19%,1.19,7.058824,1.341176,Normalverkauf
S1000183.84762,SP1000183.34.84762,SY1000183.2026.84762,iPad1(1000183),183,14.06.26 20:44,Prod,A1000183.7353,Tisch 2,120,S1000183.84762,SALE,1,5.9,5.9,0.0,0.0,0.0,0.0,123,Inger-Limonade,Getränke,,MwSt. 19%,1.19,4.957983,0.942017,Normalverkauf
S1000183.84763,SP1000183.34.84763,SY1000183.2026.84763,iPad1(1000183),183,14.06.26 16:21,Prod,A1000183.7354,Tisch 2,104,S1000183.84763,VOID,2,4.2,8.4,0.0,0.0,0.0,0.0,122,Bier,Getränke,,MwSt. 19%,1.19,7.058824,1.341176,Normalverkauf
S1000183.84764,SP1000183.34.84764,SY1000183.2026.84764,iPad1(1000183),183,14.06.26 16:21,Prod,A1000183.7354,Tisch 2,104,S1000183.84764,VOID,1,5.9,5.9,0.0,0.0,0.0,0.0,125,Zitronen-Limonade,Getränke,,MwSt. 19%,1.19,4.957983,0.942017,Normalverkauf
S1000183.84765,SP1000183.34.84765,SY1000183.2026.84765,iPad1(1000183),183,14.06.26 08:26,Prod,A1000183.7355,Tisch 15,115,S1000183.84765,SALE,1,3.9,3.9,0.0,0.0,0.0,0.0,119,Cola,Getränke,,MwSt. 19%,1.19,3.277311,0.622689,Normalverkauf
S1000183.84766,SP1000183.34.84766,SY1000183.2026.84766,iPad1(1000183),183,14.06.26 08:26,Prod,A1000183.7355,Tisch 15,115,S1000183.84766,SALE,1,3.9,3.9,0.0,0.0,0.0,0.0,124,Cola Zero,Getränke,,MwSt. 19%,1.19,3.277311,0.622689,Normalverkauf
