Identifikator,Perioden Id,Jahres Id,Geräte_Name,Standort,Datum,Modus,Konto,Konto Name,Mitarbeiter,Referenz,Typ,Mng,Einzelpreis,FinalPreis,Rabatt,Materialverlust/Bruch,Gratis,Buchung,SKU,Artikel,Gruppe,StatGruppe,SteuerName,SteuerRate,VorSteuern,SteuernMenge,Profil
S1000141.42894,SP1000141.18.42894,SY1000141.2026.42894,iPad1(1000141),141,01.06.26 20:41,Prod,A1000141.6195,Tisch 14,118,S1000141.42894,SALE,1,10.9,10.9,0.0,0.0,0.0,0.0,107,Chicken Burger,Hauptgerichte,,MwSt. 7%,1.07,10.186916,0.713084,Normalverkauf
S1000141.42895,SP1000141.18.42895,SY1000141.2026.42895,iPad1(1000141),141,01.06.26 20:41,Prod,A1000141.6195,Tisch 14,118,S1000141.42895,SALE,2,3.9,7.8,0.0,0.0,0.0,0.0,119,Cola,Getränke,,MwSt. 19%,1.19,6.554622,1.245378,Normalverkauf
S1000141.42896,SP1000141.18.42896,SY1000141.2026.42896,iPad1(1000141),141,01.06.26 20:41,Prod,A1000141.6195,Tisch 14,118,S1000141.42896,SALE,1,5.5,5.5,0.0,0.0,0.0,0.0,114,Fisch Nuggets Box,Beilagen,,MwSt. 7%,1.07,5.140187,0.359813,Normalverkauf
S1000141.42897,SP1000141.18.42897,SY1000141.2026.42897,iPad1(1000141),141,01.06.26 11:48,Prod,A1000141.6196,Tisch 21,104,S1000141.42897,SALE,2,3.9,7.8,0.0,0.0,0.0,0.0,124,Cola Zero,Getränke,,MwSt. 19%,1.19,6.554622,1.245378,Normalverkauf
S1000141.42898,SP1000141.18.42898,SY1000141.2026.42898,iPad1(1000141),141,01.06.26 11:48,Prod,A1000141.6196,Tisch 21,104,S1000141.42898,SALE,2,7.9,15.8,0.0,0.0,0.0,0.0,106,Neptun-Ringe,Beilagen,,MwSt. 7%,1.07,14.766355,1.033645,Normalverkauf
S1000141.42899,SP1000141.18.42899,SY1000141.2026.42899,iPad1(1000141),141,01.06.26 11:48,Prod,A1000141.6196,Tisch 21,104,S1000141.42899,SALE,1,4.2,4.2,0.0,0.0,0.0,0.0,122,Bier,Getränke,,MwSt. 19%,1.19,3.529412,0.670588,Normalverkauf
S1000141.42900,SP1000141.18.42900,SY1000141.2026.42900,iPad1(1000141),141,01.06.26 19:29,Prod,A1000141.6197,Tisch 7,104,S1000141.42900,SALE,1,6.5,6.5,0.0,0.0,0.0,0.0,118,Schokokuchen,Desserts,,MwSt. 7%,1.07,6.074766,0.425234,Normalverkauf
S1000141.42901,SP1000141.18.42901,SY1000141.2026.42901,iPad1(1000141),141,01.06.26 19:29,Prod,A1000141.6197,Tisch 7,104,S1000141.42901,SALE,2,3.9,7.8,0.0,0.0,0.0,0.0,119,Cola,Getränke,,MwSt. 19%,1.19,6.554622,1.245378,Normalverkauf
S1000141.42902,SP1000141.18.42902,SY1000141.2026.42902,iPad1(1000141),141,01.06.26 19:29,Prod,A1000141.6197,Tisch 7,104,S1000141.42902,SALE,1,10.9,10.9,0.0,0.0,0.0,0.0,104,Thunfisch Wrap,Hauptgerichte,,MwSt. 7%,1.07,10.186916,0.713084,Normalverkauf
S1000141.42903,SP1000141.18.42903,SY1000141.2026.42903,iPad1(1000141),141,01.06.26 20:51,Prod,A1000141.6198,,113,S1000141.42903,SALE,1,10.9,10.9,0.0,0.0,0.0,0.0,107,Chicken Burger,Hauptgerichte,,MwSt. 7%,1.07,10.186916,0.713084,Normalverkauf
S1000141.42904,SP1000141.18.42904,SY1000141.2026.42904,iPad1(1000141),141,01.06.26 20:51,Prod,A1000141.6198,,113,S1000141.42904,SALE,2,10.9,21.8,0.0,0.0,0.0,0.0,109,Bismarck-Baguette,Hauptgerichte,,MwSt. 7%,1.07,20.373832,1.426168,Normalverkauf
S1000141.42905,SP1000141.18.42905,SY1000141.2026.42905,iPad1(1000141),141,01.06.26 20:51,Prod,A1000141.6198,,113,S1000141.42905,SALE,2,5.9,11.8,0.0,0.0,0.0,0.0,116,Vanillequark,Desserts,,MwSt. 7%,1.07,11.028037,0.771963,Normalverkauf
S1000141.42906,SP1000141.18.42906,SY1000141.2026.42906,iPad1(1000141),141,01.06.26 18:09,Prod,A1000141.6199,Tisch 7,113,S1000141.42906,SALE,2,10.9,21.8,0.0,0.0,0.0,0.0,109,Bismarck-Baguette,Hauptgerichte,,MwSt. 7%,1.07,20.373832,1.426168,Normalverkauf
S1000141.42907,SP1000141.18.42907,SY1000141.2026.42907,iPad1(1000141),141,01.06.26 18:27,Prod,A1000141.6200,Tisch 18,118,S1000141.42907,SALE,1,5.9,5.9,0.0,0.0,0.0,0.0,117,Rote Grütze,Desserts,,MwSt. 7%,1.07,5.514019,0.385981,Normalverkauf
S1000141.42908,SP1000141.18.42908,SY1000141.2026.42908,iPad1(1000141),141,01.06.26 18:27,Prod,A1000141.6200,Tisch 18,118,S1000141.42908,SALE,1,4.2,4.2,0.0,0.0,0.0,0.0,122,Bier,Getränke,,MwSt. 19%,1.19,3.529412,0.670588,Normalverkauf
S1000141.42909,SP1000141.18.42909,SY1000141.2026.42909,iPad1(1000141),141,01.06.26 18:27,Prod,A1000141.6200,Tisch 18,118,S1000141.42909,SALE,1,5.9,5.9,0.0,0.0,0.0,0.0,123,Inger-Limonade,Getränke,,MwSt. 19%,1.19,4.957983,0.942017,Normalverkauf
S1000141.42910,SP1000141.18.42910,SY1000141.2026.42910,iPad1(1000141),141,01.06.26 11:04,Prod,A1000141.6201,Tisch 22,101,S1000141.42910,SALE,2,6.5,13.0,0.0,0.0,0.0,0.0,100,Fischbrötchen Backfisch,Hauptspeisen,,MwSt. 7%,1.07,12.149533,0.850467,Normalverkauf
S1000141.42911,SP1000141.18.42911,SY1000141.2026.42911,iPad1(1000141),141,01.06.26 11:04,Prod,A1000141.6201,Tisch 22,101,S1000141.42911,SALE,2,3.9,7.8,0.0,0.0,0.0,0.0,126,Spezi,Getränke,,MwSt. 19%,1.19,6.554622,1.245378,Normalverkauf
S1000141.42912,SP1000141.18.42912,SY1000141.2026.42912,iPad1(1000141),141,01.06.26 11:04,Prod,A1000141.6201,Tisch 22,101,S1000141.42912,SALE,2,2.8,5.6,0.0,0.0,0.0,0.0,121,Mineralwasser,Getränke,,MwSt. 19%,1.19,4.705882,0.894118,Normalverkauf
S1000141.42913,SP1000141.18.42913,SY1000141.2026.42913,iPad1(1000141),141,01.06.26 10:30,Prod,A1000141.6202,Tisch 16,113,S1000141.42913,SALE,1,3.9,3.9,0.0,0.0,0.0,0.0,119,Cola,Getränke,,MwSt. 19%,1.19,3.277311,0.622689,Normalverkauf
S1000141.42914,SP1000141.18.42914,SY1000141.2026.42914,iPad1(1000141),141,01.06.26 10:30,Prod,A1000141.6202,Tisch 16,113,S1000141.42914,SALE,1,4.2,4.2,0.0,0.0,0.0,0.0,122,Bier,Getränke,,MwSt. 19%,1.19,3.529412,0.670588,Normalverkauf
S1000141.42915,SP1000141.18.42915,SY1000141.2026.42915,iPad1(1000141),141,01.06.26 10:30,Prod,A1000141.6202,Tisch 16,113,S1000141.42915,SALE,2,6.5,13.0,0.0,0.0,0.0,0.0,100,Fischbrötchen Backfisch,Hauptspeisen,,MwSt. 7%,1.07,12.149533,0.850467,Normalverkauf
S1000141.42916,SP1000141.18.42916,SY1000141.2026.42916,iPad1(1000141),141,01.06.26 13:54,Prod,A1000141.6203,Tisch 14,104,S1000141.42916,VOID,1,3.9,3.9,0.0,0.0,0.0,0.0,119,Cola,Getränke,,MwSt. 19%,1.19,3.277311,0.622689,Normalverkauf
S1000141.42917,SP1000141.18.42917,SY1000141.2026.42917,iPad1(1000141),141,01.06.26 14:40,Prod,A1000141.6204,Tisch 3,104,S1000141.42917,SALE,1,10.9,10.9,0.0,0.0,0.0,0.0,104,Thunfisch Wrap,Hauptgerichte,,MwSt. 7%,1.07,10.186916,0.713084,Normalverkauf
S1000141.42918,SP1000141.18.42918,SY1000141.2026.42918,iPad1(1000141),141,01.06.26 14:40,Prod,A1000141.6204,Tisch 3,104,S1000141.42918,SALE,1,5.5,5.5,0.0,0.0,0.0,0.0,111,Pommes Frites,Beilagen,,MwSt. 7%,1.07,5.140187,0.359813,Normalverkauf
S1000141.42919,SP1000141.18.42919,SY1000141.2026.42919,iPad1(1000141),141,01.06.26 14:40,Prod,A1000141.6204,Tisch 3,104,S1000141.42919,SALE,1,5.9,5.9,0.0,0.0,0.0,0.0,123,Inger-Limonade,Getränke,,MwSt. 19%,1.19,4.957983,0.942017,Normalverkauf
S1000141.42920,SP1000141.18.42920,SY1000141.2026.42920,iPad1(1000141),141,01.06.26 15:11,Prod,A1000141.6205,,114,S1000141.42920,SALE,1,5.5,5.5,0.0,0.0,0.0,0.0,114,Fisch Nuggets Box,Beilagen,,MwSt. 7%,1.07,5.140187,0.359813,Normalverkauf
S1000141.42921,SP1000141.18.42921,SY1000141.2026.42921,iPad1(1000141),141,01.06.26 20:49,Prod,A1000141.6206,Tisch 14,104,S1000141.42921,SALE,1,6.9,6.9,0.0,0.0,0.0,0.0,103,Fischbrötchen Räucherlachs,Hauptspeisen,,MwSt. 7%,1.07,6.448598,0.451402,Normalverkauf
S1000141.42922,SP1000141.18.42922,SY1000141.2026.42922,iPad1(1000141),141,01.06.26 20:49,Prod,A1000141.6206,Tisch 14,104,S1000141.42922,SALE,2,10.9,21.8,0.0,0.0,0.0,0.0,109,Bismarck-Baguette,Hauptgerichte,,MwSt. 7%,1.07,20.373832,1.426168,Normalverkauf
S1000141.42923,SP1000141.18.42923,SY1000141.2026.42923,iPad1(1000141),141,01.06.26 18:25,Prod,A1000141.6207,Tisch 2,118,S1000141.42923,SALE,2,7.9,15.8,0.0,0.0,0.0,0.0,106,Neptun-Ringe,Beilagen,,MwSt. 7%,1.07,14.766355,1.033645,Normalverkauf
S1000141.42924,SP1000141.18.42924,SY1000141.2026.42924,iPad1(1000141),141,01.06.26 18:25,Prod,A1000141.6207,Tisch 2,118,S1000141.42924,SALE,1,5.9,5.9,0.0,0.0,0.0,0.0,116,Vanillequark,Desserts,,MwSt. 7%,1.07,5.514019,0.385981,Normalverkauf
S1000141.42925,SP1000141.18.42925,SY1000141.2026.42925,iPad1(1000141),141,01.06.26 18:25,Prod,A1000141.6207,Tisch 2,118,S1000141.42925,SALE,2,3.9,7.8,0.0,0.0,0.0,0.0,126,Spezi,Getränke,,MwSt. 19%,1.19,6.554622,1.245378,Normalverkauf
S1000141.42926,SP1000141.18.42926,SY1000141.2026.42926,iPad1(1000141),141,01.06.26 18:15,Prod,A1000141.6208,Tisch 7,118,S1000141.42926,VOID,2,6.5,13.0,0.0,0.0,0.0,0.0,100,Fischbrötchen Backfisch,Hauptspeisen,,MwSt. 7%,1.07,12.149533,0.850467,Normalverkauf
S1000141.42927,SP1000141.18.42927,SY1000141.2026.42927,iPad1(1000141),141,01.06.26 13:29,Prod,A1000141.6209,,105,S1000141.42927,SALE,1,6.5,6.5,0.0,0.0,0.0,0.0,100,Fischbrötchen Backfisch,Hauptspeisen,,MwSt. 7%,1.07,6.074766,0.425234,Normalverkauf
S1000141.42928,SP1000141.18.42928,SY1000141.2026.42928,iPad1(1000141),141,01.06.26 13:29,Prod,A1000141.6209,,105,S1000141.42928,SALE,1,3.9,3.9,0.0,0.0,0.0,0.0,127,Alkoholfreies Bier,Getränke,,MwSt. 19%,1.19,3.277311,0.622689,Normalverkauf
S1000141.42929,SP1000141.18.42929,SY1000141.2026.42929,iPad1(1000141),141,01.06.26 13:29,Prod,A1000141.6209,,105,S1000141.42929,SALE,2,5.9,11.8,0.0,0.0,0.0,0.0,117,Rote Grütze,Desserts,,MwSt. 7%,1.07,11.028037,0.771963,Normalverkauf
S1000141.42930,SP1000141.18.42930,SY1000141.2026.42930,iPad1(1000141),141,01.06.26 17:06,Prod,A1000141.6210,,104,S1000141.42930,SALE,1,10.9,10.9,0.0,0.0,0.0,0.0,107,Chicken Burger,Hauptgerichte,,MwSt. 7%,1.07,10.186916,0.713084,Normalverkauf
S1000141.42931,SP1000141.18.42931,SY1000141.2026.42931,iPad1(1000141),141,01.06.26 19:16,Prod,A1000141.6211,Tisch 20,118,S1000141.42931,SALE,1,4.2,4.2,0.0,0.0,0.0,0.0,122,Bier,Getränke,,MwSt. 19%,1.19,3.529412,0.670588,Normalverkauf
S1000141.42932,SP1000141.18.42932,SY1000141.2026.42932,iPad1(1000141),141,01.06.26 19:16,Prod,A1000141.6211,Tisch 20,118,S1000141.42932,SALE,1,3.9,3.9,0.0,0.0,0.0,0.0,119,Cola,Getränke,,MwSt. 19%,1.19,3.277311,0.622689,Normalverkauf
S1000141.42933,SP1000141.18.42933,SY1000141.2026.42933,iPad1(1000141),141,01.06.26 19:16,Prod,A1000141.6211,Tisch 20,118,S1000141.42933,SALE,1,3.9,3.9,0.0,0.0,0.0,0.0,119,Cola,Getränke,,MwSt. 19%,1.19,3.277311,0.622689,Normalverkauf
S1000141.42934,SP1000141.18.42934,SY1000141.2026.42934,iPad1(1000141),141,01.06.26 12:58,Prod,A1000141.6212,Tisch 13,118,S1000141.42934,SALE,1,2.8,2.8,0.0,0.0,0.0,0.0,121,Mineralwasser,Getränke,,MwSt. 19%,1.19,2.352941,0.447059,Normalverkauf
S1000141.42935,SP1000141.18.42935,SY1000141.2026.42935,iPad1(1000141),141,01.06.26 12:58,Prod,A1000141.6212,Tisch 13,118,S1000141.42935,SALE,2,2.8,5.6,0.0,0.0,0.0,0.0,121,Mineralwasser,Getränke,,MwSt. 19%,1.19,4.705882,0.894118,Normalverkauf
S1000141.42936,SP1000141.18.42936,SY1000141.2026.42936,iPad1(1000141),141,01.06.26 19:11,Prod,A1000141.6213,Tisch 14,114,S1000141.42936,SALE,2,3.9,7.8,0.0,0.0,0.0,0.0,127,Alkoholfreies Bier,Getränke,,MwSt. 19%,1.19,6.554622,1.245378,Normalverkauf
S1000141.42937,SP1000141.18.42937,SY1000141.2026.42937,iPad1(1000141),141,01.06.26 12:28,Prod,A1000141.6214,Tisch 18,104,S1000141.42937,SALE,1,11.9,11.9,0.0,0.0,0.0,0.0,110,Matjes-Baguette,Hauptgerichte,,MwSt. 7%,1.07,11.121495,0.778505,Normalverkauf
S1000141.42938,SP1000141.18.42938,SY1000141.2026.42938,iPad1(1000141),141,01.06.26 12:28,Prod,A1000141.6214,Tisch 18,104,S1000141.42938,SALE,1,9.8,9.8,0.0,0.0,0.0,0.0,108,Seelachs-Ei-Baugette,Hauptgerichte,,MwSt. 7%,1.07,9.158879,0.641121,Normalverkauf
S1000141.42939,SP1000141.18.42939,SY1000141.2026.42939,iPad1(1000141),141,01.06.26 19:13,Prod,A1000141.6215,Tisch 18,105,S1000141.42939,SALE,2,4.2,8.4,0.0,0.0,0.0,0.0,122,Bier,Getränke,,MwSt. 19%,1.19,7.058824,1.341176,Normalverkauf
S1000141.42940,SP1000141.18.42940,SY1000141.2026.42940,iPad1(1000141),141,01.06.26 19:13,Prod,A1000141.6215,Tisch 18,105,S1000141.42940,SALE,2,5.9,11.8,0.0,0.0,0.0,0.0,117,Rote Grütze,Desserts,,MwSt. 7%,1.07,11.028037,0.771963,Normalverkauf
S1000141.42941,SP1000141.18.42941,SY1000141.2026.42941,iPad1(1000141),141,01.06.26 19:13,Prod,A1000141.6215,Tisch 18,105,S1000141.42941,SALE,2,2.8,5.6,0.0,0.0,0.0,0.0,121,Mineralwasser,Getränke,,MwSt. 19%,1.19,4.705882,0.894118,Normalverkauf
S1000141.42942,SP1000141.18.42942,SY1000141.2026.42942,iPad1(1000141),141,01.06.26 18:22,Prod,A1000141.6216,Tisch 6,104,S1000141.42942,SALE,2,5.5,11.0,0.0,0.0,0.0,0.0,111,Pommes Frites,Beilagen,,MwSt. 7%,1.07,10.280374,0.719626,Normalverkauf
S1000141.42943,SP1000141.18.42943,SY1000141.2026.42943,iPad1(1000141),141,01.06.26 13:48,Prod,A1000141.6217,Tisch 12,104,S1000141.42943,SALE,1,7.9,7.9,0.0,0.0,0.0,0.0,115,Tiramisu,Desserts,,MwSt. 7%,1.07,7.383178,0.516822,Normalverkauf
S1000141.42944,SP1000141.18.42944,SY1000141.2026.42944,iPad1(1000141),141,01.06.26 17:53,Prod,A1000141.6218,Tisch 15,118,S1000141.42944,SALE,2,9.8,19.6,0.0,0.0,0.0,0.0,108,Seelachs-Ei-Baugette,Hauptgerichte,,MwSt. 7%,1.07,18.317757,1.282243,Normalverkauf
S1000141.42945,SP1000141.18.42945,SY1000141.2026.42945,iPad1(1000141),141,01.06.26 17:53,Prod,A1000141.6218,Tisch 15,118,S1000141.42945,SALE,2,6.9,13.8,0.0,0.0,0.0,0.0,103,Fischbrötchen Räucherlachs,Hauptspeisen,,MwSt. 7%,1.07,12.897196,0.902804,Normalverkauf
S1000141.42946,SP1000141.18.42946,SY1000141.2026.42946,iPad1(1000141),141,01.06.26 20:13,Prod,A1000141.6219,Tisch 11,114,S1000141.42946,SALE,1,3.9,3.9,0.0,0.0,0.0,0.0,119,Cola,Getränke,,MwSt. 19%,1.19,3.277311,0.622689,Normalverkauf
S1000141.42947,SP1000141.18.42947,SY1000141.2026.42947,iPad1(1000141),141,01.06.26 20:13,Prod,A1000141.6219,Tisch 11,114,S1000141.42947,SALE,1,9.8,9.8,0.0,0.0,0.0,0.0,108,Seelachs-Ei-Baugette,Hauptgerichte,,MwSt. 7%,1.07,9.158879,0.641121,Normalverkauf
S1000141.42948,SP1000141.18.42948,SY1000141.2026.42948,iPad1(1000141),141,01.06.26 11:41,Prod,A1000141.6220,Tisch 21,114,S1000141.42948,SALE,2,5.9,11.8,0.0,0.0,0.0,0.0,123,Inger-Limonade,Getränke,,MwSt. 19%,1.19,9.915966,1.884034,Normalverkauf
S1000141.42949,SP1000141.18.42949,SY1000141.2026.42949,iPad1(1000141),141,01.06.26 11:41,Prod,A1000141.6220,Tisch 21,114,S1000141.42949,SALE,1,9.8,9.8,0.0,0.0,0.0,0.0,108,Seelachs-Ei-Baugette,Hauptgerichte,,MwSt. 7%,1.07,9.158879,0.641121,Normalverkauf
S1000141.42950,SP1000141.18.42950,SY1000141.2026.42950,iPad1(1000141),141,01.06.26 16:34,Prod,A1000141.6221,Tisch 1,118,S1000141.42950,VOID,1,5.9,5.9,0.0,0.0,0.0,0.0,123,Inger-Limonade,Getränke,,MwSt. 19%,1.19,4.957983,0.942017,Normalverkauf
S1000141.42951,SP1000141.18.42951,SY1000141.2026.42951,iPad1(1000141),141,01.06.26 12:25,Prod,A1000141.6222,Tisch 22,104,S1000141.42951,SALE,1,9.8,9.8,0.0,0.0,0.0,0.0,108,Seelachs-Ei-Baugette,Hauptgerichte,,MwSt. 7%,1.07,9.158879,0.641121,Normalverkauf
S1000141.42952,SP1000141.18.42952,SY1000141.2026.42952,iPad1(1000141),141,01.06.26 12:25,Prod,A1000141.6222,Tisch 22,104,S1000141.42952,SALE,1,5.5,5.5,0.0,0.0,0.0,0.0,111,Pommes Frites,Beilagen,,MwSt. 7%,1.07,5.140187,0.359813,Normalverkauf
S1000141.42953,SP1000141.18.42953,SY1000141.2026.42953,iPad1(1000141),141,01.06.26 12:25,Prod,A1000141.6222,Tisch 22,104,S1000141.42953,SALE,2,10.9,21.8,0.0,0.0,0.0,0.0,109,Bismarck-Baguette,Hauptgerichte,,MwSt. 7%,1.07,20.373832,1.426168,Normalverkauf
S1000141.42954,SP1000141.18.42954,SY1000141.2026.42954,iPad1(1000141),141,01.06.26 19:25,Prod,A1000141.6223,Tisch 24,113,S1000141.42954,SALE,2,3.9,7.8,0.0,0.0,0.0,0.0,126,Spezi,Getränke,,MwSt. 19%,1.19,6.554622,1.245378,Normalverkauf
S1000141.42955,SP1000141.18.42955,SY1000141.2026.42955,iPad1(1000141),141,01.06.26 19:25,Prod,A1000141.6223,Tisch 24,113,S1000141.42955,SALE,2,5.9,11.8,0.0,0.0,0.0,0.0,117,Rote Grütze,Desserts,,MwSt. 7%,1.07,11.028037,0.771963,Normalverkauf
S1000141.42956,SP1000141.18.42956,SY1000141.2026.42956,iPad1(1000141),141,01.06.26 08:37,Prod,A1000141.6224,Tisch 4,104,S1000141.42956,SALE,2,5.9,11.8,0.0,0.0,0.0,0.0,125,Zitronen-Limonade,Getränke,,MwSt. 19%,1.19,9.915966,1.884034,Normalverkauf
S1000141.42957,SP1000141.18.42957,SY1000141.2026.42957,iPad1(1000141),141,01.06.26 17:00,Prod,A1000141.6225,Tisch 5,118,S1000141.42957,SALE,2,5.5,11.0,0.0,0.0,0.0,0.0,111,Pommes Frites,Beilagen,,MwSt. 7%,1.07,10.280374,0.719626,Normalverkauf
S1000141.42958,SP1000141.18.42958,SY1000141.2026.42958,iPad1(1000141),141,01.06.26 17:00,Prod,A1000141.6225,Tisch 5,118,S1000141.42958,SALE,2,13.5,27.0,0.0,0.0,0.0,0.0,102,Matjes,Hauptspeisen,,MwSt. 7%,1.07,25.233645,1.766355,Normalverkauf
S1000141.42959,SP1000141.18.42959,SY1000141.2026.42959,iPad1(1000141),141,01.06.26 17:00,Prod,A1000141.6225,Tisch 5,118,S1000141.42959,SALE,2,10.9,21.8,0.0,0.0,0.0,0.0,109,Bismarck-Baguette,Hauptgerichte,,MwSt. 7%,1.07,20.373832,1.426168,Normalverkauf
S1000141.42960,SP1000141.18.42960,SY1000141.2026.42960,iPad1(1000141),141,01.06.26 14:18,Prod,A1000141.6226,Tisch 5,104,S1000141.42960,SALE,2,3.9,7.8,0.0,0.0,0.0,0.0,127,Alkoholfreies Bier,Getränke,,MwSt. 19%,1.19,6.554622,1.245378,Normalverkauf
S1000141.42961,SP1000141.18.42961,SY1000141.2026.42961,iPad1(1000141),141,01.06.26 14:00,Prod,A1000141.6227,Tisch 9,114,S1000141.42961,SALE,1,4.2,4.2,0.0,0.0,0.0,0.0,122,Bier,Getränke,,MwSt. 19%,1.19,3.529412,0.670588,Normalverkauf
S1000141.42962,SP1000141.18.42962,SY1000141.2026.42962,iPad1(1000141),141,01.06.26 09:55,Prod,A1000141.6228,Tisch 24,104,S1000141.42962,SALE,1,13.5,13.5,0.0,0.0,0.0,0.0,102,Matjes,Hauptspeisen,,MwSt. 7%,1.07,12.616822,0.883178,Normalverkauf
S1000141.42963,SP1000141.18.42963,SY1000141.2026.42963,iPad1(1000141),141,01.06.26 09:55,Prod,A1000141.6228,Tisch 24,104,S1000141.42963,SALE,1,7.9,7.9,0.0,0.0,0.0,0.0,115,Tiramisu,Desserts,,MwSt. 7%,1.07,7.383178,0.516822,Normalverkauf
S1000141.42964,SP1000141.18.42964,SY1000141.2026.42964,iPad1(1000141),141,01.06.26 11:27,Prod,A1000141.6229,Tisch 19,104,S1000141.42964,SALE,1,11.5,11.5,0.0,0.0,0.0,0.0,105,Garnelen-Kimchi-Bruger,Hauptgerichte,,MwSt. 7%,1.07,10.747664,0.752336,Normalverkauf
S1000141.42965,SP1000141.18.42965,SY1000141.2026.42965,iPad1(1000141),141,01.06.26 11:27,Prod,A1000141.6229,Tisch 19,104,S1000141.42965,SALE,1,3.9,3.9,0.0,0.0,0.0,0.0,119,Cola,Getränke,,MwSt. 19%,1.19,3.277311,0.622689,Normalverkauf
S1000141.42966,SP1000141.18.42966,SY1000141.2026.42966,iPad1(1000141),141,01.06.26 11:27,Prod,A1000141.6229,Tisch 19,104,S1000141.42966,SALE,2,3.9,7.8,0.0,0.0,0.0,0.0,119,Cola,Getränke,,MwSt. 19%,1.19,6.554622,1.245378,Normalverkauf
S1000141.42967,SP1000141.18.42967,SY1000141.2026.42967,iPad1(1000141),141,01.06.26 16:24,Prod,A1000141.6230,Tisch 18,105,S1000141.42967,SALE,2,3.9,7.8,0.0,0.0,0.0,0.0,126,Spezi,Getränke,,MwSt. 19%,1.19,6.554622,1.245378,Normalverkauf
S1000141.42968,SP1000141.18.42968,SY1000141.2026.42968,iPad1(1000141),141,01.06.26 16:24,Prod,A1000141.6230,Tisch 18,105,S1000141.42968,SALE,1,5.5,5.5,0.0,0.0,0.0,0.0,111,Pommes Frites,Beilagen,,MwSt. 7%,1.07,5.140187,0.359813,Normalverkauf
S1000141.42969,SP1000141.18.42969,SY1000141.2026.42969,iPad1(1000141),141,01.06.26 16:24,Prod,A1000141.6230,Tisch 18,105,S1000141.42969,SALE,2,9.8,19.6,0.0,0.0,0.0,0.0,108,Seelachs-Ei-Baugette,Hauptgerichte,,MwSt. 7%,1.07,18.317757,1.282243,Normalverkauf
S1000141.42970,SP1000141.18.42970,SY1000141.2026.42970,iPad1(1000141),141,01.06.26 16:34,Prod,A1000141.6231,Tisch 24,104,S1000141.42970,SALE,1,3.9,3.9,0.0,0.0,0.0,0.0,126,Spezi,Getränke,,MwSt. 19%,1.19,3.277311,0.622689,Normalverkauf
S1000141.42971,SP1000141.18.42971,SY1000141.2026.42971,iPad1(1000141),141,01.06.26 16:34,Prod,A1000141.6231,Tisch 24,104,S1000141.42971,SALE,2,6.5,13.0,0.0,0.0,0.0,0.0,118,Schokokuchen,Desserts,,MwSt. 7%,1.07,12.149533,0.850467,Normalverkauf
S1000141.42972,SP1000141.18.42972,SY1000141.2026.42972,iPad1(1000141),141,01.06.26 10:29,Prod,A1000141.6232,Tisch 3,104,S1000141.42972,SALE,1,3.9,3.9,0.0,0.0,0.0,0.0,119,Cola,Getränke,,MwSt. 19%,1.19,3.277311,0.622689,Normalverkauf
S1000141.42973,SP1000141.18.42973,SY1000141.2026.42973,iPad1(1000141),141,01.06.26 19:31,Prod,A1000141.6233,Tisch 23,113,S1000141.42973,SALE,1,10.9,10.9,0.0,0.0,0.0,0.0,109,Bismarck-Baguette,Hauptgerichte,,MwSt. 7%,1.07,10.186916,0.713084,Normalverkauf
S1000141.42974,SP1000141.18.42974,SY1000141.2026.42974,iPad1(1000141),141,01.06.26 19:31,Prod,A1000141.6233,Tisch 23,113,S1000141.42974,SALE,2,6.5,13.0,0.0,0.0,0.0,0.0,100,Fischbrötchen Backfisch,Hauptspeisen,,MwSt. 7%,1.07,12.149533,0.850467,Normalverkauf
S1000141.42975,SP1000141.18.42975,SY1000141.2026.42975,iPad1(1000141),141,01.06.26 18:01,Prod,A1000141.6234,Tisch 11,104,S1000141.42975,SALE,2,6.5,13.0,0.0,0.0,0.0,0.0,100,Fischbrötchen Backfisch,Hauptspeisen,,MwSt. 7%,1.07,12.149533,0.850467,Normalverkauf
S1000141.42976,SP1000141.18.42976,SY1000141.2026.42976,iPad1(1000141),141,01.06.26 16:27,Prod,A1000141.6235,,104,S1000141.42976,SALE,1,5.9,5.9,0.0,0.0,0.0,0.0,125,Zitronen-Limonade,Getränke,,MwSt. 19%,1.19,4.957983,0.942017,Normalverkauf
S1000141.42977,SP1000141.18.42977,SY1000141.2026.42977,iPad1(1000141),141,01.06.26 12:11,Prod,A1000141.6236,Tisch 10,118,S1000141.42977,SALE,1,10.9,10.9,0.0,0.0,0.0,0.0,107,Chicken Burger,Hauptgerichte,,MwSt. 7%,1.07,10.186916,0.713084,Normalverkauf
S1000141.42978,SP1000141.18.42978,SY1000141.2026.42978,iPad1(1000141),141,01.06.26 12:11,Prod,A1000141.6236,Tisch 10,118,S1000141.42978,SALE,2,10.9,21.8,0.0,0.0,0.0,0.0,107,Chicken Burger,Hauptgerichte,,MwSt. 7%,1.07,20.373832,1.426168,Normalverkauf
S1000141.42979,SP1000141.18.42979,SY1000141.2026.42979,iPad1(1000141),141,01.06.26 12:14,Prod,A1000141.6237,Tisch 23,105,S1000141.42979,SALE,2,3.9,7.8,0.0,0.0,0.0,0.0,127,Alkoholfreies Bier,Getränke,,MwSt. 19%,1.19,6.554622,1.245378,Normalverkauf
S1000141.42980,SP1000141.18.42980,SY1000141.2026.42980,iPad1(1000141),141,01.06.26 12:14,Prod,A1000141.6237,Tisch 23,105,S1000141.42980,SALE,2,5.5,11.0,0.0,0.0,0.0,0.0,111,Pommes Frites,Beilagen,,MwSt. 7%,1.07,10.280374,0.719626,Normalverkauf
S1000141.42981,SP1000141.18.42981,SY1000141.2026.42981,iPad1(1000141),141,01.06.26 12:14,Prod,A1000141.6237,Tisch 23,105,S1000141.42981,SALE,1,9.8,9.8,0.0,0.0,0.0,0.0,108,Seelachs-Ei-Baugette,Hauptgerichte,,MwSt. 7%,1.07,9.158879,0.641121,Normalverkauf
S1000141.42982,SP1000141.18.42982,SY1000141.2026.42982,iPad1(1000141),141,01.06.26 13:58,Prod,A1000141.6238,Tisch 23,104,S1000141.42982,VOID,2,11.5,23.0,0.0,0.0,0.0,0.0,105,Garnelen-Kimchi-Bruger,Hauptgerichte,,MwSt. 7%,1.07,21.495327,1.504673,Normalverkauf
S1000141.42983,SP1000141.18.42983,SY1000141.2026.42983,iPad1(1000141),141,01.06.26 15:08,Prod,A1000141.6239,Tisch 15,101,S1000141.42983,SALE,1,5.9,5.9,0.0,0.0,0.0,0.0,123,Inger-Limonade,Getränke,,MwSt. 19%,1.19,4.957983,0.942017,Normalverkauf
S1000141.42984,SP1000141.18.42984,SY1000141.2026.42984,iPad1(1000141),141,01.06.26 15:08,Prod,A1000141.6239,Tisch 15,101,S1000141.42984,SALE,2,10.9,21.8,0.0,0.0,0.0,0.0,109,Bismarck-Baguette,Hauptgerichte,,MwSt. 7%,1.07,20.373832,1.426168,Normalverkauf
S1000141.42985,SP1000141.18.42985,SY1000141.2026.42985,iPad1(1000141),141,01.06.26 15:08,Prod,A1000141.6239,Tisch 15,101,S1000141.42985,SALE,1,11.5,11.5,0.0,0.0,0.0,0.0,105,Garnelen-Kimchi-Bruger,Hauptgerichte,,MwSt. 7%,1.07,10.747664,0.752336,Normalverkauf
S1000141.42986,SP1000141.18.42986,SY1000141.2026.42986,iPad1(1000141),141,01.06.26 19:27,Prod,A1000141.6240,Tisch 24,113,S1000141.42986,SALE,1,5.9,5.9,0.0,0.0,0.0,0.0,116,Vanillequark,Desserts,,MwSt. 7%,1.07,5.514019,0.385981,Normalverkauf
S1000141.42987,SP1000141.18.42987,SY1000141.2026.42987,iPad1(1000141),141,01.06.26 19:27,Prod,A1000141.6240,Tisch 24,113,S1000141.42987,SALE,1,4.2,4.2,0.0,0.0,0.0,0.0,122,Bier,Getränke,,MwSt. 19%,1.19,3.529412,0.670588,Normalverkauf
S1000141.42988,SP1000141.18.42988,SY1000141.2026.42988,iPad1(1000141),141,01.06.26 19:22,Prod,A1000141.6241,,113,S1000141.42988,SALE,1,3.9,3.9,0.0,0.0,0.0,0.0,119,Cola,Getränke,,MwSt. 19%,1.19,3.277311,0.622689,Normalverkauf
S1000141.42989,SP1000141.18.42989,SY1000141.2026.42989,iPad1(1000141),141,01.06.26 16:31,Prod,A1000141.6242,Tisch 10,104,S1000141.42989,SALE,2,5.5,11.0,0.0,0.0,0.0,0.0,114,Fisch Nuggets Box,Beilagen,,MwSt. 7%,1.07,10.280374,0.719626,Normalverkauf
S1000141.42990,SP1000141.18.42990,SY1000141.2026.42990,iPad1(1000141),141,01.06.26 12:04,Prod,A1000141.6243,Tisch 12,118,S1000141.42990,SALE,2,5.9,11.8,0.0,0.0,0.0,0.0,117,Rote Grütze,Desserts,,MwSt. 7%,1.07,11.028037,0.771963,Normalverkauf
S1000141.42991,SP1000141.18.42991,SY1000141.2026.42991,iPad1(1000141),141,01.06.26 12:04,Prod,A1000141.6243,Tisch 12,118,S1000141.42991,SALE,2,3.9,7.8,0.0,0.0,0.0,0.0,119,Cola,Getränke,,MwSt. 19%,1.19,6.554622,1.245378,Normalverkauf
S1000141.42992,SP1000141.18.42992,SY1000141.2026.42992,iPad1(1000141),141,01.06.26 12:04,Prod,A1000141.6243,Tisch 12,118,S1000141.42992,SALE,1,5.5,5.5,0.0,0.0,0.0,0.0,111,Pommes Frites,Beilagen,,MwSt. 7%,1.07,5.140187,0.359813,Normalverkauf
S1000141.42993,SP1000141.18.42993,SY1000141.2026.42993,iPad1(1000141),141,01.06.26 20:37,Prod,A1000141.6244,Tisch 17,104,S1000141.42993,SALE,2,11.5,23.0,0.0,0.0,0.0,0.0,105,Garnelen-Kimchi-Bruger,Hauptgerichte,,MwSt. 7%,1.07,21.495327,1.504673,Normalverkauf
S1000141.42994,SP1000141.18.42994,SY1000141.2026.42994,iPad1(1000141),141,01.06.26 11:19,Prod,A1000141.6245,,105,S1000141.42994,SALE,1,10.9,10.9,0.0,0.0,0.0,0.0,107,Chicken Burger,Hauptgerichte,,MwSt. 7%,1.07,10.186916,0.713084,Normalverkauf
S1000141.42995,SP1000141.18.42995,SY1000141.2026.42995,iPad1(1000141),141,01.06.26 11:19,Prod,A1000141.6245,,105,S1000141.42995,SALE,2,11.5,23.0,0.0,0.0,0.0,0.0,105,Garnelen-Kimchi-Bruger,Hauptgerichte,,MwSt. 7%,1.07,21.495327,1.504673,Normalverkauf
S1000141.42996,SP1000141.18.42996,SY1000141.2026.42996,iPad1(1000141),141,01.06.26 20:08,Prod,A1000141.6246,Tisch 18,113,S1000141.42996,SALE,1,9.8,9.8,0.0,0.0,0.0,0.0,108,Seelachs-Ei-Baugette,Hauptgerichte,,MwSt. 7%,1.07,9.158879,0.641121,Normalverkauf
S1000141.42997,SP1000141.18.42997,SY1000141.2026.42997,iPad1(1000141),141,01.06.26 20:08,Prod,A1000141.6246,Tisch 18,113,S1000141.42997,SALE,2,3.2,6.4,0.0,0.0,0.0,0.0,120,Apfelschorle,Getränke,,MwSt. 19%,1.19,5.378151,1.021849,Normalverkauf
S1000141.42998,SP1000141.18.42998,SY1000141.2026.42998,iPad1(1000141),141,01.06.26 20:08,Prod,A1000141.6246,Tisch 18,113,S1000141.42998,SALE,1,10.9,10.9,0.0,0.0,0.0,0.0,107,Chicken Burger,Hauptgerichte,,MwSt. 7%,1.07,10.186916,0.713084,Normalverkauf
S1000141.42999,SP1000141.18.42999,SY1000141.2026.42999,iPad1(1000141),141,01.06.26 10:06,Prod,A1000141.6247,Tisch 4,104,S1000141.42999,SALE,1,5.9,5.9,0.0,0.0,0.0,0.0,116,Vanillequark,Desserts,,MwSt. 7%,1.07,5.514019,0.385981,Normalverkauf
S1000141.43000,SP1000141.18.43000,SY1000141.2026.43000,iPad1(1000141),141,01.06.26 10:06,Prod,A1000141.6247,Tisch 4,104,S1000141.43000,SALE,2,3.9,7.8,0.0,0.0,0.0,0.0,119,Cola,Getränke,,MwSt. 19%,1.19,6.554622,1.245378,Normalverkauf
S1000141.43001,SP1000141.18.43001,SY1000141.2026.43001,iPad1(1000141),141,01.06.26 20:58,Prod,A1000141.6248,Tisch 23,114,S1000141.43001,SALE,1,3.9,3.9,0.0,0.0,0.0,0.0,119,Cola,Getränke,,MwSt. 19%,1.19,3.277311,0.622689,Normalverkauf
S1000141.43002,SP1000141.18.43002,SY1000141.2026.43002,iPad1(1000141),141,01.06.26 20:58,Prod,A1000141.6248,Tisch 23,114,S1000141.43002,SALE,1,2.8,2.8,0.0,0.0,0.0,0.0,121,Mineralwasser,Getränke,,MwSt. 19%,1.19,2.352941,0.447059,Normalverkauf
S1000141.43003,SP1000141.18.43003,SY1000141.2026.43003,iPad1(1000141),141,01.06.26 20:58,Prod,A1000141.6248,Tisch 23,114,S1000141.43003,SALE,1,13.5,13.5,0.0,0.0,0.0,0.0,102,Matjes,Hauptspeisen,,MwSt. 7%,1.07,12.616822,0.883178,Normalverkauf
S1000141.43004,SP1000141.18.43004,SY1000141.2026.43004,iPad1(1000141),141,01.06.26 16:03,Prod,A1000141.6249,Tisch 15,104,S1000141.43004,SALE,1,3.2,3.2,0.0,0.0,0.0,0.0,120,Apfelschorle,Getränke,,MwSt. 19%,1.19,2.689076,0.510924,Normalverkauf
S1000141.43005,SP1000141.18.43005,SY1000141.2026.43005,iPad1(1000141),141,01.06.26 18:18,Prod,A1000141.6250,Tisch 15,113,S1000141.43005,SALE,2,3.2,6.4,0.0,0.0,0.0,0.0,120,Apfelschorle,Getränke,,MwSt. 19%,1.19,5.378151,1.021849,Normalverkauf
S1000141.43006,SP1000141.18.43006,SY1000141.2026.43006,iPad1(1000141),141,01.06.26 11:56,Prod,A1000141.6251,Tisch 23,101,S1000141.43006,SALE,1,9.8,9.8,0.0,0.0,0.0,0.0,108,Seelachs-Ei-Baugette,Hauptgerichte,,MwSt. 7%,1.07,9.158879,0.641121,Normalverkauf
S1000141.43007,SP1000141.18.43007,SY1000141.2026.43007,iPad1(1000141),141,01.06.26 12:07,Prod,A1000141.6252,Tisch 6,118,S1000141.43007,SALE,1,2.8,2.8,0.0,0.0,0.0,0.0,121,Mineralwasser,Getränke,,MwSt. 19%,1.19,2.352941,0.447059,Normalverkauf
S1000141.43008,SP1000141.18.43008,SY1000141.2026.43008,iPad1(1000141),141,01.06.26 12:07,Prod,A1000141.6252,Tisch 6,118,S1000141.43008,SALE,2,9.8,19.6,0.0,0.0,0.0,0.0,108,Seelachs-Ei-Baugette,Hauptgerichte,,MwSt. 7%,1.07,18.317757,1.282243,Normalverkauf
S1000141.43009,SP1000141.18.43009,SY1000141.2026.43009,iPad1(1000141),141,01.06.26 12:07,Prod,A1000141.6252,Tisch 6,118,S1000141.43009,SALE,1,9.8,9.8,0.0,0.0,0.0,0.0,108,Seelachs-Ei-Baugette,Hauptgerichte,,MwSt. 7%,1.07,9.158879,0.641121,Normalverkauf
S1000141.43010,SP1000141.18.43010,SY1000141.2026.43010,iPad1(1000141),141,01.06.26 19:33,Prod,A1000141.6253,Tisch 19,105,S1000141.43010,SALE,1,5.9,5.9,0.0,0.0,0.0,0.0,123,Inger-Limonade,Getränke,,MwSt. 19%,1.19,4.957983,0.942017,Normalverkauf
S1000141.43011,SP1000141.18.43011,SY1000141.2026.43011,iPad1(1000141),141,01.06.26 17:32,Prod,A1000141.6254,Tisch 4,104,S1000141.43011,VOID,1,9.8,9.8,0.0,0.0,0.0,0.0,108,Seelachs-Ei-Baugette,Hauptgerichte,,MwSt. 7%,1.07,9.158879,0.641121,Normalverkauf
S1000141.43012,SP1000141.18.43012,SY1000141.2026.43012,iPad1(1000141),141,01.06.26 17:32,Prod,A1000141.6254,Tisch 4,104,S1000141.43012,VOID,2,3.9,7.8,0.0,0.0,0.0,0.0,127,Alkoholfreies Bier,Getränke,,MwSt. 19%,1.19,6.554622,1.245378,Normalverkauf
S1000141.43013,SP1000141.18.43013,SY1000141.2026.43013,iPad1(1000141),141,01.06.26 17:32,Prod,A1000141.6254,Tisch 4,104,S1000141.43013,VOID,2,5.5,11.0,0.0,0.0,0.0,0.0,111,Pommes Frites,Beilagen,,MwSt. 7%,1.07,10.280374,0.719626,Normalverkauf
S1000141.43014,SP1000141.18.43014,SY1000141.2026.43014,iPad1(1000141),141,01.06.26 12:37,Prod,A1000141.6255,Tisch 21,104,S1000141.43014,SALE,1,5.5,5.5,0.0,0.0,0.0,0.0,114,Fisch Nuggets Box,Beilagen,,MwSt. 7%,1.07,5.140187,0.359813,Normalverkauf
S1000141.43015,SP1000141.18.43015,SY1000141.2026.43015,iPad1(1000141),141,01.06.26 18:35,Prod,A1000141.6256,Tisch 2,113,S1000141.43015,SALE,1,10.9,10.9,0.0,0.0,0.0,0.0,104,Thunfisch Wrap,Hauptgerichte,,MwSt. 7%,1.07,10.186916,0.713084,Normalverkauf
S1000141.43016,SP1000141.18.43016,SY1000141.2026.43016,iPad1(1000141),141,01.06.26 18:35,Prod,A1000141.6256,Tisch 2,113,S1000141.43016,SALE,1,3.9,3.9,0.0,0.0,0.0,0.0,124,Cola Zero,Getränke,,MwSt. 19%,1.19,3.277311,0.622689,Normalverkauf
S1000141.43017,SP1000141.18.43017,SY1000141.2026.43017,iPad1(1000141),141,01.06.26 18:35,Prod,A1000141.6256,Tisch 2,113,S1000141.43017,SALE,1,6.5,6.5,0.0,0.0,0.0,0.0,100,Fischbrötchen Backfisch,Hauptspeisen,,MwSt. 7%,1.07,6.074766,0.425234,Normalverkauf
S1000141.43018,SP1000141.18.43018,SY1000141.2026.43018,iPad1(1000141),141,01.06.26 19:18,Prod,A1000141.6257,Tisch 4,104,S1000141.43018,SALE,2,3.9,7.8,0.0,0.0,0.0,0.0,119,Cola,Getränke,,MwSt. 19%,1.19,6.554622,1.245378,Normalverkauf
S1000141.43019,SP1000141.18.43019,SY1000141.2026.43019,iPad1(1000141),141,01.06.26 18:43,Prod,A1000141.6258,Tisch 11,113,S1000141.43019,SALE,1,6.9,6.9,0.0,0.0,0.0,0.0,103,Fischbrötchen Räucherlachs,Hauptspeisen,,MwSt. 7%,1.07,6.448598,0.451402,Normalverkauf
S1000141.43020,SP1000141.18.43020,SY1000141.2026.43020,iPad1(1000141),141,01.06.26 18:43,Prod,A1000141.6258,Tisch 11,113,S1000141.43020,SALE,2,6.5,13.0,0.0,0.0,0.0,0.0,100,Fischbrötchen Backfisch,Hauptspeisen,,MwSt. 7%,1.07,12.149533,0.850467,Normalverkauf
S1000141.43021,SP1000141.18.43021,SY1000141.2026.43021,iPad1(1000141),141,01.06.26 18:43,Prod,A1000141.6258,Tisch 11,113,S1000141.43021,SALE,2,3.9,7.8,0.0,0.0,0.0,0.0,119,Cola,Getränke,,MwSt. 19%,1.19,6.554622,1.245378,Normalverkauf
S1000141.43022,SP1000141.18.43022,SY1000141.2026.43022,iPad1(1000141),141,01.06.26 13:01,Prod,A1000141.6259,,114,S1000141.43022,SALE,1,10.9,10.9,0.0,0.0,0.0,0.0,104,Thunfisch Wrap,Hauptgerichte,,MwSt. 7%,1.07,10.186916,0.713084,Normalverkauf
S1000141.43023,SP1000141.18.43023,SY1000141.2026.43023,iPad1(1000141),141,01.06.26 13:01,Prod,A1000141.6259,,114,S1000141.43023,SALE,2,3.9,7.8,0.0,0.0,0.0,0.0,119,Cola,Getränke,,MwSt. 19%,1.19,6.554622,1.245378,Normalverkauf
S1000141.43024,SP1000141.18.43024,SY1000141.2026.43024,iPad1(1000141),141,01.06.26 20:08,Prod,A1000141.6260,Tisch 9,104,S1000141.43024,SALE,1,6.5,6.5,0.0,0.0,0.0,0.0,100,Fischbrötchen Backfisch,Hauptspeisen,,MwSt. 7%,1.07,6.074766,0.425234,Normalverkauf
S1000141.43025,SP1000141.18.43025,SY1000141.2026.43025,iPad1(1000141),141,01.06.26 20:08,Prod,A1000141.6260,Tisch 9,104,S1000141.43025,SALE,2,3.9,7.8,0.0,0.0,0.0,0.0,119,Cola,Getränke,,MwSt. 19%,1.19,6.554622,1.245378,Normalverkauf
S1000141.43026,SP1000141.18.43026,SY1000141.2026.43026,iPad1(1000141),141,01.06.26 11:21,Prod,A1000141.6261,,105,S1000141.43026,SALE,1,5.9,5.9,0.0,0.0,0.0,0.0,125,Zitronen-Limonade,Getränke,,MwSt. 19%,1.19,4.957983,0.942017,Normalverkauf
S1000141.43027,SP1000141.18.43027,SY1000141.2026.43027,iPad1(1000141),141,01.06.26 11:21,Prod,A1000141.6261,,105,S1000141.43027,SALE,2,5.5,11.0,0.0,0.0,0.0,0.0,114,Fisch Nuggets Box,Beilagen,,MwSt. 7%,1.07,10.280374,0.719626,Normalverkauf
S1000141.43028,SP1000141.18.43028,SY1000141.2026.43028,iPad1(1000141),141,01.06.26 11:21,Prod,A1000141.6261,,105,S1000141.43028,SALE,2,3.9,7.8,0.0,0.0,0.0,0.0,124,Cola Zero,Getränke,,MwSt. 19%,1.19,6.554622,1.245378,Normalverkauf
S1000141.43029,SP1000141.18.43029,SY1000141.2026.43029,iPad1(1000141),141,01.06.26 11:16,Prod,A1000141.6262,Tisch 4,101,S1000141.43029,SALE,1,11.5,11.5,0.0,0.0,0.0,0.0,105,Garnelen-Kimchi-Bruger,Hauptgerichte,,MwSt. 7%,1.07,10.747664,0.752336,Normalverkauf
S1000141.43030,SP1000141.18.43030,SY1000141.2026.43030,iPad1(1000141),141,01.06.26 11:16,Prod,A1000141.6262,Tisch 4,101,S1000141.43030,SALE,2,5.5,11.0,0.0,0.0,0.0,0.0,111,Pommes Frites,Beilagen,,MwSt. 7%,1.07,10.280374,0.719626,Normalverkauf
S1000141.43031,SP1000141.18.43031,SY1000141.2026.43031,iPad1(1000141),141,01.06.26 11:16,Prod,A1000141.6262,Tisch 4,101,S1000141.43031,SALE,2,7.9,15.8,0.0,0.0,0.0,0.0,115,Tiramisu,Desserts,,MwSt. 7%,1.07,14.766355,1.033645,Normalverkauf
S1000141.43032,SP1000141.18.43032,SY1000141.2026.43032,iPad1(1000141),141,01.06.26 17:17,Prod,A1000141.6263,Tisch 17,113,S1000141.43032,SALE,2,10.9,21.8,0.0,0.0,0.0,0.0,109,Bismarck-Baguette,Hauptgerichte,,MwSt. 7%,1.07,20.373832,1.426168,Normalverkauf
S1000141.43033,SP1000141.18.43033,SY1000141.2026.43033,iPad1(1000141),141,01.06.26 13:00,Prod,A1000141.6264,Tisch 5,101,S1000141.43033,SALE,2,2.8,5.6,0.0,0.0,0.0,0.0,121,Mineralwasser,Getränke,,MwSt. 19%,1.19,4.705882,0.894118,Normalverkauf
S1000141.43034,SP1000141.18.43034,SY1000141.2026.43034,iPad1(1000141),141,01.06.26 15:17,Prod,A1000141.6265,Tisch 8,104,S1000141.43034,SALE,1,11.5,11.5,0.0,0.0,0.0,0.0,105,Garnelen-Kimchi-Bruger,Hauptgerichte,,MwSt. 7%,1.07,10.747664,0.752336,Normalverkauf
S1000141.43035,SP1000141.18.43035,SY1000141.2026.43035,iPad1(1000141),141,01.06.26 15:17,Prod,A1000141.6265,Tisch 8,104,S1000141.43035,SALE,1,6.9,6.9,0.0,0.0,0.0,0.0,103,Fischbrötchen Räucherlachs,Hauptspeisen,,MwSt. 7%,1.07,6.448598,0.451402,Normalverkauf
S1000141.43036,SP1000141.18.43036,SY1000141.2026.43036,iPad1(1000141),141,01.06.26 16:49,Prod,A1000141.6266,Tisch 18,101,S1000141.43036,SALE,1,7.9,7.9,0.0,0.0,0.0,0.0,106,Neptun-Ringe,Beilagen,,MwSt. 7%,1.07,7.383178,0.516822,Normalverkauf
S1000141.43037,SP1000141.18.43037,SY1000141.2026.43037,iPad1(1000141),141,01.06.26 16:49,Prod,A1000141.6266,Tisch 18,101,S1000141.43037,SALE,1,4.2,4.2,0.0,0.0,0.0,0.0,122,Bier,Getränke,,MwSt. 19%,1.19,3.529412,0.670588,Normalverkauf
S1000141.43038,SP1000141.18.43038,SY1000141.2026.43038,iPad1(1000141),141,01.06.26 19:17,Prod,A1000141.6267,Tisch 17,113,S1000141.43038,SALE,2,13.5,27.0,0.0,0.0,0.0,0.0,102,Matjes,Hauptspeisen,,MwSt. 7%,1.07,25.233645,1.766355,Normalverkauf
S1000141.43039,SP1000141.18.43039,SY1000141.2026.43039,iPad1(1000141),141,01.06.26 19:17,Prod,A1000141.6267,Tisch 17,113,S1000141.43039,SALE,1,6.5,6.5,0.0,0.0,0.0,0.0,100,Fischbrötchen Backfisch,Hauptspeisen,,MwSt. 7%,1.07,6.074766,0.425234,Normalverkauf
S1000141.43040,SP1000141.18.43040,SY1000141.2026.43040,iPad1(1000141),141,01.06.26 20:20,Prod,A1000141.6268,Tisch 7,104,S1000141.43040,SALE,2,5.9,11.8,0.0,0.0,0.0,0.0,116,Vanillequark,Desserts,,MwSt. 7%,1.07,11.028037,0.771963,Normalverkauf
S1000141.43041,SP1000141.18.43041,SY1000141.2026.43041,iPad1(1000141),141,01.06.26 16:25,Prod,A1000141.6269,Tisch 6,113,S1000141.43041,SALE,1,7.9,7.9,0.0,0.0,0.0,0.0,115,Tiramisu,Desserts,,MwSt. 7%,1.07,7.383178,0.516822,Normalverkauf
S1000141.43042,SP1000141.18.43042,SY1000141.2026.43042,iPad1(1000141),141,01.06.26 16:25,Prod,A1000141.6269,Tisch 6,113,S1000141.43042,SALE,1,5.5,5.5,0.0,0.0,0.0,0.0,111,Pommes Frites,Beilagen,,MwSt. 7%,1.07,5.140187,0.359813,Normalverkauf
S1000141.43043,SP1000141.18.43043,SY1000141.2026.43043,iPad1(1000141),141,01.06.26 13:01,Prod,A1000141.6270,Tisch 9,118,S1000141.43043,SALE,1,3.9,3.9,0.0,0.0,0.0,0.0,119,Cola,Getränke,,MwSt. 19%,1.19,3.277311,0.622689,Normalverkauf
S1000141.43044,SP1000141.18.43044,SY1000141.2026.43044,iPad1(1000141),141,01.06.26 13:01,Prod,A1000141.6270,Tisch 9,118,S1000141.43044,SALE,1,7.9,7.9,0.0,0.0,0.0,0.0,106,Neptun-Ringe,Beilagen,,MwSt. 7%,1.07,7.383178,0.516822,Normalverkauf
S1000141.43045,SP1000141.18.43045,SY1000141.2026.43045,iPad1(1000141),141,01.06.26 13:01,Prod,A1000141.6270,Tisch 9,118,S1000141.43045,SALE,2,5.9,11.8,0.0,0.0,0.0,0.0,117,Rote Grütze,Desserts,,MwSt. 7%,1.07,11.028037,0.771963,Normalverkauf
S1000141.43046,SP1000141.18.43046,SY1000141.2026.43046,iPad1(1000141),141,01.06.26 10:01,Prod,A1000141.6271,Tisch 17,113,S1000141.43046,SALE,2,13.5,27.0,0.0,0.0,0.0,0.0,102,Matjes,Hauptspeisen,,MwSt. 7%,1.07,25.233645,1.766355,Normalverkauf
S1000141.43047,SP1000141.18.43047,SY1000141.2026.43047,iPad1(1000141),141,01.06.26 15:08,Prod,A1000141.6272,Tisch 23,118,S1000141.43047,SALE,2,5.5,11.0,0.0,0.0,0.0,0.0,114,Fisch Nuggets Box,Beilagen,,MwSt. 7%,1.07,10.280374,0.719626,Normalverkauf
S1000141.43048,SP1000141.18.43048,SY1000141.2026.43048,iPad1(1000141),141,01.06.26 18:51,Prod,A1000141.6273,Tisch 22,104,S1000141.43048,SALE,1,4.2,4.2,0.0,0.0,0.0,0.0,122,Bier,Getränke,,MwSt. 19%,1.19,3.529412,0.670588,Normalverkauf
S1000141.43049,SP1000141.18.43049,SY1000141.2026.43049,iPad1(1000141),141,01.06.26 17:53,Prod,A1000141.6274,Tisch 2,113,S1000141.43049,SALE,2,9.8,19.6,0.0,0.0,0.0,0.0,108,Seelachs-Ei-Baugette,Hauptgerichte,,MwSt. 7%,1.07,18.317757,1.282243,Normalverkauf
S1000141.43050,SP1000141.18.43050,SY1000141.2026.43050,iPad1(1000141),141,01.06.26 17:53,Prod,A1000141.6274,Tisch 2,113,S1000141.43050,SALE,2,6.9,13.8,0.0,0.0,0.0,0.0,103,Fischbrötchen Räucherlachs,Hauptspeisen,,MwSt. 7%,1.07,12.897196,0.902804,Normalverkauf
S1000141.43051,SP1000141.18.43051,SY1000141.2026.43051,iPad1(1000141),141,01.06.26 20:20,Prod,A1000141.6275,Tisch 24,101,S1000141.43051,SALE,2,5.5,11.0,0.0,0.0,0.0,0.0,111,Pommes Frites,Beilagen,,MwSt. 7%,1.07,10.280374,0.719626,Normalverkauf
S1000141.43052,SP1000141.18.43052,SY1000141.2026.43052,iPad1(1000141),141,01.06.26 17:08,Prod,A1000141.6276,Tisch 11,104,S1000141.43052,SALE,1,14.5,14.5,0.0,0.0,0.0,0.0,101,Lachs,Hauptspeisen,,MwSt. 7%,1.07,13.551402,0.948598,Normalverkauf
S1000141.43053,SP1000141.18.43053,SY1000141.2026.43053,iPad1(1000141),141,01.06.26 15:40,Prod,A1000141.6277,Tisch 8,101,S1000141.43053,SALE,2,3.9,7.8,0.0,0.0,0.0,0.0,119,Cola,Getränke,,MwSt. 19%,1.19,6.554622,1.245378,Normalverkauf
S1000141.43054,SP1000141.18.43054,SY1000141.2026.43054,iPad1(1000141),141,01.06.26 15:35,Prod,A1000141.6278,Tisch 24,104,S1000141.43054,SALE,2,2.8,5.6,0.0,0.0,0.0,0.0,121,Mineralwasser,Getränke,,MwSt. 19%,1.19,4.705882,0.894118,Normalverkauf
S1000141.43055,SP1000141.18.43055,SY1000141.2026.43055,iPad1(1000141),141,01.06.26 15:35,Prod,A1000141.6278,Tisch 24,104,S1000141.43055,SALE,1,3.9,3.9,0.0,0.0,0.0,0.0,119,Cola,Getränke,,MwSt. 19%,1.19,3.277311,0.622689,Normalverkauf
S1000141.43056,SP1000141.18.43056,SY1000141.2026.43056,iPad1(1000141),141,01.06.26 15:35,Prod,A1000141.6278,Tisch 24,104,S1000141.43056,SALE,2,3.2,6.4,0.0,0.0,0.0,0.0,120,Apfelschorle,Getränke,,MwSt. 19%,1.19,5.378151,1.021849,Normalverkauf
S1000141.43057,SP1000141.18.43057,SY1000141.2026.43057,iPad1(1000141),141,01.06.26 11:41,Prod,A1000141.6279,Tisch 13,113,S1000141.43057,SALE,2,10.9,21.8,0.0,0.0,0.0,0.0,104,Thunfisch Wrap,Hauptgerichte,,MwSt. 7%,1.07,20.373832,1.426168,Normalverkauf
S1000141.43058,SP1000141.18.43058,SY1000141.2026.43058,iPad1(1000141),141,01.06.26 11:41,Prod,A1000141.6279,Tisch 13,113,S1000141.43058,SALE,2,3.2,6.4,0.0,0.0,0.0,0.0,120,Apfelschorle,Getränke,,MwSt. 19%,1.19,5.378151,1.021849,Normalverkauf
S1000141.43059,SP1000141.18.43059,SY1000141.2026.43059,iPad1(1000141),141,01.06.26 11:41,Prod,A1000141.6279,Tisch 13,113,S1000141.43059,SALE,1,6.9,6.9,0.0,0.0,0.0,0.0,103,Fischbrötchen Räucherlachs,Hauptspeisen,,MwSt. 7%,1.07,6.448598,0.451402,Normalverkauf
S1000141.43060,SP1000141.18.43060,SY1000141.2026.43060,iPad1(1000141),141,01.06.26 19:00,Prod,A1000141.6280,Tisch 20,114,S1000141.43060,SALE,1,5.5,5.5,0.0,0.0,0.0,0.0,111,Pommes Frites,Beilagen,,MwSt. 7%,1.07,5.140187,0.359813,Normalverkauf
S1000141.43061,SP1000141.18.43061,SY1000141.2026.43061,iPad1(1000141),141,01.06.26 19:00,Prod,A1000141.6280,Tisch 20,114,S1000141.43061,SALE,2,5.5,11.0,0.0,0.0,0.0,0.0,114,Fisch Nuggets Box,Beilagen,,MwSt. 7%,1.07,10.280374,0.719626,Normalverkauf
S1000141.43062,SP1000141.18.43062,SY1000141.2026.43062,iPad1(1000141),141,01.06.26 19:34,Prod,A1000141.6281,,101,S1000141.43062,VOID,2,5.9,11.8,0.0,0.0,0.0,0.0,125,Zitronen-Limonade,Getränke,,MwSt. 19%,1.19,9.915966,1.884034,Normalverkauf
S1000141.43063,SP1000141.18.43063,SY1000141.2026.43063,iPad1(1000141),141,01.06.26 12:34,Prod,A1000141.6282,Tisch 13,104,S1000141.43063,SALE,1,3.9,3.9,0.0,0.0,0.0,0.0,126,Spezi,Getränke,,MwSt. 19%,1.19,3.277311,0.622689,Normalverkauf
S1000141.43064,SP1000141.18.43064,SY1000141.2026.43064,iPad1(1000141),141,01.06.26 12:34,Prod,A1000141.6282,Tisch 13,104,S1000141.43064,SALE,1,6.9,6.9,0.0,0.0,0.0,0.0,103,Fischbrötchen Räucherlachs,Hauptspeisen,,MwSt. 7%,1.07,6.448598,0.451402,Normalverkauf
S1000141.43065,SP1000141.18.43065,SY1000141.2026.43065,iPad1(1000141),141,01.06.26 12:34,Prod,A1000141.6282,Tisch 13,104,S1000141.43065,SALE,2,6.5,13.0,0.0,0.0,0.0,0.0,118,Schokokuchen,Desserts,,MwSt. 7%,1.07,12.149533,0.850467,Normalverkauf
S1000141.43066,SP1000141.18.43066,SY1000141.2026.43066,iPad1(1000141),141,01.06.26 17:14,Prod,A1000141.6283,Tisch 11,104,S1000141.43066,SALE,2,6.5,13.0,0.0,0.0,0.0,0.0,100,Fischbrötchen Backfisch,Hauptspeisen,,MwSt. 7%,1.07,12.149533,0.850467,Normalverkauf
S1000141.43067,SP1000141.18.43067,SY1000141.2026.43067,iPad1(1000141),141,01.06.26 17:14,Prod,A1000141.6283,Tisch 11,104,S1000141.43067,SALE,1,6.5,6.5,0.0,0.0,0.0,0.0,100,Fischbrötchen Backfisch,Hauptspeisen,,MwSt. 7%,1.07,6.074766,0.425234,Normalverkauf
S1000141.43068,SP1000141.18.43068,SY1000141.2026.43068,iPad1(1000141),141,01.06.26 17:14,Prod,A1000141.6283,Tisch 11,104,S1000141.43068,SALE,2,6.9,13.8,0.0,0.0,0.0,0.0,103,Fischbrötchen Räucherlachs,Hauptspeisen,,MwSt. 7%,1.07,12.897196,0.902804,Normalverkauf
S1000141.43069,SP1000141.18.43069,SY1000141.2026.43069,iPad1(1000141),141,01.06.26 19:01,Prod,A1000141.6284,Tisch 1,104,S1000141.43069,SALE,1,9.8,9.8,0.0,0.0,0.0,0.0,108,Seelachs-Ei-Baugette,Hauptgerichte,,MwSt. 7%,1.07,9.158879,0.641121,Normalverkauf
S1000141.43070,SP1000141.18.43070,SY1000141.2026.43070,iPad1(1000141),141,01.06.26 19:01,Prod,A1000141.6284,Tisch 1,104,S1000141.43070,SALE,1,9.8,9.8,0.0,0.0,0.0,0.0,108,Seelachs-Ei-Baugette,Hauptgerichte,,MwSt. 7%,1.07,9.158879,0.641121,Normalverkauf
S1000141.43071,SP1000141.18.43071,SY1000141.2026.43071,iPad1(1000141),141,01.06.26 10:43,Prod,A1000141.6285,Tisch 4,113,S1000141.43071,SALE,1,3.9,3.9,0.0,0.0,0.0,0.0,127,Alkoholfreies Bier,Getränke,,MwSt. 19%,1.19,3.277311,0.622689,Normalverkauf
S1000141.43072,SP1000141.18.43072,SY1000141.2026.43072,iPad1(1000141),141,01.06.26 17:14,Prod,A1000141.6286,Tisch 2,104,S1000141.43072,SALE,1,9.8,9.8,0.0,0.0,0.0,0.0,108,Seelachs-Ei-Baugette,Hauptgerichte,,MwSt. 7%,1.07,9.158879,0.641121,Normalverkauf
S1000141.43073,SP1000141.18.43073,SY1000141.2026.43073,iPad1(1000141),141,01.06.26 17:14,Prod,A1000141.6286,Tisch 2,104,S1000141.43073,SALE,2,3.2,6.4,0.0,0.0,0.0,0.0,120,Apfelschorle,Getränke,,MwSt. 19%,1.19,5.378151,1.021849,Normalverkauf
S1000141.43074,SP1000141.18.43074,SY1000141.2026.43074,iPad1(1000141),141,01.06.26 19:26,Prod,A1000141.6287,Tisch 16,105,S1000141.43074,SALE,2,2.8,5.6,0.0,0.0,0.0,0.0,121,Mineralwasser,Getränke,,MwSt. 19%,1.19,4.705882,0.894118,Normalverkauf
S1000141.43075,SP1000141.18.43075,SY1000141.2026.43075,iPad1(1000141),141,01.06.26 19:26,Prod,A1000141.6287,Tisch 16,105,S1000141.43075,SALE,2,14.5,29.0,0.0,0.0,0.0,0.0,101,Lachs,Hauptspeisen,,MwSt. 7%,1.07,27.102804,1.897196,Normalverkauf
S1000141.43076,SP1000141.18.43076,SY1000141.2026.43076,iPad1(1000141),141,01.06.26 17:40,Prod,A1000141.6288,Tisch 8,118,S1000141.43076,SALE,2,6.9,13.8,0.0,0.0,0.0,0.0,113,Garnelen Box,Beilagen,,MwSt. 7%,1.07,12.897196,0.902804,Normalverkauf
S1000141.43077,SP1000141.18.43077,SY1000141.2026.43077,iPad1(1000141),141,01.06.26 17:40,Prod,A1000141.6288,Tisch 8,118,S1000141.43077,SALE,1,5.9,5.9,0.0,0.0,0.0,0.0,123,Inger-Limonade,Getränke,,MwSt. 19%,1.19,4.957983,0.942017,Normalverkauf
S1000141.43078,SP1000141.18.43078,SY1000141.2026.43078,iPad1(1000141),141,01.06.26 17:40,Prod,A1000141.6288,Tisch 8,118,S1000141.43078,SALE,2,10.9,21.8,0.0,0.0,0.0,0.0,107,Chicken Burger,Hauptgerichte,,MwSt. 7%,1.07,20.373832,1.426168,Normalverkauf
S1000141.43079,SP1000141.18.43079,SY1000141.2026.43079,iPad1(1000141),141,01.06.26 17:54,Prod,A1000141.6289,Tisch 22,104,S1000141.43079,SALE,1,6.9,6.9,0.0,0.0,0.0,0.0,113,Garnelen Box,Beilagen,,MwSt. 7%,1.07,6.448598,0.451402,Normalverkauf
S1000141.43080,SP1000141.18.43080,SY1000141.2026.43080,iPad1(1000141),141,01.06.26 19:54,Prod,A1000141.6290,,114,S1000141.43080,SALE,1,10.9,10.9,0.0,0.0,0.0,0.0,109,Bismarck-Baguette,Hauptgerichte,,MwSt. 7%,1.07,10.186916,0.713084,Normalverkauf
S1000141.43081,SP1000141.18.43081,SY1000141.2026.43081,iPad1(1000141),141,01.06.26 19:54,Prod,A1000141.6290,,114,S1000141.43081,SALE,1,10.9,10.9,0.0,0.0,0.0,0.0,109,Bismarck-Baguette,Hauptgerichte,,MwSt. 7%,1.07,10.186916,0.713084,Normalverkauf
S1000141.43082,SP1000141.18.43082,SY1000141.2026.43082,iPad1(1000141),141,01.06.26 19:54,Prod,A1000141.6290,,114,S1000141.43082,SALE,1,3.9,3.9,0.0,0.0,0.0,0.0,119,Cola,Getränke,,MwSt. 19%,1.19,3.277311,0.622689,Normalverkauf
S1000141.43083,SP1000141.18.43083,SY1000141.2026.43083,iPad1(1000141),141,01.06.26 13:58,Prod,A1000141.6291,,105,S1000141.43083,SALE,2,5.9,11.8,0.0,0.0,0.0,0.0,117,Rote Grütze,Desserts,,MwSt. 7%,1.07,11.028037,0.771963,Normalverkauf
S1000141.43084,SP1000141.18.43084,SY1000141.2026.43084,iPad1(1000141),141,01.06.26 18:04,Prod,A1000141.6292,Tisch 18,101,S1000141.43084,SALE,1,9.8,9.8,0.0,0.0,0.0,0.0,108,Seelachs-Ei-Baugette,Hauptgerichte,,MwSt. 7%,1.07,9.158879,0.641121,Normalverkauf
S1000141.43085,SP1000141.18.43085,SY1000141.2026.43085,iPad1(1000141),141,01.06.26 18:04,Prod,A1000141.6292,Tisch 18,101,S1000141.43085,SALE,2,2.8,5.6,0.0,0.0,0.0,0.0,121,Mineralwasser,Getränke,,MwSt. 19%,1.19,4.705882,0.894118,Normalverkauf
S1000141.43086,SP1000141.18.43086,SY1000141.2026.43086,iPad1(1000141),141,01.06.26 18:04,Prod,A1000141.6292,Tisch 18,101,S1000141.43086,SALE,1,6.9,6.9,0.0,0.0,0.0,0.0,113,Garnelen Box,Beilagen,,MwSt. 7%,1.07,6.448598,0.451402,Normalverkauf
S1000141.43087,SP1000141.18.43087,SY1000141.2026.43087,iPad1(1000141),141,01.06.26 12:22,Prod,A1000141.6293,Tisch 12,118,S1000141.43087,SALE,2,10.9,21.8,0.0,0.0,0.0,0.0,109,Bismarck-Baguette,Hauptgerichte,,MwSt. 7%,1.07,20.373832,1.426168,Normalverkauf
S1000141.43088,SP1000141.18.43088,SY1000141.2026.43088,iPad1(1000141),141,01.06.26 12:22,Prod,A1000141.6293,Tisch 12,118,S1000141.43088,SALE,1,3.2,3.2,0.0,0.0,0.0,0.0,120,Apfelschorle,Getränke,,MwSt. 19%,1.19,2.689076,0.510924,Normalverkauf
S1000141.43089,SP1000141.18.43089,SY1000141.2026.43089,iPad1(1000141),141,01.06.26 19:24,Prod,A1000141.6294,Tisch 24,105,S1000141.43089,SALE,1,2.8,2.8,0.0,0.0,0.0,0.0,121,Mineralwasser,Getränke,,MwSt. 19%,1.19,2.352941,0.447059,Normalverkauf
S1000141.43090,SP1000141.18.43090,SY1000141.2026.43090,iPad1(1000141),141,01.06.26 19:24,Prod,A1000141.6294,Tisch 24,105,S1000141.43090,SALE,1,6.9,6.9,0.0,0.0,0.0,0.0,113,Garnelen Box,Beilagen,,MwSt. 7%,1.07,6.448598,0.451402,Normalverkauf
S1000141.43091,SP1000141.18.43091,SY1000141.2026.43091,iPad1(1000141),141,01.06.26 18:15,Prod,A1000141.6295,Tisch 18,105,S1000141.43091,SALE,1,5.5,5.5,0.0,0.0,0.0,0.0,111,Pommes Frites,Beilagen,,MwSt. 7%,1.07,5.140187,0.359813,Normalverkauf
S1000141.43092,SP1000141.18.43092,SY1000141.2026.43092,iPad1(1000141),141,01.06.26 18:15,Prod,A1000141.6295,Tisch 18,105,S1000141.43092,SALE,1,2.8,2.8,0.0,0.0,0.0,0.0,121,Mineralwasser,Getränke,,MwSt. 19%,1.19,2.352941,0.447059,Normalverkauf
S1000141.43093,SP1000141.18.43093,SY1000141.2026.43093,iPad1(1000141),141,01.06.26 11:58,Prod,A1000141.6296,,105,S1000141.43093,SALE,1,5.9,5.9,0.0,0.0,0.0,0.0,123,Inger-Limonade,Getränke,,MwSt. 19%,1.19,4.957983,0.942017,Normalverkauf
S1000141.43094,SP1000141.18.43094,SY1000141.2026.43094,iPad1(1000141),141,01.06.26 17:29,Prod,A1000141.6297,Tisch 16,104,S1000141.43094,VOID,1,6.5,6.5,0.0,0.0,0.0,0.0,100,Fischbrötchen Backfisch,Hauptspeisen,,MwSt. 7%,1.07,6.074766,0.425234,Normalverkauf
S1000141.43095,SP1000141.18.43095,SY1000141.2026.43095,iPad1(1000141),141,01.06.26 20:46,Prod,A1000141.6298,,114,S1000141.43095,SALE,2,4.9,9.8,0.0,0.0,0.0,0.0,112,Kartoffelwedges,Beilagen,,MwSt. 7%,1.07,9.158879,0.641121,Normalverkauf
S1000141.43096,SP1000141.18.43096,SY1000141.2026.43096,iPad1(1000141),141,01.06.26 20:46,Prod,A1000141.6298,,114,S1000141.43096,SALE,2,3.9,7.8,0.0,0.0,0.0,0.0,126,Spezi,Getränke,,MwSt. 19%,1.19,6.554622,1.245378,Normalverkauf
S1000141.43097,SP1000141.18.43097,SY1000141.2026.43097,iPad1(1000141),141,01.06.26 20:46,Prod,A1000141.6298,,114,S1000141.43097,SALE,2,2.8,5.6,0.0,0.0,0.0,0.0,121,Mineralwasser,Getränke,,MwSt. 19%,1.19,4.705882,0.894118,Normalverkauf
S1000141.43098,SP1000141.18.43098,SY1000141.2026.43098,iPad1(1000141),141,01.06.26 16:44,Prod,A1000141.6299,Tisch 7,104,S1000141.43098,SALE,1,5.5,5.5,0.0,0.0,0.0,0.0,111,Pommes Frites,Beilagen,,MwSt. 7%,1.07,5.140187,0.359813,Normalverkauf
S1000141.43099,SP1000141.18.43099,SY1000141.2026.43099,iPad1(1000141),141,01.06.26 16:44,Prod,A1000141.6299,Tisch 7,104,S1000141.43099,SALE,2,4.9,9.8,0.0,0.0,0.0,0.0,112,Kartoffelwedges,Beilagen,,MwSt. 7%,1.07,9.158879,0.641121,Normalverkauf
S1000141.43100,SP1000141.18.43100,SY1000141.2026.43100,iPad1(1000141),141,01.06.26 16:44,Prod,A1000141.6299,Tisch 7,104,S1000141.43100,SALE,1,10.9,10.9,0.0,0.0,0.0,0.0,109,Bismarck-Baguette,Hauptgerichte,,MwSt. 7%,1.07,10.186916,0.713084,Normalverkauf
S1000141.43101,SP1000141.18.43101,SY1000141.2026.43101,iPad1(1000141),141,01.06.26 12:35,Prod,A1000141.6300,Tisch 24,101,S1000141.43101,SALE,2,3.9,7.8,0.0,0.0,0.0,0.0,126,Spezi,Getränke,,MwSt. 19%,1.19,6.554622,1.245378,Normalverkauf
S1000141.43102,SP1000141.18.43102,SY1000141.2026.43102,iPad1(1000141),141,01.06.26 13:32,Prod,A1000141.6301,Tisch 15,105,S1000141.43102,SALE,2,10.9,21.8,0.0,0.0,0.0,0.0,104,Thunfisch Wrap,Hauptgerichte,,MwSt. 7%,1.07,20.373832,1.426168,Normalverkauf
S1000141.43103,SP1000141.18.43103,SY1000141.2026.43103,iPad1(1000141),141,01.06.26 13:32,Prod,A1000141.6301,Tisch 15,105,S1000141.43103,SALE,2,5.9,11.8,0.0,0.0,0.0,0.0,117,Rote Grütze,Desserts,,MwSt. 7%,1.07,11.028037,0.771963,Normalverkauf
S1000141.43104,SP1000141.18.43104,SY1000141.2026.43104,iPad1(1000141),141,01.06.26 13:35,Prod,A1000141.6302,,113,S1000141.43104,SALE,2,3.9,7.8,0.0,0.0,0.0,0.0,119,Cola,Getränke,,MwSt. 19%,1.19,6.554622,1.245378,Normalverkauf
S1000141.43105,SP1000141.18.43105,SY1000141.2026.43105,iPad1(1000141),141,01.06.26 13:35,Prod,A1000141.6302,,113,S1000141.43105,SALE,2,2.8,5.6,0.0,0.0,0.0,0.0,121,Mineralwasser,Getränke,,MwSt. 19%,1.19,4.705882,0.894118,Normalverkauf
S1000141.43106,SP1000141.18.43106,SY1000141.2026.43106,iPad1(1000141),141,01.06.26 17:04,Prod,A1000141.6303,,105,S1000141.43106,SALE,1,5.9,5.9,0.0,0.0,0.0,0.0,116,Vanillequark,Desserts,,MwSt. 7%,1.07,5.514019,0.385981,Normalverkauf
S1000141.43107,SP1000141.18.43107,SY1000141.2026.43107,iPad1(1000141),141,01.06.26 17:04,Prod,A1000141.6303,,105,S1000141.43107,SALE,2,5.5,11.0,0.0,0.0,0.0,0.0,111,Pommes Frites,Beilagen,,MwSt. 7%,1.07,10.280374,0.719626,Normalverkauf
S1000141.43108,SP1000141.18.43108,SY1000141.2026.43108,iPad1(1000141),141,01.06.26 16:13,Prod,A1000141.6304,Tisch 15,105,S1000141.43108,SALE,1,6.5,6.5,0.0,0.0,0.0,0.0,100,Fischbrötchen Backfisch,Hauptspeisen,,MwSt. 7%,1.07,6.074766,0.425234,Normalverkauf
S1000141.43109,SP1000141.18.43109,SY1000141.2026.43109,iPad1(1000141),141,01.06.26 16:13,Prod,A1000141.6304,Tisch 15,105,S1000141.43109,SALE,2,6.9,13.8,0.0,0.0,0.0,0.0,103,Fischbrötchen Räucherlachs,Hauptspeisen,,MwSt. 7%,1.07,12.897196,0.902804,Normalverkauf
S1000141.43110,SP1000141.18.43110,SY1000141.2026.43110,iPad1(1000141),141,02.06.26 16:50,Prod,A1000141.6305,Tisch 20,104,S1000141.43110,SALE,1,5.5,5.5,0.0,0.0,0.0,0.0,114,Fisch Nuggets Box,Beilagen,,MwSt. 7%,1.07,5.140187,0.359813,Normalverkauf
S1000141.43111,SP1000141.18.43111,SY1000141.2026.43111,iPad1(1000141),141,02.06.26 16:50,Prod,A1000141.6305,Tisch 20,104,S1000141.43111,SALE,1,7.9,7.9,0.0,0.0,0.0,0.0,106,Neptun-Ringe,Beilagen,,MwSt. 7%,1.07,7.383178,0.516822,Normalverkauf
S1000141.43112,SP1000141.18.43112,SY1000141.2026.43112,iPad1(1000141),141,02.06.26 16:50,Prod,A1000141.6305,Tisch 20,104,S1000141.43112,SALE,2,13.5,27.0,0.0,0.0,0.0,0.0,102,Matjes,Hauptspeisen,,MwSt. 7%,1.07,25.233645,1.766355,Normalverkauf
S1000141.43113,SP1000141.18.43113,SY1000141.2026.43113,iPad1(1000141),141,02.06.26 11:10,Prod,A1000141.6306,Tisch 5,118,S1000141.43113,SALE,2,3.2,6.4,0.0,0.0,0.0,0.0,120,Apfelschorle,Getränke,,MwSt. 19%,1.19,5.378151,1.021849,Normalverkauf
S1000141.43114,SP1000141.18.43114,SY1000141.2026.43114,iPad1(1000141),141,02.06.26 11:10,Prod,A1000141.6306,Tisch 5,118,S1000141.43114,SALE,1,6.5,6.5,0.0,0.0,0.0,0.0,100,Fischbrötchen Backfisch,Hauptspeisen,,MwSt. 7%,1.07,6.074766,0.425234,Normalverkauf
S1000141.43115,SP1000141.18.43115,SY1000141.2026.43115,iPad1(1000141),141,02.06.26 20:40,Prod,A1000141.6307,Tisch 6,113,S1000141.43115,SALE,2,11.5,23.0,0.0,0.0,0.0,0.0,105,Garnelen-Kimchi-Bruger,Hauptgerichte,,MwSt. 7%,1.07,21.495327,1.504673,Normalverkauf
S1000141.43116,SP1000141.18.43116,SY1000141.2026.43116,iPad1(1000141),141,02.06.26 20:40,Prod,A1000141.6307,Tisch 6,113,S1000141.43116,SALE,2,5.5,11.0,0.0,0.0,0.0,0.0,111,Pommes Frites,Beilagen,,MwSt. 7%,1.07,10.280374,0.719626,Normalverkauf
S1000141.43117,SP1000141.18.43117,SY1000141.2026.43117,iPad1(1000141),141,02.06.26 20:40,Prod,A1000141.6307,Tisch 6,113,S1000141.43117,SALE,2,10.9,21.8,0.0,0.0,0.0,0.0,104,Thunfisch Wrap,Hauptgerichte,,MwSt. 7%,1.07,20.373832,1.426168,Normalverkauf
S1000141.43118,SP1000141.18.43118,SY1000141.2026.43118,iPad1(1000141),141,02.06.26 18:26,Prod,A1000141.6308,Tisch 11,101,S1000141.43118,SALE,2,6.5,13.0,0.0,0.0,0.0,0.0,100,Fischbrötchen Backfisch,Hauptspeisen,,MwSt. 7%,1.07,12.149533,0.850467,Normalverkauf
S1000141.43119,SP1000141.18.43119,SY1000141.2026.43119,iPad1(1000141),141,02.06.26 18:26,Prod,A1000141.6308,Tisch 11,101,S1000141.43119,SALE,2,4.9,9.8,0.0,0.0,0.0,0.0,112,Kartoffelwedges,Beilagen,,MwSt. 7%,1.07,9.158879,0.641121,Normalverkauf
S1000141.43120,SP1000141.18.43120,SY1000141.2026.43120,iPad1(1000141),141,02.06.26 16:34,Prod,A1000141.6309,Tisch 1,104,S1000141.43120,SALE,2,3.9,7.8,0.0,0.0,0.0,0.0,126,Spezi,Getränke,,MwSt. 19%,1.19,6.554622,1.245378,Normalverkauf
S1000141.43121,SP1000141.18.43121,SY1000141.2026.43121,iPad1(1000141),141,02.06.26 16:34,Prod,A1000141.6309,Tisch 1,104,S1000141.43121,SALE,2,6.9,13.8,0.0,0.0,0.0,0.0,103,Fischbrötchen Räucherlachs,Hauptspeisen,,MwSt. 7%,1.07,12.897196,0.902804,Normalverkauf
S1000141.43122,SP1000141.18.43122,SY1000141.2026.43122,iPad1(1000141),141,02.06.26 16:34,Prod,A1000141.6309,Tisch 1,104,S1000141.43122,SALE,2,4.9,9.8,0.0,0.0,0.0,0.0,112,Kartoffelwedges,Beilagen,,MwSt. 7%,1.07,9.158879,0.641121,Normalverkauf
S1000141.43123,SP1000141.18.43123,SY1000141.2026.43123,iPad1(1000141),141,02.06.26 17:24,Prod,A1000141.6310,Tisch 23,104,S1000141.43123,SALE,1,5.9,5.9,0.0,0.0,0.0,0.0,116,Vanillequark,Desserts,,MwSt. 7%,1.07,5.514019,0.385981,Normalverkauf
S1000141.43124,SP1000141.18.43124,SY1000141.2026.43124,iPad1(1000141),141,02.06.26 17:24,Prod,A1000141.6310,Tisch 23,104,S1000141.43124,SALE,2,7.9,15.8,0.0,0.0,0.0,0.0,115,Tiramisu,Desserts,,MwSt. 7%,1.07,14.766355,1.033645,Normalverkauf
S1000141.43125,SP1000141.18.43125,SY1000141.2026.43125,iPad1(1000141),141,02.06.26 17:24,Prod,A1000141.6310,Tisch 23,104,S1000141.43125,SALE,2,6.9,13.8,0.0,0.0,0.0,0.0,113,Garnelen Box,Beilagen,,MwSt. 7%,1.07,12.897196,0.902804,Normalverkauf
S1000141.43126,SP1000141.18.43126,SY1000141.2026.43126,iPad1(1000141),141,02.06.26 11:14,Prod,A1000141.6311,Tisch 1,105,S1000141.43126,VOID,1,6.5,6.5,0.0,0.0,0.0,0.0,100,Fischbrötchen Backfisch,Hauptspeisen,,MwSt. 7%,1.07,6.074766,0.425234,Normalverkauf
S1000141.43127,SP1000141.18.43127,SY1000141.2026.43127,iPad1(1000141),141,02.06.26 11:14,Prod,A1000141.6311,Tisch 1,105,S1000141.43127,VOID,2,5.5,11.0,0.0,0.0,0.0,0.0,111,Pommes Frites,Beilagen,,MwSt. 7%,1.07,10.280374,0.719626,Normalverkauf
S1000141.43128,SP1000141.18.43128,SY1000141.2026.43128,iPad1(1000141),141,02.06.26 10:11,Prod,A1000141.6312,Tisch 5,101,S1000141.43128,SALE,1,6.9,6.9,0.0,0.0,0.0,0.0,103,Fischbrötchen Räucherlachs,Hauptspeisen,,MwSt. 7%,1.07,6.448598,0.451402,Normalverkauf
S1000141.43129,SP1000141.18.43129,SY1000141.2026.43129,iPad1(1000141),141,02.06.26 19:55,Prod,A1000141.6313,Tisch 15,113,S1000141.43129,SALE,2,5.9,11.8,0.0,0.0,0.0,0.0,123,Inger-Limonade,Getränke,,MwSt. 19%,1.19,9.915966,1.884034,Normalverkauf
S1000141.43130,SP1000141.18.43130,SY1000141.2026.43130,iPad1(1000141),141,02.06.26 19:55,Prod,A1000141.6313,Tisch 15,113,S1000141.43130,SALE,1,5.9,5.9,0.0,0.0,0.0,0.0,123,Inger-Limonade,Getränke,,MwSt. 19%,1.19,4.957983,0.942017,Normalverkauf
S1000141.43131,SP1000141.18.43131,SY1000141.2026.43131,iPad1(1000141),141,02.06.26 10:02,Prod,A1000141.6314,,114,S1000141.43131,VOID,2,6.5,13.0,0.0,0.0,0.0,0.0,100,Fischbrötchen Backfisch,Hauptspeisen,,MwSt. 7%,1.07,12.149533,0.850467,Normalverkauf
S1000141.43132,SP1000141.18.43132,SY1000141.2026.43132,iPad1(1000141),141,02.06.26 18:37,Prod,A1000141.6315,Tisch 13,114,S1000141.43132,SALE,1,9.8,9.8,0.0,0.0,0.0,0.0,108,Seelachs-Ei-Baugette,Hauptgerichte,,MwSt. 7%,1.07,9.158879,0.641121,Normalverkauf
S1000141.43133,SP1000141.18.43133,SY1000141.2026.43133,iPad1(1000141),141,02.06.26 17:16,Prod,A1000141.6316,Tisch 1,101,S1000141.43133,SALE,1,13.5,13.5,0.0,0.0,0.0,0.0,102,Matjes,Hauptspeisen,,MwSt. 7%,1.07,12.616822,0.883178,Normalverkauf
S1000141.43134,SP1000141.18.43134,SY1000141.2026.43134,iPad1(1000141),141,02.06.26 17:16,Prod,A1000141.6316,Tisch 1,101,S1000141.43134,SALE,2,3.9,7.8,0.0,0.0,0.0,0.0,126,Spezi,Getränke,,MwSt. 19%,1.19,6.554622,1.245378,Normalverkauf
S1000141.43135,SP1000141.18.43135,SY1000141.2026.43135,iPad1(1000141),141,02.06.26 17:16,Prod,A1000141.6316,Tisch 1,101,S1000141.43135,SALE,1,6.9,6.9,0.0,0.0,0.0,0.0,103,Fischbrötchen Räucherlachs,Hauptspeisen,,MwSt. 7%,1.07,6.448598,0.451402,Normalverkauf
S1000141.43136,SP1000141.18.43136,SY1000141.2026.43136,iPad1(1000141),141,02.06.26 15:00,Prod,A1000141.6317,,101,S1000141.43136,SALE,2,9.8,19.6,0.0,0.0,0.0,0.0,108,Seelachs-Ei-Baugette,Hauptgerichte,,MwSt. 7%,1.07,18.317757,1.282243,Normalverkauf
S1000141.43137,SP1000141.18.43137,SY1000141.2026.43137,iPad1(1000141),141,02.06.26 15:00,Prod,A1000141.6317,,101,S1000141.43137,SALE,2,5.5,11.0,0.0,0.0,0.0,0.0,111,Pommes Frites,Beilagen,,MwSt. 7%,1.07,10.280374,0.719626,Normalverkauf
S1000141.43138,SP1000141.18.43138,SY1000141.2026.43138,iPad1(1000141),141,02.06.26 15:00,Prod,A1000141.6317,,101,S1000141.43138,SALE,1,6.9,6.9,0.0,0.0,0.0,0.0,103,Fischbrötchen Räucherlachs,Hauptspeisen,,MwSt. 7%,1.07,6.448598,0.451402,Normalverkauf
S1000141.43139,SP1000141.18.43139,SY1000141.2026.43139,iPad1(1000141),141,02.06.26 16:27,Prod,A1000141.6318,Tisch 1,101,S1000141.43139,SALE,1,9.8,9.8,0.0,0.0,0.0,0.0,108,Seelachs-Ei-Baugette,Hauptgerichte,,MwSt. 7%,1.07,9.158879,0.641121,Normalverkauf
S1000141.43140,SP1000141.18.43140,SY1000141.2026.43140,iPad1(1000141),141,02.06.26 16:27,Prod,A1000141.6318,Tisch 1,101,S1000141.43140,SALE,2,9.8,19.6,0.0,0.0,0.0,0.0,108,Seelachs-Ei-Baugette,Hauptgerichte,,MwSt. 7%,1.07,18.317757,1.282243,Normalverkauf
S1000141.43141,SP1000141.18.43141,SY1000141.2026.43141,iPad1(1000141),141,02.06.26 16:27,Prod,A1000141.6318,Tisch 1,101,S1000141.43141,SALE,2,4.9,9.8,0.0,0.0,0.0,0.0,112,Kartoffelwedges,Beilagen,,MwSt. 7%,1.07,9.158879,0.641121,Normalverkauf
S1000141.43142,SP1000141.18.43142,SY1000141.2026.43142,iPad1(1000141),141,02.06.26 11:58,Prod,A1000141.6319,Tisch 10,104,S1000141.43142,SALE,1,10.9,10.9,0.0,0.0,0.0,0.0,107,Chicken Burger,Hauptgerichte,,MwSt. 7%,1.07,10.186916,0.713084,Normalverkauf
S1000141.43143,SP1000141.18.43143,SY1000141.2026.43143,iPad1(1000141),141,02.06.26 11:58,Prod,A1000141.6319,Tisch 10,104,S1000141.43143,SALE,2,6.5,13.0,0.0,0.0,0.0,0.0,100,Fischbrötchen Backfisch,Hauptspeisen,,MwSt. 7%,1.07,12.149533,0.850467,Normalverkauf
S1000141.43144,SP1000141.18.43144,SY1000141.2026.43144,iPad1(1000141),141,02.06.26 13:11,Prod,A1000141.6320,Tisch 17,105,S1000141.43144,VOID,2,10.9,21.8,0.0,0.0,0.0,0.0,104,Thunfisch Wrap,Hauptgerichte,,MwSt. 7%,1.07,20.373832,1.426168,Normalverkauf
S1000141.43145,SP1000141.18.43145,SY1000141.2026.43145,iPad1(1000141),141,02.06.26 12:49,Prod,A1000141.6321,,104,S1000141.43145,SALE,2,5.9,11.8,0.0,0.0,0.0,0.0,117,Rote Grütze,Desserts,,MwSt. 7%,1.07,11.028037,0.771963,Normalverkauf
S1000141.43146,SP1000141.18.43146,SY1000141.2026.43146,iPad1(1000141),141,02.06.26 12:49,Prod,A1000141.6321,,104,S1000141.43146,SALE,2,4.2,8.4,0.0,0.0,0.0,0.0,122,Bier,Getränke,,MwSt. 19%,1.19,7.058824,1.341176,Normalverkauf
S1000141.43147,SP1000141.18.43147,SY1000141.2026.43147,iPad1(1000141),141,02.06.26 11:27,Prod,A1000141.6322,,104,S1000141.43147,SALE,1,6.9,6.9,0.0,0.0,0.0,0.0,113,Garnelen Box,Beilagen,,MwSt. 7%,1.07,6.448598,0.451402,Normalverkauf
S1000141.43148,SP1000141.18.43148,SY1000141.2026.43148,iPad1(1000141),141,02.06.26 11:27,Prod,A1000141.6322,,104,S1000141.43148,SALE,2,10.9,21.8,0.0,0.0,0.0,0.0,104,Thunfisch Wrap,Hauptgerichte,,MwSt. 7%,1.07,20.373832,1.426168,Normalverkauf
S1000141.43149,SP1000141.18.43149,SY1000141.2026.43149,iPad1(1000141),141,02.06.26 11:27,Prod,A1000141.6322,,104,S1000141.43149,SALE,1,3.2,3.2,0.0,0.0,0.0,0.0,120,Apfelschorle,Getränke,,MwSt. 19%,1.19,2.689076,0.510924,Normalverkauf
S1000141.43150,SP1000141.18.43150,SY1000141.2026.43150,iPad1(1000141),141,02.06.26 16:51,Prod,A1000141.6323,Tisch 15,104,S1000141.43150,VOID,2,9.8,19.6,0.0,0.0,0.0,0.0,108,Seelachs-Ei-Baugette,Hauptgerichte,,MwSt. 7%,1.07,18.317757,1.282243,Normalverkauf
S1000141.43151,SP1000141.18.43151,SY1000141.2026.43151,iPad1(1000141),141,02.06.26 19:31,Prod,A1000141.6324,Tisch 3,101,S1000141.43151,SALE,2,10.9,21.8,0.0,0.0,0.0,0.0,104,Thunfisch Wrap,Hauptgerichte,,MwSt. 7%,1.07,20.373832,1.426168,Normalverkauf
S1000141.43152,SP1000141.18.43152,SY1000141.2026.43152,iPad1(1000141),141,02.06.26 19:31,Prod,A1000141.6324,Tisch 3,101,S1000141.43152,SALE,1,3.9,3.9,0.0,0.0,0.0,0.0,126,Spezi,Getränke,,MwSt. 19%,1.19,3.277311,0.622689,Normalverkauf
S1000141.43153,SP1000141.18.43153,SY1000141.2026.43153,iPad1(1000141),141,02.06.26 12:03,Prod,A1000141.6325,Tisch 17,101,S1000141.43153,SALE,2,10.9,21.8,0.0,0.0,0.0,0.0,107,Chicken Burger,Hauptgerichte,,MwSt. 7%,1.07,20.373832,1.426168,Normalverkauf
S1000141.43154,SP1000141.18.43154,SY1000141.2026.43154,iPad1(1000141),141,02.06.26 12:03,Prod,A1000141.6325,Tisch 17,101,S1000141.43154,SALE,1,7.9,7.9,0.0,0.0,0.0,0.0,106,Neptun-Ringe,Beilagen,,MwSt. 7%,1.07,7.383178,0.516822,Normalverkauf
S1000141.43155,SP1000141.18.43155,SY1000141.2026.43155,iPad1(1000141),141,02.06.26 19:41,Prod,A1000141.6326,Tisch 9,118,S1000141.43155,SALE,1,3.9,3.9,0.0,0.0,0.0,0.0,126,Spezi,Getränke,,MwSt. 19%,1.19,3.277311,0.622689,Normalverkauf
S1000141.43156,SP1000141.18.43156,SY1000141.2026.43156,iPad1(1000141),141,02.06.26 19:41,Prod,A1000141.6326,Tisch 9,118,S1000141.43156,SALE,1,14.5,14.5,0.0,0.0,0.0,0.0,101,Lachs,Hauptspeisen,,MwSt. 7%,1.07,13.551402,0.948598,Normalverkauf
S1000141.43157,SP1000141.18.43157,SY1000141.2026.43157,iPad1(1000141),141,02.06.26 19:41,Prod,A1000141.6326,Tisch 9,118,S1000141.43157,SALE,2,5.9,11.8,0.0,0.0,0.0,0.0,125,Zitronen-Limonade,Getränke,,MwSt. 19%,1.19,9.915966,1.884034,Normalverkauf
S1000141.43158,SP1000141.18.43158,SY1000141.2026.43158,iPad1(1000141),141,02.06.26 16:37,Prod,A1000141.6327,Tisch 5,105,S1000141.43158,SALE,2,6.9,13.8,0.0,0.0,0.0,0.0,113,Garnelen Box,Beilagen,,MwSt. 7%,1.07,12.897196,0.902804,Normalverkauf
S1000141.43159,SP1000141.18.43159,SY1000141.2026.43159,iPad1(1000141),141,02.06.26 16:37,Prod,A1000141.6327,Tisch 5,105,S1000141.43159,SALE,2,4.9,9.8,0.0,0.0,0.0,0.0,112,Kartoffelwedges,Beilagen,,MwSt. 7%,1.07,9.158879,0.641121,Normalverkauf
S1000141.43160,SP1000141.18.43160,SY1000141.2026.43160,iPad1(1000141),141,02.06.26 20:54,Prod,A1000141.6328,Tisch 9,101,S1000141.43160,SALE,2,6.5,13.0,0.0,0.0,0.0,0.0,100,Fischbrötchen Backfisch,Hauptspeisen,,MwSt. 7%,1.07,12.149533,0.850467,Normalverkauf
S1000141.43161,SP1000141.18.43161,SY1000141.2026.43161,iPad1(1000141),141,02.06.26 11:47,Prod,A1000141.6329,Tisch 6,104,S1000141.43161,SALE,2,14.5,29.0,0.0,0.0,0.0,0.0,101,Lachs,Hauptspeisen,,MwSt. 7%,1.07,27.102804,1.897196,Normalverkauf
S1000141.43162,SP1000141.18.43162,SY1000141.2026.43162,iPad1(1000141),141,02.06.26 11:47,Prod,A1000141.6329,Tisch 6,104,S1000141.43162,SALE,1,5.9,5.9,0.0,0.0,0.0,0.0,116,Vanillequark,Desserts,,MwSt. 7%,1.07,5.514019,0.385981,Normalverkauf
S1000141.43163,SP1000141.18.43163,SY1000141.2026.43163,iPad1(1000141),141,02.06.26 14:42,Prod,A1000141.6330,Tisch 5,118,S1000141.43163,SALE,1,10.9,10.9,0.0,0.0,0.0,0.0,104,Thunfisch Wrap,Hauptgerichte,,MwSt. 7%,1.07,10.186916,0.713084,Normalverkauf
S1000141.43164,SP1000141.18.43164,SY1000141.2026.43164,iPad1(1000141),141,02.06.26 14:42,Prod,A1000141.6330,Tisch 5,118,S1000141.43164,SALE,2,11.5,23.0,0.0,0.0,0.0,0.0,105,Garnelen-Kimchi-Bruger,Hauptgerichte,,MwSt. 7%,1.07,21.495327,1.504673,Normalverkauf
S1000141.43165,SP1000141.18.43165,SY1000141.2026.43165,iPad1(1000141),141,02.06.26 12:06,Prod,A1000141.6331,Tisch 9,101,S1000141.43165,SALE,2,10.9,21.8,0.0,0.0,0.0,0.0,104,Thunfisch Wrap,Hauptgerichte,,MwSt. 7%,1.07,20.373832,1.426168,Normalverkauf
S1000141.43166,SP1000141.18.43166,SY1000141.2026.43166,iPad1(1000141),141,02.06.26 12:06,Prod,A1000141.6331,Tisch 9,101,S1000141.43166,SALE,2,6.5,13.0,0.0,0.0,0.0,0.0,100,Fischbrötchen Backfisch,Hauptspeisen,,MwSt. 7%,1.07,12.149533,0.850467,Normalverkauf
S1000141.43167,SP1000141.18.43167,SY1000141.2026.43167,iPad1(1000141),141,02.06.26 19:36,Prod,A1000141.6332,Tisch 15,113,S1000141.43167,SALE,1,5.9,5.9,0.0,0.0,0.0,0.0,125,Zitronen-Limonade,Getränke,,MwSt. 19%,1.19,4.957983,0.942017,Normalverkauf
S1000141.43168,SP1000141.18.43168,SY1000141.2026.43168,iPad1(1000141),141,02.06.26 19:36,Prod,A1000141.6332,Tisch 15,113,S1000141.43168,SALE,2,10.9,21.8,0.0,0.0,0.0,0.0,104,Thunfisch Wrap,Hauptgerichte,,MwSt. 7%,1.07,20.373832,1.426168,Normalverkauf
S1000141.43169,SP1000141.18.43169,SY1000141.2026.43169,iPad1(1000141),141,02.06.26 19:36,Prod,A1000141.6332,Tisch 15,113,S1000141.43169,SALE,2,6.9,13.8,0.0,0.0,0.0,0.0,103,Fischbrötchen Räucherlachs,Hauptspeisen,,MwSt. 7%,1.07,12.897196,0.902804,Normalverkauf
S1000141.43170,SP1000141.18.43170,SY1000141.2026.43170,iPad1(1000141),141,02.06.26 18:35,Prod,A1000141.6333,Tisch 11,101,S1000141.43170,SALE,2,3.2,6.4,0.0,0.0,0.0,0.0,120,Apfelschorle,Getränke,,MwSt. 19%,1.19,5.378151,1.021849,Normalverkauf
S1000141.43171,SP1000141.18.43171,SY1000141.2026.43171,iPad1(1000141),141,02.06.26 18:35,Prod,A1000141.6333,Tisch 11,101,S1000141.43171,SALE,1,4.9,4.9,0.0,0.0,0.0,0.0,112,Kartoffelwedges,Beilagen,,MwSt. 7%,1.07,4.579439,0.320561,Normalverkauf
S1000141.43172,SP1000141.18.43172,SY1000141.2026.43172,iPad1(1000141),141,02.06.26 18:35,Prod,A1000141.6333,Tisch 11,101,S1000141.43172,SALE,2,7.9,15.8,0.0,0.0,0.0,0.0,115,Tiramisu,Desserts,,MwSt. 7%,1.07,14.766355,1.033645,Normalverkauf
S1000141.43173,SP1000141.18.43173,SY1000141.2026.43173,iPad1(1000141),141,02.06.26 18:33,Prod,A1000141.6334,Tisch 13,104,S1000141.43173,SALE,1,2.8,2.8,0.0,0.0,0.0,0.0,121,Mineralwasser,Getränke,,MwSt. 19%,1.19,2.352941,0.447059,Normalverkauf
S1000141.43174,SP1000141.18.43174,SY1000141.2026.43174,iPad1(1000141),141,02.06.26 18:33,Prod,A1000141.6334,Tisch 13,104,S1000141.43174,SALE,2,6.9,13.8,0.0,0.0,0.0,0.0,103,Fischbrötchen Räucherlachs,Hauptspeisen,,MwSt. 7%,1.07,12.897196,0.902804,Normalverkauf
S1000141.43175,SP1000141.18.43175,SY1000141.2026.43175,iPad1(1000141),141,02.06.26 18:33,Prod,A1000141.6334,Tisch 13,104,S1000141.43175,SALE,1,5.5,5.5,0.0,0.0,0.0,0.0,111,Pommes Frites,Beilagen,,MwSt. 7%,1.07,5.140187,0.359813,Normalverkauf
S1000141.43176,SP1000141.18.43176,SY1000141.2026.43176,iPad1(1000141),141,02.06.26 13:07,Prod,A1000141.6335,Tisch 19,118,S1000141.43176,SALE,2,5.9,11.8,0.0,0.0,0.0,0.0,125,Zitronen-Limonade,Getränke,,MwSt. 19%,1.19,9.915966,1.884034,Normalverkauf
S1000141.43177,SP1000141.18.43177,SY1000141.2026.43177,iPad1(1000141),141,02.06.26 17:36,Prod,A1000141.6336,Tisch 11,101,S1000141.43177,SALE,2,4.2,8.4,0.0,0.0,0.0,0.0,122,Bier,Getränke,,MwSt. 19%,1.19,7.058824,1.341176,Normalverkauf
S1000141.43178,SP1000141.18.43178,SY1000141.2026.43178,iPad1(1000141),141,02.06.26 17:36,Prod,A1000141.6336,Tisch 11,101,S1000141.43178,SALE,2,5.5,11.0,0.0,0.0,0.0,0.0,111,Pommes Frites,Beilagen,,MwSt. 7%,1.07,10.280374,0.719626,Normalverkauf
S1000141.43179,SP1000141.18.43179,SY1000141.2026.43179,iPad1(1000141),141,02.06.26 16:27,Prod,A1000141.6337,Tisch 22,104,S1000141.43179,VOID,1,6.5,6.5,0.0,0.0,0.0,0.0,100,Fischbrötchen Backfisch,Hauptspeisen,,MwSt. 7%,1.07,6.074766,0.425234,Normalverkauf
S1000141.43180,SP1000141.18.43180,SY1000141.2026.43180,iPad1(1000141),141,02.06.26 16:27,Prod,A1000141.6337,Tisch 22,104,S1000141.43180,VOID,1,6.9,6.9,0.0,0.0,0.0,0.0,103,Fischbrötchen Räucherlachs,Hauptspeisen,,MwSt. 7%,1.07,6.448598,0.451402,Normalverkauf
S1000141.43181,SP1000141.18.43181,SY1000141.2026.43181,iPad1(1000141),141,02.06.26 16:27,Prod,A1000141.6337,Tisch 22,104,S1000141.43181,VOID,2,3.9,7.8,0.0,0.0,0.0,0.0,127,Alkoholfreies Bier,Getränke,,MwSt. 19%,1.19,6.554622,1.245378,Normalverkauf
S1000141.43182,SP1000141.18.43182,SY1000141.2026.43182,iPad1(1000141),141,02.06.26 12:57,Prod,A1000141.6338,Tisch 2,105,S1000141.43182,SALE,1,6.5,6.5,0.0,0.0,0.0,0.0,100,Fischbrötchen Backfisch,Hauptspeisen,,MwSt. 7%,1.07,6.074766,0.425234,Normalverkauf
S1000141.43183,SP1000141.18.43183,SY1000141.2026.43183,iPad1(1000141),141,02.06.26 13:57,Prod,A1000141.6339,Tisch 7,113,S1000141.43183,SALE,2,5.5,11.0,0.0,0.0,0.0,0.0,111,Pommes Frites,Beilagen,,MwSt. 7%,1.07,10.280374,0.719626,Normalverkauf
S1000141.43184,SP1000141.18.43184,SY1000141.2026.43184,iPad1(1000141),141,02.06.26 18:41,Prod,A1000141.6340,Tisch 18,118,S1000141.43184,SALE,1,11.5,11.5,0.0,0.0,0.0,0.0,105,Garnelen-Kimchi-Bruger,Hauptgerichte,,MwSt. 7%,1.07,10.747664,0.752336,Normalverkauf
S1000141.43185,SP1000141.18.43185,SY1000141.2026.43185,iPad1(1000141),141,02.06.26 18:41,Prod,A1000141.6340,Tisch 18,118,S1000141.43185,SALE,2,5.5,11.0,0.0,0.0,0.0,0.0,111,Pommes Frites,Beilagen,,MwSt. 7%,1.07,10.280374,0.719626,Normalverkauf
S1000141.43186,SP1000141.18.43186,SY1000141.2026.43186,iPad1(1000141),141,02.06.26 18:41,Prod,A1000141.6340,Tisch 18,118,S1000141.43186,SALE,1,6.9,6.9,0.0,0.0,0.0,0.0,113,Garnelen Box,Beilagen,,MwSt. 7%,1.07,6.448598,0.451402,Normalverkauf
S1000141.43187,SP1000141.18.43187,SY1000141.2026.43187,iPad1(1000141),141,02.06.26 13:51,Prod,A1000141.6341,Tisch 22,118,S1000141.43187,VOID,1,9.8,9.8,0.0,0.0,0.0,0.0,108,Seelachs-Ei-Baugette,Hauptgerichte,,MwSt. 7%,1.07,9.158879,0.641121,Normalverkauf
S1000141.43188,SP1000141.18.43188,SY1000141.2026.43188,iPad1(1000141),141,02.06.26 13:51,Prod,A1000141.6341,Tisch 22,118,S1000141.43188,VOID,1,7.9,7.9,0.0,0.0,0.0,0.0,106,Neptun-Ringe,Beilagen,,MwSt. 7%,1.07,7.383178,0.516822,Normalverkauf
S1000141.43189,SP1000141.18.43189,SY1000141.2026.43189,iPad1(1000141),141,02.06.26 13:51,Prod,A1000141.6341,Tisch 22,118,S1000141.43189,VOID,1,5.9,5.9,0.0,0.0,0.0,0.0,116,Vanillequark,Desserts,,MwSt. 7%,1.07,5.514019,0.385981,Normalverkauf
S1000141.43190,SP1000141.18.43190,SY1000141.2026.43190,iPad1(1000141),141,02.06.26 17:46,Prod,A1000141.6342,Tisch 5,101,S1000141.43190,SALE,2,10.9,21.8,0.0,0.0,0.0,0.0,109,Bismarck-Baguette,Hauptgerichte,,MwSt. 7%,1.07,20.373832,1.426168,Normalverkauf
S1000141.43191,SP1000141.18.43191,SY1000141.2026.43191,iPad1(1000141),141,03.06.26 13:40,Prod,A1000141.6343,Tisch 1,118,S1000141.43191,SALE,2,5.5,11.0,0.0,0.0,0.0,0.0,111,Pommes Frites,Beilagen,,MwSt. 7%,1.07,10.280374,0.719626,Normalverkauf
S1000141.43192,SP1000141.18.43192,SY1000141.2026.43192,iPad1(1000141),141,03.06.26 13:40,Prod,A1000141.6343,Tisch 1,118,S1000141.43192,SALE,1,9.8,9.8,0.0,0.0,0.0,0.0,108,Seelachs-Ei-Baugette,Hauptgerichte,,MwSt. 7%,1.07,9.158879,0.641121,Normalverkauf
S1000141.43193,SP1000141.18.43193,SY1000141.2026.43193,iPad1(1000141),141,03.06.26 13:40,Prod,A1000141.6343,Tisch 1,118,S1000141.43193,SALE,2,11.5,23.0,0.0,0.0,0.0,0.0,105,Garnelen-Kimchi-Bruger,Hauptgerichte,,MwSt. 7%,1.07,21.495327,1.504673,Normalverkauf
S1000141.43194,SP1000141.18.43194,SY1000141.2026.43194,iPad1(1000141),141,03.06.26 19:04,Prod,A1000141.6344,Tisch 10,105,S1000141.43194,VOID,1,3.9,3.9,0.0,0.0,0.0,0.0,127,Alkoholfreies Bier,Getränke,,MwSt. 19%,1.19,3.277311,0.622689,Normalverkauf
S1000141.43195,SP1000141.18.43195,SY1000141.2026.43195,iPad1(1000141),141,03.06.26 19:04,Prod,A1000141.6344,Tisch 10,105,S1000141.43195,VOID,2,2.8,5.6,0.0,0.0,0.0,0.0,121,Mineralwasser,Getränke,,MwSt. 19%,1.19,4.705882,0.894118,Normalverkauf
S1000141.43196,SP1000141.18.43196,SY1000141.2026.43196,iPad1(1000141),141,03.06.26 19:04,Prod,A1000141.6344,Tisch 10,105,S1000141.43196,VOID,2,3.9,7.8,0.0,0.0,0.0,0.0,126,Spezi,Getränke,,MwSt. 19%,1.19,6.554622,1.245378,Normalverkauf
S1000141.43197,SP1000141.18.43197,SY1000141.2026.43197,iPad1(1000141),141,03.06.26 12:39,Prod,A1000141.6345,Tisch 7,114,S1000141.43197,SALE,1,10.9,10.9,0.0,0.0,0.0,0.0,107,Chicken Burger,Hauptgerichte,,MwSt. 7%,1.07,10.186916,0.713084,Normalverkauf
S1000141.43198,SP1000141.18.43198,SY1000141.2026.43198,iPad1(1000141),141,03.06.26 15:03,Prod,A1000141.6346,Tisch 17,104,S1000141.43198,SALE,2,4.2,8.4,0.0,0.0,0.0,0.0,122,Bier,Getränke,,MwSt. 19%,1.19,7.058824,1.341176,Normalverkauf
S1000141.43199,SP1000141.18.43199,SY1000141.2026.43199,iPad1(1000141),141,03.06.26 15:03,Prod,A1000141.6346,Tisch 17,104,S1000141.43199,SALE,1,4.2,4.2,0.0,0.0,0.0,0.0,122,Bier,Getränke,,MwSt. 19%,1.19,3.529412,0.670588,Normalverkauf
S1000141.43200,SP1000141.18.43200,SY1000141.2026.43200,iPad1(1000141),141,03.06.26 15:03,Prod,A1000141.6346,Tisch 17,104,S1000141.43200,SALE,2,5.9,11.8,0.0,0.0,0.0,0.0,125,Zitronen-Limonade,Getränke,,MwSt. 19%,1.19,9.915966,1.884034,Normalverkauf
S1000141.43201,SP1000141.18.43201,SY1000141.2026.43201,iPad1(1000141),141,03.06.26 08:18,Prod,A1000141.6347,,118,S1000141.43201,SALE,2,5.5,11.0,0.0,0.0,0.0,0.0,114,Fisch Nuggets Box,Beilagen,,MwSt. 7%,1.07,10.280374,0.719626,Normalverkauf
S1000141.43202,SP1000141.18.43202,SY1000141.2026.43202,iPad1(1000141),141,03.06.26 13:36,Prod,A1000141.6348,Tisch 1,118,S1000141.43202,SALE,2,10.9,21.8,0.0,0.0,0.0,0.0,109,Bismarck-Baguette,Hauptgerichte,,MwSt. 7%,1.07,20.373832,1.426168,Normalverkauf
S1000141.43203,SP1000141.18.43203,SY1000141.2026.43203,iPad1(1000141),141,03.06.26 18:39,Prod,A1000141.6349,Tisch 8,114,S1000141.43203,SALE,2,13.5,27.0,0.0,0.0,0.0,0.0,102,Matjes,Hauptspeisen,,MwSt. 7%,1.07,25.233645,1.766355,Normalverkauf
S1000141.43204,SP1000141.18.43204,SY1000141.2026.43204,iPad1(1000141),141,03.06.26 18:39,Prod,A1000141.6349,Tisch 8,114,S1000141.43204,SALE,2,14.5,29.0,0.0,0.0,0.0,0.0,101,Lachs,Hauptspeisen,,MwSt. 7%,1.07,27.102804,1.897196,Normalverkauf
S1000141.43205,SP1000141.18.43205,SY1000141.2026.43205,iPad1(1000141),141,03.06.26 18:39,Prod,A1000141.6349,Tisch 8,114,S1000141.43205,SALE,1,11.9,11.9,0.0,0.0,0.0,0.0,110,Matjes-Baguette,Hauptgerichte,,MwSt. 7%,1.07,11.121495,0.778505,Normalverkauf
S1000141.43206,SP1000141.18.43206,SY1000141.2026.43206,iPad1(1000141),141,03.06.26 19:29,Prod,A1000141.6350,Tisch 3,104,S1000141.43206,SALE,1,4.9,4.9,0.0,0.0,0.0,0.0,112,Kartoffelwedges,Beilagen,,MwSt. 7%,1.07,4.579439,0.320561,Normalverkauf
S1000141.43207,SP1000141.18.43207,SY1000141.2026.43207,iPad1(1000141),141,03.06.26 08:14,Prod,A1000141.6351,Tisch 2,113,S1000141.43207,SALE,1,9.8,9.8,0.0,0.0,0.0,0.0,108,Seelachs-Ei-Baugette,Hauptgerichte,,MwSt. 7%,1.07,9.158879,0.641121,Normalverkauf
S1000141.43208,SP1000141.18.43208,SY1000141.2026.43208,iPad1(1000141),141,03.06.26 08:14,Prod,A1000141.6351,Tisch 2,113,S1000141.43208,SALE,2,5.5,11.0,0.0,0.0,0.0,0.0,111,Pommes Frites,Beilagen,,MwSt. 7%,1.07,10.280374,0.719626,Normalverkauf
S1000141.43209,SP1000141.18.43209,SY1000141.2026.43209,iPad1(1000141),141,03.06.26 15:38,Prod,A1000141.6352,,104,S1000141.43209,VOID,2,6.5,13.0,0.0,0.0,0.0,0.0,100,Fischbrötchen Backfisch,Hauptspeisen,,MwSt. 7%,1.07,12.149533,0.850467,Normalverkauf
S1000141.43210,SP1000141.18.43210,SY1000141.2026.43210,iPad1(1000141),141,03.06.26 15:38,Prod,A1000141.6352,,104,S1000141.43210,VOID,2,3.9,7.8,0.0,0.0,0.0,0.0,126,Spezi,Getränke,,MwSt. 19%,1.19,6.554622,1.245378,Normalverkauf
S1000141.43211,SP1000141.18.43211,SY1000141.2026.43211,iPad1(1000141),141,03.06.26 12:18,Prod,A1000141.6353,Tisch 3,101,S1000141.43211,SALE,2,7.9,15.8,0.0,0.0,0.0,0.0,106,Neptun-Ringe,Beilagen,,MwSt. 7%,1.07,14.766355,1.033645,Normalverkauf
S1000141.43212,SP1000141.18.43212,SY1000141.2026.43212,iPad1(1000141),141,03.06.26 12:18,Prod,A1000141.6353,Tisch 3,101,S1000141.43212,SALE,1,10.9,10.9,0.0,0.0,0.0,0.0,109,Bismarck-Baguette,Hauptgerichte,,MwSt. 7%,1.07,10.186916,0.713084,Normalverkauf
S1000141.43213,SP1000141.18.43213,SY1000141.2026.43213,iPad1(1000141),141,03.06.26 17:12,Prod,A1000141.6354,Tisch 5,113,S1000141.43213,SALE,1,11.9,11.9,0.0,0.0,0.0,0.0,110,Matjes-Baguette,Hauptgerichte,,MwSt. 7%,1.07,11.121495,0.778505,Normalverkauf
S1000141.43214,SP1000141.18.43214,SY1000141.2026.43214,iPad1(1000141),141,03.06.26 17:12,Prod,A1000141.6354,Tisch 5,113,S1000141.43214,SALE,2,3.9,7.8,0.0,0.0,0.0,0.0,119,Cola,Getränke,,MwSt. 19%,1.19,6.554622,1.245378,Normalverkauf
S1000141.43215,SP1000141.18.43215,SY1000141.2026.43215,iPad1(1000141),141,03.06.26 17:12,Prod,A1000141.6354,Tisch 5,113,S1000141.43215,SALE,2,3.9,7.8,0.0,0.0,0.0,0.0,119,Cola,Getränke,,MwSt. 19%,1.19,6.554622,1.245378,Normalverkauf
S1000141.43216,SP1000141.18.43216,SY1000141.2026.43216,iPad1(1000141),141,03.06.26 15:03,Prod,A1000141.6355,Tisch 20,118,S1000141.43216,SALE,2,3.9,7.8,0.0,0.0,0.0,0.0,124,Cola Zero,Getränke,,MwSt. 19%,1.19,6.554622,1.245378,Normalverkauf
S1000141.43217,SP1000141.18.43217,SY1000141.2026.43217,iPad1(1000141),141,03.06.26 15:03,Prod,A1000141.6355,Tisch 20,118,S1000141.43217,SALE,1,3.9,3.9,0.0,0.0,0.0,0.0,126,Spezi,Getränke,,MwSt. 19%,1.19,3.277311,0.622689,Normalverkauf
S1000141.43218,SP1000141.18.43218,SY1000141.2026.43218,iPad1(1000141),141,03.06.26 20:35,Prod,A1000141.6356,Tisch 12,104,S1000141.43218,SALE,2,13.5,27.0,0.0,0.0,0.0,0.0,102,Matjes,Hauptspeisen,,MwSt. 7%,1.07,25.233645,1.766355,Normalverkauf
S1000141.43219,SP1000141.18.43219,SY1000141.2026.43219,iPad1(1000141),141,03.06.26 20:35,Prod,A1000141.6356,Tisch 12,104,S1000141.43219,SALE,1,6.5,6.5,0.0,0.0,0.0,0.0,118,Schokokuchen,Desserts,,MwSt. 7%,1.07,6.074766,0.425234,Normalverkauf
S1000141.43220,SP1000141.18.43220,SY1000141.2026.43220,iPad1(1000141),141,03.06.26 20:35,Prod,A1000141.6356,Tisch 12,104,S1000141.43220,SALE,1,5.9,5.9,0.0,0.0,0.0,0.0,117,Rote Grütze,Desserts,,MwSt. 7%,1.07,5.514019,0.385981,Normalverkauf
S1000141.43221,SP1000141.18.43221,SY1000141.2026.43221,iPad1(1000141),141,03.06.26 19:34,Prod,A1000141.6357,Tisch 4,104,S1000141.43221,SALE,1,10.9,10.9,0.0,0.0,0.0,0.0,104,Thunfisch Wrap,Hauptgerichte,,MwSt. 7%,1.07,10.186916,0.713084,Normalverkauf
S1000141.43222,SP1000141.18.43222,SY1000141.2026.43222,iPad1(1000141),141,03.06.26 19:34,Prod,A1000141.6357,Tisch 4,104,S1000141.43222,SALE,2,6.9,13.8,0.0,0.0,0.0,0.0,103,Fischbrötchen Räucherlachs,Hauptspeisen,,MwSt. 7%,1.07,12.897196,0.902804,Normalverkauf
S1000141.43223,SP1000141.18.43223,SY1000141.2026.43223,iPad1(1000141),141,03.06.26 16:54,Prod,A1000141.6358,Tisch 1,105,S1000141.43223,VOID,1,14.5,14.5,0.0,0.0,0.0,0.0,101,Lachs,Hauptspeisen,,MwSt. 7%,1.07,13.551402,0.948598,Normalverkauf
S1000141.43224,SP1000141.18.43224,SY1000141.2026.43224,iPad1(1000141),141,03.06.26 16:54,Prod,A1000141.6358,Tisch 1,105,S1000141.43224,VOID,2,9.8,19.6,0.0,0.0,0.0,0.0,108,Seelachs-Ei-Baugette,Hauptgerichte,,MwSt. 7%,1.07,18.317757,1.282243,Normalverkauf
S1000141.43225,SP1000141.18.43225,SY1000141.2026.43225,iPad1(1000141),141,03.06.26 12:51,Prod,A1000141.6359,Tisch 24,104,S1000141.43225,SALE,1,10.9,10.9,0.0,0.0,0.0,0.0,109,Bismarck-Baguette,Hauptgerichte,,MwSt. 7%,1.07,10.186916,0.713084,Normalverkauf
S1000141.43226,SP1000141.18.43226,SY1000141.2026.43226,iPad1(1000141),141,03.06.26 19:28,Prod,A1000141.6360,Tisch 14,105,S1000141.43226,SALE,2,6.9,13.8,0.0,0.0,0.0,0.0,103,Fischbrötchen Räucherlachs,Hauptspeisen,,MwSt. 7%,1.07,12.897196,0.902804,Normalverkauf
S1000141.43227,SP1000141.18.43227,SY1000141.2026.43227,iPad1(1000141),141,03.06.26 20:09,Prod,A1000141.6361,,113,S1000141.43227,VOID,1,6.9,6.9,0.0,0.0,0.0,0.0,113,Garnelen Box,Beilagen,,MwSt. 7%,1.07,6.448598,0.451402,Normalverkauf
S1000141.43228,SP1000141.18.43228,SY1000141.2026.43228,iPad1(1000141),141,03.06.26 16:50,Prod,A1000141.6362,Tisch 14,113,S1000141.43228,SALE,2,3.9,7.8,0.0,0.0,0.0,0.0,119,Cola,Getränke,,MwSt. 19%,1.19,6.554622,1.245378,Normalverkauf
S1000141.43229,SP1000141.18.43229,SY1000141.2026.43229,iPad1(1000141),141,03.06.26 16:50,Prod,A1000141.6362,Tisch 14,113,S1000141.43229,SALE,1,3.9,3.9,0.0,0.0,0.0,0.0,126,Spezi,Getränke,,MwSt. 19%,1.19,3.277311,0.622689,Normalverkauf
S1000141.43230,SP1000141.18.43230,SY1000141.2026.43230,iPad1(1000141),141,03.06.26 16:50,Prod,A1000141.6362,Tisch 14,113,S1000141.43230,SALE,1,11.5,11.5,0.0,0.0,0.0,0.0,105,Garnelen-Kimchi-Bruger,Hauptgerichte,,MwSt. 7%,1.07,10.747664,0.752336,Normalverkauf
S1000141.43231,SP1000141.18.43231,SY1000141.2026.43231,iPad1(1000141),141,03.06.26 12:28,Prod,A1000141.6363,Tisch 15,101,S1000141.43231,SALE,1,3.9,3.9,0.0,0.0,0.0,0.0,126,Spezi,Getränke,,MwSt. 19%,1.19,3.277311,0.622689,Normalverkauf
S1000141.43232,SP1000141.18.43232,SY1000141.2026.43232,iPad1(1000141),141,03.06.26 12:28,Prod,A1000141.6363,Tisch 15,101,S1000141.43232,SALE,2,5.9,11.8,0.0,0.0,0.0,0.0,116,Vanillequark,Desserts,,MwSt. 7%,1.07,11.028037,0.771963,Normalverkauf
S1000141.43233,SP1000141.18.43233,SY1000141.2026.43233,iPad1(1000141),141,03.06.26 12:28,Prod,A1000141.6363,Tisch 15,101,S1000141.43233,SALE,2,11.9,23.8,0.0,0.0,0.0,0.0,110,Matjes-Baguette,Hauptgerichte,,MwSt. 7%,1.07,22.242991,1.557009,Normalverkauf
S1000141.43234,SP1000141.18.43234,SY1000141.2026.43234,iPad1(1000141),141,03.06.26 12:19,Prod,A1000141.6364,Tisch 7,104,S1000141.43234,SALE,2,5.5,11.0,0.0,0.0,0.0,0.0,111,Pommes Frites,Beilagen,,MwSt. 7%,1.07,10.280374,0.719626,Normalverkauf
S1000141.43235,SP1000141.18.43235,SY1000141.2026.43235,iPad1(1000141),141,03.06.26 16:24,Prod,A1000141.6365,Tisch 1,114,S1000141.43235,SALE,1,3.2,3.2,0.0,0.0,0.0,0.0,120,Apfelschorle,Getränke,,MwSt. 19%,1.19,2.689076,0.510924,Normalverkauf
S1000141.43236,SP1000141.18.43236,SY1000141.2026.43236,iPad1(1000141),141,03.06.26 16:24,Prod,A1000141.6365,Tisch 1,114,S1000141.43236,SALE,1,13.5,13.5,0.0,0.0,0.0,0.0,102,Matjes,Hauptspeisen,,MwSt. 7%,1.07,12.616822,0.883178,Normalverkauf
S1000141.43237,SP1000141.18.43237,SY1000141.2026.43237,iPad1(1000141),141,03.06.26 17:31,Prod,A1000141.6366,Tisch 1,113,S1000141.43237,SALE,1,11.9,11.9,0.0,0.0,0.0,0.0,110,Matjes-Baguette,Hauptgerichte,,MwSt. 7%,1.07,11.121495,0.778505,Normalverkauf
S1000141.43238,SP1000141.18.43238,SY1000141.2026.43238,iPad1(1000141),141,03.06.26 17:31,Prod,A1000141.6366,Tisch 1,113,S1000141.43238,SALE,2,4.9,9.8,0.0,0.0,0.0,0.0,112,Kartoffelwedges,Beilagen,,MwSt. 7%,1.07,9.158879,0.641121,Normalverkauf
S1000141.43239,SP1000141.18.43239,SY1000141.2026.43239,iPad1(1000141),141,03.06.26 12:51,Prod,A1000141.6367,Tisch 20,101,S1000141.43239,SALE,1,3.9,3.9,0.0,0.0,0.0,0.0,124,Cola Zero,Getränke,,MwSt. 19%,1.19,3.277311,0.622689,Normalverkauf
S1000141.43240,SP1000141.18.43240,SY1000141.2026.43240,iPad1(1000141),141,03.06.26 11:40,Prod,A1000141.6368,Tisch 4,104,S1000141.43240,SALE,2,2.8,5.6,0.0,0.0,0.0,0.0,121,Mineralwasser,Getränke,,MwSt. 19%,1.19,4.705882,0.894118,Normalverkauf
S1000141.43241,SP1000141.18.43241,SY1000141.2026.43241,iPad1(1000141),141,03.06.26 11:40,Prod,A1000141.6368,Tisch 4,104,S1000141.43241,SALE,2,3.9,7.8,0.0,0.0,0.0,0.0,119,Cola,Getränke,,MwSt. 19%,1.19,6.554622,1.245378,Normalverkauf
S1000141.43242,SP1000141.18.43242,SY1000141.2026.43242,iPad1(1000141),141,03.06.26 19:34,Prod,A1000141.6369,Tisch 7,114,S1000141.43242,SALE,2,5.5,11.0,0.0,0.0,0.0,0.0,114,Fisch Nuggets Box,Beilagen,,MwSt. 7%,1.07,10.280374,0.719626,Normalverkauf
S1000141.43243,SP1000141.18.43243,SY1000141.2026.43243,iPad1(1000141),141,03.06.26 19:34,Prod,A1000141.6369,Tisch 7,114,S1000141.43243,SALE,1,2.8,2.8,0.0,0.0,0.0,0.0,121,Mineralwasser,Getränke,,MwSt. 19%,1.19,2.352941,0.447059,Normalverkauf
S1000141.43244,SP1000141.18.43244,SY1000141.2026.43244,iPad1(1000141),141,03.06.26 19:34,Prod,A1000141.6369,Tisch 7,114,S1000141.43244,SALE,1,10.9,10.9,0.0,0.0,0.0,0.0,107,Chicken Burger,Hauptgerichte,,MwSt. 7%,1.07,10.186916,0.713084,Normalverkauf
S1000141.43245,SP1000141.18.43245,SY1000141.2026.43245,iPad1(1000141),141,03.06.26 11:56,Prod,A1000141.6370,Tisch 1,104,S1000141.43245,SALE,1,5.5,5.5,0.0,0.0,0.0,0.0,111,Pommes Frites,Beilagen,,MwSt. 7%,1.07,5.140187,0.359813,Normalverkauf
S1000141.43246,SP1000141.18.43246,SY1000141.2026.43246,iPad1(1000141),141,03.06.26 11:56,Prod,A1000141.6370,Tisch 1,104,S1000141.43246,SALE,2,3.2,6.4,0.0,0.0,0.0,0.0,120,Apfelschorle,Getränke,,MwSt. 19%,1.19,5.378151,1.021849,Normalverkauf
S1000141.43247,SP1000141.18.43247,SY1000141.2026.43247,iPad1(1000141),141,03.06.26 11:56,Prod,A1000141.6370,Tisch 1,104,S1000141.43247,SALE,1,11.9,11.9,0.0,0.0,0.0,0.0,110,Matjes-Baguette,Hauptgerichte,,MwSt. 7%,1.07,11.121495,0.778505,Normalverkauf
S1000141.43248,SP1000141.18.43248,SY1000141.2026.43248,iPad1(1000141),141,03.06.26 17:49,Prod,A1000141.6371,Tisch 16,101,S1000141.43248,SALE,1,11.5,11.5,0.0,0.0,0.0,0.0,105,Garnelen-Kimchi-Bruger,Hauptgerichte,,MwSt. 7%,1.07,10.747664,0.752336,Normalverkauf
S1000141.43249,SP1000141.18.43249,SY1000141.2026.43249,iPad1(1000141),141,03.06.26 17:49,Prod,A1000141.6371,Tisch 16,101,S1000141.43249,SALE,1,10.9,10.9,0.0,0.0,0.0,0.0,109,Bismarck-Baguette,Hauptgerichte,,MwSt. 7%,1.07,10.186916,0.713084,Normalverkauf
S1000141.43250,SP1000141.18.43250,SY1000141.2026.43250,iPad1(1000141),141,03.06.26 17:49,Prod,A1000141.6371,Tisch 16,101,S1000141.43250,SALE,2,3.9,7.8,0.0,0.0,0.0,0.0,119,Cola,Getränke,,MwSt. 19%,1.19,6.554622,1.245378,Normalverkauf
S1000141.43251,SP1000141.18.43251,SY1000141.2026.43251,iPad1(1000141),141,03.06.26 17:38,Prod,A1000141.6372,Tisch 8,105,S1000141.43251,SALE,1,11.9,11.9,0.0,0.0,0.0,0.0,110,Matjes-Baguette,Hauptgerichte,,MwSt. 7%,1.07,11.121495,0.778505,Normalverkauf
S1000141.43252,SP1000141.18.43252,SY1000141.2026.43252,iPad1(1000141),141,03.06.26 17:38,Prod,A1000141.6372,Tisch 8,105,S1000141.43252,SALE,1,5.9,5.9,0.0,0.0,0.0,0.0,125,Zitronen-Limonade,Getränke,,MwSt. 19%,1.19,4.957983,0.942017,Normalverkauf
S1000141.43253,SP1000141.18.43253,SY1000141.2026.43253,iPad1(1000141),141,03.06.26 17:38,Prod,A1000141.6372,Tisch 8,105,S1000141.43253,SALE,1,3.2,3.2,0.0,0.0,0.0,0.0,120,Apfelschorle,Getränke,,MwSt. 19%,1.19,2.689076,0.510924,Normalverkauf
S1000141.43254,SP1000141.18.43254,SY1000141.2026.43254,iPad1(1000141),141,03.06.26 17:27,Prod,A1000141.6373,Tisch 19,118,S1000141.43254,VOID,2,6.9,13.8,0.0,0.0,0.0,0.0,103,Fischbrötchen Räucherlachs,Hauptspeisen,,MwSt. 7%,1.07,12.897196,0.902804,Normalverkauf
S1000141.43255,SP1000141.18.43255,SY1000141.2026.43255,iPad1(1000141),141,03.06.26 17:27,Prod,A1000141.6373,Tisch 19,118,S1000141.43255,VOID,1,4.2,4.2,0.0,0.0,0.0,0.0,122,Bier,Getränke,,MwSt. 19%,1.19,3.529412,0.670588,Normalverkauf
S1000141.43256,SP1000141.18.43256,SY1000141.2026.43256,iPad1(1000141),141,03.06.26 17:27,Prod,A1000141.6373,Tisch 19,118,S1000141.43256,VOID,1,6.9,6.9,0.0,0.0,0.0,0.0,103,Fischbrötchen Räucherlachs,Hauptspeisen,,MwSt. 7%,1.07,6.448598,0.451402,Normalverkauf
S1000141.43257,SP1000141.18.43257,SY1000141.2026.43257,iPad1(1000141),141,03.06.26 13:32,Prod,A1000141.6374,Tisch 11,113,S1000141.43257,SALE,2,13.5,27.0,0.0,0.0,0.0,0.0,102,Matjes,Hauptspeisen,,MwSt. 7%,1.07,25.233645,1.766355,Normalverkauf
S1000141.43258,SP1000141.18.43258,SY1000141.2026.43258,iPad1(1000141),141,03.06.26 13:32,Prod,A1000141.6374,Tisch 11,113,S1000141.43258,SALE,2,3.9,7.8,0.0,0.0,0.0,0.0,127,Alkoholfreies Bier,Getränke,,MwSt. 19%,1.19,6.554622,1.245378,Normalverkauf
S1000141.43259,SP1000141.18.43259,SY1000141.2026.43259,iPad1(1000141),141,03.06.26 11:06,Prod,A1000141.6375,Tisch 6,118,S1000141.43259,SALE,2,6.5,13.0,0.0,0.0,0.0,0.0,100,Fischbrötchen Backfisch,Hauptspeisen,,MwSt. 7%,1.07,12.149533,0.850467,Normalverkauf
S1000141.43260,SP1000141.18.43260,SY1000141.2026.43260,iPad1(1000141),141,03.06.26 11:06,Prod,A1000141.6375,Tisch 6,118,S1000141.43260,SALE,2,3.9,7.8,0.0,0.0,0.0,0.0,126,Spezi,Getränke,,MwSt. 19%,1.19,6.554622,1.245378,Normalverkauf
S1000141.43261,SP1000141.18.43261,SY1000141.2026.43261,iPad1(1000141),141,03.06.26 08:14,Prod,A1000141.6376,Tisch 23,101,S1000141.43261,SALE,2,10.9,21.8,0.0,0.0,0.0,0.0,109,Bismarck-Baguette,Hauptgerichte,,MwSt. 7%,1.07,20.373832,1.426168,Normalverkauf
S1000141.43262,SP1000141.18.43262,SY1000141.2026.43262,iPad1(1000141),141,03.06.26 08:14,Prod,A1000141.6376,Tisch 23,101,S1000141.43262,SALE,1,3.9,3.9,0.0,0.0,0.0,0.0,124,Cola Zero,Getränke,,MwSt. 19%,1.19,3.277311,0.622689,Normalverkauf
S1000141.43263,SP1000141.18.43263,SY1000141.2026.43263,iPad1(1000141),141,03.06.26 08:14,Prod,A1000141.6376,Tisch 23,101,S1000141.43263,SALE,1,3.9,3.9,0.0,0.0,0.0,0.0,119,Cola,Getränke,,MwSt. 19%,1.19,3.277311,0.622689,Normalverkauf
S1000141.43264,SP1000141.18.43264,SY1000141.2026.43264,iPad1(1000141),141,03.06.26 14:08,Prod,A1000141.6377,Tisch 21,104,S1000141.43264,SALE,1,11.9,11.9,0.0,0.0,0.0,0.0,110,Matjes-Baguette,Hauptgerichte,,MwSt. 7%,1.07,11.121495,0.778505,Normalverkauf
S1000141.43265,SP1000141.18.43265,SY1000141.2026.43265,iPad1(1000141),141,03.06.26 14:08,Prod,A1000141.6377,Tisch 21,104,S1000141.43265,SALE,1,6.5,6.5,0.0,0.0,0.0,0.0,100,Fischbrötchen Backfisch,Hauptspeisen,,MwSt. 7%,1.07,6.074766,0.425234,Normalverkauf
S1000141.43266,SP1000141.18.43266,SY1000141.2026.43266,iPad1(1000141),141,03.06.26 14:08,Prod,A1000141.6377,Tisch 21,104,S1000141.43266,SALE,1,6.5,6.5,0.0,0.0,0.0,0.0,100,Fischbrötchen Backfisch,Hauptspeisen,,MwSt. 7%,1.07,6.074766,0.425234,Normalverkauf
S1000141.43267,SP1000141.18.43267,SY1000141.2026.43267,iPad1(1000141),141,03.06.26 17:22,Prod,A1000141.6378,Tisch 10,104,S1000141.43267,SALE,2,3.9,7.8,0.0,0.0,0.0,0.0,124,Cola Zero,Getränke,,MwSt. 19%,1.19,6.554622,1.245378,Normalverkauf
S1000141.43268,SP1000141.18.43268,SY1000141.2026.43268,iPad1(1000141),141,03.06.26 17:22,Prod,A1000141.6378,Tisch 10,104,S1000141.43268,SALE,1,3.9,3.9,0.0,0.0,0.0,0.0,119,Cola,Getränke,,MwSt. 19%,1.19,3.277311,0.622689,Normalverkauf
S1000141.43269,SP1000141.18.43269,SY1000141.2026.43269,iPad1(1000141),141,03.06.26 11:35,Prod,A1000141.6379,Tisch 13,105,S1000141.43269,SALE,2,7.9,15.8,0.0,0.0,0.0,0.0,115,Tiramisu,Desserts,,MwSt. 7%,1.07,14.766355,1.033645,Normalverkauf
S1000141.43270,SP1000141.18.43270,SY1000141.2026.43270,iPad1(1000141),141,03.06.26 19:07,Prod,A1000141.6380,Tisch 12,104,S1000141.43270,SALE,1,10.9,10.9,0.0,0.0,0.0,0.0,107,Chicken Burger,Hauptgerichte,,MwSt. 7%,1.07,10.186916,0.713084,Normalverkauf
S1000141.43271,SP1000141.18.43271,SY1000141.2026.43271,iPad1(1000141),141,03.06.26 11:39,Prod,A1000141.6381,Tisch 2,113,S1000141.43271,SALE,1,10.9,10.9,0.0,0.0,0.0,0.0,109,Bismarck-Baguette,Hauptgerichte,,MwSt. 7%,1.07,10.186916,0.713084,Normalverkauf
S1000141.43272,SP1000141.18.43272,SY1000141.2026.43272,iPad1(1000141),141,03.06.26 11:39,Prod,A1000141.6382,Tisch 9,104,S1000141.43272,SALE,2,5.5,11.0,0.0,0.0,0.0,0.0,114,Fisch Nuggets Box,Beilagen,,MwSt. 7%,1.07,10.280374,0.719626,Normalverkauf
S1000141.43273,SP1000141.18.43273,SY1000141.2026.43273,iPad1(1000141),141,03.06.26 19:14,Prod,A1000141.6383,Tisch 8,105,S1000141.43273,SALE,1,11.9,11.9,0.0,0.0,0.0,0.0,110,Matjes-Baguette,Hauptgerichte,,MwSt. 7%,1.07,11.121495,0.778505,Normalverkauf
S1000141.43274,SP1000141.18.43274,SY1000141.2026.43274,iPad1(1000141),141,03.06.26 13:37,Prod,A1000141.6384,,118,S1000141.43274,VOID,1,10.9,10.9,0.0,0.0,0.0,0.0,104,Thunfisch Wrap,Hauptgerichte,,MwSt. 7%,1.07,10.186916,0.713084,Normalverkauf
S1000141.43275,SP1000141.18.43275,SY1000141.2026.43275,iPad1(1000141),141,03.06.26 13:31,Prod,A1000141.6385,Tisch 23,113,S1000141.43275,SALE,1,9.8,9.8,0.0,0.0,0.0,0.0,108,Seelachs-Ei-Baugette,Hauptgerichte,,MwSt. 7%,1.07,9.158879,0.641121,Normalverkauf
S1000141.43276,SP1000141.18.43276,SY1000141.2026.43276,iPad1(1000141),141,03.06.26 13:31,Prod,A1000141.6385,Tisch 23,113,S1000141.43276,SALE,1,6.5,6.5,0.0,0.0,0.0,0.0,118,Schokokuchen,Desserts,,MwSt. 7%,1.07,6.074766,0.425234,Normalverkauf
S1000141.43277,SP1000141.18.43277,SY1000141.2026.43277,iPad1(1000141),141,03.06.26 19:15,Prod,A1000141.6386,Tisch 14,101,S1000141.43277,SALE,2,3.9,7.8,0.0,0.0,0.0,0.0,119,Cola,Getränke,,MwSt. 19%,1.19,6.554622,1.245378,Normalverkauf
S1000141.43278,SP1000141.18.43278,SY1000141.2026.43278,iPad1(1000141),141,03.06.26 15:42,Prod,A1000141.6387,,101,S1000141.43278,SALE,2,10.9,21.8,0.0,0.0,0.0,0.0,109,Bismarck-Baguette,Hauptgerichte,,MwSt. 7%,1.07,20.373832,1.426168,Normalverkauf
S1000141.43279,SP1000141.18.43279,SY1000141.2026.43279,iPad1(1000141),141,03.06.26 15:42,Prod,A1000141.6387,,101,S1000141.43279,SALE,1,6.9,6.9,0.0,0.0,0.0,0.0,103,Fischbrötchen Räucherlachs,Hauptspeisen,,MwSt. 7%,1.07,6.448598,0.451402,Normalverkauf
S1000141.43280,SP1000141.18.43280,SY1000141.2026.43280,iPad1(1000141),141,03.06.26 19:50,Prod,A1000141.6388,Tisch 16,104,S1000141.43280,SALE,1,3.9,3.9,0.0,0.0,0.0,0.0,119,Cola,Getränke,,MwSt. 19%,1.19,3.277311,0.622689,Normalverkauf
S1000141.43281,SP1000141.18.43281,SY1000141.2026.43281,iPad1(1000141),141,03.06.26 19:50,Prod,A1000141.6388,Tisch 16,104,S1000141.43281,SALE,1,3.2,3.2,0.0,0.0,0.0,0.0,120,Apfelschorle,Getränke,,MwSt. 19%,1.19,2.689076,0.510924,Normalverkauf
S1000141.43282,SP1000141.18.43282,SY1000141.2026.43282,iPad1(1000141),141,03.06.26 19:50,Prod,A1000141.6388,Tisch 16,104,S1000141.43282,SALE,2,3.9,7.8,0.0,0.0,0.0,0.0,119,Cola,Getränke,,MwSt. 19%,1.19,6.554622,1.245378,Normalverkauf
S1000141.43283,SP1000141.18.43283,SY1000141.2026.43283,iPad1(1000141),141,03.06.26 10:12,Prod,A1000141.6389,Tisch 18,101,S1000141.43283,SALE,2,6.5,13.0,0.0,0.0,0.0,0.0,100,Fischbrötchen Backfisch,Hauptspeisen,,MwSt. 7%,1.07,12.149533,0.850467,Normalverkauf
S1000141.43284,SP1000141.18.43284,SY1000141.2026.43284,iPad1(1000141),141,03.06.26 15:51,Prod,A1000141.6390,,114,S1000141.43284,SALE,2,10.9,21.8,0.0,0.0,0.0,0.0,107,Chicken Burger,Hauptgerichte,,MwSt. 7%,1.07,20.373832,1.426168,Normalverkauf
S1000141.43285,SP1000141.18.43285,SY1000141.2026.43285,iPad1(1000141),141,03.06.26 15:51,Prod,A1000141.6390,,114,S1000141.43285,SALE,2,10.9,21.8,0.0,0.0,0.0,0.0,107,Chicken Burger,Hauptgerichte,,MwSt. 7%,1.07,20.373832,1.426168,Normalverkauf
S1000141.43286,SP1000141.18.43286,SY1000141.2026.43286,iPad1(1000141),141,03.06.26 15:51,Prod,A1000141.6390,,114,S1000141.43286,SALE,2,5.9,11.8,0.0,0.0,0.0,0.0,123,Inger-Limonade,Getränke,,MwSt. 19%,1.19,9.915966,1.884034,Normalverkauf
S1000141.43287,SP1000141.18.43287,SY1000141.2026.43287,iPad1(1000141),141,03.06.26 13:24,Prod,A1000141.6391,Tisch 3,104,S1000141.43287,VOID,1,3.2,3.2,0.0,0.0,0.0,0.0,120,Apfelschorle,Getränke,,MwSt. 19%,1.19,2.689076,0.510924,Normalverkauf
S1000141.43288,SP1000141.18.43288,SY1000141.2026.43288,iPad1(1000141),141,03.06.26 17:34,Prod,A1000141.6392,Tisch 7,105,S1000141.43288,SALE,1,11.9,11.9,0.0,0.0,0.0,0.0,110,Matjes-Baguette,Hauptgerichte,,MwSt. 7%,1.07,11.121495,0.778505,Normalverkauf
S1000141.43289,SP1000141.18.43289,SY1000141.2026.43289,iPad1(1000141),141,04.06.26 12:45,Prod,A1000141.6393,Tisch 3,101,S1000141.43289,SALE,1,6.9,6.9,0.0,0.0,0.0,0.0,113,Garnelen Box,Beilagen,,MwSt. 7%,1.07,6.448598,0.451402,Normalverkauf
S1000141.43290,SP1000141.18.43290,SY1000141.2026.43290,iPad1(1000141),141,04.06.26 12:45,Prod,A1000141.6393,Tisch 3,101,S1000141.43290,SALE,1,6.9,6.9,0.0,0.0,0.0,0.0,103,Fischbrötchen Räucherlachs,Hauptspeisen,,MwSt. 7%,1.07,6.448598,0.451402,Normalverkauf
S1000141.43291,SP1000141.18.43291,SY1000141.2026.43291,iPad1(1000141),141,04.06.26 12:45,Prod,A1000141.6393,Tisch 3,101,S1000141.43291,SALE,1,3.2,3.2,0.0,0.0,0.0,0.0,120,Apfelschorle,Getränke,,MwSt. 19%,1.19,2.689076,0.510924,Normalverkauf
S1000141.43292,SP1000141.18.43292,SY1000141.2026.43292,iPad1(1000141),141,04.06.26 18:38,Prod,A1000141.6394,Tisch 13,113,S1000141.43292,SALE,1,10.9,10.9,0.0,0.0,0.0,0.0,104,Thunfisch Wrap,Hauptgerichte,,MwSt. 7%,1.07,10.186916,0.713084,Normalverkauf
S1000141.43293,SP1000141.18.43293,SY1000141.2026.43293,iPad1(1000141),141,04.06.26 18:38,Prod,A1000141.6394,Tisch 13,113,S1000141.43293,SALE,2,6.9,13.8,0.0,0.0,0.0,0.0,113,Garnelen Box,Beilagen,,MwSt. 7%,1.07,12.897196,0.902804,Normalverkauf
S1000141.43294,SP1000141.18.43294,SY1000141.2026.43294,iPad1(1000141),141,04.06.26 12:00,Prod,A1000141.6395,Tisch 4,101,S1000141.43294,SALE,2,11.9,23.8,0.0,0.0,0.0,0.0,110,Matjes-Baguette,Hauptgerichte,,MwSt. 7%,1.07,22.242991,1.557009,Normalverkauf
S1000141.43295,SP1000141.18.43295,SY1000141.2026.43295,iPad1(1000141),141,04.06.26 12:00,Prod,A1000141.6395,Tisch 4,101,S1000141.43295,SALE,1,5.9,5.9,0.0,0.0,0.0,0.0,116,Vanillequark,Desserts,,MwSt. 7%,1.07,5.514019,0.385981,Normalverkauf
S1000141.43296,SP1000141.18.43296,SY1000141.2026.43296,iPad1(1000141),141,04.06.26 12:00,Prod,A1000141.6395,Tisch 4,101,S1000141.43296,SALE,1,13.5,13.5,0.0,0.0,0.0,0.0,102,Matjes,Hauptspeisen,,MwSt. 7%,1.07,12.616822,0.883178,Normalverkauf
S1000141.43297,SP1000141.18.43297,SY1000141.2026.43297,iPad1(1000141),141,04.06.26 20:38,Prod,A1000141.6396,Tisch 21,105,S1000141.43297,SALE,1,9.8,9.8,0.0,0.0,0.0,0.0,108,Seelachs-Ei-Baugette,Hauptgerichte,,MwSt. 7%,1.07,9.158879,0.641121,Normalverkauf
S1000141.43298,SP1000141.18.43298,SY1000141.2026.43298,iPad1(1000141),141,04.06.26 20:38,Prod,A1000141.6396,Tisch 21,105,S1000141.43298,SALE,1,6.9,6.9,0.0,0.0,0.0,0.0,103,Fischbrötchen Räucherlachs,Hauptspeisen,,MwSt. 7%,1.07,6.448598,0.451402,Normalverkauf
S1000141.43299,SP1000141.18.43299,SY1000141.2026.43299,iPad1(1000141),141,04.06.26 18:02,Prod,A1000141.6397,Tisch 17,114,S1000141.43299,SALE,1,9.8,9.8,0.0,0.0,0.0,0.0,108,Seelachs-Ei-Baugette,Hauptgerichte,,MwSt. 7%,1.07,9.158879,0.641121,Normalverkauf
S1000141.43300,SP1000141.18.43300,SY1000141.2026.43300,iPad1(1000141),141,04.06.26 18:02,Prod,A1000141.6397,Tisch 17,114,S1000141.43300,SALE,2,10.9,21.8,0.0,0.0,0.0,0.0,109,Bismarck-Baguette,Hauptgerichte,,MwSt. 7%,1.07,20.373832,1.426168,Normalverkauf
S1000141.43301,SP1000141.18.43301,SY1000141.2026.43301,iPad1(1000141),141,04.06.26 12:08,Prod,A1000141.6398,Tisch 22,118,S1000141.43301,SALE,1,13.5,13.5,0.0,0.0,0.0,0.0,102,Matjes,Hauptspeisen,,MwSt. 7%,1.07,12.616822,0.883178,Normalverkauf
S1000141.43302,SP1000141.18.43302,SY1000141.2026.43302,iPad1(1000141),141,04.06.26 12:08,Prod,A1000141.6398,Tisch 22,118,S1000141.43302,SALE,2,6.5,13.0,0.0,0.0,0.0,0.0,100,Fischbrötchen Backfisch,Hauptspeisen,,MwSt. 7%,1.07,12.149533,0.850467,Normalverkauf
S1000141.43303,SP1000141.18.43303,SY1000141.2026.43303,iPad1(1000141),141,04.06.26 17:56,Prod,A1000141.6399,Tisch 15,113,S1000141.43303,SALE,2,3.9,7.8,0.0,0.0,0.0,0.0,119,Cola,Getränke,,MwSt. 19%,1.19,6.554622,1.245378,Normalverkauf
S1000141.43304,SP1000141.18.43304,SY1000141.2026.43304,iPad1(1000141),141,04.06.26 17:56,Prod,A1000141.6399,Tisch 15,113,S1000141.43304,SALE,2,7.9,15.8,0.0,0.0,0.0,0.0,106,Neptun-Ringe,Beilagen,,MwSt. 7%,1.07,14.766355,1.033645,Normalverkauf
S1000141.43305,SP1000141.18.43305,SY1000141.2026.43305,iPad1(1000141),141,04.06.26 17:56,Prod,A1000141.6399,Tisch 15,113,S1000141.43305,SALE,2,3.2,6.4,0.0,0.0,0.0,0.0,120,Apfelschorle,Getränke,,MwSt. 19%,1.19,5.378151,1.021849,Normalverkauf
S1000141.43306,SP1000141.18.43306,SY1000141.2026.43306,iPad1(1000141),141,04.06.26 19:37,Prod,A1000141.6400,Tisch 22,104,S1000141.43306,SALE,1,3.9,3.9,0.0,0.0,0.0,0.0,126,Spezi,Getränke,,MwSt. 19%,1.19,3.277311,0.622689,Normalverkauf
S1000141.43307,SP1000141.18.43307,SY1000141.2026.43307,iPad1(1000141),141,04.06.26 16:11,Prod,A1000141.6401,Tisch 14,104,S1000141.43307,SALE,2,7.9,15.8,0.0,0.0,0.0,0.0,106,Neptun-Ringe,Beilagen,,MwSt. 7%,1.07,14.766355,1.033645,Normalverkauf
S1000141.43308,SP1000141.18.43308,SY1000141.2026.43308,iPad1(1000141),141,04.06.26 16:11,Prod,A1000141.6401,Tisch 14,104,S1000141.43308,SALE,1,5.5,5.5,0.0,0.0,0.0,0.0,111,Pommes Frites,Beilagen,,MwSt. 7%,1.07,5.140187,0.359813,Normalverkauf
S1000141.43309,SP1000141.18.43309,SY1000141.2026.43309,iPad1(1000141),141,04.06.26 13:28,Prod,A1000141.6402,,113,S1000141.43309,SALE,2,3.9,7.8,0.0,0.0,0.0,0.0,119,Cola,Getränke,,MwSt. 19%,1.19,6.554622,1.245378,Normalverkauf
S1000141.43310,SP1000141.18.43310,SY1000141.2026.43310,iPad1(1000141),141,04.06.26 13:28,Prod,A1000141.6402,,113,S1000141.43310,SALE,2,10.9,21.8,0.0,0.0,0.0,0.0,107,Chicken Burger,Hauptgerichte,,MwSt. 7%,1.07,20.373832,1.426168,Normalverkauf
S1000141.43311,SP1000141.18.43311,SY1000141.2026.43311,iPad1(1000141),141,04.06.26 13:28,Prod,A1000141.6402,,113,S1000141.43311,SALE,1,3.9,3.9,0.0,0.0,0.0,0.0,119,Cola,Getränke,,MwSt. 19%,1.19,3.277311,0.622689,Normalverkauf
S1000141.43312,SP1000141.18.43312,SY1000141.2026.43312,iPad1(1000141),141,04.06.26 17:54,Prod,A1000141.6403,,114,S1000141.43312,SALE,1,4.9,4.9,0.0,0.0,0.0,0.0,112,Kartoffelwedges,Beilagen,,MwSt. 7%,1.07,4.579439,0.320561,Normalverkauf
S1000141.43313,SP1000141.18.43313,SY1000141.2026.43313,iPad1(1000141),141,04.06.26 12:47,Prod,A1000141.6404,Tisch 8,118,S1000141.43313,SALE,2,11.9,23.8,0.0,0.0,0.0,0.0,110,Matjes-Baguette,Hauptgerichte,,MwSt. 7%,1.07,22.242991,1.557009,Normalverkauf
S1000141.43314,SP1000141.18.43314,SY1000141.2026.43314,iPad1(1000141),141,04.06.26 12:47,Prod,A1000141.6404,Tisch 8,118,S1000141.43314,SALE,2,5.9,11.8,0.0,0.0,0.0,0.0,117,Rote Grütze,Desserts,,MwSt. 7%,1.07,11.028037,0.771963,Normalverkauf
S1000141.43315,SP1000141.18.43315,SY1000141.2026.43315,iPad1(1000141),141,04.06.26 09:26,Prod,A1000141.6405,Tisch 18,118,S1000141.43315,SALE,1,6.9,6.9,0.0,0.0,0.0,0.0,103,Fischbrötchen Räucherlachs,Hauptspeisen,,MwSt. 7%,1.07,6.448598,0.451402,Normalverkauf
S1000141.43316,SP1000141.18.43316,SY1000141.2026.43316,iPad1(1000141),141,04.06.26 09:26,Prod,A1000141.6405,Tisch 18,118,S1000141.43316,SALE,1,5.9,5.9,0.0,0.0,0.0,0.0,125,Zitronen-Limonade,Getränke,,MwSt. 19%,1.19,4.957983,0.942017,Normalverkauf
S1000141.43317,SP1000141.18.43317,SY1000141.2026.43317,iPad1(1000141),141,04.06.26 09:26,Prod,A1000141.6405,Tisch 18,118,S1000141.43317,SALE,2,6.9,13.8,0.0,0.0,0.0,0.0,103,Fischbrötchen Räucherlachs,Hauptspeisen,,MwSt. 7%,1.07,12.897196,0.902804,Normalverkauf
S1000141.43318,SP1000141.18.43318,SY1000141.2026.43318,iPad1(1000141),141,04.06.26 17:22,Prod,A1000141.6406,Tisch 12,113,S1000141.43318,SALE,1,7.9,7.9,0.0,0.0,0.0,0.0,115,Tiramisu,Desserts,,MwSt. 7%,1.07,7.383178,0.516822,Normalverkauf
S1000141.43319,SP1000141.18.43319,SY1000141.2026.43319,iPad1(1000141),141,04.06.26 12:32,Prod,A1000141.6407,Tisch 16,118,S1000141.43319,SALE,2,6.9,13.8,0.0,0.0,0.0,0.0,113,Garnelen Box,Beilagen,,MwSt. 7%,1.07,12.897196,0.902804,Normalverkauf
S1000141.43320,SP1000141.18.43320,SY1000141.2026.43320,iPad1(1000141),141,04.06.26 12:32,Prod,A1000141.6407,Tisch 16,118,S1000141.43320,SALE,2,3.9,7.8,0.0,0.0,0.0,0.0,119,Cola,Getränke,,MwSt. 19%,1.19,6.554622,1.245378,Normalverkauf
S1000141.43321,SP1000141.18.43321,SY1000141.2026.43321,iPad1(1000141),141,04.06.26 12:32,Prod,A1000141.6407,Tisch 16,118,S1000141.43321,SALE,1,9.8,9.8,0.0,0.0,0.0,0.0,108,Seelachs-Ei-Baugette,Hauptgerichte,,MwSt. 7%,1.07,9.158879,0.641121,Normalverkauf
S1000141.43322,SP1000141.18.43322,SY1000141.2026.43322,iPad1(1000141),141,04.06.26 20:12,Prod,A1000141.6408,Tisch 7,105,S1000141.43322,SALE,2,2.8,5.6,0.0,0.0,0.0,0.0,121,Mineralwasser,Getränke,,MwSt. 19%,1.19,4.705882,0.894118,Normalverkauf
S1000141.43323,SP1000141.18.43323,SY1000141.2026.43323,iPad1(1000141),141,04.06.26 20:12,Prod,A1000141.6408,Tisch 7,105,S1000141.43323,SALE,1,5.5,5.5,0.0,0.0,0.0,0.0,111,Pommes Frites,Beilagen,,MwSt. 7%,1.07,5.140187,0.359813,Normalverkauf
S1000141.43324,SP1000141.18.43324,SY1000141.2026.43324,iPad1(1000141),141,04.06.26 20:12,Prod,A1000141.6408,Tisch 7,105,S1000141.43324,SALE,2,9.8,19.6,0.0,0.0,0.0,0.0,108,Seelachs-Ei-Baugette,Hauptgerichte,,MwSt. 7%,1.07,18.317757,1.282243,Normalverkauf
S1000141.43325,SP1000141.18.43325,SY1000141.2026.43325,iPad1(1000141),141,04.06.26 16:19,Prod,A1000141.6409,Tisch 17,104,S1000141.43325,SALE,2,5.5,11.0,0.0,0.0,0.0,0.0,114,Fisch Nuggets Box,Beilagen,,MwSt. 7%,1.07,10.280374,0.719626,Normalverkauf
S1000141.43326,SP1000141.18.43326,SY1000141.2026.43326,iPad1(1000141),141,04.06.26 16:19,Prod,A1000141.6409,Tisch 17,104,S1000141.43326,SALE,2,14.5,29.0,0.0,0.0,0.0,0.0,101,Lachs,Hauptspeisen,,MwSt. 7%,1.07,27.102804,1.897196,Normalverkauf
S1000141.43327,SP1000141.18.43327,SY1000141.2026.43327,iPad1(1000141),141,04.06.26 13:21,Prod,A1000141.6410,Tisch 16,118,S1000141.43327,SALE,2,5.5,11.0,0.0,0.0,0.0,0.0,114,Fisch Nuggets Box,Beilagen,,MwSt. 7%,1.07,10.280374,0.719626,Normalverkauf
S1000141.43328,SP1000141.18.43328,SY1000141.2026.43328,iPad1(1000141),141,04.06.26 12:41,Prod,A1000141.6411,,105,S1000141.43328,VOID,1,4.2,4.2,0.0,0.0,0.0,0.0,122,Bier,Getränke,,MwSt. 19%,1.19,3.529412,0.670588,Normalverkauf
S1000141.43329,SP1000141.18.43329,SY1000141.2026.43329,iPad1(1000141),141,04.06.26 13:35,Prod,A1000141.6412,Tisch 9,104,S1000141.43329,SALE,2,3.9,7.8,0.0,0.0,0.0,0.0,119,Cola,Getränke,,MwSt. 19%,1.19,6.554622,1.245378,Normalverkauf
S1000141.43330,SP1000141.18.43330,SY1000141.2026.43330,iPad1(1000141),141,04.06.26 13:35,Prod,A1000141.6412,Tisch 9,104,S1000141.43330,SALE,1,10.9,10.9,0.0,0.0,0.0,0.0,107,Chicken Burger,Hauptgerichte,,MwSt. 7%,1.07,10.186916,0.713084,Normalverkauf
S1000141.43331,SP1000141.18.43331,SY1000141.2026.43331,iPad1(1000141),141,04.06.26 20:21,Prod,A1000141.6413,Tisch 20,113,S1000141.43331,SALE,2,4.9,9.8,0.0,0.0,0.0,0.0,112,Kartoffelwedges,Beilagen,,MwSt. 7%,1.07,9.158879,0.641121,Normalverkauf
S1000141.43332,SP1000141.18.43332,SY1000141.2026.43332,iPad1(1000141),141,04.06.26 20:21,Prod,A1000141.6413,Tisch 20,113,S1000141.43332,SALE,1,10.9,10.9,0.0,0.0,0.0,0.0,107,Chicken Burger,Hauptgerichte,,MwSt. 7%,1.07,10.186916,0.713084,Normalverkauf
S1000141.43333,SP1000141.18.43333,SY1000141.2026.43333,iPad1(1000141),141,04.06.26 12:05,Prod,A1000141.6414,Tisch 21,114,S1000141.43333,SALE,1,4.9,4.9,0.0,0.0,0.0,0.0,112,Kartoffelwedges,Beilagen,,MwSt. 7%,1.07,4.579439,0.320561,Normalverkauf
S1000141.43334,SP1000141.18.43334,SY1000141.2026.43334,iPad1(1000141),141,04.06.26 19:43,Prod,A1000141.6415,,105,S1000141.43334,SALE,2,3.9,7.8,0.0,0.0,0.0,0.0,127,Alkoholfreies Bier,Getränke,,MwSt. 19%,1.19,6.554622,1.245378,Normalverkauf
S1000141.43335,SP1000141.18.43335,SY1000141.2026.43335,iPad1(1000141),141,04.06.26 20:28,Prod,A1000141.6416,Tisch 12,114,S1000141.43335,VOID,2,5.5,11.0,0.0,0.0,0.0,0.0,114,Fisch Nuggets Box,Beilagen,,MwSt. 7%,1.07,10.280374,0.719626,Normalverkauf
S1000141.43336,SP1000141.18.43336,SY1000141.2026.43336,iPad1(1000141),141,04.06.26 16:26,Prod,A1000141.6417,Tisch 12,105,S1000141.43336,SALE,1,5.5,5.5,0.0,0.0,0.0,0.0,111,Pommes Frites,Beilagen,,MwSt. 7%,1.07,5.140187,0.359813,Normalverkauf
S1000141.43337,SP1000141.18.43337,SY1000141.2026.43337,iPad1(1000141),141,04.06.26 16:26,Prod,A1000141.6417,Tisch 12,105,S1000141.43337,SALE,1,10.9,10.9,0.0,0.0,0.0,0.0,107,Chicken Burger,Hauptgerichte,,MwSt. 7%,1.07,10.186916,0.713084,Normalverkauf
S1000141.43338,SP1000141.18.43338,SY1000141.2026.43338,iPad1(1000141),141,04.06.26 12:30,Prod,A1000141.6418,Tisch 8,101,S1000141.43338,SALE,1,4.9,4.9,0.0,0.0,0.0,0.0,112,Kartoffelwedges,Beilagen,,MwSt. 7%,1.07,4.579439,0.320561,Normalverkauf
S1000141.43339,SP1000141.18.43339,SY1000141.2026.43339,iPad1(1000141),141,04.06.26 15:39,Prod,A1000141.6419,,105,S1000141.43339,SALE,2,3.9,7.8,0.0,0.0,0.0,0.0,127,Alkoholfreies Bier,Getränke,,MwSt. 19%,1.19,6.554622,1.245378,Normalverkauf
S1000141.43340,SP1000141.18.43340,SY1000141.2026.43340,iPad1(1000141),141,04.06.26 10:41,Prod,A1000141.6420,Tisch 17,118,S1000141.43340,SALE,2,5.5,11.0,0.0,0.0,0.0,0.0,114,Fisch Nuggets Box,Beilagen,,MwSt. 7%,1.07,10.280374,0.719626,Normalverkauf
S1000141.43341,SP1000141.18.43341,SY1000141.2026.43341,iPad1(1000141),141,04.06.26 10:41,Prod,A1000141.6420,Tisch 17,118,S1000141.43341,SALE,2,3.9,7.8,0.0,0.0,0.0,0.0,119,Cola,Getränke,,MwSt. 19%,1.19,6.554622,1.245378,Normalverkauf
S1000141.43342,SP1000141.18.43342,SY1000141.2026.43342,iPad1(1000141),141,04.06.26 10:41,Prod,A1000141.6420,Tisch 17,118,S1000141.43342,SALE,2,6.9,13.8,0.0,0.0,0.0,0.0,103,Fischbrötchen Räucherlachs,Hauptspeisen,,MwSt. 7%,1.07,12.897196,0.902804,Normalverkauf
S1000141.43343,SP1000141.18.43343,SY1000141.2026.43343,iPad1(1000141),141,04.06.26 19:36,Prod,A1000141.6421,Tisch 3,113,S1000141.43343,SALE,2,10.9,21.8,0.0,0.0,0.0,0.0,104,Thunfisch Wrap,Hauptgerichte,,MwSt. 7%,1.07,20.373832,1.426168,Normalverkauf
S1000141.43344,SP1000141.18.43344,SY1000141.2026.43344,iPad1(1000141),141,04.06.26 19:36,Prod,A1000141.6421,Tisch 3,113,S1000141.43344,SALE,1,3.9,3.9,0.0,0.0,0.0,0.0,124,Cola Zero,Getränke,,MwSt. 19%,1.19,3.277311,0.622689,Normalverkauf
S1000141.43345,SP1000141.18.43345,SY1000141.2026.43345,iPad1(1000141),141,04.06.26 19:36,Prod,A1000141.6421,Tisch 3,113,S1000141.43345,SALE,1,5.5,5.5,0.0,0.0,0.0,0.0,114,Fisch Nuggets Box,Beilagen,,MwSt. 7%,1.07,5.140187,0.359813,Normalverkauf
S1000141.43346,SP1000141.18.43346,SY1000141.2026.43346,iPad1(1000141),141,04.06.26 17:43,Prod,A1000141.6422,Tisch 16,104,S1000141.43346,SALE,1,9.8,9.8,0.0,0.0,0.0,0.0,108,Seelachs-Ei-Baugette,Hauptgerichte,,MwSt. 7%,1.07,9.158879,0.641121,Normalverkauf
S1000141.43347,SP1000141.18.43347,SY1000141.2026.43347,iPad1(1000141),141,04.06.26 17:43,Prod,A1000141.6422,Tisch 16,104,S1000141.43347,SALE,2,3.9,7.8,0.0,0.0,0.0,0.0,127,Alkoholfreies Bier,Getränke,,MwSt. 19%,1.19,6.554622,1.245378,Normalverkauf
S1000141.43348,SP1000141.18.43348,SY1000141.2026.43348,iPad1(1000141),141,04.06.26 18:43,Prod,A1000141.6423,Tisch 6,104,S1000141.43348,VOID,2,5.5,11.0,0.0,0.0,0.0,0.0,114,Fisch Nuggets Box,Beilagen,,MwSt. 7%,1.07,10.280374,0.719626,Normalverkauf
S1000141.43349,SP1000141.18.43349,SY1000141.2026.43349,iPad1(1000141),141,04.06.26 18:43,Prod,A1000141.6423,Tisch 6,104,S1000141.43349,VOID,1,3.9,3.9,0.0,0.0,0.0,0.0,127,Alkoholfreies Bier,Getränke,,MwSt. 19%,1.19,3.277311,0.622689,Normalverkauf
S1000141.43350,SP1000141.18.43350,SY1000141.2026.43350,iPad1(1000141),141,04.06.26 08:17,Prod,A1000141.6424,Tisch 23,114,S1000141.43350,SALE,1,4.2,4.2,0.0,0.0,0.0,0.0,122,Bier,Getränke,,MwSt. 19%,1.19,3.529412,0.670588,Normalverkauf
S1000141.43351,SP1000141.18.43351,SY1000141.2026.43351,iPad1(1000141),141,04.06.26 19:24,Prod,A1000141.6425,Tisch 1,114,S1000141.43351,SALE,2,5.9,11.8,0.0,0.0,0.0,0.0,123,Inger-Limonade,Getränke,,MwSt. 19%,1.19,9.915966,1.884034,Normalverkauf
S1000141.43352,SP1000141.18.43352,SY1000141.2026.43352,iPad1(1000141),141,04.06.26 19:24,Prod,A1000141.6425,Tisch 1,114,S1000141.43352,SALE,2,3.9,7.8,0.0,0.0,0.0,0.0,126,Spezi,Getränke,,MwSt. 19%,1.19,6.554622,1.245378,Normalverkauf
S1000141.43353,SP1000141.18.43353,SY1000141.2026.43353,iPad1(1000141),141,04.06.26 19:24,Prod,A1000141.6425,Tisch 1,114,S1000141.43353,SALE,2,10.9,21.8,0.0,0.0,0.0,0.0,109,Bismarck-Baguette,Hauptgerichte,,MwSt. 7%,1.07,20.373832,1.426168,Normalverkauf
S1000141.43354,SP1000141.18.43354,SY1000141.2026.43354,iPad1(1000141),141,04.06.26 10:50,Prod,A1000141.6426,Tisch 1,101,S1000141.43354,SALE,1,3.9,3.9,0.0,0.0,0.0,0.0,119,Cola,Getränke,,MwSt. 19%,1.19,3.277311,0.622689,Normalverkauf
S1000141.43355,SP1000141.18.43355,SY1000141.2026.43355,iPad1(1000141),141,04.06.26 10:50,Prod,A1000141.6426,Tisch 1,101,S1000141.43355,SALE,2,3.9,7.8,0.0,0.0,0.0,0.0,127,Alkoholfreies Bier,Getränke,,MwSt. 19%,1.19,6.554622,1.245378,Normalverkauf
S1000141.43356,SP1000141.18.43356,SY1000141.2026.43356,iPad1(1000141),141,04.06.26 10:50,Prod,A1000141.6426,Tisch 1,101,S1000141.43356,SALE,2,10.9,21.8,0.0,0.0,0.0,0.0,104,Thunfisch Wrap,Hauptgerichte,,MwSt. 7%,1.07,20.373832,1.426168,Normalverkauf
S1000141.43357,SP1000141.18.43357,SY1000141.2026.43357,iPad1(1000141),141,04.06.26 16:30,Prod,A1000141.6427,Tisch 7,105,S1000141.43357,SALE,1,5.5,5.5,0.0,0.0,0.0,0.0,114,Fisch Nuggets Box,Beilagen,,MwSt. 7%,1.07,5.140187,0.359813,Normalverkauf
S1000141.43358,SP1000141.18.43358,SY1000141.2026.43358,iPad1(1000141),141,04.06.26 16:30,Prod,A1000141.6427,Tisch 7,105,S1000141.43358,SALE,1,5.5,5.5,0.0,0.0,0.0,0.0,111,Pommes Frites,Beilagen,,MwSt. 7%,1.07,5.140187,0.359813,Normalverkauf
S1000141.43359,SP1000141.18.43359,SY1000141.2026.43359,iPad1(1000141),141,04.06.26 16:30,Prod,A1000141.6427,Tisch 7,105,S1000141.43359,SALE,2,6.9,13.8,0.0,0.0,0.0,0.0,103,Fischbrötchen Räucherlachs,Hauptspeisen,,MwSt. 7%,1.07,12.897196,0.902804,Normalverkauf
S1000141.43360,SP1000141.18.43360,SY1000141.2026.43360,iPad1(1000141),141,04.06.26 18:51,Prod,A1000141.6428,Tisch 17,114,S1000141.43360,SALE,2,5.9,11.8,0.0,0.0,0.0,0.0,117,Rote Grütze,Desserts,,MwSt. 7%,1.07,11.028037,0.771963,Normalverkauf
S1000141.43361,SP1000141.18.43361,SY1000141.2026.43361,iPad1(1000141),141,04.06.26 18:51,Prod,A1000141.6428,Tisch 17,114,S1000141.43361,SALE,2,3.2,6.4,0.0,0.0,0.0,0.0,120,Apfelschorle,Getränke,,MwSt. 19%,1.19,5.378151,1.021849,Normalverkauf
S1000141.43362,SP1000141.18.43362,SY1000141.2026.43362,iPad1(1000141),141,04.06.26 18:51,Prod,A1000141.6428,Tisch 17,114,S1000141.43362,SALE,2,5.9,11.8,0.0,0.0,0.0,0.0,123,Inger-Limonade,Getränke,,MwSt. 19%,1.19,9.915966,1.884034,Normalverkauf
S1000141.43363,SP1000141.18.43363,SY1000141.2026.43363,iPad1(1000141),141,04.06.26 14:47,Prod,A1000141.6429,Tisch 17,113,S1000141.43363,SALE,1,7.9,7.9,0.0,0.0,0.0,0.0,106,Neptun-Ringe,Beilagen,,MwSt. 7%,1.07,7.383178,0.516822,Normalverkauf
S1000141.43364,SP1000141.18.43364,SY1000141.2026.43364,iPad1(1000141),141,04.06.26 14:47,Prod,A1000141.6429,Tisch 17,113,S1000141.43364,SALE,2,3.9,7.8,0.0,0.0,0.0,0.0,124,Cola Zero,Getränke,,MwSt. 19%,1.19,6.554622,1.245378,Normalverkauf
S1000141.43365,SP1000141.18.43365,SY1000141.2026.43365,iPad1(1000141),141,04.06.26 19:49,Prod,A1000141.6430,Tisch 5,104,S1000141.43365,SALE,1,6.9,6.9,0.0,0.0,0.0,0.0,103,Fischbrötchen Räucherlachs,Hauptspeisen,,MwSt. 7%,1.07,6.448598,0.451402,Normalverkauf
S1000141.43366,SP1000141.18.43366,SY1000141.2026.43366,iPad1(1000141),141,04.06.26 19:49,Prod,A1000141.6430,Tisch 5,104,S1000141.43366,SALE,2,6.9,13.8,0.0,0.0,0.0,0.0,103,Fischbrötchen Räucherlachs,Hauptspeisen,,MwSt. 7%,1.07,12.897196,0.902804,Normalverkauf
S1000141.43367,SP1000141.18.43367,SY1000141.2026.43367,iPad1(1000141),141,04.06.26 19:49,Prod,A1000141.6430,Tisch 5,104,S1000141.43367,SALE,1,14.5,14.5,0.0,0.0,0.0,0.0,101,Lachs,Hauptspeisen,,MwSt. 7%,1.07,13.551402,0.948598,Normalverkauf
S1000141.43368,SP1000141.18.43368,SY1000141.2026.43368,iPad1(1000141),141,04.06.26 18:19,Prod,A1000141.6431,Tisch 16,104,S1000141.43368,SALE,1,5.5,5.5,0.0,0.0,0.0,0.0,111,Pommes Frites,Beilagen,,MwSt. 7%,1.07,5.140187,0.359813,Normalverkauf
S1000141.43369,SP1000141.18.43369,SY1000141.2026.43369,iPad1(1000141),141,04.06.26 18:19,Prod,A1000141.6431,Tisch 16,104,S1000141.43369,SALE,2,13.5,27.0,0.0,0.0,0.0,0.0,102,Matjes,Hauptspeisen,,MwSt. 7%,1.07,25.233645,1.766355,Normalverkauf
S1000141.43370,SP1000141.18.43370,SY1000141.2026.43370,iPad1(1000141),141,04.06.26 17:18,Prod,A1000141.6432,Tisch 11,104,S1000141.43370,SALE,2,6.5,13.0,0.0,0.0,0.0,0.0,100,Fischbrötchen Backfisch,Hauptspeisen,,MwSt. 7%,1.07,12.149533,0.850467,Normalverkauf
S1000141.43371,SP1000141.18.43371,SY1000141.2026.43371,iPad1(1000141),141,04.06.26 11:20,Prod,A1000141.6433,Tisch 12,105,S1000141.43371,SALE,1,6.5,6.5,0.0,0.0,0.0,0.0,100,Fischbrötchen Backfisch,Hauptspeisen,,MwSt. 7%,1.07,6.074766,0.425234,Normalverkauf
S1000141.43372,SP1000141.18.43372,SY1000141.2026.43372,iPad1(1000141),141,04.06.26 14:58,Prod,A1000141.6434,Tisch 18,105,S1000141.43372,VOID,1,9.8,9.8,0.0,0.0,0.0,0.0,108,Seelachs-Ei-Baugette,Hauptgerichte,,MwSt. 7%,1.07,9.158879,0.641121,Normalverkauf
S1000141.43373,SP1000141.18.43373,SY1000141.2026.43373,iPad1(1000141),141,04.06.26 19:49,Prod,A1000141.6435,Tisch 23,118,S1000141.43373,SALE,2,10.9,21.8,0.0,0.0,0.0,0.0,104,Thunfisch Wrap,Hauptgerichte,,MwSt. 7%,1.07,20.373832,1.426168,Normalverkauf
S1000141.43374,SP1000141.18.43374,SY1000141.2026.43374,iPad1(1000141),141,04.06.26 19:49,Prod,A1000141.6435,Tisch 23,118,S1000141.43374,SALE,1,5.9,5.9,0.0,0.0,0.0,0.0,123,Inger-Limonade,Getränke,,MwSt. 19%,1.19,4.957983,0.942017,Normalverkauf
S1000141.43375,SP1000141.18.43375,SY1000141.2026.43375,iPad1(1000141),141,04.06.26 19:49,Prod,A1000141.6435,Tisch 23,118,S1000141.43375,SALE,1,13.5,13.5,0.0,0.0,0.0,0.0,102,Matjes,Hauptspeisen,,MwSt. 7%,1.07,12.616822,0.883178,Normalverkauf
S1000141.43376,SP1000141.18.43376,SY1000141.2026.43376,iPad1(1000141),141,04.06.26 18:26,Prod,A1000141.6436,Tisch 21,113,S1000141.43376,SALE,2,10.9,21.8,0.0,0.0,0.0,0.0,104,Thunfisch Wrap,Hauptgerichte,,MwSt. 7%,1.07,20.373832,1.426168,Normalverkauf
S1000141.43377,SP1000141.18.43377,SY1000141.2026.43377,iPad1(1000141),141,04.06.26 18:26,Prod,A1000141.6436,Tisch 21,113,S1000141.43377,SALE,2,3.9,7.8,0.0,0.0,0.0,0.0,119,Cola,Getränke,,MwSt. 19%,1.19,6.554622,1.245378,Normalverkauf
S1000141.43378,SP1000141.18.43378,SY1000141.2026.43378,iPad1(1000141),141,04.06.26 18:20,Prod,A1000141.6437,Tisch 23,101,S1000141.43378,SALE,2,5.5,11.0,0.0,0.0,0.0,0.0,114,Fisch Nuggets Box,Beilagen,,MwSt. 7%,1.07,10.280374,0.719626,Normalverkauf
S1000141.43379,SP1000141.18.43379,SY1000141.2026.43379,iPad1(1000141),141,04.06.26 18:20,Prod,A1000141.6437,Tisch 23,101,S1000141.43379,SALE,1,10.9,10.9,0.0,0.0,0.0,0.0,104,Thunfisch Wrap,Hauptgerichte,,MwSt. 7%,1.07,10.186916,0.713084,Normalverkauf
S1000141.43380,SP1000141.18.43380,SY1000141.2026.43380,iPad1(1000141),141,04.06.26 16:56,Prod,A1000141.6438,,114,S1000141.43380,SALE,2,13.5,27.0,0.0,0.0,0.0,0.0,102,Matjes,Hauptspeisen,,MwSt. 7%,1.07,25.233645,1.766355,Normalverkauf
S1000141.43381,SP1000141.18.43381,SY1000141.2026.43381,iPad1(1000141),141,04.06.26 17:06,Prod,A1000141.6439,Tisch 17,104,S1000141.43381,VOID,1,10.9,10.9,0.0,0.0,0.0,0.0,107,Chicken Burger,Hauptgerichte,,MwSt. 7%,1.07,10.186916,0.713084,Normalverkauf
S1000141.43382,SP1000141.18.43382,SY1000141.2026.43382,iPad1(1000141),141,04.06.26 17:06,Prod,A1000141.6439,Tisch 17,104,S1000141.43382,VOID,2,3.2,6.4,0.0,0.0,0.0,0.0,120,Apfelschorle,Getränke,,MwSt. 19%,1.19,5.378151,1.021849,Normalverkauf
S1000141.43383,SP1000141.18.43383,SY1000141.2026.43383,iPad1(1000141),141,04.06.26 11:16,Prod,A1000141.6440,Tisch 5,105,S1000141.43383,SALE,1,4.2,4.2,0.0,0.0,0.0,0.0,122,Bier,Getränke,,MwSt. 19%,1.19,3.529412,0.670588,Normalverkauf
S1000141.43384,SP1000141.18.43384,SY1000141.2026.43384,iPad1(1000141),141,04.06.26 11:16,Prod,A1000141.6440,Tisch 5,105,S1000141.43384,SALE,1,3.9,3.9,0.0,0.0,0.0,0.0,126,Spezi,Getränke,,MwSt. 19%,1.19,3.277311,0.622689,Normalverkauf
S1000141.43385,SP1000141.18.43385,SY1000141.2026.43385,iPad1(1000141),141,04.06.26 09:46,Prod,A1000141.6441,Tisch 7,114,S1000141.43385,SALE,1,3.9,3.9,0.0,0.0,0.0,0.0,119,Cola,Getränke,,MwSt. 19%,1.19,3.277311,0.622689,Normalverkauf
S1000141.43386,SP1000141.18.43386,SY1000141.2026.43386,iPad1(1000141),141,04.06.26 19:35,Prod,A1000141.6442,Tisch 22,101,S1000141.43386,SALE,2,7.9,15.8,0.0,0.0,0.0,0.0,115,Tiramisu,Desserts,,MwSt. 7%,1.07,14.766355,1.033645,Normalverkauf
S1000141.43387,SP1000141.18.43387,SY1000141.2026.43387,iPad1(1000141),141,04.06.26 08:47,Prod,A1000141.6443,Tisch 16,114,S1000141.43387,VOID,2,7.9,15.8,0.0,0.0,0.0,0.0,106,Neptun-Ringe,Beilagen,,MwSt. 7%,1.07,14.766355,1.033645,Normalverkauf
S1000141.43388,SP1000141.18.43388,SY1000141.2026.43388,iPad1(1000141),141,04.06.26 16:02,Prod,A1000141.6444,Tisch 7,113,S1000141.43388,SALE,2,6.9,13.8,0.0,0.0,0.0,0.0,103,Fischbrötchen Räucherlachs,Hauptspeisen,,MwSt. 7%,1.07,12.897196,0.902804,Normalverkauf
S1000141.43389,SP1000141.18.43389,SY1000141.2026.43389,iPad1(1000141),141,04.06.26 15:44,Prod,A1000141.6445,,105,S1000141.43389,SALE,1,6.5,6.5,0.0,0.0,0.0,0.0,118,Schokokuchen,Desserts,,MwSt. 7%,1.07,6.074766,0.425234,Normalverkauf
S1000141.43390,SP1000141.18.43390,SY1000141.2026.43390,iPad1(1000141),141,04.06.26 15:44,Prod,A1000141.6445,,105,S1000141.43390,SALE,1,11.9,11.9,0.0,0.0,0.0,0.0,110,Matjes-Baguette,Hauptgerichte,,MwSt. 7%,1.07,11.121495,0.778505,Normalverkauf
S1000141.43391,SP1000141.18.43391,SY1000141.2026.43391,iPad1(1000141),141,04.06.26 15:44,Prod,A1000141.6445,,105,S1000141.43391,SALE,1,6.9,6.9,0.0,0.0,0.0,0.0,103,Fischbrötchen Räucherlachs,Hauptspeisen,,MwSt. 7%,1.07,6.448598,0.451402,Normalverkauf
S1000141.43392,SP1000141.18.43392,SY1000141.2026.43392,iPad1(1000141),141,04.06.26 19:44,Prod,A1000141.6446,Tisch 15,113,S1000141.43392,VOID,1,6.9,6.9,0.0,0.0,0.0,0.0,113,Garnelen Box,Beilagen,,MwSt. 7%,1.07,6.448598,0.451402,Normalverkauf
S1000141.43393,SP1000141.18.43393,SY1000141.2026.43393,iPad1(1000141),141,04.06.26 19:44,Prod,A1000141.6446,Tisch 15,113,S1000141.43393,VOID,2,11.9,23.8,0.0,0.0,0.0,0.0,110,Matjes-Baguette,Hauptgerichte,,MwSt. 7%,1.07,22.242991,1.557009,Normalverkauf
S1000141.43394,SP1000141.18.43394,SY1000141.2026.43394,iPad1(1000141),141,04.06.26 18:18,Prod,A1000141.6447,,104,S1000141.43394,SALE,2,10.9,21.8,0.0,0.0,0.0,0.0,107,Chicken Burger,Hauptgerichte,,MwSt. 7%,1.07,20.373832,1.426168,Normalverkauf
S1000141.43395,SP1000141.18.43395,SY1000141.2026.43395,iPad1(1000141),141,04.06.26 17:21,Prod,A1000141.6448,Tisch 12,104,S1000141.43395,SALE,1,5.9,5.9,0.0,0.0,0.0,0.0,125,Zitronen-Limonade,Getränke,,MwSt. 19%,1.19,4.957983,0.942017,Normalverkauf
S1000141.43396,SP1000141.18.43396,SY1000141.2026.43396,iPad1(1000141),141,04.06.26 17:21,Prod,A1000141.6448,Tisch 12,104,S1000141.43396,SALE,2,2.8,5.6,0.0,0.0,0.0,0.0,121,Mineralwasser,Getränke,,MwSt. 19%,1.19,4.705882,0.894118,Normalverkauf
S1000141.43397,SP1000141.18.43397,SY1000141.2026.43397,iPad1(1000141),141,04.06.26 17:21,Prod,A1000141.6448,Tisch 12,104,S1000141.43397,SALE,1,6.5,6.5,0.0,0.0,0.0,0.0,100,Fischbrötchen Backfisch,Hauptspeisen,,MwSt. 7%,1.07,6.074766,0.425234,Normalverkauf
S1000141.43398,SP1000141.18.43398,SY1000141.2026.43398,iPad1(1000141),141,04.06.26 14:01,Prod,A1000141.6449,Tisch 9,104,S1000141.43398,SALE,1,5.5,5.5,0.0,0.0,0.0,0.0,114,Fisch Nuggets Box,Beilagen,,MwSt. 7%,1.07,5.140187,0.359813,Normalverkauf
S1000141.43399,SP1000141.18.43399,SY1000141.2026.43399,iPad1(1000141),141,04.06.26 14:01,Prod,A1000141.6449,Tisch 9,104,S1000141.43399,SALE,1,5.5,5.5,0.0,0.0,0.0,0.0,114,Fisch Nuggets Box,Beilagen,,MwSt. 7%,1.07,5.140187,0.359813,Normalverkauf
S1000141.43400,SP1000141.18.43400,SY1000141.2026.43400,iPad1(1000141),141,04.06.26 14:01,Prod,A1000141.6449,Tisch 9,104,S1000141.43400,SALE,2,5.5,11.0,0.0,0.0,0.0,0.0,114,Fisch Nuggets Box,Beilagen,,MwSt. 7%,1.07,10.280374,0.719626,Normalverkauf
S1000141.43401,SP1000141.18.43401,SY1000141.2026.43401,iPad1(1000141),141,04.06.26 19:47,Prod,A1000141.6450,Tisch 19,113,S1000141.43401,SALE,2,4.2,8.4,0.0,0.0,0.0,0.0,122,Bier,Getränke,,MwSt. 19%,1.19,7.058824,1.341176,Normalverkauf
S1000141.43402,SP1000141.18.43402,SY1000141.2026.43402,iPad1(1000141),141,04.06.26 19:47,Prod,A1000141.6450,Tisch 19,113,S1000141.43402,SALE,1,3.9,3.9,0.0,0.0,0.0,0.0,127,Alkoholfreies Bier,Getränke,,MwSt. 19%,1.19,3.277311,0.622689,Normalverkauf
S1000141.43403,SP1000141.18.43403,SY1000141.2026.43403,iPad1(1000141),141,04.06.26 19:47,Prod,A1000141.6450,Tisch 19,113,S1000141.43403,SALE,1,5.9,5.9,0.0,0.0,0.0,0.0,117,Rote Grütze,Desserts,,MwSt. 7%,1.07,5.514019,0.385981,Normalverkauf
S1000141.43404,SP1000141.18.43404,SY1000141.2026.43404,iPad1(1000141),141,04.06.26 12:26,Prod,A1000141.6451,Tisch 5,118,S1000141.43404,SALE,2,5.5,11.0,0.0,0.0,0.0,0.0,111,Pommes Frites,Beilagen,,MwSt. 7%,1.07,10.280374,0.719626,Normalverkauf
S1000141.43405,SP1000141.18.43405,SY1000141.2026.43405,iPad1(1000141),141,04.06.26 12:26,Prod,A1000141.6451,Tisch 5,118,S1000141.43405,SALE,1,10.9,10.9,0.0,0.0,0.0,0.0,109,Bismarck-Baguette,Hauptgerichte,,MwSt. 7%,1.07,10.186916,0.713084,Normalverkauf
S1000141.43406,SP1000141.18.43406,SY1000141.2026.43406,iPad1(1000141),141,04.06.26 19:22,Prod,A1000141.6452,,118,S1000141.43406,SALE,1,6.9,6.9,0.0,0.0,0.0,0.0,103,Fischbrötchen Räucherlachs,Hauptspeisen,,MwSt. 7%,1.07,6.448598,0.451402,Normalverkauf
S1000141.43407,SP1000141.18.43407,SY1000141.2026.43407,iPad1(1000141),141,04.06.26 19:22,Prod,A1000141.6452,,118,S1000141.43407,SALE,1,3.9,3.9,0.0,0.0,0.0,0.0,124,Cola Zero,Getränke,,MwSt. 19%,1.19,3.277311,0.622689,Normalverkauf
S1000141.43408,SP1000141.18.43408,SY1000141.2026.43408,iPad1(1000141),141,04.06.26 19:22,Prod,A1000141.6452,,118,S1000141.43408,SALE,2,4.9,9.8,0.0,0.0,0.0,0.0,112,Kartoffelwedges,Beilagen,,MwSt. 7%,1.07,9.158879,0.641121,Normalverkauf
S1000141.43409,SP1000141.18.43409,SY1000141.2026.43409,iPad1(1000141),141,04.06.26 19:40,Prod,A1000141.6453,Tisch 22,104,S1000141.43409,SALE,1,11.5,11.5,0.0,0.0,0.0,0.0,105,Garnelen-Kimchi-Bruger,Hauptgerichte,,MwSt. 7%,1.07,10.747664,0.752336,Normalverkauf
S1000141.43410,SP1000141.18.43410,SY1000141.2026.43410,iPad1(1000141),141,04.06.26 19:40,Prod,A1000141.6453,Tisch 22,104,S1000141.43410,SALE,2,5.5,11.0,0.0,0.0,0.0,0.0,114,Fisch Nuggets Box,Beilagen,,MwSt. 7%,1.07,10.280374,0.719626,Normalverkauf
S1000141.43411,SP1000141.18.43411,SY1000141.2026.43411,iPad1(1000141),141,04.06.26 19:40,Prod,A1000141.6453,Tisch 22,104,S1000141.43411,SALE,2,6.5,13.0,0.0,0.0,0.0,0.0,118,Schokokuchen,Desserts,,MwSt. 7%,1.07,12.149533,0.850467,Normalverkauf
S1000141.43412,SP1000141.18.43412,SY1000141.2026.43412,iPad1(1000141),141,04.06.26 15:27,Prod,A1000141.6454,Tisch 24,104,S1000141.43412,VOID,1,3.9,3.9,0.0,0.0,0.0,0.0,126,Spezi,Getränke,,MwSt. 19%,1.19,3.277311,0.622689,Normalverkauf
S1000141.43413,SP1000141.18.43413,SY1000141.2026.43413,iPad1(1000141),141,04.06.26 15:27,Prod,A1000141.6454,Tisch 24,104,S1000141.43413,VOID,1,3.9,3.9,0.0,0.0,0.0,0.0,126,Spezi,Getränke,,MwSt. 19%,1.19,3.277311,0.622689,Normalverkauf
S1000141.43414,SP1000141.18.43414,SY1000141.2026.43414,iPad1(1000141),141,04.06.26 12:29,Prod,A1000141.6455,Tisch 18,104,S1000141.43414,SALE,1,14.5,14.5,0.0,0.0,0.0,0.0,101,Lachs,Hauptspeisen,,MwSt. 7%,1.07,13.551402,0.948598,Normalverkauf
S1000141.43415,SP1000141.18.43415,SY1000141.2026.43415,iPad1(1000141),141,04.06.26 12:29,Prod,A1000141.6455,Tisch 18,104,S1000141.43415,SALE,1,3.9,3.9,0.0,0.0,0.0,0.0,119,Cola,Getränke,,MwSt. 19%,1.19,3.277311,0.622689,Normalverkauf
S1000141.43416,SP1000141.18.43416,SY1000141.2026.43416,iPad1(1000141),141,04.06.26 18:06,Prod,A1000141.6456,Tisch 11,105,S1000141.43416,SALE,1,5.9,5.9,0.0,0.0,0.0,0.0,123,Inger-Limonade,Getränke,,MwSt. 19%,1.19,4.957983,0.942017,Normalverkauf
S1000141.43417,SP1000141.18.43417,SY1000141.2026.43417,iPad1(1000141),141,04.06.26 16:35,Prod,A1000141.6457,,114,S1000141.43417,SALE,2,7.9,15.8,0.0,0.0,0.0,0.0,106,Neptun-Ringe,Beilagen,,MwSt. 7%,1.07,14.766355,1.033645,Normalverkauf
S1000141.43418,SP1000141.18.43418,SY1000141.2026.43418,iPad1(1000141),141,04.06.26 16:35,Prod,A1000141.6457,,114,S1000141.43418,SALE,2,11.5,23.0,0.0,0.0,0.0,0.0,105,Garnelen-Kimchi-Bruger,Hauptgerichte,,MwSt. 7%,1.07,21.495327,1.504673,Normalverkauf
S1000141.43419,SP1000141.18.43419,SY1000141.2026.43419,iPad1(1000141),141,04.06.26 12:06,Prod,A1000141.6458,,104,S1000141.43419,VOID,1,10.9,10.9,0.0,0.0,0.0,0.0,107,Chicken Burger,Hauptgerichte,,MwSt. 7%,1.07,10.186916,0.713084,Normalverkauf
S1000141.43420,SP1000141.18.43420,SY1000141.2026.43420,iPad1(1000141),141,04.06.26 12:06,Prod,A1000141.6458,,104,S1000141.43420,VOID,1,10.9,10.9,0.0,0.0,0.0,0.0,109,Bismarck-Baguette,Hauptgerichte,,MwSt. 7%,1.07,10.186916,0.713084,Normalverkauf
S1000141.43421,SP1000141.18.43421,SY1000141.2026.43421,iPad1(1000141),141,04.06.26 10:48,Prod,A1000141.6459,Tisch 5,101,S1000141.43421,SALE,2,5.5,11.0,0.0,0.0,0.0,0.0,114,Fisch Nuggets Box,Beilagen,,MwSt. 7%,1.07,10.280374,0.719626,Normalverkauf
S1000141.43422,SP1000141.18.43422,SY1000141.2026.43422,iPad1(1000141),141,04.06.26 17:38,Prod,A1000141.6460,Tisch 6,104,S1000141.43422,SALE,2,10.9,21.8,0.0,0.0,0.0,0.0,109,Bismarck-Baguette,Hauptgerichte,,MwSt. 7%,1.07,20.373832,1.426168,Normalverkauf
S1000141.43423,SP1000141.18.43423,SY1000141.2026.43423,iPad1(1000141),141,04.06.26 17:38,Prod,A1000141.6460,Tisch 6,104,S1000141.43423,SALE,2,9.8,19.6,0.0,0.0,0.0,0.0,108,Seelachs-Ei-Baugette,Hauptgerichte,,MwSt. 7%,1.07,18.317757,1.282243,Normalverkauf
S1000141.43424,SP1000141.18.43424,SY1000141.2026.43424,iPad1(1000141),141,04.06.26 17:38,Prod,A1000141.6460,Tisch 6,104,S1000141.43424,SALE,1,5.9,5.9,0.0,0.0,0.0,0.0,116,Vanillequark,Desserts,,MwSt. 7%,1.07,5.514019,0.385981,Normalverkauf
S1000141.43425,SP1000141.18.43425,SY1000141.2026.43425,iPad1(1000141),141,04.06.26 20:29,Prod,A1000141.6461,Tisch 9,118,S1000141.43425,SALE,1,6.9,6.9,0.0,0.0,0.0,0.0,103,Fischbrötchen Räucherlachs,Hauptspeisen,,MwSt. 7%,1.07,6.448598,0.451402,Normalverkauf
S1000141.43426,SP1000141.18.43426,SY1000141.2026.43426,iPad1(1000141),141,04.06.26 20:29,Prod,A1000141.6461,Tisch 9,118,S1000141.43426,SALE,2,5.9,11.8,0.0,0.0,0.0,0.0,123,Inger-Limonade,Getränke,,MwSt. 19%,1.19,9.915966,1.884034,Normalverkauf
S1000141.43427,SP1000141.18.43427,SY1000141.2026.43427,iPad1(1000141),141,04.06.26 13:01,Prod,A1000141.6462,Tisch 10,101,S1000141.43427,SALE,2,5.9,11.8,0.0,0.0,0.0,0.0,125,Zitronen-Limonade,Getränke,,MwSt. 19%,1.19,9.915966,1.884034,Normalverkauf
S1000141.43428,SP1000141.18.43428,SY1000141.2026.43428,iPad1(1000141),141,04.06.26 12:32,Prod,A1000141.6463,Tisch 19,113,S1000141.43428,SALE,2,6.9,13.8,0.0,0.0,0.0,0.0,113,Garnelen Box,Beilagen,,MwSt. 7%,1.07,12.897196,0.902804,Normalverkauf
S1000141.43429,SP1000141.18.43429,SY1000141.2026.43429,iPad1(1000141),141,04.06.26 13:38,Prod,A1000141.6464,Tisch 19,104,S1000141.43429,SALE,2,6.9,13.8,0.0,0.0,0.0,0.0,103,Fischbrötchen Räucherlachs,Hauptspeisen,,MwSt. 7%,1.07,12.897196,0.902804,Normalverkauf
S1000141.43430,SP1000141.18.43430,SY1000141.2026.43430,iPad1(1000141),141,04.06.26 13:38,Prod,A1000141.6464,Tisch 19,104,S1000141.43430,SALE,1,5.9,5.9,0.0,0.0,0.0,0.0,123,Inger-Limonade,Getränke,,MwSt. 19%,1.19,4.957983,0.942017,Normalverkauf
S1000141.43431,SP1000141.18.43431,SY1000141.2026.43431,iPad1(1000141),141,04.06.26 19:13,Prod,A1000141.6465,Tisch 3,118,S1000141.43431,VOID,1,5.9,5.9,0.0,0.0,0.0,0.0,116,Vanillequark,Desserts,,MwSt. 7%,1.07,5.514019,0.385981,Normalverkauf
S1000141.43432,SP1000141.18.43432,SY1000141.2026.43432,iPad1(1000141),141,04.06.26 19:13,Prod,A1000141.6465,Tisch 3,118,S1000141.43432,VOID,2,5.9,11.8,0.0,0.0,0.0,0.0,125,Zitronen-Limonade,Getränke,,MwSt. 19%,1.19,9.915966,1.884034,Normalverkauf
S1000141.43433,SP1000141.18.43433,SY1000141.2026.43433,iPad1(1000141),141,04.06.26 09:55,Prod,A1000141.6466,Tisch 23,104,S1000141.43433,SALE,1,14.5,14.5,0.0,0.0,0.0,0.0,101,Lachs,Hauptspeisen,,MwSt. 7%,1.07,13.551402,0.948598,Normalverkauf
S1000141.43434,SP1000141.18.43434,SY1000141.2026.43434,iPad1(1000141),141,04.06.26 09:55,Prod,A1000141.6466,Tisch 23,104,S1000141.43434,SALE,2,2.8,5.6,0.0,0.0,0.0,0.0,121,Mineralwasser,Getränke,,MwSt. 19%,1.19,4.705882,0.894118,Normalverkauf
S1000141.43435,SP1000141.18.43435,SY1000141.2026.43435,iPad1(1000141),141,04.06.26 18:58,Prod,A1000141.6467,Tisch 9,118,S1000141.43435,SALE,1,5.9,5.9,0.0,0.0,0.0,0.0,116,Vanillequark,Desserts,,MwSt. 7%,1.07,5.514019,0.385981,Normalverkauf
S1000141.43436,SP1000141.18.43436,SY1000141.2026.43436,iPad1(1000141),141,04.06.26 12:38,Prod,A1000141.6468,Tisch 8,105,S1000141.43436,SALE,2,6.5,13.0,0.0,0.0,0.0,0.0,100,Fischbrötchen Backfisch,Hauptspeisen,,MwSt. 7%,1.07,12.149533,0.850467,Normalverkauf
S1000141.43437,SP1000141.18.43437,SY1000141.2026.43437,iPad1(1000141),141,04.06.26 14:02,Prod,A1000141.6469,Tisch 23,113,S1000141.43437,SALE,1,5.5,5.5,0.0,0.0,0.0,0.0,114,Fisch Nuggets Box,Beilagen,,MwSt. 7%,1.07,5.140187,0.359813,Normalverkauf
S1000141.43438,SP1000141.18.43438,SY1000141.2026.43438,iPad1(1000141),141,04.06.26 14:02,Prod,A1000141.6469,Tisch 23,113,S1000141.43438,SALE,2,6.9,13.8,0.0,0.0,0.0,0.0,103,Fischbrötchen Räucherlachs,Hauptspeisen,,MwSt. 7%,1.07,12.897196,0.902804,Normalverkauf
S1000141.43439,SP1000141.18.43439,SY1000141.2026.43439,iPad1(1000141),141,04.06.26 14:02,Prod,A1000141.6469,Tisch 23,113,S1000141.43439,SALE,2,3.9,7.8,0.0,0.0,0.0,0.0,124,Cola Zero,Getränke,,MwSt. 19%,1.19,6.554622,1.245378,Normalverkauf
S1000141.43440,SP1000141.18.43440,SY1000141.2026.43440,iPad1(1000141),141,04.06.26 11:51,Prod,A1000141.6470,,118,S1000141.43440,SALE,1,6.9,6.9,0.0,0.0,0.0,0.0,103,Fischbrötchen Räucherlachs,Hauptspeisen,,MwSt. 7%,1.07,6.448598,0.451402,Normalverkauf
S1000141.43441,SP1000141.18.43441,SY1000141.2026.43441,iPad1(1000141),141,04.06.26 11:51,Prod,A1000141.6470,,118,S1000141.43441,SALE,2,10.9,21.8,0.0,0.0,0.0,0.0,109,Bismarck-Baguette,Hauptgerichte,,MwSt. 7%,1.07,20.373832,1.426168,Normalverkauf
S1000141.43442,SP1000141.18.43442,SY1000141.2026.43442,iPad1(1000141),141,04.06.26 16:53,Prod,A1000141.6471,Tisch 12,118,S1000141.43442,SALE,2,10.9,21.8,0.0,0.0,0.0,0.0,104,Thunfisch Wrap,Hauptgerichte,,MwSt. 7%,1.07,20.373832,1.426168,Normalverkauf
S1000141.43443,SP1000141.18.43443,SY1000141.2026.43443,iPad1(1000141),141,04.06.26 16:39,Prod,A1000141.6472,Tisch 12,113,S1000141.43443,SALE,2,3.2,6.4,0.0,0.0,0.0,0.0,120,Apfelschorle,Getränke,,MwSt. 19%,1.19,5.378151,1.021849,Normalverkauf
S1000141.43444,SP1000141.18.43444,SY1000141.2026.43444,iPad1(1000141),141,04.06.26 16:39,Prod,A1000141.6472,Tisch 12,113,S1000141.43444,SALE,2,5.5,11.0,0.0,0.0,0.0,0.0,111,Pommes Frites,Beilagen,,MwSt. 7%,1.07,10.280374,0.719626,Normalverkauf
S1000141.43445,SP1000141.18.43445,SY1000141.2026.43445,iPad1(1000141),141,04.06.26 13:46,Prod,A1000141.6473,Tisch 4,118,S1000141.43445,SALE,1,10.9,10.9,0.0,0.0,0.0,0.0,107,Chicken Burger,Hauptgerichte,,MwSt. 7%,1.07,10.186916,0.713084,Normalverkauf
S1000141.43446,SP1000141.18.43446,SY1000141.2026.43446,iPad1(1000141),141,04.06.26 13:46,Prod,A1000141.6473,Tisch 4,118,S1000141.43446,SALE,1,6.5,6.5,0.0,0.0,0.0,0.0,100,Fischbrötchen Backfisch,Hauptspeisen,,MwSt. 7%,1.07,6.074766,0.425234,Normalverkauf
S1000141.43447,SP1000141.18.43447,SY1000141.2026.43447,iPad1(1000141),141,04.06.26 16:11,Prod,A1000141.6474,Tisch 16,101,S1000141.43447,SALE,1,10.9,10.9,0.0,0.0,0.0,0.0,107,Chicken Burger,Hauptgerichte,,MwSt. 7%,1.07,10.186916,0.713084,Normalverkauf
S1000141.43448,SP1000141.18.43448,SY1000141.2026.43448,iPad1(1000141),141,04.06.26 17:33,Prod,A1000141.6475,Tisch 6,105,S1000141.43448,SALE,2,3.9,7.8,0.0,0.0,0.0,0.0,119,Cola,Getränke,,MwSt. 19%,1.19,6.554622,1.245378,Normalverkauf
S1000141.43449,SP1000141.18.43449,SY1000141.2026.43449,iPad1(1000141),141,04.06.26 17:33,Prod,A1000141.6475,Tisch 6,105,S1000141.43449,SALE,1,5.5,5.5,0.0,0.0,0.0,0.0,114,Fisch Nuggets Box,Beilagen,,MwSt. 7%,1.07,5.140187,0.359813,Normalverkauf
S1000141.43450,SP1000141.18.43450,SY1000141.2026.43450,iPad1(1000141),141,04.06.26 18:55,Prod,A1000141.6476,Tisch 13,101,S1000141.43450,SALE,1,4.9,4.9,0.0,0.0,0.0,0.0,112,Kartoffelwedges,Beilagen,,MwSt. 7%,1.07,4.579439,0.320561,Normalverkauf
S1000141.43451,SP1000141.18.43451,SY1000141.2026.43451,iPad1(1000141),141,04.06.26 18:55,Prod,A1000141.6476,Tisch 13,101,S1000141.43451,SALE,1,7.9,7.9,0.0,0.0,0.0,0.0,115,Tiramisu,Desserts,,MwSt. 7%,1.07,7.383178,0.516822,Normalverkauf
S1000141.43452,SP1000141.18.43452,SY1000141.2026.43452,iPad1(1000141),141,04.06.26 18:55,Prod,A1000141.6476,Tisch 13,101,S1000141.43452,SALE,2,9.8,19.6,0.0,0.0,0.0,0.0,108,Seelachs-Ei-Baugette,Hauptgerichte,,MwSt. 7%,1.07,18.317757,1.282243,Normalverkauf
S1000141.43453,SP1000141.18.43453,SY1000141.2026.43453,iPad1(1000141),141,04.06.26 18:40,Prod,A1000141.6477,,113,S1000141.43453,SALE,1,3.9,3.9,0.0,0.0,0.0,0.0,127,Alkoholfreies Bier,Getränke,,MwSt. 19%,1.19,3.277311,0.622689,Normalverkauf
S1000141.43454,SP1000141.18.43454,SY1000141.2026.43454,iPad1(1000141),141,04.06.26 18:40,Prod,A1000141.6477,,113,S1000141.43454,SALE,1,5.9,5.9,0.0,0.0,0.0,0.0,123,Inger-Limonade,Getränke,,MwSt. 19%,1.19,4.957983,0.942017,Normalverkauf
S1000141.43455,SP1000141.18.43455,SY1000141.2026.43455,iPad1(1000141),141,04.06.26 15:12,Prod,A1000141.6478,Tisch 19,101,S1000141.43455,SALE,1,9.8,9.8,0.0,0.0,0.0,0.0,108,Seelachs-Ei-Baugette,Hauptgerichte,,MwSt. 7%,1.07,9.158879,0.641121,Normalverkauf
S1000141.43456,SP1000141.18.43456,SY1000141.2026.43456,iPad1(1000141),141,04.06.26 13:42,Prod,A1000141.6479,Tisch 23,104,S1000141.43456,SALE,1,6.5,6.5,0.0,0.0,0.0,0.0,100,Fischbrötchen Backfisch,Hauptspeisen,,MwSt. 7%,1.07,6.074766,0.425234,Normalverkauf
S1000141.43457,SP1000141.18.43457,SY1000141.2026.43457,iPad1(1000141),141,04.06.26 13:42,Prod,A1000141.6479,Tisch 23,104,S1000141.43457,SALE,1,7.9,7.9,0.0,0.0,0.0,0.0,106,Neptun-Ringe,Beilagen,,MwSt. 7%,1.07,7.383178,0.516822,Normalverkauf
S1000141.43458,SP1000141.18.43458,SY1000141.2026.43458,iPad1(1000141),141,04.06.26 12:55,Prod,A1000141.6480,Tisch 21,118,S1000141.43458,SALE,2,3.9,7.8,0.0,0.0,0.0,0.0,119,Cola,Getränke,,MwSt. 19%,1.19,6.554622,1.245378,Normalverkauf
S1000141.43459,SP1000141.18.43459,SY1000141.2026.43459,iPad1(1000141),141,04.06.26 12:55,Prod,A1000141.6480,Tisch 21,118,S1000141.43459,SALE,1,3.9,3.9,0.0,0.0,0.0,0.0,119,Cola,Getränke,,MwSt. 19%,1.19,3.277311,0.622689,Normalverkauf
S1000141.43460,SP1000141.18.43460,SY1000141.2026.43460,iPad1(1000141),141,04.06.26 12:55,Prod,A1000141.6480,Tisch 21,118,S1000141.43460,SALE,1,4.2,4.2,0.0,0.0,0.0,0.0,122,Bier,Getränke,,MwSt. 19%,1.19,3.529412,0.670588,Normalverkauf
S1000141.43461,SP1000141.18.43461,SY1000141.2026.43461,iPad1(1000141),141,04.06.26 16:48,Prod,A1000141.6481,Tisch 7,105,S1000141.43461,SALE,2,6.9,13.8,0.0,0.0,0.0,0.0,113,Garnelen Box,Beilagen,,MwSt. 7%,1.07,12.897196,0.902804,Normalverkauf
S1000141.43462,SP1000141.18.43462,SY1000141.2026.43462,iPad1(1000141),141,04.06.26 18:06,Prod,A1000141.6482,Tisch 23,101,S1000141.43462,SALE,2,11.5,23.0,0.0,0.0,0.0,0.0,105,Garnelen-Kimchi-Bruger,Hauptgerichte,,MwSt. 7%,1.07,21.495327,1.504673,Normalverkauf
S1000141.43463,SP1000141.18.43463,SY1000141.2026.43463,iPad1(1000141),141,04.06.26 11:51,Prod,A1000141.6483,Tisch 17,118,S1000141.43463,SALE,2,11.9,23.8,0.0,0.0,0.0,0.0,110,Matjes-Baguette,Hauptgerichte,,MwSt. 7%,1.07,22.242991,1.557009,Normalverkauf
S1000141.43464,SP1000141.18.43464,SY1000141.2026.43464,iPad1(1000141),141,05.06.26 11:30,Prod,A1000141.6484,Tisch 12,113,S1000141.43464,SALE,1,10.9,10.9,0.0,0.0,0.0,0.0,109,Bismarck-Baguette,Hauptgerichte,,MwSt. 7%,1.07,10.186916,0.713084,Normalverkauf
S1000141.43465,SP1000141.18.43465,SY1000141.2026.43465,iPad1(1000141),141,05.06.26 11:30,Prod,A1000141.6484,Tisch 12,113,S1000141.43465,SALE,2,2.8,5.6,0.0,0.0,0.0,0.0,121,Mineralwasser,Getränke,,MwSt. 19%,1.19,4.705882,0.894118,Normalverkauf
S1000141.43466,SP1000141.18.43466,SY1000141.2026.43466,iPad1(1000141),141,05.06.26 19:19,Prod,A1000141.6485,Tisch 5,105,S1000141.43466,SALE,1,4.9,4.9,0.0,0.0,0.0,0.0,112,Kartoffelwedges,Beilagen,,MwSt. 7%,1.07,4.579439,0.320561,Normalverkauf
S1000141.43467,SP1000141.18.43467,SY1000141.2026.43467,iPad1(1000141),141,05.06.26 10:56,Prod,A1000141.6486,Tisch 4,104,S1000141.43467,SALE,2,2.8,5.6,0.0,0.0,0.0,0.0,121,Mineralwasser,Getränke,,MwSt. 19%,1.19,4.705882,0.894118,Normalverkauf
S1000141.43468,SP1000141.18.43468,SY1000141.2026.43468,iPad1(1000141),141,05.06.26 10:56,Prod,A1000141.6486,Tisch 4,104,S1000141.43468,SALE,2,6.5,13.0,0.0,0.0,0.0,0.0,100,Fischbrötchen Backfisch,Hauptspeisen,,MwSt. 7%,1.07,12.149533,0.850467,Normalverkauf
S1000141.43469,SP1000141.18.43469,SY1000141.2026.43469,iPad1(1000141),141,05.06.26 13:31,Prod,A1000141.6487,Tisch 2,105,S1000141.43469,SALE,1,5.9,5.9,0.0,0.0,0.0,0.0,123,Inger-Limonade,Getränke,,MwSt. 19%,1.19,4.957983,0.942017,Normalverkauf
S1000141.43470,SP1000141.18.43470,SY1000141.2026.43470,iPad1(1000141),141,05.06.26 13:31,Prod,A1000141.6487,Tisch 2,105,S1000141.43470,SALE,1,3.9,3.9,0.0,0.0,0.0,0.0,127,Alkoholfreies Bier,Getränke,,MwSt. 19%,1.19,3.277311,0.622689,Normalverkauf
S1000141.43471,SP1000141.18.43471,SY1000141.2026.43471,iPad1(1000141),141,05.06.26 13:31,Prod,A1000141.6487,Tisch 2,105,S1000141.43471,SALE,1,4.2,4.2,0.0,0.0,0.0,0.0,122,Bier,Getränke,,MwSt. 19%,1.19,3.529412,0.670588,Normalverkauf
S1000141.43472,SP1000141.18.43472,SY1000141.2026.43472,iPad1(1000141),141,05.06.26 11:29,Prod,A1000141.6488,,113,S1000141.43472,VOID,2,11.9,23.8,0.0,0.0,0.0,0.0,110,Matjes-Baguette,Hauptgerichte,,MwSt. 7%,1.07,22.242991,1.557009,Normalverkauf
S1000141.43473,SP1000141.18.43473,SY1000141.2026.43473,iPad1(1000141),141,05.06.26 11:29,Prod,A1000141.6488,,113,S1000141.43473,VOID,2,7.9,15.8,0.0,0.0,0.0,0.0,115,Tiramisu,Desserts,,MwSt. 7%,1.07,14.766355,1.033645,Normalverkauf
S1000141.43474,SP1000141.18.43474,SY1000141.2026.43474,iPad1(1000141),141,05.06.26 20:24,Prod,A1000141.6489,,105,S1000141.43474,SALE,1,4.9,4.9,0.0,0.0,0.0,0.0,112,Kartoffelwedges,Beilagen,,MwSt. 7%,1.07,4.579439,0.320561,Normalverkauf
S1000141.43475,SP1000141.18.43475,SY1000141.2026.43475,iPad1(1000141),141,05.06.26 12:12,Prod,A1000141.6490,Tisch 17,104,S1000141.43475,SALE,1,6.5,6.5,0.0,0.0,0.0,0.0,100,Fischbrötchen Backfisch,Hauptspeisen,,MwSt. 7%,1.07,6.074766,0.425234,Normalverkauf
S1000141.43476,SP1000141.18.43476,SY1000141.2026.43476,iPad1(1000141),141,05.06.26 12:12,Prod,A1000141.6490,Tisch 17,104,S1000141.43476,SALE,2,3.2,6.4,0.0,0.0,0.0,0.0,120,Apfelschorle,Getränke,,MwSt. 19%,1.19,5.378151,1.021849,Normalverkauf
S1000141.43477,SP1000141.18.43477,SY1000141.2026.43477,iPad1(1000141),141,05.06.26 13:44,Prod,A1000141.6491,Tisch 17,113,S1000141.43477,SALE,2,9.8,19.6,0.0,0.0,0.0,0.0,108,Seelachs-Ei-Baugette,Hauptgerichte,,MwSt. 7%,1.07,18.317757,1.282243,Normalverkauf
S1000141.43478,SP1000141.18.43478,SY1000141.2026.43478,iPad1(1000141),141,05.06.26 13:44,Prod,A1000141.6491,Tisch 17,113,S1000141.43478,SALE,1,9.8,9.8,0.0,0.0,0.0,0.0,108,Seelachs-Ei-Baugette,Hauptgerichte,,MwSt. 7%,1.07,9.158879,0.641121,Normalverkauf
S1000141.43479,SP1000141.18.43479,SY1000141.2026.43479,iPad1(1000141),141,05.06.26 13:44,Prod,A1000141.6491,Tisch 17,113,S1000141.43479,SALE,2,2.8,5.6,0.0,0.0,0.0,0.0,121,Mineralwasser,Getränke,,MwSt. 19%,1.19,4.705882,0.894118,Normalverkauf
S1000141.43480,SP1000141.18.43480,SY1000141.2026.43480,iPad1(1000141),141,05.06.26 16:41,Prod,A1000141.6492,,113,S1000141.43480,VOID,1,11.5,11.5,0.0,0.0,0.0,0.0,105,Garnelen-Kimchi-Bruger,Hauptgerichte,,MwSt. 7%,1.07,10.747664,0.752336,Normalverkauf
S1000141.43481,SP1000141.18.43481,SY1000141.2026.43481,iPad1(1000141),141,05.06.26 16:41,Prod,A1000141.6492,,113,S1000141.43481,VOID,1,3.9,3.9,0.0,0.0,0.0,0.0,119,Cola,Getränke,,MwSt. 19%,1.19,3.277311,0.622689,Normalverkauf
S1000141.43482,SP1000141.18.43482,SY1000141.2026.43482,iPad1(1000141),141,05.06.26 20:33,Prod,A1000141.6493,Tisch 8,101,S1000141.43482,SALE,1,3.9,3.9,0.0,0.0,0.0,0.0,119,Cola,Getränke,,MwSt. 19%,1.19,3.277311,0.622689,Normalverkauf
S1000141.43483,SP1000141.18.43483,SY1000141.2026.43483,iPad1(1000141),141,05.06.26 20:33,Prod,A1000141.6493,Tisch 8,101,S1000141.43483,SALE,2,6.9,13.8,0.0,0.0,0.0,0.0,113,Garnelen Box,Beilagen,,MwSt. 7%,1.07,12.897196,0.902804,Normalverkauf
S1000141.43484,SP1000141.18.43484,SY1000141.2026.43484,iPad1(1000141),141,05.06.26 12:03,Prod,A1000141.6494,Tisch 6,118,S1000141.43484,SALE,2,10.9,21.8,0.0,0.0,0.0,0.0,104,Thunfisch Wrap,Hauptgerichte,,MwSt. 7%,1.07,20.373832,1.426168,Normalverkauf
S1000141.43485,SP1000141.18.43485,SY1000141.2026.43485,iPad1(1000141),141,05.06.26 12:03,Prod,A1000141.6494,Tisch 6,118,S1000141.43485,SALE,2,6.9,13.8,0.0,0.0,0.0,0.0,103,Fischbrötchen Räucherlachs,Hauptspeisen,,MwSt. 7%,1.07,12.897196,0.902804,Normalverkauf
S1000141.43486,SP1000141.18.43486,SY1000141.2026.43486,iPad1(1000141),141,05.06.26 20:15,Prod,A1000141.6495,Tisch 3,114,S1000141.43486,SALE,2,6.5,13.0,0.0,0.0,0.0,0.0,118,Schokokuchen,Desserts,,MwSt. 7%,1.07,12.149533,0.850467,Normalverkauf
S1000141.43487,SP1000141.18.43487,SY1000141.2026.43487,iPad1(1000141),141,05.06.26 20:15,Prod,A1000141.6495,Tisch 3,114,S1000141.43487,SALE,1,4.9,4.9,0.0,0.0,0.0,0.0,112,Kartoffelwedges,Beilagen,,MwSt. 7%,1.07,4.579439,0.320561,Normalverkauf
S1000141.43488,SP1000141.18.43488,SY1000141.2026.43488,iPad1(1000141),141,05.06.26 20:15,Prod,A1000141.6495,Tisch 3,114,S1000141.43488,SALE,1,4.2,4.2,0.0,0.0,0.0,0.0,122,Bier,Getränke,,MwSt. 19%,1.19,3.529412,0.670588,Normalverkauf
S1000141.43489,SP1000141.18.43489,SY1000141.2026.43489,iPad1(1000141),141,05.06.26 16:41,Prod,A1000141.6496,Tisch 15,104,S1000141.43489,SALE,2,5.9,11.8,0.0,0.0,0.0,0.0,116,Vanillequark,Desserts,,MwSt. 7%,1.07,11.028037,0.771963,Normalverkauf
S1000141.43490,SP1000141.18.43490,SY1000141.2026.43490,iPad1(1000141),141,05.06.26 16:41,Prod,A1000141.6496,Tisch 15,104,S1000141.43490,SALE,2,3.9,7.8,0.0,0.0,0.0,0.0,119,Cola,Getränke,,MwSt. 19%,1.19,6.554622,1.245378,Normalverkauf
S1000141.43491,SP1000141.18.43491,SY1000141.2026.43491,iPad1(1000141),141,05.06.26 20:05,Prod,A1000141.6497,Tisch 10,101,S1000141.43491,SALE,1,3.9,3.9,0.0,0.0,0.0,0.0,124,Cola Zero,Getränke,,MwSt. 19%,1.19,3.277311,0.622689,Normalverkauf
S1000141.43492,SP1000141.18.43492,SY1000141.2026.43492,iPad1(1000141),141,05.06.26 20:05,Prod,A1000141.6497,Tisch 10,101,S1000141.43492,SALE,2,2.8,5.6,0.0,0.0,0.0,0.0,121,Mineralwasser,Getränke,,MwSt. 19%,1.19,4.705882,0.894118,Normalverkauf
S1000141.43493,SP1000141.18.43493,SY1000141.2026.43493,iPad1(1000141),141,05.06.26 20:05,Prod,A1000141.6497,Tisch 10,101,S1000141.43493,SALE,2,2.8,5.6,0.0,0.0,0.0,0.0,121,Mineralwasser,Getränke,,MwSt. 19%,1.19,4.705882,0.894118,Normalverkauf
S1000141.43494,SP1000141.18.43494,SY1000141.2026.43494,iPad1(1000141),141,05.06.26 12:49,Prod,A1000141.6498,Tisch 21,104,S1000141.43494,VOID,2,3.9,7.8,0.0,0.0,0.0,0.0,124,Cola Zero,Getränke,,MwSt. 19%,1.19,6.554622,1.245378,Normalverkauf
S1000141.43495,SP1000141.18.43495,SY1000141.2026.43495,iPad1(1000141),141,05.06.26 16:07,Prod,A1000141.6499,Tisch 8,118,S1000141.43495,SALE,2,7.9,15.8,0.0,0.0,0.0,0.0,115,Tiramisu,Desserts,,MwSt. 7%,1.07,14.766355,1.033645,Normalverkauf
S1000141.43496,SP1000141.18.43496,SY1000141.2026.43496,iPad1(1000141),141,05.06.26 17:36,Prod,A1000141.6500,Tisch 19,114,S1000141.43496,SALE,2,10.9,21.8,0.0,0.0,0.0,0.0,104,Thunfisch Wrap,Hauptgerichte,,MwSt. 7%,1.07,20.373832,1.426168,Normalverkauf
S1000141.43497,SP1000141.18.43497,SY1000141.2026.43497,iPad1(1000141),141,05.06.26 17:36,Prod,A1000141.6500,Tisch 19,114,S1000141.43497,SALE,2,10.9,21.8,0.0,0.0,0.0,0.0,107,Chicken Burger,Hauptgerichte,,MwSt. 7%,1.07,20.373832,1.426168,Normalverkauf
S1000141.43498,SP1000141.18.43498,SY1000141.2026.43498,iPad1(1000141),141,05.06.26 13:54,Prod,A1000141.6501,Tisch 20,105,S1000141.43498,SALE,2,3.9,7.8,0.0,0.0,0.0,0.0,119,Cola,Getränke,,MwSt. 19%,1.19,6.554622,1.245378,Normalverkauf
S1000141.43499,SP1000141.18.43499,SY1000141.2026.43499,iPad1(1000141),141,05.06.26 15:09,Prod,A1000141.6502,Tisch 22,101,S1000141.43499,SALE,2,2.8,5.6,0.0,0.0,0.0,0.0,121,Mineralwasser,Getränke,,MwSt. 19%,1.19,4.705882,0.894118,Normalverkauf
S1000141.43500,SP1000141.18.43500,SY1000141.2026.43500,iPad1(1000141),141,05.06.26 13:10,Prod,A1000141.6503,Tisch 1,114,S1000141.43500,SALE,1,7.9,7.9,0.0,0.0,0.0,0.0,106,Neptun-Ringe,Beilagen,,MwSt. 7%,1.07,7.383178,0.516822,Normalverkauf
S1000141.43501,SP1000141.18.43501,SY1000141.2026.43501,iPad1(1000141),141,05.06.26 13:10,Prod,A1000141.6503,Tisch 1,114,S1000141.43501,SALE,1,5.5,5.5,0.0,0.0,0.0,0.0,111,Pommes Frites,Beilagen,,MwSt. 7%,1.07,5.140187,0.359813,Normalverkauf
S1000141.43502,SP1000141.18.43502,SY1000141.2026.43502,iPad1(1000141),141,05.06.26 13:10,Prod,A1000141.6503,Tisch 1,114,S1000141.43502,SALE,1,3.9,3.9,0.0,0.0,0.0,0.0,124,Cola Zero,Getränke,,MwSt. 19%,1.19,3.277311,0.622689,Normalverkauf
S1000141.43503,SP1000141.18.43503,SY1000141.2026.43503,iPad1(1000141),141,05.06.26 08:27,Prod,A1000141.6504,Tisch 8,118,S1000141.43503,SALE,2,3.2,6.4,0.0,0.0,0.0,0.0,120,Apfelschorle,Getränke,,MwSt. 19%,1.19,5.378151,1.021849,Normalverkauf
S1000141.43504,SP1000141.18.43504,SY1000141.2026.43504,iPad1(1000141),141,05.06.26 08:27,Prod,A1000141.6504,Tisch 8,118,S1000141.43504,SALE,1,4.2,4.2,0.0,0.0,0.0,0.0,122,Bier,Getränke,,MwSt. 19%,1.19,3.529412,0.670588,Normalverkauf
S1000141.43505,SP1000141.18.43505,SY1000141.2026.43505,iPad1(1000141),141,05.06.26 08:27,Prod,A1000141.6504,Tisch 8,118,S1000141.43505,SALE,2,6.9,13.8,0.0,0.0,0.0,0.0,103,Fischbrötchen Räucherlachs,Hauptspeisen,,MwSt. 7%,1.07,12.897196,0.902804,Normalverkauf
S1000141.43506,SP1000141.18.43506,SY1000141.2026.43506,iPad1(1000141),141,05.06.26 17:32,Prod,A1000141.6505,Tisch 6,104,S1000141.43506,SALE,1,4.2,4.2,0.0,0.0,0.0,0.0,122,Bier,Getränke,,MwSt. 19%,1.19,3.529412,0.670588,Normalverkauf
S1000141.43507,SP1000141.18.43507,SY1000141.2026.43507,iPad1(1000141),141,05.06.26 18:42,Prod,A1000141.6506,Tisch 19,105,S1000141.43507,SALE,1,13.5,13.5,0.0,0.0,0.0,0.0,102,Matjes,Hauptspeisen,,MwSt. 7%,1.07,12.616822,0.883178,Normalverkauf
S1000141.43508,SP1000141.18.43508,SY1000141.2026.43508,iPad1(1000141),141,05.06.26 18:42,Prod,A1000141.6506,Tisch 19,105,S1000141.43508,SALE,2,3.9,7.8,0.0,0.0,0.0,0.0,119,Cola,Getränke,,MwSt. 19%,1.19,6.554622,1.245378,Normalverkauf
S1000141.43509,SP1000141.18.43509,SY1000141.2026.43509,iPad1(1000141),141,05.06.26 18:42,Prod,A1000141.6506,Tisch 19,105,S1000141.43509,SALE,1,5.5,5.5,0.0,0.0,0.0,0.0,111,Pommes Frites,Beilagen,,MwSt. 7%,1.07,5.140187,0.359813,Normalverkauf
S1000141.43510,SP1000141.18.43510,SY1000141.2026.43510,iPad1(1000141),141,05.06.26 11:14,Prod,A1000141.6507,,104,S1000141.43510,SALE,1,3.9,3.9,0.0,0.0,0.0,0.0,126,Spezi,Getränke,,MwSt. 19%,1.19,3.277311,0.622689,Normalverkauf
S1000141.43511,SP1000141.18.43511,SY1000141.2026.43511,iPad1(1000141),141,05.06.26 11:14,Prod,A1000141.6507,,104,S1000141.43511,SALE,2,6.5,13.0,0.0,0.0,0.0,0.0,100,Fischbrötchen Backfisch,Hauptspeisen,,MwSt. 7%,1.07,12.149533,0.850467,Normalverkauf
S1000141.43512,SP1000141.18.43512,SY1000141.2026.43512,iPad1(1000141),141,05.06.26 20:12,Prod,A1000141.6508,Tisch 7,118,S1000141.43512,SALE,1,7.9,7.9,0.0,0.0,0.0,0.0,115,Tiramisu,Desserts,,MwSt. 7%,1.07,7.383178,0.516822,Normalverkauf
S1000141.43513,SP1000141.18.43513,SY1000141.2026.43513,iPad1(1000141),141,05.06.26 12:24,Prod,A1000141.6509,,105,S1000141.43513,SALE,2,10.9,21.8,0.0,0.0,0.0,0.0,109,Bismarck-Baguette,Hauptgerichte,,MwSt. 7%,1.07,20.373832,1.426168,Normalverkauf
S1000141.43514,SP1000141.18.43514,SY1000141.2026.43514,iPad1(1000141),141,05.06.26 11:42,Prod,A1000141.6510,Tisch 20,114,S1000141.43514,SALE,1,10.9,10.9,0.0,0.0,0.0,0.0,109,Bismarck-Baguette,Hauptgerichte,,MwSt. 7%,1.07,10.186916,0.713084,Normalverkauf
S1000141.43515,SP1000141.18.43515,SY1000141.2026.43515,iPad1(1000141),141,05.06.26 08:48,Prod,A1000141.6511,Tisch 4,104,S1000141.43515,SALE,2,6.9,13.8,0.0,0.0,0.0,0.0,113,Garnelen Box,Beilagen,,MwSt. 7%,1.07,12.897196,0.902804,Normalverkauf
S1000141.43516,SP1000141.18.43516,SY1000141.2026.43516,iPad1(1000141),141,05.06.26 08:48,Prod,A1000141.6511,Tisch 4,104,S1000141.43516,SALE,2,14.5,29.0,0.0,0.0,0.0,0.0,101,Lachs,Hauptspeisen,,MwSt. 7%,1.07,27.102804,1.897196,Normalverkauf
S1000141.43517,SP1000141.18.43517,SY1000141.2026.43517,iPad1(1000141),141,05.06.26 08:48,Prod,A1000141.6511,Tisch 4,104,S1000141.43517,SALE,2,4.2,8.4,0.0,0.0,0.0,0.0,122,Bier,Getränke,,MwSt. 19%,1.19,7.058824,1.341176,Normalverkauf
S1000141.43518,SP1000141.18.43518,SY1000141.2026.43518,iPad1(1000141),141,05.06.26 09:12,Prod,A1000141.6512,Tisch 15,114,S1000141.43518,SALE,1,7.9,7.9,0.0,0.0,0.0,0.0,115,Tiramisu,Desserts,,MwSt. 7%,1.07,7.383178,0.516822,Normalverkauf
S1000141.43519,SP1000141.18.43519,SY1000141.2026.43519,iPad1(1000141),141,05.06.26 09:12,Prod,A1000141.6512,Tisch 15,114,S1000141.43519,SALE,1,3.9,3.9,0.0,0.0,0.0,0.0,124,Cola Zero,Getränke,,MwSt. 19%,1.19,3.277311,0.622689,Normalverkauf
S1000141.43520,SP1000141.18.43520,SY1000141.2026.43520,iPad1(1000141),141,05.06.26 16:25,Prod,A1000141.6513,Tisch 5,105,S1000141.43520,VOID,2,11.9,23.8,0.0,0.0,0.0,0.0,110,Matjes-Baguette,Hauptgerichte,,MwSt. 7%,1.07,22.242991,1.557009,Normalverkauf
S1000141.43521,SP1000141.18.43521,SY1000141.2026.43521,iPad1(1000141),141,05.06.26 16:25,Prod,A1000141.6513,Tisch 5,105,S1000141.43521,VOID,1,14.5,14.5,0.0,0.0,0.0,0.0,101,Lachs,Hauptspeisen,,MwSt. 7%,1.07,13.551402,0.948598,Normalverkauf
S1000141.43522,SP1000141.18.43522,SY1000141.2026.43522,iPad1(1000141),141,05.06.26 16:25,Prod,A1000141.6513,Tisch 5,105,S1000141.43522,VOID,2,2.8,5.6,0.0,0.0,0.0,0.0,121,Mineralwasser,Getränke,,MwSt. 19%,1.19,4.705882,0.894118,Normalverkauf
S1000141.43523,SP1000141.18.43523,SY1000141.2026.43523,iPad1(1000141),141,05.06.26 17:34,Prod,A1000141.6514,Tisch 11,104,S1000141.43523,VOID,2,6.9,13.8,0.0,0.0,0.0,0.0,103,Fischbrötchen Räucherlachs,Hauptspeisen,,MwSt. 7%,1.07,12.897196,0.902804,Normalverkauf
S1000141.43524,SP1000141.18.43524,SY1000141.2026.43524,iPad1(1000141),141,05.06.26 17:34,Prod,A1000141.6514,Tisch 11,104,S1000141.43524,VOID,2,3.9,7.8,0.0,0.0,0.0,0.0,126,Spezi,Getränke,,MwSt. 19%,1.19,6.554622,1.245378,Normalverkauf
S1000141.43525,SP1000141.18.43525,SY1000141.2026.43525,iPad1(1000141),141,05.06.26 17:01,Prod,A1000141.6515,Tisch 8,104,S1000141.43525,SALE,1,6.9,6.9,0.0,0.0,0.0,0.0,103,Fischbrötchen Räucherlachs,Hauptspeisen,,MwSt. 7%,1.07,6.448598,0.451402,Normalverkauf
S1000141.43526,SP1000141.18.43526,SY1000141.2026.43526,iPad1(1000141),141,05.06.26 12:22,Prod,A1000141.6516,Tisch 7,113,S1000141.43526,SALE,2,3.9,7.8,0.0,0.0,0.0,0.0,119,Cola,Getränke,,MwSt. 19%,1.19,6.554622,1.245378,Normalverkauf
S1000141.43527,SP1000141.18.43527,SY1000141.2026.43527,iPad1(1000141),141,05.06.26 12:14,Prod,A1000141.6517,Tisch 24,105,S1000141.43527,SALE,1,5.5,5.5,0.0,0.0,0.0,0.0,111,Pommes Frites,Beilagen,,MwSt. 7%,1.07,5.140187,0.359813,Normalverkauf
S1000141.43528,SP1000141.18.43528,SY1000141.2026.43528,iPad1(1000141),141,05.06.26 12:14,Prod,A1000141.6517,Tisch 24,105,S1000141.43528,SALE,1,5.9,5.9,0.0,0.0,0.0,0.0,117,Rote Grütze,Desserts,,MwSt. 7%,1.07,5.514019,0.385981,Normalverkauf
S1000141.43529,SP1000141.18.43529,SY1000141.2026.43529,iPad1(1000141),141,05.06.26 12:14,Prod,A1000141.6517,Tisch 24,105,S1000141.43529,SALE,1,2.8,2.8,0.0,0.0,0.0,0.0,121,Mineralwasser,Getränke,,MwSt. 19%,1.19,2.352941,0.447059,Normalverkauf
S1000141.43530,SP1000141.18.43530,SY1000141.2026.43530,iPad1(1000141),141,05.06.26 17:15,Prod,A1000141.6518,Tisch 18,113,S1000141.43530,SALE,1,3.9,3.9,0.0,0.0,0.0,0.0,126,Spezi,Getränke,,MwSt. 19%,1.19,3.277311,0.622689,Normalverkauf
S1000141.43531,SP1000141.18.43531,SY1000141.2026.43531,iPad1(1000141),141,05.06.26 17:05,Prod,A1000141.6519,Tisch 24,114,S1000141.43531,SALE,1,3.9,3.9,0.0,0.0,0.0,0.0,126,Spezi,Getränke,,MwSt. 19%,1.19,3.277311,0.622689,Normalverkauf
S1000141.43532,SP1000141.18.43532,SY1000141.2026.43532,iPad1(1000141),141,05.06.26 17:05,Prod,A1000141.6519,Tisch 24,114,S1000141.43532,SALE,1,5.5,5.5,0.0,0.0,0.0,0.0,114,Fisch Nuggets Box,Beilagen,,MwSt. 7%,1.07,5.140187,0.359813,Normalverkauf
S1000141.43533,SP1000141.18.43533,SY1000141.2026.43533,iPad1(1000141),141,05.06.26 17:05,Prod,A1000141.6519,Tisch 24,114,S1000141.43533,SALE,1,3.9,3.9,0.0,0.0,0.0,0.0,124,Cola Zero,Getränke,,MwSt. 19%,1.19,3.277311,0.622689,Normalverkauf
S1000141.43534,SP1000141.18.43534,SY1000141.2026.43534,iPad1(1000141),141,05.06.26 13:44,Prod,A1000141.6520,Tisch 12,105,S1000141.43534,SALE,2,6.9,13.8,0.0,0.0,0.0,0.0,103,Fischbrötchen Räucherlachs,Hauptspeisen,,MwSt. 7%,1.07,12.897196,0.902804,Normalverkauf
S1000141.43535,SP1000141.18.43535,SY1000141.2026.43535,iPad1(1000141),141,05.06.26 16:04,Prod,A1000141.6521,Tisch 17,101,S1000141.43535,SALE,2,3.9,7.8,0.0,0.0,0.0,0.0,126,Spezi,Getränke,,MwSt. 19%,1.19,6.554622,1.245378,Normalverkauf
S1000141.43536,SP1000141.18.43536,SY1000141.2026.43536,iPad1(1000141),141,05.06.26 16:04,Prod,A1000141.6521,Tisch 17,101,S1000141.43536,SALE,2,11.9,23.8,0.0,0.0,0.0,0.0,110,Matjes-Baguette,Hauptgerichte,,MwSt. 7%,1.07,22.242991,1.557009,Normalverkauf
S1000141.43537,SP1000141.18.43537,SY1000141.2026.43537,iPad1(1000141),141,05.06.26 16:04,Prod,A1000141.6521,Tisch 17,101,S1000141.43537,SALE,2,10.9,21.8,0.0,0.0,0.0,0.0,109,Bismarck-Baguette,Hauptgerichte,,MwSt. 7%,1.07,20.373832,1.426168,Normalverkauf
S1000141.43538,SP1000141.18.43538,SY1000141.2026.43538,iPad1(1000141),141,05.06.26 11:48,Prod,A1000141.6522,Tisch 19,118,S1000141.43538,SALE,2,3.9,7.8,0.0,0.0,0.0,0.0,119,Cola,Getränke,,MwSt. 19%,1.19,6.554622,1.245378,Normalverkauf
S1000141.43539,SP1000141.18.43539,SY1000141.2026.43539,iPad1(1000141),141,05.06.26 11:48,Prod,A1000141.6522,Tisch 19,118,S1000141.43539,SALE,1,3.9,3.9,0.0,0.0,0.0,0.0,119,Cola,Getränke,,MwSt. 19%,1.19,3.277311,0.622689,Normalverkauf
S1000141.43540,SP1000141.18.43540,SY1000141.2026.43540,iPad1(1000141),141,05.06.26 12:38,Prod,A1000141.6523,Tisch 15,105,S1000141.43540,SALE,2,10.9,21.8,0.0,0.0,0.0,0.0,104,Thunfisch Wrap,Hauptgerichte,,MwSt. 7%,1.07,20.373832,1.426168,Normalverkauf
S1000141.43541,SP1000141.18.43541,SY1000141.2026.43541,iPad1(1000141),141,05.06.26 12:38,Prod,A1000141.6523,Tisch 15,105,S1000141.43541,SALE,2,3.9,7.8,0.0,0.0,0.0,0.0,119,Cola,Getränke,,MwSt. 19%,1.19,6.554622,1.245378,Normalverkauf
S1000141.43542,SP1000141.18.43542,SY1000141.2026.43542,iPad1(1000141),141,05.06.26 11:24,Prod,A1000141.6524,Tisch 11,104,S1000141.43542,SALE,2,3.9,7.8,0.0,0.0,0.0,0.0,119,Cola,Getränke,,MwSt. 19%,1.19,6.554622,1.245378,Normalverkauf
S1000141.43543,SP1000141.18.43543,SY1000141.2026.43543,iPad1(1000141),141,05.06.26 11:24,Prod,A1000141.6524,Tisch 11,104,S1000141.43543,SALE,1,5.5,5.5,0.0,0.0,0.0,0.0,111,Pommes Frites,Beilagen,,MwSt. 7%,1.07,5.140187,0.359813,Normalverkauf
S1000141.43544,SP1000141.18.43544,SY1000141.2026.43544,iPad1(1000141),141,05.06.26 11:24,Prod,A1000141.6524,Tisch 11,104,S1000141.43544,SALE,2,6.9,13.8,0.0,0.0,0.0,0.0,103,Fischbrötchen Räucherlachs,Hauptspeisen,,MwSt. 7%,1.07,12.897196,0.902804,Normalverkauf
S1000141.43545,SP1000141.18.43545,SY1000141.2026.43545,iPad1(1000141),141,05.06.26 19:14,Prod,A1000141.6525,Tisch 15,105,S1000141.43545,SALE,2,5.9,11.8,0.0,0.0,0.0,0.0,116,Vanillequark,Desserts,,MwSt. 7%,1.07,11.028037,0.771963,Normalverkauf
S1000141.43546,SP1000141.18.43546,SY1000141.2026.43546,iPad1(1000141),141,05.06.26 12:30,Prod,A1000141.6526,Tisch 8,113,S1000141.43546,SALE,2,2.8,5.6,0.0,0.0,0.0,0.0,121,Mineralwasser,Getränke,,MwSt. 19%,1.19,4.705882,0.894118,Normalverkauf
S1000141.43547,SP1000141.18.43547,SY1000141.2026.43547,iPad1(1000141),141,05.06.26 12:30,Prod,A1000141.6526,Tisch 8,113,S1000141.43547,SALE,2,10.9,21.8,0.0,0.0,0.0,0.0,104,Thunfisch Wrap,Hauptgerichte,,MwSt. 7%,1.07,20.373832,1.426168,Normalverkauf
S1000141.43548,SP1000141.18.43548,SY1000141.2026.43548,iPad1(1000141),141,05.06.26 12:14,Prod,A1000141.6527,,101,S1000141.43548,SALE,1,5.9,5.9,0.0,0.0,0.0,0.0,125,Zitronen-Limonade,Getränke,,MwSt. 19%,1.19,4.957983,0.942017,Normalverkauf
S1000141.43549,SP1000141.18.43549,SY1000141.2026.43549,iPad1(1000141),141,05.06.26 12:14,Prod,A1000141.6527,,101,S1000141.43549,SALE,2,3.9,7.8,0.0,0.0,0.0,0.0,119,Cola,Getränke,,MwSt. 19%,1.19,6.554622,1.245378,Normalverkauf
S1000141.43550,SP1000141.18.43550,SY1000141.2026.43550,iPad1(1000141),141,05.06.26 12:14,Prod,A1000141.6527,,101,S1000141.43550,SALE,1,9.8,9.8,0.0,0.0,0.0,0.0,108,Seelachs-Ei-Baugette,Hauptgerichte,,MwSt. 7%,1.07,9.158879,0.641121,Normalverkauf
S1000141.43551,SP1000141.18.43551,SY1000141.2026.43551,iPad1(1000141),141,05.06.26 19:13,Prod,A1000141.6528,Tisch 19,105,S1000141.43551,SALE,2,7.9,15.8,0.0,0.0,0.0,0.0,106,Neptun-Ringe,Beilagen,,MwSt. 7%,1.07,14.766355,1.033645,Normalverkauf
S1000141.43552,SP1000141.18.43552,SY1000141.2026.43552,iPad1(1000141),141,05.06.26 19:13,Prod,A1000141.6528,Tisch 19,105,S1000141.43552,SALE,2,3.9,7.8,0.0,0.0,0.0,0.0,119,Cola,Getränke,,MwSt. 19%,1.19,6.554622,1.245378,Normalverkauf
S1000141.43553,SP1000141.18.43553,SY1000141.2026.43553,iPad1(1000141),141,05.06.26 10:16,Prod,A1000141.6529,Tisch 8,104,S1000141.43553,SALE,1,5.9,5.9,0.0,0.0,0.0,0.0,116,Vanillequark,Desserts,,MwSt. 7%,1.07,5.514019,0.385981,Normalverkauf
S1000141.43554,SP1000141.18.43554,SY1000141.2026.43554,iPad1(1000141),141,05.06.26 11:11,Prod,A1000141.6530,Tisch 4,113,S1000141.43554,SALE,2,6.5,13.0,0.0,0.0,0.0,0.0,100,Fischbrötchen Backfisch,Hauptspeisen,,MwSt. 7%,1.07,12.149533,0.850467,Normalverkauf
S1000141.43555,SP1000141.18.43555,SY1000141.2026.43555,iPad1(1000141),141,05.06.26 11:16,Prod,A1000141.6531,Tisch 3,105,S1000141.43555,SALE,2,6.9,13.8,0.0,0.0,0.0,0.0,103,Fischbrötchen Räucherlachs,Hauptspeisen,,MwSt. 7%,1.07,12.897196,0.902804,Normalverkauf
S1000141.43556,SP1000141.18.43556,SY1000141.2026.43556,iPad1(1000141),141,05.06.26 11:16,Prod,A1000141.6531,Tisch 3,105,S1000141.43556,SALE,1,4.2,4.2,0.0,0.0,0.0,0.0,122,Bier,Getränke,,MwSt. 19%,1.19,3.529412,0.670588,Normalverkauf
S1000141.43557,SP1000141.18.43557,SY1000141.2026.43557,iPad1(1000141),141,05.06.26 11:16,Prod,A1000141.6531,Tisch 3,105,S1000141.43557,SALE,1,3.9,3.9,0.0,0.0,0.0,0.0,126,Spezi,Getränke,,MwSt. 19%,1.19,3.277311,0.622689,Normalverkauf
S1000141.43558,SP1000141.18.43558,SY1000141.2026.43558,iPad1(1000141),141,05.06.26 20:45,Prod,A1000141.6532,Tisch 8,105,S1000141.43558,SALE,2,6.5,13.0,0.0,0.0,0.0,0.0,118,Schokokuchen,Desserts,,MwSt. 7%,1.07,12.149533,0.850467,Normalverkauf
S1000141.43559,SP1000141.18.43559,SY1000141.2026.43559,iPad1(1000141),141,05.06.26 20:45,Prod,A1000141.6532,Tisch 8,105,S1000141.43559,SALE,2,7.9,15.8,0.0,0.0,0.0,0.0,115,Tiramisu,Desserts,,MwSt. 7%,1.07,14.766355,1.033645,Normalverkauf
S1000141.43560,SP1000141.18.43560,SY1000141.2026.43560,iPad1(1000141),141,05.06.26 17:30,Prod,A1000141.6533,Tisch 2,118,S1000141.43560,SALE,2,3.9,7.8,0.0,0.0,0.0,0.0,119,Cola,Getränke,,MwSt. 19%,1.19,6.554622,1.245378,Normalverkauf
S1000141.43561,SP1000141.18.43561,SY1000141.2026.43561,iPad1(1000141),141,05.06.26 17:30,Prod,A1000141.6533,Tisch 2,118,S1000141.43561,SALE,2,10.9,21.8,0.0,0.0,0.0,0.0,104,Thunfisch Wrap,Hauptgerichte,,MwSt. 7%,1.07,20.373832,1.426168,Normalverkauf
S1000141.43562,SP1000141.18.43562,SY1000141.2026.43562,iPad1(1000141),141,05.06.26 11:46,Prod,A1000141.6534,Tisch 5,101,S1000141.43562,VOID,2,9.8,19.6,0.0,0.0,0.0,0.0,108,Seelachs-Ei-Baugette,Hauptgerichte,,MwSt. 7%,1.07,18.317757,1.282243,Normalverkauf
S1000141.43563,SP1000141.18.43563,SY1000141.2026.43563,iPad1(1000141),141,05.06.26 19:27,Prod,A1000141.6535,Tisch 16,118,S1000141.43563,SALE,2,10.9,21.8,0.0,0.0,0.0,0.0,107,Chicken Burger,Hauptgerichte,,MwSt. 7%,1.07,20.373832,1.426168,Normalverkauf
S1000141.43564,SP1000141.18.43564,SY1000141.2026.43564,iPad1(1000141),141,05.06.26 19:27,Prod,A1000141.6535,Tisch 16,118,S1000141.43564,SALE,2,10.9,21.8,0.0,0.0,0.0,0.0,107,Chicken Burger,Hauptgerichte,,MwSt. 7%,1.07,20.373832,1.426168,Normalverkauf
S1000141.43565,SP1000141.18.43565,SY1000141.2026.43565,iPad1(1000141),141,05.06.26 12:19,Prod,A1000141.6536,Tisch 11,104,S1000141.43565,SALE,2,3.9,7.8,0.0,0.0,0.0,0.0,126,Spezi,Getränke,,MwSt. 19%,1.19,6.554622,1.245378,Normalverkauf
S1000141.43566,SP1000141.18.43566,SY1000141.2026.43566,iPad1(1000141),141,05.06.26 12:19,Prod,A1000141.6536,Tisch 11,104,S1000141.43566,SALE,1,10.9,10.9,0.0,0.0,0.0,0.0,109,Bismarck-Baguette,Hauptgerichte,,MwSt. 7%,1.07,10.186916,0.713084,Normalverkauf
S1000141.43567,SP1000141.18.43567,SY1000141.2026.43567,iPad1(1000141),141,05.06.26 12:19,Prod,A1000141.6536,Tisch 11,104,S1000141.43567,SALE,1,11.5,11.5,0.0,0.0,0.0,0.0,105,Garnelen-Kimchi-Bruger,Hauptgerichte,,MwSt. 7%,1.07,10.747664,0.752336,Normalverkauf
S1000141.43568,SP1000141.18.43568,SY1000141.2026.43568,iPad1(1000141),141,05.06.26 13:03,Prod,A1000141.6537,Tisch 3,114,S1000141.43568,SALE,1,5.9,5.9,0.0,0.0,0.0,0.0,116,Vanillequark,Desserts,,MwSt. 7%,1.07,5.514019,0.385981,Normalverkauf
S1000141.43569,SP1000141.18.43569,SY1000141.2026.43569,iPad1(1000141),141,05.06.26 19:51,Prod,A1000141.6538,Tisch 15,104,S1000141.43569,SALE,1,6.5,6.5,0.0,0.0,0.0,0.0,100,Fischbrötchen Backfisch,Hauptspeisen,,MwSt. 7%,1.07,6.074766,0.425234,Normalverkauf
S1000141.43570,SP1000141.18.43570,SY1000141.2026.43570,iPad1(1000141),141,05.06.26 14:26,Prod,A1000141.6539,Tisch 3,118,S1000141.43570,SALE,1,4.9,4.9,0.0,0.0,0.0,0.0,112,Kartoffelwedges,Beilagen,,MwSt. 7%,1.07,4.579439,0.320561,Normalverkauf
S1000141.43571,SP1000141.18.43571,SY1000141.2026.43571,iPad1(1000141),141,05.06.26 14:26,Prod,A1000141.6539,Tisch 3,118,S1000141.43571,SALE,2,10.9,21.8,0.0,0.0,0.0,0.0,107,Chicken Burger,Hauptgerichte,,MwSt. 7%,1.07,20.373832,1.426168,Normalverkauf
S1000141.43572,SP1000141.18.43572,SY1000141.2026.43572,iPad1(1000141),141,05.06.26 11:32,Prod,A1000141.6540,,118,S1000141.43572,SALE,1,3.9,3.9,0.0,0.0,0.0,0.0,126,Spezi,Getränke,,MwSt. 19%,1.19,3.277311,0.622689,Normalverkauf
S1000141.43573,SP1000141.18.43573,SY1000141.2026.43573,iPad1(1000141),141,05.06.26 09:03,Prod,A1000141.6541,Tisch 13,118,S1000141.43573,VOID,1,10.9,10.9,0.0,0.0,0.0,0.0,109,Bismarck-Baguette,Hauptgerichte,,MwSt. 7%,1.07,10.186916,0.713084,Normalverkauf
S1000141.43574,SP1000141.18.43574,SY1000141.2026.43574,iPad1(1000141),141,05.06.26 18:32,Prod,A1000141.6542,Tisch 1,101,S1000141.43574,SALE,1,9.8,9.8,0.0,0.0,0.0,0.0,108,Seelachs-Ei-Baugette,Hauptgerichte,,MwSt. 7%,1.07,9.158879,0.641121,Normalverkauf
S1000141.43575,SP1000141.18.43575,SY1000141.2026.43575,iPad1(1000141),141,05.06.26 18:32,Prod,A1000141.6542,Tisch 1,101,S1000141.43575,SALE,1,3.9,3.9,0.0,0.0,0.0,0.0,126,Spezi,Getränke,,MwSt. 19%,1.19,3.277311,0.622689,Normalverkauf
S1000141.43576,SP1000141.18.43576,SY1000141.2026.43576,iPad1(1000141),141,05.06.26 18:32,Prod,A1000141.6542,Tisch 1,101,S1000141.43576,SALE,1,6.5,6.5,0.0,0.0,0.0,0.0,100,Fischbrötchen Backfisch,Hauptspeisen,,MwSt. 7%,1.07,6.074766,0.425234,Normalverkauf
S1000141.43577,SP1000141.18.43577,SY1000141.2026.43577,iPad1(1000141),141,05.06.26 18:48,Prod,A1000141.6543,Tisch 20,101,S1000141.43577,SALE,2,14.5,29.0,0.0,0.0,0.0,0.0,101,Lachs,Hauptspeisen,,MwSt. 7%,1.07,27.102804,1.897196,Normalverkauf
S1000141.43578,SP1000141.18.43578,SY1000141.2026.43578,iPad1(1000141),141,05.06.26 18:48,Prod,A1000141.6543,Tisch 20,101,S1000141.43578,SALE,2,6.5,13.0,0.0,0.0,0.0,0.0,100,Fischbrötchen Backfisch,Hauptspeisen,,MwSt. 7%,1.07,12.149533,0.850467,Normalverkauf
S1000141.43579,SP1000141.18.43579,SY1000141.2026.43579,iPad1(1000141),141,05.06.26 18:48,Prod,A1000141.6543,Tisch 20,101,S1000141.43579,SALE,2,3.2,6.4,0.0,0.0,0.0,0.0,120,Apfelschorle,Getränke,,MwSt. 19%,1.19,5.378151,1.021849,Normalverkauf
S1000141.43580,SP1000141.18.43580,SY1000141.2026.43580,iPad1(1000141),141,05.06.26 10:32,Prod,A1000141.6544,Tisch 4,101,S1000141.43580,SALE,2,5.5,11.0,0.0,0.0,0.0,0.0,111,Pommes Frites,Beilagen,,MwSt. 7%,1.07,10.280374,0.719626,Normalverkauf
S1000141.43581,SP1000141.18.43581,SY1000141.2026.43581,iPad1(1000141),141,05.06.26 10:32,Prod,A1000141.6544,Tisch 4,101,S1000141.43581,SALE,2,6.9,13.8,0.0,0.0,0.0,0.0,103,Fischbrötchen Räucherlachs,Hauptspeisen,,MwSt. 7%,1.07,12.897196,0.902804,Normalverkauf
S1000141.43582,SP1000141.18.43582,SY1000141.2026.43582,iPad1(1000141),141,05.06.26 13:02,Prod,A1000141.6545,Tisch 6,118,S1000141.43582,SALE,2,5.5,11.0,0.0,0.0,0.0,0.0,114,Fisch Nuggets Box,Beilagen,,MwSt. 7%,1.07,10.280374,0.719626,Normalverkauf
S1000141.43583,SP1000141.18.43583,SY1000141.2026.43583,iPad1(1000141),141,05.06.26 13:02,Prod,A1000141.6545,Tisch 6,118,S1000141.43583,SALE,1,6.5,6.5,0.0,0.0,0.0,0.0,100,Fischbrötchen Backfisch,Hauptspeisen,,MwSt. 7%,1.07,6.074766,0.425234,Normalverkauf
S1000141.43584,SP1000141.18.43584,SY1000141.2026.43584,iPad1(1000141),141,05.06.26 13:02,Prod,A1000141.6545,Tisch 6,118,S1000141.43584,SALE,2,3.9,7.8,0.0,0.0,0.0,0.0,119,Cola,Getränke,,MwSt. 19%,1.19,6.554622,1.245378,Normalverkauf
S1000141.43585,SP1000141.18.43585,SY1000141.2026.43585,iPad1(1000141),141,05.06.26 18:37,Prod,A1000141.6546,Tisch 13,101,S1000141.43585,SALE,2,5.9,11.8,0.0,0.0,0.0,0.0,125,Zitronen-Limonade,Getränke,,MwSt. 19%,1.19,9.915966,1.884034,Normalverkauf
S1000141.43586,SP1000141.18.43586,SY1000141.2026.43586,iPad1(1000141),141,05.06.26 13:06,Prod,A1000141.6547,Tisch 10,104,S1000141.43586,SALE,1,10.9,10.9,0.0,0.0,0.0,0.0,104,Thunfisch Wrap,Hauptgerichte,,MwSt. 7%,1.07,10.186916,0.713084,Normalverkauf
S1000141.43587,SP1000141.18.43587,SY1000141.2026.43587,iPad1(1000141),141,05.06.26 13:06,Prod,A1000141.6547,Tisch 10,104,S1000141.43587,SALE,2,10.9,21.8,0.0,0.0,0.0,0.0,104,Thunfisch Wrap,Hauptgerichte,,MwSt. 7%,1.07,20.373832,1.426168,Normalverkauf
S1000141.43588,SP1000141.18.43588,SY1000141.2026.43588,iPad1(1000141),141,05.06.26 13:06,Prod,A1000141.6547,Tisch 10,104,S1000141.43588,SALE,2,3.9,7.8,0.0,0.0,0.0,0.0,119,Cola,Getränke,,MwSt. 19%,1.19,6.554622,1.245378,Normalverkauf
S1000141.43589,SP1000141.18.43589,SY1000141.2026.43589,iPad1(1000141),141,05.06.26 19:20,Prod,A1000141.6548,Tisch 10,114,S1000141.43589,SALE,2,6.5,13.0,0.0,0.0,0.0,0.0,100,Fischbrötchen Backfisch,Hauptspeisen,,MwSt. 7%,1.07,12.149533,0.850467,Normalverkauf
S1000141.43590,SP1000141.18.43590,SY1000141.2026.43590,iPad1(1000141),141,05.06.26 13:44,Prod,A1000141.6549,Tisch 12,113,S1000141.43590,SALE,1,3.9,3.9,0.0,0.0,0.0,0.0,119,Cola,Getränke,,MwSt. 19%,1.19,3.277311,0.622689,Normalverkauf
S1000141.43591,SP1000141.18.43591,SY1000141.2026.43591,iPad1(1000141),141,05.06.26 13:44,Prod,A1000141.6549,Tisch 12,113,S1000141.43591,SALE,1,3.2,3.2,0.0,0.0,0.0,0.0,120,Apfelschorle,Getränke,,MwSt. 19%,1.19,2.689076,0.510924,Normalverkauf
S1000141.43592,SP1000141.18.43592,SY1000141.2026.43592,iPad1(1000141),141,05.06.26 16:27,Prod,A1000141.6550,Tisch 17,104,S1000141.43592,SALE,1,3.2,3.2,0.0,0.0,0.0,0.0,120,Apfelschorle,Getränke,,MwSt. 19%,1.19,2.689076,0.510924,Normalverkauf
S1000141.43593,SP1000141.18.43593,SY1000141.2026.43593,iPad1(1000141),141,05.06.26 16:27,Prod,A1000141.6550,Tisch 17,104,S1000141.43593,SALE,1,5.5,5.5,0.0,0.0,0.0,0.0,114,Fisch Nuggets Box,Beilagen,,MwSt. 7%,1.07,5.140187,0.359813,Normalverkauf
S1000141.43594,SP1000141.18.43594,SY1000141.2026.43594,iPad1(1000141),141,05.06.26 08:06,Prod,A1000141.6551,Tisch 3,113,S1000141.43594,SALE,1,6.5,6.5,0.0,0.0,0.0,0.0,100,Fischbrötchen Backfisch,Hauptspeisen,,MwSt. 7%,1.07,6.074766,0.425234,Normalverkauf
S1000141.43595,SP1000141.18.43595,SY1000141.2026.43595,iPad1(1000141),141,05.06.26 08:06,Prod,A1000141.6551,Tisch 3,113,S1000141.43595,SALE,2,3.9,7.8,0.0,0.0,0.0,0.0,126,Spezi,Getränke,,MwSt. 19%,1.19,6.554622,1.245378,Normalverkauf
S1000141.43596,SP1000141.18.43596,SY1000141.2026.43596,iPad1(1000141),141,05.06.26 13:07,Prod,A1000141.6552,,104,S1000141.43596,SALE,2,5.9,11.8,0.0,0.0,0.0,0.0,116,Vanillequark,Desserts,,MwSt. 7%,1.07,11.028037,0.771963,Normalverkauf
S1000141.43597,SP1000141.18.43597,SY1000141.2026.43597,iPad1(1000141),141,05.06.26 13:07,Prod,A1000141.6552,,104,S1000141.43597,SALE,1,10.9,10.9,0.0,0.0,0.0,0.0,107,Chicken Burger,Hauptgerichte,,MwSt. 7%,1.07,10.186916,0.713084,Normalverkauf
S1000141.43598,SP1000141.18.43598,SY1000141.2026.43598,iPad1(1000141),141,05.06.26 20:02,Prod,A1000141.6553,Tisch 1,114,S1000141.43598,SALE,1,13.5,13.5,0.0,0.0,0.0,0.0,102,Matjes,Hauptspeisen,,MwSt. 7%,1.07,12.616822,0.883178,Normalverkauf
S1000141.43599,SP1000141.18.43599,SY1000141.2026.43599,iPad1(1000141),141,05.06.26 20:02,Prod,A1000141.6553,Tisch 1,114,S1000141.43599,SALE,2,10.9,21.8,0.0,0.0,0.0,0.0,109,Bismarck-Baguette,Hauptgerichte,,MwSt. 7%,1.07,20.373832,1.426168,Normalverkauf
S1000141.43600,SP1000141.18.43600,SY1000141.2026.43600,iPad1(1000141),141,05.06.26 17:27,Prod,A1000141.6554,Tisch 24,104,S1000141.43600,SALE,2,13.5,27.0,0.0,0.0,0.0,0.0,102,Matjes,Hauptspeisen,,MwSt. 7%,1.07,25.233645,1.766355,Normalverkauf
S1000141.43601,SP1000141.18.43601,SY1000141.2026.43601,iPad1(1000141),141,05.06.26 17:27,Prod,A1000141.6554,Tisch 24,104,S1000141.43601,SALE,1,3.9,3.9,0.0,0.0,0.0,0.0,127,Alkoholfreies Bier,Getränke,,MwSt. 19%,1.19,3.277311,0.622689,Normalverkauf
S1000141.43602,SP1000141.18.43602,SY1000141.2026.43602,iPad1(1000141),141,05.06.26 17:27,Prod,A1000141.6554,Tisch 24,104,S1000141.43602,SALE,1,5.9,5.9,0.0,0.0,0.0,0.0,116,Vanillequark,Desserts,,MwSt. 7%,1.07,5.514019,0.385981,Normalverkauf
S1000141.43603,SP1000141.18.43603,SY1000141.2026.43603,iPad1(1000141),141,05.06.26 11:28,Prod,A1000141.6555,Tisch 18,105,S1000141.43603,SALE,1,6.9,6.9,0.0,0.0,0.0,0.0,103,Fischbrötchen Räucherlachs,Hauptspeisen,,MwSt. 7%,1.07,6.448598,0.451402,Normalverkauf
S1000141.43604,SP1000141.18.43604,SY1000141.2026.43604,iPad1(1000141),141,05.06.26 11:28,Prod,A1000141.6555,Tisch 18,105,S1000141.43604,SALE,1,3.9,3.9,0.0,0.0,0.0,0.0,126,Spezi,Getränke,,MwSt. 19%,1.19,3.277311,0.622689,Normalverkauf
S1000141.43605,SP1000141.18.43605,SY1000141.2026.43605,iPad1(1000141),141,05.06.26 11:28,Prod,A1000141.6555,Tisch 18,105,S1000141.43605,SALE,2,7.9,15.8,0.0,0.0,0.0,0.0,106,Neptun-Ringe,Beilagen,,MwSt. 7%,1.07,14.766355,1.033645,Normalverkauf
S1000141.43606,SP1000141.18.43606,SY1000141.2026.43606,iPad1(1000141),141,05.06.26 12:42,Prod,A1000141.6556,,113,S1000141.43606,SALE,1,3.9,3.9,0.0,0.0,0.0,0.0,119,Cola,Getränke,,MwSt. 19%,1.19,3.277311,0.622689,Normalverkauf
S1000141.43607,SP1000141.18.43607,SY1000141.2026.43607,iPad1(1000141),141,05.06.26 12:42,Prod,A1000141.6556,,113,S1000141.43607,SALE,1,4.9,4.9,0.0,0.0,0.0,0.0,112,Kartoffelwedges,Beilagen,,MwSt. 7%,1.07,4.579439,0.320561,Normalverkauf
S1000141.43608,SP1000141.18.43608,SY1000141.2026.43608,iPad1(1000141),141,05.06.26 12:42,Prod,A1000141.6556,,113,S1000141.43608,SALE,2,4.9,9.8,0.0,0.0,0.0,0.0,112,Kartoffelwedges,Beilagen,,MwSt. 7%,1.07,9.158879,0.641121,Normalverkauf
S1000141.43609,SP1000141.18.43609,SY1000141.2026.43609,iPad1(1000141),141,05.06.26 10:28,Prod,A1000141.6557,Tisch 18,104,S1000141.43609,SALE,1,3.9,3.9,0.0,0.0,0.0,0.0,119,Cola,Getränke,,MwSt. 19%,1.19,3.277311,0.622689,Normalverkauf
S1000141.43610,SP1000141.18.43610,SY1000141.2026.43610,iPad1(1000141),141,05.06.26 10:28,Prod,A1000141.6557,Tisch 18,104,S1000141.43610,SALE,1,10.9,10.9,0.0,0.0,0.0,0.0,109,Bismarck-Baguette,Hauptgerichte,,MwSt. 7%,1.07,10.186916,0.713084,Normalverkauf
S1000141.43611,SP1000141.18.43611,SY1000141.2026.43611,iPad1(1000141),141,05.06.26 10:28,Prod,A1000141.6557,Tisch 18,104,S1000141.43611,SALE,2,10.9,21.8,0.0,0.0,0.0,0.0,109,Bismarck-Baguette,Hauptgerichte,,MwSt. 7%,1.07,20.373832,1.426168,Normalverkauf
S1000141.43612,SP1000141.18.43612,SY1000141.2026.43612,iPad1(1000141),141,05.06.26 09:47,Prod,A1000141.6558,Tisch 16,101,S1000141.43612,SALE,1,3.2,3.2,0.0,0.0,0.0,0.0,120,Apfelschorle,Getränke,,MwSt. 19%,1.19,2.689076,0.510924,Normalverkauf
S1000141.43613,SP1000141.18.43613,SY1000141.2026.43613,iPad1(1000141),141,05.06.26 09:47,Prod,A1000141.6558,Tisch 16,101,S1000141.43613,SALE,1,6.5,6.5,0.0,0.0,0.0,0.0,100,Fischbrötchen Backfisch,Hauptspeisen,,MwSt. 7%,1.07,6.074766,0.425234,Normalverkauf
S1000141.43614,SP1000141.18.43614,SY1000141.2026.43614,iPad1(1000141),141,05.06.26 09:47,Prod,A1000141.6558,Tisch 16,101,S1000141.43614,SALE,2,2.8,5.6,0.0,0.0,0.0,0.0,121,Mineralwasser,Getränke,,MwSt. 19%,1.19,4.705882,0.894118,Normalverkauf
S1000141.43615,SP1000141.18.43615,SY1000141.2026.43615,iPad1(1000141),141,05.06.26 10:05,Prod,A1000141.6559,Tisch 20,118,S1000141.43615,SALE,2,3.9,7.8,0.0,0.0,0.0,0.0,127,Alkoholfreies Bier,Getränke,,MwSt. 19%,1.19,6.554622,1.245378,Normalverkauf
S1000141.43616,SP1000141.18.43616,SY1000141.2026.43616,iPad1(1000141),141,05.06.26 10:05,Prod,A1000141.6559,Tisch 20,118,S1000141.43616,SALE,1,3.2,3.2,0.0,0.0,0.0,0.0,120,Apfelschorle,Getränke,,MwSt. 19%,1.19,2.689076,0.510924,Normalverkauf
S1000141.43617,SP1000141.18.43617,SY1000141.2026.43617,iPad1(1000141),141,05.06.26 16:16,Prod,A1000141.6560,Tisch 2,101,S1000141.43617,SALE,1,3.9,3.9,0.0,0.0,0.0,0.0,119,Cola,Getränke,,MwSt. 19%,1.19,3.277311,0.622689,Normalverkauf
S1000141.43618,SP1000141.18.43618,SY1000141.2026.43618,iPad1(1000141),141,05.06.26 16:16,Prod,A1000141.6560,Tisch 2,101,S1000141.43618,SALE,1,4.2,4.2,0.0,0.0,0.0,0.0,122,Bier,Getränke,,MwSt. 19%,1.19,3.529412,0.670588,Normalverkauf
S1000141.43619,SP1000141.18.43619,SY1000141.2026.43619,iPad1(1000141),141,05.06.26 16:29,Prod,A1000141.6561,Tisch 9,113,S1000141.43619,SALE,1,10.9,10.9,0.0,0.0,0.0,0.0,109,Bismarck-Baguette,Hauptgerichte,,MwSt. 7%,1.07,10.186916,0.713084,Normalverkauf
S1000141.43620,SP1000141.18.43620,SY1000141.2026.43620,iPad1(1000141),141,05.06.26 16:29,Prod,A1000141.6561,Tisch 9,113,S1000141.43620,SALE,2,10.9,21.8,0.0,0.0,0.0,0.0,107,Chicken Burger,Hauptgerichte,,MwSt. 7%,1.07,20.373832,1.426168,Normalverkauf
S1000141.43621,SP1000141.18.43621,SY1000141.2026.43621,iPad1(1000141),141,05.06.26 16:29,Prod,A1000141.6561,Tisch 9,113,S1000141.43621,SALE,1,6.9,6.9,0.0,0.0,0.0,0.0,113,Garnelen Box,Beilagen,,MwSt. 7%,1.07,6.448598,0.451402,Normalverkauf
S1000141.43622,SP1000141.18.43622,SY1000141.2026.43622,iPad1(1000141),141,05.06.26 16:04,Prod,A1000141.6562,Tisch 10,101,S1000141.43622,SALE,1,7.9,7.9,0.0,0.0,0.0,0.0,115,Tiramisu,Desserts,,MwSt. 7%,1.07,7.383178,0.516822,Normalverkauf
S1000141.43623,SP1000141.18.43623,SY1000141.2026.43623,iPad1(1000141),141,05.06.26 16:04,Prod,A1000141.6562,Tisch 10,101,S1000141.43623,SALE,1,3.9,3.9,0.0,0.0,0.0,0.0,126,Spezi,Getränke,,MwSt. 19%,1.19,3.277311,0.622689,Normalverkauf
S1000141.43624,SP1000141.18.43624,SY1000141.2026.43624,iPad1(1000141),141,05.06.26 13:50,Prod,A1000141.6563,Tisch 13,104,S1000141.43624,VOID,2,10.9,21.8,0.0,0.0,0.0,0.0,104,Thunfisch Wrap,Hauptgerichte,,MwSt. 7%,1.07,20.373832,1.426168,Normalverkauf
S1000141.43625,SP1000141.18.43625,SY1000141.2026.43625,iPad1(1000141),141,05.06.26 13:50,Prod,A1000141.6563,Tisch 13,104,S1000141.43625,VOID,2,7.9,15.8,0.0,0.0,0.0,0.0,115,Tiramisu,Desserts,,MwSt. 7%,1.07,14.766355,1.033645,Normalverkauf
S1000141.43626,SP1000141.18.43626,SY1000141.2026.43626,iPad1(1000141),141,05.06.26 14:11,Prod,A1000141.6564,Tisch 17,118,S1000141.43626,SALE,2,6.9,13.8,0.0,0.0,0.0,0.0,113,Garnelen Box,Beilagen,,MwSt. 7%,1.07,12.897196,0.902804,Normalverkauf
S1000141.43627,SP1000141.18.43627,SY1000141.2026.43627,iPad1(1000141),141,05.06.26 13:20,Prod,A1000141.6565,Tisch 17,113,S1000141.43627,SALE,1,10.9,10.9,0.0,0.0,0.0,0.0,104,Thunfisch Wrap,Hauptgerichte,,MwSt. 7%,1.07,10.186916,0.713084,Normalverkauf
S1000141.43628,SP1000141.18.43628,SY1000141.2026.43628,iPad1(1000141),141,05.06.26 12:11,Prod,A1000141.6566,Tisch 8,104,S1000141.43628,SALE,2,9.8,19.6,0.0,0.0,0.0,0.0,108,Seelachs-Ei-Baugette,Hauptgerichte,,MwSt. 7%,1.07,18.317757,1.282243,Normalverkauf
S1000141.43629,SP1000141.18.43629,SY1000141.2026.43629,iPad1(1000141),141,05.06.26 18:01,Prod,A1000141.6567,Tisch 5,113,S1000141.43629,SALE,1,6.5,6.5,0.0,0.0,0.0,0.0,100,Fischbrötchen Backfisch,Hauptspeisen,,MwSt. 7%,1.07,6.074766,0.425234,Normalverkauf
S1000141.43630,SP1000141.18.43630,SY1000141.2026.43630,iPad1(1000141),141,05.06.26 18:01,Prod,A1000141.6567,Tisch 5,113,S1000141.43630,SALE,2,6.9,13.8,0.0,0.0,0.0,0.0,103,Fischbrötchen Räucherlachs,Hauptspeisen,,MwSt. 7%,1.07,12.897196,0.902804,Normalverkauf
S1000141.43631,SP1000141.18.43631,SY1000141.2026.43631,iPad1(1000141),141,05.06.26 13:38,Prod,A1000141.6568,Tisch 9,118,S1000141.43631,SALE,2,6.9,13.8,0.0,0.0,0.0,0.0,113,Garnelen Box,Beilagen,,MwSt. 7%,1.07,12.897196,0.902804,Normalverkauf
S1000141.43632,SP1000141.18.43632,SY1000141.2026.43632,iPad1(1000141),141,05.06.26 10:28,Prod,A1000141.6569,Tisch 8,113,S1000141.43632,SALE,2,5.9,11.8,0.0,0.0,0.0,0.0,116,Vanillequark,Desserts,,MwSt. 7%,1.07,11.028037,0.771963,Normalverkauf
S1000141.43633,SP1000141.18.43633,SY1000141.2026.43633,iPad1(1000141),141,05.06.26 10:28,Prod,A1000141.6569,Tisch 8,113,S1000141.43633,SALE,2,11.5,23.0,0.0,0.0,0.0,0.0,105,Garnelen-Kimchi-Bruger,Hauptgerichte,,MwSt. 7%,1.07,21.495327,1.504673,Normalverkauf
S1000141.43634,SP1000141.18.43634,SY1000141.2026.43634,iPad1(1000141),141,06.06.26 10:16,Prod,A1000141.6570,Tisch 22,118,S1000141.43634,SALE,1,6.9,6.9,0.0,0.0,0.0,0.0,113,Garnelen Box,Beilagen,,MwSt. 7%,1.07,6.448598,0.451402,Normalverkauf
S1000141.43635,SP1000141.18.43635,SY1000141.2026.43635,iPad1(1000141),141,06.06.26 10:16,Prod,A1000141.6570,Tisch 22,118,S1000141.43635,SALE,1,10.9,10.9,0.0,0.0,0.0,0.0,104,Thunfisch Wrap,Hauptgerichte,,MwSt. 7%,1.07,10.186916,0.713084,Normalverkauf
S1000141.43636,SP1000141.18.43636,SY1000141.2026.43636,iPad1(1000141),141,06.06.26 13:45,Prod,A1000141.6571,Tisch 20,101,S1000141.43636,SALE,2,10.9,21.8,0.0,0.0,0.0,0.0,107,Chicken Burger,Hauptgerichte,,MwSt. 7%,1.07,20.373832,1.426168,Normalverkauf
S1000141.43637,SP1000141.18.43637,SY1000141.2026.43637,iPad1(1000141),141,06.06.26 13:45,Prod,A1000141.6571,Tisch 20,101,S1000141.43637,SALE,1,9.8,9.8,0.0,0.0,0.0,0.0,108,Seelachs-Ei-Baugette,Hauptgerichte,,MwSt. 7%,1.07,9.158879,0.641121,Normalverkauf
S1000141.43638,SP1000141.18.43638,SY1000141.2026.43638,iPad1(1000141),141,06.06.26 17:02,Prod,A1000141.6572,Tisch 14,104,S1000141.43638,SALE,1,2.8,2.8,0.0,0.0,0.0,0.0,121,Mineralwasser,Getränke,,MwSt. 19%,1.19,2.352941,0.447059,Normalverkauf
S1000141.43639,SP1000141.18.43639,SY1000141.2026.43639,iPad1(1000141),141,06.06.26 17:02,Prod,A1000141.6572,Tisch 14,104,S1000141.43639,SALE,1,5.5,5.5,0.0,0.0,0.0,0.0,114,Fisch Nuggets Box,Beilagen,,MwSt. 7%,1.07,5.140187,0.359813,Normalverkauf
S1000141.43640,SP1000141.18.43640,SY1000141.2026.43640,iPad1(1000141),141,06.06.26 19:10,Prod,A1000141.6573,Tisch 9,114,S1000141.43640,SALE,1,6.5,6.5,0.0,0.0,0.0,0.0,100,Fischbrötchen Backfisch,Hauptspeisen,,MwSt. 7%,1.07,6.074766,0.425234,Normalverkauf
S1000141.43641,SP1000141.18.43641,SY1000141.2026.43641,iPad1(1000141),141,06.06.26 19:10,Prod,A1000141.6573,Tisch 9,114,S1000141.43641,SALE,2,10.9,21.8,0.0,0.0,0.0,0.0,107,Chicken Burger,Hauptgerichte,,MwSt. 7%,1.07,20.373832,1.426168,Normalverkauf
S1000141.43642,SP1000141.18.43642,SY1000141.2026.43642,iPad1(1000141),141,06.06.26 19:10,Prod,A1000141.6573,Tisch 9,114,S1000141.43642,SALE,1,5.5,5.5,0.0,0.0,0.0,0.0,114,Fisch Nuggets Box,Beilagen,,MwSt. 7%,1.07,5.140187,0.359813,Normalverkauf
S1000141.43643,SP1000141.18.43643,SY1000141.2026.43643,iPad1(1000141),141,06.06.26 16:51,Prod,A1000141.6574,Tisch 23,113,S1000141.43643,SALE,2,11.9,23.8,0.0,0.0,0.0,0.0,110,Matjes-Baguette,Hauptgerichte,,MwSt. 7%,1.07,22.242991,1.557009,Normalverkauf
S1000141.43644,SP1000141.18.43644,SY1000141.2026.43644,iPad1(1000141),141,06.06.26 16:51,Prod,A1000141.6574,Tisch 23,113,S1000141.43644,SALE,2,5.5,11.0,0.0,0.0,0.0,0.0,111,Pommes Frites,Beilagen,,MwSt. 7%,1.07,10.280374,0.719626,Normalverkauf
S1000141.43645,SP1000141.18.43645,SY1000141.2026.43645,iPad1(1000141),141,06.06.26 20:51,Prod,A1000141.6575,Tisch 16,101,S1000141.43645,SALE,2,3.9,7.8,0.0,0.0,0.0,0.0,126,Spezi,Getränke,,MwSt. 19%,1.19,6.554622,1.245378,Normalverkauf
S1000141.43646,SP1000141.18.43646,SY1000141.2026.43646,iPad1(1000141),141,06.06.26 17:49,Prod,A1000141.6576,Tisch 19,104,S1000141.43646,SALE,1,11.5,11.5,0.0,0.0,0.0,0.0,105,Garnelen-Kimchi-Bruger,Hauptgerichte,,MwSt. 7%,1.07,10.747664,0.752336,Normalverkauf
S1000141.43647,SP1000141.18.43647,SY1000141.2026.43647,iPad1(1000141),141,06.06.26 13:05,Prod,A1000141.6577,Tisch 13,104,S1000141.43647,SALE,1,10.9,10.9,0.0,0.0,0.0,0.0,109,Bismarck-Baguette,Hauptgerichte,,MwSt. 7%,1.07,10.186916,0.713084,Normalverkauf
S1000141.43648,SP1000141.18.43648,SY1000141.2026.43648,iPad1(1000141),141,06.06.26 13:05,Prod,A1000141.6577,Tisch 13,104,S1000141.43648,SALE,1,7.9,7.9,0.0,0.0,0.0,0.0,115,Tiramisu,Desserts,,MwSt. 7%,1.07,7.383178,0.516822,Normalverkauf
S1000141.43649,SP1000141.18.43649,SY1000141.2026.43649,iPad1(1000141),141,06.06.26 18:43,Prod,A1000141.6578,Tisch 13,113,S1000141.43649,SALE,1,4.2,4.2,0.0,0.0,0.0,0.0,122,Bier,Getränke,,MwSt. 19%,1.19,3.529412,0.670588,Normalverkauf
S1000141.43650,SP1000141.18.43650,SY1000141.2026.43650,iPad1(1000141),141,06.06.26 18:43,Prod,A1000141.6578,Tisch 13,113,S1000141.43650,SALE,1,6.5,6.5,0.0,0.0,0.0,0.0,100,Fischbrötchen Backfisch,Hauptspeisen,,MwSt. 7%,1.07,6.074766,0.425234,Normalverkauf
S1000141.43651,SP1000141.18.43651,SY1000141.2026.43651,iPad1(1000141),141,06.06.26 18:43,Prod,A1000141.6578,Tisch 13,113,S1000141.43651,SALE,2,5.5,11.0,0.0,0.0,0.0,0.0,114,Fisch Nuggets Box,Beilagen,,MwSt. 7%,1.07,10.280374,0.719626,Normalverkauf
S1000141.43652,SP1000141.18.43652,SY1000141.2026.43652,iPad1(1000141),141,06.06.26 11:09,Prod,A1000141.6579,Tisch 9,118,S1000141.43652,SALE,1,2.8,2.8,0.0,0.0,0.0,0.0,121,Mineralwasser,Getränke,,MwSt. 19%,1.19,2.352941,0.447059,Normalverkauf
S1000141.43653,SP1000141.18.43653,SY1000141.2026.43653,iPad1(1000141),141,06.06.26 11:09,Prod,A1000141.6579,Tisch 9,118,S1000141.43653,SALE,2,3.9,7.8,0.0,0.0,0.0,0.0,119,Cola,Getränke,,MwSt. 19%,1.19,6.554622,1.245378,Normalverkauf
S1000141.43654,SP1000141.18.43654,SY1000141.2026.43654,iPad1(1000141),141,06.06.26 11:09,Prod,A1000141.6579,Tisch 9,118,S1000141.43654,SALE,1,6.9,6.9,0.0,0.0,0.0,0.0,103,Fischbrötchen Räucherlachs,Hauptspeisen,,MwSt. 7%,1.07,6.448598,0.451402,Normalverkauf
S1000141.43655,SP1000141.18.43655,SY1000141.2026.43655,iPad1(1000141),141,06.06.26 19:31,Prod,A1000141.6580,Tisch 19,101,S1000141.43655,SALE,2,3.9,7.8,0.0,0.0,0.0,0.0,124,Cola Zero,Getränke,,MwSt. 19%,1.19,6.554622,1.245378,Normalverkauf
S1000141.43656,SP1000141.18.43656,SY1000141.2026.43656,iPad1(1000141),141,06.06.26 19:31,Prod,A1000141.6580,Tisch 19,101,S1000141.43656,SALE,1,11.9,11.9,0.0,0.0,0.0,0.0,110,Matjes-Baguette,Hauptgerichte,,MwSt. 7%,1.07,11.121495,0.778505,Normalverkauf
S1000141.43657,SP1000141.18.43657,SY1000141.2026.43657,iPad1(1000141),141,06.06.26 11:22,Prod,A1000141.6581,Tisch 14,104,S1000141.43657,SALE,1,6.9,6.9,0.0,0.0,0.0,0.0,113,Garnelen Box,Beilagen,,MwSt. 7%,1.07,6.448598,0.451402,Normalverkauf
S1000141.43658,SP1000141.18.43658,SY1000141.2026.43658,iPad1(1000141),141,06.06.26 11:22,Prod,A1000141.6581,Tisch 14,104,S1000141.43658,SALE,1,5.5,5.5,0.0,0.0,0.0,0.0,114,Fisch Nuggets Box,Beilagen,,MwSt. 7%,1.07,5.140187,0.359813,Normalverkauf
S1000141.43659,SP1000141.18.43659,SY1000141.2026.43659,iPad1(1000141),141,06.06.26 11:22,Prod,A1000141.6581,Tisch 14,104,S1000141.43659,SALE,2,7.9,15.8,0.0,0.0,0.0,0.0,106,Neptun-Ringe,Beilagen,,MwSt. 7%,1.07,14.766355,1.033645,Normalverkauf
S1000141.43660,SP1000141.18.43660,SY1000141.2026.43660,iPad1(1000141),141,06.06.26 17:49,Prod,A1000141.6582,Tisch 10,114,S1000141.43660,SALE,2,7.9,15.8,0.0,0.0,0.0,0.0,106,Neptun-Ringe,Beilagen,,MwSt. 7%,1.07,14.766355,1.033645,Normalverkauf
S1000141.43661,SP1000141.18.43661,SY1000141.2026.43661,iPad1(1000141),141,06.06.26 17:49,Prod,A1000141.6582,Tisch 10,114,S1000141.43661,SALE,2,5.5,11.0,0.0,0.0,0.0,0.0,111,Pommes Frites,Beilagen,,MwSt. 7%,1.07,10.280374,0.719626,Normalverkauf
S1000141.43662,SP1000141.18.43662,SY1000141.2026.43662,iPad1(1000141),141,06.06.26 17:49,Prod,A1000141.6582,Tisch 10,114,S1000141.43662,SALE,2,9.8,19.6,0.0,0.0,0.0,0.0,108,Seelachs-Ei-Baugette,Hauptgerichte,,MwSt. 7%,1.07,18.317757,1.282243,Normalverkauf
S1000141.43663,SP1000141.18.43663,SY1000141.2026.43663,iPad1(1000141),141,06.06.26 16:54,Prod,A1000141.6583,,105,S1000141.43663,SALE,2,3.2,6.4,0.0,0.0,0.0,0.0,120,Apfelschorle,Getränke,,MwSt. 19%,1.19,5.378151,1.021849,Normalverkauf
S1000141.43664,SP1000141.18.43664,SY1000141.2026.43664,iPad1(1000141),141,06.06.26 16:54,Prod,A1000141.6583,,105,S1000141.43664,SALE,2,3.9,7.8,0.0,0.0,0.0,0.0,127,Alkoholfreies Bier,Getränke,,MwSt. 19%,1.19,6.554622,1.245378,Normalverkauf
S1000141.43665,SP1000141.18.43665,SY1000141.2026.43665,iPad1(1000141),141,06.06.26 16:54,Prod,A1000141.6583,,105,S1000141.43665,SALE,2,10.9,21.8,0.0,0.0,0.0,0.0,104,Thunfisch Wrap,Hauptgerichte,,MwSt. 7%,1.07,20.373832,1.426168,Normalverkauf
S1000141.43666,SP1000141.18.43666,SY1000141.2026.43666,iPad1(1000141),141,06.06.26 12:42,Prod,A1000141.6584,Tisch 15,104,S1000141.43666,SALE,1,3.9,3.9,0.0,0.0,0.0,0.0,119,Cola,Getränke,,MwSt. 19%,1.19,3.277311,0.622689,Normalverkauf
S1000141.43667,SP1000141.18.43667,SY1000141.2026.43667,iPad1(1000141),141,06.06.26 19:00,Prod,A1000141.6585,Tisch 4,114,S1000141.43667,SALE,1,3.2,3.2,0.0,0.0,0.0,0.0,120,Apfelschorle,Getränke,,MwSt. 19%,1.19,2.689076,0.510924,Normalverkauf
S1000141.43668,SP1000141.18.43668,SY1000141.2026.43668,iPad1(1000141),141,06.06.26 19:00,Prod,A1000141.6585,Tisch 4,114,S1000141.43668,SALE,1,14.5,14.5,0.0,0.0,0.0,0.0,101,Lachs,Hauptspeisen,,MwSt. 7%,1.07,13.551402,0.948598,Normalverkauf
S1000141.43669,SP1000141.18.43669,SY1000141.2026.43669,iPad1(1000141),141,06.06.26 19:00,Prod,A1000141.6585,Tisch 4,114,S1000141.43669,SALE,2,3.9,7.8,0.0,0.0,0.0,0.0,119,Cola,Getränke,,MwSt. 19%,1.19,6.554622,1.245378,Normalverkauf
S1000141.43670,SP1000141.18.43670,SY1000141.2026.43670,iPad1(1000141),141,06.06.26 08:39,Prod,A1000141.6586,Tisch 8,118,S1000141.43670,SALE,2,11.5,23.0,0.0,0.0,0.0,0.0,105,Garnelen-Kimchi-Bruger,Hauptgerichte,,MwSt. 7%,1.07,21.495327,1.504673,Normalverkauf
S1000141.43671,SP1000141.18.43671,SY1000141.2026.43671,iPad1(1000141),141,06.06.26 08:39,Prod,A1000141.6586,Tisch 8,118,S1000141.43671,SALE,2,6.5,13.0,0.0,0.0,0.0,0.0,100,Fischbrötchen Backfisch,Hauptspeisen,,MwSt. 7%,1.07,12.149533,0.850467,Normalverkauf
S1000141.43672,SP1000141.18.43672,SY1000141.2026.43672,iPad1(1000141),141,06.06.26 08:39,Prod,A1000141.6586,Tisch 8,118,S1000141.43672,SALE,2,11.5,23.0,0.0,0.0,0.0,0.0,105,Garnelen-Kimchi-Bruger,Hauptgerichte,,MwSt. 7%,1.07,21.495327,1.504673,Normalverkauf
S1000141.43673,SP1000141.18.43673,SY1000141.2026.43673,iPad1(1000141),141,06.06.26 18:09,Prod,A1000141.6587,Tisch 16,105,S1000141.43673,SALE,2,3.9,7.8,0.0,0.0,0.0,0.0,119,Cola,Getränke,,MwSt. 19%,1.19,6.554622,1.245378,Normalverkauf
S1000141.43674,SP1000141.18.43674,SY1000141.2026.43674,iPad1(1000141),141,06.06.26 18:09,Prod,A1000141.6587,Tisch 16,105,S1000141.43674,SALE,1,7.9,7.9,0.0,0.0,0.0,0.0,106,Neptun-Ringe,Beilagen,,MwSt. 7%,1.07,7.383178,0.516822,Normalverkauf
S1000141.43675,SP1000141.18.43675,SY1000141.2026.43675,iPad1(1000141),141,06.06.26 19:14,Prod,A1000141.6588,Tisch 22,118,S1000141.43675,VOID,1,9.8,9.8,0.0,0.0,0.0,0.0,108,Seelachs-Ei-Baugette,Hauptgerichte,,MwSt. 7%,1.07,9.158879,0.641121,Normalverkauf
S1000141.43676,SP1000141.18.43676,SY1000141.2026.43676,iPad1(1000141),141,06.06.26 18:06,Prod,A1000141.6589,Tisch 17,105,S1000141.43676,VOID,1,3.9,3.9,0.0,0.0,0.0,0.0,126,Spezi,Getränke,,MwSt. 19%,1.19,3.277311,0.622689,Normalverkauf
S1000141.43677,SP1000141.18.43677,SY1000141.2026.43677,iPad1(1000141),141,06.06.26 18:06,Prod,A1000141.6589,Tisch 17,105,S1000141.43677,VOID,2,11.5,23.0,0.0,0.0,0.0,0.0,105,Garnelen-Kimchi-Bruger,Hauptgerichte,,MwSt. 7%,1.07,21.495327,1.504673,Normalverkauf
S1000141.43678,SP1000141.18.43678,SY1000141.2026.43678,iPad1(1000141),141,06.06.26 18:41,Prod,A1000141.6590,Tisch 12,114,S1000141.43678,SALE,1,4.2,4.2,0.0,0.0,0.0,0.0,122,Bier,Getränke,,MwSt. 19%,1.19,3.529412,0.670588,Normalverkauf
S1000141.43679,SP1000141.18.43679,SY1000141.2026.43679,iPad1(1000141),141,06.06.26 12:45,Prod,A1000141.6591,,104,S1000141.43679,SALE,1,10.9,10.9,0.0,0.0,0.0,0.0,109,Bismarck-Baguette,Hauptgerichte,,MwSt. 7%,1.07,10.186916,0.713084,Normalverkauf
S1000141.43680,SP1000141.18.43680,SY1000141.2026.43680,iPad1(1000141),141,06.06.26 12:45,Prod,A1000141.6591,,104,S1000141.43680,SALE,1,9.8,9.8,0.0,0.0,0.0,0.0,108,Seelachs-Ei-Baugette,Hauptgerichte,,MwSt. 7%,1.07,9.158879,0.641121,Normalverkauf
S1000141.43681,SP1000141.18.43681,SY1000141.2026.43681,iPad1(1000141),141,06.06.26 12:45,Prod,A1000141.6591,,104,S1000141.43681,SALE,2,10.9,21.8,0.0,0.0,0.0,0.0,109,Bismarck-Baguette,Hauptgerichte,,MwSt. 7%,1.07,20.373832,1.426168,Normalverkauf
S1000141.43682,SP1000141.18.43682,SY1000141.2026.43682,iPad1(1000141),141,06.06.26 19:43,Prod,A1000141.6592,Tisch 10,114,S1000141.43682,VOID,1,10.9,10.9,0.0,0.0,0.0,0.0,107,Chicken Burger,Hauptgerichte,,MwSt. 7%,1.07,10.186916,0.713084,Normalverkauf
S1000141.43683,SP1000141.18.43683,SY1000141.2026.43683,iPad1(1000141),141,06.06.26 17:15,Prod,A1000141.6593,,104,S1000141.43683,SALE,2,3.9,7.8,0.0,0.0,0.0,0.0,119,Cola,Getränke,,MwSt. 19%,1.19,6.554622,1.245378,Normalverkauf
S1000141.43684,SP1000141.18.43684,SY1000141.2026.43684,iPad1(1000141),141,06.06.26 17:51,Prod,A1000141.6594,Tisch 16,118,S1000141.43684,SALE,1,3.9,3.9,0.0,0.0,0.0,0.0,126,Spezi,Getränke,,MwSt. 19%,1.19,3.277311,0.622689,Normalverkauf
S1000141.43685,SP1000141.18.43685,SY1000141.2026.43685,iPad1(1000141),141,06.06.26 16:52,Prod,A1000141.6595,Tisch 10,118,S1000141.43685,SALE,1,2.8,2.8,0.0,0.0,0.0,0.0,121,Mineralwasser,Getränke,,MwSt. 19%,1.19,2.352941,0.447059,Normalverkauf
S1000141.43686,SP1000141.18.43686,SY1000141.2026.43686,iPad1(1000141),141,06.06.26 16:52,Prod,A1000141.6595,Tisch 10,118,S1000141.43686,SALE,2,5.5,11.0,0.0,0.0,0.0,0.0,111,Pommes Frites,Beilagen,,MwSt. 7%,1.07,10.280374,0.719626,Normalverkauf
S1000141.43687,SP1000141.18.43687,SY1000141.2026.43687,iPad1(1000141),141,06.06.26 16:52,Prod,A1000141.6595,Tisch 10,118,S1000141.43687,SALE,2,4.2,8.4,0.0,0.0,0.0,0.0,122,Bier,Getränke,,MwSt. 19%,1.19,7.058824,1.341176,Normalverkauf
S1000141.43688,SP1000141.18.43688,SY1000141.2026.43688,iPad1(1000141),141,06.06.26 15:51,Prod,A1000141.6596,,104,S1000141.43688,SALE,2,13.5,27.0,0.0,0.0,0.0,0.0,102,Matjes,Hauptspeisen,,MwSt. 7%,1.07,25.233645,1.766355,Normalverkauf
S1000141.43689,SP1000141.18.43689,SY1000141.2026.43689,iPad1(1000141),141,06.06.26 15:51,Prod,A1000141.6596,,104,S1000141.43689,SALE,1,4.2,4.2,0.0,0.0,0.0,0.0,122,Bier,Getränke,,MwSt. 19%,1.19,3.529412,0.670588,Normalverkauf
S1000141.43690,SP1000141.18.43690,SY1000141.2026.43690,iPad1(1000141),141,06.06.26 17:39,Prod,A1000141.6597,Tisch 5,105,S1000141.43690,SALE,2,10.9,21.8,0.0,0.0,0.0,0.0,104,Thunfisch Wrap,Hauptgerichte,,MwSt. 7%,1.07,20.373832,1.426168,Normalverkauf
S1000141.43691,SP1000141.18.43691,SY1000141.2026.43691,iPad1(1000141),141,06.06.26 17:39,Prod,A1000141.6597,Tisch 5,105,S1000141.43691,SALE,1,4.2,4.2,0.0,0.0,0.0,0.0,122,Bier,Getränke,,MwSt. 19%,1.19,3.529412,0.670588,Normalverkauf
S1000141.43692,SP1000141.18.43692,SY1000141.2026.43692,iPad1(1000141),141,06.06.26 16:28,Prod,A1000141.6598,Tisch 3,104,S1000141.43692,SALE,2,3.9,7.8,0.0,0.0,0.0,0.0,119,Cola,Getränke,,MwSt. 19%,1.19,6.554622,1.245378,Normalverkauf
S1000141.43693,SP1000141.18.43693,SY1000141.2026.43693,iPad1(1000141),141,06.06.26 16:28,Prod,A1000141.6598,Tisch 3,104,S1000141.43693,SALE,1,3.9,3.9,0.0,0.0,0.0,0.0,126,Spezi,Getränke,,MwSt. 19%,1.19,3.277311,0.622689,Normalverkauf
S1000141.43694,SP1000141.18.43694,SY1000141.2026.43694,iPad1(1000141),141,06.06.26 17:35,Prod,A1000141.6599,Tisch 10,101,S1000141.43694,SALE,1,5.9,5.9,0.0,0.0,0.0,0.0,116,Vanillequark,Desserts,,MwSt. 7%,1.07,5.514019,0.385981,Normalverkauf
S1000141.43695,SP1000141.18.43695,SY1000141.2026.43695,iPad1(1000141),141,06.06.26 13:29,Prod,A1000141.6600,Tisch 12,101,S1000141.43695,SALE,1,7.9,7.9,0.0,0.0,0.0,0.0,115,Tiramisu,Desserts,,MwSt. 7%,1.07,7.383178,0.516822,Normalverkauf
S1000141.43696,SP1000141.18.43696,SY1000141.2026.43696,iPad1(1000141),141,06.06.26 13:29,Prod,A1000141.6600,Tisch 12,101,S1000141.43696,SALE,1,3.9,3.9,0.0,0.0,0.0,0.0,119,Cola,Getränke,,MwSt. 19%,1.19,3.277311,0.622689,Normalverkauf
S1000141.43697,SP1000141.18.43697,SY1000141.2026.43697,iPad1(1000141),141,06.06.26 18:26,Prod,A1000141.6601,,114,S1000141.43697,SALE,2,3.9,7.8,0.0,0.0,0.0,0.0,126,Spezi,Getränke,,MwSt. 19%,1.19,6.554622,1.245378,Normalverkauf
S1000141.43698,SP1000141.18.43698,SY1000141.2026.43698,iPad1(1000141),141,06.06.26 18:26,Prod,A1000141.6601,,114,S1000141.43698,SALE,1,6.5,6.5,0.0,0.0,0.0,0.0,100,Fischbrötchen Backfisch,Hauptspeisen,,MwSt. 7%,1.07,6.074766,0.425234,Normalverkauf
S1000141.43699,SP1000141.18.43699,SY1000141.2026.43699,iPad1(1000141),141,06.06.26 18:26,Prod,A1000141.6601,,114,S1000141.43699,SALE,2,10.9,21.8,0.0,0.0,0.0,0.0,109,Bismarck-Baguette,Hauptgerichte,,MwSt. 7%,1.07,20.373832,1.426168,Normalverkauf
S1000141.43700,SP1000141.18.43700,SY1000141.2026.43700,iPad1(1000141),141,06.06.26 18:30,Prod,A1000141.6602,Tisch 10,118,S1000141.43700,VOID,1,10.9,10.9,0.0,0.0,0.0,0.0,107,Chicken Burger,Hauptgerichte,,MwSt. 7%,1.07,10.186916,0.713084,Normalverkauf
S1000141.43701,SP1000141.18.43701,SY1000141.2026.43701,iPad1(1000141),141,06.06.26 18:30,Prod,A1000141.6602,Tisch 10,118,S1000141.43701,VOID,1,5.5,5.5,0.0,0.0,0.0,0.0,114,Fisch Nuggets Box,Beilagen,,MwSt. 7%,1.07,5.140187,0.359813,Normalverkauf
S1000141.43702,SP1000141.18.43702,SY1000141.2026.43702,iPad1(1000141),141,06.06.26 10:37,Prod,A1000141.6603,Tisch 10,118,S1000141.43702,VOID,2,3.2,6.4,0.0,0.0,0.0,0.0,120,Apfelschorle,Getränke,,MwSt. 19%,1.19,5.378151,1.021849,Normalverkauf
S1000141.43703,SP1000141.18.43703,SY1000141.2026.43703,iPad1(1000141),141,06.06.26 10:37,Prod,A1000141.6603,Tisch 10,118,S1000141.43703,VOID,1,5.9,5.9,0.0,0.0,0.0,0.0,116,Vanillequark,Desserts,,MwSt. 7%,1.07,5.514019,0.385981,Normalverkauf
S1000141.43704,SP1000141.18.43704,SY1000141.2026.43704,iPad1(1000141),141,06.06.26 18:30,Prod,A1000141.6604,Tisch 10,105,S1000141.43704,SALE,2,7.9,15.8,0.0,0.0,0.0,0.0,115,Tiramisu,Desserts,,MwSt. 7%,1.07,14.766355,1.033645,Normalverkauf
S1000141.43705,SP1000141.18.43705,SY1000141.2026.43705,iPad1(1000141),141,06.06.26 18:30,Prod,A1000141.6604,Tisch 10,105,S1000141.43705,SALE,1,4.9,4.9,0.0,0.0,0.0,0.0,112,Kartoffelwedges,Beilagen,,MwSt. 7%,1.07,4.579439,0.320561,Normalverkauf
S1000141.43706,SP1000141.18.43706,SY1000141.2026.43706,iPad1(1000141),141,06.06.26 18:30,Prod,A1000141.6604,Tisch 10,105,S1000141.43706,SALE,2,6.9,13.8,0.0,0.0,0.0,0.0,113,Garnelen Box,Beilagen,,MwSt. 7%,1.07,12.897196,0.902804,Normalverkauf
S1000141.43707,SP1000141.18.43707,SY1000141.2026.43707,iPad1(1000141),141,06.06.26 17:51,Prod,A1000141.6605,Tisch 17,114,S1000141.43707,VOID,1,5.5,5.5,0.0,0.0,0.0,0.0,111,Pommes Frites,Beilagen,,MwSt. 7%,1.07,5.140187,0.359813,Normalverkauf
S1000141.43708,SP1000141.18.43708,SY1000141.2026.43708,iPad1(1000141),141,06.06.26 15:32,Prod,A1000141.6606,Tisch 5,105,S1000141.43708,SALE,1,4.9,4.9,0.0,0.0,0.0,0.0,112,Kartoffelwedges,Beilagen,,MwSt. 7%,1.07,4.579439,0.320561,Normalverkauf
S1000141.43709,SP1000141.18.43709,SY1000141.2026.43709,iPad1(1000141),141,06.06.26 15:32,Prod,A1000141.6606,Tisch 5,105,S1000141.43709,SALE,1,4.2,4.2,0.0,0.0,0.0,0.0,122,Bier,Getränke,,MwSt. 19%,1.19,3.529412,0.670588,Normalverkauf
S1000141.43710,SP1000141.18.43710,SY1000141.2026.43710,iPad1(1000141),141,06.06.26 17:36,Prod,A1000141.6607,Tisch 24,104,S1000141.43710,SALE,1,3.9,3.9,0.0,0.0,0.0,0.0,119,Cola,Getränke,,MwSt. 19%,1.19,3.277311,0.622689,Normalverkauf
S1000141.43711,SP1000141.18.43711,SY1000141.2026.43711,iPad1(1000141),141,06.06.26 19:17,Prod,A1000141.6608,Tisch 15,104,S1000141.43711,SALE,1,6.9,6.9,0.0,0.0,0.0,0.0,103,Fischbrötchen Räucherlachs,Hauptspeisen,,MwSt. 7%,1.07,6.448598,0.451402,Normalverkauf
S1000141.43712,SP1000141.18.43712,SY1000141.2026.43712,iPad1(1000141),141,06.06.26 12:23,Prod,A1000141.6609,Tisch 21,104,S1000141.43712,SALE,1,2.8,2.8,0.0,0.0,0.0,0.0,121,Mineralwasser,Getränke,,MwSt. 19%,1.19,2.352941,0.447059,Normalverkauf
S1000141.43713,SP1000141.18.43713,SY1000141.2026.43713,iPad1(1000141),141,06.06.26 16:15,Prod,A1000141.6610,Tisch 13,101,S1000141.43713,SALE,2,3.9,7.8,0.0,0.0,0.0,0.0,119,Cola,Getränke,,MwSt. 19%,1.19,6.554622,1.245378,Normalverkauf
S1000141.43714,SP1000141.18.43714,SY1000141.2026.43714,iPad1(1000141),141,06.06.26 16:15,Prod,A1000141.6610,Tisch 13,101,S1000141.43714,SALE,2,9.8,19.6,0.0,0.0,0.0,0.0,108,Seelachs-Ei-Baugette,Hauptgerichte,,MwSt. 7%,1.07,18.317757,1.282243,Normalverkauf
S1000141.43715,SP1000141.18.43715,SY1000141.2026.43715,iPad1(1000141),141,06.06.26 12:25,Prod,A1000141.6611,Tisch 3,105,S1000141.43715,SALE,1,3.2,3.2,0.0,0.0,0.0,0.0,120,Apfelschorle,Getränke,,MwSt. 19%,1.19,2.689076,0.510924,Normalverkauf
S1000141.43716,SP1000141.18.43716,SY1000141.2026.43716,iPad1(1000141),141,06.06.26 20:39,Prod,A1000141.6612,Tisch 16,113,S1000141.43716,SALE,1,10.9,10.9,0.0,0.0,0.0,0.0,107,Chicken Burger,Hauptgerichte,,MwSt. 7%,1.07,10.186916,0.713084,Normalverkauf
S1000141.43717,SP1000141.18.43717,SY1000141.2026.43717,iPad1(1000141),141,06.06.26 20:39,Prod,A1000141.6612,Tisch 16,113,S1000141.43717,SALE,1,13.5,13.5,0.0,0.0,0.0,0.0,102,Matjes,Hauptspeisen,,MwSt. 7%,1.07,12.616822,0.883178,Normalverkauf
S1000141.43718,SP1000141.18.43718,SY1000141.2026.43718,iPad1(1000141),141,06.06.26 20:39,Prod,A1000141.6612,Tisch 16,113,S1000141.43718,SALE,1,3.9,3.9,0.0,0.0,0.0,0.0,119,Cola,Getränke,,MwSt. 19%,1.19,3.277311,0.622689,Normalverkauf
S1000141.43719,SP1000141.18.43719,SY1000141.2026.43719,iPad1(1000141),141,06.06.26 17:28,Prod,A1000141.6613,Tisch 11,114,S1000141.43719,SALE,1,4.9,4.9,0.0,0.0,0.0,0.0,112,Kartoffelwedges,Beilagen,,MwSt. 7%,1.07,4.579439,0.320561,Normalverkauf
S1000141.43720,SP1000141.18.43720,SY1000141.2026.43720,iPad1(1000141),141,06.06.26 17:28,Prod,A1000141.6613,Tisch 11,114,S1000141.43720,SALE,2,3.9,7.8,0.0,0.0,0.0,0.0,119,Cola,Getränke,,MwSt. 19%,1.19,6.554622,1.245378,Normalverkauf
S1000141.43721,SP1000141.18.43721,SY1000141.2026.43721,iPad1(1000141),141,06.06.26 17:28,Prod,A1000141.6613,Tisch 11,114,S1000141.43721,SALE,1,11.5,11.5,0.0,0.0,0.0,0.0,105,Garnelen-Kimchi-Bruger,Hauptgerichte,,MwSt. 7%,1.07,10.747664,0.752336,Normalverkauf
S1000141.43722,SP1000141.18.43722,SY1000141.2026.43722,iPad1(1000141),141,06.06.26 15:41,Prod,A1000141.6614,,113,S1000141.43722,SALE,1,3.9,3.9,0.0,0.0,0.0,0.0,119,Cola,Getränke,,MwSt. 19%,1.19,3.277311,0.622689,Normalverkauf
S1000141.43723,SP1000141.18.43723,SY1000141.2026.43723,iPad1(1000141),141,06.06.26 15:41,Prod,A1000141.6614,,113,S1000141.43723,SALE,1,9.8,9.8,0.0,0.0,0.0,0.0,108,Seelachs-Ei-Baugette,Hauptgerichte,,MwSt. 7%,1.07,9.158879,0.641121,Normalverkauf
S1000141.43724,SP1000141.18.43724,SY1000141.2026.43724,iPad1(1000141),141,06.06.26 15:41,Prod,A1000141.6614,,113,S1000141.43724,SALE,1,4.2,4.2,0.0,0.0,0.0,0.0,122,Bier,Getränke,,MwSt. 19%,1.19,3.529412,0.670588,Normalverkauf
S1000141.43725,SP1000141.18.43725,SY1000141.2026.43725,iPad1(1000141),141,06.06.26 12:44,Prod,A1000141.6615,Tisch 21,105,S1000141.43725,SALE,1,10.9,10.9,0.0,0.0,0.0,0.0,104,Thunfisch Wrap,Hauptgerichte,,MwSt. 7%,1.07,10.186916,0.713084,Normalverkauf
S1000141.43726,SP1000141.18.43726,SY1000141.2026.43726,iPad1(1000141),141,06.06.26 12:47,Prod,A1000141.6616,Tisch 1,113,S1000141.43726,SALE,1,7.9,7.9,0.0,0.0,0.0,0.0,106,Neptun-Ringe,Beilagen,,MwSt. 7%,1.07,7.383178,0.516822,Normalverkauf
S1000141.43727,SP1000141.18.43727,SY1000141.2026.43727,iPad1(1000141),141,06.06.26 12:47,Prod,A1000141.6616,Tisch 1,113,S1000141.43727,SALE,1,10.9,10.9,0.0,0.0,0.0,0.0,109,Bismarck-Baguette,Hauptgerichte,,MwSt. 7%,1.07,10.186916,0.713084,Normalverkauf
S1000141.43728,SP1000141.18.43728,SY1000141.2026.43728,iPad1(1000141),141,06.06.26 12:52,Prod,A1000141.6617,Tisch 5,113,S1000141.43728,SALE,2,5.9,11.8,0.0,0.0,0.0,0.0,116,Vanillequark,Desserts,,MwSt. 7%,1.07,11.028037,0.771963,Normalverkauf
S1000141.43729,SP1000141.18.43729,SY1000141.2026.43729,iPad1(1000141),141,06.06.26 12:52,Prod,A1000141.6617,Tisch 5,113,S1000141.43729,SALE,2,6.9,13.8,0.0,0.0,0.0,0.0,103,Fischbrötchen Räucherlachs,Hauptspeisen,,MwSt. 7%,1.07,12.897196,0.902804,Normalverkauf
S1000141.43730,SP1000141.18.43730,SY1000141.2026.43730,iPad1(1000141),141,06.06.26 12:52,Prod,A1000141.6617,Tisch 5,113,S1000141.43730,SALE,2,3.2,6.4,0.0,0.0,0.0,0.0,120,Apfelschorle,Getränke,,MwSt. 19%,1.19,5.378151,1.021849,Normalverkauf
S1000141.43731,SP1000141.18.43731,SY1000141.2026.43731,iPad1(1000141),141,06.06.26 18:17,Prod,A1000141.6618,,114,S1000141.43731,SALE,1,9.8,9.8,0.0,0.0,0.0,0.0,108,Seelachs-Ei-Baugette,Hauptgerichte,,MwSt. 7%,1.07,9.158879,0.641121,Normalverkauf
S1000141.43732,SP1000141.18.43732,SY1000141.2026.43732,iPad1(1000141),141,06.06.26 18:17,Prod,A1000141.6618,,114,S1000141.43732,SALE,2,4.2,8.4,0.0,0.0,0.0,0.0,122,Bier,Getränke,,MwSt. 19%,1.19,7.058824,1.341176,Normalverkauf
S1000141.43733,SP1000141.18.43733,SY1000141.2026.43733,iPad1(1000141),141,06.06.26 20:03,Prod,A1000141.6619,Tisch 24,105,S1000141.43733,SALE,2,4.9,9.8,0.0,0.0,0.0,0.0,112,Kartoffelwedges,Beilagen,,MwSt. 7%,1.07,9.158879,0.641121,Normalverkauf
S1000141.43734,SP1000141.18.43734,SY1000141.2026.43734,iPad1(1000141),141,06.06.26 20:03,Prod,A1000141.6619,Tisch 24,105,S1000141.43734,SALE,2,6.5,13.0,0.0,0.0,0.0,0.0,100,Fischbrötchen Backfisch,Hauptspeisen,,MwSt. 7%,1.07,12.149533,0.850467,Normalverkauf
S1000141.43735,SP1000141.18.43735,SY1000141.2026.43735,iPad1(1000141),141,06.06.26 18:32,Prod,A1000141.6620,,101,S1000141.43735,SALE,2,5.5,11.0,0.0,0.0,0.0,0.0,111,Pommes Frites,Beilagen,,MwSt. 7%,1.07,10.280374,0.719626,Normalverkauf
S1000141.43736,SP1000141.18.43736,SY1000141.2026.43736,iPad1(1000141),141,06.06.26 18:32,Prod,A1000141.6620,,101,S1000141.43736,SALE,1,5.5,5.5,0.0,0.0,0.0,0.0,114,Fisch Nuggets Box,Beilagen,,MwSt. 7%,1.07,5.140187,0.359813,Normalverkauf
S1000141.43737,SP1000141.18.43737,SY1000141.2026.43737,iPad1(1000141),141,06.06.26 11:51,Prod,A1000141.6621,,104,S1000141.43737,SALE,1,5.9,5.9,0.0,0.0,0.0,0.0,116,Vanillequark,Desserts,,MwSt. 7%,1.07,5.514019,0.385981,Normalverkauf
S1000141.43738,SP1000141.18.43738,SY1000141.2026.43738,iPad1(1000141),141,06.06.26 19:30,Prod,A1000141.6622,Tisch 5,114,S1000141.43738,SALE,1,10.9,10.9,0.0,0.0,0.0,0.0,107,Chicken Burger,Hauptgerichte,,MwSt. 7%,1.07,10.186916,0.713084,Normalverkauf
S1000141.43739,SP1000141.18.43739,SY1000141.2026.43739,iPad1(1000141),141,06.06.26 19:00,Prod,A1000141.6623,Tisch 13,104,S1000141.43739,SALE,2,10.9,21.8,0.0,0.0,0.0,0.0,107,Chicken Burger,Hauptgerichte,,MwSt. 7%,1.07,20.373832,1.426168,Normalverkauf
S1000141.43740,SP1000141.18.43740,SY1000141.2026.43740,iPad1(1000141),141,06.06.26 13:20,Prod,A1000141.6624,Tisch 4,113,S1000141.43740,VOID,1,11.9,11.9,0.0,0.0,0.0,0.0,110,Matjes-Baguette,Hauptgerichte,,MwSt. 7%,1.07,11.121495,0.778505,Normalverkauf
S1000141.43741,SP1000141.18.43741,SY1000141.2026.43741,iPad1(1000141),141,06.06.26 08:42,Prod,A1000141.6625,Tisch 11,118,S1000141.43741,SALE,1,6.9,6.9,0.0,0.0,0.0,0.0,103,Fischbrötchen Räucherlachs,Hauptspeisen,,MwSt. 7%,1.07,6.448598,0.451402,Normalverkauf
S1000141.43742,SP1000141.18.43742,SY1000141.2026.43742,iPad1(1000141),141,06.06.26 20:43,Prod,A1000141.6626,Tisch 19,101,S1000141.43742,VOID,2,6.9,13.8,0.0,0.0,0.0,0.0,103,Fischbrötchen Räucherlachs,Hauptspeisen,,MwSt. 7%,1.07,12.897196,0.902804,Normalverkauf
S1000141.43743,SP1000141.18.43743,SY1000141.2026.43743,iPad1(1000141),141,06.06.26 20:43,Prod,A1000141.6626,Tisch 19,101,S1000141.43743,VOID,2,10.9,21.8,0.0,0.0,0.0,0.0,109,Bismarck-Baguette,Hauptgerichte,,MwSt. 7%,1.07,20.373832,1.426168,Normalverkauf
S1000141.43744,SP1000141.18.43744,SY1000141.2026.43744,iPad1(1000141),141,06.06.26 16:44,Prod,A1000141.6627,Tisch 3,101,S1000141.43744,SALE,2,5.9,11.8,0.0,0.0,0.0,0.0,116,Vanillequark,Desserts,,MwSt. 7%,1.07,11.028037,0.771963,Normalverkauf
S1000141.43745,SP1000141.18.43745,SY1000141.2026.43745,iPad1(1000141),141,06.06.26 19:17,Prod,A1000141.6628,Tisch 7,114,S1000141.43745,SALE,1,5.5,5.5,0.0,0.0,0.0,0.0,111,Pommes Frites,Beilagen,,MwSt. 7%,1.07,5.140187,0.359813,Normalverkauf
S1000141.43746,SP1000141.18.43746,SY1000141.2026.43746,iPad1(1000141),141,06.06.26 19:17,Prod,A1000141.6628,Tisch 7,114,S1000141.43746,SALE,2,5.9,11.8,0.0,0.0,0.0,0.0,116,Vanillequark,Desserts,,MwSt. 7%,1.07,11.028037,0.771963,Normalverkauf
S1000141.43747,SP1000141.18.43747,SY1000141.2026.43747,iPad1(1000141),141,06.06.26 19:17,Prod,A1000141.6628,Tisch 7,114,S1000141.43747,SALE,1,6.5,6.5,0.0,0.0,0.0,0.0,100,Fischbrötchen Backfisch,Hauptspeisen,,MwSt. 7%,1.07,6.074766,0.425234,Normalverkauf
S1000141.43748,SP1000141.18.43748,SY1000141.2026.43748,iPad1(1000141),141,06.06.26 11:46,Prod,A1000141.6629,Tisch 20,113,S1000141.43748,SALE,1,9.8,9.8,0.0,0.0,0.0,0.0,108,Seelachs-Ei-Baugette,Hauptgerichte,,MwSt. 7%,1.07,9.158879,0.641121,Normalverkauf
S1000141.43749,SP1000141.18.43749,SY1000141.2026.43749,iPad1(1000141),141,06.06.26 11:46,Prod,A1000141.6629,Tisch 20,113,S1000141.43749,SALE,1,3.9,3.9,0.0,0.0,0.0,0.0,126,Spezi,Getränke,,MwSt. 19%,1.19,3.277311,0.622689,Normalverkauf
S1000141.43750,SP1000141.18.43750,SY1000141.2026.43750,iPad1(1000141),141,06.06.26 11:21,Prod,A1000141.6630,Tisch 18,114,S1000141.43750,SALE,2,9.8,19.6,0.0,0.0,0.0,0.0,108,Seelachs-Ei-Baugette,Hauptgerichte,,MwSt. 7%,1.07,18.317757,1.282243,Normalverkauf
S1000141.43751,SP1000141.18.43751,SY1000141.2026.43751,iPad1(1000141),141,06.06.26 11:21,Prod,A1000141.6630,Tisch 18,114,S1000141.43751,SALE,2,10.9,21.8,0.0,0.0,0.0,0.0,104,Thunfisch Wrap,Hauptgerichte,,MwSt. 7%,1.07,20.373832,1.426168,Normalverkauf
S1000141.43752,SP1000141.18.43752,SY1000141.2026.43752,iPad1(1000141),141,06.06.26 11:21,Prod,A1000141.6630,Tisch 18,114,S1000141.43752,SALE,2,3.9,7.8,0.0,0.0,0.0,0.0,127,Alkoholfreies Bier,Getränke,,MwSt. 19%,1.19,6.554622,1.245378,Normalverkauf
S1000141.43753,SP1000141.18.43753,SY1000141.2026.43753,iPad1(1000141),141,06.06.26 16:00,Prod,A1000141.6631,Tisch 16,101,S1000141.43753,SALE,2,4.2,8.4,0.0,0.0,0.0,0.0,122,Bier,Getränke,,MwSt. 19%,1.19,7.058824,1.341176,Normalverkauf
S1000141.43754,SP1000141.18.43754,SY1000141.2026.43754,iPad1(1000141),141,06.06.26 16:00,Prod,A1000141.6631,Tisch 16,101,S1000141.43754,SALE,1,3.2,3.2,0.0,0.0,0.0,0.0,120,Apfelschorle,Getränke,,MwSt. 19%,1.19,2.689076,0.510924,Normalverkauf
S1000141.43755,SP1000141.18.43755,SY1000141.2026.43755,iPad1(1000141),141,06.06.26 16:35,Prod,A1000141.6632,Tisch 5,105,S1000141.43755,SALE,1,7.9,7.9,0.0,0.0,0.0,0.0,106,Neptun-Ringe,Beilagen,,MwSt. 7%,1.07,7.383178,0.516822,Normalverkauf
S1000141.43756,SP1000141.18.43756,SY1000141.2026.43756,iPad1(1000141),141,06.06.26 14:09,Prod,A1000141.6633,Tisch 15,104,S1000141.43756,SALE,2,3.9,7.8,0.0,0.0,0.0,0.0,119,Cola,Getränke,,MwSt. 19%,1.19,6.554622,1.245378,Normalverkauf
S1000141.43757,SP1000141.18.43757,SY1000141.2026.43757,iPad1(1000141),141,06.06.26 14:09,Prod,A1000141.6633,Tisch 15,104,S1000141.43757,SALE,2,6.9,13.8,0.0,0.0,0.0,0.0,103,Fischbrötchen Räucherlachs,Hauptspeisen,,MwSt. 7%,1.07,12.897196,0.902804,Normalverkauf
S1000141.43758,SP1000141.18.43758,SY1000141.2026.43758,iPad1(1000141),141,06.06.26 14:09,Prod,A1000141.6633,Tisch 15,104,S1000141.43758,SALE,1,10.9,10.9,0.0,0.0,0.0,0.0,104,Thunfisch Wrap,Hauptgerichte,,MwSt. 7%,1.07,10.186916,0.713084,Normalverkauf
S1000141.43759,SP1000141.18.43759,SY1000141.2026.43759,iPad1(1000141),141,06.06.26 11:44,Prod,A1000141.6634,Tisch 8,105,S1000141.43759,SALE,1,13.5,13.5,0.0,0.0,0.0,0.0,102,Matjes,Hauptspeisen,,MwSt. 7%,1.07,12.616822,0.883178,Normalverkauf
S1000141.43760,SP1000141.18.43760,SY1000141.2026.43760,iPad1(1000141),141,06.06.26 11:44,Prod,A1000141.6634,Tisch 8,105,S1000141.43760,SALE,2,4.9,9.8,0.0,0.0,0.0,0.0,112,Kartoffelwedges,Beilagen,,MwSt. 7%,1.07,9.158879,0.641121,Normalverkauf
S1000141.43761,SP1000141.18.43761,SY1000141.2026.43761,iPad1(1000141),141,06.06.26 13:01,Prod,A1000141.6635,Tisch 17,105,S1000141.43761,VOID,1,5.5,5.5,0.0,0.0,0.0,0.0,114,Fisch Nuggets Box,Beilagen,,MwSt. 7%,1.07,5.140187,0.359813,Normalverkauf
S1000141.43762,SP1000141.18.43762,SY1000141.2026.43762,iPad1(1000141),141,06.06.26 13:01,Prod,A1000141.6635,Tisch 17,105,S1000141.43762,VOID,2,3.9,7.8,0.0,0.0,0.0,0.0,119,Cola,Getränke,,MwSt. 19%,1.19,6.554622,1.245378,Normalverkauf
S1000141.43763,SP1000141.18.43763,SY1000141.2026.43763,iPad1(1000141),141,06.06.26 13:01,Prod,A1000141.6635,Tisch 17,105,S1000141.43763,VOID,1,3.9,3.9,0.0,0.0,0.0,0.0,119,Cola,Getränke,,MwSt. 19%,1.19,3.277311,0.622689,Normalverkauf
S1000141.43764,SP1000141.18.43764,SY1000141.2026.43764,iPad1(1000141),141,06.06.26 11:06,Prod,A1000141.6636,Tisch 5,104,S1000141.43764,SALE,2,5.9,11.8,0.0,0.0,0.0,0.0,123,Inger-Limonade,Getränke,,MwSt. 19%,1.19,9.915966,1.884034,Normalverkauf
S1000141.43765,SP1000141.18.43765,SY1000141.2026.43765,iPad1(1000141),141,06.06.26 11:06,Prod,A1000141.6636,Tisch 5,104,S1000141.43765,SALE,2,3.9,7.8,0.0,0.0,0.0,0.0,127,Alkoholfreies Bier,Getränke,,MwSt. 19%,1.19,6.554622,1.245378,Normalverkauf
S1000141.43766,SP1000141.18.43766,SY1000141.2026.43766,iPad1(1000141),141,06.06.26 17:00,Prod,A1000141.6637,Tisch 8,105,S1000141.43766,SALE,2,10.9,21.8,0.0,0.0,0.0,0.0,104,Thunfisch Wrap,Hauptgerichte,,MwSt. 7%,1.07,20.373832,1.426168,Normalverkauf
S1000141.43767,SP1000141.18.43767,SY1000141.2026.43767,iPad1(1000141),141,06.06.26 17:00,Prod,A1000141.6637,Tisch 8,105,S1000141.43767,SALE,1,10.9,10.9,0.0,0.0,0.0,0.0,109,Bismarck-Baguette,Hauptgerichte,,MwSt. 7%,1.07,10.186916,0.713084,Normalverkauf
S1000141.43768,SP1000141.18.43768,SY1000141.2026.43768,iPad1(1000141),141,06.06.26 17:00,Prod,A1000141.6637,Tisch 8,105,S1000141.43768,SALE,1,4.9,4.9,0.0,0.0,0.0,0.0,112,Kartoffelwedges,Beilagen,,MwSt. 7%,1.07,4.579439,0.320561,Normalverkauf
S1000141.43769,SP1000141.18.43769,SY1000141.2026.43769,iPad1(1000141),141,06.06.26 17:05,Prod,A1000141.6638,Tisch 20,104,S1000141.43769,SALE,2,10.9,21.8,0.0,0.0,0.0,0.0,104,Thunfisch Wrap,Hauptgerichte,,MwSt. 7%,1.07,20.373832,1.426168,Normalverkauf
S1000141.43770,SP1000141.18.43770,SY1000141.2026.43770,iPad1(1000141),141,06.06.26 17:05,Prod,A1000141.6638,Tisch 20,104,S1000141.43770,SALE,1,3.2,3.2,0.0,0.0,0.0,0.0,120,Apfelschorle,Getränke,,MwSt. 19%,1.19,2.689076,0.510924,Normalverkauf
S1000141.43771,SP1000141.18.43771,SY1000141.2026.43771,iPad1(1000141),141,06.06.26 09:05,Prod,A1000141.6639,Tisch 24,104,S1000141.43771,SALE,1,5.9,5.9,0.0,0.0,0.0,0.0,117,Rote Grütze,Desserts,,MwSt. 7%,1.07,5.514019,0.385981,Normalverkauf
S1000141.43772,SP1000141.18.43772,SY1000141.2026.43772,iPad1(1000141),141,06.06.26 09:05,Prod,A1000141.6639,Tisch 24,104,S1000141.43772,SALE,2,14.5,29.0,0.0,0.0,0.0,0.0,101,Lachs,Hauptspeisen,,MwSt. 7%,1.07,27.102804,1.897196,Normalverkauf
S1000141.43773,SP1000141.18.43773,SY1000141.2026.43773,iPad1(1000141),141,06.06.26 09:05,Prod,A1000141.6639,Tisch 24,104,S1000141.43773,SALE,1,3.9,3.9,0.0,0.0,0.0,0.0,119,Cola,Getränke,,MwSt. 19%,1.19,3.277311,0.622689,Normalverkauf
S1000141.43774,SP1000141.18.43774,SY1000141.2026.43774,iPad1(1000141),141,06.06.26 19:14,Prod,A1000141.6640,Tisch 8,101,S1000141.43774,SALE,2,7.9,15.8,0.0,0.0,0.0,0.0,106,Neptun-Ringe,Beilagen,,MwSt. 7%,1.07,14.766355,1.033645,Normalverkauf
S1000141.43775,SP1000141.18.43775,SY1000141.2026.43775,iPad1(1000141),141,06.06.26 13:35,Prod,A1000141.6641,Tisch 3,104,S1000141.43775,SALE,2,3.2,6.4,0.0,0.0,0.0,0.0,120,Apfelschorle,Getränke,,MwSt. 19%,1.19,5.378151,1.021849,Normalverkauf
S1000141.43776,SP1000141.18.43776,SY1000141.2026.43776,iPad1(1000141),141,06.06.26 13:35,Prod,A1000141.6641,Tisch 3,104,S1000141.43776,SALE,2,5.5,11.0,0.0,0.0,0.0,0.0,111,Pommes Frites,Beilagen,,MwSt. 7%,1.07,10.280374,0.719626,Normalverkauf
S1000141.43777,SP1000141.18.43777,SY1000141.2026.43777,iPad1(1000141),141,06.06.26 16:03,Prod,A1000141.6642,Tisch 14,104,S1000141.43777,SALE,2,4.9,9.8,0.0,0.0,0.0,0.0,112,Kartoffelwedges,Beilagen,,MwSt. 7%,1.07,9.158879,0.641121,Normalverkauf
S1000141.43778,SP1000141.18.43778,SY1000141.2026.43778,iPad1(1000141),141,06.06.26 16:03,Prod,A1000141.6642,Tisch 14,104,S1000141.43778,SALE,1,10.9,10.9,0.0,0.0,0.0,0.0,107,Chicken Burger,Hauptgerichte,,MwSt. 7%,1.07,10.186916,0.713084,Normalverkauf
S1000141.43779,SP1000141.18.43779,SY1000141.2026.43779,iPad1(1000141),141,06.06.26 08:17,Prod,A1000141.6643,Tisch 24,104,S1000141.43779,SALE,2,6.9,13.8,0.0,0.0,0.0,0.0,103,Fischbrötchen Räucherlachs,Hauptspeisen,,MwSt. 7%,1.07,12.897196,0.902804,Normalverkauf
S1000141.43780,SP1000141.18.43780,SY1000141.2026.43780,iPad1(1000141),141,06.06.26 17:29,Prod,A1000141.6644,Tisch 1,118,S1000141.43780,SALE,2,11.5,23.0,0.0,0.0,0.0,0.0,105,Garnelen-Kimchi-Bruger,Hauptgerichte,,MwSt. 7%,1.07,21.495327,1.504673,Normalverkauf
S1000141.43781,SP1000141.18.43781,SY1000141.2026.43781,iPad1(1000141),141,06.06.26 17:29,Prod,A1000141.6644,Tisch 1,118,S1000141.43781,SALE,2,11.9,23.8,0.0,0.0,0.0,0.0,110,Matjes-Baguette,Hauptgerichte,,MwSt. 7%,1.07,22.242991,1.557009,Normalverkauf
S1000141.43782,SP1000141.18.43782,SY1000141.2026.43782,iPad1(1000141),141,06.06.26 19:08,Prod,A1000141.6645,Tisch 16,118,S1000141.43782,SALE,1,5.9,5.9,0.0,0.0,0.0,0.0,125,Zitronen-Limonade,Getränke,,MwSt. 19%,1.19,4.957983,0.942017,Normalverkauf
S1000141.43783,SP1000141.18.43783,SY1000141.2026.43783,iPad1(1000141),141,06.06.26 19:08,Prod,A1000141.6645,Tisch 16,118,S1000141.43783,SALE,1,5.9,5.9,0.0,0.0,0.0,0.0,125,Zitronen-Limonade,Getränke,,MwSt. 19%,1.19,4.957983,0.942017,Normalverkauf
S1000141.43784,SP1000141.18.43784,SY1000141.2026.43784,iPad1(1000141),141,06.06.26 19:08,Prod,A1000141.6645,Tisch 16,118,S1000141.43784,SALE,1,5.5,5.5,0.0,0.0,0.0,0.0,111,Pommes Frites,Beilagen,,MwSt. 7%,1.07,5.140187,0.359813,Normalverkauf
S1000141.43785,SP1000141.18.43785,SY1000141.2026.43785,iPad1(1000141),141,06.06.26 11:25,Prod,A1000141.6646,,118,S1000141.43785,SALE,2,6.9,13.8,0.0,0.0,0.0,0.0,103,Fischbrötchen Räucherlachs,Hauptspeisen,,MwSt. 7%,1.07,12.897196,0.902804,Normalverkauf
S1000141.43786,SP1000141.18.43786,SY1000141.2026.43786,iPad1(1000141),141,06.06.26 11:25,Prod,A1000141.6646,,118,S1000141.43786,SALE,2,3.9,7.8,0.0,0.0,0.0,0.0,119,Cola,Getränke,,MwSt. 19%,1.19,6.554622,1.245378,Normalverkauf
S1000141.43787,SP1000141.18.43787,SY1000141.2026.43787,iPad1(1000141),141,06.06.26 11:25,Prod,A1000141.6646,,118,S1000141.43787,SALE,2,4.2,8.4,0.0,0.0,0.0,0.0,122,Bier,Getränke,,MwSt. 19%,1.19,7.058824,1.341176,Normalverkauf
S1000141.43788,SP1000141.18.43788,SY1000141.2026.43788,iPad1(1000141),141,06.06.26 18:10,Prod,A1000141.6647,Tisch 23,101,S1000141.43788,SALE,2,5.9,11.8,0.0,0.0,0.0,0.0,117,Rote Grütze,Desserts,,MwSt. 7%,1.07,11.028037,0.771963,Normalverkauf
S1000141.43789,SP1000141.18.43789,SY1000141.2026.43789,iPad1(1000141),141,06.06.26 18:10,Prod,A1000141.6647,Tisch 23,101,S1000141.43789,SALE,2,10.9,21.8,0.0,0.0,0.0,0.0,104,Thunfisch Wrap,Hauptgerichte,,MwSt. 7%,1.07,20.373832,1.426168,Normalverkauf
S1000141.43790,SP1000141.18.43790,SY1000141.2026.43790,iPad1(1000141),141,06.06.26 18:10,Prod,A1000141.6647,Tisch 23,101,S1000141.43790,SALE,2,5.5,11.0,0.0,0.0,0.0,0.0,111,Pommes Frites,Beilagen,,MwSt. 7%,1.07,10.280374,0.719626,Normalverkauf
S1000141.43791,SP1000141.18.43791,SY1000141.2026.43791,iPad1(1000141),141,06.06.26 17:11,Prod,A1000141.6648,Tisch 10,101,S1000141.43791,SALE,1,5.9,5.9,0.0,0.0,0.0,0.0,117,Rote Grütze,Desserts,,MwSt. 7%,1.07,5.514019,0.385981,Normalverkauf
S1000141.43792,SP1000141.18.43792,SY1000141.2026.43792,iPad1(1000141),141,06.06.26 17:11,Prod,A1000141.6648,Tisch 10,101,S1000141.43792,SALE,2,6.9,13.8,0.0,0.0,0.0,0.0,113,Garnelen Box,Beilagen,,MwSt. 7%,1.07,12.897196,0.902804,Normalverkauf
S1000141.43793,SP1000141.18.43793,SY1000141.2026.43793,iPad1(1000141),141,06.06.26 12:30,Prod,A1000141.6649,Tisch 9,105,S1000141.43793,SALE,2,3.2,6.4,0.0,0.0,0.0,0.0,120,Apfelschorle,Getränke,,MwSt. 19%,1.19,5.378151,1.021849,Normalverkauf
S1000141.43794,SP1000141.18.43794,SY1000141.2026.43794,iPad1(1000141),141,06.06.26 12:30,Prod,A1000141.6649,Tisch 9,105,S1000141.43794,SALE,2,6.5,13.0,0.0,0.0,0.0,0.0,100,Fischbrötchen Backfisch,Hauptspeisen,,MwSt. 7%,1.07,12.149533,0.850467,Normalverkauf
S1000141.43795,SP1000141.18.43795,SY1000141.2026.43795,iPad1(1000141),141,06.06.26 18:29,Prod,A1000141.6650,,104,S1000141.43795,SALE,2,14.5,29.0,0.0,0.0,0.0,0.0,101,Lachs,Hauptspeisen,,MwSt. 7%,1.07,27.102804,1.897196,Normalverkauf
S1000141.43796,SP1000141.18.43796,SY1000141.2026.43796,iPad1(1000141),141,06.06.26 18:36,Prod,A1000141.6651,Tisch 17,114,S1000141.43796,SALE,2,3.9,7.8,0.0,0.0,0.0,0.0,119,Cola,Getränke,,MwSt. 19%,1.19,6.554622,1.245378,Normalverkauf
S1000141.43797,SP1000141.18.43797,SY1000141.2026.43797,iPad1(1000141),141,06.06.26 17:42,Prod,A1000141.6652,Tisch 14,113,S1000141.43797,SALE,2,3.9,7.8,0.0,0.0,0.0,0.0,127,Alkoholfreies Bier,Getränke,,MwSt. 19%,1.19,6.554622,1.245378,Normalverkauf
S1000141.43798,SP1000141.18.43798,SY1000141.2026.43798,iPad1(1000141),141,06.06.26 17:42,Prod,A1000141.6652,Tisch 14,113,S1000141.43798,SALE,2,5.5,11.0,0.0,0.0,0.0,0.0,111,Pommes Frites,Beilagen,,MwSt. 7%,1.07,10.280374,0.719626,Normalverkauf
S1000141.43799,SP1000141.18.43799,SY1000141.2026.43799,iPad1(1000141),141,06.06.26 17:42,Prod,A1000141.6652,Tisch 14,113,S1000141.43799,SALE,1,6.9,6.9,0.0,0.0,0.0,0.0,103,Fischbrötchen Räucherlachs,Hauptspeisen,,MwSt. 7%,1.07,6.448598,0.451402,Normalverkauf
S1000141.43800,SP1000141.18.43800,SY1000141.2026.43800,iPad1(1000141),141,06.06.26 12:26,Prod,A1000141.6653,Tisch 22,114,S1000141.43800,VOID,1,9.8,9.8,0.0,0.0,0.0,0.0,108,Seelachs-Ei-Baugette,Hauptgerichte,,MwSt. 7%,1.07,9.158879,0.641121,Normalverkauf
S1000141.43801,SP1000141.18.43801,SY1000141.2026.43801,iPad1(1000141),141,06.06.26 13:00,Prod,A1000141.6654,Tisch 12,101,S1000141.43801,SALE,1,3.9,3.9,0.0,0.0,0.0,0.0,127,Alkoholfreies Bier,Getränke,,MwSt. 19%,1.19,3.277311,0.622689,Normalverkauf
S1000141.43802,SP1000141.18.43802,SY1000141.2026.43802,iPad1(1000141),141,07.06.26 12:13,Prod,A1000141.6655,Tisch 7,104,S1000141.43802,SALE,2,6.5,13.0,0.0,0.0,0.0,0.0,100,Fischbrötchen Backfisch,Hauptspeisen,,MwSt. 7%,1.07,12.149533,0.850467,Normalverkauf
S1000141.43803,SP1000141.18.43803,SY1000141.2026.43803,iPad1(1000141),141,07.06.26 12:13,Prod,A1000141.6655,Tisch 7,104,S1000141.43803,SALE,2,7.9,15.8,0.0,0.0,0.0,0.0,106,Neptun-Ringe,Beilagen,,MwSt. 7%,1.07,14.766355,1.033645,Normalverkauf
S1000141.43804,SP1000141.18.43804,SY1000141.2026.43804,iPad1(1000141),141,07.06.26 12:13,Prod,A1000141.6655,Tisch 7,104,S1000141.43804,SALE,1,5.9,5.9,0.0,0.0,0.0,0.0,123,Inger-Limonade,Getränke,,MwSt. 19%,1.19,4.957983,0.942017,Normalverkauf
S1000141.43805,SP1000141.18.43805,SY1000141.2026.43805,iPad1(1000141),141,07.06.26 09:29,Prod,A1000141.6656,Tisch 21,105,S1000141.43805,SALE,1,5.9,5.9,0.0,0.0,0.0,0.0,125,Zitronen-Limonade,Getränke,,MwSt. 19%,1.19,4.957983,0.942017,Normalverkauf
S1000141.43806,SP1000141.18.43806,SY1000141.2026.43806,iPad1(1000141),141,07.06.26 13:46,Prod,A1000141.6657,Tisch 19,101,S1000141.43806,SALE,2,5.9,11.8,0.0,0.0,0.0,0.0,116,Vanillequark,Desserts,,MwSt. 7%,1.07,11.028037,0.771963,Normalverkauf
S1000141.43807,SP1000141.18.43807,SY1000141.2026.43807,iPad1(1000141),141,07.06.26 13:46,Prod,A1000141.6657,Tisch 19,101,S1000141.43807,SALE,1,3.2,3.2,0.0,0.0,0.0,0.0,120,Apfelschorle,Getränke,,MwSt. 19%,1.19,2.689076,0.510924,Normalverkauf
S1000141.43808,SP1000141.18.43808,SY1000141.2026.43808,iPad1(1000141),141,07.06.26 19:01,Prod,A1000141.6658,Tisch 18,104,S1000141.43808,SALE,2,5.5,11.0,0.0,0.0,0.0,0.0,111,Pommes Frites,Beilagen,,MwSt. 7%,1.07,10.280374,0.719626,Normalverkauf
S1000141.43809,SP1000141.18.43809,SY1000141.2026.43809,iPad1(1000141),141,07.06.26 15:01,Prod,A1000141.6659,Tisch 16,118,S1000141.43809,SALE,1,7.9,7.9,0.0,0.0,0.0,0.0,115,Tiramisu,Desserts,,MwSt. 7%,1.07,7.383178,0.516822,Normalverkauf
S1000141.43810,SP1000141.18.43810,SY1000141.2026.43810,iPad1(1000141),141,07.06.26 15:01,Prod,A1000141.6659,Tisch 16,118,S1000141.43810,SALE,1,11.9,11.9,0.0,0.0,0.0,0.0,110,Matjes-Baguette,Hauptgerichte,,MwSt. 7%,1.07,11.121495,0.778505,Normalverkauf
S1000141.43811,SP1000141.18.43811,SY1000141.2026.43811,iPad1(1000141),141,07.06.26 16:05,Prod,A1000141.6660,Tisch 20,113,S1000141.43811,SALE,2,3.9,7.8,0.0,0.0,0.0,0.0,126,Spezi,Getränke,,MwSt. 19%,1.19,6.554622,1.245378,Normalverkauf
S1000141.43812,SP1000141.18.43812,SY1000141.2026.43812,iPad1(1000141),141,07.06.26 16:05,Prod,A1000141.6660,Tisch 20,113,S1000141.43812,SALE,2,5.5,11.0,0.0,0.0,0.0,0.0,114,Fisch Nuggets Box,Beilagen,,MwSt. 7%,1.07,10.280374,0.719626,Normalverkauf
S1000141.43813,SP1000141.18.43813,SY1000141.2026.43813,iPad1(1000141),141,07.06.26 11:52,Prod,A1000141.6661,Tisch 24,113,S1000141.43813,SALE,2,10.9,21.8,0.0,0.0,0.0,0.0,109,Bismarck-Baguette,Hauptgerichte,,MwSt. 7%,1.07,20.373832,1.426168,Normalverkauf
S1000141.43814,SP1000141.18.43814,SY1000141.2026.43814,iPad1(1000141),141,07.06.26 12:09,Prod,A1000141.6662,Tisch 23,101,S1000141.43814,SALE,1,5.9,5.9,0.0,0.0,0.0,0.0,116,Vanillequark,Desserts,,MwSt. 7%,1.07,5.514019,0.385981,Normalverkauf
S1000141.43815,SP1000141.18.43815,SY1000141.2026.43815,iPad1(1000141),141,07.06.26 12:09,Prod,A1000141.6662,Tisch 23,101,S1000141.43815,SALE,1,6.5,6.5,0.0,0.0,0.0,0.0,118,Schokokuchen,Desserts,,MwSt. 7%,1.07,6.074766,0.425234,Normalverkauf
S1000141.43816,SP1000141.18.43816,SY1000141.2026.43816,iPad1(1000141),141,07.06.26 13:24,Prod,A1000141.6663,Tisch 9,101,S1000141.43816,SALE,2,5.9,11.8,0.0,0.0,0.0,0.0,117,Rote Grütze,Desserts,,MwSt. 7%,1.07,11.028037,0.771963,Normalverkauf
S1000141.43817,SP1000141.18.43817,SY1000141.2026.43817,iPad1(1000141),141,07.06.26 08:34,Prod,A1000141.6664,Tisch 13,114,S1000141.43817,SALE,2,13.5,27.0,0.0,0.0,0.0,0.0,102,Matjes,Hauptspeisen,,MwSt. 7%,1.07,25.233645,1.766355,Normalverkauf
S1000141.43818,SP1000141.18.43818,SY1000141.2026.43818,iPad1(1000141),141,07.06.26 13:32,Prod,A1000141.6665,Tisch 2,114,S1000141.43818,SALE,1,11.9,11.9,0.0,0.0,0.0,0.0,110,Matjes-Baguette,Hauptgerichte,,MwSt. 7%,1.07,11.121495,0.778505,Normalverkauf
S1000141.43819,SP1000141.18.43819,SY1000141.2026.43819,iPad1(1000141),141,07.06.26 13:32,Prod,A1000141.6665,Tisch 2,114,S1000141.43819,SALE,2,5.5,11.0,0.0,0.0,0.0,0.0,111,Pommes Frites,Beilagen,,MwSt. 7%,1.07,10.280374,0.719626,Normalverkauf
S1000141.43820,SP1000141.18.43820,SY1000141.2026.43820,iPad1(1000141),141,07.06.26 11:34,Prod,A1000141.6666,Tisch 23,104,S1000141.43820,SALE,2,11.9,23.8,0.0,0.0,0.0,0.0,110,Matjes-Baguette,Hauptgerichte,,MwSt. 7%,1.07,22.242991,1.557009,Normalverkauf
S1000141.43821,SP1000141.18.43821,SY1000141.2026.43821,iPad1(1000141),141,07.06.26 11:34,Prod,A1000141.6666,Tisch 23,104,S1000141.43821,SALE,1,6.9,6.9,0.0,0.0,0.0,0.0,113,Garnelen Box,Beilagen,,MwSt. 7%,1.07,6.448598,0.451402,Normalverkauf
S1000141.43822,SP1000141.18.43822,SY1000141.2026.43822,iPad1(1000141),141,07.06.26 15:42,Prod,A1000141.6667,Tisch 24,118,S1000141.43822,SALE,2,6.5,13.0,0.0,0.0,0.0,0.0,100,Fischbrötchen Backfisch,Hauptspeisen,,MwSt. 7%,1.07,12.149533,0.850467,Normalverkauf
S1000141.43823,SP1000141.18.43823,SY1000141.2026.43823,iPad1(1000141),141,07.06.26 15:42,Prod,A1000141.6667,Tisch 24,118,S1000141.43823,SALE,2,5.9,11.8,0.0,0.0,0.0,0.0,125,Zitronen-Limonade,Getränke,,MwSt. 19%,1.19,9.915966,1.884034,Normalverkauf
S1000141.43824,SP1000141.18.43824,SY1000141.2026.43824,iPad1(1000141),141,07.06.26 18:37,Prod,A1000141.6668,Tisch 15,105,S1000141.43824,SALE,1,6.9,6.9,0.0,0.0,0.0,0.0,103,Fischbrötchen Räucherlachs,Hauptspeisen,,MwSt. 7%,1.07,6.448598,0.451402,Normalverkauf
S1000141.43825,SP1000141.18.43825,SY1000141.2026.43825,iPad1(1000141),141,07.06.26 18:37,Prod,A1000141.6668,Tisch 15,105,S1000141.43825,SALE,2,6.9,13.8,0.0,0.0,0.0,0.0,113,Garnelen Box,Beilagen,,MwSt. 7%,1.07,12.897196,0.902804,Normalverkauf
S1000141.43826,SP1000141.18.43826,SY1000141.2026.43826,iPad1(1000141),141,07.06.26 18:37,Prod,A1000141.6668,Tisch 15,105,S1000141.43826,SALE,2,5.9,11.8,0.0,0.0,0.0,0.0,125,Zitronen-Limonade,Getränke,,MwSt. 19%,1.19,9.915966,1.884034,Normalverkauf
S1000141.43827,SP1000141.18.43827,SY1000141.2026.43827,iPad1(1000141),141,07.06.26 11:40,Prod,A1000141.6669,Tisch 20,105,S1000141.43827,SALE,1,6.5,6.5,0.0,0.0,0.0,0.0,118,Schokokuchen,Desserts,,MwSt. 7%,1.07,6.074766,0.425234,Normalverkauf
S1000141.43828,SP1000141.18.43828,SY1000141.2026.43828,iPad1(1000141),141,07.06.26 10:12,Prod,A1000141.6670,Tisch 7,114,S1000141.43828,SALE,2,3.2,6.4,0.0,0.0,0.0,0.0,120,Apfelschorle,Getränke,,MwSt. 19%,1.19,5.378151,1.021849,Normalverkauf
S1000141.43829,SP1000141.18.43829,SY1000141.2026.43829,iPad1(1000141),141,07.06.26 10:12,Prod,A1000141.6670,Tisch 7,114,S1000141.43829,SALE,2,10.9,21.8,0.0,0.0,0.0,0.0,104,Thunfisch Wrap,Hauptgerichte,,MwSt. 7%,1.07,20.373832,1.426168,Normalverkauf
S1000141.43830,SP1000141.18.43830,SY1000141.2026.43830,iPad1(1000141),141,07.06.26 10:12,Prod,A1000141.6670,Tisch 7,114,S1000141.43830,SALE,2,2.8,5.6,0.0,0.0,0.0,0.0,121,Mineralwasser,Getränke,,MwSt. 19%,1.19,4.705882,0.894118,Normalverkauf
S1000141.43831,SP1000141.18.43831,SY1000141.2026.43831,iPad1(1000141),141,07.06.26 16:38,Prod,A1000141.6671,,104,S1000141.43831,SALE,2,10.9,21.8,0.0,0.0,0.0,0.0,107,Chicken Burger,Hauptgerichte,,MwSt. 7%,1.07,20.373832,1.426168,Normalverkauf
S1000141.43832,SP1000141.18.43832,SY1000141.2026.43832,iPad1(1000141),141,07.06.26 12:28,Prod,A1000141.6672,Tisch 1,114,S1000141.43832,SALE,1,5.9,5.9,0.0,0.0,0.0,0.0,125,Zitronen-Limonade,Getränke,,MwSt. 19%,1.19,4.957983,0.942017,Normalverkauf
S1000141.43833,SP1000141.18.43833,SY1000141.2026.43833,iPad1(1000141),141,07.06.26 12:28,Prod,A1000141.6672,Tisch 1,114,S1000141.43833,SALE,2,13.5,27.0,0.0,0.0,0.0,0.0,102,Matjes,Hauptspeisen,,MwSt. 7%,1.07,25.233645,1.766355,Normalverkauf
S1000141.43834,SP1000141.18.43834,SY1000141.2026.43834,iPad1(1000141),141,07.06.26 12:28,Prod,A1000141.6672,Tisch 1,114,S1000141.43834,SALE,1,11.9,11.9,0.0,0.0,0.0,0.0,110,Matjes-Baguette,Hauptgerichte,,MwSt. 7%,1.07,11.121495,0.778505,Normalverkauf
S1000141.43835,SP1000141.18.43835,SY1000141.2026.43835,iPad1(1000141),141,07.06.26 16:26,Prod,A1000141.6673,Tisch 12,113,S1000141.43835,SALE,2,10.9,21.8,0.0,0.0,0.0,0.0,104,Thunfisch Wrap,Hauptgerichte,,MwSt. 7%,1.07,20.373832,1.426168,Normalverkauf
S1000141.43836,SP1000141.18.43836,SY1000141.2026.43836,iPad1(1000141),141,07.06.26 12:43,Prod,A1000141.6674,Tisch 23,104,S1000141.43836,SALE,1,4.2,4.2,0.0,0.0,0.0,0.0,122,Bier,Getränke,,MwSt. 19%,1.19,3.529412,0.670588,Normalverkauf
S1000141.43837,SP1000141.18.43837,SY1000141.2026.43837,iPad1(1000141),141,07.06.26 16:48,Prod,A1000141.6675,Tisch 20,104,S1000141.43837,SALE,2,9.8,19.6,0.0,0.0,0.0,0.0,108,Seelachs-Ei-Baugette,Hauptgerichte,,MwSt. 7%,1.07,18.317757,1.282243,Normalverkauf
S1000141.43838,SP1000141.18.43838,SY1000141.2026.43838,iPad1(1000141),141,07.06.26 16:48,Prod,A1000141.6675,Tisch 20,104,S1000141.43838,SALE,1,2.8,2.8,0.0,0.0,0.0,0.0,121,Mineralwasser,Getränke,,MwSt. 19%,1.19,2.352941,0.447059,Normalverkauf
S1000141.43839,SP1000141.18.43839,SY1000141.2026.43839,iPad1(1000141),141,07.06.26 17:00,Prod,A1000141.6676,Tisch 14,104,S1000141.43839,SALE,2,5.9,11.8,0.0,0.0,0.0,0.0,116,Vanillequark,Desserts,,MwSt. 7%,1.07,11.028037,0.771963,Normalverkauf
S1000141.43840,SP1000141.18.43840,SY1000141.2026.43840,iPad1(1000141),141,07.06.26 17:00,Prod,A1000141.6676,Tisch 14,104,S1000141.43840,SALE,2,5.9,11.8,0.0,0.0,0.0,0.0,125,Zitronen-Limonade,Getränke,,MwSt. 19%,1.19,9.915966,1.884034,Normalverkauf
S1000141.43841,SP1000141.18.43841,SY1000141.2026.43841,iPad1(1000141),141,07.06.26 13:57,Prod,A1000141.6677,Tisch 20,114,S1000141.43841,VOID,2,9.8,19.6,0.0,0.0,0.0,0.0,108,Seelachs-Ei-Baugette,Hauptgerichte,,MwSt. 7%,1.07,18.317757,1.282243,Normalverkauf
S1000141.43842,SP1000141.18.43842,SY1000141.2026.43842,iPad1(1000141),141,07.06.26 13:57,Prod,A1000141.6677,Tisch 20,114,S1000141.43842,VOID,2,5.9,11.8,0.0,0.0,0.0,0.0,125,Zitronen-Limonade,Getränke,,MwSt. 19%,1.19,9.915966,1.884034,Normalverkauf
S1000141.43843,SP1000141.18.43843,SY1000141.2026.43843,iPad1(1000141),141,07.06.26 20:18,Prod,A1000141.6678,Tisch 17,105,S1000141.43843,SALE,1,4.9,4.9,0.0,0.0,0.0,0.0,112,Kartoffelwedges,Beilagen,,MwSt. 7%,1.07,4.579439,0.320561,Normalverkauf
S1000141.43844,SP1000141.18.43844,SY1000141.2026.43844,iPad1(1000141),141,07.06.26 20:18,Prod,A1000141.6678,Tisch 17,105,S1000141.43844,SALE,1,4.9,4.9,0.0,0.0,0.0,0.0,112,Kartoffelwedges,Beilagen,,MwSt. 7%,1.07,4.579439,0.320561,Normalverkauf
S1000141.43845,SP1000141.18.43845,SY1000141.2026.43845,iPad1(1000141),141,07.06.26 20:18,Prod,A1000141.6678,Tisch 17,105,S1000141.43845,SALE,1,10.9,10.9,0.0,0.0,0.0,0.0,107,Chicken Burger,Hauptgerichte,,MwSt. 7%,1.07,10.186916,0.713084,Normalverkauf
S1000141.43846,SP1000141.18.43846,SY1000141.2026.43846,iPad1(1000141),141,07.06.26 11:02,Prod,A1000141.6679,Tisch 16,104,S1000141.43846,SALE,2,5.9,11.8,0.0,0.0,0.0,0.0,125,Zitronen-Limonade,Getränke,,MwSt. 19%,1.19,9.915966,1.884034,Normalverkauf
S1000141.43847,SP1000141.18.43847,SY1000141.2026.43847,iPad1(1000141),141,07.06.26 11:02,Prod,A1000141.6679,Tisch 16,104,S1000141.43847,SALE,1,5.5,5.5,0.0,0.0,0.0,0.0,114,Fisch Nuggets Box,Beilagen,,MwSt. 7%,1.07,5.140187,0.359813,Normalverkauf
S1000141.43848,SP1000141.18.43848,SY1000141.2026.43848,iPad1(1000141),141,07.06.26 18:47,Prod,A1000141.6680,Tisch 13,104,S1000141.43848,SALE,2,9.8,19.6,0.0,0.0,0.0,0.0,108,Seelachs-Ei-Baugette,Hauptgerichte,,MwSt. 7%,1.07,18.317757,1.282243,Normalverkauf
S1000141.43849,SP1000141.18.43849,SY1000141.2026.43849,iPad1(1000141),141,07.06.26 18:47,Prod,A1000141.6680,Tisch 13,104,S1000141.43849,SALE,2,5.9,11.8,0.0,0.0,0.0,0.0,117,Rote Grütze,Desserts,,MwSt. 7%,1.07,11.028037,0.771963,Normalverkauf
S1000141.43850,SP1000141.18.43850,SY1000141.2026.43850,iPad1(1000141),141,07.06.26 18:47,Prod,A1000141.6680,Tisch 13,104,S1000141.43850,SALE,1,10.9,10.9,0.0,0.0,0.0,0.0,109,Bismarck-Baguette,Hauptgerichte,,MwSt. 7%,1.07,10.186916,0.713084,Normalverkauf
S1000141.43851,SP1000141.18.43851,SY1000141.2026.43851,iPad1(1000141),141,07.06.26 10:08,Prod,A1000141.6681,Tisch 7,113,S1000141.43851,VOID,2,2.8,5.6,0.0,0.0,0.0,0.0,121,Mineralwasser,Getränke,,MwSt. 19%,1.19,4.705882,0.894118,Normalverkauf
S1000141.43852,SP1000141.18.43852,SY1000141.2026.43852,iPad1(1000141),141,07.06.26 11:47,Prod,A1000141.6682,Tisch 18,104,S1000141.43852,SALE,2,6.9,13.8,0.0,0.0,0.0,0.0,103,Fischbrötchen Räucherlachs,Hauptspeisen,,MwSt. 7%,1.07,12.897196,0.902804,Normalverkauf
S1000141.43853,SP1000141.18.43853,SY1000141.2026.43853,iPad1(1000141),141,07.06.26 11:47,Prod,A1000141.6682,Tisch 18,104,S1000141.43853,SALE,1,6.5,6.5,0.0,0.0,0.0,0.0,100,Fischbrötchen Backfisch,Hauptspeisen,,MwSt. 7%,1.07,6.074766,0.425234,Normalverkauf
S1000141.43854,SP1000141.18.43854,SY1000141.2026.43854,iPad1(1000141),141,07.06.26 15:47,Prod,A1000141.6683,Tisch 17,104,S1000141.43854,VOID,2,9.8,19.6,0.0,0.0,0.0,0.0,108,Seelachs-Ei-Baugette,Hauptgerichte,,MwSt. 7%,1.07,18.317757,1.282243,Normalverkauf
S1000141.43855,SP1000141.18.43855,SY1000141.2026.43855,iPad1(1000141),141,07.06.26 15:47,Prod,A1000141.6683,Tisch 17,104,S1000141.43855,VOID,2,3.9,7.8,0.0,0.0,0.0,0.0,119,Cola,Getränke,,MwSt. 19%,1.19,6.554622,1.245378,Normalverkauf
S1000141.43856,SP1000141.18.43856,SY1000141.2026.43856,iPad1(1000141),141,07.06.26 15:47,Prod,A1000141.6683,Tisch 17,104,S1000141.43856,VOID,1,5.5,5.5,0.0,0.0,0.0,0.0,114,Fisch Nuggets Box,Beilagen,,MwSt. 7%,1.07,5.140187,0.359813,Normalverkauf
S1000141.43857,SP1000141.18.43857,SY1000141.2026.43857,iPad1(1000141),141,07.06.26 12:04,Prod,A1000141.6684,Tisch 8,104,S1000141.43857,SALE,2,10.9,21.8,0.0,0.0,0.0,0.0,109,Bismarck-Baguette,Hauptgerichte,,MwSt. 7%,1.07,20.373832,1.426168,Normalverkauf
S1000141.43858,SP1000141.18.43858,SY1000141.2026.43858,iPad1(1000141),141,07.06.26 20:53,Prod,A1000141.6685,Tisch 9,104,S1000141.43858,SALE,2,3.9,7.8,0.0,0.0,0.0,0.0,124,Cola Zero,Getränke,,MwSt. 19%,1.19,6.554622,1.245378,Normalverkauf
S1000141.43859,SP1000141.18.43859,SY1000141.2026.43859,iPad1(1000141),141,07.06.26 20:53,Prod,A1000141.6685,Tisch 9,104,S1000141.43859,SALE,2,2.8,5.6,0.0,0.0,0.0,0.0,121,Mineralwasser,Getränke,,MwSt. 19%,1.19,4.705882,0.894118,Normalverkauf
S1000141.43860,SP1000141.18.43860,SY1000141.2026.43860,iPad1(1000141),141,07.06.26 20:53,Prod,A1000141.6685,Tisch 9,104,S1000141.43860,SALE,2,3.9,7.8,0.0,0.0,0.0,0.0,119,Cola,Getränke,,MwSt. 19%,1.19,6.554622,1.245378,Normalverkauf
S1000141.43861,SP1000141.18.43861,SY1000141.2026.43861,iPad1(1000141),141,07.06.26 13:57,Prod,A1000141.6686,,101,S1000141.43861,SALE,1,6.9,6.9,0.0,0.0,0.0,0.0,113,Garnelen Box,Beilagen,,MwSt. 7%,1.07,6.448598,0.451402,Normalverkauf
S1000141.43862,SP1000141.18.43862,SY1000141.2026.43862,iPad1(1000141),141,07.06.26 13:57,Prod,A1000141.6686,,101,S1000141.43862,SALE,1,10.9,10.9,0.0,0.0,0.0,0.0,109,Bismarck-Baguette,Hauptgerichte,,MwSt. 7%,1.07,10.186916,0.713084,Normalverkauf
S1000141.43863,SP1000141.18.43863,SY1000141.2026.43863,iPad1(1000141),141,07.06.26 11:03,Prod,A1000141.6687,Tisch 7,113,S1000141.43863,SALE,1,3.2,3.2,0.0,0.0,0.0,0.0,120,Apfelschorle,Getränke,,MwSt. 19%,1.19,2.689076,0.510924,Normalverkauf
S1000141.43864,SP1000141.18.43864,SY1000141.2026.43864,iPad1(1000141),141,07.06.26 11:03,Prod,A1000141.6687,Tisch 7,113,S1000141.43864,SALE,2,3.9,7.8,0.0,0.0,0.0,0.0,127,Alkoholfreies Bier,Getränke,,MwSt. 19%,1.19,6.554622,1.245378,Normalverkauf
S1000141.43865,SP1000141.18.43865,SY1000141.2026.43865,iPad1(1000141),141,07.06.26 11:03,Prod,A1000141.6687,Tisch 7,113,S1000141.43865,SALE,1,10.9,10.9,0.0,0.0,0.0,0.0,104,Thunfisch Wrap,Hauptgerichte,,MwSt. 7%,1.07,10.186916,0.713084,Normalverkauf
S1000141.43866,SP1000141.18.43866,SY1000141.2026.43866,iPad1(1000141),141,07.06.26 08:35,Prod,A1000141.6688,Tisch 10,101,S1000141.43866,SALE,2,9.8,19.6,0.0,0.0,0.0,0.0,108,Seelachs-Ei-Baugette,Hauptgerichte,,MwSt. 7%,1.07,18.317757,1.282243,Normalverkauf
S1000141.43867,SP1000141.18.43867,SY1000141.2026.43867,iPad1(1000141),141,07.06.26 08:35,Prod,A1000141.6688,Tisch 10,101,S1000141.43867,SALE,1,2.8,2.8,0.0,0.0,0.0,0.0,121,Mineralwasser,Getränke,,MwSt. 19%,1.19,2.352941,0.447059,Normalverkauf
S1000141.43868,SP1000141.18.43868,SY1000141.2026.43868,iPad1(1000141),141,07.06.26 15:28,Prod,A1000141.6689,Tisch 19,118,S1000141.43868,SALE,2,10.9,21.8,0.0,0.0,0.0,0.0,104,Thunfisch Wrap,Hauptgerichte,,MwSt. 7%,1.07,20.373832,1.426168,Normalverkauf
S1000141.43869,SP1000141.18.43869,SY1000141.2026.43869,iPad1(1000141),141,07.06.26 15:11,Prod,A1000141.6690,Tisch 19,118,S1000141.43869,SALE,2,10.9,21.8,0.0,0.0,0.0,0.0,109,Bismarck-Baguette,Hauptgerichte,,MwSt. 7%,1.07,20.373832,1.426168,Normalverkauf
S1000141.43870,SP1000141.18.43870,SY1000141.2026.43870,iPad1(1000141),141,07.06.26 08:17,Prod,A1000141.6691,,105,S1000141.43870,SALE,1,2.8,2.8,0.0,0.0,0.0,0.0,121,Mineralwasser,Getränke,,MwSt. 19%,1.19,2.352941,0.447059,Normalverkauf
S1000141.43871,SP1000141.18.43871,SY1000141.2026.43871,iPad1(1000141),141,07.06.26 08:17,Prod,A1000141.6691,,105,S1000141.43871,SALE,1,11.5,11.5,0.0,0.0,0.0,0.0,105,Garnelen-Kimchi-Bruger,Hauptgerichte,,MwSt. 7%,1.07,10.747664,0.752336,Normalverkauf
S1000141.43872,SP1000141.18.43872,SY1000141.2026.43872,iPad1(1000141),141,07.06.26 08:17,Prod,A1000141.6691,,105,S1000141.43872,SALE,1,5.5,5.5,0.0,0.0,0.0,0.0,111,Pommes Frites,Beilagen,,MwSt. 7%,1.07,5.140187,0.359813,Normalverkauf
S1000141.43873,SP1000141.18.43873,SY1000141.2026.43873,iPad1(1000141),141,07.06.26 09:52,Prod,A1000141.6692,Tisch 5,105,S1000141.43873,SALE,2,4.2,8.4,0.0,0.0,0.0,0.0,122,Bier,Getränke,,MwSt. 19%,1.19,7.058824,1.341176,Normalverkauf
S1000141.43874,SP1000141.18.43874,SY1000141.2026.43874,iPad1(1000141),141,07.06.26 09:52,Prod,A1000141.6692,Tisch 5,105,S1000141.43874,SALE,1,13.5,13.5,0.0,0.0,0.0,0.0,102,Matjes,Hauptspeisen,,MwSt. 7%,1.07,12.616822,0.883178,Normalverkauf
S1000141.43875,SP1000141.18.43875,SY1000141.2026.43875,iPad1(1000141),141,07.06.26 11:07,Prod,A1000141.6693,Tisch 16,114,S1000141.43875,SALE,1,5.9,5.9,0.0,0.0,0.0,0.0,117,Rote Grütze,Desserts,,MwSt. 7%,1.07,5.514019,0.385981,Normalverkauf
S1000141.43876,SP1000141.18.43876,SY1000141.2026.43876,iPad1(1000141),141,07.06.26 11:07,Prod,A1000141.6693,Tisch 16,114,S1000141.43876,SALE,1,14.5,14.5,0.0,0.0,0.0,0.0,101,Lachs,Hauptspeisen,,MwSt. 7%,1.07,13.551402,0.948598,Normalverkauf
S1000141.43877,SP1000141.18.43877,SY1000141.2026.43877,iPad1(1000141),141,07.06.26 11:07,Prod,A1000141.6693,Tisch 16,114,S1000141.43877,SALE,1,10.9,10.9,0.0,0.0,0.0,0.0,109,Bismarck-Baguette,Hauptgerichte,,MwSt. 7%,1.07,10.186916,0.713084,Normalverkauf
S1000141.43878,SP1000141.18.43878,SY1000141.2026.43878,iPad1(1000141),141,07.06.26 12:46,Prod,A1000141.6694,Tisch 23,104,S1000141.43878,SALE,1,4.9,4.9,0.0,0.0,0.0,0.0,112,Kartoffelwedges,Beilagen,,MwSt. 7%,1.07,4.579439,0.320561,Normalverkauf
S1000141.43879,SP1000141.18.43879,SY1000141.2026.43879,iPad1(1000141),141,07.06.26 15:49,Prod,A1000141.6695,Tisch 5,104,S1000141.43879,SALE,1,9.8,9.8,0.0,0.0,0.0,0.0,108,Seelachs-Ei-Baugette,Hauptgerichte,,MwSt. 7%,1.07,9.158879,0.641121,Normalverkauf
S1000141.43880,SP1000141.18.43880,SY1000141.2026.43880,iPad1(1000141),141,07.06.26 11:23,Prod,A1000141.6696,Tisch 9,101,S1000141.43880,VOID,2,5.9,11.8,0.0,0.0,0.0,0.0,123,Inger-Limonade,Getränke,,MwSt. 19%,1.19,9.915966,1.884034,Normalverkauf
S1000141.43881,SP1000141.18.43881,SY1000141.2026.43881,iPad1(1000141),141,07.06.26 11:23,Prod,A1000141.6696,Tisch 9,101,S1000141.43881,VOID,2,6.9,13.8,0.0,0.0,0.0,0.0,103,Fischbrötchen Räucherlachs,Hauptspeisen,,MwSt. 7%,1.07,12.897196,0.902804,Normalverkauf
S1000141.43882,SP1000141.18.43882,SY1000141.2026.43882,iPad1(1000141),141,07.06.26 11:23,Prod,A1000141.6696,Tisch 9,101,S1000141.43882,VOID,2,6.5,13.0,0.0,0.0,0.0,0.0,100,Fischbrötchen Backfisch,Hauptspeisen,,MwSt. 7%,1.07,12.149533,0.850467,Normalverkauf
S1000141.43883,SP1000141.18.43883,SY1000141.2026.43883,iPad1(1000141),141,07.06.26 16:23,Prod,A1000141.6697,Tisch 5,105,S1000141.43883,SALE,1,10.9,10.9,0.0,0.0,0.0,0.0,104,Thunfisch Wrap,Hauptgerichte,,MwSt. 7%,1.07,10.186916,0.713084,Normalverkauf
S1000141.43884,SP1000141.18.43884,SY1000141.2026.43884,iPad1(1000141),141,07.06.26 20:33,Prod,A1000141.6698,,101,S1000141.43884,SALE,2,5.9,11.8,0.0,0.0,0.0,0.0,116,Vanillequark,Desserts,,MwSt. 7%,1.07,11.028037,0.771963,Normalverkauf
S1000141.43885,SP1000141.18.43885,SY1000141.2026.43885,iPad1(1000141),141,07.06.26 20:33,Prod,A1000141.6698,,101,S1000141.43885,SALE,1,6.9,6.9,0.0,0.0,0.0,0.0,103,Fischbrötchen Räucherlachs,Hauptspeisen,,MwSt. 7%,1.07,6.448598,0.451402,Normalverkauf
S1000141.43886,SP1000141.18.43886,SY1000141.2026.43886,iPad1(1000141),141,07.06.26 11:54,Prod,A1000141.6699,Tisch 8,114,S1000141.43886,SALE,2,5.5,11.0,0.0,0.0,0.0,0.0,111,Pommes Frites,Beilagen,,MwSt. 7%,1.07,10.280374,0.719626,Normalverkauf
S1000141.43887,SP1000141.18.43887,SY1000141.2026.43887,iPad1(1000141),141,07.06.26 18:49,Prod,A1000141.6700,Tisch 13,104,S1000141.43887,SALE,2,5.5,11.0,0.0,0.0,0.0,0.0,111,Pommes Frites,Beilagen,,MwSt. 7%,1.07,10.280374,0.719626,Normalverkauf
S1000141.43888,SP1000141.18.43888,SY1000141.2026.43888,iPad1(1000141),141,07.06.26 19:53,Prod,A1000141.6701,Tisch 10,101,S1000141.43888,SALE,1,3.2,3.2,0.0,0.0,0.0,0.0,120,Apfelschorle,Getränke,,MwSt. 19%,1.19,2.689076,0.510924,Normalverkauf
S1000141.43889,SP1000141.18.43889,SY1000141.2026.43889,iPad1(1000141),141,07.06.26 19:53,Prod,A1000141.6701,Tisch 10,101,S1000141.43889,SALE,1,3.9,3.9,0.0,0.0,0.0,0.0,119,Cola,Getränke,,MwSt. 19%,1.19,3.277311,0.622689,Normalverkauf
S1000141.43890,SP1000141.18.43890,SY1000141.2026.43890,iPad1(1000141),141,07.06.26 16:44,Prod,A1000141.6702,Tisch 5,118,S1000141.43890,SALE,1,10.9,10.9,0.0,0.0,0.0,0.0,109,Bismarck-Baguette,Hauptgerichte,,MwSt. 7%,1.07,10.186916,0.713084,Normalverkauf
S1000141.43891,SP1000141.18.43891,SY1000141.2026.43891,iPad1(1000141),141,07.06.26 16:44,Prod,A1000141.6702,Tisch 5,118,S1000141.43891,SALE,2,7.9,15.8,0.0,0.0,0.0,0.0,106,Neptun-Ringe,Beilagen,,MwSt. 7%,1.07,14.766355,1.033645,Normalverkauf
S1000141.43892,SP1000141.18.43892,SY1000141.2026.43892,iPad1(1000141),141,07.06.26 16:44,Prod,A1000141.6702,Tisch 5,118,S1000141.43892,SALE,1,10.9,10.9,0.0,0.0,0.0,0.0,109,Bismarck-Baguette,Hauptgerichte,,MwSt. 7%,1.07,10.186916,0.713084,Normalverkauf
S1000141.43893,SP1000141.18.43893,SY1000141.2026.43893,iPad1(1000141),141,07.06.26 11:52,Prod,A1000141.6703,,118,S1000141.43893,SALE,1,9.8,9.8,0.0,0.0,0.0,0.0,108,Seelachs-Ei-Baugette,Hauptgerichte,,MwSt. 7%,1.07,9.158879,0.641121,Normalverkauf
S1000141.43894,SP1000141.18.43894,SY1000141.2026.43894,iPad1(1000141),141,07.06.26 11:52,Prod,A1000141.6703,,118,S1000141.43894,SALE,1,5.9,5.9,0.0,0.0,0.0,0.0,125,Zitronen-Limonade,Getränke,,MwSt. 19%,1.19,4.957983,0.942017,Normalverkauf
S1000141.43895,SP1000141.18.43895,SY1000141.2026.43895,iPad1(1000141),141,07.06.26 14:55,Prod,A1000141.6704,Tisch 4,118,S1000141.43895,SALE,1,7.9,7.9,0.0,0.0,0.0,0.0,106,Neptun-Ringe,Beilagen,,MwSt. 7%,1.07,7.383178,0.516822,Normalverkauf
S1000141.43896,SP1000141.18.43896,SY1000141.2026.43896,iPad1(1000141),141,07.06.26 10:21,Prod,A1000141.6705,,118,S1000141.43896,SALE,1,5.5,5.5,0.0,0.0,0.0,0.0,111,Pommes Frites,Beilagen,,MwSt. 7%,1.07,5.140187,0.359813,Normalverkauf
S1000141.43897,SP1000141.18.43897,SY1000141.2026.43897,iPad1(1000141),141,07.06.26 09:49,Prod,A1000141.6706,Tisch 16,104,S1000141.43897,SALE,2,3.9,7.8,0.0,0.0,0.0,0.0,124,Cola Zero,Getränke,,MwSt. 19%,1.19,6.554622,1.245378,Normalverkauf
S1000141.43898,SP1000141.18.43898,SY1000141.2026.43898,iPad1(1000141),141,07.06.26 09:49,Prod,A1000141.6706,Tisch 16,104,S1000141.43898,SALE,2,2.8,5.6,0.0,0.0,0.0,0.0,121,Mineralwasser,Getränke,,MwSt. 19%,1.19,4.705882,0.894118,Normalverkauf
S1000141.43899,SP1000141.18.43899,SY1000141.2026.43899,iPad1(1000141),141,07.06.26 15:14,Prod,A1000141.6707,Tisch 18,101,S1000141.43899,SALE,1,10.9,10.9,0.0,0.0,0.0,0.0,109,Bismarck-Baguette,Hauptgerichte,,MwSt. 7%,1.07,10.186916,0.713084,Normalverkauf
S1000141.43900,SP1000141.18.43900,SY1000141.2026.43900,iPad1(1000141),141,07.06.26 15:14,Prod,A1000141.6707,Tisch 18,101,S1000141.43900,SALE,1,6.9,6.9,0.0,0.0,0.0,0.0,113,Garnelen Box,Beilagen,,MwSt. 7%,1.07,6.448598,0.451402,Normalverkauf
S1000141.43901,SP1000141.18.43901,SY1000141.2026.43901,iPad1(1000141),141,07.06.26 15:14,Prod,A1000141.6707,Tisch 18,101,S1000141.43901,SALE,2,13.5,27.0,0.0,0.0,0.0,0.0,102,Matjes,Hauptspeisen,,MwSt. 7%,1.07,25.233645,1.766355,Normalverkauf
S1000141.43902,SP1000141.18.43902,SY1000141.2026.43902,iPad1(1000141),141,07.06.26 12:30,Prod,A1000141.6708,Tisch 10,104,S1000141.43902,SALE,2,10.9,21.8,0.0,0.0,0.0,0.0,104,Thunfisch Wrap,Hauptgerichte,,MwSt. 7%,1.07,20.373832,1.426168,Normalverkauf
S1000141.43903,SP1000141.18.43903,SY1000141.2026.43903,iPad1(1000141),141,07.06.26 14:33,Prod,A1000141.6709,Tisch 10,101,S1000141.43903,SALE,1,4.9,4.9,0.0,0.0,0.0,0.0,112,Kartoffelwedges,Beilagen,,MwSt. 7%,1.07,4.579439,0.320561,Normalverkauf
S1000141.43904,SP1000141.18.43904,SY1000141.2026.43904,iPad1(1000141),141,07.06.26 14:33,Prod,A1000141.6709,Tisch 10,101,S1000141.43904,SALE,1,6.9,6.9,0.0,0.0,0.0,0.0,103,Fischbrötchen Räucherlachs,Hauptspeisen,,MwSt. 7%,1.07,6.448598,0.451402,Normalverkauf
S1000141.43905,SP1000141.18.43905,SY1000141.2026.43905,iPad1(1000141),141,07.06.26 14:33,Prod,A1000141.6709,Tisch 10,101,S1000141.43905,SALE,2,9.8,19.6,0.0,0.0,0.0,0.0,108,Seelachs-Ei-Baugette,Hauptgerichte,,MwSt. 7%,1.07,18.317757,1.282243,Normalverkauf
S1000141.43906,SP1000141.18.43906,SY1000141.2026.43906,iPad1(1000141),141,07.06.26 18:08,Prod,A1000141.6710,Tisch 5,113,S1000141.43906,SALE,2,7.9,15.8,0.0,0.0,0.0,0.0,106,Neptun-Ringe,Beilagen,,MwSt. 7%,1.07,14.766355,1.033645,Normalverkauf
S1000141.43907,SP1000141.18.43907,SY1000141.2026.43907,iPad1(1000141),141,07.06.26 18:08,Prod,A1000141.6710,Tisch 5,113,S1000141.43907,SALE,1,13.5,13.5,0.0,0.0,0.0,0.0,102,Matjes,Hauptspeisen,,MwSt. 7%,1.07,12.616822,0.883178,Normalverkauf
S1000141.43908,SP1000141.18.43908,SY1000141.2026.43908,iPad1(1000141),141,07.06.26 18:08,Prod,A1000141.6710,Tisch 5,113,S1000141.43908,SALE,2,6.9,13.8,0.0,0.0,0.0,0.0,113,Garnelen Box,Beilagen,,MwSt. 7%,1.07,12.897196,0.902804,Normalverkauf
S1000141.43909,SP1000141.18.43909,SY1000141.2026.43909,iPad1(1000141),141,07.06.26 18:35,Prod,A1000141.6711,Tisch 3,104,S1000141.43909,SALE,1,4.9,4.9,0.0,0.0,0.0,0.0,112,Kartoffelwedges,Beilagen,,MwSt. 7%,1.07,4.579439,0.320561,Normalverkauf
S1000141.43910,SP1000141.18.43910,SY1000141.2026.43910,iPad1(1000141),141,07.06.26 11:29,Prod,A1000141.6712,Tisch 10,105,S1000141.43910,SALE,1,4.9,4.9,0.0,0.0,0.0,0.0,112,Kartoffelwedges,Beilagen,,MwSt. 7%,1.07,4.579439,0.320561,Normalverkauf
S1000141.43911,SP1000141.18.43911,SY1000141.2026.43911,iPad1(1000141),141,07.06.26 13:58,Prod,A1000141.6713,Tisch 10,101,S1000141.43911,SALE,1,7.9,7.9,0.0,0.0,0.0,0.0,106,Neptun-Ringe,Beilagen,,MwSt. 7%,1.07,7.383178,0.516822,Normalverkauf
S1000141.43912,SP1000141.18.43912,SY1000141.2026.43912,iPad1(1000141),141,07.06.26 13:58,Prod,A1000141.6713,Tisch 10,101,S1000141.43912,SALE,1,2.8,2.8,0.0,0.0,0.0,0.0,121,Mineralwasser,Getränke,,MwSt. 19%,1.19,2.352941,0.447059,Normalverkauf
S1000141.43913,SP1000141.18.43913,SY1000141.2026.43913,iPad1(1000141),141,07.06.26 11:11,Prod,A1000141.6714,Tisch 5,101,S1000141.43913,SALE,1,3.9,3.9,0.0,0.0,0.0,0.0,126,Spezi,Getränke,,MwSt. 19%,1.19,3.277311,0.622689,Normalverkauf
S1000141.43914,SP1000141.18.43914,SY1000141.2026.43914,iPad1(1000141),141,07.06.26 11:11,Prod,A1000141.6714,Tisch 5,101,S1000141.43914,SALE,2,11.5,23.0,0.0,0.0,0.0,0.0,105,Garnelen-Kimchi-Bruger,Hauptgerichte,,MwSt. 7%,1.07,21.495327,1.504673,Normalverkauf
S1000141.43915,SP1000141.18.43915,SY1000141.2026.43915,iPad1(1000141),141,07.06.26 11:11,Prod,A1000141.6714,Tisch 5,101,S1000141.43915,SALE,2,9.8,19.6,0.0,0.0,0.0,0.0,108,Seelachs-Ei-Baugette,Hauptgerichte,,MwSt. 7%,1.07,18.317757,1.282243,Normalverkauf
S1000141.43916,SP1000141.18.43916,SY1000141.2026.43916,iPad1(1000141),141,07.06.26 17:44,Prod,A1000141.6715,Tisch 12,101,S1000141.43916,SALE,2,3.9,7.8,0.0,0.0,0.0,0.0,119,Cola,Getränke,,MwSt. 19%,1.19,6.554622,1.245378,Normalverkauf
S1000141.43917,SP1000141.18.43917,SY1000141.2026.43917,iPad1(1000141),141,07.06.26 17:44,Prod,A1000141.6715,Tisch 12,101,S1000141.43917,SALE,2,10.9,21.8,0.0,0.0,0.0,0.0,107,Chicken Burger,Hauptgerichte,,MwSt. 7%,1.07,20.373832,1.426168,Normalverkauf
S1000141.43918,SP1000141.18.43918,SY1000141.2026.43918,iPad1(1000141),141,07.06.26 17:44,Prod,A1000141.6715,Tisch 12,101,S1000141.43918,SALE,1,3.9,3.9,0.0,0.0,0.0,0.0,124,Cola Zero,Getränke,,MwSt. 19%,1.19,3.277311,0.622689,Normalverkauf
S1000141.43919,SP1000141.18.43919,SY1000141.2026.43919,iPad1(1000141),141,07.06.26 16:51,Prod,A1000141.6716,Tisch 17,105,S1000141.43919,SALE,1,6.5,6.5,0.0,0.0,0.0,0.0,100,Fischbrötchen Backfisch,Hauptspeisen,,MwSt. 7%,1.07,6.074766,0.425234,Normalverkauf
S1000141.43920,SP1000141.18.43920,SY1000141.2026.43920,iPad1(1000141),141,07.06.26 16:51,Prod,A1000141.6716,Tisch 17,105,S1000141.43920,SALE,1,3.2,3.2,0.0,0.0,0.0,0.0,120,Apfelschorle,Getränke,,MwSt. 19%,1.19,2.689076,0.510924,Normalverkauf
S1000141.43921,SP1000141.18.43921,SY1000141.2026.43921,iPad1(1000141),141,07.06.26 16:51,Prod,A1000141.6716,Tisch 17,105,S1000141.43921,SALE,2,4.2,8.4,0.0,0.0,0.0,0.0,122,Bier,Getränke,,MwSt. 19%,1.19,7.058824,1.341176,Normalverkauf
S1000141.43922,SP1000141.18.43922,SY1000141.2026.43922,iPad1(1000141),141,07.06.26 12:53,Prod,A1000141.6717,Tisch 22,118,S1000141.43922,SALE,1,3.9,3.9,0.0,0.0,0.0,0.0,119,Cola,Getränke,,MwSt. 19%,1.19,3.277311,0.622689,Normalverkauf
S1000141.43923,SP1000141.18.43923,SY1000141.2026.43923,iPad1(1000141),141,07.06.26 12:53,Prod,A1000141.6717,Tisch 22,118,S1000141.43923,SALE,2,14.5,29.0,0.0,0.0,0.0,0.0,101,Lachs,Hauptspeisen,,MwSt. 7%,1.07,27.102804,1.897196,Normalverkauf
S1000141.43924,SP1000141.18.43924,SY1000141.2026.43924,iPad1(1000141),141,07.06.26 17:40,Prod,A1000141.6718,Tisch 14,105,S1000141.43924,SALE,2,6.9,13.8,0.0,0.0,0.0,0.0,103,Fischbrötchen Räucherlachs,Hauptspeisen,,MwSt. 7%,1.07,12.897196,0.902804,Normalverkauf
S1000141.43925,SP1000141.18.43925,SY1000141.2026.43925,iPad1(1000141),141,07.06.26 18:10,Prod,A1000141.6719,Tisch 8,118,S1000141.43925,SALE,1,11.5,11.5,0.0,0.0,0.0,0.0,105,Garnelen-Kimchi-Bruger,Hauptgerichte,,MwSt. 7%,1.07,10.747664,0.752336,Normalverkauf
S1000141.43926,SP1000141.18.43926,SY1000141.2026.43926,iPad1(1000141),141,07.06.26 20:18,Prod,A1000141.6720,Tisch 20,105,S1000141.43926,SALE,2,3.9,7.8,0.0,0.0,0.0,0.0,126,Spezi,Getränke,,MwSt. 19%,1.19,6.554622,1.245378,Normalverkauf
S1000141.43927,SP1000141.18.43927,SY1000141.2026.43927,iPad1(1000141),141,07.06.26 20:18,Prod,A1000141.6720,Tisch 20,105,S1000141.43927,SALE,2,3.9,7.8,0.0,0.0,0.0,0.0,119,Cola,Getränke,,MwSt. 19%,1.19,6.554622,1.245378,Normalverkauf
S1000141.43928,SP1000141.18.43928,SY1000141.2026.43928,iPad1(1000141),141,07.06.26 20:18,Prod,A1000141.6720,Tisch 20,105,S1000141.43928,SALE,2,6.5,13.0,0.0,0.0,0.0,0.0,100,Fischbrötchen Backfisch,Hauptspeisen,,MwSt. 7%,1.07,12.149533,0.850467,Normalverkauf
S1000141.43929,SP1000141.18.43929,SY1000141.2026.43929,iPad1(1000141),141,07.06.26 17:56,Prod,A1000141.6721,,104,S1000141.43929,VOID,2,6.5,13.0,0.0,0.0,0.0,0.0,100,Fischbrötchen Backfisch,Hauptspeisen,,MwSt. 7%,1.07,12.149533,0.850467,Normalverkauf
S1000141.43930,SP1000141.18.43930,SY1000141.2026.43930,iPad1(1000141),141,07.06.26 17:56,Prod,A1000141.6721,,104,S1000141.43930,VOID,1,7.9,7.9,0.0,0.0,0.0,0.0,106,Neptun-Ringe,Beilagen,,MwSt. 7%,1.07,7.383178,0.516822,Normalverkauf
S1000141.43931,SP1000141.18.43931,SY1000141.2026.43931,iPad1(1000141),141,07.06.26 12:43,Prod,A1000141.6722,Tisch 3,101,S1000141.43931,SALE,1,5.9,5.9,0.0,0.0,0.0,0.0,116,Vanillequark,Desserts,,MwSt. 7%,1.07,5.514019,0.385981,Normalverkauf
S1000141.43932,SP1000141.18.43932,SY1000141.2026.43932,iPad1(1000141),141,07.06.26 12:43,Prod,A1000141.6722,Tisch 3,101,S1000141.43932,SALE,1,6.5,6.5,0.0,0.0,0.0,0.0,100,Fischbrötchen Backfisch,Hauptspeisen,,MwSt. 7%,1.07,6.074766,0.425234,Normalverkauf
S1000141.43933,SP1000141.18.43933,SY1000141.2026.43933,iPad1(1000141),141,07.06.26 12:43,Prod,A1000141.6722,Tisch 3,101,S1000141.43933,SALE,1,5.5,5.5,0.0,0.0,0.0,0.0,111,Pommes Frites,Beilagen,,MwSt. 7%,1.07,5.140187,0.359813,Normalverkauf
S1000141.43934,SP1000141.18.43934,SY1000141.2026.43934,iPad1(1000141),141,07.06.26 14:00,Prod,A1000141.6723,Tisch 22,104,S1000141.43934,SALE,2,3.9,7.8,0.0,0.0,0.0,0.0,127,Alkoholfreies Bier,Getränke,,MwSt. 19%,1.19,6.554622,1.245378,Normalverkauf
S1000141.43935,SP1000141.18.43935,SY1000141.2026.43935,iPad1(1000141),141,07.06.26 14:00,Prod,A1000141.6723,Tisch 22,104,S1000141.43935,SALE,2,11.5,23.0,0.0,0.0,0.0,0.0,105,Garnelen-Kimchi-Bruger,Hauptgerichte,,MwSt. 7%,1.07,21.495327,1.504673,Normalverkauf
S1000141.43936,SP1000141.18.43936,SY1000141.2026.43936,iPad1(1000141),141,07.06.26 12:25,Prod,A1000141.6724,Tisch 7,101,S1000141.43936,SALE,1,2.8,2.8,0.0,0.0,0.0,0.0,121,Mineralwasser,Getränke,,MwSt. 19%,1.19,2.352941,0.447059,Normalverkauf
S1000141.43937,SP1000141.18.43937,SY1000141.2026.43937,iPad1(1000141),141,07.06.26 12:25,Prod,A1000141.6724,Tisch 7,101,S1000141.43937,SALE,1,6.5,6.5,0.0,0.0,0.0,0.0,100,Fischbrötchen Backfisch,Hauptspeisen,,MwSt. 7%,1.07,6.074766,0.425234,Normalverkauf
S1000141.43938,SP1000141.18.43938,SY1000141.2026.43938,iPad1(1000141),141,07.06.26 20:17,Prod,A1000141.6725,Tisch 22,113,S1000141.43938,SALE,1,3.9,3.9,0.0,0.0,0.0,0.0,127,Alkoholfreies Bier,Getränke,,MwSt. 19%,1.19,3.277311,0.622689,Normalverkauf
S1000141.43939,SP1000141.18.43939,SY1000141.2026.43939,iPad1(1000141),141,07.06.26 10:53,Prod,A1000141.6726,,104,S1000141.43939,SALE,2,5.5,11.0,0.0,0.0,0.0,0.0,111,Pommes Frites,Beilagen,,MwSt. 7%,1.07,10.280374,0.719626,Normalverkauf
S1000141.43940,SP1000141.18.43940,SY1000141.2026.43940,iPad1(1000141),141,07.06.26 10:53,Prod,A1000141.6726,,104,S1000141.43940,SALE,2,11.9,23.8,0.0,0.0,0.0,0.0,110,Matjes-Baguette,Hauptgerichte,,MwSt. 7%,1.07,22.242991,1.557009,Normalverkauf
S1000141.43941,SP1000141.18.43941,SY1000141.2026.43941,iPad1(1000141),141,07.06.26 10:53,Prod,A1000141.6726,,104,S1000141.43941,SALE,1,4.9,4.9,0.0,0.0,0.0,0.0,112,Kartoffelwedges,Beilagen,,MwSt. 7%,1.07,4.579439,0.320561,Normalverkauf
S1000141.43942,SP1000141.18.43942,SY1000141.2026.43942,iPad1(1000141),141,07.06.26 17:22,Prod,A1000141.6727,Tisch 5,118,S1000141.43942,VOID,2,4.2,8.4,0.0,0.0,0.0,0.0,122,Bier,Getränke,,MwSt. 19%,1.19,7.058824,1.341176,Normalverkauf
S1000141.43943,SP1000141.18.43943,SY1000141.2026.43943,iPad1(1000141),141,07.06.26 17:22,Prod,A1000141.6727,Tisch 5,118,S1000141.43943,VOID,1,3.9,3.9,0.0,0.0,0.0,0.0,127,Alkoholfreies Bier,Getränke,,MwSt. 19%,1.19,3.277311,0.622689,Normalverkauf
S1000141.43944,SP1000141.18.43944,SY1000141.2026.43944,iPad1(1000141),141,07.06.26 17:22,Prod,A1000141.6727,Tisch 5,118,S1000141.43944,VOID,1,3.9,3.9,0.0,0.0,0.0,0.0,127,Alkoholfreies Bier,Getränke,,MwSt. 19%,1.19,3.277311,0.622689,Normalverkauf
S1000141.43945,SP1000141.18.43945,SY1000141.2026.43945,iPad1(1000141),141,07.06.26 11:16,Prod,A1000141.6728,Tisch 16,105,S1000141.43945,SALE,2,11.5,23.0,0.0,0.0,0.0,0.0,105,Garnelen-Kimchi-Bruger,Hauptgerichte,,MwSt. 7%,1.07,21.495327,1.504673,Normalverkauf
S1000141.43946,SP1000141.18.43946,SY1000141.2026.43946,iPad1(1000141),141,07.06.26 11:16,Prod,A1000141.6728,Tisch 16,105,S1000141.43946,SALE,1,4.2,4.2,0.0,0.0,0.0,0.0,122,Bier,Getränke,,MwSt. 19%,1.19,3.529412,0.670588,Normalverkauf
S1000141.43947,SP1000141.18.43947,SY1000141.2026.43947,iPad1(1000141),141,07.06.26 11:16,Prod,A1000141.6728,Tisch 16,105,S1000141.43947,SALE,2,6.9,13.8,0.0,0.0,0.0,0.0,103,Fischbrötchen Räucherlachs,Hauptspeisen,,MwSt. 7%,1.07,12.897196,0.902804,Normalverkauf
S1000141.43948,SP1000141.18.43948,SY1000141.2026.43948,iPad1(1000141),141,07.06.26 19:33,Prod,A1000141.6729,Tisch 6,113,S1000141.43948,SALE,1,3.9,3.9,0.0,0.0,0.0,0.0,126,Spezi,Getränke,,MwSt. 19%,1.19,3.277311,0.622689,Normalverkauf
S1000141.43949,SP1000141.18.43949,SY1000141.2026.43949,iPad1(1000141),141,07.06.26 19:58,Prod,A1000141.6730,Tisch 3,101,S1000141.43949,SALE,2,3.9,7.8,0.0,0.0,0.0,0.0,124,Cola Zero,Getränke,,MwSt. 19%,1.19,6.554622,1.245378,Normalverkauf
S1000141.43950,SP1000141.18.43950,SY1000141.2026.43950,iPad1(1000141),141,07.06.26 10:03,Prod,A1000141.6731,Tisch 23,101,S1000141.43950,VOID,1,5.9,5.9,0.0,0.0,0.0,0.0,116,Vanillequark,Desserts,,MwSt. 7%,1.07,5.514019,0.385981,Normalverkauf
S1000141.43951,SP1000141.18.43951,SY1000141.2026.43951,iPad1(1000141),141,07.06.26 20:30,Prod,A1000141.6732,Tisch 12,118,S1000141.43951,SALE,2,4.2,8.4,0.0,0.0,0.0,0.0,122,Bier,Getränke,,MwSt. 19%,1.19,7.058824,1.341176,Normalverkauf
S1000141.43952,SP1000141.18.43952,SY1000141.2026.43952,iPad1(1000141),141,07.06.26 20:30,Prod,A1000141.6732,Tisch 12,118,S1000141.43952,SALE,1,3.9,3.9,0.0,0.0,0.0,0.0,119,Cola,Getränke,,MwSt. 19%,1.19,3.277311,0.622689,Normalverkauf
S1000141.43953,SP1000141.18.43953,SY1000141.2026.43953,iPad1(1000141),141,07.06.26 19:21,Prod,A1000141.6733,Tisch 6,118,S1000141.43953,SALE,2,10.9,21.8,0.0,0.0,0.0,0.0,107,Chicken Burger,Hauptgerichte,,MwSt. 7%,1.07,20.373832,1.426168,Normalverkauf
S1000141.43954,SP1000141.18.43954,SY1000141.2026.43954,iPad1(1000141),141,07.06.26 19:21,Prod,A1000141.6733,Tisch 6,118,S1000141.43954,SALE,1,10.9,10.9,0.0,0.0,0.0,0.0,107,Chicken Burger,Hauptgerichte,,MwSt. 7%,1.07,10.186916,0.713084,Normalverkauf
S1000141.43955,SP1000141.18.43955,SY1000141.2026.43955,iPad1(1000141),141,07.06.26 17:17,Prod,A1000141.6734,Tisch 1,113,S1000141.43955,SALE,2,7.9,15.8,0.0,0.0,0.0,0.0,115,Tiramisu,Desserts,,MwSt. 7%,1.07,14.766355,1.033645,Normalverkauf
S1000141.43956,SP1000141.18.43956,SY1000141.2026.43956,iPad1(1000141),141,07.06.26 18:15,Prod,A1000141.6735,Tisch 20,113,S1000141.43956,SALE,1,13.5,13.5,0.0,0.0,0.0,0.0,102,Matjes,Hauptspeisen,,MwSt. 7%,1.07,12.616822,0.883178,Normalverkauf
S1000141.43957,SP1000141.18.43957,SY1000141.2026.43957,iPad1(1000141),141,07.06.26 18:15,Prod,A1000141.6735,Tisch 20,113,S1000141.43957,SALE,1,3.9,3.9,0.0,0.0,0.0,0.0,126,Spezi,Getränke,,MwSt. 19%,1.19,3.277311,0.622689,Normalverkauf
S1000141.43958,SP1000141.18.43958,SY1000141.2026.43958,iPad1(1000141),141,07.06.26 18:15,Prod,A1000141.6735,Tisch 20,113,S1000141.43958,SALE,2,6.9,13.8,0.0,0.0,0.0,0.0,113,Garnelen Box,Beilagen,,MwSt. 7%,1.07,12.897196,0.902804,Normalverkauf
S1000141.43959,SP1000141.18.43959,SY1000141.2026.43959,iPad1(1000141),141,07.06.26 08:00,Prod,A1000141.6736,Tisch 2,101,S1000141.43959,SALE,2,6.9,13.8,0.0,0.0,0.0,0.0,113,Garnelen Box,Beilagen,,MwSt. 7%,1.07,12.897196,0.902804,Normalverkauf
S1000141.43960,SP1000141.18.43960,SY1000141.2026.43960,iPad1(1000141),141,08.06.26 18:03,Prod,A1000141.6737,Tisch 18,104,S1000141.43960,SALE,2,10.9,21.8,0.0,0.0,0.0,0.0,104,Thunfisch Wrap,Hauptgerichte,,MwSt. 7%,1.07,20.373832,1.426168,Normalverkauf
S1000141.43961,SP1000141.18.43961,SY1000141.2026.43961,iPad1(1000141),141,08.06.26 18:03,Prod,A1000141.6737,Tisch 18,104,S1000141.43961,SALE,2,13.5,27.0,0.0,0.0,0.0,0.0,102,Matjes,Hauptspeisen,,MwSt. 7%,1.07,25.233645,1.766355,Normalverkauf
S1000141.43962,SP1000141.18.43962,SY1000141.2026.43962,iPad1(1000141),141,08.06.26 18:03,Prod,A1000141.6737,Tisch 18,104,S1000141.43962,SALE,2,10.9,21.8,0.0,0.0,0.0,0.0,107,Chicken Burger,Hauptgerichte,,MwSt. 7%,1.07,20.373832,1.426168,Normalverkauf
S1000141.43963,SP1000141.18.43963,SY1000141.2026.43963,iPad1(1000141),141,08.06.26 15:26,Prod,A1000141.6738,,113,S1000141.43963,SALE,2,7.9,15.8,0.0,0.0,0.0,0.0,106,Neptun-Ringe,Beilagen,,MwSt. 7%,1.07,14.766355,1.033645,Normalverkauf
S1000141.43964,SP1000141.18.43964,SY1000141.2026.43964,iPad1(1000141),141,08.06.26 15:26,Prod,A1000141.6738,,113,S1000141.43964,SALE,2,10.9,21.8,0.0,0.0,0.0,0.0,109,Bismarck-Baguette,Hauptgerichte,,MwSt. 7%,1.07,20.373832,1.426168,Normalverkauf
S1000141.43965,SP1000141.18.43965,SY1000141.2026.43965,iPad1(1000141),141,08.06.26 19:52,Prod,A1000141.6739,Tisch 15,104,S1000141.43965,SALE,2,3.9,7.8,0.0,0.0,0.0,0.0,119,Cola,Getränke,,MwSt. 19%,1.19,6.554622,1.245378,Normalverkauf
S1000141.43966,SP1000141.18.43966,SY1000141.2026.43966,iPad1(1000141),141,08.06.26 19:52,Prod,A1000141.6739,Tisch 15,104,S1000141.43966,SALE,2,10.9,21.8,0.0,0.0,0.0,0.0,107,Chicken Burger,Hauptgerichte,,MwSt. 7%,1.07,20.373832,1.426168,Normalverkauf
S1000141.43967,SP1000141.18.43967,SY1000141.2026.43967,iPad1(1000141),141,08.06.26 19:52,Prod,A1000141.6739,Tisch 15,104,S1000141.43967,SALE,2,3.9,7.8,0.0,0.0,0.0,0.0,119,Cola,Getränke,,MwSt. 19%,1.19,6.554622,1.245378,Normalverkauf
S1000141.43968,SP1000141.18.43968,SY1000141.2026.43968,iPad1(1000141),141,08.06.26 15:06,Prod,A1000141.6740,Tisch 1,118,S1000141.43968,SALE,2,6.9,13.8,0.0,0.0,0.0,0.0,103,Fischbrötchen Räucherlachs,Hauptspeisen,,MwSt. 7%,1.07,12.897196,0.902804,Normalverkauf
S1000141.43969,SP1000141.18.43969,SY1000141.2026.43969,iPad1(1000141),141,08.06.26 19:12,Prod,A1000141.6741,Tisch 20,118,S1000141.43969,SALE,2,10.9,21.8,0.0,0.0,0.0,0.0,107,Chicken Burger,Hauptgerichte,,MwSt. 7%,1.07,20.373832,1.426168,Normalverkauf
S1000141.43970,SP1000141.18.43970,SY1000141.2026.43970,iPad1(1000141),141,08.06.26 18:53,Prod,A1000141.6742,Tisch 12,113,S1000141.43970,SALE,1,6.5,6.5,0.0,0.0,0.0,0.0,100,Fischbrötchen Backfisch,Hauptspeisen,,MwSt. 7%,1.07,6.074766,0.425234,Normalverkauf
S1000141.43971,SP1000141.18.43971,SY1000141.2026.43971,iPad1(1000141),141,08.06.26 15:52,Prod,A1000141.6743,Tisch 3,118,S1000141.43971,SALE,1,10.9,10.9,0.0,0.0,0.0,0.0,107,Chicken Burger,Hauptgerichte,,MwSt. 7%,1.07,10.186916,0.713084,Normalverkauf
S1000141.43972,SP1000141.18.43972,SY1000141.2026.43972,iPad1(1000141),141,08.06.26 11:47,Prod,A1000141.6744,Tisch 3,105,S1000141.43972,SALE,2,5.9,11.8,0.0,0.0,0.0,0.0,116,Vanillequark,Desserts,,MwSt. 7%,1.07,11.028037,0.771963,Normalverkauf
S1000141.43973,SP1000141.18.43973,SY1000141.2026.43973,iPad1(1000141),141,08.06.26 11:47,Prod,A1000141.6744,Tisch 3,105,S1000141.43973,SALE,2,2.8,5.6,0.0,0.0,0.0,0.0,121,Mineralwasser,Getränke,,MwSt. 19%,1.19,4.705882,0.894118,Normalverkauf
S1000141.43974,SP1000141.18.43974,SY1000141.2026.43974,iPad1(1000141),141,08.06.26 11:23,Prod,A1000141.6745,,113,S1000141.43974,SALE,1,10.9,10.9,0.0,0.0,0.0,0.0,109,Bismarck-Baguette,Hauptgerichte,,MwSt. 7%,1.07,10.186916,0.713084,Normalverkauf
S1000141.43975,SP1000141.18.43975,SY1000141.2026.43975,iPad1(1000141),141,08.06.26 11:23,Prod,A1000141.6745,,113,S1000141.43975,SALE,2,4.2,8.4,0.0,0.0,0.0,0.0,122,Bier,Getränke,,MwSt. 19%,1.19,7.058824,1.341176,Normalverkauf
S1000141.43976,SP1000141.18.43976,SY1000141.2026.43976,iPad1(1000141),141,08.06.26 15:54,Prod,A1000141.6746,Tisch 7,113,S1000141.43976,SALE,2,7.9,15.8,0.0,0.0,0.0,0.0,106,Neptun-Ringe,Beilagen,,MwSt. 7%,1.07,14.766355,1.033645,Normalverkauf
S1000141.43977,SP1000141.18.43977,SY1000141.2026.43977,iPad1(1000141),141,08.06.26 15:54,Prod,A1000141.6746,Tisch 7,113,S1000141.43977,SALE,2,5.9,11.8,0.0,0.0,0.0,0.0,125,Zitronen-Limonade,Getränke,,MwSt. 19%,1.19,9.915966,1.884034,Normalverkauf
S1000141.43978,SP1000141.18.43978,SY1000141.2026.43978,iPad1(1000141),141,08.06.26 19:13,Prod,A1000141.6747,Tisch 6,114,S1000141.43978,SALE,1,5.5,5.5,0.0,0.0,0.0,0.0,114,Fisch Nuggets Box,Beilagen,,MwSt. 7%,1.07,5.140187,0.359813,Normalverkauf
S1000141.43979,SP1000141.18.43979,SY1000141.2026.43979,iPad1(1000141),141,08.06.26 19:13,Prod,A1000141.6747,Tisch 6,114,S1000141.43979,SALE,1,6.5,6.5,0.0,0.0,0.0,0.0,100,Fischbrötchen Backfisch,Hauptspeisen,,MwSt. 7%,1.07,6.074766,0.425234,Normalverkauf
S1000141.43980,SP1000141.18.43980,SY1000141.2026.43980,iPad1(1000141),141,08.06.26 19:13,Prod,A1000141.6747,Tisch 6,114,S1000141.43980,SALE,1,4.9,4.9,0.0,0.0,0.0,0.0,112,Kartoffelwedges,Beilagen,,MwSt. 7%,1.07,4.579439,0.320561,Normalverkauf
S1000141.43981,SP1000141.18.43981,SY1000141.2026.43981,iPad1(1000141),141,08.06.26 12:37,Prod,A1000141.6748,Tisch 17,114,S1000141.43981,SALE,1,2.8,2.8,0.0,0.0,0.0,0.0,121,Mineralwasser,Getränke,,MwSt. 19%,1.19,2.352941,0.447059,Normalverkauf
S1000141.43982,SP1000141.18.43982,SY1000141.2026.43982,iPad1(1000141),141,08.06.26 16:34,Prod,A1000141.6749,Tisch 22,104,S1000141.43982,SALE,2,2.8,5.6,0.0,0.0,0.0,0.0,121,Mineralwasser,Getränke,,MwSt. 19%,1.19,4.705882,0.894118,Normalverkauf
S1000141.43983,SP1000141.18.43983,SY1000141.2026.43983,iPad1(1000141),141,08.06.26 16:25,Prod,A1000141.6750,Tisch 18,113,S1000141.43983,SALE,1,14.5,14.5,0.0,0.0,0.0,0.0,101,Lachs,Hauptspeisen,,MwSt. 7%,1.07,13.551402,0.948598,Normalverkauf
S1000141.43984,SP1000141.18.43984,SY1000141.2026.43984,iPad1(1000141),141,08.06.26 16:25,Prod,A1000141.6750,Tisch 18,113,S1000141.43984,SALE,2,5.5,11.0,0.0,0.0,0.0,0.0,111,Pommes Frites,Beilagen,,MwSt. 7%,1.07,10.280374,0.719626,Normalverkauf
S1000141.43985,SP1000141.18.43985,SY1000141.2026.43985,iPad1(1000141),141,08.06.26 16:25,Prod,A1000141.6750,Tisch 18,113,S1000141.43985,SALE,2,3.9,7.8,0.0,0.0,0.0,0.0,119,Cola,Getränke,,MwSt. 19%,1.19,6.554622,1.245378,Normalverkauf
S1000141.43986,SP1000141.18.43986,SY1000141.2026.43986,iPad1(1000141),141,08.06.26 12:35,Prod,A1000141.6751,Tisch 19,118,S1000141.43986,SALE,2,6.9,13.8,0.0,0.0,0.0,0.0,113,Garnelen Box,Beilagen,,MwSt. 7%,1.07,12.897196,0.902804,Normalverkauf
S1000141.43987,SP1000141.18.43987,SY1000141.2026.43987,iPad1(1000141),141,08.06.26 12:35,Prod,A1000141.6751,Tisch 19,118,S1000141.43987,SALE,2,5.5,11.0,0.0,0.0,0.0,0.0,114,Fisch Nuggets Box,Beilagen,,MwSt. 7%,1.07,10.280374,0.719626,Normalverkauf
S1000141.43988,SP1000141.18.43988,SY1000141.2026.43988,iPad1(1000141),141,08.06.26 12:54,Prod,A1000141.6752,Tisch 9,104,S1000141.43988,SALE,2,11.5,23.0,0.0,0.0,0.0,0.0,105,Garnelen-Kimchi-Bruger,Hauptgerichte,,MwSt. 7%,1.07,21.495327,1.504673,Normalverkauf
S1000141.43989,SP1000141.18.43989,SY1000141.2026.43989,iPad1(1000141),141,08.06.26 12:54,Prod,A1000141.6752,Tisch 9,104,S1000141.43989,SALE,1,6.9,6.9,0.0,0.0,0.0,0.0,103,Fischbrötchen Räucherlachs,Hauptspeisen,,MwSt. 7%,1.07,6.448598,0.451402,Normalverkauf
S1000141.43990,SP1000141.18.43990,SY1000141.2026.43990,iPad1(1000141),141,08.06.26 15:51,Prod,A1000141.6753,Tisch 5,114,S1000141.43990,SALE,1,9.8,9.8,0.0,0.0,0.0,0.0,108,Seelachs-Ei-Baugette,Hauptgerichte,,MwSt. 7%,1.07,9.158879,0.641121,Normalverkauf
S1000141.43991,SP1000141.18.43991,SY1000141.2026.43991,iPad1(1000141),141,08.06.26 15:51,Prod,A1000141.6753,Tisch 5,114,S1000141.43991,SALE,2,11.5,23.0,0.0,0.0,0.0,0.0,105,Garnelen-Kimchi-Bruger,Hauptgerichte,,MwSt. 7%,1.07,21.495327,1.504673,Normalverkauf
S1000141.43992,SP1000141.18.43992,SY1000141.2026.43992,iPad1(1000141),141,08.06.26 11:42,Prod,A1000141.6754,Tisch 19,118,S1000141.43992,SALE,2,10.9,21.8,0.0,0.0,0.0,0.0,104,Thunfisch Wrap,Hauptgerichte,,MwSt. 7%,1.07,20.373832,1.426168,Normalverkauf
S1000141.43993,SP1000141.18.43993,SY1000141.2026.43993,iPad1(1000141),141,08.06.26 11:42,Prod,A1000141.6754,Tisch 19,118,S1000141.43993,SALE,1,2.8,2.8,0.0,0.0,0.0,0.0,121,Mineralwasser,Getränke,,MwSt. 19%,1.19,2.352941,0.447059,Normalverkauf
S1000141.43994,SP1000141.18.43994,SY1000141.2026.43994,iPad1(1000141),141,08.06.26 11:42,Prod,A1000141.6754,Tisch 19,118,S1000141.43994,SALE,1,5.5,5.5,0.0,0.0,0.0,0.0,111,Pommes Frites,Beilagen,,MwSt. 7%,1.07,5.140187,0.359813,Normalverkauf
S1000141.43995,SP1000141.18.43995,SY1000141.2026.43995,iPad1(1000141),141,08.06.26 11:49,Prod,A1000141.6755,Tisch 8,101,S1000141.43995,SALE,1,5.9,5.9,0.0,0.0,0.0,0.0,116,Vanillequark,Desserts,,MwSt. 7%,1.07,5.514019,0.385981,Normalverkauf
S1000141.43996,SP1000141.18.43996,SY1000141.2026.43996,iPad1(1000141),141,08.06.26 11:49,Prod,A1000141.6755,Tisch 8,101,S1000141.43996,SALE,1,3.2,3.2,0.0,0.0,0.0,0.0,120,Apfelschorle,Getränke,,MwSt. 19%,1.19,2.689076,0.510924,Normalverkauf
S1000141.43997,SP1000141.18.43997,SY1000141.2026.43997,iPad1(1000141),141,08.06.26 11:49,Prod,A1000141.6755,Tisch 8,101,S1000141.43997,SALE,2,3.9,7.8,0.0,0.0,0.0,0.0,126,Spezi,Getränke,,MwSt. 19%,1.19,6.554622,1.245378,Normalverkauf
S1000141.43998,SP1000141.18.43998,SY1000141.2026.43998,iPad1(1000141),141,08.06.26 11:37,Prod,A1000141.6756,Tisch 14,104,S1000141.43998,SALE,2,5.5,11.0,0.0,0.0,0.0,0.0,114,Fisch Nuggets Box,Beilagen,,MwSt. 7%,1.07,10.280374,0.719626,Normalverkauf
S1000141.43999,SP1000141.18.43999,SY1000141.2026.43999,iPad1(1000141),141,08.06.26 11:37,Prod,A1000141.6756,Tisch 14,104,S1000141.43999,SALE,2,10.9,21.8,0.0,0.0,0.0,0.0,109,Bismarck-Baguette,Hauptgerichte,,MwSt. 7%,1.07,20.373832,1.426168,Normalverkauf
S1000141.44000,SP1000141.18.44000,SY1000141.2026.44000,iPad1(1000141),141,08.06.26 11:37,Prod,A1000141.6756,Tisch 14,104,S1000141.44000,SALE,1,5.5,5.5,0.0,0.0,0.0,0.0,111,Pommes Frites,Beilagen,,MwSt. 7%,1.07,5.140187,0.359813,Normalverkauf
S1000141.44001,SP1000141.18.44001,SY1000141.2026.44001,iPad1(1000141),141,08.06.26 16:51,Prod,A1000141.6757,Tisch 23,104,S1000141.44001,SALE,1,11.9,11.9,0.0,0.0,0.0,0.0,110,Matjes-Baguette,Hauptgerichte,,MwSt. 7%,1.07,11.121495,0.778505,Normalverkauf
S1000141.44002,SP1000141.18.44002,SY1000141.2026.44002,iPad1(1000141),141,08.06.26 16:51,Prod,A1000141.6757,Tisch 23,104,S1000141.44002,SALE,2,9.8,19.6,0.0,0.0,0.0,0.0,108,Seelachs-Ei-Baugette,Hauptgerichte,,MwSt. 7%,1.07,18.317757,1.282243,Normalverkauf
S1000141.44003,SP1000141.18.44003,SY1000141.2026.44003,iPad1(1000141),141,08.06.26 16:51,Prod,A1000141.6757,Tisch 23,104,S1000141.44003,SALE,2,11.9,23.8,0.0,0.0,0.0,0.0,110,Matjes-Baguette,Hauptgerichte,,MwSt. 7%,1.07,22.242991,1.557009,Normalverkauf
S1000141.44004,SP1000141.18.44004,SY1000141.2026.44004,iPad1(1000141),141,08.06.26 09:32,Prod,A1000141.6758,Tisch 20,104,S1000141.44004,SALE,1,5.9,5.9,0.0,0.0,0.0,0.0,125,Zitronen-Limonade,Getränke,,MwSt. 19%,1.19,4.957983,0.942017,Normalverkauf
S1000141.44005,SP1000141.18.44005,SY1000141.2026.44005,iPad1(1000141),141,08.06.26 09:32,Prod,A1000141.6758,Tisch 20,104,S1000141.44005,SALE,1,3.9,3.9,0.0,0.0,0.0,0.0,119,Cola,Getränke,,MwSt. 19%,1.19,3.277311,0.622689,Normalverkauf
S1000141.44006,SP1000141.18.44006,SY1000141.2026.44006,iPad1(1000141),141,08.06.26 17:09,Prod,A1000141.6759,Tisch 6,114,S1000141.44006,SALE,2,3.2,6.4,0.0,0.0,0.0,0.0,120,Apfelschorle,Getränke,,MwSt. 19%,1.19,5.378151,1.021849,Normalverkauf
S1000141.44007,SP1000141.18.44007,SY1000141.2026.44007,iPad1(1000141),141,08.06.26 17:09,Prod,A1000141.6759,Tisch 6,114,S1000141.44007,SALE,1,10.9,10.9,0.0,0.0,0.0,0.0,107,Chicken Burger,Hauptgerichte,,MwSt. 7%,1.07,10.186916,0.713084,Normalverkauf
S1000141.44008,SP1000141.18.44008,SY1000141.2026.44008,iPad1(1000141),141,08.06.26 17:09,Prod,A1000141.6759,Tisch 6,114,S1000141.44008,SALE,1,6.9,6.9,0.0,0.0,0.0,0.0,113,Garnelen Box,Beilagen,,MwSt. 7%,1.07,6.448598,0.451402,Normalverkauf
S1000141.44009,SP1000141.18.44009,SY1000141.2026.44009,iPad1(1000141),141,08.06.26 15:15,Prod,A1000141.6760,Tisch 19,113,S1000141.44009,SALE,2,5.9,11.8,0.0,0.0,0.0,0.0,117,Rote Grütze,Desserts,,MwSt. 7%,1.07,11.028037,0.771963,Normalverkauf
S1000141.44010,SP1000141.18.44010,SY1000141.2026.44010,iPad1(1000141),141,08.06.26 18:08,Prod,A1000141.6761,Tisch 15,114,S1000141.44010,SALE,1,3.2,3.2,0.0,0.0,0.0,0.0,120,Apfelschorle,Getränke,,MwSt. 19%,1.19,2.689076,0.510924,Normalverkauf
S1000141.44011,SP1000141.18.44011,SY1000141.2026.44011,iPad1(1000141),141,08.06.26 18:08,Prod,A1000141.6761,Tisch 15,114,S1000141.44011,SALE,2,9.8,19.6,0.0,0.0,0.0,0.0,108,Seelachs-Ei-Baugette,Hauptgerichte,,MwSt. 7%,1.07,18.317757,1.282243,Normalverkauf
S1000141.44012,SP1000141.18.44012,SY1000141.2026.44012,iPad1(1000141),141,08.06.26 13:50,Prod,A1000141.6762,Tisch 3,113,S1000141.44012,SALE,2,10.9,21.8,0.0,0.0,0.0,0.0,104,Thunfisch Wrap,Hauptgerichte,,MwSt. 7%,1.07,20.373832,1.426168,Normalverkauf
S1000141.44013,SP1000141.18.44013,SY1000141.2026.44013,iPad1(1000141),141,08.06.26 18:23,Prod,A1000141.6763,Tisch 24,104,S1000141.44013,SALE,1,9.8,9.8,0.0,0.0,0.0,0.0,108,Seelachs-Ei-Baugette,Hauptgerichte,,MwSt. 7%,1.07,9.158879,0.641121,Normalverkauf
S1000141.44014,SP1000141.18.44014,SY1000141.2026.44014,iPad1(1000141),141,08.06.26 18:23,Prod,A1000141.6763,Tisch 24,104,S1000141.44014,SALE,1,2.8,2.8,0.0,0.0,0.0,0.0,121,Mineralwasser,Getränke,,MwSt. 19%,1.19,2.352941,0.447059,Normalverkauf
S1000141.44015,SP1000141.18.44015,SY1000141.2026.44015,iPad1(1000141),141,08.06.26 11:51,Prod,A1000141.6764,Tisch 9,104,S1000141.44015,SALE,2,5.9,11.8,0.0,0.0,0.0,0.0,116,Vanillequark,Desserts,,MwSt. 7%,1.07,11.028037,0.771963,Normalverkauf
S1000141.44016,SP1000141.18.44016,SY1000141.2026.44016,iPad1(1000141),141,08.06.26 11:51,Prod,A1000141.6764,Tisch 9,104,S1000141.44016,SALE,2,2.8,5.6,0.0,0.0,0.0,0.0,121,Mineralwasser,Getränke,,MwSt. 19%,1.19,4.705882,0.894118,Normalverkauf
S1000141.44017,SP1000141.18.44017,SY1000141.2026.44017,iPad1(1000141),141,08.06.26 17:58,Prod,A1000141.6765,Tisch 16,104,S1000141.44017,SALE,2,6.5,13.0,0.0,0.0,0.0,0.0,100,Fischbrötchen Backfisch,Hauptspeisen,,MwSt. 7%,1.07,12.149533,0.850467,Normalverkauf
S1000141.44018,SP1000141.18.44018,SY1000141.2026.44018,iPad1(1000141),141,08.06.26 16:17,Prod,A1000141.6766,Tisch 13,118,S1000141.44018,SALE,1,5.5,5.5,0.0,0.0,0.0,0.0,114,Fisch Nuggets Box,Beilagen,,MwSt. 7%,1.07,5.140187,0.359813,Normalverkauf
S1000141.44019,SP1000141.18.44019,SY1000141.2026.44019,iPad1(1000141),141,08.06.26 16:17,Prod,A1000141.6766,Tisch 13,118,S1000141.44019,SALE,1,10.9,10.9,0.0,0.0,0.0,0.0,109,Bismarck-Baguette,Hauptgerichte,,MwSt. 7%,1.07,10.186916,0.713084,Normalverkauf
S1000141.44020,SP1000141.18.44020,SY1000141.2026.44020,iPad1(1000141),141,08.06.26 16:22,Prod,A1000141.6767,Tisch 13,104,S1000141.44020,SALE,1,3.9,3.9,0.0,0.0,0.0,0.0,119,Cola,Getränke,,MwSt. 19%,1.19,3.277311,0.622689,Normalverkauf
S1000141.44021,SP1000141.18.44021,SY1000141.2026.44021,iPad1(1000141),141,08.06.26 16:22,Prod,A1000141.6767,Tisch 13,104,S1000141.44021,SALE,2,2.8,5.6,0.0,0.0,0.0,0.0,121,Mineralwasser,Getränke,,MwSt. 19%,1.19,4.705882,0.894118,Normalverkauf
S1000141.44022,SP1000141.18.44022,SY1000141.2026.44022,iPad1(1000141),141,08.06.26 16:22,Prod,A1000141.6767,Tisch 13,104,S1000141.44022,SALE,1,5.9,5.9,0.0,0.0,0.0,0.0,123,Inger-Limonade,Getränke,,MwSt. 19%,1.19,4.957983,0.942017,Normalverkauf
S1000141.44023,SP1000141.18.44023,SY1000141.2026.44023,iPad1(1000141),141,08.06.26 15:11,Prod,A1000141.6768,Tisch 5,105,S1000141.44023,SALE,1,3.9,3.9,0.0,0.0,0.0,0.0,127,Alkoholfreies Bier,Getränke,,MwSt. 19%,1.19,3.277311,0.622689,Normalverkauf
S1000141.44024,SP1000141.18.44024,SY1000141.2026.44024,iPad1(1000141),141,08.06.26 15:11,Prod,A1000141.6768,Tisch 5,105,S1000141.44024,SALE,2,7.9,15.8,0.0,0.0,0.0,0.0,106,Neptun-Ringe,Beilagen,,MwSt. 7%,1.07,14.766355,1.033645,Normalverkauf
S1000141.44025,SP1000141.18.44025,SY1000141.2026.44025,iPad1(1000141),141,08.06.26 15:12,Prod,A1000141.6769,Tisch 7,118,S1000141.44025,SALE,2,10.9,21.8,0.0,0.0,0.0,0.0,104,Thunfisch Wrap,Hauptgerichte,,MwSt. 7%,1.07,20.373832,1.426168,Normalverkauf
S1000141.44026,SP1000141.18.44026,SY1000141.2026.44026,iPad1(1000141),141,08.06.26 15:12,Prod,A1000141.6769,Tisch 7,118,S1000141.44026,SALE,2,3.9,7.8,0.0,0.0,0.0,0.0,126,Spezi,Getränke,,MwSt. 19%,1.19,6.554622,1.245378,Normalverkauf
S1000141.44027,SP1000141.18.44027,SY1000141.2026.44027,iPad1(1000141),141,08.06.26 19:06,Prod,A1000141.6770,Tisch 18,118,S1000141.44027,SALE,2,6.5,13.0,0.0,0.0,0.0,0.0,100,Fischbrötchen Backfisch,Hauptspeisen,,MwSt. 7%,1.07,12.149533,0.850467,Normalverkauf
S1000141.44028,SP1000141.18.44028,SY1000141.2026.44028,iPad1(1000141),141,08.06.26 17:01,Prod,A1000141.6771,Tisch 17,101,S1000141.44028,SALE,1,3.9,3.9,0.0,0.0,0.0,0.0,119,Cola,Getränke,,MwSt. 19%,1.19,3.277311,0.622689,Normalverkauf
S1000141.44029,SP1000141.18.44029,SY1000141.2026.44029,iPad1(1000141),141,08.06.26 17:01,Prod,A1000141.6771,Tisch 17,101,S1000141.44029,SALE,1,3.9,3.9,0.0,0.0,0.0,0.0,126,Spezi,Getränke,,MwSt. 19%,1.19,3.277311,0.622689,Normalverkauf
S1000141.44030,SP1000141.18.44030,SY1000141.2026.44030,iPad1(1000141),141,08.06.26 17:01,Prod,A1000141.6771,Tisch 17,101,S1000141.44030,SALE,1,6.5,6.5,0.0,0.0,0.0,0.0,100,Fischbrötchen Backfisch,Hauptspeisen,,MwSt. 7%,1.07,6.074766,0.425234,Normalverkauf
S1000141.44031,SP1000141.18.44031,SY1000141.2026.44031,iPad1(1000141),141,08.06.26 11:23,Prod,A1000141.6772,Tisch 23,113,S1000141.44031,SALE,1,10.9,10.9,0.0,0.0,0.0,0.0,104,Thunfisch Wrap,Hauptgerichte,,MwSt. 7%,1.07,10.186916,0.713084,Normalverkauf
S1000141.44032,SP1000141.18.44032,SY1000141.2026.44032,iPad1(1000141),141,08.06.26 11:23,Prod,A1000141.6772,Tisch 23,113,S1000141.44032,SALE,2,6.9,13.8,0.0,0.0,0.0,0.0,113,Garnelen Box,Beilagen,,MwSt. 7%,1.07,12.897196,0.902804,Normalverkauf
S1000141.44033,SP1000141.18.44033,SY1000141.2026.44033,iPad1(1000141),141,08.06.26 11:23,Prod,A1000141.6772,Tisch 23,113,S1000141.44033,SALE,2,5.5,11.0,0.0,0.0,0.0,0.0,111,Pommes Frites,Beilagen,,MwSt. 7%,1.07,10.280374,0.719626,Normalverkauf
S1000141.44034,SP1000141.18.44034,SY1000141.2026.44034,iPad1(1000141),141,08.06.26 11:36,Prod,A1000141.6773,Tisch 18,104,S1000141.44034,SALE,1,11.9,11.9,0.0,0.0,0.0,0.0,110,Matjes-Baguette,Hauptgerichte,,MwSt. 7%,1.07,11.121495,0.778505,Normalverkauf
S1000141.44035,SP1000141.18.44035,SY1000141.2026.44035,iPad1(1000141),141,08.06.26 11:36,Prod,A1000141.6773,Tisch 18,104,S1000141.44035,SALE,2,9.8,19.6,0.0,0.0,0.0,0.0,108,Seelachs-Ei-Baugette,Hauptgerichte,,MwSt. 7%,1.07,18.317757,1.282243,Normalverkauf
S1000141.44036,SP1000141.18.44036,SY1000141.2026.44036,iPad1(1000141),141,08.06.26 11:17,Prod,A1000141.6774,Tisch 10,114,S1000141.44036,SALE,1,3.9,3.9,0.0,0.0,0.0,0.0,127,Alkoholfreies Bier,Getränke,,MwSt. 19%,1.19,3.277311,0.622689,Normalverkauf
S1000141.44037,SP1000141.18.44037,SY1000141.2026.44037,iPad1(1000141),141,08.06.26 13:11,Prod,A1000141.6775,Tisch 9,104,S1000141.44037,VOID,1,6.5,6.5,0.0,0.0,0.0,0.0,100,Fischbrötchen Backfisch,Hauptspeisen,,MwSt. 7%,1.07,6.074766,0.425234,Normalverkauf
S1000141.44038,SP1000141.18.44038,SY1000141.2026.44038,iPad1(1000141),141,08.06.26 13:11,Prod,A1000141.6775,Tisch 9,104,S1000141.44038,VOID,1,10.9,10.9,0.0,0.0,0.0,0.0,107,Chicken Burger,Hauptgerichte,,MwSt. 7%,1.07,10.186916,0.713084,Normalverkauf
S1000141.44039,SP1000141.18.44039,SY1000141.2026.44039,iPad1(1000141),141,08.06.26 13:11,Prod,A1000141.6775,Tisch 9,104,S1000141.44039,VOID,1,5.5,5.5,0.0,0.0,0.0,0.0,111,Pommes Frites,Beilagen,,MwSt. 7%,1.07,5.140187,0.359813,Normalverkauf
S1000141.44040,SP1000141.18.44040,SY1000141.2026.44040,iPad1(1000141),141,08.06.26 10:04,Prod,A1000141.6776,Tisch 23,105,S1000141.44040,SALE,2,3.2,6.4,0.0,0.0,0.0,0.0,120,Apfelschorle,Getränke,,MwSt. 19%,1.19,5.378151,1.021849,Normalverkauf
S1000141.44041,SP1000141.18.44041,SY1000141.2026.44041,iPad1(1000141),141,08.06.26 10:04,Prod,A1000141.6776,Tisch 23,105,S1000141.44041,SALE,2,3.9,7.8,0.0,0.0,0.0,0.0,127,Alkoholfreies Bier,Getränke,,MwSt. 19%,1.19,6.554622,1.245378,Normalverkauf
S1000141.44042,SP1000141.18.44042,SY1000141.2026.44042,iPad1(1000141),141,08.06.26 10:04,Prod,A1000141.6776,Tisch 23,105,S1000141.44042,SALE,2,5.5,11.0,0.0,0.0,0.0,0.0,114,Fisch Nuggets Box,Beilagen,,MwSt. 7%,1.07,10.280374,0.719626,Normalverkauf
S1000141.44043,SP1000141.18.44043,SY1000141.2026.44043,iPad1(1000141),141,08.06.26 17:12,Prod,A1000141.6777,Tisch 19,104,S1000141.44043,SALE,1,3.9,3.9,0.0,0.0,0.0,0.0,126,Spezi,Getränke,,MwSt. 19%,1.19,3.277311,0.622689,Normalverkauf
S1000141.44044,SP1000141.18.44044,SY1000141.2026.44044,iPad1(1000141),141,08.06.26 17:12,Prod,A1000141.6777,Tisch 19,104,S1000141.44044,SALE,2,6.9,13.8,0.0,0.0,0.0,0.0,103,Fischbrötchen Räucherlachs,Hauptspeisen,,MwSt. 7%,1.07,12.897196,0.902804,Normalverkauf
S1000141.44045,SP1000141.18.44045,SY1000141.2026.44045,iPad1(1000141),141,08.06.26 13:04,Prod,A1000141.6778,Tisch 7,114,S1000141.44045,SALE,2,5.5,11.0,0.0,0.0,0.0,0.0,111,Pommes Frites,Beilagen,,MwSt. 7%,1.07,10.280374,0.719626,Normalverkauf
S1000141.44046,SP1000141.18.44046,SY1000141.2026.44046,iPad1(1000141),141,08.06.26 13:04,Prod,A1000141.6778,Tisch 7,114,S1000141.44046,SALE,2,11.5,23.0,0.0,0.0,0.0,0.0,105,Garnelen-Kimchi-Bruger,Hauptgerichte,,MwSt. 7%,1.07,21.495327,1.504673,Normalverkauf
S1000141.44047,SP1000141.18.44047,SY1000141.2026.44047,iPad1(1000141),141,08.06.26 13:04,Prod,A1000141.6778,Tisch 7,114,S1000141.44047,SALE,1,6.9,6.9,0.0,0.0,0.0,0.0,103,Fischbrötchen Räucherlachs,Hauptspeisen,,MwSt. 7%,1.07,6.448598,0.451402,Normalverkauf
S1000141.44048,SP1000141.18.44048,SY1000141.2026.44048,iPad1(1000141),141,08.06.26 12:33,Prod,A1000141.6779,,101,S1000141.44048,SALE,2,3.9,7.8,0.0,0.0,0.0,0.0,119,Cola,Getränke,,MwSt. 19%,1.19,6.554622,1.245378,Normalverkauf
S1000141.44049,SP1000141.18.44049,SY1000141.2026.44049,iPad1(1000141),141,08.06.26 12:33,Prod,A1000141.6779,,101,S1000141.44049,SALE,2,2.8,5.6,0.0,0.0,0.0,0.0,121,Mineralwasser,Getränke,,MwSt. 19%,1.19,4.705882,0.894118,Normalverkauf
S1000141.44050,SP1000141.18.44050,SY1000141.2026.44050,iPad1(1000141),141,08.06.26 16:08,Prod,A1000141.6780,Tisch 7,114,S1000141.44050,SALE,2,6.5,13.0,0.0,0.0,0.0,0.0,118,Schokokuchen,Desserts,,MwSt. 7%,1.07,12.149533,0.850467,Normalverkauf
S1000141.44051,SP1000141.18.44051,SY1000141.2026.44051,iPad1(1000141),141,08.06.26 16:08,Prod,A1000141.6780,Tisch 7,114,S1000141.44051,SALE,2,7.9,15.8,0.0,0.0,0.0,0.0,115,Tiramisu,Desserts,,MwSt. 7%,1.07,14.766355,1.033645,Normalverkauf
S1000141.44052,SP1000141.18.44052,SY1000141.2026.44052,iPad1(1000141),141,08.06.26 16:22,Prod,A1000141.6781,Tisch 20,104,S1000141.44052,SALE,2,5.5,11.0,0.0,0.0,0.0,0.0,111,Pommes Frites,Beilagen,,MwSt. 7%,1.07,10.280374,0.719626,Normalverkauf
S1000141.44053,SP1000141.18.44053,SY1000141.2026.44053,iPad1(1000141),141,08.06.26 16:22,Prod,A1000141.6781,Tisch 20,104,S1000141.44053,SALE,2,3.9,7.8,0.0,0.0,0.0,0.0,119,Cola,Getränke,,MwSt. 19%,1.19,6.554622,1.245378,Normalverkauf
S1000141.44054,SP1000141.18.44054,SY1000141.2026.44054,iPad1(1000141),141,08.06.26 16:22,Prod,A1000141.6781,Tisch 20,104,S1000141.44054,SALE,1,10.9,10.9,0.0,0.0,0.0,0.0,104,Thunfisch Wrap,Hauptgerichte,,MwSt. 7%,1.07,10.186916,0.713084,Normalverkauf
S1000141.44055,SP1000141.18.44055,SY1000141.2026.44055,iPad1(1000141),141,08.06.26 17:32,Prod,A1000141.6782,Tisch 20,113,S1000141.44055,SALE,1,10.9,10.9,0.0,0.0,0.0,0.0,107,Chicken Burger,Hauptgerichte,,MwSt. 7%,1.07,10.186916,0.713084,Normalverkauf
S1000141.44056,SP1000141.18.44056,SY1000141.2026.44056,iPad1(1000141),141,08.06.26 18:06,Prod,A1000141.6783,Tisch 14,104,S1000141.44056,SALE,1,5.5,5.5,0.0,0.0,0.0,0.0,114,Fisch Nuggets Box,Beilagen,,MwSt. 7%,1.07,5.140187,0.359813,Normalverkauf
S1000141.44057,SP1000141.18.44057,SY1000141.2026.44057,iPad1(1000141),141,08.06.26 18:10,Prod,A1000141.6784,Tisch 15,113,S1000141.44057,SALE,2,5.5,11.0,0.0,0.0,0.0,0.0,111,Pommes Frites,Beilagen,,MwSt. 7%,1.07,10.280374,0.719626,Normalverkauf
S1000141.44058,SP1000141.18.44058,SY1000141.2026.44058,iPad1(1000141),141,08.06.26 18:10,Prod,A1000141.6784,Tisch 15,113,S1000141.44058,SALE,2,9.8,19.6,0.0,0.0,0.0,0.0,108,Seelachs-Ei-Baugette,Hauptgerichte,,MwSt. 7%,1.07,18.317757,1.282243,Normalverkauf
S1000141.44059,SP1000141.18.44059,SY1000141.2026.44059,iPad1(1000141),141,08.06.26 11:51,Prod,A1000141.6785,Tisch 15,104,S1000141.44059,SALE,1,13.5,13.5,0.0,0.0,0.0,0.0,102,Matjes,Hauptspeisen,,MwSt. 7%,1.07,12.616822,0.883178,Normalverkauf
S1000141.44060,SP1000141.18.44060,SY1000141.2026.44060,iPad1(1000141),141,08.06.26 11:51,Prod,A1000141.6785,Tisch 15,104,S1000141.44060,SALE,2,7.9,15.8,0.0,0.0,0.0,0.0,106,Neptun-Ringe,Beilagen,,MwSt. 7%,1.07,14.766355,1.033645,Normalverkauf
S1000141.44061,SP1000141.18.44061,SY1000141.2026.44061,iPad1(1000141),141,08.06.26 14:29,Prod,A1000141.6786,,118,S1000141.44061,SALE,2,5.5,11.0,0.0,0.0,0.0,0.0,111,Pommes Frites,Beilagen,,MwSt. 7%,1.07,10.280374,0.719626,Normalverkauf
S1000141.44062,SP1000141.18.44062,SY1000141.2026.44062,iPad1(1000141),141,08.06.26 14:29,Prod,A1000141.6786,,118,S1000141.44062,SALE,1,3.2,3.2,0.0,0.0,0.0,0.0,120,Apfelschorle,Getränke,,MwSt. 19%,1.19,2.689076,0.510924,Normalverkauf
S1000141.44063,SP1000141.18.44063,SY1000141.2026.44063,iPad1(1000141),141,08.06.26 20:49,Prod,A1000141.6787,Tisch 12,118,S1000141.44063,SALE,2,5.5,11.0,0.0,0.0,0.0,0.0,114,Fisch Nuggets Box,Beilagen,,MwSt. 7%,1.07,10.280374,0.719626,Normalverkauf
S1000141.44064,SP1000141.18.44064,SY1000141.2026.44064,iPad1(1000141),141,08.06.26 20:49,Prod,A1000141.6787,Tisch 12,118,S1000141.44064,SALE,2,4.2,8.4,0.0,0.0,0.0,0.0,122,Bier,Getränke,,MwSt. 19%,1.19,7.058824,1.341176,Normalverkauf
S1000141.44065,SP1000141.18.44065,SY1000141.2026.44065,iPad1(1000141),141,08.06.26 20:33,Prod,A1000141.6788,Tisch 17,104,S1000141.44065,SALE,1,3.9,3.9,0.0,0.0,0.0,0.0,127,Alkoholfreies Bier,Getränke,,MwSt. 19%,1.19,3.277311,0.622689,Normalverkauf
S1000141.44066,SP1000141.18.44066,SY1000141.2026.44066,iPad1(1000141),141,08.06.26 20:33,Prod,A1000141.6788,Tisch 17,104,S1000141.44066,SALE,2,4.9,9.8,0.0,0.0,0.0,0.0,112,Kartoffelwedges,Beilagen,,MwSt. 7%,1.07,9.158879,0.641121,Normalverkauf
S1000141.44067,SP1000141.18.44067,SY1000141.2026.44067,iPad1(1000141),141,08.06.26 20:33,Prod,A1000141.6788,Tisch 17,104,S1000141.44067,SALE,1,2.8,2.8,0.0,0.0,0.0,0.0,121,Mineralwasser,Getränke,,MwSt. 19%,1.19,2.352941,0.447059,Normalverkauf
S1000141.44068,SP1000141.18.44068,SY1000141.2026.44068,iPad1(1000141),141,08.06.26 09:27,Prod,A1000141.6789,Tisch 12,113,S1000141.44068,SALE,2,9.8,19.6,0.0,0.0,0.0,0.0,108,Seelachs-Ei-Baugette,Hauptgerichte,,MwSt. 7%,1.07,18.317757,1.282243,Normalverkauf
S1000141.44069,SP1000141.18.44069,SY1000141.2026.44069,iPad1(1000141),141,08.06.26 09:27,Prod,A1000141.6789,Tisch 12,113,S1000141.44069,SALE,2,9.8,19.6,0.0,0.0,0.0,0.0,108,Seelachs-Ei-Baugette,Hauptgerichte,,MwSt. 7%,1.07,18.317757,1.282243,Normalverkauf
S1000141.44070,SP1000141.18.44070,SY1000141.2026.44070,iPad1(1000141),141,08.06.26 19:41,Prod,A1000141.6790,Tisch 7,105,S1000141.44070,SALE,2,6.5,13.0,0.0,0.0,0.0,0.0,100,Fischbrötchen Backfisch,Hauptspeisen,,MwSt. 7%,1.07,12.149533,0.850467,Normalverkauf
S1000141.44071,SP1000141.18.44071,SY1000141.2026.44071,iPad1(1000141),141,08.06.26 19:41,Prod,A1000141.6790,Tisch 7,105,S1000141.44071,SALE,1,13.5,13.5,0.0,0.0,0.0,0.0,102,Matjes,Hauptspeisen,,MwSt. 7%,1.07,12.616822,0.883178,Normalverkauf
S1000141.44072,SP1000141.18.44072,SY1000141.2026.44072,iPad1(1000141),141,08.06.26 19:41,Prod,A1000141.6790,Tisch 7,105,S1000141.44072,SALE,2,5.5,11.0,0.0,0.0,0.0,0.0,114,Fisch Nuggets Box,Beilagen,,MwSt. 7%,1.07,10.280374,0.719626,Normalverkauf
S1000141.44073,SP1000141.18.44073,SY1000141.2026.44073,iPad1(1000141),141,08.06.26 11:05,Prod,A1000141.6791,Tisch 15,101,S1000141.44073,SALE,2,5.9,11.8,0.0,0.0,0.0,0.0,117,Rote Grütze,Desserts,,MwSt. 7%,1.07,11.028037,0.771963,Normalverkauf
S1000141.44074,SP1000141.18.44074,SY1000141.2026.44074,iPad1(1000141),141,08.06.26 11:05,Prod,A1000141.6791,Tisch 15,101,S1000141.44074,SALE,1,3.9,3.9,0.0,0.0,0.0,0.0,119,Cola,Getränke,,MwSt. 19%,1.19,3.277311,0.622689,Normalverkauf
S1000141.44075,SP1000141.18.44075,SY1000141.2026.44075,iPad1(1000141),141,08.06.26 11:05,Prod,A1000141.6791,Tisch 15,101,S1000141.44075,SALE,2,3.9,7.8,0.0,0.0,0.0,0.0,119,Cola,Getränke,,MwSt. 19%,1.19,6.554622,1.245378,Normalverkauf
S1000141.44076,SP1000141.18.44076,SY1000141.2026.44076,iPad1(1000141),141,08.06.26 17:55,Prod,A1000141.6792,Tisch 11,113,S1000141.44076,SALE,2,7.9,15.8,0.0,0.0,0.0,0.0,106,Neptun-Ringe,Beilagen,,MwSt. 7%,1.07,14.766355,1.033645,Normalverkauf
S1000141.44077,SP1000141.18.44077,SY1000141.2026.44077,iPad1(1000141),141,08.06.26 17:55,Prod,A1000141.6792,Tisch 11,113,S1000141.44077,SALE,2,2.8,5.6,0.0,0.0,0.0,0.0,121,Mineralwasser,Getränke,,MwSt. 19%,1.19,4.705882,0.894118,Normalverkauf
S1000141.44078,SP1000141.18.44078,SY1000141.2026.44078,iPad1(1000141),141,08.06.26 12:38,Prod,A1000141.6793,Tisch 1,104,S1000141.44078,SALE,1,2.8,2.8,0.0,0.0,0.0,0.0,121,Mineralwasser,Getränke,,MwSt. 19%,1.19,2.352941,0.447059,Normalverkauf
S1000141.44079,SP1000141.18.44079,SY1000141.2026.44079,iPad1(1000141),141,08.06.26 12:38,Prod,A1000141.6793,Tisch 1,104,S1000141.44079,SALE,2,6.5,13.0,0.0,0.0,0.0,0.0,118,Schokokuchen,Desserts,,MwSt. 7%,1.07,12.149533,0.850467,Normalverkauf
S1000141.44080,SP1000141.18.44080,SY1000141.2026.44080,iPad1(1000141),141,08.06.26 12:38,Prod,A1000141.6793,Tisch 1,104,S1000141.44080,SALE,2,3.9,7.8,0.0,0.0,0.0,0.0,127,Alkoholfreies Bier,Getränke,,MwSt. 19%,1.19,6.554622,1.245378,Normalverkauf
S1000141.44081,SP1000141.18.44081,SY1000141.2026.44081,iPad1(1000141),141,08.06.26 19:19,Prod,A1000141.6794,Tisch 22,101,S1000141.44081,SALE,2,3.9,7.8,0.0,0.0,0.0,0.0,124,Cola Zero,Getränke,,MwSt. 19%,1.19,6.554622,1.245378,Normalverkauf
S1000141.44082,SP1000141.18.44082,SY1000141.2026.44082,iPad1(1000141),141,08.06.26 19:19,Prod,A1000141.6794,Tisch 22,101,S1000141.44082,SALE,1,5.9,5.9,0.0,0.0,0.0,0.0,125,Zitronen-Limonade,Getränke,,MwSt. 19%,1.19,4.957983,0.942017,Normalverkauf
S1000141.44083,SP1000141.18.44083,SY1000141.2026.44083,iPad1(1000141),141,08.06.26 12:38,Prod,A1000141.6795,Tisch 8,105,S1000141.44083,SALE,1,10.9,10.9,0.0,0.0,0.0,0.0,104,Thunfisch Wrap,Hauptgerichte,,MwSt. 7%,1.07,10.186916,0.713084,Normalverkauf
S1000141.44084,SP1000141.18.44084,SY1000141.2026.44084,iPad1(1000141),141,08.06.26 10:51,Prod,A1000141.6796,Tisch 16,101,S1000141.44084,VOID,1,2.8,2.8,0.0,0.0,0.0,0.0,121,Mineralwasser,Getränke,,MwSt. 19%,1.19,2.352941,0.447059,Normalverkauf
S1000141.44085,SP1000141.18.44085,SY1000141.2026.44085,iPad1(1000141),141,08.06.26 13:50,Prod,A1000141.6797,Tisch 6,104,S1000141.44085,SALE,2,3.2,6.4,0.0,0.0,0.0,0.0,120,Apfelschorle,Getränke,,MwSt. 19%,1.19,5.378151,1.021849,Normalverkauf
S1000141.44086,SP1000141.18.44086,SY1000141.2026.44086,iPad1(1000141),141,08.06.26 19:37,Prod,A1000141.6798,Tisch 11,118,S1000141.44086,VOID,1,4.9,4.9,0.0,0.0,0.0,0.0,112,Kartoffelwedges,Beilagen,,MwSt. 7%,1.07,4.579439,0.320561,Normalverkauf
S1000141.44087,SP1000141.18.44087,SY1000141.2026.44087,iPad1(1000141),141,08.06.26 19:37,Prod,A1000141.6798,Tisch 11,118,S1000141.44087,VOID,2,3.9,7.8,0.0,0.0,0.0,0.0,124,Cola Zero,Getränke,,MwSt. 19%,1.19,6.554622,1.245378,Normalverkauf
S1000141.44088,SP1000141.18.44088,SY1000141.2026.44088,iPad1(1000141),141,08.06.26 16:14,Prod,A1000141.6799,Tisch 21,114,S1000141.44088,SALE,1,9.8,9.8,0.0,0.0,0.0,0.0,108,Seelachs-Ei-Baugette,Hauptgerichte,,MwSt. 7%,1.07,9.158879,0.641121,Normalverkauf
S1000141.44089,SP1000141.18.44089,SY1000141.2026.44089,iPad1(1000141),141,08.06.26 16:14,Prod,A1000141.6799,Tisch 21,114,S1000141.44089,SALE,1,9.8,9.8,0.0,0.0,0.0,0.0,108,Seelachs-Ei-Baugette,Hauptgerichte,,MwSt. 7%,1.07,9.158879,0.641121,Normalverkauf
S1000141.44090,SP1000141.18.44090,SY1000141.2026.44090,iPad1(1000141),141,08.06.26 16:14,Prod,A1000141.6799,Tisch 21,114,S1000141.44090,SALE,2,10.9,21.8,0.0,0.0,0.0,0.0,107,Chicken Burger,Hauptgerichte,,MwSt. 7%,1.07,20.373832,1.426168,Normalverkauf
S1000141.44091,SP1000141.18.44091,SY1000141.2026.44091,iPad1(1000141),141,08.06.26 17:45,Prod,A1000141.6800,Tisch 11,118,S1000141.44091,SALE,2,3.9,7.8,0.0,0.0,0.0,0.0,126,Spezi,Getränke,,MwSt. 19%,1.19,6.554622,1.245378,Normalverkauf
S1000141.44092,SP1000141.18.44092,SY1000141.2026.44092,iPad1(1000141),141,08.06.26 17:45,Prod,A1000141.6800,Tisch 11,118,S1000141.44092,SALE,1,5.9,5.9,0.0,0.0,0.0,0.0,117,Rote Grütze,Desserts,,MwSt. 7%,1.07,5.514019,0.385981,Normalverkauf
S1000141.44093,SP1000141.18.44093,SY1000141.2026.44093,iPad1(1000141),141,08.06.26 15:17,Prod,A1000141.6801,Tisch 5,101,S1000141.44093,SALE,2,5.5,11.0,0.0,0.0,0.0,0.0,111,Pommes Frites,Beilagen,,MwSt. 7%,1.07,10.280374,0.719626,Normalverkauf
S1000141.44094,SP1000141.18.44094,SY1000141.2026.44094,iPad1(1000141),141,08.06.26 15:17,Prod,A1000141.6801,Tisch 5,101,S1000141.44094,SALE,2,11.9,23.8,0.0,0.0,0.0,0.0,110,Matjes-Baguette,Hauptgerichte,,MwSt. 7%,1.07,22.242991,1.557009,Normalverkauf
S1000141.44095,SP1000141.18.44095,SY1000141.2026.44095,iPad1(1000141),141,08.06.26 15:17,Prod,A1000141.6801,Tisch 5,101,S1000141.44095,SALE,2,10.9,21.8,0.0,0.0,0.0,0.0,104,Thunfisch Wrap,Hauptgerichte,,MwSt. 7%,1.07,20.373832,1.426168,Normalverkauf
S1000141.44096,SP1000141.18.44096,SY1000141.2026.44096,iPad1(1000141),141,08.06.26 19:50,Prod,A1000141.6802,Tisch 8,118,S1000141.44096,SALE,1,5.9,5.9,0.0,0.0,0.0,0.0,116,Vanillequark,Desserts,,MwSt. 7%,1.07,5.514019,0.385981,Normalverkauf
S1000141.44097,SP1000141.18.44097,SY1000141.2026.44097,iPad1(1000141),141,08.06.26 19:50,Prod,A1000141.6802,Tisch 8,118,S1000141.44097,SALE,2,11.5,23.0,0.0,0.0,0.0,0.0,105,Garnelen-Kimchi-Bruger,Hauptgerichte,,MwSt. 7%,1.07,21.495327,1.504673,Normalverkauf
S1000141.44098,SP1000141.18.44098,SY1000141.2026.44098,iPad1(1000141),141,08.06.26 10:41,Prod,A1000141.6803,,104,S1000141.44098,VOID,2,5.5,11.0,0.0,0.0,0.0,0.0,111,Pommes Frites,Beilagen,,MwSt. 7%,1.07,10.280374,0.719626,Normalverkauf
S1000141.44099,SP1000141.18.44099,SY1000141.2026.44099,iPad1(1000141),141,08.06.26 10:41,Prod,A1000141.6803,,104,S1000141.44099,VOID,2,3.9,7.8,0.0,0.0,0.0,0.0,124,Cola Zero,Getränke,,MwSt. 19%,1.19,6.554622,1.245378,Normalverkauf
S1000141.44100,SP1000141.18.44100,SY1000141.2026.44100,iPad1(1000141),141,08.06.26 18:42,Prod,A1000141.6804,Tisch 9,105,S1000141.44100,SALE,2,11.5,23.0,0.0,0.0,0.0,0.0,105,Garnelen-Kimchi-Bruger,Hauptgerichte,,MwSt. 7%,1.07,21.495327,1.504673,Normalverkauf
S1000141.44101,SP1000141.18.44101,SY1000141.2026.44101,iPad1(1000141),141,08.06.26 18:42,Prod,A1000141.6804,Tisch 9,105,S1000141.44101,SALE,2,5.9,11.8,0.0,0.0,0.0,0.0,117,Rote Grütze,Desserts,,MwSt. 7%,1.07,11.028037,0.771963,Normalverkauf
S1000141.44102,SP1000141.18.44102,SY1000141.2026.44102,iPad1(1000141),141,08.06.26 18:42,Prod,A1000141.6804,Tisch 9,105,S1000141.44102,SALE,2,10.9,21.8,0.0,0.0,0.0,0.0,109,Bismarck-Baguette,Hauptgerichte,,MwSt. 7%,1.07,20.373832,1.426168,Normalverkauf
S1000141.44103,SP1000141.18.44103,SY1000141.2026.44103,iPad1(1000141),141,08.06.26 17:47,Prod,A1000141.6805,Tisch 13,105,S1000141.44103,SALE,2,2.8,5.6,0.0,0.0,0.0,0.0,121,Mineralwasser,Getränke,,MwSt. 19%,1.19,4.705882,0.894118,Normalverkauf
S1000141.44104,SP1000141.18.44104,SY1000141.2026.44104,iPad1(1000141),141,08.06.26 20:54,Prod,A1000141.6806,Tisch 6,118,S1000141.44104,VOID,1,2.8,2.8,0.0,0.0,0.0,0.0,121,Mineralwasser,Getränke,,MwSt. 19%,1.19,2.352941,0.447059,Normalverkauf
S1000141.44105,SP1000141.18.44105,SY1000141.2026.44105,iPad1(1000141),141,08.06.26 20:54,Prod,A1000141.6806,Tisch 6,118,S1000141.44105,VOID,1,5.5,5.5,0.0,0.0,0.0,0.0,111,Pommes Frites,Beilagen,,MwSt. 7%,1.07,5.140187,0.359813,Normalverkauf
S1000141.44106,SP1000141.18.44106,SY1000141.2026.44106,iPad1(1000141),141,08.06.26 20:12,Prod,A1000141.6807,Tisch 17,118,S1000141.44106,VOID,2,10.9,21.8,0.0,0.0,0.0,0.0,109,Bismarck-Baguette,Hauptgerichte,,MwSt. 7%,1.07,20.373832,1.426168,Normalverkauf
S1000141.44107,SP1000141.18.44107,SY1000141.2026.44107,iPad1(1000141),141,08.06.26 17:01,Prod,A1000141.6808,Tisch 3,101,S1000141.44107,SALE,1,5.9,5.9,0.0,0.0,0.0,0.0,116,Vanillequark,Desserts,,MwSt. 7%,1.07,5.514019,0.385981,Normalverkauf
S1000141.44108,SP1000141.18.44108,SY1000141.2026.44108,iPad1(1000141),141,08.06.26 17:01,Prod,A1000141.6808,Tisch 3,101,S1000141.44108,SALE,2,10.9,21.8,0.0,0.0,0.0,0.0,104,Thunfisch Wrap,Hauptgerichte,,MwSt. 7%,1.07,20.373832,1.426168,Normalverkauf
S1000141.44109,SP1000141.18.44109,SY1000141.2026.44109,iPad1(1000141),141,08.06.26 17:01,Prod,A1000141.6808,Tisch 3,101,S1000141.44109,SALE,1,11.9,11.9,0.0,0.0,0.0,0.0,110,Matjes-Baguette,Hauptgerichte,,MwSt. 7%,1.07,11.121495,0.778505,Normalverkauf
S1000141.44110,SP1000141.18.44110,SY1000141.2026.44110,iPad1(1000141),141,08.06.26 08:17,Prod,A1000141.6809,Tisch 9,104,S1000141.44110,VOID,2,10.9,21.8,0.0,0.0,0.0,0.0,109,Bismarck-Baguette,Hauptgerichte,,MwSt. 7%,1.07,20.373832,1.426168,Normalverkauf
S1000141.44111,SP1000141.18.44111,SY1000141.2026.44111,iPad1(1000141),141,08.06.26 08:17,Prod,A1000141.6809,Tisch 9,104,S1000141.44111,VOID,1,10.9,10.9,0.0,0.0,0.0,0.0,104,Thunfisch Wrap,Hauptgerichte,,MwSt. 7%,1.07,10.186916,0.713084,Normalverkauf
S1000141.44112,SP1000141.18.44112,SY1000141.2026.44112,iPad1(1000141),141,08.06.26 08:17,Prod,A1000141.6809,Tisch 9,104,S1000141.44112,VOID,1,2.8,2.8,0.0,0.0,0.0,0.0,121,Mineralwasser,Getränke,,MwSt. 19%,1.19,2.352941,0.447059,Normalverkauf
S1000141.44113,SP1000141.18.44113,SY1000141.2026.44113,iPad1(1000141),141,08.06.26 19:49,Prod,A1000141.6810,Tisch 9,105,S1000141.44113,VOID,1,5.9,5.9,0.0,0.0,0.0,0.0,117,Rote Grütze,Desserts,,MwSt. 7%,1.07,5.514019,0.385981,Normalverkauf
S1000141.44114,SP1000141.18.44114,SY1000141.2026.44114,iPad1(1000141),141,08.06.26 18:45,Prod,A1000141.6811,Tisch 21,118,S1000141.44114,SALE,1,6.5,6.5,0.0,0.0,0.0,0.0,100,Fischbrötchen Backfisch,Hauptspeisen,,MwSt. 7%,1.07,6.074766,0.425234,Normalverkauf
S1000141.44115,SP1000141.18.44115,SY1000141.2026.44115,iPad1(1000141),141,08.06.26 10:02,Prod,A1000141.6812,Tisch 2,101,S1000141.44115,SALE,2,5.5,11.0,0.0,0.0,0.0,0.0,111,Pommes Frites,Beilagen,,MwSt. 7%,1.07,10.280374,0.719626,Normalverkauf
S1000141.44116,SP1000141.18.44116,SY1000141.2026.44116,iPad1(1000141),141,08.06.26 10:02,Prod,A1000141.6812,Tisch 2,101,S1000141.44116,SALE,1,11.9,11.9,0.0,0.0,0.0,0.0,110,Matjes-Baguette,Hauptgerichte,,MwSt. 7%,1.07,11.121495,0.778505,Normalverkauf
S1000141.44117,SP1000141.18.44117,SY1000141.2026.44117,iPad1(1000141),141,08.06.26 15:38,Prod,A1000141.6813,Tisch 18,118,S1000141.44117,SALE,1,3.9,3.9,0.0,0.0,0.0,0.0,119,Cola,Getränke,,MwSt. 19%,1.19,3.277311,0.622689,Normalverkauf
S1000141.44118,SP1000141.18.44118,SY1000141.2026.44118,iPad1(1000141),141,08.06.26 15:38,Prod,A1000141.6813,Tisch 18,118,S1000141.44118,SALE,2,14.5,29.0,0.0,0.0,0.0,0.0,101,Lachs,Hauptspeisen,,MwSt. 7%,1.07,27.102804,1.897196,Normalverkauf
S1000141.44119,SP1000141.18.44119,SY1000141.2026.44119,iPad1(1000141),141,08.06.26 14:02,Prod,A1000141.6814,Tisch 5,118,S1000141.44119,SALE,2,14.5,29.0,0.0,0.0,0.0,0.0,101,Lachs,Hauptspeisen,,MwSt. 7%,1.07,27.102804,1.897196,Normalverkauf
S1000141.44120,SP1000141.18.44120,SY1000141.2026.44120,iPad1(1000141),141,08.06.26 17:29,Prod,A1000141.6815,Tisch 9,105,S1000141.44120,SALE,2,5.5,11.0,0.0,0.0,0.0,0.0,111,Pommes Frites,Beilagen,,MwSt. 7%,1.07,10.280374,0.719626,Normalverkauf
S1000141.44121,SP1000141.18.44121,SY1000141.2026.44121,iPad1(1000141),141,08.06.26 16:23,Prod,A1000141.6816,Tisch 10,104,S1000141.44121,SALE,1,6.5,6.5,0.0,0.0,0.0,0.0,100,Fischbrötchen Backfisch,Hauptspeisen,,MwSt. 7%,1.07,6.074766,0.425234,Normalverkauf
S1000141.44122,SP1000141.18.44122,SY1000141.2026.44122,iPad1(1000141),141,08.06.26 16:23,Prod,A1000141.6816,Tisch 10,104,S1000141.44122,SALE,2,7.9,15.8,0.0,0.0,0.0,0.0,106,Neptun-Ringe,Beilagen,,MwSt. 7%,1.07,14.766355,1.033645,Normalverkauf
S1000141.44123,SP1000141.18.44123,SY1000141.2026.44123,iPad1(1000141),141,08.06.26 16:23,Prod,A1000141.6816,Tisch 10,104,S1000141.44123,SALE,1,5.5,5.5,0.0,0.0,0.0,0.0,114,Fisch Nuggets Box,Beilagen,,MwSt. 7%,1.07,5.140187,0.359813,Normalverkauf
S1000141.44124,SP1000141.18.44124,SY1000141.2026.44124,iPad1(1000141),141,08.06.26 08:08,Prod,A1000141.6817,Tisch 23,105,S1000141.44124,SALE,2,6.5,13.0,0.0,0.0,0.0,0.0,118,Schokokuchen,Desserts,,MwSt. 7%,1.07,12.149533,0.850467,Normalverkauf
S1000141.44125,SP1000141.18.44125,SY1000141.2026.44125,iPad1(1000141),141,08.06.26 17:49,Prod,A1000141.6818,Tisch 21,118,S1000141.44125,SALE,1,2.8,2.8,0.0,0.0,0.0,0.0,121,Mineralwasser,Getränke,,MwSt. 19%,1.19,2.352941,0.447059,Normalverkauf
S1000141.44126,SP1000141.18.44126,SY1000141.2026.44126,iPad1(1000141),141,08.06.26 17:49,Prod,A1000141.6818,Tisch 21,118,S1000141.44126,SALE,1,4.9,4.9,0.0,0.0,0.0,0.0,112,Kartoffelwedges,Beilagen,,MwSt. 7%,1.07,4.579439,0.320561,Normalverkauf
S1000141.44127,SP1000141.18.44127,SY1000141.2026.44127,iPad1(1000141),141,08.06.26 13:10,Prod,A1000141.6819,Tisch 5,114,S1000141.44127,SALE,2,9.8,19.6,0.0,0.0,0.0,0.0,108,Seelachs-Ei-Baugette,Hauptgerichte,,MwSt. 7%,1.07,18.317757,1.282243,Normalverkauf
S1000141.44128,SP1000141.18.44128,SY1000141.2026.44128,iPad1(1000141),141,08.06.26 13:23,Prod,A1000141.6820,Tisch 10,104,S1000141.44128,SALE,1,3.2,3.2,0.0,0.0,0.0,0.0,120,Apfelschorle,Getränke,,MwSt. 19%,1.19,2.689076,0.510924,Normalverkauf
S1000141.44129,SP1000141.18.44129,SY1000141.2026.44129,iPad1(1000141),141,08.06.26 13:23,Prod,A1000141.6820,Tisch 10,104,S1000141.44129,SALE,1,5.5,5.5,0.0,0.0,0.0,0.0,114,Fisch Nuggets Box,Beilagen,,MwSt. 7%,1.07,5.140187,0.359813,Normalverkauf
S1000141.44130,SP1000141.18.44130,SY1000141.2026.44130,iPad1(1000141),141,08.06.26 13:23,Prod,A1000141.6820,Tisch 10,104,S1000141.44130,SALE,2,5.9,11.8,0.0,0.0,0.0,0.0,116,Vanillequark,Desserts,,MwSt. 7%,1.07,11.028037,0.771963,Normalverkauf
S1000141.44131,SP1000141.18.44131,SY1000141.2026.44131,iPad1(1000141),141,08.06.26 09:40,Prod,A1000141.6821,Tisch 2,118,S1000141.44131,SALE,1,6.9,6.9,0.0,0.0,0.0,0.0,103,Fischbrötchen Räucherlachs,Hauptspeisen,,MwSt. 7%,1.07,6.448598,0.451402,Normalverkauf
S1000141.44132,SP1000141.18.44132,SY1000141.2026.44132,iPad1(1000141),141,08.06.26 09:40,Prod,A1000141.6821,Tisch 2,118,S1000141.44132,SALE,2,6.9,13.8,0.0,0.0,0.0,0.0,113,Garnelen Box,Beilagen,,MwSt. 7%,1.07,12.897196,0.902804,Normalverkauf
S1000141.44133,SP1000141.18.44133,SY1000141.2026.44133,iPad1(1000141),141,08.06.26 15:33,Prod,A1000141.6822,,105,S1000141.44133,SALE,1,5.5,5.5,0.0,0.0,0.0,0.0,114,Fisch Nuggets Box,Beilagen,,MwSt. 7%,1.07,5.140187,0.359813,Normalverkauf
S1000141.44134,SP1000141.18.44134,SY1000141.2026.44134,iPad1(1000141),141,08.06.26 15:33,Prod,A1000141.6822,,105,S1000141.44134,SALE,1,7.9,7.9,0.0,0.0,0.0,0.0,106,Neptun-Ringe,Beilagen,,MwSt. 7%,1.07,7.383178,0.516822,Normalverkauf
S1000141.44135,SP1000141.18.44135,SY1000141.2026.44135,iPad1(1000141),141,08.06.26 13:06,Prod,A1000141.6823,Tisch 19,118,S1000141.44135,SALE,2,5.9,11.8,0.0,0.0,0.0,0.0,123,Inger-Limonade,Getränke,,MwSt. 19%,1.19,9.915966,1.884034,Normalverkauf
S1000141.44136,SP1000141.18.44136,SY1000141.2026.44136,iPad1(1000141),141,08.06.26 11:49,Prod,A1000141.6824,,104,S1000141.44136,SALE,1,3.9,3.9,0.0,0.0,0.0,0.0,126,Spezi,Getränke,,MwSt. 19%,1.19,3.277311,0.622689,Normalverkauf
S1000141.44137,SP1000141.18.44137,SY1000141.2026.44137,iPad1(1000141),141,08.06.26 14:43,Prod,A1000141.6825,Tisch 23,113,S1000141.44137,SALE,2,11.5,23.0,0.0,0.0,0.0,0.0,105,Garnelen-Kimchi-Bruger,Hauptgerichte,,MwSt. 7%,1.07,21.495327,1.504673,Normalverkauf
S1000141.44138,SP1000141.18.44138,SY1000141.2026.44138,iPad1(1000141),141,08.06.26 12:08,Prod,A1000141.6826,,118,S1000141.44138,SALE,1,13.5,13.5,0.0,0.0,0.0,0.0,102,Matjes,Hauptspeisen,,MwSt. 7%,1.07,12.616822,0.883178,Normalverkauf
S1000141.44139,SP1000141.18.44139,SY1000141.2026.44139,iPad1(1000141),141,08.06.26 12:08,Prod,A1000141.6826,,118,S1000141.44139,SALE,2,3.9,7.8,0.0,0.0,0.0,0.0,126,Spezi,Getränke,,MwSt. 19%,1.19,6.554622,1.245378,Normalverkauf
S1000141.44140,SP1000141.18.44140,SY1000141.2026.44140,iPad1(1000141),141,08.06.26 12:49,Prod,A1000141.6827,Tisch 19,104,S1000141.44140,VOID,2,2.8,5.6,0.0,0.0,0.0,0.0,121,Mineralwasser,Getränke,,MwSt. 19%,1.19,4.705882,0.894118,Normalverkauf
S1000141.44141,SP1000141.18.44141,SY1000141.2026.44141,iPad1(1000141),141,08.06.26 12:49,Prod,A1000141.6827,Tisch 19,104,S1000141.44141,VOID,2,10.9,21.8,0.0,0.0,0.0,0.0,104,Thunfisch Wrap,Hauptgerichte,,MwSt. 7%,1.07,20.373832,1.426168,Normalverkauf
S1000141.44142,SP1000141.18.44142,SY1000141.2026.44142,iPad1(1000141),141,09.06.26 19:37,Prod,A1000141.6828,Tisch 4,104,S1000141.44142,SALE,2,9.8,19.6,0.0,0.0,0.0,0.0,108,Seelachs-Ei-Baugette,Hauptgerichte,,MwSt. 7%,1.07,18.317757,1.282243,Normalverkauf
S1000141.44143,SP1000141.18.44143,SY1000141.2026.44143,iPad1(1000141),141,09.06.26 19:01,Prod,A1000141.6829,Tisch 6,114,S1000141.44143,SALE,2,9.8,19.6,0.0,0.0,0.0,0.0,108,Seelachs-Ei-Baugette,Hauptgerichte,,MwSt. 7%,1.07,18.317757,1.282243,Normalverkauf
S1000141.44144,SP1000141.18.44144,SY1000141.2026.44144,iPad1(1000141),141,09.06.26 19:01,Prod,A1000141.6829,Tisch 6,114,S1000141.44144,SALE,2,9.8,19.6,0.0,0.0,0.0,0.0,108,Seelachs-Ei-Baugette,Hauptgerichte,,MwSt. 7%,1.07,18.317757,1.282243,Normalverkauf
S1000141.44145,SP1000141.18.44145,SY1000141.2026.44145,iPad1(1000141),141,09.06.26 19:01,Prod,A1000141.6829,Tisch 6,114,S1000141.44145,SALE,2,4.2,8.4,0.0,0.0,0.0,0.0,122,Bier,Getränke,,MwSt. 19%,1.19,7.058824,1.341176,Normalverkauf
S1000141.44146,SP1000141.18.44146,SY1000141.2026.44146,iPad1(1000141),141,09.06.26 09:06,Prod,A1000141.6830,Tisch 16,114,S1000141.44146,SALE,2,6.9,13.8,0.0,0.0,0.0,0.0,113,Garnelen Box,Beilagen,,MwSt. 7%,1.07,12.897196,0.902804,Normalverkauf
S1000141.44147,SP1000141.18.44147,SY1000141.2026.44147,iPad1(1000141),141,09.06.26 09:06,Prod,A1000141.6830,Tisch 16,114,S1000141.44147,SALE,2,6.5,13.0,0.0,0.0,0.0,0.0,100,Fischbrötchen Backfisch,Hauptspeisen,,MwSt. 7%,1.07,12.149533,0.850467,Normalverkauf
S1000141.44148,SP1000141.18.44148,SY1000141.2026.44148,iPad1(1000141),141,09.06.26 18:17,Prod,A1000141.6831,Tisch 9,104,S1000141.44148,SALE,2,2.8,5.6,0.0,0.0,0.0,0.0,121,Mineralwasser,Getränke,,MwSt. 19%,1.19,4.705882,0.894118,Normalverkauf
S1000141.44149,SP1000141.18.44149,SY1000141.2026.44149,iPad1(1000141),141,09.06.26 18:17,Prod,A1000141.6831,Tisch 9,104,S1000141.44149,SALE,1,10.9,10.9,0.0,0.0,0.0,0.0,104,Thunfisch Wrap,Hauptgerichte,,MwSt. 7%,1.07,10.186916,0.713084,Normalverkauf
S1000141.44150,SP1000141.18.44150,SY1000141.2026.44150,iPad1(1000141),141,09.06.26 11:20,Prod,A1000141.6832,Tisch 14,114,S1000141.44150,SALE,2,6.5,13.0,0.0,0.0,0.0,0.0,100,Fischbrötchen Backfisch,Hauptspeisen,,MwSt. 7%,1.07,12.149533,0.850467,Normalverkauf
S1000141.44151,SP1000141.18.44151,SY1000141.2026.44151,iPad1(1000141),141,09.06.26 11:20,Prod,A1000141.6832,Tisch 14,114,S1000141.44151,SALE,1,5.5,5.5,0.0,0.0,0.0,0.0,114,Fisch Nuggets Box,Beilagen,,MwSt. 7%,1.07,5.140187,0.359813,Normalverkauf
S1000141.44152,SP1000141.18.44152,SY1000141.2026.44152,iPad1(1000141),141,09.06.26 17:18,Prod,A1000141.6833,Tisch 24,105,S1000141.44152,VOID,2,5.5,11.0,0.0,0.0,0.0,0.0,111,Pommes Frites,Beilagen,,MwSt. 7%,1.07,10.280374,0.719626,Normalverkauf
S1000141.44153,SP1000141.18.44153,SY1000141.2026.44153,iPad1(1000141),141,09.06.26 17:18,Prod,A1000141.6833,Tisch 24,105,S1000141.44153,VOID,2,3.9,7.8,0.0,0.0,0.0,0.0,126,Spezi,Getränke,,MwSt. 19%,1.19,6.554622,1.245378,Normalverkauf
S1000141.44154,SP1000141.18.44154,SY1000141.2026.44154,iPad1(1000141),141,09.06.26 11:48,Prod,A1000141.6834,Tisch 2,104,S1000141.44154,SALE,1,3.9,3.9,0.0,0.0,0.0,0.0,126,Spezi,Getränke,,MwSt. 19%,1.19,3.277311,0.622689,Normalverkauf
S1000141.44155,SP1000141.18.44155,SY1000141.2026.44155,iPad1(1000141),141,09.06.26 11:48,Prod,A1000141.6834,Tisch 2,104,S1000141.44155,SALE,1,5.9,5.9,0.0,0.0,0.0,0.0,116,Vanillequark,Desserts,,MwSt. 7%,1.07,5.514019,0.385981,Normalverkauf
S1000141.44156,SP1000141.18.44156,SY1000141.2026.44156,iPad1(1000141),141,09.06.26 11:48,Prod,A1000141.6834,Tisch 2,104,S1000141.44156,SALE,2,7.9,15.8,0.0,0.0,0.0,0.0,106,Neptun-Ringe,Beilagen,,MwSt. 7%,1.07,14.766355,1.033645,Normalverkauf
S1000141.44157,SP1000141.18.44157,SY1000141.2026.44157,iPad1(1000141),141,09.06.26 10:58,Prod,A1000141.6835,Tisch 8,104,S1000141.44157,SALE,2,13.5,27.0,0.0,0.0,0.0,0.0,102,Matjes,Hauptspeisen,,MwSt. 7%,1.07,25.233645,1.766355,Normalverkauf
S1000141.44158,SP1000141.18.44158,SY1000141.2026.44158,iPad1(1000141),141,09.06.26 10:58,Prod,A1000141.6835,Tisch 8,104,S1000141.44158,SALE,2,9.8,19.6,0.0,0.0,0.0,0.0,108,Seelachs-Ei-Baugette,Hauptgerichte,,MwSt. 7%,1.07,18.317757,1.282243,Normalverkauf
S1000141.44159,SP1000141.18.44159,SY1000141.2026.44159,iPad1(1000141),141,09.06.26 12:34,Prod,A1000141.6836,Tisch 14,101,S1000141.44159,VOID,2,3.9,7.8,0.0,0.0,0.0,0.0,119,Cola,Getränke,,MwSt. 19%,1.19,6.554622,1.245378,Normalverkauf
S1000141.44160,SP1000141.18.44160,SY1000141.2026.44160,iPad1(1000141),141,09.06.26 16:31,Prod,A1000141.6837,Tisch 21,113,S1000141.44160,SALE,2,7.9,15.8,0.0,0.0,0.0,0.0,115,Tiramisu,Desserts,,MwSt. 7%,1.07,14.766355,1.033645,Normalverkauf
S1000141.44161,SP1000141.18.44161,SY1000141.2026.44161,iPad1(1000141),141,09.06.26 16:31,Prod,A1000141.6837,Tisch 21,113,S1000141.44161,SALE,1,3.9,3.9,0.0,0.0,0.0,0.0,126,Spezi,Getränke,,MwSt. 19%,1.19,3.277311,0.622689,Normalverkauf
S1000141.44162,SP1000141.18.44162,SY1000141.2026.44162,iPad1(1000141),141,09.06.26 20:05,Prod,A1000141.6838,Tisch 15,118,S1000141.44162,SALE,2,3.2,6.4,0.0,0.0,0.0,0.0,120,Apfelschorle,Getränke,,MwSt. 19%,1.19,5.378151,1.021849,Normalverkauf
S1000141.44163,SP1000141.18.44163,SY1000141.2026.44163,iPad1(1000141),141,09.06.26 20:05,Prod,A1000141.6838,Tisch 15,118,S1000141.44163,SALE,2,10.9,21.8,0.0,0.0,0.0,0.0,104,Thunfisch Wrap,Hauptgerichte,,MwSt. 7%,1.07,20.373832,1.426168,Normalverkauf
S1000141.44164,SP1000141.18.44164,SY1000141.2026.44164,iPad1(1000141),141,09.06.26 20:05,Prod,A1000141.6838,Tisch 15,118,S1000141.44164,SALE,1,5.9,5.9,0.0,0.0,0.0,0.0,117,Rote Grütze,Desserts,,MwSt. 7%,1.07,5.514019,0.385981,Normalverkauf
S1000141.44165,SP1000141.18.44165,SY1000141.2026.44165,iPad1(1000141),141,09.06.26 15:36,Prod,A1000141.6839,Tisch 13,118,S1000141.44165,SALE,1,5.5,5.5,0.0,0.0,0.0,0.0,111,Pommes Frites,Beilagen,,MwSt. 7%,1.07,5.140187,0.359813,Normalverkauf
S1000141.44166,SP1000141.18.44166,SY1000141.2026.44166,iPad1(1000141),141,09.06.26 20:45,Prod,A1000141.6840,Tisch 16,104,S1000141.44166,SALE,1,10.9,10.9,0.0,0.0,0.0,0.0,109,Bismarck-Baguette,Hauptgerichte,,MwSt. 7%,1.07,10.186916,0.713084,Normalverkauf
S1000141.44167,SP1000141.18.44167,SY1000141.2026.44167,iPad1(1000141),141,09.06.26 20:45,Prod,A1000141.6840,Tisch 16,104,S1000141.44167,SALE,2,9.8,19.6,0.0,0.0,0.0,0.0,108,Seelachs-Ei-Baugette,Hauptgerichte,,MwSt. 7%,1.07,18.317757,1.282243,Normalverkauf
S1000141.44168,SP1000141.18.44168,SY1000141.2026.44168,iPad1(1000141),141,09.06.26 17:05,Prod,A1000141.6841,Tisch 3,113,S1000141.44168,SALE,2,10.9,21.8,0.0,0.0,0.0,0.0,104,Thunfisch Wrap,Hauptgerichte,,MwSt. 7%,1.07,20.373832,1.426168,Normalverkauf
S1000141.44169,SP1000141.18.44169,SY1000141.2026.44169,iPad1(1000141),141,09.06.26 19:29,Prod,A1000141.6842,Tisch 1,114,S1000141.44169,SALE,2,7.9,15.8,0.0,0.0,0.0,0.0,106,Neptun-Ringe,Beilagen,,MwSt. 7%,1.07,14.766355,1.033645,Normalverkauf
S1000141.44170,SP1000141.18.44170,SY1000141.2026.44170,iPad1(1000141),141,09.06.26 10:42,Prod,A1000141.6843,Tisch 8,114,S1000141.44170,SALE,1,4.2,4.2,0.0,0.0,0.0,0.0,122,Bier,Getränke,,MwSt. 19%,1.19,3.529412,0.670588,Normalverkauf
S1000141.44171,SP1000141.18.44171,SY1000141.2026.44171,iPad1(1000141),141,09.06.26 19:03,Prod,A1000141.6844,Tisch 4,113,S1000141.44171,SALE,1,10.9,10.9,0.0,0.0,0.0,0.0,109,Bismarck-Baguette,Hauptgerichte,,MwSt. 7%,1.07,10.186916,0.713084,Normalverkauf
S1000141.44172,SP1000141.18.44172,SY1000141.2026.44172,iPad1(1000141),141,09.06.26 20:05,Prod,A1000141.6845,Tisch 14,104,S1000141.44172,VOID,2,5.5,11.0,0.0,0.0,0.0,0.0,114,Fisch Nuggets Box,Beilagen,,MwSt. 7%,1.07,10.280374,0.719626,Normalverkauf
S1000141.44173,SP1000141.18.44173,SY1000141.2026.44173,iPad1(1000141),141,09.06.26 20:05,Prod,A1000141.6845,Tisch 14,104,S1000141.44173,VOID,1,10.9,10.9,0.0,0.0,0.0,0.0,109,Bismarck-Baguette,Hauptgerichte,,MwSt. 7%,1.07,10.186916,0.713084,Normalverkauf
S1000141.44174,SP1000141.18.44174,SY1000141.2026.44174,iPad1(1000141),141,09.06.26 20:05,Prod,A1000141.6845,Tisch 14,104,S1000141.44174,VOID,2,10.9,21.8,0.0,0.0,0.0,0.0,104,Thunfisch Wrap,Hauptgerichte,,MwSt. 7%,1.07,20.373832,1.426168,Normalverkauf
S1000141.44175,SP1000141.18.44175,SY1000141.2026.44175,iPad1(1000141),141,09.06.26 15:58,Prod,A1000141.6846,Tisch 13,101,S1000141.44175,SALE,1,6.9,6.9,0.0,0.0,0.0,0.0,113,Garnelen Box,Beilagen,,MwSt. 7%,1.07,6.448598,0.451402,Normalverkauf
S1000141.44176,SP1000141.18.44176,SY1000141.2026.44176,iPad1(1000141),141,09.06.26 12:25,Prod,A1000141.6847,Tisch 8,104,S1000141.44176,SALE,1,10.9,10.9,0.0,0.0,0.0,0.0,109,Bismarck-Baguette,Hauptgerichte,,MwSt. 7%,1.07,10.186916,0.713084,Normalverkauf
S1000141.44177,SP1000141.18.44177,SY1000141.2026.44177,iPad1(1000141),141,09.06.26 12:25,Prod,A1000141.6847,Tisch 8,104,S1000141.44177,SALE,1,10.9,10.9,0.0,0.0,0.0,0.0,107,Chicken Burger,Hauptgerichte,,MwSt. 7%,1.07,10.186916,0.713084,Normalverkauf
S1000141.44178,SP1000141.18.44178,SY1000141.2026.44178,iPad1(1000141),141,09.06.26 12:25,Prod,A1000141.6847,Tisch 8,104,S1000141.44178,SALE,1,3.9,3.9,0.0,0.0,0.0,0.0,119,Cola,Getränke,,MwSt. 19%,1.19,3.277311,0.622689,Normalverkauf
S1000141.44179,SP1000141.18.44179,SY1000141.2026.44179,iPad1(1000141),141,09.06.26 12:58,Prod,A1000141.6848,Tisch 22,118,S1000141.44179,SALE,2,9.8,19.6,0.0,0.0,0.0,0.0,108,Seelachs-Ei-Baugette,Hauptgerichte,,MwSt. 7%,1.07,18.317757,1.282243,Normalverkauf
S1000141.44180,SP1000141.18.44180,SY1000141.2026.44180,iPad1(1000141),141,09.06.26 12:58,Prod,A1000141.6848,Tisch 22,118,S1000141.44180,SALE,1,3.9,3.9,0.0,0.0,0.0,0.0,119,Cola,Getränke,,MwSt. 19%,1.19,3.277311,0.622689,Normalverkauf
S1000141.44181,SP1000141.18.44181,SY1000141.2026.44181,iPad1(1000141),141,09.06.26 11:16,Prod,A1000141.6849,Tisch 20,101,S1000141.44181,SALE,2,10.9,21.8,0.0,0.0,0.0,0.0,109,Bismarck-Baguette,Hauptgerichte,,MwSt. 7%,1.07,20.373832,1.426168,Normalverkauf
S1000141.44182,SP1000141.18.44182,SY1000141.2026.44182,iPad1(1000141),141,09.06.26 11:16,Prod,A1000141.6849,Tisch 20,101,S1000141.44182,SALE,2,3.2,6.4,0.0,0.0,0.0,0.0,120,Apfelschorle,Getränke,,MwSt. 19%,1.19,5.378151,1.021849,Normalverkauf
S1000141.44183,SP1000141.18.44183,SY1000141.2026.44183,iPad1(1000141),141,09.06.26 11:16,Prod,A1000141.6849,Tisch 20,101,S1000141.44183,SALE,2,10.9,21.8,0.0,0.0,0.0,0.0,107,Chicken Burger,Hauptgerichte,,MwSt. 7%,1.07,20.373832,1.426168,Normalverkauf
S1000141.44184,SP1000141.18.44184,SY1000141.2026.44184,iPad1(1000141),141,09.06.26 13:53,Prod,A1000141.6850,Tisch 18,118,S1000141.44184,SALE,1,5.9,5.9,0.0,0.0,0.0,0.0,123,Inger-Limonade,Getränke,,MwSt. 19%,1.19,4.957983,0.942017,Normalverkauf
S1000141.44185,SP1000141.18.44185,SY1000141.2026.44185,iPad1(1000141),141,09.06.26 13:53,Prod,A1000141.6850,Tisch 18,118,S1000141.44185,SALE,1,10.9,10.9,0.0,0.0,0.0,0.0,109,Bismarck-Baguette,Hauptgerichte,,MwSt. 7%,1.07,10.186916,0.713084,Normalverkauf
S1000141.44186,SP1000141.18.44186,SY1000141.2026.44186,iPad1(1000141),141,09.06.26 20:07,Prod,A1000141.6851,Tisch 17,105,S1000141.44186,SALE,2,3.2,6.4,0.0,0.0,0.0,0.0,120,Apfelschorle,Getränke,,MwSt. 19%,1.19,5.378151,1.021849,Normalverkauf
S1000141.44187,SP1000141.18.44187,SY1000141.2026.44187,iPad1(1000141),141,09.06.26 20:07,Prod,A1000141.6851,Tisch 17,105,S1000141.44187,SALE,1,10.9,10.9,0.0,0.0,0.0,0.0,107,Chicken Burger,Hauptgerichte,,MwSt. 7%,1.07,10.186916,0.713084,Normalverkauf
S1000141.44188,SP1000141.18.44188,SY1000141.2026.44188,iPad1(1000141),141,09.06.26 20:07,Prod,A1000141.6851,Tisch 17,105,S1000141.44188,SALE,1,3.9,3.9,0.0,0.0,0.0,0.0,126,Spezi,Getränke,,MwSt. 19%,1.19,3.277311,0.622689,Normalverkauf
S1000141.44189,SP1000141.18.44189,SY1000141.2026.44189,iPad1(1000141),141,09.06.26 11:11,Prod,A1000141.6852,Tisch 14,101,S1000141.44189,SALE,2,3.9,7.8,0.0,0.0,0.0,0.0,127,Alkoholfreies Bier,Getränke,,MwSt. 19%,1.19,6.554622,1.245378,Normalverkauf
S1000141.44190,SP1000141.18.44190,SY1000141.2026.44190,iPad1(1000141),141,09.06.26 11:11,Prod,A1000141.6852,Tisch 14,101,S1000141.44190,SALE,1,5.9,5.9,0.0,0.0,0.0,0.0,117,Rote Grütze,Desserts,,MwSt. 7%,1.07,5.514019,0.385981,Normalverkauf
S1000141.44191,SP1000141.18.44191,SY1000141.2026.44191,iPad1(1000141),141,09.06.26 12:09,Prod,A1000141.6853,Tisch 14,105,S1000141.44191,SALE,1,6.9,6.9,0.0,0.0,0.0,0.0,103,Fischbrötchen Räucherlachs,Hauptspeisen,,MwSt. 7%,1.07,6.448598,0.451402,Normalverkauf
S1000141.44192,SP1000141.18.44192,SY1000141.2026.44192,iPad1(1000141),141,09.06.26 13:41,Prod,A1000141.6854,Tisch 21,113,S1000141.44192,SALE,2,5.9,11.8,0.0,0.0,0.0,0.0,125,Zitronen-Limonade,Getränke,,MwSt. 19%,1.19,9.915966,1.884034,Normalverkauf
S1000141.44193,SP1000141.18.44193,SY1000141.2026.44193,iPad1(1000141),141,09.06.26 10:01,Prod,A1000141.6855,Tisch 12,118,S1000141.44193,VOID,1,2.8,2.8,0.0,0.0,0.0,0.0,121,Mineralwasser,Getränke,,MwSt. 19%,1.19,2.352941,0.447059,Normalverkauf
S1000141.44194,SP1000141.18.44194,SY1000141.2026.44194,iPad1(1000141),141,09.06.26 10:01,Prod,A1000141.6855,Tisch 12,118,S1000141.44194,VOID,1,7.9,7.9,0.0,0.0,0.0,0.0,106,Neptun-Ringe,Beilagen,,MwSt. 7%,1.07,7.383178,0.516822,Normalverkauf
S1000141.44195,SP1000141.18.44195,SY1000141.2026.44195,iPad1(1000141),141,09.06.26 10:01,Prod,A1000141.6855,Tisch 12,118,S1000141.44195,VOID,1,3.9,3.9,0.0,0.0,0.0,0.0,124,Cola Zero,Getränke,,MwSt. 19%,1.19,3.277311,0.622689,Normalverkauf
S1000141.44196,SP1000141.18.44196,SY1000141.2026.44196,iPad1(1000141),141,09.06.26 11:23,Prod,A1000141.6856,Tisch 12,105,S1000141.44196,SALE,1,2.8,2.8,0.0,0.0,0.0,0.0,121,Mineralwasser,Getränke,,MwSt. 19%,1.19,2.352941,0.447059,Normalverkauf
S1000141.44197,SP1000141.18.44197,SY1000141.2026.44197,iPad1(1000141),141,09.06.26 11:23,Prod,A1000141.6856,Tisch 12,105,S1000141.44197,SALE,1,6.9,6.9,0.0,0.0,0.0,0.0,103,Fischbrötchen Räucherlachs,Hauptspeisen,,MwSt. 7%,1.07,6.448598,0.451402,Normalverkauf
S1000141.44198,SP1000141.18.44198,SY1000141.2026.44198,iPad1(1000141),141,09.06.26 11:34,Prod,A1000141.6857,Tisch 12,114,S1000141.44198,SALE,1,4.9,4.9,0.0,0.0,0.0,0.0,112,Kartoffelwedges,Beilagen,,MwSt. 7%,1.07,4.579439,0.320561,Normalverkauf
S1000141.44199,SP1000141.18.44199,SY1000141.2026.44199,iPad1(1000141),141,09.06.26 19:10,Prod,A1000141.6858,Tisch 5,105,S1000141.44199,SALE,1,7.9,7.9,0.0,0.0,0.0,0.0,106,Neptun-Ringe,Beilagen,,MwSt. 7%,1.07,7.383178,0.516822,Normalverkauf
S1000141.44200,SP1000141.18.44200,SY1000141.2026.44200,iPad1(1000141),141,09.06.26 17:32,Prod,A1000141.6859,Tisch 2,105,S1000141.44200,VOID,1,4.9,4.9,0.0,0.0,0.0,0.0,112,Kartoffelwedges,Beilagen,,MwSt. 7%,1.07,4.579439,0.320561,Normalverkauf
S1000141.44201,SP1000141.18.44201,SY1000141.2026.44201,iPad1(1000141),141,09.06.26 11:50,Prod,A1000141.6860,Tisch 19,104,S1000141.44201,SALE,1,3.9,3.9,0.0,0.0,0.0,0.0,119,Cola,Getränke,,MwSt. 19%,1.19,3.277311,0.622689,Normalverkauf
S1000141.44202,SP1000141.18.44202,SY1000141.2026.44202,iPad1(1000141),141,09.06.26 18:19,Prod,A1000141.6861,Tisch 1,104,S1000141.44202,SALE,1,3.9,3.9,0.0,0.0,0.0,0.0,119,Cola,Getränke,,MwSt. 19%,1.19,3.277311,0.622689,Normalverkauf
S1000141.44203,SP1000141.18.44203,SY1000141.2026.44203,iPad1(1000141),141,09.06.26 17:18,Prod,A1000141.6862,Tisch 11,113,S1000141.44203,SALE,1,6.9,6.9,0.0,0.0,0.0,0.0,113,Garnelen Box,Beilagen,,MwSt. 7%,1.07,6.448598,0.451402,Normalverkauf
S1000141.44204,SP1000141.18.44204,SY1000141.2026.44204,iPad1(1000141),141,09.06.26 17:18,Prod,A1000141.6862,Tisch 11,113,S1000141.44204,SALE,1,10.9,10.9,0.0,0.0,0.0,0.0,109,Bismarck-Baguette,Hauptgerichte,,MwSt. 7%,1.07,10.186916,0.713084,Normalverkauf
S1000141.44205,SP1000141.18.44205,SY1000141.2026.44205,iPad1(1000141),141,09.06.26 17:18,Prod,A1000141.6862,Tisch 11,113,S1000141.44205,SALE,2,2.8,5.6,0.0,0.0,0.0,0.0,121,Mineralwasser,Getränke,,MwSt. 19%,1.19,4.705882,0.894118,Normalverkauf
S1000141.44206,SP1000141.18.44206,SY1000141.2026.44206,iPad1(1000141),141,09.06.26 12:11,Prod,A1000141.6863,Tisch 11,104,S1000141.44206,SALE,1,10.9,10.9,0.0,0.0,0.0,0.0,104,Thunfisch Wrap,Hauptgerichte,,MwSt. 7%,1.07,10.186916,0.713084,Normalverkauf
S1000141.44207,SP1000141.18.44207,SY1000141.2026.44207,iPad1(1000141),141,09.06.26 12:11,Prod,A1000141.6863,Tisch 11,104,S1000141.44207,SALE,2,11.5,23.0,0.0,0.0,0.0,0.0,105,Garnelen-Kimchi-Bruger,Hauptgerichte,,MwSt. 7%,1.07,21.495327,1.504673,Normalverkauf
S1000141.44208,SP1000141.18.44208,SY1000141.2026.44208,iPad1(1000141),141,09.06.26 19:47,Prod,A1000141.6864,,104,S1000141.44208,SALE,2,5.5,11.0,0.0,0.0,0.0,0.0,114,Fisch Nuggets Box,Beilagen,,MwSt. 7%,1.07,10.280374,0.719626,Normalverkauf
S1000141.44209,SP1000141.18.44209,SY1000141.2026.44209,iPad1(1000141),141,09.06.26 19:47,Prod,A1000141.6864,,104,S1000141.44209,SALE,1,6.9,6.9,0.0,0.0,0.0,0.0,113,Garnelen Box,Beilagen,,MwSt. 7%,1.07,6.448598,0.451402,Normalverkauf
S1000141.44210,SP1000141.18.44210,SY1000141.2026.44210,iPad1(1000141),141,09.06.26 19:19,Prod,A1000141.6865,Tisch 6,113,S1000141.44210,SALE,2,10.9,21.8,0.0,0.0,0.0,0.0,107,Chicken Burger,Hauptgerichte,,MwSt. 7%,1.07,20.373832,1.426168,Normalverkauf
S1000141.44211,SP1000141.18.44211,SY1000141.2026.44211,iPad1(1000141),141,09.06.26 19:19,Prod,A1000141.6865,Tisch 6,113,S1000141.44211,SALE,1,11.9,11.9,0.0,0.0,0.0,0.0,110,Matjes-Baguette,Hauptgerichte,,MwSt. 7%,1.07,11.121495,0.778505,Normalverkauf
S1000141.44212,SP1000141.18.44212,SY1000141.2026.44212,iPad1(1000141),141,09.06.26 19:19,Prod,A1000141.6865,Tisch 6,113,S1000141.44212,SALE,2,3.9,7.8,0.0,0.0,0.0,0.0,119,Cola,Getränke,,MwSt. 19%,1.19,6.554622,1.245378,Normalverkauf
S1000141.44213,SP1000141.18.44213,SY1000141.2026.44213,iPad1(1000141),141,09.06.26 11:52,Prod,A1000141.6866,Tisch 10,114,S1000141.44213,SALE,2,6.5,13.0,0.0,0.0,0.0,0.0,100,Fischbrötchen Backfisch,Hauptspeisen,,MwSt. 7%,1.07,12.149533,0.850467,Normalverkauf
S1000141.44214,SP1000141.18.44214,SY1000141.2026.44214,iPad1(1000141),141,09.06.26 19:28,Prod,A1000141.6867,Tisch 15,118,S1000141.44214,SALE,2,3.9,7.8,0.0,0.0,0.0,0.0,119,Cola,Getränke,,MwSt. 19%,1.19,6.554622,1.245378,Normalverkauf
S1000141.44215,SP1000141.18.44215,SY1000141.2026.44215,iPad1(1000141),141,09.06.26 19:28,Prod,A1000141.6867,Tisch 15,118,S1000141.44215,SALE,2,7.9,15.8,0.0,0.0,0.0,0.0,106,Neptun-Ringe,Beilagen,,MwSt. 7%,1.07,14.766355,1.033645,Normalverkauf
S1000141.44216,SP1000141.18.44216,SY1000141.2026.44216,iPad1(1000141),141,09.06.26 19:28,Prod,A1000141.6867,Tisch 15,118,S1000141.44216,SALE,2,11.5,23.0,0.0,0.0,0.0,0.0,105,Garnelen-Kimchi-Bruger,Hauptgerichte,,MwSt. 7%,1.07,21.495327,1.504673,Normalverkauf
S1000141.44217,SP1000141.18.44217,SY1000141.2026.44217,iPad1(1000141),141,09.06.26 19:22,Prod,A1000141.6868,Tisch 20,114,S1000141.44217,SALE,2,5.5,11.0,0.0,0.0,0.0,0.0,114,Fisch Nuggets Box,Beilagen,,MwSt. 7%,1.07,10.280374,0.719626,Normalverkauf
S1000141.44218,SP1000141.18.44218,SY1000141.2026.44218,iPad1(1000141),141,09.06.26 19:22,Prod,A1000141.6868,Tisch 20,114,S1000141.44218,SALE,2,4.2,8.4,0.0,0.0,0.0,0.0,122,Bier,Getränke,,MwSt. 19%,1.19,7.058824,1.341176,Normalverkauf
S1000141.44219,SP1000141.18.44219,SY1000141.2026.44219,iPad1(1000141),141,09.06.26 19:22,Prod,A1000141.6868,Tisch 20,114,S1000141.44219,SALE,2,11.9,23.8,0.0,0.0,0.0,0.0,110,Matjes-Baguette,Hauptgerichte,,MwSt. 7%,1.07,22.242991,1.557009,Normalverkauf
S1000141.44220,SP1000141.18.44220,SY1000141.2026.44220,iPad1(1000141),141,09.06.26 20:17,Prod,A1000141.6869,Tisch 17,101,S1000141.44220,VOID,1,4.9,4.9,0.0,0.0,0.0,0.0,112,Kartoffelwedges,Beilagen,,MwSt. 7%,1.07,4.579439,0.320561,Normalverkauf
S1000141.44221,SP1000141.18.44221,SY1000141.2026.44221,iPad1(1000141),141,09.06.26 20:17,Prod,A1000141.6869,Tisch 17,101,S1000141.44221,VOID,2,14.5,29.0,0.0,0.0,0.0,0.0,101,Lachs,Hauptspeisen,,MwSt. 7%,1.07,27.102804,1.897196,Normalverkauf
S1000141.44222,SP1000141.18.44222,SY1000141.2026.44222,iPad1(1000141),141,09.06.26 20:17,Prod,A1000141.6869,Tisch 17,101,S1000141.44222,VOID,2,10.9,21.8,0.0,0.0,0.0,0.0,109,Bismarck-Baguette,Hauptgerichte,,MwSt. 7%,1.07,20.373832,1.426168,Normalverkauf
S1000141.44223,SP1000141.18.44223,SY1000141.2026.44223,iPad1(1000141),141,09.06.26 17:00,Prod,A1000141.6870,Tisch 11,104,S1000141.44223,SALE,2,5.5,11.0,0.0,0.0,0.0,0.0,111,Pommes Frites,Beilagen,,MwSt. 7%,1.07,10.280374,0.719626,Normalverkauf
S1000141.44224,SP1000141.18.44224,SY1000141.2026.44224,iPad1(1000141),141,09.06.26 17:00,Prod,A1000141.6870,Tisch 11,104,S1000141.44224,SALE,2,3.9,7.8,0.0,0.0,0.0,0.0,124,Cola Zero,Getränke,,MwSt. 19%,1.19,6.554622,1.245378,Normalverkauf
S1000141.44225,SP1000141.18.44225,SY1000141.2026.44225,iPad1(1000141),141,09.06.26 17:00,Prod,A1000141.6870,Tisch 11,104,S1000141.44225,SALE,2,3.2,6.4,0.0,0.0,0.0,0.0,120,Apfelschorle,Getränke,,MwSt. 19%,1.19,5.378151,1.021849,Normalverkauf
S1000141.44226,SP1000141.18.44226,SY1000141.2026.44226,iPad1(1000141),141,09.06.26 12:26,Prod,A1000141.6871,Tisch 2,114,S1000141.44226,SALE,2,6.5,13.0,0.0,0.0,0.0,0.0,118,Schokokuchen,Desserts,,MwSt. 7%,1.07,12.149533,0.850467,Normalverkauf
S1000141.44227,SP1000141.18.44227,SY1000141.2026.44227,iPad1(1000141),141,09.06.26 12:26,Prod,A1000141.6871,Tisch 2,114,S1000141.44227,SALE,2,5.9,11.8,0.0,0.0,0.0,0.0,123,Inger-Limonade,Getränke,,MwSt. 19%,1.19,9.915966,1.884034,Normalverkauf
S1000141.44228,SP1000141.18.44228,SY1000141.2026.44228,iPad1(1000141),141,09.06.26 12:26,Prod,A1000141.6871,Tisch 2,114,S1000141.44228,SALE,1,11.9,11.9,0.0,0.0,0.0,0.0,110,Matjes-Baguette,Hauptgerichte,,MwSt. 7%,1.07,11.121495,0.778505,Normalverkauf
S1000141.44229,SP1000141.18.44229,SY1000141.2026.44229,iPad1(1000141),141,09.06.26 20:29,Prod,A1000141.6872,Tisch 1,118,S1000141.44229,SALE,2,5.5,11.0,0.0,0.0,0.0,0.0,114,Fisch Nuggets Box,Beilagen,,MwSt. 7%,1.07,10.280374,0.719626,Normalverkauf
S1000141.44230,SP1000141.18.44230,SY1000141.2026.44230,iPad1(1000141),141,09.06.26 12:24,Prod,A1000141.6873,Tisch 17,101,S1000141.44230,SALE,2,6.5,13.0,0.0,0.0,0.0,0.0,100,Fischbrötchen Backfisch,Hauptspeisen,,MwSt. 7%,1.07,12.149533,0.850467,Normalverkauf
S1000141.44231,SP1000141.18.44231,SY1000141.2026.44231,iPad1(1000141),141,09.06.26 12:24,Prod,A1000141.6873,Tisch 17,101,S1000141.44231,SALE,1,10.9,10.9,0.0,0.0,0.0,0.0,104,Thunfisch Wrap,Hauptgerichte,,MwSt. 7%,1.07,10.186916,0.713084,Normalverkauf
S1000141.44232,SP1000141.18.44232,SY1000141.2026.44232,iPad1(1000141),141,09.06.26 12:24,Prod,A1000141.6873,Tisch 17,101,S1000141.44232,SALE,1,3.9,3.9,0.0,0.0,0.0,0.0,124,Cola Zero,Getränke,,MwSt. 19%,1.19,3.277311,0.622689,Normalverkauf
S1000141.44233,SP1000141.18.44233,SY1000141.2026.44233,iPad1(1000141),141,09.06.26 19:43,Prod,A1000141.6874,Tisch 6,105,S1000141.44233,SALE,2,10.9,21.8,0.0,0.0,0.0,0.0,109,Bismarck-Baguette,Hauptgerichte,,MwSt. 7%,1.07,20.373832,1.426168,Normalverkauf
S1000141.44234,SP1000141.18.44234,SY1000141.2026.44234,iPad1(1000141),141,09.06.26 19:43,Prod,A1000141.6874,Tisch 6,105,S1000141.44234,SALE,2,5.5,11.0,0.0,0.0,0.0,0.0,114,Fisch Nuggets Box,Beilagen,,MwSt. 7%,1.07,10.280374,0.719626,Normalverkauf
S1000141.44235,SP1000141.18.44235,SY1000141.2026.44235,iPad1(1000141),141,09.06.26 19:43,Prod,A1000141.6874,Tisch 6,105,S1000141.44235,SALE,2,3.9,7.8,0.0,0.0,0.0,0.0,119,Cola,Getränke,,MwSt. 19%,1.19,6.554622,1.245378,Normalverkauf
S1000141.44236,SP1000141.18.44236,SY1000141.2026.44236,iPad1(1000141),141,09.06.26 11:42,Prod,A1000141.6875,Tisch 24,113,S1000141.44236,SALE,1,4.2,4.2,0.0,0.0,0.0,0.0,122,Bier,Getränke,,MwSt. 19%,1.19,3.529412,0.670588,Normalverkauf
S1000141.44237,SP1000141.18.44237,SY1000141.2026.44237,iPad1(1000141),141,09.06.26 11:42,Prod,A1000141.6875,Tisch 24,113,S1000141.44237,SALE,2,2.8,5.6,0.0,0.0,0.0,0.0,121,Mineralwasser,Getränke,,MwSt. 19%,1.19,4.705882,0.894118,Normalverkauf
S1000141.44238,SP1000141.18.44238,SY1000141.2026.44238,iPad1(1000141),141,09.06.26 11:42,Prod,A1000141.6875,Tisch 24,113,S1000141.44238,SALE,1,7.9,7.9,0.0,0.0,0.0,0.0,106,Neptun-Ringe,Beilagen,,MwSt. 7%,1.07,7.383178,0.516822,Normalverkauf
S1000141.44239,SP1000141.18.44239,SY1000141.2026.44239,iPad1(1000141),141,09.06.26 18:28,Prod,A1000141.6876,Tisch 15,104,S1000141.44239,SALE,2,5.5,11.0,0.0,0.0,0.0,0.0,111,Pommes Frites,Beilagen,,MwSt. 7%,1.07,10.280374,0.719626,Normalverkauf
S1000141.44240,SP1000141.18.44240,SY1000141.2026.44240,iPad1(1000141),141,09.06.26 14:18,Prod,A1000141.6877,Tisch 11,114,S1000141.44240,SALE,2,5.5,11.0,0.0,0.0,0.0,0.0,114,Fisch Nuggets Box,Beilagen,,MwSt. 7%,1.07,10.280374,0.719626,Normalverkauf
S1000141.44241,SP1000141.18.44241,SY1000141.2026.44241,iPad1(1000141),141,09.06.26 10:36,Prod,A1000141.6878,Tisch 12,105,S1000141.44241,SALE,1,10.9,10.9,0.0,0.0,0.0,0.0,109,Bismarck-Baguette,Hauptgerichte,,MwSt. 7%,1.07,10.186916,0.713084,Normalverkauf
S1000141.44242,SP1000141.18.44242,SY1000141.2026.44242,iPad1(1000141),141,09.06.26 10:36,Prod,A1000141.6878,Tisch 12,105,S1000141.44242,SALE,1,10.9,10.9,0.0,0.0,0.0,0.0,109,Bismarck-Baguette,Hauptgerichte,,MwSt. 7%,1.07,10.186916,0.713084,Normalverkauf
S1000141.44243,SP1000141.18.44243,SY1000141.2026.44243,iPad1(1000141),141,09.06.26 10:36,Prod,A1000141.6878,Tisch 12,105,S1000141.44243,SALE,2,10.9,21.8,0.0,0.0,0.0,0.0,104,Thunfisch Wrap,Hauptgerichte,,MwSt. 7%,1.07,20.373832,1.426168,Normalverkauf
S1000141.44244,SP1000141.18.44244,SY1000141.2026.44244,iPad1(1000141),141,09.06.26 16:28,Prod,A1000141.6879,Tisch 22,104,S1000141.44244,VOID,1,6.9,6.9,0.0,0.0,0.0,0.0,103,Fischbrötchen Räucherlachs,Hauptspeisen,,MwSt. 7%,1.07,6.448598,0.451402,Normalverkauf
S1000141.44245,SP1000141.18.44245,SY1000141.2026.44245,iPad1(1000141),141,09.06.26 16:28,Prod,A1000141.6879,Tisch 22,104,S1000141.44245,VOID,1,10.9,10.9,0.0,0.0,0.0,0.0,107,Chicken Burger,Hauptgerichte,,MwSt. 7%,1.07,10.186916,0.713084,Normalverkauf
S1000141.44246,SP1000141.18.44246,SY1000141.2026.44246,iPad1(1000141),141,09.06.26 16:28,Prod,A1000141.6879,Tisch 22,104,S1000141.44246,VOID,2,4.2,8.4,0.0,0.0,0.0,0.0,122,Bier,Getränke,,MwSt. 19%,1.19,7.058824,1.341176,Normalverkauf
S1000141.44247,SP1000141.18.44247,SY1000141.2026.44247,iPad1(1000141),141,09.06.26 17:36,Prod,A1000141.6880,Tisch 20,101,S1000141.44247,SALE,1,13.5,13.5,0.0,0.0,0.0,0.0,102,Matjes,Hauptspeisen,,MwSt. 7%,1.07,12.616822,0.883178,Normalverkauf
S1000141.44248,SP1000141.18.44248,SY1000141.2026.44248,iPad1(1000141),141,09.06.26 12:21,Prod,A1000141.6881,Tisch 5,104,S1000141.44248,SALE,1,13.5,13.5,0.0,0.0,0.0,0.0,102,Matjes,Hauptspeisen,,MwSt. 7%,1.07,12.616822,0.883178,Normalverkauf
S1000141.44249,SP1000141.18.44249,SY1000141.2026.44249,iPad1(1000141),141,09.06.26 11:07,Prod,A1000141.6882,Tisch 16,101,S1000141.44249,SALE,1,5.5,5.5,0.0,0.0,0.0,0.0,114,Fisch Nuggets Box,Beilagen,,MwSt. 7%,1.07,5.140187,0.359813,Normalverkauf
S1000141.44250,SP1000141.18.44250,SY1000141.2026.44250,iPad1(1000141),141,09.06.26 11:07,Prod,A1000141.6882,Tisch 16,101,S1000141.44250,SALE,1,9.8,9.8,0.0,0.0,0.0,0.0,108,Seelachs-Ei-Baugette,Hauptgerichte,,MwSt. 7%,1.07,9.158879,0.641121,Normalverkauf
S1000141.44251,SP1000141.18.44251,SY1000141.2026.44251,iPad1(1000141),141,09.06.26 16:33,Prod,A1000141.6883,Tisch 1,104,S1000141.44251,SALE,2,3.9,7.8,0.0,0.0,0.0,0.0,119,Cola,Getränke,,MwSt. 19%,1.19,6.554622,1.245378,Normalverkauf
S1000141.44252,SP1000141.18.44252,SY1000141.2026.44252,iPad1(1000141),141,09.06.26 16:33,Prod,A1000141.6883,Tisch 1,104,S1000141.44252,SALE,2,2.8,5.6,0.0,0.0,0.0,0.0,121,Mineralwasser,Getränke,,MwSt. 19%,1.19,4.705882,0.894118,Normalverkauf
S1000141.44253,SP1000141.18.44253,SY1000141.2026.44253,iPad1(1000141),141,09.06.26 16:33,Prod,A1000141.6883,Tisch 1,104,S1000141.44253,SALE,1,7.9,7.9,0.0,0.0,0.0,0.0,115,Tiramisu,Desserts,,MwSt. 7%,1.07,7.383178,0.516822,Normalverkauf
S1000141.44254,SP1000141.18.44254,SY1000141.2026.44254,iPad1(1000141),141,09.06.26 17:03,Prod,A1000141.6884,Tisch 18,104,S1000141.44254,SALE,2,3.9,7.8,0.0,0.0,0.0,0.0,119,Cola,Getränke,,MwSt. 19%,1.19,6.554622,1.245378,Normalverkauf
S1000141.44255,SP1000141.18.44255,SY1000141.2026.44255,iPad1(1000141),141,09.06.26 17:03,Prod,A1000141.6884,Tisch 18,104,S1000141.44255,SALE,1,7.9,7.9,0.0,0.0,0.0,0.0,115,Tiramisu,Desserts,,MwSt. 7%,1.07,7.383178,0.516822,Normalverkauf
S1000141.44256,SP1000141.18.44256,SY1000141.2026.44256,iPad1(1000141),141,09.06.26 11:36,Prod,A1000141.6885,Tisch 22,113,S1000141.44256,SALE,1,13.5,13.5,0.0,0.0,0.0,0.0,102,Matjes,Hauptspeisen,,MwSt. 7%,1.07,12.616822,0.883178,Normalverkauf
S1000141.44257,SP1000141.18.44257,SY1000141.2026.44257,iPad1(1000141),141,09.06.26 11:06,Prod,A1000141.6886,Tisch 17,105,S1000141.44257,SALE,1,5.5,5.5,0.0,0.0,0.0,0.0,111,Pommes Frites,Beilagen,,MwSt. 7%,1.07,5.140187,0.359813,Normalverkauf
S1000141.44258,SP1000141.18.44258,SY1000141.2026.44258,iPad1(1000141),141,09.06.26 11:06,Prod,A1000141.6886,Tisch 17,105,S1000141.44258,SALE,1,10.9,10.9,0.0,0.0,0.0,0.0,104,Thunfisch Wrap,Hauptgerichte,,MwSt. 7%,1.07,10.186916,0.713084,Normalverkauf
S1000141.44259,SP1000141.18.44259,SY1000141.2026.44259,iPad1(1000141),141,09.06.26 12:32,Prod,A1000141.6887,Tisch 12,105,S1000141.44259,VOID,2,6.9,13.8,0.0,0.0,0.0,0.0,113,Garnelen Box,Beilagen,,MwSt. 7%,1.07,12.897196,0.902804,Normalverkauf
S1000141.44260,SP1000141.18.44260,SY1000141.2026.44260,iPad1(1000141),141,09.06.26 12:32,Prod,A1000141.6887,Tisch 12,105,S1000141.44260,VOID,1,6.9,6.9,0.0,0.0,0.0,0.0,103,Fischbrötchen Räucherlachs,Hauptspeisen,,MwSt. 7%,1.07,6.448598,0.451402,Normalverkauf
S1000141.44261,SP1000141.18.44261,SY1000141.2026.44261,iPad1(1000141),141,09.06.26 12:32,Prod,A1000141.6887,Tisch 12,105,S1000141.44261,VOID,2,14.5,29.0,0.0,0.0,0.0,0.0,101,Lachs,Hauptspeisen,,MwSt. 7%,1.07,27.102804,1.897196,Normalverkauf
S1000141.44262,SP1000141.18.44262,SY1000141.2026.44262,iPad1(1000141),141,10.06.26 11:36,Prod,A1000141.6888,Tisch 3,105,S1000141.44262,SALE,1,3.9,3.9,0.0,0.0,0.0,0.0,124,Cola Zero,Getränke,,MwSt. 19%,1.19,3.277311,0.622689,Normalverkauf
S1000141.44263,SP1000141.18.44263,SY1000141.2026.44263,iPad1(1000141),141,10.06.26 11:36,Prod,A1000141.6888,Tisch 3,105,S1000141.44263,SALE,2,7.9,15.8,0.0,0.0,0.0,0.0,115,Tiramisu,Desserts,,MwSt. 7%,1.07,14.766355,1.033645,Normalverkauf
S1000141.44264,SP1000141.18.44264,SY1000141.2026.44264,iPad1(1000141),141,10.06.26 11:36,Prod,A1000141.6888,Tisch 3,105,S1000141.44264,SALE,2,9.8,19.6,0.0,0.0,0.0,0.0,108,Seelachs-Ei-Baugette,Hauptgerichte,,MwSt. 7%,1.07,18.317757,1.282243,Normalverkauf
S1000141.44265,SP1000141.18.44265,SY1000141.2026.44265,iPad1(1000141),141,10.06.26 13:05,Prod,A1000141.6889,Tisch 2,105,S1000141.44265,SALE,1,3.9,3.9,0.0,0.0,0.0,0.0,126,Spezi,Getränke,,MwSt. 19%,1.19,3.277311,0.622689,Normalverkauf
S1000141.44266,SP1000141.18.44266,SY1000141.2026.44266,iPad1(1000141),141,10.06.26 13:05,Prod,A1000141.6889,Tisch 2,105,S1000141.44266,SALE,2,3.9,7.8,0.0,0.0,0.0,0.0,127,Alkoholfreies Bier,Getränke,,MwSt. 19%,1.19,6.554622,1.245378,Normalverkauf
S1000141.44267,SP1000141.18.44267,SY1000141.2026.44267,iPad1(1000141),141,10.06.26 20:26,Prod,A1000141.6890,Tisch 7,105,S1000141.44267,VOID,1,3.9,3.9,0.0,0.0,0.0,0.0,124,Cola Zero,Getränke,,MwSt. 19%,1.19,3.277311,0.622689,Normalverkauf
S1000141.44268,SP1000141.18.44268,SY1000141.2026.44268,iPad1(1000141),141,10.06.26 20:26,Prod,A1000141.6890,Tisch 7,105,S1000141.44268,VOID,1,10.9,10.9,0.0,0.0,0.0,0.0,104,Thunfisch Wrap,Hauptgerichte,,MwSt. 7%,1.07,10.186916,0.713084,Normalverkauf
S1000141.44269,SP1000141.18.44269,SY1000141.2026.44269,iPad1(1000141),141,10.06.26 08:50,Prod,A1000141.6891,Tisch 10,101,S1000141.44269,SALE,2,5.5,11.0,0.0,0.0,0.0,0.0,111,Pommes Frites,Beilagen,,MwSt. 7%,1.07,10.280374,0.719626,Normalverkauf
S1000141.44270,SP1000141.18.44270,SY1000141.2026.44270,iPad1(1000141),141,10.06.26 11:13,Prod,A1000141.6892,Tisch 9,101,S1000141.44270,SALE,2,7.9,15.8,0.0,0.0,0.0,0.0,115,Tiramisu,Desserts,,MwSt. 7%,1.07,14.766355,1.033645,Normalverkauf
S1000141.44271,SP1000141.18.44271,SY1000141.2026.44271,iPad1(1000141),141,10.06.26 11:13,Prod,A1000141.6892,Tisch 9,101,S1000141.44271,SALE,2,9.8,19.6,0.0,0.0,0.0,0.0,108,Seelachs-Ei-Baugette,Hauptgerichte,,MwSt. 7%,1.07,18.317757,1.282243,Normalverkauf
S1000141.44272,SP1000141.18.44272,SY1000141.2026.44272,iPad1(1000141),141,10.06.26 11:13,Prod,A1000141.6892,Tisch 9,101,S1000141.44272,SALE,1,6.9,6.9,0.0,0.0,0.0,0.0,103,Fischbrötchen Räucherlachs,Hauptspeisen,,MwSt. 7%,1.07,6.448598,0.451402,Normalverkauf
S1000141.44273,SP1000141.18.44273,SY1000141.2026.44273,iPad1(1000141),141,10.06.26 19:27,Prod,A1000141.6893,Tisch 18,118,S1000141.44273,SALE,1,14.5,14.5,0.0,0.0,0.0,0.0,101,Lachs,Hauptspeisen,,MwSt. 7%,1.07,13.551402,0.948598,Normalverkauf
S1000141.44274,SP1000141.18.44274,SY1000141.2026.44274,iPad1(1000141),141,10.06.26 12:10,Prod,A1000141.6894,Tisch 19,104,S1000141.44274,SALE,1,10.9,10.9,0.0,0.0,0.0,0.0,104,Thunfisch Wrap,Hauptgerichte,,MwSt. 7%,1.07,10.186916,0.713084,Normalverkauf
S1000141.44275,SP1000141.18.44275,SY1000141.2026.44275,iPad1(1000141),141,10.06.26 14:51,Prod,A1000141.6895,Tisch 16,104,S1000141.44275,SALE,1,13.5,13.5,0.0,0.0,0.0,0.0,102,Matjes,Hauptspeisen,,MwSt. 7%,1.07,12.616822,0.883178,Normalverkauf
S1000141.44276,SP1000141.18.44276,SY1000141.2026.44276,iPad1(1000141),141,10.06.26 14:51,Prod,A1000141.6895,Tisch 16,104,S1000141.44276,SALE,1,3.9,3.9,0.0,0.0,0.0,0.0,124,Cola Zero,Getränke,,MwSt. 19%,1.19,3.277311,0.622689,Normalverkauf
S1000141.44277,SP1000141.18.44277,SY1000141.2026.44277,iPad1(1000141),141,10.06.26 14:51,Prod,A1000141.6895,Tisch 16,104,S1000141.44277,SALE,2,2.8,5.6,0.0,0.0,0.0,0.0,121,Mineralwasser,Getränke,,MwSt. 19%,1.19,4.705882,0.894118,Normalverkauf
S1000141.44278,SP1000141.18.44278,SY1000141.2026.44278,iPad1(1000141),141,10.06.26 09:02,Prod,A1000141.6896,Tisch 23,101,S1000141.44278,VOID,2,11.9,23.8,0.0,0.0,0.0,0.0,110,Matjes-Baguette,Hauptgerichte,,MwSt. 7%,1.07,22.242991,1.557009,Normalverkauf
S1000141.44279,SP1000141.18.44279,SY1000141.2026.44279,iPad1(1000141),141,10.06.26 17:24,Prod,A1000141.6897,Tisch 23,113,S1000141.44279,SALE,2,10.9,21.8,0.0,0.0,0.0,0.0,109,Bismarck-Baguette,Hauptgerichte,,MwSt. 7%,1.07,20.373832,1.426168,Normalverkauf
S1000141.44280,SP1000141.18.44280,SY1000141.2026.44280,iPad1(1000141),141,10.06.26 17:24,Prod,A1000141.6897,Tisch 23,113,S1000141.44280,SALE,2,10.9,21.8,0.0,0.0,0.0,0.0,109,Bismarck-Baguette,Hauptgerichte,,MwSt. 7%,1.07,20.373832,1.426168,Normalverkauf
S1000141.44281,SP1000141.18.44281,SY1000141.2026.44281,iPad1(1000141),141,10.06.26 12:22,Prod,A1000141.6898,Tisch 11,104,S1000141.44281,SALE,2,13.5,27.0,0.0,0.0,0.0,0.0,102,Matjes,Hauptspeisen,,MwSt. 7%,1.07,25.233645,1.766355,Normalverkauf
S1000141.44282,SP1000141.18.44282,SY1000141.2026.44282,iPad1(1000141),141,10.06.26 12:22,Prod,A1000141.6898,Tisch 11,104,S1000141.44282,SALE,2,7.9,15.8,0.0,0.0,0.0,0.0,115,Tiramisu,Desserts,,MwSt. 7%,1.07,14.766355,1.033645,Normalverkauf
S1000141.44283,SP1000141.18.44283,SY1000141.2026.44283,iPad1(1000141),141,10.06.26 12:49,Prod,A1000141.6899,Tisch 21,105,S1000141.44283,SALE,1,9.8,9.8,0.0,0.0,0.0,0.0,108,Seelachs-Ei-Baugette,Hauptgerichte,,MwSt. 7%,1.07,9.158879,0.641121,Normalverkauf
S1000141.44284,SP1000141.18.44284,SY1000141.2026.44284,iPad1(1000141),141,10.06.26 19:09,Prod,A1000141.6900,Tisch 24,105,S1000141.44284,SALE,1,9.8,9.8,0.0,0.0,0.0,0.0,108,Seelachs-Ei-Baugette,Hauptgerichte,,MwSt. 7%,1.07,9.158879,0.641121,Normalverkauf
S1000141.44285,SP1000141.18.44285,SY1000141.2026.44285,iPad1(1000141),141,10.06.26 13:28,Prod,A1000141.6901,Tisch 10,104,S1000141.44285,VOID,2,11.5,23.0,0.0,0.0,0.0,0.0,105,Garnelen-Kimchi-Bruger,Hauptgerichte,,MwSt. 7%,1.07,21.495327,1.504673,Normalverkauf
S1000141.44286,SP1000141.18.44286,SY1000141.2026.44286,iPad1(1000141),141,10.06.26 18:51,Prod,A1000141.6902,Tisch 14,104,S1000141.44286,SALE,1,11.5,11.5,0.0,0.0,0.0,0.0,105,Garnelen-Kimchi-Bruger,Hauptgerichte,,MwSt. 7%,1.07,10.747664,0.752336,Normalverkauf
S1000141.44287,SP1000141.18.44287,SY1000141.2026.44287,iPad1(1000141),141,10.06.26 18:51,Prod,A1000141.6902,Tisch 14,104,S1000141.44287,SALE,1,5.9,5.9,0.0,0.0,0.0,0.0,125,Zitronen-Limonade,Getränke,,MwSt. 19%,1.19,4.957983,0.942017,Normalverkauf
S1000141.44288,SP1000141.18.44288,SY1000141.2026.44288,iPad1(1000141),141,10.06.26 20:12,Prod,A1000141.6903,Tisch 12,114,S1000141.44288,SALE,2,5.9,11.8,0.0,0.0,0.0,0.0,123,Inger-Limonade,Getränke,,MwSt. 19%,1.19,9.915966,1.884034,Normalverkauf
S1000141.44289,SP1000141.18.44289,SY1000141.2026.44289,iPad1(1000141),141,10.06.26 20:12,Prod,A1000141.6903,Tisch 12,114,S1000141.44289,SALE,1,7.9,7.9,0.0,0.0,0.0,0.0,115,Tiramisu,Desserts,,MwSt. 7%,1.07,7.383178,0.516822,Normalverkauf
S1000141.44290,SP1000141.18.44290,SY1000141.2026.44290,iPad1(1000141),141,10.06.26 20:12,Prod,A1000141.6903,Tisch 12,114,S1000141.44290,SALE,2,5.9,11.8,0.0,0.0,0.0,0.0,117,Rote Grütze,Desserts,,MwSt. 7%,1.07,11.028037,0.771963,Normalverkauf
S1000141.44291,SP1000141.18.44291,SY1000141.2026.44291,iPad1(1000141),141,10.06.26 12:41,Prod,A1000141.6904,Tisch 19,104,S1000141.44291,SALE,1,2.8,2.8,0.0,0.0,0.0,0.0,121,Mineralwasser,Getränke,,MwSt. 19%,1.19,2.352941,0.447059,Normalverkauf
S1000141.44292,SP1000141.18.44292,SY1000141.2026.44292,iPad1(1000141),141,10.06.26 12:41,Prod,A1000141.6904,Tisch 19,104,S1000141.44292,SALE,2,3.9,7.8,0.0,0.0,0.0,0.0,126,Spezi,Getränke,,MwSt. 19%,1.19,6.554622,1.245378,Normalverkauf
S1000141.44293,SP1000141.18.44293,SY1000141.2026.44293,iPad1(1000141),141,10.06.26 12:41,Prod,A1000141.6904,Tisch 19,104,S1000141.44293,SALE,2,5.5,11.0,0.0,0.0,0.0,0.0,114,Fisch Nuggets Box,Beilagen,,MwSt. 7%,1.07,10.280374,0.719626,Normalverkauf
S1000141.44294,SP1000141.18.44294,SY1000141.2026.44294,iPad1(1000141),141,10.06.26 13:48,Prod,A1000141.6905,Tisch 6,104,S1000141.44294,SALE,1,10.9,10.9,0.0,0.0,0.0,0.0,107,Chicken Burger,Hauptgerichte,,MwSt. 7%,1.07,10.186916,0.713084,Normalverkauf
S1000141.44295,SP1000141.18.44295,SY1000141.2026.44295,iPad1(1000141),141,10.06.26 13:48,Prod,A1000141.6905,Tisch 6,104,S1000141.44295,SALE,1,13.5,13.5,0.0,0.0,0.0,0.0,102,Matjes,Hauptspeisen,,MwSt. 7%,1.07,12.616822,0.883178,Normalverkauf
S1000141.44296,SP1000141.18.44296,SY1000141.2026.44296,iPad1(1000141),141,10.06.26 18:55,Prod,A1000141.6906,Tisch 22,101,S1000141.44296,SALE,2,6.5,13.0,0.0,0.0,0.0,0.0,100,Fischbrötchen Backfisch,Hauptspeisen,,MwSt. 7%,1.07,12.149533,0.850467,Normalverkauf
S1000141.44297,SP1000141.18.44297,SY1000141.2026.44297,iPad1(1000141),141,10.06.26 09:01,Prod,A1000141.6907,Tisch 2,105,S1000141.44297,VOID,2,3.9,7.8,0.0,0.0,0.0,0.0,124,Cola Zero,Getränke,,MwSt. 19%,1.19,6.554622,1.245378,Normalverkauf
S1000141.44298,SP1000141.18.44298,SY1000141.2026.44298,iPad1(1000141),141,10.06.26 14:57,Prod,A1000141.6908,Tisch 4,114,S1000141.44298,SALE,1,6.5,6.5,0.0,0.0,0.0,0.0,118,Schokokuchen,Desserts,,MwSt. 7%,1.07,6.074766,0.425234,Normalverkauf
S1000141.44299,SP1000141.18.44299,SY1000141.2026.44299,iPad1(1000141),141,10.06.26 14:57,Prod,A1000141.6908,Tisch 4,114,S1000141.44299,SALE,1,5.5,5.5,0.0,0.0,0.0,0.0,111,Pommes Frites,Beilagen,,MwSt. 7%,1.07,5.140187,0.359813,Normalverkauf
S1000141.44300,SP1000141.18.44300,SY1000141.2026.44300,iPad1(1000141),141,10.06.26 20:29,Prod,A1000141.6909,Tisch 23,114,S1000141.44300,SALE,1,7.9,7.9,0.0,0.0,0.0,0.0,115,Tiramisu,Desserts,,MwSt. 7%,1.07,7.383178,0.516822,Normalverkauf
S1000141.44301,SP1000141.18.44301,SY1000141.2026.44301,iPad1(1000141),141,10.06.26 20:29,Prod,A1000141.6909,Tisch 23,114,S1000141.44301,SALE,1,10.9,10.9,0.0,0.0,0.0,0.0,109,Bismarck-Baguette,Hauptgerichte,,MwSt. 7%,1.07,10.186916,0.713084,Normalverkauf
S1000141.44302,SP1000141.18.44302,SY1000141.2026.44302,iPad1(1000141),141,10.06.26 14:05,Prod,A1000141.6910,Tisch 9,118,S1000141.44302,SALE,2,3.9,7.8,0.0,0.0,0.0,0.0,119,Cola,Getränke,,MwSt. 19%,1.19,6.554622,1.245378,Normalverkauf
S1000141.44303,SP1000141.18.44303,SY1000141.2026.44303,iPad1(1000141),141,10.06.26 14:05,Prod,A1000141.6910,Tisch 9,118,S1000141.44303,SALE,2,11.9,23.8,0.0,0.0,0.0,0.0,110,Matjes-Baguette,Hauptgerichte,,MwSt. 7%,1.07,22.242991,1.557009,Normalverkauf
S1000141.44304,SP1000141.18.44304,SY1000141.2026.44304,iPad1(1000141),141,10.06.26 18:49,Prod,A1000141.6911,Tisch 11,104,S1000141.44304,SALE,2,3.2,6.4,0.0,0.0,0.0,0.0,120,Apfelschorle,Getränke,,MwSt. 19%,1.19,5.378151,1.021849,Normalverkauf
S1000141.44305,SP1000141.18.44305,SY1000141.2026.44305,iPad1(1000141),141,10.06.26 18:49,Prod,A1000141.6911,Tisch 11,104,S1000141.44305,SALE,1,11.5,11.5,0.0,0.0,0.0,0.0,105,Garnelen-Kimchi-Bruger,Hauptgerichte,,MwSt. 7%,1.07,10.747664,0.752336,Normalverkauf
S1000141.44306,SP1000141.18.44306,SY1000141.2026.44306,iPad1(1000141),141,10.06.26 18:49,Prod,A1000141.6911,Tisch 11,104,S1000141.44306,SALE,1,7.9,7.9,0.0,0.0,0.0,0.0,106,Neptun-Ringe,Beilagen,,MwSt. 7%,1.07,7.383178,0.516822,Normalverkauf
S1000141.44307,SP1000141.18.44307,SY1000141.2026.44307,iPad1(1000141),141,10.06.26 18:37,Prod,A1000141.6912,Tisch 7,114,S1000141.44307,SALE,2,3.9,7.8,0.0,0.0,0.0,0.0,126,Spezi,Getränke,,MwSt. 19%,1.19,6.554622,1.245378,Normalverkauf
S1000141.44308,SP1000141.18.44308,SY1000141.2026.44308,iPad1(1000141),141,10.06.26 20:35,Prod,A1000141.6913,Tisch 23,105,S1000141.44308,SALE,1,6.5,6.5,0.0,0.0,0.0,0.0,100,Fischbrötchen Backfisch,Hauptspeisen,,MwSt. 7%,1.07,6.074766,0.425234,Normalverkauf
S1000141.44309,SP1000141.18.44309,SY1000141.2026.44309,iPad1(1000141),141,10.06.26 12:06,Prod,A1000141.6914,,105,S1000141.44309,SALE,1,5.9,5.9,0.0,0.0,0.0,0.0,116,Vanillequark,Desserts,,MwSt. 7%,1.07,5.514019,0.385981,Normalverkauf
S1000141.44310,SP1000141.18.44310,SY1000141.2026.44310,iPad1(1000141),141,10.06.26 17:14,Prod,A1000141.6915,Tisch 14,113,S1000141.44310,SALE,1,10.9,10.9,0.0,0.0,0.0,0.0,107,Chicken Burger,Hauptgerichte,,MwSt. 7%,1.07,10.186916,0.713084,Normalverkauf
S1000141.44311,SP1000141.18.44311,SY1000141.2026.44311,iPad1(1000141),141,10.06.26 17:14,Prod,A1000141.6915,Tisch 14,113,S1000141.44311,SALE,1,13.5,13.5,0.0,0.0,0.0,0.0,102,Matjes,Hauptspeisen,,MwSt. 7%,1.07,12.616822,0.883178,Normalverkauf
S1000141.44312,SP1000141.18.44312,SY1000141.2026.44312,iPad1(1000141),141,10.06.26 17:14,Prod,A1000141.6915,Tisch 14,113,S1000141.44312,SALE,1,6.9,6.9,0.0,0.0,0.0,0.0,113,Garnelen Box,Beilagen,,MwSt. 7%,1.07,6.448598,0.451402,Normalverkauf
S1000141.44313,SP1000141.18.44313,SY1000141.2026.44313,iPad1(1000141),141,10.06.26 17:30,Prod,A1000141.6916,Tisch 19,105,S1000141.44313,SALE,2,5.9,11.8,0.0,0.0,0.0,0.0,116,Vanillequark,Desserts,,MwSt. 7%,1.07,11.028037,0.771963,Normalverkauf
S1000141.44314,SP1000141.18.44314,SY1000141.2026.44314,iPad1(1000141),141,10.06.26 17:30,Prod,A1000141.6916,Tisch 19,105,S1000141.44314,SALE,1,14.5,14.5,0.0,0.0,0.0,0.0,101,Lachs,Hauptspeisen,,MwSt. 7%,1.07,13.551402,0.948598,Normalverkauf
S1000141.44315,SP1000141.18.44315,SY1000141.2026.44315,iPad1(1000141),141,10.06.26 17:30,Prod,A1000141.6916,Tisch 19,105,S1000141.44315,SALE,2,3.9,7.8,0.0,0.0,0.0,0.0,119,Cola,Getränke,,MwSt. 19%,1.19,6.554622,1.245378,Normalverkauf
S1000141.44316,SP1000141.18.44316,SY1000141.2026.44316,iPad1(1000141),141,10.06.26 19:55,Prod,A1000141.6917,Tisch 15,104,S1000141.44316,SALE,1,6.5,6.5,0.0,0.0,0.0,0.0,118,Schokokuchen,Desserts,,MwSt. 7%,1.07,6.074766,0.425234,Normalverkauf
S1000141.44317,SP1000141.18.44317,SY1000141.2026.44317,iPad1(1000141),141,10.06.26 19:55,Prod,A1000141.6917,Tisch 15,104,S1000141.44317,SALE,1,3.9,3.9,0.0,0.0,0.0,0.0,119,Cola,Getränke,,MwSt. 19%,1.19,3.277311,0.622689,Normalverkauf
S1000141.44318,SP1000141.18.44318,SY1000141.2026.44318,iPad1(1000141),141,10.06.26 18:54,Prod,A1000141.6918,Tisch 20,118,S1000141.44318,SALE,1,10.9,10.9,0.0,0.0,0.0,0.0,107,Chicken Burger,Hauptgerichte,,MwSt. 7%,1.07,10.186916,0.713084,Normalverkauf
S1000141.44319,SP1000141.18.44319,SY1000141.2026.44319,iPad1(1000141),141,10.06.26 18:54,Prod,A1000141.6918,Tisch 20,118,S1000141.44319,SALE,1,5.9,5.9,0.0,0.0,0.0,0.0,123,Inger-Limonade,Getränke,,MwSt. 19%,1.19,4.957983,0.942017,Normalverkauf
S1000141.44320,SP1000141.18.44320,SY1000141.2026.44320,iPad1(1000141),141,10.06.26 18:54,Prod,A1000141.6918,Tisch 20,118,S1000141.44320,SALE,1,6.5,6.5,0.0,0.0,0.0,0.0,100,Fischbrötchen Backfisch,Hauptspeisen,,MwSt. 7%,1.07,6.074766,0.425234,Normalverkauf
S1000141.44321,SP1000141.18.44321,SY1000141.2026.44321,iPad1(1000141),141,10.06.26 15:51,Prod,A1000141.6919,,104,S1000141.44321,SALE,2,3.9,7.8,0.0,0.0,0.0,0.0,126,Spezi,Getränke,,MwSt. 19%,1.19,6.554622,1.245378,Normalverkauf
S1000141.44322,SP1000141.18.44322,SY1000141.2026.44322,iPad1(1000141),141,10.06.26 15:51,Prod,A1000141.6919,,104,S1000141.44322,SALE,2,3.9,7.8,0.0,0.0,0.0,0.0,126,Spezi,Getränke,,MwSt. 19%,1.19,6.554622,1.245378,Normalverkauf
S1000141.44323,SP1000141.18.44323,SY1000141.2026.44323,iPad1(1000141),141,10.06.26 15:54,Prod,A1000141.6920,Tisch 18,118,S1000141.44323,SALE,2,7.9,15.8,0.0,0.0,0.0,0.0,106,Neptun-Ringe,Beilagen,,MwSt. 7%,1.07,14.766355,1.033645,Normalverkauf
S1000141.44324,SP1000141.18.44324,SY1000141.2026.44324,iPad1(1000141),141,10.06.26 15:54,Prod,A1000141.6920,Tisch 18,118,S1000141.44324,SALE,1,6.9,6.9,0.0,0.0,0.0,0.0,103,Fischbrötchen Räucherlachs,Hauptspeisen,,MwSt. 7%,1.07,6.448598,0.451402,Normalverkauf
S1000141.44325,SP1000141.18.44325,SY1000141.2026.44325,iPad1(1000141),141,10.06.26 12:33,Prod,A1000141.6921,Tisch 3,114,S1000141.44325,SALE,2,9.8,19.6,0.0,0.0,0.0,0.0,108,Seelachs-Ei-Baugette,Hauptgerichte,,MwSt. 7%,1.07,18.317757,1.282243,Normalverkauf
S1000141.44326,SP1000141.18.44326,SY1000141.2026.44326,iPad1(1000141),141,10.06.26 12:33,Prod,A1000141.6921,Tisch 3,114,S1000141.44326,SALE,1,9.8,9.8,0.0,0.0,0.0,0.0,108,Seelachs-Ei-Baugette,Hauptgerichte,,MwSt. 7%,1.07,9.158879,0.641121,Normalverkauf
S1000141.44327,SP1000141.18.44327,SY1000141.2026.44327,iPad1(1000141),141,10.06.26 12:33,Prod,A1000141.6921,Tisch 3,114,S1000141.44327,SALE,1,11.9,11.9,0.0,0.0,0.0,0.0,110,Matjes-Baguette,Hauptgerichte,,MwSt. 7%,1.07,11.121495,0.778505,Normalverkauf
S1000141.44328,SP1000141.18.44328,SY1000141.2026.44328,iPad1(1000141),141,10.06.26 10:10,Prod,A1000141.6922,Tisch 18,105,S1000141.44328,SALE,2,11.5,23.0,0.0,0.0,0.0,0.0,105,Garnelen-Kimchi-Bruger,Hauptgerichte,,MwSt. 7%,1.07,21.495327,1.504673,Normalverkauf
S1000141.44329,SP1000141.18.44329,SY1000141.2026.44329,iPad1(1000141),141,10.06.26 18:49,Prod,A1000141.6923,Tisch 20,101,S1000141.44329,SALE,1,6.5,6.5,0.0,0.0,0.0,0.0,100,Fischbrötchen Backfisch,Hauptspeisen,,MwSt. 7%,1.07,6.074766,0.425234,Normalverkauf
S1000141.44330,SP1000141.18.44330,SY1000141.2026.44330,iPad1(1000141),141,10.06.26 18:49,Prod,A1000141.6923,Tisch 20,101,S1000141.44330,SALE,1,10.9,10.9,0.0,0.0,0.0,0.0,109,Bismarck-Baguette,Hauptgerichte,,MwSt. 7%,1.07,10.186916,0.713084,Normalverkauf
S1000141.44331,SP1000141.18.44331,SY1000141.2026.44331,iPad1(1000141),141,10.06.26 18:49,Prod,A1000141.6923,Tisch 20,101,S1000141.44331,SALE,1,4.9,4.9,0.0,0.0,0.0,0.0,112,Kartoffelwedges,Beilagen,,MwSt. 7%,1.07,4.579439,0.320561,Normalverkauf
S1000141.44332,SP1000141.18.44332,SY1000141.2026.44332,iPad1(1000141),141,10.06.26 18:51,Prod,A1000141.6924,Tisch 4,105,S1000141.44332,SALE,1,3.2,3.2,0.0,0.0,0.0,0.0,120,Apfelschorle,Getränke,,MwSt. 19%,1.19,2.689076,0.510924,Normalverkauf
S1000141.44333,SP1000141.18.44333,SY1000141.2026.44333,iPad1(1000141),141,10.06.26 18:51,Prod,A1000141.6924,Tisch 4,105,S1000141.44333,SALE,1,7.9,7.9,0.0,0.0,0.0,0.0,115,Tiramisu,Desserts,,MwSt. 7%,1.07,7.383178,0.516822,Normalverkauf
S1000141.44334,SP1000141.18.44334,SY1000141.2026.44334,iPad1(1000141),141,10.06.26 18:43,Prod,A1000141.6925,Tisch 3,114,S1000141.44334,SALE,2,6.5,13.0,0.0,0.0,0.0,0.0,100,Fischbrötchen Backfisch,Hauptspeisen,,MwSt. 7%,1.07,12.149533,0.850467,Normalverkauf
S1000141.44335,SP1000141.18.44335,SY1000141.2026.44335,iPad1(1000141),141,10.06.26 18:43,Prod,A1000141.6925,Tisch 3,114,S1000141.44335,SALE,1,3.9,3.9,0.0,0.0,0.0,0.0,124,Cola Zero,Getränke,,MwSt. 19%,1.19,3.277311,0.622689,Normalverkauf
S1000141.44336,SP1000141.18.44336,SY1000141.2026.44336,iPad1(1000141),141,10.06.26 16:52,Prod,A1000141.6926,Tisch 5,113,S1000141.44336,SALE,2,6.5,13.0,0.0,0.0,0.0,0.0,118,Schokokuchen,Desserts,,MwSt. 7%,1.07,12.149533,0.850467,Normalverkauf
S1000141.44337,SP1000141.18.44337,SY1000141.2026.44337,iPad1(1000141),141,10.06.26 16:52,Prod,A1000141.6926,Tisch 5,113,S1000141.44337,SALE,2,6.9,13.8,0.0,0.0,0.0,0.0,113,Garnelen Box,Beilagen,,MwSt. 7%,1.07,12.897196,0.902804,Normalverkauf
S1000141.44338,SP1000141.18.44338,SY1000141.2026.44338,iPad1(1000141),141,10.06.26 08:56,Prod,A1000141.6927,Tisch 14,114,S1000141.44338,SALE,1,5.5,5.5,0.0,0.0,0.0,0.0,111,Pommes Frites,Beilagen,,MwSt. 7%,1.07,5.140187,0.359813,Normalverkauf
S1000141.44339,SP1000141.18.44339,SY1000141.2026.44339,iPad1(1000141),141,10.06.26 19:45,Prod,A1000141.6928,Tisch 19,118,S1000141.44339,SALE,2,6.9,13.8,0.0,0.0,0.0,0.0,103,Fischbrötchen Räucherlachs,Hauptspeisen,,MwSt. 7%,1.07,12.897196,0.902804,Normalverkauf
S1000141.44340,SP1000141.18.44340,SY1000141.2026.44340,iPad1(1000141),141,10.06.26 19:45,Prod,A1000141.6928,Tisch 19,118,S1000141.44340,SALE,1,6.5,6.5,0.0,0.0,0.0,0.0,100,Fischbrötchen Backfisch,Hauptspeisen,,MwSt. 7%,1.07,6.074766,0.425234,Normalverkauf
S1000141.44341,SP1000141.18.44341,SY1000141.2026.44341,iPad1(1000141),141,10.06.26 18:48,Prod,A1000141.6929,Tisch 17,118,S1000141.44341,SALE,2,10.9,21.8,0.0,0.0,0.0,0.0,107,Chicken Burger,Hauptgerichte,,MwSt. 7%,1.07,20.373832,1.426168,Normalverkauf
S1000141.44342,SP1000141.18.44342,SY1000141.2026.44342,iPad1(1000141),141,10.06.26 15:39,Prod,A1000141.6930,Tisch 2,101,S1000141.44342,VOID,2,9.8,19.6,0.0,0.0,0.0,0.0,108,Seelachs-Ei-Baugette,Hauptgerichte,,MwSt. 7%,1.07,18.317757,1.282243,Normalverkauf
S1000141.44343,SP1000141.18.44343,SY1000141.2026.44343,iPad1(1000141),141,10.06.26 15:39,Prod,A1000141.6930,Tisch 2,101,S1000141.44343,VOID,1,11.5,11.5,0.0,0.0,0.0,0.0,105,Garnelen-Kimchi-Bruger,Hauptgerichte,,MwSt. 7%,1.07,10.747664,0.752336,Normalverkauf
S1000141.44344,SP1000141.18.44344,SY1000141.2026.44344,iPad1(1000141),141,10.06.26 11:07,Prod,A1000141.6931,Tisch 11,113,S1000141.44344,SALE,1,4.2,4.2,0.0,0.0,0.0,0.0,122,Bier,Getränke,,MwSt. 19%,1.19,3.529412,0.670588,Normalverkauf
S1000141.44345,SP1000141.18.44345,SY1000141.2026.44345,iPad1(1000141),141,10.06.26 15:17,Prod,A1000141.6932,Tisch 15,104,S1000141.44345,SALE,2,5.5,11.0,0.0,0.0,0.0,0.0,114,Fisch Nuggets Box,Beilagen,,MwSt. 7%,1.07,10.280374,0.719626,Normalverkauf
S1000141.44346,SP1000141.18.44346,SY1000141.2026.44346,iPad1(1000141),141,10.06.26 15:17,Prod,A1000141.6932,Tisch 15,104,S1000141.44346,SALE,2,14.5,29.0,0.0,0.0,0.0,0.0,101,Lachs,Hauptspeisen,,MwSt. 7%,1.07,27.102804,1.897196,Normalverkauf
S1000141.44347,SP1000141.18.44347,SY1000141.2026.44347,iPad1(1000141),141,10.06.26 15:17,Prod,A1000141.6932,Tisch 15,104,S1000141.44347,SALE,2,9.8,19.6,0.0,0.0,0.0,0.0,108,Seelachs-Ei-Baugette,Hauptgerichte,,MwSt. 7%,1.07,18.317757,1.282243,Normalverkauf
S1000141.44348,SP1000141.18.44348,SY1000141.2026.44348,iPad1(1000141),141,10.06.26 11:24,Prod,A1000141.6933,Tisch 13,118,S1000141.44348,SALE,1,3.9,3.9,0.0,0.0,0.0,0.0,124,Cola Zero,Getränke,,MwSt. 19%,1.19,3.277311,0.622689,Normalverkauf
S1000141.44349,SP1000141.18.44349,SY1000141.2026.44349,iPad1(1000141),141,10.06.26 08:45,Prod,A1000141.6934,Tisch 17,104,S1000141.44349,SALE,1,5.9,5.9,0.0,0.0,0.0,0.0,116,Vanillequark,Desserts,,MwSt. 7%,1.07,5.514019,0.385981,Normalverkauf
S1000141.44350,SP1000141.18.44350,SY1000141.2026.44350,iPad1(1000141),141,10.06.26 08:45,Prod,A1000141.6934,Tisch 17,104,S1000141.44350,SALE,2,6.9,13.8,0.0,0.0,0.0,0.0,113,Garnelen Box,Beilagen,,MwSt. 7%,1.07,12.897196,0.902804,Normalverkauf
S1000141.44351,SP1000141.18.44351,SY1000141.2026.44351,iPad1(1000141),141,10.06.26 18:04,Prod,A1000141.6935,Tisch 7,104,S1000141.44351,VOID,1,10.9,10.9,0.0,0.0,0.0,0.0,104,Thunfisch Wrap,Hauptgerichte,,MwSt. 7%,1.07,10.186916,0.713084,Normalverkauf
S1000141.44352,SP1000141.18.44352,SY1000141.2026.44352,iPad1(1000141),141,10.06.26 18:04,Prod,A1000141.6935,Tisch 7,104,S1000141.44352,VOID,1,3.9,3.9,0.0,0.0,0.0,0.0,119,Cola,Getränke,,MwSt. 19%,1.19,3.277311,0.622689,Normalverkauf
S1000141.44353,SP1000141.18.44353,SY1000141.2026.44353,iPad1(1000141),141,10.06.26 18:04,Prod,A1000141.6935,Tisch 7,104,S1000141.44353,VOID,2,3.9,7.8,0.0,0.0,0.0,0.0,119,Cola,Getränke,,MwSt. 19%,1.19,6.554622,1.245378,Normalverkauf
S1000141.44354,SP1000141.18.44354,SY1000141.2026.44354,iPad1(1000141),141,10.06.26 19:57,Prod,A1000141.6936,Tisch 11,118,S1000141.44354,SALE,2,4.9,9.8,0.0,0.0,0.0,0.0,112,Kartoffelwedges,Beilagen,,MwSt. 7%,1.07,9.158879,0.641121,Normalverkauf
S1000141.44355,SP1000141.18.44355,SY1000141.2026.44355,iPad1(1000141),141,10.06.26 13:10,Prod,A1000141.6937,Tisch 8,113,S1000141.44355,SALE,1,4.2,4.2,0.0,0.0,0.0,0.0,122,Bier,Getränke,,MwSt. 19%,1.19,3.529412,0.670588,Normalverkauf
S1000141.44356,SP1000141.18.44356,SY1000141.2026.44356,iPad1(1000141),141,10.06.26 13:10,Prod,A1000141.6937,Tisch 8,113,S1000141.44356,SALE,1,5.9,5.9,0.0,0.0,0.0,0.0,117,Rote Grütze,Desserts,,MwSt. 7%,1.07,5.514019,0.385981,Normalverkauf
S1000141.44357,SP1000141.18.44357,SY1000141.2026.44357,iPad1(1000141),141,10.06.26 13:10,Prod,A1000141.6937,Tisch 8,113,S1000141.44357,SALE,1,5.9,5.9,0.0,0.0,0.0,0.0,125,Zitronen-Limonade,Getränke,,MwSt. 19%,1.19,4.957983,0.942017,Normalverkauf
S1000141.44358,SP1000141.18.44358,SY1000141.2026.44358,iPad1(1000141),141,10.06.26 15:01,Prod,A1000141.6938,Tisch 17,113,S1000141.44358,SALE,1,10.9,10.9,0.0,0.0,0.0,0.0,109,Bismarck-Baguette,Hauptgerichte,,MwSt. 7%,1.07,10.186916,0.713084,Normalverkauf
S1000141.44359,SP1000141.18.44359,SY1000141.2026.44359,iPad1(1000141),141,10.06.26 15:01,Prod,A1000141.6938,Tisch 17,113,S1000141.44359,SALE,1,5.9,5.9,0.0,0.0,0.0,0.0,116,Vanillequark,Desserts,,MwSt. 7%,1.07,5.514019,0.385981,Normalverkauf
S1000141.44360,SP1000141.18.44360,SY1000141.2026.44360,iPad1(1000141),141,10.06.26 19:24,Prod,A1000141.6939,,104,S1000141.44360,SALE,2,14.5,29.0,0.0,0.0,0.0,0.0,101,Lachs,Hauptspeisen,,MwSt. 7%,1.07,27.102804,1.897196,Normalverkauf
S1000141.44361,SP1000141.18.44361,SY1000141.2026.44361,iPad1(1000141),141,10.06.26 19:24,Prod,A1000141.6939,,104,S1000141.44361,SALE,2,3.9,7.8,0.0,0.0,0.0,0.0,119,Cola,Getränke,,MwSt. 19%,1.19,6.554622,1.245378,Normalverkauf
S1000141.44362,SP1000141.18.44362,SY1000141.2026.44362,iPad1(1000141),141,10.06.26 17:40,Prod,A1000141.6940,,104,S1000141.44362,SALE,2,3.2,6.4,0.0,0.0,0.0,0.0,120,Apfelschorle,Getränke,,MwSt. 19%,1.19,5.378151,1.021849,Normalverkauf
S1000141.44363,SP1000141.18.44363,SY1000141.2026.44363,iPad1(1000141),141,10.06.26 17:40,Prod,A1000141.6940,,104,S1000141.44363,SALE,1,6.9,6.9,0.0,0.0,0.0,0.0,103,Fischbrötchen Räucherlachs,Hauptspeisen,,MwSt. 7%,1.07,6.448598,0.451402,Normalverkauf
S1000141.44364,SP1000141.18.44364,SY1000141.2026.44364,iPad1(1000141),141,10.06.26 12:34,Prod,A1000141.6941,Tisch 11,104,S1000141.44364,SALE,1,6.5,6.5,0.0,0.0,0.0,0.0,100,Fischbrötchen Backfisch,Hauptspeisen,,MwSt. 7%,1.07,6.074766,0.425234,Normalverkauf
S1000141.44365,SP1000141.18.44365,SY1000141.2026.44365,iPad1(1000141),141,10.06.26 12:34,Prod,A1000141.6941,Tisch 11,104,S1000141.44365,SALE,2,6.9,13.8,0.0,0.0,0.0,0.0,113,Garnelen Box,Beilagen,,MwSt. 7%,1.07,12.897196,0.902804,Normalverkauf
S1000141.44366,SP1000141.18.44366,SY1000141.2026.44366,iPad1(1000141),141,10.06.26 17:17,Prod,A1000141.6942,Tisch 10,105,S1000141.44366,SALE,1,5.9,5.9,0.0,0.0,0.0,0.0,125,Zitronen-Limonade,Getränke,,MwSt. 19%,1.19,4.957983,0.942017,Normalverkauf
S1000141.44367,SP1000141.18.44367,SY1000141.2026.44367,iPad1(1000141),141,10.06.26 17:17,Prod,A1000141.6942,Tisch 10,105,S1000141.44367,SALE,1,7.9,7.9,0.0,0.0,0.0,0.0,115,Tiramisu,Desserts,,MwSt. 7%,1.07,7.383178,0.516822,Normalverkauf
S1000141.44368,SP1000141.18.44368,SY1000141.2026.44368,iPad1(1000141),141,10.06.26 12:27,Prod,A1000141.6943,Tisch 8,101,S1000141.44368,SALE,1,5.9,5.9,0.0,0.0,0.0,0.0,125,Zitronen-Limonade,Getränke,,MwSt. 19%,1.19,4.957983,0.942017,Normalverkauf
S1000141.44369,SP1000141.18.44369,SY1000141.2026.44369,iPad1(1000141),141,10.06.26 12:27,Prod,A1000141.6943,Tisch 8,101,S1000141.44369,SALE,1,11.9,11.9,0.0,0.0,0.0,0.0,110,Matjes-Baguette,Hauptgerichte,,MwSt. 7%,1.07,11.121495,0.778505,Normalverkauf
S1000141.44370,SP1000141.18.44370,SY1000141.2026.44370,iPad1(1000141),141,10.06.26 12:27,Prod,A1000141.6943,Tisch 8,101,S1000141.44370,SALE,2,10.9,21.8,0.0,0.0,0.0,0.0,109,Bismarck-Baguette,Hauptgerichte,,MwSt. 7%,1.07,20.373832,1.426168,Normalverkauf
S1000141.44371,SP1000141.18.44371,SY1000141.2026.44371,iPad1(1000141),141,10.06.26 12:01,Prod,A1000141.6944,Tisch 19,118,S1000141.44371,SALE,2,3.9,7.8,0.0,0.0,0.0,0.0,126,Spezi,Getränke,,MwSt. 19%,1.19,6.554622,1.245378,Normalverkauf
S1000141.44372,SP1000141.18.44372,SY1000141.2026.44372,iPad1(1000141),141,10.06.26 12:01,Prod,A1000141.6944,Tisch 19,118,S1000141.44372,SALE,1,11.9,11.9,0.0,0.0,0.0,0.0,110,Matjes-Baguette,Hauptgerichte,,MwSt. 7%,1.07,11.121495,0.778505,Normalverkauf
S1000141.44373,SP1000141.18.44373,SY1000141.2026.44373,iPad1(1000141),141,10.06.26 12:01,Prod,A1000141.6944,Tisch 19,118,S1000141.44373,SALE,2,3.9,7.8,0.0,0.0,0.0,0.0,119,Cola,Getränke,,MwSt. 19%,1.19,6.554622,1.245378,Normalverkauf
S1000141.44374,SP1000141.18.44374,SY1000141.2026.44374,iPad1(1000141),141,10.06.26 08:20,Prod,A1000141.6945,Tisch 1,101,S1000141.44374,SALE,2,4.2,8.4,0.0,0.0,0.0,0.0,122,Bier,Getränke,,MwSt. 19%,1.19,7.058824,1.341176,Normalverkauf
S1000141.44375,SP1000141.18.44375,SY1000141.2026.44375,iPad1(1000141),141,10.06.26 18:31,Prod,A1000141.6946,Tisch 5,113,S1000141.44375,SALE,1,3.9,3.9,0.0,0.0,0.0,0.0,127,Alkoholfreies Bier,Getränke,,MwSt. 19%,1.19,3.277311,0.622689,Normalverkauf
S1000141.44376,SP1000141.18.44376,SY1000141.2026.44376,iPad1(1000141),141,10.06.26 18:31,Prod,A1000141.6946,Tisch 5,113,S1000141.44376,SALE,1,3.9,3.9,0.0,0.0,0.0,0.0,126,Spezi,Getränke,,MwSt. 19%,1.19,3.277311,0.622689,Normalverkauf
S1000141.44377,SP1000141.18.44377,SY1000141.2026.44377,iPad1(1000141),141,10.06.26 18:31,Prod,A1000141.6946,Tisch 5,113,S1000141.44377,SALE,2,6.9,13.8,0.0,0.0,0.0,0.0,103,Fischbrötchen Räucherlachs,Hauptspeisen,,MwSt. 7%,1.07,12.897196,0.902804,Normalverkauf
S1000141.44378,SP1000141.18.44378,SY1000141.2026.44378,iPad1(1000141),141,10.06.26 20:12,Prod,A1000141.6947,Tisch 5,101,S1000141.44378,SALE,1,6.5,6.5,0.0,0.0,0.0,0.0,100,Fischbrötchen Backfisch,Hauptspeisen,,MwSt. 7%,1.07,6.074766,0.425234,Normalverkauf
S1000141.44379,SP1000141.18.44379,SY1000141.2026.44379,iPad1(1000141),141,10.06.26 20:12,Prod,A1000141.6947,Tisch 5,101,S1000141.44379,SALE,2,10.9,21.8,0.0,0.0,0.0,0.0,104,Thunfisch Wrap,Hauptgerichte,,MwSt. 7%,1.07,20.373832,1.426168,Normalverkauf
S1000141.44380,SP1000141.18.44380,SY1000141.2026.44380,iPad1(1000141),141,10.06.26 20:12,Prod,A1000141.6947,Tisch 5,101,S1000141.44380,SALE,1,3.9,3.9,0.0,0.0,0.0,0.0,127,Alkoholfreies Bier,Getränke,,MwSt. 19%,1.19,3.277311,0.622689,Normalverkauf
S1000141.44381,SP1000141.18.44381,SY1000141.2026.44381,iPad1(1000141),141,10.06.26 13:51,Prod,A1000141.6948,Tisch 1,104,S1000141.44381,SALE,1,10.9,10.9,0.0,0.0,0.0,0.0,109,Bismarck-Baguette,Hauptgerichte,,MwSt. 7%,1.07,10.186916,0.713084,Normalverkauf
S1000141.44382,SP1000141.18.44382,SY1000141.2026.44382,iPad1(1000141),141,10.06.26 13:51,Prod,A1000141.6948,Tisch 1,104,S1000141.44382,SALE,1,9.8,9.8,0.0,0.0,0.0,0.0,108,Seelachs-Ei-Baugette,Hauptgerichte,,MwSt. 7%,1.07,9.158879,0.641121,Normalverkauf
S1000141.44383,SP1000141.18.44383,SY1000141.2026.44383,iPad1(1000141),141,10.06.26 19:54,Prod,A1000141.6949,,104,S1000141.44383,SALE,1,3.9,3.9,0.0,0.0,0.0,0.0,119,Cola,Getränke,,MwSt. 19%,1.19,3.277311,0.622689,Normalverkauf
S1000141.44384,SP1000141.18.44384,SY1000141.2026.44384,iPad1(1000141),141,10.06.26 08:42,Prod,A1000141.6950,,105,S1000141.44384,SALE,1,3.2,3.2,0.0,0.0,0.0,0.0,120,Apfelschorle,Getränke,,MwSt. 19%,1.19,2.689076,0.510924,Normalverkauf
S1000141.44385,SP1000141.18.44385,SY1000141.2026.44385,iPad1(1000141),141,10.06.26 08:42,Prod,A1000141.6950,,105,S1000141.44385,SALE,2,5.9,11.8,0.0,0.0,0.0,0.0,116,Vanillequark,Desserts,,MwSt. 7%,1.07,11.028037,0.771963,Normalverkauf
S1000141.44386,SP1000141.18.44386,SY1000141.2026.44386,iPad1(1000141),141,10.06.26 08:53,Prod,A1000141.6951,Tisch 16,104,S1000141.44386,SALE,1,10.9,10.9,0.0,0.0,0.0,0.0,104,Thunfisch Wrap,Hauptgerichte,,MwSt. 7%,1.07,10.186916,0.713084,Normalverkauf
S1000141.44387,SP1000141.18.44387,SY1000141.2026.44387,iPad1(1000141),141,10.06.26 08:53,Prod,A1000141.6951,Tisch 16,104,S1000141.44387,SALE,2,5.5,11.0,0.0,0.0,0.0,0.0,111,Pommes Frites,Beilagen,,MwSt. 7%,1.07,10.280374,0.719626,Normalverkauf
S1000141.44388,SP1000141.18.44388,SY1000141.2026.44388,iPad1(1000141),141,10.06.26 08:53,Prod,A1000141.6951,Tisch 16,104,S1000141.44388,SALE,1,3.9,3.9,0.0,0.0,0.0,0.0,126,Spezi,Getränke,,MwSt. 19%,1.19,3.277311,0.622689,Normalverkauf
S1000141.44389,SP1000141.18.44389,SY1000141.2026.44389,iPad1(1000141),141,10.06.26 12:39,Prod,A1000141.6952,Tisch 2,114,S1000141.44389,SALE,1,4.2,4.2,0.0,0.0,0.0,0.0,122,Bier,Getränke,,MwSt. 19%,1.19,3.529412,0.670588,Normalverkauf
S1000141.44390,SP1000141.18.44390,SY1000141.2026.44390,iPad1(1000141),141,10.06.26 12:39,Prod,A1000141.6952,Tisch 2,114,S1000141.44390,SALE,1,3.9,3.9,0.0,0.0,0.0,0.0,127,Alkoholfreies Bier,Getränke,,MwSt. 19%,1.19,3.277311,0.622689,Normalverkauf
S1000141.44391,SP1000141.18.44391,SY1000141.2026.44391,iPad1(1000141),141,10.06.26 12:39,Prod,A1000141.6952,Tisch 2,114,S1000141.44391,SALE,2,11.5,23.0,0.0,0.0,0.0,0.0,105,Garnelen-Kimchi-Bruger,Hauptgerichte,,MwSt. 7%,1.07,21.495327,1.504673,Normalverkauf
S1000141.44392,SP1000141.18.44392,SY1000141.2026.44392,iPad1(1000141),141,10.06.26 17:57,Prod,A1000141.6953,Tisch 17,101,S1000141.44392,SALE,2,3.9,7.8,0.0,0.0,0.0,0.0,127,Alkoholfreies Bier,Getränke,,MwSt. 19%,1.19,6.554622,1.245378,Normalverkauf
S1000141.44393,SP1000141.18.44393,SY1000141.2026.44393,iPad1(1000141),141,10.06.26 17:57,Prod,A1000141.6953,Tisch 17,101,S1000141.44393,SALE,2,2.8,5.6,0.0,0.0,0.0,0.0,121,Mineralwasser,Getränke,,MwSt. 19%,1.19,4.705882,0.894118,Normalverkauf
S1000141.44394,SP1000141.18.44394,SY1000141.2026.44394,iPad1(1000141),141,10.06.26 13:11,Prod,A1000141.6954,Tisch 23,104,S1000141.44394,SALE,2,2.8,5.6,0.0,0.0,0.0,0.0,121,Mineralwasser,Getränke,,MwSt. 19%,1.19,4.705882,0.894118,Normalverkauf
S1000141.44395,SP1000141.18.44395,SY1000141.2026.44395,iPad1(1000141),141,10.06.26 13:11,Prod,A1000141.6954,Tisch 23,104,S1000141.44395,SALE,2,11.5,23.0,0.0,0.0,0.0,0.0,105,Garnelen-Kimchi-Bruger,Hauptgerichte,,MwSt. 7%,1.07,21.495327,1.504673,Normalverkauf
S1000141.44396,SP1000141.18.44396,SY1000141.2026.44396,iPad1(1000141),141,10.06.26 12:19,Prod,A1000141.6955,Tisch 19,101,S1000141.44396,SALE,1,3.9,3.9,0.0,0.0,0.0,0.0,126,Spezi,Getränke,,MwSt. 19%,1.19,3.277311,0.622689,Normalverkauf
S1000141.44397,SP1000141.18.44397,SY1000141.2026.44397,iPad1(1000141),141,10.06.26 12:19,Prod,A1000141.6955,Tisch 19,101,S1000141.44397,SALE,2,6.5,13.0,0.0,0.0,0.0,0.0,100,Fischbrötchen Backfisch,Hauptspeisen,,MwSt. 7%,1.07,12.149533,0.850467,Normalverkauf
S1000141.44398,SP1000141.18.44398,SY1000141.2026.44398,iPad1(1000141),141,10.06.26 12:19,Prod,A1000141.6955,Tisch 19,101,S1000141.44398,SALE,2,11.9,23.8,0.0,0.0,0.0,0.0,110,Matjes-Baguette,Hauptgerichte,,MwSt. 7%,1.07,22.242991,1.557009,Normalverkauf
S1000141.44399,SP1000141.18.44399,SY1000141.2026.44399,iPad1(1000141),141,10.06.26 12:31,Prod,A1000141.6956,Tisch 12,118,S1000141.44399,SALE,2,3.9,7.8,0.0,0.0,0.0,0.0,119,Cola,Getränke,,MwSt. 19%,1.19,6.554622,1.245378,Normalverkauf
S1000141.44400,SP1000141.18.44400,SY1000141.2026.44400,iPad1(1000141),141,10.06.26 12:31,Prod,A1000141.6956,Tisch 12,118,S1000141.44400,SALE,2,11.9,23.8,0.0,0.0,0.0,0.0,110,Matjes-Baguette,Hauptgerichte,,MwSt. 7%,1.07,22.242991,1.557009,Normalverkauf
S1000141.44401,SP1000141.18.44401,SY1000141.2026.44401,iPad1(1000141),141,10.06.26 17:58,Prod,A1000141.6957,Tisch 13,105,S1000141.44401,VOID,1,9.8,9.8,0.0,0.0,0.0,0.0,108,Seelachs-Ei-Baugette,Hauptgerichte,,MwSt. 7%,1.07,9.158879,0.641121,Normalverkauf
S1000141.44402,SP1000141.18.44402,SY1000141.2026.44402,iPad1(1000141),141,10.06.26 17:58,Prod,A1000141.6957,Tisch 13,105,S1000141.44402,VOID,2,5.5,11.0,0.0,0.0,0.0,0.0,111,Pommes Frites,Beilagen,,MwSt. 7%,1.07,10.280374,0.719626,Normalverkauf
S1000141.44403,SP1000141.18.44403,SY1000141.2026.44403,iPad1(1000141),141,10.06.26 20:16,Prod,A1000141.6958,Tisch 14,105,S1000141.44403,SALE,1,5.5,5.5,0.0,0.0,0.0,0.0,111,Pommes Frites,Beilagen,,MwSt. 7%,1.07,5.140187,0.359813,Normalverkauf
S1000141.44404,SP1000141.18.44404,SY1000141.2026.44404,iPad1(1000141),141,10.06.26 20:16,Prod,A1000141.6958,Tisch 14,105,S1000141.44404,SALE,2,4.9,9.8,0.0,0.0,0.0,0.0,112,Kartoffelwedges,Beilagen,,MwSt. 7%,1.07,9.158879,0.641121,Normalverkauf
S1000141.44405,SP1000141.18.44405,SY1000141.2026.44405,iPad1(1000141),141,10.06.26 12:18,Prod,A1000141.6959,Tisch 12,113,S1000141.44405,SALE,2,10.9,21.8,0.0,0.0,0.0,0.0,109,Bismarck-Baguette,Hauptgerichte,,MwSt. 7%,1.07,20.373832,1.426168,Normalverkauf
S1000141.44406,SP1000141.18.44406,SY1000141.2026.44406,iPad1(1000141),141,10.06.26 10:00,Prod,A1000141.6960,Tisch 24,114,S1000141.44406,SALE,2,2.8,5.6,0.0,0.0,0.0,0.0,121,Mineralwasser,Getränke,,MwSt. 19%,1.19,4.705882,0.894118,Normalverkauf
S1000141.44407,SP1000141.18.44407,SY1000141.2026.44407,iPad1(1000141),141,10.06.26 20:00,Prod,A1000141.6961,Tisch 22,118,S1000141.44407,SALE,2,2.8,5.6,0.0,0.0,0.0,0.0,121,Mineralwasser,Getränke,,MwSt. 19%,1.19,4.705882,0.894118,Normalverkauf
S1000141.44408,SP1000141.18.44408,SY1000141.2026.44408,iPad1(1000141),141,10.06.26 15:23,Prod,A1000141.6962,Tisch 7,104,S1000141.44408,SALE,1,13.5,13.5,0.0,0.0,0.0,0.0,102,Matjes,Hauptspeisen,,MwSt. 7%,1.07,12.616822,0.883178,Normalverkauf
S1000141.44409,SP1000141.18.44409,SY1000141.2026.44409,iPad1(1000141),141,10.06.26 15:23,Prod,A1000141.6962,Tisch 7,104,S1000141.44409,SALE,1,6.5,6.5,0.0,0.0,0.0,0.0,100,Fischbrötchen Backfisch,Hauptspeisen,,MwSt. 7%,1.07,6.074766,0.425234,Normalverkauf
S1000141.44410,SP1000141.18.44410,SY1000141.2026.44410,iPad1(1000141),141,10.06.26 20:13,Prod,A1000141.6963,Tisch 11,105,S1000141.44410,VOID,2,5.5,11.0,0.0,0.0,0.0,0.0,111,Pommes Frites,Beilagen,,MwSt. 7%,1.07,10.280374,0.719626,Normalverkauf
S1000141.44411,SP1000141.18.44411,SY1000141.2026.44411,iPad1(1000141),141,10.06.26 20:13,Prod,A1000141.6963,Tisch 11,105,S1000141.44411,VOID,2,5.9,11.8,0.0,0.0,0.0,0.0,116,Vanillequark,Desserts,,MwSt. 7%,1.07,11.028037,0.771963,Normalverkauf
S1000141.44412,SP1000141.18.44412,SY1000141.2026.44412,iPad1(1000141),141,10.06.26 19:09,Prod,A1000141.6964,Tisch 9,113,S1000141.44412,SALE,2,13.5,27.0,0.0,0.0,0.0,0.0,102,Matjes,Hauptspeisen,,MwSt. 7%,1.07,25.233645,1.766355,Normalverkauf
S1000141.44413,SP1000141.18.44413,SY1000141.2026.44413,iPad1(1000141),141,10.06.26 19:09,Prod,A1000141.6964,Tisch 9,113,S1000141.44413,SALE,2,6.5,13.0,0.0,0.0,0.0,0.0,118,Schokokuchen,Desserts,,MwSt. 7%,1.07,12.149533,0.850467,Normalverkauf
S1000141.44414,SP1000141.18.44414,SY1000141.2026.44414,iPad1(1000141),141,10.06.26 19:09,Prod,A1000141.6964,Tisch 9,113,S1000141.44414,SALE,1,3.2,3.2,0.0,0.0,0.0,0.0,120,Apfelschorle,Getränke,,MwSt. 19%,1.19,2.689076,0.510924,Normalverkauf
S1000141.44415,SP1000141.18.44415,SY1000141.2026.44415,iPad1(1000141),141,10.06.26 11:35,Prod,A1000141.6965,Tisch 8,113,S1000141.44415,SALE,2,4.9,9.8,0.0,0.0,0.0,0.0,112,Kartoffelwedges,Beilagen,,MwSt. 7%,1.07,9.158879,0.641121,Normalverkauf
S1000141.44416,SP1000141.18.44416,SY1000141.2026.44416,iPad1(1000141),141,10.06.26 11:35,Prod,A1000141.6965,Tisch 8,113,S1000141.44416,SALE,1,10.9,10.9,0.0,0.0,0.0,0.0,104,Thunfisch Wrap,Hauptgerichte,,MwSt. 7%,1.07,10.186916,0.713084,Normalverkauf
S1000141.44417,SP1000141.18.44417,SY1000141.2026.44417,iPad1(1000141),141,10.06.26 11:35,Prod,A1000141.6965,Tisch 8,113,S1000141.44417,SALE,1,7.9,7.9,0.0,0.0,0.0,0.0,115,Tiramisu,Desserts,,MwSt. 7%,1.07,7.383178,0.516822,Normalverkauf
S1000141.44418,SP1000141.18.44418,SY1000141.2026.44418,iPad1(1000141),141,10.06.26 20:29,Prod,A1000141.6966,Tisch 2,105,S1000141.44418,VOID,2,5.5,11.0,0.0,0.0,0.0,0.0,111,Pommes Frites,Beilagen,,MwSt. 7%,1.07,10.280374,0.719626,Normalverkauf
S1000141.44419,SP1000141.18.44419,SY1000141.2026.44419,iPad1(1000141),141,10.06.26 20:29,Prod,A1000141.6966,Tisch 2,105,S1000141.44419,VOID,1,9.8,9.8,0.0,0.0,0.0,0.0,108,Seelachs-Ei-Baugette,Hauptgerichte,,MwSt. 7%,1.07,9.158879,0.641121,Normalverkauf
S1000141.44420,SP1000141.18.44420,SY1000141.2026.44420,iPad1(1000141),141,10.06.26 17:56,Prod,A1000141.6967,Tisch 13,105,S1000141.44420,SALE,2,11.9,23.8,0.0,0.0,0.0,0.0,110,Matjes-Baguette,Hauptgerichte,,MwSt. 7%,1.07,22.242991,1.557009,Normalverkauf
S1000141.44421,SP1000141.18.44421,SY1000141.2026.44421,iPad1(1000141),141,10.06.26 17:56,Prod,A1000141.6967,Tisch 13,105,S1000141.44421,SALE,1,6.9,6.9,0.0,0.0,0.0,0.0,103,Fischbrötchen Räucherlachs,Hauptspeisen,,MwSt. 7%,1.07,6.448598,0.451402,Normalverkauf
S1000141.44422,SP1000141.18.44422,SY1000141.2026.44422,iPad1(1000141),141,10.06.26 17:56,Prod,A1000141.6967,Tisch 13,105,S1000141.44422,SALE,2,6.5,13.0,0.0,0.0,0.0,0.0,118,Schokokuchen,Desserts,,MwSt. 7%,1.07,12.149533,0.850467,Normalverkauf
S1000141.44423,SP1000141.18.44423,SY1000141.2026.44423,iPad1(1000141),141,11.06.26 13:18,Prod,A1000141.6968,Tisch 17,101,S1000141.44423,VOID,2,4.2,8.4,0.0,0.0,0.0,0.0,122,Bier,Getränke,,MwSt. 19%,1.19,7.058824,1.341176,Normalverkauf
S1000141.44424,SP1000141.18.44424,SY1000141.2026.44424,iPad1(1000141),141,11.06.26 13:18,Prod,A1000141.6968,Tisch 17,101,S1000141.44424,VOID,1,6.9,6.9,0.0,0.0,0.0,0.0,103,Fischbrötchen Räucherlachs,Hauptspeisen,,MwSt. 7%,1.07,6.448598,0.451402,Normalverkauf
S1000141.44425,SP1000141.18.44425,SY1000141.2026.44425,iPad1(1000141),141,11.06.26 12:09,Prod,A1000141.6969,Tisch 9,101,S1000141.44425,SALE,2,13.5,27.0,0.0,0.0,0.0,0.0,102,Matjes,Hauptspeisen,,MwSt. 7%,1.07,25.233645,1.766355,Normalverkauf
S1000141.44426,SP1000141.18.44426,SY1000141.2026.44426,iPad1(1000141),141,11.06.26 12:09,Prod,A1000141.6969,Tisch 9,101,S1000141.44426,SALE,1,6.9,6.9,0.0,0.0,0.0,0.0,103,Fischbrötchen Räucherlachs,Hauptspeisen,,MwSt. 7%,1.07,6.448598,0.451402,Normalverkauf
S1000141.44427,SP1000141.18.44427,SY1000141.2026.44427,iPad1(1000141),141,11.06.26 18:48,Prod,A1000141.6970,Tisch 18,101,S1000141.44427,SALE,2,6.5,13.0,0.0,0.0,0.0,0.0,100,Fischbrötchen Backfisch,Hauptspeisen,,MwSt. 7%,1.07,12.149533,0.850467,Normalverkauf
S1000141.44428,SP1000141.18.44428,SY1000141.2026.44428,iPad1(1000141),141,11.06.26 18:48,Prod,A1000141.6970,Tisch 18,101,S1000141.44428,SALE,2,3.9,7.8,0.0,0.0,0.0,0.0,119,Cola,Getränke,,MwSt. 19%,1.19,6.554622,1.245378,Normalverkauf
S1000141.44429,SP1000141.18.44429,SY1000141.2026.44429,iPad1(1000141),141,11.06.26 18:48,Prod,A1000141.6970,Tisch 18,101,S1000141.44429,SALE,1,5.5,5.5,0.0,0.0,0.0,0.0,114,Fisch Nuggets Box,Beilagen,,MwSt. 7%,1.07,5.140187,0.359813,Normalverkauf
S1000141.44430,SP1000141.18.44430,SY1000141.2026.44430,iPad1(1000141),141,11.06.26 18:10,Prod,A1000141.6971,Tisch 3,118,S1000141.44430,VOID,2,6.5,13.0,0.0,0.0,0.0,0.0,100,Fischbrötchen Backfisch,Hauptspeisen,,MwSt. 7%,1.07,12.149533,0.850467,Normalverkauf
S1000141.44431,SP1000141.18.44431,SY1000141.2026.44431,iPad1(1000141),141,11.06.26 15:56,Prod,A1000141.6972,Tisch 19,104,S1000141.44431,SALE,1,6.5,6.5,0.0,0.0,0.0,0.0,100,Fischbrötchen Backfisch,Hauptspeisen,,MwSt. 7%,1.07,6.074766,0.425234,Normalverkauf
S1000141.44432,SP1000141.18.44432,SY1000141.2026.44432,iPad1(1000141),141,11.06.26 12:19,Prod,A1000141.6973,Tisch 21,104,S1000141.44432,SALE,2,6.5,13.0,0.0,0.0,0.0,0.0,118,Schokokuchen,Desserts,,MwSt. 7%,1.07,12.149533,0.850467,Normalverkauf
S1000141.44433,SP1000141.18.44433,SY1000141.2026.44433,iPad1(1000141),141,11.06.26 19:09,Prod,A1000141.6974,Tisch 5,104,S1000141.44433,SALE,1,6.5,6.5,0.0,0.0,0.0,0.0,100,Fischbrötchen Backfisch,Hauptspeisen,,MwSt. 7%,1.07,6.074766,0.425234,Normalverkauf
S1000141.44434,SP1000141.18.44434,SY1000141.2026.44434,iPad1(1000141),141,11.06.26 20:32,Prod,A1000141.6975,Tisch 21,104,S1000141.44434,SALE,2,5.9,11.8,0.0,0.0,0.0,0.0,117,Rote Grütze,Desserts,,MwSt. 7%,1.07,11.028037,0.771963,Normalverkauf
S1000141.44435,SP1000141.18.44435,SY1000141.2026.44435,iPad1(1000141),141,11.06.26 20:32,Prod,A1000141.6975,Tisch 21,104,S1000141.44435,SALE,2,7.9,15.8,0.0,0.0,0.0,0.0,106,Neptun-Ringe,Beilagen,,MwSt. 7%,1.07,14.766355,1.033645,Normalverkauf
S1000141.44436,SP1000141.18.44436,SY1000141.2026.44436,iPad1(1000141),141,11.06.26 20:32,Prod,A1000141.6975,Tisch 21,104,S1000141.44436,SALE,2,2.8,5.6,0.0,0.0,0.0,0.0,121,Mineralwasser,Getränke,,MwSt. 19%,1.19,4.705882,0.894118,Normalverkauf
S1000141.44437,SP1000141.18.44437,SY1000141.2026.44437,iPad1(1000141),141,11.06.26 08:36,Prod,A1000141.6976,Tisch 18,118,S1000141.44437,SALE,2,10.9,21.8,0.0,0.0,0.0,0.0,104,Thunfisch Wrap,Hauptgerichte,,MwSt. 7%,1.07,20.373832,1.426168,Normalverkauf
S1000141.44438,SP1000141.18.44438,SY1000141.2026.44438,iPad1(1000141),141,11.06.26 08:36,Prod,A1000141.6976,Tisch 18,118,S1000141.44438,SALE,1,5.5,5.5,0.0,0.0,0.0,0.0,111,Pommes Frites,Beilagen,,MwSt. 7%,1.07,5.140187,0.359813,Normalverkauf
S1000141.44439,SP1000141.18.44439,SY1000141.2026.44439,iPad1(1000141),141,11.06.26 20:15,Prod,A1000141.6977,Tisch 5,118,S1000141.44439,SALE,2,3.9,7.8,0.0,0.0,0.0,0.0,119,Cola,Getränke,,MwSt. 19%,1.19,6.554622,1.245378,Normalverkauf
S1000141.44440,SP1000141.18.44440,SY1000141.2026.44440,iPad1(1000141),141,11.06.26 20:15,Prod,A1000141.6977,Tisch 5,118,S1000141.44440,SALE,2,5.5,11.0,0.0,0.0,0.0,0.0,114,Fisch Nuggets Box,Beilagen,,MwSt. 7%,1.07,10.280374,0.719626,Normalverkauf
S1000141.44441,SP1000141.18.44441,SY1000141.2026.44441,iPad1(1000141),141,11.06.26 19:21,Prod,A1000141.6978,Tisch 1,104,S1000141.44441,SALE,1,10.9,10.9,0.0,0.0,0.0,0.0,107,Chicken Burger,Hauptgerichte,,MwSt. 7%,1.07,10.186916,0.713084,Normalverkauf
S1000141.44442,SP1000141.18.44442,SY1000141.2026.44442,iPad1(1000141),141,11.06.26 20:07,Prod,A1000141.6979,Tisch 10,105,S1000141.44442,SALE,2,9.8,19.6,0.0,0.0,0.0,0.0,108,Seelachs-Ei-Baugette,Hauptgerichte,,MwSt. 7%,1.07,18.317757,1.282243,Normalverkauf
S1000141.44443,SP1000141.18.44443,SY1000141.2026.44443,iPad1(1000141),141,11.06.26 20:07,Prod,A1000141.6979,Tisch 10,105,S1000141.44443,SALE,1,11.9,11.9,0.0,0.0,0.0,0.0,110,Matjes-Baguette,Hauptgerichte,,MwSt. 7%,1.07,11.121495,0.778505,Normalverkauf
S1000141.44444,SP1000141.18.44444,SY1000141.2026.44444,iPad1(1000141),141,11.06.26 20:07,Prod,A1000141.6979,Tisch 10,105,S1000141.44444,SALE,1,3.9,3.9,0.0,0.0,0.0,0.0,124,Cola Zero,Getränke,,MwSt. 19%,1.19,3.277311,0.622689,Normalverkauf
S1000141.44445,SP1000141.18.44445,SY1000141.2026.44445,iPad1(1000141),141,11.06.26 15:06,Prod,A1000141.6980,Tisch 24,104,S1000141.44445,SALE,2,7.9,15.8,0.0,0.0,0.0,0.0,115,Tiramisu,Desserts,,MwSt. 7%,1.07,14.766355,1.033645,Normalverkauf
S1000141.44446,SP1000141.18.44446,SY1000141.2026.44446,iPad1(1000141),141,11.06.26 15:06,Prod,A1000141.6980,Tisch 24,104,S1000141.44446,SALE,1,6.5,6.5,0.0,0.0,0.0,0.0,100,Fischbrötchen Backfisch,Hauptspeisen,,MwSt. 7%,1.07,6.074766,0.425234,Normalverkauf
S1000141.44447,SP1000141.18.44447,SY1000141.2026.44447,iPad1(1000141),141,11.06.26 15:06,Prod,A1000141.6980,Tisch 24,104,S1000141.44447,SALE,2,10.9,21.8,0.0,0.0,0.0,0.0,107,Chicken Burger,Hauptgerichte,,MwSt. 7%,1.07,20.373832,1.426168,Normalverkauf
S1000141.44448,SP1000141.18.44448,SY1000141.2026.44448,iPad1(1000141),141,11.06.26 10:47,Prod,A1000141.6981,Tisch 18,114,S1000141.44448,SALE,2,10.9,21.8,0.0,0.0,0.0,0.0,104,Thunfisch Wrap,Hauptgerichte,,MwSt. 7%,1.07,20.373832,1.426168,Normalverkauf
S1000141.44449,SP1000141.18.44449,SY1000141.2026.44449,iPad1(1000141),141,11.06.26 10:47,Prod,A1000141.6981,Tisch 18,114,S1000141.44449,SALE,1,9.8,9.8,0.0,0.0,0.0,0.0,108,Seelachs-Ei-Baugette,Hauptgerichte,,MwSt. 7%,1.07,9.158879,0.641121,Normalverkauf
S1000141.44450,SP1000141.18.44450,SY1000141.2026.44450,iPad1(1000141),141,11.06.26 10:47,Prod,A1000141.6981,Tisch 18,114,S1000141.44450,SALE,1,7.9,7.9,0.0,0.0,0.0,0.0,106,Neptun-Ringe,Beilagen,,MwSt. 7%,1.07,7.383178,0.516822,Normalverkauf
S1000141.44451,SP1000141.18.44451,SY1000141.2026.44451,iPad1(1000141),141,11.06.26 20:15,Prod,A1000141.6982,Tisch 15,113,S1000141.44451,VOID,2,11.5,23.0,0.0,0.0,0.0,0.0,105,Garnelen-Kimchi-Bruger,Hauptgerichte,,MwSt. 7%,1.07,21.495327,1.504673,Normalverkauf
S1000141.44452,SP1000141.18.44452,SY1000141.2026.44452,iPad1(1000141),141,11.06.26 20:15,Prod,A1000141.6982,Tisch 15,113,S1000141.44452,VOID,2,7.9,15.8,0.0,0.0,0.0,0.0,106,Neptun-Ringe,Beilagen,,MwSt. 7%,1.07,14.766355,1.033645,Normalverkauf
S1000141.44453,SP1000141.18.44453,SY1000141.2026.44453,iPad1(1000141),141,11.06.26 20:15,Prod,A1000141.6982,Tisch 15,113,S1000141.44453,VOID,1,10.9,10.9,0.0,0.0,0.0,0.0,104,Thunfisch Wrap,Hauptgerichte,,MwSt. 7%,1.07,10.186916,0.713084,Normalverkauf
S1000141.44454,SP1000141.18.44454,SY1000141.2026.44454,iPad1(1000141),141,11.06.26 12:47,Prod,A1000141.6983,Tisch 16,105,S1000141.44454,SALE,1,2.8,2.8,0.0,0.0,0.0,0.0,121,Mineralwasser,Getränke,,MwSt. 19%,1.19,2.352941,0.447059,Normalverkauf
S1000141.44455,SP1000141.18.44455,SY1000141.2026.44455,iPad1(1000141),141,11.06.26 12:47,Prod,A1000141.6983,Tisch 16,105,S1000141.44455,SALE,2,3.2,6.4,0.0,0.0,0.0,0.0,120,Apfelschorle,Getränke,,MwSt. 19%,1.19,5.378151,1.021849,Normalverkauf
S1000141.44456,SP1000141.18.44456,SY1000141.2026.44456,iPad1(1000141),141,11.06.26 12:47,Prod,A1000141.6983,Tisch 16,105,S1000141.44456,SALE,2,5.9,11.8,0.0,0.0,0.0,0.0,116,Vanillequark,Desserts,,MwSt. 7%,1.07,11.028037,0.771963,Normalverkauf
S1000141.44457,SP1000141.18.44457,SY1000141.2026.44457,iPad1(1000141),141,11.06.26 17:19,Prod,A1000141.6984,Tisch 1,118,S1000141.44457,SALE,1,6.9,6.9,0.0,0.0,0.0,0.0,113,Garnelen Box,Beilagen,,MwSt. 7%,1.07,6.448598,0.451402,Normalverkauf
S1000141.44458,SP1000141.18.44458,SY1000141.2026.44458,iPad1(1000141),141,11.06.26 08:19,Prod,A1000141.6985,,118,S1000141.44458,SALE,1,10.9,10.9,0.0,0.0,0.0,0.0,109,Bismarck-Baguette,Hauptgerichte,,MwSt. 7%,1.07,10.186916,0.713084,Normalverkauf
S1000141.44459,SP1000141.18.44459,SY1000141.2026.44459,iPad1(1000141),141,11.06.26 17:57,Prod,A1000141.6986,Tisch 16,118,S1000141.44459,SALE,2,10.9,21.8,0.0,0.0,0.0,0.0,104,Thunfisch Wrap,Hauptgerichte,,MwSt. 7%,1.07,20.373832,1.426168,Normalverkauf
S1000141.44460,SP1000141.18.44460,SY1000141.2026.44460,iPad1(1000141),141,11.06.26 18:33,Prod,A1000141.6987,Tisch 8,118,S1000141.44460,SALE,1,5.9,5.9,0.0,0.0,0.0,0.0,117,Rote Grütze,Desserts,,MwSt. 7%,1.07,5.514019,0.385981,Normalverkauf
S1000141.44461,SP1000141.18.44461,SY1000141.2026.44461,iPad1(1000141),141,11.06.26 18:33,Prod,A1000141.6987,Tisch 8,118,S1000141.44461,SALE,2,2.8,5.6,0.0,0.0,0.0,0.0,121,Mineralwasser,Getränke,,MwSt. 19%,1.19,4.705882,0.894118,Normalverkauf
S1000141.44462,SP1000141.18.44462,SY1000141.2026.44462,iPad1(1000141),141,11.06.26 18:33,Prod,A1000141.6987,Tisch 8,118,S1000141.44462,SALE,1,3.2,3.2,0.0,0.0,0.0,0.0,120,Apfelschorle,Getränke,,MwSt. 19%,1.19,2.689076,0.510924,Normalverkauf
S1000141.44463,SP1000141.18.44463,SY1000141.2026.44463,iPad1(1000141),141,11.06.26 19:34,Prod,A1000141.6988,Tisch 17,101,S1000141.44463,SALE,2,5.5,11.0,0.0,0.0,0.0,0.0,114,Fisch Nuggets Box,Beilagen,,MwSt. 7%,1.07,10.280374,0.719626,Normalverkauf
S1000141.44464,SP1000141.18.44464,SY1000141.2026.44464,iPad1(1000141),141,11.06.26 19:34,Prod,A1000141.6988,Tisch 17,101,S1000141.44464,SALE,1,4.2,4.2,0.0,0.0,0.0,0.0,122,Bier,Getränke,,MwSt. 19%,1.19,3.529412,0.670588,Normalverkauf
S1000141.44465,SP1000141.18.44465,SY1000141.2026.44465,iPad1(1000141),141,11.06.26 12:58,Prod,A1000141.6989,Tisch 20,104,S1000141.44465,SALE,2,4.2,8.4,0.0,0.0,0.0,0.0,122,Bier,Getränke,,MwSt. 19%,1.19,7.058824,1.341176,Normalverkauf
S1000141.44466,SP1000141.18.44466,SY1000141.2026.44466,iPad1(1000141),141,11.06.26 12:58,Prod,A1000141.6989,Tisch 20,104,S1000141.44466,SALE,2,6.9,13.8,0.0,0.0,0.0,0.0,103,Fischbrötchen Räucherlachs,Hauptspeisen,,MwSt. 7%,1.07,12.897196,0.902804,Normalverkauf
S1000141.44467,SP1000141.18.44467,SY1000141.2026.44467,iPad1(1000141),141,11.06.26 12:58,Prod,A1000141.6989,Tisch 20,104,S1000141.44467,SALE,2,2.8,5.6,0.0,0.0,0.0,0.0,121,Mineralwasser,Getränke,,MwSt. 19%,1.19,4.705882,0.894118,Normalverkauf
S1000141.44468,SP1000141.18.44468,SY1000141.2026.44468,iPad1(1000141),141,11.06.26 18:35,Prod,A1000141.6990,Tisch 6,105,S1000141.44468,SALE,1,6.5,6.5,0.0,0.0,0.0,0.0,100,Fischbrötchen Backfisch,Hauptspeisen,,MwSt. 7%,1.07,6.074766,0.425234,Normalverkauf
S1000141.44469,SP1000141.18.44469,SY1000141.2026.44469,iPad1(1000141),141,11.06.26 12:32,Prod,A1000141.6991,Tisch 10,104,S1000141.44469,SALE,2,11.5,23.0,0.0,0.0,0.0,0.0,105,Garnelen-Kimchi-Bruger,Hauptgerichte,,MwSt. 7%,1.07,21.495327,1.504673,Normalverkauf
S1000141.44470,SP1000141.18.44470,SY1000141.2026.44470,iPad1(1000141),141,11.06.26 10:24,Prod,A1000141.6992,Tisch 15,113,S1000141.44470,VOID,1,3.9,3.9,0.0,0.0,0.0,0.0,127,Alkoholfreies Bier,Getränke,,MwSt. 19%,1.19,3.277311,0.622689,Normalverkauf
S1000141.44471,SP1000141.18.44471,SY1000141.2026.44471,iPad1(1000141),141,11.06.26 10:24,Prod,A1000141.6992,Tisch 15,113,S1000141.44471,VOID,2,5.9,11.8,0.0,0.0,0.0,0.0,125,Zitronen-Limonade,Getränke,,MwSt. 19%,1.19,9.915966,1.884034,Normalverkauf
S1000141.44472,SP1000141.18.44472,SY1000141.2026.44472,iPad1(1000141),141,11.06.26 10:24,Prod,A1000141.6992,Tisch 15,113,S1000141.44472,VOID,1,6.9,6.9,0.0,0.0,0.0,0.0,103,Fischbrötchen Räucherlachs,Hauptspeisen,,MwSt. 7%,1.07,6.448598,0.451402,Normalverkauf
S1000141.44473,SP1000141.18.44473,SY1000141.2026.44473,iPad1(1000141),141,11.06.26 18:52,Prod,A1000141.6993,Tisch 8,101,S1000141.44473,SALE,1,2.8,2.8,0.0,0.0,0.0,0.0,121,Mineralwasser,Getränke,,MwSt. 19%,1.19,2.352941,0.447059,Normalverkauf
S1000141.44474,SP1000141.18.44474,SY1000141.2026.44474,iPad1(1000141),141,11.06.26 17:16,Prod,A1000141.6994,Tisch 4,113,S1000141.44474,SALE,2,6.5,13.0,0.0,0.0,0.0,0.0,100,Fischbrötchen Backfisch,Hauptspeisen,,MwSt. 7%,1.07,12.149533,0.850467,Normalverkauf
S1000141.44475,SP1000141.18.44475,SY1000141.2026.44475,iPad1(1000141),141,11.06.26 17:16,Prod,A1000141.6994,Tisch 4,113,S1000141.44475,SALE,2,5.5,11.0,0.0,0.0,0.0,0.0,111,Pommes Frites,Beilagen,,MwSt. 7%,1.07,10.280374,0.719626,Normalverkauf
S1000141.44476,SP1000141.18.44476,SY1000141.2026.44476,iPad1(1000141),141,11.06.26 17:16,Prod,A1000141.6994,Tisch 4,113,S1000141.44476,SALE,1,5.5,5.5,0.0,0.0,0.0,0.0,111,Pommes Frites,Beilagen,,MwSt. 7%,1.07,5.140187,0.359813,Normalverkauf
S1000141.44477,SP1000141.18.44477,SY1000141.2026.44477,iPad1(1000141),141,11.06.26 09:07,Prod,A1000141.6995,Tisch 22,104,S1000141.44477,SALE,2,2.8,5.6,0.0,0.0,0.0,0.0,121,Mineralwasser,Getränke,,MwSt. 19%,1.19,4.705882,0.894118,Normalverkauf
S1000141.44478,SP1000141.18.44478,SY1000141.2026.44478,iPad1(1000141),141,11.06.26 09:07,Prod,A1000141.6995,Tisch 22,104,S1000141.44478,SALE,2,6.5,13.0,0.0,0.0,0.0,0.0,118,Schokokuchen,Desserts,,MwSt. 7%,1.07,12.149533,0.850467,Normalverkauf
S1000141.44479,SP1000141.18.44479,SY1000141.2026.44479,iPad1(1000141),141,11.06.26 09:07,Prod,A1000141.6995,Tisch 22,104,S1000141.44479,SALE,1,3.9,3.9,0.0,0.0,0.0,0.0,124,Cola Zero,Getränke,,MwSt. 19%,1.19,3.277311,0.622689,Normalverkauf
S1000141.44480,SP1000141.18.44480,SY1000141.2026.44480,iPad1(1000141),141,11.06.26 12:41,Prod,A1000141.6996,Tisch 22,101,S1000141.44480,VOID,2,3.9,7.8,0.0,0.0,0.0,0.0,119,Cola,Getränke,,MwSt. 19%,1.19,6.554622,1.245378,Normalverkauf
S1000141.44481,SP1000141.18.44481,SY1000141.2026.44481,iPad1(1000141),141,11.06.26 12:41,Prod,A1000141.6996,Tisch 22,101,S1000141.44481,VOID,1,6.5,6.5,0.0,0.0,0.0,0.0,118,Schokokuchen,Desserts,,MwSt. 7%,1.07,6.074766,0.425234,Normalverkauf
S1000141.44482,SP1000141.18.44482,SY1000141.2026.44482,iPad1(1000141),141,11.06.26 12:41,Prod,A1000141.6996,Tisch 22,101,S1000141.44482,VOID,2,10.9,21.8,0.0,0.0,0.0,0.0,109,Bismarck-Baguette,Hauptgerichte,,MwSt. 7%,1.07,20.373832,1.426168,Normalverkauf
S1000141.44483,SP1000141.18.44483,SY1000141.2026.44483,iPad1(1000141),141,11.06.26 17:37,Prod,A1000141.6997,Tisch 2,105,S1000141.44483,SALE,2,4.2,8.4,0.0,0.0,0.0,0.0,122,Bier,Getränke,,MwSt. 19%,1.19,7.058824,1.341176,Normalverkauf
S1000141.44484,SP1000141.18.44484,SY1000141.2026.44484,iPad1(1000141),141,11.06.26 17:37,Prod,A1000141.6997,Tisch 2,105,S1000141.44484,SALE,1,2.8,2.8,0.0,0.0,0.0,0.0,121,Mineralwasser,Getränke,,MwSt. 19%,1.19,2.352941,0.447059,Normalverkauf
S1000141.44485,SP1000141.18.44485,SY1000141.2026.44485,iPad1(1000141),141,11.06.26 17:37,Prod,A1000141.6997,Tisch 2,105,S1000141.44485,SALE,1,4.9,4.9,0.0,0.0,0.0,0.0,112,Kartoffelwedges,Beilagen,,MwSt. 7%,1.07,4.579439,0.320561,Normalverkauf
S1000141.44486,SP1000141.18.44486,SY1000141.2026.44486,iPad1(1000141),141,11.06.26 11:46,Prod,A1000141.6998,Tisch 3,114,S1000141.44486,SALE,1,9.8,9.8,0.0,0.0,0.0,0.0,108,Seelachs-Ei-Baugette,Hauptgerichte,,MwSt. 7%,1.07,9.158879,0.641121,Normalverkauf
S1000141.44487,SP1000141.18.44487,SY1000141.2026.44487,iPad1(1000141),141,11.06.26 11:06,Prod,A1000141.6999,Tisch 13,104,S1000141.44487,SALE,2,6.5,13.0,0.0,0.0,0.0,0.0,118,Schokokuchen,Desserts,,MwSt. 7%,1.07,12.149533,0.850467,Normalverkauf
S1000141.44488,SP1000141.18.44488,SY1000141.2026.44488,iPad1(1000141),141,11.06.26 19:22,Prod,A1000141.7000,,104,S1000141.44488,SALE,1,2.8,2.8,0.0,0.0,0.0,0.0,121,Mineralwasser,Getränke,,MwSt. 19%,1.19,2.352941,0.447059,Normalverkauf
S1000141.44489,SP1000141.18.44489,SY1000141.2026.44489,iPad1(1000141),141,11.06.26 13:37,Prod,A1000141.7001,Tisch 2,113,S1000141.44489,SALE,1,3.9,3.9,0.0,0.0,0.0,0.0,126,Spezi,Getränke,,MwSt. 19%,1.19,3.277311,0.622689,Normalverkauf
S1000141.44490,SP1000141.18.44490,SY1000141.2026.44490,iPad1(1000141),141,11.06.26 13:37,Prod,A1000141.7001,Tisch 2,113,S1000141.44490,SALE,1,9.8,9.8,0.0,0.0,0.0,0.0,108,Seelachs-Ei-Baugette,Hauptgerichte,,MwSt. 7%,1.07,9.158879,0.641121,Normalverkauf
S1000141.44491,SP1000141.18.44491,SY1000141.2026.44491,iPad1(1000141),141,11.06.26 17:34,Prod,A1000141.7002,,104,S1000141.44491,VOID,2,6.9,13.8,0.0,0.0,0.0,0.0,113,Garnelen Box,Beilagen,,MwSt. 7%,1.07,12.897196,0.902804,Normalverkauf
S1000141.44492,SP1000141.18.44492,SY1000141.2026.44492,iPad1(1000141),141,11.06.26 19:03,Prod,A1000141.7003,Tisch 13,105,S1000141.44492,SALE,2,10.9,21.8,0.0,0.0,0.0,0.0,104,Thunfisch Wrap,Hauptgerichte,,MwSt. 7%,1.07,20.373832,1.426168,Normalverkauf
S1000141.44493,SP1000141.18.44493,SY1000141.2026.44493,iPad1(1000141),141,11.06.26 19:03,Prod,A1000141.7003,Tisch 13,105,S1000141.44493,SALE,1,10.9,10.9,0.0,0.0,0.0,0.0,109,Bismarck-Baguette,Hauptgerichte,,MwSt. 7%,1.07,10.186916,0.713084,Normalverkauf
S1000141.44494,SP1000141.18.44494,SY1000141.2026.44494,iPad1(1000141),141,11.06.26 20:09,Prod,A1000141.7004,Tisch 9,113,S1000141.44494,SALE,2,10.9,21.8,0.0,0.0,0.0,0.0,109,Bismarck-Baguette,Hauptgerichte,,MwSt. 7%,1.07,20.373832,1.426168,Normalverkauf
S1000141.44495,SP1000141.18.44495,SY1000141.2026.44495,iPad1(1000141),141,11.06.26 20:09,Prod,A1000141.7004,Tisch 9,113,S1000141.44495,SALE,1,10.9,10.9,0.0,0.0,0.0,0.0,109,Bismarck-Baguette,Hauptgerichte,,MwSt. 7%,1.07,10.186916,0.713084,Normalverkauf
S1000141.44496,SP1000141.18.44496,SY1000141.2026.44496,iPad1(1000141),141,11.06.26 20:09,Prod,A1000141.7004,Tisch 9,113,S1000141.44496,SALE,1,13.5,13.5,0.0,0.0,0.0,0.0,102,Matjes,Hauptspeisen,,MwSt. 7%,1.07,12.616822,0.883178,Normalverkauf
S1000141.44497,SP1000141.18.44497,SY1000141.2026.44497,iPad1(1000141),141,11.06.26 15:46,Prod,A1000141.7005,Tisch 7,114,S1000141.44497,SALE,2,10.9,21.8,0.0,0.0,0.0,0.0,104,Thunfisch Wrap,Hauptgerichte,,MwSt. 7%,1.07,20.373832,1.426168,Normalverkauf
S1000141.44498,SP1000141.18.44498,SY1000141.2026.44498,iPad1(1000141),141,11.06.26 15:22,Prod,A1000141.7006,Tisch 2,114,S1000141.44498,SALE,2,3.9,7.8,0.0,0.0,0.0,0.0,119,Cola,Getränke,,MwSt. 19%,1.19,6.554622,1.245378,Normalverkauf
S1000141.44499,SP1000141.18.44499,SY1000141.2026.44499,iPad1(1000141),141,11.06.26 18:23,Prod,A1000141.7007,Tisch 23,104,S1000141.44499,SALE,1,4.2,4.2,0.0,0.0,0.0,0.0,122,Bier,Getränke,,MwSt. 19%,1.19,3.529412,0.670588,Normalverkauf
S1000141.44500,SP1000141.18.44500,SY1000141.2026.44500,iPad1(1000141),141,11.06.26 16:52,Prod,A1000141.7008,,105,S1000141.44500,SALE,1,7.9,7.9,0.0,0.0,0.0,0.0,115,Tiramisu,Desserts,,MwSt. 7%,1.07,7.383178,0.516822,Normalverkauf
S1000141.44501,SP1000141.18.44501,SY1000141.2026.44501,iPad1(1000141),141,11.06.26 16:52,Prod,A1000141.7008,,105,S1000141.44501,SALE,2,6.5,13.0,0.0,0.0,0.0,0.0,100,Fischbrötchen Backfisch,Hauptspeisen,,MwSt. 7%,1.07,12.149533,0.850467,Normalverkauf
S1000141.44502,SP1000141.18.44502,SY1000141.2026.44502,iPad1(1000141),141,11.06.26 16:12,Prod,A1000141.7009,Tisch 18,101,S1000141.44502,SALE,2,5.9,11.8,0.0,0.0,0.0,0.0,125,Zitronen-Limonade,Getränke,,MwSt. 19%,1.19,9.915966,1.884034,Normalverkauf
S1000141.44503,SP1000141.18.44503,SY1000141.2026.44503,iPad1(1000141),141,11.06.26 12:16,Prod,A1000141.7010,Tisch 21,104,S1000141.44503,SALE,1,3.9,3.9,0.0,0.0,0.0,0.0,119,Cola,Getränke,,MwSt. 19%,1.19,3.277311,0.622689,Normalverkauf
S1000141.44504,SP1000141.18.44504,SY1000141.2026.44504,iPad1(1000141),141,11.06.26 12:16,Prod,A1000141.7010,Tisch 21,104,S1000141.44504,SALE,2,5.5,11.0,0.0,0.0,0.0,0.0,114,Fisch Nuggets Box,Beilagen,,MwSt. 7%,1.07,10.280374,0.719626,Normalverkauf
S1000141.44505,SP1000141.18.44505,SY1000141.2026.44505,iPad1(1000141),141,11.06.26 19:03,Prod,A1000141.7011,Tisch 22,104,S1000141.44505,SALE,1,3.9,3.9,0.0,0.0,0.0,0.0,119,Cola,Getränke,,MwSt. 19%,1.19,3.277311,0.622689,Normalverkauf
S1000141.44506,SP1000141.18.44506,SY1000141.2026.44506,iPad1(1000141),141,11.06.26 19:03,Prod,A1000141.7011,Tisch 22,104,S1000141.44506,SALE,1,9.8,9.8,0.0,0.0,0.0,0.0,108,Seelachs-Ei-Baugette,Hauptgerichte,,MwSt. 7%,1.07,9.158879,0.641121,Normalverkauf
S1000141.44507,SP1000141.18.44507,SY1000141.2026.44507,iPad1(1000141),141,11.06.26 20:31,Prod,A1000141.7012,Tisch 11,104,S1000141.44507,SALE,2,6.5,13.0,0.0,0.0,0.0,0.0,118,Schokokuchen,Desserts,,MwSt. 7%,1.07,12.149533,0.850467,Normalverkauf
S1000141.44508,SP1000141.18.44508,SY1000141.2026.44508,iPad1(1000141),141,11.06.26 20:31,Prod,A1000141.7012,Tisch 11,104,S1000141.44508,SALE,2,4.2,8.4,0.0,0.0,0.0,0.0,122,Bier,Getränke,,MwSt. 19%,1.19,7.058824,1.341176,Normalverkauf
S1000141.44509,SP1000141.18.44509,SY1000141.2026.44509,iPad1(1000141),141,11.06.26 13:38,Prod,A1000141.7013,Tisch 19,104,S1000141.44509,SALE,2,10.9,21.8,0.0,0.0,0.0,0.0,107,Chicken Burger,Hauptgerichte,,MwSt. 7%,1.07,20.373832,1.426168,Normalverkauf
S1000141.44510,SP1000141.18.44510,SY1000141.2026.44510,iPad1(1000141),141,11.06.26 13:38,Prod,A1000141.7013,Tisch 19,104,S1000141.44510,SALE,1,9.8,9.8,0.0,0.0,0.0,0.0,108,Seelachs-Ei-Baugette,Hauptgerichte,,MwSt. 7%,1.07,9.158879,0.641121,Normalverkauf
S1000141.44511,SP1000141.18.44511,SY1000141.2026.44511,iPad1(1000141),141,11.06.26 13:38,Prod,A1000141.7013,Tisch 19,104,S1000141.44511,SALE,2,14.5,29.0,0.0,0.0,0.0,0.0,101,Lachs,Hauptspeisen,,MwSt. 7%,1.07,27.102804,1.897196,Normalverkauf
S1000141.44512,SP1000141.18.44512,SY1000141.2026.44512,iPad1(1000141),141,11.06.26 10:38,Prod,A1000141.7014,Tisch 8,118,S1000141.44512,SALE,1,2.8,2.8,0.0,0.0,0.0,0.0,121,Mineralwasser,Getränke,,MwSt. 19%,1.19,2.352941,0.447059,Normalverkauf
S1000141.44513,SP1000141.18.44513,SY1000141.2026.44513,iPad1(1000141),141,11.06.26 17:31,Prod,A1000141.7015,Tisch 22,114,S1000141.44513,SALE,1,3.9,3.9,0.0,0.0,0.0,0.0,124,Cola Zero,Getränke,,MwSt. 19%,1.19,3.277311,0.622689,Normalverkauf
S1000141.44514,SP1000141.18.44514,SY1000141.2026.44514,iPad1(1000141),141,11.06.26 17:31,Prod,A1000141.7015,Tisch 22,114,S1000141.44514,SALE,2,2.8,5.6,0.0,0.0,0.0,0.0,121,Mineralwasser,Getränke,,MwSt. 19%,1.19,4.705882,0.894118,Normalverkauf
S1000141.44515,SP1000141.18.44515,SY1000141.2026.44515,iPad1(1000141),141,11.06.26 17:23,Prod,A1000141.7016,Tisch 12,104,S1000141.44515,SALE,1,2.8,2.8,0.0,0.0,0.0,0.0,121,Mineralwasser,Getränke,,MwSt. 19%,1.19,2.352941,0.447059,Normalverkauf
S1000141.44516,SP1000141.18.44516,SY1000141.2026.44516,iPad1(1000141),141,11.06.26 17:23,Prod,A1000141.7016,Tisch 12,104,S1000141.44516,SALE,2,6.5,13.0,0.0,0.0,0.0,0.0,100,Fischbrötchen Backfisch,Hauptspeisen,,MwSt. 7%,1.07,12.149533,0.850467,Normalverkauf
S1000141.44517,SP1000141.18.44517,SY1000141.2026.44517,iPad1(1000141),141,11.06.26 17:23,Prod,A1000141.7016,Tisch 12,104,S1000141.44517,SALE,2,5.5,11.0,0.0,0.0,0.0,0.0,114,Fisch Nuggets Box,Beilagen,,MwSt. 7%,1.07,10.280374,0.719626,Normalverkauf
S1000141.44518,SP1000141.18.44518,SY1000141.2026.44518,iPad1(1000141),141,11.06.26 12:55,Prod,A1000141.7017,Tisch 19,101,S1000141.44518,SALE,1,2.8,2.8,0.0,0.0,0.0,0.0,121,Mineralwasser,Getränke,,MwSt. 19%,1.19,2.352941,0.447059,Normalverkauf
S1000141.44519,SP1000141.18.44519,SY1000141.2026.44519,iPad1(1000141),141,11.06.26 12:55,Prod,A1000141.7017,Tisch 19,101,S1000141.44519,SALE,2,4.2,8.4,0.0,0.0,0.0,0.0,122,Bier,Getränke,,MwSt. 19%,1.19,7.058824,1.341176,Normalverkauf
S1000141.44520,SP1000141.18.44520,SY1000141.2026.44520,iPad1(1000141),141,11.06.26 17:36,Prod,A1000141.7018,Tisch 16,114,S1000141.44520,SALE,2,3.9,7.8,0.0,0.0,0.0,0.0,119,Cola,Getränke,,MwSt. 19%,1.19,6.554622,1.245378,Normalverkauf
S1000141.44521,SP1000141.18.44521,SY1000141.2026.44521,iPad1(1000141),141,11.06.26 17:36,Prod,A1000141.7018,Tisch 16,114,S1000141.44521,SALE,1,10.9,10.9,0.0,0.0,0.0,0.0,109,Bismarck-Baguette,Hauptgerichte,,MwSt. 7%,1.07,10.186916,0.713084,Normalverkauf
S1000141.44522,SP1000141.18.44522,SY1000141.2026.44522,iPad1(1000141),141,11.06.26 17:36,Prod,A1000141.7018,Tisch 16,114,S1000141.44522,SALE,1,5.9,5.9,0.0,0.0,0.0,0.0,125,Zitronen-Limonade,Getränke,,MwSt. 19%,1.19,4.957983,0.942017,Normalverkauf
S1000141.44523,SP1000141.18.44523,SY1000141.2026.44523,iPad1(1000141),141,11.06.26 17:37,Prod,A1000141.7019,Tisch 9,114,S1000141.44523,SALE,2,10.9,21.8,0.0,0.0,0.0,0.0,109,Bismarck-Baguette,Hauptgerichte,,MwSt. 7%,1.07,20.373832,1.426168,Normalverkauf
S1000141.44524,SP1000141.18.44524,SY1000141.2026.44524,iPad1(1000141),141,11.06.26 17:37,Prod,A1000141.7019,Tisch 9,114,S1000141.44524,SALE,1,4.2,4.2,0.0,0.0,0.0,0.0,122,Bier,Getränke,,MwSt. 19%,1.19,3.529412,0.670588,Normalverkauf
S1000141.44525,SP1000141.18.44525,SY1000141.2026.44525,iPad1(1000141),141,11.06.26 17:37,Prod,A1000141.7019,Tisch 9,114,S1000141.44525,SALE,1,9.8,9.8,0.0,0.0,0.0,0.0,108,Seelachs-Ei-Baugette,Hauptgerichte,,MwSt. 7%,1.07,9.158879,0.641121,Normalverkauf
S1000141.44526,SP1000141.18.44526,SY1000141.2026.44526,iPad1(1000141),141,11.06.26 19:14,Prod,A1000141.7020,Tisch 1,101,S1000141.44526,SALE,1,11.5,11.5,0.0,0.0,0.0,0.0,105,Garnelen-Kimchi-Bruger,Hauptgerichte,,MwSt. 7%,1.07,10.747664,0.752336,Normalverkauf
S1000141.44527,SP1000141.18.44527,SY1000141.2026.44527,iPad1(1000141),141,12.06.26 17:47,Prod,A1000141.7021,Tisch 5,101,S1000141.44527,SALE,1,9.8,9.8,0.0,0.0,0.0,0.0,108,Seelachs-Ei-Baugette,Hauptgerichte,,MwSt. 7%,1.07,9.158879,0.641121,Normalverkauf
S1000141.44528,SP1000141.18.44528,SY1000141.2026.44528,iPad1(1000141),141,12.06.26 17:47,Prod,A1000141.7021,Tisch 5,101,S1000141.44528,SALE,2,3.9,7.8,0.0,0.0,0.0,0.0,119,Cola,Getränke,,MwSt. 19%,1.19,6.554622,1.245378,Normalverkauf
S1000141.44529,SP1000141.18.44529,SY1000141.2026.44529,iPad1(1000141),141,12.06.26 17:47,Prod,A1000141.7021,Tisch 5,101,S1000141.44529,SALE,2,5.9,11.8,0.0,0.0,0.0,0.0,116,Vanillequark,Desserts,,MwSt. 7%,1.07,11.028037,0.771963,Normalverkauf
S1000141.44530,SP1000141.18.44530,SY1000141.2026.44530,iPad1(1000141),141,12.06.26 16:54,Prod,A1000141.7022,Tisch 9,101,S1000141.44530,SALE,1,2.8,2.8,0.0,0.0,0.0,0.0,121,Mineralwasser,Getränke,,MwSt. 19%,1.19,2.352941,0.447059,Normalverkauf
S1000141.44531,SP1000141.18.44531,SY1000141.2026.44531,iPad1(1000141),141,12.06.26 16:54,Prod,A1000141.7022,Tisch 9,101,S1000141.44531,SALE,1,10.9,10.9,0.0,0.0,0.0,0.0,109,Bismarck-Baguette,Hauptgerichte,,MwSt. 7%,1.07,10.186916,0.713084,Normalverkauf
S1000141.44532,SP1000141.18.44532,SY1000141.2026.44532,iPad1(1000141),141,12.06.26 16:54,Prod,A1000141.7022,Tisch 9,101,S1000141.44532,SALE,2,5.9,11.8,0.0,0.0,0.0,0.0,116,Vanillequark,Desserts,,MwSt. 7%,1.07,11.028037,0.771963,Normalverkauf
S1000141.44533,SP1000141.18.44533,SY1000141.2026.44533,iPad1(1000141),141,12.06.26 19:30,Prod,A1000141.7023,Tisch 16,101,S1000141.44533,SALE,2,5.5,11.0,0.0,0.0,0.0,0.0,111,Pommes Frites,Beilagen,,MwSt. 7%,1.07,10.280374,0.719626,Normalverkauf
S1000141.44534,SP1000141.18.44534,SY1000141.2026.44534,iPad1(1000141),141,12.06.26 19:30,Prod,A1000141.7023,Tisch 16,101,S1000141.44534,SALE,2,6.5,13.0,0.0,0.0,0.0,0.0,100,Fischbrötchen Backfisch,Hauptspeisen,,MwSt. 7%,1.07,12.149533,0.850467,Normalverkauf
S1000141.44535,SP1000141.18.44535,SY1000141.2026.44535,iPad1(1000141),141,12.06.26 10:27,Prod,A1000141.7024,Tisch 10,104,S1000141.44535,SALE,2,11.9,23.8,0.0,0.0,0.0,0.0,110,Matjes-Baguette,Hauptgerichte,,MwSt. 7%,1.07,22.242991,1.557009,Normalverkauf
S1000141.44536,SP1000141.18.44536,SY1000141.2026.44536,iPad1(1000141),141,12.06.26 10:27,Prod,A1000141.7024,Tisch 10,104,S1000141.44536,SALE,1,7.9,7.9,0.0,0.0,0.0,0.0,106,Neptun-Ringe,Beilagen,,MwSt. 7%,1.07,7.383178,0.516822,Normalverkauf
S1000141.44537,SP1000141.18.44537,SY1000141.2026.44537,iPad1(1000141),141,12.06.26 12:35,Prod,A1000141.7025,,104,S1000141.44537,SALE,1,5.5,5.5,0.0,0.0,0.0,0.0,111,Pommes Frites,Beilagen,,MwSt. 7%,1.07,5.140187,0.359813,Normalverkauf
S1000141.44538,SP1000141.18.44538,SY1000141.2026.44538,iPad1(1000141),141,12.06.26 12:35,Prod,A1000141.7025,,104,S1000141.44538,SALE,2,5.5,11.0,0.0,0.0,0.0,0.0,111,Pommes Frites,Beilagen,,MwSt. 7%,1.07,10.280374,0.719626,Normalverkauf
S1000141.44539,SP1000141.18.44539,SY1000141.2026.44539,iPad1(1000141),141,12.06.26 12:35,Prod,A1000141.7025,,104,S1000141.44539,SALE,2,3.9,7.8,0.0,0.0,0.0,0.0,119,Cola,Getränke,,MwSt. 19%,1.19,6.554622,1.245378,Normalverkauf
S1000141.44540,SP1000141.18.44540,SY1000141.2026.44540,iPad1(1000141),141,12.06.26 14:06,Prod,A1000141.7026,Tisch 18,105,S1000141.44540,SALE,1,9.8,9.8,0.0,0.0,0.0,0.0,108,Seelachs-Ei-Baugette,Hauptgerichte,,MwSt. 7%,1.07,9.158879,0.641121,Normalverkauf
S1000141.44541,SP1000141.18.44541,SY1000141.2026.44541,iPad1(1000141),141,12.06.26 14:06,Prod,A1000141.7026,Tisch 18,105,S1000141.44541,SALE,2,6.5,13.0,0.0,0.0,0.0,0.0,100,Fischbrötchen Backfisch,Hauptspeisen,,MwSt. 7%,1.07,12.149533,0.850467,Normalverkauf
S1000141.44542,SP1000141.18.44542,SY1000141.2026.44542,iPad1(1000141),141,12.06.26 20:02,Prod,A1000141.7027,Tisch 14,101,S1000141.44542,SALE,2,3.9,7.8,0.0,0.0,0.0,0.0,119,Cola,Getränke,,MwSt. 19%,1.19,6.554622,1.245378,Normalverkauf
S1000141.44543,SP1000141.18.44543,SY1000141.2026.44543,iPad1(1000141),141,12.06.26 15:37,Prod,A1000141.7028,Tisch 20,113,S1000141.44543,SALE,1,6.9,6.9,0.0,0.0,0.0,0.0,113,Garnelen Box,Beilagen,,MwSt. 7%,1.07,6.448598,0.451402,Normalverkauf
S1000141.44544,SP1000141.18.44544,SY1000141.2026.44544,iPad1(1000141),141,12.06.26 15:37,Prod,A1000141.7028,Tisch 20,113,S1000141.44544,SALE,2,3.2,6.4,0.0,0.0,0.0,0.0,120,Apfelschorle,Getränke,,MwSt. 19%,1.19,5.378151,1.021849,Normalverkauf
S1000141.44545,SP1000141.18.44545,SY1000141.2026.44545,iPad1(1000141),141,12.06.26 16:20,Prod,A1000141.7029,Tisch 24,114,S1000141.44545,VOID,2,14.5,29.0,0.0,0.0,0.0,0.0,101,Lachs,Hauptspeisen,,MwSt. 7%,1.07,27.102804,1.897196,Normalverkauf
S1000141.44546,SP1000141.18.44546,SY1000141.2026.44546,iPad1(1000141),141,12.06.26 20:48,Prod,A1000141.7030,Tisch 7,104,S1000141.44546,VOID,2,3.9,7.8,0.0,0.0,0.0,0.0,126,Spezi,Getränke,,MwSt. 19%,1.19,6.554622,1.245378,Normalverkauf
S1000141.44547,SP1000141.18.44547,SY1000141.2026.44547,iPad1(1000141),141,12.06.26 13:07,Prod,A1000141.7031,Tisch 23,118,S1000141.44547,SALE,2,6.9,13.8,0.0,0.0,0.0,0.0,103,Fischbrötchen Räucherlachs,Hauptspeisen,,MwSt. 7%,1.07,12.897196,0.902804,Normalverkauf
S1000141.44548,SP1000141.18.44548,SY1000141.2026.44548,iPad1(1000141),141,12.06.26 13:07,Prod,A1000141.7031,Tisch 23,118,S1000141.44548,SALE,2,14.5,29.0,0.0,0.0,0.0,0.0,101,Lachs,Hauptspeisen,,MwSt. 7%,1.07,27.102804,1.897196,Normalverkauf
S1000141.44549,SP1000141.18.44549,SY1000141.2026.44549,iPad1(1000141),141,12.06.26 13:07,Prod,A1000141.7031,Tisch 23,118,S1000141.44549,SALE,2,9.8,19.6,0.0,0.0,0.0,0.0,108,Seelachs-Ei-Baugette,Hauptgerichte,,MwSt. 7%,1.07,18.317757,1.282243,Normalverkauf
S1000141.44550,SP1000141.18.44550,SY1000141.2026.44550,iPad1(1000141),141,12.06.26 09:56,Prod,A1000141.7032,Tisch 11,104,S1000141.44550,VOID,2,10.9,21.8,0.0,0.0,0.0,0.0,109,Bismarck-Baguette,Hauptgerichte,,MwSt. 7%,1.07,20.373832,1.426168,Normalverkauf
S1000141.44551,SP1000141.18.44551,SY1000141.2026.44551,iPad1(1000141),141,12.06.26 09:56,Prod,A1000141.7032,Tisch 11,104,S1000141.44551,VOID,2,7.9,15.8,0.0,0.0,0.0,0.0,115,Tiramisu,Desserts,,MwSt. 7%,1.07,14.766355,1.033645,Normalverkauf
S1000141.44552,SP1000141.18.44552,SY1000141.2026.44552,iPad1(1000141),141,12.06.26 09:56,Prod,A1000141.7032,Tisch 11,104,S1000141.44552,VOID,1,3.9,3.9,0.0,0.0,0.0,0.0,126,Spezi,Getränke,,MwSt. 19%,1.19,3.277311,0.622689,Normalverkauf
S1000141.44553,SP1000141.18.44553,SY1000141.2026.44553,iPad1(1000141),141,12.06.26 18:22,Prod,A1000141.7033,Tisch 22,101,S1000141.44553,SALE,1,6.9,6.9,0.0,0.0,0.0,0.0,103,Fischbrötchen Räucherlachs,Hauptspeisen,,MwSt. 7%,1.07,6.448598,0.451402,Normalverkauf
S1000141.44554,SP1000141.18.44554,SY1000141.2026.44554,iPad1(1000141),141,12.06.26 17:49,Prod,A1000141.7034,Tisch 2,101,S1000141.44554,VOID,1,4.9,4.9,0.0,0.0,0.0,0.0,112,Kartoffelwedges,Beilagen,,MwSt. 7%,1.07,4.579439,0.320561,Normalverkauf
S1000141.44555,SP1000141.18.44555,SY1000141.2026.44555,iPad1(1000141),141,12.06.26 17:49,Prod,A1000141.7034,Tisch 2,101,S1000141.44555,VOID,2,9.8,19.6,0.0,0.0,0.0,0.0,108,Seelachs-Ei-Baugette,Hauptgerichte,,MwSt. 7%,1.07,18.317757,1.282243,Normalverkauf
S1000141.44556,SP1000141.18.44556,SY1000141.2026.44556,iPad1(1000141),141,12.06.26 11:33,Prod,A1000141.7035,Tisch 4,114,S1000141.44556,SALE,2,11.9,23.8,0.0,0.0,0.0,0.0,110,Matjes-Baguette,Hauptgerichte,,MwSt. 7%,1.07,22.242991,1.557009,Normalverkauf
S1000141.44557,SP1000141.18.44557,SY1000141.2026.44557,iPad1(1000141),141,12.06.26 11:33,Prod,A1000141.7035,Tisch 4,114,S1000141.44557,SALE,2,10.9,21.8,0.0,0.0,0.0,0.0,104,Thunfisch Wrap,Hauptgerichte,,MwSt. 7%,1.07,20.373832,1.426168,Normalverkauf
S1000141.44558,SP1000141.18.44558,SY1000141.2026.44558,iPad1(1000141),141,12.06.26 08:49,Prod,A1000141.7036,Tisch 7,114,S1000141.44558,SALE,1,11.9,11.9,0.0,0.0,0.0,0.0,110,Matjes-Baguette,Hauptgerichte,,MwSt. 7%,1.07,11.121495,0.778505,Normalverkauf
S1000141.44559,SP1000141.18.44559,SY1000141.2026.44559,iPad1(1000141),141,12.06.26 08:49,Prod,A1000141.7036,Tisch 7,114,S1000141.44559,SALE,2,6.9,13.8,0.0,0.0,0.0,0.0,103,Fischbrötchen Räucherlachs,Hauptspeisen,,MwSt. 7%,1.07,12.897196,0.902804,Normalverkauf
S1000141.44560,SP1000141.18.44560,SY1000141.2026.44560,iPad1(1000141),141,12.06.26 08:49,Prod,A1000141.7036,Tisch 7,114,S1000141.44560,SALE,1,5.9,5.9,0.0,0.0,0.0,0.0,116,Vanillequark,Desserts,,MwSt. 7%,1.07,5.514019,0.385981,Normalverkauf
S1000141.44561,SP1000141.18.44561,SY1000141.2026.44561,iPad1(1000141),141,12.06.26 20:56,Prod,A1000141.7037,Tisch 18,101,S1000141.44561,SALE,1,3.9,3.9,0.0,0.0,0.0,0.0,119,Cola,Getränke,,MwSt. 19%,1.19,3.277311,0.622689,Normalverkauf
S1000141.44562,SP1000141.18.44562,SY1000141.2026.44562,iPad1(1000141),141,12.06.26 12:18,Prod,A1000141.7038,,113,S1000141.44562,SALE,1,5.5,5.5,0.0,0.0,0.0,0.0,111,Pommes Frites,Beilagen,,MwSt. 7%,1.07,5.140187,0.359813,Normalverkauf
S1000141.44563,SP1000141.18.44563,SY1000141.2026.44563,iPad1(1000141),141,12.06.26 12:18,Prod,A1000141.7038,,113,S1000141.44563,SALE,2,9.8,19.6,0.0,0.0,0.0,0.0,108,Seelachs-Ei-Baugette,Hauptgerichte,,MwSt. 7%,1.07,18.317757,1.282243,Normalverkauf
S1000141.44564,SP1000141.18.44564,SY1000141.2026.44564,iPad1(1000141),141,12.06.26 16:50,Prod,A1000141.7039,Tisch 7,105,S1000141.44564,SALE,1,3.9,3.9,0.0,0.0,0.0,0.0,119,Cola,Getränke,,MwSt. 19%,1.19,3.277311,0.622689,Normalverkauf
S1000141.44565,SP1000141.18.44565,SY1000141.2026.44565,iPad1(1000141),141,12.06.26 16:50,Prod,A1000141.7039,Tisch 7,105,S1000141.44565,SALE,2,4.2,8.4,0.0,0.0,0.0,0.0,122,Bier,Getränke,,MwSt. 19%,1.19,7.058824,1.341176,Normalverkauf
S1000141.44566,SP1000141.18.44566,SY1000141.2026.44566,iPad1(1000141),141,12.06.26 16:50,Prod,A1000141.7039,Tisch 7,105,S1000141.44566,SALE,1,6.5,6.5,0.0,0.0,0.0,0.0,100,Fischbrötchen Backfisch,Hauptspeisen,,MwSt. 7%,1.07,6.074766,0.425234,Normalverkauf
S1000141.44567,SP1000141.18.44567,SY1000141.2026.44567,iPad1(1000141),141,12.06.26 11:57,Prod,A1000141.7040,,104,S1000141.44567,SALE,2,4.2,8.4,0.0,0.0,0.0,0.0,122,Bier,Getränke,,MwSt. 19%,1.19,7.058824,1.341176,Normalverkauf
S1000141.44568,SP1000141.18.44568,SY1000141.2026.44568,iPad1(1000141),141,12.06.26 11:57,Prod,A1000141.7040,,104,S1000141.44568,SALE,1,11.5,11.5,0.0,0.0,0.0,0.0,105,Garnelen-Kimchi-Bruger,Hauptgerichte,,MwSt. 7%,1.07,10.747664,0.752336,Normalverkauf
S1000141.44569,SP1000141.18.44569,SY1000141.2026.44569,iPad1(1000141),141,12.06.26 11:57,Prod,A1000141.7040,,104,S1000141.44569,SALE,2,6.9,13.8,0.0,0.0,0.0,0.0,103,Fischbrötchen Räucherlachs,Hauptspeisen,,MwSt. 7%,1.07,12.897196,0.902804,Normalverkauf
S1000141.44570,SP1000141.18.44570,SY1000141.2026.44570,iPad1(1000141),141,12.06.26 19:49,Prod,A1000141.7041,Tisch 1,104,S1000141.44570,SALE,1,10.9,10.9,0.0,0.0,0.0,0.0,109,Bismarck-Baguette,Hauptgerichte,,MwSt. 7%,1.07,10.186916,0.713084,Normalverkauf
S1000141.44571,SP1000141.18.44571,SY1000141.2026.44571,iPad1(1000141),141,12.06.26 19:49,Prod,A1000141.7041,Tisch 1,104,S1000141.44571,SALE,2,5.9,11.8,0.0,0.0,0.0,0.0,125,Zitronen-Limonade,Getränke,,MwSt. 19%,1.19,9.915966,1.884034,Normalverkauf
S1000141.44572,SP1000141.18.44572,SY1000141.2026.44572,iPad1(1000141),141,12.06.26 19:49,Prod,A1000141.7041,Tisch 1,104,S1000141.44572,SALE,2,9.8,19.6,0.0,0.0,0.0,0.0,108,Seelachs-Ei-Baugette,Hauptgerichte,,MwSt. 7%,1.07,18.317757,1.282243,Normalverkauf
S1000141.44573,SP1000141.18.44573,SY1000141.2026.44573,iPad1(1000141),141,12.06.26 17:42,Prod,A1000141.7042,Tisch 1,101,S1000141.44573,SALE,2,3.9,7.8,0.0,0.0,0.0,0.0,119,Cola,Getränke,,MwSt. 19%,1.19,6.554622,1.245378,Normalverkauf
S1000141.44574,SP1000141.18.44574,SY1000141.2026.44574,iPad1(1000141),141,12.06.26 17:42,Prod,A1000141.7042,Tisch 1,101,S1000141.44574,SALE,1,3.9,3.9,0.0,0.0,0.0,0.0,127,Alkoholfreies Bier,Getränke,,MwSt. 19%,1.19,3.277311,0.622689,Normalverkauf
S1000141.44575,SP1000141.18.44575,SY1000141.2026.44575,iPad1(1000141),141,12.06.26 12:28,Prod,A1000141.7043,Tisch 9,105,S1000141.44575,SALE,1,3.9,3.9,0.0,0.0,0.0,0.0,119,Cola,Getränke,,MwSt. 19%,1.19,3.277311,0.622689,Normalverkauf
S1000141.44576,SP1000141.18.44576,SY1000141.2026.44576,iPad1(1000141),141,12.06.26 12:28,Prod,A1000141.7043,Tisch 9,105,S1000141.44576,SALE,1,3.2,3.2,0.0,0.0,0.0,0.0,120,Apfelschorle,Getränke,,MwSt. 19%,1.19,2.689076,0.510924,Normalverkauf
S1000141.44577,SP1000141.18.44577,SY1000141.2026.44577,iPad1(1000141),141,12.06.26 17:50,Prod,A1000141.7044,Tisch 8,114,S1000141.44577,SALE,2,3.9,7.8,0.0,0.0,0.0,0.0,119,Cola,Getränke,,MwSt. 19%,1.19,6.554622,1.245378,Normalverkauf
S1000141.44578,SP1000141.18.44578,SY1000141.2026.44578,iPad1(1000141),141,12.06.26 17:50,Prod,A1000141.7044,Tisch 8,114,S1000141.44578,SALE,2,6.9,13.8,0.0,0.0,0.0,0.0,113,Garnelen Box,Beilagen,,MwSt. 7%,1.07,12.897196,0.902804,Normalverkauf
S1000141.44579,SP1000141.18.44579,SY1000141.2026.44579,iPad1(1000141),141,12.06.26 08:03,Prod,A1000141.7045,Tisch 22,113,S1000141.44579,SALE,2,3.2,6.4,0.0,0.0,0.0,0.0,120,Apfelschorle,Getränke,,MwSt. 19%,1.19,5.378151,1.021849,Normalverkauf
S1000141.44580,SP1000141.18.44580,SY1000141.2026.44580,iPad1(1000141),141,12.06.26 08:03,Prod,A1000141.7045,Tisch 22,113,S1000141.44580,SALE,1,3.9,3.9,0.0,0.0,0.0,0.0,119,Cola,Getränke,,MwSt. 19%,1.19,3.277311,0.622689,Normalverkauf
S1000141.44581,SP1000141.18.44581,SY1000141.2026.44581,iPad1(1000141),141,12.06.26 11:01,Prod,A1000141.7046,Tisch 14,113,S1000141.44581,SALE,2,6.5,13.0,0.0,0.0,0.0,0.0,100,Fischbrötchen Backfisch,Hauptspeisen,,MwSt. 7%,1.07,12.149533,0.850467,Normalverkauf
S1000141.44582,SP1000141.18.44582,SY1000141.2026.44582,iPad1(1000141),141,12.06.26 17:20,Prod,A1000141.7047,Tisch 24,113,S1000141.44582,SALE,1,9.8,9.8,0.0,0.0,0.0,0.0,108,Seelachs-Ei-Baugette,Hauptgerichte,,MwSt. 7%,1.07,9.158879,0.641121,Normalverkauf
S1000141.44583,SP1000141.18.44583,SY1000141.2026.44583,iPad1(1000141),141,12.06.26 15:48,Prod,A1000141.7048,Tisch 14,114,S1000141.44583,SALE,1,3.9,3.9,0.0,0.0,0.0,0.0,126,Spezi,Getränke,,MwSt. 19%,1.19,3.277311,0.622689,Normalverkauf
S1000141.44584,SP1000141.18.44584,SY1000141.2026.44584,iPad1(1000141),141,12.06.26 15:48,Prod,A1000141.7048,Tisch 14,114,S1000141.44584,SALE,1,4.2,4.2,0.0,0.0,0.0,0.0,122,Bier,Getränke,,MwSt. 19%,1.19,3.529412,0.670588,Normalverkauf
S1000141.44585,SP1000141.18.44585,SY1000141.2026.44585,iPad1(1000141),141,12.06.26 15:48,Prod,A1000141.7048,Tisch 14,114,S1000141.44585,SALE,1,4.2,4.2,0.0,0.0,0.0,0.0,122,Bier,Getränke,,MwSt. 19%,1.19,3.529412,0.670588,Normalverkauf
S1000141.44586,SP1000141.18.44586,SY1000141.2026.44586,iPad1(1000141),141,12.06.26 18:35,Prod,A1000141.7049,,104,S1000141.44586,SALE,1,14.5,14.5,0.0,0.0,0.0,0.0,101,Lachs,Hauptspeisen,,MwSt. 7%,1.07,13.551402,0.948598,Normalverkauf
S1000141.44587,SP1000141.18.44587,SY1000141.2026.44587,iPad1(1000141),141,12.06.26 12:35,Prod,A1000141.7050,Tisch 12,101,S1000141.44587,SALE,1,3.9,3.9,0.0,0.0,0.0,0.0,127,Alkoholfreies Bier,Getränke,,MwSt. 19%,1.19,3.277311,0.622689,Normalverkauf
S1000141.44588,SP1000141.18.44588,SY1000141.2026.44588,iPad1(1000141),141,12.06.26 12:35,Prod,A1000141.7050,Tisch 12,101,S1000141.44588,SALE,2,6.9,13.8,0.0,0.0,0.0,0.0,103,Fischbrötchen Räucherlachs,Hauptspeisen,,MwSt. 7%,1.07,12.897196,0.902804,Normalverkauf
S1000141.44589,SP1000141.18.44589,SY1000141.2026.44589,iPad1(1000141),141,12.06.26 12:25,Prod,A1000141.7051,Tisch 18,114,S1000141.44589,SALE,2,3.9,7.8,0.0,0.0,0.0,0.0,119,Cola,Getränke,,MwSt. 19%,1.19,6.554622,1.245378,Normalverkauf
S1000141.44590,SP1000141.18.44590,SY1000141.2026.44590,iPad1(1000141),141,12.06.26 12:25,Prod,A1000141.7051,Tisch 18,114,S1000141.44590,SALE,1,5.5,5.5,0.0,0.0,0.0,0.0,111,Pommes Frites,Beilagen,,MwSt. 7%,1.07,5.140187,0.359813,Normalverkauf
S1000141.44591,SP1000141.18.44591,SY1000141.2026.44591,iPad1(1000141),141,12.06.26 12:37,Prod,A1000141.7052,Tisch 21,104,S1000141.44591,SALE,2,5.9,11.8,0.0,0.0,0.0,0.0,116,Vanillequark,Desserts,,MwSt. 7%,1.07,11.028037,0.771963,Normalverkauf
S1000141.44592,SP1000141.18.44592,SY1000141.2026.44592,iPad1(1000141),141,12.06.26 18:03,Prod,A1000141.7053,Tisch 16,105,S1000141.44592,SALE,1,7.9,7.9,0.0,0.0,0.0,0.0,115,Tiramisu,Desserts,,MwSt. 7%,1.07,7.383178,0.516822,Normalverkauf
S1000141.44593,SP1000141.18.44593,SY1000141.2026.44593,iPad1(1000141),141,12.06.26 18:03,Prod,A1000141.7053,Tisch 16,105,S1000141.44593,SALE,2,14.5,29.0,0.0,0.0,0.0,0.0,101,Lachs,Hauptspeisen,,MwSt. 7%,1.07,27.102804,1.897196,Normalverkauf
S1000141.44594,SP1000141.18.44594,SY1000141.2026.44594,iPad1(1000141),141,12.06.26 18:03,Prod,A1000141.7053,Tisch 16,105,S1000141.44594,SALE,2,5.9,11.8,0.0,0.0,0.0,0.0,116,Vanillequark,Desserts,,MwSt. 7%,1.07,11.028037,0.771963,Normalverkauf
S1000141.44595,SP1000141.18.44595,SY1000141.2026.44595,iPad1(1000141),141,12.06.26 15:41,Prod,A1000141.7054,Tisch 10,101,S1000141.44595,SALE,2,6.9,13.8,0.0,0.0,0.0,0.0,113,Garnelen Box,Beilagen,,MwSt. 7%,1.07,12.897196,0.902804,Normalverkauf
S1000141.44596,SP1000141.18.44596,SY1000141.2026.44596,iPad1(1000141),141,12.06.26 15:41,Prod,A1000141.7054,Tisch 10,101,S1000141.44596,SALE,1,9.8,9.8,0.0,0.0,0.0,0.0,108,Seelachs-Ei-Baugette,Hauptgerichte,,MwSt. 7%,1.07,9.158879,0.641121,Normalverkauf
S1000141.44597,SP1000141.18.44597,SY1000141.2026.44597,iPad1(1000141),141,12.06.26 15:41,Prod,A1000141.7054,Tisch 10,101,S1000141.44597,SALE,2,6.5,13.0,0.0,0.0,0.0,0.0,100,Fischbrötchen Backfisch,Hauptspeisen,,MwSt. 7%,1.07,12.149533,0.850467,Normalverkauf
S1000141.44598,SP1000141.18.44598,SY1000141.2026.44598,iPad1(1000141),141,12.06.26 16:37,Prod,A1000141.7055,Tisch 8,105,S1000141.44598,SALE,1,4.2,4.2,0.0,0.0,0.0,0.0,122,Bier,Getränke,,MwSt. 19%,1.19,3.529412,0.670588,Normalverkauf
S1000141.44599,SP1000141.18.44599,SY1000141.2026.44599,iPad1(1000141),141,12.06.26 16:37,Prod,A1000141.7055,Tisch 8,105,S1000141.44599,SALE,1,5.5,5.5,0.0,0.0,0.0,0.0,111,Pommes Frites,Beilagen,,MwSt. 7%,1.07,5.140187,0.359813,Normalverkauf
S1000141.44600,SP1000141.18.44600,SY1000141.2026.44600,iPad1(1000141),141,12.06.26 16:37,Prod,A1000141.7055,Tisch 8,105,S1000141.44600,SALE,1,2.8,2.8,0.0,0.0,0.0,0.0,121,Mineralwasser,Getränke,,MwSt. 19%,1.19,2.352941,0.447059,Normalverkauf
S1000141.44601,SP1000141.18.44601,SY1000141.2026.44601,iPad1(1000141),141,12.06.26 18:00,Prod,A1000141.7056,Tisch 6,104,S1000141.44601,SALE,2,10.9,21.8,0.0,0.0,0.0,0.0,107,Chicken Burger,Hauptgerichte,,MwSt. 7%,1.07,20.373832,1.426168,Normalverkauf
S1000141.44602,SP1000141.18.44602,SY1000141.2026.44602,iPad1(1000141),141,12.06.26 18:00,Prod,A1000141.7056,Tisch 6,104,S1000141.44602,SALE,2,5.9,11.8,0.0,0.0,0.0,0.0,116,Vanillequark,Desserts,,MwSt. 7%,1.07,11.028037,0.771963,Normalverkauf
S1000141.44603,SP1000141.18.44603,SY1000141.2026.44603,iPad1(1000141),141,12.06.26 18:00,Prod,A1000141.7056,Tisch 6,104,S1000141.44603,SALE,2,7.9,15.8,0.0,0.0,0.0,0.0,106,Neptun-Ringe,Beilagen,,MwSt. 7%,1.07,14.766355,1.033645,Normalverkauf
S1000141.44604,SP1000141.18.44604,SY1000141.2026.44604,iPad1(1000141),141,12.06.26 13:33,Prod,A1000141.7057,Tisch 16,105,S1000141.44604,SALE,2,6.9,13.8,0.0,0.0,0.0,0.0,113,Garnelen Box,Beilagen,,MwSt. 7%,1.07,12.897196,0.902804,Normalverkauf
S1000141.44605,SP1000141.18.44605,SY1000141.2026.44605,iPad1(1000141),141,12.06.26 18:49,Prod,A1000141.7058,Tisch 10,105,S1000141.44605,SALE,1,13.5,13.5,0.0,0.0,0.0,0.0,102,Matjes,Hauptspeisen,,MwSt. 7%,1.07,12.616822,0.883178,Normalverkauf
S1000141.44606,SP1000141.18.44606,SY1000141.2026.44606,iPad1(1000141),141,12.06.26 20:40,Prod,A1000141.7059,Tisch 21,104,S1000141.44606,SALE,1,9.8,9.8,0.0,0.0,0.0,0.0,108,Seelachs-Ei-Baugette,Hauptgerichte,,MwSt. 7%,1.07,9.158879,0.641121,Normalverkauf
S1000141.44607,SP1000141.18.44607,SY1000141.2026.44607,iPad1(1000141),141,12.06.26 20:40,Prod,A1000141.7059,Tisch 21,104,S1000141.44607,SALE,2,6.9,13.8,0.0,0.0,0.0,0.0,103,Fischbrötchen Räucherlachs,Hauptspeisen,,MwSt. 7%,1.07,12.897196,0.902804,Normalverkauf
S1000141.44608,SP1000141.18.44608,SY1000141.2026.44608,iPad1(1000141),141,12.06.26 20:40,Prod,A1000141.7059,Tisch 21,104,S1000141.44608,SALE,2,2.8,5.6,0.0,0.0,0.0,0.0,121,Mineralwasser,Getränke,,MwSt. 19%,1.19,4.705882,0.894118,Normalverkauf
S1000141.44609,SP1000141.18.44609,SY1000141.2026.44609,iPad1(1000141),141,12.06.26 10:56,Prod,A1000141.7060,,104,S1000141.44609,SALE,2,2.8,5.6,0.0,0.0,0.0,0.0,121,Mineralwasser,Getränke,,MwSt. 19%,1.19,4.705882,0.894118,Normalverkauf
S1000141.44610,SP1000141.18.44610,SY1000141.2026.44610,iPad1(1000141),141,12.06.26 10:56,Prod,A1000141.7060,,104,S1000141.44610,SALE,2,11.5,23.0,0.0,0.0,0.0,0.0,105,Garnelen-Kimchi-Bruger,Hauptgerichte,,MwSt. 7%,1.07,21.495327,1.504673,Normalverkauf
S1000141.44611,SP1000141.18.44611,SY1000141.2026.44611,iPad1(1000141),141,12.06.26 10:56,Prod,A1000141.7060,,104,S1000141.44611,SALE,1,4.9,4.9,0.0,0.0,0.0,0.0,112,Kartoffelwedges,Beilagen,,MwSt. 7%,1.07,4.579439,0.320561,Normalverkauf
S1000141.44612,SP1000141.18.44612,SY1000141.2026.44612,iPad1(1000141),141,12.06.26 14:47,Prod,A1000141.7061,Tisch 3,105,S1000141.44612,SALE,1,10.9,10.9,0.0,0.0,0.0,0.0,104,Thunfisch Wrap,Hauptgerichte,,MwSt. 7%,1.07,10.186916,0.713084,Normalverkauf
S1000141.44613,SP1000141.18.44613,SY1000141.2026.44613,iPad1(1000141),141,12.06.26 16:56,Prod,A1000141.7062,Tisch 6,118,S1000141.44613,SALE,2,6.5,13.0,0.0,0.0,0.0,0.0,100,Fischbrötchen Backfisch,Hauptspeisen,,MwSt. 7%,1.07,12.149533,0.850467,Normalverkauf
S1000141.44614,SP1000141.18.44614,SY1000141.2026.44614,iPad1(1000141),141,12.06.26 16:56,Prod,A1000141.7062,Tisch 6,118,S1000141.44614,SALE,1,5.5,5.5,0.0,0.0,0.0,0.0,111,Pommes Frites,Beilagen,,MwSt. 7%,1.07,5.140187,0.359813,Normalverkauf
S1000141.44615,SP1000141.18.44615,SY1000141.2026.44615,iPad1(1000141),141,12.06.26 20:12,Prod,A1000141.7063,Tisch 19,118,S1000141.44615,SALE,1,11.5,11.5,0.0,0.0,0.0,0.0,105,Garnelen-Kimchi-Bruger,Hauptgerichte,,MwSt. 7%,1.07,10.747664,0.752336,Normalverkauf
S1000141.44616,SP1000141.18.44616,SY1000141.2026.44616,iPad1(1000141),141,12.06.26 19:37,Prod,A1000141.7064,Tisch 9,113,S1000141.44616,VOID,1,11.9,11.9,0.0,0.0,0.0,0.0,110,Matjes-Baguette,Hauptgerichte,,MwSt. 7%,1.07,11.121495,0.778505,Normalverkauf
S1000141.44617,SP1000141.18.44617,SY1000141.2026.44617,iPad1(1000141),141,12.06.26 19:37,Prod,A1000141.7064,Tisch 9,113,S1000141.44617,VOID,2,7.9,15.8,0.0,0.0,0.0,0.0,106,Neptun-Ringe,Beilagen,,MwSt. 7%,1.07,14.766355,1.033645,Normalverkauf
S1000141.44618,SP1000141.18.44618,SY1000141.2026.44618,iPad1(1000141),141,12.06.26 19:37,Prod,A1000141.7064,Tisch 9,113,S1000141.44618,VOID,2,2.8,5.6,0.0,0.0,0.0,0.0,121,Mineralwasser,Getränke,,MwSt. 19%,1.19,4.705882,0.894118,Normalverkauf
S1000141.44619,SP1000141.18.44619,SY1000141.2026.44619,iPad1(1000141),141,12.06.26 13:23,Prod,A1000141.7065,Tisch 7,105,S1000141.44619,SALE,2,10.9,21.8,0.0,0.0,0.0,0.0,104,Thunfisch Wrap,Hauptgerichte,,MwSt. 7%,1.07,20.373832,1.426168,Normalverkauf
S1000141.44620,SP1000141.18.44620,SY1000141.2026.44620,iPad1(1000141),141,12.06.26 13:23,Prod,A1000141.7065,Tisch 7,105,S1000141.44620,SALE,2,10.9,21.8,0.0,0.0,0.0,0.0,107,Chicken Burger,Hauptgerichte,,MwSt. 7%,1.07,20.373832,1.426168,Normalverkauf
S1000141.44621,SP1000141.18.44621,SY1000141.2026.44621,iPad1(1000141),141,12.06.26 12:25,Prod,A1000141.7066,Tisch 23,104,S1000141.44621,SALE,2,11.5,23.0,0.0,0.0,0.0,0.0,105,Garnelen-Kimchi-Bruger,Hauptgerichte,,MwSt. 7%,1.07,21.495327,1.504673,Normalverkauf
S1000141.44622,SP1000141.18.44622,SY1000141.2026.44622,iPad1(1000141),141,12.06.26 12:25,Prod,A1000141.7066,Tisch 23,104,S1000141.44622,SALE,1,2.8,2.8,0.0,0.0,0.0,0.0,121,Mineralwasser,Getränke,,MwSt. 19%,1.19,2.352941,0.447059,Normalverkauf
S1000141.44623,SP1000141.18.44623,SY1000141.2026.44623,iPad1(1000141),141,12.06.26 12:25,Prod,A1000141.7066,Tisch 23,104,S1000141.44623,SALE,2,3.2,6.4,0.0,0.0,0.0,0.0,120,Apfelschorle,Getränke,,MwSt. 19%,1.19,5.378151,1.021849,Normalverkauf
S1000141.44624,SP1000141.18.44624,SY1000141.2026.44624,iPad1(1000141),141,12.06.26 13:20,Prod,A1000141.7067,Tisch 10,118,S1000141.44624,SALE,1,9.8,9.8,0.0,0.0,0.0,0.0,108,Seelachs-Ei-Baugette,Hauptgerichte,,MwSt. 7%,1.07,9.158879,0.641121,Normalverkauf
S1000141.44625,SP1000141.18.44625,SY1000141.2026.44625,iPad1(1000141),141,12.06.26 13:20,Prod,A1000141.7067,Tisch 10,118,S1000141.44625,SALE,1,3.2,3.2,0.0,0.0,0.0,0.0,120,Apfelschorle,Getränke,,MwSt. 19%,1.19,2.689076,0.510924,Normalverkauf
S1000141.44626,SP1000141.18.44626,SY1000141.2026.44626,iPad1(1000141),141,12.06.26 13:20,Prod,A1000141.7067,Tisch 10,118,S1000141.44626,SALE,2,5.5,11.0,0.0,0.0,0.0,0.0,111,Pommes Frites,Beilagen,,MwSt. 7%,1.07,10.280374,0.719626,Normalverkauf
S1000141.44627,SP1000141.18.44627,SY1000141.2026.44627,iPad1(1000141),141,12.06.26 16:18,Prod,A1000141.7068,Tisch 21,101,S1000141.44627,SALE,2,10.9,21.8,0.0,0.0,0.0,0.0,104,Thunfisch Wrap,Hauptgerichte,,MwSt. 7%,1.07,20.373832,1.426168,Normalverkauf
S1000141.44628,SP1000141.18.44628,SY1000141.2026.44628,iPad1(1000141),141,12.06.26 16:18,Prod,A1000141.7068,Tisch 21,101,S1000141.44628,SALE,2,11.9,23.8,0.0,0.0,0.0,0.0,110,Matjes-Baguette,Hauptgerichte,,MwSt. 7%,1.07,22.242991,1.557009,Normalverkauf
S1000141.44629,SP1000141.18.44629,SY1000141.2026.44629,iPad1(1000141),141,12.06.26 12:00,Prod,A1000141.7069,,104,S1000141.44629,SALE,2,14.5,29.0,0.0,0.0,0.0,0.0,101,Lachs,Hauptspeisen,,MwSt. 7%,1.07,27.102804,1.897196,Normalverkauf
S1000141.44630,SP1000141.18.44630,SY1000141.2026.44630,iPad1(1000141),141,12.06.26 19:45,Prod,A1000141.7070,,114,S1000141.44630,SALE,2,10.9,21.8,0.0,0.0,0.0,0.0,109,Bismarck-Baguette,Hauptgerichte,,MwSt. 7%,1.07,20.373832,1.426168,Normalverkauf
S1000141.44631,SP1000141.18.44631,SY1000141.2026.44631,iPad1(1000141),141,12.06.26 19:45,Prod,A1000141.7070,,114,S1000141.44631,SALE,2,9.8,19.6,0.0,0.0,0.0,0.0,108,Seelachs-Ei-Baugette,Hauptgerichte,,MwSt. 7%,1.07,18.317757,1.282243,Normalverkauf
S1000141.44632,SP1000141.18.44632,SY1000141.2026.44632,iPad1(1000141),141,12.06.26 19:45,Prod,A1000141.7070,,114,S1000141.44632,SALE,1,3.9,3.9,0.0,0.0,0.0,0.0,119,Cola,Getränke,,MwSt. 19%,1.19,3.277311,0.622689,Normalverkauf
S1000141.44633,SP1000141.18.44633,SY1000141.2026.44633,iPad1(1000141),141,12.06.26 17:25,Prod,A1000141.7071,Tisch 5,118,S1000141.44633,SALE,2,6.5,13.0,0.0,0.0,0.0,0.0,100,Fischbrötchen Backfisch,Hauptspeisen,,MwSt. 7%,1.07,12.149533,0.850467,Normalverkauf
S1000141.44634,SP1000141.18.44634,SY1000141.2026.44634,iPad1(1000141),141,12.06.26 17:25,Prod,A1000141.7071,Tisch 5,118,S1000141.44634,SALE,2,5.5,11.0,0.0,0.0,0.0,0.0,114,Fisch Nuggets Box,Beilagen,,MwSt. 7%,1.07,10.280374,0.719626,Normalverkauf
S1000141.44635,SP1000141.18.44635,SY1000141.2026.44635,iPad1(1000141),141,12.06.26 17:25,Prod,A1000141.7071,Tisch 5,118,S1000141.44635,SALE,2,5.9,11.8,0.0,0.0,0.0,0.0,117,Rote Grütze,Desserts,,MwSt. 7%,1.07,11.028037,0.771963,Normalverkauf
S1000141.44636,SP1000141.18.44636,SY1000141.2026.44636,iPad1(1000141),141,12.06.26 11:00,Prod,A1000141.7072,Tisch 4,105,S1000141.44636,VOID,2,3.9,7.8,0.0,0.0,0.0,0.0,119,Cola,Getränke,,MwSt. 19%,1.19,6.554622,1.245378,Normalverkauf
S1000141.44637,SP1000141.18.44637,SY1000141.2026.44637,iPad1(1000141),141,12.06.26 11:00,Prod,A1000141.7072,Tisch 4,105,S1000141.44637,VOID,2,3.9,7.8,0.0,0.0,0.0,0.0,119,Cola,Getränke,,MwSt. 19%,1.19,6.554622,1.245378,Normalverkauf
S1000141.44638,SP1000141.18.44638,SY1000141.2026.44638,iPad1(1000141),141,12.06.26 11:00,Prod,A1000141.7072,Tisch 4,105,S1000141.44638,VOID,1,10.9,10.9,0.0,0.0,0.0,0.0,107,Chicken Burger,Hauptgerichte,,MwSt. 7%,1.07,10.186916,0.713084,Normalverkauf
S1000141.44639,SP1000141.18.44639,SY1000141.2026.44639,iPad1(1000141),141,12.06.26 09:47,Prod,A1000141.7073,,113,S1000141.44639,SALE,1,11.9,11.9,0.0,0.0,0.0,0.0,110,Matjes-Baguette,Hauptgerichte,,MwSt. 7%,1.07,11.121495,0.778505,Normalverkauf
S1000141.44640,SP1000141.18.44640,SY1000141.2026.44640,iPad1(1000141),141,12.06.26 09:47,Prod,A1000141.7073,,113,S1000141.44640,SALE,1,14.5,14.5,0.0,0.0,0.0,0.0,101,Lachs,Hauptspeisen,,MwSt. 7%,1.07,13.551402,0.948598,Normalverkauf
S1000141.44641,SP1000141.18.44641,SY1000141.2026.44641,iPad1(1000141),141,12.06.26 09:47,Prod,A1000141.7073,,113,S1000141.44641,SALE,1,9.8,9.8,0.0,0.0,0.0,0.0,108,Seelachs-Ei-Baugette,Hauptgerichte,,MwSt. 7%,1.07,9.158879,0.641121,Normalverkauf
S1000141.44642,SP1000141.18.44642,SY1000141.2026.44642,iPad1(1000141),141,12.06.26 15:36,Prod,A1000141.7074,Tisch 17,114,S1000141.44642,VOID,2,3.9,7.8,0.0,0.0,0.0,0.0,119,Cola,Getränke,,MwSt. 19%,1.19,6.554622,1.245378,Normalverkauf
S1000141.44643,SP1000141.18.44643,SY1000141.2026.44643,iPad1(1000141),141,12.06.26 20:31,Prod,A1000141.7075,Tisch 6,118,S1000141.44643,SALE,2,9.8,19.6,0.0,0.0,0.0,0.0,108,Seelachs-Ei-Baugette,Hauptgerichte,,MwSt. 7%,1.07,18.317757,1.282243,Normalverkauf
S1000141.44644,SP1000141.18.44644,SY1000141.2026.44644,iPad1(1000141),141,12.06.26 11:08,Prod,A1000141.7076,Tisch 8,113,S1000141.44644,SALE,2,10.9,21.8,0.0,0.0,0.0,0.0,104,Thunfisch Wrap,Hauptgerichte,,MwSt. 7%,1.07,20.373832,1.426168,Normalverkauf
S1000141.44645,SP1000141.18.44645,SY1000141.2026.44645,iPad1(1000141),141,12.06.26 20:08,Prod,A1000141.7077,Tisch 24,113,S1000141.44645,SALE,1,3.9,3.9,0.0,0.0,0.0,0.0,126,Spezi,Getränke,,MwSt. 19%,1.19,3.277311,0.622689,Normalverkauf
S1000141.44646,SP1000141.18.44646,SY1000141.2026.44646,iPad1(1000141),141,12.06.26 20:08,Prod,A1000141.7077,Tisch 24,113,S1000141.44646,SALE,1,2.8,2.8,0.0,0.0,0.0,0.0,121,Mineralwasser,Getränke,,MwSt. 19%,1.19,2.352941,0.447059,Normalverkauf
S1000141.44647,SP1000141.18.44647,SY1000141.2026.44647,iPad1(1000141),141,12.06.26 20:08,Prod,A1000141.7077,Tisch 24,113,S1000141.44647,SALE,1,5.9,5.9,0.0,0.0,0.0,0.0,123,Inger-Limonade,Getränke,,MwSt. 19%,1.19,4.957983,0.942017,Normalverkauf
S1000141.44648,SP1000141.18.44648,SY1000141.2026.44648,iPad1(1000141),141,12.06.26 20:06,Prod,A1000141.7078,Tisch 10,104,S1000141.44648,SALE,1,3.9,3.9,0.0,0.0,0.0,0.0,119,Cola,Getränke,,MwSt. 19%,1.19,3.277311,0.622689,Normalverkauf
S1000141.44649,SP1000141.18.44649,SY1000141.2026.44649,iPad1(1000141),141,12.06.26 18:08,Prod,A1000141.7079,,104,S1000141.44649,SALE,2,5.9,11.8,0.0,0.0,0.0,0.0,125,Zitronen-Limonade,Getränke,,MwSt. 19%,1.19,9.915966,1.884034,Normalverkauf
S1000141.44650,SP1000141.18.44650,SY1000141.2026.44650,iPad1(1000141),141,12.06.26 18:08,Prod,A1000141.7079,,104,S1000141.44650,SALE,1,2.8,2.8,0.0,0.0,0.0,0.0,121,Mineralwasser,Getränke,,MwSt. 19%,1.19,2.352941,0.447059,Normalverkauf
S1000141.44651,SP1000141.18.44651,SY1000141.2026.44651,iPad1(1000141),141,12.06.26 11:03,Prod,A1000141.7080,Tisch 9,113,S1000141.44651,SALE,2,5.9,11.8,0.0,0.0,0.0,0.0,125,Zitronen-Limonade,Getränke,,MwSt. 19%,1.19,9.915966,1.884034,Normalverkauf
S1000141.44652,SP1000141.18.44652,SY1000141.2026.44652,iPad1(1000141),141,12.06.26 11:03,Prod,A1000141.7080,Tisch 9,113,S1000141.44652,SALE,1,9.8,9.8,0.0,0.0,0.0,0.0,108,Seelachs-Ei-Baugette,Hauptgerichte,,MwSt. 7%,1.07,9.158879,0.641121,Normalverkauf
S1000141.44653,SP1000141.18.44653,SY1000141.2026.44653,iPad1(1000141),141,12.06.26 17:49,Prod,A1000141.7081,Tisch 3,104,S1000141.44653,VOID,2,9.8,19.6,0.0,0.0,0.0,0.0,108,Seelachs-Ei-Baugette,Hauptgerichte,,MwSt. 7%,1.07,18.317757,1.282243,Normalverkauf
S1000141.44654,SP1000141.18.44654,SY1000141.2026.44654,iPad1(1000141),141,12.06.26 17:49,Prod,A1000141.7081,Tisch 3,104,S1000141.44654,VOID,2,11.9,23.8,0.0,0.0,0.0,0.0,110,Matjes-Baguette,Hauptgerichte,,MwSt. 7%,1.07,22.242991,1.557009,Normalverkauf
S1000141.44655,SP1000141.18.44655,SY1000141.2026.44655,iPad1(1000141),141,12.06.26 11:04,Prod,A1000141.7082,Tisch 24,118,S1000141.44655,VOID,2,3.9,7.8,0.0,0.0,0.0,0.0,124,Cola Zero,Getränke,,MwSt. 19%,1.19,6.554622,1.245378,Normalverkauf
S1000141.44656,SP1000141.18.44656,SY1000141.2026.44656,iPad1(1000141),141,12.06.26 11:04,Prod,A1000141.7082,Tisch 24,118,S1000141.44656,VOID,1,4.9,4.9,0.0,0.0,0.0,0.0,112,Kartoffelwedges,Beilagen,,MwSt. 7%,1.07,4.579439,0.320561,Normalverkauf
S1000141.44657,SP1000141.18.44657,SY1000141.2026.44657,iPad1(1000141),141,12.06.26 19:55,Prod,A1000141.7083,Tisch 6,118,S1000141.44657,SALE,1,9.8,9.8,0.0,0.0,0.0,0.0,108,Seelachs-Ei-Baugette,Hauptgerichte,,MwSt. 7%,1.07,9.158879,0.641121,Normalverkauf
S1000141.44658,SP1000141.18.44658,SY1000141.2026.44658,iPad1(1000141),141,12.06.26 20:27,Prod,A1000141.7084,Tisch 13,101,S1000141.44658,SALE,1,2.8,2.8,0.0,0.0,0.0,0.0,121,Mineralwasser,Getränke,,MwSt. 19%,1.19,2.352941,0.447059,Normalverkauf
S1000141.44659,SP1000141.18.44659,SY1000141.2026.44659,iPad1(1000141),141,12.06.26 12:21,Prod,A1000141.7085,,105,S1000141.44659,VOID,1,6.9,6.9,0.0,0.0,0.0,0.0,113,Garnelen Box,Beilagen,,MwSt. 7%,1.07,6.448598,0.451402,Normalverkauf
S1000141.44660,SP1000141.18.44660,SY1000141.2026.44660,iPad1(1000141),141,12.06.26 12:21,Prod,A1000141.7085,,105,S1000141.44660,VOID,1,4.9,4.9,0.0,0.0,0.0,0.0,112,Kartoffelwedges,Beilagen,,MwSt. 7%,1.07,4.579439,0.320561,Normalverkauf
S1000141.44661,SP1000141.18.44661,SY1000141.2026.44661,iPad1(1000141),141,12.06.26 12:21,Prod,A1000141.7085,,105,S1000141.44661,VOID,2,5.9,11.8,0.0,0.0,0.0,0.0,125,Zitronen-Limonade,Getränke,,MwSt. 19%,1.19,9.915966,1.884034,Normalverkauf
S1000141.44662,SP1000141.18.44662,SY1000141.2026.44662,iPad1(1000141),141,12.06.26 15:18,Prod,A1000141.7086,Tisch 16,104,S1000141.44662,SALE,1,5.5,5.5,0.0,0.0,0.0,0.0,111,Pommes Frites,Beilagen,,MwSt. 7%,1.07,5.140187,0.359813,Normalverkauf
S1000141.44663,SP1000141.18.44663,SY1000141.2026.44663,iPad1(1000141),141,12.06.26 15:18,Prod,A1000141.7086,Tisch 16,104,S1000141.44663,SALE,2,10.9,21.8,0.0,0.0,0.0,0.0,107,Chicken Burger,Hauptgerichte,,MwSt. 7%,1.07,20.373832,1.426168,Normalverkauf
S1000141.44664,SP1000141.18.44664,SY1000141.2026.44664,iPad1(1000141),141,12.06.26 15:18,Prod,A1000141.7086,Tisch 16,104,S1000141.44664,SALE,2,3.9,7.8,0.0,0.0,0.0,0.0,127,Alkoholfreies Bier,Getränke,,MwSt. 19%,1.19,6.554622,1.245378,Normalverkauf
S1000141.44665,SP1000141.18.44665,SY1000141.2026.44665,iPad1(1000141),141,12.06.26 13:27,Prod,A1000141.7087,Tisch 20,114,S1000141.44665,SALE,1,6.5,6.5,0.0,0.0,0.0,0.0,100,Fischbrötchen Backfisch,Hauptspeisen,,MwSt. 7%,1.07,6.074766,0.425234,Normalverkauf
S1000141.44666,SP1000141.18.44666,SY1000141.2026.44666,iPad1(1000141),141,12.06.26 11:03,Prod,A1000141.7088,Tisch 8,114,S1000141.44666,SALE,2,5.5,11.0,0.0,0.0,0.0,0.0,114,Fisch Nuggets Box,Beilagen,,MwSt. 7%,1.07,10.280374,0.719626,Normalverkauf
S1000141.44667,SP1000141.18.44667,SY1000141.2026.44667,iPad1(1000141),141,12.06.26 11:03,Prod,A1000141.7088,Tisch 8,114,S1000141.44667,SALE,2,10.9,21.8,0.0,0.0,0.0,0.0,109,Bismarck-Baguette,Hauptgerichte,,MwSt. 7%,1.07,20.373832,1.426168,Normalverkauf
S1000141.44668,SP1000141.18.44668,SY1000141.2026.44668,iPad1(1000141),141,12.06.26 11:03,Prod,A1000141.7088,Tisch 8,114,S1000141.44668,SALE,2,3.9,7.8,0.0,0.0,0.0,0.0,119,Cola,Getränke,,MwSt. 19%,1.19,6.554622,1.245378,Normalverkauf
S1000141.44669,SP1000141.18.44669,SY1000141.2026.44669,iPad1(1000141),141,12.06.26 17:15,Prod,A1000141.7089,Tisch 13,104,S1000141.44669,SALE,1,14.5,14.5,0.0,0.0,0.0,0.0,101,Lachs,Hauptspeisen,,MwSt. 7%,1.07,13.551402,0.948598,Normalverkauf
S1000141.44670,SP1000141.18.44670,SY1000141.2026.44670,iPad1(1000141),141,12.06.26 17:15,Prod,A1000141.7089,Tisch 13,104,S1000141.44670,SALE,2,5.9,11.8,0.0,0.0,0.0,0.0,116,Vanillequark,Desserts,,MwSt. 7%,1.07,11.028037,0.771963,Normalverkauf
S1000141.44671,SP1000141.18.44671,SY1000141.2026.44671,iPad1(1000141),141,12.06.26 17:15,Prod,A1000141.7089,Tisch 13,104,S1000141.44671,SALE,2,3.9,7.8,0.0,0.0,0.0,0.0,124,Cola Zero,Getränke,,MwSt. 19%,1.19,6.554622,1.245378,Normalverkauf
S1000141.44672,SP1000141.18.44672,SY1000141.2026.44672,iPad1(1000141),141,12.06.26 11:49,Prod,A1000141.7090,Tisch 14,101,S1000141.44672,VOID,2,3.9,7.8,0.0,0.0,0.0,0.0,126,Spezi,Getränke,,MwSt. 19%,1.19,6.554622,1.245378,Normalverkauf
S1000141.44673,SP1000141.18.44673,SY1000141.2026.44673,iPad1(1000141),141,12.06.26 20:21,Prod,A1000141.7091,Tisch 3,104,S1000141.44673,SALE,2,3.2,6.4,0.0,0.0,0.0,0.0,120,Apfelschorle,Getränke,,MwSt. 19%,1.19,5.378151,1.021849,Normalverkauf
S1000141.44674,SP1000141.18.44674,SY1000141.2026.44674,iPad1(1000141),141,12.06.26 20:21,Prod,A1000141.7091,Tisch 3,104,S1000141.44674,SALE,2,5.9,11.8,0.0,0.0,0.0,0.0,123,Inger-Limonade,Getränke,,MwSt. 19%,1.19,9.915966,1.884034,Normalverkauf
S1000141.44675,SP1000141.18.44675,SY1000141.2026.44675,iPad1(1000141),141,12.06.26 20:21,Prod,A1000141.7091,Tisch 3,104,S1000141.44675,SALE,1,4.9,4.9,0.0,0.0,0.0,0.0,112,Kartoffelwedges,Beilagen,,MwSt. 7%,1.07,4.579439,0.320561,Normalverkauf
S1000141.44676,SP1000141.18.44676,SY1000141.2026.44676,iPad1(1000141),141,12.06.26 16:06,Prod,A1000141.7092,Tisch 4,104,S1000141.44676,SALE,2,3.9,7.8,0.0,0.0,0.0,0.0,126,Spezi,Getränke,,MwSt. 19%,1.19,6.554622,1.245378,Normalverkauf
S1000141.44677,SP1000141.18.44677,SY1000141.2026.44677,iPad1(1000141),141,12.06.26 16:06,Prod,A1000141.7092,Tisch 4,104,S1000141.44677,SALE,2,7.9,15.8,0.0,0.0,0.0,0.0,106,Neptun-Ringe,Beilagen,,MwSt. 7%,1.07,14.766355,1.033645,Normalverkauf
S1000141.44678,SP1000141.18.44678,SY1000141.2026.44678,iPad1(1000141),141,12.06.26 16:06,Prod,A1000141.7092,Tisch 4,104,S1000141.44678,SALE,1,5.5,5.5,0.0,0.0,0.0,0.0,111,Pommes Frites,Beilagen,,MwSt. 7%,1.07,5.140187,0.359813,Normalverkauf
S1000141.44679,SP1000141.18.44679,SY1000141.2026.44679,iPad1(1000141),141,12.06.26 18:22,Prod,A1000141.7093,Tisch 16,101,S1000141.44679,SALE,1,5.9,5.9,0.0,0.0,0.0,0.0,117,Rote Grütze,Desserts,,MwSt. 7%,1.07,5.514019,0.385981,Normalverkauf
S1000141.44680,SP1000141.18.44680,SY1000141.2026.44680,iPad1(1000141),141,12.06.26 18:22,Prod,A1000141.7093,Tisch 16,101,S1000141.44680,SALE,1,10.9,10.9,0.0,0.0,0.0,0.0,107,Chicken Burger,Hauptgerichte,,MwSt. 7%,1.07,10.186916,0.713084,Normalverkauf
S1000141.44681,SP1000141.18.44681,SY1000141.2026.44681,iPad1(1000141),141,12.06.26 18:22,Prod,A1000141.7093,Tisch 16,101,S1000141.44681,SALE,1,10.9,10.9,0.0,0.0,0.0,0.0,104,Thunfisch Wrap,Hauptgerichte,,MwSt. 7%,1.07,10.186916,0.713084,Normalverkauf
S1000141.44682,SP1000141.18.44682,SY1000141.2026.44682,iPad1(1000141),141,12.06.26 20:18,Prod,A1000141.7094,Tisch 2,118,S1000141.44682,SALE,2,4.2,8.4,0.0,0.0,0.0,0.0,122,Bier,Getränke,,MwSt. 19%,1.19,7.058824,1.341176,Normalverkauf
S1000141.44683,SP1000141.18.44683,SY1000141.2026.44683,iPad1(1000141),141,12.06.26 20:18,Prod,A1000141.7094,Tisch 2,118,S1000141.44683,SALE,1,5.5,5.5,0.0,0.0,0.0,0.0,111,Pommes Frites,Beilagen,,MwSt. 7%,1.07,5.140187,0.359813,Normalverkauf
S1000141.44684,SP1000141.18.44684,SY1000141.2026.44684,iPad1(1000141),141,12.06.26 20:18,Prod,A1000141.7094,Tisch 2,118,S1000141.44684,SALE,2,4.9,9.8,0.0,0.0,0.0,0.0,112,Kartoffelwedges,Beilagen,,MwSt. 7%,1.07,9.158879,0.641121,Normalverkauf
S1000141.44685,SP1000141.18.44685,SY1000141.2026.44685,iPad1(1000141),141,12.06.26 11:00,Prod,A1000141.7095,Tisch 24,101,S1000141.44685,SALE,1,7.9,7.9,0.0,0.0,0.0,0.0,106,Neptun-Ringe,Beilagen,,MwSt. 7%,1.07,7.383178,0.516822,Normalverkauf
S1000141.44686,SP1000141.18.44686,SY1000141.2026.44686,iPad1(1000141),141,12.06.26 19:56,Prod,A1000141.7096,,113,S1000141.44686,SALE,2,6.9,13.8,0.0,0.0,0.0,0.0,113,Garnelen Box,Beilagen,,MwSt. 7%,1.07,12.897196,0.902804,Normalverkauf
S1000141.44687,SP1000141.18.44687,SY1000141.2026.44687,iPad1(1000141),141,12.06.26 19:56,Prod,A1000141.7096,,113,S1000141.44687,SALE,1,10.9,10.9,0.0,0.0,0.0,0.0,107,Chicken Burger,Hauptgerichte,,MwSt. 7%,1.07,10.186916,0.713084,Normalverkauf
S1000141.44688,SP1000141.18.44688,SY1000141.2026.44688,iPad1(1000141),141,12.06.26 08:56,Prod,A1000141.7097,Tisch 9,101,S1000141.44688,VOID,2,3.9,7.8,0.0,0.0,0.0,0.0,119,Cola,Getränke,,MwSt. 19%,1.19,6.554622,1.245378,Normalverkauf
S1000141.44689,SP1000141.18.44689,SY1000141.2026.44689,iPad1(1000141),141,12.06.26 08:56,Prod,A1000141.7097,Tisch 9,101,S1000141.44689,VOID,1,4.2,4.2,0.0,0.0,0.0,0.0,122,Bier,Getränke,,MwSt. 19%,1.19,3.529412,0.670588,Normalverkauf
S1000141.44690,SP1000141.18.44690,SY1000141.2026.44690,iPad1(1000141),141,12.06.26 18:06,Prod,A1000141.7098,Tisch 19,113,S1000141.44690,SALE,1,3.9,3.9,0.0,0.0,0.0,0.0,126,Spezi,Getränke,,MwSt. 19%,1.19,3.277311,0.622689,Normalverkauf
S1000141.44691,SP1000141.18.44691,SY1000141.2026.44691,iPad1(1000141),141,12.06.26 18:06,Prod,A1000141.7098,Tisch 19,113,S1000141.44691,SALE,2,10.9,21.8,0.0,0.0,0.0,0.0,109,Bismarck-Baguette,Hauptgerichte,,MwSt. 7%,1.07,20.373832,1.426168,Normalverkauf
S1000141.44692,SP1000141.18.44692,SY1000141.2026.44692,iPad1(1000141),141,12.06.26 19:06,Prod,A1000141.7099,Tisch 4,105,S1000141.44692,SALE,1,3.9,3.9,0.0,0.0,0.0,0.0,119,Cola,Getränke,,MwSt. 19%,1.19,3.277311,0.622689,Normalverkauf
S1000141.44693,SP1000141.18.44693,SY1000141.2026.44693,iPad1(1000141),141,12.06.26 12:07,Prod,A1000141.7100,Tisch 24,105,S1000141.44693,SALE,1,4.9,4.9,0.0,0.0,0.0,0.0,112,Kartoffelwedges,Beilagen,,MwSt. 7%,1.07,4.579439,0.320561,Normalverkauf
S1000141.44694,SP1000141.18.44694,SY1000141.2026.44694,iPad1(1000141),141,12.06.26 12:07,Prod,A1000141.7100,Tisch 24,105,S1000141.44694,SALE,2,5.5,11.0,0.0,0.0,0.0,0.0,111,Pommes Frites,Beilagen,,MwSt. 7%,1.07,10.280374,0.719626,Normalverkauf
S1000141.44695,SP1000141.18.44695,SY1000141.2026.44695,iPad1(1000141),141,12.06.26 12:07,Prod,A1000141.7100,Tisch 24,105,S1000141.44695,SALE,2,6.9,13.8,0.0,0.0,0.0,0.0,103,Fischbrötchen Räucherlachs,Hauptspeisen,,MwSt. 7%,1.07,12.897196,0.902804,Normalverkauf
S1000141.44696,SP1000141.18.44696,SY1000141.2026.44696,iPad1(1000141),141,12.06.26 12:57,Prod,A1000141.7101,Tisch 12,104,S1000141.44696,SALE,1,2.8,2.8,0.0,0.0,0.0,0.0,121,Mineralwasser,Getränke,,MwSt. 19%,1.19,2.352941,0.447059,Normalverkauf
S1000141.44697,SP1000141.18.44697,SY1000141.2026.44697,iPad1(1000141),141,12.06.26 12:57,Prod,A1000141.7101,Tisch 12,104,S1000141.44697,SALE,2,3.9,7.8,0.0,0.0,0.0,0.0,119,Cola,Getränke,,MwSt. 19%,1.19,6.554622,1.245378,Normalverkauf
S1000141.44698,SP1000141.18.44698,SY1000141.2026.44698,iPad1(1000141),141,12.06.26 10:54,Prod,A1000141.7102,Tisch 1,113,S1000141.44698,SALE,1,4.2,4.2,0.0,0.0,0.0,0.0,122,Bier,Getränke,,MwSt. 19%,1.19,3.529412,0.670588,Normalverkauf
S1000141.44699,SP1000141.18.44699,SY1000141.2026.44699,iPad1(1000141),141,12.06.26 10:54,Prod,A1000141.7102,Tisch 1,113,S1000141.44699,SALE,1,10.9,10.9,0.0,0.0,0.0,0.0,104,Thunfisch Wrap,Hauptgerichte,,MwSt. 7%,1.07,10.186916,0.713084,Normalverkauf
S1000141.44700,SP1000141.18.44700,SY1000141.2026.44700,iPad1(1000141),141,12.06.26 10:54,Prod,A1000141.7102,Tisch 1,113,S1000141.44700,SALE,2,5.5,11.0,0.0,0.0,0.0,0.0,114,Fisch Nuggets Box,Beilagen,,MwSt. 7%,1.07,10.280374,0.719626,Normalverkauf
S1000141.44701,SP1000141.18.44701,SY1000141.2026.44701,iPad1(1000141),141,13.06.26 14:14,Prod,A1000141.7103,Tisch 15,101,S1000141.44701,SALE,2,4.9,9.8,0.0,0.0,0.0,0.0,112,Kartoffelwedges,Beilagen,,MwSt. 7%,1.07,9.158879,0.641121,Normalverkauf
S1000141.44702,SP1000141.18.44702,SY1000141.2026.44702,iPad1(1000141),141,13.06.26 17:34,Prod,A1000141.7104,Tisch 19,101,S1000141.44702,SALE,2,6.5,13.0,0.0,0.0,0.0,0.0,100,Fischbrötchen Backfisch,Hauptspeisen,,MwSt. 7%,1.07,12.149533,0.850467,Normalverkauf
S1000141.44703,SP1000141.18.44703,SY1000141.2026.44703,iPad1(1000141),141,13.06.26 17:34,Prod,A1000141.7104,Tisch 19,101,S1000141.44703,SALE,1,6.5,6.5,0.0,0.0,0.0,0.0,100,Fischbrötchen Backfisch,Hauptspeisen,,MwSt. 7%,1.07,6.074766,0.425234,Normalverkauf
S1000141.44704,SP1000141.18.44704,SY1000141.2026.44704,iPad1(1000141),141,13.06.26 19:20,Prod,A1000141.7105,Tisch 5,118,S1000141.44704,SALE,2,6.5,13.0,0.0,0.0,0.0,0.0,118,Schokokuchen,Desserts,,MwSt. 7%,1.07,12.149533,0.850467,Normalverkauf
S1000141.44705,SP1000141.18.44705,SY1000141.2026.44705,iPad1(1000141),141,13.06.26 18:44,Prod,A1000141.7106,Tisch 14,104,S1000141.44705,VOID,2,2.8,5.6,0.0,0.0,0.0,0.0,121,Mineralwasser,Getränke,,MwSt. 19%,1.19,4.705882,0.894118,Normalverkauf
S1000141.44706,SP1000141.18.44706,SY1000141.2026.44706,iPad1(1000141),141,13.06.26 18:44,Prod,A1000141.7106,Tisch 14,104,S1000141.44706,VOID,1,6.9,6.9,0.0,0.0,0.0,0.0,103,Fischbrötchen Räucherlachs,Hauptspeisen,,MwSt. 7%,1.07,6.448598,0.451402,Normalverkauf
S1000141.44707,SP1000141.18.44707,SY1000141.2026.44707,iPad1(1000141),141,13.06.26 18:44,Prod,A1000141.7106,Tisch 14,104,S1000141.44707,VOID,1,14.5,14.5,0.0,0.0,0.0,0.0,101,Lachs,Hauptspeisen,,MwSt. 7%,1.07,13.551402,0.948598,Normalverkauf
S1000141.44708,SP1000141.18.44708,SY1000141.2026.44708,iPad1(1000141),141,13.06.26 13:55,Prod,A1000141.7107,Tisch 24,118,S1000141.44708,SALE,2,3.2,6.4,0.0,0.0,0.0,0.0,120,Apfelschorle,Getränke,,MwSt. 19%,1.19,5.378151,1.021849,Normalverkauf
S1000141.44709,SP1000141.18.44709,SY1000141.2026.44709,iPad1(1000141),141,13.06.26 13:55,Prod,A1000141.7107,Tisch 24,118,S1000141.44709,SALE,1,9.8,9.8,0.0,0.0,0.0,0.0,108,Seelachs-Ei-Baugette,Hauptgerichte,,MwSt. 7%,1.07,9.158879,0.641121,Normalverkauf
S1000141.44710,SP1000141.18.44710,SY1000141.2026.44710,iPad1(1000141),141,13.06.26 15:08,Prod,A1000141.7108,Tisch 22,105,S1000141.44710,SALE,1,4.2,4.2,0.0,0.0,0.0,0.0,122,Bier,Getränke,,MwSt. 19%,1.19,3.529412,0.670588,Normalverkauf
S1000141.44711,SP1000141.18.44711,SY1000141.2026.44711,iPad1(1000141),141,13.06.26 19:52,Prod,A1000141.7109,Tisch 11,104,S1000141.44711,SALE,2,5.9,11.8,0.0,0.0,0.0,0.0,123,Inger-Limonade,Getränke,,MwSt. 19%,1.19,9.915966,1.884034,Normalverkauf
S1000141.44712,SP1000141.18.44712,SY1000141.2026.44712,iPad1(1000141),141,13.06.26 10:12,Prod,A1000141.7110,Tisch 15,113,S1000141.44712,SALE,2,4.9,9.8,0.0,0.0,0.0,0.0,112,Kartoffelwedges,Beilagen,,MwSt. 7%,1.07,9.158879,0.641121,Normalverkauf
S1000141.44713,SP1000141.18.44713,SY1000141.2026.44713,iPad1(1000141),141,13.06.26 12:01,Prod,A1000141.7111,Tisch 8,104,S1000141.44713,VOID,1,2.8,2.8,0.0,0.0,0.0,0.0,121,Mineralwasser,Getränke,,MwSt. 19%,1.19,2.352941,0.447059,Normalverkauf
S1000141.44714,SP1000141.18.44714,SY1000141.2026.44714,iPad1(1000141),141,13.06.26 16:38,Prod,A1000141.7112,Tisch 4,104,S1000141.44714,SALE,1,5.9,5.9,0.0,0.0,0.0,0.0,116,Vanillequark,Desserts,,MwSt. 7%,1.07,5.514019,0.385981,Normalverkauf
S1000141.44715,SP1000141.18.44715,SY1000141.2026.44715,iPad1(1000141),141,13.06.26 12:09,Prod,A1000141.7113,Tisch 5,118,S1000141.44715,SALE,1,5.9,5.9,0.0,0.0,0.0,0.0,117,Rote Grütze,Desserts,,MwSt. 7%,1.07,5.514019,0.385981,Normalverkauf
S1000141.44716,SP1000141.18.44716,SY1000141.2026.44716,iPad1(1000141),141,13.06.26 12:09,Prod,A1000141.7113,Tisch 5,118,S1000141.44716,SALE,1,5.5,5.5,0.0,0.0,0.0,0.0,114,Fisch Nuggets Box,Beilagen,,MwSt. 7%,1.07,5.140187,0.359813,Normalverkauf
S1000141.44717,SP1000141.18.44717,SY1000141.2026.44717,iPad1(1000141),141,13.06.26 12:09,Prod,A1000141.7113,Tisch 5,118,S1000141.44717,SALE,2,9.8,19.6,0.0,0.0,0.0,0.0,108,Seelachs-Ei-Baugette,Hauptgerichte,,MwSt. 7%,1.07,18.317757,1.282243,Normalverkauf
S1000141.44718,SP1000141.18.44718,SY1000141.2026.44718,iPad1(1000141),141,13.06.26 15:20,Prod,A1000141.7114,Tisch 10,104,S1000141.44718,SALE,1,3.2,3.2,0.0,0.0,0.0,0.0,120,Apfelschorle,Getränke,,MwSt. 19%,1.19,2.689076,0.510924,Normalverkauf
S1000141.44719,SP1000141.18.44719,SY1000141.2026.44719,iPad1(1000141),141,13.06.26 19:37,Prod,A1000141.7115,Tisch 23,118,S1000141.44719,SALE,2,10.9,21.8,0.0,0.0,0.0,0.0,109,Bismarck-Baguette,Hauptgerichte,,MwSt. 7%,1.07,20.373832,1.426168,Normalverkauf
S1000141.44720,SP1000141.18.44720,SY1000141.2026.44720,iPad1(1000141),141,13.06.26 17:03,Prod,A1000141.7116,,113,S1000141.44720,SALE,2,9.8,19.6,0.0,0.0,0.0,0.0,108,Seelachs-Ei-Baugette,Hauptgerichte,,MwSt. 7%,1.07,18.317757,1.282243,Normalverkauf
S1000141.44721,SP1000141.18.44721,SY1000141.2026.44721,iPad1(1000141),141,13.06.26 17:03,Prod,A1000141.7116,,113,S1000141.44721,SALE,1,3.9,3.9,0.0,0.0,0.0,0.0,124,Cola Zero,Getränke,,MwSt. 19%,1.19,3.277311,0.622689,Normalverkauf
S1000141.44722,SP1000141.18.44722,SY1000141.2026.44722,iPad1(1000141),141,13.06.26 17:03,Prod,A1000141.7116,,113,S1000141.44722,SALE,2,2.8,5.6,0.0,0.0,0.0,0.0,121,Mineralwasser,Getränke,,MwSt. 19%,1.19,4.705882,0.894118,Normalverkauf
S1000141.44723,SP1000141.18.44723,SY1000141.2026.44723,iPad1(1000141),141,13.06.26 17:53,Prod,A1000141.7117,Tisch 11,104,S1000141.44723,SALE,1,6.5,6.5,0.0,0.0,0.0,0.0,118,Schokokuchen,Desserts,,MwSt. 7%,1.07,6.074766,0.425234,Normalverkauf
S1000141.44724,SP1000141.18.44724,SY1000141.2026.44724,iPad1(1000141),141,13.06.26 13:53,Prod,A1000141.7118,Tisch 2,104,S1000141.44724,SALE,1,10.9,10.9,0.0,0.0,0.0,0.0,109,Bismarck-Baguette,Hauptgerichte,,MwSt. 7%,1.07,10.186916,0.713084,Normalverkauf
S1000141.44725,SP1000141.18.44725,SY1000141.2026.44725,iPad1(1000141),141,13.06.26 13:53,Prod,A1000141.7118,Tisch 2,104,S1000141.44725,SALE,2,5.9,11.8,0.0,0.0,0.0,0.0,125,Zitronen-Limonade,Getränke,,MwSt. 19%,1.19,9.915966,1.884034,Normalverkauf
S1000141.44726,SP1000141.18.44726,SY1000141.2026.44726,iPad1(1000141),141,13.06.26 13:53,Prod,A1000141.7118,Tisch 2,104,S1000141.44726,SALE,2,5.9,11.8,0.0,0.0,0.0,0.0,123,Inger-Limonade,Getränke,,MwSt. 19%,1.19,9.915966,1.884034,Normalverkauf
S1000141.44727,SP1000141.18.44727,SY1000141.2026.44727,iPad1(1000141),141,13.06.26 19:20,Prod,A1000141.7119,Tisch 13,114,S1000141.44727,SALE,1,6.9,6.9,0.0,0.0,0.0,0.0,103,Fischbrötchen Räucherlachs,Hauptspeisen,,MwSt. 7%,1.07,6.448598,0.451402,Normalverkauf
S1000141.44728,SP1000141.18.44728,SY1000141.2026.44728,iPad1(1000141),141,13.06.26 19:20,Prod,A1000141.7119,Tisch 13,114,S1000141.44728,SALE,2,5.5,11.0,0.0,0.0,0.0,0.0,111,Pommes Frites,Beilagen,,MwSt. 7%,1.07,10.280374,0.719626,Normalverkauf
S1000141.44729,SP1000141.18.44729,SY1000141.2026.44729,iPad1(1000141),141,13.06.26 19:33,Prod,A1000141.7120,Tisch 17,104,S1000141.44729,SALE,2,5.9,11.8,0.0,0.0,0.0,0.0,123,Inger-Limonade,Getränke,,MwSt. 19%,1.19,9.915966,1.884034,Normalverkauf
S1000141.44730,SP1000141.18.44730,SY1000141.2026.44730,iPad1(1000141),141,13.06.26 18:13,Prod,A1000141.7121,Tisch 15,105,S1000141.44730,VOID,1,6.5,6.5,0.0,0.0,0.0,0.0,100,Fischbrötchen Backfisch,Hauptspeisen,,MwSt. 7%,1.07,6.074766,0.425234,Normalverkauf
S1000141.44731,SP1000141.18.44731,SY1000141.2026.44731,iPad1(1000141),141,13.06.26 18:13,Prod,A1000141.7121,Tisch 15,105,S1000141.44731,VOID,2,10.9,21.8,0.0,0.0,0.0,0.0,109,Bismarck-Baguette,Hauptgerichte,,MwSt. 7%,1.07,20.373832,1.426168,Normalverkauf
S1000141.44732,SP1000141.18.44732,SY1000141.2026.44732,iPad1(1000141),141,13.06.26 18:51,Prod,A1000141.7122,Tisch 19,104,S1000141.44732,SALE,1,4.2,4.2,0.0,0.0,0.0,0.0,122,Bier,Getränke,,MwSt. 19%,1.19,3.529412,0.670588,Normalverkauf
S1000141.44733,SP1000141.18.44733,SY1000141.2026.44733,iPad1(1000141),141,13.06.26 18:51,Prod,A1000141.7122,Tisch 19,104,S1000141.44733,SALE,1,3.9,3.9,0.0,0.0,0.0,0.0,127,Alkoholfreies Bier,Getränke,,MwSt. 19%,1.19,3.277311,0.622689,Normalverkauf
S1000141.44734,SP1000141.18.44734,SY1000141.2026.44734,iPad1(1000141),141,13.06.26 18:51,Prod,A1000141.7122,Tisch 19,104,S1000141.44734,SALE,1,2.8,2.8,0.0,0.0,0.0,0.0,121,Mineralwasser,Getränke,,MwSt. 19%,1.19,2.352941,0.447059,Normalverkauf
S1000141.44735,SP1000141.18.44735,SY1000141.2026.44735,iPad1(1000141),141,13.06.26 11:23,Prod,A1000141.7123,Tisch 13,118,S1000141.44735,SALE,1,3.9,3.9,0.0,0.0,0.0,0.0,119,Cola,Getränke,,MwSt. 19%,1.19,3.277311,0.622689,Normalverkauf
S1000141.44736,SP1000141.18.44736,SY1000141.2026.44736,iPad1(1000141),141,13.06.26 11:23,Prod,A1000141.7123,Tisch 13,118,S1000141.44736,SALE,2,10.9,21.8,0.0,0.0,0.0,0.0,104,Thunfisch Wrap,Hauptgerichte,,MwSt. 7%,1.07,20.373832,1.426168,Normalverkauf
S1000141.44737,SP1000141.18.44737,SY1000141.2026.44737,iPad1(1000141),141,13.06.26 11:23,Prod,A1000141.7123,Tisch 13,118,S1000141.44737,SALE,2,3.9,7.8,0.0,0.0,0.0,0.0,119,Cola,Getränke,,MwSt. 19%,1.19,6.554622,1.245378,Normalverkauf
S1000141.44738,SP1000141.18.44738,SY1000141.2026.44738,iPad1(1000141),141,13.06.26 18:21,Prod,A1000141.7124,Tisch 22,118,S1000141.44738,SALE,2,5.9,11.8,0.0,0.0,0.0,0.0,116,Vanillequark,Desserts,,MwSt. 7%,1.07,11.028037,0.771963,Normalverkauf
S1000141.44739,SP1000141.18.44739,SY1000141.2026.44739,iPad1(1000141),141,13.06.26 18:37,Prod,A1000141.7125,Tisch 20,101,S1000141.44739,SALE,1,5.9,5.9,0.0,0.0,0.0,0.0,117,Rote Grütze,Desserts,,MwSt. 7%,1.07,5.514019,0.385981,Normalverkauf
S1000141.44740,SP1000141.18.44740,SY1000141.2026.44740,iPad1(1000141),141,13.06.26 10:28,Prod,A1000141.7126,Tisch 18,113,S1000141.44740,SALE,2,6.5,13.0,0.0,0.0,0.0,0.0,100,Fischbrötchen Backfisch,Hauptspeisen,,MwSt. 7%,1.07,12.149533,0.850467,Normalverkauf
S1000141.44741,SP1000141.18.44741,SY1000141.2026.44741,iPad1(1000141),141,13.06.26 10:28,Prod,A1000141.7126,Tisch 18,113,S1000141.44741,SALE,2,6.5,13.0,0.0,0.0,0.0,0.0,100,Fischbrötchen Backfisch,Hauptspeisen,,MwSt. 7%,1.07,12.149533,0.850467,Normalverkauf
S1000141.44742,SP1000141.18.44742,SY1000141.2026.44742,iPad1(1000141),141,13.06.26 18:22,Prod,A1000141.7127,Tisch 17,105,S1000141.44742,SALE,2,9.8,19.6,0.0,0.0,0.0,0.0,108,Seelachs-Ei-Baugette,Hauptgerichte,,MwSt. 7%,1.07,18.317757,1.282243,Normalverkauf
S1000141.44743,SP1000141.18.44743,SY1000141.2026.44743,iPad1(1000141),141,13.06.26 18:22,Prod,A1000141.7127,Tisch 17,105,S1000141.44743,SALE,1,5.5,5.5,0.0,0.0,0.0,0.0,111,Pommes Frites,Beilagen,,MwSt. 7%,1.07,5.140187,0.359813,Normalverkauf
S1000141.44744,SP1000141.18.44744,SY1000141.2026.44744,iPad1(1000141),141,13.06.26 18:22,Prod,A1000141.7127,Tisch 17,105,S1000141.44744,SALE,2,5.5,11.0,0.0,0.0,0.0,0.0,111,Pommes Frites,Beilagen,,MwSt. 7%,1.07,10.280374,0.719626,Normalverkauf
S1000141.44745,SP1000141.18.44745,SY1000141.2026.44745,iPad1(1000141),141,13.06.26 20:16,Prod,A1000141.7128,Tisch 5,104,S1000141.44745,SALE,1,5.9,5.9,0.0,0.0,0.0,0.0,116,Vanillequark,Desserts,,MwSt. 7%,1.07,5.514019,0.385981,Normalverkauf
S1000141.44746,SP1000141.18.44746,SY1000141.2026.44746,iPad1(1000141),141,13.06.26 20:16,Prod,A1000141.7128,Tisch 5,104,S1000141.44746,SALE,2,7.9,15.8,0.0,0.0,0.0,0.0,106,Neptun-Ringe,Beilagen,,MwSt. 7%,1.07,14.766355,1.033645,Normalverkauf
S1000141.44747,SP1000141.18.44747,SY1000141.2026.44747,iPad1(1000141),141,13.06.26 20:16,Prod,A1000141.7128,Tisch 5,104,S1000141.44747,SALE,2,11.9,23.8,0.0,0.0,0.0,0.0,110,Matjes-Baguette,Hauptgerichte,,MwSt. 7%,1.07,22.242991,1.557009,Normalverkauf
S1000141.44748,SP1000141.18.44748,SY1000141.2026.44748,iPad1(1000141),141,13.06.26 20:05,Prod,A1000141.7129,Tisch 3,104,S1000141.44748,VOID,1,5.5,5.5,0.0,0.0,0.0,0.0,111,Pommes Frites,Beilagen,,MwSt. 7%,1.07,5.140187,0.359813,Normalverkauf
S1000141.44749,SP1000141.18.44749,SY1000141.2026.44749,iPad1(1000141),141,13.06.26 20:05,Prod,A1000141.7129,Tisch 3,104,S1000141.44749,VOID,1,5.9,5.9,0.0,0.0,0.0,0.0,123,Inger-Limonade,Getränke,,MwSt. 19%,1.19,4.957983,0.942017,Normalverkauf
S1000141.44750,SP1000141.18.44750,SY1000141.2026.44750,iPad1(1000141),141,13.06.26 20:05,Prod,A1000141.7129,Tisch 3,104,S1000141.44750,VOID,2,10.9,21.8,0.0,0.0,0.0,0.0,107,Chicken Burger,Hauptgerichte,,MwSt. 7%,1.07,20.373832,1.426168,Normalverkauf
S1000141.44751,SP1000141.18.44751,SY1000141.2026.44751,iPad1(1000141),141,13.06.26 11:06,Prod,A1000141.7130,Tisch 4,104,S1000141.44751,SALE,2,13.5,27.0,0.0,0.0,0.0,0.0,102,Matjes,Hauptspeisen,,MwSt. 7%,1.07,25.233645,1.766355,Normalverkauf
S1000141.44752,SP1000141.18.44752,SY1000141.2026.44752,iPad1(1000141),141,13.06.26 11:06,Prod,A1000141.7130,Tisch 4,104,S1000141.44752,SALE,1,3.9,3.9,0.0,0.0,0.0,0.0,119,Cola,Getränke,,MwSt. 19%,1.19,3.277311,0.622689,Normalverkauf
S1000141.44753,SP1000141.18.44753,SY1000141.2026.44753,iPad1(1000141),141,13.06.26 11:06,Prod,A1000141.7130,Tisch 4,104,S1000141.44753,SALE,1,11.9,11.9,0.0,0.0,0.0,0.0,110,Matjes-Baguette,Hauptgerichte,,MwSt. 7%,1.07,11.121495,0.778505,Normalverkauf
S1000141.44754,SP1000141.18.44754,SY1000141.2026.44754,iPad1(1000141),141,13.06.26 16:50,Prod,A1000141.7131,Tisch 12,118,S1000141.44754,SALE,1,13.5,13.5,0.0,0.0,0.0,0.0,102,Matjes,Hauptspeisen,,MwSt. 7%,1.07,12.616822,0.883178,Normalverkauf
S1000141.44755,SP1000141.18.44755,SY1000141.2026.44755,iPad1(1000141),141,13.06.26 16:50,Prod,A1000141.7131,Tisch 12,118,S1000141.44755,SALE,1,6.5,6.5,0.0,0.0,0.0,0.0,118,Schokokuchen,Desserts,,MwSt. 7%,1.07,6.074766,0.425234,Normalverkauf
S1000141.44756,SP1000141.18.44756,SY1000141.2026.44756,iPad1(1000141),141,13.06.26 16:50,Prod,A1000141.7131,Tisch 12,118,S1000141.44756,SALE,2,5.9,11.8,0.0,0.0,0.0,0.0,116,Vanillequark,Desserts,,MwSt. 7%,1.07,11.028037,0.771963,Normalverkauf
S1000141.44757,SP1000141.18.44757,SY1000141.2026.44757,iPad1(1000141),141,13.06.26 19:09,Prod,A1000141.7132,Tisch 5,114,S1000141.44757,SALE,2,10.9,21.8,0.0,0.0,0.0,0.0,104,Thunfisch Wrap,Hauptgerichte,,MwSt. 7%,1.07,20.373832,1.426168,Normalverkauf
S1000141.44758,SP1000141.18.44758,SY1000141.2026.44758,iPad1(1000141),141,13.06.26 08:12,Prod,A1000141.7133,Tisch 20,113,S1000141.44758,SALE,1,5.5,5.5,0.0,0.0,0.0,0.0,111,Pommes Frites,Beilagen,,MwSt. 7%,1.07,5.140187,0.359813,Normalverkauf
S1000141.44759,SP1000141.18.44759,SY1000141.2026.44759,iPad1(1000141),141,13.06.26 13:13,Prod,A1000141.7134,Tisch 18,114,S1000141.44759,SALE,2,5.5,11.0,0.0,0.0,0.0,0.0,111,Pommes Frites,Beilagen,,MwSt. 7%,1.07,10.280374,0.719626,Normalverkauf
S1000141.44760,SP1000141.18.44760,SY1000141.2026.44760,iPad1(1000141),141,13.06.26 13:13,Prod,A1000141.7134,Tisch 18,114,S1000141.44760,SALE,1,3.9,3.9,0.0,0.0,0.0,0.0,127,Alkoholfreies Bier,Getränke,,MwSt. 19%,1.19,3.277311,0.622689,Normalverkauf
S1000141.44761,SP1000141.18.44761,SY1000141.2026.44761,iPad1(1000141),141,13.06.26 13:13,Prod,A1000141.7134,Tisch 18,114,S1000141.44761,SALE,2,5.5,11.0,0.0,0.0,0.0,0.0,114,Fisch Nuggets Box,Beilagen,,MwSt. 7%,1.07,10.280374,0.719626,Normalverkauf
S1000141.44762,SP1000141.18.44762,SY1000141.2026.44762,iPad1(1000141),141,13.06.26 10:04,Prod,A1000141.7135,Tisch 16,114,S1000141.44762,SALE,2,7.9,15.8,0.0,0.0,0.0,0.0,106,Neptun-Ringe,Beilagen,,MwSt. 7%,1.07,14.766355,1.033645,Normalverkauf
S1000141.44763,SP1000141.18.44763,SY1000141.2026.44763,iPad1(1000141),141,13.06.26 11:33,Prod,A1000141.7136,Tisch 6,114,S1000141.44763,SALE,2,7.9,15.8,0.0,0.0,0.0,0.0,115,Tiramisu,Desserts,,MwSt. 7%,1.07,14.766355,1.033645,Normalverkauf
S1000141.44764,SP1000141.18.44764,SY1000141.2026.44764,iPad1(1000141),141,13.06.26 11:33,Prod,A1000141.7136,Tisch 6,114,S1000141.44764,SALE,2,3.9,7.8,0.0,0.0,0.0,0.0,119,Cola,Getränke,,MwSt. 19%,1.19,6.554622,1.245378,Normalverkauf
S1000141.44765,SP1000141.18.44765,SY1000141.2026.44765,iPad1(1000141),141,13.06.26 09:51,Prod,A1000141.7137,Tisch 5,105,S1000141.44765,SALE,2,5.5,11.0,0.0,0.0,0.0,0.0,114,Fisch Nuggets Box,Beilagen,,MwSt. 7%,1.07,10.280374,0.719626,Normalverkauf
S1000141.44766,SP1000141.18.44766,SY1000141.2026.44766,iPad1(1000141),141,13.06.26 09:51,Prod,A1000141.7137,Tisch 5,105,S1000141.44766,SALE,1,4.9,4.9,0.0,0.0,0.0,0.0,112,Kartoffelwedges,Beilagen,,MwSt. 7%,1.07,4.579439,0.320561,Normalverkauf
S1000141.44767,SP1000141.18.44767,SY1000141.2026.44767,iPad1(1000141),141,13.06.26 17:19,Prod,A1000141.7138,Tisch 21,105,S1000141.44767,SALE,2,5.5,11.0,0.0,0.0,0.0,0.0,111,Pommes Frites,Beilagen,,MwSt. 7%,1.07,10.280374,0.719626,Normalverkauf
S1000141.44768,SP1000141.18.44768,SY1000141.2026.44768,iPad1(1000141),141,13.06.26 17:19,Prod,A1000141.7138,Tisch 21,105,S1000141.44768,SALE,1,3.9,3.9,0.0,0.0,0.0,0.0,127,Alkoholfreies Bier,Getränke,,MwSt. 19%,1.19,3.277311,0.622689,Normalverkauf
S1000141.44769,SP1000141.18.44769,SY1000141.2026.44769,iPad1(1000141),141,13.06.26 17:19,Prod,A1000141.7138,Tisch 21,105,S1000141.44769,SALE,1,14.5,14.5,0.0,0.0,0.0,0.0,101,Lachs,Hauptspeisen,,MwSt. 7%,1.07,13.551402,0.948598,Normalverkauf
S1000141.44770,SP1000141.18.44770,SY1000141.2026.44770,iPad1(1000141),141,13.06.26 17:25,Prod,A1000141.7139,,104,S1000141.44770,VOID,2,7.9,15.8,0.0,0.0,0.0,0.0,115,Tiramisu,Desserts,,MwSt. 7%,1.07,14.766355,1.033645,Normalverkauf
S1000141.44771,SP1000141.18.44771,SY1000141.2026.44771,iPad1(1000141),141,13.06.26 17:25,Prod,A1000141.7139,,104,S1000141.44771,VOID,1,6.9,6.9,0.0,0.0,0.0,0.0,103,Fischbrötchen Räucherlachs,Hauptspeisen,,MwSt. 7%,1.07,6.448598,0.451402,Normalverkauf
S1000141.44772,SP1000141.18.44772,SY1000141.2026.44772,iPad1(1000141),141,13.06.26 20:40,Prod,A1000141.7140,Tisch 15,105,S1000141.44772,SALE,1,11.5,11.5,0.0,0.0,0.0,0.0,105,Garnelen-Kimchi-Bruger,Hauptgerichte,,MwSt. 7%,1.07,10.747664,0.752336,Normalverkauf
S1000141.44773,SP1000141.18.44773,SY1000141.2026.44773,iPad1(1000141),141,13.06.26 20:40,Prod,A1000141.7140,Tisch 15,105,S1000141.44773,SALE,1,2.8,2.8,0.0,0.0,0.0,0.0,121,Mineralwasser,Getränke,,MwSt. 19%,1.19,2.352941,0.447059,Normalverkauf
S1000141.44774,SP1000141.18.44774,SY1000141.2026.44774,iPad1(1000141),141,13.06.26 17:39,Prod,A1000141.7141,Tisch 21,104,S1000141.44774,SALE,2,11.5,23.0,0.0,0.0,0.0,0.0,105,Garnelen-Kimchi-Bruger,Hauptgerichte,,MwSt. 7%,1.07,21.495327,1.504673,Normalverkauf
S1000141.44775,SP1000141.18.44775,SY1000141.2026.44775,iPad1(1000141),141,13.06.26 17:39,Prod,A1000141.7141,Tisch 21,104,S1000141.44775,SALE,2,9.8,19.6,0.0,0.0,0.0,0.0,108,Seelachs-Ei-Baugette,Hauptgerichte,,MwSt. 7%,1.07,18.317757,1.282243,Normalverkauf
S1000141.44776,SP1000141.18.44776,SY1000141.2026.44776,iPad1(1000141),141,13.06.26 19:25,Prod,A1000141.7142,Tisch 24,101,S1000141.44776,SALE,1,7.9,7.9,0.0,0.0,0.0,0.0,106,Neptun-Ringe,Beilagen,,MwSt. 7%,1.07,7.383178,0.516822,Normalverkauf
S1000141.44777,SP1000141.18.44777,SY1000141.2026.44777,iPad1(1000141),141,13.06.26 19:25,Prod,A1000141.7142,Tisch 24,101,S1000141.44777,SALE,2,3.9,7.8,0.0,0.0,0.0,0.0,127,Alkoholfreies Bier,Getränke,,MwSt. 19%,1.19,6.554622,1.245378,Normalverkauf
S1000141.44778,SP1000141.18.44778,SY1000141.2026.44778,iPad1(1000141),141,13.06.26 15:56,Prod,A1000141.7143,,113,S1000141.44778,SALE,2,5.5,11.0,0.0,0.0,0.0,0.0,111,Pommes Frites,Beilagen,,MwSt. 7%,1.07,10.280374,0.719626,Normalverkauf
S1000141.44779,SP1000141.18.44779,SY1000141.2026.44779,iPad1(1000141),141,13.06.26 15:56,Prod,A1000141.7143,,113,S1000141.44779,SALE,1,9.8,9.8,0.0,0.0,0.0,0.0,108,Seelachs-Ei-Baugette,Hauptgerichte,,MwSt. 7%,1.07,9.158879,0.641121,Normalverkauf
S1000141.44780,SP1000141.18.44780,SY1000141.2026.44780,iPad1(1000141),141,13.06.26 11:01,Prod,A1000141.7144,Tisch 16,104,S1000141.44780,SALE,1,10.9,10.9,0.0,0.0,0.0,0.0,107,Chicken Burger,Hauptgerichte,,MwSt. 7%,1.07,10.186916,0.713084,Normalverkauf
S1000141.44781,SP1000141.18.44781,SY1000141.2026.44781,iPad1(1000141),141,13.06.26 11:17,Prod,A1000141.7145,Tisch 18,118,S1000141.44781,SALE,2,6.9,13.8,0.0,0.0,0.0,0.0,103,Fischbrötchen Räucherlachs,Hauptspeisen,,MwSt. 7%,1.07,12.897196,0.902804,Normalverkauf
S1000141.44782,SP1000141.18.44782,SY1000141.2026.44782,iPad1(1000141),141,13.06.26 11:17,Prod,A1000141.7145,Tisch 18,118,S1000141.44782,SALE,2,5.5,11.0,0.0,0.0,0.0,0.0,114,Fisch Nuggets Box,Beilagen,,MwSt. 7%,1.07,10.280374,0.719626,Normalverkauf
S1000141.44783,SP1000141.18.44783,SY1000141.2026.44783,iPad1(1000141),141,13.06.26 13:06,Prod,A1000141.7146,Tisch 16,104,S1000141.44783,SALE,2,5.9,11.8,0.0,0.0,0.0,0.0,117,Rote Grütze,Desserts,,MwSt. 7%,1.07,11.028037,0.771963,Normalverkauf
S1000141.44784,SP1000141.18.44784,SY1000141.2026.44784,iPad1(1000141),141,13.06.26 17:38,Prod,A1000141.7147,Tisch 15,104,S1000141.44784,SALE,1,2.8,2.8,0.0,0.0,0.0,0.0,121,Mineralwasser,Getränke,,MwSt. 19%,1.19,2.352941,0.447059,Normalverkauf
S1000141.44785,SP1000141.18.44785,SY1000141.2026.44785,iPad1(1000141),141,13.06.26 17:38,Prod,A1000141.7147,Tisch 15,104,S1000141.44785,SALE,1,5.5,5.5,0.0,0.0,0.0,0.0,111,Pommes Frites,Beilagen,,MwSt. 7%,1.07,5.140187,0.359813,Normalverkauf
S1000141.44786,SP1000141.18.44786,SY1000141.2026.44786,iPad1(1000141),141,13.06.26 17:38,Prod,A1000141.7147,Tisch 15,104,S1000141.44786,SALE,2,5.9,11.8,0.0,0.0,0.0,0.0,123,Inger-Limonade,Getränke,,MwSt. 19%,1.19,9.915966,1.884034,Normalverkauf
S1000141.44787,SP1000141.18.44787,SY1000141.2026.44787,iPad1(1000141),141,13.06.26 13:36,Prod,A1000141.7148,Tisch 22,118,S1000141.44787,SALE,1,6.9,6.9,0.0,0.0,0.0,0.0,113,Garnelen Box,Beilagen,,MwSt. 7%,1.07,6.448598,0.451402,Normalverkauf
S1000141.44788,SP1000141.18.44788,SY1000141.2026.44788,iPad1(1000141),141,13.06.26 17:14,Prod,A1000141.7149,Tisch 8,114,S1000141.44788,SALE,2,2.8,5.6,0.0,0.0,0.0,0.0,121,Mineralwasser,Getränke,,MwSt. 19%,1.19,4.705882,0.894118,Normalverkauf
S1000141.44789,SP1000141.18.44789,SY1000141.2026.44789,iPad1(1000141),141,13.06.26 17:14,Prod,A1000141.7149,Tisch 8,114,S1000141.44789,SALE,1,2.8,2.8,0.0,0.0,0.0,0.0,121,Mineralwasser,Getränke,,MwSt. 19%,1.19,2.352941,0.447059,Normalverkauf
S1000141.44790,SP1000141.18.44790,SY1000141.2026.44790,iPad1(1000141),141,13.06.26 17:14,Prod,A1000141.7149,Tisch 8,114,S1000141.44790,SALE,2,10.9,21.8,0.0,0.0,0.0,0.0,107,Chicken Burger,Hauptgerichte,,MwSt. 7%,1.07,20.373832,1.426168,Normalverkauf
S1000141.44791,SP1000141.18.44791,SY1000141.2026.44791,iPad1(1000141),141,13.06.26 17:17,Prod,A1000141.7150,Tisch 6,104,S1000141.44791,SALE,2,10.9,21.8,0.0,0.0,0.0,0.0,104,Thunfisch Wrap,Hauptgerichte,,MwSt. 7%,1.07,20.373832,1.426168,Normalverkauf
S1000141.44792,SP1000141.18.44792,SY1000141.2026.44792,iPad1(1000141),141,13.06.26 17:17,Prod,A1000141.7150,Tisch 6,104,S1000141.44792,SALE,2,10.9,21.8,0.0,0.0,0.0,0.0,109,Bismarck-Baguette,Hauptgerichte,,MwSt. 7%,1.07,20.373832,1.426168,Normalverkauf
S1000141.44793,SP1000141.18.44793,SY1000141.2026.44793,iPad1(1000141),141,13.06.26 08:01,Prod,A1000141.7151,Tisch 1,114,S1000141.44793,VOID,2,4.9,9.8,0.0,0.0,0.0,0.0,112,Kartoffelwedges,Beilagen,,MwSt. 7%,1.07,9.158879,0.641121,Normalverkauf
S1000141.44794,SP1000141.18.44794,SY1000141.2026.44794,iPad1(1000141),141,13.06.26 08:01,Prod,A1000141.7151,Tisch 1,114,S1000141.44794,VOID,1,5.5,5.5,0.0,0.0,0.0,0.0,111,Pommes Frites,Beilagen,,MwSt. 7%,1.07,5.140187,0.359813,Normalverkauf
S1000141.44795,SP1000141.18.44795,SY1000141.2026.44795,iPad1(1000141),141,13.06.26 08:01,Prod,A1000141.7151,Tisch 1,114,S1000141.44795,VOID,2,11.5,23.0,0.0,0.0,0.0,0.0,105,Garnelen-Kimchi-Bruger,Hauptgerichte,,MwSt. 7%,1.07,21.495327,1.504673,Normalverkauf
S1000141.44796,SP1000141.18.44796,SY1000141.2026.44796,iPad1(1000141),141,13.06.26 19:01,Prod,A1000141.7152,Tisch 9,104,S1000141.44796,VOID,2,6.5,13.0,0.0,0.0,0.0,0.0,118,Schokokuchen,Desserts,,MwSt. 7%,1.07,12.149533,0.850467,Normalverkauf
S1000141.44797,SP1000141.18.44797,SY1000141.2026.44797,iPad1(1000141),141,13.06.26 19:01,Prod,A1000141.7152,Tisch 9,104,S1000141.44797,VOID,1,5.5,5.5,0.0,0.0,0.0,0.0,111,Pommes Frites,Beilagen,,MwSt. 7%,1.07,5.140187,0.359813,Normalverkauf
S1000141.44798,SP1000141.18.44798,SY1000141.2026.44798,iPad1(1000141),141,13.06.26 19:01,Prod,A1000141.7152,Tisch 9,104,S1000141.44798,VOID,1,10.9,10.9,0.0,0.0,0.0,0.0,107,Chicken Burger,Hauptgerichte,,MwSt. 7%,1.07,10.186916,0.713084,Normalverkauf
S1000141.44799,SP1000141.18.44799,SY1000141.2026.44799,iPad1(1000141),141,13.06.26 11:51,Prod,A1000141.7153,,105,S1000141.44799,SALE,1,6.9,6.9,0.0,0.0,0.0,0.0,103,Fischbrötchen Räucherlachs,Hauptspeisen,,MwSt. 7%,1.07,6.448598,0.451402,Normalverkauf
S1000141.44800,SP1000141.18.44800,SY1000141.2026.44800,iPad1(1000141),141,13.06.26 11:51,Prod,A1000141.7153,,105,S1000141.44800,SALE,2,6.9,13.8,0.0,0.0,0.0,0.0,103,Fischbrötchen Räucherlachs,Hauptspeisen,,MwSt. 7%,1.07,12.897196,0.902804,Normalverkauf
S1000141.44801,SP1000141.18.44801,SY1000141.2026.44801,iPad1(1000141),141,13.06.26 11:17,Prod,A1000141.7154,Tisch 14,113,S1000141.44801,VOID,1,7.9,7.9,0.0,0.0,0.0,0.0,115,Tiramisu,Desserts,,MwSt. 7%,1.07,7.383178,0.516822,Normalverkauf
S1000141.44802,SP1000141.18.44802,SY1000141.2026.44802,iPad1(1000141),141,13.06.26 11:17,Prod,A1000141.7154,Tisch 14,113,S1000141.44802,VOID,2,6.5,13.0,0.0,0.0,0.0,0.0,100,Fischbrötchen Backfisch,Hauptspeisen,,MwSt. 7%,1.07,12.149533,0.850467,Normalverkauf
S1000141.44803,SP1000141.18.44803,SY1000141.2026.44803,iPad1(1000141),141,13.06.26 11:10,Prod,A1000141.7155,Tisch 17,114,S1000141.44803,VOID,1,7.9,7.9,0.0,0.0,0.0,0.0,106,Neptun-Ringe,Beilagen,,MwSt. 7%,1.07,7.383178,0.516822,Normalverkauf
S1000141.44804,SP1000141.18.44804,SY1000141.2026.44804,iPad1(1000141),141,13.06.26 11:10,Prod,A1000141.7155,Tisch 17,114,S1000141.44804,VOID,2,3.2,6.4,0.0,0.0,0.0,0.0,120,Apfelschorle,Getränke,,MwSt. 19%,1.19,5.378151,1.021849,Normalverkauf
S1000141.44805,SP1000141.18.44805,SY1000141.2026.44805,iPad1(1000141),141,13.06.26 11:10,Prod,A1000141.7155,Tisch 17,114,S1000141.44805,VOID,2,6.5,13.0,0.0,0.0,0.0,0.0,100,Fischbrötchen Backfisch,Hauptspeisen,,MwSt. 7%,1.07,12.149533,0.850467,Normalverkauf
S1000141.44806,SP1000141.18.44806,SY1000141.2026.44806,iPad1(1000141),141,13.06.26 19:39,Prod,A1000141.7156,Tisch 14,105,S1000141.44806,SALE,2,5.9,11.8,0.0,0.0,0.0,0.0,125,Zitronen-Limonade,Getränke,,MwSt. 19%,1.19,9.915966,1.884034,Normalverkauf
S1000141.44807,SP1000141.18.44807,SY1000141.2026.44807,iPad1(1000141),141,13.06.26 19:39,Prod,A1000141.7156,Tisch 14,105,S1000141.44807,SALE,1,10.9,10.9,0.0,0.0,0.0,0.0,109,Bismarck-Baguette,Hauptgerichte,,MwSt. 7%,1.07,10.186916,0.713084,Normalverkauf
S1000141.44808,SP1000141.18.44808,SY1000141.2026.44808,iPad1(1000141),141,13.06.26 18:34,Prod,A1000141.7157,Tisch 5,114,S1000141.44808,SALE,1,3.9,3.9,0.0,0.0,0.0,0.0,124,Cola Zero,Getränke,,MwSt. 19%,1.19,3.277311,0.622689,Normalverkauf
S1000141.44809,SP1000141.18.44809,SY1000141.2026.44809,iPad1(1000141),141,13.06.26 18:34,Prod,A1000141.7157,Tisch 5,114,S1000141.44809,SALE,1,6.9,6.9,0.0,0.0,0.0,0.0,113,Garnelen Box,Beilagen,,MwSt. 7%,1.07,6.448598,0.451402,Normalverkauf
S1000141.44810,SP1000141.18.44810,SY1000141.2026.44810,iPad1(1000141),141,13.06.26 15:37,Prod,A1000141.7158,Tisch 4,104,S1000141.44810,SALE,2,10.9,21.8,0.0,0.0,0.0,0.0,109,Bismarck-Baguette,Hauptgerichte,,MwSt. 7%,1.07,20.373832,1.426168,Normalverkauf
S1000141.44811,SP1000141.18.44811,SY1000141.2026.44811,iPad1(1000141),141,13.06.26 15:37,Prod,A1000141.7158,Tisch 4,104,S1000141.44811,SALE,1,2.8,2.8,0.0,0.0,0.0,0.0,121,Mineralwasser,Getränke,,MwSt. 19%,1.19,2.352941,0.447059,Normalverkauf
S1000141.44812,SP1000141.18.44812,SY1000141.2026.44812,iPad1(1000141),141,13.06.26 17:41,Prod,A1000141.7159,Tisch 14,104,S1000141.44812,SALE,2,5.5,11.0,0.0,0.0,0.0,0.0,111,Pommes Frites,Beilagen,,MwSt. 7%,1.07,10.280374,0.719626,Normalverkauf
S1000141.44813,SP1000141.18.44813,SY1000141.2026.44813,iPad1(1000141),141,13.06.26 17:41,Prod,A1000141.7159,Tisch 14,104,S1000141.44813,SALE,1,7.9,7.9,0.0,0.0,0.0,0.0,115,Tiramisu,Desserts,,MwSt. 7%,1.07,7.383178,0.516822,Normalverkauf
S1000141.44814,SP1000141.18.44814,SY1000141.2026.44814,iPad1(1000141),141,13.06.26 17:41,Prod,A1000141.7159,Tisch 14,104,S1000141.44814,SALE,1,13.5,13.5,0.0,0.0,0.0,0.0,102,Matjes,Hauptspeisen,,MwSt. 7%,1.07,12.616822,0.883178,Normalverkauf
S1000141.44815,SP1000141.18.44815,SY1000141.2026.44815,iPad1(1000141),141,13.06.26 19:13,Prod,A1000141.7160,Tisch 20,118,S1000141.44815,SALE,1,3.9,3.9,0.0,0.0,0.0,0.0,124,Cola Zero,Getränke,,MwSt. 19%,1.19,3.277311,0.622689,Normalverkauf
S1000141.44816,SP1000141.18.44816,SY1000141.2026.44816,iPad1(1000141),141,13.06.26 19:13,Prod,A1000141.7160,Tisch 20,118,S1000141.44816,SALE,1,5.5,5.5,0.0,0.0,0.0,0.0,111,Pommes Frites,Beilagen,,MwSt. 7%,1.07,5.140187,0.359813,Normalverkauf
S1000141.44817,SP1000141.18.44817,SY1000141.2026.44817,iPad1(1000141),141,13.06.26 13:15,Prod,A1000141.7161,Tisch 23,114,S1000141.44817,SALE,2,10.9,21.8,0.0,0.0,0.0,0.0,109,Bismarck-Baguette,Hauptgerichte,,MwSt. 7%,1.07,20.373832,1.426168,Normalverkauf
S1000141.44818,SP1000141.18.44818,SY1000141.2026.44818,iPad1(1000141),141,13.06.26 19:23,Prod,A1000141.7162,Tisch 16,101,S1000141.44818,SALE,1,6.9,6.9,0.0,0.0,0.0,0.0,103,Fischbrötchen Räucherlachs,Hauptspeisen,,MwSt. 7%,1.07,6.448598,0.451402,Normalverkauf
S1000141.44819,SP1000141.18.44819,SY1000141.2026.44819,iPad1(1000141),141,13.06.26 08:00,Prod,A1000141.7163,Tisch 17,105,S1000141.44819,SALE,2,3.9,7.8,0.0,0.0,0.0,0.0,127,Alkoholfreies Bier,Getränke,,MwSt. 19%,1.19,6.554622,1.245378,Normalverkauf
S1000141.44820,SP1000141.18.44820,SY1000141.2026.44820,iPad1(1000141),141,13.06.26 08:00,Prod,A1000141.7163,Tisch 17,105,S1000141.44820,SALE,2,7.9,15.8,0.0,0.0,0.0,0.0,106,Neptun-Ringe,Beilagen,,MwSt. 7%,1.07,14.766355,1.033645,Normalverkauf
S1000141.44821,SP1000141.18.44821,SY1000141.2026.44821,iPad1(1000141),141,13.06.26 08:00,Prod,A1000141.7163,Tisch 17,105,S1000141.44821,SALE,1,6.5,6.5,0.0,0.0,0.0,0.0,100,Fischbrötchen Backfisch,Hauptspeisen,,MwSt. 7%,1.07,6.074766,0.425234,Normalverkauf
S1000141.44822,SP1000141.18.44822,SY1000141.2026.44822,iPad1(1000141),141,13.06.26 15:07,Prod,A1000141.7164,Tisch 11,118,S1000141.44822,SALE,2,9.8,19.6,0.0,0.0,0.0,0.0,108,Seelachs-Ei-Baugette,Hauptgerichte,,MwSt. 7%,1.07,18.317757,1.282243,Normalverkauf
S1000141.44823,SP1000141.18.44823,SY1000141.2026.44823,iPad1(1000141),141,13.06.26 09:19,Prod,A1000141.7165,Tisch 23,105,S1000141.44823,SALE,2,10.9,21.8,0.0,0.0,0.0,0.0,104,Thunfisch Wrap,Hauptgerichte,,MwSt. 7%,1.07,20.373832,1.426168,Normalverkauf
S1000141.44824,SP1000141.18.44824,SY1000141.2026.44824,iPad1(1000141),141,13.06.26 18:35,Prod,A1000141.7166,Tisch 1,114,S1000141.44824,SALE,2,4.9,9.8,0.0,0.0,0.0,0.0,112,Kartoffelwedges,Beilagen,,MwSt. 7%,1.07,9.158879,0.641121,Normalverkauf
S1000141.44825,SP1000141.18.44825,SY1000141.2026.44825,iPad1(1000141),141,13.06.26 18:35,Prod,A1000141.7166,Tisch 1,114,S1000141.44825,SALE,1,3.9,3.9,0.0,0.0,0.0,0.0,119,Cola,Getränke,,MwSt. 19%,1.19,3.277311,0.622689,Normalverkauf
S1000141.44826,SP1000141.18.44826,SY1000141.2026.44826,iPad1(1000141),141,13.06.26 18:35,Prod,A1000141.7166,Tisch 1,114,S1000141.44826,SALE,1,6.5,6.5,0.0,0.0,0.0,0.0,100,Fischbrötchen Backfisch,Hauptspeisen,,MwSt. 7%,1.07,6.074766,0.425234,Normalverkauf
S1000141.44827,SP1000141.18.44827,SY1000141.2026.44827,iPad1(1000141),141,13.06.26 11:41,Prod,A1000141.7167,Tisch 15,101,S1000141.44827,SALE,2,2.8,5.6,0.0,0.0,0.0,0.0,121,Mineralwasser,Getränke,,MwSt. 19%,1.19,4.705882,0.894118,Normalverkauf
S1000141.44828,SP1000141.18.44828,SY1000141.2026.44828,iPad1(1000141),141,13.06.26 17:05,Prod,A1000141.7168,Tisch 2,114,S1000141.44828,SALE,1,6.5,6.5,0.0,0.0,0.0,0.0,100,Fischbrötchen Backfisch,Hauptspeisen,,MwSt. 7%,1.07,6.074766,0.425234,Normalverkauf
S1000141.44829,SP1000141.18.44829,SY1000141.2026.44829,iPad1(1000141),141,13.06.26 20:32,Prod,A1000141.7169,Tisch 6,114,S1000141.44829,SALE,1,7.9,7.9,0.0,0.0,0.0,0.0,106,Neptun-Ringe,Beilagen,,MwSt. 7%,1.07,7.383178,0.516822,Normalverkauf
S1000141.44830,SP1000141.18.44830,SY1000141.2026.44830,iPad1(1000141),141,13.06.26 20:20,Prod,A1000141.7170,,113,S1000141.44830,SALE,1,6.5,6.5,0.0,0.0,0.0,0.0,100,Fischbrötchen Backfisch,Hauptspeisen,,MwSt. 7%,1.07,6.074766,0.425234,Normalverkauf
S1000141.44831,SP1000141.18.44831,SY1000141.2026.44831,iPad1(1000141),141,13.06.26 20:34,Prod,A1000141.7171,Tisch 17,104,S1000141.44831,SALE,2,11.5,23.0,0.0,0.0,0.0,0.0,105,Garnelen-Kimchi-Bruger,Hauptgerichte,,MwSt. 7%,1.07,21.495327,1.504673,Normalverkauf
S1000141.44832,SP1000141.18.44832,SY1000141.2026.44832,iPad1(1000141),141,13.06.26 11:42,Prod,A1000141.7172,Tisch 21,114,S1000141.44832,SALE,2,3.9,7.8,0.0,0.0,0.0,0.0,119,Cola,Getränke,,MwSt. 19%,1.19,6.554622,1.245378,Normalverkauf
S1000141.44833,SP1000141.18.44833,SY1000141.2026.44833,iPad1(1000141),141,13.06.26 19:27,Prod,A1000141.7173,Tisch 5,118,S1000141.44833,SALE,2,10.9,21.8,0.0,0.0,0.0,0.0,107,Chicken Burger,Hauptgerichte,,MwSt. 7%,1.07,20.373832,1.426168,Normalverkauf
S1000141.44834,SP1000141.18.44834,SY1000141.2026.44834,iPad1(1000141),141,13.06.26 17:08,Prod,A1000141.7174,Tisch 19,118,S1000141.44834,SALE,1,10.9,10.9,0.0,0.0,0.0,0.0,104,Thunfisch Wrap,Hauptgerichte,,MwSt. 7%,1.07,10.186916,0.713084,Normalverkauf
S1000141.44835,SP1000141.18.44835,SY1000141.2026.44835,iPad1(1000141),141,13.06.26 17:08,Prod,A1000141.7174,Tisch 19,118,S1000141.44835,SALE,2,5.9,11.8,0.0,0.0,0.0,0.0,125,Zitronen-Limonade,Getränke,,MwSt. 19%,1.19,9.915966,1.884034,Normalverkauf
S1000141.44836,SP1000141.18.44836,SY1000141.2026.44836,iPad1(1000141),141,13.06.26 12:18,Prod,A1000141.7175,Tisch 13,104,S1000141.44836,SALE,1,6.9,6.9,0.0,0.0,0.0,0.0,113,Garnelen Box,Beilagen,,MwSt. 7%,1.07,6.448598,0.451402,Normalverkauf
S1000141.44837,SP1000141.18.44837,SY1000141.2026.44837,iPad1(1000141),141,13.06.26 19:21,Prod,A1000141.7176,Tisch 7,118,S1000141.44837,SALE,2,3.9,7.8,0.0,0.0,0.0,0.0,124,Cola Zero,Getränke,,MwSt. 19%,1.19,6.554622,1.245378,Normalverkauf
S1000141.44838,SP1000141.18.44838,SY1000141.2026.44838,iPad1(1000141),141,13.06.26 19:21,Prod,A1000141.7176,Tisch 7,118,S1000141.44838,SALE,1,5.5,5.5,0.0,0.0,0.0,0.0,114,Fisch Nuggets Box,Beilagen,,MwSt. 7%,1.07,5.140187,0.359813,Normalverkauf
S1000141.44839,SP1000141.18.44839,SY1000141.2026.44839,iPad1(1000141),141,13.06.26 19:21,Prod,A1000141.7176,Tisch 7,118,S1000141.44839,SALE,1,10.9,10.9,0.0,0.0,0.0,0.0,107,Chicken Burger,Hauptgerichte,,MwSt. 7%,1.07,10.186916,0.713084,Normalverkauf
S1000141.44840,SP1000141.18.44840,SY1000141.2026.44840,iPad1(1000141),141,13.06.26 20:15,Prod,A1000141.7177,Tisch 14,101,S1000141.44840,SALE,2,10.9,21.8,0.0,0.0,0.0,0.0,104,Thunfisch Wrap,Hauptgerichte,,MwSt. 7%,1.07,20.373832,1.426168,Normalverkauf
S1000141.44841,SP1000141.18.44841,SY1000141.2026.44841,iPad1(1000141),141,13.06.26 20:15,Prod,A1000141.7177,Tisch 14,101,S1000141.44841,SALE,1,4.2,4.2,0.0,0.0,0.0,0.0,122,Bier,Getränke,,MwSt. 19%,1.19,3.529412,0.670588,Normalverkauf
S1000141.44842,SP1000141.18.44842,SY1000141.2026.44842,iPad1(1000141),141,13.06.26 20:15,Prod,A1000141.7177,Tisch 14,101,S1000141.44842,SALE,1,5.9,5.9,0.0,0.0,0.0,0.0,116,Vanillequark,Desserts,,MwSt. 7%,1.07,5.514019,0.385981,Normalverkauf
S1000141.44843,SP1000141.18.44843,SY1000141.2026.44843,iPad1(1000141),141,13.06.26 19:36,Prod,A1000141.7178,Tisch 18,114,S1000141.44843,SALE,2,4.9,9.8,0.0,0.0,0.0,0.0,112,Kartoffelwedges,Beilagen,,MwSt. 7%,1.07,9.158879,0.641121,Normalverkauf
S1000141.44844,SP1000141.18.44844,SY1000141.2026.44844,iPad1(1000141),141,13.06.26 19:36,Prod,A1000141.7178,Tisch 18,114,S1000141.44844,SALE,2,6.5,13.0,0.0,0.0,0.0,0.0,118,Schokokuchen,Desserts,,MwSt. 7%,1.07,12.149533,0.850467,Normalverkauf
S1000141.44845,SP1000141.18.44845,SY1000141.2026.44845,iPad1(1000141),141,13.06.26 19:36,Prod,A1000141.7178,Tisch 18,114,S1000141.44845,SALE,1,3.9,3.9,0.0,0.0,0.0,0.0,126,Spezi,Getränke,,MwSt. 19%,1.19,3.277311,0.622689,Normalverkauf
S1000141.44846,SP1000141.18.44846,SY1000141.2026.44846,iPad1(1000141),141,13.06.26 12:14,Prod,A1000141.7179,Tisch 24,114,S1000141.44846,SALE,2,4.9,9.8,0.0,0.0,0.0,0.0,112,Kartoffelwedges,Beilagen,,MwSt. 7%,1.07,9.158879,0.641121,Normalverkauf
S1000141.44847,SP1000141.18.44847,SY1000141.2026.44847,iPad1(1000141),141,13.06.26 12:14,Prod,A1000141.7179,Tisch 24,114,S1000141.44847,SALE,1,6.9,6.9,0.0,0.0,0.0,0.0,103,Fischbrötchen Räucherlachs,Hauptspeisen,,MwSt. 7%,1.07,6.448598,0.451402,Normalverkauf
S1000141.44848,SP1000141.18.44848,SY1000141.2026.44848,iPad1(1000141),141,13.06.26 17:38,Prod,A1000141.7180,Tisch 8,113,S1000141.44848,VOID,2,6.5,13.0,0.0,0.0,0.0,0.0,118,Schokokuchen,Desserts,,MwSt. 7%,1.07,12.149533,0.850467,Normalverkauf
S1000141.44849,SP1000141.18.44849,SY1000141.2026.44849,iPad1(1000141),141,13.06.26 19:36,Prod,A1000141.7181,Tisch 20,118,S1000141.44849,SALE,1,6.9,6.9,0.0,0.0,0.0,0.0,113,Garnelen Box,Beilagen,,MwSt. 7%,1.07,6.448598,0.451402,Normalverkauf
S1000141.44850,SP1000141.18.44850,SY1000141.2026.44850,iPad1(1000141),141,14.06.26 17:08,Prod,A1000141.7182,,105,S1000141.44850,SALE,1,2.8,2.8,0.0,0.0,0.0,0.0,121,Mineralwasser,Getränke,,MwSt. 19%,1.19,2.352941,0.447059,Normalverkauf
S1000141.44851,SP1000141.18.44851,SY1000141.2026.44851,iPad1(1000141),141,14.06.26 13:47,Prod,A1000141.7183,Tisch 15,113,S1000141.44851,SALE,1,5.9,5.9,0.0,0.0,0.0,0.0,117,Rote Grütze,Desserts,,MwSt. 7%,1.07,5.514019,0.385981,Normalverkauf
S1000141.44852,SP1000141.18.44852,SY1000141.2026.44852,iPad1(1000141),141,14.06.26 13:47,Prod,A1000141.7183,Tisch 15,113,S1000141.44852,SALE,1,4.9,4.9,0.0,0.0,0.0,0.0,112,Kartoffelwedges,Beilagen,,MwSt. 7%,1.07,4.579439,0.320561,Normalverkauf
S1000141.44853,SP1000141.18.44853,SY1000141.2026.44853,iPad1(1000141),141,14.06.26 13:47,Prod,A1000141.7183,Tisch 15,113,S1000141.44853,SALE,1,9.8,9.8,0.0,0.0,0.0,0.0,108,Seelachs-Ei-Baugette,Hauptgerichte,,MwSt. 7%,1.07,9.158879,0.641121,Normalverkauf
S1000141.44854,SP1000141.18.44854,SY1000141.2026.44854,iPad1(1000141),141,14.06.26 19:29,Prod,A1000141.7184,Tisch 22,118,S1000141.44854,SALE,1,3.9,3.9,0.0,0.0,0.0,0.0,119,Cola,Getränke,,MwSt. 19%,1.19,3.277311,0.622689,Normalverkauf
S1000141.44855,SP1000141.18.44855,SY1000141.2026.44855,iPad1(1000141),141,14.06.26 19:29,Prod,A1000141.7184,Tisch 22,118,S1000141.44855,SALE,2,5.9,11.8,0.0,0.0,0.0,0.0,116,Vanillequark,Desserts,,MwSt. 7%,1.07,11.028037,0.771963,Normalverkauf
S1000141.44856,SP1000141.18.44856,SY1000141.2026.44856,iPad1(1000141),141,14.06.26 10:45,Prod,A1000141.7185,,118,S1000141.44856,SALE,1,6.5,6.5,0.0,0.0,0.0,0.0,100,Fischbrötchen Backfisch,Hauptspeisen,,MwSt. 7%,1.07,6.074766,0.425234,Normalverkauf
S1000141.44857,SP1000141.18.44857,SY1000141.2026.44857,iPad1(1000141),141,14.06.26 10:45,Prod,A1000141.7185,,118,S1000141.44857,SALE,1,6.5,6.5,0.0,0.0,0.0,0.0,100,Fischbrötchen Backfisch,Hauptspeisen,,MwSt. 7%,1.07,6.074766,0.425234,Normalverkauf
S1000141.44858,SP1000141.18.44858,SY1000141.2026.44858,iPad1(1000141),141,14.06.26 11:48,Prod,A1000141.7186,Tisch 12,118,S1000141.44858,SALE,2,6.9,13.8,0.0,0.0,0.0,0.0,103,Fischbrötchen Räucherlachs,Hauptspeisen,,MwSt. 7%,1.07,12.897196,0.902804,Normalverkauf
S1000141.44859,SP1000141.18.44859,SY1000141.2026.44859,iPad1(1000141),141,14.06.26 13:45,Prod,A1000141.7187,Tisch 17,105,S1000141.44859,SALE,2,9.8,19.6,0.0,0.0,0.0,0.0,108,Seelachs-Ei-Baugette,Hauptgerichte,,MwSt. 7%,1.07,18.317757,1.282243,Normalverkauf
S1000141.44860,SP1000141.18.44860,SY1000141.2026.44860,iPad1(1000141),141,14.06.26 15:29,Prod,A1000141.7188,Tisch 16,105,S1000141.44860,SALE,1,6.9,6.9,0.0,0.0,0.0,0.0,103,Fischbrötchen Räucherlachs,Hauptspeisen,,MwSt. 7%,1.07,6.448598,0.451402,Normalverkauf
S1000141.44861,SP1000141.18.44861,SY1000141.2026.44861,iPad1(1000141),141,14.06.26 14:39,Prod,A1000141.7189,Tisch 3,104,S1000141.44861,SALE,2,3.9,7.8,0.0,0.0,0.0,0.0,126,Spezi,Getränke,,MwSt. 19%,1.19,6.554622,1.245378,Normalverkauf
S1000141.44862,SP1000141.18.44862,SY1000141.2026.44862,iPad1(1000141),141,14.06.26 14:39,Prod,A1000141.7189,Tisch 3,104,S1000141.44862,SALE,1,5.5,5.5,0.0,0.0,0.0,0.0,111,Pommes Frites,Beilagen,,MwSt. 7%,1.07,5.140187,0.359813,Normalverkauf
S1000141.44863,SP1000141.18.44863,SY1000141.2026.44863,iPad1(1000141),141,14.06.26 14:39,Prod,A1000141.7189,Tisch 3,104,S1000141.44863,SALE,1,5.5,5.5,0.0,0.0,0.0,0.0,111,Pommes Frites,Beilagen,,MwSt. 7%,1.07,5.140187,0.359813,Normalverkauf
S1000141.44864,SP1000141.18.44864,SY1000141.2026.44864,iPad1(1000141),141,14.06.26 12:27,Prod,A1000141.7190,,104,S1000141.44864,VOID,2,13.5,27.0,0.0,0.0,0.0,0.0,102,Matjes,Hauptspeisen,,MwSt. 7%,1.07,25.233645,1.766355,Normalverkauf
S1000141.44865,SP1000141.18.44865,SY1000141.2026.44865,iPad1(1000141),141,14.06.26 12:27,Prod,A1000141.7190,,104,S1000141.44865,VOID,1,3.9,3.9,0.0,0.0,0.0,0.0,119,Cola,Getränke,,MwSt. 19%,1.19,3.277311,0.622689,Normalverkauf
S1000141.44866,SP1000141.18.44866,SY1000141.2026.44866,iPad1(1000141),141,14.06.26 12:27,Prod,A1000141.7190,,104,S1000141.44866,VOID,1,6.5,6.5,0.0,0.0,0.0,0.0,100,Fischbrötchen Backfisch,Hauptspeisen,,MwSt. 7%,1.07,6.074766,0.425234,Normalverkauf
S1000141.44867,SP1000141.18.44867,SY1000141.2026.44867,iPad1(1000141),141,14.06.26 13:54,Prod,A1000141.7191,Tisch 17,118,S1000141.44867,SALE,1,2.8,2.8,0.0,0.0,0.0,0.0,121,Mineralwasser,Getränke,,MwSt. 19%,1.19,2.352941,0.447059,Normalverkauf
S1000141.44868,SP1000141.18.44868,SY1000141.2026.44868,iPad1(1000141),141,14.06.26 13:54,Prod,A1000141.7191,Tisch 17,118,S1000141.44868,SALE,1,5.9,5.9,0.0,0.0,0.0,0.0,123,Inger-Limonade,Getränke,,MwSt. 19%,1.19,4.957983,0.942017,Normalverkauf
S1000141.44869,SP1000141.18.44869,SY1000141.2026.44869,iPad1(1000141),141,14.06.26 19:56,Prod,A1000141.7192,Tisch 8,113,S1000141.44869,SALE,1,2.8,2.8,0.0,0.0,0.0,0.0,121,Mineralwasser,Getränke,,MwSt. 19%,1.19,2.352941,0.447059,Normalverkauf
S1000141.44870,SP1000141.18.44870,SY1000141.2026.44870,iPad1(1000141),141,14.06.26 12:38,Prod,A1000141.7193,Tisch 16,104,S1000141.44870,SALE,1,6.9,6.9,0.0,0.0,0.0,0.0,103,Fischbrötchen Räucherlachs,Hauptspeisen,,MwSt. 7%,1.07,6.448598,0.451402,Normalverkauf
S1000141.44871,SP1000141.18.44871,SY1000141.2026.44871,iPad1(1000141),141,14.06.26 12:38,Prod,A1000141.7193,Tisch 16,104,S1000141.44871,SALE,2,7.9,15.8,0.0,0.0,0.0,0.0,115,Tiramisu,Desserts,,MwSt. 7%,1.07,14.766355,1.033645,Normalverkauf
S1000141.44872,SP1000141.18.44872,SY1000141.2026.44872,iPad1(1000141),141,14.06.26 13:30,Prod,A1000141.7194,Tisch 8,113,S1000141.44872,SALE,1,13.5,13.5,0.0,0.0,0.0,0.0,102,Matjes,Hauptspeisen,,MwSt. 7%,1.07,12.616822,0.883178,Normalverkauf
S1000141.44873,SP1000141.18.44873,SY1000141.2026.44873,iPad1(1000141),141,14.06.26 13:30,Prod,A1000141.7194,Tisch 8,113,S1000141.44873,SALE,2,6.5,13.0,0.0,0.0,0.0,0.0,100,Fischbrötchen Backfisch,Hauptspeisen,,MwSt. 7%,1.07,12.149533,0.850467,Normalverkauf
S1000141.44874,SP1000141.18.44874,SY1000141.2026.44874,iPad1(1000141),141,14.06.26 19:28,Prod,A1000141.7195,Tisch 24,104,S1000141.44874,SALE,1,13.5,13.5,0.0,0.0,0.0,0.0,102,Matjes,Hauptspeisen,,MwSt. 7%,1.07,12.616822,0.883178,Normalverkauf
S1000141.44875,SP1000141.18.44875,SY1000141.2026.44875,iPad1(1000141),141,14.06.26 19:28,Prod,A1000141.7195,Tisch 24,104,S1000141.44875,SALE,1,3.9,3.9,0.0,0.0,0.0,0.0,124,Cola Zero,Getränke,,MwSt. 19%,1.19,3.277311,0.622689,Normalverkauf
S1000141.44876,SP1000141.18.44876,SY1000141.2026.44876,iPad1(1000141),141,14.06.26 19:28,Prod,A1000141.7195,Tisch 24,104,S1000141.44876,SALE,1,2.8,2.8,0.0,0.0,0.0,0.0,121,Mineralwasser,Getränke,,MwSt. 19%,1.19,2.352941,0.447059,Normalverkauf
S1000141.44877,SP1000141.18.44877,SY1000141.2026.44877,iPad1(1000141),141,14.06.26 16:46,Prod,A1000141.7196,Tisch 16,101,S1000141.44877,SALE,2,2.8,5.6,0.0,0.0,0.0,0.0,121,Mineralwasser,Getränke,,MwSt. 19%,1.19,4.705882,0.894118,Normalverkauf
S1000141.44878,SP1000141.18.44878,SY1000141.2026.44878,iPad1(1000141),141,14.06.26 10:15,Prod,A1000141.7197,Tisch 7,104,S1000141.44878,SALE,1,7.9,7.9,0.0,0.0,0.0,0.0,115,Tiramisu,Desserts,,MwSt. 7%,1.07,7.383178,0.516822,Normalverkauf
S1000141.44879,SP1000141.18.44879,SY1000141.2026.44879,iPad1(1000141),141,14.06.26 10:15,Prod,A1000141.7197,Tisch 7,104,S1000141.44879,SALE,1,11.5,11.5,0.0,0.0,0.0,0.0,105,Garnelen-Kimchi-Bruger,Hauptgerichte,,MwSt. 7%,1.07,10.747664,0.752336,Normalverkauf
S1000141.44880,SP1000141.18.44880,SY1000141.2026.44880,iPad1(1000141),141,14.06.26 10:15,Prod,A1000141.7197,Tisch 7,104,S1000141.44880,SALE,1,14.5,14.5,0.0,0.0,0.0,0.0,101,Lachs,Hauptspeisen,,MwSt. 7%,1.07,13.551402,0.948598,Normalverkauf
S1000141.44881,SP1000141.18.44881,SY1000141.2026.44881,iPad1(1000141),141,14.06.26 18:38,Prod,A1000141.7198,Tisch 4,113,S1000141.44881,SALE,1,7.9,7.9,0.0,0.0,0.0,0.0,106,Neptun-Ringe,Beilagen,,MwSt. 7%,1.07,7.383178,0.516822,Normalverkauf
S1000141.44882,SP1000141.18.44882,SY1000141.2026.44882,iPad1(1000141),141,14.06.26 20:54,Prod,A1000141.7199,Tisch 5,101,S1000141.44882,SALE,2,3.2,6.4,0.0,0.0,0.0,0.0,120,Apfelschorle,Getränke,,MwSt. 19%,1.19,5.378151,1.021849,Normalverkauf
S1000141.44883,SP1000141.18.44883,SY1000141.2026.44883,iPad1(1000141),141,14.06.26 20:54,Prod,A1000141.7199,Tisch 5,101,S1000141.44883,SALE,1,3.2,3.2,0.0,0.0,0.0,0.0,120,Apfelschorle,Getränke,,MwSt. 19%,1.19,2.689076,0.510924,Normalverkauf
S1000141.44884,SP1000141.18.44884,SY1000141.2026.44884,iPad1(1000141),141,14.06.26 17:41,Prod,A1000141.7200,Tisch 5,104,S1000141.44884,VOID,2,3.9,7.8,0.0,0.0,0.0,0.0,119,Cola,Getränke,,MwSt. 19%,1.19,6.554622,1.245378,Normalverkauf
S1000141.44885,SP1000141.18.44885,SY1000141.2026.44885,iPad1(1000141),141,14.06.26 12:32,Prod,A1000141.7201,Tisch 17,104,S1000141.44885,SALE,1,4.9,4.9,0.0,0.0,0.0,0.0,112,Kartoffelwedges,Beilagen,,MwSt. 7%,1.07,4.579439,0.320561,Normalverkauf
S1000141.44886,SP1000141.18.44886,SY1000141.2026.44886,iPad1(1000141),141,14.06.26 11:35,Prod,A1000141.7202,Tisch 15,118,S1000141.44886,SALE,2,5.9,11.8,0.0,0.0,0.0,0.0,123,Inger-Limonade,Getränke,,MwSt. 19%,1.19,9.915966,1.884034,Normalverkauf
S1000141.44887,SP1000141.18.44887,SY1000141.2026.44887,iPad1(1000141),141,14.06.26 11:37,Prod,A1000141.7203,Tisch 18,114,S1000141.44887,SALE,2,6.5,13.0,0.0,0.0,0.0,0.0,100,Fischbrötchen Backfisch,Hauptspeisen,,MwSt. 7%,1.07,12.149533,0.850467,Normalverkauf
S1000141.44888,SP1000141.18.44888,SY1000141.2026.44888,iPad1(1000141),141,14.06.26 11:37,Prod,A1000141.7203,Tisch 18,114,S1000141.44888,SALE,1,13.5,13.5,0.0,0.0,0.0,0.0,102,Matjes,Hauptspeisen,,MwSt. 7%,1.07,12.616822,0.883178,Normalverkauf
S1000141.44889,SP1000141.18.44889,SY1000141.2026.44889,iPad1(1000141),141,14.06.26 19:45,Prod,A1000141.7204,Tisch 16,104,S1000141.44889,SALE,2,7.9,15.8,0.0,0.0,0.0,0.0,106,Neptun-Ringe,Beilagen,,MwSt. 7%,1.07,14.766355,1.033645,Normalverkauf
S1000141.44890,SP1000141.18.44890,SY1000141.2026.44890,iPad1(1000141),141,14.06.26 18:06,Prod,A1000141.7205,Tisch 11,114,S1000141.44890,SALE,1,10.9,10.9,0.0,0.0,0.0,0.0,107,Chicken Burger,Hauptgerichte,,MwSt. 7%,1.07,10.186916,0.713084,Normalverkauf
S1000141.44891,SP1000141.18.44891,SY1000141.2026.44891,iPad1(1000141),141,14.06.26 18:06,Prod,A1000141.7205,Tisch 11,114,S1000141.44891,SALE,1,2.8,2.8,0.0,0.0,0.0,0.0,121,Mineralwasser,Getränke,,MwSt. 19%,1.19,2.352941,0.447059,Normalverkauf
S1000141.44892,SP1000141.18.44892,SY1000141.2026.44892,iPad1(1000141),141,14.06.26 20:18,Prod,A1000141.7206,Tisch 13,118,S1000141.44892,SALE,2,6.9,13.8,0.0,0.0,0.0,0.0,103,Fischbrötchen Räucherlachs,Hauptspeisen,,MwSt. 7%,1.07,12.897196,0.902804,Normalverkauf
S1000141.44893,SP1000141.18.44893,SY1000141.2026.44893,iPad1(1000141),141,14.06.26 20:18,Prod,A1000141.7206,Tisch 13,118,S1000141.44893,SALE,1,9.8,9.8,0.0,0.0,0.0,0.0,108,Seelachs-Ei-Baugette,Hauptgerichte,,MwSt. 7%,1.07,9.158879,0.641121,Normalverkauf
S1000141.44894,SP1000141.18.44894,SY1000141.2026.44894,iPad1(1000141),141,14.06.26 19:50,Prod,A1000141.7207,Tisch 3,113,S1000141.44894,SALE,1,9.8,9.8,0.0,0.0,0.0,0.0,108,Seelachs-Ei-Baugette,Hauptgerichte,,MwSt. 7%,1.07,9.158879,0.641121,Normalverkauf
S1000141.44895,SP1000141.18.44895,SY1000141.2026.44895,iPad1(1000141),141,14.06.26 13:05,Prod,A1000141.7208,Tisch 24,114,S1000141.44895,SALE,1,10.9,10.9,0.0,0.0,0.0,0.0,104,Thunfisch Wrap,Hauptgerichte,,MwSt. 7%,1.07,10.186916,0.713084,Normalverkauf
S1000141.44896,SP1000141.18.44896,SY1000141.2026.44896,iPad1(1000141),141,14.06.26 13:05,Prod,A1000141.7208,Tisch 24,114,S1000141.44896,SALE,2,9.8,19.6,0.0,0.0,0.0,0.0,108,Seelachs-Ei-Baugette,Hauptgerichte,,MwSt. 7%,1.07,18.317757,1.282243,Normalverkauf
S1000141.44897,SP1000141.18.44897,SY1000141.2026.44897,iPad1(1000141),141,14.06.26 13:05,Prod,A1000141.7208,Tisch 24,114,S1000141.44897,SALE,1,4.2,4.2,0.0,0.0,0.0,0.0,122,Bier,Getränke,,MwSt. 19%,1.19,3.529412,0.670588,Normalverkauf
S1000141.44898,SP1000141.18.44898,SY1000141.2026.44898,iPad1(1000141),141,14.06.26 14:10,Prod,A1000141.7209,Tisch 21,113,S1000141.44898,SALE,2,7.9,15.8,0.0,0.0,0.0,0.0,115,Tiramisu,Desserts,,MwSt. 7%,1.07,14.766355,1.033645,Normalverkauf
S1000141.44899,SP1000141.18.44899,SY1000141.2026.44899,iPad1(1000141),141,14.06.26 14:10,Prod,A1000141.7209,Tisch 21,113,S1000141.44899,SALE,1,5.5,5.5,0.0,0.0,0.0,0.0,111,Pommes Frites,Beilagen,,MwSt. 7%,1.07,5.140187,0.359813,Normalverkauf
S1000141.44900,SP1000141.18.44900,SY1000141.2026.44900,iPad1(1000141),141,14.06.26 19:15,Prod,A1000141.7210,Tisch 22,104,S1000141.44900,SALE,2,5.9,11.8,0.0,0.0,0.0,0.0,116,Vanillequark,Desserts,,MwSt. 7%,1.07,11.028037,0.771963,Normalverkauf
S1000141.44901,SP1000141.18.44901,SY1000141.2026.44901,iPad1(1000141),141,14.06.26 19:15,Prod,A1000141.7210,Tisch 22,104,S1000141.44901,SALE,2,11.5,23.0,0.0,0.0,0.0,0.0,105,Garnelen-Kimchi-Bruger,Hauptgerichte,,MwSt. 7%,1.07,21.495327,1.504673,Normalverkauf
S1000141.44902,SP1000141.18.44902,SY1000141.2026.44902,iPad1(1000141),141,14.06.26 14:37,Prod,A1000141.7211,Tisch 10,118,S1000141.44902,SALE,2,9.8,19.6,0.0,0.0,0.0,0.0,108,Seelachs-Ei-Baugette,Hauptgerichte,,MwSt. 7%,1.07,18.317757,1.282243,Normalverkauf
S1000141.44903,SP1000141.18.44903,SY1000141.2026.44903,iPad1(1000141),141,14.06.26 14:37,Prod,A1000141.7211,Tisch 10,118,S1000141.44903,SALE,2,10.9,21.8,0.0,0.0,0.0,0.0,107,Chicken Burger,Hauptgerichte,,MwSt. 7%,1.07,20.373832,1.426168,Normalverkauf
S1000141.44904,SP1000141.18.44904,SY1000141.2026.44904,iPad1(1000141),141,14.06.26 12:24,Prod,A1000141.7212,Tisch 4,105,S1000141.44904,SALE,1,11.9,11.9,0.0,0.0,0.0,0.0,110,Matjes-Baguette,Hauptgerichte,,MwSt. 7%,1.07,11.121495,0.778505,Normalverkauf
S1000141.44905,SP1000141.18.44905,SY1000141.2026.44905,iPad1(1000141),141,14.06.26 12:24,Prod,A1000141.7212,Tisch 4,105,S1000141.44905,SALE,2,10.9,21.8,0.0,0.0,0.0,0.0,109,Bismarck-Baguette,Hauptgerichte,,MwSt. 7%,1.07,20.373832,1.426168,Normalverkauf
S1000141.44906,SP1000141.18.44906,SY1000141.2026.44906,iPad1(1000141),141,14.06.26 12:24,Prod,A1000141.7212,Tisch 4,105,S1000141.44906,SALE,2,2.8,5.6,0.0,0.0,0.0,0.0,121,Mineralwasser,Getränke,,MwSt. 19%,1.19,4.705882,0.894118,Normalverkauf
S1000141.44907,SP1000141.18.44907,SY1000141.2026.44907,iPad1(1000141),141,14.06.26 11:13,Prod,A1000141.7213,Tisch 20,118,S1000141.44907,SALE,1,2.8,2.8,0.0,0.0,0.0,0.0,121,Mineralwasser,Getränke,,MwSt. 19%,1.19,2.352941,0.447059,Normalverkauf
S1000141.44908,SP1000141.18.44908,SY1000141.2026.44908,iPad1(1000141),141,14.06.26 11:13,Prod,A1000141.7213,Tisch 20,118,S1000141.44908,SALE,2,11.9,23.8,0.0,0.0,0.0,0.0,110,Matjes-Baguette,Hauptgerichte,,MwSt. 7%,1.07,22.242991,1.557009,Normalverkauf
S1000141.44909,SP1000141.18.44909,SY1000141.2026.44909,iPad1(1000141),141,14.06.26 11:13,Prod,A1000141.7213,Tisch 20,118,S1000141.44909,SALE,2,2.8,5.6,0.0,0.0,0.0,0.0,121,Mineralwasser,Getränke,,MwSt. 19%,1.19,4.705882,0.894118,Normalverkauf
S1000141.44910,SP1000141.18.44910,SY1000141.2026.44910,iPad1(1000141),141,14.06.26 20:31,Prod,A1000141.7214,Tisch 13,113,S1000141.44910,SALE,1,10.9,10.9,0.0,0.0,0.0,0.0,109,Bismarck-Baguette,Hauptgerichte,,MwSt. 7%,1.07,10.186916,0.713084,Normalverkauf
S1000141.44911,SP1000141.18.44911,SY1000141.2026.44911,iPad1(1000141),141,14.06.26 20:31,Prod,A1000141.7214,Tisch 13,113,S1000141.44911,SALE,1,6.5,6.5,0.0,0.0,0.0,0.0,100,Fischbrötchen Backfisch,Hauptspeisen,,MwSt. 7%,1.07,6.074766,0.425234,Normalverkauf
S1000141.44912,SP1000141.18.44912,SY1000141.2026.44912,iPad1(1000141),141,14.06.26 20:15,Prod,A1000141.7215,Tisch 20,118,S1000141.44912,SALE,2,3.9,7.8,0.0,0.0,0.0,0.0,119,Cola,Getränke,,MwSt. 19%,1.19,6.554622,1.245378,Normalverkauf
S1000141.44913,SP1000141.18.44913,SY1000141.2026.44913,iPad1(1000141),141,14.06.26 11:43,Prod,A1000141.7216,Tisch 3,105,S1000141.44913,SALE,1,6.9,6.9,0.0,0.0,0.0,0.0,103,Fischbrötchen Räucherlachs,Hauptspeisen,,MwSt. 7%,1.07,6.448598,0.451402,Normalverkauf
S1000141.44914,SP1000141.18.44914,SY1000141.2026.44914,iPad1(1000141),141,14.06.26 11:43,Prod,A1000141.7216,Tisch 3,105,S1000141.44914,SALE,1,9.8,9.8,0.0,0.0,0.0,0.0,108,Seelachs-Ei-Baugette,Hauptgerichte,,MwSt. 7%,1.07,9.158879,0.641121,Normalverkauf
S1000141.44915,SP1000141.18.44915,SY1000141.2026.44915,iPad1(1000141),141,14.06.26 17:47,Prod,A1000141.7217,,104,S1000141.44915,SALE,2,7.9,15.8,0.0,0.0,0.0,0.0,106,Neptun-Ringe,Beilagen,,MwSt. 7%,1.07,14.766355,1.033645,Normalverkauf
S1000141.44916,SP1000141.18.44916,SY1000141.2026.44916,iPad1(1000141),141,14.06.26 08:31,Prod,A1000141.7218,Tisch 18,114,S1000141.44916,SALE,1,2.8,2.8,0.0,0.0,0.0,0.0,121,Mineralwasser,Getränke,,MwSt. 19%,1.19,2.352941,0.447059,Normalverkauf
S1000141.44917,SP1000141.18.44917,SY1000141.2026.44917,iPad1(1000141),141,14.06.26 16:16,Prod,A1000141.7219,Tisch 6,114,S1000141.44917,SALE,1,2.8,2.8,0.0,0.0,0.0,0.0,121,Mineralwasser,Getränke,,MwSt. 19%,1.19,2.352941,0.447059,Normalverkauf
S1000141.44918,SP1000141.18.44918,SY1000141.2026.44918,iPad1(1000141),141,14.06.26 16:16,Prod,A1000141.7219,Tisch 6,114,S1000141.44918,SALE,2,9.8,19.6,0.0,0.0,0.0,0.0,108,Seelachs-Ei-Baugette,Hauptgerichte,,MwSt. 7%,1.07,18.317757,1.282243,Normalverkauf
S1000141.44919,SP1000141.18.44919,SY1000141.2026.44919,iPad1(1000141),141,14.06.26 16:16,Prod,A1000141.7219,Tisch 6,114,S1000141.44919,SALE,1,6.5,6.5,0.0,0.0,0.0,0.0,100,Fischbrötchen Backfisch,Hauptspeisen,,MwSt. 7%,1.07,6.074766,0.425234,Normalverkauf
S1000141.44920,SP1000141.18.44920,SY1000141.2026.44920,iPad1(1000141),141,14.06.26 19:33,Prod,A1000141.7220,Tisch 15,104,S1000141.44920,SALE,1,3.9,3.9,0.0,0.0,0.0,0.0,124,Cola Zero,Getränke,,MwSt. 19%,1.19,3.277311,0.622689,Normalverkauf
S1000141.44921,SP1000141.18.44921,SY1000141.2026.44921,iPad1(1000141),141,14.06.26 19:33,Prod,A1000141.7220,Tisch 15,104,S1000141.44921,SALE,1,9.8,9.8,0.0,0.0,0.0,0.0,108,Seelachs-Ei-Baugette,Hauptgerichte,,MwSt. 7%,1.07,9.158879,0.641121,Normalverkauf
S1000141.44922,SP1000141.18.44922,SY1000141.2026.44922,iPad1(1000141),141,14.06.26 19:33,Prod,A1000141.7220,Tisch 15,104,S1000141.44922,SALE,2,10.9,21.8,0.0,0.0,0.0,0.0,104,Thunfisch Wrap,Hauptgerichte,,MwSt. 7%,1.07,20.373832,1.426168,Normalverkauf
S1000141.44923,SP1000141.18.44923,SY1000141.2026.44923,iPad1(1000141),141,14.06.26 12:44,Prod,A1000141.7221,Tisch 9,118,S1000141.44923,SALE,2,6.5,13.0,0.0,0.0,0.0,0.0,100,Fischbrötchen Backfisch,Hauptspeisen,,MwSt. 7%,1.07,12.149533,0.850467,Normalverkauf
S1000141.44924,SP1000141.18.44924,SY1000141.2026.44924,iPad1(1000141),141,14.06.26 12:44,Prod,A1000141.7221,Tisch 9,118,S1000141.44924,SALE,2,3.9,7.8,0.0,0.0,0.0,0.0,119,Cola,Getränke,,MwSt. 19%,1.19,6.554622,1.245378,Normalverkauf
S1000141.44925,SP1000141.18.44925,SY1000141.2026.44925,iPad1(1000141),141,14.06.26 16:55,Prod,A1000141.7222,Tisch 20,101,S1000141.44925,SALE,1,3.2,3.2,0.0,0.0,0.0,0.0,120,Apfelschorle,Getränke,,MwSt. 19%,1.19,2.689076,0.510924,Normalverkauf
S1000141.44926,SP1000141.18.44926,SY1000141.2026.44926,iPad1(1000141),141,14.06.26 16:55,Prod,A1000141.7222,Tisch 20,101,S1000141.44926,SALE,1,6.5,6.5,0.0,0.0,0.0,0.0,100,Fischbrötchen Backfisch,Hauptspeisen,,MwSt. 7%,1.07,6.074766,0.425234,Normalverkauf
S1000141.44927,SP1000141.18.44927,SY1000141.2026.44927,iPad1(1000141),141,14.06.26 16:55,Prod,A1000141.7222,Tisch 20,101,S1000141.44927,SALE,2,6.5,13.0,0.0,0.0,0.0,0.0,100,Fischbrötchen Backfisch,Hauptspeisen,,MwSt. 7%,1.07,12.149533,0.850467,Normalverkauf
S1000141.44928,SP1000141.18.44928,SY1000141.2026.44928,iPad1(1000141),141,14.06.26 16:08,Prod,A1000141.7223,,101,S1000141.44928,SALE,2,5.9,11.8,0.0,0.0,0.0,0.0,125,Zitronen-Limonade,Getränke,,MwSt. 19%,1.19,9.915966,1.884034,Normalverkauf
S1000141.44929,SP1000141.18.44929,SY1000141.2026.44929,iPad1(1000141),141,14.06.26 18:18,Prod,A1000141.7224,Tisch 8,104,S1000141.44929,SALE,2,7.9,15.8,0.0,0.0,0.0,0.0,106,Neptun-Ringe,Beilagen,,MwSt. 7%,1.07,14.766355,1.033645,Normalverkauf
S1000141.44930,SP1000141.18.44930,SY1000141.2026.44930,iPad1(1000141),141,14.06.26 09:44,Prod,A1000141.7225,Tisch 15,113,S1000141.44930,SALE,1,5.5,5.5,0.0,0.0,0.0,0.0,114,Fisch Nuggets Box,Beilagen,,MwSt. 7%,1.07,5.140187,0.359813,Normalverkauf
S1000141.44931,SP1000141.18.44931,SY1000141.2026.44931,iPad1(1000141),141,14.06.26 09:44,Prod,A1000141.7225,Tisch 15,113,S1000141.44931,SALE,1,3.2,3.2,0.0,0.0,0.0,0.0,120,Apfelschorle,Getränke,,MwSt. 19%,1.19,2.689076,0.510924,Normalverkauf
S1000141.44932,SP1000141.18.44932,SY1000141.2026.44932,iPad1(1000141),141,14.06.26 09:44,Prod,A1000141.7225,Tisch 15,113,S1000141.44932,SALE,2,2.8,5.6,0.0,0.0,0.0,0.0,121,Mineralwasser,Getränke,,MwSt. 19%,1.19,4.705882,0.894118,Normalverkauf
S1000141.44933,SP1000141.18.44933,SY1000141.2026.44933,iPad1(1000141),141,14.06.26 18:48,Prod,A1000141.7226,Tisch 11,105,S1000141.44933,SALE,1,9.8,9.8,0.0,0.0,0.0,0.0,108,Seelachs-Ei-Baugette,Hauptgerichte,,MwSt. 7%,1.07,9.158879,0.641121,Normalverkauf
S1000141.44934,SP1000141.18.44934,SY1000141.2026.44934,iPad1(1000141),141,14.06.26 18:48,Prod,A1000141.7226,Tisch 11,105,S1000141.44934,SALE,2,3.9,7.8,0.0,0.0,0.0,0.0,126,Spezi,Getränke,,MwSt. 19%,1.19,6.554622,1.245378,Normalverkauf
S1000141.44935,SP1000141.18.44935,SY1000141.2026.44935,iPad1(1000141),141,14.06.26 16:46,Prod,A1000141.7227,Tisch 6,105,S1000141.44935,SALE,1,10.9,10.9,0.0,0.0,0.0,0.0,109,Bismarck-Baguette,Hauptgerichte,,MwSt. 7%,1.07,10.186916,0.713084,Normalverkauf
S1000141.44936,SP1000141.18.44936,SY1000141.2026.44936,iPad1(1000141),141,14.06.26 16:46,Prod,A1000141.7227,Tisch 6,105,S1000141.44936,SALE,2,4.2,8.4,0.0,0.0,0.0,0.0,122,Bier,Getränke,,MwSt. 19%,1.19,7.058824,1.341176,Normalverkauf
S1000141.44937,SP1000141.18.44937,SY1000141.2026.44937,iPad1(1000141),141,14.06.26 16:46,Prod,A1000141.7227,Tisch 6,105,S1000141.44937,SALE,2,3.9,7.8,0.0,0.0,0.0,0.0,126,Spezi,Getränke,,MwSt. 19%,1.19,6.554622,1.245378,Normalverkauf
S1000141.44938,SP1000141.18.44938,SY1000141.2026.44938,iPad1(1000141),141,14.06.26 17:20,Prod,A1000141.7228,,113,S1000141.44938,SALE,2,6.5,13.0,0.0,0.0,0.0,0.0,100,Fischbrötchen Backfisch,Hauptspeisen,,MwSt. 7%,1.07,12.149533,0.850467,Normalverkauf
S1000141.44939,SP1000141.18.44939,SY1000141.2026.44939,iPad1(1000141),141,14.06.26 17:20,Prod,A1000141.7228,,113,S1000141.44939,SALE,2,5.9,11.8,0.0,0.0,0.0,0.0,125,Zitronen-Limonade,Getränke,,MwSt. 19%,1.19,9.915966,1.884034,Normalverkauf
S1000141.44940,SP1000141.18.44940,SY1000141.2026.44940,iPad1(1000141),141,14.06.26 17:20,Prod,A1000141.7228,,113,S1000141.44940,SALE,2,10.9,21.8,0.0,0.0,0.0,0.0,104,Thunfisch Wrap,Hauptgerichte,,MwSt. 7%,1.07,20.373832,1.426168,Normalverkauf
S1000141.44941,SP1000141.18.44941,SY1000141.2026.44941,iPad1(1000141),141,14.06.26 15:23,Prod,A1000141.7229,Tisch 4,104,S1000141.44941,VOID,1,5.9,5.9,0.0,0.0,0.0,0.0,116,Vanillequark,Desserts,,MwSt. 7%,1.07,5.514019,0.385981,Normalverkauf
S1000141.44942,SP1000141.18.44942,SY1000141.2026.44942,iPad1(1000141),141,14.06.26 15:23,Prod,A1000141.7229,Tisch 4,104,S1000141.44942,VOID,1,3.2,3.2,0.0,0.0,0.0,0.0,120,Apfelschorle,Getränke,,MwSt. 19%,1.19,2.689076,0.510924,Normalverkauf
S1000141.44943,SP1000141.18.44943,SY1000141.2026.44943,iPad1(1000141),141,14.06.26 15:23,Prod,A1000141.7229,Tisch 4,104,S1000141.44943,VOID,1,11.5,11.5,0.0,0.0,0.0,0.0,105,Garnelen-Kimchi-Bruger,Hauptgerichte,,MwSt. 7%,1.07,10.747664,0.752336,Normalverkauf
S1000141.44944,SP1000141.18.44944,SY1000141.2026.44944,iPad1(1000141),141,14.06.26 12:12,Prod,A1000141.7230,Tisch 20,105,S1000141.44944,SALE,2,3.9,7.8,0.0,0.0,0.0,0.0,119,Cola,Getränke,,MwSt. 19%,1.19,6.554622,1.245378,Normalverkauf
S1000141.44945,SP1000141.18.44945,SY1000141.2026.44945,iPad1(1000141),141,14.06.26 12:12,Prod,A1000141.7230,Tisch 20,105,S1000141.44945,SALE,2,4.2,8.4,0.0,0.0,0.0,0.0,122,Bier,Getränke,,MwSt. 19%,1.19,7.058824,1.341176,Normalverkauf
S1000141.44946,SP1000141.18.44946,SY1000141.2026.44946,iPad1(1000141),141,14.06.26 12:12,Prod,A1000141.7230,Tisch 20,105,S1000141.44946,SALE,2,10.9,21.8,0.0,0.0,0.0,0.0,107,Chicken Burger,Hauptgerichte,,MwSt. 7%,1.07,20.373832,1.426168,Normalverkauf
S1000141.44947,SP1000141.18.44947,SY1000141.2026.44947,iPad1(1000141),141,14.06.26 11:25,Prod,A1000141.7231,Tisch 16,101,S1000141.44947,SALE,1,5.5,5.5,0.0,0.0,0.0,0.0,111,Pommes Frites,Beilagen,,MwSt. 7%,1.07,5.140187,0.359813,Normalverkauf
S1000141.44948,SP1000141.18.44948,SY1000141.2026.44948,iPad1(1000141),141,14.06.26 11:25,Prod,A1000141.7231,Tisch 16,101,S1000141.44948,SALE,2,5.5,11.0,0.0,0.0,0.0,0.0,111,Pommes Frites,Beilagen,,MwSt. 7%,1.07,10.280374,0.719626,Normalverkauf
S1000141.44949,SP1000141.18.44949,SY1000141.2026.44949,iPad1(1000141),141,14.06.26 11:50,Prod,A1000141.7232,Tisch 9,105,S1000141.44949,SALE,1,13.5,13.5,0.0,0.0,0.0,0.0,102,Matjes,Hauptspeisen,,MwSt. 7%,1.07,12.616822,0.883178,Normalverkauf
S1000141.44950,SP1000141.18.44950,SY1000141.2026.44950,iPad1(1000141),141,14.06.26 11:50,Prod,A1000141.7232,Tisch 9,105,S1000141.44950,SALE,2,10.9,21.8,0.0,0.0,0.0,0.0,104,Thunfisch Wrap,Hauptgerichte,,MwSt. 7%,1.07,20.373832,1.426168,Normalverkauf
S1000141.44951,SP1000141.18.44951,SY1000141.2026.44951,iPad1(1000141),141,14.06.26 11:50,Prod,A1000141.7232,Tisch 9,105,S1000141.44951,SALE,2,2.8,5.6,0.0,0.0,0.0,0.0,121,Mineralwasser,Getränke,,MwSt. 19%,1.19,4.705882,0.894118,Normalverkauf
S1000141.44952,SP1000141.18.44952,SY1000141.2026.44952,iPad1(1000141),141,14.06.26 20:48,Prod,A1000141.7233,Tisch 3,101,S1000141.44952,SALE,2,6.9,13.8,0.0,0.0,0.0,0.0,103,Fischbrötchen Räucherlachs,Hauptspeisen,,MwSt. 7%,1.07,12.897196,0.902804,Normalverkauf
S1000141.44953,SP1000141.18.44953,SY1000141.2026.44953,iPad1(1000141),141,14.06.26 18:10,Prod,A1000141.7234,Tisch 3,118,S1000141.44953,SALE,1,7.9,7.9,0.0,0.0,0.0,0.0,115,Tiramisu,Desserts,,MwSt. 7%,1.07,7.383178,0.516822,Normalverkauf
S1000141.44954,SP1000141.18.44954,SY1000141.2026.44954,iPad1(1000141),141,14.06.26 18:10,Prod,A1000141.7234,Tisch 3,118,S1000141.44954,SALE,1,6.5,6.5,0.0,0.0,0.0,0.0,100,Fischbrötchen Backfisch,Hauptspeisen,,MwSt. 7%,1.07,6.074766,0.425234,Normalverkauf
S1000141.44955,SP1000141.18.44955,SY1000141.2026.44955,iPad1(1000141),141,14.06.26 19:58,Prod,A1000141.7235,Tisch 22,104,S1000141.44955,SALE,2,5.9,11.8,0.0,0.0,0.0,0.0,123,Inger-Limonade,Getränke,,MwSt. 19%,1.19,9.915966,1.884034,Normalverkauf
S1000141.44956,SP1000141.18.44956,SY1000141.2026.44956,iPad1(1000141),141,14.06.26 19:58,Prod,A1000141.7235,Tisch 22,104,S1000141.44956,SALE,1,5.5,5.5,0.0,0.0,0.0,0.0,114,Fisch Nuggets Box,Beilagen,,MwSt. 7%,1.07,5.140187,0.359813,Normalverkauf
S1000141.44957,SP1000141.18.44957,SY1000141.2026.44957,iPad1(1000141),141,14.06.26 19:58,Prod,A1000141.7235,Tisch 22,104,S1000141.44957,SALE,2,5.5,11.0,0.0,0.0,0.0,0.0,111,Pommes Frites,Beilagen,,MwSt. 7%,1.07,10.280374,0.719626,Normalverkauf
S1000141.44958,SP1000141.18.44958,SY1000141.2026.44958,iPad1(1000141),141,14.06.26 16:41,Prod,A1000141.7236,Tisch 21,113,S1000141.44958,SALE,2,4.2,8.4,0.0,0.0,0.0,0.0,122,Bier,Getränke,,MwSt. 19%,1.19,7.058824,1.341176,Normalverkauf
S1000141.44959,SP1000141.18.44959,SY1000141.2026.44959,iPad1(1000141),141,14.06.26 19:05,Prod,A1000141.7237,Tisch 9,104,S1000141.44959,SALE,2,5.5,11.0,0.0,0.0,0.0,0.0,114,Fisch Nuggets Box,Beilagen,,MwSt. 7%,1.07,10.280374,0.719626,Normalverkauf
S1000141.44960,SP1000141.18.44960,SY1000141.2026.44960,iPad1(1000141),141,14.06.26 19:05,Prod,A1000141.7237,Tisch 9,104,S1000141.44960,SALE,1,13.5,13.5,0.0,0.0,0.0,0.0,102,Matjes,Hauptspeisen,,MwSt. 7%,1.07,12.616822,0.883178,Normalverkauf
S1000141.44961,SP1000141.18.44961,SY1000141.2026.44961,iPad1(1000141),141,14.06.26 19:05,Prod,A1000141.7237,Tisch 9,104,S1000141.44961,SALE,1,3.9,3.9,0.0,0.0,0.0,0.0,124,Cola Zero,Getränke,,MwSt. 19%,1.19,3.277311,0.622689,Normalverkauf
S1000141.44962,SP1000141.18.44962,SY1000141.2026.44962,iPad1(1000141),141,14.06.26 19:32,Prod,A1000141.7238,Tisch 17,113,S1000141.44962,SALE,1,5.5,5.5,0.0,0.0,0.0,0.0,111,Pommes Frites,Beilagen,,MwSt. 7%,1.07,5.140187,0.359813,Normalverkauf
S1000141.44963,SP1000141.18.44963,SY1000141.2026.44963,iPad1(1000141),141,14.06.26 09:32,Prod,A1000141.7239,Tisch 2,113,S1000141.44963,SALE,2,6.9,13.8,0.0,0.0,0.0,0.0,113,Garnelen Box,Beilagen,,MwSt. 7%,1.07,12.897196,0.902804,Normalverkauf
S1000141.44964,SP1000141.18.44964,SY1000141.2026.44964,iPad1(1000141),141,14.06.26 12:33,Prod,A1000141.7240,Tisch 5,104,S1000141.44964,SALE,2,3.9,7.8,0.0,0.0,0.0,0.0,126,Spezi,Getränke,,MwSt. 19%,1.19,6.554622,1.245378,Normalverkauf
S1000141.44965,SP1000141.18.44965,SY1000141.2026.44965,iPad1(1000141),141,14.06.26 18:22,Prod,A1000141.7241,Tisch 24,104,S1000141.44965,SALE,2,5.5,11.0,0.0,0.0,0.0,0.0,111,Pommes Frites,Beilagen,,MwSt. 7%,1.07,10.280374,0.719626,Normalverkauf
S1000141.44966,SP1000141.18.44966,SY1000141.2026.44966,iPad1(1000141),141,14.06.26 18:22,Prod,A1000141.7241,Tisch 24,104,S1000141.44966,SALE,2,10.9,21.8,0.0,0.0,0.0,0.0,107,Chicken Burger,Hauptgerichte,,MwSt. 7%,1.07,20.373832,1.426168,Normalverkauf
S1000141.44967,SP1000141.18.44967,SY1000141.2026.44967,iPad1(1000141),141,14.06.26 11:31,Prod,A1000141.7242,Tisch 7,101,S1000141.44967,SALE,2,7.9,15.8,0.0,0.0,0.0,0.0,106,Neptun-Ringe,Beilagen,,MwSt. 7%,1.07,14.766355,1.033645,Normalverkauf
S1000141.44968,SP1000141.18.44968,SY1000141.2026.44968,iPad1(1000141),141,14.06.26 11:12,Prod,A1000141.7243,,113,S1000141.44968,SALE,2,5.9,11.8,0.0,0.0,0.0,0.0,117,Rote Grütze,Desserts,,MwSt. 7%,1.07,11.028037,0.771963,Normalverkauf
S1000141.44969,SP1000141.18.44969,SY1000141.2026.44969,iPad1(1000141),141,14.06.26 11:12,Prod,A1000141.7243,,113,S1000141.44969,SALE,1,3.9,3.9,0.0,0.0,0.0,0.0,126,Spezi,Getränke,,MwSt. 19%,1.19,3.277311,0.622689,Normalverkauf
S1000141.44970,SP1000141.18.44970,SY1000141.2026.44970,iPad1(1000141),141,14.06.26 11:12,Prod,A1000141.7243,,113,S1000141.44970,SALE,1,3.9,3.9,0.0,0.0,0.0,0.0,126,Spezi,Getränke,,MwSt. 19%,1.19,3.277311,0.622689,Normalverkauf
S1000141.44971,SP1000141.18.44971,SY1000141.2026.44971,iPad1(1000141),141,14.06.26 19:08,Prod,A1000141.7244,Tisch 17,113,S1000141.44971,SALE,1,5.5,5.5,0.0,0.0,0.0,0.0,111,Pommes Frites,Beilagen,,MwSt. 7%,1.07,5.140187,0.359813,Normalverkauf
S1000141.44972,SP1000141.18.44972,SY1000141.2026.44972,iPad1(1000141),141,14.06.26 09:00,Prod,A1000141.7245,Tisch 12,114,S1000141.44972,VOID,1,3.9,3.9,0.0,0.0,0.0,0.0,119,Cola,Getränke,,MwSt. 19%,1.19,3.277311,0.622689,Normalverkauf
S1000141.44973,SP1000141.18.44973,SY1000141.2026.44973,iPad1(1000141),141,14.06.26 12:18,Prod,A1000141.7246,Tisch 7,104,S1000141.44973,SALE,2,3.9,7.8,0.0,0.0,0.0,0.0,126,Spezi,Getränke,,MwSt. 19%,1.19,6.554622,1.245378,Normalverkauf
S1000141.44974,SP1000141.18.44974,SY1000141.2026.44974,iPad1(1000141),141,14.06.26 12:18,Prod,A1000141.7246,Tisch 7,104,S1000141.44974,SALE,2,6.9,13.8,0.0,0.0,0.0,0.0,103,Fischbrötchen Räucherlachs,Hauptspeisen,,MwSt. 7%,1.07,12.897196,0.902804,Normalverkauf
S1000141.44975,SP1000141.18.44975,SY1000141.2026.44975,iPad1(1000141),141,14.06.26 12:50,Prod,A1000141.7247,Tisch 5,105,S1000141.44975,SALE,2,3.9,7.8,0.0,0.0,0.0,0.0,127,Alkoholfreies Bier,Getränke,,MwSt. 19%,1.19,6.554622,1.245378,Normalverkauf
S1000141.44976,SP1000141.18.44976,SY1000141.2026.44976,iPad1(1000141),141,14.06.26 12:50,Prod,A1000141.7247,Tisch 5,105,S1000141.44976,SALE,1,2.8,2.8,0.0,0.0,0.0,0.0,121,Mineralwasser,Getränke,,MwSt. 19%,1.19,2.352941,0.447059,Normalverkauf
S1000141.44977,SP1000141.18.44977,SY1000141.2026.44977,iPad1(1000141),141,14.06.26 17:44,Prod,A1000141.7248,Tisch 10,105,S1000141.44977,SALE,1,3.9,3.9,0.0,0.0,0.0,0.0,126,Spezi,Getränke,,MwSt. 19%,1.19,3.277311,0.622689,Normalverkauf
S1000141.44978,SP1000141.18.44978,SY1000141.2026.44978,iPad1(1000141),141,14.06.26 11:39,Prod,A1000141.7249,Tisch 13,105,S1000141.44978,SALE,1,3.9,3.9,0.0,0.0,0.0,0.0,124,Cola Zero,Getränke,,MwSt. 19%,1.19,3.277311,0.622689,Normalverkauf
S1000141.44979,SP1000141.18.44979,SY1000141.2026.44979,iPad1(1000141),141,14.06.26 11:39,Prod,A1000141.7249,Tisch 13,105,S1000141.44979,SALE,2,10.9,21.8,0.0,0.0,0.0,0.0,109,Bismarck-Baguette,Hauptgerichte,,MwSt. 7%,1.07,20.373832,1.426168,Normalverkauf
S1000141.44980,SP1000141.18.44980,SY1000141.2026.44980,iPad1(1000141),141,14.06.26 11:39,Prod,A1000141.7249,Tisch 13,105,S1000141.44980,SALE,1,6.5,6.5,0.0,0.0,0.0,0.0,100,Fischbrötchen Backfisch,Hauptspeisen,,MwSt. 7%,1.07,6.074766,0.425234,Normalverkauf
S1000141.44981,SP1000141.18.44981,SY1000141.2026.44981,iPad1(1000141),141,14.06.26 13:33,Prod,A1000141.7250,Tisch 7,114,S1000141.44981,SALE,2,6.5,13.0,0.0,0.0,0.0,0.0,118,Schokokuchen,Desserts,,MwSt. 7%,1.07,12.149533,0.850467,Normalverkauf
S1000141.44982,SP1000141.18.44982,SY1000141.2026.44982,iPad1(1000141),141,14.06.26 13:33,Prod,A1000141.7250,Tisch 7,114,S1000141.44982,SALE,2,5.5,11.0,0.0,0.0,0.0,0.0,111,Pommes Frites,Beilagen,,MwSt. 7%,1.07,10.280374,0.719626,Normalverkauf
S1000141.44983,SP1000141.18.44983,SY1000141.2026.44983,iPad1(1000141),141,14.06.26 11:33,Prod,A1000141.7251,Tisch 17,104,S1000141.44983,SALE,1,9.8,9.8,0.0,0.0,0.0,0.0,108,Seelachs-Ei-Baugette,Hauptgerichte,,MwSt. 7%,1.07,9.158879,0.641121,Normalverkauf
S1000141.44984,SP1000141.18.44984,SY1000141.2026.44984,iPad1(1000141),141,14.06.26 17:04,Prod,A1000141.7252,Tisch 5,118,S1000141.44984,SALE,1,5.9,5.9,0.0,0.0,0.0,0.0,116,Vanillequark,Desserts,,MwSt. 7%,1.07,5.514019,0.385981,Normalverkauf
S1000141.44985,SP1000141.18.44985,SY1000141.2026.44985,iPad1(1000141),141,14.06.26 18:54,Prod,A1000141.7253,Tisch 13,114,S1000141.44985,SALE,1,3.9,3.9,0.0,0.0,0.0,0.0,119,Cola,Getränke,,MwSt. 19%,1.19,3.277311,0.622689,Normalverkauf
S1000141.44986,SP1000141.18.44986,SY1000141.2026.44986,iPad1(1000141),141,14.06.26 18:54,Prod,A1000141.7253,Tisch 13,114,S1000141.44986,SALE,2,6.5,13.0,0.0,0.0,0.0,0.0,100,Fischbrötchen Backfisch,Hauptspeisen,,MwSt. 7%,1.07,12.149533,0.850467,Normalverkauf
S1000141.44987,SP1000141.18.44987,SY1000141.2026.44987,iPad1(1000141),141,14.06.26 18:54,Prod,A1000141.7253,Tisch 13,114,S1000141.44987,SALE,1,14.5,14.5,0.0,0.0,0.0,0.0,101,Lachs,Hauptspeisen,,MwSt. 7%,1.07,13.551402,0.948598,Normalverkauf
S1000141.44988,SP1000141.18.44988,SY1000141.2026.44988,iPad1(1000141),141,14.06.26 12:56,Prod,A1000141.7254,Tisch 24,101,S1000141.44988,VOID,1,7.9,7.9,0.0,0.0,0.0,0.0,106,Neptun-Ringe,Beilagen,,MwSt. 7%,1.07,7.383178,0.516822,Normalverkauf
S1000141.44989,SP1000141.18.44989,SY1000141.2026.44989,iPad1(1000141),141,14.06.26 12:56,Prod,A1000141.7254,Tisch 24,101,S1000141.44989,VOID,1,6.9,6.9,0.0,0.0,0.0,0.0,113,Garnelen Box,Beilagen,,MwSt. 7%,1.07,6.448598,0.451402,Normalverkauf
S1000141.44990,SP1000141.18.44990,SY1000141.2026.44990,iPad1(1000141),141,14.06.26 17:40,Prod,A1000141.7255,,104,S1000141.44990,SALE,1,5.5,5.5,0.0,0.0,0.0,0.0,114,Fisch Nuggets Box,Beilagen,,MwSt. 7%,1.07,5.140187,0.359813,Normalverkauf
S1000141.44991,SP1000141.18.44991,SY1000141.2026.44991,iPad1(1000141),141,14.06.26 17:40,Prod,A1000141.7255,,104,S1000141.44991,SALE,2,6.9,13.8,0.0,0.0,0.0,0.0,113,Garnelen Box,Beilagen,,MwSt. 7%,1.07,12.897196,0.902804,Normalverkauf
S1000141.44992,SP1000141.18.44992,SY1000141.2026.44992,iPad1(1000141),141,14.06.26 17:40,Prod,A1000141.7255,,104,S1000141.44992,SALE,2,3.9,7.8,0.0,0.0,0.0,0.0,124,Cola Zero,Getränke,,MwSt. 19%,1.19,6.554622,1.245378,Normalverkauf
