Identifikator,Perioden Id,Jahres Id,Geräte_Name,Standort,Datum,Modus,Konto,Konto Name,Mitarbeiter,Referenz,Typ,Mng,Einzelpreis,FinalPreis,Rabatt,Materialverlust/Bruch,Gratis,Buchung,SKU,Artikel,Gruppe,StatGruppe,SteuerName,SteuerRate,VorSteuern,SteuernMenge,Profil
S1000111.41892,SP1000111.26.41892,SY1000111.2026.41892,iPad1(1000111),111,01.06.26 16:02,Prod,A1000111.6324,Tisch 12,114,S1000111.41892,SALE,2,4.2,8.4,0.0,0.0,0.0,0.0,122,Bier,Getränke,,MwSt. 19%,1.19,7.058824,1.341176,Normalverkauf
S1000111.41893,SP1000111.26.41893,SY1000111.2026.41893,iPad1(1000111),111,01.06.26 20:03,Prod,A1000111.6325,Tisch 14,118,S1000111.41893,VOID,1,7.9,7.9,0.0,0.0,0.0,0.0,106,Neptun-Ringe,Beilagen,,MwSt. 7%,1.07,7.383178,0.516822,Normalverkauf
S1000111.41894,SP1000111.26.41894,SY1000111.2026.41894,iPad1(1000111),111,01.06.26 16:02,Prod,A1000111.6326,Tisch 20,107,S1000111.41894,VOID,2,9.8,19.6,0.0,0.0,0.0,0.0,108,Seelachs-Ei-Baugette,Hauptgerichte,,MwSt. 7%,1.07,18.317757,1.282243,Normalverkauf
S1000111.41895,SP1000111.26.41895,SY1000111.2026.41895,iPad1(1000111),111,01.06.26 16:02,Prod,A1000111.6326,Tisch 20,107,S1000111.41895,VOID,1,3.9,3.9,0.0,0.0,0.0,0.0,126,Spezi,Getränke,,MwSt. 19%,1.19,3.277311,0.622689,Normalverkauf
S1000111.41896,SP1000111.26.41896,SY1000111.2026.41896,iPad1(1000111),111,01.06.26 16:02,Prod,A1000111.6326,Tisch 20,107,S1000111.41896,VOID,2,6.5,13.0,0.0,0.0,0.0,0.0,118,Schokokuchen,Desserts,,MwSt. 7%,1.07,12.149533,0.850467,Normalverkauf
S1000111.41897,SP1000111.26.41897,SY1000111.2026.41897,iPad1(1000111),111,01.06.26 20:33,Prod,A1000111.6327,Tisch 9,114,S1000111.41897,SALE,1,10.9,10.9,0.0,0.0,0.0,0.0,107,Chicken Burger,Hauptgerichte,,MwSt. 7%,1.07,10.186916,0.713084,Normalverkauf
S1000111.41898,SP1000111.26.41898,SY1000111.2026.41898,iPad1(1000111),111,01.06.26 20:33,Prod,A1000111.6327,Tisch 9,114,S1000111.41898,SALE,2,3.9,7.8,0.0,0.0,0.0,0.0,127,Alkoholfreies Bier,Getränke,,MwSt. 19%,1.19,6.554622,1.245378,Normalverkauf
S1000111.41899,SP1000111.26.41899,SY1000111.2026.41899,iPad1(1000111),111,01.06.26 20:33,Prod,A1000111.6327,Tisch 9,114,S1000111.41899,SALE,2,11.5,23.0,0.0,0.0,0.0,0.0,105,Garnelen-Kimchi-Bruger,Hauptgerichte,,MwSt. 7%,1.07,21.495327,1.504673,Normalverkauf
S1000111.41900,SP1000111.26.41900,SY1000111.2026.41900,iPad1(1000111),111,01.06.26 15:49,Prod,A1000111.6328,Tisch 14,114,S1000111.41900,SALE,1,11.5,11.5,0.0,0.0,0.0,0.0,105,Garnelen-Kimchi-Bruger,Hauptgerichte,,MwSt. 7%,1.07,10.747664,0.752336,Normalverkauf
S1000111.41901,SP1000111.26.41901,SY1000111.2026.41901,iPad1(1000111),111,01.06.26 15:49,Prod,A1000111.6328,Tisch 14,114,S1000111.41901,SALE,2,7.9,15.8,0.0,0.0,0.0,0.0,106,Neptun-Ringe,Beilagen,,MwSt. 7%,1.07,14.766355,1.033645,Normalverkauf
S1000111.41902,SP1000111.26.41902,SY1000111.2026.41902,iPad1(1000111),111,01.06.26 15:49,Prod,A1000111.6328,Tisch 14,114,S1000111.41902,SALE,2,3.9,7.8,0.0,0.0,0.0,0.0,119,Cola,Getränke,,MwSt. 19%,1.19,6.554622,1.245378,Normalverkauf
S1000111.41903,SP1000111.26.41903,SY1000111.2026.41903,iPad1(1000111),111,01.06.26 19:25,Prod,A1000111.6329,Tisch 6,114,S1000111.41903,SALE,1,6.9,6.9,0.0,0.0,0.0,0.0,103,Fischbrötchen Räucherlachs,Hauptspeisen,,MwSt. 7%,1.07,6.448598,0.451402,Normalverkauf
S1000111.41904,SP1000111.26.41904,SY1000111.2026.41904,iPad1(1000111),111,01.06.26 19:25,Prod,A1000111.6329,Tisch 6,114,S1000111.41904,SALE,2,3.9,7.8,0.0,0.0,0.0,0.0,126,Spezi,Getränke,,MwSt. 19%,1.19,6.554622,1.245378,Normalverkauf
S1000111.41905,SP1000111.26.41905,SY1000111.2026.41905,iPad1(1000111),111,01.06.26 18:25,Prod,A1000111.6330,Tisch 3,115,S1000111.41905,SALE,1,4.9,4.9,0.0,0.0,0.0,0.0,112,Kartoffelwedges,Beilagen,,MwSt. 7%,1.07,4.579439,0.320561,Normalverkauf
S1000111.41906,SP1000111.26.41906,SY1000111.2026.41906,iPad1(1000111),111,01.06.26 16:08,Prod,A1000111.6331,Tisch 8,119,S1000111.41906,SALE,2,3.9,7.8,0.0,0.0,0.0,0.0,126,Spezi,Getränke,,MwSt. 19%,1.19,6.554622,1.245378,Normalverkauf
S1000111.41907,SP1000111.26.41907,SY1000111.2026.41907,iPad1(1000111),111,01.06.26 16:05,Prod,A1000111.6332,Tisch 20,107,S1000111.41907,SALE,2,5.9,11.8,0.0,0.0,0.0,0.0,125,Zitronen-Limonade,Getränke,,MwSt. 19%,1.19,9.915966,1.884034,Normalverkauf
S1000111.41908,SP1000111.26.41908,SY1000111.2026.41908,iPad1(1000111),111,01.06.26 16:05,Prod,A1000111.6332,Tisch 20,107,S1000111.41908,SALE,1,3.9,3.9,0.0,0.0,0.0,0.0,119,Cola,Getränke,,MwSt. 19%,1.19,3.277311,0.622689,Normalverkauf
S1000111.41909,SP1000111.26.41909,SY1000111.2026.41909,iPad1(1000111),111,01.06.26 12:46,Prod,A1000111.6333,,119,S1000111.41909,SALE,1,5.9,5.9,0.0,0.0,0.0,0.0,125,Zitronen-Limonade,Getränke,,MwSt. 19%,1.19,4.957983,0.942017,Normalverkauf
S1000111.41910,SP1000111.26.41910,SY1000111.2026.41910,iPad1(1000111),111,01.06.26 12:00,Prod,A1000111.6334,,114,S1000111.41910,SALE,1,10.9,10.9,0.0,0.0,0.0,0.0,104,Thunfisch Wrap,Hauptgerichte,,MwSt. 7%,1.07,10.186916,0.713084,Normalverkauf
S1000111.41911,SP1000111.26.41911,SY1000111.2026.41911,iPad1(1000111),111,01.06.26 12:00,Prod,A1000111.6334,,114,S1000111.41911,SALE,2,6.9,13.8,0.0,0.0,0.0,0.0,103,Fischbrötchen Räucherlachs,Hauptspeisen,,MwSt. 7%,1.07,12.897196,0.902804,Normalverkauf
S1000111.41912,SP1000111.26.41912,SY1000111.2026.41912,iPad1(1000111),111,01.06.26 20:22,Prod,A1000111.6335,Tisch 21,101,S1000111.41912,SALE,1,3.9,3.9,0.0,0.0,0.0,0.0,119,Cola,Getränke,,MwSt. 19%,1.19,3.277311,0.622689,Normalverkauf
S1000111.41913,SP1000111.26.41913,SY1000111.2026.41913,iPad1(1000111),111,01.06.26 20:22,Prod,A1000111.6335,Tisch 21,101,S1000111.41913,SALE,1,3.9,3.9,0.0,0.0,0.0,0.0,126,Spezi,Getränke,,MwSt. 19%,1.19,3.277311,0.622689,Normalverkauf
S1000111.41914,SP1000111.26.41914,SY1000111.2026.41914,iPad1(1000111),111,01.06.26 18:14,Prod,A1000111.6336,Tisch 19,117,S1000111.41914,VOID,1,11.9,11.9,0.0,0.0,0.0,0.0,110,Matjes-Baguette,Hauptgerichte,,MwSt. 7%,1.07,11.121495,0.778505,Normalverkauf
S1000111.41915,SP1000111.26.41915,SY1000111.2026.41915,iPad1(1000111),111,01.06.26 18:14,Prod,A1000111.6336,Tisch 19,117,S1000111.41915,VOID,2,3.9,7.8,0.0,0.0,0.0,0.0,119,Cola,Getränke,,MwSt. 19%,1.19,6.554622,1.245378,Normalverkauf
S1000111.41916,SP1000111.26.41916,SY1000111.2026.41916,iPad1(1000111),111,01.06.26 18:14,Prod,A1000111.6336,Tisch 19,117,S1000111.41916,VOID,1,4.2,4.2,0.0,0.0,0.0,0.0,122,Bier,Getränke,,MwSt. 19%,1.19,3.529412,0.670588,Normalverkauf
S1000111.41917,SP1000111.26.41917,SY1000111.2026.41917,iPad1(1000111),111,01.06.26 09:34,Prod,A1000111.6337,Tisch 12,107,S1000111.41917,SALE,2,4.9,9.8,0.0,0.0,0.0,0.0,112,Kartoffelwedges,Beilagen,,MwSt. 7%,1.07,9.158879,0.641121,Normalverkauf
S1000111.41918,SP1000111.26.41918,SY1000111.2026.41918,iPad1(1000111),111,01.06.26 09:34,Prod,A1000111.6337,Tisch 12,107,S1000111.41918,SALE,2,6.9,13.8,0.0,0.0,0.0,0.0,103,Fischbrötchen Räucherlachs,Hauptspeisen,,MwSt. 7%,1.07,12.897196,0.902804,Normalverkauf
S1000111.41919,SP1000111.26.41919,SY1000111.2026.41919,iPad1(1000111),111,01.06.26 16:29,Prod,A1000111.6338,Tisch 7,119,S1000111.41919,SALE,1,3.2,3.2,0.0,0.0,0.0,0.0,120,Apfelschorle,Getränke,,MwSt. 19%,1.19,2.689076,0.510924,Normalverkauf
S1000111.41920,SP1000111.26.41920,SY1000111.2026.41920,iPad1(1000111),111,01.06.26 18:18,Prod,A1000111.6339,Tisch 1,107,S1000111.41920,SALE,1,9.8,9.8,0.0,0.0,0.0,0.0,108,Seelachs-Ei-Baugette,Hauptgerichte,,MwSt. 7%,1.07,9.158879,0.641121,Normalverkauf
S1000111.41921,SP1000111.26.41921,SY1000111.2026.41921,iPad1(1000111),111,01.06.26 18:18,Prod,A1000111.6339,Tisch 1,107,S1000111.41921,SALE,1,5.5,5.5,0.0,0.0,0.0,0.0,111,Pommes Frites,Beilagen,,MwSt. 7%,1.07,5.140187,0.359813,Normalverkauf
S1000111.41922,SP1000111.26.41922,SY1000111.2026.41922,iPad1(1000111),111,01.06.26 18:18,Prod,A1000111.6339,Tisch 1,107,S1000111.41922,SALE,1,5.9,5.9,0.0,0.0,0.0,0.0,117,Rote Grütze,Desserts,,MwSt. 7%,1.07,5.514019,0.385981,Normalverkauf
S1000111.41923,SP1000111.26.41923,SY1000111.2026.41923,iPad1(1000111),111,01.06.26 18:51,Prod,A1000111.6340,Tisch 5,118,S1000111.41923,SALE,2,3.9,7.8,0.0,0.0,0.0,0.0,119,Cola,Getränke,,MwSt. 19%,1.19,6.554622,1.245378,Normalverkauf
S1000111.41924,SP1000111.26.41924,SY1000111.2026.41924,iPad1(1000111),111,01.06.26 18:51,Prod,A1000111.6340,Tisch 5,118,S1000111.41924,SALE,2,3.9,7.8,0.0,0.0,0.0,0.0,124,Cola Zero,Getränke,,MwSt. 19%,1.19,6.554622,1.245378,Normalverkauf
S1000111.41925,SP1000111.26.41925,SY1000111.2026.41925,iPad1(1000111),111,01.06.26 18:51,Prod,A1000111.6340,Tisch 5,118,S1000111.41925,SALE,1,4.2,4.2,0.0,0.0,0.0,0.0,122,Bier,Getränke,,MwSt. 19%,1.19,3.529412,0.670588,Normalverkauf
S1000111.41926,SP1000111.26.41926,SY1000111.2026.41926,iPad1(1000111),111,01.06.26 13:43,Prod,A1000111.6341,Tisch 22,101,S1000111.41926,SALE,1,3.9,3.9,0.0,0.0,0.0,0.0,127,Alkoholfreies Bier,Getränke,,MwSt. 19%,1.19,3.277311,0.622689,Normalverkauf
S1000111.41927,SP1000111.26.41927,SY1000111.2026.41927,iPad1(1000111),111,01.06.26 12:48,Prod,A1000111.6342,Tisch 19,107,S1000111.41927,SALE,1,3.2,3.2,0.0,0.0,0.0,0.0,120,Apfelschorle,Getränke,,MwSt. 19%,1.19,2.689076,0.510924,Normalverkauf
S1000111.41928,SP1000111.26.41928,SY1000111.2026.41928,iPad1(1000111),111,01.06.26 12:48,Prod,A1000111.6342,Tisch 19,107,S1000111.41928,SALE,1,10.9,10.9,0.0,0.0,0.0,0.0,104,Thunfisch Wrap,Hauptgerichte,,MwSt. 7%,1.07,10.186916,0.713084,Normalverkauf
S1000111.41929,SP1000111.26.41929,SY1000111.2026.41929,iPad1(1000111),111,01.06.26 12:48,Prod,A1000111.6342,Tisch 19,107,S1000111.41929,SALE,2,10.9,21.8,0.0,0.0,0.0,0.0,109,Bismarck-Baguette,Hauptgerichte,,MwSt. 7%,1.07,20.373832,1.426168,Normalverkauf
S1000111.41930,SP1000111.26.41930,SY1000111.2026.41930,iPad1(1000111),111,01.06.26 18:21,Prod,A1000111.6343,Tisch 15,119,S1000111.41930,SALE,2,10.9,21.8,0.0,0.0,0.0,0.0,107,Chicken Burger,Hauptgerichte,,MwSt. 7%,1.07,20.373832,1.426168,Normalverkauf
S1000111.41931,SP1000111.26.41931,SY1000111.2026.41931,iPad1(1000111),111,01.06.26 18:21,Prod,A1000111.6343,Tisch 15,119,S1000111.41931,SALE,1,3.9,3.9,0.0,0.0,0.0,0.0,127,Alkoholfreies Bier,Getränke,,MwSt. 19%,1.19,3.277311,0.622689,Normalverkauf
S1000111.41932,SP1000111.26.41932,SY1000111.2026.41932,iPad1(1000111),111,01.06.26 18:21,Prod,A1000111.6343,Tisch 15,119,S1000111.41932,SALE,1,5.5,5.5,0.0,0.0,0.0,0.0,111,Pommes Frites,Beilagen,,MwSt. 7%,1.07,5.140187,0.359813,Normalverkauf
S1000111.41933,SP1000111.26.41933,SY1000111.2026.41933,iPad1(1000111),111,01.06.26 19:26,Prod,A1000111.6344,,117,S1000111.41933,SALE,2,3.9,7.8,0.0,0.0,0.0,0.0,119,Cola,Getränke,,MwSt. 19%,1.19,6.554622,1.245378,Normalverkauf
S1000111.41934,SP1000111.26.41934,SY1000111.2026.41934,iPad1(1000111),111,01.06.26 19:26,Prod,A1000111.6344,,117,S1000111.41934,SALE,1,4.9,4.9,0.0,0.0,0.0,0.0,112,Kartoffelwedges,Beilagen,,MwSt. 7%,1.07,4.579439,0.320561,Normalverkauf
S1000111.41935,SP1000111.26.41935,SY1000111.2026.41935,iPad1(1000111),111,01.06.26 18:17,Prod,A1000111.6345,Tisch 23,101,S1000111.41935,SALE,1,5.9,5.9,0.0,0.0,0.0,0.0,116,Vanillequark,Desserts,,MwSt. 7%,1.07,5.514019,0.385981,Normalverkauf
S1000111.41936,SP1000111.26.41936,SY1000111.2026.41936,iPad1(1000111),111,01.06.26 18:17,Prod,A1000111.6345,Tisch 23,101,S1000111.41936,SALE,1,13.5,13.5,0.0,0.0,0.0,0.0,102,Matjes,Hauptspeisen,,MwSt. 7%,1.07,12.616822,0.883178,Normalverkauf
S1000111.41937,SP1000111.26.41937,SY1000111.2026.41937,iPad1(1000111),111,01.06.26 11:57,Prod,A1000111.6346,Tisch 18,115,S1000111.41937,SALE,2,5.9,11.8,0.0,0.0,0.0,0.0,117,Rote Grütze,Desserts,,MwSt. 7%,1.07,11.028037,0.771963,Normalverkauf
S1000111.41938,SP1000111.26.41938,SY1000111.2026.41938,iPad1(1000111),111,01.06.26 11:57,Prod,A1000111.6346,Tisch 18,115,S1000111.41938,SALE,2,3.9,7.8,0.0,0.0,0.0,0.0,127,Alkoholfreies Bier,Getränke,,MwSt. 19%,1.19,6.554622,1.245378,Normalverkauf
S1000111.41939,SP1000111.26.41939,SY1000111.2026.41939,iPad1(1000111),111,01.06.26 09:13,Prod,A1000111.6347,Tisch 11,115,S1000111.41939,SALE,2,3.9,7.8,0.0,0.0,0.0,0.0,119,Cola,Getränke,,MwSt. 19%,1.19,6.554622,1.245378,Normalverkauf
S1000111.41940,SP1000111.26.41940,SY1000111.2026.41940,iPad1(1000111),111,01.06.26 09:13,Prod,A1000111.6347,Tisch 11,115,S1000111.41940,SALE,1,3.9,3.9,0.0,0.0,0.0,0.0,119,Cola,Getränke,,MwSt. 19%,1.19,3.277311,0.622689,Normalverkauf
S1000111.41941,SP1000111.26.41941,SY1000111.2026.41941,iPad1(1000111),111,01.06.26 19:48,Prod,A1000111.6348,Tisch 23,107,S1000111.41941,SALE,1,3.9,3.9,0.0,0.0,0.0,0.0,119,Cola,Getränke,,MwSt. 19%,1.19,3.277311,0.622689,Normalverkauf
S1000111.41942,SP1000111.26.41942,SY1000111.2026.41942,iPad1(1000111),111,01.06.26 19:48,Prod,A1000111.6348,Tisch 23,107,S1000111.41942,SALE,2,3.9,7.8,0.0,0.0,0.0,0.0,124,Cola Zero,Getränke,,MwSt. 19%,1.19,6.554622,1.245378,Normalverkauf
S1000111.41943,SP1000111.26.41943,SY1000111.2026.41943,iPad1(1000111),111,01.06.26 18:38,Prod,A1000111.6349,Tisch 24,101,S1000111.41943,VOID,2,6.9,13.8,0.0,0.0,0.0,0.0,113,Garnelen Box,Beilagen,,MwSt. 7%,1.07,12.897196,0.902804,Normalverkauf
S1000111.41944,SP1000111.26.41944,SY1000111.2026.41944,iPad1(1000111),111,01.06.26 18:38,Prod,A1000111.6349,Tisch 24,101,S1000111.41944,VOID,1,6.5,6.5,0.0,0.0,0.0,0.0,100,Fischbrötchen Backfisch,Hauptspeisen,,MwSt. 7%,1.07,6.074766,0.425234,Normalverkauf
S1000111.41945,SP1000111.26.41945,SY1000111.2026.41945,iPad1(1000111),111,01.06.26 18:38,Prod,A1000111.6349,Tisch 24,101,S1000111.41945,VOID,2,2.8,5.6,0.0,0.0,0.0,0.0,121,Mineralwasser,Getränke,,MwSt. 19%,1.19,4.705882,0.894118,Normalverkauf
S1000111.41946,SP1000111.26.41946,SY1000111.2026.41946,iPad1(1000111),111,01.06.26 16:28,Prod,A1000111.6350,Tisch 11,114,S1000111.41946,SALE,1,11.5,11.5,0.0,0.0,0.0,0.0,105,Garnelen-Kimchi-Bruger,Hauptgerichte,,MwSt. 7%,1.07,10.747664,0.752336,Normalverkauf
S1000111.41947,SP1000111.26.41947,SY1000111.2026.41947,iPad1(1000111),111,01.06.26 16:28,Prod,A1000111.6350,Tisch 11,114,S1000111.41947,SALE,1,5.5,5.5,0.0,0.0,0.0,0.0,111,Pommes Frites,Beilagen,,MwSt. 7%,1.07,5.140187,0.359813,Normalverkauf
S1000111.41948,SP1000111.26.41948,SY1000111.2026.41948,iPad1(1000111),111,01.06.26 17:41,Prod,A1000111.6351,,119,S1000111.41948,SALE,2,10.9,21.8,0.0,0.0,0.0,0.0,107,Chicken Burger,Hauptgerichte,,MwSt. 7%,1.07,20.373832,1.426168,Normalverkauf
S1000111.41949,SP1000111.26.41949,SY1000111.2026.41949,iPad1(1000111),111,01.06.26 17:41,Prod,A1000111.6351,,119,S1000111.41949,SALE,2,2.8,5.6,0.0,0.0,0.0,0.0,121,Mineralwasser,Getränke,,MwSt. 19%,1.19,4.705882,0.894118,Normalverkauf
S1000111.41950,SP1000111.26.41950,SY1000111.2026.41950,iPad1(1000111),111,01.06.26 17:41,Prod,A1000111.6351,,119,S1000111.41950,SALE,2,11.5,23.0,0.0,0.0,0.0,0.0,105,Garnelen-Kimchi-Bruger,Hauptgerichte,,MwSt. 7%,1.07,21.495327,1.504673,Normalverkauf
S1000111.41951,SP1000111.26.41951,SY1000111.2026.41951,iPad1(1000111),111,01.06.26 16:04,Prod,A1000111.6352,Tisch 1,107,S1000111.41951,SALE,2,3.2,6.4,0.0,0.0,0.0,0.0,120,Apfelschorle,Getränke,,MwSt. 19%,1.19,5.378151,1.021849,Normalverkauf
S1000111.41952,SP1000111.26.41952,SY1000111.2026.41952,iPad1(1000111),111,01.06.26 16:04,Prod,A1000111.6352,Tisch 1,107,S1000111.41952,SALE,1,4.9,4.9,0.0,0.0,0.0,0.0,112,Kartoffelwedges,Beilagen,,MwSt. 7%,1.07,4.579439,0.320561,Normalverkauf
S1000111.41953,SP1000111.26.41953,SY1000111.2026.41953,iPad1(1000111),111,01.06.26 16:04,Prod,A1000111.6352,Tisch 1,107,S1000111.41953,SALE,1,3.9,3.9,0.0,0.0,0.0,0.0,126,Spezi,Getränke,,MwSt. 19%,1.19,3.277311,0.622689,Normalverkauf
S1000111.41954,SP1000111.26.41954,SY1000111.2026.41954,iPad1(1000111),111,01.06.26 17:54,Prod,A1000111.6353,Tisch 21,107,S1000111.41954,VOID,2,7.9,15.8,0.0,0.0,0.0,0.0,115,Tiramisu,Desserts,,MwSt. 7%,1.07,14.766355,1.033645,Normalverkauf
S1000111.41955,SP1000111.26.41955,SY1000111.2026.41955,iPad1(1000111),111,01.06.26 17:54,Prod,A1000111.6353,Tisch 21,107,S1000111.41955,VOID,2,11.5,23.0,0.0,0.0,0.0,0.0,105,Garnelen-Kimchi-Bruger,Hauptgerichte,,MwSt. 7%,1.07,21.495327,1.504673,Normalverkauf
S1000111.41956,SP1000111.26.41956,SY1000111.2026.41956,iPad1(1000111),111,01.06.26 16:13,Prod,A1000111.6354,Tisch 12,119,S1000111.41956,SALE,2,5.5,11.0,0.0,0.0,0.0,0.0,114,Fisch Nuggets Box,Beilagen,,MwSt. 7%,1.07,10.280374,0.719626,Normalverkauf
S1000111.41957,SP1000111.26.41957,SY1000111.2026.41957,iPad1(1000111),111,01.06.26 16:13,Prod,A1000111.6354,Tisch 12,119,S1000111.41957,SALE,2,6.9,13.8,0.0,0.0,0.0,0.0,113,Garnelen Box,Beilagen,,MwSt. 7%,1.07,12.897196,0.902804,Normalverkauf
S1000111.41958,SP1000111.26.41958,SY1000111.2026.41958,iPad1(1000111),111,01.06.26 16:13,Prod,A1000111.6354,Tisch 12,119,S1000111.41958,SALE,1,5.9,5.9,0.0,0.0,0.0,0.0,116,Vanillequark,Desserts,,MwSt. 7%,1.07,5.514019,0.385981,Normalverkauf
S1000111.41959,SP1000111.26.41959,SY1000111.2026.41959,iPad1(1000111),111,01.06.26 12:18,Prod,A1000111.6355,Tisch 7,118,S1000111.41959,SALE,1,4.2,4.2,0.0,0.0,0.0,0.0,122,Bier,Getränke,,MwSt. 19%,1.19,3.529412,0.670588,Normalverkauf
S1000111.41960,SP1000111.26.41960,SY1000111.2026.41960,iPad1(1000111),111,01.06.26 15:11,Prod,A1000111.6356,Tisch 4,107,S1000111.41960,SALE,1,3.9,3.9,0.0,0.0,0.0,0.0,119,Cola,Getränke,,MwSt. 19%,1.19,3.277311,0.622689,Normalverkauf
S1000111.41961,SP1000111.26.41961,SY1000111.2026.41961,iPad1(1000111),111,01.06.26 15:11,Prod,A1000111.6356,Tisch 4,107,S1000111.41961,SALE,1,11.5,11.5,0.0,0.0,0.0,0.0,105,Garnelen-Kimchi-Bruger,Hauptgerichte,,MwSt. 7%,1.07,10.747664,0.752336,Normalverkauf
S1000111.41962,SP1000111.26.41962,SY1000111.2026.41962,iPad1(1000111),111,01.06.26 15:11,Prod,A1000111.6356,Tisch 4,107,S1000111.41962,SALE,1,2.8,2.8,0.0,0.0,0.0,0.0,121,Mineralwasser,Getränke,,MwSt. 19%,1.19,2.352941,0.447059,Normalverkauf
S1000111.41963,SP1000111.26.41963,SY1000111.2026.41963,iPad1(1000111),111,01.06.26 16:29,Prod,A1000111.6357,Tisch 11,101,S1000111.41963,SALE,2,5.5,11.0,0.0,0.0,0.0,0.0,111,Pommes Frites,Beilagen,,MwSt. 7%,1.07,10.280374,0.719626,Normalverkauf
S1000111.41964,SP1000111.26.41964,SY1000111.2026.41964,iPad1(1000111),111,01.06.26 16:29,Prod,A1000111.6357,Tisch 11,101,S1000111.41964,SALE,1,6.9,6.9,0.0,0.0,0.0,0.0,113,Garnelen Box,Beilagen,,MwSt. 7%,1.07,6.448598,0.451402,Normalverkauf
S1000111.41965,SP1000111.26.41965,SY1000111.2026.41965,iPad1(1000111),111,01.06.26 20:56,Prod,A1000111.6358,Tisch 16,119,S1000111.41965,SALE,2,4.9,9.8,0.0,0.0,0.0,0.0,112,Kartoffelwedges,Beilagen,,MwSt. 7%,1.07,9.158879,0.641121,Normalverkauf
S1000111.41966,SP1000111.26.41966,SY1000111.2026.41966,iPad1(1000111),111,01.06.26 20:56,Prod,A1000111.6358,Tisch 16,119,S1000111.41966,SALE,2,3.9,7.8,0.0,0.0,0.0,0.0,124,Cola Zero,Getränke,,MwSt. 19%,1.19,6.554622,1.245378,Normalverkauf
S1000111.41967,SP1000111.26.41967,SY1000111.2026.41967,iPad1(1000111),111,01.06.26 09:39,Prod,A1000111.6359,Tisch 5,118,S1000111.41967,SALE,1,6.9,6.9,0.0,0.0,0.0,0.0,113,Garnelen Box,Beilagen,,MwSt. 7%,1.07,6.448598,0.451402,Normalverkauf
S1000111.41968,SP1000111.26.41968,SY1000111.2026.41968,iPad1(1000111),111,01.06.26 18:09,Prod,A1000111.6360,Tisch 21,117,S1000111.41968,SALE,2,6.5,13.0,0.0,0.0,0.0,0.0,100,Fischbrötchen Backfisch,Hauptspeisen,,MwSt. 7%,1.07,12.149533,0.850467,Normalverkauf
S1000111.41969,SP1000111.26.41969,SY1000111.2026.41969,iPad1(1000111),111,01.06.26 18:57,Prod,A1000111.6361,Tisch 23,115,S1000111.41969,SALE,2,3.9,7.8,0.0,0.0,0.0,0.0,126,Spezi,Getränke,,MwSt. 19%,1.19,6.554622,1.245378,Normalverkauf
S1000111.41970,SP1000111.26.41970,SY1000111.2026.41970,iPad1(1000111),111,01.06.26 18:57,Prod,A1000111.6361,Tisch 23,115,S1000111.41970,SALE,1,5.5,5.5,0.0,0.0,0.0,0.0,111,Pommes Frites,Beilagen,,MwSt. 7%,1.07,5.140187,0.359813,Normalverkauf
S1000111.41971,SP1000111.26.41971,SY1000111.2026.41971,iPad1(1000111),111,01.06.26 18:57,Prod,A1000111.6361,Tisch 23,115,S1000111.41971,SALE,2,10.9,21.8,0.0,0.0,0.0,0.0,107,Chicken Burger,Hauptgerichte,,MwSt. 7%,1.07,20.373832,1.426168,Normalverkauf
S1000111.41972,SP1000111.26.41972,SY1000111.2026.41972,iPad1(1000111),111,01.06.26 08:41,Prod,A1000111.6362,Tisch 23,107,S1000111.41972,SALE,2,5.9,11.8,0.0,0.0,0.0,0.0,125,Zitronen-Limonade,Getränke,,MwSt. 19%,1.19,9.915966,1.884034,Normalverkauf
S1000111.41973,SP1000111.26.41973,SY1000111.2026.41973,iPad1(1000111),111,01.06.26 16:19,Prod,A1000111.6363,Tisch 17,101,S1000111.41973,SALE,2,4.9,9.8,0.0,0.0,0.0,0.0,112,Kartoffelwedges,Beilagen,,MwSt. 7%,1.07,9.158879,0.641121,Normalverkauf
S1000111.41974,SP1000111.26.41974,SY1000111.2026.41974,iPad1(1000111),111,01.06.26 20:44,Prod,A1000111.6364,Tisch 3,119,S1000111.41974,SALE,1,6.9,6.9,0.0,0.0,0.0,0.0,103,Fischbrötchen Räucherlachs,Hauptspeisen,,MwSt. 7%,1.07,6.448598,0.451402,Normalverkauf
S1000111.41975,SP1000111.26.41975,SY1000111.2026.41975,iPad1(1000111),111,01.06.26 20:44,Prod,A1000111.6364,Tisch 3,119,S1000111.41975,SALE,2,14.5,29.0,0.0,0.0,0.0,0.0,101,Lachs,Hauptspeisen,,MwSt. 7%,1.07,27.102804,1.897196,Normalverkauf
S1000111.41976,SP1000111.26.41976,SY1000111.2026.41976,iPad1(1000111),111,01.06.26 13:21,Prod,A1000111.6365,Tisch 15,107,S1000111.41976,SALE,1,2.8,2.8,0.0,0.0,0.0,0.0,121,Mineralwasser,Getränke,,MwSt. 19%,1.19,2.352941,0.447059,Normalverkauf
S1000111.41977,SP1000111.26.41977,SY1000111.2026.41977,iPad1(1000111),111,01.06.26 13:21,Prod,A1000111.6365,Tisch 15,107,S1000111.41977,SALE,2,7.9,15.8,0.0,0.0,0.0,0.0,106,Neptun-Ringe,Beilagen,,MwSt. 7%,1.07,14.766355,1.033645,Normalverkauf
S1000111.41978,SP1000111.26.41978,SY1000111.2026.41978,iPad1(1000111),111,01.06.26 17:57,Prod,A1000111.6366,Tisch 7,119,S1000111.41978,SALE,1,6.5,6.5,0.0,0.0,0.0,0.0,100,Fischbrötchen Backfisch,Hauptspeisen,,MwSt. 7%,1.07,6.074766,0.425234,Normalverkauf
S1000111.41979,SP1000111.26.41979,SY1000111.2026.41979,iPad1(1000111),111,01.06.26 17:57,Prod,A1000111.6366,Tisch 7,119,S1000111.41979,SALE,1,3.9,3.9,0.0,0.0,0.0,0.0,124,Cola Zero,Getränke,,MwSt. 19%,1.19,3.277311,0.622689,Normalverkauf
S1000111.41980,SP1000111.26.41980,SY1000111.2026.41980,iPad1(1000111),111,01.06.26 17:57,Prod,A1000111.6366,Tisch 7,119,S1000111.41980,SALE,1,2.8,2.8,0.0,0.0,0.0,0.0,121,Mineralwasser,Getränke,,MwSt. 19%,1.19,2.352941,0.447059,Normalverkauf
S1000111.41981,SP1000111.26.41981,SY1000111.2026.41981,iPad1(1000111),111,01.06.26 11:24,Prod,A1000111.6367,Tisch 3,107,S1000111.41981,SALE,1,10.9,10.9,0.0,0.0,0.0,0.0,104,Thunfisch Wrap,Hauptgerichte,,MwSt. 7%,1.07,10.186916,0.713084,Normalverkauf
S1000111.41982,SP1000111.26.41982,SY1000111.2026.41982,iPad1(1000111),111,01.06.26 11:24,Prod,A1000111.6367,Tisch 3,107,S1000111.41982,SALE,2,10.9,21.8,0.0,0.0,0.0,0.0,107,Chicken Burger,Hauptgerichte,,MwSt. 7%,1.07,20.373832,1.426168,Normalverkauf
S1000111.41983,SP1000111.26.41983,SY1000111.2026.41983,iPad1(1000111),111,01.06.26 13:05,Prod,A1000111.6368,Tisch 20,115,S1000111.41983,SALE,2,10.9,21.8,0.0,0.0,0.0,0.0,104,Thunfisch Wrap,Hauptgerichte,,MwSt. 7%,1.07,20.373832,1.426168,Normalverkauf
S1000111.41984,SP1000111.26.41984,SY1000111.2026.41984,iPad1(1000111),111,01.06.26 13:05,Prod,A1000111.6368,Tisch 20,115,S1000111.41984,SALE,1,11.9,11.9,0.0,0.0,0.0,0.0,110,Matjes-Baguette,Hauptgerichte,,MwSt. 7%,1.07,11.121495,0.778505,Normalverkauf
S1000111.41985,SP1000111.26.41985,SY1000111.2026.41985,iPad1(1000111),111,01.06.26 13:26,Prod,A1000111.6369,Tisch 3,115,S1000111.41985,SALE,2,2.8,5.6,0.0,0.0,0.0,0.0,121,Mineralwasser,Getränke,,MwSt. 19%,1.19,4.705882,0.894118,Normalverkauf
S1000111.41986,SP1000111.26.41986,SY1000111.2026.41986,iPad1(1000111),111,01.06.26 13:26,Prod,A1000111.6369,Tisch 3,115,S1000111.41986,SALE,2,3.9,7.8,0.0,0.0,0.0,0.0,127,Alkoholfreies Bier,Getränke,,MwSt. 19%,1.19,6.554622,1.245378,Normalverkauf
S1000111.41987,SP1000111.26.41987,SY1000111.2026.41987,iPad1(1000111),111,01.06.26 13:26,Prod,A1000111.6369,Tisch 3,115,S1000111.41987,SALE,2,3.9,7.8,0.0,0.0,0.0,0.0,127,Alkoholfreies Bier,Getränke,,MwSt. 19%,1.19,6.554622,1.245378,Normalverkauf
S1000111.41988,SP1000111.26.41988,SY1000111.2026.41988,iPad1(1000111),111,01.06.26 18:27,Prod,A1000111.6370,Tisch 18,107,S1000111.41988,SALE,2,6.5,13.0,0.0,0.0,0.0,0.0,118,Schokokuchen,Desserts,,MwSt. 7%,1.07,12.149533,0.850467,Normalverkauf
S1000111.41989,SP1000111.26.41989,SY1000111.2026.41989,iPad1(1000111),111,01.06.26 18:27,Prod,A1000111.6370,Tisch 18,107,S1000111.41989,SALE,2,10.9,21.8,0.0,0.0,0.0,0.0,109,Bismarck-Baguette,Hauptgerichte,,MwSt. 7%,1.07,20.373832,1.426168,Normalverkauf
S1000111.41990,SP1000111.26.41990,SY1000111.2026.41990,iPad1(1000111),111,01.06.26 18:27,Prod,A1000111.6370,Tisch 18,107,S1000111.41990,SALE,1,3.9,3.9,0.0,0.0,0.0,0.0,126,Spezi,Getränke,,MwSt. 19%,1.19,3.277311,0.622689,Normalverkauf
S1000111.41991,SP1000111.26.41991,SY1000111.2026.41991,iPad1(1000111),111,01.06.26 11:43,Prod,A1000111.6371,Tisch 17,115,S1000111.41991,SALE,2,9.8,19.6,0.0,0.0,0.0,0.0,108,Seelachs-Ei-Baugette,Hauptgerichte,,MwSt. 7%,1.07,18.317757,1.282243,Normalverkauf
S1000111.41992,SP1000111.26.41992,SY1000111.2026.41992,iPad1(1000111),111,01.06.26 11:43,Prod,A1000111.6371,Tisch 17,115,S1000111.41992,SALE,1,3.9,3.9,0.0,0.0,0.0,0.0,119,Cola,Getränke,,MwSt. 19%,1.19,3.277311,0.622689,Normalverkauf
S1000111.41993,SP1000111.26.41993,SY1000111.2026.41993,iPad1(1000111),111,01.06.26 11:43,Prod,A1000111.6371,Tisch 17,115,S1000111.41993,SALE,2,3.2,6.4,0.0,0.0,0.0,0.0,120,Apfelschorle,Getränke,,MwSt. 19%,1.19,5.378151,1.021849,Normalverkauf
S1000111.41994,SP1000111.26.41994,SY1000111.2026.41994,iPad1(1000111),111,01.06.26 20:33,Prod,A1000111.6372,Tisch 15,101,S1000111.41994,SALE,2,5.5,11.0,0.0,0.0,0.0,0.0,111,Pommes Frites,Beilagen,,MwSt. 7%,1.07,10.280374,0.719626,Normalverkauf
S1000111.41995,SP1000111.26.41995,SY1000111.2026.41995,iPad1(1000111),111,01.06.26 20:33,Prod,A1000111.6372,Tisch 15,101,S1000111.41995,SALE,1,5.5,5.5,0.0,0.0,0.0,0.0,111,Pommes Frites,Beilagen,,MwSt. 7%,1.07,5.140187,0.359813,Normalverkauf
S1000111.41996,SP1000111.26.41996,SY1000111.2026.41996,iPad1(1000111),111,01.06.26 20:07,Prod,A1000111.6373,Tisch 1,101,S1000111.41996,SALE,2,3.2,6.4,0.0,0.0,0.0,0.0,120,Apfelschorle,Getränke,,MwSt. 19%,1.19,5.378151,1.021849,Normalverkauf
S1000111.41997,SP1000111.26.41997,SY1000111.2026.41997,iPad1(1000111),111,01.06.26 20:07,Prod,A1000111.6373,Tisch 1,101,S1000111.41997,SALE,2,3.9,7.8,0.0,0.0,0.0,0.0,119,Cola,Getränke,,MwSt. 19%,1.19,6.554622,1.245378,Normalverkauf
S1000111.41998,SP1000111.26.41998,SY1000111.2026.41998,iPad1(1000111),111,01.06.26 13:10,Prod,A1000111.6374,Tisch 18,101,S1000111.41998,VOID,1,3.9,3.9,0.0,0.0,0.0,0.0,119,Cola,Getränke,,MwSt. 19%,1.19,3.277311,0.622689,Normalverkauf
S1000111.41999,SP1000111.26.41999,SY1000111.2026.41999,iPad1(1000111),111,01.06.26 13:10,Prod,A1000111.6374,Tisch 18,101,S1000111.41999,VOID,2,5.9,11.8,0.0,0.0,0.0,0.0,116,Vanillequark,Desserts,,MwSt. 7%,1.07,11.028037,0.771963,Normalverkauf
S1000111.42000,SP1000111.26.42000,SY1000111.2026.42000,iPad1(1000111),111,01.06.26 09:39,Prod,A1000111.6375,Tisch 3,101,S1000111.42000,SALE,1,6.9,6.9,0.0,0.0,0.0,0.0,113,Garnelen Box,Beilagen,,MwSt. 7%,1.07,6.448598,0.451402,Normalverkauf
S1000111.42001,SP1000111.26.42001,SY1000111.2026.42001,iPad1(1000111),111,01.06.26 09:39,Prod,A1000111.6375,Tisch 3,101,S1000111.42001,SALE,2,13.5,27.0,0.0,0.0,0.0,0.0,102,Matjes,Hauptspeisen,,MwSt. 7%,1.07,25.233645,1.766355,Normalverkauf
S1000111.42002,SP1000111.26.42002,SY1000111.2026.42002,iPad1(1000111),111,01.06.26 09:39,Prod,A1000111.6375,Tisch 3,101,S1000111.42002,SALE,2,11.5,23.0,0.0,0.0,0.0,0.0,105,Garnelen-Kimchi-Bruger,Hauptgerichte,,MwSt. 7%,1.07,21.495327,1.504673,Normalverkauf
S1000111.42003,SP1000111.26.42003,SY1000111.2026.42003,iPad1(1000111),111,01.06.26 18:08,Prod,A1000111.6376,Tisch 5,119,S1000111.42003,SALE,2,3.9,7.8,0.0,0.0,0.0,0.0,126,Spezi,Getränke,,MwSt. 19%,1.19,6.554622,1.245378,Normalverkauf
S1000111.42004,SP1000111.26.42004,SY1000111.2026.42004,iPad1(1000111),111,01.06.26 15:32,Prod,A1000111.6377,Tisch 4,118,S1000111.42004,SALE,1,11.9,11.9,0.0,0.0,0.0,0.0,110,Matjes-Baguette,Hauptgerichte,,MwSt. 7%,1.07,11.121495,0.778505,Normalverkauf
S1000111.42005,SP1000111.26.42005,SY1000111.2026.42005,iPad1(1000111),111,01.06.26 13:38,Prod,A1000111.6378,Tisch 1,119,S1000111.42005,SALE,1,10.9,10.9,0.0,0.0,0.0,0.0,104,Thunfisch Wrap,Hauptgerichte,,MwSt. 7%,1.07,10.186916,0.713084,Normalverkauf
S1000111.42006,SP1000111.26.42006,SY1000111.2026.42006,iPad1(1000111),111,01.06.26 13:38,Prod,A1000111.6378,Tisch 1,119,S1000111.42006,SALE,1,5.5,5.5,0.0,0.0,0.0,0.0,111,Pommes Frites,Beilagen,,MwSt. 7%,1.07,5.140187,0.359813,Normalverkauf
S1000111.42007,SP1000111.26.42007,SY1000111.2026.42007,iPad1(1000111),111,01.06.26 18:20,Prod,A1000111.6379,Tisch 3,107,S1000111.42007,VOID,1,10.9,10.9,0.0,0.0,0.0,0.0,109,Bismarck-Baguette,Hauptgerichte,,MwSt. 7%,1.07,10.186916,0.713084,Normalverkauf
S1000111.42008,SP1000111.26.42008,SY1000111.2026.42008,iPad1(1000111),111,01.06.26 08:39,Prod,A1000111.6380,Tisch 16,118,S1000111.42008,SALE,2,10.9,21.8,0.0,0.0,0.0,0.0,104,Thunfisch Wrap,Hauptgerichte,,MwSt. 7%,1.07,20.373832,1.426168,Normalverkauf
S1000111.42009,SP1000111.26.42009,SY1000111.2026.42009,iPad1(1000111),111,01.06.26 08:39,Prod,A1000111.6380,Tisch 16,118,S1000111.42009,SALE,2,3.9,7.8,0.0,0.0,0.0,0.0,124,Cola Zero,Getränke,,MwSt. 19%,1.19,6.554622,1.245378,Normalverkauf
S1000111.42010,SP1000111.26.42010,SY1000111.2026.42010,iPad1(1000111),111,01.06.26 11:53,Prod,A1000111.6381,Tisch 20,115,S1000111.42010,SALE,2,13.5,27.0,0.0,0.0,0.0,0.0,102,Matjes,Hauptspeisen,,MwSt. 7%,1.07,25.233645,1.766355,Normalverkauf
S1000111.42011,SP1000111.26.42011,SY1000111.2026.42011,iPad1(1000111),111,01.06.26 13:02,Prod,A1000111.6382,Tisch 18,119,S1000111.42011,SALE,2,5.5,11.0,0.0,0.0,0.0,0.0,111,Pommes Frites,Beilagen,,MwSt. 7%,1.07,10.280374,0.719626,Normalverkauf
S1000111.42012,SP1000111.26.42012,SY1000111.2026.42012,iPad1(1000111),111,01.06.26 13:02,Prod,A1000111.6382,Tisch 18,119,S1000111.42012,SALE,1,11.9,11.9,0.0,0.0,0.0,0.0,110,Matjes-Baguette,Hauptgerichte,,MwSt. 7%,1.07,11.121495,0.778505,Normalverkauf
S1000111.42013,SP1000111.26.42013,SY1000111.2026.42013,iPad1(1000111),111,01.06.26 18:36,Prod,A1000111.6383,Tisch 21,101,S1000111.42013,SALE,1,4.9,4.9,0.0,0.0,0.0,0.0,112,Kartoffelwedges,Beilagen,,MwSt. 7%,1.07,4.579439,0.320561,Normalverkauf
S1000111.42014,SP1000111.26.42014,SY1000111.2026.42014,iPad1(1000111),111,01.06.26 18:36,Prod,A1000111.6383,Tisch 21,101,S1000111.42014,SALE,2,11.5,23.0,0.0,0.0,0.0,0.0,105,Garnelen-Kimchi-Bruger,Hauptgerichte,,MwSt. 7%,1.07,21.495327,1.504673,Normalverkauf
S1000111.42015,SP1000111.26.42015,SY1000111.2026.42015,iPad1(1000111),111,01.06.26 16:07,Prod,A1000111.6384,,119,S1000111.42015,SALE,1,14.5,14.5,0.0,0.0,0.0,0.0,101,Lachs,Hauptspeisen,,MwSt. 7%,1.07,13.551402,0.948598,Normalverkauf
S1000111.42016,SP1000111.26.42016,SY1000111.2026.42016,iPad1(1000111),111,01.06.26 16:07,Prod,A1000111.6384,,119,S1000111.42016,SALE,2,5.5,11.0,0.0,0.0,0.0,0.0,111,Pommes Frites,Beilagen,,MwSt. 7%,1.07,10.280374,0.719626,Normalverkauf
S1000111.42017,SP1000111.26.42017,SY1000111.2026.42017,iPad1(1000111),111,01.06.26 16:07,Prod,A1000111.6384,,119,S1000111.42017,SALE,2,3.9,7.8,0.0,0.0,0.0,0.0,124,Cola Zero,Getränke,,MwSt. 19%,1.19,6.554622,1.245378,Normalverkauf
S1000111.42018,SP1000111.26.42018,SY1000111.2026.42018,iPad1(1000111),111,01.06.26 17:29,Prod,A1000111.6385,Tisch 18,119,S1000111.42018,SALE,1,7.9,7.9,0.0,0.0,0.0,0.0,115,Tiramisu,Desserts,,MwSt. 7%,1.07,7.383178,0.516822,Normalverkauf
S1000111.42019,SP1000111.26.42019,SY1000111.2026.42019,iPad1(1000111),111,01.06.26 17:29,Prod,A1000111.6385,Tisch 18,119,S1000111.42019,SALE,2,6.5,13.0,0.0,0.0,0.0,0.0,100,Fischbrötchen Backfisch,Hauptspeisen,,MwSt. 7%,1.07,12.149533,0.850467,Normalverkauf
S1000111.42020,SP1000111.26.42020,SY1000111.2026.42020,iPad1(1000111),111,01.06.26 17:29,Prod,A1000111.6385,Tisch 18,119,S1000111.42020,SALE,1,6.9,6.9,0.0,0.0,0.0,0.0,113,Garnelen Box,Beilagen,,MwSt. 7%,1.07,6.448598,0.451402,Normalverkauf
S1000111.42021,SP1000111.26.42021,SY1000111.2026.42021,iPad1(1000111),111,01.06.26 11:17,Prod,A1000111.6386,Tisch 10,118,S1000111.42021,SALE,1,7.9,7.9,0.0,0.0,0.0,0.0,106,Neptun-Ringe,Beilagen,,MwSt. 7%,1.07,7.383178,0.516822,Normalverkauf
S1000111.42022,SP1000111.26.42022,SY1000111.2026.42022,iPad1(1000111),111,01.06.26 17:07,Prod,A1000111.6387,,107,S1000111.42022,SALE,2,10.9,21.8,0.0,0.0,0.0,0.0,109,Bismarck-Baguette,Hauptgerichte,,MwSt. 7%,1.07,20.373832,1.426168,Normalverkauf
S1000111.42023,SP1000111.26.42023,SY1000111.2026.42023,iPad1(1000111),111,01.06.26 17:07,Prod,A1000111.6387,,107,S1000111.42023,SALE,2,5.9,11.8,0.0,0.0,0.0,0.0,117,Rote Grütze,Desserts,,MwSt. 7%,1.07,11.028037,0.771963,Normalverkauf
S1000111.42024,SP1000111.26.42024,SY1000111.2026.42024,iPad1(1000111),111,01.06.26 17:07,Prod,A1000111.6387,,107,S1000111.42024,SALE,1,3.9,3.9,0.0,0.0,0.0,0.0,127,Alkoholfreies Bier,Getränke,,MwSt. 19%,1.19,3.277311,0.622689,Normalverkauf
S1000111.42025,SP1000111.26.42025,SY1000111.2026.42025,iPad1(1000111),111,01.06.26 19:02,Prod,A1000111.6388,Tisch 8,101,S1000111.42025,SALE,2,2.8,5.6,0.0,0.0,0.0,0.0,121,Mineralwasser,Getränke,,MwSt. 19%,1.19,4.705882,0.894118,Normalverkauf
S1000111.42026,SP1000111.26.42026,SY1000111.2026.42026,iPad1(1000111),111,01.06.26 17:45,Prod,A1000111.6389,Tisch 14,118,S1000111.42026,SALE,1,3.9,3.9,0.0,0.0,0.0,0.0,127,Alkoholfreies Bier,Getränke,,MwSt. 19%,1.19,3.277311,0.622689,Normalverkauf
S1000111.42027,SP1000111.26.42027,SY1000111.2026.42027,iPad1(1000111),111,01.06.26 17:45,Prod,A1000111.6389,Tisch 14,118,S1000111.42027,SALE,1,10.9,10.9,0.0,0.0,0.0,0.0,107,Chicken Burger,Hauptgerichte,,MwSt. 7%,1.07,10.186916,0.713084,Normalverkauf
S1000111.42028,SP1000111.26.42028,SY1000111.2026.42028,iPad1(1000111),111,01.06.26 17:45,Prod,A1000111.6389,Tisch 14,118,S1000111.42028,SALE,2,10.9,21.8,0.0,0.0,0.0,0.0,107,Chicken Burger,Hauptgerichte,,MwSt. 7%,1.07,20.373832,1.426168,Normalverkauf
S1000111.42029,SP1000111.26.42029,SY1000111.2026.42029,iPad1(1000111),111,01.06.26 12:29,Prod,A1000111.6390,Tisch 1,101,S1000111.42029,SALE,1,6.5,6.5,0.0,0.0,0.0,0.0,100,Fischbrötchen Backfisch,Hauptspeisen,,MwSt. 7%,1.07,6.074766,0.425234,Normalverkauf
S1000111.42030,SP1000111.26.42030,SY1000111.2026.42030,iPad1(1000111),111,01.06.26 12:29,Prod,A1000111.6390,Tisch 1,101,S1000111.42030,SALE,2,2.8,5.6,0.0,0.0,0.0,0.0,121,Mineralwasser,Getränke,,MwSt. 19%,1.19,4.705882,0.894118,Normalverkauf
S1000111.42031,SP1000111.26.42031,SY1000111.2026.42031,iPad1(1000111),111,01.06.26 12:29,Prod,A1000111.6390,Tisch 1,101,S1000111.42031,SALE,1,2.8,2.8,0.0,0.0,0.0,0.0,121,Mineralwasser,Getränke,,MwSt. 19%,1.19,2.352941,0.447059,Normalverkauf
S1000111.42032,SP1000111.26.42032,SY1000111.2026.42032,iPad1(1000111),111,01.06.26 18:00,Prod,A1000111.6391,Tisch 15,115,S1000111.42032,SALE,2,3.2,6.4,0.0,0.0,0.0,0.0,120,Apfelschorle,Getränke,,MwSt. 19%,1.19,5.378151,1.021849,Normalverkauf
S1000111.42033,SP1000111.26.42033,SY1000111.2026.42033,iPad1(1000111),111,01.06.26 18:00,Prod,A1000111.6391,Tisch 15,115,S1000111.42033,SALE,1,3.9,3.9,0.0,0.0,0.0,0.0,124,Cola Zero,Getränke,,MwSt. 19%,1.19,3.277311,0.622689,Normalverkauf
S1000111.42034,SP1000111.26.42034,SY1000111.2026.42034,iPad1(1000111),111,01.06.26 13:02,Prod,A1000111.6392,Tisch 19,119,S1000111.42034,SALE,2,3.2,6.4,0.0,0.0,0.0,0.0,120,Apfelschorle,Getränke,,MwSt. 19%,1.19,5.378151,1.021849,Normalverkauf
S1000111.42035,SP1000111.26.42035,SY1000111.2026.42035,iPad1(1000111),111,01.06.26 13:02,Prod,A1000111.6392,Tisch 19,119,S1000111.42035,SALE,1,6.5,6.5,0.0,0.0,0.0,0.0,118,Schokokuchen,Desserts,,MwSt. 7%,1.07,6.074766,0.425234,Normalverkauf
S1000111.42036,SP1000111.26.42036,SY1000111.2026.42036,iPad1(1000111),111,01.06.26 13:02,Prod,A1000111.6392,Tisch 19,119,S1000111.42036,SALE,2,2.8,5.6,0.0,0.0,0.0,0.0,121,Mineralwasser,Getränke,,MwSt. 19%,1.19,4.705882,0.894118,Normalverkauf
S1000111.42037,SP1000111.26.42037,SY1000111.2026.42037,iPad1(1000111),111,01.06.26 11:37,Prod,A1000111.6393,Tisch 5,107,S1000111.42037,SALE,1,11.5,11.5,0.0,0.0,0.0,0.0,105,Garnelen-Kimchi-Bruger,Hauptgerichte,,MwSt. 7%,1.07,10.747664,0.752336,Normalverkauf
S1000111.42038,SP1000111.26.42038,SY1000111.2026.42038,iPad1(1000111),111,01.06.26 11:37,Prod,A1000111.6393,Tisch 5,107,S1000111.42038,SALE,2,4.9,9.8,0.0,0.0,0.0,0.0,112,Kartoffelwedges,Beilagen,,MwSt. 7%,1.07,9.158879,0.641121,Normalverkauf
S1000111.42039,SP1000111.26.42039,SY1000111.2026.42039,iPad1(1000111),111,01.06.26 11:37,Prod,A1000111.6393,Tisch 5,107,S1000111.42039,SALE,1,3.9,3.9,0.0,0.0,0.0,0.0,126,Spezi,Getränke,,MwSt. 19%,1.19,3.277311,0.622689,Normalverkauf
S1000111.42040,SP1000111.26.42040,SY1000111.2026.42040,iPad1(1000111),111,01.06.26 16:28,Prod,A1000111.6394,Tisch 24,114,S1000111.42040,SALE,2,5.5,11.0,0.0,0.0,0.0,0.0,111,Pommes Frites,Beilagen,,MwSt. 7%,1.07,10.280374,0.719626,Normalverkauf
S1000111.42041,SP1000111.26.42041,SY1000111.2026.42041,iPad1(1000111),111,01.06.26 16:28,Prod,A1000111.6394,Tisch 24,114,S1000111.42041,SALE,2,2.8,5.6,0.0,0.0,0.0,0.0,121,Mineralwasser,Getränke,,MwSt. 19%,1.19,4.705882,0.894118,Normalverkauf
S1000111.42042,SP1000111.26.42042,SY1000111.2026.42042,iPad1(1000111),111,01.06.26 16:28,Prod,A1000111.6394,Tisch 24,114,S1000111.42042,SALE,1,5.5,5.5,0.0,0.0,0.0,0.0,111,Pommes Frites,Beilagen,,MwSt. 7%,1.07,5.140187,0.359813,Normalverkauf
S1000111.42043,SP1000111.26.42043,SY1000111.2026.42043,iPad1(1000111),111,01.06.26 18:32,Prod,A1000111.6395,Tisch 6,115,S1000111.42043,SALE,2,5.5,11.0,0.0,0.0,0.0,0.0,111,Pommes Frites,Beilagen,,MwSt. 7%,1.07,10.280374,0.719626,Normalverkauf
S1000111.42044,SP1000111.26.42044,SY1000111.2026.42044,iPad1(1000111),111,01.06.26 20:33,Prod,A1000111.6396,Tisch 11,107,S1000111.42044,SALE,1,3.9,3.9,0.0,0.0,0.0,0.0,119,Cola,Getränke,,MwSt. 19%,1.19,3.277311,0.622689,Normalverkauf
S1000111.42045,SP1000111.26.42045,SY1000111.2026.42045,iPad1(1000111),111,01.06.26 20:33,Prod,A1000111.6396,Tisch 11,107,S1000111.42045,SALE,2,10.9,21.8,0.0,0.0,0.0,0.0,107,Chicken Burger,Hauptgerichte,,MwSt. 7%,1.07,20.373832,1.426168,Normalverkauf
S1000111.42046,SP1000111.26.42046,SY1000111.2026.42046,iPad1(1000111),111,01.06.26 11:36,Prod,A1000111.6397,Tisch 16,119,S1000111.42046,SALE,2,6.5,13.0,0.0,0.0,0.0,0.0,100,Fischbrötchen Backfisch,Hauptspeisen,,MwSt. 7%,1.07,12.149533,0.850467,Normalverkauf
S1000111.42047,SP1000111.26.42047,SY1000111.2026.42047,iPad1(1000111),111,01.06.26 11:36,Prod,A1000111.6397,Tisch 16,119,S1000111.42047,SALE,1,3.9,3.9,0.0,0.0,0.0,0.0,126,Spezi,Getränke,,MwSt. 19%,1.19,3.277311,0.622689,Normalverkauf
S1000111.42048,SP1000111.26.42048,SY1000111.2026.42048,iPad1(1000111),111,01.06.26 15:56,Prod,A1000111.6398,Tisch 19,119,S1000111.42048,VOID,2,10.9,21.8,0.0,0.0,0.0,0.0,109,Bismarck-Baguette,Hauptgerichte,,MwSt. 7%,1.07,20.373832,1.426168,Normalverkauf
S1000111.42049,SP1000111.26.42049,SY1000111.2026.42049,iPad1(1000111),111,01.06.26 15:56,Prod,A1000111.6398,Tisch 19,119,S1000111.42049,VOID,2,5.9,11.8,0.0,0.0,0.0,0.0,123,Inger-Limonade,Getränke,,MwSt. 19%,1.19,9.915966,1.884034,Normalverkauf
S1000111.42050,SP1000111.26.42050,SY1000111.2026.42050,iPad1(1000111),111,01.06.26 15:56,Prod,A1000111.6398,Tisch 19,119,S1000111.42050,VOID,1,14.5,14.5,0.0,0.0,0.0,0.0,101,Lachs,Hauptspeisen,,MwSt. 7%,1.07,13.551402,0.948598,Normalverkauf
S1000111.42051,SP1000111.26.42051,SY1000111.2026.42051,iPad1(1000111),111,01.06.26 17:06,Prod,A1000111.6399,Tisch 5,101,S1000111.42051,SALE,1,3.9,3.9,0.0,0.0,0.0,0.0,124,Cola Zero,Getränke,,MwSt. 19%,1.19,3.277311,0.622689,Normalverkauf
S1000111.42052,SP1000111.26.42052,SY1000111.2026.42052,iPad1(1000111),111,01.06.26 17:41,Prod,A1000111.6400,Tisch 6,115,S1000111.42052,SALE,1,3.9,3.9,0.0,0.0,0.0,0.0,126,Spezi,Getränke,,MwSt. 19%,1.19,3.277311,0.622689,Normalverkauf
S1000111.42053,SP1000111.26.42053,SY1000111.2026.42053,iPad1(1000111),111,01.06.26 17:41,Prod,A1000111.6400,Tisch 6,115,S1000111.42053,SALE,2,10.9,21.8,0.0,0.0,0.0,0.0,109,Bismarck-Baguette,Hauptgerichte,,MwSt. 7%,1.07,20.373832,1.426168,Normalverkauf
S1000111.42054,SP1000111.26.42054,SY1000111.2026.42054,iPad1(1000111),111,01.06.26 17:41,Prod,A1000111.6400,Tisch 6,115,S1000111.42054,SALE,2,11.9,23.8,0.0,0.0,0.0,0.0,110,Matjes-Baguette,Hauptgerichte,,MwSt. 7%,1.07,22.242991,1.557009,Normalverkauf
S1000111.42055,SP1000111.26.42055,SY1000111.2026.42055,iPad1(1000111),111,01.06.26 19:28,Prod,A1000111.6401,Tisch 21,107,S1000111.42055,SALE,1,4.9,4.9,0.0,0.0,0.0,0.0,112,Kartoffelwedges,Beilagen,,MwSt. 7%,1.07,4.579439,0.320561,Normalverkauf
S1000111.42056,SP1000111.26.42056,SY1000111.2026.42056,iPad1(1000111),111,01.06.26 19:28,Prod,A1000111.6401,Tisch 21,107,S1000111.42056,SALE,1,13.5,13.5,0.0,0.0,0.0,0.0,102,Matjes,Hauptspeisen,,MwSt. 7%,1.07,12.616822,0.883178,Normalverkauf
S1000111.42057,SP1000111.26.42057,SY1000111.2026.42057,iPad1(1000111),111,01.06.26 08:00,Prod,A1000111.6402,Tisch 18,115,S1000111.42057,SALE,2,10.9,21.8,0.0,0.0,0.0,0.0,107,Chicken Burger,Hauptgerichte,,MwSt. 7%,1.07,20.373832,1.426168,Normalverkauf
S1000111.42058,SP1000111.26.42058,SY1000111.2026.42058,iPad1(1000111),111,01.06.26 17:00,Prod,A1000111.6403,Tisch 10,115,S1000111.42058,SALE,2,6.5,13.0,0.0,0.0,0.0,0.0,118,Schokokuchen,Desserts,,MwSt. 7%,1.07,12.149533,0.850467,Normalverkauf
S1000111.42059,SP1000111.26.42059,SY1000111.2026.42059,iPad1(1000111),111,01.06.26 10:45,Prod,A1000111.6404,Tisch 11,117,S1000111.42059,SALE,1,3.9,3.9,0.0,0.0,0.0,0.0,126,Spezi,Getränke,,MwSt. 19%,1.19,3.277311,0.622689,Normalverkauf
S1000111.42060,SP1000111.26.42060,SY1000111.2026.42060,iPad1(1000111),111,01.06.26 15:05,Prod,A1000111.6405,Tisch 11,119,S1000111.42060,SALE,2,11.5,23.0,0.0,0.0,0.0,0.0,105,Garnelen-Kimchi-Bruger,Hauptgerichte,,MwSt. 7%,1.07,21.495327,1.504673,Normalverkauf
S1000111.42061,SP1000111.26.42061,SY1000111.2026.42061,iPad1(1000111),111,01.06.26 17:39,Prod,A1000111.6406,Tisch 10,114,S1000111.42061,SALE,2,5.5,11.0,0.0,0.0,0.0,0.0,111,Pommes Frites,Beilagen,,MwSt. 7%,1.07,10.280374,0.719626,Normalverkauf
S1000111.42062,SP1000111.26.42062,SY1000111.2026.42062,iPad1(1000111),111,01.06.26 20:26,Prod,A1000111.6407,Tisch 13,101,S1000111.42062,SALE,1,11.9,11.9,0.0,0.0,0.0,0.0,110,Matjes-Baguette,Hauptgerichte,,MwSt. 7%,1.07,11.121495,0.778505,Normalverkauf
S1000111.42063,SP1000111.26.42063,SY1000111.2026.42063,iPad1(1000111),111,01.06.26 10:24,Prod,A1000111.6408,Tisch 4,118,S1000111.42063,VOID,1,9.8,9.8,0.0,0.0,0.0,0.0,108,Seelachs-Ei-Baugette,Hauptgerichte,,MwSt. 7%,1.07,9.158879,0.641121,Normalverkauf
S1000111.42064,SP1000111.26.42064,SY1000111.2026.42064,iPad1(1000111),111,01.06.26 18:31,Prod,A1000111.6409,Tisch 11,119,S1000111.42064,SALE,2,11.5,23.0,0.0,0.0,0.0,0.0,105,Garnelen-Kimchi-Bruger,Hauptgerichte,,MwSt. 7%,1.07,21.495327,1.504673,Normalverkauf
S1000111.42065,SP1000111.26.42065,SY1000111.2026.42065,iPad1(1000111),111,01.06.26 18:31,Prod,A1000111.6409,Tisch 11,119,S1000111.42065,SALE,2,3.2,6.4,0.0,0.0,0.0,0.0,120,Apfelschorle,Getränke,,MwSt. 19%,1.19,5.378151,1.021849,Normalverkauf
S1000111.42066,SP1000111.26.42066,SY1000111.2026.42066,iPad1(1000111),111,01.06.26 18:31,Prod,A1000111.6409,Tisch 11,119,S1000111.42066,SALE,1,14.5,14.5,0.0,0.0,0.0,0.0,101,Lachs,Hauptspeisen,,MwSt. 7%,1.07,13.551402,0.948598,Normalverkauf
S1000111.42067,SP1000111.26.42067,SY1000111.2026.42067,iPad1(1000111),111,01.06.26 13:02,Prod,A1000111.6410,Tisch 4,117,S1000111.42067,SALE,1,2.8,2.8,0.0,0.0,0.0,0.0,121,Mineralwasser,Getränke,,MwSt. 19%,1.19,2.352941,0.447059,Normalverkauf
S1000111.42068,SP1000111.26.42068,SY1000111.2026.42068,iPad1(1000111),111,01.06.26 16:23,Prod,A1000111.6411,Tisch 8,115,S1000111.42068,SALE,2,10.9,21.8,0.0,0.0,0.0,0.0,107,Chicken Burger,Hauptgerichte,,MwSt. 7%,1.07,20.373832,1.426168,Normalverkauf
S1000111.42069,SP1000111.26.42069,SY1000111.2026.42069,iPad1(1000111),111,01.06.26 17:39,Prod,A1000111.6412,Tisch 11,101,S1000111.42069,SALE,2,4.9,9.8,0.0,0.0,0.0,0.0,112,Kartoffelwedges,Beilagen,,MwSt. 7%,1.07,9.158879,0.641121,Normalverkauf
S1000111.42070,SP1000111.26.42070,SY1000111.2026.42070,iPad1(1000111),111,01.06.26 12:00,Prod,A1000111.6413,Tisch 14,118,S1000111.42070,SALE,1,6.5,6.5,0.0,0.0,0.0,0.0,100,Fischbrötchen Backfisch,Hauptspeisen,,MwSt. 7%,1.07,6.074766,0.425234,Normalverkauf
S1000111.42071,SP1000111.26.42071,SY1000111.2026.42071,iPad1(1000111),111,01.06.26 12:00,Prod,A1000111.6413,Tisch 14,118,S1000111.42071,SALE,2,3.2,6.4,0.0,0.0,0.0,0.0,120,Apfelschorle,Getränke,,MwSt. 19%,1.19,5.378151,1.021849,Normalverkauf
S1000111.42072,SP1000111.26.42072,SY1000111.2026.42072,iPad1(1000111),111,01.06.26 12:00,Prod,A1000111.6413,Tisch 14,118,S1000111.42072,SALE,1,3.9,3.9,0.0,0.0,0.0,0.0,119,Cola,Getränke,,MwSt. 19%,1.19,3.277311,0.622689,Normalverkauf
S1000111.42073,SP1000111.26.42073,SY1000111.2026.42073,iPad1(1000111),111,01.06.26 19:28,Prod,A1000111.6414,,107,S1000111.42073,SALE,1,5.5,5.5,0.0,0.0,0.0,0.0,111,Pommes Frites,Beilagen,,MwSt. 7%,1.07,5.140187,0.359813,Normalverkauf
S1000111.42074,SP1000111.26.42074,SY1000111.2026.42074,iPad1(1000111),111,01.06.26 19:28,Prod,A1000111.6414,,107,S1000111.42074,SALE,1,5.9,5.9,0.0,0.0,0.0,0.0,123,Inger-Limonade,Getränke,,MwSt. 19%,1.19,4.957983,0.942017,Normalverkauf
S1000111.42075,SP1000111.26.42075,SY1000111.2026.42075,iPad1(1000111),111,01.06.26 15:49,Prod,A1000111.6415,,119,S1000111.42075,VOID,2,11.5,23.0,0.0,0.0,0.0,0.0,105,Garnelen-Kimchi-Bruger,Hauptgerichte,,MwSt. 7%,1.07,21.495327,1.504673,Normalverkauf
S1000111.42076,SP1000111.26.42076,SY1000111.2026.42076,iPad1(1000111),111,01.06.26 15:49,Prod,A1000111.6415,,119,S1000111.42076,VOID,2,9.8,19.6,0.0,0.0,0.0,0.0,108,Seelachs-Ei-Baugette,Hauptgerichte,,MwSt. 7%,1.07,18.317757,1.282243,Normalverkauf
S1000111.42077,SP1000111.26.42077,SY1000111.2026.42077,iPad1(1000111),111,01.06.26 17:46,Prod,A1000111.6416,Tisch 4,115,S1000111.42077,SALE,1,4.9,4.9,0.0,0.0,0.0,0.0,112,Kartoffelwedges,Beilagen,,MwSt. 7%,1.07,4.579439,0.320561,Normalverkauf
S1000111.42078,SP1000111.26.42078,SY1000111.2026.42078,iPad1(1000111),111,01.06.26 17:46,Prod,A1000111.6416,Tisch 4,115,S1000111.42078,SALE,2,3.9,7.8,0.0,0.0,0.0,0.0,126,Spezi,Getränke,,MwSt. 19%,1.19,6.554622,1.245378,Normalverkauf
S1000111.42079,SP1000111.26.42079,SY1000111.2026.42079,iPad1(1000111),111,01.06.26 12:42,Prod,A1000111.6417,,117,S1000111.42079,SALE,1,3.9,3.9,0.0,0.0,0.0,0.0,119,Cola,Getränke,,MwSt. 19%,1.19,3.277311,0.622689,Normalverkauf
S1000111.42080,SP1000111.26.42080,SY1000111.2026.42080,iPad1(1000111),111,01.06.26 12:42,Prod,A1000111.6417,,117,S1000111.42080,SALE,1,3.9,3.9,0.0,0.0,0.0,0.0,126,Spezi,Getränke,,MwSt. 19%,1.19,3.277311,0.622689,Normalverkauf
S1000111.42081,SP1000111.26.42081,SY1000111.2026.42081,iPad1(1000111),111,01.06.26 12:42,Prod,A1000111.6417,,117,S1000111.42081,SALE,2,7.9,15.8,0.0,0.0,0.0,0.0,115,Tiramisu,Desserts,,MwSt. 7%,1.07,14.766355,1.033645,Normalverkauf
S1000111.42082,SP1000111.26.42082,SY1000111.2026.42082,iPad1(1000111),111,01.06.26 15:28,Prod,A1000111.6418,Tisch 2,117,S1000111.42082,SALE,1,5.5,5.5,0.0,0.0,0.0,0.0,111,Pommes Frites,Beilagen,,MwSt. 7%,1.07,5.140187,0.359813,Normalverkauf
S1000111.42083,SP1000111.26.42083,SY1000111.2026.42083,iPad1(1000111),111,01.06.26 15:28,Prod,A1000111.6418,Tisch 2,117,S1000111.42083,SALE,1,3.9,3.9,0.0,0.0,0.0,0.0,119,Cola,Getränke,,MwSt. 19%,1.19,3.277311,0.622689,Normalverkauf
S1000111.42084,SP1000111.26.42084,SY1000111.2026.42084,iPad1(1000111),111,01.06.26 15:28,Prod,A1000111.6418,Tisch 2,117,S1000111.42084,SALE,2,2.8,5.6,0.0,0.0,0.0,0.0,121,Mineralwasser,Getränke,,MwSt. 19%,1.19,4.705882,0.894118,Normalverkauf
S1000111.42085,SP1000111.26.42085,SY1000111.2026.42085,iPad1(1000111),111,01.06.26 08:35,Prod,A1000111.6419,Tisch 21,101,S1000111.42085,SALE,1,3.2,3.2,0.0,0.0,0.0,0.0,120,Apfelschorle,Getränke,,MwSt. 19%,1.19,2.689076,0.510924,Normalverkauf
S1000111.42086,SP1000111.26.42086,SY1000111.2026.42086,iPad1(1000111),111,01.06.26 18:34,Prod,A1000111.6420,Tisch 21,101,S1000111.42086,SALE,1,6.9,6.9,0.0,0.0,0.0,0.0,103,Fischbrötchen Räucherlachs,Hauptspeisen,,MwSt. 7%,1.07,6.448598,0.451402,Normalverkauf
S1000111.42087,SP1000111.26.42087,SY1000111.2026.42087,iPad1(1000111),111,01.06.26 18:34,Prod,A1000111.6420,Tisch 21,101,S1000111.42087,SALE,1,11.9,11.9,0.0,0.0,0.0,0.0,110,Matjes-Baguette,Hauptgerichte,,MwSt. 7%,1.07,11.121495,0.778505,Normalverkauf
S1000111.42088,SP1000111.26.42088,SY1000111.2026.42088,iPad1(1000111),111,01.06.26 18:34,Prod,A1000111.6420,Tisch 21,101,S1000111.42088,SALE,2,5.5,11.0,0.0,0.0,0.0,0.0,114,Fisch Nuggets Box,Beilagen,,MwSt. 7%,1.07,10.280374,0.719626,Normalverkauf
S1000111.42089,SP1000111.26.42089,SY1000111.2026.42089,iPad1(1000111),111,01.06.26 20:58,Prod,A1000111.6421,Tisch 1,101,S1000111.42089,VOID,2,3.9,7.8,0.0,0.0,0.0,0.0,124,Cola Zero,Getränke,,MwSt. 19%,1.19,6.554622,1.245378,Normalverkauf
S1000111.42090,SP1000111.26.42090,SY1000111.2026.42090,iPad1(1000111),111,01.06.26 18:44,Prod,A1000111.6422,Tisch 3,101,S1000111.42090,SALE,1,5.5,5.5,0.0,0.0,0.0,0.0,111,Pommes Frites,Beilagen,,MwSt. 7%,1.07,5.140187,0.359813,Normalverkauf
S1000111.42091,SP1000111.26.42091,SY1000111.2026.42091,iPad1(1000111),111,01.06.26 18:44,Prod,A1000111.6422,Tisch 3,101,S1000111.42091,SALE,1,5.5,5.5,0.0,0.0,0.0,0.0,114,Fisch Nuggets Box,Beilagen,,MwSt. 7%,1.07,5.140187,0.359813,Normalverkauf
S1000111.42092,SP1000111.26.42092,SY1000111.2026.42092,iPad1(1000111),111,01.06.26 18:44,Prod,A1000111.6422,Tisch 3,101,S1000111.42092,SALE,1,13.5,13.5,0.0,0.0,0.0,0.0,102,Matjes,Hauptspeisen,,MwSt. 7%,1.07,12.616822,0.883178,Normalverkauf
S1000111.42093,SP1000111.26.42093,SY1000111.2026.42093,iPad1(1000111),111,01.06.26 08:50,Prod,A1000111.6423,Tisch 23,107,S1000111.42093,VOID,1,3.2,3.2,0.0,0.0,0.0,0.0,120,Apfelschorle,Getränke,,MwSt. 19%,1.19,2.689076,0.510924,Normalverkauf
S1000111.42094,SP1000111.26.42094,SY1000111.2026.42094,iPad1(1000111),111,01.06.26 08:50,Prod,A1000111.6423,Tisch 23,107,S1000111.42094,VOID,1,2.8,2.8,0.0,0.0,0.0,0.0,121,Mineralwasser,Getränke,,MwSt. 19%,1.19,2.352941,0.447059,Normalverkauf
S1000111.42095,SP1000111.26.42095,SY1000111.2026.42095,iPad1(1000111),111,01.06.26 08:50,Prod,A1000111.6423,Tisch 23,107,S1000111.42095,VOID,2,3.9,7.8,0.0,0.0,0.0,0.0,119,Cola,Getränke,,MwSt. 19%,1.19,6.554622,1.245378,Normalverkauf
S1000111.42096,SP1000111.26.42096,SY1000111.2026.42096,iPad1(1000111),111,01.06.26 12:38,Prod,A1000111.6424,Tisch 22,118,S1000111.42096,SALE,2,7.9,15.8,0.0,0.0,0.0,0.0,106,Neptun-Ringe,Beilagen,,MwSt. 7%,1.07,14.766355,1.033645,Normalverkauf
S1000111.42097,SP1000111.26.42097,SY1000111.2026.42097,iPad1(1000111),111,01.06.26 12:38,Prod,A1000111.6424,Tisch 22,118,S1000111.42097,SALE,1,5.5,5.5,0.0,0.0,0.0,0.0,111,Pommes Frites,Beilagen,,MwSt. 7%,1.07,5.140187,0.359813,Normalverkauf
S1000111.42098,SP1000111.26.42098,SY1000111.2026.42098,iPad1(1000111),111,01.06.26 20:08,Prod,A1000111.6425,Tisch 11,117,S1000111.42098,SALE,1,3.9,3.9,0.0,0.0,0.0,0.0,126,Spezi,Getränke,,MwSt. 19%,1.19,3.277311,0.622689,Normalverkauf
S1000111.42099,SP1000111.26.42099,SY1000111.2026.42099,iPad1(1000111),111,01.06.26 16:45,Prod,A1000111.6426,Tisch 24,101,S1000111.42099,SALE,1,10.9,10.9,0.0,0.0,0.0,0.0,107,Chicken Burger,Hauptgerichte,,MwSt. 7%,1.07,10.186916,0.713084,Normalverkauf
S1000111.42100,SP1000111.26.42100,SY1000111.2026.42100,iPad1(1000111),111,01.06.26 18:10,Prod,A1000111.6427,Tisch 19,101,S1000111.42100,SALE,2,9.8,19.6,0.0,0.0,0.0,0.0,108,Seelachs-Ei-Baugette,Hauptgerichte,,MwSt. 7%,1.07,18.317757,1.282243,Normalverkauf
S1000111.42101,SP1000111.26.42101,SY1000111.2026.42101,iPad1(1000111),111,01.06.26 13:26,Prod,A1000111.6428,Tisch 12,114,S1000111.42101,SALE,2,6.9,13.8,0.0,0.0,0.0,0.0,103,Fischbrötchen Räucherlachs,Hauptspeisen,,MwSt. 7%,1.07,12.897196,0.902804,Normalverkauf
S1000111.42102,SP1000111.26.42102,SY1000111.2026.42102,iPad1(1000111),111,01.06.26 13:26,Prod,A1000111.6428,Tisch 12,114,S1000111.42102,SALE,1,3.9,3.9,0.0,0.0,0.0,0.0,119,Cola,Getränke,,MwSt. 19%,1.19,3.277311,0.622689,Normalverkauf
S1000111.42103,SP1000111.26.42103,SY1000111.2026.42103,iPad1(1000111),111,01.06.26 13:26,Prod,A1000111.6428,Tisch 12,114,S1000111.42103,SALE,1,2.8,2.8,0.0,0.0,0.0,0.0,121,Mineralwasser,Getränke,,MwSt. 19%,1.19,2.352941,0.447059,Normalverkauf
S1000111.42104,SP1000111.26.42104,SY1000111.2026.42104,iPad1(1000111),111,01.06.26 20:43,Prod,A1000111.6429,Tisch 7,115,S1000111.42104,SALE,2,7.9,15.8,0.0,0.0,0.0,0.0,106,Neptun-Ringe,Beilagen,,MwSt. 7%,1.07,14.766355,1.033645,Normalverkauf
S1000111.42105,SP1000111.26.42105,SY1000111.2026.42105,iPad1(1000111),111,01.06.26 20:43,Prod,A1000111.6429,Tisch 7,115,S1000111.42105,SALE,1,3.9,3.9,0.0,0.0,0.0,0.0,119,Cola,Getränke,,MwSt. 19%,1.19,3.277311,0.622689,Normalverkauf
S1000111.42106,SP1000111.26.42106,SY1000111.2026.42106,iPad1(1000111),111,01.06.26 20:43,Prod,A1000111.6429,Tisch 7,115,S1000111.42106,SALE,1,5.9,5.9,0.0,0.0,0.0,0.0,125,Zitronen-Limonade,Getränke,,MwSt. 19%,1.19,4.957983,0.942017,Normalverkauf
S1000111.42107,SP1000111.26.42107,SY1000111.2026.42107,iPad1(1000111),111,01.06.26 19:32,Prod,A1000111.6430,Tisch 12,107,S1000111.42107,SALE,2,3.2,6.4,0.0,0.0,0.0,0.0,120,Apfelschorle,Getränke,,MwSt. 19%,1.19,5.378151,1.021849,Normalverkauf
S1000111.42108,SP1000111.26.42108,SY1000111.2026.42108,iPad1(1000111),111,01.06.26 08:26,Prod,A1000111.6431,Tisch 6,114,S1000111.42108,SALE,1,5.5,5.5,0.0,0.0,0.0,0.0,111,Pommes Frites,Beilagen,,MwSt. 7%,1.07,5.140187,0.359813,Normalverkauf
S1000111.42109,SP1000111.26.42109,SY1000111.2026.42109,iPad1(1000111),111,01.06.26 12:25,Prod,A1000111.6432,Tisch 4,114,S1000111.42109,SALE,2,2.8,5.6,0.0,0.0,0.0,0.0,121,Mineralwasser,Getränke,,MwSt. 19%,1.19,4.705882,0.894118,Normalverkauf
S1000111.42110,SP1000111.26.42110,SY1000111.2026.42110,iPad1(1000111),111,01.06.26 12:25,Prod,A1000111.6432,Tisch 4,114,S1000111.42110,SALE,1,6.5,6.5,0.0,0.0,0.0,0.0,118,Schokokuchen,Desserts,,MwSt. 7%,1.07,6.074766,0.425234,Normalverkauf
S1000111.42111,SP1000111.26.42111,SY1000111.2026.42111,iPad1(1000111),111,01.06.26 12:25,Prod,A1000111.6432,Tisch 4,114,S1000111.42111,SALE,1,3.9,3.9,0.0,0.0,0.0,0.0,119,Cola,Getränke,,MwSt. 19%,1.19,3.277311,0.622689,Normalverkauf
S1000111.42112,SP1000111.26.42112,SY1000111.2026.42112,iPad1(1000111),111,01.06.26 11:53,Prod,A1000111.6433,Tisch 1,118,S1000111.42112,SALE,1,4.2,4.2,0.0,0.0,0.0,0.0,122,Bier,Getränke,,MwSt. 19%,1.19,3.529412,0.670588,Normalverkauf
S1000111.42113,SP1000111.26.42113,SY1000111.2026.42113,iPad1(1000111),111,01.06.26 11:53,Prod,A1000111.6433,Tisch 1,118,S1000111.42113,SALE,1,11.9,11.9,0.0,0.0,0.0,0.0,110,Matjes-Baguette,Hauptgerichte,,MwSt. 7%,1.07,11.121495,0.778505,Normalverkauf
S1000111.42114,SP1000111.26.42114,SY1000111.2026.42114,iPad1(1000111),111,01.06.26 13:40,Prod,A1000111.6434,Tisch 19,107,S1000111.42114,SALE,2,3.2,6.4,0.0,0.0,0.0,0.0,120,Apfelschorle,Getränke,,MwSt. 19%,1.19,5.378151,1.021849,Normalverkauf
S1000111.42115,SP1000111.26.42115,SY1000111.2026.42115,iPad1(1000111),111,01.06.26 13:40,Prod,A1000111.6434,Tisch 19,107,S1000111.42115,SALE,1,4.2,4.2,0.0,0.0,0.0,0.0,122,Bier,Getränke,,MwSt. 19%,1.19,3.529412,0.670588,Normalverkauf
S1000111.42116,SP1000111.26.42116,SY1000111.2026.42116,iPad1(1000111),111,01.06.26 16:08,Prod,A1000111.6435,,107,S1000111.42116,SALE,2,5.5,11.0,0.0,0.0,0.0,0.0,111,Pommes Frites,Beilagen,,MwSt. 7%,1.07,10.280374,0.719626,Normalverkauf
S1000111.42117,SP1000111.26.42117,SY1000111.2026.42117,iPad1(1000111),111,01.06.26 16:08,Prod,A1000111.6435,,107,S1000111.42117,SALE,1,4.9,4.9,0.0,0.0,0.0,0.0,112,Kartoffelwedges,Beilagen,,MwSt. 7%,1.07,4.579439,0.320561,Normalverkauf
S1000111.42118,SP1000111.26.42118,SY1000111.2026.42118,iPad1(1000111),111,01.06.26 18:39,Prod,A1000111.6436,,118,S1000111.42118,SALE,2,3.9,7.8,0.0,0.0,0.0,0.0,119,Cola,Getränke,,MwSt. 19%,1.19,6.554622,1.245378,Normalverkauf
S1000111.42119,SP1000111.26.42119,SY1000111.2026.42119,iPad1(1000111),111,01.06.26 18:39,Prod,A1000111.6436,,118,S1000111.42119,SALE,1,5.5,5.5,0.0,0.0,0.0,0.0,111,Pommes Frites,Beilagen,,MwSt. 7%,1.07,5.140187,0.359813,Normalverkauf
S1000111.42120,SP1000111.26.42120,SY1000111.2026.42120,iPad1(1000111),111,01.06.26 18:39,Prod,A1000111.6436,,118,S1000111.42120,SALE,1,3.9,3.9,0.0,0.0,0.0,0.0,124,Cola Zero,Getränke,,MwSt. 19%,1.19,3.277311,0.622689,Normalverkauf
S1000111.42121,SP1000111.26.42121,SY1000111.2026.42121,iPad1(1000111),111,01.06.26 11:00,Prod,A1000111.6437,Tisch 3,118,S1000111.42121,SALE,2,3.9,7.8,0.0,0.0,0.0,0.0,126,Spezi,Getränke,,MwSt. 19%,1.19,6.554622,1.245378,Normalverkauf
S1000111.42122,SP1000111.26.42122,SY1000111.2026.42122,iPad1(1000111),111,01.06.26 11:00,Prod,A1000111.6437,Tisch 3,118,S1000111.42122,SALE,1,5.5,5.5,0.0,0.0,0.0,0.0,111,Pommes Frites,Beilagen,,MwSt. 7%,1.07,5.140187,0.359813,Normalverkauf
S1000111.42123,SP1000111.26.42123,SY1000111.2026.42123,iPad1(1000111),111,01.06.26 11:00,Prod,A1000111.6437,Tisch 3,118,S1000111.42123,SALE,2,10.9,21.8,0.0,0.0,0.0,0.0,107,Chicken Burger,Hauptgerichte,,MwSt. 7%,1.07,20.373832,1.426168,Normalverkauf
S1000111.42124,SP1000111.26.42124,SY1000111.2026.42124,iPad1(1000111),111,01.06.26 10:57,Prod,A1000111.6438,Tisch 6,115,S1000111.42124,SALE,2,6.9,13.8,0.0,0.0,0.0,0.0,103,Fischbrötchen Räucherlachs,Hauptspeisen,,MwSt. 7%,1.07,12.897196,0.902804,Normalverkauf
S1000111.42125,SP1000111.26.42125,SY1000111.2026.42125,iPad1(1000111),111,01.06.26 16:13,Prod,A1000111.6439,Tisch 21,119,S1000111.42125,SALE,2,14.5,29.0,0.0,0.0,0.0,0.0,101,Lachs,Hauptspeisen,,MwSt. 7%,1.07,27.102804,1.897196,Normalverkauf
S1000111.42126,SP1000111.26.42126,SY1000111.2026.42126,iPad1(1000111),111,01.06.26 16:13,Prod,A1000111.6439,Tisch 21,119,S1000111.42126,SALE,1,3.9,3.9,0.0,0.0,0.0,0.0,124,Cola Zero,Getränke,,MwSt. 19%,1.19,3.277311,0.622689,Normalverkauf
S1000111.42127,SP1000111.26.42127,SY1000111.2026.42127,iPad1(1000111),111,01.06.26 16:13,Prod,A1000111.6439,Tisch 21,119,S1000111.42127,SALE,1,6.9,6.9,0.0,0.0,0.0,0.0,103,Fischbrötchen Räucherlachs,Hauptspeisen,,MwSt. 7%,1.07,6.448598,0.451402,Normalverkauf
S1000111.42128,SP1000111.26.42128,SY1000111.2026.42128,iPad1(1000111),111,01.06.26 12:42,Prod,A1000111.6440,Tisch 4,119,S1000111.42128,SALE,1,5.5,5.5,0.0,0.0,0.0,0.0,114,Fisch Nuggets Box,Beilagen,,MwSt. 7%,1.07,5.140187,0.359813,Normalverkauf
S1000111.42129,SP1000111.26.42129,SY1000111.2026.42129,iPad1(1000111),111,01.06.26 17:04,Prod,A1000111.6441,Tisch 14,101,S1000111.42129,SALE,1,3.9,3.9,0.0,0.0,0.0,0.0,119,Cola,Getränke,,MwSt. 19%,1.19,3.277311,0.622689,Normalverkauf
S1000111.42130,SP1000111.26.42130,SY1000111.2026.42130,iPad1(1000111),111,01.06.26 17:04,Prod,A1000111.6441,Tisch 14,101,S1000111.42130,SALE,1,6.5,6.5,0.0,0.0,0.0,0.0,100,Fischbrötchen Backfisch,Hauptspeisen,,MwSt. 7%,1.07,6.074766,0.425234,Normalverkauf
S1000111.42131,SP1000111.26.42131,SY1000111.2026.42131,iPad1(1000111),111,01.06.26 19:34,Prod,A1000111.6442,Tisch 23,114,S1000111.42131,SALE,1,2.8,2.8,0.0,0.0,0.0,0.0,121,Mineralwasser,Getränke,,MwSt. 19%,1.19,2.352941,0.447059,Normalverkauf
S1000111.42132,SP1000111.26.42132,SY1000111.2026.42132,iPad1(1000111),111,01.06.26 19:34,Prod,A1000111.6442,Tisch 23,114,S1000111.42132,SALE,1,5.5,5.5,0.0,0.0,0.0,0.0,111,Pommes Frites,Beilagen,,MwSt. 7%,1.07,5.140187,0.359813,Normalverkauf
S1000111.42133,SP1000111.26.42133,SY1000111.2026.42133,iPad1(1000111),111,01.06.26 17:32,Prod,A1000111.6443,Tisch 4,117,S1000111.42133,SALE,1,4.9,4.9,0.0,0.0,0.0,0.0,112,Kartoffelwedges,Beilagen,,MwSt. 7%,1.07,4.579439,0.320561,Normalverkauf
S1000111.42134,SP1000111.26.42134,SY1000111.2026.42134,iPad1(1000111),111,01.06.26 17:32,Prod,A1000111.6443,Tisch 4,117,S1000111.42134,SALE,1,3.9,3.9,0.0,0.0,0.0,0.0,119,Cola,Getränke,,MwSt. 19%,1.19,3.277311,0.622689,Normalverkauf
S1000111.42135,SP1000111.26.42135,SY1000111.2026.42135,iPad1(1000111),111,01.06.26 19:52,Prod,A1000111.6444,Tisch 21,114,S1000111.42135,SALE,2,6.9,13.8,0.0,0.0,0.0,0.0,103,Fischbrötchen Räucherlachs,Hauptspeisen,,MwSt. 7%,1.07,12.897196,0.902804,Normalverkauf
S1000111.42136,SP1000111.26.42136,SY1000111.2026.42136,iPad1(1000111),111,01.06.26 11:30,Prod,A1000111.6445,Tisch 21,107,S1000111.42136,VOID,2,3.9,7.8,0.0,0.0,0.0,0.0,126,Spezi,Getränke,,MwSt. 19%,1.19,6.554622,1.245378,Normalverkauf
S1000111.42137,SP1000111.26.42137,SY1000111.2026.42137,iPad1(1000111),111,01.06.26 11:30,Prod,A1000111.6445,Tisch 21,107,S1000111.42137,VOID,1,5.5,5.5,0.0,0.0,0.0,0.0,111,Pommes Frites,Beilagen,,MwSt. 7%,1.07,5.140187,0.359813,Normalverkauf
S1000111.42138,SP1000111.26.42138,SY1000111.2026.42138,iPad1(1000111),111,01.06.26 11:30,Prod,A1000111.6445,Tisch 21,107,S1000111.42138,VOID,2,5.9,11.8,0.0,0.0,0.0,0.0,125,Zitronen-Limonade,Getränke,,MwSt. 19%,1.19,9.915966,1.884034,Normalverkauf
S1000111.42139,SP1000111.26.42139,SY1000111.2026.42139,iPad1(1000111),111,01.06.26 16:11,Prod,A1000111.6446,Tisch 12,114,S1000111.42139,VOID,1,5.5,5.5,0.0,0.0,0.0,0.0,114,Fisch Nuggets Box,Beilagen,,MwSt. 7%,1.07,5.140187,0.359813,Normalverkauf
S1000111.42140,SP1000111.26.42140,SY1000111.2026.42140,iPad1(1000111),111,01.06.26 12:05,Prod,A1000111.6447,Tisch 14,115,S1000111.42140,SALE,2,13.5,27.0,0.0,0.0,0.0,0.0,102,Matjes,Hauptspeisen,,MwSt. 7%,1.07,25.233645,1.766355,Normalverkauf
S1000111.42141,SP1000111.26.42141,SY1000111.2026.42141,iPad1(1000111),111,01.06.26 12:05,Prod,A1000111.6447,Tisch 14,115,S1000111.42141,SALE,2,3.2,6.4,0.0,0.0,0.0,0.0,120,Apfelschorle,Getränke,,MwSt. 19%,1.19,5.378151,1.021849,Normalverkauf
S1000111.42142,SP1000111.26.42142,SY1000111.2026.42142,iPad1(1000111),111,01.06.26 17:29,Prod,A1000111.6448,Tisch 13,101,S1000111.42142,SALE,1,3.9,3.9,0.0,0.0,0.0,0.0,119,Cola,Getränke,,MwSt. 19%,1.19,3.277311,0.622689,Normalverkauf
S1000111.42143,SP1000111.26.42143,SY1000111.2026.42143,iPad1(1000111),111,01.06.26 17:29,Prod,A1000111.6448,Tisch 13,101,S1000111.42143,SALE,1,3.9,3.9,0.0,0.0,0.0,0.0,119,Cola,Getränke,,MwSt. 19%,1.19,3.277311,0.622689,Normalverkauf
S1000111.42144,SP1000111.26.42144,SY1000111.2026.42144,iPad1(1000111),111,02.06.26 19:37,Prod,A1000111.6449,Tisch 21,107,S1000111.42144,SALE,1,11.5,11.5,0.0,0.0,0.0,0.0,105,Garnelen-Kimchi-Bruger,Hauptgerichte,,MwSt. 7%,1.07,10.747664,0.752336,Normalverkauf
S1000111.42145,SP1000111.26.42145,SY1000111.2026.42145,iPad1(1000111),111,02.06.26 20:58,Prod,A1000111.6450,Tisch 6,118,S1000111.42145,SALE,2,3.9,7.8,0.0,0.0,0.0,0.0,127,Alkoholfreies Bier,Getränke,,MwSt. 19%,1.19,6.554622,1.245378,Normalverkauf
S1000111.42146,SP1000111.26.42146,SY1000111.2026.42146,iPad1(1000111),111,02.06.26 20:58,Prod,A1000111.6450,Tisch 6,118,S1000111.42146,SALE,1,3.9,3.9,0.0,0.0,0.0,0.0,119,Cola,Getränke,,MwSt. 19%,1.19,3.277311,0.622689,Normalverkauf
S1000111.42147,SP1000111.26.42147,SY1000111.2026.42147,iPad1(1000111),111,02.06.26 17:20,Prod,A1000111.6451,Tisch 18,119,S1000111.42147,SALE,1,3.9,3.9,0.0,0.0,0.0,0.0,119,Cola,Getränke,,MwSt. 19%,1.19,3.277311,0.622689,Normalverkauf
S1000111.42148,SP1000111.26.42148,SY1000111.2026.42148,iPad1(1000111),111,02.06.26 15:28,Prod,A1000111.6452,Tisch 4,118,S1000111.42148,SALE,2,10.9,21.8,0.0,0.0,0.0,0.0,104,Thunfisch Wrap,Hauptgerichte,,MwSt. 7%,1.07,20.373832,1.426168,Normalverkauf
S1000111.42149,SP1000111.26.42149,SY1000111.2026.42149,iPad1(1000111),111,02.06.26 15:28,Prod,A1000111.6452,Tisch 4,118,S1000111.42149,SALE,2,10.9,21.8,0.0,0.0,0.0,0.0,107,Chicken Burger,Hauptgerichte,,MwSt. 7%,1.07,20.373832,1.426168,Normalverkauf
S1000111.42150,SP1000111.26.42150,SY1000111.2026.42150,iPad1(1000111),111,02.06.26 15:28,Prod,A1000111.6452,Tisch 4,118,S1000111.42150,SALE,2,3.9,7.8,0.0,0.0,0.0,0.0,126,Spezi,Getränke,,MwSt. 19%,1.19,6.554622,1.245378,Normalverkauf
S1000111.42151,SP1000111.26.42151,SY1000111.2026.42151,iPad1(1000111),111,02.06.26 18:43,Prod,A1000111.6453,Tisch 17,101,S1000111.42151,SALE,2,2.8,5.6,0.0,0.0,0.0,0.0,121,Mineralwasser,Getränke,,MwSt. 19%,1.19,4.705882,0.894118,Normalverkauf
S1000111.42152,SP1000111.26.42152,SY1000111.2026.42152,iPad1(1000111),111,02.06.26 20:33,Prod,A1000111.6454,Tisch 12,115,S1000111.42152,SALE,1,5.5,5.5,0.0,0.0,0.0,0.0,114,Fisch Nuggets Box,Beilagen,,MwSt. 7%,1.07,5.140187,0.359813,Normalverkauf
S1000111.42153,SP1000111.26.42153,SY1000111.2026.42153,iPad1(1000111),111,02.06.26 11:57,Prod,A1000111.6455,Tisch 23,117,S1000111.42153,SALE,1,5.9,5.9,0.0,0.0,0.0,0.0,123,Inger-Limonade,Getränke,,MwSt. 19%,1.19,4.957983,0.942017,Normalverkauf
S1000111.42154,SP1000111.26.42154,SY1000111.2026.42154,iPad1(1000111),111,02.06.26 11:57,Prod,A1000111.6455,Tisch 23,117,S1000111.42154,SALE,2,5.5,11.0,0.0,0.0,0.0,0.0,111,Pommes Frites,Beilagen,,MwSt. 7%,1.07,10.280374,0.719626,Normalverkauf
S1000111.42155,SP1000111.26.42155,SY1000111.2026.42155,iPad1(1000111),111,02.06.26 11:57,Prod,A1000111.6455,Tisch 23,117,S1000111.42155,SALE,1,10.9,10.9,0.0,0.0,0.0,0.0,109,Bismarck-Baguette,Hauptgerichte,,MwSt. 7%,1.07,10.186916,0.713084,Normalverkauf
S1000111.42156,SP1000111.26.42156,SY1000111.2026.42156,iPad1(1000111),111,02.06.26 16:04,Prod,A1000111.6456,Tisch 7,118,S1000111.42156,SALE,2,13.5,27.0,0.0,0.0,0.0,0.0,102,Matjes,Hauptspeisen,,MwSt. 7%,1.07,25.233645,1.766355,Normalverkauf
S1000111.42157,SP1000111.26.42157,SY1000111.2026.42157,iPad1(1000111),111,02.06.26 16:04,Prod,A1000111.6456,Tisch 7,118,S1000111.42157,SALE,1,9.8,9.8,0.0,0.0,0.0,0.0,108,Seelachs-Ei-Baugette,Hauptgerichte,,MwSt. 7%,1.07,9.158879,0.641121,Normalverkauf
S1000111.42158,SP1000111.26.42158,SY1000111.2026.42158,iPad1(1000111),111,02.06.26 16:04,Prod,A1000111.6456,Tisch 7,118,S1000111.42158,SALE,1,11.5,11.5,0.0,0.0,0.0,0.0,105,Garnelen-Kimchi-Bruger,Hauptgerichte,,MwSt. 7%,1.07,10.747664,0.752336,Normalverkauf
S1000111.42159,SP1000111.26.42159,SY1000111.2026.42159,iPad1(1000111),111,02.06.26 20:12,Prod,A1000111.6457,Tisch 12,117,S1000111.42159,SALE,1,10.9,10.9,0.0,0.0,0.0,0.0,107,Chicken Burger,Hauptgerichte,,MwSt. 7%,1.07,10.186916,0.713084,Normalverkauf
S1000111.42160,SP1000111.26.42160,SY1000111.2026.42160,iPad1(1000111),111,02.06.26 20:12,Prod,A1000111.6457,Tisch 12,117,S1000111.42160,SALE,1,4.2,4.2,0.0,0.0,0.0,0.0,122,Bier,Getränke,,MwSt. 19%,1.19,3.529412,0.670588,Normalverkauf
S1000111.42161,SP1000111.26.42161,SY1000111.2026.42161,iPad1(1000111),111,02.06.26 20:12,Prod,A1000111.6457,Tisch 12,117,S1000111.42161,SALE,2,13.5,27.0,0.0,0.0,0.0,0.0,102,Matjes,Hauptspeisen,,MwSt. 7%,1.07,25.233645,1.766355,Normalverkauf
S1000111.42162,SP1000111.26.42162,SY1000111.2026.42162,iPad1(1000111),111,02.06.26 13:41,Prod,A1000111.6458,Tisch 4,117,S1000111.42162,SALE,2,3.9,7.8,0.0,0.0,0.0,0.0,124,Cola Zero,Getränke,,MwSt. 19%,1.19,6.554622,1.245378,Normalverkauf
S1000111.42163,SP1000111.26.42163,SY1000111.2026.42163,iPad1(1000111),111,02.06.26 13:41,Prod,A1000111.6458,Tisch 4,117,S1000111.42163,SALE,2,7.9,15.8,0.0,0.0,0.0,0.0,115,Tiramisu,Desserts,,MwSt. 7%,1.07,14.766355,1.033645,Normalverkauf
S1000111.42164,SP1000111.26.42164,SY1000111.2026.42164,iPad1(1000111),111,02.06.26 13:41,Prod,A1000111.6458,Tisch 4,117,S1000111.42164,SALE,2,11.5,23.0,0.0,0.0,0.0,0.0,105,Garnelen-Kimchi-Bruger,Hauptgerichte,,MwSt. 7%,1.07,21.495327,1.504673,Normalverkauf
S1000111.42165,SP1000111.26.42165,SY1000111.2026.42165,iPad1(1000111),111,02.06.26 16:43,Prod,A1000111.6459,Tisch 22,114,S1000111.42165,SALE,1,4.9,4.9,0.0,0.0,0.0,0.0,112,Kartoffelwedges,Beilagen,,MwSt. 7%,1.07,4.579439,0.320561,Normalverkauf
S1000111.42166,SP1000111.26.42166,SY1000111.2026.42166,iPad1(1000111),111,02.06.26 16:43,Prod,A1000111.6459,Tisch 22,114,S1000111.42166,SALE,1,3.9,3.9,0.0,0.0,0.0,0.0,119,Cola,Getränke,,MwSt. 19%,1.19,3.277311,0.622689,Normalverkauf
S1000111.42167,SP1000111.26.42167,SY1000111.2026.42167,iPad1(1000111),111,02.06.26 16:43,Prod,A1000111.6459,Tisch 22,114,S1000111.42167,SALE,1,3.9,3.9,0.0,0.0,0.0,0.0,127,Alkoholfreies Bier,Getränke,,MwSt. 19%,1.19,3.277311,0.622689,Normalverkauf
S1000111.42168,SP1000111.26.42168,SY1000111.2026.42168,iPad1(1000111),111,02.06.26 08:16,Prod,A1000111.6460,Tisch 18,107,S1000111.42168,SALE,2,7.9,15.8,0.0,0.0,0.0,0.0,115,Tiramisu,Desserts,,MwSt. 7%,1.07,14.766355,1.033645,Normalverkauf
S1000111.42169,SP1000111.26.42169,SY1000111.2026.42169,iPad1(1000111),111,02.06.26 17:44,Prod,A1000111.6461,Tisch 24,114,S1000111.42169,SALE,2,3.9,7.8,0.0,0.0,0.0,0.0,119,Cola,Getränke,,MwSt. 19%,1.19,6.554622,1.245378,Normalverkauf
S1000111.42170,SP1000111.26.42170,SY1000111.2026.42170,iPad1(1000111),111,02.06.26 16:08,Prod,A1000111.6462,Tisch 7,119,S1000111.42170,SALE,2,13.5,27.0,0.0,0.0,0.0,0.0,102,Matjes,Hauptspeisen,,MwSt. 7%,1.07,25.233645,1.766355,Normalverkauf
S1000111.42171,SP1000111.26.42171,SY1000111.2026.42171,iPad1(1000111),111,02.06.26 16:08,Prod,A1000111.6462,Tisch 7,119,S1000111.42171,SALE,1,2.8,2.8,0.0,0.0,0.0,0.0,121,Mineralwasser,Getränke,,MwSt. 19%,1.19,2.352941,0.447059,Normalverkauf
S1000111.42172,SP1000111.26.42172,SY1000111.2026.42172,iPad1(1000111),111,02.06.26 13:43,Prod,A1000111.6463,Tisch 4,115,S1000111.42172,SALE,1,3.9,3.9,0.0,0.0,0.0,0.0,127,Alkoholfreies Bier,Getränke,,MwSt. 19%,1.19,3.277311,0.622689,Normalverkauf
S1000111.42173,SP1000111.26.42173,SY1000111.2026.42173,iPad1(1000111),111,02.06.26 13:43,Prod,A1000111.6463,Tisch 4,115,S1000111.42173,SALE,2,3.9,7.8,0.0,0.0,0.0,0.0,119,Cola,Getränke,,MwSt. 19%,1.19,6.554622,1.245378,Normalverkauf
S1000111.42174,SP1000111.26.42174,SY1000111.2026.42174,iPad1(1000111),111,02.06.26 18:26,Prod,A1000111.6464,Tisch 1,115,S1000111.42174,VOID,2,3.9,7.8,0.0,0.0,0.0,0.0,126,Spezi,Getränke,,MwSt. 19%,1.19,6.554622,1.245378,Normalverkauf
S1000111.42175,SP1000111.26.42175,SY1000111.2026.42175,iPad1(1000111),111,02.06.26 18:26,Prod,A1000111.6464,Tisch 1,115,S1000111.42175,VOID,1,3.9,3.9,0.0,0.0,0.0,0.0,119,Cola,Getränke,,MwSt. 19%,1.19,3.277311,0.622689,Normalverkauf
S1000111.42176,SP1000111.26.42176,SY1000111.2026.42176,iPad1(1000111),111,02.06.26 12:29,Prod,A1000111.6465,Tisch 5,107,S1000111.42176,SALE,1,9.8,9.8,0.0,0.0,0.0,0.0,108,Seelachs-Ei-Baugette,Hauptgerichte,,MwSt. 7%,1.07,9.158879,0.641121,Normalverkauf
S1000111.42177,SP1000111.26.42177,SY1000111.2026.42177,iPad1(1000111),111,02.06.26 12:29,Prod,A1000111.6465,Tisch 5,107,S1000111.42177,SALE,1,6.9,6.9,0.0,0.0,0.0,0.0,103,Fischbrötchen Räucherlachs,Hauptspeisen,,MwSt. 7%,1.07,6.448598,0.451402,Normalverkauf
S1000111.42178,SP1000111.26.42178,SY1000111.2026.42178,iPad1(1000111),111,02.06.26 11:53,Prod,A1000111.6466,,107,S1000111.42178,SALE,1,11.5,11.5,0.0,0.0,0.0,0.0,105,Garnelen-Kimchi-Bruger,Hauptgerichte,,MwSt. 7%,1.07,10.747664,0.752336,Normalverkauf
S1000111.42179,SP1000111.26.42179,SY1000111.2026.42179,iPad1(1000111),111,02.06.26 11:53,Prod,A1000111.6466,,107,S1000111.42179,SALE,2,3.9,7.8,0.0,0.0,0.0,0.0,119,Cola,Getränke,,MwSt. 19%,1.19,6.554622,1.245378,Normalverkauf
S1000111.42180,SP1000111.26.42180,SY1000111.2026.42180,iPad1(1000111),111,02.06.26 17:53,Prod,A1000111.6467,Tisch 3,101,S1000111.42180,VOID,1,2.8,2.8,0.0,0.0,0.0,0.0,121,Mineralwasser,Getränke,,MwSt. 19%,1.19,2.352941,0.447059,Normalverkauf
S1000111.42181,SP1000111.26.42181,SY1000111.2026.42181,iPad1(1000111),111,02.06.26 17:53,Prod,A1000111.6467,Tisch 3,101,S1000111.42181,VOID,2,3.9,7.8,0.0,0.0,0.0,0.0,126,Spezi,Getränke,,MwSt. 19%,1.19,6.554622,1.245378,Normalverkauf
S1000111.42182,SP1000111.26.42182,SY1000111.2026.42182,iPad1(1000111),111,02.06.26 18:03,Prod,A1000111.6468,Tisch 17,101,S1000111.42182,SALE,2,14.5,29.0,0.0,0.0,0.0,0.0,101,Lachs,Hauptspeisen,,MwSt. 7%,1.07,27.102804,1.897196,Normalverkauf
S1000111.42183,SP1000111.26.42183,SY1000111.2026.42183,iPad1(1000111),111,02.06.26 18:03,Prod,A1000111.6468,Tisch 17,101,S1000111.42183,SALE,2,4.2,8.4,0.0,0.0,0.0,0.0,122,Bier,Getränke,,MwSt. 19%,1.19,7.058824,1.341176,Normalverkauf
S1000111.42184,SP1000111.26.42184,SY1000111.2026.42184,iPad1(1000111),111,02.06.26 18:03,Prod,A1000111.6468,Tisch 17,101,S1000111.42184,SALE,2,10.9,21.8,0.0,0.0,0.0,0.0,107,Chicken Burger,Hauptgerichte,,MwSt. 7%,1.07,20.373832,1.426168,Normalverkauf
S1000111.42185,SP1000111.26.42185,SY1000111.2026.42185,iPad1(1000111),111,02.06.26 17:40,Prod,A1000111.6469,Tisch 11,107,S1000111.42185,SALE,2,5.5,11.0,0.0,0.0,0.0,0.0,111,Pommes Frites,Beilagen,,MwSt. 7%,1.07,10.280374,0.719626,Normalverkauf
S1000111.42186,SP1000111.26.42186,SY1000111.2026.42186,iPad1(1000111),111,02.06.26 17:40,Prod,A1000111.6469,Tisch 11,107,S1000111.42186,SALE,1,7.9,7.9,0.0,0.0,0.0,0.0,115,Tiramisu,Desserts,,MwSt. 7%,1.07,7.383178,0.516822,Normalverkauf
S1000111.42187,SP1000111.26.42187,SY1000111.2026.42187,iPad1(1000111),111,02.06.26 17:03,Prod,A1000111.6470,Tisch 20,101,S1000111.42187,SALE,1,3.9,3.9,0.0,0.0,0.0,0.0,127,Alkoholfreies Bier,Getränke,,MwSt. 19%,1.19,3.277311,0.622689,Normalverkauf
S1000111.42188,SP1000111.26.42188,SY1000111.2026.42188,iPad1(1000111),111,02.06.26 17:03,Prod,A1000111.6470,Tisch 20,101,S1000111.42188,SALE,1,3.9,3.9,0.0,0.0,0.0,0.0,127,Alkoholfreies Bier,Getränke,,MwSt. 19%,1.19,3.277311,0.622689,Normalverkauf
S1000111.42189,SP1000111.26.42189,SY1000111.2026.42189,iPad1(1000111),111,02.06.26 18:15,Prod,A1000111.6471,Tisch 10,119,S1000111.42189,SALE,2,6.5,13.0,0.0,0.0,0.0,0.0,100,Fischbrötchen Backfisch,Hauptspeisen,,MwSt. 7%,1.07,12.149533,0.850467,Normalverkauf
S1000111.42190,SP1000111.26.42190,SY1000111.2026.42190,iPad1(1000111),111,02.06.26 18:15,Prod,A1000111.6471,Tisch 10,119,S1000111.42190,SALE,2,6.9,13.8,0.0,0.0,0.0,0.0,113,Garnelen Box,Beilagen,,MwSt. 7%,1.07,12.897196,0.902804,Normalverkauf
S1000111.42191,SP1000111.26.42191,SY1000111.2026.42191,iPad1(1000111),111,02.06.26 16:14,Prod,A1000111.6472,Tisch 3,101,S1000111.42191,SALE,1,3.9,3.9,0.0,0.0,0.0,0.0,124,Cola Zero,Getränke,,MwSt. 19%,1.19,3.277311,0.622689,Normalverkauf
S1000111.42192,SP1000111.26.42192,SY1000111.2026.42192,iPad1(1000111),111,02.06.26 16:14,Prod,A1000111.6472,Tisch 3,101,S1000111.42192,SALE,2,3.9,7.8,0.0,0.0,0.0,0.0,127,Alkoholfreies Bier,Getränke,,MwSt. 19%,1.19,6.554622,1.245378,Normalverkauf
S1000111.42193,SP1000111.26.42193,SY1000111.2026.42193,iPad1(1000111),111,02.06.26 16:14,Prod,A1000111.6472,Tisch 3,101,S1000111.42193,SALE,1,11.5,11.5,0.0,0.0,0.0,0.0,105,Garnelen-Kimchi-Bruger,Hauptgerichte,,MwSt. 7%,1.07,10.747664,0.752336,Normalverkauf
S1000111.42194,SP1000111.26.42194,SY1000111.2026.42194,iPad1(1000111),111,02.06.26 11:00,Prod,A1000111.6473,Tisch 20,119,S1000111.42194,SALE,1,7.9,7.9,0.0,0.0,0.0,0.0,106,Neptun-Ringe,Beilagen,,MwSt. 7%,1.07,7.383178,0.516822,Normalverkauf
S1000111.42195,SP1000111.26.42195,SY1000111.2026.42195,iPad1(1000111),111,02.06.26 15:36,Prod,A1000111.6474,Tisch 19,114,S1000111.42195,VOID,1,6.5,6.5,0.0,0.0,0.0,0.0,100,Fischbrötchen Backfisch,Hauptspeisen,,MwSt. 7%,1.07,6.074766,0.425234,Normalverkauf
S1000111.42196,SP1000111.26.42196,SY1000111.2026.42196,iPad1(1000111),111,02.06.26 15:36,Prod,A1000111.6474,Tisch 19,114,S1000111.42196,VOID,2,11.9,23.8,0.0,0.0,0.0,0.0,110,Matjes-Baguette,Hauptgerichte,,MwSt. 7%,1.07,22.242991,1.557009,Normalverkauf
S1000111.42197,SP1000111.26.42197,SY1000111.2026.42197,iPad1(1000111),111,02.06.26 15:36,Prod,A1000111.6474,Tisch 19,114,S1000111.42197,VOID,1,5.9,5.9,0.0,0.0,0.0,0.0,123,Inger-Limonade,Getränke,,MwSt. 19%,1.19,4.957983,0.942017,Normalverkauf
S1000111.42198,SP1000111.26.42198,SY1000111.2026.42198,iPad1(1000111),111,02.06.26 20:26,Prod,A1000111.6475,,118,S1000111.42198,SALE,1,10.9,10.9,0.0,0.0,0.0,0.0,107,Chicken Burger,Hauptgerichte,,MwSt. 7%,1.07,10.186916,0.713084,Normalverkauf
S1000111.42199,SP1000111.26.42199,SY1000111.2026.42199,iPad1(1000111),111,02.06.26 20:26,Prod,A1000111.6475,,118,S1000111.42199,SALE,2,4.2,8.4,0.0,0.0,0.0,0.0,122,Bier,Getränke,,MwSt. 19%,1.19,7.058824,1.341176,Normalverkauf
S1000111.42200,SP1000111.26.42200,SY1000111.2026.42200,iPad1(1000111),111,02.06.26 17:57,Prod,A1000111.6476,Tisch 5,119,S1000111.42200,VOID,2,3.2,6.4,0.0,0.0,0.0,0.0,120,Apfelschorle,Getränke,,MwSt. 19%,1.19,5.378151,1.021849,Normalverkauf
S1000111.42201,SP1000111.26.42201,SY1000111.2026.42201,iPad1(1000111),111,02.06.26 17:57,Prod,A1000111.6476,Tisch 5,119,S1000111.42201,VOID,1,14.5,14.5,0.0,0.0,0.0,0.0,101,Lachs,Hauptspeisen,,MwSt. 7%,1.07,13.551402,0.948598,Normalverkauf
S1000111.42202,SP1000111.26.42202,SY1000111.2026.42202,iPad1(1000111),111,02.06.26 16:37,Prod,A1000111.6477,Tisch 2,119,S1000111.42202,VOID,1,3.2,3.2,0.0,0.0,0.0,0.0,120,Apfelschorle,Getränke,,MwSt. 19%,1.19,2.689076,0.510924,Normalverkauf
S1000111.42203,SP1000111.26.42203,SY1000111.2026.42203,iPad1(1000111),111,02.06.26 15:21,Prod,A1000111.6478,,117,S1000111.42203,SALE,1,2.8,2.8,0.0,0.0,0.0,0.0,121,Mineralwasser,Getränke,,MwSt. 19%,1.19,2.352941,0.447059,Normalverkauf
S1000111.42204,SP1000111.26.42204,SY1000111.2026.42204,iPad1(1000111),111,02.06.26 15:21,Prod,A1000111.6478,,117,S1000111.42204,SALE,2,14.5,29.0,0.0,0.0,0.0,0.0,101,Lachs,Hauptspeisen,,MwSt. 7%,1.07,27.102804,1.897196,Normalverkauf
S1000111.42205,SP1000111.26.42205,SY1000111.2026.42205,iPad1(1000111),111,02.06.26 15:21,Prod,A1000111.6478,,117,S1000111.42205,SALE,2,10.9,21.8,0.0,0.0,0.0,0.0,107,Chicken Burger,Hauptgerichte,,MwSt. 7%,1.07,20.373832,1.426168,Normalverkauf
S1000111.42206,SP1000111.26.42206,SY1000111.2026.42206,iPad1(1000111),111,02.06.26 14:53,Prod,A1000111.6479,Tisch 4,101,S1000111.42206,SALE,2,2.8,5.6,0.0,0.0,0.0,0.0,121,Mineralwasser,Getränke,,MwSt. 19%,1.19,4.705882,0.894118,Normalverkauf
S1000111.42207,SP1000111.26.42207,SY1000111.2026.42207,iPad1(1000111),111,02.06.26 09:55,Prod,A1000111.6480,Tisch 2,114,S1000111.42207,SALE,2,6.5,13.0,0.0,0.0,0.0,0.0,118,Schokokuchen,Desserts,,MwSt. 7%,1.07,12.149533,0.850467,Normalverkauf
S1000111.42208,SP1000111.26.42208,SY1000111.2026.42208,iPad1(1000111),111,02.06.26 09:55,Prod,A1000111.6480,Tisch 2,114,S1000111.42208,SALE,2,4.2,8.4,0.0,0.0,0.0,0.0,122,Bier,Getränke,,MwSt. 19%,1.19,7.058824,1.341176,Normalverkauf
S1000111.42209,SP1000111.26.42209,SY1000111.2026.42209,iPad1(1000111),111,02.06.26 09:55,Prod,A1000111.6480,Tisch 2,114,S1000111.42209,SALE,1,11.9,11.9,0.0,0.0,0.0,0.0,110,Matjes-Baguette,Hauptgerichte,,MwSt. 7%,1.07,11.121495,0.778505,Normalverkauf
S1000111.42210,SP1000111.26.42210,SY1000111.2026.42210,iPad1(1000111),111,02.06.26 14:13,Prod,A1000111.6481,Tisch 3,119,S1000111.42210,SALE,2,11.9,23.8,0.0,0.0,0.0,0.0,110,Matjes-Baguette,Hauptgerichte,,MwSt. 7%,1.07,22.242991,1.557009,Normalverkauf
S1000111.42211,SP1000111.26.42211,SY1000111.2026.42211,iPad1(1000111),111,02.06.26 10:01,Prod,A1000111.6482,Tisch 20,118,S1000111.42211,SALE,1,5.5,5.5,0.0,0.0,0.0,0.0,114,Fisch Nuggets Box,Beilagen,,MwSt. 7%,1.07,5.140187,0.359813,Normalverkauf
S1000111.42212,SP1000111.26.42212,SY1000111.2026.42212,iPad1(1000111),111,02.06.26 10:01,Prod,A1000111.6482,Tisch 20,118,S1000111.42212,SALE,1,3.9,3.9,0.0,0.0,0.0,0.0,119,Cola,Getränke,,MwSt. 19%,1.19,3.277311,0.622689,Normalverkauf
S1000111.42213,SP1000111.26.42213,SY1000111.2026.42213,iPad1(1000111),111,02.06.26 12:21,Prod,A1000111.6483,Tisch 9,119,S1000111.42213,SALE,2,3.9,7.8,0.0,0.0,0.0,0.0,124,Cola Zero,Getränke,,MwSt. 19%,1.19,6.554622,1.245378,Normalverkauf
S1000111.42214,SP1000111.26.42214,SY1000111.2026.42214,iPad1(1000111),111,02.06.26 12:21,Prod,A1000111.6483,Tisch 9,119,S1000111.42214,SALE,2,5.5,11.0,0.0,0.0,0.0,0.0,114,Fisch Nuggets Box,Beilagen,,MwSt. 7%,1.07,10.280374,0.719626,Normalverkauf
S1000111.42215,SP1000111.26.42215,SY1000111.2026.42215,iPad1(1000111),111,02.06.26 17:16,Prod,A1000111.6484,Tisch 5,118,S1000111.42215,SALE,2,3.9,7.8,0.0,0.0,0.0,0.0,127,Alkoholfreies Bier,Getränke,,MwSt. 19%,1.19,6.554622,1.245378,Normalverkauf
S1000111.42216,SP1000111.26.42216,SY1000111.2026.42216,iPad1(1000111),111,02.06.26 17:16,Prod,A1000111.6484,Tisch 5,118,S1000111.42216,SALE,1,11.5,11.5,0.0,0.0,0.0,0.0,105,Garnelen-Kimchi-Bruger,Hauptgerichte,,MwSt. 7%,1.07,10.747664,0.752336,Normalverkauf
S1000111.42217,SP1000111.26.42217,SY1000111.2026.42217,iPad1(1000111),111,02.06.26 17:16,Prod,A1000111.6484,Tisch 5,118,S1000111.42217,SALE,2,3.2,6.4,0.0,0.0,0.0,0.0,120,Apfelschorle,Getränke,,MwSt. 19%,1.19,5.378151,1.021849,Normalverkauf
S1000111.42218,SP1000111.26.42218,SY1000111.2026.42218,iPad1(1000111),111,02.06.26 16:03,Prod,A1000111.6485,Tisch 21,117,S1000111.42218,SALE,1,10.9,10.9,0.0,0.0,0.0,0.0,107,Chicken Burger,Hauptgerichte,,MwSt. 7%,1.07,10.186916,0.713084,Normalverkauf
S1000111.42219,SP1000111.26.42219,SY1000111.2026.42219,iPad1(1000111),111,02.06.26 16:03,Prod,A1000111.6485,Tisch 21,117,S1000111.42219,SALE,2,5.5,11.0,0.0,0.0,0.0,0.0,111,Pommes Frites,Beilagen,,MwSt. 7%,1.07,10.280374,0.719626,Normalverkauf
S1000111.42220,SP1000111.26.42220,SY1000111.2026.42220,iPad1(1000111),111,02.06.26 16:03,Prod,A1000111.6485,Tisch 21,117,S1000111.42220,SALE,2,10.9,21.8,0.0,0.0,0.0,0.0,104,Thunfisch Wrap,Hauptgerichte,,MwSt. 7%,1.07,20.373832,1.426168,Normalverkauf
S1000111.42221,SP1000111.26.42221,SY1000111.2026.42221,iPad1(1000111),111,02.06.26 08:19,Prod,A1000111.6486,Tisch 3,101,S1000111.42221,SALE,2,10.9,21.8,0.0,0.0,0.0,0.0,107,Chicken Burger,Hauptgerichte,,MwSt. 7%,1.07,20.373832,1.426168,Normalverkauf
S1000111.42222,SP1000111.26.42222,SY1000111.2026.42222,iPad1(1000111),111,02.06.26 08:19,Prod,A1000111.6486,Tisch 3,101,S1000111.42222,SALE,1,14.5,14.5,0.0,0.0,0.0,0.0,101,Lachs,Hauptspeisen,,MwSt. 7%,1.07,13.551402,0.948598,Normalverkauf
S1000111.42223,SP1000111.26.42223,SY1000111.2026.42223,iPad1(1000111),111,02.06.26 08:19,Prod,A1000111.6486,Tisch 3,101,S1000111.42223,SALE,1,9.8,9.8,0.0,0.0,0.0,0.0,108,Seelachs-Ei-Baugette,Hauptgerichte,,MwSt. 7%,1.07,9.158879,0.641121,Normalverkauf
S1000111.42224,SP1000111.26.42224,SY1000111.2026.42224,iPad1(1000111),111,02.06.26 17:37,Prod,A1000111.6487,Tisch 4,114,S1000111.42224,SALE,2,11.9,23.8,0.0,0.0,0.0,0.0,110,Matjes-Baguette,Hauptgerichte,,MwSt. 7%,1.07,22.242991,1.557009,Normalverkauf
S1000111.42225,SP1000111.26.42225,SY1000111.2026.42225,iPad1(1000111),111,02.06.26 17:58,Prod,A1000111.6488,Tisch 14,101,S1000111.42225,SALE,2,3.9,7.8,0.0,0.0,0.0,0.0,119,Cola,Getränke,,MwSt. 19%,1.19,6.554622,1.245378,Normalverkauf
S1000111.42226,SP1000111.26.42226,SY1000111.2026.42226,iPad1(1000111),111,02.06.26 15:33,Prod,A1000111.6489,Tisch 18,114,S1000111.42226,VOID,2,6.5,13.0,0.0,0.0,0.0,0.0,100,Fischbrötchen Backfisch,Hauptspeisen,,MwSt. 7%,1.07,12.149533,0.850467,Normalverkauf
S1000111.42227,SP1000111.26.42227,SY1000111.2026.42227,iPad1(1000111),111,02.06.26 15:33,Prod,A1000111.6489,Tisch 18,114,S1000111.42227,VOID,2,9.8,19.6,0.0,0.0,0.0,0.0,108,Seelachs-Ei-Baugette,Hauptgerichte,,MwSt. 7%,1.07,18.317757,1.282243,Normalverkauf
S1000111.42228,SP1000111.26.42228,SY1000111.2026.42228,iPad1(1000111),111,02.06.26 15:44,Prod,A1000111.6490,,101,S1000111.42228,SALE,2,3.9,7.8,0.0,0.0,0.0,0.0,126,Spezi,Getränke,,MwSt. 19%,1.19,6.554622,1.245378,Normalverkauf
S1000111.42229,SP1000111.26.42229,SY1000111.2026.42229,iPad1(1000111),111,02.06.26 15:44,Prod,A1000111.6490,,101,S1000111.42229,SALE,1,3.2,3.2,0.0,0.0,0.0,0.0,120,Apfelschorle,Getränke,,MwSt. 19%,1.19,2.689076,0.510924,Normalverkauf
S1000111.42230,SP1000111.26.42230,SY1000111.2026.42230,iPad1(1000111),111,02.06.26 15:44,Prod,A1000111.6490,,101,S1000111.42230,SALE,1,4.2,4.2,0.0,0.0,0.0,0.0,122,Bier,Getränke,,MwSt. 19%,1.19,3.529412,0.670588,Normalverkauf
S1000111.42231,SP1000111.26.42231,SY1000111.2026.42231,iPad1(1000111),111,02.06.26 20:25,Prod,A1000111.6491,Tisch 14,101,S1000111.42231,SALE,1,4.9,4.9,0.0,0.0,0.0,0.0,112,Kartoffelwedges,Beilagen,,MwSt. 7%,1.07,4.579439,0.320561,Normalverkauf
S1000111.42232,SP1000111.26.42232,SY1000111.2026.42232,iPad1(1000111),111,02.06.26 20:25,Prod,A1000111.6491,Tisch 14,101,S1000111.42232,SALE,2,7.9,15.8,0.0,0.0,0.0,0.0,106,Neptun-Ringe,Beilagen,,MwSt. 7%,1.07,14.766355,1.033645,Normalverkauf
S1000111.42233,SP1000111.26.42233,SY1000111.2026.42233,iPad1(1000111),111,02.06.26 19:33,Prod,A1000111.6492,,115,S1000111.42233,SALE,2,10.9,21.8,0.0,0.0,0.0,0.0,107,Chicken Burger,Hauptgerichte,,MwSt. 7%,1.07,20.373832,1.426168,Normalverkauf
S1000111.42234,SP1000111.26.42234,SY1000111.2026.42234,iPad1(1000111),111,02.06.26 19:33,Prod,A1000111.6492,,115,S1000111.42234,SALE,1,2.8,2.8,0.0,0.0,0.0,0.0,121,Mineralwasser,Getränke,,MwSt. 19%,1.19,2.352941,0.447059,Normalverkauf
S1000111.42235,SP1000111.26.42235,SY1000111.2026.42235,iPad1(1000111),111,02.06.26 19:33,Prod,A1000111.6492,,115,S1000111.42235,SALE,2,3.9,7.8,0.0,0.0,0.0,0.0,119,Cola,Getränke,,MwSt. 19%,1.19,6.554622,1.245378,Normalverkauf
S1000111.42236,SP1000111.26.42236,SY1000111.2026.42236,iPad1(1000111),111,02.06.26 18:02,Prod,A1000111.6493,Tisch 11,107,S1000111.42236,SALE,1,6.9,6.9,0.0,0.0,0.0,0.0,103,Fischbrötchen Räucherlachs,Hauptspeisen,,MwSt. 7%,1.07,6.448598,0.451402,Normalverkauf
S1000111.42237,SP1000111.26.42237,SY1000111.2026.42237,iPad1(1000111),111,02.06.26 18:02,Prod,A1000111.6493,Tisch 11,107,S1000111.42237,SALE,1,5.5,5.5,0.0,0.0,0.0,0.0,111,Pommes Frites,Beilagen,,MwSt. 7%,1.07,5.140187,0.359813,Normalverkauf
S1000111.42238,SP1000111.26.42238,SY1000111.2026.42238,iPad1(1000111),111,02.06.26 18:02,Prod,A1000111.6493,Tisch 11,107,S1000111.42238,SALE,2,9.8,19.6,0.0,0.0,0.0,0.0,108,Seelachs-Ei-Baugette,Hauptgerichte,,MwSt. 7%,1.07,18.317757,1.282243,Normalverkauf
S1000111.42239,SP1000111.26.42239,SY1000111.2026.42239,iPad1(1000111),111,02.06.26 12:07,Prod,A1000111.6494,,118,S1000111.42239,SALE,2,6.9,13.8,0.0,0.0,0.0,0.0,113,Garnelen Box,Beilagen,,MwSt. 7%,1.07,12.897196,0.902804,Normalverkauf
S1000111.42240,SP1000111.26.42240,SY1000111.2026.42240,iPad1(1000111),111,02.06.26 20:20,Prod,A1000111.6495,Tisch 7,101,S1000111.42240,SALE,2,7.9,15.8,0.0,0.0,0.0,0.0,106,Neptun-Ringe,Beilagen,,MwSt. 7%,1.07,14.766355,1.033645,Normalverkauf
S1000111.42241,SP1000111.26.42241,SY1000111.2026.42241,iPad1(1000111),111,02.06.26 20:20,Prod,A1000111.6495,Tisch 7,101,S1000111.42241,SALE,1,3.2,3.2,0.0,0.0,0.0,0.0,120,Apfelschorle,Getränke,,MwSt. 19%,1.19,2.689076,0.510924,Normalverkauf
S1000111.42242,SP1000111.26.42242,SY1000111.2026.42242,iPad1(1000111),111,02.06.26 20:20,Prod,A1000111.6495,Tisch 7,101,S1000111.42242,SALE,1,4.2,4.2,0.0,0.0,0.0,0.0,122,Bier,Getränke,,MwSt. 19%,1.19,3.529412,0.670588,Normalverkauf
S1000111.42243,SP1000111.26.42243,SY1000111.2026.42243,iPad1(1000111),111,02.06.26 12:34,Prod,A1000111.6496,Tisch 3,117,S1000111.42243,SALE,2,7.9,15.8,0.0,0.0,0.0,0.0,106,Neptun-Ringe,Beilagen,,MwSt. 7%,1.07,14.766355,1.033645,Normalverkauf
S1000111.42244,SP1000111.26.42244,SY1000111.2026.42244,iPad1(1000111),111,02.06.26 12:34,Prod,A1000111.6496,Tisch 3,117,S1000111.42244,SALE,1,14.5,14.5,0.0,0.0,0.0,0.0,101,Lachs,Hauptspeisen,,MwSt. 7%,1.07,13.551402,0.948598,Normalverkauf
S1000111.42245,SP1000111.26.42245,SY1000111.2026.42245,iPad1(1000111),111,02.06.26 12:34,Prod,A1000111.6496,Tisch 3,117,S1000111.42245,SALE,1,10.9,10.9,0.0,0.0,0.0,0.0,104,Thunfisch Wrap,Hauptgerichte,,MwSt. 7%,1.07,10.186916,0.713084,Normalverkauf
S1000111.42246,SP1000111.26.42246,SY1000111.2026.42246,iPad1(1000111),111,02.06.26 20:14,Prod,A1000111.6497,,114,S1000111.42246,SALE,1,14.5,14.5,0.0,0.0,0.0,0.0,101,Lachs,Hauptspeisen,,MwSt. 7%,1.07,13.551402,0.948598,Normalverkauf
S1000111.42247,SP1000111.26.42247,SY1000111.2026.42247,iPad1(1000111),111,02.06.26 20:14,Prod,A1000111.6497,,114,S1000111.42247,SALE,1,6.5,6.5,0.0,0.0,0.0,0.0,118,Schokokuchen,Desserts,,MwSt. 7%,1.07,6.074766,0.425234,Normalverkauf
S1000111.42248,SP1000111.26.42248,SY1000111.2026.42248,iPad1(1000111),111,02.06.26 19:36,Prod,A1000111.6498,Tisch 13,118,S1000111.42248,SALE,1,10.9,10.9,0.0,0.0,0.0,0.0,104,Thunfisch Wrap,Hauptgerichte,,MwSt. 7%,1.07,10.186916,0.713084,Normalverkauf
S1000111.42249,SP1000111.26.42249,SY1000111.2026.42249,iPad1(1000111),111,02.06.26 19:36,Prod,A1000111.6498,Tisch 13,118,S1000111.42249,SALE,2,4.2,8.4,0.0,0.0,0.0,0.0,122,Bier,Getränke,,MwSt. 19%,1.19,7.058824,1.341176,Normalverkauf
S1000111.42250,SP1000111.26.42250,SY1000111.2026.42250,iPad1(1000111),111,02.06.26 20:39,Prod,A1000111.6499,Tisch 8,115,S1000111.42250,SALE,2,10.9,21.8,0.0,0.0,0.0,0.0,107,Chicken Burger,Hauptgerichte,,MwSt. 7%,1.07,20.373832,1.426168,Normalverkauf
S1000111.42251,SP1000111.26.42251,SY1000111.2026.42251,iPad1(1000111),111,02.06.26 20:39,Prod,A1000111.6499,Tisch 8,115,S1000111.42251,SALE,1,3.9,3.9,0.0,0.0,0.0,0.0,119,Cola,Getränke,,MwSt. 19%,1.19,3.277311,0.622689,Normalverkauf
S1000111.42252,SP1000111.26.42252,SY1000111.2026.42252,iPad1(1000111),111,02.06.26 20:39,Prod,A1000111.6499,Tisch 8,115,S1000111.42252,SALE,2,3.9,7.8,0.0,0.0,0.0,0.0,119,Cola,Getränke,,MwSt. 19%,1.19,6.554622,1.245378,Normalverkauf
S1000111.42253,SP1000111.26.42253,SY1000111.2026.42253,iPad1(1000111),111,02.06.26 19:07,Prod,A1000111.6500,Tisch 1,107,S1000111.42253,SALE,1,3.9,3.9,0.0,0.0,0.0,0.0,124,Cola Zero,Getränke,,MwSt. 19%,1.19,3.277311,0.622689,Normalverkauf
S1000111.42254,SP1000111.26.42254,SY1000111.2026.42254,iPad1(1000111),111,02.06.26 19:07,Prod,A1000111.6500,Tisch 1,107,S1000111.42254,SALE,1,4.2,4.2,0.0,0.0,0.0,0.0,122,Bier,Getränke,,MwSt. 19%,1.19,3.529412,0.670588,Normalverkauf
S1000111.42255,SP1000111.26.42255,SY1000111.2026.42255,iPad1(1000111),111,02.06.26 19:07,Prod,A1000111.6500,Tisch 1,107,S1000111.42255,SALE,1,3.9,3.9,0.0,0.0,0.0,0.0,119,Cola,Getränke,,MwSt. 19%,1.19,3.277311,0.622689,Normalverkauf
S1000111.42256,SP1000111.26.42256,SY1000111.2026.42256,iPad1(1000111),111,02.06.26 18:51,Prod,A1000111.6501,Tisch 13,118,S1000111.42256,SALE,2,7.9,15.8,0.0,0.0,0.0,0.0,115,Tiramisu,Desserts,,MwSt. 7%,1.07,14.766355,1.033645,Normalverkauf
S1000111.42257,SP1000111.26.42257,SY1000111.2026.42257,iPad1(1000111),111,02.06.26 18:51,Prod,A1000111.6501,Tisch 13,118,S1000111.42257,SALE,2,6.9,13.8,0.0,0.0,0.0,0.0,113,Garnelen Box,Beilagen,,MwSt. 7%,1.07,12.897196,0.902804,Normalverkauf
S1000111.42258,SP1000111.26.42258,SY1000111.2026.42258,iPad1(1000111),111,02.06.26 17:24,Prod,A1000111.6502,Tisch 10,101,S1000111.42258,SALE,2,9.8,19.6,0.0,0.0,0.0,0.0,108,Seelachs-Ei-Baugette,Hauptgerichte,,MwSt. 7%,1.07,18.317757,1.282243,Normalverkauf
S1000111.42259,SP1000111.26.42259,SY1000111.2026.42259,iPad1(1000111),111,02.06.26 09:19,Prod,A1000111.6503,,117,S1000111.42259,SALE,1,11.9,11.9,0.0,0.0,0.0,0.0,110,Matjes-Baguette,Hauptgerichte,,MwSt. 7%,1.07,11.121495,0.778505,Normalverkauf
S1000111.42260,SP1000111.26.42260,SY1000111.2026.42260,iPad1(1000111),111,02.06.26 09:19,Prod,A1000111.6503,,117,S1000111.42260,SALE,1,5.5,5.5,0.0,0.0,0.0,0.0,111,Pommes Frites,Beilagen,,MwSt. 7%,1.07,5.140187,0.359813,Normalverkauf
S1000111.42261,SP1000111.26.42261,SY1000111.2026.42261,iPad1(1000111),111,02.06.26 09:19,Prod,A1000111.6503,,117,S1000111.42261,SALE,1,2.8,2.8,0.0,0.0,0.0,0.0,121,Mineralwasser,Getränke,,MwSt. 19%,1.19,2.352941,0.447059,Normalverkauf
S1000111.42262,SP1000111.26.42262,SY1000111.2026.42262,iPad1(1000111),111,02.06.26 11:40,Prod,A1000111.6504,Tisch 16,101,S1000111.42262,SALE,1,4.2,4.2,0.0,0.0,0.0,0.0,122,Bier,Getränke,,MwSt. 19%,1.19,3.529412,0.670588,Normalverkauf
S1000111.42263,SP1000111.26.42263,SY1000111.2026.42263,iPad1(1000111),111,02.06.26 11:40,Prod,A1000111.6504,Tisch 16,101,S1000111.42263,SALE,2,3.9,7.8,0.0,0.0,0.0,0.0,119,Cola,Getränke,,MwSt. 19%,1.19,6.554622,1.245378,Normalverkauf
S1000111.42264,SP1000111.26.42264,SY1000111.2026.42264,iPad1(1000111),111,02.06.26 11:40,Prod,A1000111.6504,Tisch 16,101,S1000111.42264,SALE,2,6.5,13.0,0.0,0.0,0.0,0.0,100,Fischbrötchen Backfisch,Hauptspeisen,,MwSt. 7%,1.07,12.149533,0.850467,Normalverkauf
S1000111.42265,SP1000111.26.42265,SY1000111.2026.42265,iPad1(1000111),111,02.06.26 13:44,Prod,A1000111.6505,Tisch 16,114,S1000111.42265,SALE,2,6.5,13.0,0.0,0.0,0.0,0.0,118,Schokokuchen,Desserts,,MwSt. 7%,1.07,12.149533,0.850467,Normalverkauf
S1000111.42266,SP1000111.26.42266,SY1000111.2026.42266,iPad1(1000111),111,02.06.26 13:44,Prod,A1000111.6505,Tisch 16,114,S1000111.42266,SALE,1,5.9,5.9,0.0,0.0,0.0,0.0,116,Vanillequark,Desserts,,MwSt. 7%,1.07,5.514019,0.385981,Normalverkauf
S1000111.42267,SP1000111.26.42267,SY1000111.2026.42267,iPad1(1000111),111,02.06.26 13:50,Prod,A1000111.6506,,101,S1000111.42267,VOID,2,3.9,7.8,0.0,0.0,0.0,0.0,119,Cola,Getränke,,MwSt. 19%,1.19,6.554622,1.245378,Normalverkauf
S1000111.42268,SP1000111.26.42268,SY1000111.2026.42268,iPad1(1000111),111,02.06.26 11:32,Prod,A1000111.6507,Tisch 17,117,S1000111.42268,SALE,2,6.9,13.8,0.0,0.0,0.0,0.0,113,Garnelen Box,Beilagen,,MwSt. 7%,1.07,12.897196,0.902804,Normalverkauf
S1000111.42269,SP1000111.26.42269,SY1000111.2026.42269,iPad1(1000111),111,02.06.26 17:22,Prod,A1000111.6508,Tisch 11,115,S1000111.42269,SALE,1,4.9,4.9,0.0,0.0,0.0,0.0,112,Kartoffelwedges,Beilagen,,MwSt. 7%,1.07,4.579439,0.320561,Normalverkauf
S1000111.42270,SP1000111.26.42270,SY1000111.2026.42270,iPad1(1000111),111,02.06.26 19:15,Prod,A1000111.6509,Tisch 10,118,S1000111.42270,SALE,1,10.9,10.9,0.0,0.0,0.0,0.0,109,Bismarck-Baguette,Hauptgerichte,,MwSt. 7%,1.07,10.186916,0.713084,Normalverkauf
S1000111.42271,SP1000111.26.42271,SY1000111.2026.42271,iPad1(1000111),111,02.06.26 11:54,Prod,A1000111.6510,Tisch 14,118,S1000111.42271,SALE,1,3.2,3.2,0.0,0.0,0.0,0.0,120,Apfelschorle,Getränke,,MwSt. 19%,1.19,2.689076,0.510924,Normalverkauf
S1000111.42272,SP1000111.26.42272,SY1000111.2026.42272,iPad1(1000111),111,02.06.26 11:54,Prod,A1000111.6510,Tisch 14,118,S1000111.42272,SALE,1,13.5,13.5,0.0,0.0,0.0,0.0,102,Matjes,Hauptspeisen,,MwSt. 7%,1.07,12.616822,0.883178,Normalverkauf
S1000111.42273,SP1000111.26.42273,SY1000111.2026.42273,iPad1(1000111),111,02.06.26 11:54,Prod,A1000111.6510,Tisch 14,118,S1000111.42273,SALE,1,3.9,3.9,0.0,0.0,0.0,0.0,127,Alkoholfreies Bier,Getränke,,MwSt. 19%,1.19,3.277311,0.622689,Normalverkauf
S1000111.42274,SP1000111.26.42274,SY1000111.2026.42274,iPad1(1000111),111,02.06.26 13:55,Prod,A1000111.6511,Tisch 4,118,S1000111.42274,SALE,2,11.9,23.8,0.0,0.0,0.0,0.0,110,Matjes-Baguette,Hauptgerichte,,MwSt. 7%,1.07,22.242991,1.557009,Normalverkauf
S1000111.42275,SP1000111.26.42275,SY1000111.2026.42275,iPad1(1000111),111,02.06.26 13:55,Prod,A1000111.6511,Tisch 4,118,S1000111.42275,SALE,1,11.5,11.5,0.0,0.0,0.0,0.0,105,Garnelen-Kimchi-Bruger,Hauptgerichte,,MwSt. 7%,1.07,10.747664,0.752336,Normalverkauf
S1000111.42276,SP1000111.26.42276,SY1000111.2026.42276,iPad1(1000111),111,02.06.26 13:55,Prod,A1000111.6511,Tisch 4,118,S1000111.42276,SALE,2,3.9,7.8,0.0,0.0,0.0,0.0,119,Cola,Getränke,,MwSt. 19%,1.19,6.554622,1.245378,Normalverkauf
S1000111.42277,SP1000111.26.42277,SY1000111.2026.42277,iPad1(1000111),111,02.06.26 18:49,Prod,A1000111.6512,Tisch 4,114,S1000111.42277,SALE,1,2.8,2.8,0.0,0.0,0.0,0.0,121,Mineralwasser,Getränke,,MwSt. 19%,1.19,2.352941,0.447059,Normalverkauf
S1000111.42278,SP1000111.26.42278,SY1000111.2026.42278,iPad1(1000111),111,02.06.26 16:27,Prod,A1000111.6513,Tisch 13,107,S1000111.42278,SALE,1,11.9,11.9,0.0,0.0,0.0,0.0,110,Matjes-Baguette,Hauptgerichte,,MwSt. 7%,1.07,11.121495,0.778505,Normalverkauf
S1000111.42279,SP1000111.26.42279,SY1000111.2026.42279,iPad1(1000111),111,02.06.26 16:27,Prod,A1000111.6513,Tisch 13,107,S1000111.42279,SALE,1,10.9,10.9,0.0,0.0,0.0,0.0,107,Chicken Burger,Hauptgerichte,,MwSt. 7%,1.07,10.186916,0.713084,Normalverkauf
S1000111.42280,SP1000111.26.42280,SY1000111.2026.42280,iPad1(1000111),111,02.06.26 16:27,Prod,A1000111.6513,Tisch 13,107,S1000111.42280,SALE,2,5.9,11.8,0.0,0.0,0.0,0.0,117,Rote Grütze,Desserts,,MwSt. 7%,1.07,11.028037,0.771963,Normalverkauf
S1000111.42281,SP1000111.26.42281,SY1000111.2026.42281,iPad1(1000111),111,02.06.26 20:21,Prod,A1000111.6514,Tisch 16,119,S1000111.42281,SALE,2,4.9,9.8,0.0,0.0,0.0,0.0,112,Kartoffelwedges,Beilagen,,MwSt. 7%,1.07,9.158879,0.641121,Normalverkauf
S1000111.42282,SP1000111.26.42282,SY1000111.2026.42282,iPad1(1000111),111,02.06.26 20:21,Prod,A1000111.6514,Tisch 16,119,S1000111.42282,SALE,1,3.9,3.9,0.0,0.0,0.0,0.0,126,Spezi,Getränke,,MwSt. 19%,1.19,3.277311,0.622689,Normalverkauf
S1000111.42283,SP1000111.26.42283,SY1000111.2026.42283,iPad1(1000111),111,02.06.26 20:21,Prod,A1000111.6514,Tisch 16,119,S1000111.42283,SALE,2,2.8,5.6,0.0,0.0,0.0,0.0,121,Mineralwasser,Getränke,,MwSt. 19%,1.19,4.705882,0.894118,Normalverkauf
S1000111.42284,SP1000111.26.42284,SY1000111.2026.42284,iPad1(1000111),111,02.06.26 19:40,Prod,A1000111.6515,Tisch 20,101,S1000111.42284,SALE,2,11.9,23.8,0.0,0.0,0.0,0.0,110,Matjes-Baguette,Hauptgerichte,,MwSt. 7%,1.07,22.242991,1.557009,Normalverkauf
S1000111.42285,SP1000111.26.42285,SY1000111.2026.42285,iPad1(1000111),111,02.06.26 19:40,Prod,A1000111.6515,Tisch 20,101,S1000111.42285,SALE,2,10.9,21.8,0.0,0.0,0.0,0.0,107,Chicken Burger,Hauptgerichte,,MwSt. 7%,1.07,20.373832,1.426168,Normalverkauf
S1000111.42286,SP1000111.26.42286,SY1000111.2026.42286,iPad1(1000111),111,02.06.26 11:24,Prod,A1000111.6516,,115,S1000111.42286,SALE,2,2.8,5.6,0.0,0.0,0.0,0.0,121,Mineralwasser,Getränke,,MwSt. 19%,1.19,4.705882,0.894118,Normalverkauf
S1000111.42287,SP1000111.26.42287,SY1000111.2026.42287,iPad1(1000111),111,02.06.26 20:14,Prod,A1000111.6517,,118,S1000111.42287,SALE,2,3.9,7.8,0.0,0.0,0.0,0.0,126,Spezi,Getränke,,MwSt. 19%,1.19,6.554622,1.245378,Normalverkauf
S1000111.42288,SP1000111.26.42288,SY1000111.2026.42288,iPad1(1000111),111,02.06.26 20:14,Prod,A1000111.6517,,118,S1000111.42288,SALE,1,9.8,9.8,0.0,0.0,0.0,0.0,108,Seelachs-Ei-Baugette,Hauptgerichte,,MwSt. 7%,1.07,9.158879,0.641121,Normalverkauf
S1000111.42289,SP1000111.26.42289,SY1000111.2026.42289,iPad1(1000111),111,02.06.26 10:20,Prod,A1000111.6518,Tisch 7,118,S1000111.42289,SALE,2,4.2,8.4,0.0,0.0,0.0,0.0,122,Bier,Getränke,,MwSt. 19%,1.19,7.058824,1.341176,Normalverkauf
S1000111.42290,SP1000111.26.42290,SY1000111.2026.42290,iPad1(1000111),111,02.06.26 10:20,Prod,A1000111.6518,Tisch 7,118,S1000111.42290,SALE,2,3.9,7.8,0.0,0.0,0.0,0.0,124,Cola Zero,Getränke,,MwSt. 19%,1.19,6.554622,1.245378,Normalverkauf
S1000111.42291,SP1000111.26.42291,SY1000111.2026.42291,iPad1(1000111),111,02.06.26 19:53,Prod,A1000111.6519,,119,S1000111.42291,SALE,1,4.2,4.2,0.0,0.0,0.0,0.0,122,Bier,Getränke,,MwSt. 19%,1.19,3.529412,0.670588,Normalverkauf
S1000111.42292,SP1000111.26.42292,SY1000111.2026.42292,iPad1(1000111),111,02.06.26 19:53,Prod,A1000111.6519,,119,S1000111.42292,SALE,1,3.9,3.9,0.0,0.0,0.0,0.0,127,Alkoholfreies Bier,Getränke,,MwSt. 19%,1.19,3.277311,0.622689,Normalverkauf
S1000111.42293,SP1000111.26.42293,SY1000111.2026.42293,iPad1(1000111),111,02.06.26 11:31,Prod,A1000111.6520,,117,S1000111.42293,VOID,2,13.5,27.0,0.0,0.0,0.0,0.0,102,Matjes,Hauptspeisen,,MwSt. 7%,1.07,25.233645,1.766355,Normalverkauf
S1000111.42294,SP1000111.26.42294,SY1000111.2026.42294,iPad1(1000111),111,02.06.26 17:14,Prod,A1000111.6521,Tisch 21,115,S1000111.42294,SALE,2,3.9,7.8,0.0,0.0,0.0,0.0,124,Cola Zero,Getränke,,MwSt. 19%,1.19,6.554622,1.245378,Normalverkauf
S1000111.42295,SP1000111.26.42295,SY1000111.2026.42295,iPad1(1000111),111,02.06.26 15:56,Prod,A1000111.6522,Tisch 22,118,S1000111.42295,SALE,2,5.5,11.0,0.0,0.0,0.0,0.0,111,Pommes Frites,Beilagen,,MwSt. 7%,1.07,10.280374,0.719626,Normalverkauf
S1000111.42296,SP1000111.26.42296,SY1000111.2026.42296,iPad1(1000111),111,02.06.26 13:33,Prod,A1000111.6523,,118,S1000111.42296,SALE,2,10.9,21.8,0.0,0.0,0.0,0.0,109,Bismarck-Baguette,Hauptgerichte,,MwSt. 7%,1.07,20.373832,1.426168,Normalverkauf
S1000111.42297,SP1000111.26.42297,SY1000111.2026.42297,iPad1(1000111),111,02.06.26 16:54,Prod,A1000111.6524,Tisch 16,119,S1000111.42297,SALE,2,7.9,15.8,0.0,0.0,0.0,0.0,115,Tiramisu,Desserts,,MwSt. 7%,1.07,14.766355,1.033645,Normalverkauf
S1000111.42298,SP1000111.26.42298,SY1000111.2026.42298,iPad1(1000111),111,02.06.26 16:54,Prod,A1000111.6524,Tisch 16,119,S1000111.42298,SALE,1,10.9,10.9,0.0,0.0,0.0,0.0,107,Chicken Burger,Hauptgerichte,,MwSt. 7%,1.07,10.186916,0.713084,Normalverkauf
S1000111.42299,SP1000111.26.42299,SY1000111.2026.42299,iPad1(1000111),111,02.06.26 17:47,Prod,A1000111.6525,Tisch 5,114,S1000111.42299,SALE,1,4.9,4.9,0.0,0.0,0.0,0.0,112,Kartoffelwedges,Beilagen,,MwSt. 7%,1.07,4.579439,0.320561,Normalverkauf
S1000111.42300,SP1000111.26.42300,SY1000111.2026.42300,iPad1(1000111),111,02.06.26 17:47,Prod,A1000111.6525,Tisch 5,114,S1000111.42300,SALE,2,3.2,6.4,0.0,0.0,0.0,0.0,120,Apfelschorle,Getränke,,MwSt. 19%,1.19,5.378151,1.021849,Normalverkauf
S1000111.42301,SP1000111.26.42301,SY1000111.2026.42301,iPad1(1000111),111,02.06.26 10:16,Prod,A1000111.6526,Tisch 7,115,S1000111.42301,SALE,1,4.9,4.9,0.0,0.0,0.0,0.0,112,Kartoffelwedges,Beilagen,,MwSt. 7%,1.07,4.579439,0.320561,Normalverkauf
S1000111.42302,SP1000111.26.42302,SY1000111.2026.42302,iPad1(1000111),111,02.06.26 10:16,Prod,A1000111.6526,Tisch 7,115,S1000111.42302,SALE,1,5.5,5.5,0.0,0.0,0.0,0.0,111,Pommes Frites,Beilagen,,MwSt. 7%,1.07,5.140187,0.359813,Normalverkauf
S1000111.42303,SP1000111.26.42303,SY1000111.2026.42303,iPad1(1000111),111,02.06.26 13:26,Prod,A1000111.6527,Tisch 19,115,S1000111.42303,SALE,2,10.9,21.8,0.0,0.0,0.0,0.0,107,Chicken Burger,Hauptgerichte,,MwSt. 7%,1.07,20.373832,1.426168,Normalverkauf
S1000111.42304,SP1000111.26.42304,SY1000111.2026.42304,iPad1(1000111),111,02.06.26 13:26,Prod,A1000111.6527,Tisch 19,115,S1000111.42304,SALE,2,3.9,7.8,0.0,0.0,0.0,0.0,124,Cola Zero,Getränke,,MwSt. 19%,1.19,6.554622,1.245378,Normalverkauf
S1000111.42305,SP1000111.26.42305,SY1000111.2026.42305,iPad1(1000111),111,02.06.26 13:26,Prod,A1000111.6527,Tisch 19,115,S1000111.42305,SALE,2,6.5,13.0,0.0,0.0,0.0,0.0,100,Fischbrötchen Backfisch,Hauptspeisen,,MwSt. 7%,1.07,12.149533,0.850467,Normalverkauf
S1000111.42306,SP1000111.26.42306,SY1000111.2026.42306,iPad1(1000111),111,02.06.26 17:24,Prod,A1000111.6528,Tisch 19,118,S1000111.42306,SALE,2,7.9,15.8,0.0,0.0,0.0,0.0,106,Neptun-Ringe,Beilagen,,MwSt. 7%,1.07,14.766355,1.033645,Normalverkauf
S1000111.42307,SP1000111.26.42307,SY1000111.2026.42307,iPad1(1000111),111,02.06.26 17:24,Prod,A1000111.6528,Tisch 19,118,S1000111.42307,SALE,1,13.5,13.5,0.0,0.0,0.0,0.0,102,Matjes,Hauptspeisen,,MwSt. 7%,1.07,12.616822,0.883178,Normalverkauf
S1000111.42308,SP1000111.26.42308,SY1000111.2026.42308,iPad1(1000111),111,02.06.26 17:24,Prod,A1000111.6528,Tisch 19,118,S1000111.42308,SALE,2,11.5,23.0,0.0,0.0,0.0,0.0,105,Garnelen-Kimchi-Bruger,Hauptgerichte,,MwSt. 7%,1.07,21.495327,1.504673,Normalverkauf
S1000111.42309,SP1000111.26.42309,SY1000111.2026.42309,iPad1(1000111),111,02.06.26 09:20,Prod,A1000111.6529,Tisch 15,101,S1000111.42309,SALE,1,3.9,3.9,0.0,0.0,0.0,0.0,119,Cola,Getränke,,MwSt. 19%,1.19,3.277311,0.622689,Normalverkauf
S1000111.42310,SP1000111.26.42310,SY1000111.2026.42310,iPad1(1000111),111,02.06.26 09:20,Prod,A1000111.6529,Tisch 15,101,S1000111.42310,SALE,1,10.9,10.9,0.0,0.0,0.0,0.0,104,Thunfisch Wrap,Hauptgerichte,,MwSt. 7%,1.07,10.186916,0.713084,Normalverkauf
S1000111.42311,SP1000111.26.42311,SY1000111.2026.42311,iPad1(1000111),111,02.06.26 13:46,Prod,A1000111.6530,Tisch 10,115,S1000111.42311,SALE,1,3.2,3.2,0.0,0.0,0.0,0.0,120,Apfelschorle,Getränke,,MwSt. 19%,1.19,2.689076,0.510924,Normalverkauf
S1000111.42312,SP1000111.26.42312,SY1000111.2026.42312,iPad1(1000111),111,02.06.26 13:46,Prod,A1000111.6530,Tisch 10,115,S1000111.42312,SALE,2,6.9,13.8,0.0,0.0,0.0,0.0,113,Garnelen Box,Beilagen,,MwSt. 7%,1.07,12.897196,0.902804,Normalverkauf
S1000111.42313,SP1000111.26.42313,SY1000111.2026.42313,iPad1(1000111),111,02.06.26 17:14,Prod,A1000111.6531,Tisch 11,117,S1000111.42313,SALE,2,2.8,5.6,0.0,0.0,0.0,0.0,121,Mineralwasser,Getränke,,MwSt. 19%,1.19,4.705882,0.894118,Normalverkauf
S1000111.42314,SP1000111.26.42314,SY1000111.2026.42314,iPad1(1000111),111,02.06.26 20:35,Prod,A1000111.6532,Tisch 5,114,S1000111.42314,SALE,1,3.9,3.9,0.0,0.0,0.0,0.0,119,Cola,Getränke,,MwSt. 19%,1.19,3.277311,0.622689,Normalverkauf
S1000111.42315,SP1000111.26.42315,SY1000111.2026.42315,iPad1(1000111),111,02.06.26 20:35,Prod,A1000111.6532,Tisch 5,114,S1000111.42315,SALE,2,14.5,29.0,0.0,0.0,0.0,0.0,101,Lachs,Hauptspeisen,,MwSt. 7%,1.07,27.102804,1.897196,Normalverkauf
S1000111.42316,SP1000111.26.42316,SY1000111.2026.42316,iPad1(1000111),111,02.06.26 19:48,Prod,A1000111.6533,Tisch 9,101,S1000111.42316,SALE,1,3.9,3.9,0.0,0.0,0.0,0.0,124,Cola Zero,Getränke,,MwSt. 19%,1.19,3.277311,0.622689,Normalverkauf
S1000111.42317,SP1000111.26.42317,SY1000111.2026.42317,iPad1(1000111),111,02.06.26 19:48,Prod,A1000111.6533,Tisch 9,101,S1000111.42317,SALE,2,10.9,21.8,0.0,0.0,0.0,0.0,107,Chicken Burger,Hauptgerichte,,MwSt. 7%,1.07,20.373832,1.426168,Normalverkauf
S1000111.42318,SP1000111.26.42318,SY1000111.2026.42318,iPad1(1000111),111,03.06.26 17:00,Prod,A1000111.6534,Tisch 18,119,S1000111.42318,SALE,2,10.9,21.8,0.0,0.0,0.0,0.0,104,Thunfisch Wrap,Hauptgerichte,,MwSt. 7%,1.07,20.373832,1.426168,Normalverkauf
S1000111.42319,SP1000111.26.42319,SY1000111.2026.42319,iPad1(1000111),111,03.06.26 12:35,Prod,A1000111.6535,Tisch 11,119,S1000111.42319,SALE,2,3.9,7.8,0.0,0.0,0.0,0.0,119,Cola,Getränke,,MwSt. 19%,1.19,6.554622,1.245378,Normalverkauf
S1000111.42320,SP1000111.26.42320,SY1000111.2026.42320,iPad1(1000111),111,03.06.26 12:35,Prod,A1000111.6535,Tisch 11,119,S1000111.42320,SALE,2,10.9,21.8,0.0,0.0,0.0,0.0,104,Thunfisch Wrap,Hauptgerichte,,MwSt. 7%,1.07,20.373832,1.426168,Normalverkauf
S1000111.42321,SP1000111.26.42321,SY1000111.2026.42321,iPad1(1000111),111,03.06.26 12:36,Prod,A1000111.6536,,119,S1000111.42321,SALE,1,3.2,3.2,0.0,0.0,0.0,0.0,120,Apfelschorle,Getränke,,MwSt. 19%,1.19,2.689076,0.510924,Normalverkauf
S1000111.42322,SP1000111.26.42322,SY1000111.2026.42322,iPad1(1000111),111,03.06.26 13:40,Prod,A1000111.6537,Tisch 19,107,S1000111.42322,SALE,1,3.2,3.2,0.0,0.0,0.0,0.0,120,Apfelschorle,Getränke,,MwSt. 19%,1.19,2.689076,0.510924,Normalverkauf
S1000111.42323,SP1000111.26.42323,SY1000111.2026.42323,iPad1(1000111),111,03.06.26 11:52,Prod,A1000111.6538,Tisch 12,118,S1000111.42323,SALE,1,9.8,9.8,0.0,0.0,0.0,0.0,108,Seelachs-Ei-Baugette,Hauptgerichte,,MwSt. 7%,1.07,9.158879,0.641121,Normalverkauf
S1000111.42324,SP1000111.26.42324,SY1000111.2026.42324,iPad1(1000111),111,03.06.26 11:52,Prod,A1000111.6538,Tisch 12,118,S1000111.42324,SALE,2,3.9,7.8,0.0,0.0,0.0,0.0,119,Cola,Getränke,,MwSt. 19%,1.19,6.554622,1.245378,Normalverkauf
S1000111.42325,SP1000111.26.42325,SY1000111.2026.42325,iPad1(1000111),111,03.06.26 11:52,Prod,A1000111.6538,Tisch 12,118,S1000111.42325,SALE,1,3.9,3.9,0.0,0.0,0.0,0.0,126,Spezi,Getränke,,MwSt. 19%,1.19,3.277311,0.622689,Normalverkauf
S1000111.42326,SP1000111.26.42326,SY1000111.2026.42326,iPad1(1000111),111,03.06.26 20:36,Prod,A1000111.6539,Tisch 1,115,S1000111.42326,VOID,1,5.5,5.5,0.0,0.0,0.0,0.0,111,Pommes Frites,Beilagen,,MwSt. 7%,1.07,5.140187,0.359813,Normalverkauf
S1000111.42327,SP1000111.26.42327,SY1000111.2026.42327,iPad1(1000111),111,03.06.26 20:36,Prod,A1000111.6539,Tisch 1,115,S1000111.42327,VOID,1,5.9,5.9,0.0,0.0,0.0,0.0,123,Inger-Limonade,Getränke,,MwSt. 19%,1.19,4.957983,0.942017,Normalverkauf
S1000111.42328,SP1000111.26.42328,SY1000111.2026.42328,iPad1(1000111),111,03.06.26 20:36,Prod,A1000111.6539,Tisch 1,115,S1000111.42328,VOID,1,5.9,5.9,0.0,0.0,0.0,0.0,125,Zitronen-Limonade,Getränke,,MwSt. 19%,1.19,4.957983,0.942017,Normalverkauf
S1000111.42329,SP1000111.26.42329,SY1000111.2026.42329,iPad1(1000111),111,03.06.26 18:39,Prod,A1000111.6540,Tisch 12,117,S1000111.42329,SALE,2,13.5,27.0,0.0,0.0,0.0,0.0,102,Matjes,Hauptspeisen,,MwSt. 7%,1.07,25.233645,1.766355,Normalverkauf
S1000111.42330,SP1000111.26.42330,SY1000111.2026.42330,iPad1(1000111),111,03.06.26 18:39,Prod,A1000111.6540,Tisch 12,117,S1000111.42330,SALE,2,4.9,9.8,0.0,0.0,0.0,0.0,112,Kartoffelwedges,Beilagen,,MwSt. 7%,1.07,9.158879,0.641121,Normalverkauf
S1000111.42331,SP1000111.26.42331,SY1000111.2026.42331,iPad1(1000111),111,03.06.26 18:39,Prod,A1000111.6540,Tisch 12,117,S1000111.42331,SALE,1,3.9,3.9,0.0,0.0,0.0,0.0,124,Cola Zero,Getränke,,MwSt. 19%,1.19,3.277311,0.622689,Normalverkauf
S1000111.42332,SP1000111.26.42332,SY1000111.2026.42332,iPad1(1000111),111,03.06.26 11:57,Prod,A1000111.6541,Tisch 19,119,S1000111.42332,SALE,1,10.9,10.9,0.0,0.0,0.0,0.0,104,Thunfisch Wrap,Hauptgerichte,,MwSt. 7%,1.07,10.186916,0.713084,Normalverkauf
S1000111.42333,SP1000111.26.42333,SY1000111.2026.42333,iPad1(1000111),111,03.06.26 19:21,Prod,A1000111.6542,Tisch 2,101,S1000111.42333,SALE,1,10.9,10.9,0.0,0.0,0.0,0.0,107,Chicken Burger,Hauptgerichte,,MwSt. 7%,1.07,10.186916,0.713084,Normalverkauf
S1000111.42334,SP1000111.26.42334,SY1000111.2026.42334,iPad1(1000111),111,03.06.26 19:21,Prod,A1000111.6542,Tisch 2,101,S1000111.42334,SALE,1,5.9,5.9,0.0,0.0,0.0,0.0,117,Rote Grütze,Desserts,,MwSt. 7%,1.07,5.514019,0.385981,Normalverkauf
S1000111.42335,SP1000111.26.42335,SY1000111.2026.42335,iPad1(1000111),111,03.06.26 19:21,Prod,A1000111.6542,Tisch 2,101,S1000111.42335,SALE,1,4.9,4.9,0.0,0.0,0.0,0.0,112,Kartoffelwedges,Beilagen,,MwSt. 7%,1.07,4.579439,0.320561,Normalverkauf
S1000111.42336,SP1000111.26.42336,SY1000111.2026.42336,iPad1(1000111),111,03.06.26 19:45,Prod,A1000111.6543,Tisch 9,115,S1000111.42336,SALE,2,5.9,11.8,0.0,0.0,0.0,0.0,123,Inger-Limonade,Getränke,,MwSt. 19%,1.19,9.915966,1.884034,Normalverkauf
S1000111.42337,SP1000111.26.42337,SY1000111.2026.42337,iPad1(1000111),111,03.06.26 19:45,Prod,A1000111.6543,Tisch 9,115,S1000111.42337,SALE,2,5.5,11.0,0.0,0.0,0.0,0.0,114,Fisch Nuggets Box,Beilagen,,MwSt. 7%,1.07,10.280374,0.719626,Normalverkauf
S1000111.42338,SP1000111.26.42338,SY1000111.2026.42338,iPad1(1000111),111,03.06.26 19:45,Prod,A1000111.6543,Tisch 9,115,S1000111.42338,SALE,2,5.5,11.0,0.0,0.0,0.0,0.0,111,Pommes Frites,Beilagen,,MwSt. 7%,1.07,10.280374,0.719626,Normalverkauf
S1000111.42339,SP1000111.26.42339,SY1000111.2026.42339,iPad1(1000111),111,03.06.26 18:01,Prod,A1000111.6544,Tisch 6,117,S1000111.42339,SALE,2,3.9,7.8,0.0,0.0,0.0,0.0,119,Cola,Getränke,,MwSt. 19%,1.19,6.554622,1.245378,Normalverkauf
S1000111.42340,SP1000111.26.42340,SY1000111.2026.42340,iPad1(1000111),111,03.06.26 18:01,Prod,A1000111.6544,Tisch 6,117,S1000111.42340,SALE,2,4.9,9.8,0.0,0.0,0.0,0.0,112,Kartoffelwedges,Beilagen,,MwSt. 7%,1.07,9.158879,0.641121,Normalverkauf
S1000111.42341,SP1000111.26.42341,SY1000111.2026.42341,iPad1(1000111),111,03.06.26 18:01,Prod,A1000111.6544,Tisch 6,117,S1000111.42341,SALE,2,11.9,23.8,0.0,0.0,0.0,0.0,110,Matjes-Baguette,Hauptgerichte,,MwSt. 7%,1.07,22.242991,1.557009,Normalverkauf
S1000111.42342,SP1000111.26.42342,SY1000111.2026.42342,iPad1(1000111),111,03.06.26 11:55,Prod,A1000111.6545,Tisch 5,114,S1000111.42342,SALE,2,3.9,7.8,0.0,0.0,0.0,0.0,126,Spezi,Getränke,,MwSt. 19%,1.19,6.554622,1.245378,Normalverkauf
S1000111.42343,SP1000111.26.42343,SY1000111.2026.42343,iPad1(1000111),111,03.06.26 11:55,Prod,A1000111.6545,Tisch 5,114,S1000111.42343,SALE,2,7.9,15.8,0.0,0.0,0.0,0.0,106,Neptun-Ringe,Beilagen,,MwSt. 7%,1.07,14.766355,1.033645,Normalverkauf
S1000111.42344,SP1000111.26.42344,SY1000111.2026.42344,iPad1(1000111),111,03.06.26 11:55,Prod,A1000111.6545,Tisch 5,114,S1000111.42344,SALE,2,5.5,11.0,0.0,0.0,0.0,0.0,111,Pommes Frites,Beilagen,,MwSt. 7%,1.07,10.280374,0.719626,Normalverkauf
S1000111.42345,SP1000111.26.42345,SY1000111.2026.42345,iPad1(1000111),111,03.06.26 11:36,Prod,A1000111.6546,Tisch 22,118,S1000111.42345,VOID,2,4.2,8.4,0.0,0.0,0.0,0.0,122,Bier,Getränke,,MwSt. 19%,1.19,7.058824,1.341176,Normalverkauf
S1000111.42346,SP1000111.26.42346,SY1000111.2026.42346,iPad1(1000111),111,03.06.26 13:50,Prod,A1000111.6547,Tisch 1,115,S1000111.42346,VOID,1,3.9,3.9,0.0,0.0,0.0,0.0,126,Spezi,Getränke,,MwSt. 19%,1.19,3.277311,0.622689,Normalverkauf
S1000111.42347,SP1000111.26.42347,SY1000111.2026.42347,iPad1(1000111),111,03.06.26 13:50,Prod,A1000111.6547,Tisch 1,115,S1000111.42347,VOID,2,11.9,23.8,0.0,0.0,0.0,0.0,110,Matjes-Baguette,Hauptgerichte,,MwSt. 7%,1.07,22.242991,1.557009,Normalverkauf
S1000111.42348,SP1000111.26.42348,SY1000111.2026.42348,iPad1(1000111),111,03.06.26 20:36,Prod,A1000111.6548,Tisch 5,107,S1000111.42348,SALE,2,9.8,19.6,0.0,0.0,0.0,0.0,108,Seelachs-Ei-Baugette,Hauptgerichte,,MwSt. 7%,1.07,18.317757,1.282243,Normalverkauf
S1000111.42349,SP1000111.26.42349,SY1000111.2026.42349,iPad1(1000111),111,03.06.26 20:36,Prod,A1000111.6548,Tisch 5,107,S1000111.42349,SALE,2,3.2,6.4,0.0,0.0,0.0,0.0,120,Apfelschorle,Getränke,,MwSt. 19%,1.19,5.378151,1.021849,Normalverkauf
S1000111.42350,SP1000111.26.42350,SY1000111.2026.42350,iPad1(1000111),111,03.06.26 12:27,Prod,A1000111.6549,Tisch 13,101,S1000111.42350,SALE,2,11.5,23.0,0.0,0.0,0.0,0.0,105,Garnelen-Kimchi-Bruger,Hauptgerichte,,MwSt. 7%,1.07,21.495327,1.504673,Normalverkauf
S1000111.42351,SP1000111.26.42351,SY1000111.2026.42351,iPad1(1000111),111,03.06.26 19:12,Prod,A1000111.6550,Tisch 3,114,S1000111.42351,SALE,2,10.9,21.8,0.0,0.0,0.0,0.0,109,Bismarck-Baguette,Hauptgerichte,,MwSt. 7%,1.07,20.373832,1.426168,Normalverkauf
S1000111.42352,SP1000111.26.42352,SY1000111.2026.42352,iPad1(1000111),111,03.06.26 17:35,Prod,A1000111.6551,,119,S1000111.42352,SALE,1,3.9,3.9,0.0,0.0,0.0,0.0,126,Spezi,Getränke,,MwSt. 19%,1.19,3.277311,0.622689,Normalverkauf
S1000111.42353,SP1000111.26.42353,SY1000111.2026.42353,iPad1(1000111),111,03.06.26 17:35,Prod,A1000111.6551,,119,S1000111.42353,SALE,2,3.2,6.4,0.0,0.0,0.0,0.0,120,Apfelschorle,Getränke,,MwSt. 19%,1.19,5.378151,1.021849,Normalverkauf
S1000111.42354,SP1000111.26.42354,SY1000111.2026.42354,iPad1(1000111),111,03.06.26 17:35,Prod,A1000111.6551,,119,S1000111.42354,SALE,2,3.9,7.8,0.0,0.0,0.0,0.0,124,Cola Zero,Getränke,,MwSt. 19%,1.19,6.554622,1.245378,Normalverkauf
S1000111.42355,SP1000111.26.42355,SY1000111.2026.42355,iPad1(1000111),111,03.06.26 18:13,Prod,A1000111.6552,,117,S1000111.42355,SALE,1,4.2,4.2,0.0,0.0,0.0,0.0,122,Bier,Getränke,,MwSt. 19%,1.19,3.529412,0.670588,Normalverkauf
S1000111.42356,SP1000111.26.42356,SY1000111.2026.42356,iPad1(1000111),111,03.06.26 18:13,Prod,A1000111.6552,,117,S1000111.42356,SALE,2,10.9,21.8,0.0,0.0,0.0,0.0,107,Chicken Burger,Hauptgerichte,,MwSt. 7%,1.07,20.373832,1.426168,Normalverkauf
S1000111.42357,SP1000111.26.42357,SY1000111.2026.42357,iPad1(1000111),111,03.06.26 11:31,Prod,A1000111.6553,,101,S1000111.42357,SALE,2,5.5,11.0,0.0,0.0,0.0,0.0,111,Pommes Frites,Beilagen,,MwSt. 7%,1.07,10.280374,0.719626,Normalverkauf
S1000111.42358,SP1000111.26.42358,SY1000111.2026.42358,iPad1(1000111),111,03.06.26 11:31,Prod,A1000111.6553,,101,S1000111.42358,SALE,2,10.9,21.8,0.0,0.0,0.0,0.0,107,Chicken Burger,Hauptgerichte,,MwSt. 7%,1.07,20.373832,1.426168,Normalverkauf
S1000111.42359,SP1000111.26.42359,SY1000111.2026.42359,iPad1(1000111),111,03.06.26 11:31,Prod,A1000111.6553,,101,S1000111.42359,SALE,1,3.9,3.9,0.0,0.0,0.0,0.0,124,Cola Zero,Getränke,,MwSt. 19%,1.19,3.277311,0.622689,Normalverkauf
S1000111.42360,SP1000111.26.42360,SY1000111.2026.42360,iPad1(1000111),111,03.06.26 18:27,Prod,A1000111.6554,Tisch 21,117,S1000111.42360,SALE,2,5.5,11.0,0.0,0.0,0.0,0.0,111,Pommes Frites,Beilagen,,MwSt. 7%,1.07,10.280374,0.719626,Normalverkauf
S1000111.42361,SP1000111.26.42361,SY1000111.2026.42361,iPad1(1000111),111,03.06.26 18:27,Prod,A1000111.6554,Tisch 21,117,S1000111.42361,SALE,1,9.8,9.8,0.0,0.0,0.0,0.0,108,Seelachs-Ei-Baugette,Hauptgerichte,,MwSt. 7%,1.07,9.158879,0.641121,Normalverkauf
S1000111.42362,SP1000111.26.42362,SY1000111.2026.42362,iPad1(1000111),111,03.06.26 18:27,Prod,A1000111.6554,Tisch 21,117,S1000111.42362,SALE,1,4.9,4.9,0.0,0.0,0.0,0.0,112,Kartoffelwedges,Beilagen,,MwSt. 7%,1.07,4.579439,0.320561,Normalverkauf
S1000111.42363,SP1000111.26.42363,SY1000111.2026.42363,iPad1(1000111),111,03.06.26 12:07,Prod,A1000111.6555,,101,S1000111.42363,SALE,1,10.9,10.9,0.0,0.0,0.0,0.0,104,Thunfisch Wrap,Hauptgerichte,,MwSt. 7%,1.07,10.186916,0.713084,Normalverkauf
S1000111.42364,SP1000111.26.42364,SY1000111.2026.42364,iPad1(1000111),111,03.06.26 12:07,Prod,A1000111.6555,,101,S1000111.42364,SALE,2,11.9,23.8,0.0,0.0,0.0,0.0,110,Matjes-Baguette,Hauptgerichte,,MwSt. 7%,1.07,22.242991,1.557009,Normalverkauf
S1000111.42365,SP1000111.26.42365,SY1000111.2026.42365,iPad1(1000111),111,03.06.26 14:37,Prod,A1000111.6556,Tisch 12,114,S1000111.42365,SALE,2,9.8,19.6,0.0,0.0,0.0,0.0,108,Seelachs-Ei-Baugette,Hauptgerichte,,MwSt. 7%,1.07,18.317757,1.282243,Normalverkauf
S1000111.42366,SP1000111.26.42366,SY1000111.2026.42366,iPad1(1000111),111,03.06.26 14:37,Prod,A1000111.6556,Tisch 12,114,S1000111.42366,SALE,1,5.5,5.5,0.0,0.0,0.0,0.0,111,Pommes Frites,Beilagen,,MwSt. 7%,1.07,5.140187,0.359813,Normalverkauf
S1000111.42367,SP1000111.26.42367,SY1000111.2026.42367,iPad1(1000111),111,03.06.26 14:37,Prod,A1000111.6556,Tisch 12,114,S1000111.42367,SALE,2,3.9,7.8,0.0,0.0,0.0,0.0,119,Cola,Getränke,,MwSt. 19%,1.19,6.554622,1.245378,Normalverkauf
S1000111.42368,SP1000111.26.42368,SY1000111.2026.42368,iPad1(1000111),111,03.06.26 18:16,Prod,A1000111.6557,,115,S1000111.42368,VOID,2,5.9,11.8,0.0,0.0,0.0,0.0,125,Zitronen-Limonade,Getränke,,MwSt. 19%,1.19,9.915966,1.884034,Normalverkauf
S1000111.42369,SP1000111.26.42369,SY1000111.2026.42369,iPad1(1000111),111,03.06.26 18:16,Prod,A1000111.6557,,115,S1000111.42369,VOID,2,11.5,23.0,0.0,0.0,0.0,0.0,105,Garnelen-Kimchi-Bruger,Hauptgerichte,,MwSt. 7%,1.07,21.495327,1.504673,Normalverkauf
S1000111.42370,SP1000111.26.42370,SY1000111.2026.42370,iPad1(1000111),111,03.06.26 16:24,Prod,A1000111.6558,,117,S1000111.42370,SALE,1,3.9,3.9,0.0,0.0,0.0,0.0,124,Cola Zero,Getränke,,MwSt. 19%,1.19,3.277311,0.622689,Normalverkauf
S1000111.42371,SP1000111.26.42371,SY1000111.2026.42371,iPad1(1000111),111,03.06.26 16:24,Prod,A1000111.6558,,117,S1000111.42371,SALE,1,3.9,3.9,0.0,0.0,0.0,0.0,119,Cola,Getränke,,MwSt. 19%,1.19,3.277311,0.622689,Normalverkauf
S1000111.42372,SP1000111.26.42372,SY1000111.2026.42372,iPad1(1000111),111,03.06.26 16:24,Prod,A1000111.6558,,117,S1000111.42372,SALE,2,10.9,21.8,0.0,0.0,0.0,0.0,107,Chicken Burger,Hauptgerichte,,MwSt. 7%,1.07,20.373832,1.426168,Normalverkauf
S1000111.42373,SP1000111.26.42373,SY1000111.2026.42373,iPad1(1000111),111,03.06.26 11:29,Prod,A1000111.6559,Tisch 20,115,S1000111.42373,SALE,1,10.9,10.9,0.0,0.0,0.0,0.0,104,Thunfisch Wrap,Hauptgerichte,,MwSt. 7%,1.07,10.186916,0.713084,Normalverkauf
S1000111.42374,SP1000111.26.42374,SY1000111.2026.42374,iPad1(1000111),111,03.06.26 11:29,Prod,A1000111.6559,Tisch 20,115,S1000111.42374,SALE,2,5.9,11.8,0.0,0.0,0.0,0.0,123,Inger-Limonade,Getränke,,MwSt. 19%,1.19,9.915966,1.884034,Normalverkauf
S1000111.42375,SP1000111.26.42375,SY1000111.2026.42375,iPad1(1000111),111,03.06.26 16:51,Prod,A1000111.6560,Tisch 22,114,S1000111.42375,SALE,2,11.5,23.0,0.0,0.0,0.0,0.0,105,Garnelen-Kimchi-Bruger,Hauptgerichte,,MwSt. 7%,1.07,21.495327,1.504673,Normalverkauf
S1000111.42376,SP1000111.26.42376,SY1000111.2026.42376,iPad1(1000111),111,03.06.26 16:51,Prod,A1000111.6560,Tisch 22,114,S1000111.42376,SALE,2,5.5,11.0,0.0,0.0,0.0,0.0,114,Fisch Nuggets Box,Beilagen,,MwSt. 7%,1.07,10.280374,0.719626,Normalverkauf
S1000111.42377,SP1000111.26.42377,SY1000111.2026.42377,iPad1(1000111),111,03.06.26 12:50,Prod,A1000111.6561,Tisch 15,117,S1000111.42377,VOID,2,13.5,27.0,0.0,0.0,0.0,0.0,102,Matjes,Hauptspeisen,,MwSt. 7%,1.07,25.233645,1.766355,Normalverkauf
S1000111.42378,SP1000111.26.42378,SY1000111.2026.42378,iPad1(1000111),111,03.06.26 12:50,Prod,A1000111.6561,Tisch 15,117,S1000111.42378,VOID,1,3.9,3.9,0.0,0.0,0.0,0.0,127,Alkoholfreies Bier,Getränke,,MwSt. 19%,1.19,3.277311,0.622689,Normalverkauf
S1000111.42379,SP1000111.26.42379,SY1000111.2026.42379,iPad1(1000111),111,03.06.26 12:50,Prod,A1000111.6561,Tisch 15,117,S1000111.42379,VOID,1,3.9,3.9,0.0,0.0,0.0,0.0,124,Cola Zero,Getränke,,MwSt. 19%,1.19,3.277311,0.622689,Normalverkauf
S1000111.42380,SP1000111.26.42380,SY1000111.2026.42380,iPad1(1000111),111,03.06.26 18:55,Prod,A1000111.6562,Tisch 23,118,S1000111.42380,VOID,1,5.5,5.5,0.0,0.0,0.0,0.0,111,Pommes Frites,Beilagen,,MwSt. 7%,1.07,5.140187,0.359813,Normalverkauf
S1000111.42381,SP1000111.26.42381,SY1000111.2026.42381,iPad1(1000111),111,03.06.26 15:52,Prod,A1000111.6563,Tisch 9,117,S1000111.42381,SALE,2,3.9,7.8,0.0,0.0,0.0,0.0,124,Cola Zero,Getränke,,MwSt. 19%,1.19,6.554622,1.245378,Normalverkauf
S1000111.42382,SP1000111.26.42382,SY1000111.2026.42382,iPad1(1000111),111,03.06.26 15:52,Prod,A1000111.6563,Tisch 9,117,S1000111.42382,SALE,1,3.9,3.9,0.0,0.0,0.0,0.0,127,Alkoholfreies Bier,Getränke,,MwSt. 19%,1.19,3.277311,0.622689,Normalverkauf
S1000111.42383,SP1000111.26.42383,SY1000111.2026.42383,iPad1(1000111),111,03.06.26 15:52,Prod,A1000111.6563,Tisch 9,117,S1000111.42383,SALE,1,3.9,3.9,0.0,0.0,0.0,0.0,124,Cola Zero,Getränke,,MwSt. 19%,1.19,3.277311,0.622689,Normalverkauf
S1000111.42384,SP1000111.26.42384,SY1000111.2026.42384,iPad1(1000111),111,03.06.26 18:43,Prod,A1000111.6564,,101,S1000111.42384,SALE,1,5.5,5.5,0.0,0.0,0.0,0.0,111,Pommes Frites,Beilagen,,MwSt. 7%,1.07,5.140187,0.359813,Normalverkauf
S1000111.42385,SP1000111.26.42385,SY1000111.2026.42385,iPad1(1000111),111,03.06.26 10:31,Prod,A1000111.6565,Tisch 18,119,S1000111.42385,SALE,2,3.9,7.8,0.0,0.0,0.0,0.0,126,Spezi,Getränke,,MwSt. 19%,1.19,6.554622,1.245378,Normalverkauf
S1000111.42386,SP1000111.26.42386,SY1000111.2026.42386,iPad1(1000111),111,03.06.26 10:31,Prod,A1000111.6565,Tisch 18,119,S1000111.42386,SALE,1,14.5,14.5,0.0,0.0,0.0,0.0,101,Lachs,Hauptspeisen,,MwSt. 7%,1.07,13.551402,0.948598,Normalverkauf
S1000111.42387,SP1000111.26.42387,SY1000111.2026.42387,iPad1(1000111),111,03.06.26 10:31,Prod,A1000111.6565,Tisch 18,119,S1000111.42387,SALE,1,2.8,2.8,0.0,0.0,0.0,0.0,121,Mineralwasser,Getränke,,MwSt. 19%,1.19,2.352941,0.447059,Normalverkauf
S1000111.42388,SP1000111.26.42388,SY1000111.2026.42388,iPad1(1000111),111,03.06.26 20:27,Prod,A1000111.6566,Tisch 14,118,S1000111.42388,SALE,1,9.8,9.8,0.0,0.0,0.0,0.0,108,Seelachs-Ei-Baugette,Hauptgerichte,,MwSt. 7%,1.07,9.158879,0.641121,Normalverkauf
S1000111.42389,SP1000111.26.42389,SY1000111.2026.42389,iPad1(1000111),111,03.06.26 20:27,Prod,A1000111.6566,Tisch 14,118,S1000111.42389,SALE,2,3.9,7.8,0.0,0.0,0.0,0.0,126,Spezi,Getränke,,MwSt. 19%,1.19,6.554622,1.245378,Normalverkauf
S1000111.42390,SP1000111.26.42390,SY1000111.2026.42390,iPad1(1000111),111,03.06.26 20:27,Prod,A1000111.6566,Tisch 14,118,S1000111.42390,SALE,1,2.8,2.8,0.0,0.0,0.0,0.0,121,Mineralwasser,Getränke,,MwSt. 19%,1.19,2.352941,0.447059,Normalverkauf
S1000111.42391,SP1000111.26.42391,SY1000111.2026.42391,iPad1(1000111),111,03.06.26 19:37,Prod,A1000111.6567,,114,S1000111.42391,SALE,2,2.8,5.6,0.0,0.0,0.0,0.0,121,Mineralwasser,Getränke,,MwSt. 19%,1.19,4.705882,0.894118,Normalverkauf
S1000111.42392,SP1000111.26.42392,SY1000111.2026.42392,iPad1(1000111),111,03.06.26 19:19,Prod,A1000111.6568,Tisch 1,101,S1000111.42392,SALE,2,10.9,21.8,0.0,0.0,0.0,0.0,104,Thunfisch Wrap,Hauptgerichte,,MwSt. 7%,1.07,20.373832,1.426168,Normalverkauf
S1000111.42393,SP1000111.26.42393,SY1000111.2026.42393,iPad1(1000111),111,03.06.26 19:19,Prod,A1000111.6568,Tisch 1,101,S1000111.42393,SALE,1,3.9,3.9,0.0,0.0,0.0,0.0,119,Cola,Getränke,,MwSt. 19%,1.19,3.277311,0.622689,Normalverkauf
S1000111.42394,SP1000111.26.42394,SY1000111.2026.42394,iPad1(1000111),111,03.06.26 19:19,Prod,A1000111.6568,Tisch 1,101,S1000111.42394,SALE,1,7.9,7.9,0.0,0.0,0.0,0.0,115,Tiramisu,Desserts,,MwSt. 7%,1.07,7.383178,0.516822,Normalverkauf
S1000111.42395,SP1000111.26.42395,SY1000111.2026.42395,iPad1(1000111),111,03.06.26 11:11,Prod,A1000111.6569,Tisch 10,115,S1000111.42395,SALE,1,3.9,3.9,0.0,0.0,0.0,0.0,127,Alkoholfreies Bier,Getränke,,MwSt. 19%,1.19,3.277311,0.622689,Normalverkauf
S1000111.42396,SP1000111.26.42396,SY1000111.2026.42396,iPad1(1000111),111,03.06.26 11:11,Prod,A1000111.6569,Tisch 10,115,S1000111.42396,SALE,1,6.9,6.9,0.0,0.0,0.0,0.0,113,Garnelen Box,Beilagen,,MwSt. 7%,1.07,6.448598,0.451402,Normalverkauf
S1000111.42397,SP1000111.26.42397,SY1000111.2026.42397,iPad1(1000111),111,03.06.26 11:11,Prod,A1000111.6569,Tisch 10,115,S1000111.42397,SALE,2,3.9,7.8,0.0,0.0,0.0,0.0,119,Cola,Getränke,,MwSt. 19%,1.19,6.554622,1.245378,Normalverkauf
S1000111.42398,SP1000111.26.42398,SY1000111.2026.42398,iPad1(1000111),111,03.06.26 20:44,Prod,A1000111.6570,Tisch 10,118,S1000111.42398,SALE,2,11.5,23.0,0.0,0.0,0.0,0.0,105,Garnelen-Kimchi-Bruger,Hauptgerichte,,MwSt. 7%,1.07,21.495327,1.504673,Normalverkauf
S1000111.42399,SP1000111.26.42399,SY1000111.2026.42399,iPad1(1000111),111,03.06.26 15:58,Prod,A1000111.6571,Tisch 16,115,S1000111.42399,SALE,1,10.9,10.9,0.0,0.0,0.0,0.0,109,Bismarck-Baguette,Hauptgerichte,,MwSt. 7%,1.07,10.186916,0.713084,Normalverkauf
S1000111.42400,SP1000111.26.42400,SY1000111.2026.42400,iPad1(1000111),111,03.06.26 12:12,Prod,A1000111.6572,Tisch 19,117,S1000111.42400,SALE,2,10.9,21.8,0.0,0.0,0.0,0.0,104,Thunfisch Wrap,Hauptgerichte,,MwSt. 7%,1.07,20.373832,1.426168,Normalverkauf
S1000111.42401,SP1000111.26.42401,SY1000111.2026.42401,iPad1(1000111),111,03.06.26 17:32,Prod,A1000111.6573,Tisch 3,114,S1000111.42401,SALE,1,4.2,4.2,0.0,0.0,0.0,0.0,122,Bier,Getränke,,MwSt. 19%,1.19,3.529412,0.670588,Normalverkauf
S1000111.42402,SP1000111.26.42402,SY1000111.2026.42402,iPad1(1000111),111,03.06.26 17:32,Prod,A1000111.6573,Tisch 3,114,S1000111.42402,SALE,2,3.9,7.8,0.0,0.0,0.0,0.0,119,Cola,Getränke,,MwSt. 19%,1.19,6.554622,1.245378,Normalverkauf
S1000111.42403,SP1000111.26.42403,SY1000111.2026.42403,iPad1(1000111),111,03.06.26 18:29,Prod,A1000111.6574,Tisch 23,114,S1000111.42403,SALE,1,5.5,5.5,0.0,0.0,0.0,0.0,111,Pommes Frites,Beilagen,,MwSt. 7%,1.07,5.140187,0.359813,Normalverkauf
S1000111.42404,SP1000111.26.42404,SY1000111.2026.42404,iPad1(1000111),111,03.06.26 18:29,Prod,A1000111.6574,Tisch 23,114,S1000111.42404,SALE,1,4.9,4.9,0.0,0.0,0.0,0.0,112,Kartoffelwedges,Beilagen,,MwSt. 7%,1.07,4.579439,0.320561,Normalverkauf
S1000111.42405,SP1000111.26.42405,SY1000111.2026.42405,iPad1(1000111),111,03.06.26 13:53,Prod,A1000111.6575,Tisch 15,115,S1000111.42405,SALE,1,6.9,6.9,0.0,0.0,0.0,0.0,113,Garnelen Box,Beilagen,,MwSt. 7%,1.07,6.448598,0.451402,Normalverkauf
S1000111.42406,SP1000111.26.42406,SY1000111.2026.42406,iPad1(1000111),111,03.06.26 17:45,Prod,A1000111.6576,Tisch 3,117,S1000111.42406,SALE,2,5.5,11.0,0.0,0.0,0.0,0.0,111,Pommes Frites,Beilagen,,MwSt. 7%,1.07,10.280374,0.719626,Normalverkauf
S1000111.42407,SP1000111.26.42407,SY1000111.2026.42407,iPad1(1000111),111,03.06.26 17:45,Prod,A1000111.6576,Tisch 3,117,S1000111.42407,SALE,2,11.5,23.0,0.0,0.0,0.0,0.0,105,Garnelen-Kimchi-Bruger,Hauptgerichte,,MwSt. 7%,1.07,21.495327,1.504673,Normalverkauf
S1000111.42408,SP1000111.26.42408,SY1000111.2026.42408,iPad1(1000111),111,03.06.26 11:48,Prod,A1000111.6577,,115,S1000111.42408,SALE,2,3.9,7.8,0.0,0.0,0.0,0.0,126,Spezi,Getränke,,MwSt. 19%,1.19,6.554622,1.245378,Normalverkauf
S1000111.42409,SP1000111.26.42409,SY1000111.2026.42409,iPad1(1000111),111,03.06.26 11:48,Prod,A1000111.6577,,115,S1000111.42409,SALE,1,3.9,3.9,0.0,0.0,0.0,0.0,124,Cola Zero,Getränke,,MwSt. 19%,1.19,3.277311,0.622689,Normalverkauf
S1000111.42410,SP1000111.26.42410,SY1000111.2026.42410,iPad1(1000111),111,03.06.26 12:23,Prod,A1000111.6578,,107,S1000111.42410,SALE,1,6.9,6.9,0.0,0.0,0.0,0.0,113,Garnelen Box,Beilagen,,MwSt. 7%,1.07,6.448598,0.451402,Normalverkauf
S1000111.42411,SP1000111.26.42411,SY1000111.2026.42411,iPad1(1000111),111,03.06.26 12:23,Prod,A1000111.6578,,107,S1000111.42411,SALE,2,11.9,23.8,0.0,0.0,0.0,0.0,110,Matjes-Baguette,Hauptgerichte,,MwSt. 7%,1.07,22.242991,1.557009,Normalverkauf
S1000111.42412,SP1000111.26.42412,SY1000111.2026.42412,iPad1(1000111),111,03.06.26 12:23,Prod,A1000111.6578,,107,S1000111.42412,SALE,1,3.9,3.9,0.0,0.0,0.0,0.0,126,Spezi,Getränke,,MwSt. 19%,1.19,3.277311,0.622689,Normalverkauf
S1000111.42413,SP1000111.26.42413,SY1000111.2026.42413,iPad1(1000111),111,03.06.26 19:10,Prod,A1000111.6579,Tisch 8,119,S1000111.42413,SALE,2,11.9,23.8,0.0,0.0,0.0,0.0,110,Matjes-Baguette,Hauptgerichte,,MwSt. 7%,1.07,22.242991,1.557009,Normalverkauf
S1000111.42414,SP1000111.26.42414,SY1000111.2026.42414,iPad1(1000111),111,03.06.26 19:10,Prod,A1000111.6579,Tisch 8,119,S1000111.42414,SALE,2,2.8,5.6,0.0,0.0,0.0,0.0,121,Mineralwasser,Getränke,,MwSt. 19%,1.19,4.705882,0.894118,Normalverkauf
S1000111.42415,SP1000111.26.42415,SY1000111.2026.42415,iPad1(1000111),111,03.06.26 19:14,Prod,A1000111.6580,Tisch 3,114,S1000111.42415,SALE,1,10.9,10.9,0.0,0.0,0.0,0.0,107,Chicken Burger,Hauptgerichte,,MwSt. 7%,1.07,10.186916,0.713084,Normalverkauf
S1000111.42416,SP1000111.26.42416,SY1000111.2026.42416,iPad1(1000111),111,03.06.26 19:14,Prod,A1000111.6580,Tisch 3,114,S1000111.42416,SALE,2,11.5,23.0,0.0,0.0,0.0,0.0,105,Garnelen-Kimchi-Bruger,Hauptgerichte,,MwSt. 7%,1.07,21.495327,1.504673,Normalverkauf
S1000111.42417,SP1000111.26.42417,SY1000111.2026.42417,iPad1(1000111),111,03.06.26 19:14,Prod,A1000111.6580,Tisch 3,114,S1000111.42417,SALE,2,4.2,8.4,0.0,0.0,0.0,0.0,122,Bier,Getränke,,MwSt. 19%,1.19,7.058824,1.341176,Normalverkauf
S1000111.42418,SP1000111.26.42418,SY1000111.2026.42418,iPad1(1000111),111,03.06.26 18:11,Prod,A1000111.6581,Tisch 16,118,S1000111.42418,SALE,2,7.9,15.8,0.0,0.0,0.0,0.0,106,Neptun-Ringe,Beilagen,,MwSt. 7%,1.07,14.766355,1.033645,Normalverkauf
S1000111.42419,SP1000111.26.42419,SY1000111.2026.42419,iPad1(1000111),111,03.06.26 12:08,Prod,A1000111.6582,Tisch 23,119,S1000111.42419,SALE,1,5.5,5.5,0.0,0.0,0.0,0.0,114,Fisch Nuggets Box,Beilagen,,MwSt. 7%,1.07,5.140187,0.359813,Normalverkauf
S1000111.42420,SP1000111.26.42420,SY1000111.2026.42420,iPad1(1000111),111,03.06.26 12:08,Prod,A1000111.6582,Tisch 23,119,S1000111.42420,SALE,2,3.9,7.8,0.0,0.0,0.0,0.0,127,Alkoholfreies Bier,Getränke,,MwSt. 19%,1.19,6.554622,1.245378,Normalverkauf
S1000111.42421,SP1000111.26.42421,SY1000111.2026.42421,iPad1(1000111),111,03.06.26 12:08,Prod,A1000111.6582,Tisch 23,119,S1000111.42421,SALE,2,5.9,11.8,0.0,0.0,0.0,0.0,123,Inger-Limonade,Getränke,,MwSt. 19%,1.19,9.915966,1.884034,Normalverkauf
S1000111.42422,SP1000111.26.42422,SY1000111.2026.42422,iPad1(1000111),111,03.06.26 12:51,Prod,A1000111.6583,Tisch 13,118,S1000111.42422,SALE,2,9.8,19.6,0.0,0.0,0.0,0.0,108,Seelachs-Ei-Baugette,Hauptgerichte,,MwSt. 7%,1.07,18.317757,1.282243,Normalverkauf
S1000111.42423,SP1000111.26.42423,SY1000111.2026.42423,iPad1(1000111),111,03.06.26 12:51,Prod,A1000111.6583,Tisch 13,118,S1000111.42423,SALE,1,3.9,3.9,0.0,0.0,0.0,0.0,119,Cola,Getränke,,MwSt. 19%,1.19,3.277311,0.622689,Normalverkauf
S1000111.42424,SP1000111.26.42424,SY1000111.2026.42424,iPad1(1000111),111,03.06.26 12:51,Prod,A1000111.6583,Tisch 13,118,S1000111.42424,SALE,1,6.9,6.9,0.0,0.0,0.0,0.0,103,Fischbrötchen Räucherlachs,Hauptspeisen,,MwSt. 7%,1.07,6.448598,0.451402,Normalverkauf
S1000111.42425,SP1000111.26.42425,SY1000111.2026.42425,iPad1(1000111),111,03.06.26 17:28,Prod,A1000111.6584,,118,S1000111.42425,SALE,2,10.9,21.8,0.0,0.0,0.0,0.0,104,Thunfisch Wrap,Hauptgerichte,,MwSt. 7%,1.07,20.373832,1.426168,Normalverkauf
S1000111.42426,SP1000111.26.42426,SY1000111.2026.42426,iPad1(1000111),111,03.06.26 17:28,Prod,A1000111.6584,,118,S1000111.42426,SALE,2,5.9,11.8,0.0,0.0,0.0,0.0,116,Vanillequark,Desserts,,MwSt. 7%,1.07,11.028037,0.771963,Normalverkauf
S1000111.42427,SP1000111.26.42427,SY1000111.2026.42427,iPad1(1000111),111,03.06.26 19:46,Prod,A1000111.6585,,114,S1000111.42427,SALE,2,2.8,5.6,0.0,0.0,0.0,0.0,121,Mineralwasser,Getränke,,MwSt. 19%,1.19,4.705882,0.894118,Normalverkauf
S1000111.42428,SP1000111.26.42428,SY1000111.2026.42428,iPad1(1000111),111,03.06.26 19:46,Prod,A1000111.6585,,114,S1000111.42428,SALE,2,9.8,19.6,0.0,0.0,0.0,0.0,108,Seelachs-Ei-Baugette,Hauptgerichte,,MwSt. 7%,1.07,18.317757,1.282243,Normalverkauf
S1000111.42429,SP1000111.26.42429,SY1000111.2026.42429,iPad1(1000111),111,03.06.26 19:05,Prod,A1000111.6586,Tisch 4,114,S1000111.42429,SALE,1,4.2,4.2,0.0,0.0,0.0,0.0,122,Bier,Getränke,,MwSt. 19%,1.19,3.529412,0.670588,Normalverkauf
S1000111.42430,SP1000111.26.42430,SY1000111.2026.42430,iPad1(1000111),111,03.06.26 19:05,Prod,A1000111.6586,Tisch 4,114,S1000111.42430,SALE,2,10.9,21.8,0.0,0.0,0.0,0.0,104,Thunfisch Wrap,Hauptgerichte,,MwSt. 7%,1.07,20.373832,1.426168,Normalverkauf
S1000111.42431,SP1000111.26.42431,SY1000111.2026.42431,iPad1(1000111),111,03.06.26 19:05,Prod,A1000111.6586,Tisch 4,114,S1000111.42431,SALE,1,5.5,5.5,0.0,0.0,0.0,0.0,111,Pommes Frites,Beilagen,,MwSt. 7%,1.07,5.140187,0.359813,Normalverkauf
S1000111.42432,SP1000111.26.42432,SY1000111.2026.42432,iPad1(1000111),111,03.06.26 18:43,Prod,A1000111.6587,Tisch 20,119,S1000111.42432,SALE,1,6.9,6.9,0.0,0.0,0.0,0.0,103,Fischbrötchen Räucherlachs,Hauptspeisen,,MwSt. 7%,1.07,6.448598,0.451402,Normalverkauf
S1000111.42433,SP1000111.26.42433,SY1000111.2026.42433,iPad1(1000111),111,03.06.26 18:43,Prod,A1000111.6587,Tisch 20,119,S1000111.42433,SALE,2,3.9,7.8,0.0,0.0,0.0,0.0,119,Cola,Getränke,,MwSt. 19%,1.19,6.554622,1.245378,Normalverkauf
S1000111.42434,SP1000111.26.42434,SY1000111.2026.42434,iPad1(1000111),111,03.06.26 18:43,Prod,A1000111.6587,Tisch 20,119,S1000111.42434,SALE,1,4.9,4.9,0.0,0.0,0.0,0.0,112,Kartoffelwedges,Beilagen,,MwSt. 7%,1.07,4.579439,0.320561,Normalverkauf
S1000111.42435,SP1000111.26.42435,SY1000111.2026.42435,iPad1(1000111),111,03.06.26 12:02,Prod,A1000111.6588,Tisch 2,101,S1000111.42435,SALE,2,3.9,7.8,0.0,0.0,0.0,0.0,119,Cola,Getränke,,MwSt. 19%,1.19,6.554622,1.245378,Normalverkauf
S1000111.42436,SP1000111.26.42436,SY1000111.2026.42436,iPad1(1000111),111,03.06.26 12:02,Prod,A1000111.6588,Tisch 2,101,S1000111.42436,SALE,2,3.9,7.8,0.0,0.0,0.0,0.0,119,Cola,Getränke,,MwSt. 19%,1.19,6.554622,1.245378,Normalverkauf
S1000111.42437,SP1000111.26.42437,SY1000111.2026.42437,iPad1(1000111),111,03.06.26 19:36,Prod,A1000111.6589,Tisch 6,118,S1000111.42437,SALE,1,4.9,4.9,0.0,0.0,0.0,0.0,112,Kartoffelwedges,Beilagen,,MwSt. 7%,1.07,4.579439,0.320561,Normalverkauf
S1000111.42438,SP1000111.26.42438,SY1000111.2026.42438,iPad1(1000111),111,03.06.26 20:03,Prod,A1000111.6590,Tisch 19,114,S1000111.42438,SALE,1,3.9,3.9,0.0,0.0,0.0,0.0,127,Alkoholfreies Bier,Getränke,,MwSt. 19%,1.19,3.277311,0.622689,Normalverkauf
S1000111.42439,SP1000111.26.42439,SY1000111.2026.42439,iPad1(1000111),111,03.06.26 20:03,Prod,A1000111.6590,Tisch 19,114,S1000111.42439,SALE,2,5.5,11.0,0.0,0.0,0.0,0.0,111,Pommes Frites,Beilagen,,MwSt. 7%,1.07,10.280374,0.719626,Normalverkauf
S1000111.42440,SP1000111.26.42440,SY1000111.2026.42440,iPad1(1000111),111,03.06.26 16:35,Prod,A1000111.6591,Tisch 16,114,S1000111.42440,SALE,2,2.8,5.6,0.0,0.0,0.0,0.0,121,Mineralwasser,Getränke,,MwSt. 19%,1.19,4.705882,0.894118,Normalverkauf
S1000111.42441,SP1000111.26.42441,SY1000111.2026.42441,iPad1(1000111),111,03.06.26 16:35,Prod,A1000111.6591,Tisch 16,114,S1000111.42441,SALE,1,4.9,4.9,0.0,0.0,0.0,0.0,112,Kartoffelwedges,Beilagen,,MwSt. 7%,1.07,4.579439,0.320561,Normalverkauf
S1000111.42442,SP1000111.26.42442,SY1000111.2026.42442,iPad1(1000111),111,03.06.26 16:14,Prod,A1000111.6592,Tisch 21,101,S1000111.42442,SALE,1,3.9,3.9,0.0,0.0,0.0,0.0,124,Cola Zero,Getränke,,MwSt. 19%,1.19,3.277311,0.622689,Normalverkauf
S1000111.42443,SP1000111.26.42443,SY1000111.2026.42443,iPad1(1000111),111,03.06.26 16:14,Prod,A1000111.6592,Tisch 21,101,S1000111.42443,SALE,2,10.9,21.8,0.0,0.0,0.0,0.0,104,Thunfisch Wrap,Hauptgerichte,,MwSt. 7%,1.07,20.373832,1.426168,Normalverkauf
S1000111.42444,SP1000111.26.42444,SY1000111.2026.42444,iPad1(1000111),111,03.06.26 17:43,Prod,A1000111.6593,Tisch 8,117,S1000111.42444,SALE,1,3.9,3.9,0.0,0.0,0.0,0.0,127,Alkoholfreies Bier,Getränke,,MwSt. 19%,1.19,3.277311,0.622689,Normalverkauf
S1000111.42445,SP1000111.26.42445,SY1000111.2026.42445,iPad1(1000111),111,03.06.26 17:43,Prod,A1000111.6593,Tisch 8,117,S1000111.42445,SALE,1,5.5,5.5,0.0,0.0,0.0,0.0,111,Pommes Frites,Beilagen,,MwSt. 7%,1.07,5.140187,0.359813,Normalverkauf
S1000111.42446,SP1000111.26.42446,SY1000111.2026.42446,iPad1(1000111),111,03.06.26 17:43,Prod,A1000111.6593,Tisch 8,117,S1000111.42446,SALE,1,10.9,10.9,0.0,0.0,0.0,0.0,107,Chicken Burger,Hauptgerichte,,MwSt. 7%,1.07,10.186916,0.713084,Normalverkauf
S1000111.42447,SP1000111.26.42447,SY1000111.2026.42447,iPad1(1000111),111,03.06.26 12:26,Prod,A1000111.6594,Tisch 3,115,S1000111.42447,SALE,2,5.5,11.0,0.0,0.0,0.0,0.0,111,Pommes Frites,Beilagen,,MwSt. 7%,1.07,10.280374,0.719626,Normalverkauf
S1000111.42448,SP1000111.26.42448,SY1000111.2026.42448,iPad1(1000111),111,03.06.26 18:34,Prod,A1000111.6595,Tisch 18,115,S1000111.42448,SALE,2,3.9,7.8,0.0,0.0,0.0,0.0,119,Cola,Getränke,,MwSt. 19%,1.19,6.554622,1.245378,Normalverkauf
S1000111.42449,SP1000111.26.42449,SY1000111.2026.42449,iPad1(1000111),111,03.06.26 18:34,Prod,A1000111.6595,Tisch 18,115,S1000111.42449,SALE,2,6.9,13.8,0.0,0.0,0.0,0.0,113,Garnelen Box,Beilagen,,MwSt. 7%,1.07,12.897196,0.902804,Normalverkauf
S1000111.42450,SP1000111.26.42450,SY1000111.2026.42450,iPad1(1000111),111,03.06.26 18:34,Prod,A1000111.6595,Tisch 18,115,S1000111.42450,SALE,2,5.9,11.8,0.0,0.0,0.0,0.0,117,Rote Grütze,Desserts,,MwSt. 7%,1.07,11.028037,0.771963,Normalverkauf
S1000111.42451,SP1000111.26.42451,SY1000111.2026.42451,iPad1(1000111),111,03.06.26 10:43,Prod,A1000111.6596,Tisch 6,119,S1000111.42451,SALE,1,10.9,10.9,0.0,0.0,0.0,0.0,104,Thunfisch Wrap,Hauptgerichte,,MwSt. 7%,1.07,10.186916,0.713084,Normalverkauf
S1000111.42452,SP1000111.26.42452,SY1000111.2026.42452,iPad1(1000111),111,03.06.26 17:31,Prod,A1000111.6597,Tisch 13,114,S1000111.42452,SALE,2,9.8,19.6,0.0,0.0,0.0,0.0,108,Seelachs-Ei-Baugette,Hauptgerichte,,MwSt. 7%,1.07,18.317757,1.282243,Normalverkauf
S1000111.42453,SP1000111.26.42453,SY1000111.2026.42453,iPad1(1000111),111,03.06.26 19:40,Prod,A1000111.6598,Tisch 10,114,S1000111.42453,SALE,2,3.9,7.8,0.0,0.0,0.0,0.0,124,Cola Zero,Getränke,,MwSt. 19%,1.19,6.554622,1.245378,Normalverkauf
S1000111.42454,SP1000111.26.42454,SY1000111.2026.42454,iPad1(1000111),111,03.06.26 11:38,Prod,A1000111.6599,Tisch 24,118,S1000111.42454,SALE,1,6.9,6.9,0.0,0.0,0.0,0.0,103,Fischbrötchen Räucherlachs,Hauptspeisen,,MwSt. 7%,1.07,6.448598,0.451402,Normalverkauf
S1000111.42455,SP1000111.26.42455,SY1000111.2026.42455,iPad1(1000111),111,03.06.26 11:38,Prod,A1000111.6599,Tisch 24,118,S1000111.42455,SALE,2,5.9,11.8,0.0,0.0,0.0,0.0,125,Zitronen-Limonade,Getränke,,MwSt. 19%,1.19,9.915966,1.884034,Normalverkauf
S1000111.42456,SP1000111.26.42456,SY1000111.2026.42456,iPad1(1000111),111,03.06.26 17:20,Prod,A1000111.6600,,101,S1000111.42456,SALE,1,4.9,4.9,0.0,0.0,0.0,0.0,112,Kartoffelwedges,Beilagen,,MwSt. 7%,1.07,4.579439,0.320561,Normalverkauf
S1000111.42457,SP1000111.26.42457,SY1000111.2026.42457,iPad1(1000111),111,03.06.26 17:20,Prod,A1000111.6600,,101,S1000111.42457,SALE,2,6.9,13.8,0.0,0.0,0.0,0.0,103,Fischbrötchen Räucherlachs,Hauptspeisen,,MwSt. 7%,1.07,12.897196,0.902804,Normalverkauf
S1000111.42458,SP1000111.26.42458,SY1000111.2026.42458,iPad1(1000111),111,03.06.26 17:20,Prod,A1000111.6600,,101,S1000111.42458,SALE,1,5.9,5.9,0.0,0.0,0.0,0.0,125,Zitronen-Limonade,Getränke,,MwSt. 19%,1.19,4.957983,0.942017,Normalverkauf
S1000111.42459,SP1000111.26.42459,SY1000111.2026.42459,iPad1(1000111),111,03.06.26 20:31,Prod,A1000111.6601,Tisch 13,101,S1000111.42459,SALE,2,11.9,23.8,0.0,0.0,0.0,0.0,110,Matjes-Baguette,Hauptgerichte,,MwSt. 7%,1.07,22.242991,1.557009,Normalverkauf
S1000111.42460,SP1000111.26.42460,SY1000111.2026.42460,iPad1(1000111),111,03.06.26 20:31,Prod,A1000111.6601,Tisch 13,101,S1000111.42460,SALE,1,6.9,6.9,0.0,0.0,0.0,0.0,103,Fischbrötchen Räucherlachs,Hauptspeisen,,MwSt. 7%,1.07,6.448598,0.451402,Normalverkauf
S1000111.42461,SP1000111.26.42461,SY1000111.2026.42461,iPad1(1000111),111,03.06.26 20:31,Prod,A1000111.6601,Tisch 13,101,S1000111.42461,SALE,2,10.9,21.8,0.0,0.0,0.0,0.0,107,Chicken Burger,Hauptgerichte,,MwSt. 7%,1.07,20.373832,1.426168,Normalverkauf
S1000111.42462,SP1000111.26.42462,SY1000111.2026.42462,iPad1(1000111),111,03.06.26 18:14,Prod,A1000111.6602,Tisch 13,114,S1000111.42462,SALE,2,10.9,21.8,0.0,0.0,0.0,0.0,104,Thunfisch Wrap,Hauptgerichte,,MwSt. 7%,1.07,20.373832,1.426168,Normalverkauf
S1000111.42463,SP1000111.26.42463,SY1000111.2026.42463,iPad1(1000111),111,03.06.26 09:16,Prod,A1000111.6603,Tisch 2,114,S1000111.42463,SALE,2,10.9,21.8,0.0,0.0,0.0,0.0,107,Chicken Burger,Hauptgerichte,,MwSt. 7%,1.07,20.373832,1.426168,Normalverkauf
S1000111.42464,SP1000111.26.42464,SY1000111.2026.42464,iPad1(1000111),111,03.06.26 09:16,Prod,A1000111.6603,Tisch 2,114,S1000111.42464,SALE,2,3.2,6.4,0.0,0.0,0.0,0.0,120,Apfelschorle,Getränke,,MwSt. 19%,1.19,5.378151,1.021849,Normalverkauf
S1000111.42465,SP1000111.26.42465,SY1000111.2026.42465,iPad1(1000111),111,03.06.26 09:16,Prod,A1000111.6603,Tisch 2,114,S1000111.42465,SALE,1,10.9,10.9,0.0,0.0,0.0,0.0,104,Thunfisch Wrap,Hauptgerichte,,MwSt. 7%,1.07,10.186916,0.713084,Normalverkauf
S1000111.42466,SP1000111.26.42466,SY1000111.2026.42466,iPad1(1000111),111,03.06.26 18:01,Prod,A1000111.6604,,119,S1000111.42466,VOID,1,3.2,3.2,0.0,0.0,0.0,0.0,120,Apfelschorle,Getränke,,MwSt. 19%,1.19,2.689076,0.510924,Normalverkauf
S1000111.42467,SP1000111.26.42467,SY1000111.2026.42467,iPad1(1000111),111,03.06.26 18:01,Prod,A1000111.6604,,119,S1000111.42467,VOID,1,13.5,13.5,0.0,0.0,0.0,0.0,102,Matjes,Hauptspeisen,,MwSt. 7%,1.07,12.616822,0.883178,Normalverkauf
S1000111.42468,SP1000111.26.42468,SY1000111.2026.42468,iPad1(1000111),111,03.06.26 18:01,Prod,A1000111.6604,,119,S1000111.42468,VOID,1,5.5,5.5,0.0,0.0,0.0,0.0,114,Fisch Nuggets Box,Beilagen,,MwSt. 7%,1.07,5.140187,0.359813,Normalverkauf
S1000111.42469,SP1000111.26.42469,SY1000111.2026.42469,iPad1(1000111),111,04.06.26 18:16,Prod,A1000111.6605,Tisch 1,101,S1000111.42469,SALE,2,5.9,11.8,0.0,0.0,0.0,0.0,117,Rote Grütze,Desserts,,MwSt. 7%,1.07,11.028037,0.771963,Normalverkauf
S1000111.42470,SP1000111.26.42470,SY1000111.2026.42470,iPad1(1000111),111,04.06.26 18:16,Prod,A1000111.6605,Tisch 1,101,S1000111.42470,SALE,1,10.9,10.9,0.0,0.0,0.0,0.0,104,Thunfisch Wrap,Hauptgerichte,,MwSt. 7%,1.07,10.186916,0.713084,Normalverkauf
S1000111.42471,SP1000111.26.42471,SY1000111.2026.42471,iPad1(1000111),111,04.06.26 18:16,Prod,A1000111.6605,Tisch 1,101,S1000111.42471,SALE,2,10.9,21.8,0.0,0.0,0.0,0.0,104,Thunfisch Wrap,Hauptgerichte,,MwSt. 7%,1.07,20.373832,1.426168,Normalverkauf
S1000111.42472,SP1000111.26.42472,SY1000111.2026.42472,iPad1(1000111),111,04.06.26 16:37,Prod,A1000111.6606,Tisch 22,101,S1000111.42472,SALE,1,10.9,10.9,0.0,0.0,0.0,0.0,107,Chicken Burger,Hauptgerichte,,MwSt. 7%,1.07,10.186916,0.713084,Normalverkauf
S1000111.42473,SP1000111.26.42473,SY1000111.2026.42473,iPad1(1000111),111,04.06.26 16:37,Prod,A1000111.6606,Tisch 22,101,S1000111.42473,SALE,2,3.9,7.8,0.0,0.0,0.0,0.0,119,Cola,Getränke,,MwSt. 19%,1.19,6.554622,1.245378,Normalverkauf
S1000111.42474,SP1000111.26.42474,SY1000111.2026.42474,iPad1(1000111),111,04.06.26 16:37,Prod,A1000111.6606,Tisch 22,101,S1000111.42474,SALE,2,14.5,29.0,0.0,0.0,0.0,0.0,101,Lachs,Hauptspeisen,,MwSt. 7%,1.07,27.102804,1.897196,Normalverkauf
S1000111.42475,SP1000111.26.42475,SY1000111.2026.42475,iPad1(1000111),111,04.06.26 10:54,Prod,A1000111.6607,Tisch 18,107,S1000111.42475,SALE,1,10.9,10.9,0.0,0.0,0.0,0.0,104,Thunfisch Wrap,Hauptgerichte,,MwSt. 7%,1.07,10.186916,0.713084,Normalverkauf
S1000111.42476,SP1000111.26.42476,SY1000111.2026.42476,iPad1(1000111),111,04.06.26 10:54,Prod,A1000111.6607,Tisch 18,107,S1000111.42476,SALE,1,5.9,5.9,0.0,0.0,0.0,0.0,125,Zitronen-Limonade,Getränke,,MwSt. 19%,1.19,4.957983,0.942017,Normalverkauf
S1000111.42477,SP1000111.26.42477,SY1000111.2026.42477,iPad1(1000111),111,04.06.26 10:54,Prod,A1000111.6607,Tisch 18,107,S1000111.42477,SALE,1,10.9,10.9,0.0,0.0,0.0,0.0,107,Chicken Burger,Hauptgerichte,,MwSt. 7%,1.07,10.186916,0.713084,Normalverkauf
S1000111.42478,SP1000111.26.42478,SY1000111.2026.42478,iPad1(1000111),111,04.06.26 12:03,Prod,A1000111.6608,,107,S1000111.42478,SALE,2,4.2,8.4,0.0,0.0,0.0,0.0,122,Bier,Getränke,,MwSt. 19%,1.19,7.058824,1.341176,Normalverkauf
S1000111.42479,SP1000111.26.42479,SY1000111.2026.42479,iPad1(1000111),111,04.06.26 08:01,Prod,A1000111.6609,,101,S1000111.42479,SALE,1,4.9,4.9,0.0,0.0,0.0,0.0,112,Kartoffelwedges,Beilagen,,MwSt. 7%,1.07,4.579439,0.320561,Normalverkauf
S1000111.42480,SP1000111.26.42480,SY1000111.2026.42480,iPad1(1000111),111,04.06.26 11:28,Prod,A1000111.6610,Tisch 16,114,S1000111.42480,SALE,2,6.9,13.8,0.0,0.0,0.0,0.0,113,Garnelen Box,Beilagen,,MwSt. 7%,1.07,12.897196,0.902804,Normalverkauf
S1000111.42481,SP1000111.26.42481,SY1000111.2026.42481,iPad1(1000111),111,04.06.26 12:20,Prod,A1000111.6611,Tisch 18,117,S1000111.42481,VOID,1,3.9,3.9,0.0,0.0,0.0,0.0,124,Cola Zero,Getränke,,MwSt. 19%,1.19,3.277311,0.622689,Normalverkauf
S1000111.42482,SP1000111.26.42482,SY1000111.2026.42482,iPad1(1000111),111,04.06.26 12:20,Prod,A1000111.6611,Tisch 18,117,S1000111.42482,VOID,2,5.5,11.0,0.0,0.0,0.0,0.0,114,Fisch Nuggets Box,Beilagen,,MwSt. 7%,1.07,10.280374,0.719626,Normalverkauf
S1000111.42483,SP1000111.26.42483,SY1000111.2026.42483,iPad1(1000111),111,04.06.26 17:27,Prod,A1000111.6612,Tisch 12,115,S1000111.42483,VOID,1,6.9,6.9,0.0,0.0,0.0,0.0,103,Fischbrötchen Räucherlachs,Hauptspeisen,,MwSt. 7%,1.07,6.448598,0.451402,Normalverkauf
S1000111.42484,SP1000111.26.42484,SY1000111.2026.42484,iPad1(1000111),111,04.06.26 13:26,Prod,A1000111.6613,Tisch 14,117,S1000111.42484,SALE,1,4.9,4.9,0.0,0.0,0.0,0.0,112,Kartoffelwedges,Beilagen,,MwSt. 7%,1.07,4.579439,0.320561,Normalverkauf
S1000111.42485,SP1000111.26.42485,SY1000111.2026.42485,iPad1(1000111),111,04.06.26 13:26,Prod,A1000111.6613,Tisch 14,117,S1000111.42485,SALE,2,3.2,6.4,0.0,0.0,0.0,0.0,120,Apfelschorle,Getränke,,MwSt. 19%,1.19,5.378151,1.021849,Normalverkauf
S1000111.42486,SP1000111.26.42486,SY1000111.2026.42486,iPad1(1000111),111,04.06.26 13:26,Prod,A1000111.6613,Tisch 14,117,S1000111.42486,SALE,2,3.9,7.8,0.0,0.0,0.0,0.0,119,Cola,Getränke,,MwSt. 19%,1.19,6.554622,1.245378,Normalverkauf
S1000111.42487,SP1000111.26.42487,SY1000111.2026.42487,iPad1(1000111),111,04.06.26 19:21,Prod,A1000111.6614,Tisch 24,118,S1000111.42487,SALE,2,11.9,23.8,0.0,0.0,0.0,0.0,110,Matjes-Baguette,Hauptgerichte,,MwSt. 7%,1.07,22.242991,1.557009,Normalverkauf
S1000111.42488,SP1000111.26.42488,SY1000111.2026.42488,iPad1(1000111),111,04.06.26 19:41,Prod,A1000111.6615,Tisch 21,117,S1000111.42488,VOID,2,2.8,5.6,0.0,0.0,0.0,0.0,121,Mineralwasser,Getränke,,MwSt. 19%,1.19,4.705882,0.894118,Normalverkauf
S1000111.42489,SP1000111.26.42489,SY1000111.2026.42489,iPad1(1000111),111,04.06.26 19:41,Prod,A1000111.6615,Tisch 21,117,S1000111.42489,VOID,2,13.5,27.0,0.0,0.0,0.0,0.0,102,Matjes,Hauptspeisen,,MwSt. 7%,1.07,25.233645,1.766355,Normalverkauf
S1000111.42490,SP1000111.26.42490,SY1000111.2026.42490,iPad1(1000111),111,04.06.26 18:25,Prod,A1000111.6616,Tisch 22,107,S1000111.42490,SALE,2,5.5,11.0,0.0,0.0,0.0,0.0,111,Pommes Frites,Beilagen,,MwSt. 7%,1.07,10.280374,0.719626,Normalverkauf
S1000111.42491,SP1000111.26.42491,SY1000111.2026.42491,iPad1(1000111),111,04.06.26 18:54,Prod,A1000111.6617,Tisch 5,117,S1000111.42491,SALE,2,10.9,21.8,0.0,0.0,0.0,0.0,107,Chicken Burger,Hauptgerichte,,MwSt. 7%,1.07,20.373832,1.426168,Normalverkauf
S1000111.42492,SP1000111.26.42492,SY1000111.2026.42492,iPad1(1000111),111,04.06.26 16:20,Prod,A1000111.6618,Tisch 15,119,S1000111.42492,SALE,2,4.2,8.4,0.0,0.0,0.0,0.0,122,Bier,Getränke,,MwSt. 19%,1.19,7.058824,1.341176,Normalverkauf
S1000111.42493,SP1000111.26.42493,SY1000111.2026.42493,iPad1(1000111),111,04.06.26 16:20,Prod,A1000111.6618,Tisch 15,119,S1000111.42493,SALE,2,6.9,13.8,0.0,0.0,0.0,0.0,113,Garnelen Box,Beilagen,,MwSt. 7%,1.07,12.897196,0.902804,Normalverkauf
S1000111.42494,SP1000111.26.42494,SY1000111.2026.42494,iPad1(1000111),111,04.06.26 16:20,Prod,A1000111.6618,Tisch 15,119,S1000111.42494,SALE,1,7.9,7.9,0.0,0.0,0.0,0.0,106,Neptun-Ringe,Beilagen,,MwSt. 7%,1.07,7.383178,0.516822,Normalverkauf
S1000111.42495,SP1000111.26.42495,SY1000111.2026.42495,iPad1(1000111),111,04.06.26 16:14,Prod,A1000111.6619,,119,S1000111.42495,SALE,2,4.9,9.8,0.0,0.0,0.0,0.0,112,Kartoffelwedges,Beilagen,,MwSt. 7%,1.07,9.158879,0.641121,Normalverkauf
S1000111.42496,SP1000111.26.42496,SY1000111.2026.42496,iPad1(1000111),111,04.06.26 16:14,Prod,A1000111.6619,,119,S1000111.42496,SALE,1,3.9,3.9,0.0,0.0,0.0,0.0,119,Cola,Getränke,,MwSt. 19%,1.19,3.277311,0.622689,Normalverkauf
S1000111.42497,SP1000111.26.42497,SY1000111.2026.42497,iPad1(1000111),111,04.06.26 16:14,Prod,A1000111.6619,,119,S1000111.42497,SALE,1,11.5,11.5,0.0,0.0,0.0,0.0,105,Garnelen-Kimchi-Bruger,Hauptgerichte,,MwSt. 7%,1.07,10.747664,0.752336,Normalverkauf
S1000111.42498,SP1000111.26.42498,SY1000111.2026.42498,iPad1(1000111),111,04.06.26 19:42,Prod,A1000111.6620,Tisch 22,119,S1000111.42498,SALE,1,13.5,13.5,0.0,0.0,0.0,0.0,102,Matjes,Hauptspeisen,,MwSt. 7%,1.07,12.616822,0.883178,Normalverkauf
S1000111.42499,SP1000111.26.42499,SY1000111.2026.42499,iPad1(1000111),111,04.06.26 19:42,Prod,A1000111.6620,Tisch 22,119,S1000111.42499,SALE,2,4.2,8.4,0.0,0.0,0.0,0.0,122,Bier,Getränke,,MwSt. 19%,1.19,7.058824,1.341176,Normalverkauf
S1000111.42500,SP1000111.26.42500,SY1000111.2026.42500,iPad1(1000111),111,04.06.26 19:42,Prod,A1000111.6620,Tisch 22,119,S1000111.42500,SALE,2,3.9,7.8,0.0,0.0,0.0,0.0,119,Cola,Getränke,,MwSt. 19%,1.19,6.554622,1.245378,Normalverkauf
S1000111.42501,SP1000111.26.42501,SY1000111.2026.42501,iPad1(1000111),111,04.06.26 08:34,Prod,A1000111.6621,Tisch 17,107,S1000111.42501,SALE,1,10.9,10.9,0.0,0.0,0.0,0.0,104,Thunfisch Wrap,Hauptgerichte,,MwSt. 7%,1.07,10.186916,0.713084,Normalverkauf
S1000111.42502,SP1000111.26.42502,SY1000111.2026.42502,iPad1(1000111),111,04.06.26 08:34,Prod,A1000111.6621,Tisch 17,107,S1000111.42502,SALE,1,6.9,6.9,0.0,0.0,0.0,0.0,113,Garnelen Box,Beilagen,,MwSt. 7%,1.07,6.448598,0.451402,Normalverkauf
S1000111.42503,SP1000111.26.42503,SY1000111.2026.42503,iPad1(1000111),111,04.06.26 12:37,Prod,A1000111.6622,Tisch 13,114,S1000111.42503,SALE,1,13.5,13.5,0.0,0.0,0.0,0.0,102,Matjes,Hauptspeisen,,MwSt. 7%,1.07,12.616822,0.883178,Normalverkauf
S1000111.42504,SP1000111.26.42504,SY1000111.2026.42504,iPad1(1000111),111,04.06.26 11:46,Prod,A1000111.6623,Tisch 14,114,S1000111.42504,SALE,1,5.5,5.5,0.0,0.0,0.0,0.0,111,Pommes Frites,Beilagen,,MwSt. 7%,1.07,5.140187,0.359813,Normalverkauf
S1000111.42505,SP1000111.26.42505,SY1000111.2026.42505,iPad1(1000111),111,04.06.26 11:46,Prod,A1000111.6623,Tisch 14,114,S1000111.42505,SALE,1,2.8,2.8,0.0,0.0,0.0,0.0,121,Mineralwasser,Getränke,,MwSt. 19%,1.19,2.352941,0.447059,Normalverkauf
S1000111.42506,SP1000111.26.42506,SY1000111.2026.42506,iPad1(1000111),111,04.06.26 11:46,Prod,A1000111.6623,Tisch 14,114,S1000111.42506,SALE,2,4.9,9.8,0.0,0.0,0.0,0.0,112,Kartoffelwedges,Beilagen,,MwSt. 7%,1.07,9.158879,0.641121,Normalverkauf
S1000111.42507,SP1000111.26.42507,SY1000111.2026.42507,iPad1(1000111),111,04.06.26 17:19,Prod,A1000111.6624,Tisch 20,107,S1000111.42507,SALE,1,11.9,11.9,0.0,0.0,0.0,0.0,110,Matjes-Baguette,Hauptgerichte,,MwSt. 7%,1.07,11.121495,0.778505,Normalverkauf
S1000111.42508,SP1000111.26.42508,SY1000111.2026.42508,iPad1(1000111),111,04.06.26 17:19,Prod,A1000111.6624,Tisch 20,107,S1000111.42508,SALE,1,5.9,5.9,0.0,0.0,0.0,0.0,125,Zitronen-Limonade,Getränke,,MwSt. 19%,1.19,4.957983,0.942017,Normalverkauf
S1000111.42509,SP1000111.26.42509,SY1000111.2026.42509,iPad1(1000111),111,04.06.26 17:19,Prod,A1000111.6624,Tisch 20,107,S1000111.42509,SALE,2,2.8,5.6,0.0,0.0,0.0,0.0,121,Mineralwasser,Getränke,,MwSt. 19%,1.19,4.705882,0.894118,Normalverkauf
S1000111.42510,SP1000111.26.42510,SY1000111.2026.42510,iPad1(1000111),111,04.06.26 18:36,Prod,A1000111.6625,Tisch 21,115,S1000111.42510,SALE,2,6.9,13.8,0.0,0.0,0.0,0.0,113,Garnelen Box,Beilagen,,MwSt. 7%,1.07,12.897196,0.902804,Normalverkauf
S1000111.42511,SP1000111.26.42511,SY1000111.2026.42511,iPad1(1000111),111,04.06.26 18:36,Prod,A1000111.6625,Tisch 21,115,S1000111.42511,SALE,2,3.2,6.4,0.0,0.0,0.0,0.0,120,Apfelschorle,Getränke,,MwSt. 19%,1.19,5.378151,1.021849,Normalverkauf
S1000111.42512,SP1000111.26.42512,SY1000111.2026.42512,iPad1(1000111),111,04.06.26 18:36,Prod,A1000111.6625,Tisch 21,115,S1000111.42512,SALE,2,11.9,23.8,0.0,0.0,0.0,0.0,110,Matjes-Baguette,Hauptgerichte,,MwSt. 7%,1.07,22.242991,1.557009,Normalverkauf
S1000111.42513,SP1000111.26.42513,SY1000111.2026.42513,iPad1(1000111),111,04.06.26 19:52,Prod,A1000111.6626,Tisch 14,117,S1000111.42513,SALE,2,6.5,13.0,0.0,0.0,0.0,0.0,118,Schokokuchen,Desserts,,MwSt. 7%,1.07,12.149533,0.850467,Normalverkauf
S1000111.42514,SP1000111.26.42514,SY1000111.2026.42514,iPad1(1000111),111,04.06.26 19:52,Prod,A1000111.6626,Tisch 14,117,S1000111.42514,SALE,2,4.2,8.4,0.0,0.0,0.0,0.0,122,Bier,Getränke,,MwSt. 19%,1.19,7.058824,1.341176,Normalverkauf
S1000111.42515,SP1000111.26.42515,SY1000111.2026.42515,iPad1(1000111),111,04.06.26 19:52,Prod,A1000111.6626,Tisch 14,117,S1000111.42515,SALE,2,3.9,7.8,0.0,0.0,0.0,0.0,126,Spezi,Getränke,,MwSt. 19%,1.19,6.554622,1.245378,Normalverkauf
S1000111.42516,SP1000111.26.42516,SY1000111.2026.42516,iPad1(1000111),111,04.06.26 17:06,Prod,A1000111.6627,Tisch 15,115,S1000111.42516,SALE,1,5.5,5.5,0.0,0.0,0.0,0.0,111,Pommes Frites,Beilagen,,MwSt. 7%,1.07,5.140187,0.359813,Normalverkauf
S1000111.42517,SP1000111.26.42517,SY1000111.2026.42517,iPad1(1000111),111,04.06.26 17:06,Prod,A1000111.6627,Tisch 15,115,S1000111.42517,SALE,2,5.9,11.8,0.0,0.0,0.0,0.0,123,Inger-Limonade,Getränke,,MwSt. 19%,1.19,9.915966,1.884034,Normalverkauf
S1000111.42518,SP1000111.26.42518,SY1000111.2026.42518,iPad1(1000111),111,04.06.26 11:42,Prod,A1000111.6628,Tisch 22,115,S1000111.42518,SALE,2,3.9,7.8,0.0,0.0,0.0,0.0,119,Cola,Getränke,,MwSt. 19%,1.19,6.554622,1.245378,Normalverkauf
S1000111.42519,SP1000111.26.42519,SY1000111.2026.42519,iPad1(1000111),111,04.06.26 11:42,Prod,A1000111.6628,Tisch 22,115,S1000111.42519,SALE,1,10.9,10.9,0.0,0.0,0.0,0.0,107,Chicken Burger,Hauptgerichte,,MwSt. 7%,1.07,10.186916,0.713084,Normalverkauf
S1000111.42520,SP1000111.26.42520,SY1000111.2026.42520,iPad1(1000111),111,04.06.26 18:53,Prod,A1000111.6629,Tisch 4,119,S1000111.42520,SALE,2,7.9,15.8,0.0,0.0,0.0,0.0,115,Tiramisu,Desserts,,MwSt. 7%,1.07,14.766355,1.033645,Normalverkauf
S1000111.42521,SP1000111.26.42521,SY1000111.2026.42521,iPad1(1000111),111,04.06.26 12:17,Prod,A1000111.6630,Tisch 20,117,S1000111.42521,SALE,1,7.9,7.9,0.0,0.0,0.0,0.0,106,Neptun-Ringe,Beilagen,,MwSt. 7%,1.07,7.383178,0.516822,Normalverkauf
S1000111.42522,SP1000111.26.42522,SY1000111.2026.42522,iPad1(1000111),111,04.06.26 12:17,Prod,A1000111.6630,Tisch 20,117,S1000111.42522,SALE,2,2.8,5.6,0.0,0.0,0.0,0.0,121,Mineralwasser,Getränke,,MwSt. 19%,1.19,4.705882,0.894118,Normalverkauf
S1000111.42523,SP1000111.26.42523,SY1000111.2026.42523,iPad1(1000111),111,04.06.26 12:17,Prod,A1000111.6630,Tisch 20,117,S1000111.42523,SALE,1,5.5,5.5,0.0,0.0,0.0,0.0,114,Fisch Nuggets Box,Beilagen,,MwSt. 7%,1.07,5.140187,0.359813,Normalverkauf
S1000111.42524,SP1000111.26.42524,SY1000111.2026.42524,iPad1(1000111),111,04.06.26 20:03,Prod,A1000111.6631,Tisch 5,115,S1000111.42524,SALE,2,6.5,13.0,0.0,0.0,0.0,0.0,100,Fischbrötchen Backfisch,Hauptspeisen,,MwSt. 7%,1.07,12.149533,0.850467,Normalverkauf
S1000111.42525,SP1000111.26.42525,SY1000111.2026.42525,iPad1(1000111),111,04.06.26 20:03,Prod,A1000111.6631,Tisch 5,115,S1000111.42525,SALE,2,3.9,7.8,0.0,0.0,0.0,0.0,119,Cola,Getränke,,MwSt. 19%,1.19,6.554622,1.245378,Normalverkauf
S1000111.42526,SP1000111.26.42526,SY1000111.2026.42526,iPad1(1000111),111,04.06.26 20:03,Prod,A1000111.6631,Tisch 5,115,S1000111.42526,SALE,1,3.9,3.9,0.0,0.0,0.0,0.0,124,Cola Zero,Getränke,,MwSt. 19%,1.19,3.277311,0.622689,Normalverkauf
S1000111.42527,SP1000111.26.42527,SY1000111.2026.42527,iPad1(1000111),111,04.06.26 20:01,Prod,A1000111.6632,Tisch 10,117,S1000111.42527,SALE,1,4.9,4.9,0.0,0.0,0.0,0.0,112,Kartoffelwedges,Beilagen,,MwSt. 7%,1.07,4.579439,0.320561,Normalverkauf
S1000111.42528,SP1000111.26.42528,SY1000111.2026.42528,iPad1(1000111),111,04.06.26 20:01,Prod,A1000111.6632,Tisch 10,117,S1000111.42528,SALE,1,6.9,6.9,0.0,0.0,0.0,0.0,103,Fischbrötchen Räucherlachs,Hauptspeisen,,MwSt. 7%,1.07,6.448598,0.451402,Normalverkauf
S1000111.42529,SP1000111.26.42529,SY1000111.2026.42529,iPad1(1000111),111,04.06.26 19:23,Prod,A1000111.6633,Tisch 17,115,S1000111.42529,SALE,2,3.2,6.4,0.0,0.0,0.0,0.0,120,Apfelschorle,Getränke,,MwSt. 19%,1.19,5.378151,1.021849,Normalverkauf
S1000111.42530,SP1000111.26.42530,SY1000111.2026.42530,iPad1(1000111),111,04.06.26 12:22,Prod,A1000111.6634,Tisch 9,107,S1000111.42530,VOID,2,4.2,8.4,0.0,0.0,0.0,0.0,122,Bier,Getränke,,MwSt. 19%,1.19,7.058824,1.341176,Normalverkauf
S1000111.42531,SP1000111.26.42531,SY1000111.2026.42531,iPad1(1000111),111,04.06.26 12:22,Prod,A1000111.6634,Tisch 9,107,S1000111.42531,VOID,1,4.2,4.2,0.0,0.0,0.0,0.0,122,Bier,Getränke,,MwSt. 19%,1.19,3.529412,0.670588,Normalverkauf
S1000111.42532,SP1000111.26.42532,SY1000111.2026.42532,iPad1(1000111),111,04.06.26 12:22,Prod,A1000111.6634,Tisch 9,107,S1000111.42532,VOID,1,4.2,4.2,0.0,0.0,0.0,0.0,122,Bier,Getränke,,MwSt. 19%,1.19,3.529412,0.670588,Normalverkauf
S1000111.42533,SP1000111.26.42533,SY1000111.2026.42533,iPad1(1000111),111,04.06.26 18:26,Prod,A1000111.6635,Tisch 21,114,S1000111.42533,SALE,1,5.5,5.5,0.0,0.0,0.0,0.0,114,Fisch Nuggets Box,Beilagen,,MwSt. 7%,1.07,5.140187,0.359813,Normalverkauf
S1000111.42534,SP1000111.26.42534,SY1000111.2026.42534,iPad1(1000111),111,04.06.26 18:26,Prod,A1000111.6635,Tisch 21,114,S1000111.42534,SALE,1,2.8,2.8,0.0,0.0,0.0,0.0,121,Mineralwasser,Getränke,,MwSt. 19%,1.19,2.352941,0.447059,Normalverkauf
S1000111.42535,SP1000111.26.42535,SY1000111.2026.42535,iPad1(1000111),111,04.06.26 20:20,Prod,A1000111.6636,,115,S1000111.42535,SALE,1,2.8,2.8,0.0,0.0,0.0,0.0,121,Mineralwasser,Getränke,,MwSt. 19%,1.19,2.352941,0.447059,Normalverkauf
S1000111.42536,SP1000111.26.42536,SY1000111.2026.42536,iPad1(1000111),111,04.06.26 20:20,Prod,A1000111.6636,,115,S1000111.42536,SALE,2,10.9,21.8,0.0,0.0,0.0,0.0,109,Bismarck-Baguette,Hauptgerichte,,MwSt. 7%,1.07,20.373832,1.426168,Normalverkauf
S1000111.42537,SP1000111.26.42537,SY1000111.2026.42537,iPad1(1000111),111,04.06.26 18:00,Prod,A1000111.6637,Tisch 1,117,S1000111.42537,SALE,2,3.9,7.8,0.0,0.0,0.0,0.0,126,Spezi,Getränke,,MwSt. 19%,1.19,6.554622,1.245378,Normalverkauf
S1000111.42538,SP1000111.26.42538,SY1000111.2026.42538,iPad1(1000111),111,04.06.26 19:50,Prod,A1000111.6638,Tisch 22,118,S1000111.42538,SALE,2,11.9,23.8,0.0,0.0,0.0,0.0,110,Matjes-Baguette,Hauptgerichte,,MwSt. 7%,1.07,22.242991,1.557009,Normalverkauf
S1000111.42539,SP1000111.26.42539,SY1000111.2026.42539,iPad1(1000111),111,04.06.26 19:50,Prod,A1000111.6638,Tisch 22,118,S1000111.42539,SALE,2,10.9,21.8,0.0,0.0,0.0,0.0,107,Chicken Burger,Hauptgerichte,,MwSt. 7%,1.07,20.373832,1.426168,Normalverkauf
S1000111.42540,SP1000111.26.42540,SY1000111.2026.42540,iPad1(1000111),111,04.06.26 09:30,Prod,A1000111.6639,Tisch 15,115,S1000111.42540,SALE,2,11.9,23.8,0.0,0.0,0.0,0.0,110,Matjes-Baguette,Hauptgerichte,,MwSt. 7%,1.07,22.242991,1.557009,Normalverkauf
S1000111.42541,SP1000111.26.42541,SY1000111.2026.42541,iPad1(1000111),111,04.06.26 13:21,Prod,A1000111.6640,Tisch 3,117,S1000111.42541,SALE,1,6.5,6.5,0.0,0.0,0.0,0.0,100,Fischbrötchen Backfisch,Hauptspeisen,,MwSt. 7%,1.07,6.074766,0.425234,Normalverkauf
S1000111.42542,SP1000111.26.42542,SY1000111.2026.42542,iPad1(1000111),111,04.06.26 11:19,Prod,A1000111.6641,Tisch 11,114,S1000111.42542,SALE,1,5.9,5.9,0.0,0.0,0.0,0.0,125,Zitronen-Limonade,Getränke,,MwSt. 19%,1.19,4.957983,0.942017,Normalverkauf
S1000111.42543,SP1000111.26.42543,SY1000111.2026.42543,iPad1(1000111),111,04.06.26 19:08,Prod,A1000111.6642,Tisch 4,118,S1000111.42543,SALE,1,10.9,10.9,0.0,0.0,0.0,0.0,107,Chicken Burger,Hauptgerichte,,MwSt. 7%,1.07,10.186916,0.713084,Normalverkauf
S1000111.42544,SP1000111.26.42544,SY1000111.2026.42544,iPad1(1000111),111,04.06.26 20:54,Prod,A1000111.6643,Tisch 22,117,S1000111.42544,SALE,2,2.8,5.6,0.0,0.0,0.0,0.0,121,Mineralwasser,Getränke,,MwSt. 19%,1.19,4.705882,0.894118,Normalverkauf
S1000111.42545,SP1000111.26.42545,SY1000111.2026.42545,iPad1(1000111),111,04.06.26 20:54,Prod,A1000111.6643,Tisch 22,117,S1000111.42545,SALE,1,5.9,5.9,0.0,0.0,0.0,0.0,123,Inger-Limonade,Getränke,,MwSt. 19%,1.19,4.957983,0.942017,Normalverkauf
S1000111.42546,SP1000111.26.42546,SY1000111.2026.42546,iPad1(1000111),111,04.06.26 17:14,Prod,A1000111.6644,Tisch 19,101,S1000111.42546,SALE,1,2.8,2.8,0.0,0.0,0.0,0.0,121,Mineralwasser,Getränke,,MwSt. 19%,1.19,2.352941,0.447059,Normalverkauf
S1000111.42547,SP1000111.26.42547,SY1000111.2026.42547,iPad1(1000111),111,04.06.26 15:10,Prod,A1000111.6645,Tisch 17,101,S1000111.42547,SALE,2,6.9,13.8,0.0,0.0,0.0,0.0,103,Fischbrötchen Räucherlachs,Hauptspeisen,,MwSt. 7%,1.07,12.897196,0.902804,Normalverkauf
S1000111.42548,SP1000111.26.42548,SY1000111.2026.42548,iPad1(1000111),111,04.06.26 15:10,Prod,A1000111.6645,Tisch 17,101,S1000111.42548,SALE,1,5.9,5.9,0.0,0.0,0.0,0.0,123,Inger-Limonade,Getränke,,MwSt. 19%,1.19,4.957983,0.942017,Normalverkauf
S1000111.42549,SP1000111.26.42549,SY1000111.2026.42549,iPad1(1000111),111,04.06.26 14:23,Prod,A1000111.6646,Tisch 10,117,S1000111.42549,VOID,2,3.2,6.4,0.0,0.0,0.0,0.0,120,Apfelschorle,Getränke,,MwSt. 19%,1.19,5.378151,1.021849,Normalverkauf
S1000111.42550,SP1000111.26.42550,SY1000111.2026.42550,iPad1(1000111),111,04.06.26 14:23,Prod,A1000111.6646,Tisch 10,117,S1000111.42550,VOID,2,10.9,21.8,0.0,0.0,0.0,0.0,104,Thunfisch Wrap,Hauptgerichte,,MwSt. 7%,1.07,20.373832,1.426168,Normalverkauf
S1000111.42551,SP1000111.26.42551,SY1000111.2026.42551,iPad1(1000111),111,04.06.26 17:07,Prod,A1000111.6647,Tisch 17,114,S1000111.42551,SALE,1,5.9,5.9,0.0,0.0,0.0,0.0,116,Vanillequark,Desserts,,MwSt. 7%,1.07,5.514019,0.385981,Normalverkauf
S1000111.42552,SP1000111.26.42552,SY1000111.2026.42552,iPad1(1000111),111,04.06.26 11:15,Prod,A1000111.6648,Tisch 7,119,S1000111.42552,SALE,1,9.8,9.8,0.0,0.0,0.0,0.0,108,Seelachs-Ei-Baugette,Hauptgerichte,,MwSt. 7%,1.07,9.158879,0.641121,Normalverkauf
S1000111.42553,SP1000111.26.42553,SY1000111.2026.42553,iPad1(1000111),111,04.06.26 15:50,Prod,A1000111.6649,Tisch 21,101,S1000111.42553,SALE,2,14.5,29.0,0.0,0.0,0.0,0.0,101,Lachs,Hauptspeisen,,MwSt. 7%,1.07,27.102804,1.897196,Normalverkauf
S1000111.42554,SP1000111.26.42554,SY1000111.2026.42554,iPad1(1000111),111,04.06.26 15:50,Prod,A1000111.6649,Tisch 21,101,S1000111.42554,SALE,2,6.9,13.8,0.0,0.0,0.0,0.0,113,Garnelen Box,Beilagen,,MwSt. 7%,1.07,12.897196,0.902804,Normalverkauf
S1000111.42555,SP1000111.26.42555,SY1000111.2026.42555,iPad1(1000111),111,04.06.26 12:39,Prod,A1000111.6650,Tisch 17,117,S1000111.42555,VOID,2,5.9,11.8,0.0,0.0,0.0,0.0,125,Zitronen-Limonade,Getränke,,MwSt. 19%,1.19,9.915966,1.884034,Normalverkauf
S1000111.42556,SP1000111.26.42556,SY1000111.2026.42556,iPad1(1000111),111,04.06.26 12:39,Prod,A1000111.6650,Tisch 17,117,S1000111.42556,VOID,1,3.9,3.9,0.0,0.0,0.0,0.0,119,Cola,Getränke,,MwSt. 19%,1.19,3.277311,0.622689,Normalverkauf
S1000111.42557,SP1000111.26.42557,SY1000111.2026.42557,iPad1(1000111),111,04.06.26 12:39,Prod,A1000111.6650,Tisch 17,117,S1000111.42557,VOID,2,4.9,9.8,0.0,0.0,0.0,0.0,112,Kartoffelwedges,Beilagen,,MwSt. 7%,1.07,9.158879,0.641121,Normalverkauf
S1000111.42558,SP1000111.26.42558,SY1000111.2026.42558,iPad1(1000111),111,04.06.26 12:40,Prod,A1000111.6651,Tisch 15,114,S1000111.42558,VOID,2,10.9,21.8,0.0,0.0,0.0,0.0,107,Chicken Burger,Hauptgerichte,,MwSt. 7%,1.07,20.373832,1.426168,Normalverkauf
S1000111.42559,SP1000111.26.42559,SY1000111.2026.42559,iPad1(1000111),111,04.06.26 12:40,Prod,A1000111.6651,Tisch 15,114,S1000111.42559,VOID,2,3.9,7.8,0.0,0.0,0.0,0.0,127,Alkoholfreies Bier,Getränke,,MwSt. 19%,1.19,6.554622,1.245378,Normalverkauf
S1000111.42560,SP1000111.26.42560,SY1000111.2026.42560,iPad1(1000111),111,04.06.26 12:40,Prod,A1000111.6651,Tisch 15,114,S1000111.42560,VOID,2,5.9,11.8,0.0,0.0,0.0,0.0,123,Inger-Limonade,Getränke,,MwSt. 19%,1.19,9.915966,1.884034,Normalverkauf
S1000111.42561,SP1000111.26.42561,SY1000111.2026.42561,iPad1(1000111),111,04.06.26 20:19,Prod,A1000111.6652,Tisch 1,107,S1000111.42561,VOID,2,11.9,23.8,0.0,0.0,0.0,0.0,110,Matjes-Baguette,Hauptgerichte,,MwSt. 7%,1.07,22.242991,1.557009,Normalverkauf
S1000111.42562,SP1000111.26.42562,SY1000111.2026.42562,iPad1(1000111),111,04.06.26 20:19,Prod,A1000111.6652,Tisch 1,107,S1000111.42562,VOID,2,3.2,6.4,0.0,0.0,0.0,0.0,120,Apfelschorle,Getränke,,MwSt. 19%,1.19,5.378151,1.021849,Normalverkauf
S1000111.42563,SP1000111.26.42563,SY1000111.2026.42563,iPad1(1000111),111,04.06.26 09:08,Prod,A1000111.6653,Tisch 12,107,S1000111.42563,VOID,2,3.9,7.8,0.0,0.0,0.0,0.0,119,Cola,Getränke,,MwSt. 19%,1.19,6.554622,1.245378,Normalverkauf
S1000111.42564,SP1000111.26.42564,SY1000111.2026.42564,iPad1(1000111),111,04.06.26 09:08,Prod,A1000111.6653,Tisch 12,107,S1000111.42564,VOID,2,2.8,5.6,0.0,0.0,0.0,0.0,121,Mineralwasser,Getränke,,MwSt. 19%,1.19,4.705882,0.894118,Normalverkauf
S1000111.42565,SP1000111.26.42565,SY1000111.2026.42565,iPad1(1000111),111,04.06.26 10:27,Prod,A1000111.6654,,114,S1000111.42565,SALE,1,5.5,5.5,0.0,0.0,0.0,0.0,111,Pommes Frites,Beilagen,,MwSt. 7%,1.07,5.140187,0.359813,Normalverkauf
S1000111.42566,SP1000111.26.42566,SY1000111.2026.42566,iPad1(1000111),111,04.06.26 19:37,Prod,A1000111.6655,Tisch 19,117,S1000111.42566,VOID,2,10.9,21.8,0.0,0.0,0.0,0.0,109,Bismarck-Baguette,Hauptgerichte,,MwSt. 7%,1.07,20.373832,1.426168,Normalverkauf
S1000111.42567,SP1000111.26.42567,SY1000111.2026.42567,iPad1(1000111),111,04.06.26 13:12,Prod,A1000111.6656,Tisch 9,115,S1000111.42567,SALE,2,3.9,7.8,0.0,0.0,0.0,0.0,126,Spezi,Getränke,,MwSt. 19%,1.19,6.554622,1.245378,Normalverkauf
S1000111.42568,SP1000111.26.42568,SY1000111.2026.42568,iPad1(1000111),111,04.06.26 13:12,Prod,A1000111.6656,Tisch 9,115,S1000111.42568,SALE,1,3.9,3.9,0.0,0.0,0.0,0.0,119,Cola,Getränke,,MwSt. 19%,1.19,3.277311,0.622689,Normalverkauf
S1000111.42569,SP1000111.26.42569,SY1000111.2026.42569,iPad1(1000111),111,04.06.26 17:22,Prod,A1000111.6657,,107,S1000111.42569,SALE,1,6.9,6.9,0.0,0.0,0.0,0.0,103,Fischbrötchen Räucherlachs,Hauptspeisen,,MwSt. 7%,1.07,6.448598,0.451402,Normalverkauf
S1000111.42570,SP1000111.26.42570,SY1000111.2026.42570,iPad1(1000111),111,04.06.26 17:22,Prod,A1000111.6657,,107,S1000111.42570,SALE,2,3.9,7.8,0.0,0.0,0.0,0.0,124,Cola Zero,Getränke,,MwSt. 19%,1.19,6.554622,1.245378,Normalverkauf
S1000111.42571,SP1000111.26.42571,SY1000111.2026.42571,iPad1(1000111),111,04.06.26 17:22,Prod,A1000111.6657,,107,S1000111.42571,SALE,1,3.9,3.9,0.0,0.0,0.0,0.0,126,Spezi,Getränke,,MwSt. 19%,1.19,3.277311,0.622689,Normalverkauf
S1000111.42572,SP1000111.26.42572,SY1000111.2026.42572,iPad1(1000111),111,04.06.26 08:38,Prod,A1000111.6658,Tisch 21,118,S1000111.42572,SALE,1,5.5,5.5,0.0,0.0,0.0,0.0,111,Pommes Frites,Beilagen,,MwSt. 7%,1.07,5.140187,0.359813,Normalverkauf
S1000111.42573,SP1000111.26.42573,SY1000111.2026.42573,iPad1(1000111),111,04.06.26 08:38,Prod,A1000111.6658,Tisch 21,118,S1000111.42573,SALE,1,10.9,10.9,0.0,0.0,0.0,0.0,107,Chicken Burger,Hauptgerichte,,MwSt. 7%,1.07,10.186916,0.713084,Normalverkauf
S1000111.42574,SP1000111.26.42574,SY1000111.2026.42574,iPad1(1000111),111,04.06.26 08:38,Prod,A1000111.6658,Tisch 21,118,S1000111.42574,SALE,1,10.9,10.9,0.0,0.0,0.0,0.0,107,Chicken Burger,Hauptgerichte,,MwSt. 7%,1.07,10.186916,0.713084,Normalverkauf
S1000111.42575,SP1000111.26.42575,SY1000111.2026.42575,iPad1(1000111),111,05.06.26 12:30,Prod,A1000111.6659,Tisch 16,101,S1000111.42575,SALE,2,3.9,7.8,0.0,0.0,0.0,0.0,124,Cola Zero,Getränke,,MwSt. 19%,1.19,6.554622,1.245378,Normalverkauf
S1000111.42576,SP1000111.26.42576,SY1000111.2026.42576,iPad1(1000111),111,05.06.26 12:30,Prod,A1000111.6659,Tisch 16,101,S1000111.42576,SALE,1,3.2,3.2,0.0,0.0,0.0,0.0,120,Apfelschorle,Getränke,,MwSt. 19%,1.19,2.689076,0.510924,Normalverkauf
S1000111.42577,SP1000111.26.42577,SY1000111.2026.42577,iPad1(1000111),111,05.06.26 12:30,Prod,A1000111.6659,Tisch 16,101,S1000111.42577,SALE,1,4.2,4.2,0.0,0.0,0.0,0.0,122,Bier,Getränke,,MwSt. 19%,1.19,3.529412,0.670588,Normalverkauf
S1000111.42578,SP1000111.26.42578,SY1000111.2026.42578,iPad1(1000111),111,05.06.26 20:12,Prod,A1000111.6660,Tisch 10,115,S1000111.42578,SALE,1,6.9,6.9,0.0,0.0,0.0,0.0,113,Garnelen Box,Beilagen,,MwSt. 7%,1.07,6.448598,0.451402,Normalverkauf
S1000111.42579,SP1000111.26.42579,SY1000111.2026.42579,iPad1(1000111),111,05.06.26 20:12,Prod,A1000111.6660,Tisch 10,115,S1000111.42579,SALE,2,3.9,7.8,0.0,0.0,0.0,0.0,126,Spezi,Getränke,,MwSt. 19%,1.19,6.554622,1.245378,Normalverkauf
S1000111.42580,SP1000111.26.42580,SY1000111.2026.42580,iPad1(1000111),111,05.06.26 12:16,Prod,A1000111.6661,Tisch 20,115,S1000111.42580,SALE,2,6.9,13.8,0.0,0.0,0.0,0.0,113,Garnelen Box,Beilagen,,MwSt. 7%,1.07,12.897196,0.902804,Normalverkauf
S1000111.42581,SP1000111.26.42581,SY1000111.2026.42581,iPad1(1000111),111,05.06.26 12:16,Prod,A1000111.6661,Tisch 20,115,S1000111.42581,SALE,1,6.5,6.5,0.0,0.0,0.0,0.0,100,Fischbrötchen Backfisch,Hauptspeisen,,MwSt. 7%,1.07,6.074766,0.425234,Normalverkauf
S1000111.42582,SP1000111.26.42582,SY1000111.2026.42582,iPad1(1000111),111,05.06.26 12:16,Prod,A1000111.6661,Tisch 20,115,S1000111.42582,SALE,2,2.8,5.6,0.0,0.0,0.0,0.0,121,Mineralwasser,Getränke,,MwSt. 19%,1.19,4.705882,0.894118,Normalverkauf
S1000111.42583,SP1000111.26.42583,SY1000111.2026.42583,iPad1(1000111),111,05.06.26 20:38,Prod,A1000111.6662,Tisch 21,107,S1000111.42583,SALE,2,10.9,21.8,0.0,0.0,0.0,0.0,107,Chicken Burger,Hauptgerichte,,MwSt. 7%,1.07,20.373832,1.426168,Normalverkauf
S1000111.42584,SP1000111.26.42584,SY1000111.2026.42584,iPad1(1000111),111,05.06.26 18:58,Prod,A1000111.6663,Tisch 15,115,S1000111.42584,SALE,2,9.8,19.6,0.0,0.0,0.0,0.0,108,Seelachs-Ei-Baugette,Hauptgerichte,,MwSt. 7%,1.07,18.317757,1.282243,Normalverkauf
S1000111.42585,SP1000111.26.42585,SY1000111.2026.42585,iPad1(1000111),111,05.06.26 18:58,Prod,A1000111.6663,Tisch 15,115,S1000111.42585,SALE,1,3.9,3.9,0.0,0.0,0.0,0.0,119,Cola,Getränke,,MwSt. 19%,1.19,3.277311,0.622689,Normalverkauf
S1000111.42586,SP1000111.26.42586,SY1000111.2026.42586,iPad1(1000111),111,05.06.26 18:58,Prod,A1000111.6663,Tisch 15,115,S1000111.42586,SALE,2,5.5,11.0,0.0,0.0,0.0,0.0,111,Pommes Frites,Beilagen,,MwSt. 7%,1.07,10.280374,0.719626,Normalverkauf
S1000111.42587,SP1000111.26.42587,SY1000111.2026.42587,iPad1(1000111),111,05.06.26 08:32,Prod,A1000111.6664,Tisch 8,101,S1000111.42587,SALE,1,4.2,4.2,0.0,0.0,0.0,0.0,122,Bier,Getränke,,MwSt. 19%,1.19,3.529412,0.670588,Normalverkauf
S1000111.42588,SP1000111.26.42588,SY1000111.2026.42588,iPad1(1000111),111,05.06.26 08:32,Prod,A1000111.6664,Tisch 8,101,S1000111.42588,SALE,1,6.9,6.9,0.0,0.0,0.0,0.0,103,Fischbrötchen Räucherlachs,Hauptspeisen,,MwSt. 7%,1.07,6.448598,0.451402,Normalverkauf
S1000111.42589,SP1000111.26.42589,SY1000111.2026.42589,iPad1(1000111),111,05.06.26 08:32,Prod,A1000111.6664,Tisch 8,101,S1000111.42589,SALE,2,7.9,15.8,0.0,0.0,0.0,0.0,106,Neptun-Ringe,Beilagen,,MwSt. 7%,1.07,14.766355,1.033645,Normalverkauf
S1000111.42590,SP1000111.26.42590,SY1000111.2026.42590,iPad1(1000111),111,05.06.26 19:56,Prod,A1000111.6665,Tisch 16,118,S1000111.42590,VOID,2,10.9,21.8,0.0,0.0,0.0,0.0,107,Chicken Burger,Hauptgerichte,,MwSt. 7%,1.07,20.373832,1.426168,Normalverkauf
S1000111.42591,SP1000111.26.42591,SY1000111.2026.42591,iPad1(1000111),111,05.06.26 19:56,Prod,A1000111.6665,Tisch 16,118,S1000111.42591,VOID,2,6.9,13.8,0.0,0.0,0.0,0.0,103,Fischbrötchen Räucherlachs,Hauptspeisen,,MwSt. 7%,1.07,12.897196,0.902804,Normalverkauf
S1000111.42592,SP1000111.26.42592,SY1000111.2026.42592,iPad1(1000111),111,05.06.26 13:40,Prod,A1000111.6666,Tisch 19,119,S1000111.42592,SALE,1,3.9,3.9,0.0,0.0,0.0,0.0,119,Cola,Getränke,,MwSt. 19%,1.19,3.277311,0.622689,Normalverkauf
S1000111.42593,SP1000111.26.42593,SY1000111.2026.42593,iPad1(1000111),111,05.06.26 13:40,Prod,A1000111.6666,Tisch 19,119,S1000111.42593,SALE,2,10.9,21.8,0.0,0.0,0.0,0.0,104,Thunfisch Wrap,Hauptgerichte,,MwSt. 7%,1.07,20.373832,1.426168,Normalverkauf
S1000111.42594,SP1000111.26.42594,SY1000111.2026.42594,iPad1(1000111),111,05.06.26 13:40,Prod,A1000111.6666,Tisch 19,119,S1000111.42594,SALE,1,6.9,6.9,0.0,0.0,0.0,0.0,113,Garnelen Box,Beilagen,,MwSt. 7%,1.07,6.448598,0.451402,Normalverkauf
S1000111.42595,SP1000111.26.42595,SY1000111.2026.42595,iPad1(1000111),111,05.06.26 18:06,Prod,A1000111.6667,Tisch 22,115,S1000111.42595,SALE,1,5.5,5.5,0.0,0.0,0.0,0.0,111,Pommes Frites,Beilagen,,MwSt. 7%,1.07,5.140187,0.359813,Normalverkauf
S1000111.42596,SP1000111.26.42596,SY1000111.2026.42596,iPad1(1000111),111,05.06.26 18:06,Prod,A1000111.6667,Tisch 22,115,S1000111.42596,SALE,1,6.9,6.9,0.0,0.0,0.0,0.0,103,Fischbrötchen Räucherlachs,Hauptspeisen,,MwSt. 7%,1.07,6.448598,0.451402,Normalverkauf
S1000111.42597,SP1000111.26.42597,SY1000111.2026.42597,iPad1(1000111),111,05.06.26 18:06,Prod,A1000111.6667,Tisch 22,115,S1000111.42597,SALE,1,5.9,5.9,0.0,0.0,0.0,0.0,125,Zitronen-Limonade,Getränke,,MwSt. 19%,1.19,4.957983,0.942017,Normalverkauf
S1000111.42598,SP1000111.26.42598,SY1000111.2026.42598,iPad1(1000111),111,05.06.26 18:04,Prod,A1000111.6668,Tisch 6,101,S1000111.42598,SALE,1,4.9,4.9,0.0,0.0,0.0,0.0,112,Kartoffelwedges,Beilagen,,MwSt. 7%,1.07,4.579439,0.320561,Normalverkauf
S1000111.42599,SP1000111.26.42599,SY1000111.2026.42599,iPad1(1000111),111,05.06.26 18:04,Prod,A1000111.6668,Tisch 6,101,S1000111.42599,SALE,2,11.9,23.8,0.0,0.0,0.0,0.0,110,Matjes-Baguette,Hauptgerichte,,MwSt. 7%,1.07,22.242991,1.557009,Normalverkauf
S1000111.42600,SP1000111.26.42600,SY1000111.2026.42600,iPad1(1000111),111,05.06.26 18:04,Prod,A1000111.6668,Tisch 6,101,S1000111.42600,SALE,1,2.8,2.8,0.0,0.0,0.0,0.0,121,Mineralwasser,Getränke,,MwSt. 19%,1.19,2.352941,0.447059,Normalverkauf
S1000111.42601,SP1000111.26.42601,SY1000111.2026.42601,iPad1(1000111),111,05.06.26 11:56,Prod,A1000111.6669,Tisch 12,114,S1000111.42601,SALE,2,4.9,9.8,0.0,0.0,0.0,0.0,112,Kartoffelwedges,Beilagen,,MwSt. 7%,1.07,9.158879,0.641121,Normalverkauf
S1000111.42602,SP1000111.26.42602,SY1000111.2026.42602,iPad1(1000111),111,05.06.26 11:56,Prod,A1000111.6669,Tisch 12,114,S1000111.42602,SALE,2,9.8,19.6,0.0,0.0,0.0,0.0,108,Seelachs-Ei-Baugette,Hauptgerichte,,MwSt. 7%,1.07,18.317757,1.282243,Normalverkauf
S1000111.42603,SP1000111.26.42603,SY1000111.2026.42603,iPad1(1000111),111,05.06.26 16:06,Prod,A1000111.6670,Tisch 19,115,S1000111.42603,SALE,2,3.2,6.4,0.0,0.0,0.0,0.0,120,Apfelschorle,Getränke,,MwSt. 19%,1.19,5.378151,1.021849,Normalverkauf
S1000111.42604,SP1000111.26.42604,SY1000111.2026.42604,iPad1(1000111),111,05.06.26 16:30,Prod,A1000111.6671,Tisch 9,119,S1000111.42604,SALE,1,6.9,6.9,0.0,0.0,0.0,0.0,113,Garnelen Box,Beilagen,,MwSt. 7%,1.07,6.448598,0.451402,Normalverkauf
S1000111.42605,SP1000111.26.42605,SY1000111.2026.42605,iPad1(1000111),111,05.06.26 16:30,Prod,A1000111.6671,Tisch 9,119,S1000111.42605,SALE,1,10.9,10.9,0.0,0.0,0.0,0.0,104,Thunfisch Wrap,Hauptgerichte,,MwSt. 7%,1.07,10.186916,0.713084,Normalverkauf
S1000111.42606,SP1000111.26.42606,SY1000111.2026.42606,iPad1(1000111),111,05.06.26 10:52,Prod,A1000111.6672,Tisch 6,101,S1000111.42606,VOID,1,4.2,4.2,0.0,0.0,0.0,0.0,122,Bier,Getränke,,MwSt. 19%,1.19,3.529412,0.670588,Normalverkauf
S1000111.42607,SP1000111.26.42607,SY1000111.2026.42607,iPad1(1000111),111,05.06.26 13:43,Prod,A1000111.6673,,117,S1000111.42607,SALE,1,7.9,7.9,0.0,0.0,0.0,0.0,115,Tiramisu,Desserts,,MwSt. 7%,1.07,7.383178,0.516822,Normalverkauf
S1000111.42608,SP1000111.26.42608,SY1000111.2026.42608,iPad1(1000111),111,05.06.26 13:43,Prod,A1000111.6673,,117,S1000111.42608,SALE,1,2.8,2.8,0.0,0.0,0.0,0.0,121,Mineralwasser,Getränke,,MwSt. 19%,1.19,2.352941,0.447059,Normalverkauf
S1000111.42609,SP1000111.26.42609,SY1000111.2026.42609,iPad1(1000111),111,05.06.26 16:51,Prod,A1000111.6674,Tisch 14,114,S1000111.42609,SALE,2,4.2,8.4,0.0,0.0,0.0,0.0,122,Bier,Getränke,,MwSt. 19%,1.19,7.058824,1.341176,Normalverkauf
S1000111.42610,SP1000111.26.42610,SY1000111.2026.42610,iPad1(1000111),111,05.06.26 16:51,Prod,A1000111.6674,Tisch 14,114,S1000111.42610,SALE,1,14.5,14.5,0.0,0.0,0.0,0.0,101,Lachs,Hauptspeisen,,MwSt. 7%,1.07,13.551402,0.948598,Normalverkauf
S1000111.42611,SP1000111.26.42611,SY1000111.2026.42611,iPad1(1000111),111,05.06.26 16:51,Prod,A1000111.6674,Tisch 14,114,S1000111.42611,SALE,1,9.8,9.8,0.0,0.0,0.0,0.0,108,Seelachs-Ei-Baugette,Hauptgerichte,,MwSt. 7%,1.07,9.158879,0.641121,Normalverkauf
S1000111.42612,SP1000111.26.42612,SY1000111.2026.42612,iPad1(1000111),111,05.06.26 11:17,Prod,A1000111.6675,Tisch 21,101,S1000111.42612,SALE,2,10.9,21.8,0.0,0.0,0.0,0.0,104,Thunfisch Wrap,Hauptgerichte,,MwSt. 7%,1.07,20.373832,1.426168,Normalverkauf
S1000111.42613,SP1000111.26.42613,SY1000111.2026.42613,iPad1(1000111),111,05.06.26 11:17,Prod,A1000111.6675,Tisch 21,101,S1000111.42613,SALE,1,3.9,3.9,0.0,0.0,0.0,0.0,119,Cola,Getränke,,MwSt. 19%,1.19,3.277311,0.622689,Normalverkauf
S1000111.42614,SP1000111.26.42614,SY1000111.2026.42614,iPad1(1000111),111,05.06.26 11:17,Prod,A1000111.6675,Tisch 21,101,S1000111.42614,SALE,1,10.9,10.9,0.0,0.0,0.0,0.0,104,Thunfisch Wrap,Hauptgerichte,,MwSt. 7%,1.07,10.186916,0.713084,Normalverkauf
S1000111.42615,SP1000111.26.42615,SY1000111.2026.42615,iPad1(1000111),111,05.06.26 17:21,Prod,A1000111.6676,Tisch 10,114,S1000111.42615,SALE,2,7.9,15.8,0.0,0.0,0.0,0.0,106,Neptun-Ringe,Beilagen,,MwSt. 7%,1.07,14.766355,1.033645,Normalverkauf
S1000111.42616,SP1000111.26.42616,SY1000111.2026.42616,iPad1(1000111),111,05.06.26 18:07,Prod,A1000111.6677,Tisch 7,117,S1000111.42616,SALE,1,11.5,11.5,0.0,0.0,0.0,0.0,105,Garnelen-Kimchi-Bruger,Hauptgerichte,,MwSt. 7%,1.07,10.747664,0.752336,Normalverkauf
S1000111.42617,SP1000111.26.42617,SY1000111.2026.42617,iPad1(1000111),111,05.06.26 19:32,Prod,A1000111.6678,,118,S1000111.42617,SALE,2,10.9,21.8,0.0,0.0,0.0,0.0,104,Thunfisch Wrap,Hauptgerichte,,MwSt. 7%,1.07,20.373832,1.426168,Normalverkauf
S1000111.42618,SP1000111.26.42618,SY1000111.2026.42618,iPad1(1000111),111,05.06.26 17:54,Prod,A1000111.6679,Tisch 24,115,S1000111.42618,SALE,2,4.2,8.4,0.0,0.0,0.0,0.0,122,Bier,Getränke,,MwSt. 19%,1.19,7.058824,1.341176,Normalverkauf
S1000111.42619,SP1000111.26.42619,SY1000111.2026.42619,iPad1(1000111),111,05.06.26 12:04,Prod,A1000111.6680,,117,S1000111.42619,SALE,1,4.2,4.2,0.0,0.0,0.0,0.0,122,Bier,Getränke,,MwSt. 19%,1.19,3.529412,0.670588,Normalverkauf
S1000111.42620,SP1000111.26.42620,SY1000111.2026.42620,iPad1(1000111),111,05.06.26 12:04,Prod,A1000111.6680,,117,S1000111.42620,SALE,2,3.9,7.8,0.0,0.0,0.0,0.0,119,Cola,Getränke,,MwSt. 19%,1.19,6.554622,1.245378,Normalverkauf
S1000111.42621,SP1000111.26.42621,SY1000111.2026.42621,iPad1(1000111),111,05.06.26 18:08,Prod,A1000111.6681,Tisch 10,117,S1000111.42621,SALE,1,10.9,10.9,0.0,0.0,0.0,0.0,107,Chicken Burger,Hauptgerichte,,MwSt. 7%,1.07,10.186916,0.713084,Normalverkauf
S1000111.42622,SP1000111.26.42622,SY1000111.2026.42622,iPad1(1000111),111,05.06.26 12:41,Prod,A1000111.6682,Tisch 7,107,S1000111.42622,SALE,2,7.9,15.8,0.0,0.0,0.0,0.0,115,Tiramisu,Desserts,,MwSt. 7%,1.07,14.766355,1.033645,Normalverkauf
S1000111.42623,SP1000111.26.42623,SY1000111.2026.42623,iPad1(1000111),111,05.06.26 12:41,Prod,A1000111.6682,Tisch 7,107,S1000111.42623,SALE,1,10.9,10.9,0.0,0.0,0.0,0.0,107,Chicken Burger,Hauptgerichte,,MwSt. 7%,1.07,10.186916,0.713084,Normalverkauf
S1000111.42624,SP1000111.26.42624,SY1000111.2026.42624,iPad1(1000111),111,05.06.26 12:34,Prod,A1000111.6683,Tisch 13,118,S1000111.42624,SALE,1,11.9,11.9,0.0,0.0,0.0,0.0,110,Matjes-Baguette,Hauptgerichte,,MwSt. 7%,1.07,11.121495,0.778505,Normalverkauf
S1000111.42625,SP1000111.26.42625,SY1000111.2026.42625,iPad1(1000111),111,05.06.26 12:34,Prod,A1000111.6683,Tisch 13,118,S1000111.42625,SALE,2,5.9,11.8,0.0,0.0,0.0,0.0,116,Vanillequark,Desserts,,MwSt. 7%,1.07,11.028037,0.771963,Normalverkauf
S1000111.42626,SP1000111.26.42626,SY1000111.2026.42626,iPad1(1000111),111,05.06.26 11:58,Prod,A1000111.6684,Tisch 1,115,S1000111.42626,VOID,2,5.9,11.8,0.0,0.0,0.0,0.0,116,Vanillequark,Desserts,,MwSt. 7%,1.07,11.028037,0.771963,Normalverkauf
S1000111.42627,SP1000111.26.42627,SY1000111.2026.42627,iPad1(1000111),111,05.06.26 15:03,Prod,A1000111.6685,Tisch 12,119,S1000111.42627,SALE,2,10.9,21.8,0.0,0.0,0.0,0.0,107,Chicken Burger,Hauptgerichte,,MwSt. 7%,1.07,20.373832,1.426168,Normalverkauf
S1000111.42628,SP1000111.26.42628,SY1000111.2026.42628,iPad1(1000111),111,05.06.26 17:51,Prod,A1000111.6686,Tisch 12,115,S1000111.42628,SALE,2,5.5,11.0,0.0,0.0,0.0,0.0,111,Pommes Frites,Beilagen,,MwSt. 7%,1.07,10.280374,0.719626,Normalverkauf
S1000111.42629,SP1000111.26.42629,SY1000111.2026.42629,iPad1(1000111),111,05.06.26 17:51,Prod,A1000111.6686,Tisch 12,115,S1000111.42629,SALE,1,6.9,6.9,0.0,0.0,0.0,0.0,113,Garnelen Box,Beilagen,,MwSt. 7%,1.07,6.448598,0.451402,Normalverkauf
S1000111.42630,SP1000111.26.42630,SY1000111.2026.42630,iPad1(1000111),111,05.06.26 17:51,Prod,A1000111.6686,Tisch 12,115,S1000111.42630,SALE,1,2.8,2.8,0.0,0.0,0.0,0.0,121,Mineralwasser,Getränke,,MwSt. 19%,1.19,2.352941,0.447059,Normalverkauf
S1000111.42631,SP1000111.26.42631,SY1000111.2026.42631,iPad1(1000111),111,05.06.26 20:54,Prod,A1000111.6687,Tisch 17,101,S1000111.42631,SALE,2,3.9,7.8,0.0,0.0,0.0,0.0,119,Cola,Getränke,,MwSt. 19%,1.19,6.554622,1.245378,Normalverkauf
S1000111.42632,SP1000111.26.42632,SY1000111.2026.42632,iPad1(1000111),111,05.06.26 19:31,Prod,A1000111.6688,Tisch 6,118,S1000111.42632,SALE,2,2.8,5.6,0.0,0.0,0.0,0.0,121,Mineralwasser,Getränke,,MwSt. 19%,1.19,4.705882,0.894118,Normalverkauf
S1000111.42633,SP1000111.26.42633,SY1000111.2026.42633,iPad1(1000111),111,05.06.26 19:31,Prod,A1000111.6688,Tisch 6,118,S1000111.42633,SALE,2,6.9,13.8,0.0,0.0,0.0,0.0,103,Fischbrötchen Räucherlachs,Hauptspeisen,,MwSt. 7%,1.07,12.897196,0.902804,Normalverkauf
S1000111.42634,SP1000111.26.42634,SY1000111.2026.42634,iPad1(1000111),111,05.06.26 17:49,Prod,A1000111.6689,Tisch 8,119,S1000111.42634,SALE,1,14.5,14.5,0.0,0.0,0.0,0.0,101,Lachs,Hauptspeisen,,MwSt. 7%,1.07,13.551402,0.948598,Normalverkauf
S1000111.42635,SP1000111.26.42635,SY1000111.2026.42635,iPad1(1000111),111,05.06.26 15:48,Prod,A1000111.6690,Tisch 5,114,S1000111.42635,SALE,1,3.9,3.9,0.0,0.0,0.0,0.0,126,Spezi,Getränke,,MwSt. 19%,1.19,3.277311,0.622689,Normalverkauf
S1000111.42636,SP1000111.26.42636,SY1000111.2026.42636,iPad1(1000111),111,05.06.26 18:41,Prod,A1000111.6691,Tisch 10,101,S1000111.42636,SALE,2,10.9,21.8,0.0,0.0,0.0,0.0,107,Chicken Burger,Hauptgerichte,,MwSt. 7%,1.07,20.373832,1.426168,Normalverkauf
S1000111.42637,SP1000111.26.42637,SY1000111.2026.42637,iPad1(1000111),111,05.06.26 19:09,Prod,A1000111.6692,Tisch 23,101,S1000111.42637,VOID,2,6.9,13.8,0.0,0.0,0.0,0.0,103,Fischbrötchen Räucherlachs,Hauptspeisen,,MwSt. 7%,1.07,12.897196,0.902804,Normalverkauf
S1000111.42638,SP1000111.26.42638,SY1000111.2026.42638,iPad1(1000111),111,05.06.26 19:09,Prod,A1000111.6692,Tisch 23,101,S1000111.42638,VOID,1,3.9,3.9,0.0,0.0,0.0,0.0,126,Spezi,Getränke,,MwSt. 19%,1.19,3.277311,0.622689,Normalverkauf
S1000111.42639,SP1000111.26.42639,SY1000111.2026.42639,iPad1(1000111),111,05.06.26 19:09,Prod,A1000111.6692,Tisch 23,101,S1000111.42639,VOID,2,5.5,11.0,0.0,0.0,0.0,0.0,111,Pommes Frites,Beilagen,,MwSt. 7%,1.07,10.280374,0.719626,Normalverkauf
S1000111.42640,SP1000111.26.42640,SY1000111.2026.42640,iPad1(1000111),111,05.06.26 17:53,Prod,A1000111.6693,Tisch 21,119,S1000111.42640,SALE,2,10.9,21.8,0.0,0.0,0.0,0.0,107,Chicken Burger,Hauptgerichte,,MwSt. 7%,1.07,20.373832,1.426168,Normalverkauf
S1000111.42641,SP1000111.26.42641,SY1000111.2026.42641,iPad1(1000111),111,05.06.26 17:53,Prod,A1000111.6693,Tisch 21,119,S1000111.42641,SALE,2,10.9,21.8,0.0,0.0,0.0,0.0,107,Chicken Burger,Hauptgerichte,,MwSt. 7%,1.07,20.373832,1.426168,Normalverkauf
S1000111.42642,SP1000111.26.42642,SY1000111.2026.42642,iPad1(1000111),111,05.06.26 17:53,Prod,A1000111.6693,Tisch 21,119,S1000111.42642,SALE,1,10.9,10.9,0.0,0.0,0.0,0.0,109,Bismarck-Baguette,Hauptgerichte,,MwSt. 7%,1.07,10.186916,0.713084,Normalverkauf
S1000111.42643,SP1000111.26.42643,SY1000111.2026.42643,iPad1(1000111),111,05.06.26 20:07,Prod,A1000111.6694,Tisch 17,119,S1000111.42643,SALE,1,9.8,9.8,0.0,0.0,0.0,0.0,108,Seelachs-Ei-Baugette,Hauptgerichte,,MwSt. 7%,1.07,9.158879,0.641121,Normalverkauf
S1000111.42644,SP1000111.26.42644,SY1000111.2026.42644,iPad1(1000111),111,05.06.26 20:07,Prod,A1000111.6694,Tisch 17,119,S1000111.42644,SALE,2,5.5,11.0,0.0,0.0,0.0,0.0,114,Fisch Nuggets Box,Beilagen,,MwSt. 7%,1.07,10.280374,0.719626,Normalverkauf
S1000111.42645,SP1000111.26.42645,SY1000111.2026.42645,iPad1(1000111),111,05.06.26 20:07,Prod,A1000111.6694,Tisch 17,119,S1000111.42645,SALE,1,5.5,5.5,0.0,0.0,0.0,0.0,111,Pommes Frites,Beilagen,,MwSt. 7%,1.07,5.140187,0.359813,Normalverkauf
S1000111.42646,SP1000111.26.42646,SY1000111.2026.42646,iPad1(1000111),111,05.06.26 15:46,Prod,A1000111.6695,Tisch 18,114,S1000111.42646,SALE,2,5.9,11.8,0.0,0.0,0.0,0.0,116,Vanillequark,Desserts,,MwSt. 7%,1.07,11.028037,0.771963,Normalverkauf
S1000111.42647,SP1000111.26.42647,SY1000111.2026.42647,iPad1(1000111),111,05.06.26 15:46,Prod,A1000111.6695,Tisch 18,114,S1000111.42647,SALE,2,3.9,7.8,0.0,0.0,0.0,0.0,119,Cola,Getränke,,MwSt. 19%,1.19,6.554622,1.245378,Normalverkauf
S1000111.42648,SP1000111.26.42648,SY1000111.2026.42648,iPad1(1000111),111,05.06.26 15:46,Prod,A1000111.6695,Tisch 18,114,S1000111.42648,SALE,1,4.2,4.2,0.0,0.0,0.0,0.0,122,Bier,Getränke,,MwSt. 19%,1.19,3.529412,0.670588,Normalverkauf
S1000111.42649,SP1000111.26.42649,SY1000111.2026.42649,iPad1(1000111),111,05.06.26 13:07,Prod,A1000111.6696,,117,S1000111.42649,SALE,1,3.9,3.9,0.0,0.0,0.0,0.0,124,Cola Zero,Getränke,,MwSt. 19%,1.19,3.277311,0.622689,Normalverkauf
S1000111.42650,SP1000111.26.42650,SY1000111.2026.42650,iPad1(1000111),111,05.06.26 13:07,Prod,A1000111.6696,,117,S1000111.42650,SALE,1,2.8,2.8,0.0,0.0,0.0,0.0,121,Mineralwasser,Getränke,,MwSt. 19%,1.19,2.352941,0.447059,Normalverkauf
S1000111.42651,SP1000111.26.42651,SY1000111.2026.42651,iPad1(1000111),111,05.06.26 13:07,Prod,A1000111.6696,,117,S1000111.42651,SALE,2,6.5,13.0,0.0,0.0,0.0,0.0,118,Schokokuchen,Desserts,,MwSt. 7%,1.07,12.149533,0.850467,Normalverkauf
S1000111.42652,SP1000111.26.42652,SY1000111.2026.42652,iPad1(1000111),111,05.06.26 15:18,Prod,A1000111.6697,Tisch 8,107,S1000111.42652,SALE,1,2.8,2.8,0.0,0.0,0.0,0.0,121,Mineralwasser,Getränke,,MwSt. 19%,1.19,2.352941,0.447059,Normalverkauf
S1000111.42653,SP1000111.26.42653,SY1000111.2026.42653,iPad1(1000111),111,05.06.26 15:18,Prod,A1000111.6697,Tisch 8,107,S1000111.42653,SALE,1,2.8,2.8,0.0,0.0,0.0,0.0,121,Mineralwasser,Getränke,,MwSt. 19%,1.19,2.352941,0.447059,Normalverkauf
S1000111.42654,SP1000111.26.42654,SY1000111.2026.42654,iPad1(1000111),111,05.06.26 15:24,Prod,A1000111.6698,Tisch 11,115,S1000111.42654,SALE,2,3.9,7.8,0.0,0.0,0.0,0.0,119,Cola,Getränke,,MwSt. 19%,1.19,6.554622,1.245378,Normalverkauf
S1000111.42655,SP1000111.26.42655,SY1000111.2026.42655,iPad1(1000111),111,05.06.26 17:39,Prod,A1000111.6699,Tisch 1,107,S1000111.42655,SALE,1,6.5,6.5,0.0,0.0,0.0,0.0,100,Fischbrötchen Backfisch,Hauptspeisen,,MwSt. 7%,1.07,6.074766,0.425234,Normalverkauf
S1000111.42656,SP1000111.26.42656,SY1000111.2026.42656,iPad1(1000111),111,05.06.26 17:39,Prod,A1000111.6699,Tisch 1,107,S1000111.42656,SALE,1,3.9,3.9,0.0,0.0,0.0,0.0,119,Cola,Getränke,,MwSt. 19%,1.19,3.277311,0.622689,Normalverkauf
S1000111.42657,SP1000111.26.42657,SY1000111.2026.42657,iPad1(1000111),111,05.06.26 09:10,Prod,A1000111.6700,Tisch 6,114,S1000111.42657,SALE,2,5.5,11.0,0.0,0.0,0.0,0.0,111,Pommes Frites,Beilagen,,MwSt. 7%,1.07,10.280374,0.719626,Normalverkauf
S1000111.42658,SP1000111.26.42658,SY1000111.2026.42658,iPad1(1000111),111,05.06.26 09:10,Prod,A1000111.6700,Tisch 6,114,S1000111.42658,SALE,1,13.5,13.5,0.0,0.0,0.0,0.0,102,Matjes,Hauptspeisen,,MwSt. 7%,1.07,12.616822,0.883178,Normalverkauf
S1000111.42659,SP1000111.26.42659,SY1000111.2026.42659,iPad1(1000111),111,05.06.26 12:42,Prod,A1000111.6701,Tisch 22,114,S1000111.42659,SALE,2,4.9,9.8,0.0,0.0,0.0,0.0,112,Kartoffelwedges,Beilagen,,MwSt. 7%,1.07,9.158879,0.641121,Normalverkauf
S1000111.42660,SP1000111.26.42660,SY1000111.2026.42660,iPad1(1000111),111,05.06.26 12:42,Prod,A1000111.6701,Tisch 22,114,S1000111.42660,SALE,2,4.9,9.8,0.0,0.0,0.0,0.0,112,Kartoffelwedges,Beilagen,,MwSt. 7%,1.07,9.158879,0.641121,Normalverkauf
S1000111.42661,SP1000111.26.42661,SY1000111.2026.42661,iPad1(1000111),111,05.06.26 17:18,Prod,A1000111.6702,Tisch 11,117,S1000111.42661,VOID,2,4.9,9.8,0.0,0.0,0.0,0.0,112,Kartoffelwedges,Beilagen,,MwSt. 7%,1.07,9.158879,0.641121,Normalverkauf
S1000111.42662,SP1000111.26.42662,SY1000111.2026.42662,iPad1(1000111),111,05.06.26 11:53,Prod,A1000111.6703,Tisch 11,114,S1000111.42662,VOID,2,5.5,11.0,0.0,0.0,0.0,0.0,111,Pommes Frites,Beilagen,,MwSt. 7%,1.07,10.280374,0.719626,Normalverkauf
S1000111.42663,SP1000111.26.42663,SY1000111.2026.42663,iPad1(1000111),111,05.06.26 11:53,Prod,A1000111.6703,Tisch 11,114,S1000111.42663,VOID,2,4.2,8.4,0.0,0.0,0.0,0.0,122,Bier,Getränke,,MwSt. 19%,1.19,7.058824,1.341176,Normalverkauf
S1000111.42664,SP1000111.26.42664,SY1000111.2026.42664,iPad1(1000111),111,05.06.26 12:11,Prod,A1000111.6704,Tisch 14,114,S1000111.42664,SALE,1,13.5,13.5,0.0,0.0,0.0,0.0,102,Matjes,Hauptspeisen,,MwSt. 7%,1.07,12.616822,0.883178,Normalverkauf
S1000111.42665,SP1000111.26.42665,SY1000111.2026.42665,iPad1(1000111),111,05.06.26 12:11,Prod,A1000111.6704,Tisch 14,114,S1000111.42665,SALE,1,7.9,7.9,0.0,0.0,0.0,0.0,115,Tiramisu,Desserts,,MwSt. 7%,1.07,7.383178,0.516822,Normalverkauf
S1000111.42666,SP1000111.26.42666,SY1000111.2026.42666,iPad1(1000111),111,05.06.26 12:36,Prod,A1000111.6705,Tisch 8,107,S1000111.42666,SALE,2,4.2,8.4,0.0,0.0,0.0,0.0,122,Bier,Getränke,,MwSt. 19%,1.19,7.058824,1.341176,Normalverkauf
S1000111.42667,SP1000111.26.42667,SY1000111.2026.42667,iPad1(1000111),111,05.06.26 12:36,Prod,A1000111.6705,Tisch 8,107,S1000111.42667,SALE,2,3.9,7.8,0.0,0.0,0.0,0.0,127,Alkoholfreies Bier,Getränke,,MwSt. 19%,1.19,6.554622,1.245378,Normalverkauf
S1000111.42668,SP1000111.26.42668,SY1000111.2026.42668,iPad1(1000111),111,05.06.26 12:36,Prod,A1000111.6705,Tisch 8,107,S1000111.42668,SALE,1,10.9,10.9,0.0,0.0,0.0,0.0,109,Bismarck-Baguette,Hauptgerichte,,MwSt. 7%,1.07,10.186916,0.713084,Normalverkauf
S1000111.42669,SP1000111.26.42669,SY1000111.2026.42669,iPad1(1000111),111,05.06.26 18:14,Prod,A1000111.6706,Tisch 5,119,S1000111.42669,SALE,2,10.9,21.8,0.0,0.0,0.0,0.0,107,Chicken Burger,Hauptgerichte,,MwSt. 7%,1.07,20.373832,1.426168,Normalverkauf
S1000111.42670,SP1000111.26.42670,SY1000111.2026.42670,iPad1(1000111),111,05.06.26 11:04,Prod,A1000111.6707,Tisch 20,117,S1000111.42670,SALE,2,5.5,11.0,0.0,0.0,0.0,0.0,111,Pommes Frites,Beilagen,,MwSt. 7%,1.07,10.280374,0.719626,Normalverkauf
S1000111.42671,SP1000111.26.42671,SY1000111.2026.42671,iPad1(1000111),111,05.06.26 15:31,Prod,A1000111.6708,Tisch 6,117,S1000111.42671,SALE,2,5.5,11.0,0.0,0.0,0.0,0.0,111,Pommes Frites,Beilagen,,MwSt. 7%,1.07,10.280374,0.719626,Normalverkauf
S1000111.42672,SP1000111.26.42672,SY1000111.2026.42672,iPad1(1000111),111,05.06.26 19:40,Prod,A1000111.6709,Tisch 20,107,S1000111.42672,SALE,2,4.9,9.8,0.0,0.0,0.0,0.0,112,Kartoffelwedges,Beilagen,,MwSt. 7%,1.07,9.158879,0.641121,Normalverkauf
S1000111.42673,SP1000111.26.42673,SY1000111.2026.42673,iPad1(1000111),111,05.06.26 19:40,Prod,A1000111.6709,Tisch 20,107,S1000111.42673,SALE,2,10.9,21.8,0.0,0.0,0.0,0.0,109,Bismarck-Baguette,Hauptgerichte,,MwSt. 7%,1.07,20.373832,1.426168,Normalverkauf
S1000111.42674,SP1000111.26.42674,SY1000111.2026.42674,iPad1(1000111),111,05.06.26 19:40,Prod,A1000111.6709,Tisch 20,107,S1000111.42674,SALE,2,5.9,11.8,0.0,0.0,0.0,0.0,117,Rote Grütze,Desserts,,MwSt. 7%,1.07,11.028037,0.771963,Normalverkauf
S1000111.42675,SP1000111.26.42675,SY1000111.2026.42675,iPad1(1000111),111,05.06.26 15:26,Prod,A1000111.6710,Tisch 13,115,S1000111.42675,SALE,1,3.9,3.9,0.0,0.0,0.0,0.0,124,Cola Zero,Getränke,,MwSt. 19%,1.19,3.277311,0.622689,Normalverkauf
S1000111.42676,SP1000111.26.42676,SY1000111.2026.42676,iPad1(1000111),111,05.06.26 15:26,Prod,A1000111.6710,Tisch 13,115,S1000111.42676,SALE,2,11.5,23.0,0.0,0.0,0.0,0.0,105,Garnelen-Kimchi-Bruger,Hauptgerichte,,MwSt. 7%,1.07,21.495327,1.504673,Normalverkauf
S1000111.42677,SP1000111.26.42677,SY1000111.2026.42677,iPad1(1000111),111,05.06.26 15:26,Prod,A1000111.6710,Tisch 13,115,S1000111.42677,SALE,2,10.9,21.8,0.0,0.0,0.0,0.0,104,Thunfisch Wrap,Hauptgerichte,,MwSt. 7%,1.07,20.373832,1.426168,Normalverkauf
S1000111.42678,SP1000111.26.42678,SY1000111.2026.42678,iPad1(1000111),111,05.06.26 13:38,Prod,A1000111.6711,Tisch 6,117,S1000111.42678,VOID,1,11.9,11.9,0.0,0.0,0.0,0.0,110,Matjes-Baguette,Hauptgerichte,,MwSt. 7%,1.07,11.121495,0.778505,Normalverkauf
S1000111.42679,SP1000111.26.42679,SY1000111.2026.42679,iPad1(1000111),111,05.06.26 13:38,Prod,A1000111.6711,Tisch 6,117,S1000111.42679,VOID,2,9.8,19.6,0.0,0.0,0.0,0.0,108,Seelachs-Ei-Baugette,Hauptgerichte,,MwSt. 7%,1.07,18.317757,1.282243,Normalverkauf
S1000111.42680,SP1000111.26.42680,SY1000111.2026.42680,iPad1(1000111),111,05.06.26 13:38,Prod,A1000111.6711,Tisch 6,117,S1000111.42680,VOID,2,13.5,27.0,0.0,0.0,0.0,0.0,102,Matjes,Hauptspeisen,,MwSt. 7%,1.07,25.233645,1.766355,Normalverkauf
S1000111.42681,SP1000111.26.42681,SY1000111.2026.42681,iPad1(1000111),111,05.06.26 11:47,Prod,A1000111.6712,Tisch 12,119,S1000111.42681,VOID,1,4.2,4.2,0.0,0.0,0.0,0.0,122,Bier,Getränke,,MwSt. 19%,1.19,3.529412,0.670588,Normalverkauf
S1000111.42682,SP1000111.26.42682,SY1000111.2026.42682,iPad1(1000111),111,05.06.26 11:47,Prod,A1000111.6712,Tisch 12,119,S1000111.42682,VOID,1,9.8,9.8,0.0,0.0,0.0,0.0,108,Seelachs-Ei-Baugette,Hauptgerichte,,MwSt. 7%,1.07,9.158879,0.641121,Normalverkauf
S1000111.42683,SP1000111.26.42683,SY1000111.2026.42683,iPad1(1000111),111,05.06.26 10:50,Prod,A1000111.6713,Tisch 22,115,S1000111.42683,SALE,1,3.9,3.9,0.0,0.0,0.0,0.0,124,Cola Zero,Getränke,,MwSt. 19%,1.19,3.277311,0.622689,Normalverkauf
S1000111.42684,SP1000111.26.42684,SY1000111.2026.42684,iPad1(1000111),111,05.06.26 10:50,Prod,A1000111.6713,Tisch 22,115,S1000111.42684,SALE,1,10.9,10.9,0.0,0.0,0.0,0.0,109,Bismarck-Baguette,Hauptgerichte,,MwSt. 7%,1.07,10.186916,0.713084,Normalverkauf
S1000111.42685,SP1000111.26.42685,SY1000111.2026.42685,iPad1(1000111),111,05.06.26 20:17,Prod,A1000111.6714,Tisch 15,117,S1000111.42685,SALE,1,3.2,3.2,0.0,0.0,0.0,0.0,120,Apfelschorle,Getränke,,MwSt. 19%,1.19,2.689076,0.510924,Normalverkauf
S1000111.42686,SP1000111.26.42686,SY1000111.2026.42686,iPad1(1000111),111,05.06.26 11:10,Prod,A1000111.6715,Tisch 8,101,S1000111.42686,SALE,2,11.9,23.8,0.0,0.0,0.0,0.0,110,Matjes-Baguette,Hauptgerichte,,MwSt. 7%,1.07,22.242991,1.557009,Normalverkauf
S1000111.42687,SP1000111.26.42687,SY1000111.2026.42687,iPad1(1000111),111,05.06.26 18:36,Prod,A1000111.6716,Tisch 3,115,S1000111.42687,SALE,2,5.5,11.0,0.0,0.0,0.0,0.0,111,Pommes Frites,Beilagen,,MwSt. 7%,1.07,10.280374,0.719626,Normalverkauf
S1000111.42688,SP1000111.26.42688,SY1000111.2026.42688,iPad1(1000111),111,05.06.26 16:44,Prod,A1000111.6717,Tisch 13,101,S1000111.42688,SALE,1,9.8,9.8,0.0,0.0,0.0,0.0,108,Seelachs-Ei-Baugette,Hauptgerichte,,MwSt. 7%,1.07,9.158879,0.641121,Normalverkauf
S1000111.42689,SP1000111.26.42689,SY1000111.2026.42689,iPad1(1000111),111,05.06.26 16:44,Prod,A1000111.6717,Tisch 13,101,S1000111.42689,SALE,1,9.8,9.8,0.0,0.0,0.0,0.0,108,Seelachs-Ei-Baugette,Hauptgerichte,,MwSt. 7%,1.07,9.158879,0.641121,Normalverkauf
S1000111.42690,SP1000111.26.42690,SY1000111.2026.42690,iPad1(1000111),111,05.06.26 16:44,Prod,A1000111.6717,Tisch 13,101,S1000111.42690,SALE,2,6.5,13.0,0.0,0.0,0.0,0.0,100,Fischbrötchen Backfisch,Hauptspeisen,,MwSt. 7%,1.07,12.149533,0.850467,Normalverkauf
S1000111.42691,SP1000111.26.42691,SY1000111.2026.42691,iPad1(1000111),111,05.06.26 19:44,Prod,A1000111.6718,Tisch 11,107,S1000111.42691,SALE,1,3.9,3.9,0.0,0.0,0.0,0.0,126,Spezi,Getränke,,MwSt. 19%,1.19,3.277311,0.622689,Normalverkauf
S1000111.42692,SP1000111.26.42692,SY1000111.2026.42692,iPad1(1000111),111,05.06.26 19:44,Prod,A1000111.6718,Tisch 11,107,S1000111.42692,SALE,2,10.9,21.8,0.0,0.0,0.0,0.0,104,Thunfisch Wrap,Hauptgerichte,,MwSt. 7%,1.07,20.373832,1.426168,Normalverkauf
S1000111.42693,SP1000111.26.42693,SY1000111.2026.42693,iPad1(1000111),111,05.06.26 19:44,Prod,A1000111.6718,Tisch 11,107,S1000111.42693,SALE,2,4.2,8.4,0.0,0.0,0.0,0.0,122,Bier,Getränke,,MwSt. 19%,1.19,7.058824,1.341176,Normalverkauf
S1000111.42694,SP1000111.26.42694,SY1000111.2026.42694,iPad1(1000111),111,05.06.26 08:00,Prod,A1000111.6719,Tisch 6,101,S1000111.42694,SALE,1,10.9,10.9,0.0,0.0,0.0,0.0,107,Chicken Burger,Hauptgerichte,,MwSt. 7%,1.07,10.186916,0.713084,Normalverkauf
S1000111.42695,SP1000111.26.42695,SY1000111.2026.42695,iPad1(1000111),111,05.06.26 08:00,Prod,A1000111.6719,Tisch 6,101,S1000111.42695,SALE,2,4.2,8.4,0.0,0.0,0.0,0.0,122,Bier,Getränke,,MwSt. 19%,1.19,7.058824,1.341176,Normalverkauf
S1000111.42696,SP1000111.26.42696,SY1000111.2026.42696,iPad1(1000111),111,05.06.26 19:47,Prod,A1000111.6720,Tisch 12,101,S1000111.42696,SALE,2,9.8,19.6,0.0,0.0,0.0,0.0,108,Seelachs-Ei-Baugette,Hauptgerichte,,MwSt. 7%,1.07,18.317757,1.282243,Normalverkauf
S1000111.42697,SP1000111.26.42697,SY1000111.2026.42697,iPad1(1000111),111,05.06.26 15:36,Prod,A1000111.6721,Tisch 10,107,S1000111.42697,SALE,2,2.8,5.6,0.0,0.0,0.0,0.0,121,Mineralwasser,Getränke,,MwSt. 19%,1.19,4.705882,0.894118,Normalverkauf
S1000111.42698,SP1000111.26.42698,SY1000111.2026.42698,iPad1(1000111),111,05.06.26 15:02,Prod,A1000111.6722,Tisch 2,114,S1000111.42698,SALE,1,5.5,5.5,0.0,0.0,0.0,0.0,114,Fisch Nuggets Box,Beilagen,,MwSt. 7%,1.07,5.140187,0.359813,Normalverkauf
S1000111.42699,SP1000111.26.42699,SY1000111.2026.42699,iPad1(1000111),111,05.06.26 15:02,Prod,A1000111.6722,Tisch 2,114,S1000111.42699,SALE,1,6.9,6.9,0.0,0.0,0.0,0.0,103,Fischbrötchen Räucherlachs,Hauptspeisen,,MwSt. 7%,1.07,6.448598,0.451402,Normalverkauf
S1000111.42700,SP1000111.26.42700,SY1000111.2026.42700,iPad1(1000111),111,05.06.26 18:51,Prod,A1000111.6723,Tisch 19,115,S1000111.42700,VOID,2,2.8,5.6,0.0,0.0,0.0,0.0,121,Mineralwasser,Getränke,,MwSt. 19%,1.19,4.705882,0.894118,Normalverkauf
S1000111.42701,SP1000111.26.42701,SY1000111.2026.42701,iPad1(1000111),111,05.06.26 18:51,Prod,A1000111.6723,Tisch 19,115,S1000111.42701,VOID,2,11.9,23.8,0.0,0.0,0.0,0.0,110,Matjes-Baguette,Hauptgerichte,,MwSt. 7%,1.07,22.242991,1.557009,Normalverkauf
S1000111.42702,SP1000111.26.42702,SY1000111.2026.42702,iPad1(1000111),111,05.06.26 09:03,Prod,A1000111.6724,Tisch 4,115,S1000111.42702,SALE,1,6.9,6.9,0.0,0.0,0.0,0.0,103,Fischbrötchen Räucherlachs,Hauptspeisen,,MwSt. 7%,1.07,6.448598,0.451402,Normalverkauf
S1000111.42703,SP1000111.26.42703,SY1000111.2026.42703,iPad1(1000111),111,05.06.26 09:03,Prod,A1000111.6724,Tisch 4,115,S1000111.42703,SALE,1,6.5,6.5,0.0,0.0,0.0,0.0,118,Schokokuchen,Desserts,,MwSt. 7%,1.07,6.074766,0.425234,Normalverkauf
S1000111.42704,SP1000111.26.42704,SY1000111.2026.42704,iPad1(1000111),111,05.06.26 15:21,Prod,A1000111.6725,Tisch 12,119,S1000111.42704,SALE,1,10.9,10.9,0.0,0.0,0.0,0.0,104,Thunfisch Wrap,Hauptgerichte,,MwSt. 7%,1.07,10.186916,0.713084,Normalverkauf
S1000111.42705,SP1000111.26.42705,SY1000111.2026.42705,iPad1(1000111),111,05.06.26 15:21,Prod,A1000111.6725,Tisch 12,119,S1000111.42705,SALE,2,6.9,13.8,0.0,0.0,0.0,0.0,103,Fischbrötchen Räucherlachs,Hauptspeisen,,MwSt. 7%,1.07,12.897196,0.902804,Normalverkauf
S1000111.42706,SP1000111.26.42706,SY1000111.2026.42706,iPad1(1000111),111,05.06.26 15:21,Prod,A1000111.6725,Tisch 12,119,S1000111.42706,SALE,2,7.9,15.8,0.0,0.0,0.0,0.0,106,Neptun-Ringe,Beilagen,,MwSt. 7%,1.07,14.766355,1.033645,Normalverkauf
S1000111.42707,SP1000111.26.42707,SY1000111.2026.42707,iPad1(1000111),111,05.06.26 18:02,Prod,A1000111.6726,Tisch 16,107,S1000111.42707,SALE,1,6.5,6.5,0.0,0.0,0.0,0.0,118,Schokokuchen,Desserts,,MwSt. 7%,1.07,6.074766,0.425234,Normalverkauf
S1000111.42708,SP1000111.26.42708,SY1000111.2026.42708,iPad1(1000111),111,05.06.26 18:02,Prod,A1000111.6726,Tisch 16,107,S1000111.42708,SALE,1,4.2,4.2,0.0,0.0,0.0,0.0,122,Bier,Getränke,,MwSt. 19%,1.19,3.529412,0.670588,Normalverkauf
S1000111.42709,SP1000111.26.42709,SY1000111.2026.42709,iPad1(1000111),111,06.06.26 16:17,Prod,A1000111.6727,Tisch 2,114,S1000111.42709,SALE,1,3.9,3.9,0.0,0.0,0.0,0.0,124,Cola Zero,Getränke,,MwSt. 19%,1.19,3.277311,0.622689,Normalverkauf
S1000111.42710,SP1000111.26.42710,SY1000111.2026.42710,iPad1(1000111),111,06.06.26 16:17,Prod,A1000111.6727,Tisch 2,114,S1000111.42710,SALE,1,9.8,9.8,0.0,0.0,0.0,0.0,108,Seelachs-Ei-Baugette,Hauptgerichte,,MwSt. 7%,1.07,9.158879,0.641121,Normalverkauf
S1000111.42711,SP1000111.26.42711,SY1000111.2026.42711,iPad1(1000111),111,06.06.26 12:24,Prod,A1000111.6728,Tisch 21,119,S1000111.42711,SALE,2,3.9,7.8,0.0,0.0,0.0,0.0,126,Spezi,Getränke,,MwSt. 19%,1.19,6.554622,1.245378,Normalverkauf
S1000111.42712,SP1000111.26.42712,SY1000111.2026.42712,iPad1(1000111),111,06.06.26 12:24,Prod,A1000111.6728,Tisch 21,119,S1000111.42712,SALE,2,5.9,11.8,0.0,0.0,0.0,0.0,123,Inger-Limonade,Getränke,,MwSt. 19%,1.19,9.915966,1.884034,Normalverkauf
S1000111.42713,SP1000111.26.42713,SY1000111.2026.42713,iPad1(1000111),111,06.06.26 12:24,Prod,A1000111.6728,Tisch 21,119,S1000111.42713,SALE,1,4.9,4.9,0.0,0.0,0.0,0.0,112,Kartoffelwedges,Beilagen,,MwSt. 7%,1.07,4.579439,0.320561,Normalverkauf
S1000111.42714,SP1000111.26.42714,SY1000111.2026.42714,iPad1(1000111),111,06.06.26 20:19,Prod,A1000111.6729,,117,S1000111.42714,SALE,1,3.9,3.9,0.0,0.0,0.0,0.0,127,Alkoholfreies Bier,Getränke,,MwSt. 19%,1.19,3.277311,0.622689,Normalverkauf
S1000111.42715,SP1000111.26.42715,SY1000111.2026.42715,iPad1(1000111),111,06.06.26 20:19,Prod,A1000111.6729,,117,S1000111.42715,SALE,2,6.9,13.8,0.0,0.0,0.0,0.0,103,Fischbrötchen Räucherlachs,Hauptspeisen,,MwSt. 7%,1.07,12.897196,0.902804,Normalverkauf
S1000111.42716,SP1000111.26.42716,SY1000111.2026.42716,iPad1(1000111),111,06.06.26 10:09,Prod,A1000111.6730,Tisch 3,118,S1000111.42716,SALE,1,4.9,4.9,0.0,0.0,0.0,0.0,112,Kartoffelwedges,Beilagen,,MwSt. 7%,1.07,4.579439,0.320561,Normalverkauf
S1000111.42717,SP1000111.26.42717,SY1000111.2026.42717,iPad1(1000111),111,06.06.26 18:56,Prod,A1000111.6731,Tisch 6,101,S1000111.42717,SALE,1,9.8,9.8,0.0,0.0,0.0,0.0,108,Seelachs-Ei-Baugette,Hauptgerichte,,MwSt. 7%,1.07,9.158879,0.641121,Normalverkauf
S1000111.42718,SP1000111.26.42718,SY1000111.2026.42718,iPad1(1000111),111,06.06.26 18:56,Prod,A1000111.6731,Tisch 6,101,S1000111.42718,SALE,1,3.2,3.2,0.0,0.0,0.0,0.0,120,Apfelschorle,Getränke,,MwSt. 19%,1.19,2.689076,0.510924,Normalverkauf
S1000111.42719,SP1000111.26.42719,SY1000111.2026.42719,iPad1(1000111),111,06.06.26 18:56,Prod,A1000111.6731,Tisch 6,101,S1000111.42719,SALE,2,10.9,21.8,0.0,0.0,0.0,0.0,104,Thunfisch Wrap,Hauptgerichte,,MwSt. 7%,1.07,20.373832,1.426168,Normalverkauf
S1000111.42720,SP1000111.26.42720,SY1000111.2026.42720,iPad1(1000111),111,06.06.26 08:49,Prod,A1000111.6732,Tisch 17,117,S1000111.42720,VOID,1,5.5,5.5,0.0,0.0,0.0,0.0,111,Pommes Frites,Beilagen,,MwSt. 7%,1.07,5.140187,0.359813,Normalverkauf
S1000111.42721,SP1000111.26.42721,SY1000111.2026.42721,iPad1(1000111),111,06.06.26 11:46,Prod,A1000111.6733,Tisch 19,118,S1000111.42721,SALE,2,3.9,7.8,0.0,0.0,0.0,0.0,119,Cola,Getränke,,MwSt. 19%,1.19,6.554622,1.245378,Normalverkauf
S1000111.42722,SP1000111.26.42722,SY1000111.2026.42722,iPad1(1000111),111,06.06.26 19:53,Prod,A1000111.6734,,101,S1000111.42722,SALE,1,9.8,9.8,0.0,0.0,0.0,0.0,108,Seelachs-Ei-Baugette,Hauptgerichte,,MwSt. 7%,1.07,9.158879,0.641121,Normalverkauf
S1000111.42723,SP1000111.26.42723,SY1000111.2026.42723,iPad1(1000111),111,06.06.26 19:53,Prod,A1000111.6734,,101,S1000111.42723,SALE,2,10.9,21.8,0.0,0.0,0.0,0.0,104,Thunfisch Wrap,Hauptgerichte,,MwSt. 7%,1.07,20.373832,1.426168,Normalverkauf
S1000111.42724,SP1000111.26.42724,SY1000111.2026.42724,iPad1(1000111),111,06.06.26 20:38,Prod,A1000111.6735,Tisch 18,119,S1000111.42724,VOID,2,5.5,11.0,0.0,0.0,0.0,0.0,111,Pommes Frites,Beilagen,,MwSt. 7%,1.07,10.280374,0.719626,Normalverkauf
S1000111.42725,SP1000111.26.42725,SY1000111.2026.42725,iPad1(1000111),111,06.06.26 20:38,Prod,A1000111.6735,Tisch 18,119,S1000111.42725,VOID,1,10.9,10.9,0.0,0.0,0.0,0.0,104,Thunfisch Wrap,Hauptgerichte,,MwSt. 7%,1.07,10.186916,0.713084,Normalverkauf
S1000111.42726,SP1000111.26.42726,SY1000111.2026.42726,iPad1(1000111),111,06.06.26 20:38,Prod,A1000111.6735,Tisch 18,119,S1000111.42726,VOID,2,11.9,23.8,0.0,0.0,0.0,0.0,110,Matjes-Baguette,Hauptgerichte,,MwSt. 7%,1.07,22.242991,1.557009,Normalverkauf
S1000111.42727,SP1000111.26.42727,SY1000111.2026.42727,iPad1(1000111),111,06.06.26 20:45,Prod,A1000111.6736,Tisch 10,114,S1000111.42727,SALE,1,4.9,4.9,0.0,0.0,0.0,0.0,112,Kartoffelwedges,Beilagen,,MwSt. 7%,1.07,4.579439,0.320561,Normalverkauf
S1000111.42728,SP1000111.26.42728,SY1000111.2026.42728,iPad1(1000111),111,06.06.26 20:45,Prod,A1000111.6736,Tisch 10,114,S1000111.42728,SALE,2,2.8,5.6,0.0,0.0,0.0,0.0,121,Mineralwasser,Getränke,,MwSt. 19%,1.19,4.705882,0.894118,Normalverkauf
S1000111.42729,SP1000111.26.42729,SY1000111.2026.42729,iPad1(1000111),111,06.06.26 18:14,Prod,A1000111.6737,Tisch 21,119,S1000111.42729,SALE,1,3.9,3.9,0.0,0.0,0.0,0.0,124,Cola Zero,Getränke,,MwSt. 19%,1.19,3.277311,0.622689,Normalverkauf
S1000111.42730,SP1000111.26.42730,SY1000111.2026.42730,iPad1(1000111),111,06.06.26 18:14,Prod,A1000111.6737,Tisch 21,119,S1000111.42730,SALE,2,4.9,9.8,0.0,0.0,0.0,0.0,112,Kartoffelwedges,Beilagen,,MwSt. 7%,1.07,9.158879,0.641121,Normalverkauf
S1000111.42731,SP1000111.26.42731,SY1000111.2026.42731,iPad1(1000111),111,06.06.26 12:51,Prod,A1000111.6738,Tisch 14,115,S1000111.42731,SALE,1,2.8,2.8,0.0,0.0,0.0,0.0,121,Mineralwasser,Getränke,,MwSt. 19%,1.19,2.352941,0.447059,Normalverkauf
S1000111.42732,SP1000111.26.42732,SY1000111.2026.42732,iPad1(1000111),111,06.06.26 12:28,Prod,A1000111.6739,Tisch 7,119,S1000111.42732,VOID,2,13.5,27.0,0.0,0.0,0.0,0.0,102,Matjes,Hauptspeisen,,MwSt. 7%,1.07,25.233645,1.766355,Normalverkauf
S1000111.42733,SP1000111.26.42733,SY1000111.2026.42733,iPad1(1000111),111,06.06.26 12:28,Prod,A1000111.6739,Tisch 7,119,S1000111.42733,VOID,1,5.5,5.5,0.0,0.0,0.0,0.0,111,Pommes Frites,Beilagen,,MwSt. 7%,1.07,5.140187,0.359813,Normalverkauf
S1000111.42734,SP1000111.26.42734,SY1000111.2026.42734,iPad1(1000111),111,06.06.26 09:29,Prod,A1000111.6740,Tisch 24,119,S1000111.42734,SALE,2,10.9,21.8,0.0,0.0,0.0,0.0,107,Chicken Burger,Hauptgerichte,,MwSt. 7%,1.07,20.373832,1.426168,Normalverkauf
S1000111.42735,SP1000111.26.42735,SY1000111.2026.42735,iPad1(1000111),111,06.06.26 09:29,Prod,A1000111.6740,Tisch 24,119,S1000111.42735,SALE,2,4.9,9.8,0.0,0.0,0.0,0.0,112,Kartoffelwedges,Beilagen,,MwSt. 7%,1.07,9.158879,0.641121,Normalverkauf
S1000111.42736,SP1000111.26.42736,SY1000111.2026.42736,iPad1(1000111),111,06.06.26 11:11,Prod,A1000111.6741,Tisch 2,114,S1000111.42736,SALE,2,3.9,7.8,0.0,0.0,0.0,0.0,124,Cola Zero,Getränke,,MwSt. 19%,1.19,6.554622,1.245378,Normalverkauf
S1000111.42737,SP1000111.26.42737,SY1000111.2026.42737,iPad1(1000111),111,06.06.26 17:44,Prod,A1000111.6742,Tisch 8,101,S1000111.42737,SALE,2,3.9,7.8,0.0,0.0,0.0,0.0,119,Cola,Getränke,,MwSt. 19%,1.19,6.554622,1.245378,Normalverkauf
S1000111.42738,SP1000111.26.42738,SY1000111.2026.42738,iPad1(1000111),111,06.06.26 18:12,Prod,A1000111.6743,Tisch 20,119,S1000111.42738,SALE,1,7.9,7.9,0.0,0.0,0.0,0.0,115,Tiramisu,Desserts,,MwSt. 7%,1.07,7.383178,0.516822,Normalverkauf
S1000111.42739,SP1000111.26.42739,SY1000111.2026.42739,iPad1(1000111),111,06.06.26 18:12,Prod,A1000111.6743,Tisch 20,119,S1000111.42739,SALE,2,7.9,15.8,0.0,0.0,0.0,0.0,106,Neptun-Ringe,Beilagen,,MwSt. 7%,1.07,14.766355,1.033645,Normalverkauf
S1000111.42740,SP1000111.26.42740,SY1000111.2026.42740,iPad1(1000111),111,06.06.26 18:12,Prod,A1000111.6743,Tisch 20,119,S1000111.42740,SALE,2,9.8,19.6,0.0,0.0,0.0,0.0,108,Seelachs-Ei-Baugette,Hauptgerichte,,MwSt. 7%,1.07,18.317757,1.282243,Normalverkauf
S1000111.42741,SP1000111.26.42741,SY1000111.2026.42741,iPad1(1000111),111,06.06.26 11:57,Prod,A1000111.6744,Tisch 8,107,S1000111.42741,SALE,2,6.9,13.8,0.0,0.0,0.0,0.0,113,Garnelen Box,Beilagen,,MwSt. 7%,1.07,12.897196,0.902804,Normalverkauf
S1000111.42742,SP1000111.26.42742,SY1000111.2026.42742,iPad1(1000111),111,06.06.26 11:57,Prod,A1000111.6744,Tisch 8,107,S1000111.42742,SALE,2,3.2,6.4,0.0,0.0,0.0,0.0,120,Apfelschorle,Getränke,,MwSt. 19%,1.19,5.378151,1.021849,Normalverkauf
S1000111.42743,SP1000111.26.42743,SY1000111.2026.42743,iPad1(1000111),111,06.06.26 11:57,Prod,A1000111.6744,Tisch 8,107,S1000111.42743,SALE,1,3.9,3.9,0.0,0.0,0.0,0.0,126,Spezi,Getränke,,MwSt. 19%,1.19,3.277311,0.622689,Normalverkauf
S1000111.42744,SP1000111.26.42744,SY1000111.2026.42744,iPad1(1000111),111,06.06.26 08:10,Prod,A1000111.6745,Tisch 23,117,S1000111.42744,SALE,1,5.9,5.9,0.0,0.0,0.0,0.0,116,Vanillequark,Desserts,,MwSt. 7%,1.07,5.514019,0.385981,Normalverkauf
S1000111.42745,SP1000111.26.42745,SY1000111.2026.42745,iPad1(1000111),111,06.06.26 17:22,Prod,A1000111.6746,Tisch 1,117,S1000111.42745,SALE,2,3.9,7.8,0.0,0.0,0.0,0.0,119,Cola,Getränke,,MwSt. 19%,1.19,6.554622,1.245378,Normalverkauf
S1000111.42746,SP1000111.26.42746,SY1000111.2026.42746,iPad1(1000111),111,06.06.26 13:26,Prod,A1000111.6747,Tisch 5,115,S1000111.42746,SALE,1,11.9,11.9,0.0,0.0,0.0,0.0,110,Matjes-Baguette,Hauptgerichte,,MwSt. 7%,1.07,11.121495,0.778505,Normalverkauf
S1000111.42747,SP1000111.26.42747,SY1000111.2026.42747,iPad1(1000111),111,06.06.26 17:35,Prod,A1000111.6748,Tisch 16,119,S1000111.42747,SALE,2,4.9,9.8,0.0,0.0,0.0,0.0,112,Kartoffelwedges,Beilagen,,MwSt. 7%,1.07,9.158879,0.641121,Normalverkauf
S1000111.42748,SP1000111.26.42748,SY1000111.2026.42748,iPad1(1000111),111,06.06.26 17:35,Prod,A1000111.6748,Tisch 16,119,S1000111.42748,SALE,1,3.9,3.9,0.0,0.0,0.0,0.0,127,Alkoholfreies Bier,Getränke,,MwSt. 19%,1.19,3.277311,0.622689,Normalverkauf
S1000111.42749,SP1000111.26.42749,SY1000111.2026.42749,iPad1(1000111),111,06.06.26 08:05,Prod,A1000111.6749,Tisch 6,118,S1000111.42749,SALE,1,9.8,9.8,0.0,0.0,0.0,0.0,108,Seelachs-Ei-Baugette,Hauptgerichte,,MwSt. 7%,1.07,9.158879,0.641121,Normalverkauf
S1000111.42750,SP1000111.26.42750,SY1000111.2026.42750,iPad1(1000111),111,06.06.26 08:05,Prod,A1000111.6749,Tisch 6,118,S1000111.42750,SALE,2,3.2,6.4,0.0,0.0,0.0,0.0,120,Apfelschorle,Getränke,,MwSt. 19%,1.19,5.378151,1.021849,Normalverkauf
S1000111.42751,SP1000111.26.42751,SY1000111.2026.42751,iPad1(1000111),111,06.06.26 08:05,Prod,A1000111.6749,Tisch 6,118,S1000111.42751,SALE,2,10.9,21.8,0.0,0.0,0.0,0.0,104,Thunfisch Wrap,Hauptgerichte,,MwSt. 7%,1.07,20.373832,1.426168,Normalverkauf
S1000111.42752,SP1000111.26.42752,SY1000111.2026.42752,iPad1(1000111),111,06.06.26 08:47,Prod,A1000111.6750,Tisch 7,115,S1000111.42752,SALE,1,6.9,6.9,0.0,0.0,0.0,0.0,113,Garnelen Box,Beilagen,,MwSt. 7%,1.07,6.448598,0.451402,Normalverkauf
S1000111.42753,SP1000111.26.42753,SY1000111.2026.42753,iPad1(1000111),111,06.06.26 08:47,Prod,A1000111.6750,Tisch 7,115,S1000111.42753,SALE,2,5.5,11.0,0.0,0.0,0.0,0.0,111,Pommes Frites,Beilagen,,MwSt. 7%,1.07,10.280374,0.719626,Normalverkauf
S1000111.42754,SP1000111.26.42754,SY1000111.2026.42754,iPad1(1000111),111,06.06.26 13:51,Prod,A1000111.6751,Tisch 8,119,S1000111.42754,SALE,1,3.9,3.9,0.0,0.0,0.0,0.0,124,Cola Zero,Getränke,,MwSt. 19%,1.19,3.277311,0.622689,Normalverkauf
S1000111.42755,SP1000111.26.42755,SY1000111.2026.42755,iPad1(1000111),111,06.06.26 12:31,Prod,A1000111.6752,Tisch 8,118,S1000111.42755,SALE,1,9.8,9.8,0.0,0.0,0.0,0.0,108,Seelachs-Ei-Baugette,Hauptgerichte,,MwSt. 7%,1.07,9.158879,0.641121,Normalverkauf
S1000111.42756,SP1000111.26.42756,SY1000111.2026.42756,iPad1(1000111),111,06.06.26 15:16,Prod,A1000111.6753,Tisch 4,114,S1000111.42756,SALE,1,11.5,11.5,0.0,0.0,0.0,0.0,105,Garnelen-Kimchi-Bruger,Hauptgerichte,,MwSt. 7%,1.07,10.747664,0.752336,Normalverkauf
S1000111.42757,SP1000111.26.42757,SY1000111.2026.42757,iPad1(1000111),111,06.06.26 20:28,Prod,A1000111.6754,Tisch 12,101,S1000111.42757,VOID,2,11.5,23.0,0.0,0.0,0.0,0.0,105,Garnelen-Kimchi-Bruger,Hauptgerichte,,MwSt. 7%,1.07,21.495327,1.504673,Normalverkauf
S1000111.42758,SP1000111.26.42758,SY1000111.2026.42758,iPad1(1000111),111,06.06.26 20:28,Prod,A1000111.6754,Tisch 12,101,S1000111.42758,VOID,2,2.8,5.6,0.0,0.0,0.0,0.0,121,Mineralwasser,Getränke,,MwSt. 19%,1.19,4.705882,0.894118,Normalverkauf
S1000111.42759,SP1000111.26.42759,SY1000111.2026.42759,iPad1(1000111),111,06.06.26 20:28,Prod,A1000111.6754,Tisch 12,101,S1000111.42759,VOID,2,5.5,11.0,0.0,0.0,0.0,0.0,111,Pommes Frites,Beilagen,,MwSt. 7%,1.07,10.280374,0.719626,Normalverkauf
S1000111.42760,SP1000111.26.42760,SY1000111.2026.42760,iPad1(1000111),111,06.06.26 19:56,Prod,A1000111.6755,,114,S1000111.42760,VOID,1,7.9,7.9,0.0,0.0,0.0,0.0,106,Neptun-Ringe,Beilagen,,MwSt. 7%,1.07,7.383178,0.516822,Normalverkauf
S1000111.42761,SP1000111.26.42761,SY1000111.2026.42761,iPad1(1000111),111,06.06.26 19:56,Prod,A1000111.6755,,114,S1000111.42761,VOID,1,4.9,4.9,0.0,0.0,0.0,0.0,112,Kartoffelwedges,Beilagen,,MwSt. 7%,1.07,4.579439,0.320561,Normalverkauf
S1000111.42762,SP1000111.26.42762,SY1000111.2026.42762,iPad1(1000111),111,06.06.26 12:49,Prod,A1000111.6756,Tisch 10,118,S1000111.42762,SALE,1,11.9,11.9,0.0,0.0,0.0,0.0,110,Matjes-Baguette,Hauptgerichte,,MwSt. 7%,1.07,11.121495,0.778505,Normalverkauf
S1000111.42763,SP1000111.26.42763,SY1000111.2026.42763,iPad1(1000111),111,06.06.26 12:49,Prod,A1000111.6756,Tisch 10,118,S1000111.42763,SALE,2,4.9,9.8,0.0,0.0,0.0,0.0,112,Kartoffelwedges,Beilagen,,MwSt. 7%,1.07,9.158879,0.641121,Normalverkauf
S1000111.42764,SP1000111.26.42764,SY1000111.2026.42764,iPad1(1000111),111,06.06.26 12:49,Prod,A1000111.6756,Tisch 10,118,S1000111.42764,SALE,2,3.2,6.4,0.0,0.0,0.0,0.0,120,Apfelschorle,Getränke,,MwSt. 19%,1.19,5.378151,1.021849,Normalverkauf
S1000111.42765,SP1000111.26.42765,SY1000111.2026.42765,iPad1(1000111),111,06.06.26 20:39,Prod,A1000111.6757,Tisch 19,107,S1000111.42765,SALE,2,14.5,29.0,0.0,0.0,0.0,0.0,101,Lachs,Hauptspeisen,,MwSt. 7%,1.07,27.102804,1.897196,Normalverkauf
S1000111.42766,SP1000111.26.42766,SY1000111.2026.42766,iPad1(1000111),111,06.06.26 20:39,Prod,A1000111.6757,Tisch 19,107,S1000111.42766,SALE,1,3.2,3.2,0.0,0.0,0.0,0.0,120,Apfelschorle,Getränke,,MwSt. 19%,1.19,2.689076,0.510924,Normalverkauf
S1000111.42767,SP1000111.26.42767,SY1000111.2026.42767,iPad1(1000111),111,06.06.26 13:20,Prod,A1000111.6758,Tisch 14,101,S1000111.42767,VOID,2,7.9,15.8,0.0,0.0,0.0,0.0,106,Neptun-Ringe,Beilagen,,MwSt. 7%,1.07,14.766355,1.033645,Normalverkauf
S1000111.42768,SP1000111.26.42768,SY1000111.2026.42768,iPad1(1000111),111,06.06.26 12:58,Prod,A1000111.6759,Tisch 2,107,S1000111.42768,SALE,1,9.8,9.8,0.0,0.0,0.0,0.0,108,Seelachs-Ei-Baugette,Hauptgerichte,,MwSt. 7%,1.07,9.158879,0.641121,Normalverkauf
S1000111.42769,SP1000111.26.42769,SY1000111.2026.42769,iPad1(1000111),111,06.06.26 12:58,Prod,A1000111.6759,Tisch 2,107,S1000111.42769,SALE,1,5.9,5.9,0.0,0.0,0.0,0.0,116,Vanillequark,Desserts,,MwSt. 7%,1.07,5.514019,0.385981,Normalverkauf
S1000111.42770,SP1000111.26.42770,SY1000111.2026.42770,iPad1(1000111),111,06.06.26 18:36,Prod,A1000111.6760,Tisch 5,101,S1000111.42770,SALE,1,10.9,10.9,0.0,0.0,0.0,0.0,107,Chicken Burger,Hauptgerichte,,MwSt. 7%,1.07,10.186916,0.713084,Normalverkauf
S1000111.42771,SP1000111.26.42771,SY1000111.2026.42771,iPad1(1000111),111,06.06.26 18:36,Prod,A1000111.6760,Tisch 5,101,S1000111.42771,SALE,1,9.8,9.8,0.0,0.0,0.0,0.0,108,Seelachs-Ei-Baugette,Hauptgerichte,,MwSt. 7%,1.07,9.158879,0.641121,Normalverkauf
S1000111.42772,SP1000111.26.42772,SY1000111.2026.42772,iPad1(1000111),111,06.06.26 12:23,Prod,A1000111.6761,Tisch 6,119,S1000111.42772,VOID,2,7.9,15.8,0.0,0.0,0.0,0.0,106,Neptun-Ringe,Beilagen,,MwSt. 7%,1.07,14.766355,1.033645,Normalverkauf
S1000111.42773,SP1000111.26.42773,SY1000111.2026.42773,iPad1(1000111),111,06.06.26 09:32,Prod,A1000111.6762,Tisch 17,101,S1000111.42773,SALE,1,3.9,3.9,0.0,0.0,0.0,0.0,126,Spezi,Getränke,,MwSt. 19%,1.19,3.277311,0.622689,Normalverkauf
S1000111.42774,SP1000111.26.42774,SY1000111.2026.42774,iPad1(1000111),111,06.06.26 09:32,Prod,A1000111.6762,Tisch 17,101,S1000111.42774,SALE,1,10.9,10.9,0.0,0.0,0.0,0.0,109,Bismarck-Baguette,Hauptgerichte,,MwSt. 7%,1.07,10.186916,0.713084,Normalverkauf
S1000111.42775,SP1000111.26.42775,SY1000111.2026.42775,iPad1(1000111),111,06.06.26 09:32,Prod,A1000111.6762,Tisch 17,101,S1000111.42775,SALE,1,10.9,10.9,0.0,0.0,0.0,0.0,109,Bismarck-Baguette,Hauptgerichte,,MwSt. 7%,1.07,10.186916,0.713084,Normalverkauf
S1000111.42776,SP1000111.26.42776,SY1000111.2026.42776,iPad1(1000111),111,06.06.26 20:01,Prod,A1000111.6763,Tisch 18,118,S1000111.42776,SALE,2,3.9,7.8,0.0,0.0,0.0,0.0,126,Spezi,Getränke,,MwSt. 19%,1.19,6.554622,1.245378,Normalverkauf
S1000111.42777,SP1000111.26.42777,SY1000111.2026.42777,iPad1(1000111),111,06.06.26 20:01,Prod,A1000111.6763,Tisch 18,118,S1000111.42777,SALE,2,3.9,7.8,0.0,0.0,0.0,0.0,119,Cola,Getränke,,MwSt. 19%,1.19,6.554622,1.245378,Normalverkauf
S1000111.42778,SP1000111.26.42778,SY1000111.2026.42778,iPad1(1000111),111,06.06.26 17:00,Prod,A1000111.6764,Tisch 11,115,S1000111.42778,SALE,1,3.9,3.9,0.0,0.0,0.0,0.0,119,Cola,Getränke,,MwSt. 19%,1.19,3.277311,0.622689,Normalverkauf
S1000111.42779,SP1000111.26.42779,SY1000111.2026.42779,iPad1(1000111),111,06.06.26 17:00,Prod,A1000111.6764,Tisch 11,115,S1000111.42779,SALE,1,7.9,7.9,0.0,0.0,0.0,0.0,106,Neptun-Ringe,Beilagen,,MwSt. 7%,1.07,7.383178,0.516822,Normalverkauf
S1000111.42780,SP1000111.26.42780,SY1000111.2026.42780,iPad1(1000111),111,06.06.26 18:48,Prod,A1000111.6765,Tisch 3,119,S1000111.42780,SALE,1,3.9,3.9,0.0,0.0,0.0,0.0,124,Cola Zero,Getränke,,MwSt. 19%,1.19,3.277311,0.622689,Normalverkauf
S1000111.42781,SP1000111.26.42781,SY1000111.2026.42781,iPad1(1000111),111,06.06.26 18:48,Prod,A1000111.6765,Tisch 3,119,S1000111.42781,SALE,1,9.8,9.8,0.0,0.0,0.0,0.0,108,Seelachs-Ei-Baugette,Hauptgerichte,,MwSt. 7%,1.07,9.158879,0.641121,Normalverkauf
S1000111.42782,SP1000111.26.42782,SY1000111.2026.42782,iPad1(1000111),111,06.06.26 12:58,Prod,A1000111.6766,Tisch 17,117,S1000111.42782,SALE,2,5.9,11.8,0.0,0.0,0.0,0.0,125,Zitronen-Limonade,Getränke,,MwSt. 19%,1.19,9.915966,1.884034,Normalverkauf
S1000111.42783,SP1000111.26.42783,SY1000111.2026.42783,iPad1(1000111),111,06.06.26 17:49,Prod,A1000111.6767,Tisch 23,114,S1000111.42783,SALE,1,6.5,6.5,0.0,0.0,0.0,0.0,100,Fischbrötchen Backfisch,Hauptspeisen,,MwSt. 7%,1.07,6.074766,0.425234,Normalverkauf
S1000111.42784,SP1000111.26.42784,SY1000111.2026.42784,iPad1(1000111),111,06.06.26 17:49,Prod,A1000111.6767,Tisch 23,114,S1000111.42784,SALE,2,10.9,21.8,0.0,0.0,0.0,0.0,104,Thunfisch Wrap,Hauptgerichte,,MwSt. 7%,1.07,20.373832,1.426168,Normalverkauf
S1000111.42785,SP1000111.26.42785,SY1000111.2026.42785,iPad1(1000111),111,06.06.26 17:49,Prod,A1000111.6767,Tisch 23,114,S1000111.42785,SALE,2,3.9,7.8,0.0,0.0,0.0,0.0,127,Alkoholfreies Bier,Getränke,,MwSt. 19%,1.19,6.554622,1.245378,Normalverkauf
S1000111.42786,SP1000111.26.42786,SY1000111.2026.42786,iPad1(1000111),111,06.06.26 20:51,Prod,A1000111.6768,Tisch 12,114,S1000111.42786,SALE,1,11.9,11.9,0.0,0.0,0.0,0.0,110,Matjes-Baguette,Hauptgerichte,,MwSt. 7%,1.07,11.121495,0.778505,Normalverkauf
S1000111.42787,SP1000111.26.42787,SY1000111.2026.42787,iPad1(1000111),111,06.06.26 20:51,Prod,A1000111.6768,Tisch 12,114,S1000111.42787,SALE,1,5.5,5.5,0.0,0.0,0.0,0.0,111,Pommes Frites,Beilagen,,MwSt. 7%,1.07,5.140187,0.359813,Normalverkauf
S1000111.42788,SP1000111.26.42788,SY1000111.2026.42788,iPad1(1000111),111,06.06.26 20:07,Prod,A1000111.6769,Tisch 21,118,S1000111.42788,SALE,1,3.9,3.9,0.0,0.0,0.0,0.0,124,Cola Zero,Getränke,,MwSt. 19%,1.19,3.277311,0.622689,Normalverkauf
S1000111.42789,SP1000111.26.42789,SY1000111.2026.42789,iPad1(1000111),111,06.06.26 20:07,Prod,A1000111.6769,Tisch 21,118,S1000111.42789,SALE,1,3.9,3.9,0.0,0.0,0.0,0.0,126,Spezi,Getränke,,MwSt. 19%,1.19,3.277311,0.622689,Normalverkauf
S1000111.42790,SP1000111.26.42790,SY1000111.2026.42790,iPad1(1000111),111,06.06.26 20:07,Prod,A1000111.6769,Tisch 21,118,S1000111.42790,SALE,1,5.9,5.9,0.0,0.0,0.0,0.0,116,Vanillequark,Desserts,,MwSt. 7%,1.07,5.514019,0.385981,Normalverkauf
S1000111.42791,SP1000111.26.42791,SY1000111.2026.42791,iPad1(1000111),111,06.06.26 20:32,Prod,A1000111.6770,Tisch 20,107,S1000111.42791,SALE,1,3.9,3.9,0.0,0.0,0.0,0.0,119,Cola,Getränke,,MwSt. 19%,1.19,3.277311,0.622689,Normalverkauf
S1000111.42792,SP1000111.26.42792,SY1000111.2026.42792,iPad1(1000111),111,06.06.26 20:32,Prod,A1000111.6770,Tisch 20,107,S1000111.42792,SALE,1,5.9,5.9,0.0,0.0,0.0,0.0,125,Zitronen-Limonade,Getränke,,MwSt. 19%,1.19,4.957983,0.942017,Normalverkauf
S1000111.42793,SP1000111.26.42793,SY1000111.2026.42793,iPad1(1000111),111,06.06.26 20:32,Prod,A1000111.6770,Tisch 20,107,S1000111.42793,SALE,1,11.5,11.5,0.0,0.0,0.0,0.0,105,Garnelen-Kimchi-Bruger,Hauptgerichte,,MwSt. 7%,1.07,10.747664,0.752336,Normalverkauf
S1000111.42794,SP1000111.26.42794,SY1000111.2026.42794,iPad1(1000111),111,06.06.26 17:33,Prod,A1000111.6771,Tisch 8,101,S1000111.42794,SALE,2,6.9,13.8,0.0,0.0,0.0,0.0,103,Fischbrötchen Räucherlachs,Hauptspeisen,,MwSt. 7%,1.07,12.897196,0.902804,Normalverkauf
S1000111.42795,SP1000111.26.42795,SY1000111.2026.42795,iPad1(1000111),111,06.06.26 17:33,Prod,A1000111.6771,Tisch 8,101,S1000111.42795,SALE,2,13.5,27.0,0.0,0.0,0.0,0.0,102,Matjes,Hauptspeisen,,MwSt. 7%,1.07,25.233645,1.766355,Normalverkauf
S1000111.42796,SP1000111.26.42796,SY1000111.2026.42796,iPad1(1000111),111,06.06.26 17:33,Prod,A1000111.6771,Tisch 8,101,S1000111.42796,SALE,1,4.2,4.2,0.0,0.0,0.0,0.0,122,Bier,Getränke,,MwSt. 19%,1.19,3.529412,0.670588,Normalverkauf
S1000111.42797,SP1000111.26.42797,SY1000111.2026.42797,iPad1(1000111),111,06.06.26 12:18,Prod,A1000111.6772,Tisch 21,117,S1000111.42797,SALE,1,5.5,5.5,0.0,0.0,0.0,0.0,114,Fisch Nuggets Box,Beilagen,,MwSt. 7%,1.07,5.140187,0.359813,Normalverkauf
S1000111.42798,SP1000111.26.42798,SY1000111.2026.42798,iPad1(1000111),111,06.06.26 09:51,Prod,A1000111.6773,Tisch 20,118,S1000111.42798,SALE,1,7.9,7.9,0.0,0.0,0.0,0.0,106,Neptun-Ringe,Beilagen,,MwSt. 7%,1.07,7.383178,0.516822,Normalverkauf
S1000111.42799,SP1000111.26.42799,SY1000111.2026.42799,iPad1(1000111),111,06.06.26 12:45,Prod,A1000111.6774,Tisch 1,118,S1000111.42799,SALE,2,5.5,11.0,0.0,0.0,0.0,0.0,111,Pommes Frites,Beilagen,,MwSt. 7%,1.07,10.280374,0.719626,Normalverkauf
S1000111.42800,SP1000111.26.42800,SY1000111.2026.42800,iPad1(1000111),111,06.06.26 12:45,Prod,A1000111.6774,Tisch 1,118,S1000111.42800,SALE,2,10.9,21.8,0.0,0.0,0.0,0.0,109,Bismarck-Baguette,Hauptgerichte,,MwSt. 7%,1.07,20.373832,1.426168,Normalverkauf
S1000111.42801,SP1000111.26.42801,SY1000111.2026.42801,iPad1(1000111),111,06.06.26 12:45,Prod,A1000111.6774,Tisch 1,118,S1000111.42801,SALE,1,11.9,11.9,0.0,0.0,0.0,0.0,110,Matjes-Baguette,Hauptgerichte,,MwSt. 7%,1.07,11.121495,0.778505,Normalverkauf
S1000111.42802,SP1000111.26.42802,SY1000111.2026.42802,iPad1(1000111),111,06.06.26 15:25,Prod,A1000111.6775,Tisch 19,114,S1000111.42802,SALE,1,6.9,6.9,0.0,0.0,0.0,0.0,103,Fischbrötchen Räucherlachs,Hauptspeisen,,MwSt. 7%,1.07,6.448598,0.451402,Normalverkauf
S1000111.42803,SP1000111.26.42803,SY1000111.2026.42803,iPad1(1000111),111,06.06.26 15:25,Prod,A1000111.6775,Tisch 19,114,S1000111.42803,SALE,1,10.9,10.9,0.0,0.0,0.0,0.0,104,Thunfisch Wrap,Hauptgerichte,,MwSt. 7%,1.07,10.186916,0.713084,Normalverkauf
S1000111.42804,SP1000111.26.42804,SY1000111.2026.42804,iPad1(1000111),111,06.06.26 19:53,Prod,A1000111.6776,Tisch 17,101,S1000111.42804,SALE,2,10.9,21.8,0.0,0.0,0.0,0.0,104,Thunfisch Wrap,Hauptgerichte,,MwSt. 7%,1.07,20.373832,1.426168,Normalverkauf
S1000111.42805,SP1000111.26.42805,SY1000111.2026.42805,iPad1(1000111),111,06.06.26 19:53,Prod,A1000111.6776,Tisch 17,101,S1000111.42805,SALE,1,11.9,11.9,0.0,0.0,0.0,0.0,110,Matjes-Baguette,Hauptgerichte,,MwSt. 7%,1.07,11.121495,0.778505,Normalverkauf
S1000111.42806,SP1000111.26.42806,SY1000111.2026.42806,iPad1(1000111),111,06.06.26 19:53,Prod,A1000111.6776,Tisch 17,101,S1000111.42806,SALE,2,11.5,23.0,0.0,0.0,0.0,0.0,105,Garnelen-Kimchi-Bruger,Hauptgerichte,,MwSt. 7%,1.07,21.495327,1.504673,Normalverkauf
S1000111.42807,SP1000111.26.42807,SY1000111.2026.42807,iPad1(1000111),111,06.06.26 17:04,Prod,A1000111.6777,Tisch 18,107,S1000111.42807,SALE,1,4.2,4.2,0.0,0.0,0.0,0.0,122,Bier,Getränke,,MwSt. 19%,1.19,3.529412,0.670588,Normalverkauf
S1000111.42808,SP1000111.26.42808,SY1000111.2026.42808,iPad1(1000111),111,06.06.26 17:04,Prod,A1000111.6777,Tisch 18,107,S1000111.42808,SALE,1,3.9,3.9,0.0,0.0,0.0,0.0,119,Cola,Getränke,,MwSt. 19%,1.19,3.277311,0.622689,Normalverkauf
S1000111.42809,SP1000111.26.42809,SY1000111.2026.42809,iPad1(1000111),111,06.06.26 14:48,Prod,A1000111.6778,Tisch 4,119,S1000111.42809,SALE,2,9.8,19.6,0.0,0.0,0.0,0.0,108,Seelachs-Ei-Baugette,Hauptgerichte,,MwSt. 7%,1.07,18.317757,1.282243,Normalverkauf
S1000111.42810,SP1000111.26.42810,SY1000111.2026.42810,iPad1(1000111),111,06.06.26 13:22,Prod,A1000111.6779,,107,S1000111.42810,SALE,2,10.9,21.8,0.0,0.0,0.0,0.0,107,Chicken Burger,Hauptgerichte,,MwSt. 7%,1.07,20.373832,1.426168,Normalverkauf
S1000111.42811,SP1000111.26.42811,SY1000111.2026.42811,iPad1(1000111),111,06.06.26 13:22,Prod,A1000111.6779,,107,S1000111.42811,SALE,1,3.9,3.9,0.0,0.0,0.0,0.0,126,Spezi,Getränke,,MwSt. 19%,1.19,3.277311,0.622689,Normalverkauf
S1000111.42812,SP1000111.26.42812,SY1000111.2026.42812,iPad1(1000111),111,06.06.26 13:22,Prod,A1000111.6779,,107,S1000111.42812,SALE,2,10.9,21.8,0.0,0.0,0.0,0.0,104,Thunfisch Wrap,Hauptgerichte,,MwSt. 7%,1.07,20.373832,1.426168,Normalverkauf
S1000111.42813,SP1000111.26.42813,SY1000111.2026.42813,iPad1(1000111),111,07.06.26 12:20,Prod,A1000111.6780,Tisch 22,118,S1000111.42813,SALE,1,11.9,11.9,0.0,0.0,0.0,0.0,110,Matjes-Baguette,Hauptgerichte,,MwSt. 7%,1.07,11.121495,0.778505,Normalverkauf
S1000111.42814,SP1000111.26.42814,SY1000111.2026.42814,iPad1(1000111),111,07.06.26 12:20,Prod,A1000111.6780,Tisch 22,118,S1000111.42814,SALE,2,10.9,21.8,0.0,0.0,0.0,0.0,107,Chicken Burger,Hauptgerichte,,MwSt. 7%,1.07,20.373832,1.426168,Normalverkauf
S1000111.42815,SP1000111.26.42815,SY1000111.2026.42815,iPad1(1000111),111,07.06.26 16:09,Prod,A1000111.6781,Tisch 23,117,S1000111.42815,SALE,2,3.9,7.8,0.0,0.0,0.0,0.0,124,Cola Zero,Getränke,,MwSt. 19%,1.19,6.554622,1.245378,Normalverkauf
S1000111.42816,SP1000111.26.42816,SY1000111.2026.42816,iPad1(1000111),111,07.06.26 08:52,Prod,A1000111.6782,Tisch 4,114,S1000111.42816,SALE,2,10.9,21.8,0.0,0.0,0.0,0.0,109,Bismarck-Baguette,Hauptgerichte,,MwSt. 7%,1.07,20.373832,1.426168,Normalverkauf
S1000111.42817,SP1000111.26.42817,SY1000111.2026.42817,iPad1(1000111),111,07.06.26 08:52,Prod,A1000111.6782,Tisch 4,114,S1000111.42817,SALE,2,10.9,21.8,0.0,0.0,0.0,0.0,107,Chicken Burger,Hauptgerichte,,MwSt. 7%,1.07,20.373832,1.426168,Normalverkauf
S1000111.42818,SP1000111.26.42818,SY1000111.2026.42818,iPad1(1000111),111,07.06.26 08:52,Prod,A1000111.6782,Tisch 4,114,S1000111.42818,SALE,2,3.9,7.8,0.0,0.0,0.0,0.0,124,Cola Zero,Getränke,,MwSt. 19%,1.19,6.554622,1.245378,Normalverkauf
S1000111.42819,SP1000111.26.42819,SY1000111.2026.42819,iPad1(1000111),111,07.06.26 19:12,Prod,A1000111.6783,Tisch 4,107,S1000111.42819,SALE,1,13.5,13.5,0.0,0.0,0.0,0.0,102,Matjes,Hauptspeisen,,MwSt. 7%,1.07,12.616822,0.883178,Normalverkauf
S1000111.42820,SP1000111.26.42820,SY1000111.2026.42820,iPad1(1000111),111,07.06.26 19:12,Prod,A1000111.6783,Tisch 4,107,S1000111.42820,SALE,1,4.9,4.9,0.0,0.0,0.0,0.0,112,Kartoffelwedges,Beilagen,,MwSt. 7%,1.07,4.579439,0.320561,Normalverkauf
S1000111.42821,SP1000111.26.42821,SY1000111.2026.42821,iPad1(1000111),111,07.06.26 20:42,Prod,A1000111.6784,Tisch 6,101,S1000111.42821,SALE,1,3.9,3.9,0.0,0.0,0.0,0.0,119,Cola,Getränke,,MwSt. 19%,1.19,3.277311,0.622689,Normalverkauf
S1000111.42822,SP1000111.26.42822,SY1000111.2026.42822,iPad1(1000111),111,07.06.26 20:42,Prod,A1000111.6784,Tisch 6,101,S1000111.42822,SALE,2,3.9,7.8,0.0,0.0,0.0,0.0,119,Cola,Getränke,,MwSt. 19%,1.19,6.554622,1.245378,Normalverkauf
S1000111.42823,SP1000111.26.42823,SY1000111.2026.42823,iPad1(1000111),111,07.06.26 20:42,Prod,A1000111.6784,Tisch 6,101,S1000111.42823,SALE,2,2.8,5.6,0.0,0.0,0.0,0.0,121,Mineralwasser,Getränke,,MwSt. 19%,1.19,4.705882,0.894118,Normalverkauf
S1000111.42824,SP1000111.26.42824,SY1000111.2026.42824,iPad1(1000111),111,07.06.26 09:42,Prod,A1000111.6785,Tisch 7,101,S1000111.42824,SALE,1,4.2,4.2,0.0,0.0,0.0,0.0,122,Bier,Getränke,,MwSt. 19%,1.19,3.529412,0.670588,Normalverkauf
S1000111.42825,SP1000111.26.42825,SY1000111.2026.42825,iPad1(1000111),111,07.06.26 09:42,Prod,A1000111.6785,Tisch 7,101,S1000111.42825,SALE,2,7.9,15.8,0.0,0.0,0.0,0.0,106,Neptun-Ringe,Beilagen,,MwSt. 7%,1.07,14.766355,1.033645,Normalverkauf
S1000111.42826,SP1000111.26.42826,SY1000111.2026.42826,iPad1(1000111),111,07.06.26 09:42,Prod,A1000111.6785,Tisch 7,101,S1000111.42826,SALE,1,2.8,2.8,0.0,0.0,0.0,0.0,121,Mineralwasser,Getränke,,MwSt. 19%,1.19,2.352941,0.447059,Normalverkauf
S1000111.42827,SP1000111.26.42827,SY1000111.2026.42827,iPad1(1000111),111,07.06.26 18:43,Prod,A1000111.6786,Tisch 15,117,S1000111.42827,SALE,1,6.9,6.9,0.0,0.0,0.0,0.0,103,Fischbrötchen Räucherlachs,Hauptspeisen,,MwSt. 7%,1.07,6.448598,0.451402,Normalverkauf
S1000111.42828,SP1000111.26.42828,SY1000111.2026.42828,iPad1(1000111),111,07.06.26 18:43,Prod,A1000111.6786,Tisch 15,117,S1000111.42828,SALE,1,2.8,2.8,0.0,0.0,0.0,0.0,121,Mineralwasser,Getränke,,MwSt. 19%,1.19,2.352941,0.447059,Normalverkauf
S1000111.42829,SP1000111.26.42829,SY1000111.2026.42829,iPad1(1000111),111,07.06.26 13:18,Prod,A1000111.6787,Tisch 19,117,S1000111.42829,SALE,2,7.9,15.8,0.0,0.0,0.0,0.0,106,Neptun-Ringe,Beilagen,,MwSt. 7%,1.07,14.766355,1.033645,Normalverkauf
S1000111.42830,SP1000111.26.42830,SY1000111.2026.42830,iPad1(1000111),111,07.06.26 13:18,Prod,A1000111.6787,Tisch 19,117,S1000111.42830,SALE,2,7.9,15.8,0.0,0.0,0.0,0.0,115,Tiramisu,Desserts,,MwSt. 7%,1.07,14.766355,1.033645,Normalverkauf
S1000111.42831,SP1000111.26.42831,SY1000111.2026.42831,iPad1(1000111),111,07.06.26 13:18,Prod,A1000111.6787,Tisch 19,117,S1000111.42831,SALE,1,6.9,6.9,0.0,0.0,0.0,0.0,113,Garnelen Box,Beilagen,,MwSt. 7%,1.07,6.448598,0.451402,Normalverkauf
S1000111.42832,SP1000111.26.42832,SY1000111.2026.42832,iPad1(1000111),111,07.06.26 16:05,Prod,A1000111.6788,Tisch 4,107,S1000111.42832,SALE,1,14.5,14.5,0.0,0.0,0.0,0.0,101,Lachs,Hauptspeisen,,MwSt. 7%,1.07,13.551402,0.948598,Normalverkauf
S1000111.42833,SP1000111.26.42833,SY1000111.2026.42833,iPad1(1000111),111,07.06.26 16:05,Prod,A1000111.6788,Tisch 4,107,S1000111.42833,SALE,1,3.9,3.9,0.0,0.0,0.0,0.0,126,Spezi,Getränke,,MwSt. 19%,1.19,3.277311,0.622689,Normalverkauf
S1000111.42834,SP1000111.26.42834,SY1000111.2026.42834,iPad1(1000111),111,07.06.26 11:41,Prod,A1000111.6789,Tisch 16,118,S1000111.42834,SALE,1,6.9,6.9,0.0,0.0,0.0,0.0,113,Garnelen Box,Beilagen,,MwSt. 7%,1.07,6.448598,0.451402,Normalverkauf
S1000111.42835,SP1000111.26.42835,SY1000111.2026.42835,iPad1(1000111),111,07.06.26 20:52,Prod,A1000111.6790,Tisch 12,114,S1000111.42835,SALE,2,11.9,23.8,0.0,0.0,0.0,0.0,110,Matjes-Baguette,Hauptgerichte,,MwSt. 7%,1.07,22.242991,1.557009,Normalverkauf
S1000111.42836,SP1000111.26.42836,SY1000111.2026.42836,iPad1(1000111),111,07.06.26 20:52,Prod,A1000111.6790,Tisch 12,114,S1000111.42836,SALE,2,11.9,23.8,0.0,0.0,0.0,0.0,110,Matjes-Baguette,Hauptgerichte,,MwSt. 7%,1.07,22.242991,1.557009,Normalverkauf
S1000111.42837,SP1000111.26.42837,SY1000111.2026.42837,iPad1(1000111),111,07.06.26 08:55,Prod,A1000111.6791,Tisch 23,101,S1000111.42837,SALE,1,5.5,5.5,0.0,0.0,0.0,0.0,114,Fisch Nuggets Box,Beilagen,,MwSt. 7%,1.07,5.140187,0.359813,Normalverkauf
S1000111.42838,SP1000111.26.42838,SY1000111.2026.42838,iPad1(1000111),111,07.06.26 08:55,Prod,A1000111.6791,Tisch 23,101,S1000111.42838,SALE,1,10.9,10.9,0.0,0.0,0.0,0.0,104,Thunfisch Wrap,Hauptgerichte,,MwSt. 7%,1.07,10.186916,0.713084,Normalverkauf
S1000111.42839,SP1000111.26.42839,SY1000111.2026.42839,iPad1(1000111),111,07.06.26 12:42,Prod,A1000111.6792,Tisch 8,115,S1000111.42839,SALE,1,11.9,11.9,0.0,0.0,0.0,0.0,110,Matjes-Baguette,Hauptgerichte,,MwSt. 7%,1.07,11.121495,0.778505,Normalverkauf
S1000111.42840,SP1000111.26.42840,SY1000111.2026.42840,iPad1(1000111),111,07.06.26 09:15,Prod,A1000111.6793,Tisch 6,101,S1000111.42840,SALE,1,2.8,2.8,0.0,0.0,0.0,0.0,121,Mineralwasser,Getränke,,MwSt. 19%,1.19,2.352941,0.447059,Normalverkauf
S1000111.42841,SP1000111.26.42841,SY1000111.2026.42841,iPad1(1000111),111,07.06.26 09:15,Prod,A1000111.6793,Tisch 6,101,S1000111.42841,SALE,2,2.8,5.6,0.0,0.0,0.0,0.0,121,Mineralwasser,Getränke,,MwSt. 19%,1.19,4.705882,0.894118,Normalverkauf
S1000111.42842,SP1000111.26.42842,SY1000111.2026.42842,iPad1(1000111),111,07.06.26 09:15,Prod,A1000111.6793,Tisch 6,101,S1000111.42842,SALE,2,4.2,8.4,0.0,0.0,0.0,0.0,122,Bier,Getränke,,MwSt. 19%,1.19,7.058824,1.341176,Normalverkauf
S1000111.42843,SP1000111.26.42843,SY1000111.2026.42843,iPad1(1000111),111,07.06.26 17:55,Prod,A1000111.6794,Tisch 14,107,S1000111.42843,SALE,2,5.9,11.8,0.0,0.0,0.0,0.0,117,Rote Grütze,Desserts,,MwSt. 7%,1.07,11.028037,0.771963,Normalverkauf
S1000111.42844,SP1000111.26.42844,SY1000111.2026.42844,iPad1(1000111),111,07.06.26 17:55,Prod,A1000111.6794,Tisch 14,107,S1000111.42844,SALE,1,6.9,6.9,0.0,0.0,0.0,0.0,103,Fischbrötchen Räucherlachs,Hauptspeisen,,MwSt. 7%,1.07,6.448598,0.451402,Normalverkauf
S1000111.42845,SP1000111.26.42845,SY1000111.2026.42845,iPad1(1000111),111,07.06.26 18:39,Prod,A1000111.6795,Tisch 8,115,S1000111.42845,SALE,1,3.9,3.9,0.0,0.0,0.0,0.0,126,Spezi,Getränke,,MwSt. 19%,1.19,3.277311,0.622689,Normalverkauf
S1000111.42846,SP1000111.26.42846,SY1000111.2026.42846,iPad1(1000111),111,07.06.26 10:13,Prod,A1000111.6796,Tisch 4,101,S1000111.42846,SALE,2,5.5,11.0,0.0,0.0,0.0,0.0,111,Pommes Frites,Beilagen,,MwSt. 7%,1.07,10.280374,0.719626,Normalverkauf
S1000111.42847,SP1000111.26.42847,SY1000111.2026.42847,iPad1(1000111),111,07.06.26 17:31,Prod,A1000111.6797,Tisch 10,115,S1000111.42847,SALE,2,10.9,21.8,0.0,0.0,0.0,0.0,104,Thunfisch Wrap,Hauptgerichte,,MwSt. 7%,1.07,20.373832,1.426168,Normalverkauf
S1000111.42848,SP1000111.26.42848,SY1000111.2026.42848,iPad1(1000111),111,07.06.26 11:20,Prod,A1000111.6798,,118,S1000111.42848,SALE,2,7.9,15.8,0.0,0.0,0.0,0.0,106,Neptun-Ringe,Beilagen,,MwSt. 7%,1.07,14.766355,1.033645,Normalverkauf
S1000111.42849,SP1000111.26.42849,SY1000111.2026.42849,iPad1(1000111),111,07.06.26 10:51,Prod,A1000111.6799,Tisch 15,107,S1000111.42849,SALE,2,4.2,8.4,0.0,0.0,0.0,0.0,122,Bier,Getränke,,MwSt. 19%,1.19,7.058824,1.341176,Normalverkauf
S1000111.42850,SP1000111.26.42850,SY1000111.2026.42850,iPad1(1000111),111,07.06.26 10:51,Prod,A1000111.6799,Tisch 15,107,S1000111.42850,SALE,1,3.9,3.9,0.0,0.0,0.0,0.0,119,Cola,Getränke,,MwSt. 19%,1.19,3.277311,0.622689,Normalverkauf
S1000111.42851,SP1000111.26.42851,SY1000111.2026.42851,iPad1(1000111),111,07.06.26 19:25,Prod,A1000111.6800,Tisch 12,118,S1000111.42851,SALE,1,4.9,4.9,0.0,0.0,0.0,0.0,112,Kartoffelwedges,Beilagen,,MwSt. 7%,1.07,4.579439,0.320561,Normalverkauf
S1000111.42852,SP1000111.26.42852,SY1000111.2026.42852,iPad1(1000111),111,07.06.26 19:25,Prod,A1000111.6800,Tisch 12,118,S1000111.42852,SALE,2,11.5,23.0,0.0,0.0,0.0,0.0,105,Garnelen-Kimchi-Bruger,Hauptgerichte,,MwSt. 7%,1.07,21.495327,1.504673,Normalverkauf
S1000111.42853,SP1000111.26.42853,SY1000111.2026.42853,iPad1(1000111),111,07.06.26 19:25,Prod,A1000111.6800,Tisch 12,118,S1000111.42853,SALE,1,9.8,9.8,0.0,0.0,0.0,0.0,108,Seelachs-Ei-Baugette,Hauptgerichte,,MwSt. 7%,1.07,9.158879,0.641121,Normalverkauf
S1000111.42854,SP1000111.26.42854,SY1000111.2026.42854,iPad1(1000111),111,07.06.26 17:21,Prod,A1000111.6801,Tisch 11,114,S1000111.42854,SALE,2,2.8,5.6,0.0,0.0,0.0,0.0,121,Mineralwasser,Getränke,,MwSt. 19%,1.19,4.705882,0.894118,Normalverkauf
S1000111.42855,SP1000111.26.42855,SY1000111.2026.42855,iPad1(1000111),111,07.06.26 17:21,Prod,A1000111.6801,Tisch 11,114,S1000111.42855,SALE,2,10.9,21.8,0.0,0.0,0.0,0.0,104,Thunfisch Wrap,Hauptgerichte,,MwSt. 7%,1.07,20.373832,1.426168,Normalverkauf
S1000111.42856,SP1000111.26.42856,SY1000111.2026.42856,iPad1(1000111),111,07.06.26 11:32,Prod,A1000111.6802,Tisch 5,101,S1000111.42856,SALE,1,10.9,10.9,0.0,0.0,0.0,0.0,104,Thunfisch Wrap,Hauptgerichte,,MwSt. 7%,1.07,10.186916,0.713084,Normalverkauf
S1000111.42857,SP1000111.26.42857,SY1000111.2026.42857,iPad1(1000111),111,07.06.26 11:32,Prod,A1000111.6802,Tisch 5,101,S1000111.42857,SALE,1,4.9,4.9,0.0,0.0,0.0,0.0,112,Kartoffelwedges,Beilagen,,MwSt. 7%,1.07,4.579439,0.320561,Normalverkauf
S1000111.42858,SP1000111.26.42858,SY1000111.2026.42858,iPad1(1000111),111,07.06.26 11:32,Prod,A1000111.6802,Tisch 5,101,S1000111.42858,SALE,1,3.9,3.9,0.0,0.0,0.0,0.0,119,Cola,Getränke,,MwSt. 19%,1.19,3.277311,0.622689,Normalverkauf
S1000111.42859,SP1000111.26.42859,SY1000111.2026.42859,iPad1(1000111),111,07.06.26 15:34,Prod,A1000111.6803,Tisch 11,101,S1000111.42859,SALE,2,13.5,27.0,0.0,0.0,0.0,0.0,102,Matjes,Hauptspeisen,,MwSt. 7%,1.07,25.233645,1.766355,Normalverkauf
S1000111.42860,SP1000111.26.42860,SY1000111.2026.42860,iPad1(1000111),111,07.06.26 15:34,Prod,A1000111.6803,Tisch 11,101,S1000111.42860,SALE,1,11.5,11.5,0.0,0.0,0.0,0.0,105,Garnelen-Kimchi-Bruger,Hauptgerichte,,MwSt. 7%,1.07,10.747664,0.752336,Normalverkauf
S1000111.42861,SP1000111.26.42861,SY1000111.2026.42861,iPad1(1000111),111,07.06.26 15:34,Prod,A1000111.6803,Tisch 11,101,S1000111.42861,SALE,2,5.5,11.0,0.0,0.0,0.0,0.0,114,Fisch Nuggets Box,Beilagen,,MwSt. 7%,1.07,10.280374,0.719626,Normalverkauf
S1000111.42862,SP1000111.26.42862,SY1000111.2026.42862,iPad1(1000111),111,07.06.26 19:35,Prod,A1000111.6804,Tisch 4,107,S1000111.42862,SALE,2,4.9,9.8,0.0,0.0,0.0,0.0,112,Kartoffelwedges,Beilagen,,MwSt. 7%,1.07,9.158879,0.641121,Normalverkauf
S1000111.42863,SP1000111.26.42863,SY1000111.2026.42863,iPad1(1000111),111,07.06.26 19:35,Prod,A1000111.6804,Tisch 4,107,S1000111.42863,SALE,2,7.9,15.8,0.0,0.0,0.0,0.0,115,Tiramisu,Desserts,,MwSt. 7%,1.07,14.766355,1.033645,Normalverkauf
S1000111.42864,SP1000111.26.42864,SY1000111.2026.42864,iPad1(1000111),111,07.06.26 11:06,Prod,A1000111.6805,Tisch 23,115,S1000111.42864,SALE,1,10.9,10.9,0.0,0.0,0.0,0.0,104,Thunfisch Wrap,Hauptgerichte,,MwSt. 7%,1.07,10.186916,0.713084,Normalverkauf
S1000111.42865,SP1000111.26.42865,SY1000111.2026.42865,iPad1(1000111),111,07.06.26 11:06,Prod,A1000111.6805,Tisch 23,115,S1000111.42865,SALE,2,3.9,7.8,0.0,0.0,0.0,0.0,119,Cola,Getränke,,MwSt. 19%,1.19,6.554622,1.245378,Normalverkauf
S1000111.42866,SP1000111.26.42866,SY1000111.2026.42866,iPad1(1000111),111,07.06.26 11:06,Prod,A1000111.6805,Tisch 23,115,S1000111.42866,SALE,2,4.9,9.8,0.0,0.0,0.0,0.0,112,Kartoffelwedges,Beilagen,,MwSt. 7%,1.07,9.158879,0.641121,Normalverkauf
S1000111.42867,SP1000111.26.42867,SY1000111.2026.42867,iPad1(1000111),111,07.06.26 13:21,Prod,A1000111.6806,Tisch 13,118,S1000111.42867,SALE,1,6.9,6.9,0.0,0.0,0.0,0.0,103,Fischbrötchen Räucherlachs,Hauptspeisen,,MwSt. 7%,1.07,6.448598,0.451402,Normalverkauf
S1000111.42868,SP1000111.26.42868,SY1000111.2026.42868,iPad1(1000111),111,07.06.26 13:21,Prod,A1000111.6806,Tisch 13,118,S1000111.42868,SALE,1,3.9,3.9,0.0,0.0,0.0,0.0,119,Cola,Getränke,,MwSt. 19%,1.19,3.277311,0.622689,Normalverkauf
S1000111.42869,SP1000111.26.42869,SY1000111.2026.42869,iPad1(1000111),111,07.06.26 13:21,Prod,A1000111.6806,Tisch 13,118,S1000111.42869,SALE,2,3.9,7.8,0.0,0.0,0.0,0.0,119,Cola,Getränke,,MwSt. 19%,1.19,6.554622,1.245378,Normalverkauf
S1000111.42870,SP1000111.26.42870,SY1000111.2026.42870,iPad1(1000111),111,07.06.26 19:02,Prod,A1000111.6807,Tisch 5,118,S1000111.42870,VOID,1,5.9,5.9,0.0,0.0,0.0,0.0,125,Zitronen-Limonade,Getränke,,MwSt. 19%,1.19,4.957983,0.942017,Normalverkauf
S1000111.42871,SP1000111.26.42871,SY1000111.2026.42871,iPad1(1000111),111,07.06.26 12:31,Prod,A1000111.6808,Tisch 3,115,S1000111.42871,SALE,2,4.2,8.4,0.0,0.0,0.0,0.0,122,Bier,Getränke,,MwSt. 19%,1.19,7.058824,1.341176,Normalverkauf
S1000111.42872,SP1000111.26.42872,SY1000111.2026.42872,iPad1(1000111),111,07.06.26 17:04,Prod,A1000111.6809,Tisch 2,115,S1000111.42872,SALE,2,5.9,11.8,0.0,0.0,0.0,0.0,117,Rote Grütze,Desserts,,MwSt. 7%,1.07,11.028037,0.771963,Normalverkauf
S1000111.42873,SP1000111.26.42873,SY1000111.2026.42873,iPad1(1000111),111,07.06.26 17:04,Prod,A1000111.6809,Tisch 2,115,S1000111.42873,SALE,2,4.9,9.8,0.0,0.0,0.0,0.0,112,Kartoffelwedges,Beilagen,,MwSt. 7%,1.07,9.158879,0.641121,Normalverkauf
S1000111.42874,SP1000111.26.42874,SY1000111.2026.42874,iPad1(1000111),111,07.06.26 17:04,Prod,A1000111.6809,Tisch 2,115,S1000111.42874,SALE,2,3.2,6.4,0.0,0.0,0.0,0.0,120,Apfelschorle,Getränke,,MwSt. 19%,1.19,5.378151,1.021849,Normalverkauf
S1000111.42875,SP1000111.26.42875,SY1000111.2026.42875,iPad1(1000111),111,07.06.26 18:35,Prod,A1000111.6810,Tisch 8,114,S1000111.42875,SALE,2,14.5,29.0,0.0,0.0,0.0,0.0,101,Lachs,Hauptspeisen,,MwSt. 7%,1.07,27.102804,1.897196,Normalverkauf
S1000111.42876,SP1000111.26.42876,SY1000111.2026.42876,iPad1(1000111),111,07.06.26 17:16,Prod,A1000111.6811,Tisch 12,107,S1000111.42876,SALE,2,10.9,21.8,0.0,0.0,0.0,0.0,107,Chicken Burger,Hauptgerichte,,MwSt. 7%,1.07,20.373832,1.426168,Normalverkauf
S1000111.42877,SP1000111.26.42877,SY1000111.2026.42877,iPad1(1000111),111,07.06.26 17:16,Prod,A1000111.6811,Tisch 12,107,S1000111.42877,SALE,1,9.8,9.8,0.0,0.0,0.0,0.0,108,Seelachs-Ei-Baugette,Hauptgerichte,,MwSt. 7%,1.07,9.158879,0.641121,Normalverkauf
S1000111.42878,SP1000111.26.42878,SY1000111.2026.42878,iPad1(1000111),111,07.06.26 17:16,Prod,A1000111.6811,Tisch 12,107,S1000111.42878,SALE,1,5.9,5.9,0.0,0.0,0.0,0.0,123,Inger-Limonade,Getränke,,MwSt. 19%,1.19,4.957983,0.942017,Normalverkauf
S1000111.42879,SP1000111.26.42879,SY1000111.2026.42879,iPad1(1000111),111,07.06.26 16:23,Prod,A1000111.6812,Tisch 1,119,S1000111.42879,SALE,2,4.2,8.4,0.0,0.0,0.0,0.0,122,Bier,Getränke,,MwSt. 19%,1.19,7.058824,1.341176,Normalverkauf
S1000111.42880,SP1000111.26.42880,SY1000111.2026.42880,iPad1(1000111),111,07.06.26 16:23,Prod,A1000111.6812,Tisch 1,119,S1000111.42880,SALE,2,3.2,6.4,0.0,0.0,0.0,0.0,120,Apfelschorle,Getränke,,MwSt. 19%,1.19,5.378151,1.021849,Normalverkauf
S1000111.42881,SP1000111.26.42881,SY1000111.2026.42881,iPad1(1000111),111,07.06.26 16:23,Prod,A1000111.6812,Tisch 1,119,S1000111.42881,SALE,1,3.9,3.9,0.0,0.0,0.0,0.0,124,Cola Zero,Getränke,,MwSt. 19%,1.19,3.277311,0.622689,Normalverkauf
S1000111.42882,SP1000111.26.42882,SY1000111.2026.42882,iPad1(1000111),111,07.06.26 15:42,Prod,A1000111.6813,Tisch 23,117,S1000111.42882,SALE,1,10.9,10.9,0.0,0.0,0.0,0.0,109,Bismarck-Baguette,Hauptgerichte,,MwSt. 7%,1.07,10.186916,0.713084,Normalverkauf
S1000111.42883,SP1000111.26.42883,SY1000111.2026.42883,iPad1(1000111),111,07.06.26 18:21,Prod,A1000111.6814,Tisch 8,114,S1000111.42883,SALE,1,4.2,4.2,0.0,0.0,0.0,0.0,122,Bier,Getränke,,MwSt. 19%,1.19,3.529412,0.670588,Normalverkauf
S1000111.42884,SP1000111.26.42884,SY1000111.2026.42884,iPad1(1000111),111,07.06.26 13:26,Prod,A1000111.6815,Tisch 17,114,S1000111.42884,SALE,2,7.9,15.8,0.0,0.0,0.0,0.0,106,Neptun-Ringe,Beilagen,,MwSt. 7%,1.07,14.766355,1.033645,Normalverkauf
S1000111.42885,SP1000111.26.42885,SY1000111.2026.42885,iPad1(1000111),111,07.06.26 20:36,Prod,A1000111.6816,Tisch 6,114,S1000111.42885,SALE,1,5.9,5.9,0.0,0.0,0.0,0.0,125,Zitronen-Limonade,Getränke,,MwSt. 19%,1.19,4.957983,0.942017,Normalverkauf
S1000111.42886,SP1000111.26.42886,SY1000111.2026.42886,iPad1(1000111),111,07.06.26 20:36,Prod,A1000111.6816,Tisch 6,114,S1000111.42886,SALE,1,4.9,4.9,0.0,0.0,0.0,0.0,112,Kartoffelwedges,Beilagen,,MwSt. 7%,1.07,4.579439,0.320561,Normalverkauf
S1000111.42887,SP1000111.26.42887,SY1000111.2026.42887,iPad1(1000111),111,07.06.26 11:24,Prod,A1000111.6817,Tisch 15,119,S1000111.42887,SALE,1,13.5,13.5,0.0,0.0,0.0,0.0,102,Matjes,Hauptspeisen,,MwSt. 7%,1.07,12.616822,0.883178,Normalverkauf
S1000111.42888,SP1000111.26.42888,SY1000111.2026.42888,iPad1(1000111),111,07.06.26 11:24,Prod,A1000111.6817,Tisch 15,119,S1000111.42888,SALE,2,11.9,23.8,0.0,0.0,0.0,0.0,110,Matjes-Baguette,Hauptgerichte,,MwSt. 7%,1.07,22.242991,1.557009,Normalverkauf
S1000111.42889,SP1000111.26.42889,SY1000111.2026.42889,iPad1(1000111),111,07.06.26 11:24,Prod,A1000111.6817,Tisch 15,119,S1000111.42889,SALE,2,11.5,23.0,0.0,0.0,0.0,0.0,105,Garnelen-Kimchi-Bruger,Hauptgerichte,,MwSt. 7%,1.07,21.495327,1.504673,Normalverkauf
S1000111.42890,SP1000111.26.42890,SY1000111.2026.42890,iPad1(1000111),111,07.06.26 19:39,Prod,A1000111.6818,Tisch 18,118,S1000111.42890,VOID,1,6.5,6.5,0.0,0.0,0.0,0.0,118,Schokokuchen,Desserts,,MwSt. 7%,1.07,6.074766,0.425234,Normalverkauf
S1000111.42891,SP1000111.26.42891,SY1000111.2026.42891,iPad1(1000111),111,07.06.26 19:39,Prod,A1000111.6818,Tisch 18,118,S1000111.42891,VOID,1,5.5,5.5,0.0,0.0,0.0,0.0,111,Pommes Frites,Beilagen,,MwSt. 7%,1.07,5.140187,0.359813,Normalverkauf
S1000111.42892,SP1000111.26.42892,SY1000111.2026.42892,iPad1(1000111),111,07.06.26 11:36,Prod,A1000111.6819,Tisch 22,101,S1000111.42892,SALE,2,7.9,15.8,0.0,0.0,0.0,0.0,115,Tiramisu,Desserts,,MwSt. 7%,1.07,14.766355,1.033645,Normalverkauf
S1000111.42893,SP1000111.26.42893,SY1000111.2026.42893,iPad1(1000111),111,07.06.26 11:36,Prod,A1000111.6819,Tisch 22,101,S1000111.42893,SALE,1,4.2,4.2,0.0,0.0,0.0,0.0,122,Bier,Getränke,,MwSt. 19%,1.19,3.529412,0.670588,Normalverkauf
S1000111.42894,SP1000111.26.42894,SY1000111.2026.42894,iPad1(1000111),111,07.06.26 11:36,Prod,A1000111.6819,Tisch 22,101,S1000111.42894,SALE,1,3.9,3.9,0.0,0.0,0.0,0.0,119,Cola,Getränke,,MwSt. 19%,1.19,3.277311,0.622689,Normalverkauf
S1000111.42895,SP1000111.26.42895,SY1000111.2026.42895,iPad1(1000111),111,07.06.26 11:33,Prod,A1000111.6820,Tisch 13,118,S1000111.42895,SALE,1,11.9,11.9,0.0,0.0,0.0,0.0,110,Matjes-Baguette,Hauptgerichte,,MwSt. 7%,1.07,11.121495,0.778505,Normalverkauf
S1000111.42896,SP1000111.26.42896,SY1000111.2026.42896,iPad1(1000111),111,07.06.26 11:33,Prod,A1000111.6820,Tisch 13,118,S1000111.42896,SALE,1,6.5,6.5,0.0,0.0,0.0,0.0,100,Fischbrötchen Backfisch,Hauptspeisen,,MwSt. 7%,1.07,6.074766,0.425234,Normalverkauf
S1000111.42897,SP1000111.26.42897,SY1000111.2026.42897,iPad1(1000111),111,07.06.26 17:22,Prod,A1000111.6821,Tisch 7,114,S1000111.42897,SALE,1,4.9,4.9,0.0,0.0,0.0,0.0,112,Kartoffelwedges,Beilagen,,MwSt. 7%,1.07,4.579439,0.320561,Normalverkauf
S1000111.42898,SP1000111.26.42898,SY1000111.2026.42898,iPad1(1000111),111,07.06.26 17:22,Prod,A1000111.6821,Tisch 7,114,S1000111.42898,SALE,2,3.9,7.8,0.0,0.0,0.0,0.0,124,Cola Zero,Getränke,,MwSt. 19%,1.19,6.554622,1.245378,Normalverkauf
S1000111.42899,SP1000111.26.42899,SY1000111.2026.42899,iPad1(1000111),111,07.06.26 17:22,Prod,A1000111.6821,Tisch 7,114,S1000111.42899,SALE,2,4.9,9.8,0.0,0.0,0.0,0.0,112,Kartoffelwedges,Beilagen,,MwSt. 7%,1.07,9.158879,0.641121,Normalverkauf
S1000111.42900,SP1000111.26.42900,SY1000111.2026.42900,iPad1(1000111),111,07.06.26 19:25,Prod,A1000111.6822,,101,S1000111.42900,SALE,1,6.5,6.5,0.0,0.0,0.0,0.0,118,Schokokuchen,Desserts,,MwSt. 7%,1.07,6.074766,0.425234,Normalverkauf
S1000111.42901,SP1000111.26.42901,SY1000111.2026.42901,iPad1(1000111),111,07.06.26 19:25,Prod,A1000111.6822,,101,S1000111.42901,SALE,1,9.8,9.8,0.0,0.0,0.0,0.0,108,Seelachs-Ei-Baugette,Hauptgerichte,,MwSt. 7%,1.07,9.158879,0.641121,Normalverkauf
S1000111.42902,SP1000111.26.42902,SY1000111.2026.42902,iPad1(1000111),111,07.06.26 19:14,Prod,A1000111.6823,Tisch 24,114,S1000111.42902,VOID,2,3.9,7.8,0.0,0.0,0.0,0.0,119,Cola,Getränke,,MwSt. 19%,1.19,6.554622,1.245378,Normalverkauf
S1000111.42903,SP1000111.26.42903,SY1000111.2026.42903,iPad1(1000111),111,07.06.26 19:28,Prod,A1000111.6824,Tisch 22,117,S1000111.42903,SALE,1,4.2,4.2,0.0,0.0,0.0,0.0,122,Bier,Getränke,,MwSt. 19%,1.19,3.529412,0.670588,Normalverkauf
S1000111.42904,SP1000111.26.42904,SY1000111.2026.42904,iPad1(1000111),111,07.06.26 19:28,Prod,A1000111.6824,Tisch 22,117,S1000111.42904,SALE,1,3.9,3.9,0.0,0.0,0.0,0.0,119,Cola,Getränke,,MwSt. 19%,1.19,3.277311,0.622689,Normalverkauf
S1000111.42905,SP1000111.26.42905,SY1000111.2026.42905,iPad1(1000111),111,07.06.26 12:02,Prod,A1000111.6825,Tisch 16,114,S1000111.42905,SALE,1,11.9,11.9,0.0,0.0,0.0,0.0,110,Matjes-Baguette,Hauptgerichte,,MwSt. 7%,1.07,11.121495,0.778505,Normalverkauf
S1000111.42906,SP1000111.26.42906,SY1000111.2026.42906,iPad1(1000111),111,07.06.26 12:02,Prod,A1000111.6825,Tisch 16,114,S1000111.42906,SALE,2,4.2,8.4,0.0,0.0,0.0,0.0,122,Bier,Getränke,,MwSt. 19%,1.19,7.058824,1.341176,Normalverkauf
S1000111.42907,SP1000111.26.42907,SY1000111.2026.42907,iPad1(1000111),111,07.06.26 10:25,Prod,A1000111.6826,Tisch 5,115,S1000111.42907,SALE,1,10.9,10.9,0.0,0.0,0.0,0.0,107,Chicken Burger,Hauptgerichte,,MwSt. 7%,1.07,10.186916,0.713084,Normalverkauf
S1000111.42908,SP1000111.26.42908,SY1000111.2026.42908,iPad1(1000111),111,07.06.26 10:25,Prod,A1000111.6826,Tisch 5,115,S1000111.42908,SALE,2,13.5,27.0,0.0,0.0,0.0,0.0,102,Matjes,Hauptspeisen,,MwSt. 7%,1.07,25.233645,1.766355,Normalverkauf
S1000111.42909,SP1000111.26.42909,SY1000111.2026.42909,iPad1(1000111),111,07.06.26 10:25,Prod,A1000111.6826,Tisch 5,115,S1000111.42909,SALE,1,6.9,6.9,0.0,0.0,0.0,0.0,103,Fischbrötchen Räucherlachs,Hauptspeisen,,MwSt. 7%,1.07,6.448598,0.451402,Normalverkauf
S1000111.42910,SP1000111.26.42910,SY1000111.2026.42910,iPad1(1000111),111,07.06.26 13:09,Prod,A1000111.6827,Tisch 14,114,S1000111.42910,SALE,1,4.9,4.9,0.0,0.0,0.0,0.0,112,Kartoffelwedges,Beilagen,,MwSt. 7%,1.07,4.579439,0.320561,Normalverkauf
S1000111.42911,SP1000111.26.42911,SY1000111.2026.42911,iPad1(1000111),111,07.06.26 13:09,Prod,A1000111.6827,Tisch 14,114,S1000111.42911,SALE,1,2.8,2.8,0.0,0.0,0.0,0.0,121,Mineralwasser,Getränke,,MwSt. 19%,1.19,2.352941,0.447059,Normalverkauf
S1000111.42912,SP1000111.26.42912,SY1000111.2026.42912,iPad1(1000111),111,07.06.26 19:54,Prod,A1000111.6828,Tisch 3,101,S1000111.42912,SALE,2,3.9,7.8,0.0,0.0,0.0,0.0,126,Spezi,Getränke,,MwSt. 19%,1.19,6.554622,1.245378,Normalverkauf
S1000111.42913,SP1000111.26.42913,SY1000111.2026.42913,iPad1(1000111),111,07.06.26 19:54,Prod,A1000111.6828,Tisch 3,101,S1000111.42913,SALE,1,5.5,5.5,0.0,0.0,0.0,0.0,111,Pommes Frites,Beilagen,,MwSt. 7%,1.07,5.140187,0.359813,Normalverkauf
S1000111.42914,SP1000111.26.42914,SY1000111.2026.42914,iPad1(1000111),111,07.06.26 20:51,Prod,A1000111.6829,Tisch 10,119,S1000111.42914,SALE,2,14.5,29.0,0.0,0.0,0.0,0.0,101,Lachs,Hauptspeisen,,MwSt. 7%,1.07,27.102804,1.897196,Normalverkauf
S1000111.42915,SP1000111.26.42915,SY1000111.2026.42915,iPad1(1000111),111,07.06.26 20:51,Prod,A1000111.6829,Tisch 10,119,S1000111.42915,SALE,2,9.8,19.6,0.0,0.0,0.0,0.0,108,Seelachs-Ei-Baugette,Hauptgerichte,,MwSt. 7%,1.07,18.317757,1.282243,Normalverkauf
S1000111.42916,SP1000111.26.42916,SY1000111.2026.42916,iPad1(1000111),111,07.06.26 11:31,Prod,A1000111.6830,Tisch 12,115,S1000111.42916,SALE,2,6.9,13.8,0.0,0.0,0.0,0.0,113,Garnelen Box,Beilagen,,MwSt. 7%,1.07,12.897196,0.902804,Normalverkauf
S1000111.42917,SP1000111.26.42917,SY1000111.2026.42917,iPad1(1000111),111,07.06.26 18:32,Prod,A1000111.6831,Tisch 10,118,S1000111.42917,VOID,1,5.9,5.9,0.0,0.0,0.0,0.0,123,Inger-Limonade,Getränke,,MwSt. 19%,1.19,4.957983,0.942017,Normalverkauf
S1000111.42918,SP1000111.26.42918,SY1000111.2026.42918,iPad1(1000111),111,07.06.26 17:41,Prod,A1000111.6832,Tisch 7,107,S1000111.42918,SALE,2,14.5,29.0,0.0,0.0,0.0,0.0,101,Lachs,Hauptspeisen,,MwSt. 7%,1.07,27.102804,1.897196,Normalverkauf
S1000111.42919,SP1000111.26.42919,SY1000111.2026.42919,iPad1(1000111),111,07.06.26 17:41,Prod,A1000111.6832,Tisch 7,107,S1000111.42919,SALE,2,10.9,21.8,0.0,0.0,0.0,0.0,109,Bismarck-Baguette,Hauptgerichte,,MwSt. 7%,1.07,20.373832,1.426168,Normalverkauf
S1000111.42920,SP1000111.26.42920,SY1000111.2026.42920,iPad1(1000111),111,07.06.26 17:41,Prod,A1000111.6832,Tisch 7,107,S1000111.42920,SALE,1,10.9,10.9,0.0,0.0,0.0,0.0,109,Bismarck-Baguette,Hauptgerichte,,MwSt. 7%,1.07,10.186916,0.713084,Normalverkauf
S1000111.42921,SP1000111.26.42921,SY1000111.2026.42921,iPad1(1000111),111,07.06.26 20:22,Prod,A1000111.6833,Tisch 21,114,S1000111.42921,SALE,1,3.9,3.9,0.0,0.0,0.0,0.0,119,Cola,Getränke,,MwSt. 19%,1.19,3.277311,0.622689,Normalverkauf
S1000111.42922,SP1000111.26.42922,SY1000111.2026.42922,iPad1(1000111),111,07.06.26 20:22,Prod,A1000111.6833,Tisch 21,114,S1000111.42922,SALE,1,6.5,6.5,0.0,0.0,0.0,0.0,100,Fischbrötchen Backfisch,Hauptspeisen,,MwSt. 7%,1.07,6.074766,0.425234,Normalverkauf
S1000111.42923,SP1000111.26.42923,SY1000111.2026.42923,iPad1(1000111),111,07.06.26 20:22,Prod,A1000111.6833,Tisch 21,114,S1000111.42923,SALE,2,3.9,7.8,0.0,0.0,0.0,0.0,119,Cola,Getränke,,MwSt. 19%,1.19,6.554622,1.245378,Normalverkauf
S1000111.42924,SP1000111.26.42924,SY1000111.2026.42924,iPad1(1000111),111,07.06.26 08:29,Prod,A1000111.6834,Tisch 14,107,S1000111.42924,SALE,1,5.9,5.9,0.0,0.0,0.0,0.0,125,Zitronen-Limonade,Getränke,,MwSt. 19%,1.19,4.957983,0.942017,Normalverkauf
S1000111.42925,SP1000111.26.42925,SY1000111.2026.42925,iPad1(1000111),111,07.06.26 16:50,Prod,A1000111.6835,Tisch 21,101,S1000111.42925,SALE,2,5.5,11.0,0.0,0.0,0.0,0.0,111,Pommes Frites,Beilagen,,MwSt. 7%,1.07,10.280374,0.719626,Normalverkauf
S1000111.42926,SP1000111.26.42926,SY1000111.2026.42926,iPad1(1000111),111,07.06.26 17:49,Prod,A1000111.6836,Tisch 8,107,S1000111.42926,SALE,2,3.9,7.8,0.0,0.0,0.0,0.0,126,Spezi,Getränke,,MwSt. 19%,1.19,6.554622,1.245378,Normalverkauf
S1000111.42927,SP1000111.26.42927,SY1000111.2026.42927,iPad1(1000111),111,07.06.26 17:49,Prod,A1000111.6836,Tisch 8,107,S1000111.42927,SALE,2,3.9,7.8,0.0,0.0,0.0,0.0,124,Cola Zero,Getränke,,MwSt. 19%,1.19,6.554622,1.245378,Normalverkauf
S1000111.42928,SP1000111.26.42928,SY1000111.2026.42928,iPad1(1000111),111,07.06.26 15:04,Prod,A1000111.6837,Tisch 1,114,S1000111.42928,SALE,2,11.5,23.0,0.0,0.0,0.0,0.0,105,Garnelen-Kimchi-Bruger,Hauptgerichte,,MwSt. 7%,1.07,21.495327,1.504673,Normalverkauf
S1000111.42929,SP1000111.26.42929,SY1000111.2026.42929,iPad1(1000111),111,07.06.26 15:04,Prod,A1000111.6837,Tisch 1,114,S1000111.42929,SALE,1,10.9,10.9,0.0,0.0,0.0,0.0,104,Thunfisch Wrap,Hauptgerichte,,MwSt. 7%,1.07,10.186916,0.713084,Normalverkauf
S1000111.42930,SP1000111.26.42930,SY1000111.2026.42930,iPad1(1000111),111,07.06.26 15:04,Prod,A1000111.6837,Tisch 1,114,S1000111.42930,SALE,1,3.9,3.9,0.0,0.0,0.0,0.0,126,Spezi,Getränke,,MwSt. 19%,1.19,3.277311,0.622689,Normalverkauf
S1000111.42931,SP1000111.26.42931,SY1000111.2026.42931,iPad1(1000111),111,07.06.26 17:08,Prod,A1000111.6838,Tisch 20,118,S1000111.42931,VOID,1,3.2,3.2,0.0,0.0,0.0,0.0,120,Apfelschorle,Getränke,,MwSt. 19%,1.19,2.689076,0.510924,Normalverkauf
S1000111.42932,SP1000111.26.42932,SY1000111.2026.42932,iPad1(1000111),111,07.06.26 17:08,Prod,A1000111.6838,Tisch 20,118,S1000111.42932,VOID,1,4.9,4.9,0.0,0.0,0.0,0.0,112,Kartoffelwedges,Beilagen,,MwSt. 7%,1.07,4.579439,0.320561,Normalverkauf
S1000111.42933,SP1000111.26.42933,SY1000111.2026.42933,iPad1(1000111),111,07.06.26 16:04,Prod,A1000111.6839,Tisch 13,117,S1000111.42933,SALE,2,6.9,13.8,0.0,0.0,0.0,0.0,103,Fischbrötchen Räucherlachs,Hauptspeisen,,MwSt. 7%,1.07,12.897196,0.902804,Normalverkauf
S1000111.42934,SP1000111.26.42934,SY1000111.2026.42934,iPad1(1000111),111,07.06.26 16:04,Prod,A1000111.6839,Tisch 13,117,S1000111.42934,SALE,1,6.9,6.9,0.0,0.0,0.0,0.0,113,Garnelen Box,Beilagen,,MwSt. 7%,1.07,6.448598,0.451402,Normalverkauf
S1000111.42935,SP1000111.26.42935,SY1000111.2026.42935,iPad1(1000111),111,07.06.26 15:21,Prod,A1000111.6840,Tisch 10,119,S1000111.42935,SALE,1,3.9,3.9,0.0,0.0,0.0,0.0,124,Cola Zero,Getränke,,MwSt. 19%,1.19,3.277311,0.622689,Normalverkauf
S1000111.42936,SP1000111.26.42936,SY1000111.2026.42936,iPad1(1000111),111,07.06.26 09:23,Prod,A1000111.6841,,107,S1000111.42936,SALE,2,3.9,7.8,0.0,0.0,0.0,0.0,124,Cola Zero,Getränke,,MwSt. 19%,1.19,6.554622,1.245378,Normalverkauf
S1000111.42937,SP1000111.26.42937,SY1000111.2026.42937,iPad1(1000111),111,07.06.26 09:23,Prod,A1000111.6841,,107,S1000111.42937,SALE,1,10.9,10.9,0.0,0.0,0.0,0.0,107,Chicken Burger,Hauptgerichte,,MwSt. 7%,1.07,10.186916,0.713084,Normalverkauf
S1000111.42938,SP1000111.26.42938,SY1000111.2026.42938,iPad1(1000111),111,07.06.26 10:20,Prod,A1000111.6842,Tisch 12,114,S1000111.42938,VOID,2,9.8,19.6,0.0,0.0,0.0,0.0,108,Seelachs-Ei-Baugette,Hauptgerichte,,MwSt. 7%,1.07,18.317757,1.282243,Normalverkauf
S1000111.42939,SP1000111.26.42939,SY1000111.2026.42939,iPad1(1000111),111,07.06.26 10:20,Prod,A1000111.6842,Tisch 12,114,S1000111.42939,VOID,1,6.5,6.5,0.0,0.0,0.0,0.0,100,Fischbrötchen Backfisch,Hauptspeisen,,MwSt. 7%,1.07,6.074766,0.425234,Normalverkauf
S1000111.42940,SP1000111.26.42940,SY1000111.2026.42940,iPad1(1000111),111,07.06.26 10:20,Prod,A1000111.6842,Tisch 12,114,S1000111.42940,VOID,2,7.9,15.8,0.0,0.0,0.0,0.0,106,Neptun-Ringe,Beilagen,,MwSt. 7%,1.07,14.766355,1.033645,Normalverkauf
S1000111.42941,SP1000111.26.42941,SY1000111.2026.42941,iPad1(1000111),111,07.06.26 20:12,Prod,A1000111.6843,Tisch 8,107,S1000111.42941,SALE,1,3.9,3.9,0.0,0.0,0.0,0.0,126,Spezi,Getränke,,MwSt. 19%,1.19,3.277311,0.622689,Normalverkauf
S1000111.42942,SP1000111.26.42942,SY1000111.2026.42942,iPad1(1000111),111,07.06.26 12:19,Prod,A1000111.6844,Tisch 9,107,S1000111.42942,SALE,1,3.9,3.9,0.0,0.0,0.0,0.0,126,Spezi,Getränke,,MwSt. 19%,1.19,3.277311,0.622689,Normalverkauf
S1000111.42943,SP1000111.26.42943,SY1000111.2026.42943,iPad1(1000111),111,07.06.26 12:19,Prod,A1000111.6844,Tisch 9,107,S1000111.42943,SALE,1,5.5,5.5,0.0,0.0,0.0,0.0,111,Pommes Frites,Beilagen,,MwSt. 7%,1.07,5.140187,0.359813,Normalverkauf
S1000111.42944,SP1000111.26.42944,SY1000111.2026.42944,iPad1(1000111),111,07.06.26 12:19,Prod,A1000111.6844,Tisch 9,107,S1000111.42944,SALE,1,10.9,10.9,0.0,0.0,0.0,0.0,104,Thunfisch Wrap,Hauptgerichte,,MwSt. 7%,1.07,10.186916,0.713084,Normalverkauf
S1000111.42945,SP1000111.26.42945,SY1000111.2026.42945,iPad1(1000111),111,07.06.26 11:50,Prod,A1000111.6845,Tisch 1,115,S1000111.42945,SALE,1,6.5,6.5,0.0,0.0,0.0,0.0,100,Fischbrötchen Backfisch,Hauptspeisen,,MwSt. 7%,1.07,6.074766,0.425234,Normalverkauf
S1000111.42946,SP1000111.26.42946,SY1000111.2026.42946,iPad1(1000111),111,07.06.26 11:50,Prod,A1000111.6845,Tisch 1,115,S1000111.42946,SALE,1,9.8,9.8,0.0,0.0,0.0,0.0,108,Seelachs-Ei-Baugette,Hauptgerichte,,MwSt. 7%,1.07,9.158879,0.641121,Normalverkauf
S1000111.42947,SP1000111.26.42947,SY1000111.2026.42947,iPad1(1000111),111,07.06.26 11:50,Prod,A1000111.6845,Tisch 1,115,S1000111.42947,SALE,2,5.9,11.8,0.0,0.0,0.0,0.0,116,Vanillequark,Desserts,,MwSt. 7%,1.07,11.028037,0.771963,Normalverkauf
S1000111.42948,SP1000111.26.42948,SY1000111.2026.42948,iPad1(1000111),111,07.06.26 16:32,Prod,A1000111.6846,Tisch 19,107,S1000111.42948,SALE,2,14.5,29.0,0.0,0.0,0.0,0.0,101,Lachs,Hauptspeisen,,MwSt. 7%,1.07,27.102804,1.897196,Normalverkauf
S1000111.42949,SP1000111.26.42949,SY1000111.2026.42949,iPad1(1000111),111,07.06.26 16:32,Prod,A1000111.6846,Tisch 19,107,S1000111.42949,SALE,1,6.9,6.9,0.0,0.0,0.0,0.0,103,Fischbrötchen Räucherlachs,Hauptspeisen,,MwSt. 7%,1.07,6.448598,0.451402,Normalverkauf
S1000111.42950,SP1000111.26.42950,SY1000111.2026.42950,iPad1(1000111),111,07.06.26 11:56,Prod,A1000111.6847,Tisch 11,118,S1000111.42950,SALE,1,5.9,5.9,0.0,0.0,0.0,0.0,125,Zitronen-Limonade,Getränke,,MwSt. 19%,1.19,4.957983,0.942017,Normalverkauf
S1000111.42951,SP1000111.26.42951,SY1000111.2026.42951,iPad1(1000111),111,07.06.26 11:56,Prod,A1000111.6847,Tisch 11,118,S1000111.42951,SALE,2,3.9,7.8,0.0,0.0,0.0,0.0,124,Cola Zero,Getränke,,MwSt. 19%,1.19,6.554622,1.245378,Normalverkauf
S1000111.42952,SP1000111.26.42952,SY1000111.2026.42952,iPad1(1000111),111,07.06.26 11:56,Prod,A1000111.6847,Tisch 11,118,S1000111.42952,SALE,2,3.9,7.8,0.0,0.0,0.0,0.0,127,Alkoholfreies Bier,Getränke,,MwSt. 19%,1.19,6.554622,1.245378,Normalverkauf
S1000111.42953,SP1000111.26.42953,SY1000111.2026.42953,iPad1(1000111),111,07.06.26 18:00,Prod,A1000111.6848,Tisch 9,119,S1000111.42953,SALE,1,4.2,4.2,0.0,0.0,0.0,0.0,122,Bier,Getränke,,MwSt. 19%,1.19,3.529412,0.670588,Normalverkauf
S1000111.42954,SP1000111.26.42954,SY1000111.2026.42954,iPad1(1000111),111,07.06.26 18:00,Prod,A1000111.6848,Tisch 9,119,S1000111.42954,SALE,2,10.9,21.8,0.0,0.0,0.0,0.0,107,Chicken Burger,Hauptgerichte,,MwSt. 7%,1.07,20.373832,1.426168,Normalverkauf
S1000111.42955,SP1000111.26.42955,SY1000111.2026.42955,iPad1(1000111),111,07.06.26 18:00,Prod,A1000111.6848,Tisch 9,119,S1000111.42955,SALE,1,14.5,14.5,0.0,0.0,0.0,0.0,101,Lachs,Hauptspeisen,,MwSt. 7%,1.07,13.551402,0.948598,Normalverkauf
S1000111.42956,SP1000111.26.42956,SY1000111.2026.42956,iPad1(1000111),111,07.06.26 12:07,Prod,A1000111.6849,Tisch 17,107,S1000111.42956,SALE,2,6.9,13.8,0.0,0.0,0.0,0.0,113,Garnelen Box,Beilagen,,MwSt. 7%,1.07,12.897196,0.902804,Normalverkauf
S1000111.42957,SP1000111.26.42957,SY1000111.2026.42957,iPad1(1000111),111,07.06.26 12:07,Prod,A1000111.6849,Tisch 17,107,S1000111.42957,SALE,1,10.9,10.9,0.0,0.0,0.0,0.0,104,Thunfisch Wrap,Hauptgerichte,,MwSt. 7%,1.07,10.186916,0.713084,Normalverkauf
S1000111.42958,SP1000111.26.42958,SY1000111.2026.42958,iPad1(1000111),111,07.06.26 12:07,Prod,A1000111.6849,Tisch 17,107,S1000111.42958,SALE,2,4.9,9.8,0.0,0.0,0.0,0.0,112,Kartoffelwedges,Beilagen,,MwSt. 7%,1.07,9.158879,0.641121,Normalverkauf
S1000111.42959,SP1000111.26.42959,SY1000111.2026.42959,iPad1(1000111),111,07.06.26 16:15,Prod,A1000111.6850,Tisch 24,119,S1000111.42959,SALE,1,6.5,6.5,0.0,0.0,0.0,0.0,100,Fischbrötchen Backfisch,Hauptspeisen,,MwSt. 7%,1.07,6.074766,0.425234,Normalverkauf
S1000111.42960,SP1000111.26.42960,SY1000111.2026.42960,iPad1(1000111),111,07.06.26 16:15,Prod,A1000111.6850,Tisch 24,119,S1000111.42960,SALE,1,3.2,3.2,0.0,0.0,0.0,0.0,120,Apfelschorle,Getränke,,MwSt. 19%,1.19,2.689076,0.510924,Normalverkauf
S1000111.42961,SP1000111.26.42961,SY1000111.2026.42961,iPad1(1000111),111,07.06.26 20:35,Prod,A1000111.6851,Tisch 17,107,S1000111.42961,VOID,1,5.5,5.5,0.0,0.0,0.0,0.0,111,Pommes Frites,Beilagen,,MwSt. 7%,1.07,5.140187,0.359813,Normalverkauf
S1000111.42962,SP1000111.26.42962,SY1000111.2026.42962,iPad1(1000111),111,07.06.26 18:48,Prod,A1000111.6852,Tisch 16,115,S1000111.42962,SALE,2,4.9,9.8,0.0,0.0,0.0,0.0,112,Kartoffelwedges,Beilagen,,MwSt. 7%,1.07,9.158879,0.641121,Normalverkauf
S1000111.42963,SP1000111.26.42963,SY1000111.2026.42963,iPad1(1000111),111,07.06.26 18:48,Prod,A1000111.6852,Tisch 16,115,S1000111.42963,SALE,1,5.5,5.5,0.0,0.0,0.0,0.0,111,Pommes Frites,Beilagen,,MwSt. 7%,1.07,5.140187,0.359813,Normalverkauf
S1000111.42964,SP1000111.26.42964,SY1000111.2026.42964,iPad1(1000111),111,07.06.26 18:48,Prod,A1000111.6852,Tisch 16,115,S1000111.42964,SALE,2,11.9,23.8,0.0,0.0,0.0,0.0,110,Matjes-Baguette,Hauptgerichte,,MwSt. 7%,1.07,22.242991,1.557009,Normalverkauf
S1000111.42965,SP1000111.26.42965,SY1000111.2026.42965,iPad1(1000111),111,08.06.26 18:14,Prod,A1000111.6853,Tisch 18,117,S1000111.42965,SALE,1,5.5,5.5,0.0,0.0,0.0,0.0,111,Pommes Frites,Beilagen,,MwSt. 7%,1.07,5.140187,0.359813,Normalverkauf
S1000111.42966,SP1000111.26.42966,SY1000111.2026.42966,iPad1(1000111),111,08.06.26 18:14,Prod,A1000111.6853,Tisch 18,117,S1000111.42966,SALE,2,6.9,13.8,0.0,0.0,0.0,0.0,103,Fischbrötchen Räucherlachs,Hauptspeisen,,MwSt. 7%,1.07,12.897196,0.902804,Normalverkauf
S1000111.42967,SP1000111.26.42967,SY1000111.2026.42967,iPad1(1000111),111,08.06.26 18:14,Prod,A1000111.6853,Tisch 18,117,S1000111.42967,SALE,1,14.5,14.5,0.0,0.0,0.0,0.0,101,Lachs,Hauptspeisen,,MwSt. 7%,1.07,13.551402,0.948598,Normalverkauf
S1000111.42968,SP1000111.26.42968,SY1000111.2026.42968,iPad1(1000111),111,08.06.26 17:13,Prod,A1000111.6854,Tisch 10,117,S1000111.42968,SALE,2,10.9,21.8,0.0,0.0,0.0,0.0,107,Chicken Burger,Hauptgerichte,,MwSt. 7%,1.07,20.373832,1.426168,Normalverkauf
S1000111.42969,SP1000111.26.42969,SY1000111.2026.42969,iPad1(1000111),111,08.06.26 18:35,Prod,A1000111.6855,Tisch 15,101,S1000111.42969,SALE,2,5.9,11.8,0.0,0.0,0.0,0.0,123,Inger-Limonade,Getränke,,MwSt. 19%,1.19,9.915966,1.884034,Normalverkauf
S1000111.42970,SP1000111.26.42970,SY1000111.2026.42970,iPad1(1000111),111,08.06.26 15:21,Prod,A1000111.6856,Tisch 2,119,S1000111.42970,SALE,1,10.9,10.9,0.0,0.0,0.0,0.0,104,Thunfisch Wrap,Hauptgerichte,,MwSt. 7%,1.07,10.186916,0.713084,Normalverkauf
S1000111.42971,SP1000111.26.42971,SY1000111.2026.42971,iPad1(1000111),111,08.06.26 15:21,Prod,A1000111.6856,Tisch 2,119,S1000111.42971,SALE,1,2.8,2.8,0.0,0.0,0.0,0.0,121,Mineralwasser,Getränke,,MwSt. 19%,1.19,2.352941,0.447059,Normalverkauf
S1000111.42972,SP1000111.26.42972,SY1000111.2026.42972,iPad1(1000111),111,08.06.26 11:26,Prod,A1000111.6857,Tisch 20,101,S1000111.42972,SALE,2,6.9,13.8,0.0,0.0,0.0,0.0,103,Fischbrötchen Räucherlachs,Hauptspeisen,,MwSt. 7%,1.07,12.897196,0.902804,Normalverkauf
S1000111.42973,SP1000111.26.42973,SY1000111.2026.42973,iPad1(1000111),111,08.06.26 11:26,Prod,A1000111.6857,Tisch 20,101,S1000111.42973,SALE,2,5.9,11.8,0.0,0.0,0.0,0.0,117,Rote Grütze,Desserts,,MwSt. 7%,1.07,11.028037,0.771963,Normalverkauf
S1000111.42974,SP1000111.26.42974,SY1000111.2026.42974,iPad1(1000111),111,08.06.26 11:26,Prod,A1000111.6857,Tisch 20,101,S1000111.42974,SALE,1,5.5,5.5,0.0,0.0,0.0,0.0,111,Pommes Frites,Beilagen,,MwSt. 7%,1.07,5.140187,0.359813,Normalverkauf
S1000111.42975,SP1000111.26.42975,SY1000111.2026.42975,iPad1(1000111),111,08.06.26 20:30,Prod,A1000111.6858,Tisch 3,115,S1000111.42975,SALE,1,14.5,14.5,0.0,0.0,0.0,0.0,101,Lachs,Hauptspeisen,,MwSt. 7%,1.07,13.551402,0.948598,Normalverkauf
S1000111.42976,SP1000111.26.42976,SY1000111.2026.42976,iPad1(1000111),111,08.06.26 20:30,Prod,A1000111.6858,Tisch 3,115,S1000111.42976,SALE,1,5.9,5.9,0.0,0.0,0.0,0.0,117,Rote Grütze,Desserts,,MwSt. 7%,1.07,5.514019,0.385981,Normalverkauf
S1000111.42977,SP1000111.26.42977,SY1000111.2026.42977,iPad1(1000111),111,08.06.26 20:30,Prod,A1000111.6858,Tisch 3,115,S1000111.42977,SALE,1,3.9,3.9,0.0,0.0,0.0,0.0,119,Cola,Getränke,,MwSt. 19%,1.19,3.277311,0.622689,Normalverkauf
S1000111.42978,SP1000111.26.42978,SY1000111.2026.42978,iPad1(1000111),111,08.06.26 17:06,Prod,A1000111.6859,Tisch 5,119,S1000111.42978,SALE,2,11.5,23.0,0.0,0.0,0.0,0.0,105,Garnelen-Kimchi-Bruger,Hauptgerichte,,MwSt. 7%,1.07,21.495327,1.504673,Normalverkauf
S1000111.42979,SP1000111.26.42979,SY1000111.2026.42979,iPad1(1000111),111,08.06.26 17:06,Prod,A1000111.6859,Tisch 5,119,S1000111.42979,SALE,1,5.5,5.5,0.0,0.0,0.0,0.0,111,Pommes Frites,Beilagen,,MwSt. 7%,1.07,5.140187,0.359813,Normalverkauf
S1000111.42980,SP1000111.26.42980,SY1000111.2026.42980,iPad1(1000111),111,08.06.26 20:02,Prod,A1000111.6860,Tisch 18,117,S1000111.42980,SALE,2,10.9,21.8,0.0,0.0,0.0,0.0,109,Bismarck-Baguette,Hauptgerichte,,MwSt. 7%,1.07,20.373832,1.426168,Normalverkauf
S1000111.42981,SP1000111.26.42981,SY1000111.2026.42981,iPad1(1000111),111,08.06.26 20:02,Prod,A1000111.6860,Tisch 18,117,S1000111.42981,SALE,2,10.9,21.8,0.0,0.0,0.0,0.0,109,Bismarck-Baguette,Hauptgerichte,,MwSt. 7%,1.07,20.373832,1.426168,Normalverkauf
S1000111.42982,SP1000111.26.42982,SY1000111.2026.42982,iPad1(1000111),111,08.06.26 20:02,Prod,A1000111.6860,Tisch 18,117,S1000111.42982,SALE,1,3.9,3.9,0.0,0.0,0.0,0.0,119,Cola,Getränke,,MwSt. 19%,1.19,3.277311,0.622689,Normalverkauf
S1000111.42983,SP1000111.26.42983,SY1000111.2026.42983,iPad1(1000111),111,08.06.26 19:22,Prod,A1000111.6861,Tisch 20,107,S1000111.42983,SALE,1,5.9,5.9,0.0,0.0,0.0,0.0,123,Inger-Limonade,Getränke,,MwSt. 19%,1.19,4.957983,0.942017,Normalverkauf
S1000111.42984,SP1000111.26.42984,SY1000111.2026.42984,iPad1(1000111),111,08.06.26 19:22,Prod,A1000111.6861,Tisch 20,107,S1000111.42984,SALE,1,10.9,10.9,0.0,0.0,0.0,0.0,109,Bismarck-Baguette,Hauptgerichte,,MwSt. 7%,1.07,10.186916,0.713084,Normalverkauf
S1000111.42985,SP1000111.26.42985,SY1000111.2026.42985,iPad1(1000111),111,08.06.26 18:07,Prod,A1000111.6862,Tisch 14,114,S1000111.42985,SALE,1,5.5,5.5,0.0,0.0,0.0,0.0,111,Pommes Frites,Beilagen,,MwSt. 7%,1.07,5.140187,0.359813,Normalverkauf
S1000111.42986,SP1000111.26.42986,SY1000111.2026.42986,iPad1(1000111),111,08.06.26 16:35,Prod,A1000111.6863,Tisch 17,115,S1000111.42986,SALE,1,10.9,10.9,0.0,0.0,0.0,0.0,109,Bismarck-Baguette,Hauptgerichte,,MwSt. 7%,1.07,10.186916,0.713084,Normalverkauf
S1000111.42987,SP1000111.26.42987,SY1000111.2026.42987,iPad1(1000111),111,08.06.26 16:35,Prod,A1000111.6863,Tisch 17,115,S1000111.42987,SALE,2,7.9,15.8,0.0,0.0,0.0,0.0,106,Neptun-Ringe,Beilagen,,MwSt. 7%,1.07,14.766355,1.033645,Normalverkauf
S1000111.42988,SP1000111.26.42988,SY1000111.2026.42988,iPad1(1000111),111,08.06.26 12:31,Prod,A1000111.6864,Tisch 6,101,S1000111.42988,SALE,1,10.9,10.9,0.0,0.0,0.0,0.0,107,Chicken Burger,Hauptgerichte,,MwSt. 7%,1.07,10.186916,0.713084,Normalverkauf
S1000111.42989,SP1000111.26.42989,SY1000111.2026.42989,iPad1(1000111),111,08.06.26 12:31,Prod,A1000111.6864,Tisch 6,101,S1000111.42989,SALE,1,4.9,4.9,0.0,0.0,0.0,0.0,112,Kartoffelwedges,Beilagen,,MwSt. 7%,1.07,4.579439,0.320561,Normalverkauf
S1000111.42990,SP1000111.26.42990,SY1000111.2026.42990,iPad1(1000111),111,08.06.26 12:31,Prod,A1000111.6864,Tisch 6,101,S1000111.42990,SALE,1,5.5,5.5,0.0,0.0,0.0,0.0,111,Pommes Frites,Beilagen,,MwSt. 7%,1.07,5.140187,0.359813,Normalverkauf
S1000111.42991,SP1000111.26.42991,SY1000111.2026.42991,iPad1(1000111),111,08.06.26 12:01,Prod,A1000111.6865,Tisch 11,117,S1000111.42991,VOID,2,11.9,23.8,0.0,0.0,0.0,0.0,110,Matjes-Baguette,Hauptgerichte,,MwSt. 7%,1.07,22.242991,1.557009,Normalverkauf
S1000111.42992,SP1000111.26.42992,SY1000111.2026.42992,iPad1(1000111),111,08.06.26 15:49,Prod,A1000111.6866,,115,S1000111.42992,SALE,2,6.9,13.8,0.0,0.0,0.0,0.0,113,Garnelen Box,Beilagen,,MwSt. 7%,1.07,12.897196,0.902804,Normalverkauf
S1000111.42993,SP1000111.26.42993,SY1000111.2026.42993,iPad1(1000111),111,08.06.26 15:49,Prod,A1000111.6866,,115,S1000111.42993,SALE,2,2.8,5.6,0.0,0.0,0.0,0.0,121,Mineralwasser,Getränke,,MwSt. 19%,1.19,4.705882,0.894118,Normalverkauf
S1000111.42994,SP1000111.26.42994,SY1000111.2026.42994,iPad1(1000111),111,08.06.26 12:26,Prod,A1000111.6867,Tisch 21,114,S1000111.42994,SALE,2,3.9,7.8,0.0,0.0,0.0,0.0,126,Spezi,Getränke,,MwSt. 19%,1.19,6.554622,1.245378,Normalverkauf
S1000111.42995,SP1000111.26.42995,SY1000111.2026.42995,iPad1(1000111),111,08.06.26 12:26,Prod,A1000111.6867,Tisch 21,114,S1000111.42995,SALE,1,4.2,4.2,0.0,0.0,0.0,0.0,122,Bier,Getränke,,MwSt. 19%,1.19,3.529412,0.670588,Normalverkauf
S1000111.42996,SP1000111.26.42996,SY1000111.2026.42996,iPad1(1000111),111,08.06.26 12:26,Prod,A1000111.6867,Tisch 21,114,S1000111.42996,SALE,1,2.8,2.8,0.0,0.0,0.0,0.0,121,Mineralwasser,Getränke,,MwSt. 19%,1.19,2.352941,0.447059,Normalverkauf
S1000111.42997,SP1000111.26.42997,SY1000111.2026.42997,iPad1(1000111),111,08.06.26 15:10,Prod,A1000111.6868,Tisch 11,118,S1000111.42997,SALE,2,14.5,29.0,0.0,0.0,0.0,0.0,101,Lachs,Hauptspeisen,,MwSt. 7%,1.07,27.102804,1.897196,Normalverkauf
S1000111.42998,SP1000111.26.42998,SY1000111.2026.42998,iPad1(1000111),111,08.06.26 15:10,Prod,A1000111.6868,Tisch 11,118,S1000111.42998,SALE,1,5.5,5.5,0.0,0.0,0.0,0.0,111,Pommes Frites,Beilagen,,MwSt. 7%,1.07,5.140187,0.359813,Normalverkauf
S1000111.42999,SP1000111.26.42999,SY1000111.2026.42999,iPad1(1000111),111,08.06.26 16:20,Prod,A1000111.6869,Tisch 19,115,S1000111.42999,SALE,2,11.5,23.0,0.0,0.0,0.0,0.0,105,Garnelen-Kimchi-Bruger,Hauptgerichte,,MwSt. 7%,1.07,21.495327,1.504673,Normalverkauf
S1000111.43000,SP1000111.26.43000,SY1000111.2026.43000,iPad1(1000111),111,08.06.26 12:34,Prod,A1000111.6870,Tisch 13,117,S1000111.43000,SALE,1,3.9,3.9,0.0,0.0,0.0,0.0,127,Alkoholfreies Bier,Getränke,,MwSt. 19%,1.19,3.277311,0.622689,Normalverkauf
S1000111.43001,SP1000111.26.43001,SY1000111.2026.43001,iPad1(1000111),111,08.06.26 19:23,Prod,A1000111.6871,,115,S1000111.43001,SALE,2,5.5,11.0,0.0,0.0,0.0,0.0,111,Pommes Frites,Beilagen,,MwSt. 7%,1.07,10.280374,0.719626,Normalverkauf
S1000111.43002,SP1000111.26.43002,SY1000111.2026.43002,iPad1(1000111),111,08.06.26 19:23,Prod,A1000111.6871,,115,S1000111.43002,SALE,2,3.9,7.8,0.0,0.0,0.0,0.0,119,Cola,Getränke,,MwSt. 19%,1.19,6.554622,1.245378,Normalverkauf
S1000111.43003,SP1000111.26.43003,SY1000111.2026.43003,iPad1(1000111),111,08.06.26 12:40,Prod,A1000111.6872,,118,S1000111.43003,SALE,1,11.9,11.9,0.0,0.0,0.0,0.0,110,Matjes-Baguette,Hauptgerichte,,MwSt. 7%,1.07,11.121495,0.778505,Normalverkauf
S1000111.43004,SP1000111.26.43004,SY1000111.2026.43004,iPad1(1000111),111,08.06.26 12:40,Prod,A1000111.6872,,118,S1000111.43004,SALE,2,5.5,11.0,0.0,0.0,0.0,0.0,114,Fisch Nuggets Box,Beilagen,,MwSt. 7%,1.07,10.280374,0.719626,Normalverkauf
S1000111.43005,SP1000111.26.43005,SY1000111.2026.43005,iPad1(1000111),111,08.06.26 12:40,Prod,A1000111.6872,,118,S1000111.43005,SALE,1,3.9,3.9,0.0,0.0,0.0,0.0,126,Spezi,Getränke,,MwSt. 19%,1.19,3.277311,0.622689,Normalverkauf
S1000111.43006,SP1000111.26.43006,SY1000111.2026.43006,iPad1(1000111),111,08.06.26 10:48,Prod,A1000111.6873,Tisch 10,119,S1000111.43006,SALE,1,4.9,4.9,0.0,0.0,0.0,0.0,112,Kartoffelwedges,Beilagen,,MwSt. 7%,1.07,4.579439,0.320561,Normalverkauf
S1000111.43007,SP1000111.26.43007,SY1000111.2026.43007,iPad1(1000111),111,08.06.26 18:30,Prod,A1000111.6874,Tisch 9,107,S1000111.43007,SALE,2,5.9,11.8,0.0,0.0,0.0,0.0,116,Vanillequark,Desserts,,MwSt. 7%,1.07,11.028037,0.771963,Normalverkauf
S1000111.43008,SP1000111.26.43008,SY1000111.2026.43008,iPad1(1000111),111,08.06.26 20:47,Prod,A1000111.6875,Tisch 1,118,S1000111.43008,SALE,2,9.8,19.6,0.0,0.0,0.0,0.0,108,Seelachs-Ei-Baugette,Hauptgerichte,,MwSt. 7%,1.07,18.317757,1.282243,Normalverkauf
S1000111.43009,SP1000111.26.43009,SY1000111.2026.43009,iPad1(1000111),111,08.06.26 20:47,Prod,A1000111.6875,Tisch 1,118,S1000111.43009,SALE,2,5.5,11.0,0.0,0.0,0.0,0.0,114,Fisch Nuggets Box,Beilagen,,MwSt. 7%,1.07,10.280374,0.719626,Normalverkauf
S1000111.43010,SP1000111.26.43010,SY1000111.2026.43010,iPad1(1000111),111,08.06.26 12:31,Prod,A1000111.6876,Tisch 2,118,S1000111.43010,SALE,2,6.9,13.8,0.0,0.0,0.0,0.0,103,Fischbrötchen Räucherlachs,Hauptspeisen,,MwSt. 7%,1.07,12.897196,0.902804,Normalverkauf
S1000111.43011,SP1000111.26.43011,SY1000111.2026.43011,iPad1(1000111),111,08.06.26 12:31,Prod,A1000111.6876,Tisch 2,118,S1000111.43011,SALE,2,3.2,6.4,0.0,0.0,0.0,0.0,120,Apfelschorle,Getränke,,MwSt. 19%,1.19,5.378151,1.021849,Normalverkauf
S1000111.43012,SP1000111.26.43012,SY1000111.2026.43012,iPad1(1000111),111,08.06.26 12:31,Prod,A1000111.6876,Tisch 2,118,S1000111.43012,SALE,2,3.9,7.8,0.0,0.0,0.0,0.0,126,Spezi,Getränke,,MwSt. 19%,1.19,6.554622,1.245378,Normalverkauf
S1000111.43013,SP1000111.26.43013,SY1000111.2026.43013,iPad1(1000111),111,08.06.26 08:12,Prod,A1000111.6877,Tisch 17,107,S1000111.43013,SALE,1,6.9,6.9,0.0,0.0,0.0,0.0,103,Fischbrötchen Räucherlachs,Hauptspeisen,,MwSt. 7%,1.07,6.448598,0.451402,Normalverkauf
S1000111.43014,SP1000111.26.43014,SY1000111.2026.43014,iPad1(1000111),111,08.06.26 11:02,Prod,A1000111.6878,Tisch 24,101,S1000111.43014,SALE,1,3.2,3.2,0.0,0.0,0.0,0.0,120,Apfelschorle,Getränke,,MwSt. 19%,1.19,2.689076,0.510924,Normalverkauf
S1000111.43015,SP1000111.26.43015,SY1000111.2026.43015,iPad1(1000111),111,08.06.26 11:02,Prod,A1000111.6878,Tisch 24,101,S1000111.43015,SALE,2,3.9,7.8,0.0,0.0,0.0,0.0,119,Cola,Getränke,,MwSt. 19%,1.19,6.554622,1.245378,Normalverkauf
S1000111.43016,SP1000111.26.43016,SY1000111.2026.43016,iPad1(1000111),111,08.06.26 11:02,Prod,A1000111.6878,Tisch 24,101,S1000111.43016,SALE,1,6.5,6.5,0.0,0.0,0.0,0.0,100,Fischbrötchen Backfisch,Hauptspeisen,,MwSt. 7%,1.07,6.074766,0.425234,Normalverkauf
S1000111.43017,SP1000111.26.43017,SY1000111.2026.43017,iPad1(1000111),111,08.06.26 19:20,Prod,A1000111.6879,Tisch 5,115,S1000111.43017,SALE,2,3.9,7.8,0.0,0.0,0.0,0.0,119,Cola,Getränke,,MwSt. 19%,1.19,6.554622,1.245378,Normalverkauf
S1000111.43018,SP1000111.26.43018,SY1000111.2026.43018,iPad1(1000111),111,08.06.26 11:10,Prod,A1000111.6880,Tisch 7,118,S1000111.43018,VOID,1,4.9,4.9,0.0,0.0,0.0,0.0,112,Kartoffelwedges,Beilagen,,MwSt. 7%,1.07,4.579439,0.320561,Normalverkauf
S1000111.43019,SP1000111.26.43019,SY1000111.2026.43019,iPad1(1000111),111,08.06.26 11:10,Prod,A1000111.6880,Tisch 7,118,S1000111.43019,VOID,2,6.9,13.8,0.0,0.0,0.0,0.0,103,Fischbrötchen Räucherlachs,Hauptspeisen,,MwSt. 7%,1.07,12.897196,0.902804,Normalverkauf
S1000111.43020,SP1000111.26.43020,SY1000111.2026.43020,iPad1(1000111),111,08.06.26 11:10,Prod,A1000111.6880,Tisch 7,118,S1000111.43020,VOID,1,7.9,7.9,0.0,0.0,0.0,0.0,106,Neptun-Ringe,Beilagen,,MwSt. 7%,1.07,7.383178,0.516822,Normalverkauf
S1000111.43021,SP1000111.26.43021,SY1000111.2026.43021,iPad1(1000111),111,08.06.26 17:28,Prod,A1000111.6881,Tisch 18,101,S1000111.43021,VOID,1,2.8,2.8,0.0,0.0,0.0,0.0,121,Mineralwasser,Getränke,,MwSt. 19%,1.19,2.352941,0.447059,Normalverkauf
S1000111.43022,SP1000111.26.43022,SY1000111.2026.43022,iPad1(1000111),111,08.06.26 17:28,Prod,A1000111.6881,Tisch 18,101,S1000111.43022,VOID,2,3.9,7.8,0.0,0.0,0.0,0.0,124,Cola Zero,Getränke,,MwSt. 19%,1.19,6.554622,1.245378,Normalverkauf
S1000111.43023,SP1000111.26.43023,SY1000111.2026.43023,iPad1(1000111),111,08.06.26 17:28,Prod,A1000111.6881,Tisch 18,101,S1000111.43023,VOID,2,4.2,8.4,0.0,0.0,0.0,0.0,122,Bier,Getränke,,MwSt. 19%,1.19,7.058824,1.341176,Normalverkauf
S1000111.43024,SP1000111.26.43024,SY1000111.2026.43024,iPad1(1000111),111,08.06.26 17:50,Prod,A1000111.6882,Tisch 14,114,S1000111.43024,SALE,1,6.9,6.9,0.0,0.0,0.0,0.0,113,Garnelen Box,Beilagen,,MwSt. 7%,1.07,6.448598,0.451402,Normalverkauf
S1000111.43025,SP1000111.26.43025,SY1000111.2026.43025,iPad1(1000111),111,08.06.26 17:50,Prod,A1000111.6882,Tisch 14,114,S1000111.43025,SALE,1,11.5,11.5,0.0,0.0,0.0,0.0,105,Garnelen-Kimchi-Bruger,Hauptgerichte,,MwSt. 7%,1.07,10.747664,0.752336,Normalverkauf
S1000111.43026,SP1000111.26.43026,SY1000111.2026.43026,iPad1(1000111),111,08.06.26 16:00,Prod,A1000111.6883,Tisch 11,115,S1000111.43026,SALE,2,14.5,29.0,0.0,0.0,0.0,0.0,101,Lachs,Hauptspeisen,,MwSt. 7%,1.07,27.102804,1.897196,Normalverkauf
S1000111.43027,SP1000111.26.43027,SY1000111.2026.43027,iPad1(1000111),111,08.06.26 16:00,Prod,A1000111.6883,Tisch 11,115,S1000111.43027,SALE,2,3.2,6.4,0.0,0.0,0.0,0.0,120,Apfelschorle,Getränke,,MwSt. 19%,1.19,5.378151,1.021849,Normalverkauf
S1000111.43028,SP1000111.26.43028,SY1000111.2026.43028,iPad1(1000111),111,08.06.26 16:00,Prod,A1000111.6883,Tisch 11,115,S1000111.43028,SALE,1,10.9,10.9,0.0,0.0,0.0,0.0,109,Bismarck-Baguette,Hauptgerichte,,MwSt. 7%,1.07,10.186916,0.713084,Normalverkauf
S1000111.43029,SP1000111.26.43029,SY1000111.2026.43029,iPad1(1000111),111,08.06.26 09:38,Prod,A1000111.6884,Tisch 18,115,S1000111.43029,SALE,1,5.5,5.5,0.0,0.0,0.0,0.0,111,Pommes Frites,Beilagen,,MwSt. 7%,1.07,5.140187,0.359813,Normalverkauf
S1000111.43030,SP1000111.26.43030,SY1000111.2026.43030,iPad1(1000111),111,08.06.26 09:38,Prod,A1000111.6884,Tisch 18,115,S1000111.43030,SALE,2,4.9,9.8,0.0,0.0,0.0,0.0,112,Kartoffelwedges,Beilagen,,MwSt. 7%,1.07,9.158879,0.641121,Normalverkauf
S1000111.43031,SP1000111.26.43031,SY1000111.2026.43031,iPad1(1000111),111,08.06.26 19:10,Prod,A1000111.6885,Tisch 21,119,S1000111.43031,SALE,2,3.2,6.4,0.0,0.0,0.0,0.0,120,Apfelschorle,Getränke,,MwSt. 19%,1.19,5.378151,1.021849,Normalverkauf
S1000111.43032,SP1000111.26.43032,SY1000111.2026.43032,iPad1(1000111),111,08.06.26 19:10,Prod,A1000111.6885,Tisch 21,119,S1000111.43032,SALE,1,3.9,3.9,0.0,0.0,0.0,0.0,127,Alkoholfreies Bier,Getränke,,MwSt. 19%,1.19,3.277311,0.622689,Normalverkauf
S1000111.43033,SP1000111.26.43033,SY1000111.2026.43033,iPad1(1000111),111,08.06.26 19:10,Prod,A1000111.6885,Tisch 21,119,S1000111.43033,SALE,2,5.9,11.8,0.0,0.0,0.0,0.0,116,Vanillequark,Desserts,,MwSt. 7%,1.07,11.028037,0.771963,Normalverkauf
S1000111.43034,SP1000111.26.43034,SY1000111.2026.43034,iPad1(1000111),111,08.06.26 10:00,Prod,A1000111.6886,Tisch 21,107,S1000111.43034,SALE,2,10.9,21.8,0.0,0.0,0.0,0.0,109,Bismarck-Baguette,Hauptgerichte,,MwSt. 7%,1.07,20.373832,1.426168,Normalverkauf
S1000111.43035,SP1000111.26.43035,SY1000111.2026.43035,iPad1(1000111),111,08.06.26 10:00,Prod,A1000111.6886,Tisch 21,107,S1000111.43035,SALE,2,5.5,11.0,0.0,0.0,0.0,0.0,111,Pommes Frites,Beilagen,,MwSt. 7%,1.07,10.280374,0.719626,Normalverkauf
S1000111.43036,SP1000111.26.43036,SY1000111.2026.43036,iPad1(1000111),111,08.06.26 10:00,Prod,A1000111.6886,Tisch 21,107,S1000111.43036,SALE,2,14.5,29.0,0.0,0.0,0.0,0.0,101,Lachs,Hauptspeisen,,MwSt. 7%,1.07,27.102804,1.897196,Normalverkauf
S1000111.43037,SP1000111.26.43037,SY1000111.2026.43037,iPad1(1000111),111,08.06.26 11:08,Prod,A1000111.6887,Tisch 12,115,S1000111.43037,SALE,1,5.5,5.5,0.0,0.0,0.0,0.0,111,Pommes Frites,Beilagen,,MwSt. 7%,1.07,5.140187,0.359813,Normalverkauf
S1000111.43038,SP1000111.26.43038,SY1000111.2026.43038,iPad1(1000111),111,08.06.26 11:08,Prod,A1000111.6887,Tisch 12,115,S1000111.43038,SALE,2,6.9,13.8,0.0,0.0,0.0,0.0,103,Fischbrötchen Räucherlachs,Hauptspeisen,,MwSt. 7%,1.07,12.897196,0.902804,Normalverkauf
S1000111.43039,SP1000111.26.43039,SY1000111.2026.43039,iPad1(1000111),111,08.06.26 11:08,Prod,A1000111.6887,Tisch 12,115,S1000111.43039,SALE,2,6.5,13.0,0.0,0.0,0.0,0.0,118,Schokokuchen,Desserts,,MwSt. 7%,1.07,12.149533,0.850467,Normalverkauf
S1000111.43040,SP1000111.26.43040,SY1000111.2026.43040,iPad1(1000111),111,08.06.26 14:01,Prod,A1000111.6888,Tisch 11,118,S1000111.43040,SALE,1,4.9,4.9,0.0,0.0,0.0,0.0,112,Kartoffelwedges,Beilagen,,MwSt. 7%,1.07,4.579439,0.320561,Normalverkauf
S1000111.43041,SP1000111.26.43041,SY1000111.2026.43041,iPad1(1000111),111,08.06.26 14:01,Prod,A1000111.6888,Tisch 11,118,S1000111.43041,SALE,1,5.5,5.5,0.0,0.0,0.0,0.0,111,Pommes Frites,Beilagen,,MwSt. 7%,1.07,5.140187,0.359813,Normalverkauf
S1000111.43042,SP1000111.26.43042,SY1000111.2026.43042,iPad1(1000111),111,08.06.26 14:01,Prod,A1000111.6888,Tisch 11,118,S1000111.43042,SALE,1,6.5,6.5,0.0,0.0,0.0,0.0,118,Schokokuchen,Desserts,,MwSt. 7%,1.07,6.074766,0.425234,Normalverkauf
S1000111.43043,SP1000111.26.43043,SY1000111.2026.43043,iPad1(1000111),111,08.06.26 19:52,Prod,A1000111.6889,Tisch 21,117,S1000111.43043,SALE,2,10.9,21.8,0.0,0.0,0.0,0.0,107,Chicken Burger,Hauptgerichte,,MwSt. 7%,1.07,20.373832,1.426168,Normalverkauf
S1000111.43044,SP1000111.26.43044,SY1000111.2026.43044,iPad1(1000111),111,08.06.26 20:08,Prod,A1000111.6890,Tisch 18,117,S1000111.43044,SALE,1,10.9,10.9,0.0,0.0,0.0,0.0,109,Bismarck-Baguette,Hauptgerichte,,MwSt. 7%,1.07,10.186916,0.713084,Normalverkauf
S1000111.43045,SP1000111.26.43045,SY1000111.2026.43045,iPad1(1000111),111,08.06.26 20:08,Prod,A1000111.6890,Tisch 18,117,S1000111.43045,SALE,1,3.2,3.2,0.0,0.0,0.0,0.0,120,Apfelschorle,Getränke,,MwSt. 19%,1.19,2.689076,0.510924,Normalverkauf
S1000111.43046,SP1000111.26.43046,SY1000111.2026.43046,iPad1(1000111),111,08.06.26 20:08,Prod,A1000111.6890,Tisch 18,117,S1000111.43046,SALE,1,14.5,14.5,0.0,0.0,0.0,0.0,101,Lachs,Hauptspeisen,,MwSt. 7%,1.07,13.551402,0.948598,Normalverkauf
S1000111.43047,SP1000111.26.43047,SY1000111.2026.43047,iPad1(1000111),111,08.06.26 11:37,Prod,A1000111.6891,Tisch 13,115,S1000111.43047,SALE,2,4.2,8.4,0.0,0.0,0.0,0.0,122,Bier,Getränke,,MwSt. 19%,1.19,7.058824,1.341176,Normalverkauf
S1000111.43048,SP1000111.26.43048,SY1000111.2026.43048,iPad1(1000111),111,08.06.26 11:13,Prod,A1000111.6892,Tisch 3,107,S1000111.43048,SALE,2,6.5,13.0,0.0,0.0,0.0,0.0,118,Schokokuchen,Desserts,,MwSt. 7%,1.07,12.149533,0.850467,Normalverkauf
S1000111.43049,SP1000111.26.43049,SY1000111.2026.43049,iPad1(1000111),111,08.06.26 11:13,Prod,A1000111.6892,Tisch 3,107,S1000111.43049,SALE,2,4.2,8.4,0.0,0.0,0.0,0.0,122,Bier,Getränke,,MwSt. 19%,1.19,7.058824,1.341176,Normalverkauf
S1000111.43050,SP1000111.26.43050,SY1000111.2026.43050,iPad1(1000111),111,08.06.26 15:35,Prod,A1000111.6893,Tisch 20,107,S1000111.43050,SALE,1,7.9,7.9,0.0,0.0,0.0,0.0,106,Neptun-Ringe,Beilagen,,MwSt. 7%,1.07,7.383178,0.516822,Normalverkauf
S1000111.43051,SP1000111.26.43051,SY1000111.2026.43051,iPad1(1000111),111,08.06.26 15:35,Prod,A1000111.6893,Tisch 20,107,S1000111.43051,SALE,1,5.9,5.9,0.0,0.0,0.0,0.0,117,Rote Grütze,Desserts,,MwSt. 7%,1.07,5.514019,0.385981,Normalverkauf
S1000111.43052,SP1000111.26.43052,SY1000111.2026.43052,iPad1(1000111),111,08.06.26 15:35,Prod,A1000111.6893,Tisch 20,107,S1000111.43052,SALE,1,6.9,6.9,0.0,0.0,0.0,0.0,113,Garnelen Box,Beilagen,,MwSt. 7%,1.07,6.448598,0.451402,Normalverkauf
S1000111.43053,SP1000111.26.43053,SY1000111.2026.43053,iPad1(1000111),111,08.06.26 17:00,Prod,A1000111.6894,Tisch 8,114,S1000111.43053,SALE,2,3.9,7.8,0.0,0.0,0.0,0.0,126,Spezi,Getränke,,MwSt. 19%,1.19,6.554622,1.245378,Normalverkauf
S1000111.43054,SP1000111.26.43054,SY1000111.2026.43054,iPad1(1000111),111,08.06.26 17:00,Prod,A1000111.6894,Tisch 8,114,S1000111.43054,SALE,1,5.5,5.5,0.0,0.0,0.0,0.0,114,Fisch Nuggets Box,Beilagen,,MwSt. 7%,1.07,5.140187,0.359813,Normalverkauf
S1000111.43055,SP1000111.26.43055,SY1000111.2026.43055,iPad1(1000111),111,08.06.26 17:00,Prod,A1000111.6894,Tisch 8,114,S1000111.43055,SALE,2,10.9,21.8,0.0,0.0,0.0,0.0,104,Thunfisch Wrap,Hauptgerichte,,MwSt. 7%,1.07,20.373832,1.426168,Normalverkauf
S1000111.43056,SP1000111.26.43056,SY1000111.2026.43056,iPad1(1000111),111,08.06.26 19:12,Prod,A1000111.6895,Tisch 19,101,S1000111.43056,SALE,1,6.5,6.5,0.0,0.0,0.0,0.0,118,Schokokuchen,Desserts,,MwSt. 7%,1.07,6.074766,0.425234,Normalverkauf
S1000111.43057,SP1000111.26.43057,SY1000111.2026.43057,iPad1(1000111),111,08.06.26 19:12,Prod,A1000111.6895,Tisch 19,101,S1000111.43057,SALE,2,9.8,19.6,0.0,0.0,0.0,0.0,108,Seelachs-Ei-Baugette,Hauptgerichte,,MwSt. 7%,1.07,18.317757,1.282243,Normalverkauf
S1000111.43058,SP1000111.26.43058,SY1000111.2026.43058,iPad1(1000111),111,08.06.26 19:12,Prod,A1000111.6895,Tisch 19,101,S1000111.43058,SALE,1,13.5,13.5,0.0,0.0,0.0,0.0,102,Matjes,Hauptspeisen,,MwSt. 7%,1.07,12.616822,0.883178,Normalverkauf
S1000111.43059,SP1000111.26.43059,SY1000111.2026.43059,iPad1(1000111),111,08.06.26 17:58,Prod,A1000111.6896,Tisch 8,119,S1000111.43059,SALE,2,5.5,11.0,0.0,0.0,0.0,0.0,111,Pommes Frites,Beilagen,,MwSt. 7%,1.07,10.280374,0.719626,Normalverkauf
S1000111.43060,SP1000111.26.43060,SY1000111.2026.43060,iPad1(1000111),111,08.06.26 17:58,Prod,A1000111.6896,Tisch 8,119,S1000111.43060,SALE,2,5.9,11.8,0.0,0.0,0.0,0.0,125,Zitronen-Limonade,Getränke,,MwSt. 19%,1.19,9.915966,1.884034,Normalverkauf
S1000111.43061,SP1000111.26.43061,SY1000111.2026.43061,iPad1(1000111),111,08.06.26 11:27,Prod,A1000111.6897,Tisch 1,101,S1000111.43061,SALE,2,3.9,7.8,0.0,0.0,0.0,0.0,119,Cola,Getränke,,MwSt. 19%,1.19,6.554622,1.245378,Normalverkauf
S1000111.43062,SP1000111.26.43062,SY1000111.2026.43062,iPad1(1000111),111,08.06.26 11:27,Prod,A1000111.6897,Tisch 1,101,S1000111.43062,SALE,1,6.5,6.5,0.0,0.0,0.0,0.0,100,Fischbrötchen Backfisch,Hauptspeisen,,MwSt. 7%,1.07,6.074766,0.425234,Normalverkauf
S1000111.43063,SP1000111.26.43063,SY1000111.2026.43063,iPad1(1000111),111,08.06.26 11:27,Prod,A1000111.6897,Tisch 1,101,S1000111.43063,SALE,2,4.9,9.8,0.0,0.0,0.0,0.0,112,Kartoffelwedges,Beilagen,,MwSt. 7%,1.07,9.158879,0.641121,Normalverkauf
S1000111.43064,SP1000111.26.43064,SY1000111.2026.43064,iPad1(1000111),111,08.06.26 18:35,Prod,A1000111.6898,Tisch 14,101,S1000111.43064,SALE,2,5.9,11.8,0.0,0.0,0.0,0.0,125,Zitronen-Limonade,Getränke,,MwSt. 19%,1.19,9.915966,1.884034,Normalverkauf
S1000111.43065,SP1000111.26.43065,SY1000111.2026.43065,iPad1(1000111),111,08.06.26 18:35,Prod,A1000111.6898,Tisch 14,101,S1000111.43065,SALE,1,3.2,3.2,0.0,0.0,0.0,0.0,120,Apfelschorle,Getränke,,MwSt. 19%,1.19,2.689076,0.510924,Normalverkauf
S1000111.43066,SP1000111.26.43066,SY1000111.2026.43066,iPad1(1000111),111,08.06.26 18:35,Prod,A1000111.6898,Tisch 14,101,S1000111.43066,SALE,1,6.9,6.9,0.0,0.0,0.0,0.0,113,Garnelen Box,Beilagen,,MwSt. 7%,1.07,6.448598,0.451402,Normalverkauf
S1000111.43067,SP1000111.26.43067,SY1000111.2026.43067,iPad1(1000111),111,08.06.26 09:04,Prod,A1000111.6899,Tisch 15,115,S1000111.43067,SALE,1,4.2,4.2,0.0,0.0,0.0,0.0,122,Bier,Getränke,,MwSt. 19%,1.19,3.529412,0.670588,Normalverkauf
S1000111.43068,SP1000111.26.43068,SY1000111.2026.43068,iPad1(1000111),111,08.06.26 11:25,Prod,A1000111.6900,Tisch 15,118,S1000111.43068,VOID,1,11.9,11.9,0.0,0.0,0.0,0.0,110,Matjes-Baguette,Hauptgerichte,,MwSt. 7%,1.07,11.121495,0.778505,Normalverkauf
S1000111.43069,SP1000111.26.43069,SY1000111.2026.43069,iPad1(1000111),111,08.06.26 11:25,Prod,A1000111.6900,Tisch 15,118,S1000111.43069,VOID,2,5.5,11.0,0.0,0.0,0.0,0.0,111,Pommes Frites,Beilagen,,MwSt. 7%,1.07,10.280374,0.719626,Normalverkauf
S1000111.43070,SP1000111.26.43070,SY1000111.2026.43070,iPad1(1000111),111,08.06.26 11:25,Prod,A1000111.6900,Tisch 15,118,S1000111.43070,VOID,1,10.9,10.9,0.0,0.0,0.0,0.0,107,Chicken Burger,Hauptgerichte,,MwSt. 7%,1.07,10.186916,0.713084,Normalverkauf
S1000111.43071,SP1000111.26.43071,SY1000111.2026.43071,iPad1(1000111),111,08.06.26 16:03,Prod,A1000111.6901,Tisch 16,114,S1000111.43071,SALE,2,10.9,21.8,0.0,0.0,0.0,0.0,109,Bismarck-Baguette,Hauptgerichte,,MwSt. 7%,1.07,20.373832,1.426168,Normalverkauf
S1000111.43072,SP1000111.26.43072,SY1000111.2026.43072,iPad1(1000111),111,08.06.26 16:03,Prod,A1000111.6901,Tisch 16,114,S1000111.43072,SALE,2,5.5,11.0,0.0,0.0,0.0,0.0,114,Fisch Nuggets Box,Beilagen,,MwSt. 7%,1.07,10.280374,0.719626,Normalverkauf
S1000111.43073,SP1000111.26.43073,SY1000111.2026.43073,iPad1(1000111),111,08.06.26 08:05,Prod,A1000111.6902,Tisch 15,107,S1000111.43073,VOID,2,3.9,7.8,0.0,0.0,0.0,0.0,119,Cola,Getränke,,MwSt. 19%,1.19,6.554622,1.245378,Normalverkauf
S1000111.43074,SP1000111.26.43074,SY1000111.2026.43074,iPad1(1000111),111,08.06.26 19:33,Prod,A1000111.6903,Tisch 21,107,S1000111.43074,SALE,1,10.9,10.9,0.0,0.0,0.0,0.0,107,Chicken Burger,Hauptgerichte,,MwSt. 7%,1.07,10.186916,0.713084,Normalverkauf
S1000111.43075,SP1000111.26.43075,SY1000111.2026.43075,iPad1(1000111),111,08.06.26 10:37,Prod,A1000111.6904,Tisch 23,117,S1000111.43075,SALE,2,9.8,19.6,0.0,0.0,0.0,0.0,108,Seelachs-Ei-Baugette,Hauptgerichte,,MwSt. 7%,1.07,18.317757,1.282243,Normalverkauf
S1000111.43076,SP1000111.26.43076,SY1000111.2026.43076,iPad1(1000111),111,08.06.26 10:37,Prod,A1000111.6904,Tisch 23,117,S1000111.43076,SALE,1,13.5,13.5,0.0,0.0,0.0,0.0,102,Matjes,Hauptspeisen,,MwSt. 7%,1.07,12.616822,0.883178,Normalverkauf
S1000111.43077,SP1000111.26.43077,SY1000111.2026.43077,iPad1(1000111),111,08.06.26 10:37,Prod,A1000111.6904,Tisch 23,117,S1000111.43077,SALE,1,10.9,10.9,0.0,0.0,0.0,0.0,104,Thunfisch Wrap,Hauptgerichte,,MwSt. 7%,1.07,10.186916,0.713084,Normalverkauf
S1000111.43078,SP1000111.26.43078,SY1000111.2026.43078,iPad1(1000111),111,08.06.26 18:02,Prod,A1000111.6905,Tisch 22,115,S1000111.43078,SALE,2,7.9,15.8,0.0,0.0,0.0,0.0,115,Tiramisu,Desserts,,MwSt. 7%,1.07,14.766355,1.033645,Normalverkauf
S1000111.43079,SP1000111.26.43079,SY1000111.2026.43079,iPad1(1000111),111,08.06.26 12:07,Prod,A1000111.6906,,115,S1000111.43079,SALE,1,5.5,5.5,0.0,0.0,0.0,0.0,111,Pommes Frites,Beilagen,,MwSt. 7%,1.07,5.140187,0.359813,Normalverkauf
S1000111.43080,SP1000111.26.43080,SY1000111.2026.43080,iPad1(1000111),111,08.06.26 12:07,Prod,A1000111.6906,,115,S1000111.43080,SALE,2,3.9,7.8,0.0,0.0,0.0,0.0,126,Spezi,Getränke,,MwSt. 19%,1.19,6.554622,1.245378,Normalverkauf
S1000111.43081,SP1000111.26.43081,SY1000111.2026.43081,iPad1(1000111),111,08.06.26 20:14,Prod,A1000111.6907,Tisch 5,114,S1000111.43081,SALE,1,3.9,3.9,0.0,0.0,0.0,0.0,119,Cola,Getränke,,MwSt. 19%,1.19,3.277311,0.622689,Normalverkauf
S1000111.43082,SP1000111.26.43082,SY1000111.2026.43082,iPad1(1000111),111,08.06.26 11:02,Prod,A1000111.6908,Tisch 10,114,S1000111.43082,SALE,2,5.9,11.8,0.0,0.0,0.0,0.0,116,Vanillequark,Desserts,,MwSt. 7%,1.07,11.028037,0.771963,Normalverkauf
S1000111.43083,SP1000111.26.43083,SY1000111.2026.43083,iPad1(1000111),111,08.06.26 11:02,Prod,A1000111.6908,Tisch 10,114,S1000111.43083,SALE,1,4.9,4.9,0.0,0.0,0.0,0.0,112,Kartoffelwedges,Beilagen,,MwSt. 7%,1.07,4.579439,0.320561,Normalverkauf
S1000111.43084,SP1000111.26.43084,SY1000111.2026.43084,iPad1(1000111),111,08.06.26 11:02,Prod,A1000111.6908,Tisch 10,114,S1000111.43084,SALE,1,6.9,6.9,0.0,0.0,0.0,0.0,103,Fischbrötchen Räucherlachs,Hauptspeisen,,MwSt. 7%,1.07,6.448598,0.451402,Normalverkauf
S1000111.43085,SP1000111.26.43085,SY1000111.2026.43085,iPad1(1000111),111,08.06.26 20:52,Prod,A1000111.6909,Tisch 11,114,S1000111.43085,SALE,1,5.9,5.9,0.0,0.0,0.0,0.0,125,Zitronen-Limonade,Getränke,,MwSt. 19%,1.19,4.957983,0.942017,Normalverkauf
S1000111.43086,SP1000111.26.43086,SY1000111.2026.43086,iPad1(1000111),111,08.06.26 20:52,Prod,A1000111.6909,Tisch 11,114,S1000111.43086,SALE,1,4.9,4.9,0.0,0.0,0.0,0.0,112,Kartoffelwedges,Beilagen,,MwSt. 7%,1.07,4.579439,0.320561,Normalverkauf
S1000111.43087,SP1000111.26.43087,SY1000111.2026.43087,iPad1(1000111),111,08.06.26 20:52,Prod,A1000111.6909,Tisch 11,114,S1000111.43087,SALE,1,3.2,3.2,0.0,0.0,0.0,0.0,120,Apfelschorle,Getränke,,MwSt. 19%,1.19,2.689076,0.510924,Normalverkauf
S1000111.43088,SP1000111.26.43088,SY1000111.2026.43088,iPad1(1000111),111,08.06.26 19:57,Prod,A1000111.6910,Tisch 19,114,S1000111.43088,SALE,1,3.9,3.9,0.0,0.0,0.0,0.0,126,Spezi,Getränke,,MwSt. 19%,1.19,3.277311,0.622689,Normalverkauf
S1000111.43089,SP1000111.26.43089,SY1000111.2026.43089,iPad1(1000111),111,08.06.26 11:43,Prod,A1000111.6911,Tisch 8,115,S1000111.43089,SALE,1,11.9,11.9,0.0,0.0,0.0,0.0,110,Matjes-Baguette,Hauptgerichte,,MwSt. 7%,1.07,11.121495,0.778505,Normalverkauf
S1000111.43090,SP1000111.26.43090,SY1000111.2026.43090,iPad1(1000111),111,08.06.26 14:04,Prod,A1000111.6912,Tisch 9,118,S1000111.43090,SALE,1,6.9,6.9,0.0,0.0,0.0,0.0,103,Fischbrötchen Räucherlachs,Hauptspeisen,,MwSt. 7%,1.07,6.448598,0.451402,Normalverkauf
S1000111.43091,SP1000111.26.43091,SY1000111.2026.43091,iPad1(1000111),111,08.06.26 20:41,Prod,A1000111.6913,Tisch 13,115,S1000111.43091,SALE,2,3.9,7.8,0.0,0.0,0.0,0.0,127,Alkoholfreies Bier,Getränke,,MwSt. 19%,1.19,6.554622,1.245378,Normalverkauf
S1000111.43092,SP1000111.26.43092,SY1000111.2026.43092,iPad1(1000111),111,08.06.26 20:41,Prod,A1000111.6913,Tisch 13,115,S1000111.43092,SALE,1,6.9,6.9,0.0,0.0,0.0,0.0,103,Fischbrötchen Räucherlachs,Hauptspeisen,,MwSt. 7%,1.07,6.448598,0.451402,Normalverkauf
S1000111.43093,SP1000111.26.43093,SY1000111.2026.43093,iPad1(1000111),111,08.06.26 18:55,Prod,A1000111.6914,Tisch 3,101,S1000111.43093,SALE,1,3.9,3.9,0.0,0.0,0.0,0.0,127,Alkoholfreies Bier,Getränke,,MwSt. 19%,1.19,3.277311,0.622689,Normalverkauf
S1000111.43094,SP1000111.26.43094,SY1000111.2026.43094,iPad1(1000111),111,08.06.26 18:55,Prod,A1000111.6914,Tisch 3,101,S1000111.43094,SALE,1,10.9,10.9,0.0,0.0,0.0,0.0,104,Thunfisch Wrap,Hauptgerichte,,MwSt. 7%,1.07,10.186916,0.713084,Normalverkauf
S1000111.43095,SP1000111.26.43095,SY1000111.2026.43095,iPad1(1000111),111,08.06.26 12:16,Prod,A1000111.6915,Tisch 3,107,S1000111.43095,SALE,1,3.9,3.9,0.0,0.0,0.0,0.0,126,Spezi,Getränke,,MwSt. 19%,1.19,3.277311,0.622689,Normalverkauf
S1000111.43096,SP1000111.26.43096,SY1000111.2026.43096,iPad1(1000111),111,08.06.26 12:16,Prod,A1000111.6915,Tisch 3,107,S1000111.43096,SALE,1,2.8,2.8,0.0,0.0,0.0,0.0,121,Mineralwasser,Getränke,,MwSt. 19%,1.19,2.352941,0.447059,Normalverkauf
S1000111.43097,SP1000111.26.43097,SY1000111.2026.43097,iPad1(1000111),111,08.06.26 12:31,Prod,A1000111.6916,Tisch 22,115,S1000111.43097,SALE,1,10.9,10.9,0.0,0.0,0.0,0.0,109,Bismarck-Baguette,Hauptgerichte,,MwSt. 7%,1.07,10.186916,0.713084,Normalverkauf
S1000111.43098,SP1000111.26.43098,SY1000111.2026.43098,iPad1(1000111),111,08.06.26 12:31,Prod,A1000111.6916,Tisch 22,115,S1000111.43098,SALE,1,5.9,5.9,0.0,0.0,0.0,0.0,123,Inger-Limonade,Getränke,,MwSt. 19%,1.19,4.957983,0.942017,Normalverkauf
S1000111.43099,SP1000111.26.43099,SY1000111.2026.43099,iPad1(1000111),111,09.06.26 20:20,Prod,A1000111.6917,Tisch 19,114,S1000111.43099,SALE,2,10.9,21.8,0.0,0.0,0.0,0.0,107,Chicken Burger,Hauptgerichte,,MwSt. 7%,1.07,20.373832,1.426168,Normalverkauf
S1000111.43100,SP1000111.26.43100,SY1000111.2026.43100,iPad1(1000111),111,09.06.26 20:20,Prod,A1000111.6917,Tisch 19,114,S1000111.43100,SALE,2,10.9,21.8,0.0,0.0,0.0,0.0,104,Thunfisch Wrap,Hauptgerichte,,MwSt. 7%,1.07,20.373832,1.426168,Normalverkauf
S1000111.43101,SP1000111.26.43101,SY1000111.2026.43101,iPad1(1000111),111,09.06.26 13:20,Prod,A1000111.6918,Tisch 21,115,S1000111.43101,SALE,2,11.5,23.0,0.0,0.0,0.0,0.0,105,Garnelen-Kimchi-Bruger,Hauptgerichte,,MwSt. 7%,1.07,21.495327,1.504673,Normalverkauf
S1000111.43102,SP1000111.26.43102,SY1000111.2026.43102,iPad1(1000111),111,09.06.26 13:20,Prod,A1000111.6918,Tisch 21,115,S1000111.43102,SALE,1,4.9,4.9,0.0,0.0,0.0,0.0,112,Kartoffelwedges,Beilagen,,MwSt. 7%,1.07,4.579439,0.320561,Normalverkauf
S1000111.43103,SP1000111.26.43103,SY1000111.2026.43103,iPad1(1000111),111,09.06.26 11:49,Prod,A1000111.6919,Tisch 18,115,S1000111.43103,SALE,1,6.9,6.9,0.0,0.0,0.0,0.0,113,Garnelen Box,Beilagen,,MwSt. 7%,1.07,6.448598,0.451402,Normalverkauf
S1000111.43104,SP1000111.26.43104,SY1000111.2026.43104,iPad1(1000111),111,09.06.26 11:49,Prod,A1000111.6919,Tisch 18,115,S1000111.43104,SALE,1,4.2,4.2,0.0,0.0,0.0,0.0,122,Bier,Getränke,,MwSt. 19%,1.19,3.529412,0.670588,Normalverkauf
S1000111.43105,SP1000111.26.43105,SY1000111.2026.43105,iPad1(1000111),111,09.06.26 19:14,Prod,A1000111.6920,Tisch 17,114,S1000111.43105,VOID,2,6.5,13.0,0.0,0.0,0.0,0.0,118,Schokokuchen,Desserts,,MwSt. 7%,1.07,12.149533,0.850467,Normalverkauf
S1000111.43106,SP1000111.26.43106,SY1000111.2026.43106,iPad1(1000111),111,09.06.26 19:14,Prod,A1000111.6920,Tisch 17,114,S1000111.43106,VOID,2,10.9,21.8,0.0,0.0,0.0,0.0,109,Bismarck-Baguette,Hauptgerichte,,MwSt. 7%,1.07,20.373832,1.426168,Normalverkauf
S1000111.43107,SP1000111.26.43107,SY1000111.2026.43107,iPad1(1000111),111,09.06.26 19:14,Prod,A1000111.6920,Tisch 17,114,S1000111.43107,VOID,1,2.8,2.8,0.0,0.0,0.0,0.0,121,Mineralwasser,Getränke,,MwSt. 19%,1.19,2.352941,0.447059,Normalverkauf
S1000111.43108,SP1000111.26.43108,SY1000111.2026.43108,iPad1(1000111),111,09.06.26 20:15,Prod,A1000111.6921,Tisch 21,115,S1000111.43108,SALE,2,5.5,11.0,0.0,0.0,0.0,0.0,111,Pommes Frites,Beilagen,,MwSt. 7%,1.07,10.280374,0.719626,Normalverkauf
S1000111.43109,SP1000111.26.43109,SY1000111.2026.43109,iPad1(1000111),111,09.06.26 20:15,Prod,A1000111.6921,Tisch 21,115,S1000111.43109,SALE,1,6.5,6.5,0.0,0.0,0.0,0.0,118,Schokokuchen,Desserts,,MwSt. 7%,1.07,6.074766,0.425234,Normalverkauf
S1000111.43110,SP1000111.26.43110,SY1000111.2026.43110,iPad1(1000111),111,09.06.26 13:04,Prod,A1000111.6922,Tisch 12,118,S1000111.43110,SALE,1,2.8,2.8,0.0,0.0,0.0,0.0,121,Mineralwasser,Getränke,,MwSt. 19%,1.19,2.352941,0.447059,Normalverkauf
S1000111.43111,SP1000111.26.43111,SY1000111.2026.43111,iPad1(1000111),111,09.06.26 13:54,Prod,A1000111.6923,,115,S1000111.43111,SALE,1,6.9,6.9,0.0,0.0,0.0,0.0,103,Fischbrötchen Räucherlachs,Hauptspeisen,,MwSt. 7%,1.07,6.448598,0.451402,Normalverkauf
S1000111.43112,SP1000111.26.43112,SY1000111.2026.43112,iPad1(1000111),111,09.06.26 13:54,Prod,A1000111.6923,,115,S1000111.43112,SALE,1,6.5,6.5,0.0,0.0,0.0,0.0,118,Schokokuchen,Desserts,,MwSt. 7%,1.07,6.074766,0.425234,Normalverkauf
S1000111.43113,SP1000111.26.43113,SY1000111.2026.43113,iPad1(1000111),111,09.06.26 13:54,Prod,A1000111.6923,,115,S1000111.43113,SALE,1,10.9,10.9,0.0,0.0,0.0,0.0,107,Chicken Burger,Hauptgerichte,,MwSt. 7%,1.07,10.186916,0.713084,Normalverkauf
S1000111.43114,SP1000111.26.43114,SY1000111.2026.43114,iPad1(1000111),111,09.06.26 15:34,Prod,A1000111.6924,Tisch 22,114,S1000111.43114,SALE,1,9.8,9.8,0.0,0.0,0.0,0.0,108,Seelachs-Ei-Baugette,Hauptgerichte,,MwSt. 7%,1.07,9.158879,0.641121,Normalverkauf
S1000111.43115,SP1000111.26.43115,SY1000111.2026.43115,iPad1(1000111),111,09.06.26 15:34,Prod,A1000111.6924,Tisch 22,114,S1000111.43115,SALE,1,6.9,6.9,0.0,0.0,0.0,0.0,103,Fischbrötchen Räucherlachs,Hauptspeisen,,MwSt. 7%,1.07,6.448598,0.451402,Normalverkauf
S1000111.43116,SP1000111.26.43116,SY1000111.2026.43116,iPad1(1000111),111,09.06.26 15:34,Prod,A1000111.6924,Tisch 22,114,S1000111.43116,SALE,2,5.5,11.0,0.0,0.0,0.0,0.0,111,Pommes Frites,Beilagen,,MwSt. 7%,1.07,10.280374,0.719626,Normalverkauf
S1000111.43117,SP1000111.26.43117,SY1000111.2026.43117,iPad1(1000111),111,09.06.26 16:49,Prod,A1000111.6925,Tisch 13,115,S1000111.43117,VOID,2,11.9,23.8,0.0,0.0,0.0,0.0,110,Matjes-Baguette,Hauptgerichte,,MwSt. 7%,1.07,22.242991,1.557009,Normalverkauf
S1000111.43118,SP1000111.26.43118,SY1000111.2026.43118,iPad1(1000111),111,09.06.26 13:26,Prod,A1000111.6926,Tisch 21,118,S1000111.43118,SALE,2,5.9,11.8,0.0,0.0,0.0,0.0,125,Zitronen-Limonade,Getränke,,MwSt. 19%,1.19,9.915966,1.884034,Normalverkauf
S1000111.43119,SP1000111.26.43119,SY1000111.2026.43119,iPad1(1000111),111,09.06.26 13:26,Prod,A1000111.6926,Tisch 21,118,S1000111.43119,SALE,2,3.9,7.8,0.0,0.0,0.0,0.0,124,Cola Zero,Getränke,,MwSt. 19%,1.19,6.554622,1.245378,Normalverkauf
S1000111.43120,SP1000111.26.43120,SY1000111.2026.43120,iPad1(1000111),111,09.06.26 13:26,Prod,A1000111.6926,Tisch 21,118,S1000111.43120,SALE,1,6.9,6.9,0.0,0.0,0.0,0.0,113,Garnelen Box,Beilagen,,MwSt. 7%,1.07,6.448598,0.451402,Normalverkauf
S1000111.43121,SP1000111.26.43121,SY1000111.2026.43121,iPad1(1000111),111,09.06.26 13:55,Prod,A1000111.6927,Tisch 17,117,S1000111.43121,SALE,2,10.9,21.8,0.0,0.0,0.0,0.0,104,Thunfisch Wrap,Hauptgerichte,,MwSt. 7%,1.07,20.373832,1.426168,Normalverkauf
S1000111.43122,SP1000111.26.43122,SY1000111.2026.43122,iPad1(1000111),111,09.06.26 13:55,Prod,A1000111.6927,Tisch 17,117,S1000111.43122,SALE,1,3.9,3.9,0.0,0.0,0.0,0.0,126,Spezi,Getränke,,MwSt. 19%,1.19,3.277311,0.622689,Normalverkauf
S1000111.43123,SP1000111.26.43123,SY1000111.2026.43123,iPad1(1000111),111,09.06.26 19:36,Prod,A1000111.6928,,101,S1000111.43123,SALE,2,10.9,21.8,0.0,0.0,0.0,0.0,109,Bismarck-Baguette,Hauptgerichte,,MwSt. 7%,1.07,20.373832,1.426168,Normalverkauf
S1000111.43124,SP1000111.26.43124,SY1000111.2026.43124,iPad1(1000111),111,09.06.26 18:01,Prod,A1000111.6929,,107,S1000111.43124,VOID,2,4.9,9.8,0.0,0.0,0.0,0.0,112,Kartoffelwedges,Beilagen,,MwSt. 7%,1.07,9.158879,0.641121,Normalverkauf
S1000111.43125,SP1000111.26.43125,SY1000111.2026.43125,iPad1(1000111),111,09.06.26 18:01,Prod,A1000111.6929,,107,S1000111.43125,VOID,1,5.5,5.5,0.0,0.0,0.0,0.0,111,Pommes Frites,Beilagen,,MwSt. 7%,1.07,5.140187,0.359813,Normalverkauf
S1000111.43126,SP1000111.26.43126,SY1000111.2026.43126,iPad1(1000111),111,09.06.26 18:01,Prod,A1000111.6929,,107,S1000111.43126,VOID,2,9.8,19.6,0.0,0.0,0.0,0.0,108,Seelachs-Ei-Baugette,Hauptgerichte,,MwSt. 7%,1.07,18.317757,1.282243,Normalverkauf
S1000111.43127,SP1000111.26.43127,SY1000111.2026.43127,iPad1(1000111),111,09.06.26 11:10,Prod,A1000111.6930,Tisch 10,101,S1000111.43127,SALE,1,10.9,10.9,0.0,0.0,0.0,0.0,107,Chicken Burger,Hauptgerichte,,MwSt. 7%,1.07,10.186916,0.713084,Normalverkauf
S1000111.43128,SP1000111.26.43128,SY1000111.2026.43128,iPad1(1000111),111,09.06.26 11:10,Prod,A1000111.6930,Tisch 10,101,S1000111.43128,SALE,2,4.2,8.4,0.0,0.0,0.0,0.0,122,Bier,Getränke,,MwSt. 19%,1.19,7.058824,1.341176,Normalverkauf
S1000111.43129,SP1000111.26.43129,SY1000111.2026.43129,iPad1(1000111),111,09.06.26 11:10,Prod,A1000111.6930,Tisch 10,101,S1000111.43129,SALE,1,10.9,10.9,0.0,0.0,0.0,0.0,104,Thunfisch Wrap,Hauptgerichte,,MwSt. 7%,1.07,10.186916,0.713084,Normalverkauf
S1000111.43130,SP1000111.26.43130,SY1000111.2026.43130,iPad1(1000111),111,09.06.26 15:37,Prod,A1000111.6931,Tisch 6,101,S1000111.43130,SALE,1,11.9,11.9,0.0,0.0,0.0,0.0,110,Matjes-Baguette,Hauptgerichte,,MwSt. 7%,1.07,11.121495,0.778505,Normalverkauf
S1000111.43131,SP1000111.26.43131,SY1000111.2026.43131,iPad1(1000111),111,09.06.26 19:15,Prod,A1000111.6932,Tisch 17,107,S1000111.43131,SALE,1,11.9,11.9,0.0,0.0,0.0,0.0,110,Matjes-Baguette,Hauptgerichte,,MwSt. 7%,1.07,11.121495,0.778505,Normalverkauf
S1000111.43132,SP1000111.26.43132,SY1000111.2026.43132,iPad1(1000111),111,09.06.26 19:15,Prod,A1000111.6932,Tisch 17,107,S1000111.43132,SALE,2,3.9,7.8,0.0,0.0,0.0,0.0,126,Spezi,Getränke,,MwSt. 19%,1.19,6.554622,1.245378,Normalverkauf
S1000111.43133,SP1000111.26.43133,SY1000111.2026.43133,iPad1(1000111),111,09.06.26 19:15,Prod,A1000111.6932,Tisch 17,107,S1000111.43133,SALE,2,10.9,21.8,0.0,0.0,0.0,0.0,107,Chicken Burger,Hauptgerichte,,MwSt. 7%,1.07,20.373832,1.426168,Normalverkauf
S1000111.43134,SP1000111.26.43134,SY1000111.2026.43134,iPad1(1000111),111,09.06.26 16:35,Prod,A1000111.6933,Tisch 6,114,S1000111.43134,SALE,2,5.9,11.8,0.0,0.0,0.0,0.0,123,Inger-Limonade,Getränke,,MwSt. 19%,1.19,9.915966,1.884034,Normalverkauf
S1000111.43135,SP1000111.26.43135,SY1000111.2026.43135,iPad1(1000111),111,09.06.26 16:35,Prod,A1000111.6933,Tisch 6,114,S1000111.43135,SALE,2,7.9,15.8,0.0,0.0,0.0,0.0,115,Tiramisu,Desserts,,MwSt. 7%,1.07,14.766355,1.033645,Normalverkauf
S1000111.43136,SP1000111.26.43136,SY1000111.2026.43136,iPad1(1000111),111,09.06.26 12:26,Prod,A1000111.6934,Tisch 21,101,S1000111.43136,SALE,1,5.5,5.5,0.0,0.0,0.0,0.0,111,Pommes Frites,Beilagen,,MwSt. 7%,1.07,5.140187,0.359813,Normalverkauf
S1000111.43137,SP1000111.26.43137,SY1000111.2026.43137,iPad1(1000111),111,09.06.26 20:34,Prod,A1000111.6935,Tisch 13,101,S1000111.43137,SALE,1,5.9,5.9,0.0,0.0,0.0,0.0,125,Zitronen-Limonade,Getränke,,MwSt. 19%,1.19,4.957983,0.942017,Normalverkauf
S1000111.43138,SP1000111.26.43138,SY1000111.2026.43138,iPad1(1000111),111,09.06.26 20:34,Prod,A1000111.6935,Tisch 13,101,S1000111.43138,SALE,1,9.8,9.8,0.0,0.0,0.0,0.0,108,Seelachs-Ei-Baugette,Hauptgerichte,,MwSt. 7%,1.07,9.158879,0.641121,Normalverkauf
S1000111.43139,SP1000111.26.43139,SY1000111.2026.43139,iPad1(1000111),111,09.06.26 20:34,Prod,A1000111.6935,Tisch 13,101,S1000111.43139,SALE,1,10.9,10.9,0.0,0.0,0.0,0.0,104,Thunfisch Wrap,Hauptgerichte,,MwSt. 7%,1.07,10.186916,0.713084,Normalverkauf
S1000111.43140,SP1000111.26.43140,SY1000111.2026.43140,iPad1(1000111),111,09.06.26 16:55,Prod,A1000111.6936,Tisch 19,115,S1000111.43140,SALE,1,7.9,7.9,0.0,0.0,0.0,0.0,106,Neptun-Ringe,Beilagen,,MwSt. 7%,1.07,7.383178,0.516822,Normalverkauf
S1000111.43141,SP1000111.26.43141,SY1000111.2026.43141,iPad1(1000111),111,09.06.26 17:24,Prod,A1000111.6937,Tisch 23,117,S1000111.43141,SALE,1,3.9,3.9,0.0,0.0,0.0,0.0,126,Spezi,Getränke,,MwSt. 19%,1.19,3.277311,0.622689,Normalverkauf
S1000111.43142,SP1000111.26.43142,SY1000111.2026.43142,iPad1(1000111),111,09.06.26 17:24,Prod,A1000111.6937,Tisch 23,117,S1000111.43142,SALE,1,10.9,10.9,0.0,0.0,0.0,0.0,104,Thunfisch Wrap,Hauptgerichte,,MwSt. 7%,1.07,10.186916,0.713084,Normalverkauf
S1000111.43143,SP1000111.26.43143,SY1000111.2026.43143,iPad1(1000111),111,09.06.26 17:24,Prod,A1000111.6937,Tisch 23,117,S1000111.43143,SALE,1,13.5,13.5,0.0,0.0,0.0,0.0,102,Matjes,Hauptspeisen,,MwSt. 7%,1.07,12.616822,0.883178,Normalverkauf
S1000111.43144,SP1000111.26.43144,SY1000111.2026.43144,iPad1(1000111),111,09.06.26 19:38,Prod,A1000111.6938,Tisch 19,115,S1000111.43144,SALE,1,13.5,13.5,0.0,0.0,0.0,0.0,102,Matjes,Hauptspeisen,,MwSt. 7%,1.07,12.616822,0.883178,Normalverkauf
S1000111.43145,SP1000111.26.43145,SY1000111.2026.43145,iPad1(1000111),111,09.06.26 19:38,Prod,A1000111.6938,Tisch 19,115,S1000111.43145,SALE,1,10.9,10.9,0.0,0.0,0.0,0.0,107,Chicken Burger,Hauptgerichte,,MwSt. 7%,1.07,10.186916,0.713084,Normalverkauf
S1000111.43146,SP1000111.26.43146,SY1000111.2026.43146,iPad1(1000111),111,09.06.26 19:38,Prod,A1000111.6938,Tisch 19,115,S1000111.43146,SALE,1,9.8,9.8,0.0,0.0,0.0,0.0,108,Seelachs-Ei-Baugette,Hauptgerichte,,MwSt. 7%,1.07,9.158879,0.641121,Normalverkauf
S1000111.43147,SP1000111.26.43147,SY1000111.2026.43147,iPad1(1000111),111,09.06.26 19:22,Prod,A1000111.6939,Tisch 1,119,S1000111.43147,SALE,1,3.9,3.9,0.0,0.0,0.0,0.0,127,Alkoholfreies Bier,Getränke,,MwSt. 19%,1.19,3.277311,0.622689,Normalverkauf
S1000111.43148,SP1000111.26.43148,SY1000111.2026.43148,iPad1(1000111),111,09.06.26 19:22,Prod,A1000111.6939,Tisch 1,119,S1000111.43148,SALE,2,3.9,7.8,0.0,0.0,0.0,0.0,119,Cola,Getränke,,MwSt. 19%,1.19,6.554622,1.245378,Normalverkauf
S1000111.43149,SP1000111.26.43149,SY1000111.2026.43149,iPad1(1000111),111,09.06.26 19:22,Prod,A1000111.6939,Tisch 1,119,S1000111.43149,SALE,2,5.9,11.8,0.0,0.0,0.0,0.0,117,Rote Grütze,Desserts,,MwSt. 7%,1.07,11.028037,0.771963,Normalverkauf
S1000111.43150,SP1000111.26.43150,SY1000111.2026.43150,iPad1(1000111),111,09.06.26 18:50,Prod,A1000111.6940,Tisch 10,115,S1000111.43150,SALE,2,5.5,11.0,0.0,0.0,0.0,0.0,114,Fisch Nuggets Box,Beilagen,,MwSt. 7%,1.07,10.280374,0.719626,Normalverkauf
S1000111.43151,SP1000111.26.43151,SY1000111.2026.43151,iPad1(1000111),111,09.06.26 18:50,Prod,A1000111.6940,Tisch 10,115,S1000111.43151,SALE,2,11.5,23.0,0.0,0.0,0.0,0.0,105,Garnelen-Kimchi-Bruger,Hauptgerichte,,MwSt. 7%,1.07,21.495327,1.504673,Normalverkauf
S1000111.43152,SP1000111.26.43152,SY1000111.2026.43152,iPad1(1000111),111,09.06.26 13:03,Prod,A1000111.6941,Tisch 19,107,S1000111.43152,SALE,2,10.9,21.8,0.0,0.0,0.0,0.0,104,Thunfisch Wrap,Hauptgerichte,,MwSt. 7%,1.07,20.373832,1.426168,Normalverkauf
S1000111.43153,SP1000111.26.43153,SY1000111.2026.43153,iPad1(1000111),111,09.06.26 13:03,Prod,A1000111.6941,Tisch 19,107,S1000111.43153,SALE,1,5.5,5.5,0.0,0.0,0.0,0.0,111,Pommes Frites,Beilagen,,MwSt. 7%,1.07,5.140187,0.359813,Normalverkauf
S1000111.43154,SP1000111.26.43154,SY1000111.2026.43154,iPad1(1000111),111,09.06.26 13:03,Prod,A1000111.6941,Tisch 19,107,S1000111.43154,SALE,2,5.9,11.8,0.0,0.0,0.0,0.0,125,Zitronen-Limonade,Getränke,,MwSt. 19%,1.19,9.915966,1.884034,Normalverkauf
S1000111.43155,SP1000111.26.43155,SY1000111.2026.43155,iPad1(1000111),111,09.06.26 12:46,Prod,A1000111.6942,Tisch 24,117,S1000111.43155,SALE,2,10.9,21.8,0.0,0.0,0.0,0.0,109,Bismarck-Baguette,Hauptgerichte,,MwSt. 7%,1.07,20.373832,1.426168,Normalverkauf
S1000111.43156,SP1000111.26.43156,SY1000111.2026.43156,iPad1(1000111),111,09.06.26 08:54,Prod,A1000111.6943,Tisch 21,107,S1000111.43156,SALE,1,2.8,2.8,0.0,0.0,0.0,0.0,121,Mineralwasser,Getränke,,MwSt. 19%,1.19,2.352941,0.447059,Normalverkauf
S1000111.43157,SP1000111.26.43157,SY1000111.2026.43157,iPad1(1000111),111,09.06.26 08:54,Prod,A1000111.6943,Tisch 21,107,S1000111.43157,SALE,1,4.9,4.9,0.0,0.0,0.0,0.0,112,Kartoffelwedges,Beilagen,,MwSt. 7%,1.07,4.579439,0.320561,Normalverkauf
S1000111.43158,SP1000111.26.43158,SY1000111.2026.43158,iPad1(1000111),111,09.06.26 13:55,Prod,A1000111.6944,Tisch 5,117,S1000111.43158,SALE,1,4.9,4.9,0.0,0.0,0.0,0.0,112,Kartoffelwedges,Beilagen,,MwSt. 7%,1.07,4.579439,0.320561,Normalverkauf
S1000111.43159,SP1000111.26.43159,SY1000111.2026.43159,iPad1(1000111),111,09.06.26 13:55,Prod,A1000111.6944,Tisch 5,117,S1000111.43159,SALE,2,6.5,13.0,0.0,0.0,0.0,0.0,100,Fischbrötchen Backfisch,Hauptspeisen,,MwSt. 7%,1.07,12.149533,0.850467,Normalverkauf
S1000111.43160,SP1000111.26.43160,SY1000111.2026.43160,iPad1(1000111),111,09.06.26 13:55,Prod,A1000111.6944,Tisch 5,117,S1000111.43160,SALE,2,2.8,5.6,0.0,0.0,0.0,0.0,121,Mineralwasser,Getränke,,MwSt. 19%,1.19,4.705882,0.894118,Normalverkauf
S1000111.43161,SP1000111.26.43161,SY1000111.2026.43161,iPad1(1000111),111,09.06.26 11:48,Prod,A1000111.6945,Tisch 4,119,S1000111.43161,SALE,2,3.9,7.8,0.0,0.0,0.0,0.0,124,Cola Zero,Getränke,,MwSt. 19%,1.19,6.554622,1.245378,Normalverkauf
S1000111.43162,SP1000111.26.43162,SY1000111.2026.43162,iPad1(1000111),111,09.06.26 11:48,Prod,A1000111.6945,Tisch 4,119,S1000111.43162,SALE,2,11.9,23.8,0.0,0.0,0.0,0.0,110,Matjes-Baguette,Hauptgerichte,,MwSt. 7%,1.07,22.242991,1.557009,Normalverkauf
S1000111.43163,SP1000111.26.43163,SY1000111.2026.43163,iPad1(1000111),111,09.06.26 11:48,Prod,A1000111.6945,Tisch 4,119,S1000111.43163,SALE,2,10.9,21.8,0.0,0.0,0.0,0.0,109,Bismarck-Baguette,Hauptgerichte,,MwSt. 7%,1.07,20.373832,1.426168,Normalverkauf
S1000111.43164,SP1000111.26.43164,SY1000111.2026.43164,iPad1(1000111),111,09.06.26 14:11,Prod,A1000111.6946,Tisch 7,119,S1000111.43164,SALE,1,10.9,10.9,0.0,0.0,0.0,0.0,107,Chicken Burger,Hauptgerichte,,MwSt. 7%,1.07,10.186916,0.713084,Normalverkauf
S1000111.43165,SP1000111.26.43165,SY1000111.2026.43165,iPad1(1000111),111,09.06.26 14:11,Prod,A1000111.6946,Tisch 7,119,S1000111.43165,SALE,1,3.9,3.9,0.0,0.0,0.0,0.0,127,Alkoholfreies Bier,Getränke,,MwSt. 19%,1.19,3.277311,0.622689,Normalverkauf
S1000111.43166,SP1000111.26.43166,SY1000111.2026.43166,iPad1(1000111),111,09.06.26 14:11,Prod,A1000111.6946,Tisch 7,119,S1000111.43166,SALE,1,3.9,3.9,0.0,0.0,0.0,0.0,119,Cola,Getränke,,MwSt. 19%,1.19,3.277311,0.622689,Normalverkauf
S1000111.43167,SP1000111.26.43167,SY1000111.2026.43167,iPad1(1000111),111,09.06.26 12:37,Prod,A1000111.6947,Tisch 13,117,S1000111.43167,SALE,1,3.9,3.9,0.0,0.0,0.0,0.0,126,Spezi,Getränke,,MwSt. 19%,1.19,3.277311,0.622689,Normalverkauf
S1000111.43168,SP1000111.26.43168,SY1000111.2026.43168,iPad1(1000111),111,09.06.26 11:28,Prod,A1000111.6948,,115,S1000111.43168,SALE,2,3.9,7.8,0.0,0.0,0.0,0.0,119,Cola,Getränke,,MwSt. 19%,1.19,6.554622,1.245378,Normalverkauf
S1000111.43169,SP1000111.26.43169,SY1000111.2026.43169,iPad1(1000111),111,09.06.26 12:37,Prod,A1000111.6949,Tisch 23,118,S1000111.43169,SALE,1,10.9,10.9,0.0,0.0,0.0,0.0,109,Bismarck-Baguette,Hauptgerichte,,MwSt. 7%,1.07,10.186916,0.713084,Normalverkauf
S1000111.43170,SP1000111.26.43170,SY1000111.2026.43170,iPad1(1000111),111,09.06.26 12:37,Prod,A1000111.6949,Tisch 23,118,S1000111.43170,SALE,2,11.5,23.0,0.0,0.0,0.0,0.0,105,Garnelen-Kimchi-Bruger,Hauptgerichte,,MwSt. 7%,1.07,21.495327,1.504673,Normalverkauf
S1000111.43171,SP1000111.26.43171,SY1000111.2026.43171,iPad1(1000111),111,09.06.26 18:24,Prod,A1000111.6950,Tisch 16,107,S1000111.43171,SALE,2,10.9,21.8,0.0,0.0,0.0,0.0,107,Chicken Burger,Hauptgerichte,,MwSt. 7%,1.07,20.373832,1.426168,Normalverkauf
S1000111.43172,SP1000111.26.43172,SY1000111.2026.43172,iPad1(1000111),111,09.06.26 13:33,Prod,A1000111.6951,Tisch 1,118,S1000111.43172,SALE,1,7.9,7.9,0.0,0.0,0.0,0.0,115,Tiramisu,Desserts,,MwSt. 7%,1.07,7.383178,0.516822,Normalverkauf
S1000111.43173,SP1000111.26.43173,SY1000111.2026.43173,iPad1(1000111),111,09.06.26 13:33,Prod,A1000111.6951,Tisch 1,118,S1000111.43173,SALE,2,3.9,7.8,0.0,0.0,0.0,0.0,124,Cola Zero,Getränke,,MwSt. 19%,1.19,6.554622,1.245378,Normalverkauf
S1000111.43174,SP1000111.26.43174,SY1000111.2026.43174,iPad1(1000111),111,09.06.26 12:40,Prod,A1000111.6952,Tisch 14,117,S1000111.43174,SALE,2,2.8,5.6,0.0,0.0,0.0,0.0,121,Mineralwasser,Getränke,,MwSt. 19%,1.19,4.705882,0.894118,Normalverkauf
S1000111.43175,SP1000111.26.43175,SY1000111.2026.43175,iPad1(1000111),111,09.06.26 11:34,Prod,A1000111.6953,Tisch 2,118,S1000111.43175,SALE,2,9.8,19.6,0.0,0.0,0.0,0.0,108,Seelachs-Ei-Baugette,Hauptgerichte,,MwSt. 7%,1.07,18.317757,1.282243,Normalverkauf
S1000111.43176,SP1000111.26.43176,SY1000111.2026.43176,iPad1(1000111),111,09.06.26 11:34,Prod,A1000111.6953,Tisch 2,118,S1000111.43176,SALE,2,10.9,21.8,0.0,0.0,0.0,0.0,107,Chicken Burger,Hauptgerichte,,MwSt. 7%,1.07,20.373832,1.426168,Normalverkauf
S1000111.43177,SP1000111.26.43177,SY1000111.2026.43177,iPad1(1000111),111,09.06.26 11:33,Prod,A1000111.6954,Tisch 17,118,S1000111.43177,SALE,1,4.9,4.9,0.0,0.0,0.0,0.0,112,Kartoffelwedges,Beilagen,,MwSt. 7%,1.07,4.579439,0.320561,Normalverkauf
S1000111.43178,SP1000111.26.43178,SY1000111.2026.43178,iPad1(1000111),111,09.06.26 11:33,Prod,A1000111.6954,Tisch 17,118,S1000111.43178,SALE,2,4.9,9.8,0.0,0.0,0.0,0.0,112,Kartoffelwedges,Beilagen,,MwSt. 7%,1.07,9.158879,0.641121,Normalverkauf
S1000111.43179,SP1000111.26.43179,SY1000111.2026.43179,iPad1(1000111),111,09.06.26 11:42,Prod,A1000111.6955,,117,S1000111.43179,SALE,2,10.9,21.8,0.0,0.0,0.0,0.0,107,Chicken Burger,Hauptgerichte,,MwSt. 7%,1.07,20.373832,1.426168,Normalverkauf
S1000111.43180,SP1000111.26.43180,SY1000111.2026.43180,iPad1(1000111),111,09.06.26 11:42,Prod,A1000111.6955,,117,S1000111.43180,SALE,1,7.9,7.9,0.0,0.0,0.0,0.0,106,Neptun-Ringe,Beilagen,,MwSt. 7%,1.07,7.383178,0.516822,Normalverkauf
S1000111.43181,SP1000111.26.43181,SY1000111.2026.43181,iPad1(1000111),111,09.06.26 11:42,Prod,A1000111.6955,,117,S1000111.43181,SALE,1,14.5,14.5,0.0,0.0,0.0,0.0,101,Lachs,Hauptspeisen,,MwSt. 7%,1.07,13.551402,0.948598,Normalverkauf
S1000111.43182,SP1000111.26.43182,SY1000111.2026.43182,iPad1(1000111),111,09.06.26 18:48,Prod,A1000111.6956,,115,S1000111.43182,VOID,2,13.5,27.0,0.0,0.0,0.0,0.0,102,Matjes,Hauptspeisen,,MwSt. 7%,1.07,25.233645,1.766355,Normalverkauf
S1000111.43183,SP1000111.26.43183,SY1000111.2026.43183,iPad1(1000111),111,09.06.26 18:48,Prod,A1000111.6956,,115,S1000111.43183,VOID,1,5.5,5.5,0.0,0.0,0.0,0.0,111,Pommes Frites,Beilagen,,MwSt. 7%,1.07,5.140187,0.359813,Normalverkauf
S1000111.43184,SP1000111.26.43184,SY1000111.2026.43184,iPad1(1000111),111,09.06.26 18:48,Prod,A1000111.6956,,115,S1000111.43184,VOID,2,3.9,7.8,0.0,0.0,0.0,0.0,124,Cola Zero,Getränke,,MwSt. 19%,1.19,6.554622,1.245378,Normalverkauf
S1000111.43185,SP1000111.26.43185,SY1000111.2026.43185,iPad1(1000111),111,09.06.26 10:41,Prod,A1000111.6957,Tisch 12,119,S1000111.43185,SALE,1,5.9,5.9,0.0,0.0,0.0,0.0,125,Zitronen-Limonade,Getränke,,MwSt. 19%,1.19,4.957983,0.942017,Normalverkauf
S1000111.43186,SP1000111.26.43186,SY1000111.2026.43186,iPad1(1000111),111,09.06.26 10:22,Prod,A1000111.6958,Tisch 2,115,S1000111.43186,SALE,1,3.9,3.9,0.0,0.0,0.0,0.0,119,Cola,Getränke,,MwSt. 19%,1.19,3.277311,0.622689,Normalverkauf
S1000111.43187,SP1000111.26.43187,SY1000111.2026.43187,iPad1(1000111),111,09.06.26 10:22,Prod,A1000111.6958,Tisch 2,115,S1000111.43187,SALE,2,3.9,7.8,0.0,0.0,0.0,0.0,127,Alkoholfreies Bier,Getränke,,MwSt. 19%,1.19,6.554622,1.245378,Normalverkauf
S1000111.43188,SP1000111.26.43188,SY1000111.2026.43188,iPad1(1000111),111,09.06.26 08:33,Prod,A1000111.6959,Tisch 2,115,S1000111.43188,SALE,2,11.9,23.8,0.0,0.0,0.0,0.0,110,Matjes-Baguette,Hauptgerichte,,MwSt. 7%,1.07,22.242991,1.557009,Normalverkauf
S1000111.43189,SP1000111.26.43189,SY1000111.2026.43189,iPad1(1000111),111,09.06.26 08:33,Prod,A1000111.6959,Tisch 2,115,S1000111.43189,SALE,1,6.9,6.9,0.0,0.0,0.0,0.0,103,Fischbrötchen Räucherlachs,Hauptspeisen,,MwSt. 7%,1.07,6.448598,0.451402,Normalverkauf
S1000111.43190,SP1000111.26.43190,SY1000111.2026.43190,iPad1(1000111),111,09.06.26 11:43,Prod,A1000111.6960,Tisch 3,118,S1000111.43190,SALE,2,5.5,11.0,0.0,0.0,0.0,0.0,111,Pommes Frites,Beilagen,,MwSt. 7%,1.07,10.280374,0.719626,Normalverkauf
S1000111.43191,SP1000111.26.43191,SY1000111.2026.43191,iPad1(1000111),111,09.06.26 11:43,Prod,A1000111.6960,Tisch 3,118,S1000111.43191,SALE,2,5.5,11.0,0.0,0.0,0.0,0.0,114,Fisch Nuggets Box,Beilagen,,MwSt. 7%,1.07,10.280374,0.719626,Normalverkauf
S1000111.43192,SP1000111.26.43192,SY1000111.2026.43192,iPad1(1000111),111,09.06.26 12:40,Prod,A1000111.6961,Tisch 10,114,S1000111.43192,SALE,1,7.9,7.9,0.0,0.0,0.0,0.0,115,Tiramisu,Desserts,,MwSt. 7%,1.07,7.383178,0.516822,Normalverkauf
S1000111.43193,SP1000111.26.43193,SY1000111.2026.43193,iPad1(1000111),111,09.06.26 14:49,Prod,A1000111.6962,Tisch 23,115,S1000111.43193,SALE,1,3.9,3.9,0.0,0.0,0.0,0.0,127,Alkoholfreies Bier,Getränke,,MwSt. 19%,1.19,3.277311,0.622689,Normalverkauf
S1000111.43194,SP1000111.26.43194,SY1000111.2026.43194,iPad1(1000111),111,09.06.26 14:49,Prod,A1000111.6962,Tisch 23,115,S1000111.43194,SALE,2,7.9,15.8,0.0,0.0,0.0,0.0,106,Neptun-Ringe,Beilagen,,MwSt. 7%,1.07,14.766355,1.033645,Normalverkauf
S1000111.43195,SP1000111.26.43195,SY1000111.2026.43195,iPad1(1000111),111,09.06.26 12:53,Prod,A1000111.6963,Tisch 8,119,S1000111.43195,SALE,1,5.5,5.5,0.0,0.0,0.0,0.0,111,Pommes Frites,Beilagen,,MwSt. 7%,1.07,5.140187,0.359813,Normalverkauf
S1000111.43196,SP1000111.26.43196,SY1000111.2026.43196,iPad1(1000111),111,09.06.26 18:26,Prod,A1000111.6964,Tisch 11,117,S1000111.43196,SALE,2,5.9,11.8,0.0,0.0,0.0,0.0,117,Rote Grütze,Desserts,,MwSt. 7%,1.07,11.028037,0.771963,Normalverkauf
S1000111.43197,SP1000111.26.43197,SY1000111.2026.43197,iPad1(1000111),111,09.06.26 18:26,Prod,A1000111.6964,Tisch 11,117,S1000111.43197,SALE,2,6.9,13.8,0.0,0.0,0.0,0.0,103,Fischbrötchen Räucherlachs,Hauptspeisen,,MwSt. 7%,1.07,12.897196,0.902804,Normalverkauf
S1000111.43198,SP1000111.26.43198,SY1000111.2026.43198,iPad1(1000111),111,09.06.26 12:53,Prod,A1000111.6965,Tisch 3,107,S1000111.43198,SALE,2,3.9,7.8,0.0,0.0,0.0,0.0,126,Spezi,Getränke,,MwSt. 19%,1.19,6.554622,1.245378,Normalverkauf
S1000111.43199,SP1000111.26.43199,SY1000111.2026.43199,iPad1(1000111),111,09.06.26 12:53,Prod,A1000111.6965,Tisch 3,107,S1000111.43199,SALE,1,5.5,5.5,0.0,0.0,0.0,0.0,111,Pommes Frites,Beilagen,,MwSt. 7%,1.07,5.140187,0.359813,Normalverkauf
S1000111.43200,SP1000111.26.43200,SY1000111.2026.43200,iPad1(1000111),111,09.06.26 12:53,Prod,A1000111.6965,Tisch 3,107,S1000111.43200,SALE,2,6.9,13.8,0.0,0.0,0.0,0.0,103,Fischbrötchen Räucherlachs,Hauptspeisen,,MwSt. 7%,1.07,12.897196,0.902804,Normalverkauf
S1000111.43201,SP1000111.26.43201,SY1000111.2026.43201,iPad1(1000111),111,09.06.26 18:31,Prod,A1000111.6966,Tisch 16,115,S1000111.43201,SALE,2,4.2,8.4,0.0,0.0,0.0,0.0,122,Bier,Getränke,,MwSt. 19%,1.19,7.058824,1.341176,Normalverkauf
S1000111.43202,SP1000111.26.43202,SY1000111.2026.43202,iPad1(1000111),111,09.06.26 18:31,Prod,A1000111.6966,Tisch 16,115,S1000111.43202,SALE,2,10.9,21.8,0.0,0.0,0.0,0.0,107,Chicken Burger,Hauptgerichte,,MwSt. 7%,1.07,20.373832,1.426168,Normalverkauf
S1000111.43203,SP1000111.26.43203,SY1000111.2026.43203,iPad1(1000111),111,09.06.26 18:31,Prod,A1000111.6966,Tisch 16,115,S1000111.43203,SALE,1,4.2,4.2,0.0,0.0,0.0,0.0,122,Bier,Getränke,,MwSt. 19%,1.19,3.529412,0.670588,Normalverkauf
S1000111.43204,SP1000111.26.43204,SY1000111.2026.43204,iPad1(1000111),111,09.06.26 20:52,Prod,A1000111.6967,Tisch 4,114,S1000111.43204,SALE,1,5.9,5.9,0.0,0.0,0.0,0.0,125,Zitronen-Limonade,Getränke,,MwSt. 19%,1.19,4.957983,0.942017,Normalverkauf
S1000111.43205,SP1000111.26.43205,SY1000111.2026.43205,iPad1(1000111),111,09.06.26 16:49,Prod,A1000111.6968,Tisch 2,114,S1000111.43205,SALE,2,3.9,7.8,0.0,0.0,0.0,0.0,127,Alkoholfreies Bier,Getränke,,MwSt. 19%,1.19,6.554622,1.245378,Normalverkauf
S1000111.43206,SP1000111.26.43206,SY1000111.2026.43206,iPad1(1000111),111,09.06.26 16:49,Prod,A1000111.6968,Tisch 2,114,S1000111.43206,SALE,1,5.5,5.5,0.0,0.0,0.0,0.0,111,Pommes Frites,Beilagen,,MwSt. 7%,1.07,5.140187,0.359813,Normalverkauf
S1000111.43207,SP1000111.26.43207,SY1000111.2026.43207,iPad1(1000111),111,09.06.26 16:49,Prod,A1000111.6968,Tisch 2,114,S1000111.43207,SALE,2,6.9,13.8,0.0,0.0,0.0,0.0,113,Garnelen Box,Beilagen,,MwSt. 7%,1.07,12.897196,0.902804,Normalverkauf
S1000111.43208,SP1000111.26.43208,SY1000111.2026.43208,iPad1(1000111),111,09.06.26 14:35,Prod,A1000111.6969,Tisch 15,118,S1000111.43208,SALE,2,5.5,11.0,0.0,0.0,0.0,0.0,111,Pommes Frites,Beilagen,,MwSt. 7%,1.07,10.280374,0.719626,Normalverkauf
S1000111.43209,SP1000111.26.43209,SY1000111.2026.43209,iPad1(1000111),111,09.06.26 14:35,Prod,A1000111.6969,Tisch 15,118,S1000111.43209,SALE,2,6.5,13.0,0.0,0.0,0.0,0.0,100,Fischbrötchen Backfisch,Hauptspeisen,,MwSt. 7%,1.07,12.149533,0.850467,Normalverkauf
S1000111.43210,SP1000111.26.43210,SY1000111.2026.43210,iPad1(1000111),111,09.06.26 14:35,Prod,A1000111.6969,Tisch 15,118,S1000111.43210,SALE,1,3.9,3.9,0.0,0.0,0.0,0.0,119,Cola,Getränke,,MwSt. 19%,1.19,3.277311,0.622689,Normalverkauf
S1000111.43211,SP1000111.26.43211,SY1000111.2026.43211,iPad1(1000111),111,09.06.26 19:56,Prod,A1000111.6970,Tisch 7,115,S1000111.43211,SALE,1,4.9,4.9,0.0,0.0,0.0,0.0,112,Kartoffelwedges,Beilagen,,MwSt. 7%,1.07,4.579439,0.320561,Normalverkauf
S1000111.43212,SP1000111.26.43212,SY1000111.2026.43212,iPad1(1000111),111,09.06.26 18:13,Prod,A1000111.6971,Tisch 14,114,S1000111.43212,SALE,2,10.9,21.8,0.0,0.0,0.0,0.0,107,Chicken Burger,Hauptgerichte,,MwSt. 7%,1.07,20.373832,1.426168,Normalverkauf
S1000111.43213,SP1000111.26.43213,SY1000111.2026.43213,iPad1(1000111),111,09.06.26 14:04,Prod,A1000111.6972,Tisch 6,117,S1000111.43213,SALE,2,3.9,7.8,0.0,0.0,0.0,0.0,119,Cola,Getränke,,MwSt. 19%,1.19,6.554622,1.245378,Normalverkauf
S1000111.43214,SP1000111.26.43214,SY1000111.2026.43214,iPad1(1000111),111,09.06.26 14:04,Prod,A1000111.6972,Tisch 6,117,S1000111.43214,SALE,2,10.9,21.8,0.0,0.0,0.0,0.0,107,Chicken Burger,Hauptgerichte,,MwSt. 7%,1.07,20.373832,1.426168,Normalverkauf
S1000111.43215,SP1000111.26.43215,SY1000111.2026.43215,iPad1(1000111),111,09.06.26 14:04,Prod,A1000111.6972,Tisch 6,117,S1000111.43215,SALE,1,11.9,11.9,0.0,0.0,0.0,0.0,110,Matjes-Baguette,Hauptgerichte,,MwSt. 7%,1.07,11.121495,0.778505,Normalverkauf
S1000111.43216,SP1000111.26.43216,SY1000111.2026.43216,iPad1(1000111),111,09.06.26 14:34,Prod,A1000111.6973,Tisch 16,119,S1000111.43216,SALE,1,7.9,7.9,0.0,0.0,0.0,0.0,115,Tiramisu,Desserts,,MwSt. 7%,1.07,7.383178,0.516822,Normalverkauf
S1000111.43217,SP1000111.26.43217,SY1000111.2026.43217,iPad1(1000111),111,09.06.26 14:34,Prod,A1000111.6973,Tisch 16,119,S1000111.43217,SALE,1,4.9,4.9,0.0,0.0,0.0,0.0,112,Kartoffelwedges,Beilagen,,MwSt. 7%,1.07,4.579439,0.320561,Normalverkauf
S1000111.43218,SP1000111.26.43218,SY1000111.2026.43218,iPad1(1000111),111,09.06.26 14:34,Prod,A1000111.6973,Tisch 16,119,S1000111.43218,SALE,1,10.9,10.9,0.0,0.0,0.0,0.0,107,Chicken Burger,Hauptgerichte,,MwSt. 7%,1.07,10.186916,0.713084,Normalverkauf
S1000111.43219,SP1000111.26.43219,SY1000111.2026.43219,iPad1(1000111),111,09.06.26 20:32,Prod,A1000111.6974,Tisch 7,114,S1000111.43219,SALE,2,14.5,29.0,0.0,0.0,0.0,0.0,101,Lachs,Hauptspeisen,,MwSt. 7%,1.07,27.102804,1.897196,Normalverkauf
S1000111.43220,SP1000111.26.43220,SY1000111.2026.43220,iPad1(1000111),111,09.06.26 20:32,Prod,A1000111.6974,Tisch 7,114,S1000111.43220,SALE,2,5.9,11.8,0.0,0.0,0.0,0.0,123,Inger-Limonade,Getränke,,MwSt. 19%,1.19,9.915966,1.884034,Normalverkauf
S1000111.43221,SP1000111.26.43221,SY1000111.2026.43221,iPad1(1000111),111,09.06.26 20:32,Prod,A1000111.6974,Tisch 7,114,S1000111.43221,SALE,1,5.9,5.9,0.0,0.0,0.0,0.0,123,Inger-Limonade,Getränke,,MwSt. 19%,1.19,4.957983,0.942017,Normalverkauf
S1000111.43222,SP1000111.26.43222,SY1000111.2026.43222,iPad1(1000111),111,09.06.26 18:57,Prod,A1000111.6975,Tisch 17,107,S1000111.43222,SALE,2,3.9,7.8,0.0,0.0,0.0,0.0,119,Cola,Getränke,,MwSt. 19%,1.19,6.554622,1.245378,Normalverkauf
S1000111.43223,SP1000111.26.43223,SY1000111.2026.43223,iPad1(1000111),111,09.06.26 18:57,Prod,A1000111.6975,Tisch 17,107,S1000111.43223,SALE,1,6.5,6.5,0.0,0.0,0.0,0.0,118,Schokokuchen,Desserts,,MwSt. 7%,1.07,6.074766,0.425234,Normalverkauf
S1000111.43224,SP1000111.26.43224,SY1000111.2026.43224,iPad1(1000111),111,09.06.26 13:10,Prod,A1000111.6976,Tisch 16,117,S1000111.43224,SALE,1,3.9,3.9,0.0,0.0,0.0,0.0,127,Alkoholfreies Bier,Getränke,,MwSt. 19%,1.19,3.277311,0.622689,Normalverkauf
S1000111.43225,SP1000111.26.43225,SY1000111.2026.43225,iPad1(1000111),111,09.06.26 13:10,Prod,A1000111.6976,Tisch 16,117,S1000111.43225,SALE,1,3.2,3.2,0.0,0.0,0.0,0.0,120,Apfelschorle,Getränke,,MwSt. 19%,1.19,2.689076,0.510924,Normalverkauf
S1000111.43226,SP1000111.26.43226,SY1000111.2026.43226,iPad1(1000111),111,09.06.26 13:10,Prod,A1000111.6976,Tisch 16,117,S1000111.43226,SALE,1,14.5,14.5,0.0,0.0,0.0,0.0,101,Lachs,Hauptspeisen,,MwSt. 7%,1.07,13.551402,0.948598,Normalverkauf
S1000111.43227,SP1000111.26.43227,SY1000111.2026.43227,iPad1(1000111),111,09.06.26 17:42,Prod,A1000111.6977,Tisch 23,107,S1000111.43227,SALE,1,14.5,14.5,0.0,0.0,0.0,0.0,101,Lachs,Hauptspeisen,,MwSt. 7%,1.07,13.551402,0.948598,Normalverkauf
S1000111.43228,SP1000111.26.43228,SY1000111.2026.43228,iPad1(1000111),111,09.06.26 17:42,Prod,A1000111.6977,Tisch 23,107,S1000111.43228,SALE,2,5.9,11.8,0.0,0.0,0.0,0.0,117,Rote Grütze,Desserts,,MwSt. 7%,1.07,11.028037,0.771963,Normalverkauf
S1000111.43229,SP1000111.26.43229,SY1000111.2026.43229,iPad1(1000111),111,09.06.26 16:22,Prod,A1000111.6978,Tisch 20,118,S1000111.43229,SALE,2,5.5,11.0,0.0,0.0,0.0,0.0,111,Pommes Frites,Beilagen,,MwSt. 7%,1.07,10.280374,0.719626,Normalverkauf
S1000111.43230,SP1000111.26.43230,SY1000111.2026.43230,iPad1(1000111),111,09.06.26 16:22,Prod,A1000111.6978,Tisch 20,118,S1000111.43230,SALE,2,6.9,13.8,0.0,0.0,0.0,0.0,113,Garnelen Box,Beilagen,,MwSt. 7%,1.07,12.897196,0.902804,Normalverkauf
S1000111.43231,SP1000111.26.43231,SY1000111.2026.43231,iPad1(1000111),111,09.06.26 20:01,Prod,A1000111.6979,Tisch 2,114,S1000111.43231,SALE,2,7.9,15.8,0.0,0.0,0.0,0.0,106,Neptun-Ringe,Beilagen,,MwSt. 7%,1.07,14.766355,1.033645,Normalverkauf
S1000111.43232,SP1000111.26.43232,SY1000111.2026.43232,iPad1(1000111),111,09.06.26 09:54,Prod,A1000111.6980,Tisch 20,114,S1000111.43232,SALE,1,4.9,4.9,0.0,0.0,0.0,0.0,112,Kartoffelwedges,Beilagen,,MwSt. 7%,1.07,4.579439,0.320561,Normalverkauf
S1000111.43233,SP1000111.26.43233,SY1000111.2026.43233,iPad1(1000111),111,09.06.26 09:54,Prod,A1000111.6980,Tisch 20,114,S1000111.43233,SALE,1,4.2,4.2,0.0,0.0,0.0,0.0,122,Bier,Getränke,,MwSt. 19%,1.19,3.529412,0.670588,Normalverkauf
S1000111.43234,SP1000111.26.43234,SY1000111.2026.43234,iPad1(1000111),111,09.06.26 09:54,Prod,A1000111.6980,Tisch 20,114,S1000111.43234,SALE,1,11.5,11.5,0.0,0.0,0.0,0.0,105,Garnelen-Kimchi-Bruger,Hauptgerichte,,MwSt. 7%,1.07,10.747664,0.752336,Normalverkauf
S1000111.43235,SP1000111.26.43235,SY1000111.2026.43235,iPad1(1000111),111,09.06.26 18:33,Prod,A1000111.6981,Tisch 19,118,S1000111.43235,SALE,2,9.8,19.6,0.0,0.0,0.0,0.0,108,Seelachs-Ei-Baugette,Hauptgerichte,,MwSt. 7%,1.07,18.317757,1.282243,Normalverkauf
S1000111.43236,SP1000111.26.43236,SY1000111.2026.43236,iPad1(1000111),111,09.06.26 18:33,Prod,A1000111.6981,Tisch 19,118,S1000111.43236,SALE,1,10.9,10.9,0.0,0.0,0.0,0.0,104,Thunfisch Wrap,Hauptgerichte,,MwSt. 7%,1.07,10.186916,0.713084,Normalverkauf
S1000111.43237,SP1000111.26.43237,SY1000111.2026.43237,iPad1(1000111),111,09.06.26 18:33,Prod,A1000111.6981,Tisch 19,118,S1000111.43237,SALE,2,6.9,13.8,0.0,0.0,0.0,0.0,103,Fischbrötchen Räucherlachs,Hauptspeisen,,MwSt. 7%,1.07,12.897196,0.902804,Normalverkauf
S1000111.43238,SP1000111.26.43238,SY1000111.2026.43238,iPad1(1000111),111,09.06.26 12:14,Prod,A1000111.6982,,115,S1000111.43238,VOID,2,11.9,23.8,0.0,0.0,0.0,0.0,110,Matjes-Baguette,Hauptgerichte,,MwSt. 7%,1.07,22.242991,1.557009,Normalverkauf
S1000111.43239,SP1000111.26.43239,SY1000111.2026.43239,iPad1(1000111),111,09.06.26 12:14,Prod,A1000111.6982,,115,S1000111.43239,VOID,2,4.9,9.8,0.0,0.0,0.0,0.0,112,Kartoffelwedges,Beilagen,,MwSt. 7%,1.07,9.158879,0.641121,Normalverkauf
S1000111.43240,SP1000111.26.43240,SY1000111.2026.43240,iPad1(1000111),111,09.06.26 12:14,Prod,A1000111.6982,,115,S1000111.43240,VOID,2,11.5,23.0,0.0,0.0,0.0,0.0,105,Garnelen-Kimchi-Bruger,Hauptgerichte,,MwSt. 7%,1.07,21.495327,1.504673,Normalverkauf
S1000111.43241,SP1000111.26.43241,SY1000111.2026.43241,iPad1(1000111),111,09.06.26 12:28,Prod,A1000111.6983,Tisch 6,119,S1000111.43241,SALE,1,4.2,4.2,0.0,0.0,0.0,0.0,122,Bier,Getränke,,MwSt. 19%,1.19,3.529412,0.670588,Normalverkauf
S1000111.43242,SP1000111.26.43242,SY1000111.2026.43242,iPad1(1000111),111,09.06.26 18:12,Prod,A1000111.6984,Tisch 16,101,S1000111.43242,SALE,2,5.5,11.0,0.0,0.0,0.0,0.0,111,Pommes Frites,Beilagen,,MwSt. 7%,1.07,10.280374,0.719626,Normalverkauf
S1000111.43243,SP1000111.26.43243,SY1000111.2026.43243,iPad1(1000111),111,09.06.26 18:12,Prod,A1000111.6984,Tisch 16,101,S1000111.43243,SALE,2,3.9,7.8,0.0,0.0,0.0,0.0,124,Cola Zero,Getränke,,MwSt. 19%,1.19,6.554622,1.245378,Normalverkauf
S1000111.43244,SP1000111.26.43244,SY1000111.2026.43244,iPad1(1000111),111,09.06.26 18:12,Prod,A1000111.6984,Tisch 16,101,S1000111.43244,SALE,2,3.2,6.4,0.0,0.0,0.0,0.0,120,Apfelschorle,Getränke,,MwSt. 19%,1.19,5.378151,1.021849,Normalverkauf
S1000111.43245,SP1000111.26.43245,SY1000111.2026.43245,iPad1(1000111),111,09.06.26 09:01,Prod,A1000111.6985,Tisch 5,107,S1000111.43245,SALE,2,4.2,8.4,0.0,0.0,0.0,0.0,122,Bier,Getränke,,MwSt. 19%,1.19,7.058824,1.341176,Normalverkauf
S1000111.43246,SP1000111.26.43246,SY1000111.2026.43246,iPad1(1000111),111,09.06.26 14:54,Prod,A1000111.6986,Tisch 2,117,S1000111.43246,SALE,2,2.8,5.6,0.0,0.0,0.0,0.0,121,Mineralwasser,Getränke,,MwSt. 19%,1.19,4.705882,0.894118,Normalverkauf
S1000111.43247,SP1000111.26.43247,SY1000111.2026.43247,iPad1(1000111),111,09.06.26 14:54,Prod,A1000111.6986,Tisch 2,117,S1000111.43247,SALE,2,3.9,7.8,0.0,0.0,0.0,0.0,119,Cola,Getränke,,MwSt. 19%,1.19,6.554622,1.245378,Normalverkauf
S1000111.43248,SP1000111.26.43248,SY1000111.2026.43248,iPad1(1000111),111,09.06.26 17:34,Prod,A1000111.6987,Tisch 5,115,S1000111.43248,SALE,2,3.9,7.8,0.0,0.0,0.0,0.0,119,Cola,Getränke,,MwSt. 19%,1.19,6.554622,1.245378,Normalverkauf
S1000111.43249,SP1000111.26.43249,SY1000111.2026.43249,iPad1(1000111),111,09.06.26 17:34,Prod,A1000111.6987,Tisch 5,115,S1000111.43249,SALE,2,5.9,11.8,0.0,0.0,0.0,0.0,117,Rote Grütze,Desserts,,MwSt. 7%,1.07,11.028037,0.771963,Normalverkauf
S1000111.43250,SP1000111.26.43250,SY1000111.2026.43250,iPad1(1000111),111,09.06.26 17:34,Prod,A1000111.6987,Tisch 5,115,S1000111.43250,SALE,2,9.8,19.6,0.0,0.0,0.0,0.0,108,Seelachs-Ei-Baugette,Hauptgerichte,,MwSt. 7%,1.07,18.317757,1.282243,Normalverkauf
S1000111.43251,SP1000111.26.43251,SY1000111.2026.43251,iPad1(1000111),111,09.06.26 11:16,Prod,A1000111.6988,Tisch 24,118,S1000111.43251,SALE,1,7.9,7.9,0.0,0.0,0.0,0.0,106,Neptun-Ringe,Beilagen,,MwSt. 7%,1.07,7.383178,0.516822,Normalverkauf
S1000111.43252,SP1000111.26.43252,SY1000111.2026.43252,iPad1(1000111),111,09.06.26 11:16,Prod,A1000111.6988,Tisch 24,118,S1000111.43252,SALE,1,10.9,10.9,0.0,0.0,0.0,0.0,107,Chicken Burger,Hauptgerichte,,MwSt. 7%,1.07,10.186916,0.713084,Normalverkauf
S1000111.43253,SP1000111.26.43253,SY1000111.2026.43253,iPad1(1000111),111,09.06.26 18:33,Prod,A1000111.6989,Tisch 19,119,S1000111.43253,SALE,2,2.8,5.6,0.0,0.0,0.0,0.0,121,Mineralwasser,Getränke,,MwSt. 19%,1.19,4.705882,0.894118,Normalverkauf
S1000111.43254,SP1000111.26.43254,SY1000111.2026.43254,iPad1(1000111),111,09.06.26 18:33,Prod,A1000111.6989,Tisch 19,119,S1000111.43254,SALE,1,10.9,10.9,0.0,0.0,0.0,0.0,107,Chicken Burger,Hauptgerichte,,MwSt. 7%,1.07,10.186916,0.713084,Normalverkauf
S1000111.43255,SP1000111.26.43255,SY1000111.2026.43255,iPad1(1000111),111,09.06.26 12:28,Prod,A1000111.6990,Tisch 18,107,S1000111.43255,SALE,1,4.9,4.9,0.0,0.0,0.0,0.0,112,Kartoffelwedges,Beilagen,,MwSt. 7%,1.07,4.579439,0.320561,Normalverkauf
S1000111.43256,SP1000111.26.43256,SY1000111.2026.43256,iPad1(1000111),111,09.06.26 12:28,Prod,A1000111.6990,Tisch 18,107,S1000111.43256,SALE,1,3.9,3.9,0.0,0.0,0.0,0.0,124,Cola Zero,Getränke,,MwSt. 19%,1.19,3.277311,0.622689,Normalverkauf
S1000111.43257,SP1000111.26.43257,SY1000111.2026.43257,iPad1(1000111),111,09.06.26 19:42,Prod,A1000111.6991,Tisch 17,118,S1000111.43257,SALE,2,6.9,13.8,0.0,0.0,0.0,0.0,113,Garnelen Box,Beilagen,,MwSt. 7%,1.07,12.897196,0.902804,Normalverkauf
S1000111.43258,SP1000111.26.43258,SY1000111.2026.43258,iPad1(1000111),111,09.06.26 19:42,Prod,A1000111.6991,Tisch 17,118,S1000111.43258,SALE,1,7.9,7.9,0.0,0.0,0.0,0.0,115,Tiramisu,Desserts,,MwSt. 7%,1.07,7.383178,0.516822,Normalverkauf
S1000111.43259,SP1000111.26.43259,SY1000111.2026.43259,iPad1(1000111),111,09.06.26 19:42,Prod,A1000111.6991,Tisch 17,118,S1000111.43259,SALE,1,3.9,3.9,0.0,0.0,0.0,0.0,127,Alkoholfreies Bier,Getränke,,MwSt. 19%,1.19,3.277311,0.622689,Normalverkauf
S1000111.43260,SP1000111.26.43260,SY1000111.2026.43260,iPad1(1000111),111,09.06.26 08:14,Prod,A1000111.6992,Tisch 19,118,S1000111.43260,SALE,2,6.5,13.0,0.0,0.0,0.0,0.0,100,Fischbrötchen Backfisch,Hauptspeisen,,MwSt. 7%,1.07,12.149533,0.850467,Normalverkauf
S1000111.43261,SP1000111.26.43261,SY1000111.2026.43261,iPad1(1000111),111,09.06.26 08:14,Prod,A1000111.6992,Tisch 19,118,S1000111.43261,SALE,2,5.9,11.8,0.0,0.0,0.0,0.0,125,Zitronen-Limonade,Getränke,,MwSt. 19%,1.19,9.915966,1.884034,Normalverkauf
S1000111.43262,SP1000111.26.43262,SY1000111.2026.43262,iPad1(1000111),111,09.06.26 15:00,Prod,A1000111.6993,Tisch 19,118,S1000111.43262,SALE,2,14.5,29.0,0.0,0.0,0.0,0.0,101,Lachs,Hauptspeisen,,MwSt. 7%,1.07,27.102804,1.897196,Normalverkauf
S1000111.43263,SP1000111.26.43263,SY1000111.2026.43263,iPad1(1000111),111,09.06.26 15:00,Prod,A1000111.6993,Tisch 19,118,S1000111.43263,SALE,2,5.9,11.8,0.0,0.0,0.0,0.0,125,Zitronen-Limonade,Getränke,,MwSt. 19%,1.19,9.915966,1.884034,Normalverkauf
S1000111.43264,SP1000111.26.43264,SY1000111.2026.43264,iPad1(1000111),111,09.06.26 15:00,Prod,A1000111.6993,Tisch 19,118,S1000111.43264,SALE,1,5.5,5.5,0.0,0.0,0.0,0.0,111,Pommes Frites,Beilagen,,MwSt. 7%,1.07,5.140187,0.359813,Normalverkauf
S1000111.43265,SP1000111.26.43265,SY1000111.2026.43265,iPad1(1000111),111,09.06.26 15:47,Prod,A1000111.6994,Tisch 4,118,S1000111.43265,SALE,1,6.5,6.5,0.0,0.0,0.0,0.0,100,Fischbrötchen Backfisch,Hauptspeisen,,MwSt. 7%,1.07,6.074766,0.425234,Normalverkauf
S1000111.43266,SP1000111.26.43266,SY1000111.2026.43266,iPad1(1000111),111,09.06.26 15:47,Prod,A1000111.6994,Tisch 4,118,S1000111.43266,SALE,2,2.8,5.6,0.0,0.0,0.0,0.0,121,Mineralwasser,Getränke,,MwSt. 19%,1.19,4.705882,0.894118,Normalverkauf
S1000111.43267,SP1000111.26.43267,SY1000111.2026.43267,iPad1(1000111),111,09.06.26 15:47,Prod,A1000111.6994,Tisch 4,118,S1000111.43267,SALE,1,3.9,3.9,0.0,0.0,0.0,0.0,126,Spezi,Getränke,,MwSt. 19%,1.19,3.277311,0.622689,Normalverkauf
S1000111.43268,SP1000111.26.43268,SY1000111.2026.43268,iPad1(1000111),111,09.06.26 13:04,Prod,A1000111.6995,Tisch 4,118,S1000111.43268,SALE,1,3.9,3.9,0.0,0.0,0.0,0.0,126,Spezi,Getränke,,MwSt. 19%,1.19,3.277311,0.622689,Normalverkauf
S1000111.43269,SP1000111.26.43269,SY1000111.2026.43269,iPad1(1000111),111,09.06.26 13:04,Prod,A1000111.6995,Tisch 4,118,S1000111.43269,SALE,2,7.9,15.8,0.0,0.0,0.0,0.0,115,Tiramisu,Desserts,,MwSt. 7%,1.07,14.766355,1.033645,Normalverkauf
S1000111.43270,SP1000111.26.43270,SY1000111.2026.43270,iPad1(1000111),111,09.06.26 13:04,Prod,A1000111.6995,Tisch 4,118,S1000111.43270,SALE,1,7.9,7.9,0.0,0.0,0.0,0.0,106,Neptun-Ringe,Beilagen,,MwSt. 7%,1.07,7.383178,0.516822,Normalverkauf
S1000111.43271,SP1000111.26.43271,SY1000111.2026.43271,iPad1(1000111),111,09.06.26 19:02,Prod,A1000111.6996,Tisch 4,117,S1000111.43271,SALE,1,10.9,10.9,0.0,0.0,0.0,0.0,107,Chicken Burger,Hauptgerichte,,MwSt. 7%,1.07,10.186916,0.713084,Normalverkauf
S1000111.43272,SP1000111.26.43272,SY1000111.2026.43272,iPad1(1000111),111,09.06.26 19:02,Prod,A1000111.6996,Tisch 4,117,S1000111.43272,SALE,2,5.9,11.8,0.0,0.0,0.0,0.0,125,Zitronen-Limonade,Getränke,,MwSt. 19%,1.19,9.915966,1.884034,Normalverkauf
S1000111.43273,SP1000111.26.43273,SY1000111.2026.43273,iPad1(1000111),111,10.06.26 19:26,Prod,A1000111.6997,Tisch 18,107,S1000111.43273,SALE,2,5.5,11.0,0.0,0.0,0.0,0.0,111,Pommes Frites,Beilagen,,MwSt. 7%,1.07,10.280374,0.719626,Normalverkauf
S1000111.43274,SP1000111.26.43274,SY1000111.2026.43274,iPad1(1000111),111,10.06.26 19:26,Prod,A1000111.6997,Tisch 18,107,S1000111.43274,SALE,2,6.9,13.8,0.0,0.0,0.0,0.0,113,Garnelen Box,Beilagen,,MwSt. 7%,1.07,12.897196,0.902804,Normalverkauf
S1000111.43275,SP1000111.26.43275,SY1000111.2026.43275,iPad1(1000111),111,10.06.26 13:28,Prod,A1000111.6998,Tisch 22,118,S1000111.43275,VOID,2,6.9,13.8,0.0,0.0,0.0,0.0,103,Fischbrötchen Räucherlachs,Hauptspeisen,,MwSt. 7%,1.07,12.897196,0.902804,Normalverkauf
S1000111.43276,SP1000111.26.43276,SY1000111.2026.43276,iPad1(1000111),111,10.06.26 13:28,Prod,A1000111.6998,Tisch 22,118,S1000111.43276,VOID,1,11.5,11.5,0.0,0.0,0.0,0.0,105,Garnelen-Kimchi-Bruger,Hauptgerichte,,MwSt. 7%,1.07,10.747664,0.752336,Normalverkauf
S1000111.43277,SP1000111.26.43277,SY1000111.2026.43277,iPad1(1000111),111,10.06.26 13:28,Prod,A1000111.6998,Tisch 22,118,S1000111.43277,VOID,1,3.9,3.9,0.0,0.0,0.0,0.0,119,Cola,Getränke,,MwSt. 19%,1.19,3.277311,0.622689,Normalverkauf
S1000111.43278,SP1000111.26.43278,SY1000111.2026.43278,iPad1(1000111),111,10.06.26 08:38,Prod,A1000111.6999,Tisch 2,107,S1000111.43278,SALE,2,11.9,23.8,0.0,0.0,0.0,0.0,110,Matjes-Baguette,Hauptgerichte,,MwSt. 7%,1.07,22.242991,1.557009,Normalverkauf
S1000111.43279,SP1000111.26.43279,SY1000111.2026.43279,iPad1(1000111),111,10.06.26 08:38,Prod,A1000111.6999,Tisch 2,107,S1000111.43279,SALE,2,10.9,21.8,0.0,0.0,0.0,0.0,109,Bismarck-Baguette,Hauptgerichte,,MwSt. 7%,1.07,20.373832,1.426168,Normalverkauf
S1000111.43280,SP1000111.26.43280,SY1000111.2026.43280,iPad1(1000111),111,10.06.26 08:38,Prod,A1000111.6999,Tisch 2,107,S1000111.43280,SALE,1,6.5,6.5,0.0,0.0,0.0,0.0,118,Schokokuchen,Desserts,,MwSt. 7%,1.07,6.074766,0.425234,Normalverkauf
S1000111.43281,SP1000111.26.43281,SY1000111.2026.43281,iPad1(1000111),111,10.06.26 17:08,Prod,A1000111.7000,,115,S1000111.43281,SALE,1,3.9,3.9,0.0,0.0,0.0,0.0,124,Cola Zero,Getränke,,MwSt. 19%,1.19,3.277311,0.622689,Normalverkauf
S1000111.43282,SP1000111.26.43282,SY1000111.2026.43282,iPad1(1000111),111,10.06.26 19:37,Prod,A1000111.7001,Tisch 3,118,S1000111.43282,SALE,2,5.9,11.8,0.0,0.0,0.0,0.0,117,Rote Grütze,Desserts,,MwSt. 7%,1.07,11.028037,0.771963,Normalverkauf
S1000111.43283,SP1000111.26.43283,SY1000111.2026.43283,iPad1(1000111),111,10.06.26 19:37,Prod,A1000111.7001,Tisch 3,118,S1000111.43283,SALE,1,5.9,5.9,0.0,0.0,0.0,0.0,125,Zitronen-Limonade,Getränke,,MwSt. 19%,1.19,4.957983,0.942017,Normalverkauf
S1000111.43284,SP1000111.26.43284,SY1000111.2026.43284,iPad1(1000111),111,10.06.26 19:37,Prod,A1000111.7001,Tisch 3,118,S1000111.43284,SALE,1,10.9,10.9,0.0,0.0,0.0,0.0,107,Chicken Burger,Hauptgerichte,,MwSt. 7%,1.07,10.186916,0.713084,Normalverkauf
S1000111.43285,SP1000111.26.43285,SY1000111.2026.43285,iPad1(1000111),111,10.06.26 13:14,Prod,A1000111.7002,Tisch 11,107,S1000111.43285,SALE,1,3.9,3.9,0.0,0.0,0.0,0.0,126,Spezi,Getränke,,MwSt. 19%,1.19,3.277311,0.622689,Normalverkauf
S1000111.43286,SP1000111.26.43286,SY1000111.2026.43286,iPad1(1000111),111,10.06.26 13:14,Prod,A1000111.7002,Tisch 11,107,S1000111.43286,SALE,1,10.9,10.9,0.0,0.0,0.0,0.0,107,Chicken Burger,Hauptgerichte,,MwSt. 7%,1.07,10.186916,0.713084,Normalverkauf
S1000111.43287,SP1000111.26.43287,SY1000111.2026.43287,iPad1(1000111),111,10.06.26 11:30,Prod,A1000111.7003,Tisch 9,114,S1000111.43287,SALE,2,3.9,7.8,0.0,0.0,0.0,0.0,124,Cola Zero,Getränke,,MwSt. 19%,1.19,6.554622,1.245378,Normalverkauf
S1000111.43288,SP1000111.26.43288,SY1000111.2026.43288,iPad1(1000111),111,10.06.26 20:11,Prod,A1000111.7004,,118,S1000111.43288,VOID,1,6.9,6.9,0.0,0.0,0.0,0.0,113,Garnelen Box,Beilagen,,MwSt. 7%,1.07,6.448598,0.451402,Normalverkauf
S1000111.43289,SP1000111.26.43289,SY1000111.2026.43289,iPad1(1000111),111,10.06.26 20:11,Prod,A1000111.7004,,118,S1000111.43289,VOID,2,3.9,7.8,0.0,0.0,0.0,0.0,124,Cola Zero,Getränke,,MwSt. 19%,1.19,6.554622,1.245378,Normalverkauf
S1000111.43290,SP1000111.26.43290,SY1000111.2026.43290,iPad1(1000111),111,10.06.26 19:06,Prod,A1000111.7005,Tisch 24,118,S1000111.43290,SALE,2,10.9,21.8,0.0,0.0,0.0,0.0,107,Chicken Burger,Hauptgerichte,,MwSt. 7%,1.07,20.373832,1.426168,Normalverkauf
S1000111.43291,SP1000111.26.43291,SY1000111.2026.43291,iPad1(1000111),111,10.06.26 17:53,Prod,A1000111.7006,Tisch 15,115,S1000111.43291,SALE,2,9.8,19.6,0.0,0.0,0.0,0.0,108,Seelachs-Ei-Baugette,Hauptgerichte,,MwSt. 7%,1.07,18.317757,1.282243,Normalverkauf
S1000111.43292,SP1000111.26.43292,SY1000111.2026.43292,iPad1(1000111),111,10.06.26 16:20,Prod,A1000111.7007,,118,S1000111.43292,SALE,1,2.8,2.8,0.0,0.0,0.0,0.0,121,Mineralwasser,Getränke,,MwSt. 19%,1.19,2.352941,0.447059,Normalverkauf
S1000111.43293,SP1000111.26.43293,SY1000111.2026.43293,iPad1(1000111),111,10.06.26 16:20,Prod,A1000111.7007,,118,S1000111.43293,SALE,1,4.2,4.2,0.0,0.0,0.0,0.0,122,Bier,Getränke,,MwSt. 19%,1.19,3.529412,0.670588,Normalverkauf
S1000111.43294,SP1000111.26.43294,SY1000111.2026.43294,iPad1(1000111),111,10.06.26 11:07,Prod,A1000111.7008,Tisch 11,117,S1000111.43294,SALE,1,10.9,10.9,0.0,0.0,0.0,0.0,104,Thunfisch Wrap,Hauptgerichte,,MwSt. 7%,1.07,10.186916,0.713084,Normalverkauf
S1000111.43295,SP1000111.26.43295,SY1000111.2026.43295,iPad1(1000111),111,10.06.26 11:07,Prod,A1000111.7008,Tisch 11,117,S1000111.43295,SALE,1,3.9,3.9,0.0,0.0,0.0,0.0,119,Cola,Getränke,,MwSt. 19%,1.19,3.277311,0.622689,Normalverkauf
S1000111.43296,SP1000111.26.43296,SY1000111.2026.43296,iPad1(1000111),111,10.06.26 13:14,Prod,A1000111.7009,Tisch 5,114,S1000111.43296,SALE,1,4.2,4.2,0.0,0.0,0.0,0.0,122,Bier,Getränke,,MwSt. 19%,1.19,3.529412,0.670588,Normalverkauf
S1000111.43297,SP1000111.26.43297,SY1000111.2026.43297,iPad1(1000111),111,10.06.26 13:14,Prod,A1000111.7009,Tisch 5,114,S1000111.43297,SALE,2,3.9,7.8,0.0,0.0,0.0,0.0,124,Cola Zero,Getränke,,MwSt. 19%,1.19,6.554622,1.245378,Normalverkauf
S1000111.43298,SP1000111.26.43298,SY1000111.2026.43298,iPad1(1000111),111,10.06.26 08:26,Prod,A1000111.7010,Tisch 16,107,S1000111.43298,SALE,1,3.9,3.9,0.0,0.0,0.0,0.0,126,Spezi,Getränke,,MwSt. 19%,1.19,3.277311,0.622689,Normalverkauf
S1000111.43299,SP1000111.26.43299,SY1000111.2026.43299,iPad1(1000111),111,10.06.26 08:26,Prod,A1000111.7010,Tisch 16,107,S1000111.43299,SALE,2,2.8,5.6,0.0,0.0,0.0,0.0,121,Mineralwasser,Getränke,,MwSt. 19%,1.19,4.705882,0.894118,Normalverkauf
S1000111.43300,SP1000111.26.43300,SY1000111.2026.43300,iPad1(1000111),111,10.06.26 08:26,Prod,A1000111.7010,Tisch 16,107,S1000111.43300,SALE,2,3.9,7.8,0.0,0.0,0.0,0.0,126,Spezi,Getränke,,MwSt. 19%,1.19,6.554622,1.245378,Normalverkauf
S1000111.43301,SP1000111.26.43301,SY1000111.2026.43301,iPad1(1000111),111,10.06.26 20:20,Prod,A1000111.7011,Tisch 1,115,S1000111.43301,SALE,1,3.9,3.9,0.0,0.0,0.0,0.0,127,Alkoholfreies Bier,Getränke,,MwSt. 19%,1.19,3.277311,0.622689,Normalverkauf
S1000111.43302,SP1000111.26.43302,SY1000111.2026.43302,iPad1(1000111),111,10.06.26 16:21,Prod,A1000111.7012,Tisch 11,101,S1000111.43302,SALE,1,5.9,5.9,0.0,0.0,0.0,0.0,125,Zitronen-Limonade,Getränke,,MwSt. 19%,1.19,4.957983,0.942017,Normalverkauf
S1000111.43303,SP1000111.26.43303,SY1000111.2026.43303,iPad1(1000111),111,10.06.26 16:21,Prod,A1000111.7012,Tisch 11,101,S1000111.43303,SALE,2,5.5,11.0,0.0,0.0,0.0,0.0,114,Fisch Nuggets Box,Beilagen,,MwSt. 7%,1.07,10.280374,0.719626,Normalverkauf
S1000111.43304,SP1000111.26.43304,SY1000111.2026.43304,iPad1(1000111),111,10.06.26 16:21,Prod,A1000111.7012,Tisch 11,101,S1000111.43304,SALE,1,6.5,6.5,0.0,0.0,0.0,0.0,118,Schokokuchen,Desserts,,MwSt. 7%,1.07,6.074766,0.425234,Normalverkauf
S1000111.43305,SP1000111.26.43305,SY1000111.2026.43305,iPad1(1000111),111,10.06.26 09:23,Prod,A1000111.7013,Tisch 11,115,S1000111.43305,SALE,1,5.5,5.5,0.0,0.0,0.0,0.0,111,Pommes Frites,Beilagen,,MwSt. 7%,1.07,5.140187,0.359813,Normalverkauf
S1000111.43306,SP1000111.26.43306,SY1000111.2026.43306,iPad1(1000111),111,10.06.26 09:23,Prod,A1000111.7013,Tisch 11,115,S1000111.43306,SALE,2,2.8,5.6,0.0,0.0,0.0,0.0,121,Mineralwasser,Getränke,,MwSt. 19%,1.19,4.705882,0.894118,Normalverkauf
S1000111.43307,SP1000111.26.43307,SY1000111.2026.43307,iPad1(1000111),111,10.06.26 18:42,Prod,A1000111.7014,Tisch 17,101,S1000111.43307,SALE,2,4.2,8.4,0.0,0.0,0.0,0.0,122,Bier,Getränke,,MwSt. 19%,1.19,7.058824,1.341176,Normalverkauf
S1000111.43308,SP1000111.26.43308,SY1000111.2026.43308,iPad1(1000111),111,10.06.26 18:42,Prod,A1000111.7014,Tisch 17,101,S1000111.43308,SALE,2,4.2,8.4,0.0,0.0,0.0,0.0,122,Bier,Getränke,,MwSt. 19%,1.19,7.058824,1.341176,Normalverkauf
S1000111.43309,SP1000111.26.43309,SY1000111.2026.43309,iPad1(1000111),111,10.06.26 08:41,Prod,A1000111.7015,Tisch 21,114,S1000111.43309,VOID,2,10.9,21.8,0.0,0.0,0.0,0.0,104,Thunfisch Wrap,Hauptgerichte,,MwSt. 7%,1.07,20.373832,1.426168,Normalverkauf
S1000111.43310,SP1000111.26.43310,SY1000111.2026.43310,iPad1(1000111),111,10.06.26 08:41,Prod,A1000111.7015,Tisch 21,114,S1000111.43310,VOID,1,9.8,9.8,0.0,0.0,0.0,0.0,108,Seelachs-Ei-Baugette,Hauptgerichte,,MwSt. 7%,1.07,9.158879,0.641121,Normalverkauf
S1000111.43311,SP1000111.26.43311,SY1000111.2026.43311,iPad1(1000111),111,10.06.26 08:41,Prod,A1000111.7015,Tisch 21,114,S1000111.43311,VOID,2,10.9,21.8,0.0,0.0,0.0,0.0,107,Chicken Burger,Hauptgerichte,,MwSt. 7%,1.07,20.373832,1.426168,Normalverkauf
S1000111.43312,SP1000111.26.43312,SY1000111.2026.43312,iPad1(1000111),111,10.06.26 17:55,Prod,A1000111.7016,Tisch 1,107,S1000111.43312,SALE,1,10.9,10.9,0.0,0.0,0.0,0.0,107,Chicken Burger,Hauptgerichte,,MwSt. 7%,1.07,10.186916,0.713084,Normalverkauf
S1000111.43313,SP1000111.26.43313,SY1000111.2026.43313,iPad1(1000111),111,10.06.26 17:55,Prod,A1000111.7016,Tisch 1,107,S1000111.43313,SALE,2,3.9,7.8,0.0,0.0,0.0,0.0,119,Cola,Getränke,,MwSt. 19%,1.19,6.554622,1.245378,Normalverkauf
S1000111.43314,SP1000111.26.43314,SY1000111.2026.43314,iPad1(1000111),111,10.06.26 20:22,Prod,A1000111.7017,Tisch 4,101,S1000111.43314,SALE,1,3.2,3.2,0.0,0.0,0.0,0.0,120,Apfelschorle,Getränke,,MwSt. 19%,1.19,2.689076,0.510924,Normalverkauf
S1000111.43315,SP1000111.26.43315,SY1000111.2026.43315,iPad1(1000111),111,10.06.26 20:22,Prod,A1000111.7017,Tisch 4,101,S1000111.43315,SALE,2,10.9,21.8,0.0,0.0,0.0,0.0,104,Thunfisch Wrap,Hauptgerichte,,MwSt. 7%,1.07,20.373832,1.426168,Normalverkauf
S1000111.43316,SP1000111.26.43316,SY1000111.2026.43316,iPad1(1000111),111,10.06.26 16:37,Prod,A1000111.7018,,114,S1000111.43316,SALE,2,3.9,7.8,0.0,0.0,0.0,0.0,124,Cola Zero,Getränke,,MwSt. 19%,1.19,6.554622,1.245378,Normalverkauf
S1000111.43317,SP1000111.26.43317,SY1000111.2026.43317,iPad1(1000111),111,10.06.26 16:37,Prod,A1000111.7018,,114,S1000111.43317,SALE,1,3.9,3.9,0.0,0.0,0.0,0.0,119,Cola,Getränke,,MwSt. 19%,1.19,3.277311,0.622689,Normalverkauf
S1000111.43318,SP1000111.26.43318,SY1000111.2026.43318,iPad1(1000111),111,10.06.26 20:30,Prod,A1000111.7019,Tisch 20,115,S1000111.43318,VOID,1,13.5,13.5,0.0,0.0,0.0,0.0,102,Matjes,Hauptspeisen,,MwSt. 7%,1.07,12.616822,0.883178,Normalverkauf
S1000111.43319,SP1000111.26.43319,SY1000111.2026.43319,iPad1(1000111),111,10.06.26 20:30,Prod,A1000111.7019,Tisch 20,115,S1000111.43319,VOID,2,11.9,23.8,0.0,0.0,0.0,0.0,110,Matjes-Baguette,Hauptgerichte,,MwSt. 7%,1.07,22.242991,1.557009,Normalverkauf
S1000111.43320,SP1000111.26.43320,SY1000111.2026.43320,iPad1(1000111),111,10.06.26 13:18,Prod,A1000111.7020,Tisch 17,114,S1000111.43320,SALE,2,5.5,11.0,0.0,0.0,0.0,0.0,111,Pommes Frites,Beilagen,,MwSt. 7%,1.07,10.280374,0.719626,Normalverkauf
S1000111.43321,SP1000111.26.43321,SY1000111.2026.43321,iPad1(1000111),111,10.06.26 13:18,Prod,A1000111.7020,Tisch 17,114,S1000111.43321,SALE,2,5.5,11.0,0.0,0.0,0.0,0.0,111,Pommes Frites,Beilagen,,MwSt. 7%,1.07,10.280374,0.719626,Normalverkauf
S1000111.43322,SP1000111.26.43322,SY1000111.2026.43322,iPad1(1000111),111,10.06.26 13:18,Prod,A1000111.7020,Tisch 17,114,S1000111.43322,SALE,2,3.9,7.8,0.0,0.0,0.0,0.0,124,Cola Zero,Getränke,,MwSt. 19%,1.19,6.554622,1.245378,Normalverkauf
S1000111.43323,SP1000111.26.43323,SY1000111.2026.43323,iPad1(1000111),111,10.06.26 18:54,Prod,A1000111.7021,Tisch 21,119,S1000111.43323,SALE,1,7.9,7.9,0.0,0.0,0.0,0.0,106,Neptun-Ringe,Beilagen,,MwSt. 7%,1.07,7.383178,0.516822,Normalverkauf
S1000111.43324,SP1000111.26.43324,SY1000111.2026.43324,iPad1(1000111),111,10.06.26 13:34,Prod,A1000111.7022,Tisch 20,115,S1000111.43324,SALE,1,3.9,3.9,0.0,0.0,0.0,0.0,126,Spezi,Getränke,,MwSt. 19%,1.19,3.277311,0.622689,Normalverkauf
S1000111.43325,SP1000111.26.43325,SY1000111.2026.43325,iPad1(1000111),111,10.06.26 13:34,Prod,A1000111.7022,Tisch 20,115,S1000111.43325,SALE,1,7.9,7.9,0.0,0.0,0.0,0.0,106,Neptun-Ringe,Beilagen,,MwSt. 7%,1.07,7.383178,0.516822,Normalverkauf
S1000111.43326,SP1000111.26.43326,SY1000111.2026.43326,iPad1(1000111),111,10.06.26 13:34,Prod,A1000111.7022,Tisch 20,115,S1000111.43326,SALE,1,3.9,3.9,0.0,0.0,0.0,0.0,126,Spezi,Getränke,,MwSt. 19%,1.19,3.277311,0.622689,Normalverkauf
S1000111.43327,SP1000111.26.43327,SY1000111.2026.43327,iPad1(1000111),111,10.06.26 11:37,Prod,A1000111.7023,Tisch 3,117,S1000111.43327,SALE,2,6.9,13.8,0.0,0.0,0.0,0.0,103,Fischbrötchen Räucherlachs,Hauptspeisen,,MwSt. 7%,1.07,12.897196,0.902804,Normalverkauf
S1000111.43328,SP1000111.26.43328,SY1000111.2026.43328,iPad1(1000111),111,10.06.26 11:37,Prod,A1000111.7023,Tisch 3,117,S1000111.43328,SALE,2,7.9,15.8,0.0,0.0,0.0,0.0,106,Neptun-Ringe,Beilagen,,MwSt. 7%,1.07,14.766355,1.033645,Normalverkauf
S1000111.43329,SP1000111.26.43329,SY1000111.2026.43329,iPad1(1000111),111,10.06.26 11:37,Prod,A1000111.7023,Tisch 3,117,S1000111.43329,SALE,2,9.8,19.6,0.0,0.0,0.0,0.0,108,Seelachs-Ei-Baugette,Hauptgerichte,,MwSt. 7%,1.07,18.317757,1.282243,Normalverkauf
S1000111.43330,SP1000111.26.43330,SY1000111.2026.43330,iPad1(1000111),111,10.06.26 19:52,Prod,A1000111.7024,Tisch 7,107,S1000111.43330,SALE,2,6.5,13.0,0.0,0.0,0.0,0.0,100,Fischbrötchen Backfisch,Hauptspeisen,,MwSt. 7%,1.07,12.149533,0.850467,Normalverkauf
S1000111.43331,SP1000111.26.43331,SY1000111.2026.43331,iPad1(1000111),111,10.06.26 19:52,Prod,A1000111.7024,Tisch 7,107,S1000111.43331,SALE,2,3.9,7.8,0.0,0.0,0.0,0.0,119,Cola,Getränke,,MwSt. 19%,1.19,6.554622,1.245378,Normalverkauf
S1000111.43332,SP1000111.26.43332,SY1000111.2026.43332,iPad1(1000111),111,10.06.26 19:52,Prod,A1000111.7024,Tisch 7,107,S1000111.43332,SALE,2,10.9,21.8,0.0,0.0,0.0,0.0,104,Thunfisch Wrap,Hauptgerichte,,MwSt. 7%,1.07,20.373832,1.426168,Normalverkauf
S1000111.43333,SP1000111.26.43333,SY1000111.2026.43333,iPad1(1000111),111,10.06.26 18:48,Prod,A1000111.7025,,115,S1000111.43333,SALE,2,5.5,11.0,0.0,0.0,0.0,0.0,111,Pommes Frites,Beilagen,,MwSt. 7%,1.07,10.280374,0.719626,Normalverkauf
S1000111.43334,SP1000111.26.43334,SY1000111.2026.43334,iPad1(1000111),111,10.06.26 19:25,Prod,A1000111.7026,Tisch 17,107,S1000111.43334,SALE,2,6.9,13.8,0.0,0.0,0.0,0.0,103,Fischbrötchen Räucherlachs,Hauptspeisen,,MwSt. 7%,1.07,12.897196,0.902804,Normalverkauf
S1000111.43335,SP1000111.26.43335,SY1000111.2026.43335,iPad1(1000111),111,10.06.26 19:25,Prod,A1000111.7026,Tisch 17,107,S1000111.43335,SALE,2,4.9,9.8,0.0,0.0,0.0,0.0,112,Kartoffelwedges,Beilagen,,MwSt. 7%,1.07,9.158879,0.641121,Normalverkauf
S1000111.43336,SP1000111.26.43336,SY1000111.2026.43336,iPad1(1000111),111,10.06.26 19:25,Prod,A1000111.7026,Tisch 17,107,S1000111.43336,SALE,1,11.9,11.9,0.0,0.0,0.0,0.0,110,Matjes-Baguette,Hauptgerichte,,MwSt. 7%,1.07,11.121495,0.778505,Normalverkauf
S1000111.43337,SP1000111.26.43337,SY1000111.2026.43337,iPad1(1000111),111,10.06.26 18:25,Prod,A1000111.7027,Tisch 6,107,S1000111.43337,SALE,1,5.5,5.5,0.0,0.0,0.0,0.0,111,Pommes Frites,Beilagen,,MwSt. 7%,1.07,5.140187,0.359813,Normalverkauf
S1000111.43338,SP1000111.26.43338,SY1000111.2026.43338,iPad1(1000111),111,10.06.26 18:25,Prod,A1000111.7027,Tisch 6,107,S1000111.43338,SALE,2,4.9,9.8,0.0,0.0,0.0,0.0,112,Kartoffelwedges,Beilagen,,MwSt. 7%,1.07,9.158879,0.641121,Normalverkauf
S1000111.43339,SP1000111.26.43339,SY1000111.2026.43339,iPad1(1000111),111,10.06.26 18:25,Prod,A1000111.7027,Tisch 6,107,S1000111.43339,SALE,2,11.9,23.8,0.0,0.0,0.0,0.0,110,Matjes-Baguette,Hauptgerichte,,MwSt. 7%,1.07,22.242991,1.557009,Normalverkauf
S1000111.43340,SP1000111.26.43340,SY1000111.2026.43340,iPad1(1000111),111,10.06.26 16:31,Prod,A1000111.7028,Tisch 20,117,S1000111.43340,SALE,1,2.8,2.8,0.0,0.0,0.0,0.0,121,Mineralwasser,Getränke,,MwSt. 19%,1.19,2.352941,0.447059,Normalverkauf
S1000111.43341,SP1000111.26.43341,SY1000111.2026.43341,iPad1(1000111),111,10.06.26 16:31,Prod,A1000111.7028,Tisch 20,117,S1000111.43341,SALE,2,6.9,13.8,0.0,0.0,0.0,0.0,103,Fischbrötchen Räucherlachs,Hauptspeisen,,MwSt. 7%,1.07,12.897196,0.902804,Normalverkauf
S1000111.43342,SP1000111.26.43342,SY1000111.2026.43342,iPad1(1000111),111,10.06.26 17:25,Prod,A1000111.7029,Tisch 14,107,S1000111.43342,SALE,2,14.5,29.0,0.0,0.0,0.0,0.0,101,Lachs,Hauptspeisen,,MwSt. 7%,1.07,27.102804,1.897196,Normalverkauf
S1000111.43343,SP1000111.26.43343,SY1000111.2026.43343,iPad1(1000111),111,10.06.26 17:25,Prod,A1000111.7029,Tisch 14,107,S1000111.43343,SALE,2,4.9,9.8,0.0,0.0,0.0,0.0,112,Kartoffelwedges,Beilagen,,MwSt. 7%,1.07,9.158879,0.641121,Normalverkauf
S1000111.43344,SP1000111.26.43344,SY1000111.2026.43344,iPad1(1000111),111,10.06.26 14:07,Prod,A1000111.7030,Tisch 3,119,S1000111.43344,SALE,1,6.9,6.9,0.0,0.0,0.0,0.0,103,Fischbrötchen Räucherlachs,Hauptspeisen,,MwSt. 7%,1.07,6.448598,0.451402,Normalverkauf
S1000111.43345,SP1000111.26.43345,SY1000111.2026.43345,iPad1(1000111),111,10.06.26 12:35,Prod,A1000111.7031,Tisch 2,119,S1000111.43345,SALE,2,3.9,7.8,0.0,0.0,0.0,0.0,126,Spezi,Getränke,,MwSt. 19%,1.19,6.554622,1.245378,Normalverkauf
S1000111.43346,SP1000111.26.43346,SY1000111.2026.43346,iPad1(1000111),111,10.06.26 12:35,Prod,A1000111.7031,Tisch 2,119,S1000111.43346,SALE,1,11.9,11.9,0.0,0.0,0.0,0.0,110,Matjes-Baguette,Hauptgerichte,,MwSt. 7%,1.07,11.121495,0.778505,Normalverkauf
S1000111.43347,SP1000111.26.43347,SY1000111.2026.43347,iPad1(1000111),111,10.06.26 12:35,Prod,A1000111.7031,Tisch 2,119,S1000111.43347,SALE,2,5.5,11.0,0.0,0.0,0.0,0.0,111,Pommes Frites,Beilagen,,MwSt. 7%,1.07,10.280374,0.719626,Normalverkauf
S1000111.43348,SP1000111.26.43348,SY1000111.2026.43348,iPad1(1000111),111,10.06.26 15:01,Prod,A1000111.7032,Tisch 3,118,S1000111.43348,SALE,2,3.2,6.4,0.0,0.0,0.0,0.0,120,Apfelschorle,Getränke,,MwSt. 19%,1.19,5.378151,1.021849,Normalverkauf
S1000111.43349,SP1000111.26.43349,SY1000111.2026.43349,iPad1(1000111),111,10.06.26 16:05,Prod,A1000111.7033,Tisch 23,107,S1000111.43349,SALE,1,10.9,10.9,0.0,0.0,0.0,0.0,109,Bismarck-Baguette,Hauptgerichte,,MwSt. 7%,1.07,10.186916,0.713084,Normalverkauf
S1000111.43350,SP1000111.26.43350,SY1000111.2026.43350,iPad1(1000111),111,10.06.26 16:40,Prod,A1000111.7034,Tisch 6,107,S1000111.43350,SALE,2,11.5,23.0,0.0,0.0,0.0,0.0,105,Garnelen-Kimchi-Bruger,Hauptgerichte,,MwSt. 7%,1.07,21.495327,1.504673,Normalverkauf
S1000111.43351,SP1000111.26.43351,SY1000111.2026.43351,iPad1(1000111),111,10.06.26 16:40,Prod,A1000111.7034,Tisch 6,107,S1000111.43351,SALE,1,3.9,3.9,0.0,0.0,0.0,0.0,126,Spezi,Getränke,,MwSt. 19%,1.19,3.277311,0.622689,Normalverkauf
S1000111.43352,SP1000111.26.43352,SY1000111.2026.43352,iPad1(1000111),111,10.06.26 16:40,Prod,A1000111.7034,Tisch 6,107,S1000111.43352,SALE,1,3.9,3.9,0.0,0.0,0.0,0.0,127,Alkoholfreies Bier,Getränke,,MwSt. 19%,1.19,3.277311,0.622689,Normalverkauf
S1000111.43353,SP1000111.26.43353,SY1000111.2026.43353,iPad1(1000111),111,10.06.26 13:52,Prod,A1000111.7035,Tisch 21,114,S1000111.43353,SALE,1,5.9,5.9,0.0,0.0,0.0,0.0,125,Zitronen-Limonade,Getränke,,MwSt. 19%,1.19,4.957983,0.942017,Normalverkauf
S1000111.43354,SP1000111.26.43354,SY1000111.2026.43354,iPad1(1000111),111,10.06.26 19:53,Prod,A1000111.7036,Tisch 15,117,S1000111.43354,SALE,1,11.9,11.9,0.0,0.0,0.0,0.0,110,Matjes-Baguette,Hauptgerichte,,MwSt. 7%,1.07,11.121495,0.778505,Normalverkauf
S1000111.43355,SP1000111.26.43355,SY1000111.2026.43355,iPad1(1000111),111,10.06.26 19:53,Prod,A1000111.7036,Tisch 15,117,S1000111.43355,SALE,2,4.2,8.4,0.0,0.0,0.0,0.0,122,Bier,Getränke,,MwSt. 19%,1.19,7.058824,1.341176,Normalverkauf
S1000111.43356,SP1000111.26.43356,SY1000111.2026.43356,iPad1(1000111),111,10.06.26 19:53,Prod,A1000111.7036,Tisch 15,117,S1000111.43356,SALE,1,9.8,9.8,0.0,0.0,0.0,0.0,108,Seelachs-Ei-Baugette,Hauptgerichte,,MwSt. 7%,1.07,9.158879,0.641121,Normalverkauf
S1000111.43357,SP1000111.26.43357,SY1000111.2026.43357,iPad1(1000111),111,10.06.26 10:11,Prod,A1000111.7037,Tisch 13,115,S1000111.43357,SALE,2,3.9,7.8,0.0,0.0,0.0,0.0,119,Cola,Getränke,,MwSt. 19%,1.19,6.554622,1.245378,Normalverkauf
S1000111.43358,SP1000111.26.43358,SY1000111.2026.43358,iPad1(1000111),111,10.06.26 10:11,Prod,A1000111.7037,Tisch 13,115,S1000111.43358,SALE,2,3.9,7.8,0.0,0.0,0.0,0.0,126,Spezi,Getränke,,MwSt. 19%,1.19,6.554622,1.245378,Normalverkauf
S1000111.43359,SP1000111.26.43359,SY1000111.2026.43359,iPad1(1000111),111,10.06.26 16:12,Prod,A1000111.7038,Tisch 9,119,S1000111.43359,SALE,1,14.5,14.5,0.0,0.0,0.0,0.0,101,Lachs,Hauptspeisen,,MwSt. 7%,1.07,13.551402,0.948598,Normalverkauf
S1000111.43360,SP1000111.26.43360,SY1000111.2026.43360,iPad1(1000111),111,10.06.26 16:12,Prod,A1000111.7038,Tisch 9,119,S1000111.43360,SALE,2,6.9,13.8,0.0,0.0,0.0,0.0,113,Garnelen Box,Beilagen,,MwSt. 7%,1.07,12.897196,0.902804,Normalverkauf
S1000111.43361,SP1000111.26.43361,SY1000111.2026.43361,iPad1(1000111),111,10.06.26 16:12,Prod,A1000111.7038,Tisch 9,119,S1000111.43361,SALE,1,11.9,11.9,0.0,0.0,0.0,0.0,110,Matjes-Baguette,Hauptgerichte,,MwSt. 7%,1.07,11.121495,0.778505,Normalverkauf
S1000111.43362,SP1000111.26.43362,SY1000111.2026.43362,iPad1(1000111),111,10.06.26 20:25,Prod,A1000111.7039,,118,S1000111.43362,SALE,2,10.9,21.8,0.0,0.0,0.0,0.0,107,Chicken Burger,Hauptgerichte,,MwSt. 7%,1.07,20.373832,1.426168,Normalverkauf
S1000111.43363,SP1000111.26.43363,SY1000111.2026.43363,iPad1(1000111),111,10.06.26 20:25,Prod,A1000111.7039,,118,S1000111.43363,SALE,1,9.8,9.8,0.0,0.0,0.0,0.0,108,Seelachs-Ei-Baugette,Hauptgerichte,,MwSt. 7%,1.07,9.158879,0.641121,Normalverkauf
S1000111.43364,SP1000111.26.43364,SY1000111.2026.43364,iPad1(1000111),111,10.06.26 11:28,Prod,A1000111.7040,Tisch 9,107,S1000111.43364,SALE,2,3.2,6.4,0.0,0.0,0.0,0.0,120,Apfelschorle,Getränke,,MwSt. 19%,1.19,5.378151,1.021849,Normalverkauf
S1000111.43365,SP1000111.26.43365,SY1000111.2026.43365,iPad1(1000111),111,10.06.26 11:28,Prod,A1000111.7040,Tisch 9,107,S1000111.43365,SALE,2,14.5,29.0,0.0,0.0,0.0,0.0,101,Lachs,Hauptspeisen,,MwSt. 7%,1.07,27.102804,1.897196,Normalverkauf
S1000111.43366,SP1000111.26.43366,SY1000111.2026.43366,iPad1(1000111),111,10.06.26 11:28,Prod,A1000111.7040,Tisch 9,107,S1000111.43366,SALE,1,9.8,9.8,0.0,0.0,0.0,0.0,108,Seelachs-Ei-Baugette,Hauptgerichte,,MwSt. 7%,1.07,9.158879,0.641121,Normalverkauf
S1000111.43367,SP1000111.26.43367,SY1000111.2026.43367,iPad1(1000111),111,10.06.26 13:30,Prod,A1000111.7041,Tisch 14,119,S1000111.43367,SALE,2,3.9,7.8,0.0,0.0,0.0,0.0,126,Spezi,Getränke,,MwSt. 19%,1.19,6.554622,1.245378,Normalverkauf
S1000111.43368,SP1000111.26.43368,SY1000111.2026.43368,iPad1(1000111),111,10.06.26 16:55,Prod,A1000111.7042,Tisch 16,114,S1000111.43368,SALE,2,4.2,8.4,0.0,0.0,0.0,0.0,122,Bier,Getränke,,MwSt. 19%,1.19,7.058824,1.341176,Normalverkauf
S1000111.43369,SP1000111.26.43369,SY1000111.2026.43369,iPad1(1000111),111,10.06.26 16:55,Prod,A1000111.7042,Tisch 16,114,S1000111.43369,SALE,1,5.9,5.9,0.0,0.0,0.0,0.0,116,Vanillequark,Desserts,,MwSt. 7%,1.07,5.514019,0.385981,Normalverkauf
S1000111.43370,SP1000111.26.43370,SY1000111.2026.43370,iPad1(1000111),111,10.06.26 11:44,Prod,A1000111.7043,Tisch 8,114,S1000111.43370,SALE,1,10.9,10.9,0.0,0.0,0.0,0.0,107,Chicken Burger,Hauptgerichte,,MwSt. 7%,1.07,10.186916,0.713084,Normalverkauf
S1000111.43371,SP1000111.26.43371,SY1000111.2026.43371,iPad1(1000111),111,10.06.26 11:44,Prod,A1000111.7043,Tisch 8,114,S1000111.43371,SALE,1,3.9,3.9,0.0,0.0,0.0,0.0,119,Cola,Getränke,,MwSt. 19%,1.19,3.277311,0.622689,Normalverkauf
S1000111.43372,SP1000111.26.43372,SY1000111.2026.43372,iPad1(1000111),111,10.06.26 18:57,Prod,A1000111.7044,Tisch 1,115,S1000111.43372,SALE,1,11.9,11.9,0.0,0.0,0.0,0.0,110,Matjes-Baguette,Hauptgerichte,,MwSt. 7%,1.07,11.121495,0.778505,Normalverkauf
S1000111.43373,SP1000111.26.43373,SY1000111.2026.43373,iPad1(1000111),111,10.06.26 18:57,Prod,A1000111.7044,Tisch 1,115,S1000111.43373,SALE,2,14.5,29.0,0.0,0.0,0.0,0.0,101,Lachs,Hauptspeisen,,MwSt. 7%,1.07,27.102804,1.897196,Normalverkauf
S1000111.43374,SP1000111.26.43374,SY1000111.2026.43374,iPad1(1000111),111,10.06.26 18:57,Prod,A1000111.7044,Tisch 1,115,S1000111.43374,SALE,2,5.9,11.8,0.0,0.0,0.0,0.0,123,Inger-Limonade,Getränke,,MwSt. 19%,1.19,9.915966,1.884034,Normalverkauf
S1000111.43375,SP1000111.26.43375,SY1000111.2026.43375,iPad1(1000111),111,10.06.26 17:25,Prod,A1000111.7045,Tisch 1,117,S1000111.43375,SALE,1,5.5,5.5,0.0,0.0,0.0,0.0,111,Pommes Frites,Beilagen,,MwSt. 7%,1.07,5.140187,0.359813,Normalverkauf
S1000111.43376,SP1000111.26.43376,SY1000111.2026.43376,iPad1(1000111),111,10.06.26 17:25,Prod,A1000111.7045,Tisch 1,117,S1000111.43376,SALE,1,5.5,5.5,0.0,0.0,0.0,0.0,111,Pommes Frites,Beilagen,,MwSt. 7%,1.07,5.140187,0.359813,Normalverkauf
S1000111.43377,SP1000111.26.43377,SY1000111.2026.43377,iPad1(1000111),111,10.06.26 17:25,Prod,A1000111.7045,Tisch 1,117,S1000111.43377,SALE,1,5.9,5.9,0.0,0.0,0.0,0.0,123,Inger-Limonade,Getränke,,MwSt. 19%,1.19,4.957983,0.942017,Normalverkauf
S1000111.43378,SP1000111.26.43378,SY1000111.2026.43378,iPad1(1000111),111,10.06.26 17:28,Prod,A1000111.7046,Tisch 4,114,S1000111.43378,SALE,1,10.9,10.9,0.0,0.0,0.0,0.0,104,Thunfisch Wrap,Hauptgerichte,,MwSt. 7%,1.07,10.186916,0.713084,Normalverkauf
S1000111.43379,SP1000111.26.43379,SY1000111.2026.43379,iPad1(1000111),111,10.06.26 11:42,Prod,A1000111.7047,Tisch 22,114,S1000111.43379,SALE,2,3.9,7.8,0.0,0.0,0.0,0.0,126,Spezi,Getränke,,MwSt. 19%,1.19,6.554622,1.245378,Normalverkauf
S1000111.43380,SP1000111.26.43380,SY1000111.2026.43380,iPad1(1000111),111,10.06.26 12:22,Prod,A1000111.7048,Tisch 14,118,S1000111.43380,SALE,2,9.8,19.6,0.0,0.0,0.0,0.0,108,Seelachs-Ei-Baugette,Hauptgerichte,,MwSt. 7%,1.07,18.317757,1.282243,Normalverkauf
S1000111.43381,SP1000111.26.43381,SY1000111.2026.43381,iPad1(1000111),111,10.06.26 12:22,Prod,A1000111.7048,Tisch 14,118,S1000111.43381,SALE,2,4.9,9.8,0.0,0.0,0.0,0.0,112,Kartoffelwedges,Beilagen,,MwSt. 7%,1.07,9.158879,0.641121,Normalverkauf
S1000111.43382,SP1000111.26.43382,SY1000111.2026.43382,iPad1(1000111),111,10.06.26 13:58,Prod,A1000111.7049,Tisch 22,118,S1000111.43382,SALE,2,3.9,7.8,0.0,0.0,0.0,0.0,126,Spezi,Getränke,,MwSt. 19%,1.19,6.554622,1.245378,Normalverkauf
S1000111.43383,SP1000111.26.43383,SY1000111.2026.43383,iPad1(1000111),111,10.06.26 13:17,Prod,A1000111.7050,Tisch 22,115,S1000111.43383,VOID,1,6.9,6.9,0.0,0.0,0.0,0.0,103,Fischbrötchen Räucherlachs,Hauptspeisen,,MwSt. 7%,1.07,6.448598,0.451402,Normalverkauf
S1000111.43384,SP1000111.26.43384,SY1000111.2026.43384,iPad1(1000111),111,10.06.26 13:17,Prod,A1000111.7050,Tisch 22,115,S1000111.43384,VOID,1,4.9,4.9,0.0,0.0,0.0,0.0,112,Kartoffelwedges,Beilagen,,MwSt. 7%,1.07,4.579439,0.320561,Normalverkauf
S1000111.43385,SP1000111.26.43385,SY1000111.2026.43385,iPad1(1000111),111,10.06.26 13:17,Prod,A1000111.7050,Tisch 22,115,S1000111.43385,VOID,1,5.5,5.5,0.0,0.0,0.0,0.0,114,Fisch Nuggets Box,Beilagen,,MwSt. 7%,1.07,5.140187,0.359813,Normalverkauf
S1000111.43386,SP1000111.26.43386,SY1000111.2026.43386,iPad1(1000111),111,10.06.26 11:14,Prod,A1000111.7051,Tisch 20,119,S1000111.43386,SALE,1,3.9,3.9,0.0,0.0,0.0,0.0,119,Cola,Getränke,,MwSt. 19%,1.19,3.277311,0.622689,Normalverkauf
S1000111.43387,SP1000111.26.43387,SY1000111.2026.43387,iPad1(1000111),111,10.06.26 11:14,Prod,A1000111.7051,Tisch 20,119,S1000111.43387,SALE,2,7.9,15.8,0.0,0.0,0.0,0.0,106,Neptun-Ringe,Beilagen,,MwSt. 7%,1.07,14.766355,1.033645,Normalverkauf
S1000111.43388,SP1000111.26.43388,SY1000111.2026.43388,iPad1(1000111),111,10.06.26 11:13,Prod,A1000111.7052,,119,S1000111.43388,SALE,2,4.2,8.4,0.0,0.0,0.0,0.0,122,Bier,Getränke,,MwSt. 19%,1.19,7.058824,1.341176,Normalverkauf
S1000111.43389,SP1000111.26.43389,SY1000111.2026.43389,iPad1(1000111),111,10.06.26 11:13,Prod,A1000111.7052,,119,S1000111.43389,SALE,2,4.9,9.8,0.0,0.0,0.0,0.0,112,Kartoffelwedges,Beilagen,,MwSt. 7%,1.07,9.158879,0.641121,Normalverkauf
S1000111.43390,SP1000111.26.43390,SY1000111.2026.43390,iPad1(1000111),111,10.06.26 12:47,Prod,A1000111.7053,Tisch 4,115,S1000111.43390,SALE,1,6.9,6.9,0.0,0.0,0.0,0.0,113,Garnelen Box,Beilagen,,MwSt. 7%,1.07,6.448598,0.451402,Normalverkauf
S1000111.43391,SP1000111.26.43391,SY1000111.2026.43391,iPad1(1000111),111,10.06.26 12:47,Prod,A1000111.7053,Tisch 4,115,S1000111.43391,SALE,1,3.9,3.9,0.0,0.0,0.0,0.0,119,Cola,Getränke,,MwSt. 19%,1.19,3.277311,0.622689,Normalverkauf
S1000111.43392,SP1000111.26.43392,SY1000111.2026.43392,iPad1(1000111),111,10.06.26 20:07,Prod,A1000111.7054,Tisch 10,114,S1000111.43392,SALE,2,7.9,15.8,0.0,0.0,0.0,0.0,115,Tiramisu,Desserts,,MwSt. 7%,1.07,14.766355,1.033645,Normalverkauf
S1000111.43393,SP1000111.26.43393,SY1000111.2026.43393,iPad1(1000111),111,10.06.26 14:02,Prod,A1000111.7055,Tisch 16,101,S1000111.43393,SALE,1,7.9,7.9,0.0,0.0,0.0,0.0,106,Neptun-Ringe,Beilagen,,MwSt. 7%,1.07,7.383178,0.516822,Normalverkauf
S1000111.43394,SP1000111.26.43394,SY1000111.2026.43394,iPad1(1000111),111,10.06.26 19:32,Prod,A1000111.7056,Tisch 24,119,S1000111.43394,VOID,1,2.8,2.8,0.0,0.0,0.0,0.0,121,Mineralwasser,Getränke,,MwSt. 19%,1.19,2.352941,0.447059,Normalverkauf
S1000111.43395,SP1000111.26.43395,SY1000111.2026.43395,iPad1(1000111),111,10.06.26 19:32,Prod,A1000111.7056,Tisch 24,119,S1000111.43395,VOID,2,3.9,7.8,0.0,0.0,0.0,0.0,127,Alkoholfreies Bier,Getränke,,MwSt. 19%,1.19,6.554622,1.245378,Normalverkauf
S1000111.43396,SP1000111.26.43396,SY1000111.2026.43396,iPad1(1000111),111,10.06.26 12:01,Prod,A1000111.7057,Tisch 3,115,S1000111.43396,SALE,2,3.9,7.8,0.0,0.0,0.0,0.0,119,Cola,Getränke,,MwSt. 19%,1.19,6.554622,1.245378,Normalverkauf
S1000111.43397,SP1000111.26.43397,SY1000111.2026.43397,iPad1(1000111),111,10.06.26 16:47,Prod,A1000111.7058,Tisch 13,118,S1000111.43397,SALE,1,3.9,3.9,0.0,0.0,0.0,0.0,119,Cola,Getränke,,MwSt. 19%,1.19,3.277311,0.622689,Normalverkauf
S1000111.43398,SP1000111.26.43398,SY1000111.2026.43398,iPad1(1000111),111,10.06.26 16:47,Prod,A1000111.7058,Tisch 13,118,S1000111.43398,SALE,1,5.9,5.9,0.0,0.0,0.0,0.0,125,Zitronen-Limonade,Getränke,,MwSt. 19%,1.19,4.957983,0.942017,Normalverkauf
S1000111.43399,SP1000111.26.43399,SY1000111.2026.43399,iPad1(1000111),111,10.06.26 16:47,Prod,A1000111.7058,Tisch 13,118,S1000111.43399,SALE,1,7.9,7.9,0.0,0.0,0.0,0.0,106,Neptun-Ringe,Beilagen,,MwSt. 7%,1.07,7.383178,0.516822,Normalverkauf
S1000111.43400,SP1000111.26.43400,SY1000111.2026.43400,iPad1(1000111),111,10.06.26 12:12,Prod,A1000111.7059,,118,S1000111.43400,SALE,1,2.8,2.8,0.0,0.0,0.0,0.0,121,Mineralwasser,Getränke,,MwSt. 19%,1.19,2.352941,0.447059,Normalverkauf
S1000111.43401,SP1000111.26.43401,SY1000111.2026.43401,iPad1(1000111),111,10.06.26 12:12,Prod,A1000111.7059,,118,S1000111.43401,SALE,1,10.9,10.9,0.0,0.0,0.0,0.0,107,Chicken Burger,Hauptgerichte,,MwSt. 7%,1.07,10.186916,0.713084,Normalverkauf
S1000111.43402,SP1000111.26.43402,SY1000111.2026.43402,iPad1(1000111),111,10.06.26 12:12,Prod,A1000111.7059,,118,S1000111.43402,SALE,2,10.9,21.8,0.0,0.0,0.0,0.0,104,Thunfisch Wrap,Hauptgerichte,,MwSt. 7%,1.07,20.373832,1.426168,Normalverkauf
S1000111.43403,SP1000111.26.43403,SY1000111.2026.43403,iPad1(1000111),111,10.06.26 11:22,Prod,A1000111.7060,Tisch 6,114,S1000111.43403,SALE,2,3.9,7.8,0.0,0.0,0.0,0.0,124,Cola Zero,Getränke,,MwSt. 19%,1.19,6.554622,1.245378,Normalverkauf
S1000111.43404,SP1000111.26.43404,SY1000111.2026.43404,iPad1(1000111),111,10.06.26 18:03,Prod,A1000111.7061,Tisch 21,114,S1000111.43404,SALE,1,5.5,5.5,0.0,0.0,0.0,0.0,111,Pommes Frites,Beilagen,,MwSt. 7%,1.07,5.140187,0.359813,Normalverkauf
S1000111.43405,SP1000111.26.43405,SY1000111.2026.43405,iPad1(1000111),111,10.06.26 17:10,Prod,A1000111.7062,Tisch 1,101,S1000111.43405,SALE,2,5.5,11.0,0.0,0.0,0.0,0.0,114,Fisch Nuggets Box,Beilagen,,MwSt. 7%,1.07,10.280374,0.719626,Normalverkauf
S1000111.43406,SP1000111.26.43406,SY1000111.2026.43406,iPad1(1000111),111,10.06.26 17:10,Prod,A1000111.7062,Tisch 1,101,S1000111.43406,SALE,2,7.9,15.8,0.0,0.0,0.0,0.0,106,Neptun-Ringe,Beilagen,,MwSt. 7%,1.07,14.766355,1.033645,Normalverkauf
S1000111.43407,SP1000111.26.43407,SY1000111.2026.43407,iPad1(1000111),111,10.06.26 17:10,Prod,A1000111.7062,Tisch 1,101,S1000111.43407,SALE,1,3.9,3.9,0.0,0.0,0.0,0.0,127,Alkoholfreies Bier,Getränke,,MwSt. 19%,1.19,3.277311,0.622689,Normalverkauf
S1000111.43408,SP1000111.26.43408,SY1000111.2026.43408,iPad1(1000111),111,10.06.26 11:26,Prod,A1000111.7063,Tisch 6,107,S1000111.43408,SALE,2,4.9,9.8,0.0,0.0,0.0,0.0,112,Kartoffelwedges,Beilagen,,MwSt. 7%,1.07,9.158879,0.641121,Normalverkauf
S1000111.43409,SP1000111.26.43409,SY1000111.2026.43409,iPad1(1000111),111,10.06.26 19:11,Prod,A1000111.7064,Tisch 9,119,S1000111.43409,SALE,2,5.5,11.0,0.0,0.0,0.0,0.0,114,Fisch Nuggets Box,Beilagen,,MwSt. 7%,1.07,10.280374,0.719626,Normalverkauf
S1000111.43410,SP1000111.26.43410,SY1000111.2026.43410,iPad1(1000111),111,10.06.26 19:11,Prod,A1000111.7064,Tisch 9,119,S1000111.43410,SALE,1,3.9,3.9,0.0,0.0,0.0,0.0,119,Cola,Getränke,,MwSt. 19%,1.19,3.277311,0.622689,Normalverkauf
S1000111.43411,SP1000111.26.43411,SY1000111.2026.43411,iPad1(1000111),111,10.06.26 19:11,Prod,A1000111.7064,Tisch 9,119,S1000111.43411,SALE,2,3.2,6.4,0.0,0.0,0.0,0.0,120,Apfelschorle,Getränke,,MwSt. 19%,1.19,5.378151,1.021849,Normalverkauf
S1000111.43412,SP1000111.26.43412,SY1000111.2026.43412,iPad1(1000111),111,10.06.26 19:49,Prod,A1000111.7065,Tisch 15,114,S1000111.43412,SALE,1,10.9,10.9,0.0,0.0,0.0,0.0,107,Chicken Burger,Hauptgerichte,,MwSt. 7%,1.07,10.186916,0.713084,Normalverkauf
S1000111.43413,SP1000111.26.43413,SY1000111.2026.43413,iPad1(1000111),111,10.06.26 19:17,Prod,A1000111.7066,Tisch 7,119,S1000111.43413,SALE,1,10.9,10.9,0.0,0.0,0.0,0.0,107,Chicken Burger,Hauptgerichte,,MwSt. 7%,1.07,10.186916,0.713084,Normalverkauf
S1000111.43414,SP1000111.26.43414,SY1000111.2026.43414,iPad1(1000111),111,10.06.26 19:17,Prod,A1000111.7066,Tisch 7,119,S1000111.43414,SALE,2,6.9,13.8,0.0,0.0,0.0,0.0,103,Fischbrötchen Räucherlachs,Hauptspeisen,,MwSt. 7%,1.07,12.897196,0.902804,Normalverkauf
S1000111.43415,SP1000111.26.43415,SY1000111.2026.43415,iPad1(1000111),111,10.06.26 17:30,Prod,A1000111.7067,Tisch 19,115,S1000111.43415,SALE,1,3.9,3.9,0.0,0.0,0.0,0.0,119,Cola,Getränke,,MwSt. 19%,1.19,3.277311,0.622689,Normalverkauf
S1000111.43416,SP1000111.26.43416,SY1000111.2026.43416,iPad1(1000111),111,10.06.26 20:38,Prod,A1000111.7068,Tisch 21,114,S1000111.43416,SALE,1,5.9,5.9,0.0,0.0,0.0,0.0,117,Rote Grütze,Desserts,,MwSt. 7%,1.07,5.514019,0.385981,Normalverkauf
S1000111.43417,SP1000111.26.43417,SY1000111.2026.43417,iPad1(1000111),111,10.06.26 20:38,Prod,A1000111.7068,Tisch 21,114,S1000111.43417,SALE,2,11.5,23.0,0.0,0.0,0.0,0.0,105,Garnelen-Kimchi-Bruger,Hauptgerichte,,MwSt. 7%,1.07,21.495327,1.504673,Normalverkauf
S1000111.43418,SP1000111.26.43418,SY1000111.2026.43418,iPad1(1000111),111,10.06.26 15:48,Prod,A1000111.7069,Tisch 15,118,S1000111.43418,SALE,1,9.8,9.8,0.0,0.0,0.0,0.0,108,Seelachs-Ei-Baugette,Hauptgerichte,,MwSt. 7%,1.07,9.158879,0.641121,Normalverkauf
S1000111.43419,SP1000111.26.43419,SY1000111.2026.43419,iPad1(1000111),111,10.06.26 15:48,Prod,A1000111.7069,Tisch 15,118,S1000111.43419,SALE,2,10.9,21.8,0.0,0.0,0.0,0.0,104,Thunfisch Wrap,Hauptgerichte,,MwSt. 7%,1.07,20.373832,1.426168,Normalverkauf
S1000111.43420,SP1000111.26.43420,SY1000111.2026.43420,iPad1(1000111),111,10.06.26 15:48,Prod,A1000111.7069,Tisch 15,118,S1000111.43420,SALE,1,6.9,6.9,0.0,0.0,0.0,0.0,103,Fischbrötchen Räucherlachs,Hauptspeisen,,MwSt. 7%,1.07,6.448598,0.451402,Normalverkauf
S1000111.43421,SP1000111.26.43421,SY1000111.2026.43421,iPad1(1000111),111,10.06.26 12:26,Prod,A1000111.7070,Tisch 8,117,S1000111.43421,SALE,2,10.9,21.8,0.0,0.0,0.0,0.0,104,Thunfisch Wrap,Hauptgerichte,,MwSt. 7%,1.07,20.373832,1.426168,Normalverkauf
S1000111.43422,SP1000111.26.43422,SY1000111.2026.43422,iPad1(1000111),111,10.06.26 12:26,Prod,A1000111.7070,Tisch 8,117,S1000111.43422,SALE,1,10.9,10.9,0.0,0.0,0.0,0.0,104,Thunfisch Wrap,Hauptgerichte,,MwSt. 7%,1.07,10.186916,0.713084,Normalverkauf
S1000111.43423,SP1000111.26.43423,SY1000111.2026.43423,iPad1(1000111),111,10.06.26 11:27,Prod,A1000111.7071,,114,S1000111.43423,SALE,1,6.9,6.9,0.0,0.0,0.0,0.0,103,Fischbrötchen Räucherlachs,Hauptspeisen,,MwSt. 7%,1.07,6.448598,0.451402,Normalverkauf
S1000111.43424,SP1000111.26.43424,SY1000111.2026.43424,iPad1(1000111),111,10.06.26 11:27,Prod,A1000111.7071,,114,S1000111.43424,SALE,2,5.5,11.0,0.0,0.0,0.0,0.0,111,Pommes Frites,Beilagen,,MwSt. 7%,1.07,10.280374,0.719626,Normalverkauf
S1000111.43425,SP1000111.26.43425,SY1000111.2026.43425,iPad1(1000111),111,10.06.26 11:27,Prod,A1000111.7071,,114,S1000111.43425,SALE,2,3.9,7.8,0.0,0.0,0.0,0.0,124,Cola Zero,Getränke,,MwSt. 19%,1.19,6.554622,1.245378,Normalverkauf
S1000111.43426,SP1000111.26.43426,SY1000111.2026.43426,iPad1(1000111),111,10.06.26 14:05,Prod,A1000111.7072,Tisch 23,117,S1000111.43426,SALE,2,5.9,11.8,0.0,0.0,0.0,0.0,117,Rote Grütze,Desserts,,MwSt. 7%,1.07,11.028037,0.771963,Normalverkauf
S1000111.43427,SP1000111.26.43427,SY1000111.2026.43427,iPad1(1000111),111,10.06.26 14:05,Prod,A1000111.7072,Tisch 23,117,S1000111.43427,SALE,2,5.5,11.0,0.0,0.0,0.0,0.0,111,Pommes Frites,Beilagen,,MwSt. 7%,1.07,10.280374,0.719626,Normalverkauf
S1000111.43428,SP1000111.26.43428,SY1000111.2026.43428,iPad1(1000111),111,10.06.26 14:05,Prod,A1000111.7072,Tisch 23,117,S1000111.43428,SALE,2,6.9,13.8,0.0,0.0,0.0,0.0,113,Garnelen Box,Beilagen,,MwSt. 7%,1.07,12.897196,0.902804,Normalverkauf
S1000111.43429,SP1000111.26.43429,SY1000111.2026.43429,iPad1(1000111),111,10.06.26 16:53,Prod,A1000111.7073,Tisch 9,114,S1000111.43429,SALE,1,5.9,5.9,0.0,0.0,0.0,0.0,123,Inger-Limonade,Getränke,,MwSt. 19%,1.19,4.957983,0.942017,Normalverkauf
S1000111.43430,SP1000111.26.43430,SY1000111.2026.43430,iPad1(1000111),111,10.06.26 16:53,Prod,A1000111.7073,Tisch 9,114,S1000111.43430,SALE,1,7.9,7.9,0.0,0.0,0.0,0.0,115,Tiramisu,Desserts,,MwSt. 7%,1.07,7.383178,0.516822,Normalverkauf
S1000111.43431,SP1000111.26.43431,SY1000111.2026.43431,iPad1(1000111),111,10.06.26 16:53,Prod,A1000111.7073,Tisch 9,114,S1000111.43431,SALE,1,4.2,4.2,0.0,0.0,0.0,0.0,122,Bier,Getränke,,MwSt. 19%,1.19,3.529412,0.670588,Normalverkauf
S1000111.43432,SP1000111.26.43432,SY1000111.2026.43432,iPad1(1000111),111,10.06.26 13:41,Prod,A1000111.7074,Tisch 12,115,S1000111.43432,SALE,2,13.5,27.0,0.0,0.0,0.0,0.0,102,Matjes,Hauptspeisen,,MwSt. 7%,1.07,25.233645,1.766355,Normalverkauf
S1000111.43433,SP1000111.26.43433,SY1000111.2026.43433,iPad1(1000111),111,10.06.26 13:41,Prod,A1000111.7074,Tisch 12,115,S1000111.43433,SALE,2,5.5,11.0,0.0,0.0,0.0,0.0,111,Pommes Frites,Beilagen,,MwSt. 7%,1.07,10.280374,0.719626,Normalverkauf
S1000111.43434,SP1000111.26.43434,SY1000111.2026.43434,iPad1(1000111),111,10.06.26 13:41,Prod,A1000111.7074,Tisch 12,115,S1000111.43434,SALE,1,3.9,3.9,0.0,0.0,0.0,0.0,124,Cola Zero,Getränke,,MwSt. 19%,1.19,3.277311,0.622689,Normalverkauf
S1000111.43435,SP1000111.26.43435,SY1000111.2026.43435,iPad1(1000111),111,10.06.26 13:55,Prod,A1000111.7075,Tisch 2,117,S1000111.43435,SALE,2,14.5,29.0,0.0,0.0,0.0,0.0,101,Lachs,Hauptspeisen,,MwSt. 7%,1.07,27.102804,1.897196,Normalverkauf
S1000111.43436,SP1000111.26.43436,SY1000111.2026.43436,iPad1(1000111),111,10.06.26 13:55,Prod,A1000111.7075,Tisch 2,117,S1000111.43436,SALE,1,10.9,10.9,0.0,0.0,0.0,0.0,107,Chicken Burger,Hauptgerichte,,MwSt. 7%,1.07,10.186916,0.713084,Normalverkauf
S1000111.43437,SP1000111.26.43437,SY1000111.2026.43437,iPad1(1000111),111,10.06.26 16:35,Prod,A1000111.7076,Tisch 20,107,S1000111.43437,SALE,1,6.5,6.5,0.0,0.0,0.0,0.0,118,Schokokuchen,Desserts,,MwSt. 7%,1.07,6.074766,0.425234,Normalverkauf
S1000111.43438,SP1000111.26.43438,SY1000111.2026.43438,iPad1(1000111),111,10.06.26 16:35,Prod,A1000111.7076,Tisch 20,107,S1000111.43438,SALE,2,4.9,9.8,0.0,0.0,0.0,0.0,112,Kartoffelwedges,Beilagen,,MwSt. 7%,1.07,9.158879,0.641121,Normalverkauf
S1000111.43439,SP1000111.26.43439,SY1000111.2026.43439,iPad1(1000111),111,10.06.26 16:35,Prod,A1000111.7076,Tisch 20,107,S1000111.43439,SALE,2,3.9,7.8,0.0,0.0,0.0,0.0,126,Spezi,Getränke,,MwSt. 19%,1.19,6.554622,1.245378,Normalverkauf
S1000111.43440,SP1000111.26.43440,SY1000111.2026.43440,iPad1(1000111),111,10.06.26 11:08,Prod,A1000111.7077,Tisch 3,119,S1000111.43440,SALE,2,3.9,7.8,0.0,0.0,0.0,0.0,126,Spezi,Getränke,,MwSt. 19%,1.19,6.554622,1.245378,Normalverkauf
S1000111.43441,SP1000111.26.43441,SY1000111.2026.43441,iPad1(1000111),111,10.06.26 11:18,Prod,A1000111.7078,Tisch 24,114,S1000111.43441,SALE,2,3.9,7.8,0.0,0.0,0.0,0.0,124,Cola Zero,Getränke,,MwSt. 19%,1.19,6.554622,1.245378,Normalverkauf
S1000111.43442,SP1000111.26.43442,SY1000111.2026.43442,iPad1(1000111),111,10.06.26 11:18,Prod,A1000111.7078,Tisch 24,114,S1000111.43442,SALE,1,10.9,10.9,0.0,0.0,0.0,0.0,104,Thunfisch Wrap,Hauptgerichte,,MwSt. 7%,1.07,10.186916,0.713084,Normalverkauf
S1000111.43443,SP1000111.26.43443,SY1000111.2026.43443,iPad1(1000111),111,10.06.26 11:18,Prod,A1000111.7078,Tisch 24,114,S1000111.43443,SALE,1,3.9,3.9,0.0,0.0,0.0,0.0,119,Cola,Getränke,,MwSt. 19%,1.19,3.277311,0.622689,Normalverkauf
S1000111.43444,SP1000111.26.43444,SY1000111.2026.43444,iPad1(1000111),111,10.06.26 10:54,Prod,A1000111.7079,Tisch 18,114,S1000111.43444,SALE,1,4.9,4.9,0.0,0.0,0.0,0.0,112,Kartoffelwedges,Beilagen,,MwSt. 7%,1.07,4.579439,0.320561,Normalverkauf
S1000111.43445,SP1000111.26.43445,SY1000111.2026.43445,iPad1(1000111),111,10.06.26 10:54,Prod,A1000111.7079,Tisch 18,114,S1000111.43445,SALE,1,11.9,11.9,0.0,0.0,0.0,0.0,110,Matjes-Baguette,Hauptgerichte,,MwSt. 7%,1.07,11.121495,0.778505,Normalverkauf
S1000111.43446,SP1000111.26.43446,SY1000111.2026.43446,iPad1(1000111),111,10.06.26 15:40,Prod,A1000111.7080,Tisch 15,107,S1000111.43446,SALE,1,11.9,11.9,0.0,0.0,0.0,0.0,110,Matjes-Baguette,Hauptgerichte,,MwSt. 7%,1.07,11.121495,0.778505,Normalverkauf
S1000111.43447,SP1000111.26.43447,SY1000111.2026.43447,iPad1(1000111),111,11.06.26 09:43,Prod,A1000111.7081,Tisch 3,119,S1000111.43447,SALE,2,7.9,15.8,0.0,0.0,0.0,0.0,106,Neptun-Ringe,Beilagen,,MwSt. 7%,1.07,14.766355,1.033645,Normalverkauf
S1000111.43448,SP1000111.26.43448,SY1000111.2026.43448,iPad1(1000111),111,11.06.26 09:43,Prod,A1000111.7081,Tisch 3,119,S1000111.43448,SALE,1,10.9,10.9,0.0,0.0,0.0,0.0,104,Thunfisch Wrap,Hauptgerichte,,MwSt. 7%,1.07,10.186916,0.713084,Normalverkauf
S1000111.43449,SP1000111.26.43449,SY1000111.2026.43449,iPad1(1000111),111,11.06.26 09:43,Prod,A1000111.7081,Tisch 3,119,S1000111.43449,SALE,1,14.5,14.5,0.0,0.0,0.0,0.0,101,Lachs,Hauptspeisen,,MwSt. 7%,1.07,13.551402,0.948598,Normalverkauf
S1000111.43450,SP1000111.26.43450,SY1000111.2026.43450,iPad1(1000111),111,11.06.26 12:28,Prod,A1000111.7082,Tisch 17,107,S1000111.43450,SALE,2,3.9,7.8,0.0,0.0,0.0,0.0,124,Cola Zero,Getränke,,MwSt. 19%,1.19,6.554622,1.245378,Normalverkauf
S1000111.43451,SP1000111.26.43451,SY1000111.2026.43451,iPad1(1000111),111,11.06.26 12:28,Prod,A1000111.7082,Tisch 17,107,S1000111.43451,SALE,2,14.5,29.0,0.0,0.0,0.0,0.0,101,Lachs,Hauptspeisen,,MwSt. 7%,1.07,27.102804,1.897196,Normalverkauf
S1000111.43452,SP1000111.26.43452,SY1000111.2026.43452,iPad1(1000111),111,11.06.26 12:28,Prod,A1000111.7082,Tisch 17,107,S1000111.43452,SALE,2,4.9,9.8,0.0,0.0,0.0,0.0,112,Kartoffelwedges,Beilagen,,MwSt. 7%,1.07,9.158879,0.641121,Normalverkauf
S1000111.43453,SP1000111.26.43453,SY1000111.2026.43453,iPad1(1000111),111,11.06.26 18:09,Prod,A1000111.7083,Tisch 13,119,S1000111.43453,SALE,2,4.2,8.4,0.0,0.0,0.0,0.0,122,Bier,Getränke,,MwSt. 19%,1.19,7.058824,1.341176,Normalverkauf
S1000111.43454,SP1000111.26.43454,SY1000111.2026.43454,iPad1(1000111),111,11.06.26 18:09,Prod,A1000111.7083,Tisch 13,119,S1000111.43454,SALE,1,10.9,10.9,0.0,0.0,0.0,0.0,109,Bismarck-Baguette,Hauptgerichte,,MwSt. 7%,1.07,10.186916,0.713084,Normalverkauf
S1000111.43455,SP1000111.26.43455,SY1000111.2026.43455,iPad1(1000111),111,11.06.26 14:16,Prod,A1000111.7084,Tisch 22,118,S1000111.43455,SALE,1,14.5,14.5,0.0,0.0,0.0,0.0,101,Lachs,Hauptspeisen,,MwSt. 7%,1.07,13.551402,0.948598,Normalverkauf
S1000111.43456,SP1000111.26.43456,SY1000111.2026.43456,iPad1(1000111),111,11.06.26 14:16,Prod,A1000111.7084,Tisch 22,118,S1000111.43456,SALE,1,5.9,5.9,0.0,0.0,0.0,0.0,125,Zitronen-Limonade,Getränke,,MwSt. 19%,1.19,4.957983,0.942017,Normalverkauf
S1000111.43457,SP1000111.26.43457,SY1000111.2026.43457,iPad1(1000111),111,11.06.26 17:37,Prod,A1000111.7085,Tisch 9,119,S1000111.43457,SALE,2,2.8,5.6,0.0,0.0,0.0,0.0,121,Mineralwasser,Getränke,,MwSt. 19%,1.19,4.705882,0.894118,Normalverkauf
S1000111.43458,SP1000111.26.43458,SY1000111.2026.43458,iPad1(1000111),111,11.06.26 17:37,Prod,A1000111.7085,Tisch 9,119,S1000111.43458,SALE,1,4.9,4.9,0.0,0.0,0.0,0.0,112,Kartoffelwedges,Beilagen,,MwSt. 7%,1.07,4.579439,0.320561,Normalverkauf
S1000111.43459,SP1000111.26.43459,SY1000111.2026.43459,iPad1(1000111),111,11.06.26 17:37,Prod,A1000111.7085,Tisch 9,119,S1000111.43459,SALE,2,3.9,7.8,0.0,0.0,0.0,0.0,119,Cola,Getränke,,MwSt. 19%,1.19,6.554622,1.245378,Normalverkauf
S1000111.43460,SP1000111.26.43460,SY1000111.2026.43460,iPad1(1000111),111,11.06.26 18:57,Prod,A1000111.7086,Tisch 22,114,S1000111.43460,SALE,1,6.5,6.5,0.0,0.0,0.0,0.0,118,Schokokuchen,Desserts,,MwSt. 7%,1.07,6.074766,0.425234,Normalverkauf
S1000111.43461,SP1000111.26.43461,SY1000111.2026.43461,iPad1(1000111),111,11.06.26 18:57,Prod,A1000111.7086,Tisch 22,114,S1000111.43461,SALE,2,7.9,15.8,0.0,0.0,0.0,0.0,106,Neptun-Ringe,Beilagen,,MwSt. 7%,1.07,14.766355,1.033645,Normalverkauf
S1000111.43462,SP1000111.26.43462,SY1000111.2026.43462,iPad1(1000111),111,11.06.26 18:57,Prod,A1000111.7086,Tisch 22,114,S1000111.43462,SALE,1,3.9,3.9,0.0,0.0,0.0,0.0,126,Spezi,Getränke,,MwSt. 19%,1.19,3.277311,0.622689,Normalverkauf
S1000111.43463,SP1000111.26.43463,SY1000111.2026.43463,iPad1(1000111),111,11.06.26 10:39,Prod,A1000111.7087,,101,S1000111.43463,SALE,2,11.9,23.8,0.0,0.0,0.0,0.0,110,Matjes-Baguette,Hauptgerichte,,MwSt. 7%,1.07,22.242991,1.557009,Normalverkauf
S1000111.43464,SP1000111.26.43464,SY1000111.2026.43464,iPad1(1000111),111,11.06.26 10:39,Prod,A1000111.7087,,101,S1000111.43464,SALE,2,9.8,19.6,0.0,0.0,0.0,0.0,108,Seelachs-Ei-Baugette,Hauptgerichte,,MwSt. 7%,1.07,18.317757,1.282243,Normalverkauf
S1000111.43465,SP1000111.26.43465,SY1000111.2026.43465,iPad1(1000111),111,11.06.26 20:54,Prod,A1000111.7088,Tisch 9,115,S1000111.43465,VOID,1,5.5,5.5,0.0,0.0,0.0,0.0,114,Fisch Nuggets Box,Beilagen,,MwSt. 7%,1.07,5.140187,0.359813,Normalverkauf
S1000111.43466,SP1000111.26.43466,SY1000111.2026.43466,iPad1(1000111),111,11.06.26 11:13,Prod,A1000111.7089,Tisch 1,114,S1000111.43466,SALE,2,4.9,9.8,0.0,0.0,0.0,0.0,112,Kartoffelwedges,Beilagen,,MwSt. 7%,1.07,9.158879,0.641121,Normalverkauf
S1000111.43467,SP1000111.26.43467,SY1000111.2026.43467,iPad1(1000111),111,11.06.26 11:13,Prod,A1000111.7089,Tisch 1,114,S1000111.43467,SALE,2,10.9,21.8,0.0,0.0,0.0,0.0,109,Bismarck-Baguette,Hauptgerichte,,MwSt. 7%,1.07,20.373832,1.426168,Normalverkauf
S1000111.43468,SP1000111.26.43468,SY1000111.2026.43468,iPad1(1000111),111,11.06.26 11:13,Prod,A1000111.7089,Tisch 1,114,S1000111.43468,SALE,2,7.9,15.8,0.0,0.0,0.0,0.0,106,Neptun-Ringe,Beilagen,,MwSt. 7%,1.07,14.766355,1.033645,Normalverkauf
S1000111.43469,SP1000111.26.43469,SY1000111.2026.43469,iPad1(1000111),111,11.06.26 19:08,Prod,A1000111.7090,Tisch 12,101,S1000111.43469,SALE,1,10.9,10.9,0.0,0.0,0.0,0.0,104,Thunfisch Wrap,Hauptgerichte,,MwSt. 7%,1.07,10.186916,0.713084,Normalverkauf
S1000111.43470,SP1000111.26.43470,SY1000111.2026.43470,iPad1(1000111),111,11.06.26 19:41,Prod,A1000111.7091,Tisch 19,119,S1000111.43470,SALE,1,4.2,4.2,0.0,0.0,0.0,0.0,122,Bier,Getränke,,MwSt. 19%,1.19,3.529412,0.670588,Normalverkauf
S1000111.43471,SP1000111.26.43471,SY1000111.2026.43471,iPad1(1000111),111,11.06.26 13:31,Prod,A1000111.7092,Tisch 14,119,S1000111.43471,SALE,1,5.9,5.9,0.0,0.0,0.0,0.0,123,Inger-Limonade,Getränke,,MwSt. 19%,1.19,4.957983,0.942017,Normalverkauf
S1000111.43472,SP1000111.26.43472,SY1000111.2026.43472,iPad1(1000111),111,11.06.26 13:31,Prod,A1000111.7092,Tisch 14,119,S1000111.43472,SALE,2,10.9,21.8,0.0,0.0,0.0,0.0,104,Thunfisch Wrap,Hauptgerichte,,MwSt. 7%,1.07,20.373832,1.426168,Normalverkauf
S1000111.43473,SP1000111.26.43473,SY1000111.2026.43473,iPad1(1000111),111,11.06.26 13:31,Prod,A1000111.7092,Tisch 14,119,S1000111.43473,SALE,2,3.9,7.8,0.0,0.0,0.0,0.0,124,Cola Zero,Getränke,,MwSt. 19%,1.19,6.554622,1.245378,Normalverkauf
S1000111.43474,SP1000111.26.43474,SY1000111.2026.43474,iPad1(1000111),111,11.06.26 10:36,Prod,A1000111.7093,Tisch 19,114,S1000111.43474,SALE,2,3.9,7.8,0.0,0.0,0.0,0.0,126,Spezi,Getränke,,MwSt. 19%,1.19,6.554622,1.245378,Normalverkauf
S1000111.43475,SP1000111.26.43475,SY1000111.2026.43475,iPad1(1000111),111,11.06.26 10:36,Prod,A1000111.7093,Tisch 19,114,S1000111.43475,SALE,1,3.9,3.9,0.0,0.0,0.0,0.0,124,Cola Zero,Getränke,,MwSt. 19%,1.19,3.277311,0.622689,Normalverkauf
S1000111.43476,SP1000111.26.43476,SY1000111.2026.43476,iPad1(1000111),111,11.06.26 15:51,Prod,A1000111.7094,Tisch 6,107,S1000111.43476,SALE,1,4.2,4.2,0.0,0.0,0.0,0.0,122,Bier,Getränke,,MwSt. 19%,1.19,3.529412,0.670588,Normalverkauf
S1000111.43477,SP1000111.26.43477,SY1000111.2026.43477,iPad1(1000111),111,11.06.26 15:51,Prod,A1000111.7094,Tisch 6,107,S1000111.43477,SALE,2,6.9,13.8,0.0,0.0,0.0,0.0,103,Fischbrötchen Räucherlachs,Hauptspeisen,,MwSt. 7%,1.07,12.897196,0.902804,Normalverkauf
S1000111.43478,SP1000111.26.43478,SY1000111.2026.43478,iPad1(1000111),111,11.06.26 15:51,Prod,A1000111.7094,Tisch 6,107,S1000111.43478,SALE,1,6.9,6.9,0.0,0.0,0.0,0.0,113,Garnelen Box,Beilagen,,MwSt. 7%,1.07,6.448598,0.451402,Normalverkauf
S1000111.43479,SP1000111.26.43479,SY1000111.2026.43479,iPad1(1000111),111,11.06.26 17:53,Prod,A1000111.7095,Tisch 1,115,S1000111.43479,SALE,1,3.9,3.9,0.0,0.0,0.0,0.0,124,Cola Zero,Getränke,,MwSt. 19%,1.19,3.277311,0.622689,Normalverkauf
S1000111.43480,SP1000111.26.43480,SY1000111.2026.43480,iPad1(1000111),111,11.06.26 16:00,Prod,A1000111.7096,Tisch 18,101,S1000111.43480,SALE,1,10.9,10.9,0.0,0.0,0.0,0.0,104,Thunfisch Wrap,Hauptgerichte,,MwSt. 7%,1.07,10.186916,0.713084,Normalverkauf
S1000111.43481,SP1000111.26.43481,SY1000111.2026.43481,iPad1(1000111),111,11.06.26 18:53,Prod,A1000111.7097,Tisch 3,117,S1000111.43481,SALE,1,3.9,3.9,0.0,0.0,0.0,0.0,126,Spezi,Getränke,,MwSt. 19%,1.19,3.277311,0.622689,Normalverkauf
S1000111.43482,SP1000111.26.43482,SY1000111.2026.43482,iPad1(1000111),111,11.06.26 19:14,Prod,A1000111.7098,,119,S1000111.43482,SALE,2,3.9,7.8,0.0,0.0,0.0,0.0,119,Cola,Getränke,,MwSt. 19%,1.19,6.554622,1.245378,Normalverkauf
S1000111.43483,SP1000111.26.43483,SY1000111.2026.43483,iPad1(1000111),111,11.06.26 19:14,Prod,A1000111.7098,,119,S1000111.43483,SALE,1,7.9,7.9,0.0,0.0,0.0,0.0,115,Tiramisu,Desserts,,MwSt. 7%,1.07,7.383178,0.516822,Normalverkauf
S1000111.43484,SP1000111.26.43484,SY1000111.2026.43484,iPad1(1000111),111,11.06.26 11:02,Prod,A1000111.7099,Tisch 14,114,S1000111.43484,SALE,1,2.8,2.8,0.0,0.0,0.0,0.0,121,Mineralwasser,Getränke,,MwSt. 19%,1.19,2.352941,0.447059,Normalverkauf
S1000111.43485,SP1000111.26.43485,SY1000111.2026.43485,iPad1(1000111),111,11.06.26 11:02,Prod,A1000111.7099,Tisch 14,114,S1000111.43485,SALE,1,6.9,6.9,0.0,0.0,0.0,0.0,113,Garnelen Box,Beilagen,,MwSt. 7%,1.07,6.448598,0.451402,Normalverkauf
S1000111.43486,SP1000111.26.43486,SY1000111.2026.43486,iPad1(1000111),111,11.06.26 11:02,Prod,A1000111.7099,Tisch 14,114,S1000111.43486,SALE,2,10.9,21.8,0.0,0.0,0.0,0.0,107,Chicken Burger,Hauptgerichte,,MwSt. 7%,1.07,20.373832,1.426168,Normalverkauf
S1000111.43487,SP1000111.26.43487,SY1000111.2026.43487,iPad1(1000111),111,11.06.26 13:22,Prod,A1000111.7100,Tisch 20,115,S1000111.43487,VOID,2,10.9,21.8,0.0,0.0,0.0,0.0,107,Chicken Burger,Hauptgerichte,,MwSt. 7%,1.07,20.373832,1.426168,Normalverkauf
S1000111.43488,SP1000111.26.43488,SY1000111.2026.43488,iPad1(1000111),111,11.06.26 13:22,Prod,A1000111.7100,Tisch 20,115,S1000111.43488,VOID,2,3.9,7.8,0.0,0.0,0.0,0.0,127,Alkoholfreies Bier,Getränke,,MwSt. 19%,1.19,6.554622,1.245378,Normalverkauf
S1000111.43489,SP1000111.26.43489,SY1000111.2026.43489,iPad1(1000111),111,11.06.26 13:22,Prod,A1000111.7100,Tisch 20,115,S1000111.43489,VOID,1,4.2,4.2,0.0,0.0,0.0,0.0,122,Bier,Getränke,,MwSt. 19%,1.19,3.529412,0.670588,Normalverkauf
S1000111.43490,SP1000111.26.43490,SY1000111.2026.43490,iPad1(1000111),111,11.06.26 14:58,Prod,A1000111.7101,,115,S1000111.43490,VOID,1,5.5,5.5,0.0,0.0,0.0,0.0,114,Fisch Nuggets Box,Beilagen,,MwSt. 7%,1.07,5.140187,0.359813,Normalverkauf
S1000111.43491,SP1000111.26.43491,SY1000111.2026.43491,iPad1(1000111),111,11.06.26 14:58,Prod,A1000111.7101,,115,S1000111.43491,VOID,1,5.9,5.9,0.0,0.0,0.0,0.0,117,Rote Grütze,Desserts,,MwSt. 7%,1.07,5.514019,0.385981,Normalverkauf
S1000111.43492,SP1000111.26.43492,SY1000111.2026.43492,iPad1(1000111),111,11.06.26 20:30,Prod,A1000111.7102,Tisch 4,115,S1000111.43492,SALE,2,7.9,15.8,0.0,0.0,0.0,0.0,106,Neptun-Ringe,Beilagen,,MwSt. 7%,1.07,14.766355,1.033645,Normalverkauf
S1000111.43493,SP1000111.26.43493,SY1000111.2026.43493,iPad1(1000111),111,11.06.26 20:30,Prod,A1000111.7102,Tisch 4,115,S1000111.43493,SALE,2,4.2,8.4,0.0,0.0,0.0,0.0,122,Bier,Getränke,,MwSt. 19%,1.19,7.058824,1.341176,Normalverkauf
S1000111.43494,SP1000111.26.43494,SY1000111.2026.43494,iPad1(1000111),111,11.06.26 20:30,Prod,A1000111.7102,Tisch 4,115,S1000111.43494,SALE,2,6.5,13.0,0.0,0.0,0.0,0.0,100,Fischbrötchen Backfisch,Hauptspeisen,,MwSt. 7%,1.07,12.149533,0.850467,Normalverkauf
S1000111.43495,SP1000111.26.43495,SY1000111.2026.43495,iPad1(1000111),111,11.06.26 12:02,Prod,A1000111.7103,Tisch 13,107,S1000111.43495,SALE,2,11.9,23.8,0.0,0.0,0.0,0.0,110,Matjes-Baguette,Hauptgerichte,,MwSt. 7%,1.07,22.242991,1.557009,Normalverkauf
S1000111.43496,SP1000111.26.43496,SY1000111.2026.43496,iPad1(1000111),111,11.06.26 19:39,Prod,A1000111.7104,,118,S1000111.43496,SALE,1,9.8,9.8,0.0,0.0,0.0,0.0,108,Seelachs-Ei-Baugette,Hauptgerichte,,MwSt. 7%,1.07,9.158879,0.641121,Normalverkauf
S1000111.43497,SP1000111.26.43497,SY1000111.2026.43497,iPad1(1000111),111,11.06.26 19:39,Prod,A1000111.7104,,118,S1000111.43497,SALE,2,6.9,13.8,0.0,0.0,0.0,0.0,113,Garnelen Box,Beilagen,,MwSt. 7%,1.07,12.897196,0.902804,Normalverkauf
S1000111.43498,SP1000111.26.43498,SY1000111.2026.43498,iPad1(1000111),111,11.06.26 19:39,Prod,A1000111.7104,,118,S1000111.43498,SALE,1,14.5,14.5,0.0,0.0,0.0,0.0,101,Lachs,Hauptspeisen,,MwSt. 7%,1.07,13.551402,0.948598,Normalverkauf
S1000111.43499,SP1000111.26.43499,SY1000111.2026.43499,iPad1(1000111),111,11.06.26 12:30,Prod,A1000111.7105,Tisch 23,115,S1000111.43499,SALE,1,7.9,7.9,0.0,0.0,0.0,0.0,106,Neptun-Ringe,Beilagen,,MwSt. 7%,1.07,7.383178,0.516822,Normalverkauf
S1000111.43500,SP1000111.26.43500,SY1000111.2026.43500,iPad1(1000111),111,11.06.26 12:30,Prod,A1000111.7105,Tisch 23,115,S1000111.43500,SALE,1,3.9,3.9,0.0,0.0,0.0,0.0,127,Alkoholfreies Bier,Getränke,,MwSt. 19%,1.19,3.277311,0.622689,Normalverkauf
S1000111.43501,SP1000111.26.43501,SY1000111.2026.43501,iPad1(1000111),111,11.06.26 12:30,Prod,A1000111.7105,Tisch 23,115,S1000111.43501,SALE,2,2.8,5.6,0.0,0.0,0.0,0.0,121,Mineralwasser,Getränke,,MwSt. 19%,1.19,4.705882,0.894118,Normalverkauf
S1000111.43502,SP1000111.26.43502,SY1000111.2026.43502,iPad1(1000111),111,11.06.26 13:49,Prod,A1000111.7106,,107,S1000111.43502,SALE,2,10.9,21.8,0.0,0.0,0.0,0.0,107,Chicken Burger,Hauptgerichte,,MwSt. 7%,1.07,20.373832,1.426168,Normalverkauf
S1000111.43503,SP1000111.26.43503,SY1000111.2026.43503,iPad1(1000111),111,11.06.26 13:49,Prod,A1000111.7106,,107,S1000111.43503,SALE,1,3.9,3.9,0.0,0.0,0.0,0.0,127,Alkoholfreies Bier,Getränke,,MwSt. 19%,1.19,3.277311,0.622689,Normalverkauf
S1000111.43504,SP1000111.26.43504,SY1000111.2026.43504,iPad1(1000111),111,11.06.26 13:49,Prod,A1000111.7106,,107,S1000111.43504,SALE,1,3.9,3.9,0.0,0.0,0.0,0.0,119,Cola,Getränke,,MwSt. 19%,1.19,3.277311,0.622689,Normalverkauf
S1000111.43505,SP1000111.26.43505,SY1000111.2026.43505,iPad1(1000111),111,11.06.26 11:48,Prod,A1000111.7107,Tisch 21,115,S1000111.43505,SALE,2,3.9,7.8,0.0,0.0,0.0,0.0,127,Alkoholfreies Bier,Getränke,,MwSt. 19%,1.19,6.554622,1.245378,Normalverkauf
S1000111.43506,SP1000111.26.43506,SY1000111.2026.43506,iPad1(1000111),111,11.06.26 11:48,Prod,A1000111.7107,Tisch 21,115,S1000111.43506,SALE,2,6.5,13.0,0.0,0.0,0.0,0.0,100,Fischbrötchen Backfisch,Hauptspeisen,,MwSt. 7%,1.07,12.149533,0.850467,Normalverkauf
S1000111.43507,SP1000111.26.43507,SY1000111.2026.43507,iPad1(1000111),111,11.06.26 16:04,Prod,A1000111.7108,Tisch 6,114,S1000111.43507,VOID,2,10.9,21.8,0.0,0.0,0.0,0.0,107,Chicken Burger,Hauptgerichte,,MwSt. 7%,1.07,20.373832,1.426168,Normalverkauf
S1000111.43508,SP1000111.26.43508,SY1000111.2026.43508,iPad1(1000111),111,11.06.26 16:04,Prod,A1000111.7108,Tisch 6,114,S1000111.43508,VOID,1,3.9,3.9,0.0,0.0,0.0,0.0,119,Cola,Getränke,,MwSt. 19%,1.19,3.277311,0.622689,Normalverkauf
S1000111.43509,SP1000111.26.43509,SY1000111.2026.43509,iPad1(1000111),111,11.06.26 16:04,Prod,A1000111.7108,Tisch 6,114,S1000111.43509,VOID,1,7.9,7.9,0.0,0.0,0.0,0.0,106,Neptun-Ringe,Beilagen,,MwSt. 7%,1.07,7.383178,0.516822,Normalverkauf
S1000111.43510,SP1000111.26.43510,SY1000111.2026.43510,iPad1(1000111),111,11.06.26 11:40,Prod,A1000111.7109,Tisch 6,115,S1000111.43510,VOID,2,3.9,7.8,0.0,0.0,0.0,0.0,126,Spezi,Getränke,,MwSt. 19%,1.19,6.554622,1.245378,Normalverkauf
S1000111.43511,SP1000111.26.43511,SY1000111.2026.43511,iPad1(1000111),111,11.06.26 20:55,Prod,A1000111.7110,Tisch 2,117,S1000111.43511,SALE,1,10.9,10.9,0.0,0.0,0.0,0.0,107,Chicken Burger,Hauptgerichte,,MwSt. 7%,1.07,10.186916,0.713084,Normalverkauf
S1000111.43512,SP1000111.26.43512,SY1000111.2026.43512,iPad1(1000111),111,11.06.26 17:58,Prod,A1000111.7111,Tisch 3,107,S1000111.43512,SALE,1,3.9,3.9,0.0,0.0,0.0,0.0,124,Cola Zero,Getränke,,MwSt. 19%,1.19,3.277311,0.622689,Normalverkauf
S1000111.43513,SP1000111.26.43513,SY1000111.2026.43513,iPad1(1000111),111,11.06.26 17:58,Prod,A1000111.7111,Tisch 3,107,S1000111.43513,SALE,1,6.9,6.9,0.0,0.0,0.0,0.0,103,Fischbrötchen Räucherlachs,Hauptspeisen,,MwSt. 7%,1.07,6.448598,0.451402,Normalverkauf
S1000111.43514,SP1000111.26.43514,SY1000111.2026.43514,iPad1(1000111),111,11.06.26 12:45,Prod,A1000111.7112,Tisch 3,117,S1000111.43514,SALE,1,5.5,5.5,0.0,0.0,0.0,0.0,111,Pommes Frites,Beilagen,,MwSt. 7%,1.07,5.140187,0.359813,Normalverkauf
S1000111.43515,SP1000111.26.43515,SY1000111.2026.43515,iPad1(1000111),111,11.06.26 11:06,Prod,A1000111.7113,Tisch 15,118,S1000111.43515,VOID,2,5.5,11.0,0.0,0.0,0.0,0.0,114,Fisch Nuggets Box,Beilagen,,MwSt. 7%,1.07,10.280374,0.719626,Normalverkauf
S1000111.43516,SP1000111.26.43516,SY1000111.2026.43516,iPad1(1000111),111,11.06.26 11:06,Prod,A1000111.7113,Tisch 15,118,S1000111.43516,VOID,1,10.9,10.9,0.0,0.0,0.0,0.0,107,Chicken Burger,Hauptgerichte,,MwSt. 7%,1.07,10.186916,0.713084,Normalverkauf
S1000111.43517,SP1000111.26.43517,SY1000111.2026.43517,iPad1(1000111),111,11.06.26 11:46,Prod,A1000111.7114,Tisch 6,114,S1000111.43517,SALE,2,14.5,29.0,0.0,0.0,0.0,0.0,101,Lachs,Hauptspeisen,,MwSt. 7%,1.07,27.102804,1.897196,Normalverkauf
S1000111.43518,SP1000111.26.43518,SY1000111.2026.43518,iPad1(1000111),111,11.06.26 11:46,Prod,A1000111.7114,Tisch 6,114,S1000111.43518,SALE,2,5.9,11.8,0.0,0.0,0.0,0.0,116,Vanillequark,Desserts,,MwSt. 7%,1.07,11.028037,0.771963,Normalverkauf
S1000111.43519,SP1000111.26.43519,SY1000111.2026.43519,iPad1(1000111),111,11.06.26 10:37,Prod,A1000111.7115,Tisch 5,119,S1000111.43519,SALE,2,3.9,7.8,0.0,0.0,0.0,0.0,124,Cola Zero,Getränke,,MwSt. 19%,1.19,6.554622,1.245378,Normalverkauf
S1000111.43520,SP1000111.26.43520,SY1000111.2026.43520,iPad1(1000111),111,11.06.26 10:37,Prod,A1000111.7115,Tisch 5,119,S1000111.43520,SALE,2,10.9,21.8,0.0,0.0,0.0,0.0,104,Thunfisch Wrap,Hauptgerichte,,MwSt. 7%,1.07,20.373832,1.426168,Normalverkauf
S1000111.43521,SP1000111.26.43521,SY1000111.2026.43521,iPad1(1000111),111,11.06.26 10:37,Prod,A1000111.7115,Tisch 5,119,S1000111.43521,SALE,1,4.2,4.2,0.0,0.0,0.0,0.0,122,Bier,Getränke,,MwSt. 19%,1.19,3.529412,0.670588,Normalverkauf
S1000111.43522,SP1000111.26.43522,SY1000111.2026.43522,iPad1(1000111),111,11.06.26 10:36,Prod,A1000111.7116,Tisch 24,114,S1000111.43522,SALE,2,11.5,23.0,0.0,0.0,0.0,0.0,105,Garnelen-Kimchi-Bruger,Hauptgerichte,,MwSt. 7%,1.07,21.495327,1.504673,Normalverkauf
S1000111.43523,SP1000111.26.43523,SY1000111.2026.43523,iPad1(1000111),111,11.06.26 10:36,Prod,A1000111.7116,Tisch 24,114,S1000111.43523,SALE,1,10.9,10.9,0.0,0.0,0.0,0.0,107,Chicken Burger,Hauptgerichte,,MwSt. 7%,1.07,10.186916,0.713084,Normalverkauf
S1000111.43524,SP1000111.26.43524,SY1000111.2026.43524,iPad1(1000111),111,11.06.26 20:14,Prod,A1000111.7117,Tisch 21,107,S1000111.43524,SALE,2,3.9,7.8,0.0,0.0,0.0,0.0,119,Cola,Getränke,,MwSt. 19%,1.19,6.554622,1.245378,Normalverkauf
S1000111.43525,SP1000111.26.43525,SY1000111.2026.43525,iPad1(1000111),111,11.06.26 20:14,Prod,A1000111.7117,Tisch 21,107,S1000111.43525,SALE,1,13.5,13.5,0.0,0.0,0.0,0.0,102,Matjes,Hauptspeisen,,MwSt. 7%,1.07,12.616822,0.883178,Normalverkauf
S1000111.43526,SP1000111.26.43526,SY1000111.2026.43526,iPad1(1000111),111,11.06.26 17:08,Prod,A1000111.7118,Tisch 13,114,S1000111.43526,SALE,1,3.9,3.9,0.0,0.0,0.0,0.0,119,Cola,Getränke,,MwSt. 19%,1.19,3.277311,0.622689,Normalverkauf
S1000111.43527,SP1000111.26.43527,SY1000111.2026.43527,iPad1(1000111),111,11.06.26 17:08,Prod,A1000111.7118,Tisch 13,114,S1000111.43527,SALE,1,7.9,7.9,0.0,0.0,0.0,0.0,115,Tiramisu,Desserts,,MwSt. 7%,1.07,7.383178,0.516822,Normalverkauf
S1000111.43528,SP1000111.26.43528,SY1000111.2026.43528,iPad1(1000111),111,11.06.26 10:24,Prod,A1000111.7119,Tisch 12,107,S1000111.43528,SALE,2,10.9,21.8,0.0,0.0,0.0,0.0,104,Thunfisch Wrap,Hauptgerichte,,MwSt. 7%,1.07,20.373832,1.426168,Normalverkauf
S1000111.43529,SP1000111.26.43529,SY1000111.2026.43529,iPad1(1000111),111,11.06.26 19:15,Prod,A1000111.7120,,114,S1000111.43529,SALE,2,3.9,7.8,0.0,0.0,0.0,0.0,127,Alkoholfreies Bier,Getränke,,MwSt. 19%,1.19,6.554622,1.245378,Normalverkauf
S1000111.43530,SP1000111.26.43530,SY1000111.2026.43530,iPad1(1000111),111,11.06.26 19:15,Prod,A1000111.7120,,114,S1000111.43530,SALE,1,6.9,6.9,0.0,0.0,0.0,0.0,103,Fischbrötchen Räucherlachs,Hauptspeisen,,MwSt. 7%,1.07,6.448598,0.451402,Normalverkauf
S1000111.43531,SP1000111.26.43531,SY1000111.2026.43531,iPad1(1000111),111,11.06.26 11:38,Prod,A1000111.7121,Tisch 8,118,S1000111.43531,SALE,2,5.9,11.8,0.0,0.0,0.0,0.0,116,Vanillequark,Desserts,,MwSt. 7%,1.07,11.028037,0.771963,Normalverkauf
S1000111.43532,SP1000111.26.43532,SY1000111.2026.43532,iPad1(1000111),111,11.06.26 11:38,Prod,A1000111.7121,Tisch 8,118,S1000111.43532,SALE,2,3.9,7.8,0.0,0.0,0.0,0.0,124,Cola Zero,Getränke,,MwSt. 19%,1.19,6.554622,1.245378,Normalverkauf
S1000111.43533,SP1000111.26.43533,SY1000111.2026.43533,iPad1(1000111),111,11.06.26 11:38,Prod,A1000111.7121,Tisch 8,118,S1000111.43533,SALE,1,4.2,4.2,0.0,0.0,0.0,0.0,122,Bier,Getränke,,MwSt. 19%,1.19,3.529412,0.670588,Normalverkauf
S1000111.43534,SP1000111.26.43534,SY1000111.2026.43534,iPad1(1000111),111,11.06.26 16:21,Prod,A1000111.7122,Tisch 17,114,S1000111.43534,SALE,2,3.9,7.8,0.0,0.0,0.0,0.0,127,Alkoholfreies Bier,Getränke,,MwSt. 19%,1.19,6.554622,1.245378,Normalverkauf
S1000111.43535,SP1000111.26.43535,SY1000111.2026.43535,iPad1(1000111),111,11.06.26 19:48,Prod,A1000111.7123,Tisch 13,115,S1000111.43535,SALE,2,10.9,21.8,0.0,0.0,0.0,0.0,104,Thunfisch Wrap,Hauptgerichte,,MwSt. 7%,1.07,20.373832,1.426168,Normalverkauf
S1000111.43536,SP1000111.26.43536,SY1000111.2026.43536,iPad1(1000111),111,11.06.26 19:48,Prod,A1000111.7123,Tisch 13,115,S1000111.43536,SALE,1,13.5,13.5,0.0,0.0,0.0,0.0,102,Matjes,Hauptspeisen,,MwSt. 7%,1.07,12.616822,0.883178,Normalverkauf
S1000111.43537,SP1000111.26.43537,SY1000111.2026.43537,iPad1(1000111),111,11.06.26 19:48,Prod,A1000111.7123,Tisch 13,115,S1000111.43537,SALE,1,3.9,3.9,0.0,0.0,0.0,0.0,124,Cola Zero,Getränke,,MwSt. 19%,1.19,3.277311,0.622689,Normalverkauf
S1000111.43538,SP1000111.26.43538,SY1000111.2026.43538,iPad1(1000111),111,11.06.26 14:06,Prod,A1000111.7124,Tisch 13,115,S1000111.43538,SALE,2,2.8,5.6,0.0,0.0,0.0,0.0,121,Mineralwasser,Getränke,,MwSt. 19%,1.19,4.705882,0.894118,Normalverkauf
S1000111.43539,SP1000111.26.43539,SY1000111.2026.43539,iPad1(1000111),111,11.06.26 14:06,Prod,A1000111.7124,Tisch 13,115,S1000111.43539,SALE,2,6.5,13.0,0.0,0.0,0.0,0.0,100,Fischbrötchen Backfisch,Hauptspeisen,,MwSt. 7%,1.07,12.149533,0.850467,Normalverkauf
S1000111.43540,SP1000111.26.43540,SY1000111.2026.43540,iPad1(1000111),111,11.06.26 14:06,Prod,A1000111.7124,Tisch 13,115,S1000111.43540,SALE,2,5.9,11.8,0.0,0.0,0.0,0.0,123,Inger-Limonade,Getränke,,MwSt. 19%,1.19,9.915966,1.884034,Normalverkauf
S1000111.43541,SP1000111.26.43541,SY1000111.2026.43541,iPad1(1000111),111,11.06.26 11:57,Prod,A1000111.7125,Tisch 15,117,S1000111.43541,SALE,1,10.9,10.9,0.0,0.0,0.0,0.0,107,Chicken Burger,Hauptgerichte,,MwSt. 7%,1.07,10.186916,0.713084,Normalverkauf
S1000111.43542,SP1000111.26.43542,SY1000111.2026.43542,iPad1(1000111),111,11.06.26 11:57,Prod,A1000111.7125,Tisch 15,117,S1000111.43542,SALE,1,5.9,5.9,0.0,0.0,0.0,0.0,125,Zitronen-Limonade,Getränke,,MwSt. 19%,1.19,4.957983,0.942017,Normalverkauf
S1000111.43543,SP1000111.26.43543,SY1000111.2026.43543,iPad1(1000111),111,11.06.26 10:06,Prod,A1000111.7126,,118,S1000111.43543,SALE,2,3.9,7.8,0.0,0.0,0.0,0.0,119,Cola,Getränke,,MwSt. 19%,1.19,6.554622,1.245378,Normalverkauf
S1000111.43544,SP1000111.26.43544,SY1000111.2026.43544,iPad1(1000111),111,11.06.26 16:23,Prod,A1000111.7127,Tisch 24,101,S1000111.43544,SALE,2,10.9,21.8,0.0,0.0,0.0,0.0,104,Thunfisch Wrap,Hauptgerichte,,MwSt. 7%,1.07,20.373832,1.426168,Normalverkauf
S1000111.43545,SP1000111.26.43545,SY1000111.2026.43545,iPad1(1000111),111,11.06.26 12:51,Prod,A1000111.7128,Tisch 15,107,S1000111.43545,SALE,2,10.9,21.8,0.0,0.0,0.0,0.0,104,Thunfisch Wrap,Hauptgerichte,,MwSt. 7%,1.07,20.373832,1.426168,Normalverkauf
S1000111.43546,SP1000111.26.43546,SY1000111.2026.43546,iPad1(1000111),111,11.06.26 12:51,Prod,A1000111.7128,Tisch 15,107,S1000111.43546,SALE,2,9.8,19.6,0.0,0.0,0.0,0.0,108,Seelachs-Ei-Baugette,Hauptgerichte,,MwSt. 7%,1.07,18.317757,1.282243,Normalverkauf
S1000111.43547,SP1000111.26.43547,SY1000111.2026.43547,iPad1(1000111),111,11.06.26 12:07,Prod,A1000111.7129,,115,S1000111.43547,SALE,1,5.9,5.9,0.0,0.0,0.0,0.0,123,Inger-Limonade,Getränke,,MwSt. 19%,1.19,4.957983,0.942017,Normalverkauf
S1000111.43548,SP1000111.26.43548,SY1000111.2026.43548,iPad1(1000111),111,11.06.26 12:07,Prod,A1000111.7129,,115,S1000111.43548,SALE,2,7.9,15.8,0.0,0.0,0.0,0.0,106,Neptun-Ringe,Beilagen,,MwSt. 7%,1.07,14.766355,1.033645,Normalverkauf
S1000111.43549,SP1000111.26.43549,SY1000111.2026.43549,iPad1(1000111),111,11.06.26 12:07,Prod,A1000111.7129,,115,S1000111.43549,SALE,2,3.9,7.8,0.0,0.0,0.0,0.0,126,Spezi,Getränke,,MwSt. 19%,1.19,6.554622,1.245378,Normalverkauf
S1000111.43550,SP1000111.26.43550,SY1000111.2026.43550,iPad1(1000111),111,11.06.26 15:47,Prod,A1000111.7130,Tisch 13,107,S1000111.43550,SALE,1,13.5,13.5,0.0,0.0,0.0,0.0,102,Matjes,Hauptspeisen,,MwSt. 7%,1.07,12.616822,0.883178,Normalverkauf
S1000111.43551,SP1000111.26.43551,SY1000111.2026.43551,iPad1(1000111),111,11.06.26 17:11,Prod,A1000111.7131,Tisch 14,107,S1000111.43551,SALE,1,7.9,7.9,0.0,0.0,0.0,0.0,106,Neptun-Ringe,Beilagen,,MwSt. 7%,1.07,7.383178,0.516822,Normalverkauf
S1000111.43552,SP1000111.26.43552,SY1000111.2026.43552,iPad1(1000111),111,11.06.26 12:14,Prod,A1000111.7132,Tisch 5,115,S1000111.43552,SALE,1,3.9,3.9,0.0,0.0,0.0,0.0,124,Cola Zero,Getränke,,MwSt. 19%,1.19,3.277311,0.622689,Normalverkauf
S1000111.43553,SP1000111.26.43553,SY1000111.2026.43553,iPad1(1000111),111,11.06.26 17:10,Prod,A1000111.7133,Tisch 12,115,S1000111.43553,SALE,1,5.5,5.5,0.0,0.0,0.0,0.0,111,Pommes Frites,Beilagen,,MwSt. 7%,1.07,5.140187,0.359813,Normalverkauf
S1000111.43554,SP1000111.26.43554,SY1000111.2026.43554,iPad1(1000111),111,11.06.26 17:10,Prod,A1000111.7133,Tisch 12,115,S1000111.43554,SALE,1,5.5,5.5,0.0,0.0,0.0,0.0,111,Pommes Frites,Beilagen,,MwSt. 7%,1.07,5.140187,0.359813,Normalverkauf
S1000111.43555,SP1000111.26.43555,SY1000111.2026.43555,iPad1(1000111),111,11.06.26 17:10,Prod,A1000111.7133,Tisch 12,115,S1000111.43555,SALE,2,7.9,15.8,0.0,0.0,0.0,0.0,115,Tiramisu,Desserts,,MwSt. 7%,1.07,14.766355,1.033645,Normalverkauf
S1000111.43556,SP1000111.26.43556,SY1000111.2026.43556,iPad1(1000111),111,11.06.26 12:39,Prod,A1000111.7134,Tisch 23,101,S1000111.43556,SALE,1,10.9,10.9,0.0,0.0,0.0,0.0,104,Thunfisch Wrap,Hauptgerichte,,MwSt. 7%,1.07,10.186916,0.713084,Normalverkauf
S1000111.43557,SP1000111.26.43557,SY1000111.2026.43557,iPad1(1000111),111,11.06.26 12:39,Prod,A1000111.7134,Tisch 23,101,S1000111.43557,SALE,2,3.9,7.8,0.0,0.0,0.0,0.0,119,Cola,Getränke,,MwSt. 19%,1.19,6.554622,1.245378,Normalverkauf
S1000111.43558,SP1000111.26.43558,SY1000111.2026.43558,iPad1(1000111),111,11.06.26 12:39,Prod,A1000111.7134,Tisch 23,101,S1000111.43558,SALE,2,3.9,7.8,0.0,0.0,0.0,0.0,126,Spezi,Getränke,,MwSt. 19%,1.19,6.554622,1.245378,Normalverkauf
S1000111.43559,SP1000111.26.43559,SY1000111.2026.43559,iPad1(1000111),111,11.06.26 09:49,Prod,A1000111.7135,Tisch 19,119,S1000111.43559,SALE,1,2.8,2.8,0.0,0.0,0.0,0.0,121,Mineralwasser,Getränke,,MwSt. 19%,1.19,2.352941,0.447059,Normalverkauf
S1000111.43560,SP1000111.26.43560,SY1000111.2026.43560,iPad1(1000111),111,11.06.26 09:49,Prod,A1000111.7135,Tisch 19,119,S1000111.43560,SALE,2,6.9,13.8,0.0,0.0,0.0,0.0,103,Fischbrötchen Räucherlachs,Hauptspeisen,,MwSt. 7%,1.07,12.897196,0.902804,Normalverkauf
S1000111.43561,SP1000111.26.43561,SY1000111.2026.43561,iPad1(1000111),111,11.06.26 09:49,Prod,A1000111.7135,Tisch 19,119,S1000111.43561,SALE,2,5.9,11.8,0.0,0.0,0.0,0.0,125,Zitronen-Limonade,Getränke,,MwSt. 19%,1.19,9.915966,1.884034,Normalverkauf
S1000111.43562,SP1000111.26.43562,SY1000111.2026.43562,iPad1(1000111),111,11.06.26 20:08,Prod,A1000111.7136,Tisch 20,115,S1000111.43562,VOID,1,2.8,2.8,0.0,0.0,0.0,0.0,121,Mineralwasser,Getränke,,MwSt. 19%,1.19,2.352941,0.447059,Normalverkauf
S1000111.43563,SP1000111.26.43563,SY1000111.2026.43563,iPad1(1000111),111,11.06.26 20:08,Prod,A1000111.7136,Tisch 20,115,S1000111.43563,VOID,1,5.5,5.5,0.0,0.0,0.0,0.0,111,Pommes Frites,Beilagen,,MwSt. 7%,1.07,5.140187,0.359813,Normalverkauf
S1000111.43564,SP1000111.26.43564,SY1000111.2026.43564,iPad1(1000111),111,11.06.26 11:55,Prod,A1000111.7137,Tisch 15,115,S1000111.43564,SALE,1,9.8,9.8,0.0,0.0,0.0,0.0,108,Seelachs-Ei-Baugette,Hauptgerichte,,MwSt. 7%,1.07,9.158879,0.641121,Normalverkauf
S1000111.43565,SP1000111.26.43565,SY1000111.2026.43565,iPad1(1000111),111,11.06.26 11:55,Prod,A1000111.7137,Tisch 15,115,S1000111.43565,SALE,1,3.9,3.9,0.0,0.0,0.0,0.0,127,Alkoholfreies Bier,Getränke,,MwSt. 19%,1.19,3.277311,0.622689,Normalverkauf
S1000111.43566,SP1000111.26.43566,SY1000111.2026.43566,iPad1(1000111),111,11.06.26 12:38,Prod,A1000111.7138,Tisch 3,107,S1000111.43566,SALE,2,3.9,7.8,0.0,0.0,0.0,0.0,124,Cola Zero,Getränke,,MwSt. 19%,1.19,6.554622,1.245378,Normalverkauf
S1000111.43567,SP1000111.26.43567,SY1000111.2026.43567,iPad1(1000111),111,11.06.26 18:00,Prod,A1000111.7139,Tisch 19,114,S1000111.43567,SALE,1,2.8,2.8,0.0,0.0,0.0,0.0,121,Mineralwasser,Getränke,,MwSt. 19%,1.19,2.352941,0.447059,Normalverkauf
S1000111.43568,SP1000111.26.43568,SY1000111.2026.43568,iPad1(1000111),111,11.06.26 18:00,Prod,A1000111.7139,Tisch 19,114,S1000111.43568,SALE,1,2.8,2.8,0.0,0.0,0.0,0.0,121,Mineralwasser,Getränke,,MwSt. 19%,1.19,2.352941,0.447059,Normalverkauf
S1000111.43569,SP1000111.26.43569,SY1000111.2026.43569,iPad1(1000111),111,11.06.26 16:04,Prod,A1000111.7140,Tisch 20,115,S1000111.43569,SALE,2,3.9,7.8,0.0,0.0,0.0,0.0,119,Cola,Getränke,,MwSt. 19%,1.19,6.554622,1.245378,Normalverkauf
S1000111.43570,SP1000111.26.43570,SY1000111.2026.43570,iPad1(1000111),111,11.06.26 10:55,Prod,A1000111.7141,Tisch 15,114,S1000111.43570,SALE,2,4.2,8.4,0.0,0.0,0.0,0.0,122,Bier,Getränke,,MwSt. 19%,1.19,7.058824,1.341176,Normalverkauf
S1000111.43571,SP1000111.26.43571,SY1000111.2026.43571,iPad1(1000111),111,11.06.26 10:55,Prod,A1000111.7141,Tisch 15,114,S1000111.43571,SALE,2,5.5,11.0,0.0,0.0,0.0,0.0,111,Pommes Frites,Beilagen,,MwSt. 7%,1.07,10.280374,0.719626,Normalverkauf
S1000111.43572,SP1000111.26.43572,SY1000111.2026.43572,iPad1(1000111),111,11.06.26 11:51,Prod,A1000111.7142,Tisch 5,101,S1000111.43572,SALE,2,10.9,21.8,0.0,0.0,0.0,0.0,107,Chicken Burger,Hauptgerichte,,MwSt. 7%,1.07,20.373832,1.426168,Normalverkauf
S1000111.43573,SP1000111.26.43573,SY1000111.2026.43573,iPad1(1000111),111,11.06.26 11:51,Prod,A1000111.7142,Tisch 5,101,S1000111.43573,SALE,2,5.5,11.0,0.0,0.0,0.0,0.0,111,Pommes Frites,Beilagen,,MwSt. 7%,1.07,10.280374,0.719626,Normalverkauf
S1000111.43574,SP1000111.26.43574,SY1000111.2026.43574,iPad1(1000111),111,11.06.26 12:50,Prod,A1000111.7143,Tisch 10,107,S1000111.43574,SALE,1,14.5,14.5,0.0,0.0,0.0,0.0,101,Lachs,Hauptspeisen,,MwSt. 7%,1.07,13.551402,0.948598,Normalverkauf
S1000111.43575,SP1000111.26.43575,SY1000111.2026.43575,iPad1(1000111),111,11.06.26 12:50,Prod,A1000111.7143,Tisch 10,107,S1000111.43575,SALE,2,3.9,7.8,0.0,0.0,0.0,0.0,126,Spezi,Getränke,,MwSt. 19%,1.19,6.554622,1.245378,Normalverkauf
S1000111.43576,SP1000111.26.43576,SY1000111.2026.43576,iPad1(1000111),111,11.06.26 11:44,Prod,A1000111.7144,Tisch 6,107,S1000111.43576,SALE,1,5.5,5.5,0.0,0.0,0.0,0.0,111,Pommes Frites,Beilagen,,MwSt. 7%,1.07,5.140187,0.359813,Normalverkauf
S1000111.43577,SP1000111.26.43577,SY1000111.2026.43577,iPad1(1000111),111,11.06.26 11:44,Prod,A1000111.7144,Tisch 6,107,S1000111.43577,SALE,2,4.2,8.4,0.0,0.0,0.0,0.0,122,Bier,Getränke,,MwSt. 19%,1.19,7.058824,1.341176,Normalverkauf
S1000111.43578,SP1000111.26.43578,SY1000111.2026.43578,iPad1(1000111),111,11.06.26 11:44,Prod,A1000111.7144,Tisch 6,107,S1000111.43578,SALE,2,9.8,19.6,0.0,0.0,0.0,0.0,108,Seelachs-Ei-Baugette,Hauptgerichte,,MwSt. 7%,1.07,18.317757,1.282243,Normalverkauf
S1000111.43579,SP1000111.26.43579,SY1000111.2026.43579,iPad1(1000111),111,11.06.26 16:53,Prod,A1000111.7145,Tisch 2,118,S1000111.43579,SALE,2,3.9,7.8,0.0,0.0,0.0,0.0,119,Cola,Getränke,,MwSt. 19%,1.19,6.554622,1.245378,Normalverkauf
S1000111.43580,SP1000111.26.43580,SY1000111.2026.43580,iPad1(1000111),111,11.06.26 16:53,Prod,A1000111.7145,Tisch 2,118,S1000111.43580,SALE,2,5.5,11.0,0.0,0.0,0.0,0.0,111,Pommes Frites,Beilagen,,MwSt. 7%,1.07,10.280374,0.719626,Normalverkauf
S1000111.43581,SP1000111.26.43581,SY1000111.2026.43581,iPad1(1000111),111,11.06.26 16:53,Prod,A1000111.7145,Tisch 2,118,S1000111.43581,SALE,1,10.9,10.9,0.0,0.0,0.0,0.0,107,Chicken Burger,Hauptgerichte,,MwSt. 7%,1.07,10.186916,0.713084,Normalverkauf
S1000111.43582,SP1000111.26.43582,SY1000111.2026.43582,iPad1(1000111),111,11.06.26 18:08,Prod,A1000111.7146,Tisch 16,117,S1000111.43582,SALE,1,5.5,5.5,0.0,0.0,0.0,0.0,114,Fisch Nuggets Box,Beilagen,,MwSt. 7%,1.07,5.140187,0.359813,Normalverkauf
S1000111.43583,SP1000111.26.43583,SY1000111.2026.43583,iPad1(1000111),111,11.06.26 18:08,Prod,A1000111.7146,Tisch 16,117,S1000111.43583,SALE,2,3.2,6.4,0.0,0.0,0.0,0.0,120,Apfelschorle,Getränke,,MwSt. 19%,1.19,5.378151,1.021849,Normalverkauf
S1000111.43584,SP1000111.26.43584,SY1000111.2026.43584,iPad1(1000111),111,11.06.26 18:08,Prod,A1000111.7146,Tisch 16,117,S1000111.43584,SALE,2,2.8,5.6,0.0,0.0,0.0,0.0,121,Mineralwasser,Getränke,,MwSt. 19%,1.19,4.705882,0.894118,Normalverkauf
S1000111.43585,SP1000111.26.43585,SY1000111.2026.43585,iPad1(1000111),111,11.06.26 16:09,Prod,A1000111.7147,Tisch 5,114,S1000111.43585,SALE,1,11.5,11.5,0.0,0.0,0.0,0.0,105,Garnelen-Kimchi-Bruger,Hauptgerichte,,MwSt. 7%,1.07,10.747664,0.752336,Normalverkauf
S1000111.43586,SP1000111.26.43586,SY1000111.2026.43586,iPad1(1000111),111,11.06.26 16:09,Prod,A1000111.7147,Tisch 5,114,S1000111.43586,SALE,2,6.9,13.8,0.0,0.0,0.0,0.0,103,Fischbrötchen Räucherlachs,Hauptspeisen,,MwSt. 7%,1.07,12.897196,0.902804,Normalverkauf
S1000111.43587,SP1000111.26.43587,SY1000111.2026.43587,iPad1(1000111),111,11.06.26 18:45,Prod,A1000111.7148,Tisch 9,117,S1000111.43587,SALE,2,3.9,7.8,0.0,0.0,0.0,0.0,119,Cola,Getränke,,MwSt. 19%,1.19,6.554622,1.245378,Normalverkauf
S1000111.43588,SP1000111.26.43588,SY1000111.2026.43588,iPad1(1000111),111,11.06.26 19:16,Prod,A1000111.7149,Tisch 23,101,S1000111.43588,SALE,2,5.9,11.8,0.0,0.0,0.0,0.0,123,Inger-Limonade,Getränke,,MwSt. 19%,1.19,9.915966,1.884034,Normalverkauf
S1000111.43589,SP1000111.26.43589,SY1000111.2026.43589,iPad1(1000111),111,11.06.26 19:16,Prod,A1000111.7149,Tisch 23,101,S1000111.43589,SALE,1,10.9,10.9,0.0,0.0,0.0,0.0,104,Thunfisch Wrap,Hauptgerichte,,MwSt. 7%,1.07,10.186916,0.713084,Normalverkauf
S1000111.43590,SP1000111.26.43590,SY1000111.2026.43590,iPad1(1000111),111,11.06.26 12:52,Prod,A1000111.7150,Tisch 16,118,S1000111.43590,SALE,1,3.2,3.2,0.0,0.0,0.0,0.0,120,Apfelschorle,Getränke,,MwSt. 19%,1.19,2.689076,0.510924,Normalverkauf
S1000111.43591,SP1000111.26.43591,SY1000111.2026.43591,iPad1(1000111),111,11.06.26 09:28,Prod,A1000111.7151,Tisch 10,114,S1000111.43591,SALE,1,5.5,5.5,0.0,0.0,0.0,0.0,111,Pommes Frites,Beilagen,,MwSt. 7%,1.07,5.140187,0.359813,Normalverkauf
S1000111.43592,SP1000111.26.43592,SY1000111.2026.43592,iPad1(1000111),111,11.06.26 18:23,Prod,A1000111.7152,Tisch 7,107,S1000111.43592,SALE,2,3.9,7.8,0.0,0.0,0.0,0.0,119,Cola,Getränke,,MwSt. 19%,1.19,6.554622,1.245378,Normalverkauf
S1000111.43593,SP1000111.26.43593,SY1000111.2026.43593,iPad1(1000111),111,11.06.26 16:21,Prod,A1000111.7153,Tisch 14,119,S1000111.43593,SALE,2,3.9,7.8,0.0,0.0,0.0,0.0,124,Cola Zero,Getränke,,MwSt. 19%,1.19,6.554622,1.245378,Normalverkauf
S1000111.43594,SP1000111.26.43594,SY1000111.2026.43594,iPad1(1000111),111,11.06.26 16:21,Prod,A1000111.7153,Tisch 14,119,S1000111.43594,SALE,2,3.9,7.8,0.0,0.0,0.0,0.0,119,Cola,Getränke,,MwSt. 19%,1.19,6.554622,1.245378,Normalverkauf
S1000111.43595,SP1000111.26.43595,SY1000111.2026.43595,iPad1(1000111),111,11.06.26 16:21,Prod,A1000111.7153,Tisch 14,119,S1000111.43595,SALE,2,4.2,8.4,0.0,0.0,0.0,0.0,122,Bier,Getränke,,MwSt. 19%,1.19,7.058824,1.341176,Normalverkauf
S1000111.43596,SP1000111.26.43596,SY1000111.2026.43596,iPad1(1000111),111,11.06.26 15:39,Prod,A1000111.7154,Tisch 17,107,S1000111.43596,SALE,1,7.9,7.9,0.0,0.0,0.0,0.0,106,Neptun-Ringe,Beilagen,,MwSt. 7%,1.07,7.383178,0.516822,Normalverkauf
S1000111.43597,SP1000111.26.43597,SY1000111.2026.43597,iPad1(1000111),111,11.06.26 15:39,Prod,A1000111.7154,Tisch 17,107,S1000111.43597,SALE,2,5.5,11.0,0.0,0.0,0.0,0.0,111,Pommes Frites,Beilagen,,MwSt. 7%,1.07,10.280374,0.719626,Normalverkauf
S1000111.43598,SP1000111.26.43598,SY1000111.2026.43598,iPad1(1000111),111,11.06.26 20:37,Prod,A1000111.7155,Tisch 1,119,S1000111.43598,SALE,2,3.9,7.8,0.0,0.0,0.0,0.0,119,Cola,Getränke,,MwSt. 19%,1.19,6.554622,1.245378,Normalverkauf
S1000111.43599,SP1000111.26.43599,SY1000111.2026.43599,iPad1(1000111),111,11.06.26 20:37,Prod,A1000111.7155,Tisch 1,119,S1000111.43599,SALE,2,4.2,8.4,0.0,0.0,0.0,0.0,122,Bier,Getränke,,MwSt. 19%,1.19,7.058824,1.341176,Normalverkauf
S1000111.43600,SP1000111.26.43600,SY1000111.2026.43600,iPad1(1000111),111,11.06.26 17:26,Prod,A1000111.7156,Tisch 8,115,S1000111.43600,SALE,1,6.9,6.9,0.0,0.0,0.0,0.0,113,Garnelen Box,Beilagen,,MwSt. 7%,1.07,6.448598,0.451402,Normalverkauf
S1000111.43601,SP1000111.26.43601,SY1000111.2026.43601,iPad1(1000111),111,11.06.26 19:06,Prod,A1000111.7157,Tisch 11,114,S1000111.43601,SALE,1,5.9,5.9,0.0,0.0,0.0,0.0,117,Rote Grütze,Desserts,,MwSt. 7%,1.07,5.514019,0.385981,Normalverkauf
S1000111.43602,SP1000111.26.43602,SY1000111.2026.43602,iPad1(1000111),111,11.06.26 19:06,Prod,A1000111.7157,Tisch 11,114,S1000111.43602,SALE,1,10.9,10.9,0.0,0.0,0.0,0.0,109,Bismarck-Baguette,Hauptgerichte,,MwSt. 7%,1.07,10.186916,0.713084,Normalverkauf
S1000111.43603,SP1000111.26.43603,SY1000111.2026.43603,iPad1(1000111),111,11.06.26 19:06,Prod,A1000111.7157,Tisch 11,114,S1000111.43603,SALE,1,6.5,6.5,0.0,0.0,0.0,0.0,100,Fischbrötchen Backfisch,Hauptspeisen,,MwSt. 7%,1.07,6.074766,0.425234,Normalverkauf
S1000111.43604,SP1000111.26.43604,SY1000111.2026.43604,iPad1(1000111),111,11.06.26 15:55,Prod,A1000111.7158,Tisch 15,115,S1000111.43604,SALE,2,6.9,13.8,0.0,0.0,0.0,0.0,113,Garnelen Box,Beilagen,,MwSt. 7%,1.07,12.897196,0.902804,Normalverkauf
S1000111.43605,SP1000111.26.43605,SY1000111.2026.43605,iPad1(1000111),111,11.06.26 19:41,Prod,A1000111.7159,Tisch 11,118,S1000111.43605,SALE,1,6.9,6.9,0.0,0.0,0.0,0.0,113,Garnelen Box,Beilagen,,MwSt. 7%,1.07,6.448598,0.451402,Normalverkauf
S1000111.43606,SP1000111.26.43606,SY1000111.2026.43606,iPad1(1000111),111,11.06.26 19:41,Prod,A1000111.7159,Tisch 11,118,S1000111.43606,SALE,1,6.9,6.9,0.0,0.0,0.0,0.0,103,Fischbrötchen Räucherlachs,Hauptspeisen,,MwSt. 7%,1.07,6.448598,0.451402,Normalverkauf
S1000111.43607,SP1000111.26.43607,SY1000111.2026.43607,iPad1(1000111),111,11.06.26 08:40,Prod,A1000111.7160,Tisch 8,118,S1000111.43607,SALE,2,11.5,23.0,0.0,0.0,0.0,0.0,105,Garnelen-Kimchi-Bruger,Hauptgerichte,,MwSt. 7%,1.07,21.495327,1.504673,Normalverkauf
S1000111.43608,SP1000111.26.43608,SY1000111.2026.43608,iPad1(1000111),111,11.06.26 08:40,Prod,A1000111.7160,Tisch 8,118,S1000111.43608,SALE,1,3.2,3.2,0.0,0.0,0.0,0.0,120,Apfelschorle,Getränke,,MwSt. 19%,1.19,2.689076,0.510924,Normalverkauf
S1000111.43609,SP1000111.26.43609,SY1000111.2026.43609,iPad1(1000111),111,11.06.26 08:40,Prod,A1000111.7160,Tisch 8,118,S1000111.43609,SALE,2,5.5,11.0,0.0,0.0,0.0,0.0,111,Pommes Frites,Beilagen,,MwSt. 7%,1.07,10.280374,0.719626,Normalverkauf
S1000111.43610,SP1000111.26.43610,SY1000111.2026.43610,iPad1(1000111),111,11.06.26 13:02,Prod,A1000111.7161,Tisch 20,107,S1000111.43610,SALE,2,3.9,7.8,0.0,0.0,0.0,0.0,126,Spezi,Getränke,,MwSt. 19%,1.19,6.554622,1.245378,Normalverkauf
S1000111.43611,SP1000111.26.43611,SY1000111.2026.43611,iPad1(1000111),111,11.06.26 13:02,Prod,A1000111.7161,Tisch 20,107,S1000111.43611,SALE,2,2.8,5.6,0.0,0.0,0.0,0.0,121,Mineralwasser,Getränke,,MwSt. 19%,1.19,4.705882,0.894118,Normalverkauf
S1000111.43612,SP1000111.26.43612,SY1000111.2026.43612,iPad1(1000111),111,11.06.26 13:02,Prod,A1000111.7161,Tisch 20,107,S1000111.43612,SALE,2,4.9,9.8,0.0,0.0,0.0,0.0,112,Kartoffelwedges,Beilagen,,MwSt. 7%,1.07,9.158879,0.641121,Normalverkauf
S1000111.43613,SP1000111.26.43613,SY1000111.2026.43613,iPad1(1000111),111,11.06.26 11:14,Prod,A1000111.7162,,101,S1000111.43613,SALE,2,5.5,11.0,0.0,0.0,0.0,0.0,111,Pommes Frites,Beilagen,,MwSt. 7%,1.07,10.280374,0.719626,Normalverkauf
S1000111.43614,SP1000111.26.43614,SY1000111.2026.43614,iPad1(1000111),111,11.06.26 12:23,Prod,A1000111.7163,Tisch 4,107,S1000111.43614,SALE,1,10.9,10.9,0.0,0.0,0.0,0.0,107,Chicken Burger,Hauptgerichte,,MwSt. 7%,1.07,10.186916,0.713084,Normalverkauf
S1000111.43615,SP1000111.26.43615,SY1000111.2026.43615,iPad1(1000111),111,11.06.26 12:23,Prod,A1000111.7163,Tisch 4,107,S1000111.43615,SALE,1,3.2,3.2,0.0,0.0,0.0,0.0,120,Apfelschorle,Getränke,,MwSt. 19%,1.19,2.689076,0.510924,Normalverkauf
S1000111.43616,SP1000111.26.43616,SY1000111.2026.43616,iPad1(1000111),111,11.06.26 10:42,Prod,A1000111.7164,Tisch 14,117,S1000111.43616,SALE,2,14.5,29.0,0.0,0.0,0.0,0.0,101,Lachs,Hauptspeisen,,MwSt. 7%,1.07,27.102804,1.897196,Normalverkauf
S1000111.43617,SP1000111.26.43617,SY1000111.2026.43617,iPad1(1000111),111,11.06.26 10:42,Prod,A1000111.7164,Tisch 14,117,S1000111.43617,SALE,1,11.5,11.5,0.0,0.0,0.0,0.0,105,Garnelen-Kimchi-Bruger,Hauptgerichte,,MwSt. 7%,1.07,10.747664,0.752336,Normalverkauf
S1000111.43618,SP1000111.26.43618,SY1000111.2026.43618,iPad1(1000111),111,11.06.26 10:42,Prod,A1000111.7164,Tisch 14,117,S1000111.43618,SALE,2,3.2,6.4,0.0,0.0,0.0,0.0,120,Apfelschorle,Getränke,,MwSt. 19%,1.19,5.378151,1.021849,Normalverkauf
S1000111.43619,SP1000111.26.43619,SY1000111.2026.43619,iPad1(1000111),111,11.06.26 11:02,Prod,A1000111.7165,Tisch 3,117,S1000111.43619,SALE,2,10.9,21.8,0.0,0.0,0.0,0.0,104,Thunfisch Wrap,Hauptgerichte,,MwSt. 7%,1.07,20.373832,1.426168,Normalverkauf
S1000111.43620,SP1000111.26.43620,SY1000111.2026.43620,iPad1(1000111),111,11.06.26 11:02,Prod,A1000111.7165,Tisch 3,117,S1000111.43620,SALE,2,3.9,7.8,0.0,0.0,0.0,0.0,124,Cola Zero,Getränke,,MwSt. 19%,1.19,6.554622,1.245378,Normalverkauf
S1000111.43621,SP1000111.26.43621,SY1000111.2026.43621,iPad1(1000111),111,11.06.26 11:02,Prod,A1000111.7165,Tisch 3,117,S1000111.43621,SALE,2,9.8,19.6,0.0,0.0,0.0,0.0,108,Seelachs-Ei-Baugette,Hauptgerichte,,MwSt. 7%,1.07,18.317757,1.282243,Normalverkauf
S1000111.43622,SP1000111.26.43622,SY1000111.2026.43622,iPad1(1000111),111,11.06.26 13:04,Prod,A1000111.7166,Tisch 13,117,S1000111.43622,SALE,2,5.5,11.0,0.0,0.0,0.0,0.0,114,Fisch Nuggets Box,Beilagen,,MwSt. 7%,1.07,10.280374,0.719626,Normalverkauf
S1000111.43623,SP1000111.26.43623,SY1000111.2026.43623,iPad1(1000111),111,11.06.26 13:04,Prod,A1000111.7166,Tisch 13,117,S1000111.43623,SALE,1,5.5,5.5,0.0,0.0,0.0,0.0,111,Pommes Frites,Beilagen,,MwSt. 7%,1.07,5.140187,0.359813,Normalverkauf
S1000111.43624,SP1000111.26.43624,SY1000111.2026.43624,iPad1(1000111),111,11.06.26 13:04,Prod,A1000111.7166,Tisch 13,117,S1000111.43624,SALE,1,2.8,2.8,0.0,0.0,0.0,0.0,121,Mineralwasser,Getränke,,MwSt. 19%,1.19,2.352941,0.447059,Normalverkauf
S1000111.43625,SP1000111.26.43625,SY1000111.2026.43625,iPad1(1000111),111,11.06.26 19:33,Prod,A1000111.7167,Tisch 17,101,S1000111.43625,SALE,2,2.8,5.6,0.0,0.0,0.0,0.0,121,Mineralwasser,Getränke,,MwSt. 19%,1.19,4.705882,0.894118,Normalverkauf
S1000111.43626,SP1000111.26.43626,SY1000111.2026.43626,iPad1(1000111),111,11.06.26 19:33,Prod,A1000111.7167,Tisch 17,101,S1000111.43626,SALE,1,5.5,5.5,0.0,0.0,0.0,0.0,111,Pommes Frites,Beilagen,,MwSt. 7%,1.07,5.140187,0.359813,Normalverkauf
S1000111.43627,SP1000111.26.43627,SY1000111.2026.43627,iPad1(1000111),111,11.06.26 19:33,Prod,A1000111.7167,Tisch 17,101,S1000111.43627,SALE,2,10.9,21.8,0.0,0.0,0.0,0.0,107,Chicken Burger,Hauptgerichte,,MwSt. 7%,1.07,20.373832,1.426168,Normalverkauf
S1000111.43628,SP1000111.26.43628,SY1000111.2026.43628,iPad1(1000111),111,11.06.26 18:54,Prod,A1000111.7168,Tisch 5,119,S1000111.43628,SALE,1,11.9,11.9,0.0,0.0,0.0,0.0,110,Matjes-Baguette,Hauptgerichte,,MwSt. 7%,1.07,11.121495,0.778505,Normalverkauf
S1000111.43629,SP1000111.26.43629,SY1000111.2026.43629,iPad1(1000111),111,11.06.26 11:24,Prod,A1000111.7169,Tisch 9,107,S1000111.43629,SALE,2,6.5,13.0,0.0,0.0,0.0,0.0,100,Fischbrötchen Backfisch,Hauptspeisen,,MwSt. 7%,1.07,12.149533,0.850467,Normalverkauf
S1000111.43630,SP1000111.26.43630,SY1000111.2026.43630,iPad1(1000111),111,11.06.26 11:24,Prod,A1000111.7169,Tisch 9,107,S1000111.43630,SALE,1,7.9,7.9,0.0,0.0,0.0,0.0,106,Neptun-Ringe,Beilagen,,MwSt. 7%,1.07,7.383178,0.516822,Normalverkauf
S1000111.43631,SP1000111.26.43631,SY1000111.2026.43631,iPad1(1000111),111,11.06.26 11:24,Prod,A1000111.7169,Tisch 9,107,S1000111.43631,SALE,1,3.9,3.9,0.0,0.0,0.0,0.0,127,Alkoholfreies Bier,Getränke,,MwSt. 19%,1.19,3.277311,0.622689,Normalverkauf
S1000111.43632,SP1000111.26.43632,SY1000111.2026.43632,iPad1(1000111),111,11.06.26 16:49,Prod,A1000111.7170,Tisch 7,114,S1000111.43632,VOID,1,3.2,3.2,0.0,0.0,0.0,0.0,120,Apfelschorle,Getränke,,MwSt. 19%,1.19,2.689076,0.510924,Normalverkauf
S1000111.43633,SP1000111.26.43633,SY1000111.2026.43633,iPad1(1000111),111,11.06.26 16:49,Prod,A1000111.7170,Tisch 7,114,S1000111.43633,VOID,2,4.2,8.4,0.0,0.0,0.0,0.0,122,Bier,Getränke,,MwSt. 19%,1.19,7.058824,1.341176,Normalverkauf
S1000111.43634,SP1000111.26.43634,SY1000111.2026.43634,iPad1(1000111),111,11.06.26 16:49,Prod,A1000111.7170,Tisch 7,114,S1000111.43634,VOID,2,6.5,13.0,0.0,0.0,0.0,0.0,118,Schokokuchen,Desserts,,MwSt. 7%,1.07,12.149533,0.850467,Normalverkauf
S1000111.43635,SP1000111.26.43635,SY1000111.2026.43635,iPad1(1000111),111,11.06.26 17:54,Prod,A1000111.7171,Tisch 17,101,S1000111.43635,VOID,2,7.9,15.8,0.0,0.0,0.0,0.0,106,Neptun-Ringe,Beilagen,,MwSt. 7%,1.07,14.766355,1.033645,Normalverkauf
S1000111.43636,SP1000111.26.43636,SY1000111.2026.43636,iPad1(1000111),111,11.06.26 17:54,Prod,A1000111.7171,Tisch 17,101,S1000111.43636,VOID,1,5.9,5.9,0.0,0.0,0.0,0.0,123,Inger-Limonade,Getränke,,MwSt. 19%,1.19,4.957983,0.942017,Normalverkauf
S1000111.43637,SP1000111.26.43637,SY1000111.2026.43637,iPad1(1000111),111,12.06.26 13:11,Prod,A1000111.7172,Tisch 24,118,S1000111.43637,SALE,2,4.2,8.4,0.0,0.0,0.0,0.0,122,Bier,Getränke,,MwSt. 19%,1.19,7.058824,1.341176,Normalverkauf
S1000111.43638,SP1000111.26.43638,SY1000111.2026.43638,iPad1(1000111),111,12.06.26 13:11,Prod,A1000111.7172,Tisch 24,118,S1000111.43638,SALE,1,3.9,3.9,0.0,0.0,0.0,0.0,119,Cola,Getränke,,MwSt. 19%,1.19,3.277311,0.622689,Normalverkauf
S1000111.43639,SP1000111.26.43639,SY1000111.2026.43639,iPad1(1000111),111,12.06.26 13:11,Prod,A1000111.7172,Tisch 24,118,S1000111.43639,SALE,2,3.9,7.8,0.0,0.0,0.0,0.0,124,Cola Zero,Getränke,,MwSt. 19%,1.19,6.554622,1.245378,Normalverkauf
S1000111.43640,SP1000111.26.43640,SY1000111.2026.43640,iPad1(1000111),111,12.06.26 18:27,Prod,A1000111.7173,Tisch 11,114,S1000111.43640,SALE,2,6.9,13.8,0.0,0.0,0.0,0.0,103,Fischbrötchen Räucherlachs,Hauptspeisen,,MwSt. 7%,1.07,12.897196,0.902804,Normalverkauf
S1000111.43641,SP1000111.26.43641,SY1000111.2026.43641,iPad1(1000111),111,12.06.26 19:16,Prod,A1000111.7174,Tisch 16,101,S1000111.43641,SALE,1,3.9,3.9,0.0,0.0,0.0,0.0,119,Cola,Getränke,,MwSt. 19%,1.19,3.277311,0.622689,Normalverkauf
S1000111.43642,SP1000111.26.43642,SY1000111.2026.43642,iPad1(1000111),111,12.06.26 16:49,Prod,A1000111.7175,Tisch 18,117,S1000111.43642,SALE,2,11.9,23.8,0.0,0.0,0.0,0.0,110,Matjes-Baguette,Hauptgerichte,,MwSt. 7%,1.07,22.242991,1.557009,Normalverkauf
S1000111.43643,SP1000111.26.43643,SY1000111.2026.43643,iPad1(1000111),111,12.06.26 16:49,Prod,A1000111.7175,Tisch 18,117,S1000111.43643,SALE,1,11.9,11.9,0.0,0.0,0.0,0.0,110,Matjes-Baguette,Hauptgerichte,,MwSt. 7%,1.07,11.121495,0.778505,Normalverkauf
S1000111.43644,SP1000111.26.43644,SY1000111.2026.43644,iPad1(1000111),111,12.06.26 14:08,Prod,A1000111.7176,Tisch 18,114,S1000111.43644,SALE,1,3.9,3.9,0.0,0.0,0.0,0.0,124,Cola Zero,Getränke,,MwSt. 19%,1.19,3.277311,0.622689,Normalverkauf
S1000111.43645,SP1000111.26.43645,SY1000111.2026.43645,iPad1(1000111),111,12.06.26 19:01,Prod,A1000111.7177,Tisch 19,114,S1000111.43645,SALE,2,5.5,11.0,0.0,0.0,0.0,0.0,111,Pommes Frites,Beilagen,,MwSt. 7%,1.07,10.280374,0.719626,Normalverkauf
S1000111.43646,SP1000111.26.43646,SY1000111.2026.43646,iPad1(1000111),111,12.06.26 19:01,Prod,A1000111.7177,Tisch 19,114,S1000111.43646,SALE,2,5.5,11.0,0.0,0.0,0.0,0.0,111,Pommes Frites,Beilagen,,MwSt. 7%,1.07,10.280374,0.719626,Normalverkauf
S1000111.43647,SP1000111.26.43647,SY1000111.2026.43647,iPad1(1000111),111,12.06.26 19:19,Prod,A1000111.7178,Tisch 20,117,S1000111.43647,SALE,1,11.5,11.5,0.0,0.0,0.0,0.0,105,Garnelen-Kimchi-Bruger,Hauptgerichte,,MwSt. 7%,1.07,10.747664,0.752336,Normalverkauf
S1000111.43648,SP1000111.26.43648,SY1000111.2026.43648,iPad1(1000111),111,12.06.26 18:37,Prod,A1000111.7179,Tisch 2,114,S1000111.43648,SALE,2,13.5,27.0,0.0,0.0,0.0,0.0,102,Matjes,Hauptspeisen,,MwSt. 7%,1.07,25.233645,1.766355,Normalverkauf
S1000111.43649,SP1000111.26.43649,SY1000111.2026.43649,iPad1(1000111),111,12.06.26 18:37,Prod,A1000111.7179,Tisch 2,114,S1000111.43649,SALE,2,3.9,7.8,0.0,0.0,0.0,0.0,126,Spezi,Getränke,,MwSt. 19%,1.19,6.554622,1.245378,Normalverkauf
S1000111.43650,SP1000111.26.43650,SY1000111.2026.43650,iPad1(1000111),111,12.06.26 12:05,Prod,A1000111.7180,Tisch 11,118,S1000111.43650,SALE,2,10.9,21.8,0.0,0.0,0.0,0.0,107,Chicken Burger,Hauptgerichte,,MwSt. 7%,1.07,20.373832,1.426168,Normalverkauf
S1000111.43651,SP1000111.26.43651,SY1000111.2026.43651,iPad1(1000111),111,12.06.26 12:05,Prod,A1000111.7180,Tisch 11,118,S1000111.43651,SALE,2,3.9,7.8,0.0,0.0,0.0,0.0,119,Cola,Getränke,,MwSt. 19%,1.19,6.554622,1.245378,Normalverkauf
S1000111.43652,SP1000111.26.43652,SY1000111.2026.43652,iPad1(1000111),111,12.06.26 20:16,Prod,A1000111.7181,,115,S1000111.43652,SALE,2,3.2,6.4,0.0,0.0,0.0,0.0,120,Apfelschorle,Getränke,,MwSt. 19%,1.19,5.378151,1.021849,Normalverkauf
S1000111.43653,SP1000111.26.43653,SY1000111.2026.43653,iPad1(1000111),111,12.06.26 20:16,Prod,A1000111.7181,,115,S1000111.43653,SALE,1,10.9,10.9,0.0,0.0,0.0,0.0,104,Thunfisch Wrap,Hauptgerichte,,MwSt. 7%,1.07,10.186916,0.713084,Normalverkauf
S1000111.43654,SP1000111.26.43654,SY1000111.2026.43654,iPad1(1000111),111,12.06.26 20:16,Prod,A1000111.7181,,115,S1000111.43654,SALE,1,10.9,10.9,0.0,0.0,0.0,0.0,104,Thunfisch Wrap,Hauptgerichte,,MwSt. 7%,1.07,10.186916,0.713084,Normalverkauf
S1000111.43655,SP1000111.26.43655,SY1000111.2026.43655,iPad1(1000111),111,12.06.26 12:51,Prod,A1000111.7182,Tisch 20,114,S1000111.43655,SALE,2,5.9,11.8,0.0,0.0,0.0,0.0,116,Vanillequark,Desserts,,MwSt. 7%,1.07,11.028037,0.771963,Normalverkauf
S1000111.43656,SP1000111.26.43656,SY1000111.2026.43656,iPad1(1000111),111,12.06.26 16:20,Prod,A1000111.7183,Tisch 7,115,S1000111.43656,SALE,1,3.9,3.9,0.0,0.0,0.0,0.0,124,Cola Zero,Getränke,,MwSt. 19%,1.19,3.277311,0.622689,Normalverkauf
S1000111.43657,SP1000111.26.43657,SY1000111.2026.43657,iPad1(1000111),111,12.06.26 12:58,Prod,A1000111.7184,Tisch 22,118,S1000111.43657,SALE,2,13.5,27.0,0.0,0.0,0.0,0.0,102,Matjes,Hauptspeisen,,MwSt. 7%,1.07,25.233645,1.766355,Normalverkauf
S1000111.43658,SP1000111.26.43658,SY1000111.2026.43658,iPad1(1000111),111,12.06.26 12:58,Prod,A1000111.7184,Tisch 22,118,S1000111.43658,SALE,1,2.8,2.8,0.0,0.0,0.0,0.0,121,Mineralwasser,Getränke,,MwSt. 19%,1.19,2.352941,0.447059,Normalverkauf
S1000111.43659,SP1000111.26.43659,SY1000111.2026.43659,iPad1(1000111),111,12.06.26 12:58,Prod,A1000111.7184,Tisch 22,118,S1000111.43659,SALE,1,4.2,4.2,0.0,0.0,0.0,0.0,122,Bier,Getränke,,MwSt. 19%,1.19,3.529412,0.670588,Normalverkauf
S1000111.43660,SP1000111.26.43660,SY1000111.2026.43660,iPad1(1000111),111,12.06.26 18:40,Prod,A1000111.7185,Tisch 17,115,S1000111.43660,SALE,1,3.2,3.2,0.0,0.0,0.0,0.0,120,Apfelschorle,Getränke,,MwSt. 19%,1.19,2.689076,0.510924,Normalverkauf
S1000111.43661,SP1000111.26.43661,SY1000111.2026.43661,iPad1(1000111),111,12.06.26 18:40,Prod,A1000111.7185,Tisch 17,115,S1000111.43661,SALE,1,3.9,3.9,0.0,0.0,0.0,0.0,119,Cola,Getränke,,MwSt. 19%,1.19,3.277311,0.622689,Normalverkauf
S1000111.43662,SP1000111.26.43662,SY1000111.2026.43662,iPad1(1000111),111,12.06.26 18:40,Prod,A1000111.7185,Tisch 17,115,S1000111.43662,SALE,2,4.9,9.8,0.0,0.0,0.0,0.0,112,Kartoffelwedges,Beilagen,,MwSt. 7%,1.07,9.158879,0.641121,Normalverkauf
S1000111.43663,SP1000111.26.43663,SY1000111.2026.43663,iPad1(1000111),111,12.06.26 18:14,Prod,A1000111.7186,Tisch 10,117,S1000111.43663,SALE,2,4.2,8.4,0.0,0.0,0.0,0.0,122,Bier,Getränke,,MwSt. 19%,1.19,7.058824,1.341176,Normalverkauf
S1000111.43664,SP1000111.26.43664,SY1000111.2026.43664,iPad1(1000111),111,12.06.26 18:14,Prod,A1000111.7186,Tisch 10,117,S1000111.43664,SALE,2,11.9,23.8,0.0,0.0,0.0,0.0,110,Matjes-Baguette,Hauptgerichte,,MwSt. 7%,1.07,22.242991,1.557009,Normalverkauf
S1000111.43665,SP1000111.26.43665,SY1000111.2026.43665,iPad1(1000111),111,12.06.26 18:14,Prod,A1000111.7186,Tisch 10,117,S1000111.43665,SALE,1,3.9,3.9,0.0,0.0,0.0,0.0,124,Cola Zero,Getränke,,MwSt. 19%,1.19,3.277311,0.622689,Normalverkauf
S1000111.43666,SP1000111.26.43666,SY1000111.2026.43666,iPad1(1000111),111,12.06.26 09:21,Prod,A1000111.7187,Tisch 19,101,S1000111.43666,SALE,2,6.9,13.8,0.0,0.0,0.0,0.0,103,Fischbrötchen Räucherlachs,Hauptspeisen,,MwSt. 7%,1.07,12.897196,0.902804,Normalverkauf
S1000111.43667,SP1000111.26.43667,SY1000111.2026.43667,iPad1(1000111),111,12.06.26 09:21,Prod,A1000111.7187,Tisch 19,101,S1000111.43667,SALE,1,4.2,4.2,0.0,0.0,0.0,0.0,122,Bier,Getränke,,MwSt. 19%,1.19,3.529412,0.670588,Normalverkauf
S1000111.43668,SP1000111.26.43668,SY1000111.2026.43668,iPad1(1000111),111,12.06.26 16:04,Prod,A1000111.7188,Tisch 11,115,S1000111.43668,SALE,1,3.9,3.9,0.0,0.0,0.0,0.0,124,Cola Zero,Getränke,,MwSt. 19%,1.19,3.277311,0.622689,Normalverkauf
S1000111.43669,SP1000111.26.43669,SY1000111.2026.43669,iPad1(1000111),111,12.06.26 16:04,Prod,A1000111.7188,Tisch 11,115,S1000111.43669,SALE,2,10.9,21.8,0.0,0.0,0.0,0.0,107,Chicken Burger,Hauptgerichte,,MwSt. 7%,1.07,20.373832,1.426168,Normalverkauf
S1000111.43670,SP1000111.26.43670,SY1000111.2026.43670,iPad1(1000111),111,12.06.26 16:04,Prod,A1000111.7188,Tisch 11,115,S1000111.43670,SALE,1,3.2,3.2,0.0,0.0,0.0,0.0,120,Apfelschorle,Getränke,,MwSt. 19%,1.19,2.689076,0.510924,Normalverkauf
S1000111.43671,SP1000111.26.43671,SY1000111.2026.43671,iPad1(1000111),111,12.06.26 16:37,Prod,A1000111.7189,Tisch 18,115,S1000111.43671,SALE,1,10.9,10.9,0.0,0.0,0.0,0.0,107,Chicken Burger,Hauptgerichte,,MwSt. 7%,1.07,10.186916,0.713084,Normalverkauf
S1000111.43672,SP1000111.26.43672,SY1000111.2026.43672,iPad1(1000111),111,12.06.26 08:06,Prod,A1000111.7190,Tisch 4,101,S1000111.43672,SALE,2,5.9,11.8,0.0,0.0,0.0,0.0,123,Inger-Limonade,Getränke,,MwSt. 19%,1.19,9.915966,1.884034,Normalverkauf
S1000111.43673,SP1000111.26.43673,SY1000111.2026.43673,iPad1(1000111),111,12.06.26 16:41,Prod,A1000111.7191,Tisch 20,117,S1000111.43673,SALE,2,5.9,11.8,0.0,0.0,0.0,0.0,117,Rote Grütze,Desserts,,MwSt. 7%,1.07,11.028037,0.771963,Normalverkauf
S1000111.43674,SP1000111.26.43674,SY1000111.2026.43674,iPad1(1000111),111,12.06.26 16:41,Prod,A1000111.7191,Tisch 20,117,S1000111.43674,SALE,1,10.9,10.9,0.0,0.0,0.0,0.0,107,Chicken Burger,Hauptgerichte,,MwSt. 7%,1.07,10.186916,0.713084,Normalverkauf
S1000111.43675,SP1000111.26.43675,SY1000111.2026.43675,iPad1(1000111),111,12.06.26 11:22,Prod,A1000111.7192,Tisch 7,118,S1000111.43675,SALE,2,10.9,21.8,0.0,0.0,0.0,0.0,104,Thunfisch Wrap,Hauptgerichte,,MwSt. 7%,1.07,20.373832,1.426168,Normalverkauf
S1000111.43676,SP1000111.26.43676,SY1000111.2026.43676,iPad1(1000111),111,12.06.26 11:22,Prod,A1000111.7192,Tisch 7,118,S1000111.43676,SALE,1,5.9,5.9,0.0,0.0,0.0,0.0,123,Inger-Limonade,Getränke,,MwSt. 19%,1.19,4.957983,0.942017,Normalverkauf
S1000111.43677,SP1000111.26.43677,SY1000111.2026.43677,iPad1(1000111),111,12.06.26 11:22,Prod,A1000111.7192,Tisch 7,118,S1000111.43677,SALE,1,4.2,4.2,0.0,0.0,0.0,0.0,122,Bier,Getränke,,MwSt. 19%,1.19,3.529412,0.670588,Normalverkauf
S1000111.43678,SP1000111.26.43678,SY1000111.2026.43678,iPad1(1000111),111,12.06.26 13:52,Prod,A1000111.7193,Tisch 19,101,S1000111.43678,SALE,2,5.5,11.0,0.0,0.0,0.0,0.0,111,Pommes Frites,Beilagen,,MwSt. 7%,1.07,10.280374,0.719626,Normalverkauf
S1000111.43679,SP1000111.26.43679,SY1000111.2026.43679,iPad1(1000111),111,12.06.26 13:52,Prod,A1000111.7193,Tisch 19,101,S1000111.43679,SALE,2,11.9,23.8,0.0,0.0,0.0,0.0,110,Matjes-Baguette,Hauptgerichte,,MwSt. 7%,1.07,22.242991,1.557009,Normalverkauf
S1000111.43680,SP1000111.26.43680,SY1000111.2026.43680,iPad1(1000111),111,12.06.26 13:52,Prod,A1000111.7193,Tisch 19,101,S1000111.43680,SALE,1,3.9,3.9,0.0,0.0,0.0,0.0,126,Spezi,Getränke,,MwSt. 19%,1.19,3.277311,0.622689,Normalverkauf
S1000111.43681,SP1000111.26.43681,SY1000111.2026.43681,iPad1(1000111),111,12.06.26 17:10,Prod,A1000111.7194,,119,S1000111.43681,SALE,1,2.8,2.8,0.0,0.0,0.0,0.0,121,Mineralwasser,Getränke,,MwSt. 19%,1.19,2.352941,0.447059,Normalverkauf
S1000111.43682,SP1000111.26.43682,SY1000111.2026.43682,iPad1(1000111),111,12.06.26 18:30,Prod,A1000111.7195,Tisch 18,107,S1000111.43682,SALE,2,3.2,6.4,0.0,0.0,0.0,0.0,120,Apfelschorle,Getränke,,MwSt. 19%,1.19,5.378151,1.021849,Normalverkauf
S1000111.43683,SP1000111.26.43683,SY1000111.2026.43683,iPad1(1000111),111,12.06.26 18:30,Prod,A1000111.7195,Tisch 18,107,S1000111.43683,SALE,2,6.5,13.0,0.0,0.0,0.0,0.0,100,Fischbrötchen Backfisch,Hauptspeisen,,MwSt. 7%,1.07,12.149533,0.850467,Normalverkauf
S1000111.43684,SP1000111.26.43684,SY1000111.2026.43684,iPad1(1000111),111,12.06.26 17:42,Prod,A1000111.7196,Tisch 3,101,S1000111.43684,SALE,2,3.9,7.8,0.0,0.0,0.0,0.0,124,Cola Zero,Getränke,,MwSt. 19%,1.19,6.554622,1.245378,Normalverkauf
S1000111.43685,SP1000111.26.43685,SY1000111.2026.43685,iPad1(1000111),111,12.06.26 17:42,Prod,A1000111.7196,Tisch 3,101,S1000111.43685,SALE,2,5.9,11.8,0.0,0.0,0.0,0.0,125,Zitronen-Limonade,Getränke,,MwSt. 19%,1.19,9.915966,1.884034,Normalverkauf
S1000111.43686,SP1000111.26.43686,SY1000111.2026.43686,iPad1(1000111),111,12.06.26 17:42,Prod,A1000111.7196,Tisch 3,101,S1000111.43686,SALE,1,4.2,4.2,0.0,0.0,0.0,0.0,122,Bier,Getränke,,MwSt. 19%,1.19,3.529412,0.670588,Normalverkauf
S1000111.43687,SP1000111.26.43687,SY1000111.2026.43687,iPad1(1000111),111,12.06.26 20:57,Prod,A1000111.7197,Tisch 18,114,S1000111.43687,SALE,2,6.5,13.0,0.0,0.0,0.0,0.0,100,Fischbrötchen Backfisch,Hauptspeisen,,MwSt. 7%,1.07,12.149533,0.850467,Normalverkauf
S1000111.43688,SP1000111.26.43688,SY1000111.2026.43688,iPad1(1000111),111,12.06.26 20:57,Prod,A1000111.7197,Tisch 18,114,S1000111.43688,SALE,2,2.8,5.6,0.0,0.0,0.0,0.0,121,Mineralwasser,Getränke,,MwSt. 19%,1.19,4.705882,0.894118,Normalverkauf
S1000111.43689,SP1000111.26.43689,SY1000111.2026.43689,iPad1(1000111),111,12.06.26 20:57,Prod,A1000111.7197,Tisch 18,114,S1000111.43689,SALE,2,5.5,11.0,0.0,0.0,0.0,0.0,114,Fisch Nuggets Box,Beilagen,,MwSt. 7%,1.07,10.280374,0.719626,Normalverkauf
S1000111.43690,SP1000111.26.43690,SY1000111.2026.43690,iPad1(1000111),111,12.06.26 12:39,Prod,A1000111.7198,Tisch 22,115,S1000111.43690,SALE,2,10.9,21.8,0.0,0.0,0.0,0.0,109,Bismarck-Baguette,Hauptgerichte,,MwSt. 7%,1.07,20.373832,1.426168,Normalverkauf
S1000111.43691,SP1000111.26.43691,SY1000111.2026.43691,iPad1(1000111),111,12.06.26 19:47,Prod,A1000111.7199,Tisch 5,118,S1000111.43691,SALE,1,3.9,3.9,0.0,0.0,0.0,0.0,119,Cola,Getränke,,MwSt. 19%,1.19,3.277311,0.622689,Normalverkauf
S1000111.43692,SP1000111.26.43692,SY1000111.2026.43692,iPad1(1000111),111,12.06.26 19:47,Prod,A1000111.7199,Tisch 5,118,S1000111.43692,SALE,2,5.5,11.0,0.0,0.0,0.0,0.0,111,Pommes Frites,Beilagen,,MwSt. 7%,1.07,10.280374,0.719626,Normalverkauf
S1000111.43693,SP1000111.26.43693,SY1000111.2026.43693,iPad1(1000111),111,12.06.26 19:47,Prod,A1000111.7199,Tisch 5,118,S1000111.43693,SALE,2,3.9,7.8,0.0,0.0,0.0,0.0,126,Spezi,Getränke,,MwSt. 19%,1.19,6.554622,1.245378,Normalverkauf
S1000111.43694,SP1000111.26.43694,SY1000111.2026.43694,iPad1(1000111),111,12.06.26 18:04,Prod,A1000111.7200,Tisch 22,118,S1000111.43694,VOID,2,3.9,7.8,0.0,0.0,0.0,0.0,124,Cola Zero,Getränke,,MwSt. 19%,1.19,6.554622,1.245378,Normalverkauf
S1000111.43695,SP1000111.26.43695,SY1000111.2026.43695,iPad1(1000111),111,12.06.26 18:04,Prod,A1000111.7200,Tisch 22,118,S1000111.43695,VOID,2,11.5,23.0,0.0,0.0,0.0,0.0,105,Garnelen-Kimchi-Bruger,Hauptgerichte,,MwSt. 7%,1.07,21.495327,1.504673,Normalverkauf
S1000111.43696,SP1000111.26.43696,SY1000111.2026.43696,iPad1(1000111),111,12.06.26 17:55,Prod,A1000111.7201,Tisch 15,119,S1000111.43696,SALE,2,14.5,29.0,0.0,0.0,0.0,0.0,101,Lachs,Hauptspeisen,,MwSt. 7%,1.07,27.102804,1.897196,Normalverkauf
S1000111.43697,SP1000111.26.43697,SY1000111.2026.43697,iPad1(1000111),111,12.06.26 17:55,Prod,A1000111.7201,Tisch 15,119,S1000111.43697,SALE,1,11.9,11.9,0.0,0.0,0.0,0.0,110,Matjes-Baguette,Hauptgerichte,,MwSt. 7%,1.07,11.121495,0.778505,Normalverkauf
S1000111.43698,SP1000111.26.43698,SY1000111.2026.43698,iPad1(1000111),111,12.06.26 17:55,Prod,A1000111.7201,Tisch 15,119,S1000111.43698,SALE,1,10.9,10.9,0.0,0.0,0.0,0.0,104,Thunfisch Wrap,Hauptgerichte,,MwSt. 7%,1.07,10.186916,0.713084,Normalverkauf
S1000111.43699,SP1000111.26.43699,SY1000111.2026.43699,iPad1(1000111),111,12.06.26 15:02,Prod,A1000111.7202,Tisch 12,118,S1000111.43699,SALE,2,13.5,27.0,0.0,0.0,0.0,0.0,102,Matjes,Hauptspeisen,,MwSt. 7%,1.07,25.233645,1.766355,Normalverkauf
S1000111.43700,SP1000111.26.43700,SY1000111.2026.43700,iPad1(1000111),111,12.06.26 15:02,Prod,A1000111.7202,Tisch 12,118,S1000111.43700,SALE,1,4.9,4.9,0.0,0.0,0.0,0.0,112,Kartoffelwedges,Beilagen,,MwSt. 7%,1.07,4.579439,0.320561,Normalverkauf
S1000111.43701,SP1000111.26.43701,SY1000111.2026.43701,iPad1(1000111),111,12.06.26 13:39,Prod,A1000111.7203,Tisch 10,117,S1000111.43701,SALE,1,3.9,3.9,0.0,0.0,0.0,0.0,119,Cola,Getränke,,MwSt. 19%,1.19,3.277311,0.622689,Normalverkauf
S1000111.43702,SP1000111.26.43702,SY1000111.2026.43702,iPad1(1000111),111,12.06.26 13:39,Prod,A1000111.7203,Tisch 10,117,S1000111.43702,SALE,1,10.9,10.9,0.0,0.0,0.0,0.0,104,Thunfisch Wrap,Hauptgerichte,,MwSt. 7%,1.07,10.186916,0.713084,Normalverkauf
S1000111.43703,SP1000111.26.43703,SY1000111.2026.43703,iPad1(1000111),111,12.06.26 17:53,Prod,A1000111.7204,Tisch 19,114,S1000111.43703,SALE,2,4.2,8.4,0.0,0.0,0.0,0.0,122,Bier,Getränke,,MwSt. 19%,1.19,7.058824,1.341176,Normalverkauf
S1000111.43704,SP1000111.26.43704,SY1000111.2026.43704,iPad1(1000111),111,12.06.26 17:53,Prod,A1000111.7204,Tisch 19,114,S1000111.43704,SALE,1,11.9,11.9,0.0,0.0,0.0,0.0,110,Matjes-Baguette,Hauptgerichte,,MwSt. 7%,1.07,11.121495,0.778505,Normalverkauf
S1000111.43705,SP1000111.26.43705,SY1000111.2026.43705,iPad1(1000111),111,12.06.26 17:53,Prod,A1000111.7204,Tisch 19,114,S1000111.43705,SALE,2,2.8,5.6,0.0,0.0,0.0,0.0,121,Mineralwasser,Getränke,,MwSt. 19%,1.19,4.705882,0.894118,Normalverkauf
S1000111.43706,SP1000111.26.43706,SY1000111.2026.43706,iPad1(1000111),111,12.06.26 15:28,Prod,A1000111.7205,Tisch 4,101,S1000111.43706,SALE,2,3.9,7.8,0.0,0.0,0.0,0.0,124,Cola Zero,Getränke,,MwSt. 19%,1.19,6.554622,1.245378,Normalverkauf
S1000111.43707,SP1000111.26.43707,SY1000111.2026.43707,iPad1(1000111),111,12.06.26 15:28,Prod,A1000111.7205,Tisch 4,101,S1000111.43707,SALE,1,4.9,4.9,0.0,0.0,0.0,0.0,112,Kartoffelwedges,Beilagen,,MwSt. 7%,1.07,4.579439,0.320561,Normalverkauf
S1000111.43708,SP1000111.26.43708,SY1000111.2026.43708,iPad1(1000111),111,12.06.26 15:28,Prod,A1000111.7205,Tisch 4,101,S1000111.43708,SALE,1,3.9,3.9,0.0,0.0,0.0,0.0,126,Spezi,Getränke,,MwSt. 19%,1.19,3.277311,0.622689,Normalverkauf
S1000111.43709,SP1000111.26.43709,SY1000111.2026.43709,iPad1(1000111),111,12.06.26 12:44,Prod,A1000111.7206,Tisch 15,117,S1000111.43709,SALE,1,3.9,3.9,0.0,0.0,0.0,0.0,119,Cola,Getränke,,MwSt. 19%,1.19,3.277311,0.622689,Normalverkauf
S1000111.43710,SP1000111.26.43710,SY1000111.2026.43710,iPad1(1000111),111,12.06.26 12:44,Prod,A1000111.7206,Tisch 15,117,S1000111.43710,SALE,2,11.9,23.8,0.0,0.0,0.0,0.0,110,Matjes-Baguette,Hauptgerichte,,MwSt. 7%,1.07,22.242991,1.557009,Normalverkauf
S1000111.43711,SP1000111.26.43711,SY1000111.2026.43711,iPad1(1000111),111,12.06.26 12:44,Prod,A1000111.7206,Tisch 15,117,S1000111.43711,SALE,2,3.9,7.8,0.0,0.0,0.0,0.0,124,Cola Zero,Getränke,,MwSt. 19%,1.19,6.554622,1.245378,Normalverkauf
S1000111.43712,SP1000111.26.43712,SY1000111.2026.43712,iPad1(1000111),111,12.06.26 11:51,Prod,A1000111.7207,Tisch 15,119,S1000111.43712,SALE,2,10.9,21.8,0.0,0.0,0.0,0.0,107,Chicken Burger,Hauptgerichte,,MwSt. 7%,1.07,20.373832,1.426168,Normalverkauf
S1000111.43713,SP1000111.26.43713,SY1000111.2026.43713,iPad1(1000111),111,12.06.26 18:45,Prod,A1000111.7208,Tisch 5,107,S1000111.43713,SALE,2,3.9,7.8,0.0,0.0,0.0,0.0,119,Cola,Getränke,,MwSt. 19%,1.19,6.554622,1.245378,Normalverkauf
S1000111.43714,SP1000111.26.43714,SY1000111.2026.43714,iPad1(1000111),111,12.06.26 19:49,Prod,A1000111.7209,Tisch 18,107,S1000111.43714,SALE,1,6.9,6.9,0.0,0.0,0.0,0.0,113,Garnelen Box,Beilagen,,MwSt. 7%,1.07,6.448598,0.451402,Normalverkauf
S1000111.43715,SP1000111.26.43715,SY1000111.2026.43715,iPad1(1000111),111,12.06.26 19:49,Prod,A1000111.7209,Tisch 18,107,S1000111.43715,SALE,2,3.2,6.4,0.0,0.0,0.0,0.0,120,Apfelschorle,Getränke,,MwSt. 19%,1.19,5.378151,1.021849,Normalverkauf
S1000111.43716,SP1000111.26.43716,SY1000111.2026.43716,iPad1(1000111),111,12.06.26 11:29,Prod,A1000111.7210,Tisch 16,117,S1000111.43716,SALE,2,13.5,27.0,0.0,0.0,0.0,0.0,102,Matjes,Hauptspeisen,,MwSt. 7%,1.07,25.233645,1.766355,Normalverkauf
S1000111.43717,SP1000111.26.43717,SY1000111.2026.43717,iPad1(1000111),111,12.06.26 11:29,Prod,A1000111.7210,Tisch 16,117,S1000111.43717,SALE,1,3.9,3.9,0.0,0.0,0.0,0.0,126,Spezi,Getränke,,MwSt. 19%,1.19,3.277311,0.622689,Normalverkauf
S1000111.43718,SP1000111.26.43718,SY1000111.2026.43718,iPad1(1000111),111,12.06.26 17:00,Prod,A1000111.7211,Tisch 16,101,S1000111.43718,SALE,1,3.9,3.9,0.0,0.0,0.0,0.0,126,Spezi,Getränke,,MwSt. 19%,1.19,3.277311,0.622689,Normalverkauf
S1000111.43719,SP1000111.26.43719,SY1000111.2026.43719,iPad1(1000111),111,12.06.26 11:20,Prod,A1000111.7212,Tisch 15,117,S1000111.43719,SALE,2,3.9,7.8,0.0,0.0,0.0,0.0,119,Cola,Getränke,,MwSt. 19%,1.19,6.554622,1.245378,Normalverkauf
S1000111.43720,SP1000111.26.43720,SY1000111.2026.43720,iPad1(1000111),111,12.06.26 11:20,Prod,A1000111.7212,Tisch 15,117,S1000111.43720,SALE,1,6.9,6.9,0.0,0.0,0.0,0.0,103,Fischbrötchen Räucherlachs,Hauptspeisen,,MwSt. 7%,1.07,6.448598,0.451402,Normalverkauf
S1000111.43721,SP1000111.26.43721,SY1000111.2026.43721,iPad1(1000111),111,12.06.26 13:31,Prod,A1000111.7213,,101,S1000111.43721,SALE,1,6.9,6.9,0.0,0.0,0.0,0.0,103,Fischbrötchen Räucherlachs,Hauptspeisen,,MwSt. 7%,1.07,6.448598,0.451402,Normalverkauf
S1000111.43722,SP1000111.26.43722,SY1000111.2026.43722,iPad1(1000111),111,12.06.26 13:31,Prod,A1000111.7213,,101,S1000111.43722,SALE,1,4.2,4.2,0.0,0.0,0.0,0.0,122,Bier,Getränke,,MwSt. 19%,1.19,3.529412,0.670588,Normalverkauf
S1000111.43723,SP1000111.26.43723,SY1000111.2026.43723,iPad1(1000111),111,12.06.26 13:31,Prod,A1000111.7213,,101,S1000111.43723,SALE,1,11.5,11.5,0.0,0.0,0.0,0.0,105,Garnelen-Kimchi-Bruger,Hauptgerichte,,MwSt. 7%,1.07,10.747664,0.752336,Normalverkauf
S1000111.43724,SP1000111.26.43724,SY1000111.2026.43724,iPad1(1000111),111,12.06.26 19:46,Prod,A1000111.7214,Tisch 9,114,S1000111.43724,SALE,2,3.2,6.4,0.0,0.0,0.0,0.0,120,Apfelschorle,Getränke,,MwSt. 19%,1.19,5.378151,1.021849,Normalverkauf
S1000111.43725,SP1000111.26.43725,SY1000111.2026.43725,iPad1(1000111),111,12.06.26 19:46,Prod,A1000111.7214,Tisch 9,114,S1000111.43725,SALE,1,5.5,5.5,0.0,0.0,0.0,0.0,111,Pommes Frites,Beilagen,,MwSt. 7%,1.07,5.140187,0.359813,Normalverkauf
S1000111.43726,SP1000111.26.43726,SY1000111.2026.43726,iPad1(1000111),111,12.06.26 19:46,Prod,A1000111.7214,Tisch 9,114,S1000111.43726,SALE,2,2.8,5.6,0.0,0.0,0.0,0.0,121,Mineralwasser,Getränke,,MwSt. 19%,1.19,4.705882,0.894118,Normalverkauf
S1000111.43727,SP1000111.26.43727,SY1000111.2026.43727,iPad1(1000111),111,12.06.26 09:53,Prod,A1000111.7215,Tisch 14,115,S1000111.43727,SALE,2,5.5,11.0,0.0,0.0,0.0,0.0,111,Pommes Frites,Beilagen,,MwSt. 7%,1.07,10.280374,0.719626,Normalverkauf
S1000111.43728,SP1000111.26.43728,SY1000111.2026.43728,iPad1(1000111),111,12.06.26 17:14,Prod,A1000111.7216,Tisch 22,101,S1000111.43728,SALE,2,10.9,21.8,0.0,0.0,0.0,0.0,104,Thunfisch Wrap,Hauptgerichte,,MwSt. 7%,1.07,20.373832,1.426168,Normalverkauf
S1000111.43729,SP1000111.26.43729,SY1000111.2026.43729,iPad1(1000111),111,12.06.26 17:14,Prod,A1000111.7216,Tisch 22,101,S1000111.43729,SALE,2,6.5,13.0,0.0,0.0,0.0,0.0,100,Fischbrötchen Backfisch,Hauptspeisen,,MwSt. 7%,1.07,12.149533,0.850467,Normalverkauf
S1000111.43730,SP1000111.26.43730,SY1000111.2026.43730,iPad1(1000111),111,12.06.26 11:48,Prod,A1000111.7217,Tisch 11,114,S1000111.43730,SALE,1,3.9,3.9,0.0,0.0,0.0,0.0,126,Spezi,Getränke,,MwSt. 19%,1.19,3.277311,0.622689,Normalverkauf
S1000111.43731,SP1000111.26.43731,SY1000111.2026.43731,iPad1(1000111),111,12.06.26 11:48,Prod,A1000111.7217,Tisch 11,114,S1000111.43731,SALE,2,9.8,19.6,0.0,0.0,0.0,0.0,108,Seelachs-Ei-Baugette,Hauptgerichte,,MwSt. 7%,1.07,18.317757,1.282243,Normalverkauf
S1000111.43732,SP1000111.26.43732,SY1000111.2026.43732,iPad1(1000111),111,12.06.26 15:19,Prod,A1000111.7218,Tisch 1,107,S1000111.43732,SALE,1,10.9,10.9,0.0,0.0,0.0,0.0,107,Chicken Burger,Hauptgerichte,,MwSt. 7%,1.07,10.186916,0.713084,Normalverkauf
S1000111.43733,SP1000111.26.43733,SY1000111.2026.43733,iPad1(1000111),111,12.06.26 11:53,Prod,A1000111.7219,Tisch 1,117,S1000111.43733,SALE,2,3.9,7.8,0.0,0.0,0.0,0.0,126,Spezi,Getränke,,MwSt. 19%,1.19,6.554622,1.245378,Normalverkauf
S1000111.43734,SP1000111.26.43734,SY1000111.2026.43734,iPad1(1000111),111,12.06.26 11:53,Prod,A1000111.7219,Tisch 1,117,S1000111.43734,SALE,1,10.9,10.9,0.0,0.0,0.0,0.0,107,Chicken Burger,Hauptgerichte,,MwSt. 7%,1.07,10.186916,0.713084,Normalverkauf
S1000111.43735,SP1000111.26.43735,SY1000111.2026.43735,iPad1(1000111),111,12.06.26 18:37,Prod,A1000111.7220,Tisch 3,101,S1000111.43735,SALE,2,3.9,7.8,0.0,0.0,0.0,0.0,127,Alkoholfreies Bier,Getränke,,MwSt. 19%,1.19,6.554622,1.245378,Normalverkauf
S1000111.43736,SP1000111.26.43736,SY1000111.2026.43736,iPad1(1000111),111,12.06.26 18:37,Prod,A1000111.7220,Tisch 3,101,S1000111.43736,SALE,2,13.5,27.0,0.0,0.0,0.0,0.0,102,Matjes,Hauptspeisen,,MwSt. 7%,1.07,25.233645,1.766355,Normalverkauf
S1000111.43737,SP1000111.26.43737,SY1000111.2026.43737,iPad1(1000111),111,12.06.26 16:15,Prod,A1000111.7221,,117,S1000111.43737,SALE,2,11.5,23.0,0.0,0.0,0.0,0.0,105,Garnelen-Kimchi-Bruger,Hauptgerichte,,MwSt. 7%,1.07,21.495327,1.504673,Normalverkauf
S1000111.43738,SP1000111.26.43738,SY1000111.2026.43738,iPad1(1000111),111,12.06.26 12:45,Prod,A1000111.7222,Tisch 4,117,S1000111.43738,VOID,1,7.9,7.9,0.0,0.0,0.0,0.0,106,Neptun-Ringe,Beilagen,,MwSt. 7%,1.07,7.383178,0.516822,Normalverkauf
S1000111.43739,SP1000111.26.43739,SY1000111.2026.43739,iPad1(1000111),111,12.06.26 12:45,Prod,A1000111.7222,Tisch 4,117,S1000111.43739,VOID,1,3.9,3.9,0.0,0.0,0.0,0.0,126,Spezi,Getränke,,MwSt. 19%,1.19,3.277311,0.622689,Normalverkauf
S1000111.43740,SP1000111.26.43740,SY1000111.2026.43740,iPad1(1000111),111,12.06.26 12:45,Prod,A1000111.7222,Tisch 4,117,S1000111.43740,VOID,2,5.5,11.0,0.0,0.0,0.0,0.0,111,Pommes Frites,Beilagen,,MwSt. 7%,1.07,10.280374,0.719626,Normalverkauf
S1000111.43741,SP1000111.26.43741,SY1000111.2026.43741,iPad1(1000111),111,12.06.26 14:09,Prod,A1000111.7223,Tisch 22,117,S1000111.43741,SALE,2,5.9,11.8,0.0,0.0,0.0,0.0,117,Rote Grütze,Desserts,,MwSt. 7%,1.07,11.028037,0.771963,Normalverkauf
S1000111.43742,SP1000111.26.43742,SY1000111.2026.43742,iPad1(1000111),111,12.06.26 14:09,Prod,A1000111.7223,Tisch 22,117,S1000111.43742,SALE,2,10.9,21.8,0.0,0.0,0.0,0.0,104,Thunfisch Wrap,Hauptgerichte,,MwSt. 7%,1.07,20.373832,1.426168,Normalverkauf
S1000111.43743,SP1000111.26.43743,SY1000111.2026.43743,iPad1(1000111),111,12.06.26 14:09,Prod,A1000111.7223,Tisch 22,117,S1000111.43743,SALE,1,3.2,3.2,0.0,0.0,0.0,0.0,120,Apfelschorle,Getränke,,MwSt. 19%,1.19,2.689076,0.510924,Normalverkauf
S1000111.43744,SP1000111.26.43744,SY1000111.2026.43744,iPad1(1000111),111,12.06.26 17:41,Prod,A1000111.7224,Tisch 8,118,S1000111.43744,SALE,1,6.5,6.5,0.0,0.0,0.0,0.0,118,Schokokuchen,Desserts,,MwSt. 7%,1.07,6.074766,0.425234,Normalverkauf
S1000111.43745,SP1000111.26.43745,SY1000111.2026.43745,iPad1(1000111),111,12.06.26 17:41,Prod,A1000111.7224,Tisch 8,118,S1000111.43745,SALE,2,3.9,7.8,0.0,0.0,0.0,0.0,124,Cola Zero,Getränke,,MwSt. 19%,1.19,6.554622,1.245378,Normalverkauf
S1000111.43746,SP1000111.26.43746,SY1000111.2026.43746,iPad1(1000111),111,12.06.26 12:15,Prod,A1000111.7225,,101,S1000111.43746,SALE,1,11.9,11.9,0.0,0.0,0.0,0.0,110,Matjes-Baguette,Hauptgerichte,,MwSt. 7%,1.07,11.121495,0.778505,Normalverkauf
S1000111.43747,SP1000111.26.43747,SY1000111.2026.43747,iPad1(1000111),111,12.06.26 18:13,Prod,A1000111.7226,Tisch 2,119,S1000111.43747,VOID,2,3.2,6.4,0.0,0.0,0.0,0.0,120,Apfelschorle,Getränke,,MwSt. 19%,1.19,5.378151,1.021849,Normalverkauf
S1000111.43748,SP1000111.26.43748,SY1000111.2026.43748,iPad1(1000111),111,12.06.26 18:13,Prod,A1000111.7226,Tisch 2,119,S1000111.43748,VOID,2,7.9,15.8,0.0,0.0,0.0,0.0,106,Neptun-Ringe,Beilagen,,MwSt. 7%,1.07,14.766355,1.033645,Normalverkauf
S1000111.43749,SP1000111.26.43749,SY1000111.2026.43749,iPad1(1000111),111,12.06.26 13:20,Prod,A1000111.7227,Tisch 14,101,S1000111.43749,SALE,1,5.5,5.5,0.0,0.0,0.0,0.0,111,Pommes Frites,Beilagen,,MwSt. 7%,1.07,5.140187,0.359813,Normalverkauf
S1000111.43750,SP1000111.26.43750,SY1000111.2026.43750,iPad1(1000111),111,12.06.26 13:20,Prod,A1000111.7227,Tisch 14,101,S1000111.43750,SALE,2,7.9,15.8,0.0,0.0,0.0,0.0,106,Neptun-Ringe,Beilagen,,MwSt. 7%,1.07,14.766355,1.033645,Normalverkauf
S1000111.43751,SP1000111.26.43751,SY1000111.2026.43751,iPad1(1000111),111,12.06.26 16:44,Prod,A1000111.7228,Tisch 15,107,S1000111.43751,SALE,2,5.5,11.0,0.0,0.0,0.0,0.0,111,Pommes Frites,Beilagen,,MwSt. 7%,1.07,10.280374,0.719626,Normalverkauf
S1000111.43752,SP1000111.26.43752,SY1000111.2026.43752,iPad1(1000111),111,12.06.26 16:44,Prod,A1000111.7228,Tisch 15,107,S1000111.43752,SALE,2,10.9,21.8,0.0,0.0,0.0,0.0,107,Chicken Burger,Hauptgerichte,,MwSt. 7%,1.07,20.373832,1.426168,Normalverkauf
S1000111.43753,SP1000111.26.43753,SY1000111.2026.43753,iPad1(1000111),111,12.06.26 15:50,Prod,A1000111.7229,Tisch 3,118,S1000111.43753,SALE,1,10.9,10.9,0.0,0.0,0.0,0.0,104,Thunfisch Wrap,Hauptgerichte,,MwSt. 7%,1.07,10.186916,0.713084,Normalverkauf
S1000111.43754,SP1000111.26.43754,SY1000111.2026.43754,iPad1(1000111),111,12.06.26 15:50,Prod,A1000111.7229,Tisch 3,118,S1000111.43754,SALE,2,11.5,23.0,0.0,0.0,0.0,0.0,105,Garnelen-Kimchi-Bruger,Hauptgerichte,,MwSt. 7%,1.07,21.495327,1.504673,Normalverkauf
S1000111.43755,SP1000111.26.43755,SY1000111.2026.43755,iPad1(1000111),111,12.06.26 15:50,Prod,A1000111.7229,Tisch 3,118,S1000111.43755,SALE,2,4.2,8.4,0.0,0.0,0.0,0.0,122,Bier,Getränke,,MwSt. 19%,1.19,7.058824,1.341176,Normalverkauf
S1000111.43756,SP1000111.26.43756,SY1000111.2026.43756,iPad1(1000111),111,12.06.26 18:16,Prod,A1000111.7230,Tisch 2,115,S1000111.43756,SALE,2,6.5,13.0,0.0,0.0,0.0,0.0,118,Schokokuchen,Desserts,,MwSt. 7%,1.07,12.149533,0.850467,Normalverkauf
S1000111.43757,SP1000111.26.43757,SY1000111.2026.43757,iPad1(1000111),111,12.06.26 10:34,Prod,A1000111.7231,Tisch 1,115,S1000111.43757,SALE,2,13.5,27.0,0.0,0.0,0.0,0.0,102,Matjes,Hauptspeisen,,MwSt. 7%,1.07,25.233645,1.766355,Normalverkauf
S1000111.43758,SP1000111.26.43758,SY1000111.2026.43758,iPad1(1000111),111,12.06.26 10:34,Prod,A1000111.7231,Tisch 1,115,S1000111.43758,SALE,2,3.9,7.8,0.0,0.0,0.0,0.0,119,Cola,Getränke,,MwSt. 19%,1.19,6.554622,1.245378,Normalverkauf
S1000111.43759,SP1000111.26.43759,SY1000111.2026.43759,iPad1(1000111),111,12.06.26 11:09,Prod,A1000111.7232,Tisch 21,114,S1000111.43759,SALE,1,4.2,4.2,0.0,0.0,0.0,0.0,122,Bier,Getränke,,MwSt. 19%,1.19,3.529412,0.670588,Normalverkauf
S1000111.43760,SP1000111.26.43760,SY1000111.2026.43760,iPad1(1000111),111,12.06.26 18:57,Prod,A1000111.7233,Tisch 19,115,S1000111.43760,SALE,2,11.9,23.8,0.0,0.0,0.0,0.0,110,Matjes-Baguette,Hauptgerichte,,MwSt. 7%,1.07,22.242991,1.557009,Normalverkauf
S1000111.43761,SP1000111.26.43761,SY1000111.2026.43761,iPad1(1000111),111,12.06.26 18:51,Prod,A1000111.7234,Tisch 4,107,S1000111.43761,SALE,1,3.9,3.9,0.0,0.0,0.0,0.0,119,Cola,Getränke,,MwSt. 19%,1.19,3.277311,0.622689,Normalverkauf
S1000111.43762,SP1000111.26.43762,SY1000111.2026.43762,iPad1(1000111),111,12.06.26 20:39,Prod,A1000111.7235,Tisch 10,107,S1000111.43762,SALE,1,4.9,4.9,0.0,0.0,0.0,0.0,112,Kartoffelwedges,Beilagen,,MwSt. 7%,1.07,4.579439,0.320561,Normalverkauf
S1000111.43763,SP1000111.26.43763,SY1000111.2026.43763,iPad1(1000111),111,12.06.26 20:39,Prod,A1000111.7235,Tisch 10,107,S1000111.43763,SALE,2,4.2,8.4,0.0,0.0,0.0,0.0,122,Bier,Getränke,,MwSt. 19%,1.19,7.058824,1.341176,Normalverkauf
S1000111.43764,SP1000111.26.43764,SY1000111.2026.43764,iPad1(1000111),111,12.06.26 13:23,Prod,A1000111.7236,Tisch 23,117,S1000111.43764,SALE,1,4.2,4.2,0.0,0.0,0.0,0.0,122,Bier,Getränke,,MwSt. 19%,1.19,3.529412,0.670588,Normalverkauf
S1000111.43765,SP1000111.26.43765,SY1000111.2026.43765,iPad1(1000111),111,12.06.26 13:23,Prod,A1000111.7236,Tisch 23,117,S1000111.43765,SALE,1,10.9,10.9,0.0,0.0,0.0,0.0,107,Chicken Burger,Hauptgerichte,,MwSt. 7%,1.07,10.186916,0.713084,Normalverkauf
S1000111.43766,SP1000111.26.43766,SY1000111.2026.43766,iPad1(1000111),111,12.06.26 12:57,Prod,A1000111.7237,Tisch 6,118,S1000111.43766,SALE,1,7.9,7.9,0.0,0.0,0.0,0.0,106,Neptun-Ringe,Beilagen,,MwSt. 7%,1.07,7.383178,0.516822,Normalverkauf
S1000111.43767,SP1000111.26.43767,SY1000111.2026.43767,iPad1(1000111),111,12.06.26 12:57,Prod,A1000111.7237,Tisch 6,118,S1000111.43767,SALE,2,4.2,8.4,0.0,0.0,0.0,0.0,122,Bier,Getränke,,MwSt. 19%,1.19,7.058824,1.341176,Normalverkauf
S1000111.43768,SP1000111.26.43768,SY1000111.2026.43768,iPad1(1000111),111,12.06.26 12:57,Prod,A1000111.7237,Tisch 6,118,S1000111.43768,SALE,1,3.9,3.9,0.0,0.0,0.0,0.0,124,Cola Zero,Getränke,,MwSt. 19%,1.19,3.277311,0.622689,Normalverkauf
S1000111.43769,SP1000111.26.43769,SY1000111.2026.43769,iPad1(1000111),111,12.06.26 18:15,Prod,A1000111.7238,Tisch 3,101,S1000111.43769,VOID,2,5.5,11.0,0.0,0.0,0.0,0.0,111,Pommes Frites,Beilagen,,MwSt. 7%,1.07,10.280374,0.719626,Normalverkauf
S1000111.43770,SP1000111.26.43770,SY1000111.2026.43770,iPad1(1000111),111,12.06.26 17:27,Prod,A1000111.7239,Tisch 3,118,S1000111.43770,SALE,2,3.9,7.8,0.0,0.0,0.0,0.0,127,Alkoholfreies Bier,Getränke,,MwSt. 19%,1.19,6.554622,1.245378,Normalverkauf
S1000111.43771,SP1000111.26.43771,SY1000111.2026.43771,iPad1(1000111),111,12.06.26 17:27,Prod,A1000111.7239,Tisch 3,118,S1000111.43771,SALE,2,3.9,7.8,0.0,0.0,0.0,0.0,126,Spezi,Getränke,,MwSt. 19%,1.19,6.554622,1.245378,Normalverkauf
S1000111.43772,SP1000111.26.43772,SY1000111.2026.43772,iPad1(1000111),111,12.06.26 17:27,Prod,A1000111.7239,Tisch 3,118,S1000111.43772,SALE,1,7.9,7.9,0.0,0.0,0.0,0.0,106,Neptun-Ringe,Beilagen,,MwSt. 7%,1.07,7.383178,0.516822,Normalverkauf
S1000111.43773,SP1000111.26.43773,SY1000111.2026.43773,iPad1(1000111),111,12.06.26 19:37,Prod,A1000111.7240,Tisch 1,114,S1000111.43773,VOID,1,5.5,5.5,0.0,0.0,0.0,0.0,114,Fisch Nuggets Box,Beilagen,,MwSt. 7%,1.07,5.140187,0.359813,Normalverkauf
S1000111.43774,SP1000111.26.43774,SY1000111.2026.43774,iPad1(1000111),111,12.06.26 19:37,Prod,A1000111.7240,Tisch 1,114,S1000111.43774,VOID,1,9.8,9.8,0.0,0.0,0.0,0.0,108,Seelachs-Ei-Baugette,Hauptgerichte,,MwSt. 7%,1.07,9.158879,0.641121,Normalverkauf
S1000111.43775,SP1000111.26.43775,SY1000111.2026.43775,iPad1(1000111),111,12.06.26 19:37,Prod,A1000111.7240,Tisch 1,114,S1000111.43775,VOID,1,4.2,4.2,0.0,0.0,0.0,0.0,122,Bier,Getränke,,MwSt. 19%,1.19,3.529412,0.670588,Normalverkauf
S1000111.43776,SP1000111.26.43776,SY1000111.2026.43776,iPad1(1000111),111,12.06.26 11:46,Prod,A1000111.7241,Tisch 23,117,S1000111.43776,SALE,2,3.9,7.8,0.0,0.0,0.0,0.0,127,Alkoholfreies Bier,Getränke,,MwSt. 19%,1.19,6.554622,1.245378,Normalverkauf
S1000111.43777,SP1000111.26.43777,SY1000111.2026.43777,iPad1(1000111),111,12.06.26 15:54,Prod,A1000111.7242,Tisch 24,107,S1000111.43777,SALE,2,11.9,23.8,0.0,0.0,0.0,0.0,110,Matjes-Baguette,Hauptgerichte,,MwSt. 7%,1.07,22.242991,1.557009,Normalverkauf
S1000111.43778,SP1000111.26.43778,SY1000111.2026.43778,iPad1(1000111),111,12.06.26 11:46,Prod,A1000111.7243,Tisch 1,101,S1000111.43778,SALE,2,5.5,11.0,0.0,0.0,0.0,0.0,111,Pommes Frites,Beilagen,,MwSt. 7%,1.07,10.280374,0.719626,Normalverkauf
S1000111.43779,SP1000111.26.43779,SY1000111.2026.43779,iPad1(1000111),111,12.06.26 11:46,Prod,A1000111.7243,Tisch 1,101,S1000111.43779,SALE,1,4.9,4.9,0.0,0.0,0.0,0.0,112,Kartoffelwedges,Beilagen,,MwSt. 7%,1.07,4.579439,0.320561,Normalverkauf
S1000111.43780,SP1000111.26.43780,SY1000111.2026.43780,iPad1(1000111),111,12.06.26 19:38,Prod,A1000111.7244,Tisch 15,115,S1000111.43780,SALE,1,3.9,3.9,0.0,0.0,0.0,0.0,124,Cola Zero,Getränke,,MwSt. 19%,1.19,3.277311,0.622689,Normalverkauf
S1000111.43781,SP1000111.26.43781,SY1000111.2026.43781,iPad1(1000111),111,12.06.26 19:38,Prod,A1000111.7244,Tisch 15,115,S1000111.43781,SALE,2,4.9,9.8,0.0,0.0,0.0,0.0,112,Kartoffelwedges,Beilagen,,MwSt. 7%,1.07,9.158879,0.641121,Normalverkauf
S1000111.43782,SP1000111.26.43782,SY1000111.2026.43782,iPad1(1000111),111,12.06.26 19:38,Prod,A1000111.7245,,101,S1000111.43782,SALE,2,5.5,11.0,0.0,0.0,0.0,0.0,111,Pommes Frites,Beilagen,,MwSt. 7%,1.07,10.280374,0.719626,Normalverkauf
S1000111.43783,SP1000111.26.43783,SY1000111.2026.43783,iPad1(1000111),111,12.06.26 19:38,Prod,A1000111.7245,,101,S1000111.43783,SALE,1,5.5,5.5,0.0,0.0,0.0,0.0,111,Pommes Frites,Beilagen,,MwSt. 7%,1.07,5.140187,0.359813,Normalverkauf
S1000111.43784,SP1000111.26.43784,SY1000111.2026.43784,iPad1(1000111),111,12.06.26 19:38,Prod,A1000111.7245,,101,S1000111.43784,SALE,2,4.9,9.8,0.0,0.0,0.0,0.0,112,Kartoffelwedges,Beilagen,,MwSt. 7%,1.07,9.158879,0.641121,Normalverkauf
S1000111.43785,SP1000111.26.43785,SY1000111.2026.43785,iPad1(1000111),111,12.06.26 19:58,Prod,A1000111.7246,Tisch 2,119,S1000111.43785,SALE,1,10.9,10.9,0.0,0.0,0.0,0.0,104,Thunfisch Wrap,Hauptgerichte,,MwSt. 7%,1.07,10.186916,0.713084,Normalverkauf
S1000111.43786,SP1000111.26.43786,SY1000111.2026.43786,iPad1(1000111),111,12.06.26 17:37,Prod,A1000111.7247,Tisch 9,119,S1000111.43786,SALE,2,2.8,5.6,0.0,0.0,0.0,0.0,121,Mineralwasser,Getränke,,MwSt. 19%,1.19,4.705882,0.894118,Normalverkauf
S1000111.43787,SP1000111.26.43787,SY1000111.2026.43787,iPad1(1000111),111,12.06.26 16:11,Prod,A1000111.7248,Tisch 9,119,S1000111.43787,SALE,1,5.5,5.5,0.0,0.0,0.0,0.0,114,Fisch Nuggets Box,Beilagen,,MwSt. 7%,1.07,5.140187,0.359813,Normalverkauf
S1000111.43788,SP1000111.26.43788,SY1000111.2026.43788,iPad1(1000111),111,12.06.26 16:11,Prod,A1000111.7248,Tisch 9,119,S1000111.43788,SALE,1,10.9,10.9,0.0,0.0,0.0,0.0,107,Chicken Burger,Hauptgerichte,,MwSt. 7%,1.07,10.186916,0.713084,Normalverkauf
S1000111.43789,SP1000111.26.43789,SY1000111.2026.43789,iPad1(1000111),111,12.06.26 16:11,Prod,A1000111.7248,Tisch 9,119,S1000111.43789,SALE,1,3.9,3.9,0.0,0.0,0.0,0.0,126,Spezi,Getränke,,MwSt. 19%,1.19,3.277311,0.622689,Normalverkauf
S1000111.43790,SP1000111.26.43790,SY1000111.2026.43790,iPad1(1000111),111,12.06.26 11:20,Prod,A1000111.7249,Tisch 12,101,S1000111.43790,SALE,2,5.5,11.0,0.0,0.0,0.0,0.0,111,Pommes Frites,Beilagen,,MwSt. 7%,1.07,10.280374,0.719626,Normalverkauf
S1000111.43791,SP1000111.26.43791,SY1000111.2026.43791,iPad1(1000111),111,12.06.26 11:20,Prod,A1000111.7249,Tisch 12,101,S1000111.43791,SALE,1,7.9,7.9,0.0,0.0,0.0,0.0,106,Neptun-Ringe,Beilagen,,MwSt. 7%,1.07,7.383178,0.516822,Normalverkauf
S1000111.43792,SP1000111.26.43792,SY1000111.2026.43792,iPad1(1000111),111,12.06.26 20:00,Prod,A1000111.7250,Tisch 18,114,S1000111.43792,SALE,1,3.2,3.2,0.0,0.0,0.0,0.0,120,Apfelschorle,Getränke,,MwSt. 19%,1.19,2.689076,0.510924,Normalverkauf
S1000111.43793,SP1000111.26.43793,SY1000111.2026.43793,iPad1(1000111),111,12.06.26 20:00,Prod,A1000111.7250,Tisch 18,114,S1000111.43793,SALE,1,3.9,3.9,0.0,0.0,0.0,0.0,124,Cola Zero,Getränke,,MwSt. 19%,1.19,3.277311,0.622689,Normalverkauf
S1000111.43794,SP1000111.26.43794,SY1000111.2026.43794,iPad1(1000111),111,12.06.26 20:25,Prod,A1000111.7251,Tisch 3,119,S1000111.43794,SALE,2,2.8,5.6,0.0,0.0,0.0,0.0,121,Mineralwasser,Getränke,,MwSt. 19%,1.19,4.705882,0.894118,Normalverkauf
S1000111.43795,SP1000111.26.43795,SY1000111.2026.43795,iPad1(1000111),111,12.06.26 18:38,Prod,A1000111.7252,Tisch 3,101,S1000111.43795,VOID,2,4.9,9.8,0.0,0.0,0.0,0.0,112,Kartoffelwedges,Beilagen,,MwSt. 7%,1.07,9.158879,0.641121,Normalverkauf
S1000111.43796,SP1000111.26.43796,SY1000111.2026.43796,iPad1(1000111),111,12.06.26 18:38,Prod,A1000111.7252,Tisch 3,101,S1000111.43796,VOID,1,2.8,2.8,0.0,0.0,0.0,0.0,121,Mineralwasser,Getränke,,MwSt. 19%,1.19,2.352941,0.447059,Normalverkauf
S1000111.43797,SP1000111.26.43797,SY1000111.2026.43797,iPad1(1000111),111,12.06.26 18:38,Prod,A1000111.7252,Tisch 3,101,S1000111.43797,VOID,1,3.9,3.9,0.0,0.0,0.0,0.0,124,Cola Zero,Getränke,,MwSt. 19%,1.19,3.277311,0.622689,Normalverkauf
S1000111.43798,SP1000111.26.43798,SY1000111.2026.43798,iPad1(1000111),111,12.06.26 11:41,Prod,A1000111.7253,Tisch 18,118,S1000111.43798,SALE,1,4.2,4.2,0.0,0.0,0.0,0.0,122,Bier,Getränke,,MwSt. 19%,1.19,3.529412,0.670588,Normalverkauf
S1000111.43799,SP1000111.26.43799,SY1000111.2026.43799,iPad1(1000111),111,12.06.26 19:21,Prod,A1000111.7254,Tisch 5,107,S1000111.43799,SALE,1,5.5,5.5,0.0,0.0,0.0,0.0,111,Pommes Frites,Beilagen,,MwSt. 7%,1.07,5.140187,0.359813,Normalverkauf
S1000111.43800,SP1000111.26.43800,SY1000111.2026.43800,iPad1(1000111),111,12.06.26 19:21,Prod,A1000111.7254,Tisch 5,107,S1000111.43800,SALE,2,10.9,21.8,0.0,0.0,0.0,0.0,107,Chicken Burger,Hauptgerichte,,MwSt. 7%,1.07,20.373832,1.426168,Normalverkauf
S1000111.43801,SP1000111.26.43801,SY1000111.2026.43801,iPad1(1000111),111,12.06.26 16:21,Prod,A1000111.7255,Tisch 20,117,S1000111.43801,SALE,2,10.9,21.8,0.0,0.0,0.0,0.0,109,Bismarck-Baguette,Hauptgerichte,,MwSt. 7%,1.07,20.373832,1.426168,Normalverkauf
S1000111.43802,SP1000111.26.43802,SY1000111.2026.43802,iPad1(1000111),111,12.06.26 16:21,Prod,A1000111.7255,Tisch 20,117,S1000111.43802,SALE,2,11.9,23.8,0.0,0.0,0.0,0.0,110,Matjes-Baguette,Hauptgerichte,,MwSt. 7%,1.07,22.242991,1.557009,Normalverkauf
S1000111.43803,SP1000111.26.43803,SY1000111.2026.43803,iPad1(1000111),111,12.06.26 16:21,Prod,A1000111.7255,Tisch 20,117,S1000111.43803,SALE,1,3.2,3.2,0.0,0.0,0.0,0.0,120,Apfelschorle,Getränke,,MwSt. 19%,1.19,2.689076,0.510924,Normalverkauf
S1000111.43804,SP1000111.26.43804,SY1000111.2026.43804,iPad1(1000111),111,13.06.26 19:45,Prod,A1000111.7256,Tisch 2,101,S1000111.43804,SALE,1,11.9,11.9,0.0,0.0,0.0,0.0,110,Matjes-Baguette,Hauptgerichte,,MwSt. 7%,1.07,11.121495,0.778505,Normalverkauf
S1000111.43805,SP1000111.26.43805,SY1000111.2026.43805,iPad1(1000111),111,13.06.26 16:12,Prod,A1000111.7257,Tisch 12,117,S1000111.43805,SALE,2,11.9,23.8,0.0,0.0,0.0,0.0,110,Matjes-Baguette,Hauptgerichte,,MwSt. 7%,1.07,22.242991,1.557009,Normalverkauf
S1000111.43806,SP1000111.26.43806,SY1000111.2026.43806,iPad1(1000111),111,13.06.26 16:12,Prod,A1000111.7257,Tisch 12,117,S1000111.43806,SALE,1,5.9,5.9,0.0,0.0,0.0,0.0,125,Zitronen-Limonade,Getränke,,MwSt. 19%,1.19,4.957983,0.942017,Normalverkauf
S1000111.43807,SP1000111.26.43807,SY1000111.2026.43807,iPad1(1000111),111,13.06.26 19:29,Prod,A1000111.7258,Tisch 21,107,S1000111.43807,SALE,2,10.9,21.8,0.0,0.0,0.0,0.0,104,Thunfisch Wrap,Hauptgerichte,,MwSt. 7%,1.07,20.373832,1.426168,Normalverkauf
S1000111.43808,SP1000111.26.43808,SY1000111.2026.43808,iPad1(1000111),111,13.06.26 19:29,Prod,A1000111.7258,Tisch 21,107,S1000111.43808,SALE,2,3.9,7.8,0.0,0.0,0.0,0.0,119,Cola,Getränke,,MwSt. 19%,1.19,6.554622,1.245378,Normalverkauf
S1000111.43809,SP1000111.26.43809,SY1000111.2026.43809,iPad1(1000111),111,13.06.26 16:18,Prod,A1000111.7259,Tisch 22,117,S1000111.43809,SALE,1,6.5,6.5,0.0,0.0,0.0,0.0,118,Schokokuchen,Desserts,,MwSt. 7%,1.07,6.074766,0.425234,Normalverkauf
S1000111.43810,SP1000111.26.43810,SY1000111.2026.43810,iPad1(1000111),111,13.06.26 16:18,Prod,A1000111.7259,Tisch 22,117,S1000111.43810,SALE,1,10.9,10.9,0.0,0.0,0.0,0.0,104,Thunfisch Wrap,Hauptgerichte,,MwSt. 7%,1.07,10.186916,0.713084,Normalverkauf
S1000111.43811,SP1000111.26.43811,SY1000111.2026.43811,iPad1(1000111),111,13.06.26 11:19,Prod,A1000111.7260,Tisch 2,118,S1000111.43811,SALE,1,3.9,3.9,0.0,0.0,0.0,0.0,119,Cola,Getränke,,MwSt. 19%,1.19,3.277311,0.622689,Normalverkauf
S1000111.43812,SP1000111.26.43812,SY1000111.2026.43812,iPad1(1000111),111,13.06.26 11:19,Prod,A1000111.7260,Tisch 2,118,S1000111.43812,SALE,2,10.9,21.8,0.0,0.0,0.0,0.0,107,Chicken Burger,Hauptgerichte,,MwSt. 7%,1.07,20.373832,1.426168,Normalverkauf
S1000111.43813,SP1000111.26.43813,SY1000111.2026.43813,iPad1(1000111),111,13.06.26 11:19,Prod,A1000111.7260,Tisch 2,118,S1000111.43813,SALE,2,6.9,13.8,0.0,0.0,0.0,0.0,103,Fischbrötchen Räucherlachs,Hauptspeisen,,MwSt. 7%,1.07,12.897196,0.902804,Normalverkauf
S1000111.43814,SP1000111.26.43814,SY1000111.2026.43814,iPad1(1000111),111,13.06.26 10:54,Prod,A1000111.7261,Tisch 19,101,S1000111.43814,SALE,1,6.9,6.9,0.0,0.0,0.0,0.0,103,Fischbrötchen Räucherlachs,Hauptspeisen,,MwSt. 7%,1.07,6.448598,0.451402,Normalverkauf
S1000111.43815,SP1000111.26.43815,SY1000111.2026.43815,iPad1(1000111),111,13.06.26 10:54,Prod,A1000111.7261,Tisch 19,101,S1000111.43815,SALE,1,6.9,6.9,0.0,0.0,0.0,0.0,103,Fischbrötchen Räucherlachs,Hauptspeisen,,MwSt. 7%,1.07,6.448598,0.451402,Normalverkauf
S1000111.43816,SP1000111.26.43816,SY1000111.2026.43816,iPad1(1000111),111,13.06.26 16:01,Prod,A1000111.7262,Tisch 3,114,S1000111.43816,SALE,1,6.5,6.5,0.0,0.0,0.0,0.0,118,Schokokuchen,Desserts,,MwSt. 7%,1.07,6.074766,0.425234,Normalverkauf
S1000111.43817,SP1000111.26.43817,SY1000111.2026.43817,iPad1(1000111),111,13.06.26 19:53,Prod,A1000111.7263,Tisch 23,107,S1000111.43817,SALE,2,7.9,15.8,0.0,0.0,0.0,0.0,115,Tiramisu,Desserts,,MwSt. 7%,1.07,14.766355,1.033645,Normalverkauf
S1000111.43818,SP1000111.26.43818,SY1000111.2026.43818,iPad1(1000111),111,13.06.26 19:53,Prod,A1000111.7263,Tisch 23,107,S1000111.43818,SALE,1,10.9,10.9,0.0,0.0,0.0,0.0,104,Thunfisch Wrap,Hauptgerichte,,MwSt. 7%,1.07,10.186916,0.713084,Normalverkauf
S1000111.43819,SP1000111.26.43819,SY1000111.2026.43819,iPad1(1000111),111,13.06.26 19:53,Prod,A1000111.7263,Tisch 23,107,S1000111.43819,SALE,2,3.9,7.8,0.0,0.0,0.0,0.0,119,Cola,Getränke,,MwSt. 19%,1.19,6.554622,1.245378,Normalverkauf
S1000111.43820,SP1000111.26.43820,SY1000111.2026.43820,iPad1(1000111),111,13.06.26 12:07,Prod,A1000111.7264,Tisch 18,117,S1000111.43820,SALE,2,4.2,8.4,0.0,0.0,0.0,0.0,122,Bier,Getränke,,MwSt. 19%,1.19,7.058824,1.341176,Normalverkauf
S1000111.43821,SP1000111.26.43821,SY1000111.2026.43821,iPad1(1000111),111,13.06.26 19:42,Prod,A1000111.7265,Tisch 4,119,S1000111.43821,SALE,2,11.5,23.0,0.0,0.0,0.0,0.0,105,Garnelen-Kimchi-Bruger,Hauptgerichte,,MwSt. 7%,1.07,21.495327,1.504673,Normalverkauf
S1000111.43822,SP1000111.26.43822,SY1000111.2026.43822,iPad1(1000111),111,13.06.26 15:07,Prod,A1000111.7266,Tisch 1,115,S1000111.43822,VOID,2,11.5,23.0,0.0,0.0,0.0,0.0,105,Garnelen-Kimchi-Bruger,Hauptgerichte,,MwSt. 7%,1.07,21.495327,1.504673,Normalverkauf
S1000111.43823,SP1000111.26.43823,SY1000111.2026.43823,iPad1(1000111),111,13.06.26 17:00,Prod,A1000111.7267,Tisch 24,117,S1000111.43823,SALE,2,6.9,13.8,0.0,0.0,0.0,0.0,103,Fischbrötchen Räucherlachs,Hauptspeisen,,MwSt. 7%,1.07,12.897196,0.902804,Normalverkauf
S1000111.43824,SP1000111.26.43824,SY1000111.2026.43824,iPad1(1000111),111,13.06.26 17:00,Prod,A1000111.7267,Tisch 24,117,S1000111.43824,SALE,1,10.9,10.9,0.0,0.0,0.0,0.0,104,Thunfisch Wrap,Hauptgerichte,,MwSt. 7%,1.07,10.186916,0.713084,Normalverkauf
S1000111.43825,SP1000111.26.43825,SY1000111.2026.43825,iPad1(1000111),111,13.06.26 17:13,Prod,A1000111.7268,Tisch 9,117,S1000111.43825,SALE,1,3.2,3.2,0.0,0.0,0.0,0.0,120,Apfelschorle,Getränke,,MwSt. 19%,1.19,2.689076,0.510924,Normalverkauf
S1000111.43826,SP1000111.26.43826,SY1000111.2026.43826,iPad1(1000111),111,13.06.26 13:50,Prod,A1000111.7269,Tisch 5,101,S1000111.43826,SALE,1,3.9,3.9,0.0,0.0,0.0,0.0,126,Spezi,Getränke,,MwSt. 19%,1.19,3.277311,0.622689,Normalverkauf
S1000111.43827,SP1000111.26.43827,SY1000111.2026.43827,iPad1(1000111),111,13.06.26 13:50,Prod,A1000111.7269,Tisch 5,101,S1000111.43827,SALE,1,10.9,10.9,0.0,0.0,0.0,0.0,107,Chicken Burger,Hauptgerichte,,MwSt. 7%,1.07,10.186916,0.713084,Normalverkauf
S1000111.43828,SP1000111.26.43828,SY1000111.2026.43828,iPad1(1000111),111,13.06.26 13:50,Prod,A1000111.7269,Tisch 5,101,S1000111.43828,SALE,2,3.9,7.8,0.0,0.0,0.0,0.0,126,Spezi,Getränke,,MwSt. 19%,1.19,6.554622,1.245378,Normalverkauf
S1000111.43829,SP1000111.26.43829,SY1000111.2026.43829,iPad1(1000111),111,13.06.26 11:33,Prod,A1000111.7270,Tisch 21,107,S1000111.43829,SALE,1,3.9,3.9,0.0,0.0,0.0,0.0,119,Cola,Getränke,,MwSt. 19%,1.19,3.277311,0.622689,Normalverkauf
S1000111.43830,SP1000111.26.43830,SY1000111.2026.43830,iPad1(1000111),111,13.06.26 11:33,Prod,A1000111.7270,Tisch 21,107,S1000111.43830,SALE,2,3.9,7.8,0.0,0.0,0.0,0.0,127,Alkoholfreies Bier,Getränke,,MwSt. 19%,1.19,6.554622,1.245378,Normalverkauf
S1000111.43831,SP1000111.26.43831,SY1000111.2026.43831,iPad1(1000111),111,13.06.26 11:33,Prod,A1000111.7270,Tisch 21,107,S1000111.43831,SALE,1,4.9,4.9,0.0,0.0,0.0,0.0,112,Kartoffelwedges,Beilagen,,MwSt. 7%,1.07,4.579439,0.320561,Normalverkauf
S1000111.43832,SP1000111.26.43832,SY1000111.2026.43832,iPad1(1000111),111,13.06.26 19:13,Prod,A1000111.7271,Tisch 3,117,S1000111.43832,SALE,1,9.8,9.8,0.0,0.0,0.0,0.0,108,Seelachs-Ei-Baugette,Hauptgerichte,,MwSt. 7%,1.07,9.158879,0.641121,Normalverkauf
S1000111.43833,SP1000111.26.43833,SY1000111.2026.43833,iPad1(1000111),111,13.06.26 16:50,Prod,A1000111.7272,Tisch 7,107,S1000111.43833,SALE,2,2.8,5.6,0.0,0.0,0.0,0.0,121,Mineralwasser,Getränke,,MwSt. 19%,1.19,4.705882,0.894118,Normalverkauf
S1000111.43834,SP1000111.26.43834,SY1000111.2026.43834,iPad1(1000111),111,13.06.26 16:50,Prod,A1000111.7272,Tisch 7,107,S1000111.43834,SALE,1,10.9,10.9,0.0,0.0,0.0,0.0,107,Chicken Burger,Hauptgerichte,,MwSt. 7%,1.07,10.186916,0.713084,Normalverkauf
S1000111.43835,SP1000111.26.43835,SY1000111.2026.43835,iPad1(1000111),111,13.06.26 08:13,Prod,A1000111.7273,Tisch 6,118,S1000111.43835,SALE,2,11.5,23.0,0.0,0.0,0.0,0.0,105,Garnelen-Kimchi-Bruger,Hauptgerichte,,MwSt. 7%,1.07,21.495327,1.504673,Normalverkauf
S1000111.43836,SP1000111.26.43836,SY1000111.2026.43836,iPad1(1000111),111,13.06.26 08:13,Prod,A1000111.7273,Tisch 6,118,S1000111.43836,SALE,2,10.9,21.8,0.0,0.0,0.0,0.0,107,Chicken Burger,Hauptgerichte,,MwSt. 7%,1.07,20.373832,1.426168,Normalverkauf
S1000111.43837,SP1000111.26.43837,SY1000111.2026.43837,iPad1(1000111),111,13.06.26 08:13,Prod,A1000111.7273,Tisch 6,118,S1000111.43837,SALE,1,14.5,14.5,0.0,0.0,0.0,0.0,101,Lachs,Hauptspeisen,,MwSt. 7%,1.07,13.551402,0.948598,Normalverkauf
S1000111.43838,SP1000111.26.43838,SY1000111.2026.43838,iPad1(1000111),111,13.06.26 11:15,Prod,A1000111.7274,Tisch 15,115,S1000111.43838,SALE,1,4.2,4.2,0.0,0.0,0.0,0.0,122,Bier,Getränke,,MwSt. 19%,1.19,3.529412,0.670588,Normalverkauf
S1000111.43839,SP1000111.26.43839,SY1000111.2026.43839,iPad1(1000111),111,13.06.26 11:15,Prod,A1000111.7274,Tisch 15,115,S1000111.43839,SALE,1,5.9,5.9,0.0,0.0,0.0,0.0,125,Zitronen-Limonade,Getränke,,MwSt. 19%,1.19,4.957983,0.942017,Normalverkauf
S1000111.43840,SP1000111.26.43840,SY1000111.2026.43840,iPad1(1000111),111,13.06.26 20:55,Prod,A1000111.7275,Tisch 17,118,S1000111.43840,SALE,2,7.9,15.8,0.0,0.0,0.0,0.0,106,Neptun-Ringe,Beilagen,,MwSt. 7%,1.07,14.766355,1.033645,Normalverkauf
S1000111.43841,SP1000111.26.43841,SY1000111.2026.43841,iPad1(1000111),111,13.06.26 20:55,Prod,A1000111.7275,Tisch 17,118,S1000111.43841,SALE,1,11.5,11.5,0.0,0.0,0.0,0.0,105,Garnelen-Kimchi-Bruger,Hauptgerichte,,MwSt. 7%,1.07,10.747664,0.752336,Normalverkauf
S1000111.43842,SP1000111.26.43842,SY1000111.2026.43842,iPad1(1000111),111,13.06.26 20:55,Prod,A1000111.7275,Tisch 17,118,S1000111.43842,SALE,2,6.9,13.8,0.0,0.0,0.0,0.0,113,Garnelen Box,Beilagen,,MwSt. 7%,1.07,12.897196,0.902804,Normalverkauf
S1000111.43843,SP1000111.26.43843,SY1000111.2026.43843,iPad1(1000111),111,13.06.26 12:38,Prod,A1000111.7276,Tisch 7,118,S1000111.43843,SALE,2,14.5,29.0,0.0,0.0,0.0,0.0,101,Lachs,Hauptspeisen,,MwSt. 7%,1.07,27.102804,1.897196,Normalverkauf
S1000111.43844,SP1000111.26.43844,SY1000111.2026.43844,iPad1(1000111),111,13.06.26 12:38,Prod,A1000111.7276,Tisch 7,118,S1000111.43844,SALE,1,3.9,3.9,0.0,0.0,0.0,0.0,119,Cola,Getränke,,MwSt. 19%,1.19,3.277311,0.622689,Normalverkauf
S1000111.43845,SP1000111.26.43845,SY1000111.2026.43845,iPad1(1000111),111,13.06.26 12:38,Prod,A1000111.7276,Tisch 7,118,S1000111.43845,SALE,2,5.9,11.8,0.0,0.0,0.0,0.0,125,Zitronen-Limonade,Getränke,,MwSt. 19%,1.19,9.915966,1.884034,Normalverkauf
S1000111.43846,SP1000111.26.43846,SY1000111.2026.43846,iPad1(1000111),111,13.06.26 19:37,Prod,A1000111.7277,Tisch 9,117,S1000111.43846,SALE,2,3.9,7.8,0.0,0.0,0.0,0.0,126,Spezi,Getränke,,MwSt. 19%,1.19,6.554622,1.245378,Normalverkauf
S1000111.43847,SP1000111.26.43847,SY1000111.2026.43847,iPad1(1000111),111,13.06.26 19:37,Prod,A1000111.7277,Tisch 9,117,S1000111.43847,SALE,1,4.9,4.9,0.0,0.0,0.0,0.0,112,Kartoffelwedges,Beilagen,,MwSt. 7%,1.07,4.579439,0.320561,Normalverkauf
S1000111.43848,SP1000111.26.43848,SY1000111.2026.43848,iPad1(1000111),111,13.06.26 19:37,Prod,A1000111.7277,Tisch 9,117,S1000111.43848,SALE,2,3.9,7.8,0.0,0.0,0.0,0.0,119,Cola,Getränke,,MwSt. 19%,1.19,6.554622,1.245378,Normalverkauf
S1000111.43849,SP1000111.26.43849,SY1000111.2026.43849,iPad1(1000111),111,13.06.26 16:45,Prod,A1000111.7278,Tisch 11,114,S1000111.43849,SALE,2,7.9,15.8,0.0,0.0,0.0,0.0,115,Tiramisu,Desserts,,MwSt. 7%,1.07,14.766355,1.033645,Normalverkauf
S1000111.43850,SP1000111.26.43850,SY1000111.2026.43850,iPad1(1000111),111,13.06.26 16:45,Prod,A1000111.7278,Tisch 11,114,S1000111.43850,SALE,2,9.8,19.6,0.0,0.0,0.0,0.0,108,Seelachs-Ei-Baugette,Hauptgerichte,,MwSt. 7%,1.07,18.317757,1.282243,Normalverkauf
S1000111.43851,SP1000111.26.43851,SY1000111.2026.43851,iPad1(1000111),111,13.06.26 16:45,Prod,A1000111.7278,Tisch 11,114,S1000111.43851,SALE,1,11.5,11.5,0.0,0.0,0.0,0.0,105,Garnelen-Kimchi-Bruger,Hauptgerichte,,MwSt. 7%,1.07,10.747664,0.752336,Normalverkauf
S1000111.43852,SP1000111.26.43852,SY1000111.2026.43852,iPad1(1000111),111,13.06.26 18:00,Prod,A1000111.7279,Tisch 12,118,S1000111.43852,SALE,2,14.5,29.0,0.0,0.0,0.0,0.0,101,Lachs,Hauptspeisen,,MwSt. 7%,1.07,27.102804,1.897196,Normalverkauf
S1000111.43853,SP1000111.26.43853,SY1000111.2026.43853,iPad1(1000111),111,13.06.26 12:20,Prod,A1000111.7280,Tisch 23,117,S1000111.43853,SALE,1,6.5,6.5,0.0,0.0,0.0,0.0,118,Schokokuchen,Desserts,,MwSt. 7%,1.07,6.074766,0.425234,Normalverkauf
S1000111.43854,SP1000111.26.43854,SY1000111.2026.43854,iPad1(1000111),111,13.06.26 15:45,Prod,A1000111.7281,Tisch 12,107,S1000111.43854,SALE,1,5.5,5.5,0.0,0.0,0.0,0.0,111,Pommes Frites,Beilagen,,MwSt. 7%,1.07,5.140187,0.359813,Normalverkauf
S1000111.43855,SP1000111.26.43855,SY1000111.2026.43855,iPad1(1000111),111,13.06.26 15:45,Prod,A1000111.7281,Tisch 12,107,S1000111.43855,SALE,2,3.9,7.8,0.0,0.0,0.0,0.0,124,Cola Zero,Getränke,,MwSt. 19%,1.19,6.554622,1.245378,Normalverkauf
S1000111.43856,SP1000111.26.43856,SY1000111.2026.43856,iPad1(1000111),111,13.06.26 12:30,Prod,A1000111.7282,Tisch 21,115,S1000111.43856,SALE,1,11.5,11.5,0.0,0.0,0.0,0.0,105,Garnelen-Kimchi-Bruger,Hauptgerichte,,MwSt. 7%,1.07,10.747664,0.752336,Normalverkauf
S1000111.43857,SP1000111.26.43857,SY1000111.2026.43857,iPad1(1000111),111,13.06.26 19:57,Prod,A1000111.7283,Tisch 24,117,S1000111.43857,SALE,2,10.9,21.8,0.0,0.0,0.0,0.0,107,Chicken Burger,Hauptgerichte,,MwSt. 7%,1.07,20.373832,1.426168,Normalverkauf
S1000111.43858,SP1000111.26.43858,SY1000111.2026.43858,iPad1(1000111),111,13.06.26 19:57,Prod,A1000111.7283,Tisch 24,117,S1000111.43858,SALE,1,3.9,3.9,0.0,0.0,0.0,0.0,126,Spezi,Getränke,,MwSt. 19%,1.19,3.277311,0.622689,Normalverkauf
S1000111.43859,SP1000111.26.43859,SY1000111.2026.43859,iPad1(1000111),111,13.06.26 19:57,Prod,A1000111.7283,Tisch 24,117,S1000111.43859,SALE,2,9.8,19.6,0.0,0.0,0.0,0.0,108,Seelachs-Ei-Baugette,Hauptgerichte,,MwSt. 7%,1.07,18.317757,1.282243,Normalverkauf
S1000111.43860,SP1000111.26.43860,SY1000111.2026.43860,iPad1(1000111),111,13.06.26 17:26,Prod,A1000111.7284,,118,S1000111.43860,SALE,2,3.2,6.4,0.0,0.0,0.0,0.0,120,Apfelschorle,Getränke,,MwSt. 19%,1.19,5.378151,1.021849,Normalverkauf
S1000111.43861,SP1000111.26.43861,SY1000111.2026.43861,iPad1(1000111),111,13.06.26 17:54,Prod,A1000111.7285,Tisch 14,119,S1000111.43861,SALE,1,2.8,2.8,0.0,0.0,0.0,0.0,121,Mineralwasser,Getränke,,MwSt. 19%,1.19,2.352941,0.447059,Normalverkauf
S1000111.43862,SP1000111.26.43862,SY1000111.2026.43862,iPad1(1000111),111,13.06.26 17:54,Prod,A1000111.7285,Tisch 14,119,S1000111.43862,SALE,1,10.9,10.9,0.0,0.0,0.0,0.0,104,Thunfisch Wrap,Hauptgerichte,,MwSt. 7%,1.07,10.186916,0.713084,Normalverkauf
S1000111.43863,SP1000111.26.43863,SY1000111.2026.43863,iPad1(1000111),111,13.06.26 11:50,Prod,A1000111.7286,Tisch 6,117,S1000111.43863,SALE,1,3.9,3.9,0.0,0.0,0.0,0.0,124,Cola Zero,Getränke,,MwSt. 19%,1.19,3.277311,0.622689,Normalverkauf
S1000111.43864,SP1000111.26.43864,SY1000111.2026.43864,iPad1(1000111),111,13.06.26 11:50,Prod,A1000111.7286,Tisch 6,117,S1000111.43864,SALE,1,3.9,3.9,0.0,0.0,0.0,0.0,126,Spezi,Getränke,,MwSt. 19%,1.19,3.277311,0.622689,Normalverkauf
S1000111.43865,SP1000111.26.43865,SY1000111.2026.43865,iPad1(1000111),111,13.06.26 11:50,Prod,A1000111.7286,Tisch 6,117,S1000111.43865,SALE,1,3.2,3.2,0.0,0.0,0.0,0.0,120,Apfelschorle,Getränke,,MwSt. 19%,1.19,2.689076,0.510924,Normalverkauf
S1000111.43866,SP1000111.26.43866,SY1000111.2026.43866,iPad1(1000111),111,13.06.26 16:03,Prod,A1000111.7287,Tisch 17,114,S1000111.43866,SALE,2,2.8,5.6,0.0,0.0,0.0,0.0,121,Mineralwasser,Getränke,,MwSt. 19%,1.19,4.705882,0.894118,Normalverkauf
S1000111.43867,SP1000111.26.43867,SY1000111.2026.43867,iPad1(1000111),111,13.06.26 16:03,Prod,A1000111.7287,Tisch 17,114,S1000111.43867,SALE,1,9.8,9.8,0.0,0.0,0.0,0.0,108,Seelachs-Ei-Baugette,Hauptgerichte,,MwSt. 7%,1.07,9.158879,0.641121,Normalverkauf
S1000111.43868,SP1000111.26.43868,SY1000111.2026.43868,iPad1(1000111),111,13.06.26 16:03,Prod,A1000111.7287,Tisch 17,114,S1000111.43868,SALE,2,10.9,21.8,0.0,0.0,0.0,0.0,107,Chicken Burger,Hauptgerichte,,MwSt. 7%,1.07,20.373832,1.426168,Normalverkauf
S1000111.43869,SP1000111.26.43869,SY1000111.2026.43869,iPad1(1000111),111,13.06.26 13:08,Prod,A1000111.7288,Tisch 1,107,S1000111.43869,SALE,1,4.2,4.2,0.0,0.0,0.0,0.0,122,Bier,Getränke,,MwSt. 19%,1.19,3.529412,0.670588,Normalverkauf
S1000111.43870,SP1000111.26.43870,SY1000111.2026.43870,iPad1(1000111),111,13.06.26 13:08,Prod,A1000111.7288,Tisch 1,107,S1000111.43870,SALE,1,11.9,11.9,0.0,0.0,0.0,0.0,110,Matjes-Baguette,Hauptgerichte,,MwSt. 7%,1.07,11.121495,0.778505,Normalverkauf
S1000111.43871,SP1000111.26.43871,SY1000111.2026.43871,iPad1(1000111),111,13.06.26 17:33,Prod,A1000111.7289,Tisch 13,101,S1000111.43871,VOID,2,14.5,29.0,0.0,0.0,0.0,0.0,101,Lachs,Hauptspeisen,,MwSt. 7%,1.07,27.102804,1.897196,Normalverkauf
S1000111.43872,SP1000111.26.43872,SY1000111.2026.43872,iPad1(1000111),111,13.06.26 17:33,Prod,A1000111.7289,Tisch 13,101,S1000111.43872,VOID,2,10.9,21.8,0.0,0.0,0.0,0.0,107,Chicken Burger,Hauptgerichte,,MwSt. 7%,1.07,20.373832,1.426168,Normalverkauf
S1000111.43873,SP1000111.26.43873,SY1000111.2026.43873,iPad1(1000111),111,13.06.26 11:35,Prod,A1000111.7290,Tisch 4,117,S1000111.43873,SALE,1,7.9,7.9,0.0,0.0,0.0,0.0,106,Neptun-Ringe,Beilagen,,MwSt. 7%,1.07,7.383178,0.516822,Normalverkauf
S1000111.43874,SP1000111.26.43874,SY1000111.2026.43874,iPad1(1000111),111,13.06.26 11:35,Prod,A1000111.7290,Tisch 4,117,S1000111.43874,SALE,1,5.5,5.5,0.0,0.0,0.0,0.0,111,Pommes Frites,Beilagen,,MwSt. 7%,1.07,5.140187,0.359813,Normalverkauf
S1000111.43875,SP1000111.26.43875,SY1000111.2026.43875,iPad1(1000111),111,13.06.26 11:35,Prod,A1000111.7290,Tisch 4,117,S1000111.43875,SALE,2,10.9,21.8,0.0,0.0,0.0,0.0,104,Thunfisch Wrap,Hauptgerichte,,MwSt. 7%,1.07,20.373832,1.426168,Normalverkauf
S1000111.43876,SP1000111.26.43876,SY1000111.2026.43876,iPad1(1000111),111,13.06.26 18:27,Prod,A1000111.7291,Tisch 5,114,S1000111.43876,SALE,1,5.5,5.5,0.0,0.0,0.0,0.0,111,Pommes Frites,Beilagen,,MwSt. 7%,1.07,5.140187,0.359813,Normalverkauf
S1000111.43877,SP1000111.26.43877,SY1000111.2026.43877,iPad1(1000111),111,13.06.26 18:27,Prod,A1000111.7291,Tisch 5,114,S1000111.43877,SALE,2,3.9,7.8,0.0,0.0,0.0,0.0,126,Spezi,Getränke,,MwSt. 19%,1.19,6.554622,1.245378,Normalverkauf
S1000111.43878,SP1000111.26.43878,SY1000111.2026.43878,iPad1(1000111),111,13.06.26 11:58,Prod,A1000111.7292,Tisch 3,117,S1000111.43878,SALE,2,3.2,6.4,0.0,0.0,0.0,0.0,120,Apfelschorle,Getränke,,MwSt. 19%,1.19,5.378151,1.021849,Normalverkauf
S1000111.43879,SP1000111.26.43879,SY1000111.2026.43879,iPad1(1000111),111,13.06.26 11:58,Prod,A1000111.7292,Tisch 3,117,S1000111.43879,SALE,1,5.5,5.5,0.0,0.0,0.0,0.0,111,Pommes Frites,Beilagen,,MwSt. 7%,1.07,5.140187,0.359813,Normalverkauf
S1000111.43880,SP1000111.26.43880,SY1000111.2026.43880,iPad1(1000111),111,13.06.26 16:51,Prod,A1000111.7293,Tisch 12,119,S1000111.43880,SALE,1,3.9,3.9,0.0,0.0,0.0,0.0,126,Spezi,Getränke,,MwSt. 19%,1.19,3.277311,0.622689,Normalverkauf
S1000111.43881,SP1000111.26.43881,SY1000111.2026.43881,iPad1(1000111),111,13.06.26 17:03,Prod,A1000111.7294,Tisch 6,117,S1000111.43881,SALE,1,5.9,5.9,0.0,0.0,0.0,0.0,123,Inger-Limonade,Getränke,,MwSt. 19%,1.19,4.957983,0.942017,Normalverkauf
S1000111.43882,SP1000111.26.43882,SY1000111.2026.43882,iPad1(1000111),111,13.06.26 17:03,Prod,A1000111.7294,Tisch 6,117,S1000111.43882,SALE,2,3.2,6.4,0.0,0.0,0.0,0.0,120,Apfelschorle,Getränke,,MwSt. 19%,1.19,5.378151,1.021849,Normalverkauf
S1000111.43883,SP1000111.26.43883,SY1000111.2026.43883,iPad1(1000111),111,13.06.26 11:35,Prod,A1000111.7295,Tisch 9,115,S1000111.43883,SALE,1,11.9,11.9,0.0,0.0,0.0,0.0,110,Matjes-Baguette,Hauptgerichte,,MwSt. 7%,1.07,11.121495,0.778505,Normalverkauf
S1000111.43884,SP1000111.26.43884,SY1000111.2026.43884,iPad1(1000111),111,13.06.26 12:54,Prod,A1000111.7296,Tisch 20,101,S1000111.43884,SALE,1,11.9,11.9,0.0,0.0,0.0,0.0,110,Matjes-Baguette,Hauptgerichte,,MwSt. 7%,1.07,11.121495,0.778505,Normalverkauf
S1000111.43885,SP1000111.26.43885,SY1000111.2026.43885,iPad1(1000111),111,13.06.26 12:54,Prod,A1000111.7296,Tisch 20,101,S1000111.43885,SALE,2,4.2,8.4,0.0,0.0,0.0,0.0,122,Bier,Getränke,,MwSt. 19%,1.19,7.058824,1.341176,Normalverkauf
S1000111.43886,SP1000111.26.43886,SY1000111.2026.43886,iPad1(1000111),111,13.06.26 12:54,Prod,A1000111.7296,Tisch 20,101,S1000111.43886,SALE,2,4.2,8.4,0.0,0.0,0.0,0.0,122,Bier,Getränke,,MwSt. 19%,1.19,7.058824,1.341176,Normalverkauf
S1000111.43887,SP1000111.26.43887,SY1000111.2026.43887,iPad1(1000111),111,13.06.26 11:42,Prod,A1000111.7297,Tisch 20,118,S1000111.43887,SALE,2,7.9,15.8,0.0,0.0,0.0,0.0,106,Neptun-Ringe,Beilagen,,MwSt. 7%,1.07,14.766355,1.033645,Normalverkauf
S1000111.43888,SP1000111.26.43888,SY1000111.2026.43888,iPad1(1000111),111,13.06.26 11:42,Prod,A1000111.7297,Tisch 20,118,S1000111.43888,SALE,2,5.5,11.0,0.0,0.0,0.0,0.0,111,Pommes Frites,Beilagen,,MwSt. 7%,1.07,10.280374,0.719626,Normalverkauf
S1000111.43889,SP1000111.26.43889,SY1000111.2026.43889,iPad1(1000111),111,13.06.26 16:17,Prod,A1000111.7298,Tisch 12,114,S1000111.43889,SALE,1,3.9,3.9,0.0,0.0,0.0,0.0,126,Spezi,Getränke,,MwSt. 19%,1.19,3.277311,0.622689,Normalverkauf
S1000111.43890,SP1000111.26.43890,SY1000111.2026.43890,iPad1(1000111),111,13.06.26 16:17,Prod,A1000111.7298,Tisch 12,114,S1000111.43890,SALE,2,3.9,7.8,0.0,0.0,0.0,0.0,124,Cola Zero,Getränke,,MwSt. 19%,1.19,6.554622,1.245378,Normalverkauf
S1000111.43891,SP1000111.26.43891,SY1000111.2026.43891,iPad1(1000111),111,13.06.26 20:39,Prod,A1000111.7299,Tisch 23,117,S1000111.43891,SALE,2,14.5,29.0,0.0,0.0,0.0,0.0,101,Lachs,Hauptspeisen,,MwSt. 7%,1.07,27.102804,1.897196,Normalverkauf
S1000111.43892,SP1000111.26.43892,SY1000111.2026.43892,iPad1(1000111),111,13.06.26 17:07,Prod,A1000111.7300,,118,S1000111.43892,SALE,2,13.5,27.0,0.0,0.0,0.0,0.0,102,Matjes,Hauptspeisen,,MwSt. 7%,1.07,25.233645,1.766355,Normalverkauf
S1000111.43893,SP1000111.26.43893,SY1000111.2026.43893,iPad1(1000111),111,13.06.26 17:07,Prod,A1000111.7300,,118,S1000111.43893,SALE,1,10.9,10.9,0.0,0.0,0.0,0.0,107,Chicken Burger,Hauptgerichte,,MwSt. 7%,1.07,10.186916,0.713084,Normalverkauf
S1000111.43894,SP1000111.26.43894,SY1000111.2026.43894,iPad1(1000111),111,13.06.26 16:40,Prod,A1000111.7301,Tisch 5,119,S1000111.43894,SALE,2,6.5,13.0,0.0,0.0,0.0,0.0,118,Schokokuchen,Desserts,,MwSt. 7%,1.07,12.149533,0.850467,Normalverkauf
S1000111.43895,SP1000111.26.43895,SY1000111.2026.43895,iPad1(1000111),111,13.06.26 20:56,Prod,A1000111.7302,Tisch 12,101,S1000111.43895,SALE,2,6.9,13.8,0.0,0.0,0.0,0.0,113,Garnelen Box,Beilagen,,MwSt. 7%,1.07,12.897196,0.902804,Normalverkauf
S1000111.43896,SP1000111.26.43896,SY1000111.2026.43896,iPad1(1000111),111,13.06.26 13:45,Prod,A1000111.7303,Tisch 5,115,S1000111.43896,SALE,1,5.9,5.9,0.0,0.0,0.0,0.0,117,Rote Grütze,Desserts,,MwSt. 7%,1.07,5.514019,0.385981,Normalverkauf
S1000111.43897,SP1000111.26.43897,SY1000111.2026.43897,iPad1(1000111),111,13.06.26 13:45,Prod,A1000111.7303,Tisch 5,115,S1000111.43897,SALE,2,3.9,7.8,0.0,0.0,0.0,0.0,119,Cola,Getränke,,MwSt. 19%,1.19,6.554622,1.245378,Normalverkauf
S1000111.43898,SP1000111.26.43898,SY1000111.2026.43898,iPad1(1000111),111,13.06.26 13:45,Prod,A1000111.7303,Tisch 5,115,S1000111.43898,SALE,2,5.9,11.8,0.0,0.0,0.0,0.0,117,Rote Grütze,Desserts,,MwSt. 7%,1.07,11.028037,0.771963,Normalverkauf
S1000111.43899,SP1000111.26.43899,SY1000111.2026.43899,iPad1(1000111),111,13.06.26 16:22,Prod,A1000111.7304,Tisch 5,118,S1000111.43899,SALE,2,13.5,27.0,0.0,0.0,0.0,0.0,102,Matjes,Hauptspeisen,,MwSt. 7%,1.07,25.233645,1.766355,Normalverkauf
S1000111.43900,SP1000111.26.43900,SY1000111.2026.43900,iPad1(1000111),111,13.06.26 20:32,Prod,A1000111.7305,Tisch 19,101,S1000111.43900,SALE,1,5.5,5.5,0.0,0.0,0.0,0.0,111,Pommes Frites,Beilagen,,MwSt. 7%,1.07,5.140187,0.359813,Normalverkauf
S1000111.43901,SP1000111.26.43901,SY1000111.2026.43901,iPad1(1000111),111,13.06.26 20:32,Prod,A1000111.7305,Tisch 19,101,S1000111.43901,SALE,2,5.5,11.0,0.0,0.0,0.0,0.0,111,Pommes Frites,Beilagen,,MwSt. 7%,1.07,10.280374,0.719626,Normalverkauf
S1000111.43902,SP1000111.26.43902,SY1000111.2026.43902,iPad1(1000111),111,13.06.26 20:32,Prod,A1000111.7305,Tisch 19,101,S1000111.43902,SALE,2,6.9,13.8,0.0,0.0,0.0,0.0,103,Fischbrötchen Räucherlachs,Hauptspeisen,,MwSt. 7%,1.07,12.897196,0.902804,Normalverkauf
S1000111.43903,SP1000111.26.43903,SY1000111.2026.43903,iPad1(1000111),111,13.06.26 18:20,Prod,A1000111.7306,Tisch 21,114,S1000111.43903,SALE,2,3.9,7.8,0.0,0.0,0.0,0.0,126,Spezi,Getränke,,MwSt. 19%,1.19,6.554622,1.245378,Normalverkauf
S1000111.43904,SP1000111.26.43904,SY1000111.2026.43904,iPad1(1000111),111,13.06.26 18:20,Prod,A1000111.7306,Tisch 21,114,S1000111.43904,SALE,2,5.9,11.8,0.0,0.0,0.0,0.0,116,Vanillequark,Desserts,,MwSt. 7%,1.07,11.028037,0.771963,Normalverkauf
S1000111.43905,SP1000111.26.43905,SY1000111.2026.43905,iPad1(1000111),111,13.06.26 18:20,Prod,A1000111.7306,Tisch 21,114,S1000111.43905,SALE,1,10.9,10.9,0.0,0.0,0.0,0.0,104,Thunfisch Wrap,Hauptgerichte,,MwSt. 7%,1.07,10.186916,0.713084,Normalverkauf
S1000111.43906,SP1000111.26.43906,SY1000111.2026.43906,iPad1(1000111),111,13.06.26 17:31,Prod,A1000111.7307,Tisch 3,101,S1000111.43906,SALE,1,10.9,10.9,0.0,0.0,0.0,0.0,104,Thunfisch Wrap,Hauptgerichte,,MwSt. 7%,1.07,10.186916,0.713084,Normalverkauf
S1000111.43907,SP1000111.26.43907,SY1000111.2026.43907,iPad1(1000111),111,13.06.26 17:31,Prod,A1000111.7307,Tisch 3,101,S1000111.43907,SALE,2,3.9,7.8,0.0,0.0,0.0,0.0,119,Cola,Getränke,,MwSt. 19%,1.19,6.554622,1.245378,Normalverkauf
S1000111.43908,SP1000111.26.43908,SY1000111.2026.43908,iPad1(1000111),111,13.06.26 16:34,Prod,A1000111.7308,Tisch 13,107,S1000111.43908,SALE,1,10.9,10.9,0.0,0.0,0.0,0.0,107,Chicken Burger,Hauptgerichte,,MwSt. 7%,1.07,10.186916,0.713084,Normalverkauf
S1000111.43909,SP1000111.26.43909,SY1000111.2026.43909,iPad1(1000111),111,13.06.26 16:34,Prod,A1000111.7308,Tisch 13,107,S1000111.43909,SALE,2,5.9,11.8,0.0,0.0,0.0,0.0,125,Zitronen-Limonade,Getränke,,MwSt. 19%,1.19,9.915966,1.884034,Normalverkauf
S1000111.43910,SP1000111.26.43910,SY1000111.2026.43910,iPad1(1000111),111,13.06.26 16:34,Prod,A1000111.7308,Tisch 13,107,S1000111.43910,SALE,2,10.9,21.8,0.0,0.0,0.0,0.0,104,Thunfisch Wrap,Hauptgerichte,,MwSt. 7%,1.07,20.373832,1.426168,Normalverkauf
S1000111.43911,SP1000111.26.43911,SY1000111.2026.43911,iPad1(1000111),111,13.06.26 09:40,Prod,A1000111.7309,Tisch 4,101,S1000111.43911,SALE,2,5.5,11.0,0.0,0.0,0.0,0.0,111,Pommes Frites,Beilagen,,MwSt. 7%,1.07,10.280374,0.719626,Normalverkauf
S1000111.43912,SP1000111.26.43912,SY1000111.2026.43912,iPad1(1000111),111,13.06.26 09:40,Prod,A1000111.7309,Tisch 4,101,S1000111.43912,SALE,2,4.2,8.4,0.0,0.0,0.0,0.0,122,Bier,Getränke,,MwSt. 19%,1.19,7.058824,1.341176,Normalverkauf
S1000111.43913,SP1000111.26.43913,SY1000111.2026.43913,iPad1(1000111),111,13.06.26 09:40,Prod,A1000111.7309,Tisch 4,101,S1000111.43913,SALE,2,3.2,6.4,0.0,0.0,0.0,0.0,120,Apfelschorle,Getränke,,MwSt. 19%,1.19,5.378151,1.021849,Normalverkauf
S1000111.43914,SP1000111.26.43914,SY1000111.2026.43914,iPad1(1000111),111,13.06.26 17:50,Prod,A1000111.7310,Tisch 1,117,S1000111.43914,SALE,1,11.5,11.5,0.0,0.0,0.0,0.0,105,Garnelen-Kimchi-Bruger,Hauptgerichte,,MwSt. 7%,1.07,10.747664,0.752336,Normalverkauf
S1000111.43915,SP1000111.26.43915,SY1000111.2026.43915,iPad1(1000111),111,13.06.26 12:16,Prod,A1000111.7311,Tisch 16,114,S1000111.43915,SALE,2,3.9,7.8,0.0,0.0,0.0,0.0,127,Alkoholfreies Bier,Getränke,,MwSt. 19%,1.19,6.554622,1.245378,Normalverkauf
S1000111.43916,SP1000111.26.43916,SY1000111.2026.43916,iPad1(1000111),111,13.06.26 12:16,Prod,A1000111.7311,Tisch 16,114,S1000111.43916,SALE,1,5.5,5.5,0.0,0.0,0.0,0.0,111,Pommes Frites,Beilagen,,MwSt. 7%,1.07,5.140187,0.359813,Normalverkauf
S1000111.43917,SP1000111.26.43917,SY1000111.2026.43917,iPad1(1000111),111,13.06.26 12:16,Prod,A1000111.7311,Tisch 16,114,S1000111.43917,SALE,2,10.9,21.8,0.0,0.0,0.0,0.0,104,Thunfisch Wrap,Hauptgerichte,,MwSt. 7%,1.07,20.373832,1.426168,Normalverkauf
S1000111.43918,SP1000111.26.43918,SY1000111.2026.43918,iPad1(1000111),111,13.06.26 09:41,Prod,A1000111.7312,Tisch 5,119,S1000111.43918,SALE,1,3.9,3.9,0.0,0.0,0.0,0.0,124,Cola Zero,Getränke,,MwSt. 19%,1.19,3.277311,0.622689,Normalverkauf
S1000111.43919,SP1000111.26.43919,SY1000111.2026.43919,iPad1(1000111),111,13.06.26 09:41,Prod,A1000111.7312,Tisch 5,119,S1000111.43919,SALE,1,3.2,3.2,0.0,0.0,0.0,0.0,120,Apfelschorle,Getränke,,MwSt. 19%,1.19,2.689076,0.510924,Normalverkauf
S1000111.43920,SP1000111.26.43920,SY1000111.2026.43920,iPad1(1000111),111,13.06.26 09:41,Prod,A1000111.7312,Tisch 5,119,S1000111.43920,SALE,2,3.9,7.8,0.0,0.0,0.0,0.0,124,Cola Zero,Getränke,,MwSt. 19%,1.19,6.554622,1.245378,Normalverkauf
S1000111.43921,SP1000111.26.43921,SY1000111.2026.43921,iPad1(1000111),111,13.06.26 19:44,Prod,A1000111.7313,Tisch 4,118,S1000111.43921,SALE,2,10.9,21.8,0.0,0.0,0.0,0.0,104,Thunfisch Wrap,Hauptgerichte,,MwSt. 7%,1.07,20.373832,1.426168,Normalverkauf
S1000111.43922,SP1000111.26.43922,SY1000111.2026.43922,iPad1(1000111),111,13.06.26 19:44,Prod,A1000111.7313,Tisch 4,118,S1000111.43922,SALE,1,2.8,2.8,0.0,0.0,0.0,0.0,121,Mineralwasser,Getränke,,MwSt. 19%,1.19,2.352941,0.447059,Normalverkauf
S1000111.43923,SP1000111.26.43923,SY1000111.2026.43923,iPad1(1000111),111,13.06.26 19:44,Prod,A1000111.7313,Tisch 4,118,S1000111.43923,SALE,2,9.8,19.6,0.0,0.0,0.0,0.0,108,Seelachs-Ei-Baugette,Hauptgerichte,,MwSt. 7%,1.07,18.317757,1.282243,Normalverkauf
S1000111.43924,SP1000111.26.43924,SY1000111.2026.43924,iPad1(1000111),111,13.06.26 12:17,Prod,A1000111.7314,Tisch 1,114,S1000111.43924,SALE,2,5.5,11.0,0.0,0.0,0.0,0.0,114,Fisch Nuggets Box,Beilagen,,MwSt. 7%,1.07,10.280374,0.719626,Normalverkauf
S1000111.43925,SP1000111.26.43925,SY1000111.2026.43925,iPad1(1000111),111,13.06.26 12:17,Prod,A1000111.7314,Tisch 1,114,S1000111.43925,SALE,2,5.5,11.0,0.0,0.0,0.0,0.0,111,Pommes Frites,Beilagen,,MwSt. 7%,1.07,10.280374,0.719626,Normalverkauf
S1000111.43926,SP1000111.26.43926,SY1000111.2026.43926,iPad1(1000111),111,13.06.26 12:17,Prod,A1000111.7314,Tisch 1,114,S1000111.43926,SALE,2,3.9,7.8,0.0,0.0,0.0,0.0,126,Spezi,Getränke,,MwSt. 19%,1.19,6.554622,1.245378,Normalverkauf
S1000111.43927,SP1000111.26.43927,SY1000111.2026.43927,iPad1(1000111),111,13.06.26 11:31,Prod,A1000111.7315,Tisch 4,107,S1000111.43927,SALE,2,6.5,13.0,0.0,0.0,0.0,0.0,118,Schokokuchen,Desserts,,MwSt. 7%,1.07,12.149533,0.850467,Normalverkauf
S1000111.43928,SP1000111.26.43928,SY1000111.2026.43928,iPad1(1000111),111,13.06.26 20:45,Prod,A1000111.7316,Tisch 8,101,S1000111.43928,SALE,1,5.5,5.5,0.0,0.0,0.0,0.0,114,Fisch Nuggets Box,Beilagen,,MwSt. 7%,1.07,5.140187,0.359813,Normalverkauf
S1000111.43929,SP1000111.26.43929,SY1000111.2026.43929,iPad1(1000111),111,13.06.26 20:45,Prod,A1000111.7316,Tisch 8,101,S1000111.43929,SALE,1,5.5,5.5,0.0,0.0,0.0,0.0,114,Fisch Nuggets Box,Beilagen,,MwSt. 7%,1.07,5.140187,0.359813,Normalverkauf
S1000111.43930,SP1000111.26.43930,SY1000111.2026.43930,iPad1(1000111),111,13.06.26 20:45,Prod,A1000111.7316,Tisch 8,101,S1000111.43930,SALE,1,6.5,6.5,0.0,0.0,0.0,0.0,118,Schokokuchen,Desserts,,MwSt. 7%,1.07,6.074766,0.425234,Normalverkauf
S1000111.43931,SP1000111.26.43931,SY1000111.2026.43931,iPad1(1000111),111,13.06.26 19:40,Prod,A1000111.7317,Tisch 18,118,S1000111.43931,SALE,1,14.5,14.5,0.0,0.0,0.0,0.0,101,Lachs,Hauptspeisen,,MwSt. 7%,1.07,13.551402,0.948598,Normalverkauf
S1000111.43932,SP1000111.26.43932,SY1000111.2026.43932,iPad1(1000111),111,13.06.26 19:40,Prod,A1000111.7317,Tisch 18,118,S1000111.43932,SALE,1,6.9,6.9,0.0,0.0,0.0,0.0,103,Fischbrötchen Räucherlachs,Hauptspeisen,,MwSt. 7%,1.07,6.448598,0.451402,Normalverkauf
S1000111.43933,SP1000111.26.43933,SY1000111.2026.43933,iPad1(1000111),111,13.06.26 15:46,Prod,A1000111.7318,Tisch 13,115,S1000111.43933,SALE,2,6.5,13.0,0.0,0.0,0.0,0.0,100,Fischbrötchen Backfisch,Hauptspeisen,,MwSt. 7%,1.07,12.149533,0.850467,Normalverkauf
S1000111.43934,SP1000111.26.43934,SY1000111.2026.43934,iPad1(1000111),111,13.06.26 18:47,Prod,A1000111.7319,Tisch 7,119,S1000111.43934,SALE,2,7.9,15.8,0.0,0.0,0.0,0.0,115,Tiramisu,Desserts,,MwSt. 7%,1.07,14.766355,1.033645,Normalverkauf
S1000111.43935,SP1000111.26.43935,SY1000111.2026.43935,iPad1(1000111),111,13.06.26 18:47,Prod,A1000111.7319,Tisch 7,119,S1000111.43935,SALE,1,5.5,5.5,0.0,0.0,0.0,0.0,111,Pommes Frites,Beilagen,,MwSt. 7%,1.07,5.140187,0.359813,Normalverkauf
S1000111.43936,SP1000111.26.43936,SY1000111.2026.43936,iPad1(1000111),111,13.06.26 18:54,Prod,A1000111.7320,Tisch 21,115,S1000111.43936,SALE,1,9.8,9.8,0.0,0.0,0.0,0.0,108,Seelachs-Ei-Baugette,Hauptgerichte,,MwSt. 7%,1.07,9.158879,0.641121,Normalverkauf
S1000111.43937,SP1000111.26.43937,SY1000111.2026.43937,iPad1(1000111),111,13.06.26 18:54,Prod,A1000111.7320,Tisch 21,115,S1000111.43937,SALE,2,7.9,15.8,0.0,0.0,0.0,0.0,106,Neptun-Ringe,Beilagen,,MwSt. 7%,1.07,14.766355,1.033645,Normalverkauf
S1000111.43938,SP1000111.26.43938,SY1000111.2026.43938,iPad1(1000111),111,13.06.26 20:21,Prod,A1000111.7321,,119,S1000111.43938,SALE,2,6.9,13.8,0.0,0.0,0.0,0.0,113,Garnelen Box,Beilagen,,MwSt. 7%,1.07,12.897196,0.902804,Normalverkauf
S1000111.43939,SP1000111.26.43939,SY1000111.2026.43939,iPad1(1000111),111,13.06.26 10:32,Prod,A1000111.7322,Tisch 14,119,S1000111.43939,SALE,1,6.5,6.5,0.0,0.0,0.0,0.0,100,Fischbrötchen Backfisch,Hauptspeisen,,MwSt. 7%,1.07,6.074766,0.425234,Normalverkauf
S1000111.43940,SP1000111.26.43940,SY1000111.2026.43940,iPad1(1000111),111,13.06.26 10:46,Prod,A1000111.7323,Tisch 2,118,S1000111.43940,SALE,2,10.9,21.8,0.0,0.0,0.0,0.0,104,Thunfisch Wrap,Hauptgerichte,,MwSt. 7%,1.07,20.373832,1.426168,Normalverkauf
S1000111.43941,SP1000111.26.43941,SY1000111.2026.43941,iPad1(1000111),111,13.06.26 19:58,Prod,A1000111.7324,Tisch 17,117,S1000111.43941,SALE,2,10.9,21.8,0.0,0.0,0.0,0.0,104,Thunfisch Wrap,Hauptgerichte,,MwSt. 7%,1.07,20.373832,1.426168,Normalverkauf
S1000111.43942,SP1000111.26.43942,SY1000111.2026.43942,iPad1(1000111),111,13.06.26 19:58,Prod,A1000111.7324,Tisch 17,117,S1000111.43942,SALE,2,6.9,13.8,0.0,0.0,0.0,0.0,103,Fischbrötchen Räucherlachs,Hauptspeisen,,MwSt. 7%,1.07,12.897196,0.902804,Normalverkauf
S1000111.43943,SP1000111.26.43943,SY1000111.2026.43943,iPad1(1000111),111,13.06.26 17:53,Prod,A1000111.7325,Tisch 22,117,S1000111.43943,SALE,1,6.9,6.9,0.0,0.0,0.0,0.0,103,Fischbrötchen Räucherlachs,Hauptspeisen,,MwSt. 7%,1.07,6.448598,0.451402,Normalverkauf
S1000111.43944,SP1000111.26.43944,SY1000111.2026.43944,iPad1(1000111),111,13.06.26 17:53,Prod,A1000111.7325,Tisch 22,117,S1000111.43944,SALE,2,6.9,13.8,0.0,0.0,0.0,0.0,103,Fischbrötchen Räucherlachs,Hauptspeisen,,MwSt. 7%,1.07,12.897196,0.902804,Normalverkauf
S1000111.43945,SP1000111.26.43945,SY1000111.2026.43945,iPad1(1000111),111,13.06.26 17:53,Prod,A1000111.7325,Tisch 22,117,S1000111.43945,SALE,1,5.5,5.5,0.0,0.0,0.0,0.0,111,Pommes Frites,Beilagen,,MwSt. 7%,1.07,5.140187,0.359813,Normalverkauf
S1000111.43946,SP1000111.26.43946,SY1000111.2026.43946,iPad1(1000111),111,13.06.26 13:27,Prod,A1000111.7326,Tisch 4,101,S1000111.43946,SALE,2,5.9,11.8,0.0,0.0,0.0,0.0,125,Zitronen-Limonade,Getränke,,MwSt. 19%,1.19,9.915966,1.884034,Normalverkauf
S1000111.43947,SP1000111.26.43947,SY1000111.2026.43947,iPad1(1000111),111,13.06.26 13:27,Prod,A1000111.7326,Tisch 4,101,S1000111.43947,SALE,2,9.8,19.6,0.0,0.0,0.0,0.0,108,Seelachs-Ei-Baugette,Hauptgerichte,,MwSt. 7%,1.07,18.317757,1.282243,Normalverkauf
S1000111.43948,SP1000111.26.43948,SY1000111.2026.43948,iPad1(1000111),111,13.06.26 13:27,Prod,A1000111.7326,Tisch 4,101,S1000111.43948,SALE,2,10.9,21.8,0.0,0.0,0.0,0.0,107,Chicken Burger,Hauptgerichte,,MwSt. 7%,1.07,20.373832,1.426168,Normalverkauf
S1000111.43949,SP1000111.26.43949,SY1000111.2026.43949,iPad1(1000111),111,13.06.26 19:41,Prod,A1000111.7327,Tisch 18,114,S1000111.43949,SALE,2,4.9,9.8,0.0,0.0,0.0,0.0,112,Kartoffelwedges,Beilagen,,MwSt. 7%,1.07,9.158879,0.641121,Normalverkauf
S1000111.43950,SP1000111.26.43950,SY1000111.2026.43950,iPad1(1000111),111,13.06.26 16:18,Prod,A1000111.7328,Tisch 11,119,S1000111.43950,SALE,2,2.8,5.6,0.0,0.0,0.0,0.0,121,Mineralwasser,Getränke,,MwSt. 19%,1.19,4.705882,0.894118,Normalverkauf
S1000111.43951,SP1000111.26.43951,SY1000111.2026.43951,iPad1(1000111),111,13.06.26 16:18,Prod,A1000111.7328,Tisch 11,119,S1000111.43951,SALE,2,2.8,5.6,0.0,0.0,0.0,0.0,121,Mineralwasser,Getränke,,MwSt. 19%,1.19,4.705882,0.894118,Normalverkauf
S1000111.43952,SP1000111.26.43952,SY1000111.2026.43952,iPad1(1000111),111,13.06.26 16:18,Prod,A1000111.7328,Tisch 11,119,S1000111.43952,SALE,2,6.9,13.8,0.0,0.0,0.0,0.0,113,Garnelen Box,Beilagen,,MwSt. 7%,1.07,12.897196,0.902804,Normalverkauf
S1000111.43953,SP1000111.26.43953,SY1000111.2026.43953,iPad1(1000111),111,13.06.26 18:23,Prod,A1000111.7329,Tisch 23,117,S1000111.43953,SALE,1,10.9,10.9,0.0,0.0,0.0,0.0,109,Bismarck-Baguette,Hauptgerichte,,MwSt. 7%,1.07,10.186916,0.713084,Normalverkauf
S1000111.43954,SP1000111.26.43954,SY1000111.2026.43954,iPad1(1000111),111,13.06.26 15:11,Prod,A1000111.7330,Tisch 18,115,S1000111.43954,SALE,1,3.9,3.9,0.0,0.0,0.0,0.0,119,Cola,Getränke,,MwSt. 19%,1.19,3.277311,0.622689,Normalverkauf
S1000111.43955,SP1000111.26.43955,SY1000111.2026.43955,iPad1(1000111),111,13.06.26 15:11,Prod,A1000111.7330,Tisch 18,115,S1000111.43955,SALE,1,6.9,6.9,0.0,0.0,0.0,0.0,103,Fischbrötchen Räucherlachs,Hauptspeisen,,MwSt. 7%,1.07,6.448598,0.451402,Normalverkauf
S1000111.43956,SP1000111.26.43956,SY1000111.2026.43956,iPad1(1000111),111,13.06.26 15:11,Prod,A1000111.7330,Tisch 18,115,S1000111.43956,SALE,2,13.5,27.0,0.0,0.0,0.0,0.0,102,Matjes,Hauptspeisen,,MwSt. 7%,1.07,25.233645,1.766355,Normalverkauf
S1000111.43957,SP1000111.26.43957,SY1000111.2026.43957,iPad1(1000111),111,13.06.26 10:35,Prod,A1000111.7331,Tisch 8,101,S1000111.43957,SALE,1,4.9,4.9,0.0,0.0,0.0,0.0,112,Kartoffelwedges,Beilagen,,MwSt. 7%,1.07,4.579439,0.320561,Normalverkauf
S1000111.43958,SP1000111.26.43958,SY1000111.2026.43958,iPad1(1000111),111,13.06.26 12:16,Prod,A1000111.7332,Tisch 11,101,S1000111.43958,SALE,2,5.9,11.8,0.0,0.0,0.0,0.0,117,Rote Grütze,Desserts,,MwSt. 7%,1.07,11.028037,0.771963,Normalverkauf
S1000111.43959,SP1000111.26.43959,SY1000111.2026.43959,iPad1(1000111),111,13.06.26 12:33,Prod,A1000111.7333,Tisch 3,114,S1000111.43959,SALE,1,2.8,2.8,0.0,0.0,0.0,0.0,121,Mineralwasser,Getränke,,MwSt. 19%,1.19,2.352941,0.447059,Normalverkauf
S1000111.43960,SP1000111.26.43960,SY1000111.2026.43960,iPad1(1000111),111,13.06.26 12:24,Prod,A1000111.7334,Tisch 12,107,S1000111.43960,SALE,1,4.9,4.9,0.0,0.0,0.0,0.0,112,Kartoffelwedges,Beilagen,,MwSt. 7%,1.07,4.579439,0.320561,Normalverkauf
S1000111.43961,SP1000111.26.43961,SY1000111.2026.43961,iPad1(1000111),111,13.06.26 09:50,Prod,A1000111.7335,Tisch 9,114,S1000111.43961,SALE,1,11.9,11.9,0.0,0.0,0.0,0.0,110,Matjes-Baguette,Hauptgerichte,,MwSt. 7%,1.07,11.121495,0.778505,Normalverkauf
S1000111.43962,SP1000111.26.43962,SY1000111.2026.43962,iPad1(1000111),111,13.06.26 09:50,Prod,A1000111.7335,Tisch 9,114,S1000111.43962,SALE,1,5.9,5.9,0.0,0.0,0.0,0.0,123,Inger-Limonade,Getränke,,MwSt. 19%,1.19,4.957983,0.942017,Normalverkauf
S1000111.43963,SP1000111.26.43963,SY1000111.2026.43963,iPad1(1000111),111,13.06.26 09:50,Prod,A1000111.7335,Tisch 9,114,S1000111.43963,SALE,1,14.5,14.5,0.0,0.0,0.0,0.0,101,Lachs,Hauptspeisen,,MwSt. 7%,1.07,13.551402,0.948598,Normalverkauf
S1000111.43964,SP1000111.26.43964,SY1000111.2026.43964,iPad1(1000111),111,13.06.26 18:48,Prod,A1000111.7336,Tisch 19,117,S1000111.43964,VOID,1,3.2,3.2,0.0,0.0,0.0,0.0,120,Apfelschorle,Getränke,,MwSt. 19%,1.19,2.689076,0.510924,Normalverkauf
S1000111.43965,SP1000111.26.43965,SY1000111.2026.43965,iPad1(1000111),111,13.06.26 18:48,Prod,A1000111.7336,Tisch 19,117,S1000111.43965,VOID,1,10.9,10.9,0.0,0.0,0.0,0.0,104,Thunfisch Wrap,Hauptgerichte,,MwSt. 7%,1.07,10.186916,0.713084,Normalverkauf
S1000111.43966,SP1000111.26.43966,SY1000111.2026.43966,iPad1(1000111),111,13.06.26 17:11,Prod,A1000111.7337,,101,S1000111.43966,SALE,1,10.9,10.9,0.0,0.0,0.0,0.0,107,Chicken Burger,Hauptgerichte,,MwSt. 7%,1.07,10.186916,0.713084,Normalverkauf
S1000111.43967,SP1000111.26.43967,SY1000111.2026.43967,iPad1(1000111),111,13.06.26 17:11,Prod,A1000111.7337,,101,S1000111.43967,SALE,2,7.9,15.8,0.0,0.0,0.0,0.0,106,Neptun-Ringe,Beilagen,,MwSt. 7%,1.07,14.766355,1.033645,Normalverkauf
S1000111.43968,SP1000111.26.43968,SY1000111.2026.43968,iPad1(1000111),111,13.06.26 11:27,Prod,A1000111.7338,Tisch 24,101,S1000111.43968,SALE,2,7.9,15.8,0.0,0.0,0.0,0.0,106,Neptun-Ringe,Beilagen,,MwSt. 7%,1.07,14.766355,1.033645,Normalverkauf
S1000111.43969,SP1000111.26.43969,SY1000111.2026.43969,iPad1(1000111),111,13.06.26 11:27,Prod,A1000111.7338,Tisch 24,101,S1000111.43969,SALE,2,14.5,29.0,0.0,0.0,0.0,0.0,101,Lachs,Hauptspeisen,,MwSt. 7%,1.07,27.102804,1.897196,Normalverkauf
S1000111.43970,SP1000111.26.43970,SY1000111.2026.43970,iPad1(1000111),111,13.06.26 11:27,Prod,A1000111.7338,Tisch 24,101,S1000111.43970,SALE,1,3.2,3.2,0.0,0.0,0.0,0.0,120,Apfelschorle,Getränke,,MwSt. 19%,1.19,2.689076,0.510924,Normalverkauf
S1000111.43971,SP1000111.26.43971,SY1000111.2026.43971,iPad1(1000111),111,13.06.26 11:48,Prod,A1000111.7339,Tisch 8,117,S1000111.43971,SALE,1,4.2,4.2,0.0,0.0,0.0,0.0,122,Bier,Getränke,,MwSt. 19%,1.19,3.529412,0.670588,Normalverkauf
S1000111.43972,SP1000111.26.43972,SY1000111.2026.43972,iPad1(1000111),111,14.06.26 09:25,Prod,A1000111.7340,Tisch 17,118,S1000111.43972,SALE,2,5.5,11.0,0.0,0.0,0.0,0.0,114,Fisch Nuggets Box,Beilagen,,MwSt. 7%,1.07,10.280374,0.719626,Normalverkauf
S1000111.43973,SP1000111.26.43973,SY1000111.2026.43973,iPad1(1000111),111,14.06.26 09:25,Prod,A1000111.7340,Tisch 17,118,S1000111.43973,SALE,2,3.9,7.8,0.0,0.0,0.0,0.0,119,Cola,Getränke,,MwSt. 19%,1.19,6.554622,1.245378,Normalverkauf
S1000111.43974,SP1000111.26.43974,SY1000111.2026.43974,iPad1(1000111),111,14.06.26 11:23,Prod,A1000111.7341,Tisch 4,115,S1000111.43974,SALE,2,11.9,23.8,0.0,0.0,0.0,0.0,110,Matjes-Baguette,Hauptgerichte,,MwSt. 7%,1.07,22.242991,1.557009,Normalverkauf
S1000111.43975,SP1000111.26.43975,SY1000111.2026.43975,iPad1(1000111),111,14.06.26 11:23,Prod,A1000111.7341,Tisch 4,115,S1000111.43975,SALE,1,6.9,6.9,0.0,0.0,0.0,0.0,103,Fischbrötchen Räucherlachs,Hauptspeisen,,MwSt. 7%,1.07,6.448598,0.451402,Normalverkauf
S1000111.43976,SP1000111.26.43976,SY1000111.2026.43976,iPad1(1000111),111,14.06.26 17:37,Prod,A1000111.7342,,101,S1000111.43976,SALE,1,6.5,6.5,0.0,0.0,0.0,0.0,118,Schokokuchen,Desserts,,MwSt. 7%,1.07,6.074766,0.425234,Normalverkauf
S1000111.43977,SP1000111.26.43977,SY1000111.2026.43977,iPad1(1000111),111,14.06.26 17:37,Prod,A1000111.7342,,101,S1000111.43977,SALE,1,3.9,3.9,0.0,0.0,0.0,0.0,124,Cola Zero,Getränke,,MwSt. 19%,1.19,3.277311,0.622689,Normalverkauf
S1000111.43978,SP1000111.26.43978,SY1000111.2026.43978,iPad1(1000111),111,14.06.26 15:44,Prod,A1000111.7343,Tisch 16,117,S1000111.43978,SALE,2,4.2,8.4,0.0,0.0,0.0,0.0,122,Bier,Getränke,,MwSt. 19%,1.19,7.058824,1.341176,Normalverkauf
S1000111.43979,SP1000111.26.43979,SY1000111.2026.43979,iPad1(1000111),111,14.06.26 18:05,Prod,A1000111.7344,Tisch 13,119,S1000111.43979,SALE,2,3.9,7.8,0.0,0.0,0.0,0.0,119,Cola,Getränke,,MwSt. 19%,1.19,6.554622,1.245378,Normalverkauf
S1000111.43980,SP1000111.26.43980,SY1000111.2026.43980,iPad1(1000111),111,14.06.26 19:50,Prod,A1000111.7345,Tisch 3,101,S1000111.43980,SALE,1,5.5,5.5,0.0,0.0,0.0,0.0,111,Pommes Frites,Beilagen,,MwSt. 7%,1.07,5.140187,0.359813,Normalverkauf
S1000111.43981,SP1000111.26.43981,SY1000111.2026.43981,iPad1(1000111),111,14.06.26 19:50,Prod,A1000111.7345,Tisch 3,101,S1000111.43981,SALE,1,11.9,11.9,0.0,0.0,0.0,0.0,110,Matjes-Baguette,Hauptgerichte,,MwSt. 7%,1.07,11.121495,0.778505,Normalverkauf
S1000111.43982,SP1000111.26.43982,SY1000111.2026.43982,iPad1(1000111),111,14.06.26 17:51,Prod,A1000111.7346,Tisch 20,101,S1000111.43982,SALE,1,3.9,3.9,0.0,0.0,0.0,0.0,119,Cola,Getränke,,MwSt. 19%,1.19,3.277311,0.622689,Normalverkauf
S1000111.43983,SP1000111.26.43983,SY1000111.2026.43983,iPad1(1000111),111,14.06.26 17:51,Prod,A1000111.7346,Tisch 20,101,S1000111.43983,SALE,1,3.9,3.9,0.0,0.0,0.0,0.0,126,Spezi,Getränke,,MwSt. 19%,1.19,3.277311,0.622689,Normalverkauf
S1000111.43984,SP1000111.26.43984,SY1000111.2026.43984,iPad1(1000111),111,14.06.26 15:43,Prod,A1000111.7347,Tisch 19,119,S1000111.43984,SALE,1,5.9,5.9,0.0,0.0,0.0,0.0,125,Zitronen-Limonade,Getränke,,MwSt. 19%,1.19,4.957983,0.942017,Normalverkauf
S1000111.43985,SP1000111.26.43985,SY1000111.2026.43985,iPad1(1000111),111,14.06.26 15:43,Prod,A1000111.7347,Tisch 19,119,S1000111.43985,SALE,1,4.2,4.2,0.0,0.0,0.0,0.0,122,Bier,Getränke,,MwSt. 19%,1.19,3.529412,0.670588,Normalverkauf
S1000111.43986,SP1000111.26.43986,SY1000111.2026.43986,iPad1(1000111),111,14.06.26 15:43,Prod,A1000111.7347,Tisch 19,119,S1000111.43986,SALE,1,5.5,5.5,0.0,0.0,0.0,0.0,111,Pommes Frites,Beilagen,,MwSt. 7%,1.07,5.140187,0.359813,Normalverkauf
S1000111.43987,SP1000111.26.43987,SY1000111.2026.43987,iPad1(1000111),111,14.06.26 11:25,Prod,A1000111.7348,Tisch 4,119,S1000111.43987,SALE,1,4.2,4.2,0.0,0.0,0.0,0.0,122,Bier,Getränke,,MwSt. 19%,1.19,3.529412,0.670588,Normalverkauf
S1000111.43988,SP1000111.26.43988,SY1000111.2026.43988,iPad1(1000111),111,14.06.26 15:46,Prod,A1000111.7349,Tisch 13,115,S1000111.43988,SALE,1,13.5,13.5,0.0,0.0,0.0,0.0,102,Matjes,Hauptspeisen,,MwSt. 7%,1.07,12.616822,0.883178,Normalverkauf
S1000111.43989,SP1000111.26.43989,SY1000111.2026.43989,iPad1(1000111),111,14.06.26 19:02,Prod,A1000111.7350,Tisch 7,107,S1000111.43989,SALE,2,11.5,23.0,0.0,0.0,0.0,0.0,105,Garnelen-Kimchi-Bruger,Hauptgerichte,,MwSt. 7%,1.07,21.495327,1.504673,Normalverkauf
S1000111.43990,SP1000111.26.43990,SY1000111.2026.43990,iPad1(1000111),111,14.06.26 19:02,Prod,A1000111.7350,Tisch 7,107,S1000111.43990,SALE,2,11.5,23.0,0.0,0.0,0.0,0.0,105,Garnelen-Kimchi-Bruger,Hauptgerichte,,MwSt. 7%,1.07,21.495327,1.504673,Normalverkauf
S1000111.43991,SP1000111.26.43991,SY1000111.2026.43991,iPad1(1000111),111,14.06.26 11:31,Prod,A1000111.7351,Tisch 24,117,S1000111.43991,SALE,1,3.9,3.9,0.0,0.0,0.0,0.0,126,Spezi,Getränke,,MwSt. 19%,1.19,3.277311,0.622689,Normalverkauf
S1000111.43992,SP1000111.26.43992,SY1000111.2026.43992,iPad1(1000111),111,14.06.26 11:31,Prod,A1000111.7351,Tisch 24,117,S1000111.43992,SALE,2,5.5,11.0,0.0,0.0,0.0,0.0,114,Fisch Nuggets Box,Beilagen,,MwSt. 7%,1.07,10.280374,0.719626,Normalverkauf
S1000111.43993,SP1000111.26.43993,SY1000111.2026.43993,iPad1(1000111),111,14.06.26 11:31,Prod,A1000111.7351,Tisch 24,117,S1000111.43993,SALE,2,9.8,19.6,0.0,0.0,0.0,0.0,108,Seelachs-Ei-Baugette,Hauptgerichte,,MwSt. 7%,1.07,18.317757,1.282243,Normalverkauf
S1000111.43994,SP1000111.26.43994,SY1000111.2026.43994,iPad1(1000111),111,14.06.26 13:01,Prod,A1000111.7352,Tisch 8,115,S1000111.43994,SALE,2,10.9,21.8,0.0,0.0,0.0,0.0,107,Chicken Burger,Hauptgerichte,,MwSt. 7%,1.07,20.373832,1.426168,Normalverkauf
S1000111.43995,SP1000111.26.43995,SY1000111.2026.43995,iPad1(1000111),111,14.06.26 18:28,Prod,A1000111.7353,Tisch 17,117,S1000111.43995,VOID,1,3.9,3.9,0.0,0.0,0.0,0.0,126,Spezi,Getränke,,MwSt. 19%,1.19,3.277311,0.622689,Normalverkauf
S1000111.43996,SP1000111.26.43996,SY1000111.2026.43996,iPad1(1000111),111,14.06.26 18:28,Prod,A1000111.7353,Tisch 17,117,S1000111.43996,VOID,2,5.5,11.0,0.0,0.0,0.0,0.0,111,Pommes Frites,Beilagen,,MwSt. 7%,1.07,10.280374,0.719626,Normalverkauf
S1000111.43997,SP1000111.26.43997,SY1000111.2026.43997,iPad1(1000111),111,14.06.26 18:28,Prod,A1000111.7353,Tisch 17,117,S1000111.43997,VOID,1,10.9,10.9,0.0,0.0,0.0,0.0,109,Bismarck-Baguette,Hauptgerichte,,MwSt. 7%,1.07,10.186916,0.713084,Normalverkauf
S1000111.43998,SP1000111.26.43998,SY1000111.2026.43998,iPad1(1000111),111,14.06.26 18:50,Prod,A1000111.7354,,118,S1000111.43998,VOID,2,5.5,11.0,0.0,0.0,0.0,0.0,111,Pommes Frites,Beilagen,,MwSt. 7%,1.07,10.280374,0.719626,Normalverkauf
S1000111.43999,SP1000111.26.43999,SY1000111.2026.43999,iPad1(1000111),111,14.06.26 18:50,Prod,A1000111.7354,,118,S1000111.43999,VOID,2,5.9,11.8,0.0,0.0,0.0,0.0,116,Vanillequark,Desserts,,MwSt. 7%,1.07,11.028037,0.771963,Normalverkauf
S1000111.44000,SP1000111.26.44000,SY1000111.2026.44000,iPad1(1000111),111,14.06.26 18:50,Prod,A1000111.7354,,118,S1000111.44000,VOID,1,10.9,10.9,0.0,0.0,0.0,0.0,109,Bismarck-Baguette,Hauptgerichte,,MwSt. 7%,1.07,10.186916,0.713084,Normalverkauf
S1000111.44001,SP1000111.26.44001,SY1000111.2026.44001,iPad1(1000111),111,14.06.26 18:53,Prod,A1000111.7355,Tisch 22,115,S1000111.44001,SALE,1,10.9,10.9,0.0,0.0,0.0,0.0,104,Thunfisch Wrap,Hauptgerichte,,MwSt. 7%,1.07,10.186916,0.713084,Normalverkauf
S1000111.44002,SP1000111.26.44002,SY1000111.2026.44002,iPad1(1000111),111,14.06.26 18:53,Prod,A1000111.7355,Tisch 22,115,S1000111.44002,SALE,1,9.8,9.8,0.0,0.0,0.0,0.0,108,Seelachs-Ei-Baugette,Hauptgerichte,,MwSt. 7%,1.07,9.158879,0.641121,Normalverkauf
S1000111.44003,SP1000111.26.44003,SY1000111.2026.44003,iPad1(1000111),111,14.06.26 18:53,Prod,A1000111.7355,Tisch 22,115,S1000111.44003,SALE,1,5.5,5.5,0.0,0.0,0.0,0.0,111,Pommes Frites,Beilagen,,MwSt. 7%,1.07,5.140187,0.359813,Normalverkauf
S1000111.44004,SP1000111.26.44004,SY1000111.2026.44004,iPad1(1000111),111,14.06.26 09:48,Prod,A1000111.7356,Tisch 12,117,S1000111.44004,SALE,2,6.9,13.8,0.0,0.0,0.0,0.0,113,Garnelen Box,Beilagen,,MwSt. 7%,1.07,12.897196,0.902804,Normalverkauf
S1000111.44005,SP1000111.26.44005,SY1000111.2026.44005,iPad1(1000111),111,14.06.26 09:48,Prod,A1000111.7356,Tisch 12,117,S1000111.44005,SALE,1,7.9,7.9,0.0,0.0,0.0,0.0,106,Neptun-Ringe,Beilagen,,MwSt. 7%,1.07,7.383178,0.516822,Normalverkauf
S1000111.44006,SP1000111.26.44006,SY1000111.2026.44006,iPad1(1000111),111,14.06.26 13:35,Prod,A1000111.7357,Tisch 10,119,S1000111.44006,SALE,2,5.5,11.0,0.0,0.0,0.0,0.0,111,Pommes Frites,Beilagen,,MwSt. 7%,1.07,10.280374,0.719626,Normalverkauf
S1000111.44007,SP1000111.26.44007,SY1000111.2026.44007,iPad1(1000111),111,14.06.26 13:35,Prod,A1000111.7357,Tisch 10,119,S1000111.44007,SALE,1,10.9,10.9,0.0,0.0,0.0,0.0,107,Chicken Burger,Hauptgerichte,,MwSt. 7%,1.07,10.186916,0.713084,Normalverkauf
S1000111.44008,SP1000111.26.44008,SY1000111.2026.44008,iPad1(1000111),111,14.06.26 18:18,Prod,A1000111.7358,Tisch 22,101,S1000111.44008,SALE,2,6.5,13.0,0.0,0.0,0.0,0.0,118,Schokokuchen,Desserts,,MwSt. 7%,1.07,12.149533,0.850467,Normalverkauf
S1000111.44009,SP1000111.26.44009,SY1000111.2026.44009,iPad1(1000111),111,14.06.26 18:18,Prod,A1000111.7358,Tisch 22,101,S1000111.44009,SALE,1,11.9,11.9,0.0,0.0,0.0,0.0,110,Matjes-Baguette,Hauptgerichte,,MwSt. 7%,1.07,11.121495,0.778505,Normalverkauf
S1000111.44010,SP1000111.26.44010,SY1000111.2026.44010,iPad1(1000111),111,14.06.26 18:15,Prod,A1000111.7359,Tisch 5,107,S1000111.44010,SALE,1,9.8,9.8,0.0,0.0,0.0,0.0,108,Seelachs-Ei-Baugette,Hauptgerichte,,MwSt. 7%,1.07,9.158879,0.641121,Normalverkauf
S1000111.44011,SP1000111.26.44011,SY1000111.2026.44011,iPad1(1000111),111,14.06.26 18:15,Prod,A1000111.7359,Tisch 5,107,S1000111.44011,SALE,2,4.9,9.8,0.0,0.0,0.0,0.0,112,Kartoffelwedges,Beilagen,,MwSt. 7%,1.07,9.158879,0.641121,Normalverkauf
S1000111.44012,SP1000111.26.44012,SY1000111.2026.44012,iPad1(1000111),111,14.06.26 18:15,Prod,A1000111.7359,Tisch 5,107,S1000111.44012,SALE,1,3.9,3.9,0.0,0.0,0.0,0.0,119,Cola,Getränke,,MwSt. 19%,1.19,3.277311,0.622689,Normalverkauf
S1000111.44013,SP1000111.26.44013,SY1000111.2026.44013,iPad1(1000111),111,14.06.26 13:47,Prod,A1000111.7360,Tisch 21,119,S1000111.44013,SALE,1,6.5,6.5,0.0,0.0,0.0,0.0,118,Schokokuchen,Desserts,,MwSt. 7%,1.07,6.074766,0.425234,Normalverkauf
S1000111.44014,SP1000111.26.44014,SY1000111.2026.44014,iPad1(1000111),111,14.06.26 08:44,Prod,A1000111.7361,Tisch 20,101,S1000111.44014,SALE,2,4.9,9.8,0.0,0.0,0.0,0.0,112,Kartoffelwedges,Beilagen,,MwSt. 7%,1.07,9.158879,0.641121,Normalverkauf
S1000111.44015,SP1000111.26.44015,SY1000111.2026.44015,iPad1(1000111),111,14.06.26 08:44,Prod,A1000111.7361,Tisch 20,101,S1000111.44015,SALE,2,6.5,13.0,0.0,0.0,0.0,0.0,100,Fischbrötchen Backfisch,Hauptspeisen,,MwSt. 7%,1.07,12.149533,0.850467,Normalverkauf
S1000111.44016,SP1000111.26.44016,SY1000111.2026.44016,iPad1(1000111),111,14.06.26 08:44,Prod,A1000111.7361,Tisch 20,101,S1000111.44016,SALE,2,13.5,27.0,0.0,0.0,0.0,0.0,102,Matjes,Hauptspeisen,,MwSt. 7%,1.07,25.233645,1.766355,Normalverkauf
S1000111.44017,SP1000111.26.44017,SY1000111.2026.44017,iPad1(1000111),111,14.06.26 15:31,Prod,A1000111.7362,Tisch 14,107,S1000111.44017,SALE,2,3.2,6.4,0.0,0.0,0.0,0.0,120,Apfelschorle,Getränke,,MwSt. 19%,1.19,5.378151,1.021849,Normalverkauf
S1000111.44018,SP1000111.26.44018,SY1000111.2026.44018,iPad1(1000111),111,14.06.26 15:31,Prod,A1000111.7362,Tisch 14,107,S1000111.44018,SALE,1,4.9,4.9,0.0,0.0,0.0,0.0,112,Kartoffelwedges,Beilagen,,MwSt. 7%,1.07,4.579439,0.320561,Normalverkauf
S1000111.44019,SP1000111.26.44019,SY1000111.2026.44019,iPad1(1000111),111,14.06.26 15:31,Prod,A1000111.7362,Tisch 14,107,S1000111.44019,SALE,1,5.5,5.5,0.0,0.0,0.0,0.0,111,Pommes Frites,Beilagen,,MwSt. 7%,1.07,5.140187,0.359813,Normalverkauf
S1000111.44020,SP1000111.26.44020,SY1000111.2026.44020,iPad1(1000111),111,14.06.26 16:12,Prod,A1000111.7363,Tisch 3,117,S1000111.44020,SALE,2,10.9,21.8,0.0,0.0,0.0,0.0,104,Thunfisch Wrap,Hauptgerichte,,MwSt. 7%,1.07,20.373832,1.426168,Normalverkauf
S1000111.44021,SP1000111.26.44021,SY1000111.2026.44021,iPad1(1000111),111,14.06.26 15:01,Prod,A1000111.7364,Tisch 16,115,S1000111.44021,SALE,2,4.2,8.4,0.0,0.0,0.0,0.0,122,Bier,Getränke,,MwSt. 19%,1.19,7.058824,1.341176,Normalverkauf
S1000111.44022,SP1000111.26.44022,SY1000111.2026.44022,iPad1(1000111),111,14.06.26 15:01,Prod,A1000111.7364,Tisch 16,115,S1000111.44022,SALE,2,3.9,7.8,0.0,0.0,0.0,0.0,119,Cola,Getränke,,MwSt. 19%,1.19,6.554622,1.245378,Normalverkauf
S1000111.44023,SP1000111.26.44023,SY1000111.2026.44023,iPad1(1000111),111,14.06.26 15:01,Prod,A1000111.7364,Tisch 16,115,S1000111.44023,SALE,1,5.5,5.5,0.0,0.0,0.0,0.0,111,Pommes Frites,Beilagen,,MwSt. 7%,1.07,5.140187,0.359813,Normalverkauf
S1000111.44024,SP1000111.26.44024,SY1000111.2026.44024,iPad1(1000111),111,14.06.26 19:12,Prod,A1000111.7365,,115,S1000111.44024,SALE,2,7.9,15.8,0.0,0.0,0.0,0.0,115,Tiramisu,Desserts,,MwSt. 7%,1.07,14.766355,1.033645,Normalverkauf
S1000111.44025,SP1000111.26.44025,SY1000111.2026.44025,iPad1(1000111),111,14.06.26 12:48,Prod,A1000111.7366,Tisch 6,117,S1000111.44025,SALE,1,7.9,7.9,0.0,0.0,0.0,0.0,106,Neptun-Ringe,Beilagen,,MwSt. 7%,1.07,7.383178,0.516822,Normalverkauf
S1000111.44026,SP1000111.26.44026,SY1000111.2026.44026,iPad1(1000111),111,14.06.26 12:48,Prod,A1000111.7366,Tisch 6,117,S1000111.44026,SALE,1,10.9,10.9,0.0,0.0,0.0,0.0,109,Bismarck-Baguette,Hauptgerichte,,MwSt. 7%,1.07,10.186916,0.713084,Normalverkauf
S1000111.44027,SP1000111.26.44027,SY1000111.2026.44027,iPad1(1000111),111,14.06.26 12:48,Prod,A1000111.7366,Tisch 6,117,S1000111.44027,SALE,2,11.5,23.0,0.0,0.0,0.0,0.0,105,Garnelen-Kimchi-Bruger,Hauptgerichte,,MwSt. 7%,1.07,21.495327,1.504673,Normalverkauf
S1000111.44028,SP1000111.26.44028,SY1000111.2026.44028,iPad1(1000111),111,14.06.26 11:18,Prod,A1000111.7367,Tisch 16,117,S1000111.44028,SALE,2,9.8,19.6,0.0,0.0,0.0,0.0,108,Seelachs-Ei-Baugette,Hauptgerichte,,MwSt. 7%,1.07,18.317757,1.282243,Normalverkauf
S1000111.44029,SP1000111.26.44029,SY1000111.2026.44029,iPad1(1000111),111,14.06.26 11:18,Prod,A1000111.7367,Tisch 16,117,S1000111.44029,SALE,2,3.9,7.8,0.0,0.0,0.0,0.0,126,Spezi,Getränke,,MwSt. 19%,1.19,6.554622,1.245378,Normalverkauf
S1000111.44030,SP1000111.26.44030,SY1000111.2026.44030,iPad1(1000111),111,14.06.26 20:56,Prod,A1000111.7368,Tisch 17,117,S1000111.44030,SALE,2,4.9,9.8,0.0,0.0,0.0,0.0,112,Kartoffelwedges,Beilagen,,MwSt. 7%,1.07,9.158879,0.641121,Normalverkauf
S1000111.44031,SP1000111.26.44031,SY1000111.2026.44031,iPad1(1000111),111,14.06.26 20:56,Prod,A1000111.7368,Tisch 17,117,S1000111.44031,SALE,1,3.9,3.9,0.0,0.0,0.0,0.0,119,Cola,Getränke,,MwSt. 19%,1.19,3.277311,0.622689,Normalverkauf
S1000111.44032,SP1000111.26.44032,SY1000111.2026.44032,iPad1(1000111),111,14.06.26 20:56,Prod,A1000111.7368,Tisch 17,117,S1000111.44032,SALE,2,5.9,11.8,0.0,0.0,0.0,0.0,123,Inger-Limonade,Getränke,,MwSt. 19%,1.19,9.915966,1.884034,Normalverkauf
S1000111.44033,SP1000111.26.44033,SY1000111.2026.44033,iPad1(1000111),111,14.06.26 19:22,Prod,A1000111.7369,Tisch 20,107,S1000111.44033,SALE,1,6.9,6.9,0.0,0.0,0.0,0.0,103,Fischbrötchen Räucherlachs,Hauptspeisen,,MwSt. 7%,1.07,6.448598,0.451402,Normalverkauf
S1000111.44034,SP1000111.26.44034,SY1000111.2026.44034,iPad1(1000111),111,14.06.26 19:22,Prod,A1000111.7369,Tisch 20,107,S1000111.44034,SALE,1,14.5,14.5,0.0,0.0,0.0,0.0,101,Lachs,Hauptspeisen,,MwSt. 7%,1.07,13.551402,0.948598,Normalverkauf
S1000111.44035,SP1000111.26.44035,SY1000111.2026.44035,iPad1(1000111),111,14.06.26 19:22,Prod,A1000111.7369,Tisch 20,107,S1000111.44035,SALE,2,3.2,6.4,0.0,0.0,0.0,0.0,120,Apfelschorle,Getränke,,MwSt. 19%,1.19,5.378151,1.021849,Normalverkauf
S1000111.44036,SP1000111.26.44036,SY1000111.2026.44036,iPad1(1000111),111,14.06.26 19:51,Prod,A1000111.7370,Tisch 12,114,S1000111.44036,SALE,2,10.9,21.8,0.0,0.0,0.0,0.0,104,Thunfisch Wrap,Hauptgerichte,,MwSt. 7%,1.07,20.373832,1.426168,Normalverkauf
S1000111.44037,SP1000111.26.44037,SY1000111.2026.44037,iPad1(1000111),111,14.06.26 19:51,Prod,A1000111.7370,Tisch 12,114,S1000111.44037,SALE,2,5.5,11.0,0.0,0.0,0.0,0.0,111,Pommes Frites,Beilagen,,MwSt. 7%,1.07,10.280374,0.719626,Normalverkauf
S1000111.44038,SP1000111.26.44038,SY1000111.2026.44038,iPad1(1000111),111,14.06.26 15:38,Prod,A1000111.7371,Tisch 13,107,S1000111.44038,SALE,2,10.9,21.8,0.0,0.0,0.0,0.0,107,Chicken Burger,Hauptgerichte,,MwSt. 7%,1.07,20.373832,1.426168,Normalverkauf
S1000111.44039,SP1000111.26.44039,SY1000111.2026.44039,iPad1(1000111),111,14.06.26 16:45,Prod,A1000111.7372,Tisch 5,119,S1000111.44039,SALE,2,3.9,7.8,0.0,0.0,0.0,0.0,126,Spezi,Getränke,,MwSt. 19%,1.19,6.554622,1.245378,Normalverkauf
S1000111.44040,SP1000111.26.44040,SY1000111.2026.44040,iPad1(1000111),111,14.06.26 16:45,Prod,A1000111.7372,Tisch 5,119,S1000111.44040,SALE,1,13.5,13.5,0.0,0.0,0.0,0.0,102,Matjes,Hauptspeisen,,MwSt. 7%,1.07,12.616822,0.883178,Normalverkauf
S1000111.44041,SP1000111.26.44041,SY1000111.2026.44041,iPad1(1000111),111,14.06.26 16:45,Prod,A1000111.7372,Tisch 5,119,S1000111.44041,SALE,2,3.2,6.4,0.0,0.0,0.0,0.0,120,Apfelschorle,Getränke,,MwSt. 19%,1.19,5.378151,1.021849,Normalverkauf
S1000111.44042,SP1000111.26.44042,SY1000111.2026.44042,iPad1(1000111),111,14.06.26 11:51,Prod,A1000111.7373,,101,S1000111.44042,SALE,2,4.9,9.8,0.0,0.0,0.0,0.0,112,Kartoffelwedges,Beilagen,,MwSt. 7%,1.07,9.158879,0.641121,Normalverkauf
S1000111.44043,SP1000111.26.44043,SY1000111.2026.44043,iPad1(1000111),111,14.06.26 11:51,Prod,A1000111.7373,,101,S1000111.44043,SALE,1,10.9,10.9,0.0,0.0,0.0,0.0,104,Thunfisch Wrap,Hauptgerichte,,MwSt. 7%,1.07,10.186916,0.713084,Normalverkauf
S1000111.44044,SP1000111.26.44044,SY1000111.2026.44044,iPad1(1000111),111,14.06.26 10:01,Prod,A1000111.7374,Tisch 14,107,S1000111.44044,SALE,1,4.9,4.9,0.0,0.0,0.0,0.0,112,Kartoffelwedges,Beilagen,,MwSt. 7%,1.07,4.579439,0.320561,Normalverkauf
S1000111.44045,SP1000111.26.44045,SY1000111.2026.44045,iPad1(1000111),111,14.06.26 10:01,Prod,A1000111.7374,Tisch 14,107,S1000111.44045,SALE,2,3.9,7.8,0.0,0.0,0.0,0.0,119,Cola,Getränke,,MwSt. 19%,1.19,6.554622,1.245378,Normalverkauf
S1000111.44046,SP1000111.26.44046,SY1000111.2026.44046,iPad1(1000111),111,14.06.26 10:01,Prod,A1000111.7374,Tisch 14,107,S1000111.44046,SALE,1,14.5,14.5,0.0,0.0,0.0,0.0,101,Lachs,Hauptspeisen,,MwSt. 7%,1.07,13.551402,0.948598,Normalverkauf
S1000111.44047,SP1000111.26.44047,SY1000111.2026.44047,iPad1(1000111),111,14.06.26 11:00,Prod,A1000111.7375,Tisch 19,107,S1000111.44047,VOID,1,5.5,5.5,0.0,0.0,0.0,0.0,111,Pommes Frites,Beilagen,,MwSt. 7%,1.07,5.140187,0.359813,Normalverkauf
S1000111.44048,SP1000111.26.44048,SY1000111.2026.44048,iPad1(1000111),111,14.06.26 11:00,Prod,A1000111.7375,Tisch 19,107,S1000111.44048,VOID,2,6.9,13.8,0.0,0.0,0.0,0.0,103,Fischbrötchen Räucherlachs,Hauptspeisen,,MwSt. 7%,1.07,12.897196,0.902804,Normalverkauf
S1000111.44049,SP1000111.26.44049,SY1000111.2026.44049,iPad1(1000111),111,14.06.26 11:00,Prod,A1000111.7375,Tisch 19,107,S1000111.44049,VOID,1,10.9,10.9,0.0,0.0,0.0,0.0,104,Thunfisch Wrap,Hauptgerichte,,MwSt. 7%,1.07,10.186916,0.713084,Normalverkauf
S1000111.44050,SP1000111.26.44050,SY1000111.2026.44050,iPad1(1000111),111,14.06.26 17:50,Prod,A1000111.7376,Tisch 18,117,S1000111.44050,SALE,2,7.9,15.8,0.0,0.0,0.0,0.0,115,Tiramisu,Desserts,,MwSt. 7%,1.07,14.766355,1.033645,Normalverkauf
S1000111.44051,SP1000111.26.44051,SY1000111.2026.44051,iPad1(1000111),111,14.06.26 17:50,Prod,A1000111.7376,Tisch 18,117,S1000111.44051,SALE,1,10.9,10.9,0.0,0.0,0.0,0.0,104,Thunfisch Wrap,Hauptgerichte,,MwSt. 7%,1.07,10.186916,0.713084,Normalverkauf
S1000111.44052,SP1000111.26.44052,SY1000111.2026.44052,iPad1(1000111),111,14.06.26 17:50,Prod,A1000111.7376,Tisch 18,117,S1000111.44052,SALE,1,11.9,11.9,0.0,0.0,0.0,0.0,110,Matjes-Baguette,Hauptgerichte,,MwSt. 7%,1.07,11.121495,0.778505,Normalverkauf
S1000111.44053,SP1000111.26.44053,SY1000111.2026.44053,iPad1(1000111),111,14.06.26 09:50,Prod,A1000111.7377,Tisch 16,117,S1000111.44053,SALE,1,6.5,6.5,0.0,0.0,0.0,0.0,100,Fischbrötchen Backfisch,Hauptspeisen,,MwSt. 7%,1.07,6.074766,0.425234,Normalverkauf
S1000111.44054,SP1000111.26.44054,SY1000111.2026.44054,iPad1(1000111),111,14.06.26 09:50,Prod,A1000111.7377,Tisch 16,117,S1000111.44054,SALE,1,13.5,13.5,0.0,0.0,0.0,0.0,102,Matjes,Hauptspeisen,,MwSt. 7%,1.07,12.616822,0.883178,Normalverkauf
S1000111.44055,SP1000111.26.44055,SY1000111.2026.44055,iPad1(1000111),111,14.06.26 09:50,Prod,A1000111.7377,Tisch 16,117,S1000111.44055,SALE,2,4.2,8.4,0.0,0.0,0.0,0.0,122,Bier,Getränke,,MwSt. 19%,1.19,7.058824,1.341176,Normalverkauf
S1000111.44056,SP1000111.26.44056,SY1000111.2026.44056,iPad1(1000111),111,14.06.26 13:46,Prod,A1000111.7378,Tisch 2,101,S1000111.44056,SALE,2,2.8,5.6,0.0,0.0,0.0,0.0,121,Mineralwasser,Getränke,,MwSt. 19%,1.19,4.705882,0.894118,Normalverkauf
S1000111.44057,SP1000111.26.44057,SY1000111.2026.44057,iPad1(1000111),111,14.06.26 13:46,Prod,A1000111.7378,Tisch 2,101,S1000111.44057,SALE,1,2.8,2.8,0.0,0.0,0.0,0.0,121,Mineralwasser,Getränke,,MwSt. 19%,1.19,2.352941,0.447059,Normalverkauf
S1000111.44058,SP1000111.26.44058,SY1000111.2026.44058,iPad1(1000111),111,14.06.26 20:15,Prod,A1000111.7379,Tisch 22,118,S1000111.44058,SALE,1,7.9,7.9,0.0,0.0,0.0,0.0,115,Tiramisu,Desserts,,MwSt. 7%,1.07,7.383178,0.516822,Normalverkauf
S1000111.44059,SP1000111.26.44059,SY1000111.2026.44059,iPad1(1000111),111,14.06.26 20:15,Prod,A1000111.7379,Tisch 22,118,S1000111.44059,SALE,1,11.9,11.9,0.0,0.0,0.0,0.0,110,Matjes-Baguette,Hauptgerichte,,MwSt. 7%,1.07,11.121495,0.778505,Normalverkauf
S1000111.44060,SP1000111.26.44060,SY1000111.2026.44060,iPad1(1000111),111,14.06.26 18:09,Prod,A1000111.7380,Tisch 11,119,S1000111.44060,SALE,2,9.8,19.6,0.0,0.0,0.0,0.0,108,Seelachs-Ei-Baugette,Hauptgerichte,,MwSt. 7%,1.07,18.317757,1.282243,Normalverkauf
S1000111.44061,SP1000111.26.44061,SY1000111.2026.44061,iPad1(1000111),111,14.06.26 11:35,Prod,A1000111.7381,Tisch 24,107,S1000111.44061,VOID,2,5.5,11.0,0.0,0.0,0.0,0.0,111,Pommes Frites,Beilagen,,MwSt. 7%,1.07,10.280374,0.719626,Normalverkauf
S1000111.44062,SP1000111.26.44062,SY1000111.2026.44062,iPad1(1000111),111,14.06.26 20:33,Prod,A1000111.7382,,115,S1000111.44062,SALE,2,3.9,7.8,0.0,0.0,0.0,0.0,119,Cola,Getränke,,MwSt. 19%,1.19,6.554622,1.245378,Normalverkauf
S1000111.44063,SP1000111.26.44063,SY1000111.2026.44063,iPad1(1000111),111,14.06.26 20:33,Prod,A1000111.7382,,115,S1000111.44063,SALE,2,11.5,23.0,0.0,0.0,0.0,0.0,105,Garnelen-Kimchi-Bruger,Hauptgerichte,,MwSt. 7%,1.07,21.495327,1.504673,Normalverkauf
S1000111.44064,SP1000111.26.44064,SY1000111.2026.44064,iPad1(1000111),111,14.06.26 10:35,Prod,A1000111.7383,Tisch 4,101,S1000111.44064,SALE,2,2.8,5.6,0.0,0.0,0.0,0.0,121,Mineralwasser,Getränke,,MwSt. 19%,1.19,4.705882,0.894118,Normalverkauf
S1000111.44065,SP1000111.26.44065,SY1000111.2026.44065,iPad1(1000111),111,14.06.26 09:44,Prod,A1000111.7384,Tisch 23,107,S1000111.44065,VOID,1,4.2,4.2,0.0,0.0,0.0,0.0,122,Bier,Getränke,,MwSt. 19%,1.19,3.529412,0.670588,Normalverkauf
S1000111.44066,SP1000111.26.44066,SY1000111.2026.44066,iPad1(1000111),111,14.06.26 09:44,Prod,A1000111.7384,Tisch 23,107,S1000111.44066,VOID,1,2.8,2.8,0.0,0.0,0.0,0.0,121,Mineralwasser,Getränke,,MwSt. 19%,1.19,2.352941,0.447059,Normalverkauf
S1000111.44067,SP1000111.26.44067,SY1000111.2026.44067,iPad1(1000111),111,14.06.26 09:44,Prod,A1000111.7384,Tisch 23,107,S1000111.44067,VOID,1,4.2,4.2,0.0,0.0,0.0,0.0,122,Bier,Getränke,,MwSt. 19%,1.19,3.529412,0.670588,Normalverkauf
S1000111.44068,SP1000111.26.44068,SY1000111.2026.44068,iPad1(1000111),111,14.06.26 13:27,Prod,A1000111.7385,Tisch 23,115,S1000111.44068,VOID,2,3.2,6.4,0.0,0.0,0.0,0.0,120,Apfelschorle,Getränke,,MwSt. 19%,1.19,5.378151,1.021849,Normalverkauf
S1000111.44069,SP1000111.26.44069,SY1000111.2026.44069,iPad1(1000111),111,14.06.26 13:27,Prod,A1000111.7385,Tisch 23,115,S1000111.44069,VOID,1,3.9,3.9,0.0,0.0,0.0,0.0,124,Cola Zero,Getränke,,MwSt. 19%,1.19,3.277311,0.622689,Normalverkauf
S1000111.44070,SP1000111.26.44070,SY1000111.2026.44070,iPad1(1000111),111,14.06.26 12:15,Prod,A1000111.7386,Tisch 19,119,S1000111.44070,SALE,2,3.9,7.8,0.0,0.0,0.0,0.0,119,Cola,Getränke,,MwSt. 19%,1.19,6.554622,1.245378,Normalverkauf
S1000111.44071,SP1000111.26.44071,SY1000111.2026.44071,iPad1(1000111),111,14.06.26 17:51,Prod,A1000111.7387,Tisch 22,119,S1000111.44071,SALE,1,3.9,3.9,0.0,0.0,0.0,0.0,126,Spezi,Getränke,,MwSt. 19%,1.19,3.277311,0.622689,Normalverkauf
S1000111.44072,SP1000111.26.44072,SY1000111.2026.44072,iPad1(1000111),111,14.06.26 17:51,Prod,A1000111.7387,Tisch 22,119,S1000111.44072,SALE,2,3.9,7.8,0.0,0.0,0.0,0.0,126,Spezi,Getränke,,MwSt. 19%,1.19,6.554622,1.245378,Normalverkauf
S1000111.44073,SP1000111.26.44073,SY1000111.2026.44073,iPad1(1000111),111,14.06.26 17:51,Prod,A1000111.7387,Tisch 22,119,S1000111.44073,SALE,2,3.2,6.4,0.0,0.0,0.0,0.0,120,Apfelschorle,Getränke,,MwSt. 19%,1.19,5.378151,1.021849,Normalverkauf
S1000111.44074,SP1000111.26.44074,SY1000111.2026.44074,iPad1(1000111),111,14.06.26 20:23,Prod,A1000111.7388,Tisch 20,118,S1000111.44074,SALE,1,11.5,11.5,0.0,0.0,0.0,0.0,105,Garnelen-Kimchi-Bruger,Hauptgerichte,,MwSt. 7%,1.07,10.747664,0.752336,Normalverkauf
S1000111.44075,SP1000111.26.44075,SY1000111.2026.44075,iPad1(1000111),111,14.06.26 20:23,Prod,A1000111.7388,Tisch 20,118,S1000111.44075,SALE,1,10.9,10.9,0.0,0.0,0.0,0.0,107,Chicken Burger,Hauptgerichte,,MwSt. 7%,1.07,10.186916,0.713084,Normalverkauf
S1000111.44076,SP1000111.26.44076,SY1000111.2026.44076,iPad1(1000111),111,14.06.26 20:23,Prod,A1000111.7388,Tisch 20,118,S1000111.44076,SALE,1,10.9,10.9,0.0,0.0,0.0,0.0,107,Chicken Burger,Hauptgerichte,,MwSt. 7%,1.07,10.186916,0.713084,Normalverkauf
S1000111.44077,SP1000111.26.44077,SY1000111.2026.44077,iPad1(1000111),111,14.06.26 19:50,Prod,A1000111.7389,Tisch 22,115,S1000111.44077,SALE,1,7.9,7.9,0.0,0.0,0.0,0.0,115,Tiramisu,Desserts,,MwSt. 7%,1.07,7.383178,0.516822,Normalverkauf
S1000111.44078,SP1000111.26.44078,SY1000111.2026.44078,iPad1(1000111),111,14.06.26 19:50,Prod,A1000111.7389,Tisch 22,115,S1000111.44078,SALE,1,6.5,6.5,0.0,0.0,0.0,0.0,100,Fischbrötchen Backfisch,Hauptspeisen,,MwSt. 7%,1.07,6.074766,0.425234,Normalverkauf
S1000111.44079,SP1000111.26.44079,SY1000111.2026.44079,iPad1(1000111),111,14.06.26 19:50,Prod,A1000111.7389,Tisch 22,115,S1000111.44079,SALE,2,3.9,7.8,0.0,0.0,0.0,0.0,119,Cola,Getränke,,MwSt. 19%,1.19,6.554622,1.245378,Normalverkauf
S1000111.44080,SP1000111.26.44080,SY1000111.2026.44080,iPad1(1000111),111,14.06.26 19:52,Prod,A1000111.7390,Tisch 20,107,S1000111.44080,SALE,1,7.9,7.9,0.0,0.0,0.0,0.0,106,Neptun-Ringe,Beilagen,,MwSt. 7%,1.07,7.383178,0.516822,Normalverkauf
S1000111.44081,SP1000111.26.44081,SY1000111.2026.44081,iPad1(1000111),111,14.06.26 19:52,Prod,A1000111.7390,Tisch 20,107,S1000111.44081,SALE,2,10.9,21.8,0.0,0.0,0.0,0.0,107,Chicken Burger,Hauptgerichte,,MwSt. 7%,1.07,20.373832,1.426168,Normalverkauf
S1000111.44082,SP1000111.26.44082,SY1000111.2026.44082,iPad1(1000111),111,14.06.26 13:08,Prod,A1000111.7391,Tisch 3,115,S1000111.44082,SALE,2,10.9,21.8,0.0,0.0,0.0,0.0,107,Chicken Burger,Hauptgerichte,,MwSt. 7%,1.07,20.373832,1.426168,Normalverkauf
S1000111.44083,SP1000111.26.44083,SY1000111.2026.44083,iPad1(1000111),111,14.06.26 18:34,Prod,A1000111.7392,Tisch 13,114,S1000111.44083,SALE,2,6.9,13.8,0.0,0.0,0.0,0.0,103,Fischbrötchen Räucherlachs,Hauptspeisen,,MwSt. 7%,1.07,12.897196,0.902804,Normalverkauf
S1000111.44084,SP1000111.26.44084,SY1000111.2026.44084,iPad1(1000111),111,14.06.26 18:34,Prod,A1000111.7392,Tisch 13,114,S1000111.44084,SALE,2,10.9,21.8,0.0,0.0,0.0,0.0,104,Thunfisch Wrap,Hauptgerichte,,MwSt. 7%,1.07,20.373832,1.426168,Normalverkauf
S1000111.44085,SP1000111.26.44085,SY1000111.2026.44085,iPad1(1000111),111,14.06.26 18:34,Prod,A1000111.7392,Tisch 13,114,S1000111.44085,SALE,1,3.9,3.9,0.0,0.0,0.0,0.0,119,Cola,Getränke,,MwSt. 19%,1.19,3.277311,0.622689,Normalverkauf
S1000111.44086,SP1000111.26.44086,SY1000111.2026.44086,iPad1(1000111),111,14.06.26 15:06,Prod,A1000111.7393,Tisch 7,101,S1000111.44086,VOID,2,5.9,11.8,0.0,0.0,0.0,0.0,116,Vanillequark,Desserts,,MwSt. 7%,1.07,11.028037,0.771963,Normalverkauf
S1000111.44087,SP1000111.26.44087,SY1000111.2026.44087,iPad1(1000111),111,14.06.26 15:06,Prod,A1000111.7393,Tisch 7,101,S1000111.44087,VOID,2,10.9,21.8,0.0,0.0,0.0,0.0,104,Thunfisch Wrap,Hauptgerichte,,MwSt. 7%,1.07,20.373832,1.426168,Normalverkauf
S1000111.44088,SP1000111.26.44088,SY1000111.2026.44088,iPad1(1000111),111,14.06.26 11:36,Prod,A1000111.7394,Tisch 14,117,S1000111.44088,SALE,2,11.9,23.8,0.0,0.0,0.0,0.0,110,Matjes-Baguette,Hauptgerichte,,MwSt. 7%,1.07,22.242991,1.557009,Normalverkauf
S1000111.44089,SP1000111.26.44089,SY1000111.2026.44089,iPad1(1000111),111,14.06.26 11:36,Prod,A1000111.7394,Tisch 14,117,S1000111.44089,SALE,1,5.5,5.5,0.0,0.0,0.0,0.0,111,Pommes Frites,Beilagen,,MwSt. 7%,1.07,5.140187,0.359813,Normalverkauf
S1000111.44090,SP1000111.26.44090,SY1000111.2026.44090,iPad1(1000111),111,14.06.26 11:36,Prod,A1000111.7394,Tisch 14,117,S1000111.44090,SALE,2,4.9,9.8,0.0,0.0,0.0,0.0,112,Kartoffelwedges,Beilagen,,MwSt. 7%,1.07,9.158879,0.641121,Normalverkauf
S1000111.44091,SP1000111.26.44091,SY1000111.2026.44091,iPad1(1000111),111,14.06.26 08:22,Prod,A1000111.7395,Tisch 15,114,S1000111.44091,SALE,1,5.9,5.9,0.0,0.0,0.0,0.0,125,Zitronen-Limonade,Getränke,,MwSt. 19%,1.19,4.957983,0.942017,Normalverkauf
S1000111.44092,SP1000111.26.44092,SY1000111.2026.44092,iPad1(1000111),111,14.06.26 19:30,Prod,A1000111.7396,,107,S1000111.44092,SALE,1,6.9,6.9,0.0,0.0,0.0,0.0,113,Garnelen Box,Beilagen,,MwSt. 7%,1.07,6.448598,0.451402,Normalverkauf
S1000111.44093,SP1000111.26.44093,SY1000111.2026.44093,iPad1(1000111),111,14.06.26 19:30,Prod,A1000111.7396,,107,S1000111.44093,SALE,2,3.9,7.8,0.0,0.0,0.0,0.0,119,Cola,Getränke,,MwSt. 19%,1.19,6.554622,1.245378,Normalverkauf
S1000111.44094,SP1000111.26.44094,SY1000111.2026.44094,iPad1(1000111),111,14.06.26 16:10,Prod,A1000111.7397,Tisch 17,114,S1000111.44094,VOID,1,5.5,5.5,0.0,0.0,0.0,0.0,111,Pommes Frites,Beilagen,,MwSt. 7%,1.07,5.140187,0.359813,Normalverkauf
S1000111.44095,SP1000111.26.44095,SY1000111.2026.44095,iPad1(1000111),111,14.06.26 16:10,Prod,A1000111.7397,Tisch 17,114,S1000111.44095,VOID,2,6.9,13.8,0.0,0.0,0.0,0.0,113,Garnelen Box,Beilagen,,MwSt. 7%,1.07,12.897196,0.902804,Normalverkauf
S1000111.44096,SP1000111.26.44096,SY1000111.2026.44096,iPad1(1000111),111,14.06.26 19:23,Prod,A1000111.7398,Tisch 7,118,S1000111.44096,SALE,2,3.9,7.8,0.0,0.0,0.0,0.0,119,Cola,Getränke,,MwSt. 19%,1.19,6.554622,1.245378,Normalverkauf
S1000111.44097,SP1000111.26.44097,SY1000111.2026.44097,iPad1(1000111),111,14.06.26 19:23,Prod,A1000111.7398,Tisch 7,118,S1000111.44097,SALE,2,3.9,7.8,0.0,0.0,0.0,0.0,127,Alkoholfreies Bier,Getränke,,MwSt. 19%,1.19,6.554622,1.245378,Normalverkauf
S1000111.44098,SP1000111.26.44098,SY1000111.2026.44098,iPad1(1000111),111,14.06.26 17:21,Prod,A1000111.7399,Tisch 19,101,S1000111.44098,SALE,2,14.5,29.0,0.0,0.0,0.0,0.0,101,Lachs,Hauptspeisen,,MwSt. 7%,1.07,27.102804,1.897196,Normalverkauf
S1000111.44099,SP1000111.26.44099,SY1000111.2026.44099,iPad1(1000111),111,14.06.26 19:55,Prod,A1000111.7400,,115,S1000111.44099,SALE,2,7.9,15.8,0.0,0.0,0.0,0.0,106,Neptun-Ringe,Beilagen,,MwSt. 7%,1.07,14.766355,1.033645,Normalverkauf
S1000111.44100,SP1000111.26.44100,SY1000111.2026.44100,iPad1(1000111),111,14.06.26 15:11,Prod,A1000111.7401,Tisch 10,118,S1000111.44100,SALE,2,6.5,13.0,0.0,0.0,0.0,0.0,118,Schokokuchen,Desserts,,MwSt. 7%,1.07,12.149533,0.850467,Normalverkauf
S1000111.44101,SP1000111.26.44101,SY1000111.2026.44101,iPad1(1000111),111,14.06.26 15:11,Prod,A1000111.7401,Tisch 10,118,S1000111.44101,SALE,2,10.9,21.8,0.0,0.0,0.0,0.0,107,Chicken Burger,Hauptgerichte,,MwSt. 7%,1.07,20.373832,1.426168,Normalverkauf
S1000111.44102,SP1000111.26.44102,SY1000111.2026.44102,iPad1(1000111),111,14.06.26 15:11,Prod,A1000111.7401,Tisch 10,118,S1000111.44102,SALE,2,10.9,21.8,0.0,0.0,0.0,0.0,107,Chicken Burger,Hauptgerichte,,MwSt. 7%,1.07,20.373832,1.426168,Normalverkauf
S1000111.44103,SP1000111.26.44103,SY1000111.2026.44103,iPad1(1000111),111,14.06.26 16:39,Prod,A1000111.7402,Tisch 15,107,S1000111.44103,SALE,2,2.8,5.6,0.0,0.0,0.0,0.0,121,Mineralwasser,Getränke,,MwSt. 19%,1.19,4.705882,0.894118,Normalverkauf
S1000111.44104,SP1000111.26.44104,SY1000111.2026.44104,iPad1(1000111),111,14.06.26 10:02,Prod,A1000111.7403,,119,S1000111.44104,SALE,2,6.9,13.8,0.0,0.0,0.0,0.0,103,Fischbrötchen Räucherlachs,Hauptspeisen,,MwSt. 7%,1.07,12.897196,0.902804,Normalverkauf
S1000111.44105,SP1000111.26.44105,SY1000111.2026.44105,iPad1(1000111),111,14.06.26 10:02,Prod,A1000111.7403,,119,S1000111.44105,SALE,2,6.5,13.0,0.0,0.0,0.0,0.0,100,Fischbrötchen Backfisch,Hauptspeisen,,MwSt. 7%,1.07,12.149533,0.850467,Normalverkauf
S1000111.44106,SP1000111.26.44106,SY1000111.2026.44106,iPad1(1000111),111,14.06.26 10:02,Prod,A1000111.7403,,119,S1000111.44106,SALE,1,5.5,5.5,0.0,0.0,0.0,0.0,111,Pommes Frites,Beilagen,,MwSt. 7%,1.07,5.140187,0.359813,Normalverkauf
S1000111.44107,SP1000111.26.44107,SY1000111.2026.44107,iPad1(1000111),111,14.06.26 11:40,Prod,A1000111.7404,Tisch 9,114,S1000111.44107,SALE,1,6.9,6.9,0.0,0.0,0.0,0.0,113,Garnelen Box,Beilagen,,MwSt. 7%,1.07,6.448598,0.451402,Normalverkauf
S1000111.44108,SP1000111.26.44108,SY1000111.2026.44108,iPad1(1000111),111,14.06.26 17:40,Prod,A1000111.7405,Tisch 15,115,S1000111.44108,SALE,1,4.2,4.2,0.0,0.0,0.0,0.0,122,Bier,Getränke,,MwSt. 19%,1.19,3.529412,0.670588,Normalverkauf
S1000111.44109,SP1000111.26.44109,SY1000111.2026.44109,iPad1(1000111),111,14.06.26 19:17,Prod,A1000111.7406,Tisch 17,114,S1000111.44109,SALE,1,2.8,2.8,0.0,0.0,0.0,0.0,121,Mineralwasser,Getränke,,MwSt. 19%,1.19,2.352941,0.447059,Normalverkauf
S1000111.44110,SP1000111.26.44110,SY1000111.2026.44110,iPad1(1000111),111,14.06.26 19:17,Prod,A1000111.7406,Tisch 17,114,S1000111.44110,SALE,1,2.8,2.8,0.0,0.0,0.0,0.0,121,Mineralwasser,Getränke,,MwSt. 19%,1.19,2.352941,0.447059,Normalverkauf
S1000111.44111,SP1000111.26.44111,SY1000111.2026.44111,iPad1(1000111),111,14.06.26 19:17,Prod,A1000111.7406,Tisch 17,114,S1000111.44111,SALE,2,11.9,23.8,0.0,0.0,0.0,0.0,110,Matjes-Baguette,Hauptgerichte,,MwSt. 7%,1.07,22.242991,1.557009,Normalverkauf
S1000111.44112,SP1000111.26.44112,SY1000111.2026.44112,iPad1(1000111),111,14.06.26 12:14,Prod,A1000111.7407,Tisch 7,101,S1000111.44112,SALE,2,5.9,11.8,0.0,0.0,0.0,0.0,125,Zitronen-Limonade,Getränke,,MwSt. 19%,1.19,9.915966,1.884034,Normalverkauf
S1000111.44113,SP1000111.26.44113,SY1000111.2026.44113,iPad1(1000111),111,14.06.26 12:14,Prod,A1000111.7407,Tisch 7,101,S1000111.44113,SALE,2,4.2,8.4,0.0,0.0,0.0,0.0,122,Bier,Getränke,,MwSt. 19%,1.19,7.058824,1.341176,Normalverkauf
S1000111.44114,SP1000111.26.44114,SY1000111.2026.44114,iPad1(1000111),111,14.06.26 12:14,Prod,A1000111.7407,Tisch 7,101,S1000111.44114,SALE,1,3.2,3.2,0.0,0.0,0.0,0.0,120,Apfelschorle,Getränke,,MwSt. 19%,1.19,2.689076,0.510924,Normalverkauf
S1000111.44115,SP1000111.26.44115,SY1000111.2026.44115,iPad1(1000111),111,14.06.26 12:07,Prod,A1000111.7408,Tisch 8,115,S1000111.44115,SALE,1,2.8,2.8,0.0,0.0,0.0,0.0,121,Mineralwasser,Getränke,,MwSt. 19%,1.19,2.352941,0.447059,Normalverkauf
S1000111.44116,SP1000111.26.44116,SY1000111.2026.44116,iPad1(1000111),111,14.06.26 12:07,Prod,A1000111.7408,Tisch 8,115,S1000111.44116,SALE,2,3.9,7.8,0.0,0.0,0.0,0.0,126,Spezi,Getränke,,MwSt. 19%,1.19,6.554622,1.245378,Normalverkauf
