Identifikator,Perioden Id,Jahres Id,Geräte_Name,Standort,Datum,Modus,Konto,Konto Name,Mitarbeiter,Referenz,Typ,Mng,Einzelpreis,FinalPreis,Rabatt,Materialverlust/Bruch,Gratis,Buchung,SKU,Artikel,Gruppe,StatGruppe,SteuerName,SteuerRate,VorSteuern,SteuernMenge,Profil
S1000084.57880,SP1000084.36.57880,SY1000084.2026.57880,iPad1(1000084),84,01.06.26 13:15,Prod,A1000084.6079,,112,S1000084.57880,SALE,2,6.9,13.8,0.0,0.0,0.0,0.0,113,Garnelen Box,Beilagen,,MwSt. 7%,1.07,12.897196,0.902804,Normalverkauf
S1000084.57881,SP1000084.36.57881,SY1000084.2026.57881,iPad1(1000084),84,01.06.26 13:15,Prod,A1000084.6079,,112,S1000084.57881,SALE,2,4.9,9.8,0.0,0.0,0.0,0.0,112,Kartoffelwedges,Beilagen,,MwSt. 7%,1.07,9.158879,0.641121,Normalverkauf
S1000084.57882,SP1000084.36.57882,SY1000084.2026.57882,iPad1(1000084),84,01.06.26 13:15,Prod,A1000084.6079,,112,S1000084.57882,SALE,2,3.9,7.8,0.0,0.0,0.0,0.0,127,Alkoholfreies Bier,Getränke,,MwSt. 19%,1.19,6.554622,1.245378,Normalverkauf
S1000084.57883,SP1000084.36.57883,SY1000084.2026.57883,iPad1(1000084),84,01.06.26 13:05,Prod,A1000084.6080,Tisch 22,104,S1000084.57883,SALE,2,4.2,8.4,0.0,0.0,0.0,0.0,122,Bier,Getränke,,MwSt. 19%,1.19,7.058824,1.341176,Normalverkauf
S1000084.57884,SP1000084.36.57884,SY1000084.2026.57884,iPad1(1000084),84,01.06.26 17:39,Prod,A1000084.6081,Tisch 18,108,S1000084.57884,SALE,2,6.9,13.8,0.0,0.0,0.0,0.0,103,Fischbrötchen Räucherlachs,Hauptspeisen,,MwSt. 7%,1.07,12.897196,0.902804,Normalverkauf
S1000084.57885,SP1000084.36.57885,SY1000084.2026.57885,iPad1(1000084),84,01.06.26 18:42,Prod,A1000084.6082,Tisch 7,107,S1000084.57885,SALE,1,3.9,3.9,0.0,0.0,0.0,0.0,119,Cola,Getränke,,MwSt. 19%,1.19,3.277311,0.622689,Normalverkauf
S1000084.57886,SP1000084.36.57886,SY1000084.2026.57886,iPad1(1000084),84,01.06.26 18:42,Prod,A1000084.6082,Tisch 7,107,S1000084.57886,SALE,2,10.9,21.8,0.0,0.0,0.0,0.0,109,Bismarck-Baguette,Hauptgerichte,,MwSt. 7%,1.07,20.373832,1.426168,Normalverkauf
S1000084.57887,SP1000084.36.57887,SY1000084.2026.57887,iPad1(1000084),84,01.06.26 16:31,Prod,A1000084.6083,,104,S1000084.57887,SALE,2,6.9,13.8,0.0,0.0,0.0,0.0,103,Fischbrötchen Räucherlachs,Hauptspeisen,,MwSt. 7%,1.07,12.897196,0.902804,Normalverkauf
S1000084.57888,SP1000084.36.57888,SY1000084.2026.57888,iPad1(1000084),84,01.06.26 17:17,Prod,A1000084.6084,Tisch 8,102,S1000084.57888,VOID,1,14.5,14.5,0.0,0.0,0.0,0.0,101,Lachs,Hauptspeisen,,MwSt. 7%,1.07,13.551402,0.948598,Normalverkauf
S1000084.57889,SP1000084.36.57889,SY1000084.2026.57889,iPad1(1000084),84,01.06.26 16:11,Prod,A1000084.6085,Tisch 2,108,S1000084.57889,SALE,2,10.9,21.8,0.0,0.0,0.0,0.0,104,Thunfisch Wrap,Hauptgerichte,,MwSt. 7%,1.07,20.373832,1.426168,Normalverkauf
S1000084.57890,SP1000084.36.57890,SY1000084.2026.57890,iPad1(1000084),84,01.06.26 17:30,Prod,A1000084.6086,Tisch 12,102,S1000084.57890,SALE,1,11.9,11.9,0.0,0.0,0.0,0.0,110,Matjes-Baguette,Hauptgerichte,,MwSt. 7%,1.07,11.121495,0.778505,Normalverkauf
S1000084.57891,SP1000084.36.57891,SY1000084.2026.57891,iPad1(1000084),84,01.06.26 20:50,Prod,A1000084.6087,Tisch 5,112,S1000084.57891,SALE,1,5.5,5.5,0.0,0.0,0.0,0.0,114,Fisch Nuggets Box,Beilagen,,MwSt. 7%,1.07,5.140187,0.359813,Normalverkauf
S1000084.57892,SP1000084.36.57892,SY1000084.2026.57892,iPad1(1000084),84,01.06.26 20:50,Prod,A1000084.6087,Tisch 5,112,S1000084.57892,SALE,2,3.9,7.8,0.0,0.0,0.0,0.0,126,Spezi,Getränke,,MwSt. 19%,1.19,6.554622,1.245378,Normalverkauf
S1000084.57893,SP1000084.36.57893,SY1000084.2026.57893,iPad1(1000084),84,01.06.26 20:50,Prod,A1000084.6087,Tisch 5,112,S1000084.57893,SALE,1,3.9,3.9,0.0,0.0,0.0,0.0,127,Alkoholfreies Bier,Getränke,,MwSt. 19%,1.19,3.277311,0.622689,Normalverkauf
S1000084.57894,SP1000084.36.57894,SY1000084.2026.57894,iPad1(1000084),84,01.06.26 15:38,Prod,A1000084.6088,,104,S1000084.57894,SALE,1,5.5,5.5,0.0,0.0,0.0,0.0,111,Pommes Frites,Beilagen,,MwSt. 7%,1.07,5.140187,0.359813,Normalverkauf
S1000084.57895,SP1000084.36.57895,SY1000084.2026.57895,iPad1(1000084),84,01.06.26 18:20,Prod,A1000084.6089,,104,S1000084.57895,SALE,2,5.5,11.0,0.0,0.0,0.0,0.0,111,Pommes Frites,Beilagen,,MwSt. 7%,1.07,10.280374,0.719626,Normalverkauf
S1000084.57896,SP1000084.36.57896,SY1000084.2026.57896,iPad1(1000084),84,01.06.26 19:20,Prod,A1000084.6090,Tisch 7,104,S1000084.57896,VOID,2,9.8,19.6,0.0,0.0,0.0,0.0,108,Seelachs-Ei-Baugette,Hauptgerichte,,MwSt. 7%,1.07,18.317757,1.282243,Normalverkauf
S1000084.57897,SP1000084.36.57897,SY1000084.2026.57897,iPad1(1000084),84,01.06.26 19:20,Prod,A1000084.6090,Tisch 7,104,S1000084.57897,VOID,1,3.2,3.2,0.0,0.0,0.0,0.0,120,Apfelschorle,Getränke,,MwSt. 19%,1.19,2.689076,0.510924,Normalverkauf
S1000084.57898,SP1000084.36.57898,SY1000084.2026.57898,iPad1(1000084),84,01.06.26 19:20,Prod,A1000084.6090,Tisch 7,104,S1000084.57898,VOID,2,10.9,21.8,0.0,0.0,0.0,0.0,107,Chicken Burger,Hauptgerichte,,MwSt. 7%,1.07,20.373832,1.426168,Normalverkauf
S1000084.57899,SP1000084.36.57899,SY1000084.2026.57899,iPad1(1000084),84,01.06.26 19:16,Prod,A1000084.6091,Tisch 23,102,S1000084.57899,SALE,1,6.5,6.5,0.0,0.0,0.0,0.0,100,Fischbrötchen Backfisch,Hauptspeisen,,MwSt. 7%,1.07,6.074766,0.425234,Normalverkauf
S1000084.57900,SP1000084.36.57900,SY1000084.2026.57900,iPad1(1000084),84,01.06.26 17:12,Prod,A1000084.6092,Tisch 18,104,S1000084.57900,SALE,1,5.9,5.9,0.0,0.0,0.0,0.0,117,Rote Grütze,Desserts,,MwSt. 7%,1.07,5.514019,0.385981,Normalverkauf
S1000084.57901,SP1000084.36.57901,SY1000084.2026.57901,iPad1(1000084),84,01.06.26 10:00,Prod,A1000084.6093,Tisch 8,102,S1000084.57901,SALE,2,6.9,13.8,0.0,0.0,0.0,0.0,103,Fischbrötchen Räucherlachs,Hauptspeisen,,MwSt. 7%,1.07,12.897196,0.902804,Normalverkauf
S1000084.57902,SP1000084.36.57902,SY1000084.2026.57902,iPad1(1000084),84,01.06.26 10:00,Prod,A1000084.6093,Tisch 8,102,S1000084.57902,SALE,1,3.9,3.9,0.0,0.0,0.0,0.0,124,Cola Zero,Getränke,,MwSt. 19%,1.19,3.277311,0.622689,Normalverkauf
S1000084.57903,SP1000084.36.57903,SY1000084.2026.57903,iPad1(1000084),84,01.06.26 10:00,Prod,A1000084.6093,Tisch 8,102,S1000084.57903,SALE,1,10.9,10.9,0.0,0.0,0.0,0.0,104,Thunfisch Wrap,Hauptgerichte,,MwSt. 7%,1.07,10.186916,0.713084,Normalverkauf
S1000084.57904,SP1000084.36.57904,SY1000084.2026.57904,iPad1(1000084),84,01.06.26 13:43,Prod,A1000084.6094,Tisch 5,112,S1000084.57904,VOID,2,11.5,23.0,0.0,0.0,0.0,0.0,105,Garnelen-Kimchi-Bruger,Hauptgerichte,,MwSt. 7%,1.07,21.495327,1.504673,Normalverkauf
S1000084.57905,SP1000084.36.57905,SY1000084.2026.57905,iPad1(1000084),84,01.06.26 13:43,Prod,A1000084.6094,Tisch 5,112,S1000084.57905,VOID,2,10.9,21.8,0.0,0.0,0.0,0.0,107,Chicken Burger,Hauptgerichte,,MwSt. 7%,1.07,20.373832,1.426168,Normalverkauf
S1000084.57906,SP1000084.36.57906,SY1000084.2026.57906,iPad1(1000084),84,01.06.26 18:34,Prod,A1000084.6095,Tisch 10,112,S1000084.57906,SALE,2,5.9,11.8,0.0,0.0,0.0,0.0,123,Inger-Limonade,Getränke,,MwSt. 19%,1.19,9.915966,1.884034,Normalverkauf
S1000084.57907,SP1000084.36.57907,SY1000084.2026.57907,iPad1(1000084),84,01.06.26 12:49,Prod,A1000084.6096,Tisch 16,104,S1000084.57907,SALE,1,9.8,9.8,0.0,0.0,0.0,0.0,108,Seelachs-Ei-Baugette,Hauptgerichte,,MwSt. 7%,1.07,9.158879,0.641121,Normalverkauf
S1000084.57908,SP1000084.36.57908,SY1000084.2026.57908,iPad1(1000084),84,01.06.26 12:49,Prod,A1000084.6096,Tisch 16,104,S1000084.57908,SALE,1,6.9,6.9,0.0,0.0,0.0,0.0,103,Fischbrötchen Räucherlachs,Hauptspeisen,,MwSt. 7%,1.07,6.448598,0.451402,Normalverkauf
S1000084.57909,SP1000084.36.57909,SY1000084.2026.57909,iPad1(1000084),84,01.06.26 18:38,Prod,A1000084.6097,Tisch 5,112,S1000084.57909,VOID,1,4.2,4.2,0.0,0.0,0.0,0.0,122,Bier,Getränke,,MwSt. 19%,1.19,3.529412,0.670588,Normalverkauf
S1000084.57910,SP1000084.36.57910,SY1000084.2026.57910,iPad1(1000084),84,01.06.26 18:57,Prod,A1000084.6098,Tisch 8,112,S1000084.57910,SALE,1,10.9,10.9,0.0,0.0,0.0,0.0,104,Thunfisch Wrap,Hauptgerichte,,MwSt. 7%,1.07,10.186916,0.713084,Normalverkauf
S1000084.57911,SP1000084.36.57911,SY1000084.2026.57911,iPad1(1000084),84,01.06.26 14:32,Prod,A1000084.6099,Tisch 9,104,S1000084.57911,VOID,2,6.5,13.0,0.0,0.0,0.0,0.0,118,Schokokuchen,Desserts,,MwSt. 7%,1.07,12.149533,0.850467,Normalverkauf
S1000084.57912,SP1000084.36.57912,SY1000084.2026.57912,iPad1(1000084),84,01.06.26 14:32,Prod,A1000084.6099,Tisch 9,104,S1000084.57912,VOID,1,4.2,4.2,0.0,0.0,0.0,0.0,122,Bier,Getränke,,MwSt. 19%,1.19,3.529412,0.670588,Normalverkauf
S1000084.57913,SP1000084.36.57913,SY1000084.2026.57913,iPad1(1000084),84,01.06.26 08:54,Prod,A1000084.6100,Tisch 17,102,S1000084.57913,SALE,2,6.5,13.0,0.0,0.0,0.0,0.0,100,Fischbrötchen Backfisch,Hauptspeisen,,MwSt. 7%,1.07,12.149533,0.850467,Normalverkauf
S1000084.57914,SP1000084.36.57914,SY1000084.2026.57914,iPad1(1000084),84,01.06.26 08:54,Prod,A1000084.6100,Tisch 17,102,S1000084.57914,SALE,2,5.5,11.0,0.0,0.0,0.0,0.0,114,Fisch Nuggets Box,Beilagen,,MwSt. 7%,1.07,10.280374,0.719626,Normalverkauf
S1000084.57915,SP1000084.36.57915,SY1000084.2026.57915,iPad1(1000084),84,01.06.26 08:54,Prod,A1000084.6100,Tisch 17,102,S1000084.57915,SALE,1,6.5,6.5,0.0,0.0,0.0,0.0,118,Schokokuchen,Desserts,,MwSt. 7%,1.07,6.074766,0.425234,Normalverkauf
S1000084.57916,SP1000084.36.57916,SY1000084.2026.57916,iPad1(1000084),84,01.06.26 19:39,Prod,A1000084.6101,Tisch 13,102,S1000084.57916,SALE,2,4.9,9.8,0.0,0.0,0.0,0.0,112,Kartoffelwedges,Beilagen,,MwSt. 7%,1.07,9.158879,0.641121,Normalverkauf
S1000084.57917,SP1000084.36.57917,SY1000084.2026.57917,iPad1(1000084),84,01.06.26 18:27,Prod,A1000084.6102,Tisch 17,104,S1000084.57917,SALE,1,3.9,3.9,0.0,0.0,0.0,0.0,119,Cola,Getränke,,MwSt. 19%,1.19,3.277311,0.622689,Normalverkauf
S1000084.57918,SP1000084.36.57918,SY1000084.2026.57918,iPad1(1000084),84,01.06.26 16:14,Prod,A1000084.6103,Tisch 21,108,S1000084.57918,SALE,1,3.9,3.9,0.0,0.0,0.0,0.0,119,Cola,Getränke,,MwSt. 19%,1.19,3.277311,0.622689,Normalverkauf
S1000084.57919,SP1000084.36.57919,SY1000084.2026.57919,iPad1(1000084),84,01.06.26 17:32,Prod,A1000084.6104,,102,S1000084.57919,SALE,2,3.2,6.4,0.0,0.0,0.0,0.0,120,Apfelschorle,Getränke,,MwSt. 19%,1.19,5.378151,1.021849,Normalverkauf
S1000084.57920,SP1000084.36.57920,SY1000084.2026.57920,iPad1(1000084),84,01.06.26 17:32,Prod,A1000084.6104,,102,S1000084.57920,SALE,1,10.9,10.9,0.0,0.0,0.0,0.0,107,Chicken Burger,Hauptgerichte,,MwSt. 7%,1.07,10.186916,0.713084,Normalverkauf
S1000084.57921,SP1000084.36.57921,SY1000084.2026.57921,iPad1(1000084),84,01.06.26 17:32,Prod,A1000084.6104,,102,S1000084.57921,SALE,1,3.2,3.2,0.0,0.0,0.0,0.0,120,Apfelschorle,Getränke,,MwSt. 19%,1.19,2.689076,0.510924,Normalverkauf
S1000084.57922,SP1000084.36.57922,SY1000084.2026.57922,iPad1(1000084),84,01.06.26 09:16,Prod,A1000084.6105,,108,S1000084.57922,SALE,1,11.9,11.9,0.0,0.0,0.0,0.0,110,Matjes-Baguette,Hauptgerichte,,MwSt. 7%,1.07,11.121495,0.778505,Normalverkauf
S1000084.57923,SP1000084.36.57923,SY1000084.2026.57923,iPad1(1000084),84,01.06.26 09:16,Prod,A1000084.6105,,108,S1000084.57923,SALE,1,3.9,3.9,0.0,0.0,0.0,0.0,119,Cola,Getränke,,MwSt. 19%,1.19,3.277311,0.622689,Normalverkauf
S1000084.57924,SP1000084.36.57924,SY1000084.2026.57924,iPad1(1000084),84,01.06.26 09:16,Prod,A1000084.6105,,108,S1000084.57924,SALE,1,6.9,6.9,0.0,0.0,0.0,0.0,113,Garnelen Box,Beilagen,,MwSt. 7%,1.07,6.448598,0.451402,Normalverkauf
S1000084.57925,SP1000084.36.57925,SY1000084.2026.57925,iPad1(1000084),84,01.06.26 09:34,Prod,A1000084.6106,Tisch 22,107,S1000084.57925,SALE,2,10.9,21.8,0.0,0.0,0.0,0.0,107,Chicken Burger,Hauptgerichte,,MwSt. 7%,1.07,20.373832,1.426168,Normalverkauf
S1000084.57926,SP1000084.36.57926,SY1000084.2026.57926,iPad1(1000084),84,01.06.26 09:34,Prod,A1000084.6106,Tisch 22,107,S1000084.57926,SALE,2,4.2,8.4,0.0,0.0,0.0,0.0,122,Bier,Getränke,,MwSt. 19%,1.19,7.058824,1.341176,Normalverkauf
S1000084.57927,SP1000084.36.57927,SY1000084.2026.57927,iPad1(1000084),84,01.06.26 09:34,Prod,A1000084.6106,Tisch 22,107,S1000084.57927,SALE,2,5.5,11.0,0.0,0.0,0.0,0.0,111,Pommes Frites,Beilagen,,MwSt. 7%,1.07,10.280374,0.719626,Normalverkauf
S1000084.57928,SP1000084.36.57928,SY1000084.2026.57928,iPad1(1000084),84,01.06.26 19:49,Prod,A1000084.6107,Tisch 15,102,S1000084.57928,SALE,2,6.9,13.8,0.0,0.0,0.0,0.0,103,Fischbrötchen Räucherlachs,Hauptspeisen,,MwSt. 7%,1.07,12.897196,0.902804,Normalverkauf
S1000084.57929,SP1000084.36.57929,SY1000084.2026.57929,iPad1(1000084),84,01.06.26 08:18,Prod,A1000084.6108,Tisch 19,102,S1000084.57929,SALE,2,6.9,13.8,0.0,0.0,0.0,0.0,113,Garnelen Box,Beilagen,,MwSt. 7%,1.07,12.897196,0.902804,Normalverkauf
S1000084.57930,SP1000084.36.57930,SY1000084.2026.57930,iPad1(1000084),84,01.06.26 13:31,Prod,A1000084.6109,Tisch 7,104,S1000084.57930,SALE,1,6.9,6.9,0.0,0.0,0.0,0.0,103,Fischbrötchen Räucherlachs,Hauptspeisen,,MwSt. 7%,1.07,6.448598,0.451402,Normalverkauf
S1000084.57931,SP1000084.36.57931,SY1000084.2026.57931,iPad1(1000084),84,01.06.26 20:09,Prod,A1000084.6110,Tisch 22,104,S1000084.57931,SALE,2,5.9,11.8,0.0,0.0,0.0,0.0,117,Rote Grütze,Desserts,,MwSt. 7%,1.07,11.028037,0.771963,Normalverkauf
S1000084.57932,SP1000084.36.57932,SY1000084.2026.57932,iPad1(1000084),84,01.06.26 20:09,Prod,A1000084.6110,Tisch 22,104,S1000084.57932,SALE,1,5.5,5.5,0.0,0.0,0.0,0.0,111,Pommes Frites,Beilagen,,MwSt. 7%,1.07,5.140187,0.359813,Normalverkauf
S1000084.57933,SP1000084.36.57933,SY1000084.2026.57933,iPad1(1000084),84,01.06.26 20:09,Prod,A1000084.6110,Tisch 22,104,S1000084.57933,SALE,2,14.5,29.0,0.0,0.0,0.0,0.0,101,Lachs,Hauptspeisen,,MwSt. 7%,1.07,27.102804,1.897196,Normalverkauf
S1000084.57934,SP1000084.36.57934,SY1000084.2026.57934,iPad1(1000084),84,01.06.26 19:14,Prod,A1000084.6111,Tisch 9,107,S1000084.57934,SALE,1,3.9,3.9,0.0,0.0,0.0,0.0,126,Spezi,Getränke,,MwSt. 19%,1.19,3.277311,0.622689,Normalverkauf
S1000084.57935,SP1000084.36.57935,SY1000084.2026.57935,iPad1(1000084),84,01.06.26 19:14,Prod,A1000084.6111,Tisch 9,107,S1000084.57935,SALE,2,10.9,21.8,0.0,0.0,0.0,0.0,104,Thunfisch Wrap,Hauptgerichte,,MwSt. 7%,1.07,20.373832,1.426168,Normalverkauf
S1000084.57936,SP1000084.36.57936,SY1000084.2026.57936,iPad1(1000084),84,01.06.26 20:52,Prod,A1000084.6112,Tisch 8,102,S1000084.57936,VOID,2,3.9,7.8,0.0,0.0,0.0,0.0,127,Alkoholfreies Bier,Getränke,,MwSt. 19%,1.19,6.554622,1.245378,Normalverkauf
S1000084.57937,SP1000084.36.57937,SY1000084.2026.57937,iPad1(1000084),84,01.06.26 20:24,Prod,A1000084.6113,Tisch 9,104,S1000084.57937,SALE,1,4.2,4.2,0.0,0.0,0.0,0.0,122,Bier,Getränke,,MwSt. 19%,1.19,3.529412,0.670588,Normalverkauf
S1000084.57938,SP1000084.36.57938,SY1000084.2026.57938,iPad1(1000084),84,01.06.26 20:24,Prod,A1000084.6113,Tisch 9,104,S1000084.57938,SALE,1,3.9,3.9,0.0,0.0,0.0,0.0,126,Spezi,Getränke,,MwSt. 19%,1.19,3.277311,0.622689,Normalverkauf
S1000084.57939,SP1000084.36.57939,SY1000084.2026.57939,iPad1(1000084),84,01.06.26 20:24,Prod,A1000084.6113,Tisch 9,104,S1000084.57939,SALE,2,3.2,6.4,0.0,0.0,0.0,0.0,120,Apfelschorle,Getränke,,MwSt. 19%,1.19,5.378151,1.021849,Normalverkauf
S1000084.57940,SP1000084.36.57940,SY1000084.2026.57940,iPad1(1000084),84,01.06.26 18:00,Prod,A1000084.6114,Tisch 19,104,S1000084.57940,SALE,2,4.2,8.4,0.0,0.0,0.0,0.0,122,Bier,Getränke,,MwSt. 19%,1.19,7.058824,1.341176,Normalverkauf
S1000084.57941,SP1000084.36.57941,SY1000084.2026.57941,iPad1(1000084),84,01.06.26 18:00,Prod,A1000084.6114,Tisch 19,104,S1000084.57941,SALE,1,5.9,5.9,0.0,0.0,0.0,0.0,117,Rote Grütze,Desserts,,MwSt. 7%,1.07,5.514019,0.385981,Normalverkauf
S1000084.57942,SP1000084.36.57942,SY1000084.2026.57942,iPad1(1000084),84,01.06.26 12:37,Prod,A1000084.6115,,102,S1000084.57942,VOID,2,11.9,23.8,0.0,0.0,0.0,0.0,110,Matjes-Baguette,Hauptgerichte,,MwSt. 7%,1.07,22.242991,1.557009,Normalverkauf
S1000084.57943,SP1000084.36.57943,SY1000084.2026.57943,iPad1(1000084),84,01.06.26 13:39,Prod,A1000084.6116,Tisch 8,112,S1000084.57943,SALE,1,5.5,5.5,0.0,0.0,0.0,0.0,111,Pommes Frites,Beilagen,,MwSt. 7%,1.07,5.140187,0.359813,Normalverkauf
S1000084.57944,SP1000084.36.57944,SY1000084.2026.57944,iPad1(1000084),84,01.06.26 13:39,Prod,A1000084.6116,Tisch 8,112,S1000084.57944,SALE,2,13.5,27.0,0.0,0.0,0.0,0.0,102,Matjes,Hauptspeisen,,MwSt. 7%,1.07,25.233645,1.766355,Normalverkauf
S1000084.57945,SP1000084.36.57945,SY1000084.2026.57945,iPad1(1000084),84,01.06.26 13:39,Prod,A1000084.6116,Tisch 8,112,S1000084.57945,SALE,1,5.9,5.9,0.0,0.0,0.0,0.0,125,Zitronen-Limonade,Getränke,,MwSt. 19%,1.19,4.957983,0.942017,Normalverkauf
S1000084.57946,SP1000084.36.57946,SY1000084.2026.57946,iPad1(1000084),84,01.06.26 16:56,Prod,A1000084.6117,Tisch 16,112,S1000084.57946,SALE,2,3.9,7.8,0.0,0.0,0.0,0.0,126,Spezi,Getränke,,MwSt. 19%,1.19,6.554622,1.245378,Normalverkauf
S1000084.57947,SP1000084.36.57947,SY1000084.2026.57947,iPad1(1000084),84,01.06.26 17:30,Prod,A1000084.6118,Tisch 1,107,S1000084.57947,SALE,2,13.5,27.0,0.0,0.0,0.0,0.0,102,Matjes,Hauptspeisen,,MwSt. 7%,1.07,25.233645,1.766355,Normalverkauf
S1000084.57948,SP1000084.36.57948,SY1000084.2026.57948,iPad1(1000084),84,01.06.26 11:20,Prod,A1000084.6119,Tisch 7,112,S1000084.57948,SALE,2,3.9,7.8,0.0,0.0,0.0,0.0,119,Cola,Getränke,,MwSt. 19%,1.19,6.554622,1.245378,Normalverkauf
S1000084.57949,SP1000084.36.57949,SY1000084.2026.57949,iPad1(1000084),84,01.06.26 11:20,Prod,A1000084.6119,Tisch 7,112,S1000084.57949,SALE,1,5.5,5.5,0.0,0.0,0.0,0.0,111,Pommes Frites,Beilagen,,MwSt. 7%,1.07,5.140187,0.359813,Normalverkauf
S1000084.57950,SP1000084.36.57950,SY1000084.2026.57950,iPad1(1000084),84,01.06.26 19:40,Prod,A1000084.6120,Tisch 22,112,S1000084.57950,SALE,2,3.9,7.8,0.0,0.0,0.0,0.0,124,Cola Zero,Getränke,,MwSt. 19%,1.19,6.554622,1.245378,Normalverkauf
S1000084.57951,SP1000084.36.57951,SY1000084.2026.57951,iPad1(1000084),84,01.06.26 19:40,Prod,A1000084.6120,Tisch 22,112,S1000084.57951,SALE,1,6.5,6.5,0.0,0.0,0.0,0.0,100,Fischbrötchen Backfisch,Hauptspeisen,,MwSt. 7%,1.07,6.074766,0.425234,Normalverkauf
S1000084.57952,SP1000084.36.57952,SY1000084.2026.57952,iPad1(1000084),84,01.06.26 16:57,Prod,A1000084.6121,Tisch 6,108,S1000084.57952,VOID,1,4.2,4.2,0.0,0.0,0.0,0.0,122,Bier,Getränke,,MwSt. 19%,1.19,3.529412,0.670588,Normalverkauf
S1000084.57953,SP1000084.36.57953,SY1000084.2026.57953,iPad1(1000084),84,01.06.26 16:57,Prod,A1000084.6121,Tisch 6,108,S1000084.57953,VOID,2,5.9,11.8,0.0,0.0,0.0,0.0,117,Rote Grütze,Desserts,,MwSt. 7%,1.07,11.028037,0.771963,Normalverkauf
S1000084.57954,SP1000084.36.57954,SY1000084.2026.57954,iPad1(1000084),84,01.06.26 11:46,Prod,A1000084.6122,Tisch 17,112,S1000084.57954,SALE,2,4.2,8.4,0.0,0.0,0.0,0.0,122,Bier,Getränke,,MwSt. 19%,1.19,7.058824,1.341176,Normalverkauf
S1000084.57955,SP1000084.36.57955,SY1000084.2026.57955,iPad1(1000084),84,01.06.26 17:07,Prod,A1000084.6123,,104,S1000084.57955,SALE,2,10.9,21.8,0.0,0.0,0.0,0.0,104,Thunfisch Wrap,Hauptgerichte,,MwSt. 7%,1.07,20.373832,1.426168,Normalverkauf
S1000084.57956,SP1000084.36.57956,SY1000084.2026.57956,iPad1(1000084),84,01.06.26 17:07,Prod,A1000084.6123,,104,S1000084.57956,SALE,2,3.9,7.8,0.0,0.0,0.0,0.0,119,Cola,Getränke,,MwSt. 19%,1.19,6.554622,1.245378,Normalverkauf
S1000084.57957,SP1000084.36.57957,SY1000084.2026.57957,iPad1(1000084),84,01.06.26 17:07,Prod,A1000084.6123,,104,S1000084.57957,SALE,2,5.5,11.0,0.0,0.0,0.0,0.0,111,Pommes Frites,Beilagen,,MwSt. 7%,1.07,10.280374,0.719626,Normalverkauf
S1000084.57958,SP1000084.36.57958,SY1000084.2026.57958,iPad1(1000084),84,01.06.26 15:49,Prod,A1000084.6124,Tisch 22,107,S1000084.57958,SALE,1,4.9,4.9,0.0,0.0,0.0,0.0,112,Kartoffelwedges,Beilagen,,MwSt. 7%,1.07,4.579439,0.320561,Normalverkauf
S1000084.57959,SP1000084.36.57959,SY1000084.2026.57959,iPad1(1000084),84,01.06.26 16:36,Prod,A1000084.6125,Tisch 7,102,S1000084.57959,VOID,1,11.9,11.9,0.0,0.0,0.0,0.0,110,Matjes-Baguette,Hauptgerichte,,MwSt. 7%,1.07,11.121495,0.778505,Normalverkauf
S1000084.57960,SP1000084.36.57960,SY1000084.2026.57960,iPad1(1000084),84,01.06.26 17:54,Prod,A1000084.6126,Tisch 24,112,S1000084.57960,SALE,1,6.9,6.9,0.0,0.0,0.0,0.0,103,Fischbrötchen Räucherlachs,Hauptspeisen,,MwSt. 7%,1.07,6.448598,0.451402,Normalverkauf
S1000084.57961,SP1000084.36.57961,SY1000084.2026.57961,iPad1(1000084),84,01.06.26 17:54,Prod,A1000084.6126,Tisch 24,112,S1000084.57961,SALE,2,3.9,7.8,0.0,0.0,0.0,0.0,127,Alkoholfreies Bier,Getränke,,MwSt. 19%,1.19,6.554622,1.245378,Normalverkauf
S1000084.57962,SP1000084.36.57962,SY1000084.2026.57962,iPad1(1000084),84,01.06.26 17:54,Prod,A1000084.6126,Tisch 24,112,S1000084.57962,SALE,2,14.5,29.0,0.0,0.0,0.0,0.0,101,Lachs,Hauptspeisen,,MwSt. 7%,1.07,27.102804,1.897196,Normalverkauf
S1000084.57963,SP1000084.36.57963,SY1000084.2026.57963,iPad1(1000084),84,01.06.26 15:23,Prod,A1000084.6127,Tisch 1,104,S1000084.57963,SALE,1,10.9,10.9,0.0,0.0,0.0,0.0,109,Bismarck-Baguette,Hauptgerichte,,MwSt. 7%,1.07,10.186916,0.713084,Normalverkauf
S1000084.57964,SP1000084.36.57964,SY1000084.2026.57964,iPad1(1000084),84,01.06.26 12:43,Prod,A1000084.6128,Tisch 7,112,S1000084.57964,SALE,1,2.8,2.8,0.0,0.0,0.0,0.0,121,Mineralwasser,Getränke,,MwSt. 19%,1.19,2.352941,0.447059,Normalverkauf
S1000084.57965,SP1000084.36.57965,SY1000084.2026.57965,iPad1(1000084),84,01.06.26 12:43,Prod,A1000084.6128,Tisch 7,112,S1000084.57965,SALE,1,10.9,10.9,0.0,0.0,0.0,0.0,107,Chicken Burger,Hauptgerichte,,MwSt. 7%,1.07,10.186916,0.713084,Normalverkauf
S1000084.57966,SP1000084.36.57966,SY1000084.2026.57966,iPad1(1000084),84,01.06.26 20:11,Prod,A1000084.6129,Tisch 8,112,S1000084.57966,SALE,2,3.9,7.8,0.0,0.0,0.0,0.0,126,Spezi,Getränke,,MwSt. 19%,1.19,6.554622,1.245378,Normalverkauf
S1000084.57967,SP1000084.36.57967,SY1000084.2026.57967,iPad1(1000084),84,01.06.26 13:40,Prod,A1000084.6130,Tisch 10,112,S1000084.57967,VOID,2,4.2,8.4,0.0,0.0,0.0,0.0,122,Bier,Getränke,,MwSt. 19%,1.19,7.058824,1.341176,Normalverkauf
S1000084.57968,SP1000084.36.57968,SY1000084.2026.57968,iPad1(1000084),84,01.06.26 19:57,Prod,A1000084.6131,Tisch 3,102,S1000084.57968,SALE,1,4.2,4.2,0.0,0.0,0.0,0.0,122,Bier,Getränke,,MwSt. 19%,1.19,3.529412,0.670588,Normalverkauf
S1000084.57969,SP1000084.36.57969,SY1000084.2026.57969,iPad1(1000084),84,01.06.26 19:57,Prod,A1000084.6131,Tisch 3,102,S1000084.57969,SALE,1,3.9,3.9,0.0,0.0,0.0,0.0,126,Spezi,Getränke,,MwSt. 19%,1.19,3.277311,0.622689,Normalverkauf
S1000084.57970,SP1000084.36.57970,SY1000084.2026.57970,iPad1(1000084),84,01.06.26 19:57,Prod,A1000084.6131,Tisch 3,102,S1000084.57970,SALE,2,3.9,7.8,0.0,0.0,0.0,0.0,126,Spezi,Getränke,,MwSt. 19%,1.19,6.554622,1.245378,Normalverkauf
S1000084.57971,SP1000084.36.57971,SY1000084.2026.57971,iPad1(1000084),84,01.06.26 15:30,Prod,A1000084.6132,Tisch 8,112,S1000084.57971,SALE,1,10.9,10.9,0.0,0.0,0.0,0.0,109,Bismarck-Baguette,Hauptgerichte,,MwSt. 7%,1.07,10.186916,0.713084,Normalverkauf
S1000084.57972,SP1000084.36.57972,SY1000084.2026.57972,iPad1(1000084),84,01.06.26 15:30,Prod,A1000084.6132,Tisch 8,112,S1000084.57972,SALE,2,5.5,11.0,0.0,0.0,0.0,0.0,111,Pommes Frites,Beilagen,,MwSt. 7%,1.07,10.280374,0.719626,Normalverkauf
S1000084.57973,SP1000084.36.57973,SY1000084.2026.57973,iPad1(1000084),84,01.06.26 15:30,Prod,A1000084.6132,Tisch 8,112,S1000084.57973,SALE,1,10.9,10.9,0.0,0.0,0.0,0.0,107,Chicken Burger,Hauptgerichte,,MwSt. 7%,1.07,10.186916,0.713084,Normalverkauf
S1000084.57974,SP1000084.36.57974,SY1000084.2026.57974,iPad1(1000084),84,01.06.26 18:17,Prod,A1000084.6133,Tisch 11,104,S1000084.57974,SALE,2,5.9,11.8,0.0,0.0,0.0,0.0,125,Zitronen-Limonade,Getränke,,MwSt. 19%,1.19,9.915966,1.884034,Normalverkauf
S1000084.57975,SP1000084.36.57975,SY1000084.2026.57975,iPad1(1000084),84,01.06.26 18:17,Prod,A1000084.6133,Tisch 11,104,S1000084.57975,SALE,2,4.2,8.4,0.0,0.0,0.0,0.0,122,Bier,Getränke,,MwSt. 19%,1.19,7.058824,1.341176,Normalverkauf
S1000084.57976,SP1000084.36.57976,SY1000084.2026.57976,iPad1(1000084),84,01.06.26 11:40,Prod,A1000084.6134,Tisch 1,107,S1000084.57976,SALE,1,6.5,6.5,0.0,0.0,0.0,0.0,100,Fischbrötchen Backfisch,Hauptspeisen,,MwSt. 7%,1.07,6.074766,0.425234,Normalverkauf
S1000084.57977,SP1000084.36.57977,SY1000084.2026.57977,iPad1(1000084),84,01.06.26 11:40,Prod,A1000084.6134,Tisch 1,107,S1000084.57977,SALE,1,6.9,6.9,0.0,0.0,0.0,0.0,103,Fischbrötchen Räucherlachs,Hauptspeisen,,MwSt. 7%,1.07,6.448598,0.451402,Normalverkauf
S1000084.57978,SP1000084.36.57978,SY1000084.2026.57978,iPad1(1000084),84,01.06.26 11:40,Prod,A1000084.6134,Tisch 1,107,S1000084.57978,SALE,2,11.5,23.0,0.0,0.0,0.0,0.0,105,Garnelen-Kimchi-Bruger,Hauptgerichte,,MwSt. 7%,1.07,21.495327,1.504673,Normalverkauf
S1000084.57979,SP1000084.36.57979,SY1000084.2026.57979,iPad1(1000084),84,01.06.26 12:39,Prod,A1000084.6135,Tisch 16,102,S1000084.57979,SALE,2,10.9,21.8,0.0,0.0,0.0,0.0,107,Chicken Burger,Hauptgerichte,,MwSt. 7%,1.07,20.373832,1.426168,Normalverkauf
S1000084.57980,SP1000084.36.57980,SY1000084.2026.57980,iPad1(1000084),84,01.06.26 20:10,Prod,A1000084.6136,Tisch 4,112,S1000084.57980,SALE,2,5.5,11.0,0.0,0.0,0.0,0.0,114,Fisch Nuggets Box,Beilagen,,MwSt. 7%,1.07,10.280374,0.719626,Normalverkauf
S1000084.57981,SP1000084.36.57981,SY1000084.2026.57981,iPad1(1000084),84,01.06.26 18:13,Prod,A1000084.6137,Tisch 1,112,S1000084.57981,SALE,1,6.5,6.5,0.0,0.0,0.0,0.0,100,Fischbrötchen Backfisch,Hauptspeisen,,MwSt. 7%,1.07,6.074766,0.425234,Normalverkauf
S1000084.57982,SP1000084.36.57982,SY1000084.2026.57982,iPad1(1000084),84,01.06.26 19:42,Prod,A1000084.6138,Tisch 21,102,S1000084.57982,SALE,1,3.2,3.2,0.0,0.0,0.0,0.0,120,Apfelschorle,Getränke,,MwSt. 19%,1.19,2.689076,0.510924,Normalverkauf
S1000084.57983,SP1000084.36.57983,SY1000084.2026.57983,iPad1(1000084),84,01.06.26 19:54,Prod,A1000084.6139,Tisch 10,107,S1000084.57983,VOID,2,4.2,8.4,0.0,0.0,0.0,0.0,122,Bier,Getränke,,MwSt. 19%,1.19,7.058824,1.341176,Normalverkauf
S1000084.57984,SP1000084.36.57984,SY1000084.2026.57984,iPad1(1000084),84,01.06.26 19:54,Prod,A1000084.6139,Tisch 10,107,S1000084.57984,VOID,1,2.8,2.8,0.0,0.0,0.0,0.0,121,Mineralwasser,Getränke,,MwSt. 19%,1.19,2.352941,0.447059,Normalverkauf
S1000084.57985,SP1000084.36.57985,SY1000084.2026.57985,iPad1(1000084),84,01.06.26 19:54,Prod,A1000084.6139,Tisch 10,107,S1000084.57985,VOID,1,6.9,6.9,0.0,0.0,0.0,0.0,113,Garnelen Box,Beilagen,,MwSt. 7%,1.07,6.448598,0.451402,Normalverkauf
S1000084.57986,SP1000084.36.57986,SY1000084.2026.57986,iPad1(1000084),84,01.06.26 11:22,Prod,A1000084.6140,Tisch 4,112,S1000084.57986,SALE,1,10.9,10.9,0.0,0.0,0.0,0.0,104,Thunfisch Wrap,Hauptgerichte,,MwSt. 7%,1.07,10.186916,0.713084,Normalverkauf
S1000084.57987,SP1000084.36.57987,SY1000084.2026.57987,iPad1(1000084),84,01.06.26 11:22,Prod,A1000084.6140,Tisch 4,112,S1000084.57987,SALE,2,5.9,11.8,0.0,0.0,0.0,0.0,117,Rote Grütze,Desserts,,MwSt. 7%,1.07,11.028037,0.771963,Normalverkauf
S1000084.57988,SP1000084.36.57988,SY1000084.2026.57988,iPad1(1000084),84,01.06.26 17:15,Prod,A1000084.6141,Tisch 14,108,S1000084.57988,SALE,2,5.9,11.8,0.0,0.0,0.0,0.0,117,Rote Grütze,Desserts,,MwSt. 7%,1.07,11.028037,0.771963,Normalverkauf
S1000084.57989,SP1000084.36.57989,SY1000084.2026.57989,iPad1(1000084),84,01.06.26 17:15,Prod,A1000084.6141,Tisch 14,108,S1000084.57989,SALE,1,10.9,10.9,0.0,0.0,0.0,0.0,109,Bismarck-Baguette,Hauptgerichte,,MwSt. 7%,1.07,10.186916,0.713084,Normalverkauf
S1000084.57990,SP1000084.36.57990,SY1000084.2026.57990,iPad1(1000084),84,01.06.26 12:32,Prod,A1000084.6142,Tisch 23,107,S1000084.57990,VOID,2,10.9,21.8,0.0,0.0,0.0,0.0,104,Thunfisch Wrap,Hauptgerichte,,MwSt. 7%,1.07,20.373832,1.426168,Normalverkauf
S1000084.57991,SP1000084.36.57991,SY1000084.2026.57991,iPad1(1000084),84,01.06.26 16:33,Prod,A1000084.6143,Tisch 20,102,S1000084.57991,SALE,2,2.8,5.6,0.0,0.0,0.0,0.0,121,Mineralwasser,Getränke,,MwSt. 19%,1.19,4.705882,0.894118,Normalverkauf
S1000084.57992,SP1000084.36.57992,SY1000084.2026.57992,iPad1(1000084),84,01.06.26 16:33,Prod,A1000084.6143,Tisch 20,102,S1000084.57992,SALE,2,3.2,6.4,0.0,0.0,0.0,0.0,120,Apfelschorle,Getränke,,MwSt. 19%,1.19,5.378151,1.021849,Normalverkauf
S1000084.57993,SP1000084.36.57993,SY1000084.2026.57993,iPad1(1000084),84,01.06.26 16:33,Prod,A1000084.6143,Tisch 20,102,S1000084.57993,SALE,1,10.9,10.9,0.0,0.0,0.0,0.0,109,Bismarck-Baguette,Hauptgerichte,,MwSt. 7%,1.07,10.186916,0.713084,Normalverkauf
S1000084.57994,SP1000084.36.57994,SY1000084.2026.57994,iPad1(1000084),84,01.06.26 20:06,Prod,A1000084.6144,,104,S1000084.57994,SALE,1,3.9,3.9,0.0,0.0,0.0,0.0,119,Cola,Getränke,,MwSt. 19%,1.19,3.277311,0.622689,Normalverkauf
S1000084.57995,SP1000084.36.57995,SY1000084.2026.57995,iPad1(1000084),84,01.06.26 20:06,Prod,A1000084.6144,,104,S1000084.57995,SALE,2,4.2,8.4,0.0,0.0,0.0,0.0,122,Bier,Getränke,,MwSt. 19%,1.19,7.058824,1.341176,Normalverkauf
S1000084.57996,SP1000084.36.57996,SY1000084.2026.57996,iPad1(1000084),84,01.06.26 20:06,Prod,A1000084.6144,,104,S1000084.57996,SALE,1,14.5,14.5,0.0,0.0,0.0,0.0,101,Lachs,Hauptspeisen,,MwSt. 7%,1.07,13.551402,0.948598,Normalverkauf
S1000084.57997,SP1000084.36.57997,SY1000084.2026.57997,iPad1(1000084),84,01.06.26 11:23,Prod,A1000084.6145,Tisch 24,104,S1000084.57997,SALE,2,7.9,15.8,0.0,0.0,0.0,0.0,115,Tiramisu,Desserts,,MwSt. 7%,1.07,14.766355,1.033645,Normalverkauf
S1000084.57998,SP1000084.36.57998,SY1000084.2026.57998,iPad1(1000084),84,01.06.26 11:23,Prod,A1000084.6145,Tisch 24,104,S1000084.57998,SALE,2,5.9,11.8,0.0,0.0,0.0,0.0,117,Rote Grütze,Desserts,,MwSt. 7%,1.07,11.028037,0.771963,Normalverkauf
S1000084.57999,SP1000084.36.57999,SY1000084.2026.57999,iPad1(1000084),84,01.06.26 11:23,Prod,A1000084.6145,Tisch 24,104,S1000084.57999,SALE,1,3.9,3.9,0.0,0.0,0.0,0.0,127,Alkoholfreies Bier,Getränke,,MwSt. 19%,1.19,3.277311,0.622689,Normalverkauf
S1000084.58000,SP1000084.36.58000,SY1000084.2026.58000,iPad1(1000084),84,01.06.26 16:07,Prod,A1000084.6146,Tisch 13,102,S1000084.58000,SALE,1,4.9,4.9,0.0,0.0,0.0,0.0,112,Kartoffelwedges,Beilagen,,MwSt. 7%,1.07,4.579439,0.320561,Normalverkauf
S1000084.58001,SP1000084.36.58001,SY1000084.2026.58001,iPad1(1000084),84,01.06.26 16:07,Prod,A1000084.6146,Tisch 13,102,S1000084.58001,SALE,1,6.5,6.5,0.0,0.0,0.0,0.0,100,Fischbrötchen Backfisch,Hauptspeisen,,MwSt. 7%,1.07,6.074766,0.425234,Normalverkauf
S1000084.58002,SP1000084.36.58002,SY1000084.2026.58002,iPad1(1000084),84,01.06.26 16:07,Prod,A1000084.6146,Tisch 13,102,S1000084.58002,SALE,2,5.9,11.8,0.0,0.0,0.0,0.0,125,Zitronen-Limonade,Getränke,,MwSt. 19%,1.19,9.915966,1.884034,Normalverkauf
S1000084.58003,SP1000084.36.58003,SY1000084.2026.58003,iPad1(1000084),84,01.06.26 14:27,Prod,A1000084.6147,,112,S1000084.58003,SALE,1,4.2,4.2,0.0,0.0,0.0,0.0,122,Bier,Getränke,,MwSt. 19%,1.19,3.529412,0.670588,Normalverkauf
S1000084.58004,SP1000084.36.58004,SY1000084.2026.58004,iPad1(1000084),84,01.06.26 14:27,Prod,A1000084.6147,,112,S1000084.58004,SALE,2,9.8,19.6,0.0,0.0,0.0,0.0,108,Seelachs-Ei-Baugette,Hauptgerichte,,MwSt. 7%,1.07,18.317757,1.282243,Normalverkauf
S1000084.58005,SP1000084.36.58005,SY1000084.2026.58005,iPad1(1000084),84,02.06.26 19:14,Prod,A1000084.6148,Tisch 9,108,S1000084.58005,SALE,1,7.9,7.9,0.0,0.0,0.0,0.0,106,Neptun-Ringe,Beilagen,,MwSt. 7%,1.07,7.383178,0.516822,Normalverkauf
S1000084.58006,SP1000084.36.58006,SY1000084.2026.58006,iPad1(1000084),84,02.06.26 19:14,Prod,A1000084.6148,Tisch 9,108,S1000084.58006,SALE,2,13.5,27.0,0.0,0.0,0.0,0.0,102,Matjes,Hauptspeisen,,MwSt. 7%,1.07,25.233645,1.766355,Normalverkauf
S1000084.58007,SP1000084.36.58007,SY1000084.2026.58007,iPad1(1000084),84,02.06.26 19:14,Prod,A1000084.6148,Tisch 9,108,S1000084.58007,SALE,1,4.9,4.9,0.0,0.0,0.0,0.0,112,Kartoffelwedges,Beilagen,,MwSt. 7%,1.07,4.579439,0.320561,Normalverkauf
S1000084.58008,SP1000084.36.58008,SY1000084.2026.58008,iPad1(1000084),84,02.06.26 12:07,Prod,A1000084.6149,Tisch 19,107,S1000084.58008,SALE,2,5.5,11.0,0.0,0.0,0.0,0.0,111,Pommes Frites,Beilagen,,MwSt. 7%,1.07,10.280374,0.719626,Normalverkauf
S1000084.58009,SP1000084.36.58009,SY1000084.2026.58009,iPad1(1000084),84,02.06.26 12:07,Prod,A1000084.6149,Tisch 19,107,S1000084.58009,SALE,1,14.5,14.5,0.0,0.0,0.0,0.0,101,Lachs,Hauptspeisen,,MwSt. 7%,1.07,13.551402,0.948598,Normalverkauf
S1000084.58010,SP1000084.36.58010,SY1000084.2026.58010,iPad1(1000084),84,02.06.26 12:07,Prod,A1000084.6149,Tisch 19,107,S1000084.58010,SALE,2,10.9,21.8,0.0,0.0,0.0,0.0,109,Bismarck-Baguette,Hauptgerichte,,MwSt. 7%,1.07,20.373832,1.426168,Normalverkauf
S1000084.58011,SP1000084.36.58011,SY1000084.2026.58011,iPad1(1000084),84,02.06.26 14:07,Prod,A1000084.6150,Tisch 23,102,S1000084.58011,SALE,1,10.9,10.9,0.0,0.0,0.0,0.0,107,Chicken Burger,Hauptgerichte,,MwSt. 7%,1.07,10.186916,0.713084,Normalverkauf
S1000084.58012,SP1000084.36.58012,SY1000084.2026.58012,iPad1(1000084),84,02.06.26 14:07,Prod,A1000084.6150,Tisch 23,102,S1000084.58012,SALE,1,2.8,2.8,0.0,0.0,0.0,0.0,121,Mineralwasser,Getränke,,MwSt. 19%,1.19,2.352941,0.447059,Normalverkauf
S1000084.58013,SP1000084.36.58013,SY1000084.2026.58013,iPad1(1000084),84,02.06.26 12:53,Prod,A1000084.6151,Tisch 8,102,S1000084.58013,SALE,1,5.5,5.5,0.0,0.0,0.0,0.0,111,Pommes Frites,Beilagen,,MwSt. 7%,1.07,5.140187,0.359813,Normalverkauf
S1000084.58014,SP1000084.36.58014,SY1000084.2026.58014,iPad1(1000084),84,02.06.26 20:48,Prod,A1000084.6152,Tisch 4,102,S1000084.58014,SALE,1,6.9,6.9,0.0,0.0,0.0,0.0,113,Garnelen Box,Beilagen,,MwSt. 7%,1.07,6.448598,0.451402,Normalverkauf
S1000084.58015,SP1000084.36.58015,SY1000084.2026.58015,iPad1(1000084),84,02.06.26 20:48,Prod,A1000084.6152,Tisch 4,102,S1000084.58015,SALE,2,3.9,7.8,0.0,0.0,0.0,0.0,126,Spezi,Getränke,,MwSt. 19%,1.19,6.554622,1.245378,Normalverkauf
S1000084.58016,SP1000084.36.58016,SY1000084.2026.58016,iPad1(1000084),84,02.06.26 20:48,Prod,A1000084.6152,Tisch 4,102,S1000084.58016,SALE,2,10.9,21.8,0.0,0.0,0.0,0.0,109,Bismarck-Baguette,Hauptgerichte,,MwSt. 7%,1.07,20.373832,1.426168,Normalverkauf
S1000084.58017,SP1000084.36.58017,SY1000084.2026.58017,iPad1(1000084),84,02.06.26 12:34,Prod,A1000084.6153,Tisch 21,112,S1000084.58017,SALE,2,3.9,7.8,0.0,0.0,0.0,0.0,119,Cola,Getränke,,MwSt. 19%,1.19,6.554622,1.245378,Normalverkauf
S1000084.58018,SP1000084.36.58018,SY1000084.2026.58018,iPad1(1000084),84,02.06.26 12:34,Prod,A1000084.6153,Tisch 21,112,S1000084.58018,SALE,1,5.9,5.9,0.0,0.0,0.0,0.0,117,Rote Grütze,Desserts,,MwSt. 7%,1.07,5.514019,0.385981,Normalverkauf
S1000084.58019,SP1000084.36.58019,SY1000084.2026.58019,iPad1(1000084),84,02.06.26 16:02,Prod,A1000084.6154,Tisch 15,104,S1000084.58019,SALE,2,11.5,23.0,0.0,0.0,0.0,0.0,105,Garnelen-Kimchi-Bruger,Hauptgerichte,,MwSt. 7%,1.07,21.495327,1.504673,Normalverkauf
S1000084.58020,SP1000084.36.58020,SY1000084.2026.58020,iPad1(1000084),84,02.06.26 14:14,Prod,A1000084.6155,Tisch 7,108,S1000084.58020,SALE,2,5.9,11.8,0.0,0.0,0.0,0.0,116,Vanillequark,Desserts,,MwSt. 7%,1.07,11.028037,0.771963,Normalverkauf
S1000084.58021,SP1000084.36.58021,SY1000084.2026.58021,iPad1(1000084),84,02.06.26 16:45,Prod,A1000084.6156,Tisch 11,104,S1000084.58021,SALE,1,4.2,4.2,0.0,0.0,0.0,0.0,122,Bier,Getränke,,MwSt. 19%,1.19,3.529412,0.670588,Normalverkauf
S1000084.58022,SP1000084.36.58022,SY1000084.2026.58022,iPad1(1000084),84,02.06.26 18:33,Prod,A1000084.6157,Tisch 17,107,S1000084.58022,SALE,2,5.5,11.0,0.0,0.0,0.0,0.0,111,Pommes Frites,Beilagen,,MwSt. 7%,1.07,10.280374,0.719626,Normalverkauf
S1000084.58023,SP1000084.36.58023,SY1000084.2026.58023,iPad1(1000084),84,02.06.26 18:33,Prod,A1000084.6157,Tisch 17,107,S1000084.58023,SALE,2,5.5,11.0,0.0,0.0,0.0,0.0,114,Fisch Nuggets Box,Beilagen,,MwSt. 7%,1.07,10.280374,0.719626,Normalverkauf
S1000084.58024,SP1000084.36.58024,SY1000084.2026.58024,iPad1(1000084),84,02.06.26 13:58,Prod,A1000084.6158,Tisch 15,112,S1000084.58024,SALE,2,10.9,21.8,0.0,0.0,0.0,0.0,107,Chicken Burger,Hauptgerichte,,MwSt. 7%,1.07,20.373832,1.426168,Normalverkauf
S1000084.58025,SP1000084.36.58025,SY1000084.2026.58025,iPad1(1000084),84,02.06.26 13:58,Prod,A1000084.6158,Tisch 15,112,S1000084.58025,SALE,2,6.9,13.8,0.0,0.0,0.0,0.0,113,Garnelen Box,Beilagen,,MwSt. 7%,1.07,12.897196,0.902804,Normalverkauf
S1000084.58026,SP1000084.36.58026,SY1000084.2026.58026,iPad1(1000084),84,02.06.26 11:20,Prod,A1000084.6159,Tisch 14,108,S1000084.58026,SALE,1,3.9,3.9,0.0,0.0,0.0,0.0,126,Spezi,Getränke,,MwSt. 19%,1.19,3.277311,0.622689,Normalverkauf
S1000084.58027,SP1000084.36.58027,SY1000084.2026.58027,iPad1(1000084),84,02.06.26 20:27,Prod,A1000084.6160,Tisch 7,108,S1000084.58027,SALE,1,11.9,11.9,0.0,0.0,0.0,0.0,110,Matjes-Baguette,Hauptgerichte,,MwSt. 7%,1.07,11.121495,0.778505,Normalverkauf
S1000084.58028,SP1000084.36.58028,SY1000084.2026.58028,iPad1(1000084),84,02.06.26 20:27,Prod,A1000084.6160,Tisch 7,108,S1000084.58028,SALE,1,5.9,5.9,0.0,0.0,0.0,0.0,123,Inger-Limonade,Getränke,,MwSt. 19%,1.19,4.957983,0.942017,Normalverkauf
S1000084.58029,SP1000084.36.58029,SY1000084.2026.58029,iPad1(1000084),84,02.06.26 20:27,Prod,A1000084.6160,Tisch 7,108,S1000084.58029,SALE,2,10.9,21.8,0.0,0.0,0.0,0.0,109,Bismarck-Baguette,Hauptgerichte,,MwSt. 7%,1.07,20.373832,1.426168,Normalverkauf
S1000084.58030,SP1000084.36.58030,SY1000084.2026.58030,iPad1(1000084),84,02.06.26 12:31,Prod,A1000084.6161,Tisch 20,102,S1000084.58030,SALE,1,5.9,5.9,0.0,0.0,0.0,0.0,125,Zitronen-Limonade,Getränke,,MwSt. 19%,1.19,4.957983,0.942017,Normalverkauf
S1000084.58031,SP1000084.36.58031,SY1000084.2026.58031,iPad1(1000084),84,02.06.26 15:32,Prod,A1000084.6162,Tisch 18,107,S1000084.58031,SALE,1,11.9,11.9,0.0,0.0,0.0,0.0,110,Matjes-Baguette,Hauptgerichte,,MwSt. 7%,1.07,11.121495,0.778505,Normalverkauf
S1000084.58032,SP1000084.36.58032,SY1000084.2026.58032,iPad1(1000084),84,02.06.26 15:12,Prod,A1000084.6163,Tisch 2,104,S1000084.58032,SALE,1,9.8,9.8,0.0,0.0,0.0,0.0,108,Seelachs-Ei-Baugette,Hauptgerichte,,MwSt. 7%,1.07,9.158879,0.641121,Normalverkauf
S1000084.58033,SP1000084.36.58033,SY1000084.2026.58033,iPad1(1000084),84,02.06.26 15:12,Prod,A1000084.6163,Tisch 2,104,S1000084.58033,SALE,2,6.9,13.8,0.0,0.0,0.0,0.0,103,Fischbrötchen Räucherlachs,Hauptspeisen,,MwSt. 7%,1.07,12.897196,0.902804,Normalverkauf
S1000084.58034,SP1000084.36.58034,SY1000084.2026.58034,iPad1(1000084),84,02.06.26 15:12,Prod,A1000084.6163,Tisch 2,104,S1000084.58034,SALE,1,4.9,4.9,0.0,0.0,0.0,0.0,112,Kartoffelwedges,Beilagen,,MwSt. 7%,1.07,4.579439,0.320561,Normalverkauf
S1000084.58035,SP1000084.36.58035,SY1000084.2026.58035,iPad1(1000084),84,02.06.26 12:08,Prod,A1000084.6164,Tisch 20,104,S1000084.58035,SALE,2,3.9,7.8,0.0,0.0,0.0,0.0,119,Cola,Getränke,,MwSt. 19%,1.19,6.554622,1.245378,Normalverkauf
S1000084.58036,SP1000084.36.58036,SY1000084.2026.58036,iPad1(1000084),84,02.06.26 12:08,Prod,A1000084.6164,Tisch 20,104,S1000084.58036,SALE,2,11.9,23.8,0.0,0.0,0.0,0.0,110,Matjes-Baguette,Hauptgerichte,,MwSt. 7%,1.07,22.242991,1.557009,Normalverkauf
S1000084.58037,SP1000084.36.58037,SY1000084.2026.58037,iPad1(1000084),84,02.06.26 12:22,Prod,A1000084.6165,Tisch 15,104,S1000084.58037,SALE,2,4.9,9.8,0.0,0.0,0.0,0.0,112,Kartoffelwedges,Beilagen,,MwSt. 7%,1.07,9.158879,0.641121,Normalverkauf
S1000084.58038,SP1000084.36.58038,SY1000084.2026.58038,iPad1(1000084),84,02.06.26 12:22,Prod,A1000084.6165,Tisch 15,104,S1000084.58038,SALE,2,6.5,13.0,0.0,0.0,0.0,0.0,100,Fischbrötchen Backfisch,Hauptspeisen,,MwSt. 7%,1.07,12.149533,0.850467,Normalverkauf
S1000084.58039,SP1000084.36.58039,SY1000084.2026.58039,iPad1(1000084),84,02.06.26 14:03,Prod,A1000084.6166,Tisch 24,102,S1000084.58039,SALE,2,6.9,13.8,0.0,0.0,0.0,0.0,103,Fischbrötchen Räucherlachs,Hauptspeisen,,MwSt. 7%,1.07,12.897196,0.902804,Normalverkauf
S1000084.58040,SP1000084.36.58040,SY1000084.2026.58040,iPad1(1000084),84,02.06.26 14:03,Prod,A1000084.6166,Tisch 24,102,S1000084.58040,SALE,1,4.9,4.9,0.0,0.0,0.0,0.0,112,Kartoffelwedges,Beilagen,,MwSt. 7%,1.07,4.579439,0.320561,Normalverkauf
S1000084.58041,SP1000084.36.58041,SY1000084.2026.58041,iPad1(1000084),84,02.06.26 14:11,Prod,A1000084.6167,Tisch 9,112,S1000084.58041,SALE,2,5.5,11.0,0.0,0.0,0.0,0.0,111,Pommes Frites,Beilagen,,MwSt. 7%,1.07,10.280374,0.719626,Normalverkauf
S1000084.58042,SP1000084.36.58042,SY1000084.2026.58042,iPad1(1000084),84,02.06.26 16:51,Prod,A1000084.6168,,104,S1000084.58042,SALE,2,4.9,9.8,0.0,0.0,0.0,0.0,112,Kartoffelwedges,Beilagen,,MwSt. 7%,1.07,9.158879,0.641121,Normalverkauf
S1000084.58043,SP1000084.36.58043,SY1000084.2026.58043,iPad1(1000084),84,02.06.26 16:51,Prod,A1000084.6168,,104,S1000084.58043,SALE,1,6.9,6.9,0.0,0.0,0.0,0.0,103,Fischbrötchen Räucherlachs,Hauptspeisen,,MwSt. 7%,1.07,6.448598,0.451402,Normalverkauf
S1000084.58044,SP1000084.36.58044,SY1000084.2026.58044,iPad1(1000084),84,02.06.26 16:51,Prod,A1000084.6168,,104,S1000084.58044,SALE,1,5.5,5.5,0.0,0.0,0.0,0.0,111,Pommes Frites,Beilagen,,MwSt. 7%,1.07,5.140187,0.359813,Normalverkauf
S1000084.58045,SP1000084.36.58045,SY1000084.2026.58045,iPad1(1000084),84,02.06.26 15:11,Prod,A1000084.6169,Tisch 17,108,S1000084.58045,SALE,2,10.9,21.8,0.0,0.0,0.0,0.0,107,Chicken Burger,Hauptgerichte,,MwSt. 7%,1.07,20.373832,1.426168,Normalverkauf
S1000084.58046,SP1000084.36.58046,SY1000084.2026.58046,iPad1(1000084),84,02.06.26 15:11,Prod,A1000084.6169,Tisch 17,108,S1000084.58046,SALE,1,5.9,5.9,0.0,0.0,0.0,0.0,123,Inger-Limonade,Getränke,,MwSt. 19%,1.19,4.957983,0.942017,Normalverkauf
S1000084.58047,SP1000084.36.58047,SY1000084.2026.58047,iPad1(1000084),84,02.06.26 15:11,Prod,A1000084.6169,Tisch 17,108,S1000084.58047,SALE,2,5.5,11.0,0.0,0.0,0.0,0.0,114,Fisch Nuggets Box,Beilagen,,MwSt. 7%,1.07,10.280374,0.719626,Normalverkauf
S1000084.58048,SP1000084.36.58048,SY1000084.2026.58048,iPad1(1000084),84,02.06.26 12:20,Prod,A1000084.6170,Tisch 17,108,S1000084.58048,SALE,2,3.9,7.8,0.0,0.0,0.0,0.0,119,Cola,Getränke,,MwSt. 19%,1.19,6.554622,1.245378,Normalverkauf
S1000084.58049,SP1000084.36.58049,SY1000084.2026.58049,iPad1(1000084),84,02.06.26 12:20,Prod,A1000084.6170,Tisch 17,108,S1000084.58049,SALE,1,3.9,3.9,0.0,0.0,0.0,0.0,126,Spezi,Getränke,,MwSt. 19%,1.19,3.277311,0.622689,Normalverkauf
S1000084.58050,SP1000084.36.58050,SY1000084.2026.58050,iPad1(1000084),84,02.06.26 12:20,Prod,A1000084.6170,Tisch 17,108,S1000084.58050,SALE,1,4.2,4.2,0.0,0.0,0.0,0.0,122,Bier,Getränke,,MwSt. 19%,1.19,3.529412,0.670588,Normalverkauf
S1000084.58051,SP1000084.36.58051,SY1000084.2026.58051,iPad1(1000084),84,02.06.26 18:48,Prod,A1000084.6171,Tisch 4,112,S1000084.58051,SALE,1,5.9,5.9,0.0,0.0,0.0,0.0,125,Zitronen-Limonade,Getränke,,MwSt. 19%,1.19,4.957983,0.942017,Normalverkauf
S1000084.58052,SP1000084.36.58052,SY1000084.2026.58052,iPad1(1000084),84,02.06.26 18:24,Prod,A1000084.6172,Tisch 24,107,S1000084.58052,SALE,2,10.9,21.8,0.0,0.0,0.0,0.0,107,Chicken Burger,Hauptgerichte,,MwSt. 7%,1.07,20.373832,1.426168,Normalverkauf
S1000084.58053,SP1000084.36.58053,SY1000084.2026.58053,iPad1(1000084),84,02.06.26 16:54,Prod,A1000084.6173,Tisch 5,108,S1000084.58053,VOID,1,10.9,10.9,0.0,0.0,0.0,0.0,107,Chicken Burger,Hauptgerichte,,MwSt. 7%,1.07,10.186916,0.713084,Normalverkauf
S1000084.58054,SP1000084.36.58054,SY1000084.2026.58054,iPad1(1000084),84,02.06.26 16:16,Prod,A1000084.6174,,112,S1000084.58054,VOID,1,2.8,2.8,0.0,0.0,0.0,0.0,121,Mineralwasser,Getränke,,MwSt. 19%,1.19,2.352941,0.447059,Normalverkauf
S1000084.58055,SP1000084.36.58055,SY1000084.2026.58055,iPad1(1000084),84,02.06.26 16:16,Prod,A1000084.6174,,112,S1000084.58055,VOID,1,4.2,4.2,0.0,0.0,0.0,0.0,122,Bier,Getränke,,MwSt. 19%,1.19,3.529412,0.670588,Normalverkauf
S1000084.58056,SP1000084.36.58056,SY1000084.2026.58056,iPad1(1000084),84,02.06.26 17:39,Prod,A1000084.6175,Tisch 12,112,S1000084.58056,SALE,2,4.2,8.4,0.0,0.0,0.0,0.0,122,Bier,Getränke,,MwSt. 19%,1.19,7.058824,1.341176,Normalverkauf
S1000084.58057,SP1000084.36.58057,SY1000084.2026.58057,iPad1(1000084),84,02.06.26 17:39,Prod,A1000084.6175,Tisch 12,112,S1000084.58057,SALE,2,6.9,13.8,0.0,0.0,0.0,0.0,103,Fischbrötchen Räucherlachs,Hauptspeisen,,MwSt. 7%,1.07,12.897196,0.902804,Normalverkauf
S1000084.58058,SP1000084.36.58058,SY1000084.2026.58058,iPad1(1000084),84,02.06.26 17:03,Prod,A1000084.6176,Tisch 5,108,S1000084.58058,SALE,2,11.9,23.8,0.0,0.0,0.0,0.0,110,Matjes-Baguette,Hauptgerichte,,MwSt. 7%,1.07,22.242991,1.557009,Normalverkauf
S1000084.58059,SP1000084.36.58059,SY1000084.2026.58059,iPad1(1000084),84,02.06.26 17:03,Prod,A1000084.6176,Tisch 5,108,S1000084.58059,SALE,2,3.9,7.8,0.0,0.0,0.0,0.0,126,Spezi,Getränke,,MwSt. 19%,1.19,6.554622,1.245378,Normalverkauf
S1000084.58060,SP1000084.36.58060,SY1000084.2026.58060,iPad1(1000084),84,02.06.26 17:03,Prod,A1000084.6176,Tisch 5,108,S1000084.58060,SALE,1,9.8,9.8,0.0,0.0,0.0,0.0,108,Seelachs-Ei-Baugette,Hauptgerichte,,MwSt. 7%,1.07,9.158879,0.641121,Normalverkauf
S1000084.58061,SP1000084.36.58061,SY1000084.2026.58061,iPad1(1000084),84,02.06.26 17:07,Prod,A1000084.6177,Tisch 10,107,S1000084.58061,SALE,1,7.9,7.9,0.0,0.0,0.0,0.0,115,Tiramisu,Desserts,,MwSt. 7%,1.07,7.383178,0.516822,Normalverkauf
S1000084.58062,SP1000084.36.58062,SY1000084.2026.58062,iPad1(1000084),84,02.06.26 08:56,Prod,A1000084.6178,Tisch 6,112,S1000084.58062,SALE,2,2.8,5.6,0.0,0.0,0.0,0.0,121,Mineralwasser,Getränke,,MwSt. 19%,1.19,4.705882,0.894118,Normalverkauf
S1000084.58063,SP1000084.36.58063,SY1000084.2026.58063,iPad1(1000084),84,02.06.26 08:56,Prod,A1000084.6178,Tisch 6,112,S1000084.58063,SALE,1,6.9,6.9,0.0,0.0,0.0,0.0,113,Garnelen Box,Beilagen,,MwSt. 7%,1.07,6.448598,0.451402,Normalverkauf
S1000084.58064,SP1000084.36.58064,SY1000084.2026.58064,iPad1(1000084),84,02.06.26 17:20,Prod,A1000084.6179,Tisch 19,102,S1000084.58064,SALE,1,7.9,7.9,0.0,0.0,0.0,0.0,106,Neptun-Ringe,Beilagen,,MwSt. 7%,1.07,7.383178,0.516822,Normalverkauf
S1000084.58065,SP1000084.36.58065,SY1000084.2026.58065,iPad1(1000084),84,02.06.26 17:20,Prod,A1000084.6179,Tisch 19,102,S1000084.58065,SALE,2,5.5,11.0,0.0,0.0,0.0,0.0,111,Pommes Frites,Beilagen,,MwSt. 7%,1.07,10.280374,0.719626,Normalverkauf
S1000084.58066,SP1000084.36.58066,SY1000084.2026.58066,iPad1(1000084),84,02.06.26 13:14,Prod,A1000084.6180,Tisch 24,112,S1000084.58066,SALE,1,10.9,10.9,0.0,0.0,0.0,0.0,104,Thunfisch Wrap,Hauptgerichte,,MwSt. 7%,1.07,10.186916,0.713084,Normalverkauf
S1000084.58067,SP1000084.36.58067,SY1000084.2026.58067,iPad1(1000084),84,02.06.26 13:14,Prod,A1000084.6180,Tisch 24,112,S1000084.58067,SALE,1,10.9,10.9,0.0,0.0,0.0,0.0,107,Chicken Burger,Hauptgerichte,,MwSt. 7%,1.07,10.186916,0.713084,Normalverkauf
S1000084.58068,SP1000084.36.58068,SY1000084.2026.58068,iPad1(1000084),84,02.06.26 13:14,Prod,A1000084.6180,Tisch 24,112,S1000084.58068,SALE,2,5.5,11.0,0.0,0.0,0.0,0.0,111,Pommes Frites,Beilagen,,MwSt. 7%,1.07,10.280374,0.719626,Normalverkauf
S1000084.58069,SP1000084.36.58069,SY1000084.2026.58069,iPad1(1000084),84,02.06.26 15:48,Prod,A1000084.6181,,102,S1000084.58069,SALE,2,6.5,13.0,0.0,0.0,0.0,0.0,100,Fischbrötchen Backfisch,Hauptspeisen,,MwSt. 7%,1.07,12.149533,0.850467,Normalverkauf
S1000084.58070,SP1000084.36.58070,SY1000084.2026.58070,iPad1(1000084),84,02.06.26 16:31,Prod,A1000084.6182,Tisch 2,102,S1000084.58070,SALE,1,3.9,3.9,0.0,0.0,0.0,0.0,119,Cola,Getränke,,MwSt. 19%,1.19,3.277311,0.622689,Normalverkauf
S1000084.58071,SP1000084.36.58071,SY1000084.2026.58071,iPad1(1000084),84,02.06.26 11:32,Prod,A1000084.6183,Tisch 6,112,S1000084.58071,SALE,2,7.9,15.8,0.0,0.0,0.0,0.0,115,Tiramisu,Desserts,,MwSt. 7%,1.07,14.766355,1.033645,Normalverkauf
S1000084.58072,SP1000084.36.58072,SY1000084.2026.58072,iPad1(1000084),84,02.06.26 14:05,Prod,A1000084.6184,Tisch 23,104,S1000084.58072,SALE,2,4.2,8.4,0.0,0.0,0.0,0.0,122,Bier,Getränke,,MwSt. 19%,1.19,7.058824,1.341176,Normalverkauf
S1000084.58073,SP1000084.36.58073,SY1000084.2026.58073,iPad1(1000084),84,02.06.26 19:21,Prod,A1000084.6185,Tisch 9,104,S1000084.58073,SALE,2,4.9,9.8,0.0,0.0,0.0,0.0,112,Kartoffelwedges,Beilagen,,MwSt. 7%,1.07,9.158879,0.641121,Normalverkauf
S1000084.58074,SP1000084.36.58074,SY1000084.2026.58074,iPad1(1000084),84,02.06.26 19:21,Prod,A1000084.6185,Tisch 9,104,S1000084.58074,SALE,2,10.9,21.8,0.0,0.0,0.0,0.0,109,Bismarck-Baguette,Hauptgerichte,,MwSt. 7%,1.07,20.373832,1.426168,Normalverkauf
S1000084.58075,SP1000084.36.58075,SY1000084.2026.58075,iPad1(1000084),84,02.06.26 19:21,Prod,A1000084.6185,Tisch 9,104,S1000084.58075,SALE,1,3.2,3.2,0.0,0.0,0.0,0.0,120,Apfelschorle,Getränke,,MwSt. 19%,1.19,2.689076,0.510924,Normalverkauf
S1000084.58076,SP1000084.36.58076,SY1000084.2026.58076,iPad1(1000084),84,02.06.26 20:28,Prod,A1000084.6186,Tisch 17,104,S1000084.58076,SALE,2,11.5,23.0,0.0,0.0,0.0,0.0,105,Garnelen-Kimchi-Bruger,Hauptgerichte,,MwSt. 7%,1.07,21.495327,1.504673,Normalverkauf
S1000084.58077,SP1000084.36.58077,SY1000084.2026.58077,iPad1(1000084),84,02.06.26 20:28,Prod,A1000084.6186,Tisch 17,104,S1000084.58077,SALE,2,11.5,23.0,0.0,0.0,0.0,0.0,105,Garnelen-Kimchi-Bruger,Hauptgerichte,,MwSt. 7%,1.07,21.495327,1.504673,Normalverkauf
S1000084.58078,SP1000084.36.58078,SY1000084.2026.58078,iPad1(1000084),84,02.06.26 20:28,Prod,A1000084.6186,Tisch 17,104,S1000084.58078,SALE,2,4.2,8.4,0.0,0.0,0.0,0.0,122,Bier,Getränke,,MwSt. 19%,1.19,7.058824,1.341176,Normalverkauf
S1000084.58079,SP1000084.36.58079,SY1000084.2026.58079,iPad1(1000084),84,02.06.26 13:27,Prod,A1000084.6187,Tisch 18,104,S1000084.58079,SALE,1,14.5,14.5,0.0,0.0,0.0,0.0,101,Lachs,Hauptspeisen,,MwSt. 7%,1.07,13.551402,0.948598,Normalverkauf
S1000084.58080,SP1000084.36.58080,SY1000084.2026.58080,iPad1(1000084),84,02.06.26 19:09,Prod,A1000084.6188,Tisch 3,108,S1000084.58080,SALE,1,6.5,6.5,0.0,0.0,0.0,0.0,100,Fischbrötchen Backfisch,Hauptspeisen,,MwSt. 7%,1.07,6.074766,0.425234,Normalverkauf
S1000084.58081,SP1000084.36.58081,SY1000084.2026.58081,iPad1(1000084),84,02.06.26 19:09,Prod,A1000084.6188,Tisch 3,108,S1000084.58081,SALE,1,14.5,14.5,0.0,0.0,0.0,0.0,101,Lachs,Hauptspeisen,,MwSt. 7%,1.07,13.551402,0.948598,Normalverkauf
S1000084.58082,SP1000084.36.58082,SY1000084.2026.58082,iPad1(1000084),84,02.06.26 16:58,Prod,A1000084.6189,,104,S1000084.58082,SALE,2,5.9,11.8,0.0,0.0,0.0,0.0,123,Inger-Limonade,Getränke,,MwSt. 19%,1.19,9.915966,1.884034,Normalverkauf
S1000084.58083,SP1000084.36.58083,SY1000084.2026.58083,iPad1(1000084),84,02.06.26 16:58,Prod,A1000084.6189,,104,S1000084.58083,SALE,2,6.5,13.0,0.0,0.0,0.0,0.0,100,Fischbrötchen Backfisch,Hauptspeisen,,MwSt. 7%,1.07,12.149533,0.850467,Normalverkauf
S1000084.58084,SP1000084.36.58084,SY1000084.2026.58084,iPad1(1000084),84,02.06.26 16:58,Prod,A1000084.6189,,104,S1000084.58084,SALE,1,7.9,7.9,0.0,0.0,0.0,0.0,115,Tiramisu,Desserts,,MwSt. 7%,1.07,7.383178,0.516822,Normalverkauf
S1000084.58085,SP1000084.36.58085,SY1000084.2026.58085,iPad1(1000084),84,02.06.26 19:38,Prod,A1000084.6190,Tisch 13,112,S1000084.58085,SALE,1,3.9,3.9,0.0,0.0,0.0,0.0,124,Cola Zero,Getränke,,MwSt. 19%,1.19,3.277311,0.622689,Normalverkauf
S1000084.58086,SP1000084.36.58086,SY1000084.2026.58086,iPad1(1000084),84,02.06.26 19:38,Prod,A1000084.6190,Tisch 13,112,S1000084.58086,SALE,1,5.9,5.9,0.0,0.0,0.0,0.0,116,Vanillequark,Desserts,,MwSt. 7%,1.07,5.514019,0.385981,Normalverkauf
S1000084.58087,SP1000084.36.58087,SY1000084.2026.58087,iPad1(1000084),84,02.06.26 20:23,Prod,A1000084.6191,Tisch 23,104,S1000084.58087,SALE,1,2.8,2.8,0.0,0.0,0.0,0.0,121,Mineralwasser,Getränke,,MwSt. 19%,1.19,2.352941,0.447059,Normalverkauf
S1000084.58088,SP1000084.36.58088,SY1000084.2026.58088,iPad1(1000084),84,02.06.26 20:23,Prod,A1000084.6191,Tisch 23,104,S1000084.58088,SALE,2,10.9,21.8,0.0,0.0,0.0,0.0,107,Chicken Burger,Hauptgerichte,,MwSt. 7%,1.07,20.373832,1.426168,Normalverkauf
S1000084.58089,SP1000084.36.58089,SY1000084.2026.58089,iPad1(1000084),84,02.06.26 11:40,Prod,A1000084.6192,Tisch 8,112,S1000084.58089,SALE,1,3.2,3.2,0.0,0.0,0.0,0.0,120,Apfelschorle,Getränke,,MwSt. 19%,1.19,2.689076,0.510924,Normalverkauf
S1000084.58090,SP1000084.36.58090,SY1000084.2026.58090,iPad1(1000084),84,02.06.26 11:40,Prod,A1000084.6192,Tisch 8,112,S1000084.58090,SALE,2,13.5,27.0,0.0,0.0,0.0,0.0,102,Matjes,Hauptspeisen,,MwSt. 7%,1.07,25.233645,1.766355,Normalverkauf
S1000084.58091,SP1000084.36.58091,SY1000084.2026.58091,iPad1(1000084),84,02.06.26 16:52,Prod,A1000084.6193,Tisch 2,112,S1000084.58091,SALE,1,10.9,10.9,0.0,0.0,0.0,0.0,107,Chicken Burger,Hauptgerichte,,MwSt. 7%,1.07,10.186916,0.713084,Normalverkauf
S1000084.58092,SP1000084.36.58092,SY1000084.2026.58092,iPad1(1000084),84,02.06.26 16:52,Prod,A1000084.6193,Tisch 2,112,S1000084.58092,SALE,1,6.5,6.5,0.0,0.0,0.0,0.0,118,Schokokuchen,Desserts,,MwSt. 7%,1.07,6.074766,0.425234,Normalverkauf
S1000084.58093,SP1000084.36.58093,SY1000084.2026.58093,iPad1(1000084),84,02.06.26 16:52,Prod,A1000084.6193,Tisch 2,112,S1000084.58093,SALE,2,4.2,8.4,0.0,0.0,0.0,0.0,122,Bier,Getränke,,MwSt. 19%,1.19,7.058824,1.341176,Normalverkauf
S1000084.58094,SP1000084.36.58094,SY1000084.2026.58094,iPad1(1000084),84,02.06.26 10:19,Prod,A1000084.6194,Tisch 9,102,S1000084.58094,SALE,1,2.8,2.8,0.0,0.0,0.0,0.0,121,Mineralwasser,Getränke,,MwSt. 19%,1.19,2.352941,0.447059,Normalverkauf
S1000084.58095,SP1000084.36.58095,SY1000084.2026.58095,iPad1(1000084),84,02.06.26 10:19,Prod,A1000084.6194,Tisch 9,102,S1000084.58095,SALE,1,11.9,11.9,0.0,0.0,0.0,0.0,110,Matjes-Baguette,Hauptgerichte,,MwSt. 7%,1.07,11.121495,0.778505,Normalverkauf
S1000084.58096,SP1000084.36.58096,SY1000084.2026.58096,iPad1(1000084),84,02.06.26 13:13,Prod,A1000084.6195,Tisch 5,108,S1000084.58096,SALE,1,14.5,14.5,0.0,0.0,0.0,0.0,101,Lachs,Hauptspeisen,,MwSt. 7%,1.07,13.551402,0.948598,Normalverkauf
S1000084.58097,SP1000084.36.58097,SY1000084.2026.58097,iPad1(1000084),84,02.06.26 13:13,Prod,A1000084.6195,Tisch 5,108,S1000084.58097,SALE,2,3.9,7.8,0.0,0.0,0.0,0.0,119,Cola,Getränke,,MwSt. 19%,1.19,6.554622,1.245378,Normalverkauf
S1000084.58098,SP1000084.36.58098,SY1000084.2026.58098,iPad1(1000084),84,02.06.26 14:09,Prod,A1000084.6196,Tisch 4,104,S1000084.58098,SALE,2,11.5,23.0,0.0,0.0,0.0,0.0,105,Garnelen-Kimchi-Bruger,Hauptgerichte,,MwSt. 7%,1.07,21.495327,1.504673,Normalverkauf
S1000084.58099,SP1000084.36.58099,SY1000084.2026.58099,iPad1(1000084),84,02.06.26 14:09,Prod,A1000084.6196,Tisch 4,104,S1000084.58099,SALE,1,10.9,10.9,0.0,0.0,0.0,0.0,104,Thunfisch Wrap,Hauptgerichte,,MwSt. 7%,1.07,10.186916,0.713084,Normalverkauf
S1000084.58100,SP1000084.36.58100,SY1000084.2026.58100,iPad1(1000084),84,02.06.26 16:05,Prod,A1000084.6197,Tisch 23,112,S1000084.58100,SALE,2,5.9,11.8,0.0,0.0,0.0,0.0,123,Inger-Limonade,Getränke,,MwSt. 19%,1.19,9.915966,1.884034,Normalverkauf
S1000084.58101,SP1000084.36.58101,SY1000084.2026.58101,iPad1(1000084),84,02.06.26 16:05,Prod,A1000084.6197,Tisch 23,112,S1000084.58101,SALE,2,14.5,29.0,0.0,0.0,0.0,0.0,101,Lachs,Hauptspeisen,,MwSt. 7%,1.07,27.102804,1.897196,Normalverkauf
S1000084.58102,SP1000084.36.58102,SY1000084.2026.58102,iPad1(1000084),84,02.06.26 17:29,Prod,A1000084.6198,Tisch 20,108,S1000084.58102,VOID,2,10.9,21.8,0.0,0.0,0.0,0.0,107,Chicken Burger,Hauptgerichte,,MwSt. 7%,1.07,20.373832,1.426168,Normalverkauf
S1000084.58103,SP1000084.36.58103,SY1000084.2026.58103,iPad1(1000084),84,02.06.26 17:29,Prod,A1000084.6198,Tisch 20,108,S1000084.58103,VOID,1,11.9,11.9,0.0,0.0,0.0,0.0,110,Matjes-Baguette,Hauptgerichte,,MwSt. 7%,1.07,11.121495,0.778505,Normalverkauf
S1000084.58104,SP1000084.36.58104,SY1000084.2026.58104,iPad1(1000084),84,02.06.26 09:00,Prod,A1000084.6199,,112,S1000084.58104,SALE,1,5.5,5.5,0.0,0.0,0.0,0.0,111,Pommes Frites,Beilagen,,MwSt. 7%,1.07,5.140187,0.359813,Normalverkauf
S1000084.58105,SP1000084.36.58105,SY1000084.2026.58105,iPad1(1000084),84,02.06.26 09:00,Prod,A1000084.6199,,112,S1000084.58105,SALE,2,6.5,13.0,0.0,0.0,0.0,0.0,100,Fischbrötchen Backfisch,Hauptspeisen,,MwSt. 7%,1.07,12.149533,0.850467,Normalverkauf
S1000084.58106,SP1000084.36.58106,SY1000084.2026.58106,iPad1(1000084),84,02.06.26 18:16,Prod,A1000084.6200,,112,S1000084.58106,VOID,2,4.9,9.8,0.0,0.0,0.0,0.0,112,Kartoffelwedges,Beilagen,,MwSt. 7%,1.07,9.158879,0.641121,Normalverkauf
S1000084.58107,SP1000084.36.58107,SY1000084.2026.58107,iPad1(1000084),84,02.06.26 18:16,Prod,A1000084.6200,,112,S1000084.58107,VOID,1,13.5,13.5,0.0,0.0,0.0,0.0,102,Matjes,Hauptspeisen,,MwSt. 7%,1.07,12.616822,0.883178,Normalverkauf
S1000084.58108,SP1000084.36.58108,SY1000084.2026.58108,iPad1(1000084),84,02.06.26 11:51,Prod,A1000084.6201,,108,S1000084.58108,SALE,1,5.5,5.5,0.0,0.0,0.0,0.0,111,Pommes Frites,Beilagen,,MwSt. 7%,1.07,5.140187,0.359813,Normalverkauf
S1000084.58109,SP1000084.36.58109,SY1000084.2026.58109,iPad1(1000084),84,02.06.26 11:51,Prod,A1000084.6201,,108,S1000084.58109,SALE,2,10.9,21.8,0.0,0.0,0.0,0.0,104,Thunfisch Wrap,Hauptgerichte,,MwSt. 7%,1.07,20.373832,1.426168,Normalverkauf
S1000084.58110,SP1000084.36.58110,SY1000084.2026.58110,iPad1(1000084),84,02.06.26 11:51,Prod,A1000084.6201,,108,S1000084.58110,SALE,1,4.9,4.9,0.0,0.0,0.0,0.0,112,Kartoffelwedges,Beilagen,,MwSt. 7%,1.07,4.579439,0.320561,Normalverkauf
S1000084.58111,SP1000084.36.58111,SY1000084.2026.58111,iPad1(1000084),84,02.06.26 12:49,Prod,A1000084.6202,Tisch 22,104,S1000084.58111,SALE,2,3.9,7.8,0.0,0.0,0.0,0.0,124,Cola Zero,Getränke,,MwSt. 19%,1.19,6.554622,1.245378,Normalverkauf
S1000084.58112,SP1000084.36.58112,SY1000084.2026.58112,iPad1(1000084),84,02.06.26 17:36,Prod,A1000084.6203,Tisch 23,104,S1000084.58112,SALE,2,6.9,13.8,0.0,0.0,0.0,0.0,103,Fischbrötchen Räucherlachs,Hauptspeisen,,MwSt. 7%,1.07,12.897196,0.902804,Normalverkauf
S1000084.58113,SP1000084.36.58113,SY1000084.2026.58113,iPad1(1000084),84,02.06.26 17:36,Prod,A1000084.6203,Tisch 23,104,S1000084.58113,SALE,1,3.9,3.9,0.0,0.0,0.0,0.0,119,Cola,Getränke,,MwSt. 19%,1.19,3.277311,0.622689,Normalverkauf
S1000084.58114,SP1000084.36.58114,SY1000084.2026.58114,iPad1(1000084),84,02.06.26 12:21,Prod,A1000084.6204,Tisch 18,104,S1000084.58114,SALE,1,5.5,5.5,0.0,0.0,0.0,0.0,111,Pommes Frites,Beilagen,,MwSt. 7%,1.07,5.140187,0.359813,Normalverkauf
S1000084.58115,SP1000084.36.58115,SY1000084.2026.58115,iPad1(1000084),84,02.06.26 12:21,Prod,A1000084.6204,Tisch 18,104,S1000084.58115,SALE,2,11.5,23.0,0.0,0.0,0.0,0.0,105,Garnelen-Kimchi-Bruger,Hauptgerichte,,MwSt. 7%,1.07,21.495327,1.504673,Normalverkauf
S1000084.58116,SP1000084.36.58116,SY1000084.2026.58116,iPad1(1000084),84,02.06.26 09:09,Prod,A1000084.6205,Tisch 5,107,S1000084.58116,SALE,1,13.5,13.5,0.0,0.0,0.0,0.0,102,Matjes,Hauptspeisen,,MwSt. 7%,1.07,12.616822,0.883178,Normalverkauf
S1000084.58117,SP1000084.36.58117,SY1000084.2026.58117,iPad1(1000084),84,02.06.26 09:09,Prod,A1000084.6205,Tisch 5,107,S1000084.58117,SALE,1,5.9,5.9,0.0,0.0,0.0,0.0,123,Inger-Limonade,Getränke,,MwSt. 19%,1.19,4.957983,0.942017,Normalverkauf
S1000084.58118,SP1000084.36.58118,SY1000084.2026.58118,iPad1(1000084),84,02.06.26 13:00,Prod,A1000084.6206,Tisch 22,108,S1000084.58118,SALE,2,6.9,13.8,0.0,0.0,0.0,0.0,113,Garnelen Box,Beilagen,,MwSt. 7%,1.07,12.897196,0.902804,Normalverkauf
S1000084.58119,SP1000084.36.58119,SY1000084.2026.58119,iPad1(1000084),84,02.06.26 13:00,Prod,A1000084.6206,Tisch 22,108,S1000084.58119,SALE,1,6.9,6.9,0.0,0.0,0.0,0.0,103,Fischbrötchen Räucherlachs,Hauptspeisen,,MwSt. 7%,1.07,6.448598,0.451402,Normalverkauf
S1000084.58120,SP1000084.36.58120,SY1000084.2026.58120,iPad1(1000084),84,02.06.26 13:00,Prod,A1000084.6206,Tisch 22,108,S1000084.58120,SALE,1,9.8,9.8,0.0,0.0,0.0,0.0,108,Seelachs-Ei-Baugette,Hauptgerichte,,MwSt. 7%,1.07,9.158879,0.641121,Normalverkauf
S1000084.58121,SP1000084.36.58121,SY1000084.2026.58121,iPad1(1000084),84,02.06.26 13:53,Prod,A1000084.6207,Tisch 18,104,S1000084.58121,SALE,1,11.9,11.9,0.0,0.0,0.0,0.0,110,Matjes-Baguette,Hauptgerichte,,MwSt. 7%,1.07,11.121495,0.778505,Normalverkauf
S1000084.58122,SP1000084.36.58122,SY1000084.2026.58122,iPad1(1000084),84,02.06.26 13:53,Prod,A1000084.6207,Tisch 18,104,S1000084.58122,SALE,1,3.9,3.9,0.0,0.0,0.0,0.0,127,Alkoholfreies Bier,Getränke,,MwSt. 19%,1.19,3.277311,0.622689,Normalverkauf
S1000084.58123,SP1000084.36.58123,SY1000084.2026.58123,iPad1(1000084),84,02.06.26 13:53,Prod,A1000084.6207,Tisch 18,104,S1000084.58123,SALE,2,5.5,11.0,0.0,0.0,0.0,0.0,111,Pommes Frites,Beilagen,,MwSt. 7%,1.07,10.280374,0.719626,Normalverkauf
S1000084.58124,SP1000084.36.58124,SY1000084.2026.58124,iPad1(1000084),84,02.06.26 12:08,Prod,A1000084.6208,Tisch 9,108,S1000084.58124,SALE,1,3.2,3.2,0.0,0.0,0.0,0.0,120,Apfelschorle,Getränke,,MwSt. 19%,1.19,2.689076,0.510924,Normalverkauf
S1000084.58125,SP1000084.36.58125,SY1000084.2026.58125,iPad1(1000084),84,02.06.26 12:08,Prod,A1000084.6208,Tisch 9,108,S1000084.58125,SALE,1,13.5,13.5,0.0,0.0,0.0,0.0,102,Matjes,Hauptspeisen,,MwSt. 7%,1.07,12.616822,0.883178,Normalverkauf
S1000084.58126,SP1000084.36.58126,SY1000084.2026.58126,iPad1(1000084),84,02.06.26 12:08,Prod,A1000084.6208,Tisch 9,108,S1000084.58126,SALE,1,3.9,3.9,0.0,0.0,0.0,0.0,124,Cola Zero,Getränke,,MwSt. 19%,1.19,3.277311,0.622689,Normalverkauf
S1000084.58127,SP1000084.36.58127,SY1000084.2026.58127,iPad1(1000084),84,02.06.26 11:35,Prod,A1000084.6209,Tisch 4,102,S1000084.58127,SALE,2,6.9,13.8,0.0,0.0,0.0,0.0,103,Fischbrötchen Räucherlachs,Hauptspeisen,,MwSt. 7%,1.07,12.897196,0.902804,Normalverkauf
S1000084.58128,SP1000084.36.58128,SY1000084.2026.58128,iPad1(1000084),84,02.06.26 19:25,Prod,A1000084.6210,Tisch 21,112,S1000084.58128,SALE,1,3.2,3.2,0.0,0.0,0.0,0.0,120,Apfelschorle,Getränke,,MwSt. 19%,1.19,2.689076,0.510924,Normalverkauf
S1000084.58129,SP1000084.36.58129,SY1000084.2026.58129,iPad1(1000084),84,02.06.26 11:52,Prod,A1000084.6211,Tisch 16,104,S1000084.58129,SALE,2,10.9,21.8,0.0,0.0,0.0,0.0,104,Thunfisch Wrap,Hauptgerichte,,MwSt. 7%,1.07,20.373832,1.426168,Normalverkauf
S1000084.58130,SP1000084.36.58130,SY1000084.2026.58130,iPad1(1000084),84,02.06.26 11:52,Prod,A1000084.6211,Tisch 16,104,S1000084.58130,SALE,1,14.5,14.5,0.0,0.0,0.0,0.0,101,Lachs,Hauptspeisen,,MwSt. 7%,1.07,13.551402,0.948598,Normalverkauf
S1000084.58131,SP1000084.36.58131,SY1000084.2026.58131,iPad1(1000084),84,02.06.26 20:39,Prod,A1000084.6212,Tisch 12,104,S1000084.58131,SALE,1,10.9,10.9,0.0,0.0,0.0,0.0,107,Chicken Burger,Hauptgerichte,,MwSt. 7%,1.07,10.186916,0.713084,Normalverkauf
S1000084.58132,SP1000084.36.58132,SY1000084.2026.58132,iPad1(1000084),84,02.06.26 20:39,Prod,A1000084.6212,Tisch 12,104,S1000084.58132,SALE,1,5.5,5.5,0.0,0.0,0.0,0.0,114,Fisch Nuggets Box,Beilagen,,MwSt. 7%,1.07,5.140187,0.359813,Normalverkauf
S1000084.58133,SP1000084.36.58133,SY1000084.2026.58133,iPad1(1000084),84,02.06.26 17:52,Prod,A1000084.6213,,112,S1000084.58133,SALE,1,3.9,3.9,0.0,0.0,0.0,0.0,124,Cola Zero,Getränke,,MwSt. 19%,1.19,3.277311,0.622689,Normalverkauf
S1000084.58134,SP1000084.36.58134,SY1000084.2026.58134,iPad1(1000084),84,02.06.26 17:52,Prod,A1000084.6213,,112,S1000084.58134,SALE,1,3.2,3.2,0.0,0.0,0.0,0.0,120,Apfelschorle,Getränke,,MwSt. 19%,1.19,2.689076,0.510924,Normalverkauf
S1000084.58135,SP1000084.36.58135,SY1000084.2026.58135,iPad1(1000084),84,02.06.26 10:01,Prod,A1000084.6214,Tisch 20,112,S1000084.58135,SALE,2,5.5,11.0,0.0,0.0,0.0,0.0,111,Pommes Frites,Beilagen,,MwSt. 7%,1.07,10.280374,0.719626,Normalverkauf
S1000084.58136,SP1000084.36.58136,SY1000084.2026.58136,iPad1(1000084),84,02.06.26 17:19,Prod,A1000084.6215,Tisch 14,108,S1000084.58136,SALE,2,3.9,7.8,0.0,0.0,0.0,0.0,126,Spezi,Getränke,,MwSt. 19%,1.19,6.554622,1.245378,Normalverkauf
S1000084.58137,SP1000084.36.58137,SY1000084.2026.58137,iPad1(1000084),84,02.06.26 17:19,Prod,A1000084.6215,Tisch 14,108,S1000084.58137,SALE,1,6.5,6.5,0.0,0.0,0.0,0.0,118,Schokokuchen,Desserts,,MwSt. 7%,1.07,6.074766,0.425234,Normalverkauf
S1000084.58138,SP1000084.36.58138,SY1000084.2026.58138,iPad1(1000084),84,02.06.26 17:19,Prod,A1000084.6215,Tisch 14,108,S1000084.58138,SALE,1,6.9,6.9,0.0,0.0,0.0,0.0,103,Fischbrötchen Räucherlachs,Hauptspeisen,,MwSt. 7%,1.07,6.448598,0.451402,Normalverkauf
S1000084.58139,SP1000084.36.58139,SY1000084.2026.58139,iPad1(1000084),84,02.06.26 17:42,Prod,A1000084.6216,Tisch 5,108,S1000084.58139,SALE,2,11.5,23.0,0.0,0.0,0.0,0.0,105,Garnelen-Kimchi-Bruger,Hauptgerichte,,MwSt. 7%,1.07,21.495327,1.504673,Normalverkauf
S1000084.58140,SP1000084.36.58140,SY1000084.2026.58140,iPad1(1000084),84,02.06.26 15:15,Prod,A1000084.6217,Tisch 7,104,S1000084.58140,SALE,2,11.5,23.0,0.0,0.0,0.0,0.0,105,Garnelen-Kimchi-Bruger,Hauptgerichte,,MwSt. 7%,1.07,21.495327,1.504673,Normalverkauf
S1000084.58141,SP1000084.36.58141,SY1000084.2026.58141,iPad1(1000084),84,02.06.26 18:55,Prod,A1000084.6218,Tisch 23,104,S1000084.58141,SALE,1,4.2,4.2,0.0,0.0,0.0,0.0,122,Bier,Getränke,,MwSt. 19%,1.19,3.529412,0.670588,Normalverkauf
S1000084.58142,SP1000084.36.58142,SY1000084.2026.58142,iPad1(1000084),84,02.06.26 18:55,Prod,A1000084.6218,Tisch 23,104,S1000084.58142,SALE,2,5.5,11.0,0.0,0.0,0.0,0.0,111,Pommes Frites,Beilagen,,MwSt. 7%,1.07,10.280374,0.719626,Normalverkauf
S1000084.58143,SP1000084.36.58143,SY1000084.2026.58143,iPad1(1000084),84,02.06.26 20:43,Prod,A1000084.6219,Tisch 17,104,S1000084.58143,SALE,1,6.5,6.5,0.0,0.0,0.0,0.0,100,Fischbrötchen Backfisch,Hauptspeisen,,MwSt. 7%,1.07,6.074766,0.425234,Normalverkauf
S1000084.58144,SP1000084.36.58144,SY1000084.2026.58144,iPad1(1000084),84,02.06.26 20:43,Prod,A1000084.6219,Tisch 17,104,S1000084.58144,SALE,1,3.2,3.2,0.0,0.0,0.0,0.0,120,Apfelschorle,Getränke,,MwSt. 19%,1.19,2.689076,0.510924,Normalverkauf
S1000084.58145,SP1000084.36.58145,SY1000084.2026.58145,iPad1(1000084),84,02.06.26 20:00,Prod,A1000084.6220,Tisch 13,107,S1000084.58145,SALE,1,6.5,6.5,0.0,0.0,0.0,0.0,100,Fischbrötchen Backfisch,Hauptspeisen,,MwSt. 7%,1.07,6.074766,0.425234,Normalverkauf
S1000084.58146,SP1000084.36.58146,SY1000084.2026.58146,iPad1(1000084),84,02.06.26 20:00,Prod,A1000084.6220,Tisch 13,107,S1000084.58146,SALE,2,7.9,15.8,0.0,0.0,0.0,0.0,115,Tiramisu,Desserts,,MwSt. 7%,1.07,14.766355,1.033645,Normalverkauf
S1000084.58147,SP1000084.36.58147,SY1000084.2026.58147,iPad1(1000084),84,02.06.26 15:26,Prod,A1000084.6221,Tisch 6,112,S1000084.58147,SALE,2,6.9,13.8,0.0,0.0,0.0,0.0,103,Fischbrötchen Räucherlachs,Hauptspeisen,,MwSt. 7%,1.07,12.897196,0.902804,Normalverkauf
S1000084.58148,SP1000084.36.58148,SY1000084.2026.58148,iPad1(1000084),84,02.06.26 15:26,Prod,A1000084.6221,Tisch 6,112,S1000084.58148,SALE,1,14.5,14.5,0.0,0.0,0.0,0.0,101,Lachs,Hauptspeisen,,MwSt. 7%,1.07,13.551402,0.948598,Normalverkauf
S1000084.58149,SP1000084.36.58149,SY1000084.2026.58149,iPad1(1000084),84,02.06.26 15:26,Prod,A1000084.6221,Tisch 6,112,S1000084.58149,SALE,1,6.5,6.5,0.0,0.0,0.0,0.0,100,Fischbrötchen Backfisch,Hauptspeisen,,MwSt. 7%,1.07,6.074766,0.425234,Normalverkauf
S1000084.58150,SP1000084.36.58150,SY1000084.2026.58150,iPad1(1000084),84,02.06.26 18:57,Prod,A1000084.6222,Tisch 9,112,S1000084.58150,SALE,2,3.2,6.4,0.0,0.0,0.0,0.0,120,Apfelschorle,Getränke,,MwSt. 19%,1.19,5.378151,1.021849,Normalverkauf
S1000084.58151,SP1000084.36.58151,SY1000084.2026.58151,iPad1(1000084),84,02.06.26 11:04,Prod,A1000084.6223,Tisch 9,102,S1000084.58151,SALE,1,5.5,5.5,0.0,0.0,0.0,0.0,111,Pommes Frites,Beilagen,,MwSt. 7%,1.07,5.140187,0.359813,Normalverkauf
S1000084.58152,SP1000084.36.58152,SY1000084.2026.58152,iPad1(1000084),84,02.06.26 11:04,Prod,A1000084.6223,Tisch 9,102,S1000084.58152,SALE,1,10.9,10.9,0.0,0.0,0.0,0.0,107,Chicken Burger,Hauptgerichte,,MwSt. 7%,1.07,10.186916,0.713084,Normalverkauf
S1000084.58153,SP1000084.36.58153,SY1000084.2026.58153,iPad1(1000084),84,02.06.26 11:04,Prod,A1000084.6223,Tisch 9,102,S1000084.58153,SALE,1,3.2,3.2,0.0,0.0,0.0,0.0,120,Apfelschorle,Getränke,,MwSt. 19%,1.19,2.689076,0.510924,Normalverkauf
S1000084.58154,SP1000084.36.58154,SY1000084.2026.58154,iPad1(1000084),84,02.06.26 19:04,Prod,A1000084.6224,Tisch 24,107,S1000084.58154,SALE,1,9.8,9.8,0.0,0.0,0.0,0.0,108,Seelachs-Ei-Baugette,Hauptgerichte,,MwSt. 7%,1.07,9.158879,0.641121,Normalverkauf
S1000084.58155,SP1000084.36.58155,SY1000084.2026.58155,iPad1(1000084),84,02.06.26 19:04,Prod,A1000084.6224,Tisch 24,107,S1000084.58155,SALE,2,3.9,7.8,0.0,0.0,0.0,0.0,124,Cola Zero,Getränke,,MwSt. 19%,1.19,6.554622,1.245378,Normalverkauf
S1000084.58156,SP1000084.36.58156,SY1000084.2026.58156,iPad1(1000084),84,02.06.26 18:28,Prod,A1000084.6225,Tisch 18,102,S1000084.58156,SALE,2,5.5,11.0,0.0,0.0,0.0,0.0,114,Fisch Nuggets Box,Beilagen,,MwSt. 7%,1.07,10.280374,0.719626,Normalverkauf
S1000084.58157,SP1000084.36.58157,SY1000084.2026.58157,iPad1(1000084),84,02.06.26 18:28,Prod,A1000084.6225,Tisch 18,102,S1000084.58157,SALE,2,11.5,23.0,0.0,0.0,0.0,0.0,105,Garnelen-Kimchi-Bruger,Hauptgerichte,,MwSt. 7%,1.07,21.495327,1.504673,Normalverkauf
S1000084.58158,SP1000084.36.58158,SY1000084.2026.58158,iPad1(1000084),84,02.06.26 18:28,Prod,A1000084.6225,Tisch 18,102,S1000084.58158,SALE,2,5.9,11.8,0.0,0.0,0.0,0.0,117,Rote Grütze,Desserts,,MwSt. 7%,1.07,11.028037,0.771963,Normalverkauf
S1000084.58159,SP1000084.36.58159,SY1000084.2026.58159,iPad1(1000084),84,02.06.26 11:18,Prod,A1000084.6226,Tisch 21,107,S1000084.58159,SALE,2,14.5,29.0,0.0,0.0,0.0,0.0,101,Lachs,Hauptspeisen,,MwSt. 7%,1.07,27.102804,1.897196,Normalverkauf
S1000084.58160,SP1000084.36.58160,SY1000084.2026.58160,iPad1(1000084),84,02.06.26 09:05,Prod,A1000084.6227,Tisch 9,104,S1000084.58160,SALE,2,11.5,23.0,0.0,0.0,0.0,0.0,105,Garnelen-Kimchi-Bruger,Hauptgerichte,,MwSt. 7%,1.07,21.495327,1.504673,Normalverkauf
S1000084.58161,SP1000084.36.58161,SY1000084.2026.58161,iPad1(1000084),84,02.06.26 09:05,Prod,A1000084.6227,Tisch 9,104,S1000084.58161,SALE,1,3.9,3.9,0.0,0.0,0.0,0.0,126,Spezi,Getränke,,MwSt. 19%,1.19,3.277311,0.622689,Normalverkauf
S1000084.58162,SP1000084.36.58162,SY1000084.2026.58162,iPad1(1000084),84,02.06.26 19:27,Prod,A1000084.6228,Tisch 5,107,S1000084.58162,SALE,1,13.5,13.5,0.0,0.0,0.0,0.0,102,Matjes,Hauptspeisen,,MwSt. 7%,1.07,12.616822,0.883178,Normalverkauf
S1000084.58163,SP1000084.36.58163,SY1000084.2026.58163,iPad1(1000084),84,03.06.26 20:25,Prod,A1000084.6229,Tisch 9,108,S1000084.58163,SALE,2,14.5,29.0,0.0,0.0,0.0,0.0,101,Lachs,Hauptspeisen,,MwSt. 7%,1.07,27.102804,1.897196,Normalverkauf
S1000084.58164,SP1000084.36.58164,SY1000084.2026.58164,iPad1(1000084),84,03.06.26 20:25,Prod,A1000084.6229,Tisch 9,108,S1000084.58164,SALE,1,10.9,10.9,0.0,0.0,0.0,0.0,107,Chicken Burger,Hauptgerichte,,MwSt. 7%,1.07,10.186916,0.713084,Normalverkauf
S1000084.58165,SP1000084.36.58165,SY1000084.2026.58165,iPad1(1000084),84,03.06.26 17:33,Prod,A1000084.6230,,112,S1000084.58165,VOID,1,6.9,6.9,0.0,0.0,0.0,0.0,113,Garnelen Box,Beilagen,,MwSt. 7%,1.07,6.448598,0.451402,Normalverkauf
S1000084.58166,SP1000084.36.58166,SY1000084.2026.58166,iPad1(1000084),84,03.06.26 12:44,Prod,A1000084.6231,Tisch 9,112,S1000084.58166,SALE,1,5.9,5.9,0.0,0.0,0.0,0.0,116,Vanillequark,Desserts,,MwSt. 7%,1.07,5.514019,0.385981,Normalverkauf
S1000084.58167,SP1000084.36.58167,SY1000084.2026.58167,iPad1(1000084),84,03.06.26 12:44,Prod,A1000084.6231,Tisch 9,112,S1000084.58167,SALE,2,11.5,23.0,0.0,0.0,0.0,0.0,105,Garnelen-Kimchi-Bruger,Hauptgerichte,,MwSt. 7%,1.07,21.495327,1.504673,Normalverkauf
S1000084.58168,SP1000084.36.58168,SY1000084.2026.58168,iPad1(1000084),84,03.06.26 12:44,Prod,A1000084.6231,Tisch 9,112,S1000084.58168,SALE,2,5.5,11.0,0.0,0.0,0.0,0.0,114,Fisch Nuggets Box,Beilagen,,MwSt. 7%,1.07,10.280374,0.719626,Normalverkauf
S1000084.58169,SP1000084.36.58169,SY1000084.2026.58169,iPad1(1000084),84,03.06.26 11:52,Prod,A1000084.6232,Tisch 11,108,S1000084.58169,SALE,2,3.2,6.4,0.0,0.0,0.0,0.0,120,Apfelschorle,Getränke,,MwSt. 19%,1.19,5.378151,1.021849,Normalverkauf
S1000084.58170,SP1000084.36.58170,SY1000084.2026.58170,iPad1(1000084),84,03.06.26 11:12,Prod,A1000084.6233,Tisch 11,107,S1000084.58170,SALE,2,3.2,6.4,0.0,0.0,0.0,0.0,120,Apfelschorle,Getränke,,MwSt. 19%,1.19,5.378151,1.021849,Normalverkauf
S1000084.58171,SP1000084.36.58171,SY1000084.2026.58171,iPad1(1000084),84,03.06.26 11:12,Prod,A1000084.6233,Tisch 11,107,S1000084.58171,SALE,2,2.8,5.6,0.0,0.0,0.0,0.0,121,Mineralwasser,Getränke,,MwSt. 19%,1.19,4.705882,0.894118,Normalverkauf
S1000084.58172,SP1000084.36.58172,SY1000084.2026.58172,iPad1(1000084),84,03.06.26 17:39,Prod,A1000084.6234,Tisch 24,104,S1000084.58172,SALE,2,11.9,23.8,0.0,0.0,0.0,0.0,110,Matjes-Baguette,Hauptgerichte,,MwSt. 7%,1.07,22.242991,1.557009,Normalverkauf
S1000084.58173,SP1000084.36.58173,SY1000084.2026.58173,iPad1(1000084),84,03.06.26 17:39,Prod,A1000084.6234,Tisch 24,104,S1000084.58173,SALE,2,6.5,13.0,0.0,0.0,0.0,0.0,100,Fischbrötchen Backfisch,Hauptspeisen,,MwSt. 7%,1.07,12.149533,0.850467,Normalverkauf
S1000084.58174,SP1000084.36.58174,SY1000084.2026.58174,iPad1(1000084),84,03.06.26 17:39,Prod,A1000084.6234,Tisch 24,104,S1000084.58174,SALE,2,5.5,11.0,0.0,0.0,0.0,0.0,111,Pommes Frites,Beilagen,,MwSt. 7%,1.07,10.280374,0.719626,Normalverkauf
S1000084.58175,SP1000084.36.58175,SY1000084.2026.58175,iPad1(1000084),84,03.06.26 12:55,Prod,A1000084.6235,Tisch 17,107,S1000084.58175,SALE,1,5.9,5.9,0.0,0.0,0.0,0.0,123,Inger-Limonade,Getränke,,MwSt. 19%,1.19,4.957983,0.942017,Normalverkauf
S1000084.58176,SP1000084.36.58176,SY1000084.2026.58176,iPad1(1000084),84,03.06.26 12:55,Prod,A1000084.6235,Tisch 17,107,S1000084.58176,SALE,2,10.9,21.8,0.0,0.0,0.0,0.0,107,Chicken Burger,Hauptgerichte,,MwSt. 7%,1.07,20.373832,1.426168,Normalverkauf
S1000084.58177,SP1000084.36.58177,SY1000084.2026.58177,iPad1(1000084),84,03.06.26 12:55,Prod,A1000084.6235,Tisch 17,107,S1000084.58177,SALE,2,10.9,21.8,0.0,0.0,0.0,0.0,109,Bismarck-Baguette,Hauptgerichte,,MwSt. 7%,1.07,20.373832,1.426168,Normalverkauf
S1000084.58178,SP1000084.36.58178,SY1000084.2026.58178,iPad1(1000084),84,03.06.26 11:02,Prod,A1000084.6236,Tisch 9,104,S1000084.58178,SALE,1,3.9,3.9,0.0,0.0,0.0,0.0,119,Cola,Getränke,,MwSt. 19%,1.19,3.277311,0.622689,Normalverkauf
S1000084.58179,SP1000084.36.58179,SY1000084.2026.58179,iPad1(1000084),84,03.06.26 11:02,Prod,A1000084.6236,Tisch 9,104,S1000084.58179,SALE,1,5.9,5.9,0.0,0.0,0.0,0.0,125,Zitronen-Limonade,Getränke,,MwSt. 19%,1.19,4.957983,0.942017,Normalverkauf
S1000084.58180,SP1000084.36.58180,SY1000084.2026.58180,iPad1(1000084),84,03.06.26 14:45,Prod,A1000084.6237,Tisch 18,112,S1000084.58180,SALE,1,9.8,9.8,0.0,0.0,0.0,0.0,108,Seelachs-Ei-Baugette,Hauptgerichte,,MwSt. 7%,1.07,9.158879,0.641121,Normalverkauf
S1000084.58181,SP1000084.36.58181,SY1000084.2026.58181,iPad1(1000084),84,03.06.26 14:45,Prod,A1000084.6237,Tisch 18,112,S1000084.58181,SALE,1,3.9,3.9,0.0,0.0,0.0,0.0,126,Spezi,Getränke,,MwSt. 19%,1.19,3.277311,0.622689,Normalverkauf
S1000084.58182,SP1000084.36.58182,SY1000084.2026.58182,iPad1(1000084),84,03.06.26 14:45,Prod,A1000084.6237,Tisch 18,112,S1000084.58182,SALE,2,3.9,7.8,0.0,0.0,0.0,0.0,119,Cola,Getränke,,MwSt. 19%,1.19,6.554622,1.245378,Normalverkauf
S1000084.58183,SP1000084.36.58183,SY1000084.2026.58183,iPad1(1000084),84,03.06.26 16:25,Prod,A1000084.6238,Tisch 14,102,S1000084.58183,SALE,1,6.9,6.9,0.0,0.0,0.0,0.0,113,Garnelen Box,Beilagen,,MwSt. 7%,1.07,6.448598,0.451402,Normalverkauf
S1000084.58184,SP1000084.36.58184,SY1000084.2026.58184,iPad1(1000084),84,03.06.26 16:08,Prod,A1000084.6239,Tisch 6,112,S1000084.58184,SALE,1,2.8,2.8,0.0,0.0,0.0,0.0,121,Mineralwasser,Getränke,,MwSt. 19%,1.19,2.352941,0.447059,Normalverkauf
S1000084.58185,SP1000084.36.58185,SY1000084.2026.58185,iPad1(1000084),84,03.06.26 16:08,Prod,A1000084.6239,Tisch 6,112,S1000084.58185,SALE,2,4.2,8.4,0.0,0.0,0.0,0.0,122,Bier,Getränke,,MwSt. 19%,1.19,7.058824,1.341176,Normalverkauf
S1000084.58186,SP1000084.36.58186,SY1000084.2026.58186,iPad1(1000084),84,03.06.26 18:12,Prod,A1000084.6240,Tisch 19,104,S1000084.58186,SALE,1,3.9,3.9,0.0,0.0,0.0,0.0,127,Alkoholfreies Bier,Getränke,,MwSt. 19%,1.19,3.277311,0.622689,Normalverkauf
S1000084.58187,SP1000084.36.58187,SY1000084.2026.58187,iPad1(1000084),84,03.06.26 18:12,Prod,A1000084.6240,Tisch 19,104,S1000084.58187,SALE,2,5.9,11.8,0.0,0.0,0.0,0.0,117,Rote Grütze,Desserts,,MwSt. 7%,1.07,11.028037,0.771963,Normalverkauf
S1000084.58188,SP1000084.36.58188,SY1000084.2026.58188,iPad1(1000084),84,03.06.26 09:45,Prod,A1000084.6241,Tisch 21,107,S1000084.58188,SALE,1,9.8,9.8,0.0,0.0,0.0,0.0,108,Seelachs-Ei-Baugette,Hauptgerichte,,MwSt. 7%,1.07,9.158879,0.641121,Normalverkauf
S1000084.58189,SP1000084.36.58189,SY1000084.2026.58189,iPad1(1000084),84,03.06.26 09:45,Prod,A1000084.6241,Tisch 21,107,S1000084.58189,SALE,1,3.9,3.9,0.0,0.0,0.0,0.0,126,Spezi,Getränke,,MwSt. 19%,1.19,3.277311,0.622689,Normalverkauf
S1000084.58190,SP1000084.36.58190,SY1000084.2026.58190,iPad1(1000084),84,03.06.26 09:45,Prod,A1000084.6241,Tisch 21,107,S1000084.58190,SALE,1,11.5,11.5,0.0,0.0,0.0,0.0,105,Garnelen-Kimchi-Bruger,Hauptgerichte,,MwSt. 7%,1.07,10.747664,0.752336,Normalverkauf
S1000084.58191,SP1000084.36.58191,SY1000084.2026.58191,iPad1(1000084),84,03.06.26 17:11,Prod,A1000084.6242,Tisch 18,104,S1000084.58191,SALE,2,5.5,11.0,0.0,0.0,0.0,0.0,114,Fisch Nuggets Box,Beilagen,,MwSt. 7%,1.07,10.280374,0.719626,Normalverkauf
S1000084.58192,SP1000084.36.58192,SY1000084.2026.58192,iPad1(1000084),84,03.06.26 08:11,Prod,A1000084.6243,Tisch 12,108,S1000084.58192,SALE,2,6.9,13.8,0.0,0.0,0.0,0.0,113,Garnelen Box,Beilagen,,MwSt. 7%,1.07,12.897196,0.902804,Normalverkauf
S1000084.58193,SP1000084.36.58193,SY1000084.2026.58193,iPad1(1000084),84,03.06.26 08:11,Prod,A1000084.6243,Tisch 12,108,S1000084.58193,SALE,1,10.9,10.9,0.0,0.0,0.0,0.0,107,Chicken Burger,Hauptgerichte,,MwSt. 7%,1.07,10.186916,0.713084,Normalverkauf
S1000084.58194,SP1000084.36.58194,SY1000084.2026.58194,iPad1(1000084),84,03.06.26 11:09,Prod,A1000084.6244,Tisch 16,112,S1000084.58194,SALE,2,4.9,9.8,0.0,0.0,0.0,0.0,112,Kartoffelwedges,Beilagen,,MwSt. 7%,1.07,9.158879,0.641121,Normalverkauf
S1000084.58195,SP1000084.36.58195,SY1000084.2026.58195,iPad1(1000084),84,03.06.26 16:32,Prod,A1000084.6245,Tisch 12,104,S1000084.58195,SALE,2,3.9,7.8,0.0,0.0,0.0,0.0,126,Spezi,Getränke,,MwSt. 19%,1.19,6.554622,1.245378,Normalverkauf
S1000084.58196,SP1000084.36.58196,SY1000084.2026.58196,iPad1(1000084),84,03.06.26 16:32,Prod,A1000084.6245,Tisch 12,104,S1000084.58196,SALE,1,11.9,11.9,0.0,0.0,0.0,0.0,110,Matjes-Baguette,Hauptgerichte,,MwSt. 7%,1.07,11.121495,0.778505,Normalverkauf
S1000084.58197,SP1000084.36.58197,SY1000084.2026.58197,iPad1(1000084),84,03.06.26 16:32,Prod,A1000084.6245,Tisch 12,104,S1000084.58197,SALE,2,13.5,27.0,0.0,0.0,0.0,0.0,102,Matjes,Hauptspeisen,,MwSt. 7%,1.07,25.233645,1.766355,Normalverkauf
S1000084.58198,SP1000084.36.58198,SY1000084.2026.58198,iPad1(1000084),84,03.06.26 11:38,Prod,A1000084.6246,Tisch 19,102,S1000084.58198,SALE,2,3.9,7.8,0.0,0.0,0.0,0.0,126,Spezi,Getränke,,MwSt. 19%,1.19,6.554622,1.245378,Normalverkauf
S1000084.58199,SP1000084.36.58199,SY1000084.2026.58199,iPad1(1000084),84,03.06.26 11:38,Prod,A1000084.6246,Tisch 19,102,S1000084.58199,SALE,2,5.5,11.0,0.0,0.0,0.0,0.0,111,Pommes Frites,Beilagen,,MwSt. 7%,1.07,10.280374,0.719626,Normalverkauf
S1000084.58200,SP1000084.36.58200,SY1000084.2026.58200,iPad1(1000084),84,03.06.26 11:38,Prod,A1000084.6246,Tisch 19,102,S1000084.58200,SALE,1,6.9,6.9,0.0,0.0,0.0,0.0,103,Fischbrötchen Räucherlachs,Hauptspeisen,,MwSt. 7%,1.07,6.448598,0.451402,Normalverkauf
S1000084.58201,SP1000084.36.58201,SY1000084.2026.58201,iPad1(1000084),84,03.06.26 14:23,Prod,A1000084.6247,Tisch 14,104,S1000084.58201,SALE,2,3.9,7.8,0.0,0.0,0.0,0.0,126,Spezi,Getränke,,MwSt. 19%,1.19,6.554622,1.245378,Normalverkauf
S1000084.58202,SP1000084.36.58202,SY1000084.2026.58202,iPad1(1000084),84,03.06.26 14:23,Prod,A1000084.6247,Tisch 14,104,S1000084.58202,SALE,2,3.9,7.8,0.0,0.0,0.0,0.0,124,Cola Zero,Getränke,,MwSt. 19%,1.19,6.554622,1.245378,Normalverkauf
S1000084.58203,SP1000084.36.58203,SY1000084.2026.58203,iPad1(1000084),84,03.06.26 11:56,Prod,A1000084.6248,Tisch 8,112,S1000084.58203,SALE,2,3.2,6.4,0.0,0.0,0.0,0.0,120,Apfelschorle,Getränke,,MwSt. 19%,1.19,5.378151,1.021849,Normalverkauf
S1000084.58204,SP1000084.36.58204,SY1000084.2026.58204,iPad1(1000084),84,03.06.26 16:21,Prod,A1000084.6249,Tisch 15,107,S1000084.58204,SALE,2,4.2,8.4,0.0,0.0,0.0,0.0,122,Bier,Getränke,,MwSt. 19%,1.19,7.058824,1.341176,Normalverkauf
S1000084.58205,SP1000084.36.58205,SY1000084.2026.58205,iPad1(1000084),84,03.06.26 19:23,Prod,A1000084.6250,Tisch 19,104,S1000084.58205,SALE,2,5.9,11.8,0.0,0.0,0.0,0.0,116,Vanillequark,Desserts,,MwSt. 7%,1.07,11.028037,0.771963,Normalverkauf
S1000084.58206,SP1000084.36.58206,SY1000084.2026.58206,iPad1(1000084),84,03.06.26 16:08,Prod,A1000084.6251,,112,S1000084.58206,SALE,1,3.9,3.9,0.0,0.0,0.0,0.0,127,Alkoholfreies Bier,Getränke,,MwSt. 19%,1.19,3.277311,0.622689,Normalverkauf
S1000084.58207,SP1000084.36.58207,SY1000084.2026.58207,iPad1(1000084),84,03.06.26 16:08,Prod,A1000084.6251,,112,S1000084.58207,SALE,2,6.5,13.0,0.0,0.0,0.0,0.0,100,Fischbrötchen Backfisch,Hauptspeisen,,MwSt. 7%,1.07,12.149533,0.850467,Normalverkauf
S1000084.58208,SP1000084.36.58208,SY1000084.2026.58208,iPad1(1000084),84,03.06.26 16:48,Prod,A1000084.6252,Tisch 7,104,S1000084.58208,SALE,1,3.9,3.9,0.0,0.0,0.0,0.0,124,Cola Zero,Getränke,,MwSt. 19%,1.19,3.277311,0.622689,Normalverkauf
S1000084.58209,SP1000084.36.58209,SY1000084.2026.58209,iPad1(1000084),84,03.06.26 19:47,Prod,A1000084.6253,Tisch 4,107,S1000084.58209,SALE,1,5.5,5.5,0.0,0.0,0.0,0.0,111,Pommes Frites,Beilagen,,MwSt. 7%,1.07,5.140187,0.359813,Normalverkauf
S1000084.58210,SP1000084.36.58210,SY1000084.2026.58210,iPad1(1000084),84,03.06.26 19:47,Prod,A1000084.6253,Tisch 4,107,S1000084.58210,SALE,1,7.9,7.9,0.0,0.0,0.0,0.0,106,Neptun-Ringe,Beilagen,,MwSt. 7%,1.07,7.383178,0.516822,Normalverkauf
S1000084.58211,SP1000084.36.58211,SY1000084.2026.58211,iPad1(1000084),84,03.06.26 20:56,Prod,A1000084.6254,Tisch 9,112,S1000084.58211,SALE,1,11.9,11.9,0.0,0.0,0.0,0.0,110,Matjes-Baguette,Hauptgerichte,,MwSt. 7%,1.07,11.121495,0.778505,Normalverkauf
S1000084.58212,SP1000084.36.58212,SY1000084.2026.58212,iPad1(1000084),84,03.06.26 20:56,Prod,A1000084.6254,Tisch 9,112,S1000084.58212,SALE,1,3.9,3.9,0.0,0.0,0.0,0.0,127,Alkoholfreies Bier,Getränke,,MwSt. 19%,1.19,3.277311,0.622689,Normalverkauf
S1000084.58213,SP1000084.36.58213,SY1000084.2026.58213,iPad1(1000084),84,03.06.26 16:47,Prod,A1000084.6255,Tisch 13,102,S1000084.58213,SALE,2,3.9,7.8,0.0,0.0,0.0,0.0,119,Cola,Getränke,,MwSt. 19%,1.19,6.554622,1.245378,Normalverkauf
S1000084.58214,SP1000084.36.58214,SY1000084.2026.58214,iPad1(1000084),84,03.06.26 16:47,Prod,A1000084.6255,Tisch 13,102,S1000084.58214,SALE,2,11.9,23.8,0.0,0.0,0.0,0.0,110,Matjes-Baguette,Hauptgerichte,,MwSt. 7%,1.07,22.242991,1.557009,Normalverkauf
S1000084.58215,SP1000084.36.58215,SY1000084.2026.58215,iPad1(1000084),84,03.06.26 08:58,Prod,A1000084.6256,Tisch 14,104,S1000084.58215,SALE,2,5.9,11.8,0.0,0.0,0.0,0.0,117,Rote Grütze,Desserts,,MwSt. 7%,1.07,11.028037,0.771963,Normalverkauf
S1000084.58216,SP1000084.36.58216,SY1000084.2026.58216,iPad1(1000084),84,03.06.26 17:51,Prod,A1000084.6257,Tisch 15,102,S1000084.58216,SALE,1,3.9,3.9,0.0,0.0,0.0,0.0,126,Spezi,Getränke,,MwSt. 19%,1.19,3.277311,0.622689,Normalverkauf
S1000084.58217,SP1000084.36.58217,SY1000084.2026.58217,iPad1(1000084),84,03.06.26 08:44,Prod,A1000084.6258,Tisch 7,107,S1000084.58217,SALE,1,13.5,13.5,0.0,0.0,0.0,0.0,102,Matjes,Hauptspeisen,,MwSt. 7%,1.07,12.616822,0.883178,Normalverkauf
S1000084.58218,SP1000084.36.58218,SY1000084.2026.58218,iPad1(1000084),84,03.06.26 08:44,Prod,A1000084.6258,Tisch 7,107,S1000084.58218,SALE,2,5.5,11.0,0.0,0.0,0.0,0.0,111,Pommes Frites,Beilagen,,MwSt. 7%,1.07,10.280374,0.719626,Normalverkauf
S1000084.58219,SP1000084.36.58219,SY1000084.2026.58219,iPad1(1000084),84,03.06.26 19:13,Prod,A1000084.6259,Tisch 4,112,S1000084.58219,SALE,1,5.5,5.5,0.0,0.0,0.0,0.0,111,Pommes Frites,Beilagen,,MwSt. 7%,1.07,5.140187,0.359813,Normalverkauf
S1000084.58220,SP1000084.36.58220,SY1000084.2026.58220,iPad1(1000084),84,03.06.26 16:03,Prod,A1000084.6260,,104,S1000084.58220,VOID,1,3.9,3.9,0.0,0.0,0.0,0.0,126,Spezi,Getränke,,MwSt. 19%,1.19,3.277311,0.622689,Normalverkauf
S1000084.58221,SP1000084.36.58221,SY1000084.2026.58221,iPad1(1000084),84,03.06.26 16:03,Prod,A1000084.6260,,104,S1000084.58221,VOID,2,9.8,19.6,0.0,0.0,0.0,0.0,108,Seelachs-Ei-Baugette,Hauptgerichte,,MwSt. 7%,1.07,18.317757,1.282243,Normalverkauf
S1000084.58222,SP1000084.36.58222,SY1000084.2026.58222,iPad1(1000084),84,03.06.26 17:04,Prod,A1000084.6261,Tisch 7,112,S1000084.58222,SALE,2,3.2,6.4,0.0,0.0,0.0,0.0,120,Apfelschorle,Getränke,,MwSt. 19%,1.19,5.378151,1.021849,Normalverkauf
S1000084.58223,SP1000084.36.58223,SY1000084.2026.58223,iPad1(1000084),84,03.06.26 17:04,Prod,A1000084.6261,Tisch 7,112,S1000084.58223,SALE,1,6.5,6.5,0.0,0.0,0.0,0.0,118,Schokokuchen,Desserts,,MwSt. 7%,1.07,6.074766,0.425234,Normalverkauf
S1000084.58224,SP1000084.36.58224,SY1000084.2026.58224,iPad1(1000084),84,03.06.26 17:04,Prod,A1000084.6261,Tisch 7,112,S1000084.58224,SALE,2,10.9,21.8,0.0,0.0,0.0,0.0,107,Chicken Burger,Hauptgerichte,,MwSt. 7%,1.07,20.373832,1.426168,Normalverkauf
S1000084.58225,SP1000084.36.58225,SY1000084.2026.58225,iPad1(1000084),84,03.06.26 17:18,Prod,A1000084.6262,Tisch 11,107,S1000084.58225,SALE,1,3.2,3.2,0.0,0.0,0.0,0.0,120,Apfelschorle,Getränke,,MwSt. 19%,1.19,2.689076,0.510924,Normalverkauf
S1000084.58226,SP1000084.36.58226,SY1000084.2026.58226,iPad1(1000084),84,03.06.26 17:18,Prod,A1000084.6262,Tisch 11,107,S1000084.58226,SALE,2,5.9,11.8,0.0,0.0,0.0,0.0,116,Vanillequark,Desserts,,MwSt. 7%,1.07,11.028037,0.771963,Normalverkauf
S1000084.58227,SP1000084.36.58227,SY1000084.2026.58227,iPad1(1000084),84,03.06.26 19:00,Prod,A1000084.6263,,102,S1000084.58227,SALE,2,3.9,7.8,0.0,0.0,0.0,0.0,126,Spezi,Getränke,,MwSt. 19%,1.19,6.554622,1.245378,Normalverkauf
S1000084.58228,SP1000084.36.58228,SY1000084.2026.58228,iPad1(1000084),84,03.06.26 14:55,Prod,A1000084.6264,Tisch 11,112,S1000084.58228,SALE,1,10.9,10.9,0.0,0.0,0.0,0.0,107,Chicken Burger,Hauptgerichte,,MwSt. 7%,1.07,10.186916,0.713084,Normalverkauf
S1000084.58229,SP1000084.36.58229,SY1000084.2026.58229,iPad1(1000084),84,03.06.26 20:34,Prod,A1000084.6265,Tisch 10,108,S1000084.58229,SALE,1,5.9,5.9,0.0,0.0,0.0,0.0,117,Rote Grütze,Desserts,,MwSt. 7%,1.07,5.514019,0.385981,Normalverkauf
S1000084.58230,SP1000084.36.58230,SY1000084.2026.58230,iPad1(1000084),84,03.06.26 20:34,Prod,A1000084.6265,Tisch 10,108,S1000084.58230,SALE,2,4.9,9.8,0.0,0.0,0.0,0.0,112,Kartoffelwedges,Beilagen,,MwSt. 7%,1.07,9.158879,0.641121,Normalverkauf
S1000084.58231,SP1000084.36.58231,SY1000084.2026.58231,iPad1(1000084),84,03.06.26 20:55,Prod,A1000084.6266,Tisch 18,112,S1000084.58231,VOID,2,4.9,9.8,0.0,0.0,0.0,0.0,112,Kartoffelwedges,Beilagen,,MwSt. 7%,1.07,9.158879,0.641121,Normalverkauf
S1000084.58232,SP1000084.36.58232,SY1000084.2026.58232,iPad1(1000084),84,03.06.26 20:55,Prod,A1000084.6266,Tisch 18,112,S1000084.58232,VOID,1,3.9,3.9,0.0,0.0,0.0,0.0,127,Alkoholfreies Bier,Getränke,,MwSt. 19%,1.19,3.277311,0.622689,Normalverkauf
S1000084.58233,SP1000084.36.58233,SY1000084.2026.58233,iPad1(1000084),84,03.06.26 16:56,Prod,A1000084.6267,Tisch 14,107,S1000084.58233,SALE,2,14.5,29.0,0.0,0.0,0.0,0.0,101,Lachs,Hauptspeisen,,MwSt. 7%,1.07,27.102804,1.897196,Normalverkauf
S1000084.58234,SP1000084.36.58234,SY1000084.2026.58234,iPad1(1000084),84,03.06.26 16:56,Prod,A1000084.6267,Tisch 14,107,S1000084.58234,SALE,1,10.9,10.9,0.0,0.0,0.0,0.0,107,Chicken Burger,Hauptgerichte,,MwSt. 7%,1.07,10.186916,0.713084,Normalverkauf
S1000084.58235,SP1000084.36.58235,SY1000084.2026.58235,iPad1(1000084),84,03.06.26 17:54,Prod,A1000084.6268,Tisch 16,102,S1000084.58235,SALE,2,3.9,7.8,0.0,0.0,0.0,0.0,126,Spezi,Getränke,,MwSt. 19%,1.19,6.554622,1.245378,Normalverkauf
S1000084.58236,SP1000084.36.58236,SY1000084.2026.58236,iPad1(1000084),84,03.06.26 17:54,Prod,A1000084.6268,Tisch 16,102,S1000084.58236,SALE,1,10.9,10.9,0.0,0.0,0.0,0.0,107,Chicken Burger,Hauptgerichte,,MwSt. 7%,1.07,10.186916,0.713084,Normalverkauf
S1000084.58237,SP1000084.36.58237,SY1000084.2026.58237,iPad1(1000084),84,03.06.26 17:34,Prod,A1000084.6269,Tisch 5,107,S1000084.58237,SALE,1,2.8,2.8,0.0,0.0,0.0,0.0,121,Mineralwasser,Getränke,,MwSt. 19%,1.19,2.352941,0.447059,Normalverkauf
S1000084.58238,SP1000084.36.58238,SY1000084.2026.58238,iPad1(1000084),84,03.06.26 17:34,Prod,A1000084.6269,Tisch 5,107,S1000084.58238,SALE,2,5.9,11.8,0.0,0.0,0.0,0.0,116,Vanillequark,Desserts,,MwSt. 7%,1.07,11.028037,0.771963,Normalverkauf
S1000084.58239,SP1000084.36.58239,SY1000084.2026.58239,iPad1(1000084),84,03.06.26 17:34,Prod,A1000084.6269,Tisch 5,107,S1000084.58239,SALE,1,4.9,4.9,0.0,0.0,0.0,0.0,112,Kartoffelwedges,Beilagen,,MwSt. 7%,1.07,4.579439,0.320561,Normalverkauf
S1000084.58240,SP1000084.36.58240,SY1000084.2026.58240,iPad1(1000084),84,03.06.26 16:11,Prod,A1000084.6270,Tisch 16,104,S1000084.58240,SALE,2,3.9,7.8,0.0,0.0,0.0,0.0,124,Cola Zero,Getränke,,MwSt. 19%,1.19,6.554622,1.245378,Normalverkauf
S1000084.58241,SP1000084.36.58241,SY1000084.2026.58241,iPad1(1000084),84,03.06.26 16:11,Prod,A1000084.6270,Tisch 16,104,S1000084.58241,SALE,1,6.5,6.5,0.0,0.0,0.0,0.0,118,Schokokuchen,Desserts,,MwSt. 7%,1.07,6.074766,0.425234,Normalverkauf
S1000084.58242,SP1000084.36.58242,SY1000084.2026.58242,iPad1(1000084),84,03.06.26 16:11,Prod,A1000084.6270,Tisch 16,104,S1000084.58242,SALE,2,5.9,11.8,0.0,0.0,0.0,0.0,116,Vanillequark,Desserts,,MwSt. 7%,1.07,11.028037,0.771963,Normalverkauf
S1000084.58243,SP1000084.36.58243,SY1000084.2026.58243,iPad1(1000084),84,03.06.26 12:30,Prod,A1000084.6271,Tisch 4,112,S1000084.58243,SALE,2,3.2,6.4,0.0,0.0,0.0,0.0,120,Apfelschorle,Getränke,,MwSt. 19%,1.19,5.378151,1.021849,Normalverkauf
S1000084.58244,SP1000084.36.58244,SY1000084.2026.58244,iPad1(1000084),84,03.06.26 12:30,Prod,A1000084.6271,Tisch 4,112,S1000084.58244,SALE,2,6.9,13.8,0.0,0.0,0.0,0.0,103,Fischbrötchen Räucherlachs,Hauptspeisen,,MwSt. 7%,1.07,12.897196,0.902804,Normalverkauf
S1000084.58245,SP1000084.36.58245,SY1000084.2026.58245,iPad1(1000084),84,03.06.26 18:58,Prod,A1000084.6272,Tisch 5,104,S1000084.58245,SALE,1,3.9,3.9,0.0,0.0,0.0,0.0,127,Alkoholfreies Bier,Getränke,,MwSt. 19%,1.19,3.277311,0.622689,Normalverkauf
S1000084.58246,SP1000084.36.58246,SY1000084.2026.58246,iPad1(1000084),84,03.06.26 18:58,Prod,A1000084.6272,Tisch 5,104,S1000084.58246,SALE,1,7.9,7.9,0.0,0.0,0.0,0.0,106,Neptun-Ringe,Beilagen,,MwSt. 7%,1.07,7.383178,0.516822,Normalverkauf
S1000084.58247,SP1000084.36.58247,SY1000084.2026.58247,iPad1(1000084),84,03.06.26 18:41,Prod,A1000084.6273,Tisch 1,112,S1000084.58247,SALE,2,10.9,21.8,0.0,0.0,0.0,0.0,104,Thunfisch Wrap,Hauptgerichte,,MwSt. 7%,1.07,20.373832,1.426168,Normalverkauf
S1000084.58248,SP1000084.36.58248,SY1000084.2026.58248,iPad1(1000084),84,03.06.26 18:41,Prod,A1000084.6273,Tisch 1,112,S1000084.58248,SALE,2,11.9,23.8,0.0,0.0,0.0,0.0,110,Matjes-Baguette,Hauptgerichte,,MwSt. 7%,1.07,22.242991,1.557009,Normalverkauf
S1000084.58249,SP1000084.36.58249,SY1000084.2026.58249,iPad1(1000084),84,03.06.26 18:41,Prod,A1000084.6273,Tisch 1,112,S1000084.58249,SALE,1,6.5,6.5,0.0,0.0,0.0,0.0,100,Fischbrötchen Backfisch,Hauptspeisen,,MwSt. 7%,1.07,6.074766,0.425234,Normalverkauf
S1000084.58250,SP1000084.36.58250,SY1000084.2026.58250,iPad1(1000084),84,03.06.26 08:44,Prod,A1000084.6274,Tisch 8,112,S1000084.58250,SALE,1,11.9,11.9,0.0,0.0,0.0,0.0,110,Matjes-Baguette,Hauptgerichte,,MwSt. 7%,1.07,11.121495,0.778505,Normalverkauf
S1000084.58251,SP1000084.36.58251,SY1000084.2026.58251,iPad1(1000084),84,03.06.26 08:44,Prod,A1000084.6274,Tisch 8,112,S1000084.58251,SALE,1,2.8,2.8,0.0,0.0,0.0,0.0,121,Mineralwasser,Getränke,,MwSt. 19%,1.19,2.352941,0.447059,Normalverkauf
S1000084.58252,SP1000084.36.58252,SY1000084.2026.58252,iPad1(1000084),84,03.06.26 11:43,Prod,A1000084.6275,Tisch 23,104,S1000084.58252,SALE,1,3.9,3.9,0.0,0.0,0.0,0.0,119,Cola,Getränke,,MwSt. 19%,1.19,3.277311,0.622689,Normalverkauf
S1000084.58253,SP1000084.36.58253,SY1000084.2026.58253,iPad1(1000084),84,03.06.26 11:43,Prod,A1000084.6275,Tisch 23,104,S1000084.58253,SALE,1,5.9,5.9,0.0,0.0,0.0,0.0,125,Zitronen-Limonade,Getränke,,MwSt. 19%,1.19,4.957983,0.942017,Normalverkauf
S1000084.58254,SP1000084.36.58254,SY1000084.2026.58254,iPad1(1000084),84,03.06.26 11:43,Prod,A1000084.6275,Tisch 23,104,S1000084.58254,SALE,2,5.9,11.8,0.0,0.0,0.0,0.0,117,Rote Grütze,Desserts,,MwSt. 7%,1.07,11.028037,0.771963,Normalverkauf
S1000084.58255,SP1000084.36.58255,SY1000084.2026.58255,iPad1(1000084),84,03.06.26 13:30,Prod,A1000084.6276,Tisch 1,107,S1000084.58255,SALE,1,4.2,4.2,0.0,0.0,0.0,0.0,122,Bier,Getränke,,MwSt. 19%,1.19,3.529412,0.670588,Normalverkauf
S1000084.58256,SP1000084.36.58256,SY1000084.2026.58256,iPad1(1000084),84,03.06.26 13:30,Prod,A1000084.6276,Tisch 1,107,S1000084.58256,SALE,2,4.2,8.4,0.0,0.0,0.0,0.0,122,Bier,Getränke,,MwSt. 19%,1.19,7.058824,1.341176,Normalverkauf
S1000084.58257,SP1000084.36.58257,SY1000084.2026.58257,iPad1(1000084),84,03.06.26 13:30,Prod,A1000084.6276,Tisch 1,107,S1000084.58257,SALE,2,11.9,23.8,0.0,0.0,0.0,0.0,110,Matjes-Baguette,Hauptgerichte,,MwSt. 7%,1.07,22.242991,1.557009,Normalverkauf
S1000084.58258,SP1000084.36.58258,SY1000084.2026.58258,iPad1(1000084),84,03.06.26 19:54,Prod,A1000084.6277,Tisch 8,102,S1000084.58258,SALE,2,5.5,11.0,0.0,0.0,0.0,0.0,114,Fisch Nuggets Box,Beilagen,,MwSt. 7%,1.07,10.280374,0.719626,Normalverkauf
S1000084.58259,SP1000084.36.58259,SY1000084.2026.58259,iPad1(1000084),84,03.06.26 19:54,Prod,A1000084.6277,Tisch 8,102,S1000084.58259,SALE,2,5.5,11.0,0.0,0.0,0.0,0.0,114,Fisch Nuggets Box,Beilagen,,MwSt. 7%,1.07,10.280374,0.719626,Normalverkauf
S1000084.58260,SP1000084.36.58260,SY1000084.2026.58260,iPad1(1000084),84,03.06.26 19:54,Prod,A1000084.6277,Tisch 8,102,S1000084.58260,SALE,1,3.9,3.9,0.0,0.0,0.0,0.0,127,Alkoholfreies Bier,Getränke,,MwSt. 19%,1.19,3.277311,0.622689,Normalverkauf
S1000084.58261,SP1000084.36.58261,SY1000084.2026.58261,iPad1(1000084),84,03.06.26 16:20,Prod,A1000084.6278,,102,S1000084.58261,SALE,2,4.2,8.4,0.0,0.0,0.0,0.0,122,Bier,Getränke,,MwSt. 19%,1.19,7.058824,1.341176,Normalverkauf
S1000084.58262,SP1000084.36.58262,SY1000084.2026.58262,iPad1(1000084),84,03.06.26 16:20,Prod,A1000084.6278,,102,S1000084.58262,SALE,1,5.9,5.9,0.0,0.0,0.0,0.0,117,Rote Grütze,Desserts,,MwSt. 7%,1.07,5.514019,0.385981,Normalverkauf
S1000084.58263,SP1000084.36.58263,SY1000084.2026.58263,iPad1(1000084),84,03.06.26 16:20,Prod,A1000084.6278,,102,S1000084.58263,SALE,2,10.9,21.8,0.0,0.0,0.0,0.0,107,Chicken Burger,Hauptgerichte,,MwSt. 7%,1.07,20.373832,1.426168,Normalverkauf
S1000084.58264,SP1000084.36.58264,SY1000084.2026.58264,iPad1(1000084),84,03.06.26 19:40,Prod,A1000084.6279,Tisch 18,108,S1000084.58264,SALE,2,2.8,5.6,0.0,0.0,0.0,0.0,121,Mineralwasser,Getränke,,MwSt. 19%,1.19,4.705882,0.894118,Normalverkauf
S1000084.58265,SP1000084.36.58265,SY1000084.2026.58265,iPad1(1000084),84,03.06.26 20:19,Prod,A1000084.6280,Tisch 4,112,S1000084.58265,SALE,2,5.5,11.0,0.0,0.0,0.0,0.0,111,Pommes Frites,Beilagen,,MwSt. 7%,1.07,10.280374,0.719626,Normalverkauf
S1000084.58266,SP1000084.36.58266,SY1000084.2026.58266,iPad1(1000084),84,03.06.26 19:48,Prod,A1000084.6281,Tisch 14,102,S1000084.58266,SALE,1,3.9,3.9,0.0,0.0,0.0,0.0,127,Alkoholfreies Bier,Getränke,,MwSt. 19%,1.19,3.277311,0.622689,Normalverkauf
S1000084.58267,SP1000084.36.58267,SY1000084.2026.58267,iPad1(1000084),84,03.06.26 08:05,Prod,A1000084.6282,Tisch 24,102,S1000084.58267,SALE,2,3.9,7.8,0.0,0.0,0.0,0.0,119,Cola,Getränke,,MwSt. 19%,1.19,6.554622,1.245378,Normalverkauf
S1000084.58268,SP1000084.36.58268,SY1000084.2026.58268,iPad1(1000084),84,03.06.26 08:05,Prod,A1000084.6282,Tisch 24,102,S1000084.58268,SALE,2,6.5,13.0,0.0,0.0,0.0,0.0,118,Schokokuchen,Desserts,,MwSt. 7%,1.07,12.149533,0.850467,Normalverkauf
S1000084.58269,SP1000084.36.58269,SY1000084.2026.58269,iPad1(1000084),84,03.06.26 18:42,Prod,A1000084.6283,Tisch 5,104,S1000084.58269,SALE,2,13.5,27.0,0.0,0.0,0.0,0.0,102,Matjes,Hauptspeisen,,MwSt. 7%,1.07,25.233645,1.766355,Normalverkauf
S1000084.58270,SP1000084.36.58270,SY1000084.2026.58270,iPad1(1000084),84,03.06.26 18:42,Prod,A1000084.6283,Tisch 5,104,S1000084.58270,SALE,1,13.5,13.5,0.0,0.0,0.0,0.0,102,Matjes,Hauptspeisen,,MwSt. 7%,1.07,12.616822,0.883178,Normalverkauf
S1000084.58271,SP1000084.36.58271,SY1000084.2026.58271,iPad1(1000084),84,03.06.26 18:26,Prod,A1000084.6284,,112,S1000084.58271,SALE,1,10.9,10.9,0.0,0.0,0.0,0.0,109,Bismarck-Baguette,Hauptgerichte,,MwSt. 7%,1.07,10.186916,0.713084,Normalverkauf
S1000084.58272,SP1000084.36.58272,SY1000084.2026.58272,iPad1(1000084),84,03.06.26 18:26,Prod,A1000084.6284,,112,S1000084.58272,SALE,1,6.5,6.5,0.0,0.0,0.0,0.0,100,Fischbrötchen Backfisch,Hauptspeisen,,MwSt. 7%,1.07,6.074766,0.425234,Normalverkauf
S1000084.58273,SP1000084.36.58273,SY1000084.2026.58273,iPad1(1000084),84,03.06.26 18:26,Prod,A1000084.6284,,112,S1000084.58273,SALE,1,10.9,10.9,0.0,0.0,0.0,0.0,104,Thunfisch Wrap,Hauptgerichte,,MwSt. 7%,1.07,10.186916,0.713084,Normalverkauf
S1000084.58274,SP1000084.36.58274,SY1000084.2026.58274,iPad1(1000084),84,03.06.26 16:43,Prod,A1000084.6285,Tisch 22,107,S1000084.58274,SALE,2,7.9,15.8,0.0,0.0,0.0,0.0,106,Neptun-Ringe,Beilagen,,MwSt. 7%,1.07,14.766355,1.033645,Normalverkauf
S1000084.58275,SP1000084.36.58275,SY1000084.2026.58275,iPad1(1000084),84,03.06.26 16:43,Prod,A1000084.6285,Tisch 22,107,S1000084.58275,SALE,2,3.9,7.8,0.0,0.0,0.0,0.0,126,Spezi,Getränke,,MwSt. 19%,1.19,6.554622,1.245378,Normalverkauf
S1000084.58276,SP1000084.36.58276,SY1000084.2026.58276,iPad1(1000084),84,03.06.26 20:05,Prod,A1000084.6286,Tisch 10,104,S1000084.58276,SALE,1,10.9,10.9,0.0,0.0,0.0,0.0,104,Thunfisch Wrap,Hauptgerichte,,MwSt. 7%,1.07,10.186916,0.713084,Normalverkauf
S1000084.58277,SP1000084.36.58277,SY1000084.2026.58277,iPad1(1000084),84,03.06.26 20:05,Prod,A1000084.6286,Tisch 10,104,S1000084.58277,SALE,1,10.9,10.9,0.0,0.0,0.0,0.0,109,Bismarck-Baguette,Hauptgerichte,,MwSt. 7%,1.07,10.186916,0.713084,Normalverkauf
S1000084.58278,SP1000084.36.58278,SY1000084.2026.58278,iPad1(1000084),84,03.06.26 20:05,Prod,A1000084.6286,Tisch 10,104,S1000084.58278,SALE,2,6.5,13.0,0.0,0.0,0.0,0.0,100,Fischbrötchen Backfisch,Hauptspeisen,,MwSt. 7%,1.07,12.149533,0.850467,Normalverkauf
S1000084.58279,SP1000084.36.58279,SY1000084.2026.58279,iPad1(1000084),84,03.06.26 12:05,Prod,A1000084.6287,Tisch 22,104,S1000084.58279,SALE,2,10.9,21.8,0.0,0.0,0.0,0.0,109,Bismarck-Baguette,Hauptgerichte,,MwSt. 7%,1.07,20.373832,1.426168,Normalverkauf
S1000084.58280,SP1000084.36.58280,SY1000084.2026.58280,iPad1(1000084),84,03.06.26 12:05,Prod,A1000084.6287,Tisch 22,104,S1000084.58280,SALE,2,3.9,7.8,0.0,0.0,0.0,0.0,119,Cola,Getränke,,MwSt. 19%,1.19,6.554622,1.245378,Normalverkauf
S1000084.58281,SP1000084.36.58281,SY1000084.2026.58281,iPad1(1000084),84,03.06.26 12:05,Prod,A1000084.6287,Tisch 22,104,S1000084.58281,SALE,1,9.8,9.8,0.0,0.0,0.0,0.0,108,Seelachs-Ei-Baugette,Hauptgerichte,,MwSt. 7%,1.07,9.158879,0.641121,Normalverkauf
S1000084.58282,SP1000084.36.58282,SY1000084.2026.58282,iPad1(1000084),84,03.06.26 20:54,Prod,A1000084.6288,Tisch 14,102,S1000084.58282,SALE,2,11.5,23.0,0.0,0.0,0.0,0.0,105,Garnelen-Kimchi-Bruger,Hauptgerichte,,MwSt. 7%,1.07,21.495327,1.504673,Normalverkauf
S1000084.58283,SP1000084.36.58283,SY1000084.2026.58283,iPad1(1000084),84,03.06.26 20:54,Prod,A1000084.6288,Tisch 14,102,S1000084.58283,SALE,1,6.5,6.5,0.0,0.0,0.0,0.0,100,Fischbrötchen Backfisch,Hauptspeisen,,MwSt. 7%,1.07,6.074766,0.425234,Normalverkauf
S1000084.58284,SP1000084.36.58284,SY1000084.2026.58284,iPad1(1000084),84,03.06.26 20:54,Prod,A1000084.6288,Tisch 14,102,S1000084.58284,SALE,1,4.9,4.9,0.0,0.0,0.0,0.0,112,Kartoffelwedges,Beilagen,,MwSt. 7%,1.07,4.579439,0.320561,Normalverkauf
S1000084.58285,SP1000084.36.58285,SY1000084.2026.58285,iPad1(1000084),84,03.06.26 19:50,Prod,A1000084.6289,Tisch 7,104,S1000084.58285,SALE,1,3.9,3.9,0.0,0.0,0.0,0.0,127,Alkoholfreies Bier,Getränke,,MwSt. 19%,1.19,3.277311,0.622689,Normalverkauf
S1000084.58286,SP1000084.36.58286,SY1000084.2026.58286,iPad1(1000084),84,03.06.26 13:14,Prod,A1000084.6290,Tisch 14,112,S1000084.58286,SALE,1,5.5,5.5,0.0,0.0,0.0,0.0,111,Pommes Frites,Beilagen,,MwSt. 7%,1.07,5.140187,0.359813,Normalverkauf
S1000084.58287,SP1000084.36.58287,SY1000084.2026.58287,iPad1(1000084),84,03.06.26 11:39,Prod,A1000084.6291,Tisch 15,112,S1000084.58287,SALE,2,3.9,7.8,0.0,0.0,0.0,0.0,127,Alkoholfreies Bier,Getränke,,MwSt. 19%,1.19,6.554622,1.245378,Normalverkauf
S1000084.58288,SP1000084.36.58288,SY1000084.2026.58288,iPad1(1000084),84,03.06.26 11:39,Prod,A1000084.6291,Tisch 15,112,S1000084.58288,SALE,2,3.2,6.4,0.0,0.0,0.0,0.0,120,Apfelschorle,Getränke,,MwSt. 19%,1.19,5.378151,1.021849,Normalverkauf
S1000084.58289,SP1000084.36.58289,SY1000084.2026.58289,iPad1(1000084),84,03.06.26 19:42,Prod,A1000084.6292,Tisch 18,104,S1000084.58289,SALE,1,13.5,13.5,0.0,0.0,0.0,0.0,102,Matjes,Hauptspeisen,,MwSt. 7%,1.07,12.616822,0.883178,Normalverkauf
S1000084.58290,SP1000084.36.58290,SY1000084.2026.58290,iPad1(1000084),84,03.06.26 19:42,Prod,A1000084.6292,Tisch 18,104,S1000084.58290,SALE,2,3.9,7.8,0.0,0.0,0.0,0.0,124,Cola Zero,Getränke,,MwSt. 19%,1.19,6.554622,1.245378,Normalverkauf
S1000084.58291,SP1000084.36.58291,SY1000084.2026.58291,iPad1(1000084),84,03.06.26 19:42,Prod,A1000084.6292,Tisch 18,104,S1000084.58291,SALE,1,4.2,4.2,0.0,0.0,0.0,0.0,122,Bier,Getränke,,MwSt. 19%,1.19,3.529412,0.670588,Normalverkauf
S1000084.58292,SP1000084.36.58292,SY1000084.2026.58292,iPad1(1000084),84,03.06.26 16:14,Prod,A1000084.6293,Tisch 14,104,S1000084.58292,SALE,2,5.9,11.8,0.0,0.0,0.0,0.0,116,Vanillequark,Desserts,,MwSt. 7%,1.07,11.028037,0.771963,Normalverkauf
S1000084.58293,SP1000084.36.58293,SY1000084.2026.58293,iPad1(1000084),84,03.06.26 16:14,Prod,A1000084.6293,Tisch 14,104,S1000084.58293,SALE,2,2.8,5.6,0.0,0.0,0.0,0.0,121,Mineralwasser,Getränke,,MwSt. 19%,1.19,4.705882,0.894118,Normalverkauf
S1000084.58294,SP1000084.36.58294,SY1000084.2026.58294,iPad1(1000084),84,03.06.26 16:14,Prod,A1000084.6293,Tisch 14,104,S1000084.58294,SALE,1,5.5,5.5,0.0,0.0,0.0,0.0,111,Pommes Frites,Beilagen,,MwSt. 7%,1.07,5.140187,0.359813,Normalverkauf
S1000084.58295,SP1000084.36.58295,SY1000084.2026.58295,iPad1(1000084),84,03.06.26 14:25,Prod,A1000084.6294,Tisch 3,107,S1000084.58295,SALE,2,6.9,13.8,0.0,0.0,0.0,0.0,103,Fischbrötchen Räucherlachs,Hauptspeisen,,MwSt. 7%,1.07,12.897196,0.902804,Normalverkauf
S1000084.58296,SP1000084.36.58296,SY1000084.2026.58296,iPad1(1000084),84,03.06.26 13:17,Prod,A1000084.6295,Tisch 12,112,S1000084.58296,SALE,2,2.8,5.6,0.0,0.0,0.0,0.0,121,Mineralwasser,Getränke,,MwSt. 19%,1.19,4.705882,0.894118,Normalverkauf
S1000084.58297,SP1000084.36.58297,SY1000084.2026.58297,iPad1(1000084),84,03.06.26 13:17,Prod,A1000084.6295,Tisch 12,112,S1000084.58297,SALE,2,5.5,11.0,0.0,0.0,0.0,0.0,111,Pommes Frites,Beilagen,,MwSt. 7%,1.07,10.280374,0.719626,Normalverkauf
S1000084.58298,SP1000084.36.58298,SY1000084.2026.58298,iPad1(1000084),84,03.06.26 13:17,Prod,A1000084.6295,Tisch 12,112,S1000084.58298,SALE,2,7.9,15.8,0.0,0.0,0.0,0.0,106,Neptun-Ringe,Beilagen,,MwSt. 7%,1.07,14.766355,1.033645,Normalverkauf
S1000084.58299,SP1000084.36.58299,SY1000084.2026.58299,iPad1(1000084),84,03.06.26 20:41,Prod,A1000084.6296,Tisch 6,104,S1000084.58299,SALE,2,10.9,21.8,0.0,0.0,0.0,0.0,109,Bismarck-Baguette,Hauptgerichte,,MwSt. 7%,1.07,20.373832,1.426168,Normalverkauf
S1000084.58300,SP1000084.36.58300,SY1000084.2026.58300,iPad1(1000084),84,03.06.26 20:41,Prod,A1000084.6296,Tisch 6,104,S1000084.58300,SALE,1,5.9,5.9,0.0,0.0,0.0,0.0,117,Rote Grütze,Desserts,,MwSt. 7%,1.07,5.514019,0.385981,Normalverkauf
S1000084.58301,SP1000084.36.58301,SY1000084.2026.58301,iPad1(1000084),84,03.06.26 17:44,Prod,A1000084.6297,Tisch 21,112,S1000084.58301,SALE,2,4.2,8.4,0.0,0.0,0.0,0.0,122,Bier,Getränke,,MwSt. 19%,1.19,7.058824,1.341176,Normalverkauf
S1000084.58302,SP1000084.36.58302,SY1000084.2026.58302,iPad1(1000084),84,03.06.26 17:44,Prod,A1000084.6297,Tisch 21,112,S1000084.58302,SALE,2,5.9,11.8,0.0,0.0,0.0,0.0,125,Zitronen-Limonade,Getränke,,MwSt. 19%,1.19,9.915966,1.884034,Normalverkauf
S1000084.58303,SP1000084.36.58303,SY1000084.2026.58303,iPad1(1000084),84,03.06.26 17:44,Prod,A1000084.6297,Tisch 21,112,S1000084.58303,SALE,2,11.5,23.0,0.0,0.0,0.0,0.0,105,Garnelen-Kimchi-Bruger,Hauptgerichte,,MwSt. 7%,1.07,21.495327,1.504673,Normalverkauf
S1000084.58304,SP1000084.36.58304,SY1000084.2026.58304,iPad1(1000084),84,03.06.26 20:41,Prod,A1000084.6298,Tisch 20,112,S1000084.58304,SALE,1,9.8,9.8,0.0,0.0,0.0,0.0,108,Seelachs-Ei-Baugette,Hauptgerichte,,MwSt. 7%,1.07,9.158879,0.641121,Normalverkauf
S1000084.58305,SP1000084.36.58305,SY1000084.2026.58305,iPad1(1000084),84,03.06.26 20:41,Prod,A1000084.6298,Tisch 20,112,S1000084.58305,SALE,1,9.8,9.8,0.0,0.0,0.0,0.0,108,Seelachs-Ei-Baugette,Hauptgerichte,,MwSt. 7%,1.07,9.158879,0.641121,Normalverkauf
S1000084.58306,SP1000084.36.58306,SY1000084.2026.58306,iPad1(1000084),84,03.06.26 20:41,Prod,A1000084.6298,Tisch 20,112,S1000084.58306,SALE,1,6.9,6.9,0.0,0.0,0.0,0.0,103,Fischbrötchen Räucherlachs,Hauptspeisen,,MwSt. 7%,1.07,6.448598,0.451402,Normalverkauf
S1000084.58307,SP1000084.36.58307,SY1000084.2026.58307,iPad1(1000084),84,03.06.26 12:50,Prod,A1000084.6299,Tisch 2,104,S1000084.58307,SALE,1,13.5,13.5,0.0,0.0,0.0,0.0,102,Matjes,Hauptspeisen,,MwSt. 7%,1.07,12.616822,0.883178,Normalverkauf
S1000084.58308,SP1000084.36.58308,SY1000084.2026.58308,iPad1(1000084),84,03.06.26 12:50,Prod,A1000084.6299,Tisch 2,104,S1000084.58308,SALE,2,10.9,21.8,0.0,0.0,0.0,0.0,107,Chicken Burger,Hauptgerichte,,MwSt. 7%,1.07,20.373832,1.426168,Normalverkauf
S1000084.58309,SP1000084.36.58309,SY1000084.2026.58309,iPad1(1000084),84,03.06.26 12:50,Prod,A1000084.6299,Tisch 2,104,S1000084.58309,SALE,1,11.5,11.5,0.0,0.0,0.0,0.0,105,Garnelen-Kimchi-Bruger,Hauptgerichte,,MwSt. 7%,1.07,10.747664,0.752336,Normalverkauf
S1000084.58310,SP1000084.36.58310,SY1000084.2026.58310,iPad1(1000084),84,03.06.26 17:29,Prod,A1000084.6300,Tisch 16,107,S1000084.58310,SALE,1,14.5,14.5,0.0,0.0,0.0,0.0,101,Lachs,Hauptspeisen,,MwSt. 7%,1.07,13.551402,0.948598,Normalverkauf
S1000084.58311,SP1000084.36.58311,SY1000084.2026.58311,iPad1(1000084),84,03.06.26 19:23,Prod,A1000084.6301,Tisch 4,112,S1000084.58311,SALE,1,4.2,4.2,0.0,0.0,0.0,0.0,122,Bier,Getränke,,MwSt. 19%,1.19,3.529412,0.670588,Normalverkauf
S1000084.58312,SP1000084.36.58312,SY1000084.2026.58312,iPad1(1000084),84,03.06.26 12:04,Prod,A1000084.6302,Tisch 11,112,S1000084.58312,SALE,1,5.9,5.9,0.0,0.0,0.0,0.0,117,Rote Grütze,Desserts,,MwSt. 7%,1.07,5.514019,0.385981,Normalverkauf
S1000084.58313,SP1000084.36.58313,SY1000084.2026.58313,iPad1(1000084),84,03.06.26 12:04,Prod,A1000084.6302,Tisch 11,112,S1000084.58313,SALE,1,3.2,3.2,0.0,0.0,0.0,0.0,120,Apfelschorle,Getränke,,MwSt. 19%,1.19,2.689076,0.510924,Normalverkauf
S1000084.58314,SP1000084.36.58314,SY1000084.2026.58314,iPad1(1000084),84,03.06.26 20:07,Prod,A1000084.6303,Tisch 1,112,S1000084.58314,SALE,1,10.9,10.9,0.0,0.0,0.0,0.0,107,Chicken Burger,Hauptgerichte,,MwSt. 7%,1.07,10.186916,0.713084,Normalverkauf
S1000084.58315,SP1000084.36.58315,SY1000084.2026.58315,iPad1(1000084),84,03.06.26 20:07,Prod,A1000084.6303,Tisch 1,112,S1000084.58315,SALE,2,4.2,8.4,0.0,0.0,0.0,0.0,122,Bier,Getränke,,MwSt. 19%,1.19,7.058824,1.341176,Normalverkauf
S1000084.58316,SP1000084.36.58316,SY1000084.2026.58316,iPad1(1000084),84,03.06.26 19:10,Prod,A1000084.6304,Tisch 8,104,S1000084.58316,SALE,2,6.9,13.8,0.0,0.0,0.0,0.0,103,Fischbrötchen Räucherlachs,Hauptspeisen,,MwSt. 7%,1.07,12.897196,0.902804,Normalverkauf
S1000084.58317,SP1000084.36.58317,SY1000084.2026.58317,iPad1(1000084),84,03.06.26 19:10,Prod,A1000084.6304,Tisch 8,104,S1000084.58317,SALE,2,5.5,11.0,0.0,0.0,0.0,0.0,114,Fisch Nuggets Box,Beilagen,,MwSt. 7%,1.07,10.280374,0.719626,Normalverkauf
S1000084.58318,SP1000084.36.58318,SY1000084.2026.58318,iPad1(1000084),84,03.06.26 15:45,Prod,A1000084.6305,Tisch 7,108,S1000084.58318,SALE,2,10.9,21.8,0.0,0.0,0.0,0.0,107,Chicken Burger,Hauptgerichte,,MwSt. 7%,1.07,20.373832,1.426168,Normalverkauf
S1000084.58319,SP1000084.36.58319,SY1000084.2026.58319,iPad1(1000084),84,03.06.26 19:46,Prod,A1000084.6306,Tisch 6,107,S1000084.58319,SALE,2,9.8,19.6,0.0,0.0,0.0,0.0,108,Seelachs-Ei-Baugette,Hauptgerichte,,MwSt. 7%,1.07,18.317757,1.282243,Normalverkauf
S1000084.58320,SP1000084.36.58320,SY1000084.2026.58320,iPad1(1000084),84,03.06.26 19:46,Prod,A1000084.6306,Tisch 6,107,S1000084.58320,SALE,1,2.8,2.8,0.0,0.0,0.0,0.0,121,Mineralwasser,Getränke,,MwSt. 19%,1.19,2.352941,0.447059,Normalverkauf
S1000084.58321,SP1000084.36.58321,SY1000084.2026.58321,iPad1(1000084),84,03.06.26 13:23,Prod,A1000084.6307,Tisch 20,104,S1000084.58321,VOID,1,11.9,11.9,0.0,0.0,0.0,0.0,110,Matjes-Baguette,Hauptgerichte,,MwSt. 7%,1.07,11.121495,0.778505,Normalverkauf
S1000084.58322,SP1000084.36.58322,SY1000084.2026.58322,iPad1(1000084),84,03.06.26 17:06,Prod,A1000084.6308,Tisch 15,104,S1000084.58322,SALE,1,6.5,6.5,0.0,0.0,0.0,0.0,100,Fischbrötchen Backfisch,Hauptspeisen,,MwSt. 7%,1.07,6.074766,0.425234,Normalverkauf
S1000084.58323,SP1000084.36.58323,SY1000084.2026.58323,iPad1(1000084),84,03.06.26 17:06,Prod,A1000084.6308,Tisch 15,104,S1000084.58323,SALE,1,6.9,6.9,0.0,0.0,0.0,0.0,103,Fischbrötchen Räucherlachs,Hauptspeisen,,MwSt. 7%,1.07,6.448598,0.451402,Normalverkauf
S1000084.58324,SP1000084.36.58324,SY1000084.2026.58324,iPad1(1000084),84,03.06.26 10:47,Prod,A1000084.6309,Tisch 3,107,S1000084.58324,SALE,2,10.9,21.8,0.0,0.0,0.0,0.0,107,Chicken Burger,Hauptgerichte,,MwSt. 7%,1.07,20.373832,1.426168,Normalverkauf
S1000084.58325,SP1000084.36.58325,SY1000084.2026.58325,iPad1(1000084),84,03.06.26 12:18,Prod,A1000084.6310,Tisch 14,112,S1000084.58325,SALE,1,6.9,6.9,0.0,0.0,0.0,0.0,113,Garnelen Box,Beilagen,,MwSt. 7%,1.07,6.448598,0.451402,Normalverkauf
S1000084.58326,SP1000084.36.58326,SY1000084.2026.58326,iPad1(1000084),84,03.06.26 10:54,Prod,A1000084.6311,,102,S1000084.58326,SALE,2,3.9,7.8,0.0,0.0,0.0,0.0,119,Cola,Getränke,,MwSt. 19%,1.19,6.554622,1.245378,Normalverkauf
S1000084.58327,SP1000084.36.58327,SY1000084.2026.58327,iPad1(1000084),84,03.06.26 10:54,Prod,A1000084.6311,,102,S1000084.58327,SALE,1,10.9,10.9,0.0,0.0,0.0,0.0,109,Bismarck-Baguette,Hauptgerichte,,MwSt. 7%,1.07,10.186916,0.713084,Normalverkauf
S1000084.58328,SP1000084.36.58328,SY1000084.2026.58328,iPad1(1000084),84,03.06.26 20:11,Prod,A1000084.6312,Tisch 7,112,S1000084.58328,SALE,1,3.9,3.9,0.0,0.0,0.0,0.0,127,Alkoholfreies Bier,Getränke,,MwSt. 19%,1.19,3.277311,0.622689,Normalverkauf
S1000084.58329,SP1000084.36.58329,SY1000084.2026.58329,iPad1(1000084),84,03.06.26 20:11,Prod,A1000084.6312,Tisch 7,112,S1000084.58329,SALE,2,2.8,5.6,0.0,0.0,0.0,0.0,121,Mineralwasser,Getränke,,MwSt. 19%,1.19,4.705882,0.894118,Normalverkauf
S1000084.58330,SP1000084.36.58330,SY1000084.2026.58330,iPad1(1000084),84,03.06.26 20:11,Prod,A1000084.6312,Tisch 7,112,S1000084.58330,SALE,1,4.2,4.2,0.0,0.0,0.0,0.0,122,Bier,Getränke,,MwSt. 19%,1.19,3.529412,0.670588,Normalverkauf
S1000084.58331,SP1000084.36.58331,SY1000084.2026.58331,iPad1(1000084),84,03.06.26 17:30,Prod,A1000084.6313,Tisch 23,107,S1000084.58331,SALE,2,3.9,7.8,0.0,0.0,0.0,0.0,124,Cola Zero,Getränke,,MwSt. 19%,1.19,6.554622,1.245378,Normalverkauf
S1000084.58332,SP1000084.36.58332,SY1000084.2026.58332,iPad1(1000084),84,03.06.26 16:04,Prod,A1000084.6314,Tisch 19,112,S1000084.58332,SALE,1,14.5,14.5,0.0,0.0,0.0,0.0,101,Lachs,Hauptspeisen,,MwSt. 7%,1.07,13.551402,0.948598,Normalverkauf
S1000084.58333,SP1000084.36.58333,SY1000084.2026.58333,iPad1(1000084),84,03.06.26 16:04,Prod,A1000084.6314,Tisch 19,112,S1000084.58333,SALE,1,3.9,3.9,0.0,0.0,0.0,0.0,119,Cola,Getränke,,MwSt. 19%,1.19,3.277311,0.622689,Normalverkauf
S1000084.58334,SP1000084.36.58334,SY1000084.2026.58334,iPad1(1000084),84,03.06.26 16:04,Prod,A1000084.6314,Tisch 19,112,S1000084.58334,SALE,1,3.2,3.2,0.0,0.0,0.0,0.0,120,Apfelschorle,Getränke,,MwSt. 19%,1.19,2.689076,0.510924,Normalverkauf
S1000084.58335,SP1000084.36.58335,SY1000084.2026.58335,iPad1(1000084),84,03.06.26 11:03,Prod,A1000084.6315,Tisch 1,112,S1000084.58335,SALE,2,6.5,13.0,0.0,0.0,0.0,0.0,100,Fischbrötchen Backfisch,Hauptspeisen,,MwSt. 7%,1.07,12.149533,0.850467,Normalverkauf
S1000084.58336,SP1000084.36.58336,SY1000084.2026.58336,iPad1(1000084),84,03.06.26 11:03,Prod,A1000084.6315,Tisch 1,112,S1000084.58336,SALE,2,10.9,21.8,0.0,0.0,0.0,0.0,107,Chicken Burger,Hauptgerichte,,MwSt. 7%,1.07,20.373832,1.426168,Normalverkauf
S1000084.58337,SP1000084.36.58337,SY1000084.2026.58337,iPad1(1000084),84,03.06.26 11:03,Prod,A1000084.6315,Tisch 1,112,S1000084.58337,SALE,2,3.2,6.4,0.0,0.0,0.0,0.0,120,Apfelschorle,Getränke,,MwSt. 19%,1.19,5.378151,1.021849,Normalverkauf
S1000084.58338,SP1000084.36.58338,SY1000084.2026.58338,iPad1(1000084),84,03.06.26 20:03,Prod,A1000084.6316,Tisch 3,104,S1000084.58338,SALE,2,3.2,6.4,0.0,0.0,0.0,0.0,120,Apfelschorle,Getränke,,MwSt. 19%,1.19,5.378151,1.021849,Normalverkauf
S1000084.58339,SP1000084.36.58339,SY1000084.2026.58339,iPad1(1000084),84,03.06.26 17:34,Prod,A1000084.6317,Tisch 6,107,S1000084.58339,SALE,2,3.9,7.8,0.0,0.0,0.0,0.0,126,Spezi,Getränke,,MwSt. 19%,1.19,6.554622,1.245378,Normalverkauf
S1000084.58340,SP1000084.36.58340,SY1000084.2026.58340,iPad1(1000084),84,03.06.26 17:34,Prod,A1000084.6317,Tisch 6,107,S1000084.58340,SALE,1,9.8,9.8,0.0,0.0,0.0,0.0,108,Seelachs-Ei-Baugette,Hauptgerichte,,MwSt. 7%,1.07,9.158879,0.641121,Normalverkauf
S1000084.58341,SP1000084.36.58341,SY1000084.2026.58341,iPad1(1000084),84,03.06.26 11:23,Prod,A1000084.6318,Tisch 12,112,S1000084.58341,SALE,2,4.2,8.4,0.0,0.0,0.0,0.0,122,Bier,Getränke,,MwSt. 19%,1.19,7.058824,1.341176,Normalverkauf
S1000084.58342,SP1000084.36.58342,SY1000084.2026.58342,iPad1(1000084),84,03.06.26 11:23,Prod,A1000084.6318,Tisch 12,112,S1000084.58342,SALE,1,13.5,13.5,0.0,0.0,0.0,0.0,102,Matjes,Hauptspeisen,,MwSt. 7%,1.07,12.616822,0.883178,Normalverkauf
S1000084.58343,SP1000084.36.58343,SY1000084.2026.58343,iPad1(1000084),84,03.06.26 11:23,Prod,A1000084.6318,Tisch 12,112,S1000084.58343,SALE,1,5.9,5.9,0.0,0.0,0.0,0.0,125,Zitronen-Limonade,Getränke,,MwSt. 19%,1.19,4.957983,0.942017,Normalverkauf
S1000084.58344,SP1000084.36.58344,SY1000084.2026.58344,iPad1(1000084),84,03.06.26 20:18,Prod,A1000084.6319,Tisch 5,112,S1000084.58344,SALE,1,11.5,11.5,0.0,0.0,0.0,0.0,105,Garnelen-Kimchi-Bruger,Hauptgerichte,,MwSt. 7%,1.07,10.747664,0.752336,Normalverkauf
S1000084.58345,SP1000084.36.58345,SY1000084.2026.58345,iPad1(1000084),84,03.06.26 13:03,Prod,A1000084.6320,Tisch 24,104,S1000084.58345,VOID,2,7.9,15.8,0.0,0.0,0.0,0.0,115,Tiramisu,Desserts,,MwSt. 7%,1.07,14.766355,1.033645,Normalverkauf
S1000084.58346,SP1000084.36.58346,SY1000084.2026.58346,iPad1(1000084),84,03.06.26 13:03,Prod,A1000084.6320,Tisch 24,104,S1000084.58346,VOID,2,6.9,13.8,0.0,0.0,0.0,0.0,103,Fischbrötchen Räucherlachs,Hauptspeisen,,MwSt. 7%,1.07,12.897196,0.902804,Normalverkauf
S1000084.58347,SP1000084.36.58347,SY1000084.2026.58347,iPad1(1000084),84,03.06.26 13:03,Prod,A1000084.6320,Tisch 24,104,S1000084.58347,VOID,2,4.9,9.8,0.0,0.0,0.0,0.0,112,Kartoffelwedges,Beilagen,,MwSt. 7%,1.07,9.158879,0.641121,Normalverkauf
S1000084.58348,SP1000084.36.58348,SY1000084.2026.58348,iPad1(1000084),84,03.06.26 12:17,Prod,A1000084.6321,Tisch 1,104,S1000084.58348,SALE,2,11.5,23.0,0.0,0.0,0.0,0.0,105,Garnelen-Kimchi-Bruger,Hauptgerichte,,MwSt. 7%,1.07,21.495327,1.504673,Normalverkauf
S1000084.58349,SP1000084.36.58349,SY1000084.2026.58349,iPad1(1000084),84,03.06.26 16:13,Prod,A1000084.6322,Tisch 14,108,S1000084.58349,SALE,2,4.2,8.4,0.0,0.0,0.0,0.0,122,Bier,Getränke,,MwSt. 19%,1.19,7.058824,1.341176,Normalverkauf
S1000084.58350,SP1000084.36.58350,SY1000084.2026.58350,iPad1(1000084),84,03.06.26 16:13,Prod,A1000084.6322,Tisch 14,108,S1000084.58350,SALE,1,6.9,6.9,0.0,0.0,0.0,0.0,103,Fischbrötchen Räucherlachs,Hauptspeisen,,MwSt. 7%,1.07,6.448598,0.451402,Normalverkauf
S1000084.58351,SP1000084.36.58351,SY1000084.2026.58351,iPad1(1000084),84,03.06.26 16:13,Prod,A1000084.6322,Tisch 14,108,S1000084.58351,SALE,1,5.9,5.9,0.0,0.0,0.0,0.0,125,Zitronen-Limonade,Getränke,,MwSt. 19%,1.19,4.957983,0.942017,Normalverkauf
S1000084.58352,SP1000084.36.58352,SY1000084.2026.58352,iPad1(1000084),84,03.06.26 10:30,Prod,A1000084.6323,Tisch 10,112,S1000084.58352,VOID,1,5.5,5.5,0.0,0.0,0.0,0.0,111,Pommes Frites,Beilagen,,MwSt. 7%,1.07,5.140187,0.359813,Normalverkauf
S1000084.58353,SP1000084.36.58353,SY1000084.2026.58353,iPad1(1000084),84,03.06.26 10:30,Prod,A1000084.6323,Tisch 10,112,S1000084.58353,VOID,1,4.2,4.2,0.0,0.0,0.0,0.0,122,Bier,Getränke,,MwSt. 19%,1.19,3.529412,0.670588,Normalverkauf
S1000084.58354,SP1000084.36.58354,SY1000084.2026.58354,iPad1(1000084),84,03.06.26 10:30,Prod,A1000084.6323,Tisch 10,112,S1000084.58354,VOID,1,3.2,3.2,0.0,0.0,0.0,0.0,120,Apfelschorle,Getränke,,MwSt. 19%,1.19,2.689076,0.510924,Normalverkauf
S1000084.58355,SP1000084.36.58355,SY1000084.2026.58355,iPad1(1000084),84,04.06.26 11:22,Prod,A1000084.6324,Tisch 20,112,S1000084.58355,SALE,1,3.9,3.9,0.0,0.0,0.0,0.0,127,Alkoholfreies Bier,Getränke,,MwSt. 19%,1.19,3.277311,0.622689,Normalverkauf
S1000084.58356,SP1000084.36.58356,SY1000084.2026.58356,iPad1(1000084),84,04.06.26 11:22,Prod,A1000084.6324,Tisch 20,112,S1000084.58356,SALE,2,2.8,5.6,0.0,0.0,0.0,0.0,121,Mineralwasser,Getränke,,MwSt. 19%,1.19,4.705882,0.894118,Normalverkauf
S1000084.58357,SP1000084.36.58357,SY1000084.2026.58357,iPad1(1000084),84,04.06.26 11:22,Prod,A1000084.6324,Tisch 20,112,S1000084.58357,SALE,1,3.9,3.9,0.0,0.0,0.0,0.0,127,Alkoholfreies Bier,Getränke,,MwSt. 19%,1.19,3.277311,0.622689,Normalverkauf
S1000084.58358,SP1000084.36.58358,SY1000084.2026.58358,iPad1(1000084),84,04.06.26 12:33,Prod,A1000084.6325,Tisch 17,102,S1000084.58358,SALE,2,4.2,8.4,0.0,0.0,0.0,0.0,122,Bier,Getränke,,MwSt. 19%,1.19,7.058824,1.341176,Normalverkauf
S1000084.58359,SP1000084.36.58359,SY1000084.2026.58359,iPad1(1000084),84,04.06.26 12:33,Prod,A1000084.6325,Tisch 17,102,S1000084.58359,SALE,1,11.9,11.9,0.0,0.0,0.0,0.0,110,Matjes-Baguette,Hauptgerichte,,MwSt. 7%,1.07,11.121495,0.778505,Normalverkauf
S1000084.58360,SP1000084.36.58360,SY1000084.2026.58360,iPad1(1000084),84,04.06.26 12:33,Prod,A1000084.6325,Tisch 17,102,S1000084.58360,SALE,1,3.9,3.9,0.0,0.0,0.0,0.0,126,Spezi,Getränke,,MwSt. 19%,1.19,3.277311,0.622689,Normalverkauf
S1000084.58361,SP1000084.36.58361,SY1000084.2026.58361,iPad1(1000084),84,04.06.26 12:09,Prod,A1000084.6326,Tisch 11,108,S1000084.58361,SALE,1,5.9,5.9,0.0,0.0,0.0,0.0,116,Vanillequark,Desserts,,MwSt. 7%,1.07,5.514019,0.385981,Normalverkauf
S1000084.58362,SP1000084.36.58362,SY1000084.2026.58362,iPad1(1000084),84,04.06.26 20:28,Prod,A1000084.6327,,108,S1000084.58362,SALE,2,4.2,8.4,0.0,0.0,0.0,0.0,122,Bier,Getränke,,MwSt. 19%,1.19,7.058824,1.341176,Normalverkauf
S1000084.58363,SP1000084.36.58363,SY1000084.2026.58363,iPad1(1000084),84,04.06.26 12:25,Prod,A1000084.6328,Tisch 8,112,S1000084.58363,SALE,2,11.9,23.8,0.0,0.0,0.0,0.0,110,Matjes-Baguette,Hauptgerichte,,MwSt. 7%,1.07,22.242991,1.557009,Normalverkauf
S1000084.58364,SP1000084.36.58364,SY1000084.2026.58364,iPad1(1000084),84,04.06.26 11:21,Prod,A1000084.6329,Tisch 10,108,S1000084.58364,SALE,2,3.9,7.8,0.0,0.0,0.0,0.0,119,Cola,Getränke,,MwSt. 19%,1.19,6.554622,1.245378,Normalverkauf
S1000084.58365,SP1000084.36.58365,SY1000084.2026.58365,iPad1(1000084),84,04.06.26 14:15,Prod,A1000084.6330,Tisch 9,112,S1000084.58365,SALE,1,14.5,14.5,0.0,0.0,0.0,0.0,101,Lachs,Hauptspeisen,,MwSt. 7%,1.07,13.551402,0.948598,Normalverkauf
S1000084.58366,SP1000084.36.58366,SY1000084.2026.58366,iPad1(1000084),84,04.06.26 14:15,Prod,A1000084.6330,Tisch 9,112,S1000084.58366,SALE,2,10.9,21.8,0.0,0.0,0.0,0.0,104,Thunfisch Wrap,Hauptgerichte,,MwSt. 7%,1.07,20.373832,1.426168,Normalverkauf
S1000084.58367,SP1000084.36.58367,SY1000084.2026.58367,iPad1(1000084),84,04.06.26 12:00,Prod,A1000084.6331,Tisch 2,102,S1000084.58367,SALE,2,13.5,27.0,0.0,0.0,0.0,0.0,102,Matjes,Hauptspeisen,,MwSt. 7%,1.07,25.233645,1.766355,Normalverkauf
S1000084.58368,SP1000084.36.58368,SY1000084.2026.58368,iPad1(1000084),84,04.06.26 12:00,Prod,A1000084.6331,Tisch 2,102,S1000084.58368,SALE,2,4.2,8.4,0.0,0.0,0.0,0.0,122,Bier,Getränke,,MwSt. 19%,1.19,7.058824,1.341176,Normalverkauf
S1000084.58369,SP1000084.36.58369,SY1000084.2026.58369,iPad1(1000084),84,04.06.26 12:00,Prod,A1000084.6331,Tisch 2,102,S1000084.58369,SALE,2,10.9,21.8,0.0,0.0,0.0,0.0,107,Chicken Burger,Hauptgerichte,,MwSt. 7%,1.07,20.373832,1.426168,Normalverkauf
S1000084.58370,SP1000084.36.58370,SY1000084.2026.58370,iPad1(1000084),84,04.06.26 16:00,Prod,A1000084.6332,Tisch 15,112,S1000084.58370,SALE,2,3.2,6.4,0.0,0.0,0.0,0.0,120,Apfelschorle,Getränke,,MwSt. 19%,1.19,5.378151,1.021849,Normalverkauf
S1000084.58371,SP1000084.36.58371,SY1000084.2026.58371,iPad1(1000084),84,04.06.26 16:00,Prod,A1000084.6332,Tisch 15,112,S1000084.58371,SALE,1,5.5,5.5,0.0,0.0,0.0,0.0,111,Pommes Frites,Beilagen,,MwSt. 7%,1.07,5.140187,0.359813,Normalverkauf
S1000084.58372,SP1000084.36.58372,SY1000084.2026.58372,iPad1(1000084),84,04.06.26 19:06,Prod,A1000084.6333,Tisch 4,107,S1000084.58372,SALE,2,6.5,13.0,0.0,0.0,0.0,0.0,118,Schokokuchen,Desserts,,MwSt. 7%,1.07,12.149533,0.850467,Normalverkauf
S1000084.58373,SP1000084.36.58373,SY1000084.2026.58373,iPad1(1000084),84,04.06.26 19:06,Prod,A1000084.6333,Tisch 4,107,S1000084.58373,SALE,1,9.8,9.8,0.0,0.0,0.0,0.0,108,Seelachs-Ei-Baugette,Hauptgerichte,,MwSt. 7%,1.07,9.158879,0.641121,Normalverkauf
S1000084.58374,SP1000084.36.58374,SY1000084.2026.58374,iPad1(1000084),84,04.06.26 19:06,Prod,A1000084.6333,Tisch 4,107,S1000084.58374,SALE,2,5.5,11.0,0.0,0.0,0.0,0.0,111,Pommes Frites,Beilagen,,MwSt. 7%,1.07,10.280374,0.719626,Normalverkauf
S1000084.58375,SP1000084.36.58375,SY1000084.2026.58375,iPad1(1000084),84,04.06.26 12:35,Prod,A1000084.6334,Tisch 16,102,S1000084.58375,SALE,1,5.9,5.9,0.0,0.0,0.0,0.0,117,Rote Grütze,Desserts,,MwSt. 7%,1.07,5.514019,0.385981,Normalverkauf
S1000084.58376,SP1000084.36.58376,SY1000084.2026.58376,iPad1(1000084),84,04.06.26 20:28,Prod,A1000084.6335,Tisch 14,107,S1000084.58376,SALE,2,6.9,13.8,0.0,0.0,0.0,0.0,103,Fischbrötchen Räucherlachs,Hauptspeisen,,MwSt. 7%,1.07,12.897196,0.902804,Normalverkauf
S1000084.58377,SP1000084.36.58377,SY1000084.2026.58377,iPad1(1000084),84,04.06.26 18:33,Prod,A1000084.6336,Tisch 4,104,S1000084.58377,SALE,2,3.9,7.8,0.0,0.0,0.0,0.0,126,Spezi,Getränke,,MwSt. 19%,1.19,6.554622,1.245378,Normalverkauf
S1000084.58378,SP1000084.36.58378,SY1000084.2026.58378,iPad1(1000084),84,04.06.26 18:33,Prod,A1000084.6336,Tisch 4,104,S1000084.58378,SALE,1,7.9,7.9,0.0,0.0,0.0,0.0,106,Neptun-Ringe,Beilagen,,MwSt. 7%,1.07,7.383178,0.516822,Normalverkauf
S1000084.58379,SP1000084.36.58379,SY1000084.2026.58379,iPad1(1000084),84,04.06.26 11:44,Prod,A1000084.6337,Tisch 7,108,S1000084.58379,SALE,2,3.9,7.8,0.0,0.0,0.0,0.0,119,Cola,Getränke,,MwSt. 19%,1.19,6.554622,1.245378,Normalverkauf
S1000084.58380,SP1000084.36.58380,SY1000084.2026.58380,iPad1(1000084),84,04.06.26 19:06,Prod,A1000084.6338,Tisch 8,107,S1000084.58380,SALE,2,5.5,11.0,0.0,0.0,0.0,0.0,114,Fisch Nuggets Box,Beilagen,,MwSt. 7%,1.07,10.280374,0.719626,Normalverkauf
S1000084.58381,SP1000084.36.58381,SY1000084.2026.58381,iPad1(1000084),84,04.06.26 19:06,Prod,A1000084.6338,Tisch 8,107,S1000084.58381,SALE,2,10.9,21.8,0.0,0.0,0.0,0.0,104,Thunfisch Wrap,Hauptgerichte,,MwSt. 7%,1.07,20.373832,1.426168,Normalverkauf
S1000084.58382,SP1000084.36.58382,SY1000084.2026.58382,iPad1(1000084),84,04.06.26 10:39,Prod,A1000084.6339,Tisch 10,107,S1000084.58382,SALE,1,3.9,3.9,0.0,0.0,0.0,0.0,127,Alkoholfreies Bier,Getränke,,MwSt. 19%,1.19,3.277311,0.622689,Normalverkauf
S1000084.58383,SP1000084.36.58383,SY1000084.2026.58383,iPad1(1000084),84,04.06.26 11:04,Prod,A1000084.6340,,104,S1000084.58383,SALE,1,10.9,10.9,0.0,0.0,0.0,0.0,107,Chicken Burger,Hauptgerichte,,MwSt. 7%,1.07,10.186916,0.713084,Normalverkauf
S1000084.58384,SP1000084.36.58384,SY1000084.2026.58384,iPad1(1000084),84,04.06.26 11:04,Prod,A1000084.6340,,104,S1000084.58384,SALE,1,5.5,5.5,0.0,0.0,0.0,0.0,111,Pommes Frites,Beilagen,,MwSt. 7%,1.07,5.140187,0.359813,Normalverkauf
S1000084.58385,SP1000084.36.58385,SY1000084.2026.58385,iPad1(1000084),84,04.06.26 11:04,Prod,A1000084.6340,,104,S1000084.58385,SALE,2,3.9,7.8,0.0,0.0,0.0,0.0,119,Cola,Getränke,,MwSt. 19%,1.19,6.554622,1.245378,Normalverkauf
S1000084.58386,SP1000084.36.58386,SY1000084.2026.58386,iPad1(1000084),84,04.06.26 16:03,Prod,A1000084.6341,Tisch 4,112,S1000084.58386,VOID,1,3.9,3.9,0.0,0.0,0.0,0.0,126,Spezi,Getränke,,MwSt. 19%,1.19,3.277311,0.622689,Normalverkauf
S1000084.58387,SP1000084.36.58387,SY1000084.2026.58387,iPad1(1000084),84,04.06.26 16:03,Prod,A1000084.6341,Tisch 4,112,S1000084.58387,VOID,1,14.5,14.5,0.0,0.0,0.0,0.0,101,Lachs,Hauptspeisen,,MwSt. 7%,1.07,13.551402,0.948598,Normalverkauf
S1000084.58388,SP1000084.36.58388,SY1000084.2026.58388,iPad1(1000084),84,04.06.26 16:03,Prod,A1000084.6341,Tisch 4,112,S1000084.58388,VOID,2,4.2,8.4,0.0,0.0,0.0,0.0,122,Bier,Getränke,,MwSt. 19%,1.19,7.058824,1.341176,Normalverkauf
S1000084.58389,SP1000084.36.58389,SY1000084.2026.58389,iPad1(1000084),84,04.06.26 11:00,Prod,A1000084.6342,Tisch 11,107,S1000084.58389,SALE,1,4.9,4.9,0.0,0.0,0.0,0.0,112,Kartoffelwedges,Beilagen,,MwSt. 7%,1.07,4.579439,0.320561,Normalverkauf
S1000084.58390,SP1000084.36.58390,SY1000084.2026.58390,iPad1(1000084),84,04.06.26 14:11,Prod,A1000084.6343,Tisch 20,112,S1000084.58390,SALE,2,10.9,21.8,0.0,0.0,0.0,0.0,107,Chicken Burger,Hauptgerichte,,MwSt. 7%,1.07,20.373832,1.426168,Normalverkauf
S1000084.58391,SP1000084.36.58391,SY1000084.2026.58391,iPad1(1000084),84,04.06.26 18:47,Prod,A1000084.6344,Tisch 1,104,S1000084.58391,VOID,1,3.9,3.9,0.0,0.0,0.0,0.0,119,Cola,Getränke,,MwSt. 19%,1.19,3.277311,0.622689,Normalverkauf
S1000084.58392,SP1000084.36.58392,SY1000084.2026.58392,iPad1(1000084),84,04.06.26 18:47,Prod,A1000084.6344,Tisch 1,104,S1000084.58392,VOID,2,3.9,7.8,0.0,0.0,0.0,0.0,127,Alkoholfreies Bier,Getränke,,MwSt. 19%,1.19,6.554622,1.245378,Normalverkauf
S1000084.58393,SP1000084.36.58393,SY1000084.2026.58393,iPad1(1000084),84,04.06.26 15:18,Prod,A1000084.6345,Tisch 6,112,S1000084.58393,SALE,1,5.5,5.5,0.0,0.0,0.0,0.0,114,Fisch Nuggets Box,Beilagen,,MwSt. 7%,1.07,5.140187,0.359813,Normalverkauf
S1000084.58394,SP1000084.36.58394,SY1000084.2026.58394,iPad1(1000084),84,04.06.26 15:18,Prod,A1000084.6345,Tisch 6,112,S1000084.58394,SALE,1,6.9,6.9,0.0,0.0,0.0,0.0,103,Fischbrötchen Räucherlachs,Hauptspeisen,,MwSt. 7%,1.07,6.448598,0.451402,Normalverkauf
S1000084.58395,SP1000084.36.58395,SY1000084.2026.58395,iPad1(1000084),84,04.06.26 13:24,Prod,A1000084.6346,Tisch 13,104,S1000084.58395,SALE,1,11.5,11.5,0.0,0.0,0.0,0.0,105,Garnelen-Kimchi-Bruger,Hauptgerichte,,MwSt. 7%,1.07,10.747664,0.752336,Normalverkauf
S1000084.58396,SP1000084.36.58396,SY1000084.2026.58396,iPad1(1000084),84,04.06.26 13:24,Prod,A1000084.6346,Tisch 13,104,S1000084.58396,SALE,2,3.9,7.8,0.0,0.0,0.0,0.0,119,Cola,Getränke,,MwSt. 19%,1.19,6.554622,1.245378,Normalverkauf
S1000084.58397,SP1000084.36.58397,SY1000084.2026.58397,iPad1(1000084),84,04.06.26 13:24,Prod,A1000084.6346,Tisch 13,104,S1000084.58397,SALE,2,10.9,21.8,0.0,0.0,0.0,0.0,104,Thunfisch Wrap,Hauptgerichte,,MwSt. 7%,1.07,20.373832,1.426168,Normalverkauf
S1000084.58398,SP1000084.36.58398,SY1000084.2026.58398,iPad1(1000084),84,04.06.26 13:48,Prod,A1000084.6347,Tisch 5,104,S1000084.58398,SALE,1,4.2,4.2,0.0,0.0,0.0,0.0,122,Bier,Getränke,,MwSt. 19%,1.19,3.529412,0.670588,Normalverkauf
S1000084.58399,SP1000084.36.58399,SY1000084.2026.58399,iPad1(1000084),84,04.06.26 13:48,Prod,A1000084.6347,Tisch 5,104,S1000084.58399,SALE,1,5.5,5.5,0.0,0.0,0.0,0.0,114,Fisch Nuggets Box,Beilagen,,MwSt. 7%,1.07,5.140187,0.359813,Normalverkauf
S1000084.58400,SP1000084.36.58400,SY1000084.2026.58400,iPad1(1000084),84,04.06.26 13:48,Prod,A1000084.6347,Tisch 5,104,S1000084.58400,SALE,1,4.2,4.2,0.0,0.0,0.0,0.0,122,Bier,Getränke,,MwSt. 19%,1.19,3.529412,0.670588,Normalverkauf
S1000084.58401,SP1000084.36.58401,SY1000084.2026.58401,iPad1(1000084),84,04.06.26 19:50,Prod,A1000084.6348,,104,S1000084.58401,SALE,2,3.9,7.8,0.0,0.0,0.0,0.0,119,Cola,Getränke,,MwSt. 19%,1.19,6.554622,1.245378,Normalverkauf
S1000084.58402,SP1000084.36.58402,SY1000084.2026.58402,iPad1(1000084),84,04.06.26 11:05,Prod,A1000084.6349,,112,S1000084.58402,SALE,1,3.9,3.9,0.0,0.0,0.0,0.0,119,Cola,Getränke,,MwSt. 19%,1.19,3.277311,0.622689,Normalverkauf
S1000084.58403,SP1000084.36.58403,SY1000084.2026.58403,iPad1(1000084),84,04.06.26 19:25,Prod,A1000084.6350,Tisch 16,112,S1000084.58403,SALE,2,5.5,11.0,0.0,0.0,0.0,0.0,111,Pommes Frites,Beilagen,,MwSt. 7%,1.07,10.280374,0.719626,Normalverkauf
S1000084.58404,SP1000084.36.58404,SY1000084.2026.58404,iPad1(1000084),84,04.06.26 09:58,Prod,A1000084.6351,Tisch 11,112,S1000084.58404,SALE,1,5.9,5.9,0.0,0.0,0.0,0.0,125,Zitronen-Limonade,Getränke,,MwSt. 19%,1.19,4.957983,0.942017,Normalverkauf
S1000084.58405,SP1000084.36.58405,SY1000084.2026.58405,iPad1(1000084),84,04.06.26 09:58,Prod,A1000084.6351,Tisch 11,112,S1000084.58405,SALE,2,3.9,7.8,0.0,0.0,0.0,0.0,126,Spezi,Getränke,,MwSt. 19%,1.19,6.554622,1.245378,Normalverkauf
S1000084.58406,SP1000084.36.58406,SY1000084.2026.58406,iPad1(1000084),84,04.06.26 09:58,Prod,A1000084.6351,Tisch 11,112,S1000084.58406,SALE,1,5.9,5.9,0.0,0.0,0.0,0.0,117,Rote Grütze,Desserts,,MwSt. 7%,1.07,5.514019,0.385981,Normalverkauf
S1000084.58407,SP1000084.36.58407,SY1000084.2026.58407,iPad1(1000084),84,04.06.26 18:51,Prod,A1000084.6352,Tisch 21,104,S1000084.58407,SALE,1,5.5,5.5,0.0,0.0,0.0,0.0,114,Fisch Nuggets Box,Beilagen,,MwSt. 7%,1.07,5.140187,0.359813,Normalverkauf
S1000084.58408,SP1000084.36.58408,SY1000084.2026.58408,iPad1(1000084),84,04.06.26 18:51,Prod,A1000084.6352,Tisch 21,104,S1000084.58408,SALE,2,3.2,6.4,0.0,0.0,0.0,0.0,120,Apfelschorle,Getränke,,MwSt. 19%,1.19,5.378151,1.021849,Normalverkauf
S1000084.58409,SP1000084.36.58409,SY1000084.2026.58409,iPad1(1000084),84,04.06.26 18:51,Prod,A1000084.6352,Tisch 21,104,S1000084.58409,SALE,1,5.5,5.5,0.0,0.0,0.0,0.0,111,Pommes Frites,Beilagen,,MwSt. 7%,1.07,5.140187,0.359813,Normalverkauf
S1000084.58410,SP1000084.36.58410,SY1000084.2026.58410,iPad1(1000084),84,04.06.26 13:19,Prod,A1000084.6353,Tisch 4,102,S1000084.58410,SALE,1,5.5,5.5,0.0,0.0,0.0,0.0,111,Pommes Frites,Beilagen,,MwSt. 7%,1.07,5.140187,0.359813,Normalverkauf
S1000084.58411,SP1000084.36.58411,SY1000084.2026.58411,iPad1(1000084),84,04.06.26 13:19,Prod,A1000084.6353,Tisch 4,102,S1000084.58411,SALE,1,6.5,6.5,0.0,0.0,0.0,0.0,100,Fischbrötchen Backfisch,Hauptspeisen,,MwSt. 7%,1.07,6.074766,0.425234,Normalverkauf
S1000084.58412,SP1000084.36.58412,SY1000084.2026.58412,iPad1(1000084),84,04.06.26 15:05,Prod,A1000084.6354,Tisch 12,107,S1000084.58412,SALE,1,5.5,5.5,0.0,0.0,0.0,0.0,111,Pommes Frites,Beilagen,,MwSt. 7%,1.07,5.140187,0.359813,Normalverkauf
S1000084.58413,SP1000084.36.58413,SY1000084.2026.58413,iPad1(1000084),84,04.06.26 17:13,Prod,A1000084.6355,Tisch 23,107,S1000084.58413,VOID,1,3.9,3.9,0.0,0.0,0.0,0.0,127,Alkoholfreies Bier,Getränke,,MwSt. 19%,1.19,3.277311,0.622689,Normalverkauf
S1000084.58414,SP1000084.36.58414,SY1000084.2026.58414,iPad1(1000084),84,04.06.26 17:44,Prod,A1000084.6356,Tisch 6,107,S1000084.58414,SALE,1,5.5,5.5,0.0,0.0,0.0,0.0,114,Fisch Nuggets Box,Beilagen,,MwSt. 7%,1.07,5.140187,0.359813,Normalverkauf
S1000084.58415,SP1000084.36.58415,SY1000084.2026.58415,iPad1(1000084),84,04.06.26 17:44,Prod,A1000084.6356,Tisch 6,107,S1000084.58415,SALE,1,13.5,13.5,0.0,0.0,0.0,0.0,102,Matjes,Hauptspeisen,,MwSt. 7%,1.07,12.616822,0.883178,Normalverkauf
S1000084.58416,SP1000084.36.58416,SY1000084.2026.58416,iPad1(1000084),84,04.06.26 17:02,Prod,A1000084.6357,Tisch 15,112,S1000084.58416,SALE,2,6.9,13.8,0.0,0.0,0.0,0.0,113,Garnelen Box,Beilagen,,MwSt. 7%,1.07,12.897196,0.902804,Normalverkauf
S1000084.58417,SP1000084.36.58417,SY1000084.2026.58417,iPad1(1000084),84,04.06.26 17:02,Prod,A1000084.6357,Tisch 15,112,S1000084.58417,SALE,1,7.9,7.9,0.0,0.0,0.0,0.0,115,Tiramisu,Desserts,,MwSt. 7%,1.07,7.383178,0.516822,Normalverkauf
S1000084.58418,SP1000084.36.58418,SY1000084.2026.58418,iPad1(1000084),84,04.06.26 20:31,Prod,A1000084.6358,Tisch 1,107,S1000084.58418,SALE,2,5.5,11.0,0.0,0.0,0.0,0.0,111,Pommes Frites,Beilagen,,MwSt. 7%,1.07,10.280374,0.719626,Normalverkauf
S1000084.58419,SP1000084.36.58419,SY1000084.2026.58419,iPad1(1000084),84,04.06.26 20:31,Prod,A1000084.6358,Tisch 1,107,S1000084.58419,SALE,1,6.9,6.9,0.0,0.0,0.0,0.0,103,Fischbrötchen Räucherlachs,Hauptspeisen,,MwSt. 7%,1.07,6.448598,0.451402,Normalverkauf
S1000084.58420,SP1000084.36.58420,SY1000084.2026.58420,iPad1(1000084),84,04.06.26 20:31,Prod,A1000084.6358,Tisch 1,107,S1000084.58420,SALE,2,5.5,11.0,0.0,0.0,0.0,0.0,111,Pommes Frites,Beilagen,,MwSt. 7%,1.07,10.280374,0.719626,Normalverkauf
S1000084.58421,SP1000084.36.58421,SY1000084.2026.58421,iPad1(1000084),84,04.06.26 16:52,Prod,A1000084.6359,Tisch 2,104,S1000084.58421,SALE,2,11.5,23.0,0.0,0.0,0.0,0.0,105,Garnelen-Kimchi-Bruger,Hauptgerichte,,MwSt. 7%,1.07,21.495327,1.504673,Normalverkauf
S1000084.58422,SP1000084.36.58422,SY1000084.2026.58422,iPad1(1000084),84,04.06.26 16:52,Prod,A1000084.6359,Tisch 2,104,S1000084.58422,SALE,2,13.5,27.0,0.0,0.0,0.0,0.0,102,Matjes,Hauptspeisen,,MwSt. 7%,1.07,25.233645,1.766355,Normalverkauf
S1000084.58423,SP1000084.36.58423,SY1000084.2026.58423,iPad1(1000084),84,04.06.26 19:32,Prod,A1000084.6360,Tisch 5,104,S1000084.58423,SALE,1,3.2,3.2,0.0,0.0,0.0,0.0,120,Apfelschorle,Getränke,,MwSt. 19%,1.19,2.689076,0.510924,Normalverkauf
S1000084.58424,SP1000084.36.58424,SY1000084.2026.58424,iPad1(1000084),84,04.06.26 19:32,Prod,A1000084.6360,Tisch 5,104,S1000084.58424,SALE,1,3.9,3.9,0.0,0.0,0.0,0.0,124,Cola Zero,Getränke,,MwSt. 19%,1.19,3.277311,0.622689,Normalverkauf
S1000084.58425,SP1000084.36.58425,SY1000084.2026.58425,iPad1(1000084),84,04.06.26 19:32,Prod,A1000084.6360,Tisch 5,104,S1000084.58425,SALE,1,11.9,11.9,0.0,0.0,0.0,0.0,110,Matjes-Baguette,Hauptgerichte,,MwSt. 7%,1.07,11.121495,0.778505,Normalverkauf
S1000084.58426,SP1000084.36.58426,SY1000084.2026.58426,iPad1(1000084),84,04.06.26 13:39,Prod,A1000084.6361,Tisch 19,112,S1000084.58426,SALE,2,3.2,6.4,0.0,0.0,0.0,0.0,120,Apfelschorle,Getränke,,MwSt. 19%,1.19,5.378151,1.021849,Normalverkauf
S1000084.58427,SP1000084.36.58427,SY1000084.2026.58427,iPad1(1000084),84,04.06.26 19:29,Prod,A1000084.6362,Tisch 4,104,S1000084.58427,SALE,2,10.9,21.8,0.0,0.0,0.0,0.0,107,Chicken Burger,Hauptgerichte,,MwSt. 7%,1.07,20.373832,1.426168,Normalverkauf
S1000084.58428,SP1000084.36.58428,SY1000084.2026.58428,iPad1(1000084),84,04.06.26 19:29,Prod,A1000084.6362,Tisch 4,104,S1000084.58428,SALE,1,5.5,5.5,0.0,0.0,0.0,0.0,114,Fisch Nuggets Box,Beilagen,,MwSt. 7%,1.07,5.140187,0.359813,Normalverkauf
S1000084.58429,SP1000084.36.58429,SY1000084.2026.58429,iPad1(1000084),84,04.06.26 13:47,Prod,A1000084.6363,Tisch 2,107,S1000084.58429,SALE,2,3.9,7.8,0.0,0.0,0.0,0.0,126,Spezi,Getränke,,MwSt. 19%,1.19,6.554622,1.245378,Normalverkauf
S1000084.58430,SP1000084.36.58430,SY1000084.2026.58430,iPad1(1000084),84,04.06.26 13:47,Prod,A1000084.6363,Tisch 2,107,S1000084.58430,SALE,2,5.5,11.0,0.0,0.0,0.0,0.0,111,Pommes Frites,Beilagen,,MwSt. 7%,1.07,10.280374,0.719626,Normalverkauf
S1000084.58431,SP1000084.36.58431,SY1000084.2026.58431,iPad1(1000084),84,04.06.26 17:42,Prod,A1000084.6364,Tisch 22,104,S1000084.58431,SALE,2,6.5,13.0,0.0,0.0,0.0,0.0,100,Fischbrötchen Backfisch,Hauptspeisen,,MwSt. 7%,1.07,12.149533,0.850467,Normalverkauf
S1000084.58432,SP1000084.36.58432,SY1000084.2026.58432,iPad1(1000084),84,04.06.26 17:42,Prod,A1000084.6364,Tisch 22,104,S1000084.58432,SALE,2,3.9,7.8,0.0,0.0,0.0,0.0,127,Alkoholfreies Bier,Getränke,,MwSt. 19%,1.19,6.554622,1.245378,Normalverkauf
S1000084.58433,SP1000084.36.58433,SY1000084.2026.58433,iPad1(1000084),84,04.06.26 17:01,Prod,A1000084.6365,Tisch 15,112,S1000084.58433,SALE,1,3.9,3.9,0.0,0.0,0.0,0.0,119,Cola,Getränke,,MwSt. 19%,1.19,3.277311,0.622689,Normalverkauf
S1000084.58434,SP1000084.36.58434,SY1000084.2026.58434,iPad1(1000084),84,04.06.26 17:01,Prod,A1000084.6365,Tisch 15,112,S1000084.58434,SALE,1,13.5,13.5,0.0,0.0,0.0,0.0,102,Matjes,Hauptspeisen,,MwSt. 7%,1.07,12.616822,0.883178,Normalverkauf
S1000084.58435,SP1000084.36.58435,SY1000084.2026.58435,iPad1(1000084),84,04.06.26 17:00,Prod,A1000084.6366,Tisch 11,112,S1000084.58435,SALE,2,11.9,23.8,0.0,0.0,0.0,0.0,110,Matjes-Baguette,Hauptgerichte,,MwSt. 7%,1.07,22.242991,1.557009,Normalverkauf
S1000084.58436,SP1000084.36.58436,SY1000084.2026.58436,iPad1(1000084),84,04.06.26 17:00,Prod,A1000084.6366,Tisch 11,112,S1000084.58436,SALE,1,3.9,3.9,0.0,0.0,0.0,0.0,124,Cola Zero,Getränke,,MwSt. 19%,1.19,3.277311,0.622689,Normalverkauf
S1000084.58437,SP1000084.36.58437,SY1000084.2026.58437,iPad1(1000084),84,04.06.26 17:00,Prod,A1000084.6366,Tisch 11,112,S1000084.58437,SALE,2,6.5,13.0,0.0,0.0,0.0,0.0,100,Fischbrötchen Backfisch,Hauptspeisen,,MwSt. 7%,1.07,12.149533,0.850467,Normalverkauf
S1000084.58438,SP1000084.36.58438,SY1000084.2026.58438,iPad1(1000084),84,04.06.26 11:07,Prod,A1000084.6367,Tisch 1,112,S1000084.58438,SALE,2,10.9,21.8,0.0,0.0,0.0,0.0,109,Bismarck-Baguette,Hauptgerichte,,MwSt. 7%,1.07,20.373832,1.426168,Normalverkauf
S1000084.58439,SP1000084.36.58439,SY1000084.2026.58439,iPad1(1000084),84,04.06.26 11:07,Prod,A1000084.6367,Tisch 1,112,S1000084.58439,SALE,2,11.9,23.8,0.0,0.0,0.0,0.0,110,Matjes-Baguette,Hauptgerichte,,MwSt. 7%,1.07,22.242991,1.557009,Normalverkauf
S1000084.58440,SP1000084.36.58440,SY1000084.2026.58440,iPad1(1000084),84,04.06.26 13:06,Prod,A1000084.6368,Tisch 3,102,S1000084.58440,SALE,2,13.5,27.0,0.0,0.0,0.0,0.0,102,Matjes,Hauptspeisen,,MwSt. 7%,1.07,25.233645,1.766355,Normalverkauf
S1000084.58441,SP1000084.36.58441,SY1000084.2026.58441,iPad1(1000084),84,04.06.26 13:06,Prod,A1000084.6368,Tisch 3,102,S1000084.58441,SALE,1,6.9,6.9,0.0,0.0,0.0,0.0,113,Garnelen Box,Beilagen,,MwSt. 7%,1.07,6.448598,0.451402,Normalverkauf
S1000084.58442,SP1000084.36.58442,SY1000084.2026.58442,iPad1(1000084),84,04.06.26 12:41,Prod,A1000084.6369,Tisch 23,104,S1000084.58442,SALE,2,5.5,11.0,0.0,0.0,0.0,0.0,111,Pommes Frites,Beilagen,,MwSt. 7%,1.07,10.280374,0.719626,Normalverkauf
S1000084.58443,SP1000084.36.58443,SY1000084.2026.58443,iPad1(1000084),84,04.06.26 12:41,Prod,A1000084.6369,Tisch 23,104,S1000084.58443,SALE,1,3.9,3.9,0.0,0.0,0.0,0.0,119,Cola,Getränke,,MwSt. 19%,1.19,3.277311,0.622689,Normalverkauf
S1000084.58444,SP1000084.36.58444,SY1000084.2026.58444,iPad1(1000084),84,04.06.26 12:41,Prod,A1000084.6369,Tisch 23,104,S1000084.58444,SALE,2,7.9,15.8,0.0,0.0,0.0,0.0,115,Tiramisu,Desserts,,MwSt. 7%,1.07,14.766355,1.033645,Normalverkauf
S1000084.58445,SP1000084.36.58445,SY1000084.2026.58445,iPad1(1000084),84,04.06.26 12:43,Prod,A1000084.6370,Tisch 3,104,S1000084.58445,SALE,1,5.5,5.5,0.0,0.0,0.0,0.0,111,Pommes Frites,Beilagen,,MwSt. 7%,1.07,5.140187,0.359813,Normalverkauf
S1000084.58446,SP1000084.36.58446,SY1000084.2026.58446,iPad1(1000084),84,04.06.26 12:43,Prod,A1000084.6370,Tisch 3,104,S1000084.58446,SALE,1,4.2,4.2,0.0,0.0,0.0,0.0,122,Bier,Getränke,,MwSt. 19%,1.19,3.529412,0.670588,Normalverkauf
S1000084.58447,SP1000084.36.58447,SY1000084.2026.58447,iPad1(1000084),84,04.06.26 12:43,Prod,A1000084.6370,Tisch 3,104,S1000084.58447,SALE,2,10.9,21.8,0.0,0.0,0.0,0.0,107,Chicken Burger,Hauptgerichte,,MwSt. 7%,1.07,20.373832,1.426168,Normalverkauf
S1000084.58448,SP1000084.36.58448,SY1000084.2026.58448,iPad1(1000084),84,04.06.26 13:55,Prod,A1000084.6371,Tisch 1,112,S1000084.58448,SALE,2,11.9,23.8,0.0,0.0,0.0,0.0,110,Matjes-Baguette,Hauptgerichte,,MwSt. 7%,1.07,22.242991,1.557009,Normalverkauf
S1000084.58449,SP1000084.36.58449,SY1000084.2026.58449,iPad1(1000084),84,04.06.26 13:55,Prod,A1000084.6371,Tisch 1,112,S1000084.58449,SALE,1,3.9,3.9,0.0,0.0,0.0,0.0,119,Cola,Getränke,,MwSt. 19%,1.19,3.277311,0.622689,Normalverkauf
S1000084.58450,SP1000084.36.58450,SY1000084.2026.58450,iPad1(1000084),84,04.06.26 13:45,Prod,A1000084.6372,,112,S1000084.58450,SALE,2,2.8,5.6,0.0,0.0,0.0,0.0,121,Mineralwasser,Getränke,,MwSt. 19%,1.19,4.705882,0.894118,Normalverkauf
S1000084.58451,SP1000084.36.58451,SY1000084.2026.58451,iPad1(1000084),84,04.06.26 11:39,Prod,A1000084.6373,Tisch 1,112,S1000084.58451,SALE,1,3.9,3.9,0.0,0.0,0.0,0.0,127,Alkoholfreies Bier,Getränke,,MwSt. 19%,1.19,3.277311,0.622689,Normalverkauf
S1000084.58452,SP1000084.36.58452,SY1000084.2026.58452,iPad1(1000084),84,04.06.26 11:39,Prod,A1000084.6373,Tisch 1,112,S1000084.58452,SALE,1,3.9,3.9,0.0,0.0,0.0,0.0,126,Spezi,Getränke,,MwSt. 19%,1.19,3.277311,0.622689,Normalverkauf
S1000084.58453,SP1000084.36.58453,SY1000084.2026.58453,iPad1(1000084),84,04.06.26 14:26,Prod,A1000084.6374,Tisch 11,112,S1000084.58453,SALE,2,10.9,21.8,0.0,0.0,0.0,0.0,104,Thunfisch Wrap,Hauptgerichte,,MwSt. 7%,1.07,20.373832,1.426168,Normalverkauf
S1000084.58454,SP1000084.36.58454,SY1000084.2026.58454,iPad1(1000084),84,04.06.26 14:26,Prod,A1000084.6374,Tisch 11,112,S1000084.58454,SALE,1,3.9,3.9,0.0,0.0,0.0,0.0,126,Spezi,Getränke,,MwSt. 19%,1.19,3.277311,0.622689,Normalverkauf
S1000084.58455,SP1000084.36.58455,SY1000084.2026.58455,iPad1(1000084),84,04.06.26 14:26,Prod,A1000084.6374,Tisch 11,112,S1000084.58455,SALE,2,3.9,7.8,0.0,0.0,0.0,0.0,119,Cola,Getränke,,MwSt. 19%,1.19,6.554622,1.245378,Normalverkauf
S1000084.58456,SP1000084.36.58456,SY1000084.2026.58456,iPad1(1000084),84,04.06.26 12:42,Prod,A1000084.6375,,112,S1000084.58456,SALE,1,6.5,6.5,0.0,0.0,0.0,0.0,100,Fischbrötchen Backfisch,Hauptspeisen,,MwSt. 7%,1.07,6.074766,0.425234,Normalverkauf
S1000084.58457,SP1000084.36.58457,SY1000084.2026.58457,iPad1(1000084),84,04.06.26 11:00,Prod,A1000084.6376,Tisch 16,107,S1000084.58457,SALE,1,9.8,9.8,0.0,0.0,0.0,0.0,108,Seelachs-Ei-Baugette,Hauptgerichte,,MwSt. 7%,1.07,9.158879,0.641121,Normalverkauf
S1000084.58458,SP1000084.36.58458,SY1000084.2026.58458,iPad1(1000084),84,04.06.26 11:00,Prod,A1000084.6376,Tisch 16,107,S1000084.58458,SALE,1,11.9,11.9,0.0,0.0,0.0,0.0,110,Matjes-Baguette,Hauptgerichte,,MwSt. 7%,1.07,11.121495,0.778505,Normalverkauf
S1000084.58459,SP1000084.36.58459,SY1000084.2026.58459,iPad1(1000084),84,04.06.26 11:00,Prod,A1000084.6376,Tisch 16,107,S1000084.58459,SALE,2,6.9,13.8,0.0,0.0,0.0,0.0,113,Garnelen Box,Beilagen,,MwSt. 7%,1.07,12.897196,0.902804,Normalverkauf
S1000084.58460,SP1000084.36.58460,SY1000084.2026.58460,iPad1(1000084),84,04.06.26 17:49,Prod,A1000084.6377,Tisch 1,104,S1000084.58460,SALE,2,5.9,11.8,0.0,0.0,0.0,0.0,125,Zitronen-Limonade,Getränke,,MwSt. 19%,1.19,9.915966,1.884034,Normalverkauf
S1000084.58461,SP1000084.36.58461,SY1000084.2026.58461,iPad1(1000084),84,04.06.26 16:50,Prod,A1000084.6378,Tisch 11,108,S1000084.58461,SALE,2,6.9,13.8,0.0,0.0,0.0,0.0,103,Fischbrötchen Räucherlachs,Hauptspeisen,,MwSt. 7%,1.07,12.897196,0.902804,Normalverkauf
S1000084.58462,SP1000084.36.58462,SY1000084.2026.58462,iPad1(1000084),84,04.06.26 16:50,Prod,A1000084.6378,Tisch 11,108,S1000084.58462,SALE,2,13.5,27.0,0.0,0.0,0.0,0.0,102,Matjes,Hauptspeisen,,MwSt. 7%,1.07,25.233645,1.766355,Normalverkauf
S1000084.58463,SP1000084.36.58463,SY1000084.2026.58463,iPad1(1000084),84,04.06.26 11:22,Prod,A1000084.6379,Tisch 19,107,S1000084.58463,VOID,2,3.9,7.8,0.0,0.0,0.0,0.0,124,Cola Zero,Getränke,,MwSt. 19%,1.19,6.554622,1.245378,Normalverkauf
S1000084.58464,SP1000084.36.58464,SY1000084.2026.58464,iPad1(1000084),84,04.06.26 18:17,Prod,A1000084.6380,Tisch 1,104,S1000084.58464,SALE,1,3.9,3.9,0.0,0.0,0.0,0.0,119,Cola,Getränke,,MwSt. 19%,1.19,3.277311,0.622689,Normalverkauf
S1000084.58465,SP1000084.36.58465,SY1000084.2026.58465,iPad1(1000084),84,04.06.26 18:17,Prod,A1000084.6380,Tisch 1,104,S1000084.58465,SALE,2,11.5,23.0,0.0,0.0,0.0,0.0,105,Garnelen-Kimchi-Bruger,Hauptgerichte,,MwSt. 7%,1.07,21.495327,1.504673,Normalverkauf
S1000084.58466,SP1000084.36.58466,SY1000084.2026.58466,iPad1(1000084),84,04.06.26 18:17,Prod,A1000084.6380,Tisch 1,104,S1000084.58466,SALE,1,3.9,3.9,0.0,0.0,0.0,0.0,127,Alkoholfreies Bier,Getränke,,MwSt. 19%,1.19,3.277311,0.622689,Normalverkauf
S1000084.58467,SP1000084.36.58467,SY1000084.2026.58467,iPad1(1000084),84,04.06.26 16:20,Prod,A1000084.6381,Tisch 24,102,S1000084.58467,SALE,2,2.8,5.6,0.0,0.0,0.0,0.0,121,Mineralwasser,Getränke,,MwSt. 19%,1.19,4.705882,0.894118,Normalverkauf
S1000084.58468,SP1000084.36.58468,SY1000084.2026.58468,iPad1(1000084),84,04.06.26 16:20,Prod,A1000084.6381,Tisch 24,102,S1000084.58468,SALE,2,4.2,8.4,0.0,0.0,0.0,0.0,122,Bier,Getränke,,MwSt. 19%,1.19,7.058824,1.341176,Normalverkauf
S1000084.58469,SP1000084.36.58469,SY1000084.2026.58469,iPad1(1000084),84,04.06.26 16:20,Prod,A1000084.6381,Tisch 24,102,S1000084.58469,SALE,1,6.9,6.9,0.0,0.0,0.0,0.0,103,Fischbrötchen Räucherlachs,Hauptspeisen,,MwSt. 7%,1.07,6.448598,0.451402,Normalverkauf
S1000084.58470,SP1000084.36.58470,SY1000084.2026.58470,iPad1(1000084),84,04.06.26 20:07,Prod,A1000084.6382,Tisch 1,104,S1000084.58470,SALE,2,4.9,9.8,0.0,0.0,0.0,0.0,112,Kartoffelwedges,Beilagen,,MwSt. 7%,1.07,9.158879,0.641121,Normalverkauf
S1000084.58471,SP1000084.36.58471,SY1000084.2026.58471,iPad1(1000084),84,04.06.26 20:07,Prod,A1000084.6382,Tisch 1,104,S1000084.58471,SALE,2,6.9,13.8,0.0,0.0,0.0,0.0,103,Fischbrötchen Räucherlachs,Hauptspeisen,,MwSt. 7%,1.07,12.897196,0.902804,Normalverkauf
S1000084.58472,SP1000084.36.58472,SY1000084.2026.58472,iPad1(1000084),84,04.06.26 20:07,Prod,A1000084.6382,Tisch 1,104,S1000084.58472,SALE,1,3.9,3.9,0.0,0.0,0.0,0.0,119,Cola,Getränke,,MwSt. 19%,1.19,3.277311,0.622689,Normalverkauf
S1000084.58473,SP1000084.36.58473,SY1000084.2026.58473,iPad1(1000084),84,04.06.26 13:22,Prod,A1000084.6383,,107,S1000084.58473,SALE,1,3.9,3.9,0.0,0.0,0.0,0.0,126,Spezi,Getränke,,MwSt. 19%,1.19,3.277311,0.622689,Normalverkauf
S1000084.58474,SP1000084.36.58474,SY1000084.2026.58474,iPad1(1000084),84,04.06.26 13:22,Prod,A1000084.6383,,107,S1000084.58474,SALE,2,4.2,8.4,0.0,0.0,0.0,0.0,122,Bier,Getränke,,MwSt. 19%,1.19,7.058824,1.341176,Normalverkauf
S1000084.58475,SP1000084.36.58475,SY1000084.2026.58475,iPad1(1000084),84,04.06.26 13:22,Prod,A1000084.6383,,107,S1000084.58475,SALE,2,3.9,7.8,0.0,0.0,0.0,0.0,124,Cola Zero,Getränke,,MwSt. 19%,1.19,6.554622,1.245378,Normalverkauf
S1000084.58476,SP1000084.36.58476,SY1000084.2026.58476,iPad1(1000084),84,04.06.26 18:07,Prod,A1000084.6384,Tisch 17,102,S1000084.58476,VOID,1,7.9,7.9,0.0,0.0,0.0,0.0,106,Neptun-Ringe,Beilagen,,MwSt. 7%,1.07,7.383178,0.516822,Normalverkauf
S1000084.58477,SP1000084.36.58477,SY1000084.2026.58477,iPad1(1000084),84,04.06.26 18:07,Prod,A1000084.6384,Tisch 17,102,S1000084.58477,VOID,2,11.5,23.0,0.0,0.0,0.0,0.0,105,Garnelen-Kimchi-Bruger,Hauptgerichte,,MwSt. 7%,1.07,21.495327,1.504673,Normalverkauf
S1000084.58478,SP1000084.36.58478,SY1000084.2026.58478,iPad1(1000084),84,04.06.26 11:03,Prod,A1000084.6385,Tisch 12,112,S1000084.58478,SALE,1,11.5,11.5,0.0,0.0,0.0,0.0,105,Garnelen-Kimchi-Bruger,Hauptgerichte,,MwSt. 7%,1.07,10.747664,0.752336,Normalverkauf
S1000084.58479,SP1000084.36.58479,SY1000084.2026.58479,iPad1(1000084),84,04.06.26 11:03,Prod,A1000084.6385,Tisch 12,112,S1000084.58479,SALE,1,3.9,3.9,0.0,0.0,0.0,0.0,126,Spezi,Getränke,,MwSt. 19%,1.19,3.277311,0.622689,Normalverkauf
S1000084.58480,SP1000084.36.58480,SY1000084.2026.58480,iPad1(1000084),84,04.06.26 11:03,Prod,A1000084.6385,Tisch 12,112,S1000084.58480,SALE,2,4.9,9.8,0.0,0.0,0.0,0.0,112,Kartoffelwedges,Beilagen,,MwSt. 7%,1.07,9.158879,0.641121,Normalverkauf
S1000084.58481,SP1000084.36.58481,SY1000084.2026.58481,iPad1(1000084),84,04.06.26 12:05,Prod,A1000084.6386,Tisch 3,104,S1000084.58481,SALE,2,3.9,7.8,0.0,0.0,0.0,0.0,126,Spezi,Getränke,,MwSt. 19%,1.19,6.554622,1.245378,Normalverkauf
S1000084.58482,SP1000084.36.58482,SY1000084.2026.58482,iPad1(1000084),84,04.06.26 12:05,Prod,A1000084.6386,Tisch 3,104,S1000084.58482,SALE,2,6.9,13.8,0.0,0.0,0.0,0.0,113,Garnelen Box,Beilagen,,MwSt. 7%,1.07,12.897196,0.902804,Normalverkauf
S1000084.58483,SP1000084.36.58483,SY1000084.2026.58483,iPad1(1000084),84,04.06.26 14:39,Prod,A1000084.6387,Tisch 15,102,S1000084.58483,SALE,1,4.2,4.2,0.0,0.0,0.0,0.0,122,Bier,Getränke,,MwSt. 19%,1.19,3.529412,0.670588,Normalverkauf
S1000084.58484,SP1000084.36.58484,SY1000084.2026.58484,iPad1(1000084),84,05.06.26 19:45,Prod,A1000084.6388,Tisch 11,112,S1000084.58484,SALE,2,10.9,21.8,0.0,0.0,0.0,0.0,104,Thunfisch Wrap,Hauptgerichte,,MwSt. 7%,1.07,20.373832,1.426168,Normalverkauf
S1000084.58485,SP1000084.36.58485,SY1000084.2026.58485,iPad1(1000084),84,05.06.26 19:45,Prod,A1000084.6388,Tisch 11,112,S1000084.58485,SALE,1,6.9,6.9,0.0,0.0,0.0,0.0,103,Fischbrötchen Räucherlachs,Hauptspeisen,,MwSt. 7%,1.07,6.448598,0.451402,Normalverkauf
S1000084.58486,SP1000084.36.58486,SY1000084.2026.58486,iPad1(1000084),84,05.06.26 17:09,Prod,A1000084.6389,Tisch 20,104,S1000084.58486,SALE,2,3.9,7.8,0.0,0.0,0.0,0.0,126,Spezi,Getränke,,MwSt. 19%,1.19,6.554622,1.245378,Normalverkauf
S1000084.58487,SP1000084.36.58487,SY1000084.2026.58487,iPad1(1000084),84,05.06.26 20:21,Prod,A1000084.6390,Tisch 16,112,S1000084.58487,SALE,1,3.9,3.9,0.0,0.0,0.0,0.0,119,Cola,Getränke,,MwSt. 19%,1.19,3.277311,0.622689,Normalverkauf
S1000084.58488,SP1000084.36.58488,SY1000084.2026.58488,iPad1(1000084),84,05.06.26 20:21,Prod,A1000084.6390,Tisch 16,112,S1000084.58488,SALE,2,4.2,8.4,0.0,0.0,0.0,0.0,122,Bier,Getränke,,MwSt. 19%,1.19,7.058824,1.341176,Normalverkauf
S1000084.58489,SP1000084.36.58489,SY1000084.2026.58489,iPad1(1000084),84,05.06.26 20:21,Prod,A1000084.6390,Tisch 16,112,S1000084.58489,SALE,2,11.5,23.0,0.0,0.0,0.0,0.0,105,Garnelen-Kimchi-Bruger,Hauptgerichte,,MwSt. 7%,1.07,21.495327,1.504673,Normalverkauf
S1000084.58490,SP1000084.36.58490,SY1000084.2026.58490,iPad1(1000084),84,05.06.26 16:37,Prod,A1000084.6391,Tisch 8,104,S1000084.58490,SALE,1,4.2,4.2,0.0,0.0,0.0,0.0,122,Bier,Getränke,,MwSt. 19%,1.19,3.529412,0.670588,Normalverkauf
S1000084.58491,SP1000084.36.58491,SY1000084.2026.58491,iPad1(1000084),84,05.06.26 12:57,Prod,A1000084.6392,Tisch 8,112,S1000084.58491,SALE,2,11.5,23.0,0.0,0.0,0.0,0.0,105,Garnelen-Kimchi-Bruger,Hauptgerichte,,MwSt. 7%,1.07,21.495327,1.504673,Normalverkauf
S1000084.58492,SP1000084.36.58492,SY1000084.2026.58492,iPad1(1000084),84,05.06.26 12:57,Prod,A1000084.6392,Tisch 8,112,S1000084.58492,SALE,2,10.9,21.8,0.0,0.0,0.0,0.0,109,Bismarck-Baguette,Hauptgerichte,,MwSt. 7%,1.07,20.373832,1.426168,Normalverkauf
S1000084.58493,SP1000084.36.58493,SY1000084.2026.58493,iPad1(1000084),84,05.06.26 12:57,Prod,A1000084.6392,Tisch 8,112,S1000084.58493,SALE,2,10.9,21.8,0.0,0.0,0.0,0.0,107,Chicken Burger,Hauptgerichte,,MwSt. 7%,1.07,20.373832,1.426168,Normalverkauf
S1000084.58494,SP1000084.36.58494,SY1000084.2026.58494,iPad1(1000084),84,05.06.26 19:20,Prod,A1000084.6393,Tisch 15,102,S1000084.58494,SALE,2,5.9,11.8,0.0,0.0,0.0,0.0,116,Vanillequark,Desserts,,MwSt. 7%,1.07,11.028037,0.771963,Normalverkauf
S1000084.58495,SP1000084.36.58495,SY1000084.2026.58495,iPad1(1000084),84,05.06.26 19:20,Prod,A1000084.6393,Tisch 15,102,S1000084.58495,SALE,2,3.9,7.8,0.0,0.0,0.0,0.0,126,Spezi,Getränke,,MwSt. 19%,1.19,6.554622,1.245378,Normalverkauf
S1000084.58496,SP1000084.36.58496,SY1000084.2026.58496,iPad1(1000084),84,05.06.26 19:20,Prod,A1000084.6393,Tisch 15,102,S1000084.58496,SALE,2,3.9,7.8,0.0,0.0,0.0,0.0,126,Spezi,Getränke,,MwSt. 19%,1.19,6.554622,1.245378,Normalverkauf
S1000084.58497,SP1000084.36.58497,SY1000084.2026.58497,iPad1(1000084),84,05.06.26 10:28,Prod,A1000084.6394,Tisch 9,104,S1000084.58497,SALE,2,5.5,11.0,0.0,0.0,0.0,0.0,111,Pommes Frites,Beilagen,,MwSt. 7%,1.07,10.280374,0.719626,Normalverkauf
S1000084.58498,SP1000084.36.58498,SY1000084.2026.58498,iPad1(1000084),84,05.06.26 10:28,Prod,A1000084.6394,Tisch 9,104,S1000084.58498,SALE,1,5.5,5.5,0.0,0.0,0.0,0.0,111,Pommes Frites,Beilagen,,MwSt. 7%,1.07,5.140187,0.359813,Normalverkauf
S1000084.58499,SP1000084.36.58499,SY1000084.2026.58499,iPad1(1000084),84,05.06.26 19:12,Prod,A1000084.6395,Tisch 16,112,S1000084.58499,SALE,2,6.5,13.0,0.0,0.0,0.0,0.0,100,Fischbrötchen Backfisch,Hauptspeisen,,MwSt. 7%,1.07,12.149533,0.850467,Normalverkauf
S1000084.58500,SP1000084.36.58500,SY1000084.2026.58500,iPad1(1000084),84,05.06.26 19:12,Prod,A1000084.6395,Tisch 16,112,S1000084.58500,SALE,2,10.9,21.8,0.0,0.0,0.0,0.0,107,Chicken Burger,Hauptgerichte,,MwSt. 7%,1.07,20.373832,1.426168,Normalverkauf
S1000084.58501,SP1000084.36.58501,SY1000084.2026.58501,iPad1(1000084),84,05.06.26 19:48,Prod,A1000084.6396,Tisch 19,104,S1000084.58501,SALE,1,2.8,2.8,0.0,0.0,0.0,0.0,121,Mineralwasser,Getränke,,MwSt. 19%,1.19,2.352941,0.447059,Normalverkauf
S1000084.58502,SP1000084.36.58502,SY1000084.2026.58502,iPad1(1000084),84,05.06.26 19:48,Prod,A1000084.6396,Tisch 19,104,S1000084.58502,SALE,1,9.8,9.8,0.0,0.0,0.0,0.0,108,Seelachs-Ei-Baugette,Hauptgerichte,,MwSt. 7%,1.07,9.158879,0.641121,Normalverkauf
S1000084.58503,SP1000084.36.58503,SY1000084.2026.58503,iPad1(1000084),84,05.06.26 19:52,Prod,A1000084.6397,,107,S1000084.58503,SALE,2,3.2,6.4,0.0,0.0,0.0,0.0,120,Apfelschorle,Getränke,,MwSt. 19%,1.19,5.378151,1.021849,Normalverkauf
S1000084.58504,SP1000084.36.58504,SY1000084.2026.58504,iPad1(1000084),84,05.06.26 19:52,Prod,A1000084.6397,,107,S1000084.58504,SALE,1,3.9,3.9,0.0,0.0,0.0,0.0,119,Cola,Getränke,,MwSt. 19%,1.19,3.277311,0.622689,Normalverkauf
S1000084.58505,SP1000084.36.58505,SY1000084.2026.58505,iPad1(1000084),84,05.06.26 11:24,Prod,A1000084.6398,Tisch 14,107,S1000084.58505,SALE,2,5.9,11.8,0.0,0.0,0.0,0.0,123,Inger-Limonade,Getränke,,MwSt. 19%,1.19,9.915966,1.884034,Normalverkauf
S1000084.58506,SP1000084.36.58506,SY1000084.2026.58506,iPad1(1000084),84,05.06.26 11:24,Prod,A1000084.6398,Tisch 14,107,S1000084.58506,SALE,1,5.9,5.9,0.0,0.0,0.0,0.0,116,Vanillequark,Desserts,,MwSt. 7%,1.07,5.514019,0.385981,Normalverkauf
S1000084.58507,SP1000084.36.58507,SY1000084.2026.58507,iPad1(1000084),84,05.06.26 17:06,Prod,A1000084.6399,Tisch 18,102,S1000084.58507,VOID,2,5.5,11.0,0.0,0.0,0.0,0.0,111,Pommes Frites,Beilagen,,MwSt. 7%,1.07,10.280374,0.719626,Normalverkauf
S1000084.58508,SP1000084.36.58508,SY1000084.2026.58508,iPad1(1000084),84,05.06.26 17:06,Prod,A1000084.6399,Tisch 18,102,S1000084.58508,VOID,2,10.9,21.8,0.0,0.0,0.0,0.0,104,Thunfisch Wrap,Hauptgerichte,,MwSt. 7%,1.07,20.373832,1.426168,Normalverkauf
S1000084.58509,SP1000084.36.58509,SY1000084.2026.58509,iPad1(1000084),84,05.06.26 20:00,Prod,A1000084.6400,Tisch 3,112,S1000084.58509,VOID,2,5.9,11.8,0.0,0.0,0.0,0.0,125,Zitronen-Limonade,Getränke,,MwSt. 19%,1.19,9.915966,1.884034,Normalverkauf
S1000084.58510,SP1000084.36.58510,SY1000084.2026.58510,iPad1(1000084),84,05.06.26 20:00,Prod,A1000084.6400,Tisch 3,112,S1000084.58510,VOID,1,5.5,5.5,0.0,0.0,0.0,0.0,111,Pommes Frites,Beilagen,,MwSt. 7%,1.07,5.140187,0.359813,Normalverkauf
S1000084.58511,SP1000084.36.58511,SY1000084.2026.58511,iPad1(1000084),84,05.06.26 20:00,Prod,A1000084.6400,Tisch 3,112,S1000084.58511,VOID,2,5.5,11.0,0.0,0.0,0.0,0.0,114,Fisch Nuggets Box,Beilagen,,MwSt. 7%,1.07,10.280374,0.719626,Normalverkauf
S1000084.58512,SP1000084.36.58512,SY1000084.2026.58512,iPad1(1000084),84,05.06.26 11:21,Prod,A1000084.6401,Tisch 20,104,S1000084.58512,VOID,1,5.5,5.5,0.0,0.0,0.0,0.0,111,Pommes Frites,Beilagen,,MwSt. 7%,1.07,5.140187,0.359813,Normalverkauf
S1000084.58513,SP1000084.36.58513,SY1000084.2026.58513,iPad1(1000084),84,05.06.26 11:21,Prod,A1000084.6401,Tisch 20,104,S1000084.58513,VOID,2,9.8,19.6,0.0,0.0,0.0,0.0,108,Seelachs-Ei-Baugette,Hauptgerichte,,MwSt. 7%,1.07,18.317757,1.282243,Normalverkauf
S1000084.58514,SP1000084.36.58514,SY1000084.2026.58514,iPad1(1000084),84,05.06.26 16:54,Prod,A1000084.6402,Tisch 8,112,S1000084.58514,VOID,1,6.5,6.5,0.0,0.0,0.0,0.0,100,Fischbrötchen Backfisch,Hauptspeisen,,MwSt. 7%,1.07,6.074766,0.425234,Normalverkauf
S1000084.58515,SP1000084.36.58515,SY1000084.2026.58515,iPad1(1000084),84,05.06.26 16:54,Prod,A1000084.6402,Tisch 8,112,S1000084.58515,VOID,1,11.5,11.5,0.0,0.0,0.0,0.0,105,Garnelen-Kimchi-Bruger,Hauptgerichte,,MwSt. 7%,1.07,10.747664,0.752336,Normalverkauf
S1000084.58516,SP1000084.36.58516,SY1000084.2026.58516,iPad1(1000084),84,05.06.26 16:54,Prod,A1000084.6402,Tisch 8,112,S1000084.58516,VOID,1,11.9,11.9,0.0,0.0,0.0,0.0,110,Matjes-Baguette,Hauptgerichte,,MwSt. 7%,1.07,11.121495,0.778505,Normalverkauf
S1000084.58517,SP1000084.36.58517,SY1000084.2026.58517,iPad1(1000084),84,05.06.26 18:46,Prod,A1000084.6403,Tisch 11,107,S1000084.58517,VOID,2,10.9,21.8,0.0,0.0,0.0,0.0,109,Bismarck-Baguette,Hauptgerichte,,MwSt. 7%,1.07,20.373832,1.426168,Normalverkauf
S1000084.58518,SP1000084.36.58518,SY1000084.2026.58518,iPad1(1000084),84,05.06.26 16:36,Prod,A1000084.6404,Tisch 4,108,S1000084.58518,SALE,2,3.9,7.8,0.0,0.0,0.0,0.0,119,Cola,Getränke,,MwSt. 19%,1.19,6.554622,1.245378,Normalverkauf
S1000084.58519,SP1000084.36.58519,SY1000084.2026.58519,iPad1(1000084),84,05.06.26 16:36,Prod,A1000084.6404,Tisch 4,108,S1000084.58519,SALE,1,14.5,14.5,0.0,0.0,0.0,0.0,101,Lachs,Hauptspeisen,,MwSt. 7%,1.07,13.551402,0.948598,Normalverkauf
S1000084.58520,SP1000084.36.58520,SY1000084.2026.58520,iPad1(1000084),84,05.06.26 12:25,Prod,A1000084.6405,Tisch 6,102,S1000084.58520,SALE,1,5.9,5.9,0.0,0.0,0.0,0.0,117,Rote Grütze,Desserts,,MwSt. 7%,1.07,5.514019,0.385981,Normalverkauf
S1000084.58521,SP1000084.36.58521,SY1000084.2026.58521,iPad1(1000084),84,05.06.26 12:25,Prod,A1000084.6405,Tisch 6,102,S1000084.58521,SALE,1,6.9,6.9,0.0,0.0,0.0,0.0,113,Garnelen Box,Beilagen,,MwSt. 7%,1.07,6.448598,0.451402,Normalverkauf
S1000084.58522,SP1000084.36.58522,SY1000084.2026.58522,iPad1(1000084),84,05.06.26 19:04,Prod,A1000084.6406,Tisch 14,104,S1000084.58522,SALE,2,2.8,5.6,0.0,0.0,0.0,0.0,121,Mineralwasser,Getränke,,MwSt. 19%,1.19,4.705882,0.894118,Normalverkauf
S1000084.58523,SP1000084.36.58523,SY1000084.2026.58523,iPad1(1000084),84,05.06.26 19:04,Prod,A1000084.6406,Tisch 14,104,S1000084.58523,SALE,2,3.9,7.8,0.0,0.0,0.0,0.0,127,Alkoholfreies Bier,Getränke,,MwSt. 19%,1.19,6.554622,1.245378,Normalverkauf
S1000084.58524,SP1000084.36.58524,SY1000084.2026.58524,iPad1(1000084),84,05.06.26 18:18,Prod,A1000084.6407,Tisch 15,112,S1000084.58524,SALE,2,11.5,23.0,0.0,0.0,0.0,0.0,105,Garnelen-Kimchi-Bruger,Hauptgerichte,,MwSt. 7%,1.07,21.495327,1.504673,Normalverkauf
S1000084.58525,SP1000084.36.58525,SY1000084.2026.58525,iPad1(1000084),84,05.06.26 18:18,Prod,A1000084.6407,Tisch 15,112,S1000084.58525,SALE,1,4.2,4.2,0.0,0.0,0.0,0.0,122,Bier,Getränke,,MwSt. 19%,1.19,3.529412,0.670588,Normalverkauf
S1000084.58526,SP1000084.36.58526,SY1000084.2026.58526,iPad1(1000084),84,05.06.26 18:18,Prod,A1000084.6407,Tisch 15,112,S1000084.58526,SALE,1,3.9,3.9,0.0,0.0,0.0,0.0,119,Cola,Getränke,,MwSt. 19%,1.19,3.277311,0.622689,Normalverkauf
S1000084.58527,SP1000084.36.58527,SY1000084.2026.58527,iPad1(1000084),84,05.06.26 11:23,Prod,A1000084.6408,Tisch 23,104,S1000084.58527,SALE,1,5.5,5.5,0.0,0.0,0.0,0.0,114,Fisch Nuggets Box,Beilagen,,MwSt. 7%,1.07,5.140187,0.359813,Normalverkauf
S1000084.58528,SP1000084.36.58528,SY1000084.2026.58528,iPad1(1000084),84,05.06.26 11:23,Prod,A1000084.6408,Tisch 23,104,S1000084.58528,SALE,1,5.5,5.5,0.0,0.0,0.0,0.0,114,Fisch Nuggets Box,Beilagen,,MwSt. 7%,1.07,5.140187,0.359813,Normalverkauf
S1000084.58529,SP1000084.36.58529,SY1000084.2026.58529,iPad1(1000084),84,05.06.26 11:23,Prod,A1000084.6408,Tisch 23,104,S1000084.58529,SALE,1,5.5,5.5,0.0,0.0,0.0,0.0,111,Pommes Frites,Beilagen,,MwSt. 7%,1.07,5.140187,0.359813,Normalverkauf
S1000084.58530,SP1000084.36.58530,SY1000084.2026.58530,iPad1(1000084),84,05.06.26 19:31,Prod,A1000084.6409,Tisch 9,112,S1000084.58530,SALE,2,11.5,23.0,0.0,0.0,0.0,0.0,105,Garnelen-Kimchi-Bruger,Hauptgerichte,,MwSt. 7%,1.07,21.495327,1.504673,Normalverkauf
S1000084.58531,SP1000084.36.58531,SY1000084.2026.58531,iPad1(1000084),84,05.06.26 18:27,Prod,A1000084.6410,Tisch 17,104,S1000084.58531,SALE,2,2.8,5.6,0.0,0.0,0.0,0.0,121,Mineralwasser,Getränke,,MwSt. 19%,1.19,4.705882,0.894118,Normalverkauf
S1000084.58532,SP1000084.36.58532,SY1000084.2026.58532,iPad1(1000084),84,05.06.26 18:27,Prod,A1000084.6410,Tisch 17,104,S1000084.58532,SALE,2,3.2,6.4,0.0,0.0,0.0,0.0,120,Apfelschorle,Getränke,,MwSt. 19%,1.19,5.378151,1.021849,Normalverkauf
S1000084.58533,SP1000084.36.58533,SY1000084.2026.58533,iPad1(1000084),84,05.06.26 12:01,Prod,A1000084.6411,Tisch 22,112,S1000084.58533,SALE,1,11.5,11.5,0.0,0.0,0.0,0.0,105,Garnelen-Kimchi-Bruger,Hauptgerichte,,MwSt. 7%,1.07,10.747664,0.752336,Normalverkauf
S1000084.58534,SP1000084.36.58534,SY1000084.2026.58534,iPad1(1000084),84,05.06.26 12:01,Prod,A1000084.6411,Tisch 22,112,S1000084.58534,SALE,2,3.9,7.8,0.0,0.0,0.0,0.0,127,Alkoholfreies Bier,Getränke,,MwSt. 19%,1.19,6.554622,1.245378,Normalverkauf
S1000084.58535,SP1000084.36.58535,SY1000084.2026.58535,iPad1(1000084),84,05.06.26 12:01,Prod,A1000084.6411,Tisch 22,112,S1000084.58535,SALE,1,3.9,3.9,0.0,0.0,0.0,0.0,124,Cola Zero,Getränke,,MwSt. 19%,1.19,3.277311,0.622689,Normalverkauf
S1000084.58536,SP1000084.36.58536,SY1000084.2026.58536,iPad1(1000084),84,05.06.26 11:14,Prod,A1000084.6412,Tisch 3,104,S1000084.58536,SALE,1,3.9,3.9,0.0,0.0,0.0,0.0,127,Alkoholfreies Bier,Getränke,,MwSt. 19%,1.19,3.277311,0.622689,Normalverkauf
S1000084.58537,SP1000084.36.58537,SY1000084.2026.58537,iPad1(1000084),84,05.06.26 19:26,Prod,A1000084.6413,Tisch 23,104,S1000084.58537,SALE,1,5.9,5.9,0.0,0.0,0.0,0.0,125,Zitronen-Limonade,Getränke,,MwSt. 19%,1.19,4.957983,0.942017,Normalverkauf
S1000084.58538,SP1000084.36.58538,SY1000084.2026.58538,iPad1(1000084),84,05.06.26 11:15,Prod,A1000084.6414,Tisch 2,108,S1000084.58538,SALE,1,11.9,11.9,0.0,0.0,0.0,0.0,110,Matjes-Baguette,Hauptgerichte,,MwSt. 7%,1.07,11.121495,0.778505,Normalverkauf
S1000084.58539,SP1000084.36.58539,SY1000084.2026.58539,iPad1(1000084),84,05.06.26 10:09,Prod,A1000084.6415,Tisch 6,102,S1000084.58539,SALE,2,4.9,9.8,0.0,0.0,0.0,0.0,112,Kartoffelwedges,Beilagen,,MwSt. 7%,1.07,9.158879,0.641121,Normalverkauf
S1000084.58540,SP1000084.36.58540,SY1000084.2026.58540,iPad1(1000084),84,05.06.26 10:09,Prod,A1000084.6415,Tisch 6,102,S1000084.58540,SALE,2,3.9,7.8,0.0,0.0,0.0,0.0,126,Spezi,Getränke,,MwSt. 19%,1.19,6.554622,1.245378,Normalverkauf
S1000084.58541,SP1000084.36.58541,SY1000084.2026.58541,iPad1(1000084),84,05.06.26 17:47,Prod,A1000084.6416,Tisch 14,102,S1000084.58541,VOID,1,9.8,9.8,0.0,0.0,0.0,0.0,108,Seelachs-Ei-Baugette,Hauptgerichte,,MwSt. 7%,1.07,9.158879,0.641121,Normalverkauf
S1000084.58542,SP1000084.36.58542,SY1000084.2026.58542,iPad1(1000084),84,05.06.26 17:38,Prod,A1000084.6417,Tisch 10,112,S1000084.58542,SALE,1,3.2,3.2,0.0,0.0,0.0,0.0,120,Apfelschorle,Getränke,,MwSt. 19%,1.19,2.689076,0.510924,Normalverkauf
S1000084.58543,SP1000084.36.58543,SY1000084.2026.58543,iPad1(1000084),84,05.06.26 16:52,Prod,A1000084.6418,,104,S1000084.58543,SALE,2,2.8,5.6,0.0,0.0,0.0,0.0,121,Mineralwasser,Getränke,,MwSt. 19%,1.19,4.705882,0.894118,Normalverkauf
S1000084.58544,SP1000084.36.58544,SY1000084.2026.58544,iPad1(1000084),84,05.06.26 16:52,Prod,A1000084.6418,,104,S1000084.58544,SALE,1,3.9,3.9,0.0,0.0,0.0,0.0,126,Spezi,Getränke,,MwSt. 19%,1.19,3.277311,0.622689,Normalverkauf
S1000084.58545,SP1000084.36.58545,SY1000084.2026.58545,iPad1(1000084),84,05.06.26 16:52,Prod,A1000084.6418,,104,S1000084.58545,SALE,1,11.5,11.5,0.0,0.0,0.0,0.0,105,Garnelen-Kimchi-Bruger,Hauptgerichte,,MwSt. 7%,1.07,10.747664,0.752336,Normalverkauf
S1000084.58546,SP1000084.36.58546,SY1000084.2026.58546,iPad1(1000084),84,05.06.26 19:18,Prod,A1000084.6419,Tisch 13,102,S1000084.58546,SALE,2,9.8,19.6,0.0,0.0,0.0,0.0,108,Seelachs-Ei-Baugette,Hauptgerichte,,MwSt. 7%,1.07,18.317757,1.282243,Normalverkauf
S1000084.58547,SP1000084.36.58547,SY1000084.2026.58547,iPad1(1000084),84,05.06.26 19:18,Prod,A1000084.6419,Tisch 13,102,S1000084.58547,SALE,2,3.9,7.8,0.0,0.0,0.0,0.0,119,Cola,Getränke,,MwSt. 19%,1.19,6.554622,1.245378,Normalverkauf
S1000084.58548,SP1000084.36.58548,SY1000084.2026.58548,iPad1(1000084),84,05.06.26 19:18,Prod,A1000084.6419,Tisch 13,102,S1000084.58548,SALE,2,4.9,9.8,0.0,0.0,0.0,0.0,112,Kartoffelwedges,Beilagen,,MwSt. 7%,1.07,9.158879,0.641121,Normalverkauf
S1000084.58549,SP1000084.36.58549,SY1000084.2026.58549,iPad1(1000084),84,05.06.26 19:38,Prod,A1000084.6420,Tisch 21,104,S1000084.58549,SALE,2,14.5,29.0,0.0,0.0,0.0,0.0,101,Lachs,Hauptspeisen,,MwSt. 7%,1.07,27.102804,1.897196,Normalverkauf
S1000084.58550,SP1000084.36.58550,SY1000084.2026.58550,iPad1(1000084),84,05.06.26 19:38,Prod,A1000084.6420,Tisch 21,104,S1000084.58550,SALE,2,3.9,7.8,0.0,0.0,0.0,0.0,119,Cola,Getränke,,MwSt. 19%,1.19,6.554622,1.245378,Normalverkauf
S1000084.58551,SP1000084.36.58551,SY1000084.2026.58551,iPad1(1000084),84,05.06.26 16:45,Prod,A1000084.6421,Tisch 7,104,S1000084.58551,SALE,1,2.8,2.8,0.0,0.0,0.0,0.0,121,Mineralwasser,Getränke,,MwSt. 19%,1.19,2.352941,0.447059,Normalverkauf
S1000084.58552,SP1000084.36.58552,SY1000084.2026.58552,iPad1(1000084),84,05.06.26 16:45,Prod,A1000084.6421,Tisch 7,104,S1000084.58552,SALE,2,10.9,21.8,0.0,0.0,0.0,0.0,107,Chicken Burger,Hauptgerichte,,MwSt. 7%,1.07,20.373832,1.426168,Normalverkauf
S1000084.58553,SP1000084.36.58553,SY1000084.2026.58553,iPad1(1000084),84,05.06.26 16:45,Prod,A1000084.6421,Tisch 7,104,S1000084.58553,SALE,1,10.9,10.9,0.0,0.0,0.0,0.0,109,Bismarck-Baguette,Hauptgerichte,,MwSt. 7%,1.07,10.186916,0.713084,Normalverkauf
S1000084.58554,SP1000084.36.58554,SY1000084.2026.58554,iPad1(1000084),84,05.06.26 10:47,Prod,A1000084.6422,Tisch 6,112,S1000084.58554,SALE,2,11.5,23.0,0.0,0.0,0.0,0.0,105,Garnelen-Kimchi-Bruger,Hauptgerichte,,MwSt. 7%,1.07,21.495327,1.504673,Normalverkauf
S1000084.58555,SP1000084.36.58555,SY1000084.2026.58555,iPad1(1000084),84,05.06.26 10:47,Prod,A1000084.6422,Tisch 6,112,S1000084.58555,SALE,1,5.9,5.9,0.0,0.0,0.0,0.0,116,Vanillequark,Desserts,,MwSt. 7%,1.07,5.514019,0.385981,Normalverkauf
S1000084.58556,SP1000084.36.58556,SY1000084.2026.58556,iPad1(1000084),84,05.06.26 10:47,Prod,A1000084.6422,Tisch 6,112,S1000084.58556,SALE,2,3.2,6.4,0.0,0.0,0.0,0.0,120,Apfelschorle,Getränke,,MwSt. 19%,1.19,5.378151,1.021849,Normalverkauf
S1000084.58557,SP1000084.36.58557,SY1000084.2026.58557,iPad1(1000084),84,05.06.26 08:45,Prod,A1000084.6423,Tisch 20,104,S1000084.58557,SALE,1,5.5,5.5,0.0,0.0,0.0,0.0,111,Pommes Frites,Beilagen,,MwSt. 7%,1.07,5.140187,0.359813,Normalverkauf
S1000084.58558,SP1000084.36.58558,SY1000084.2026.58558,iPad1(1000084),84,05.06.26 20:24,Prod,A1000084.6424,Tisch 13,112,S1000084.58558,VOID,2,3.9,7.8,0.0,0.0,0.0,0.0,126,Spezi,Getränke,,MwSt. 19%,1.19,6.554622,1.245378,Normalverkauf
S1000084.58559,SP1000084.36.58559,SY1000084.2026.58559,iPad1(1000084),84,05.06.26 20:24,Prod,A1000084.6424,Tisch 13,112,S1000084.58559,VOID,2,10.9,21.8,0.0,0.0,0.0,0.0,104,Thunfisch Wrap,Hauptgerichte,,MwSt. 7%,1.07,20.373832,1.426168,Normalverkauf
S1000084.58560,SP1000084.36.58560,SY1000084.2026.58560,iPad1(1000084),84,05.06.26 20:24,Prod,A1000084.6424,Tisch 13,112,S1000084.58560,VOID,2,11.9,23.8,0.0,0.0,0.0,0.0,110,Matjes-Baguette,Hauptgerichte,,MwSt. 7%,1.07,22.242991,1.557009,Normalverkauf
S1000084.58561,SP1000084.36.58561,SY1000084.2026.58561,iPad1(1000084),84,05.06.26 12:04,Prod,A1000084.6425,Tisch 15,107,S1000084.58561,SALE,2,4.2,8.4,0.0,0.0,0.0,0.0,122,Bier,Getränke,,MwSt. 19%,1.19,7.058824,1.341176,Normalverkauf
S1000084.58562,SP1000084.36.58562,SY1000084.2026.58562,iPad1(1000084),84,05.06.26 12:04,Prod,A1000084.6425,Tisch 15,107,S1000084.58562,SALE,2,3.9,7.8,0.0,0.0,0.0,0.0,126,Spezi,Getränke,,MwSt. 19%,1.19,6.554622,1.245378,Normalverkauf
S1000084.58563,SP1000084.36.58563,SY1000084.2026.58563,iPad1(1000084),84,05.06.26 16:11,Prod,A1000084.6426,Tisch 20,107,S1000084.58563,SALE,1,6.9,6.9,0.0,0.0,0.0,0.0,103,Fischbrötchen Räucherlachs,Hauptspeisen,,MwSt. 7%,1.07,6.448598,0.451402,Normalverkauf
S1000084.58564,SP1000084.36.58564,SY1000084.2026.58564,iPad1(1000084),84,05.06.26 16:11,Prod,A1000084.6426,Tisch 20,107,S1000084.58564,SALE,1,5.5,5.5,0.0,0.0,0.0,0.0,111,Pommes Frites,Beilagen,,MwSt. 7%,1.07,5.140187,0.359813,Normalverkauf
S1000084.58565,SP1000084.36.58565,SY1000084.2026.58565,iPad1(1000084),84,05.06.26 16:11,Prod,A1000084.6426,Tisch 20,107,S1000084.58565,SALE,1,3.9,3.9,0.0,0.0,0.0,0.0,119,Cola,Getränke,,MwSt. 19%,1.19,3.277311,0.622689,Normalverkauf
S1000084.58566,SP1000084.36.58566,SY1000084.2026.58566,iPad1(1000084),84,05.06.26 18:29,Prod,A1000084.6427,Tisch 12,104,S1000084.58566,SALE,1,11.9,11.9,0.0,0.0,0.0,0.0,110,Matjes-Baguette,Hauptgerichte,,MwSt. 7%,1.07,11.121495,0.778505,Normalverkauf
S1000084.58567,SP1000084.36.58567,SY1000084.2026.58567,iPad1(1000084),84,05.06.26 12:25,Prod,A1000084.6428,Tisch 18,108,S1000084.58567,SALE,1,6.9,6.9,0.0,0.0,0.0,0.0,103,Fischbrötchen Räucherlachs,Hauptspeisen,,MwSt. 7%,1.07,6.448598,0.451402,Normalverkauf
S1000084.58568,SP1000084.36.58568,SY1000084.2026.58568,iPad1(1000084),84,05.06.26 12:25,Prod,A1000084.6428,Tisch 18,108,S1000084.58568,SALE,1,7.9,7.9,0.0,0.0,0.0,0.0,106,Neptun-Ringe,Beilagen,,MwSt. 7%,1.07,7.383178,0.516822,Normalverkauf
S1000084.58569,SP1000084.36.58569,SY1000084.2026.58569,iPad1(1000084),84,05.06.26 17:33,Prod,A1000084.6429,Tisch 3,112,S1000084.58569,SALE,1,10.9,10.9,0.0,0.0,0.0,0.0,104,Thunfisch Wrap,Hauptgerichte,,MwSt. 7%,1.07,10.186916,0.713084,Normalverkauf
S1000084.58570,SP1000084.36.58570,SY1000084.2026.58570,iPad1(1000084),84,05.06.26 14:09,Prod,A1000084.6430,Tisch 4,104,S1000084.58570,SALE,2,3.9,7.8,0.0,0.0,0.0,0.0,124,Cola Zero,Getränke,,MwSt. 19%,1.19,6.554622,1.245378,Normalverkauf
S1000084.58571,SP1000084.36.58571,SY1000084.2026.58571,iPad1(1000084),84,05.06.26 14:09,Prod,A1000084.6430,Tisch 4,104,S1000084.58571,SALE,2,5.9,11.8,0.0,0.0,0.0,0.0,116,Vanillequark,Desserts,,MwSt. 7%,1.07,11.028037,0.771963,Normalverkauf
S1000084.58572,SP1000084.36.58572,SY1000084.2026.58572,iPad1(1000084),84,05.06.26 14:09,Prod,A1000084.6430,Tisch 4,104,S1000084.58572,SALE,2,11.9,23.8,0.0,0.0,0.0,0.0,110,Matjes-Baguette,Hauptgerichte,,MwSt. 7%,1.07,22.242991,1.557009,Normalverkauf
S1000084.58573,SP1000084.36.58573,SY1000084.2026.58573,iPad1(1000084),84,05.06.26 16:15,Prod,A1000084.6431,Tisch 5,108,S1000084.58573,SALE,2,9.8,19.6,0.0,0.0,0.0,0.0,108,Seelachs-Ei-Baugette,Hauptgerichte,,MwSt. 7%,1.07,18.317757,1.282243,Normalverkauf
S1000084.58574,SP1000084.36.58574,SY1000084.2026.58574,iPad1(1000084),84,05.06.26 16:15,Prod,A1000084.6431,Tisch 5,108,S1000084.58574,SALE,2,3.9,7.8,0.0,0.0,0.0,0.0,124,Cola Zero,Getränke,,MwSt. 19%,1.19,6.554622,1.245378,Normalverkauf
S1000084.58575,SP1000084.36.58575,SY1000084.2026.58575,iPad1(1000084),84,05.06.26 13:01,Prod,A1000084.6432,Tisch 18,104,S1000084.58575,SALE,2,3.9,7.8,0.0,0.0,0.0,0.0,119,Cola,Getränke,,MwSt. 19%,1.19,6.554622,1.245378,Normalverkauf
S1000084.58576,SP1000084.36.58576,SY1000084.2026.58576,iPad1(1000084),84,05.06.26 12:24,Prod,A1000084.6433,Tisch 15,104,S1000084.58576,VOID,1,2.8,2.8,0.0,0.0,0.0,0.0,121,Mineralwasser,Getränke,,MwSt. 19%,1.19,2.352941,0.447059,Normalverkauf
S1000084.58577,SP1000084.36.58577,SY1000084.2026.58577,iPad1(1000084),84,05.06.26 12:24,Prod,A1000084.6433,Tisch 15,104,S1000084.58577,VOID,1,3.9,3.9,0.0,0.0,0.0,0.0,119,Cola,Getränke,,MwSt. 19%,1.19,3.277311,0.622689,Normalverkauf
S1000084.58578,SP1000084.36.58578,SY1000084.2026.58578,iPad1(1000084),84,05.06.26 18:25,Prod,A1000084.6434,Tisch 22,112,S1000084.58578,SALE,1,10.9,10.9,0.0,0.0,0.0,0.0,107,Chicken Burger,Hauptgerichte,,MwSt. 7%,1.07,10.186916,0.713084,Normalverkauf
S1000084.58579,SP1000084.36.58579,SY1000084.2026.58579,iPad1(1000084),84,05.06.26 18:25,Prod,A1000084.6434,Tisch 22,112,S1000084.58579,SALE,2,3.9,7.8,0.0,0.0,0.0,0.0,126,Spezi,Getränke,,MwSt. 19%,1.19,6.554622,1.245378,Normalverkauf
S1000084.58580,SP1000084.36.58580,SY1000084.2026.58580,iPad1(1000084),84,05.06.26 17:55,Prod,A1000084.6435,Tisch 5,112,S1000084.58580,SALE,1,10.9,10.9,0.0,0.0,0.0,0.0,107,Chicken Burger,Hauptgerichte,,MwSt. 7%,1.07,10.186916,0.713084,Normalverkauf
S1000084.58581,SP1000084.36.58581,SY1000084.2026.58581,iPad1(1000084),84,05.06.26 17:55,Prod,A1000084.6435,Tisch 5,112,S1000084.58581,SALE,1,2.8,2.8,0.0,0.0,0.0,0.0,121,Mineralwasser,Getränke,,MwSt. 19%,1.19,2.352941,0.447059,Normalverkauf
S1000084.58582,SP1000084.36.58582,SY1000084.2026.58582,iPad1(1000084),84,05.06.26 17:55,Prod,A1000084.6435,Tisch 5,112,S1000084.58582,SALE,1,10.9,10.9,0.0,0.0,0.0,0.0,109,Bismarck-Baguette,Hauptgerichte,,MwSt. 7%,1.07,10.186916,0.713084,Normalverkauf
S1000084.58583,SP1000084.36.58583,SY1000084.2026.58583,iPad1(1000084),84,05.06.26 20:04,Prod,A1000084.6436,Tisch 21,108,S1000084.58583,SALE,2,14.5,29.0,0.0,0.0,0.0,0.0,101,Lachs,Hauptspeisen,,MwSt. 7%,1.07,27.102804,1.897196,Normalverkauf
S1000084.58584,SP1000084.36.58584,SY1000084.2026.58584,iPad1(1000084),84,05.06.26 18:36,Prod,A1000084.6437,Tisch 21,104,S1000084.58584,SALE,2,5.5,11.0,0.0,0.0,0.0,0.0,114,Fisch Nuggets Box,Beilagen,,MwSt. 7%,1.07,10.280374,0.719626,Normalverkauf
S1000084.58585,SP1000084.36.58585,SY1000084.2026.58585,iPad1(1000084),84,05.06.26 18:36,Prod,A1000084.6437,Tisch 21,104,S1000084.58585,SALE,1,6.9,6.9,0.0,0.0,0.0,0.0,103,Fischbrötchen Räucherlachs,Hauptspeisen,,MwSt. 7%,1.07,6.448598,0.451402,Normalverkauf
S1000084.58586,SP1000084.36.58586,SY1000084.2026.58586,iPad1(1000084),84,05.06.26 12:44,Prod,A1000084.6438,Tisch 10,108,S1000084.58586,VOID,2,10.9,21.8,0.0,0.0,0.0,0.0,104,Thunfisch Wrap,Hauptgerichte,,MwSt. 7%,1.07,20.373832,1.426168,Normalverkauf
S1000084.58587,SP1000084.36.58587,SY1000084.2026.58587,iPad1(1000084),84,05.06.26 14:03,Prod,A1000084.6439,,112,S1000084.58587,SALE,1,10.9,10.9,0.0,0.0,0.0,0.0,107,Chicken Burger,Hauptgerichte,,MwSt. 7%,1.07,10.186916,0.713084,Normalverkauf
S1000084.58588,SP1000084.36.58588,SY1000084.2026.58588,iPad1(1000084),84,05.06.26 14:03,Prod,A1000084.6439,,112,S1000084.58588,SALE,2,4.9,9.8,0.0,0.0,0.0,0.0,112,Kartoffelwedges,Beilagen,,MwSt. 7%,1.07,9.158879,0.641121,Normalverkauf
S1000084.58589,SP1000084.36.58589,SY1000084.2026.58589,iPad1(1000084),84,05.06.26 14:03,Prod,A1000084.6439,,112,S1000084.58589,SALE,2,4.2,8.4,0.0,0.0,0.0,0.0,122,Bier,Getränke,,MwSt. 19%,1.19,7.058824,1.341176,Normalverkauf
S1000084.58590,SP1000084.36.58590,SY1000084.2026.58590,iPad1(1000084),84,05.06.26 17:04,Prod,A1000084.6440,Tisch 19,112,S1000084.58590,SALE,1,14.5,14.5,0.0,0.0,0.0,0.0,101,Lachs,Hauptspeisen,,MwSt. 7%,1.07,13.551402,0.948598,Normalverkauf
S1000084.58591,SP1000084.36.58591,SY1000084.2026.58591,iPad1(1000084),84,05.06.26 17:04,Prod,A1000084.6440,Tisch 19,112,S1000084.58591,SALE,1,10.9,10.9,0.0,0.0,0.0,0.0,107,Chicken Burger,Hauptgerichte,,MwSt. 7%,1.07,10.186916,0.713084,Normalverkauf
S1000084.58592,SP1000084.36.58592,SY1000084.2026.58592,iPad1(1000084),84,05.06.26 17:04,Prod,A1000084.6440,Tisch 19,112,S1000084.58592,SALE,1,9.8,9.8,0.0,0.0,0.0,0.0,108,Seelachs-Ei-Baugette,Hauptgerichte,,MwSt. 7%,1.07,9.158879,0.641121,Normalverkauf
S1000084.58593,SP1000084.36.58593,SY1000084.2026.58593,iPad1(1000084),84,05.06.26 10:54,Prod,A1000084.6441,Tisch 16,104,S1000084.58593,SALE,2,10.9,21.8,0.0,0.0,0.0,0.0,104,Thunfisch Wrap,Hauptgerichte,,MwSt. 7%,1.07,20.373832,1.426168,Normalverkauf
S1000084.58594,SP1000084.36.58594,SY1000084.2026.58594,iPad1(1000084),84,05.06.26 10:54,Prod,A1000084.6441,Tisch 16,104,S1000084.58594,SALE,2,10.9,21.8,0.0,0.0,0.0,0.0,107,Chicken Burger,Hauptgerichte,,MwSt. 7%,1.07,20.373832,1.426168,Normalverkauf
S1000084.58595,SP1000084.36.58595,SY1000084.2026.58595,iPad1(1000084),84,05.06.26 18:58,Prod,A1000084.6442,Tisch 19,104,S1000084.58595,SALE,1,11.9,11.9,0.0,0.0,0.0,0.0,110,Matjes-Baguette,Hauptgerichte,,MwSt. 7%,1.07,11.121495,0.778505,Normalverkauf
S1000084.58596,SP1000084.36.58596,SY1000084.2026.58596,iPad1(1000084),84,05.06.26 08:28,Prod,A1000084.6443,Tisch 4,104,S1000084.58596,SALE,1,4.2,4.2,0.0,0.0,0.0,0.0,122,Bier,Getränke,,MwSt. 19%,1.19,3.529412,0.670588,Normalverkauf
S1000084.58597,SP1000084.36.58597,SY1000084.2026.58597,iPad1(1000084),84,05.06.26 08:13,Prod,A1000084.6444,Tisch 20,107,S1000084.58597,SALE,1,10.9,10.9,0.0,0.0,0.0,0.0,107,Chicken Burger,Hauptgerichte,,MwSt. 7%,1.07,10.186916,0.713084,Normalverkauf
S1000084.58598,SP1000084.36.58598,SY1000084.2026.58598,iPad1(1000084),84,05.06.26 08:13,Prod,A1000084.6444,Tisch 20,107,S1000084.58598,SALE,1,5.9,5.9,0.0,0.0,0.0,0.0,123,Inger-Limonade,Getränke,,MwSt. 19%,1.19,4.957983,0.942017,Normalverkauf
S1000084.58599,SP1000084.36.58599,SY1000084.2026.58599,iPad1(1000084),84,05.06.26 08:13,Prod,A1000084.6444,Tisch 20,107,S1000084.58599,SALE,2,11.5,23.0,0.0,0.0,0.0,0.0,105,Garnelen-Kimchi-Bruger,Hauptgerichte,,MwSt. 7%,1.07,21.495327,1.504673,Normalverkauf
S1000084.58600,SP1000084.36.58600,SY1000084.2026.58600,iPad1(1000084),84,05.06.26 20:28,Prod,A1000084.6445,Tisch 7,102,S1000084.58600,SALE,2,2.8,5.6,0.0,0.0,0.0,0.0,121,Mineralwasser,Getränke,,MwSt. 19%,1.19,4.705882,0.894118,Normalverkauf
S1000084.58601,SP1000084.36.58601,SY1000084.2026.58601,iPad1(1000084),84,05.06.26 19:13,Prod,A1000084.6446,Tisch 9,112,S1000084.58601,SALE,1,6.9,6.9,0.0,0.0,0.0,0.0,103,Fischbrötchen Räucherlachs,Hauptspeisen,,MwSt. 7%,1.07,6.448598,0.451402,Normalverkauf
S1000084.58602,SP1000084.36.58602,SY1000084.2026.58602,iPad1(1000084),84,05.06.26 19:13,Prod,A1000084.6446,Tisch 9,112,S1000084.58602,SALE,2,11.9,23.8,0.0,0.0,0.0,0.0,110,Matjes-Baguette,Hauptgerichte,,MwSt. 7%,1.07,22.242991,1.557009,Normalverkauf
S1000084.58603,SP1000084.36.58603,SY1000084.2026.58603,iPad1(1000084),84,05.06.26 19:13,Prod,A1000084.6446,Tisch 9,112,S1000084.58603,SALE,1,6.5,6.5,0.0,0.0,0.0,0.0,100,Fischbrötchen Backfisch,Hauptspeisen,,MwSt. 7%,1.07,6.074766,0.425234,Normalverkauf
S1000084.58604,SP1000084.36.58604,SY1000084.2026.58604,iPad1(1000084),84,05.06.26 20:28,Prod,A1000084.6447,Tisch 4,112,S1000084.58604,SALE,2,10.9,21.8,0.0,0.0,0.0,0.0,107,Chicken Burger,Hauptgerichte,,MwSt. 7%,1.07,20.373832,1.426168,Normalverkauf
S1000084.58605,SP1000084.36.58605,SY1000084.2026.58605,iPad1(1000084),84,05.06.26 16:21,Prod,A1000084.6448,Tisch 11,108,S1000084.58605,VOID,2,14.5,29.0,0.0,0.0,0.0,0.0,101,Lachs,Hauptspeisen,,MwSt. 7%,1.07,27.102804,1.897196,Normalverkauf
S1000084.58606,SP1000084.36.58606,SY1000084.2026.58606,iPad1(1000084),84,05.06.26 20:46,Prod,A1000084.6449,Tisch 3,104,S1000084.58606,SALE,2,4.9,9.8,0.0,0.0,0.0,0.0,112,Kartoffelwedges,Beilagen,,MwSt. 7%,1.07,9.158879,0.641121,Normalverkauf
S1000084.58607,SP1000084.36.58607,SY1000084.2026.58607,iPad1(1000084),84,05.06.26 20:46,Prod,A1000084.6449,Tisch 3,104,S1000084.58607,SALE,2,4.2,8.4,0.0,0.0,0.0,0.0,122,Bier,Getränke,,MwSt. 19%,1.19,7.058824,1.341176,Normalverkauf
S1000084.58608,SP1000084.36.58608,SY1000084.2026.58608,iPad1(1000084),84,05.06.26 20:46,Prod,A1000084.6449,Tisch 3,104,S1000084.58608,SALE,2,6.9,13.8,0.0,0.0,0.0,0.0,103,Fischbrötchen Räucherlachs,Hauptspeisen,,MwSt. 7%,1.07,12.897196,0.902804,Normalverkauf
S1000084.58609,SP1000084.36.58609,SY1000084.2026.58609,iPad1(1000084),84,05.06.26 08:37,Prod,A1000084.6450,Tisch 14,102,S1000084.58609,SALE,2,10.9,21.8,0.0,0.0,0.0,0.0,104,Thunfisch Wrap,Hauptgerichte,,MwSt. 7%,1.07,20.373832,1.426168,Normalverkauf
S1000084.58610,SP1000084.36.58610,SY1000084.2026.58610,iPad1(1000084),84,05.06.26 08:37,Prod,A1000084.6450,Tisch 14,102,S1000084.58610,SALE,1,10.9,10.9,0.0,0.0,0.0,0.0,109,Bismarck-Baguette,Hauptgerichte,,MwSt. 7%,1.07,10.186916,0.713084,Normalverkauf
S1000084.58611,SP1000084.36.58611,SY1000084.2026.58611,iPad1(1000084),84,05.06.26 17:26,Prod,A1000084.6451,Tisch 14,112,S1000084.58611,SALE,1,10.9,10.9,0.0,0.0,0.0,0.0,104,Thunfisch Wrap,Hauptgerichte,,MwSt. 7%,1.07,10.186916,0.713084,Normalverkauf
S1000084.58612,SP1000084.36.58612,SY1000084.2026.58612,iPad1(1000084),84,05.06.26 17:26,Prod,A1000084.6451,Tisch 14,112,S1000084.58612,SALE,1,3.9,3.9,0.0,0.0,0.0,0.0,119,Cola,Getränke,,MwSt. 19%,1.19,3.277311,0.622689,Normalverkauf
S1000084.58613,SP1000084.36.58613,SY1000084.2026.58613,iPad1(1000084),84,05.06.26 17:26,Prod,A1000084.6451,Tisch 14,112,S1000084.58613,SALE,1,10.9,10.9,0.0,0.0,0.0,0.0,109,Bismarck-Baguette,Hauptgerichte,,MwSt. 7%,1.07,10.186916,0.713084,Normalverkauf
S1000084.58614,SP1000084.36.58614,SY1000084.2026.58614,iPad1(1000084),84,05.06.26 14:41,Prod,A1000084.6452,Tisch 11,108,S1000084.58614,SALE,1,5.9,5.9,0.0,0.0,0.0,0.0,123,Inger-Limonade,Getränke,,MwSt. 19%,1.19,4.957983,0.942017,Normalverkauf
S1000084.58615,SP1000084.36.58615,SY1000084.2026.58615,iPad1(1000084),84,05.06.26 18:36,Prod,A1000084.6453,,104,S1000084.58615,VOID,1,2.8,2.8,0.0,0.0,0.0,0.0,121,Mineralwasser,Getränke,,MwSt. 19%,1.19,2.352941,0.447059,Normalverkauf
S1000084.58616,SP1000084.36.58616,SY1000084.2026.58616,iPad1(1000084),84,05.06.26 18:36,Prod,A1000084.6453,,104,S1000084.58616,VOID,1,5.9,5.9,0.0,0.0,0.0,0.0,117,Rote Grütze,Desserts,,MwSt. 7%,1.07,5.514019,0.385981,Normalverkauf
S1000084.58617,SP1000084.36.58617,SY1000084.2026.58617,iPad1(1000084),84,05.06.26 19:53,Prod,A1000084.6454,Tisch 6,108,S1000084.58617,SALE,2,6.5,13.0,0.0,0.0,0.0,0.0,118,Schokokuchen,Desserts,,MwSt. 7%,1.07,12.149533,0.850467,Normalverkauf
S1000084.58618,SP1000084.36.58618,SY1000084.2026.58618,iPad1(1000084),84,05.06.26 19:53,Prod,A1000084.6454,Tisch 6,108,S1000084.58618,SALE,1,3.9,3.9,0.0,0.0,0.0,0.0,127,Alkoholfreies Bier,Getränke,,MwSt. 19%,1.19,3.277311,0.622689,Normalverkauf
S1000084.58619,SP1000084.36.58619,SY1000084.2026.58619,iPad1(1000084),84,05.06.26 19:53,Prod,A1000084.6454,Tisch 6,108,S1000084.58619,SALE,1,3.9,3.9,0.0,0.0,0.0,0.0,124,Cola Zero,Getränke,,MwSt. 19%,1.19,3.277311,0.622689,Normalverkauf
S1000084.58620,SP1000084.36.58620,SY1000084.2026.58620,iPad1(1000084),84,05.06.26 19:23,Prod,A1000084.6455,Tisch 10,108,S1000084.58620,SALE,1,10.9,10.9,0.0,0.0,0.0,0.0,109,Bismarck-Baguette,Hauptgerichte,,MwSt. 7%,1.07,10.186916,0.713084,Normalverkauf
S1000084.58621,SP1000084.36.58621,SY1000084.2026.58621,iPad1(1000084),84,05.06.26 19:23,Prod,A1000084.6455,Tisch 10,108,S1000084.58621,SALE,1,6.9,6.9,0.0,0.0,0.0,0.0,113,Garnelen Box,Beilagen,,MwSt. 7%,1.07,6.448598,0.451402,Normalverkauf
S1000084.58622,SP1000084.36.58622,SY1000084.2026.58622,iPad1(1000084),84,05.06.26 19:23,Prod,A1000084.6455,Tisch 10,108,S1000084.58622,SALE,2,10.9,21.8,0.0,0.0,0.0,0.0,107,Chicken Burger,Hauptgerichte,,MwSt. 7%,1.07,20.373832,1.426168,Normalverkauf
S1000084.58623,SP1000084.36.58623,SY1000084.2026.58623,iPad1(1000084),84,05.06.26 19:01,Prod,A1000084.6456,Tisch 10,102,S1000084.58623,SALE,1,5.5,5.5,0.0,0.0,0.0,0.0,114,Fisch Nuggets Box,Beilagen,,MwSt. 7%,1.07,5.140187,0.359813,Normalverkauf
S1000084.58624,SP1000084.36.58624,SY1000084.2026.58624,iPad1(1000084),84,05.06.26 19:01,Prod,A1000084.6456,Tisch 10,102,S1000084.58624,SALE,1,3.9,3.9,0.0,0.0,0.0,0.0,127,Alkoholfreies Bier,Getränke,,MwSt. 19%,1.19,3.277311,0.622689,Normalverkauf
S1000084.58625,SP1000084.36.58625,SY1000084.2026.58625,iPad1(1000084),84,05.06.26 19:01,Prod,A1000084.6456,Tisch 10,102,S1000084.58625,SALE,2,10.9,21.8,0.0,0.0,0.0,0.0,104,Thunfisch Wrap,Hauptgerichte,,MwSt. 7%,1.07,20.373832,1.426168,Normalverkauf
S1000084.58626,SP1000084.36.58626,SY1000084.2026.58626,iPad1(1000084),84,05.06.26 08:55,Prod,A1000084.6457,Tisch 2,108,S1000084.58626,SALE,2,6.9,13.8,0.0,0.0,0.0,0.0,113,Garnelen Box,Beilagen,,MwSt. 7%,1.07,12.897196,0.902804,Normalverkauf
S1000084.58627,SP1000084.36.58627,SY1000084.2026.58627,iPad1(1000084),84,05.06.26 08:55,Prod,A1000084.6457,Tisch 2,108,S1000084.58627,SALE,2,10.9,21.8,0.0,0.0,0.0,0.0,109,Bismarck-Baguette,Hauptgerichte,,MwSt. 7%,1.07,20.373832,1.426168,Normalverkauf
S1000084.58628,SP1000084.36.58628,SY1000084.2026.58628,iPad1(1000084),84,05.06.26 11:35,Prod,A1000084.6458,Tisch 19,112,S1000084.58628,SALE,1,4.2,4.2,0.0,0.0,0.0,0.0,122,Bier,Getränke,,MwSt. 19%,1.19,3.529412,0.670588,Normalverkauf
S1000084.58629,SP1000084.36.58629,SY1000084.2026.58629,iPad1(1000084),84,05.06.26 16:57,Prod,A1000084.6459,Tisch 14,102,S1000084.58629,SALE,2,11.5,23.0,0.0,0.0,0.0,0.0,105,Garnelen-Kimchi-Bruger,Hauptgerichte,,MwSt. 7%,1.07,21.495327,1.504673,Normalverkauf
S1000084.58630,SP1000084.36.58630,SY1000084.2026.58630,iPad1(1000084),84,05.06.26 16:57,Prod,A1000084.6459,Tisch 14,102,S1000084.58630,SALE,2,4.2,8.4,0.0,0.0,0.0,0.0,122,Bier,Getränke,,MwSt. 19%,1.19,7.058824,1.341176,Normalverkauf
S1000084.58631,SP1000084.36.58631,SY1000084.2026.58631,iPad1(1000084),84,05.06.26 16:57,Prod,A1000084.6459,Tisch 14,102,S1000084.58631,SALE,2,4.2,8.4,0.0,0.0,0.0,0.0,122,Bier,Getränke,,MwSt. 19%,1.19,7.058824,1.341176,Normalverkauf
S1000084.58632,SP1000084.36.58632,SY1000084.2026.58632,iPad1(1000084),84,05.06.26 13:54,Prod,A1000084.6460,Tisch 10,112,S1000084.58632,SALE,1,9.8,9.8,0.0,0.0,0.0,0.0,108,Seelachs-Ei-Baugette,Hauptgerichte,,MwSt. 7%,1.07,9.158879,0.641121,Normalverkauf
S1000084.58633,SP1000084.36.58633,SY1000084.2026.58633,iPad1(1000084),84,05.06.26 13:54,Prod,A1000084.6460,Tisch 10,112,S1000084.58633,SALE,2,11.5,23.0,0.0,0.0,0.0,0.0,105,Garnelen-Kimchi-Bruger,Hauptgerichte,,MwSt. 7%,1.07,21.495327,1.504673,Normalverkauf
S1000084.58634,SP1000084.36.58634,SY1000084.2026.58634,iPad1(1000084),84,05.06.26 18:07,Prod,A1000084.6461,Tisch 4,104,S1000084.58634,SALE,2,3.9,7.8,0.0,0.0,0.0,0.0,124,Cola Zero,Getränke,,MwSt. 19%,1.19,6.554622,1.245378,Normalverkauf
S1000084.58635,SP1000084.36.58635,SY1000084.2026.58635,iPad1(1000084),84,05.06.26 20:35,Prod,A1000084.6462,Tisch 15,107,S1000084.58635,SALE,1,5.9,5.9,0.0,0.0,0.0,0.0,123,Inger-Limonade,Getränke,,MwSt. 19%,1.19,4.957983,0.942017,Normalverkauf
S1000084.58636,SP1000084.36.58636,SY1000084.2026.58636,iPad1(1000084),84,05.06.26 20:35,Prod,A1000084.6462,Tisch 15,107,S1000084.58636,SALE,1,10.9,10.9,0.0,0.0,0.0,0.0,109,Bismarck-Baguette,Hauptgerichte,,MwSt. 7%,1.07,10.186916,0.713084,Normalverkauf
S1000084.58637,SP1000084.36.58637,SY1000084.2026.58637,iPad1(1000084),84,05.06.26 18:39,Prod,A1000084.6463,Tisch 20,104,S1000084.58637,SALE,1,5.9,5.9,0.0,0.0,0.0,0.0,125,Zitronen-Limonade,Getränke,,MwSt. 19%,1.19,4.957983,0.942017,Normalverkauf
S1000084.58638,SP1000084.36.58638,SY1000084.2026.58638,iPad1(1000084),84,05.06.26 18:39,Prod,A1000084.6463,Tisch 20,104,S1000084.58638,SALE,2,3.9,7.8,0.0,0.0,0.0,0.0,124,Cola Zero,Getränke,,MwSt. 19%,1.19,6.554622,1.245378,Normalverkauf
S1000084.58639,SP1000084.36.58639,SY1000084.2026.58639,iPad1(1000084),84,05.06.26 18:39,Prod,A1000084.6463,Tisch 20,104,S1000084.58639,SALE,1,3.9,3.9,0.0,0.0,0.0,0.0,126,Spezi,Getränke,,MwSt. 19%,1.19,3.277311,0.622689,Normalverkauf
S1000084.58640,SP1000084.36.58640,SY1000084.2026.58640,iPad1(1000084),84,05.06.26 19:32,Prod,A1000084.6464,Tisch 16,102,S1000084.58640,SALE,1,5.5,5.5,0.0,0.0,0.0,0.0,111,Pommes Frites,Beilagen,,MwSt. 7%,1.07,5.140187,0.359813,Normalverkauf
S1000084.58641,SP1000084.36.58641,SY1000084.2026.58641,iPad1(1000084),84,05.06.26 17:48,Prod,A1000084.6465,Tisch 5,112,S1000084.58641,SALE,2,4.2,8.4,0.0,0.0,0.0,0.0,122,Bier,Getränke,,MwSt. 19%,1.19,7.058824,1.341176,Normalverkauf
S1000084.58642,SP1000084.36.58642,SY1000084.2026.58642,iPad1(1000084),84,05.06.26 17:48,Prod,A1000084.6465,Tisch 5,112,S1000084.58642,SALE,2,10.9,21.8,0.0,0.0,0.0,0.0,109,Bismarck-Baguette,Hauptgerichte,,MwSt. 7%,1.07,20.373832,1.426168,Normalverkauf
S1000084.58643,SP1000084.36.58643,SY1000084.2026.58643,iPad1(1000084),84,05.06.26 10:02,Prod,A1000084.6466,Tisch 16,102,S1000084.58643,SALE,1,7.9,7.9,0.0,0.0,0.0,0.0,115,Tiramisu,Desserts,,MwSt. 7%,1.07,7.383178,0.516822,Normalverkauf
S1000084.58644,SP1000084.36.58644,SY1000084.2026.58644,iPad1(1000084),84,05.06.26 10:02,Prod,A1000084.6466,Tisch 16,102,S1000084.58644,SALE,1,2.8,2.8,0.0,0.0,0.0,0.0,121,Mineralwasser,Getränke,,MwSt. 19%,1.19,2.352941,0.447059,Normalverkauf
S1000084.58645,SP1000084.36.58645,SY1000084.2026.58645,iPad1(1000084),84,05.06.26 15:49,Prod,A1000084.6467,Tisch 19,102,S1000084.58645,SALE,1,7.9,7.9,0.0,0.0,0.0,0.0,106,Neptun-Ringe,Beilagen,,MwSt. 7%,1.07,7.383178,0.516822,Normalverkauf
S1000084.58646,SP1000084.36.58646,SY1000084.2026.58646,iPad1(1000084),84,05.06.26 15:49,Prod,A1000084.6467,Tisch 19,102,S1000084.58646,SALE,2,4.2,8.4,0.0,0.0,0.0,0.0,122,Bier,Getränke,,MwSt. 19%,1.19,7.058824,1.341176,Normalverkauf
S1000084.58647,SP1000084.36.58647,SY1000084.2026.58647,iPad1(1000084),84,05.06.26 15:49,Prod,A1000084.6467,Tisch 19,102,S1000084.58647,SALE,1,3.9,3.9,0.0,0.0,0.0,0.0,119,Cola,Getränke,,MwSt. 19%,1.19,3.277311,0.622689,Normalverkauf
S1000084.58648,SP1000084.36.58648,SY1000084.2026.58648,iPad1(1000084),84,05.06.26 20:00,Prod,A1000084.6468,,102,S1000084.58648,SALE,1,5.5,5.5,0.0,0.0,0.0,0.0,111,Pommes Frites,Beilagen,,MwSt. 7%,1.07,5.140187,0.359813,Normalverkauf
S1000084.58649,SP1000084.36.58649,SY1000084.2026.58649,iPad1(1000084),84,05.06.26 12:53,Prod,A1000084.6469,Tisch 2,104,S1000084.58649,SALE,2,3.9,7.8,0.0,0.0,0.0,0.0,119,Cola,Getränke,,MwSt. 19%,1.19,6.554622,1.245378,Normalverkauf
S1000084.58650,SP1000084.36.58650,SY1000084.2026.58650,iPad1(1000084),84,05.06.26 12:53,Prod,A1000084.6469,Tisch 2,104,S1000084.58650,SALE,2,10.9,21.8,0.0,0.0,0.0,0.0,109,Bismarck-Baguette,Hauptgerichte,,MwSt. 7%,1.07,20.373832,1.426168,Normalverkauf
S1000084.58651,SP1000084.36.58651,SY1000084.2026.58651,iPad1(1000084),84,05.06.26 18:52,Prod,A1000084.6470,Tisch 8,108,S1000084.58651,SALE,1,7.9,7.9,0.0,0.0,0.0,0.0,106,Neptun-Ringe,Beilagen,,MwSt. 7%,1.07,7.383178,0.516822,Normalverkauf
S1000084.58652,SP1000084.36.58652,SY1000084.2026.58652,iPad1(1000084),84,05.06.26 18:52,Prod,A1000084.6470,Tisch 8,108,S1000084.58652,SALE,2,3.9,7.8,0.0,0.0,0.0,0.0,124,Cola Zero,Getränke,,MwSt. 19%,1.19,6.554622,1.245378,Normalverkauf
S1000084.58653,SP1000084.36.58653,SY1000084.2026.58653,iPad1(1000084),84,05.06.26 17:26,Prod,A1000084.6471,Tisch 24,112,S1000084.58653,SALE,2,5.5,11.0,0.0,0.0,0.0,0.0,111,Pommes Frites,Beilagen,,MwSt. 7%,1.07,10.280374,0.719626,Normalverkauf
S1000084.58654,SP1000084.36.58654,SY1000084.2026.58654,iPad1(1000084),84,05.06.26 17:26,Prod,A1000084.6471,Tisch 24,112,S1000084.58654,SALE,1,11.9,11.9,0.0,0.0,0.0,0.0,110,Matjes-Baguette,Hauptgerichte,,MwSt. 7%,1.07,11.121495,0.778505,Normalverkauf
S1000084.58655,SP1000084.36.58655,SY1000084.2026.58655,iPad1(1000084),84,05.06.26 17:26,Prod,A1000084.6471,Tisch 24,112,S1000084.58655,SALE,1,10.9,10.9,0.0,0.0,0.0,0.0,109,Bismarck-Baguette,Hauptgerichte,,MwSt. 7%,1.07,10.186916,0.713084,Normalverkauf
S1000084.58656,SP1000084.36.58656,SY1000084.2026.58656,iPad1(1000084),84,05.06.26 20:13,Prod,A1000084.6472,Tisch 5,108,S1000084.58656,SALE,1,13.5,13.5,0.0,0.0,0.0,0.0,102,Matjes,Hauptspeisen,,MwSt. 7%,1.07,12.616822,0.883178,Normalverkauf
S1000084.58657,SP1000084.36.58657,SY1000084.2026.58657,iPad1(1000084),84,05.06.26 17:28,Prod,A1000084.6473,,104,S1000084.58657,SALE,1,11.9,11.9,0.0,0.0,0.0,0.0,110,Matjes-Baguette,Hauptgerichte,,MwSt. 7%,1.07,11.121495,0.778505,Normalverkauf
S1000084.58658,SP1000084.36.58658,SY1000084.2026.58658,iPad1(1000084),84,05.06.26 19:39,Prod,A1000084.6474,Tisch 23,104,S1000084.58658,SALE,2,3.9,7.8,0.0,0.0,0.0,0.0,126,Spezi,Getränke,,MwSt. 19%,1.19,6.554622,1.245378,Normalverkauf
S1000084.58659,SP1000084.36.58659,SY1000084.2026.58659,iPad1(1000084),84,05.06.26 17:46,Prod,A1000084.6475,Tisch 3,107,S1000084.58659,SALE,1,11.5,11.5,0.0,0.0,0.0,0.0,105,Garnelen-Kimchi-Bruger,Hauptgerichte,,MwSt. 7%,1.07,10.747664,0.752336,Normalverkauf
S1000084.58660,SP1000084.36.58660,SY1000084.2026.58660,iPad1(1000084),84,05.06.26 17:46,Prod,A1000084.6475,Tisch 3,107,S1000084.58660,SALE,1,11.9,11.9,0.0,0.0,0.0,0.0,110,Matjes-Baguette,Hauptgerichte,,MwSt. 7%,1.07,11.121495,0.778505,Normalverkauf
S1000084.58661,SP1000084.36.58661,SY1000084.2026.58661,iPad1(1000084),84,05.06.26 13:19,Prod,A1000084.6476,Tisch 14,112,S1000084.58661,SALE,2,5.9,11.8,0.0,0.0,0.0,0.0,117,Rote Grütze,Desserts,,MwSt. 7%,1.07,11.028037,0.771963,Normalverkauf
S1000084.58662,SP1000084.36.58662,SY1000084.2026.58662,iPad1(1000084),84,05.06.26 20:52,Prod,A1000084.6477,Tisch 19,104,S1000084.58662,SALE,2,2.8,5.6,0.0,0.0,0.0,0.0,121,Mineralwasser,Getränke,,MwSt. 19%,1.19,4.705882,0.894118,Normalverkauf
S1000084.58663,SP1000084.36.58663,SY1000084.2026.58663,iPad1(1000084),84,05.06.26 20:52,Prod,A1000084.6477,Tisch 19,104,S1000084.58663,SALE,2,10.9,21.8,0.0,0.0,0.0,0.0,107,Chicken Burger,Hauptgerichte,,MwSt. 7%,1.07,20.373832,1.426168,Normalverkauf
S1000084.58664,SP1000084.36.58664,SY1000084.2026.58664,iPad1(1000084),84,05.06.26 20:52,Prod,A1000084.6477,Tisch 19,104,S1000084.58664,SALE,1,14.5,14.5,0.0,0.0,0.0,0.0,101,Lachs,Hauptspeisen,,MwSt. 7%,1.07,13.551402,0.948598,Normalverkauf
S1000084.58665,SP1000084.36.58665,SY1000084.2026.58665,iPad1(1000084),84,05.06.26 13:05,Prod,A1000084.6478,Tisch 9,104,S1000084.58665,SALE,2,6.9,13.8,0.0,0.0,0.0,0.0,103,Fischbrötchen Räucherlachs,Hauptspeisen,,MwSt. 7%,1.07,12.897196,0.902804,Normalverkauf
S1000084.58666,SP1000084.36.58666,SY1000084.2026.58666,iPad1(1000084),84,05.06.26 13:05,Prod,A1000084.6478,Tisch 9,104,S1000084.58666,SALE,2,6.5,13.0,0.0,0.0,0.0,0.0,100,Fischbrötchen Backfisch,Hauptspeisen,,MwSt. 7%,1.07,12.149533,0.850467,Normalverkauf
S1000084.58667,SP1000084.36.58667,SY1000084.2026.58667,iPad1(1000084),84,05.06.26 10:19,Prod,A1000084.6479,Tisch 6,112,S1000084.58667,VOID,2,10.9,21.8,0.0,0.0,0.0,0.0,109,Bismarck-Baguette,Hauptgerichte,,MwSt. 7%,1.07,20.373832,1.426168,Normalverkauf
S1000084.58668,SP1000084.36.58668,SY1000084.2026.58668,iPad1(1000084),84,05.06.26 20:15,Prod,A1000084.6480,,107,S1000084.58668,VOID,2,10.9,21.8,0.0,0.0,0.0,0.0,107,Chicken Burger,Hauptgerichte,,MwSt. 7%,1.07,20.373832,1.426168,Normalverkauf
S1000084.58669,SP1000084.36.58669,SY1000084.2026.58669,iPad1(1000084),84,05.06.26 20:15,Prod,A1000084.6480,,107,S1000084.58669,VOID,2,10.9,21.8,0.0,0.0,0.0,0.0,107,Chicken Burger,Hauptgerichte,,MwSt. 7%,1.07,20.373832,1.426168,Normalverkauf
S1000084.58670,SP1000084.36.58670,SY1000084.2026.58670,iPad1(1000084),84,05.06.26 13:15,Prod,A1000084.6481,,108,S1000084.58670,SALE,1,3.9,3.9,0.0,0.0,0.0,0.0,126,Spezi,Getränke,,MwSt. 19%,1.19,3.277311,0.622689,Normalverkauf
S1000084.58671,SP1000084.36.58671,SY1000084.2026.58671,iPad1(1000084),84,05.06.26 13:15,Prod,A1000084.6481,,108,S1000084.58671,SALE,1,6.9,6.9,0.0,0.0,0.0,0.0,103,Fischbrötchen Räucherlachs,Hauptspeisen,,MwSt. 7%,1.07,6.448598,0.451402,Normalverkauf
S1000084.58672,SP1000084.36.58672,SY1000084.2026.58672,iPad1(1000084),84,05.06.26 17:01,Prod,A1000084.6482,Tisch 14,107,S1000084.58672,SALE,2,5.5,11.0,0.0,0.0,0.0,0.0,111,Pommes Frites,Beilagen,,MwSt. 7%,1.07,10.280374,0.719626,Normalverkauf
S1000084.58673,SP1000084.36.58673,SY1000084.2026.58673,iPad1(1000084),84,05.06.26 11:19,Prod,A1000084.6483,Tisch 15,104,S1000084.58673,VOID,1,6.5,6.5,0.0,0.0,0.0,0.0,100,Fischbrötchen Backfisch,Hauptspeisen,,MwSt. 7%,1.07,6.074766,0.425234,Normalverkauf
S1000084.58674,SP1000084.36.58674,SY1000084.2026.58674,iPad1(1000084),84,05.06.26 11:19,Prod,A1000084.6483,Tisch 15,104,S1000084.58674,VOID,1,5.5,5.5,0.0,0.0,0.0,0.0,111,Pommes Frites,Beilagen,,MwSt. 7%,1.07,5.140187,0.359813,Normalverkauf
S1000084.58675,SP1000084.36.58675,SY1000084.2026.58675,iPad1(1000084),84,05.06.26 11:19,Prod,A1000084.6483,Tisch 15,104,S1000084.58675,VOID,2,3.9,7.8,0.0,0.0,0.0,0.0,119,Cola,Getränke,,MwSt. 19%,1.19,6.554622,1.245378,Normalverkauf
S1000084.58676,SP1000084.36.58676,SY1000084.2026.58676,iPad1(1000084),84,05.06.26 19:01,Prod,A1000084.6484,Tisch 2,102,S1000084.58676,SALE,1,5.9,5.9,0.0,0.0,0.0,0.0,125,Zitronen-Limonade,Getränke,,MwSt. 19%,1.19,4.957983,0.942017,Normalverkauf
S1000084.58677,SP1000084.36.58677,SY1000084.2026.58677,iPad1(1000084),84,05.06.26 18:03,Prod,A1000084.6485,Tisch 19,102,S1000084.58677,SALE,2,3.2,6.4,0.0,0.0,0.0,0.0,120,Apfelschorle,Getränke,,MwSt. 19%,1.19,5.378151,1.021849,Normalverkauf
S1000084.58678,SP1000084.36.58678,SY1000084.2026.58678,iPad1(1000084),84,05.06.26 11:08,Prod,A1000084.6486,Tisch 19,112,S1000084.58678,SALE,2,3.9,7.8,0.0,0.0,0.0,0.0,119,Cola,Getränke,,MwSt. 19%,1.19,6.554622,1.245378,Normalverkauf
S1000084.58679,SP1000084.36.58679,SY1000084.2026.58679,iPad1(1000084),84,05.06.26 11:08,Prod,A1000084.6486,Tisch 19,112,S1000084.58679,SALE,2,4.2,8.4,0.0,0.0,0.0,0.0,122,Bier,Getränke,,MwSt. 19%,1.19,7.058824,1.341176,Normalverkauf
S1000084.58680,SP1000084.36.58680,SY1000084.2026.58680,iPad1(1000084),84,05.06.26 11:08,Prod,A1000084.6486,Tisch 19,112,S1000084.58680,SALE,2,3.9,7.8,0.0,0.0,0.0,0.0,119,Cola,Getränke,,MwSt. 19%,1.19,6.554622,1.245378,Normalverkauf
S1000084.58681,SP1000084.36.58681,SY1000084.2026.58681,iPad1(1000084),84,05.06.26 15:29,Prod,A1000084.6487,Tisch 9,108,S1000084.58681,SALE,2,3.9,7.8,0.0,0.0,0.0,0.0,124,Cola Zero,Getränke,,MwSt. 19%,1.19,6.554622,1.245378,Normalverkauf
S1000084.58682,SP1000084.36.58682,SY1000084.2026.58682,iPad1(1000084),84,05.06.26 15:29,Prod,A1000084.6487,Tisch 9,108,S1000084.58682,SALE,2,10.9,21.8,0.0,0.0,0.0,0.0,107,Chicken Burger,Hauptgerichte,,MwSt. 7%,1.07,20.373832,1.426168,Normalverkauf
S1000084.58683,SP1000084.36.58683,SY1000084.2026.58683,iPad1(1000084),84,05.06.26 15:29,Prod,A1000084.6487,Tisch 9,108,S1000084.58683,SALE,2,2.8,5.6,0.0,0.0,0.0,0.0,121,Mineralwasser,Getränke,,MwSt. 19%,1.19,4.705882,0.894118,Normalverkauf
S1000084.58684,SP1000084.36.58684,SY1000084.2026.58684,iPad1(1000084),84,05.06.26 13:18,Prod,A1000084.6488,Tisch 24,104,S1000084.58684,SALE,1,10.9,10.9,0.0,0.0,0.0,0.0,104,Thunfisch Wrap,Hauptgerichte,,MwSt. 7%,1.07,10.186916,0.713084,Normalverkauf
S1000084.58685,SP1000084.36.58685,SY1000084.2026.58685,iPad1(1000084),84,05.06.26 18:33,Prod,A1000084.6489,Tisch 7,112,S1000084.58685,SALE,2,10.9,21.8,0.0,0.0,0.0,0.0,107,Chicken Burger,Hauptgerichte,,MwSt. 7%,1.07,20.373832,1.426168,Normalverkauf
S1000084.58686,SP1000084.36.58686,SY1000084.2026.58686,iPad1(1000084),84,05.06.26 18:33,Prod,A1000084.6489,Tisch 7,112,S1000084.58686,SALE,1,5.5,5.5,0.0,0.0,0.0,0.0,111,Pommes Frites,Beilagen,,MwSt. 7%,1.07,5.140187,0.359813,Normalverkauf
S1000084.58687,SP1000084.36.58687,SY1000084.2026.58687,iPad1(1000084),84,05.06.26 18:33,Prod,A1000084.6489,Tisch 7,112,S1000084.58687,SALE,1,10.9,10.9,0.0,0.0,0.0,0.0,107,Chicken Burger,Hauptgerichte,,MwSt. 7%,1.07,10.186916,0.713084,Normalverkauf
S1000084.58688,SP1000084.36.58688,SY1000084.2026.58688,iPad1(1000084),84,06.06.26 20:22,Prod,A1000084.6490,Tisch 1,112,S1000084.58688,SALE,2,10.9,21.8,0.0,0.0,0.0,0.0,104,Thunfisch Wrap,Hauptgerichte,,MwSt. 7%,1.07,20.373832,1.426168,Normalverkauf
S1000084.58689,SP1000084.36.58689,SY1000084.2026.58689,iPad1(1000084),84,06.06.26 20:22,Prod,A1000084.6490,Tisch 1,112,S1000084.58689,SALE,2,5.9,11.8,0.0,0.0,0.0,0.0,117,Rote Grütze,Desserts,,MwSt. 7%,1.07,11.028037,0.771963,Normalverkauf
S1000084.58690,SP1000084.36.58690,SY1000084.2026.58690,iPad1(1000084),84,06.06.26 20:22,Prod,A1000084.6490,Tisch 1,112,S1000084.58690,SALE,2,10.9,21.8,0.0,0.0,0.0,0.0,107,Chicken Burger,Hauptgerichte,,MwSt. 7%,1.07,20.373832,1.426168,Normalverkauf
S1000084.58691,SP1000084.36.58691,SY1000084.2026.58691,iPad1(1000084),84,06.06.26 17:32,Prod,A1000084.6491,,107,S1000084.58691,SALE,2,3.9,7.8,0.0,0.0,0.0,0.0,126,Spezi,Getränke,,MwSt. 19%,1.19,6.554622,1.245378,Normalverkauf
S1000084.58692,SP1000084.36.58692,SY1000084.2026.58692,iPad1(1000084),84,06.06.26 10:28,Prod,A1000084.6492,Tisch 8,108,S1000084.58692,SALE,1,9.8,9.8,0.0,0.0,0.0,0.0,108,Seelachs-Ei-Baugette,Hauptgerichte,,MwSt. 7%,1.07,9.158879,0.641121,Normalverkauf
S1000084.58693,SP1000084.36.58693,SY1000084.2026.58693,iPad1(1000084),84,06.06.26 10:28,Prod,A1000084.6492,Tisch 8,108,S1000084.58693,SALE,2,3.9,7.8,0.0,0.0,0.0,0.0,124,Cola Zero,Getränke,,MwSt. 19%,1.19,6.554622,1.245378,Normalverkauf
S1000084.58694,SP1000084.36.58694,SY1000084.2026.58694,iPad1(1000084),84,06.06.26 10:55,Prod,A1000084.6493,Tisch 7,107,S1000084.58694,SALE,2,3.9,7.8,0.0,0.0,0.0,0.0,124,Cola Zero,Getränke,,MwSt. 19%,1.19,6.554622,1.245378,Normalverkauf
S1000084.58695,SP1000084.36.58695,SY1000084.2026.58695,iPad1(1000084),84,06.06.26 10:55,Prod,A1000084.6493,Tisch 7,107,S1000084.58695,SALE,2,5.5,11.0,0.0,0.0,0.0,0.0,111,Pommes Frites,Beilagen,,MwSt. 7%,1.07,10.280374,0.719626,Normalverkauf
S1000084.58696,SP1000084.36.58696,SY1000084.2026.58696,iPad1(1000084),84,06.06.26 12:33,Prod,A1000084.6494,Tisch 3,104,S1000084.58696,SALE,2,2.8,5.6,0.0,0.0,0.0,0.0,121,Mineralwasser,Getränke,,MwSt. 19%,1.19,4.705882,0.894118,Normalverkauf
S1000084.58697,SP1000084.36.58697,SY1000084.2026.58697,iPad1(1000084),84,06.06.26 12:33,Prod,A1000084.6494,Tisch 3,104,S1000084.58697,SALE,1,11.9,11.9,0.0,0.0,0.0,0.0,110,Matjes-Baguette,Hauptgerichte,,MwSt. 7%,1.07,11.121495,0.778505,Normalverkauf
S1000084.58698,SP1000084.36.58698,SY1000084.2026.58698,iPad1(1000084),84,06.06.26 12:33,Prod,A1000084.6494,Tisch 3,104,S1000084.58698,SALE,1,3.9,3.9,0.0,0.0,0.0,0.0,119,Cola,Getränke,,MwSt. 19%,1.19,3.277311,0.622689,Normalverkauf
S1000084.58699,SP1000084.36.58699,SY1000084.2026.58699,iPad1(1000084),84,06.06.26 18:19,Prod,A1000084.6495,,112,S1000084.58699,SALE,1,14.5,14.5,0.0,0.0,0.0,0.0,101,Lachs,Hauptspeisen,,MwSt. 7%,1.07,13.551402,0.948598,Normalverkauf
S1000084.58700,SP1000084.36.58700,SY1000084.2026.58700,iPad1(1000084),84,06.06.26 18:19,Prod,A1000084.6495,,112,S1000084.58700,SALE,2,10.9,21.8,0.0,0.0,0.0,0.0,109,Bismarck-Baguette,Hauptgerichte,,MwSt. 7%,1.07,20.373832,1.426168,Normalverkauf
S1000084.58701,SP1000084.36.58701,SY1000084.2026.58701,iPad1(1000084),84,06.06.26 18:19,Prod,A1000084.6495,,112,S1000084.58701,SALE,1,10.9,10.9,0.0,0.0,0.0,0.0,104,Thunfisch Wrap,Hauptgerichte,,MwSt. 7%,1.07,10.186916,0.713084,Normalverkauf
S1000084.58702,SP1000084.36.58702,SY1000084.2026.58702,iPad1(1000084),84,06.06.26 17:52,Prod,A1000084.6496,Tisch 23,108,S1000084.58702,SALE,2,5.5,11.0,0.0,0.0,0.0,0.0,111,Pommes Frites,Beilagen,,MwSt. 7%,1.07,10.280374,0.719626,Normalverkauf
S1000084.58703,SP1000084.36.58703,SY1000084.2026.58703,iPad1(1000084),84,06.06.26 15:06,Prod,A1000084.6497,Tisch 22,104,S1000084.58703,SALE,2,4.9,9.8,0.0,0.0,0.0,0.0,112,Kartoffelwedges,Beilagen,,MwSt. 7%,1.07,9.158879,0.641121,Normalverkauf
S1000084.58704,SP1000084.36.58704,SY1000084.2026.58704,iPad1(1000084),84,06.06.26 15:06,Prod,A1000084.6497,Tisch 22,104,S1000084.58704,SALE,2,11.5,23.0,0.0,0.0,0.0,0.0,105,Garnelen-Kimchi-Bruger,Hauptgerichte,,MwSt. 7%,1.07,21.495327,1.504673,Normalverkauf
S1000084.58705,SP1000084.36.58705,SY1000084.2026.58705,iPad1(1000084),84,06.06.26 12:46,Prod,A1000084.6498,Tisch 2,112,S1000084.58705,SALE,1,6.9,6.9,0.0,0.0,0.0,0.0,103,Fischbrötchen Räucherlachs,Hauptspeisen,,MwSt. 7%,1.07,6.448598,0.451402,Normalverkauf
S1000084.58706,SP1000084.36.58706,SY1000084.2026.58706,iPad1(1000084),84,06.06.26 13:41,Prod,A1000084.6499,Tisch 14,102,S1000084.58706,SALE,2,6.9,13.8,0.0,0.0,0.0,0.0,113,Garnelen Box,Beilagen,,MwSt. 7%,1.07,12.897196,0.902804,Normalverkauf
S1000084.58707,SP1000084.36.58707,SY1000084.2026.58707,iPad1(1000084),84,06.06.26 13:41,Prod,A1000084.6499,Tisch 14,102,S1000084.58707,SALE,1,3.9,3.9,0.0,0.0,0.0,0.0,119,Cola,Getränke,,MwSt. 19%,1.19,3.277311,0.622689,Normalverkauf
S1000084.58708,SP1000084.36.58708,SY1000084.2026.58708,iPad1(1000084),84,06.06.26 10:09,Prod,A1000084.6500,Tisch 17,107,S1000084.58708,SALE,1,3.9,3.9,0.0,0.0,0.0,0.0,119,Cola,Getränke,,MwSt. 19%,1.19,3.277311,0.622689,Normalverkauf
S1000084.58709,SP1000084.36.58709,SY1000084.2026.58709,iPad1(1000084),84,06.06.26 10:09,Prod,A1000084.6500,Tisch 17,107,S1000084.58709,SALE,2,2.8,5.6,0.0,0.0,0.0,0.0,121,Mineralwasser,Getränke,,MwSt. 19%,1.19,4.705882,0.894118,Normalverkauf
S1000084.58710,SP1000084.36.58710,SY1000084.2026.58710,iPad1(1000084),84,06.06.26 10:09,Prod,A1000084.6500,Tisch 17,107,S1000084.58710,SALE,2,7.9,15.8,0.0,0.0,0.0,0.0,115,Tiramisu,Desserts,,MwSt. 7%,1.07,14.766355,1.033645,Normalverkauf
S1000084.58711,SP1000084.36.58711,SY1000084.2026.58711,iPad1(1000084),84,06.06.26 13:19,Prod,A1000084.6501,Tisch 1,112,S1000084.58711,SALE,1,5.9,5.9,0.0,0.0,0.0,0.0,123,Inger-Limonade,Getränke,,MwSt. 19%,1.19,4.957983,0.942017,Normalverkauf
S1000084.58712,SP1000084.36.58712,SY1000084.2026.58712,iPad1(1000084),84,06.06.26 17:52,Prod,A1000084.6502,Tisch 10,112,S1000084.58712,SALE,1,11.9,11.9,0.0,0.0,0.0,0.0,110,Matjes-Baguette,Hauptgerichte,,MwSt. 7%,1.07,11.121495,0.778505,Normalverkauf
S1000084.58713,SP1000084.36.58713,SY1000084.2026.58713,iPad1(1000084),84,06.06.26 17:52,Prod,A1000084.6502,Tisch 10,112,S1000084.58713,SALE,2,3.9,7.8,0.0,0.0,0.0,0.0,127,Alkoholfreies Bier,Getränke,,MwSt. 19%,1.19,6.554622,1.245378,Normalverkauf
S1000084.58714,SP1000084.36.58714,SY1000084.2026.58714,iPad1(1000084),84,06.06.26 16:20,Prod,A1000084.6503,Tisch 12,104,S1000084.58714,SALE,1,4.9,4.9,0.0,0.0,0.0,0.0,112,Kartoffelwedges,Beilagen,,MwSt. 7%,1.07,4.579439,0.320561,Normalverkauf
S1000084.58715,SP1000084.36.58715,SY1000084.2026.58715,iPad1(1000084),84,06.06.26 16:20,Prod,A1000084.6503,Tisch 12,104,S1000084.58715,SALE,2,4.2,8.4,0.0,0.0,0.0,0.0,122,Bier,Getränke,,MwSt. 19%,1.19,7.058824,1.341176,Normalverkauf
S1000084.58716,SP1000084.36.58716,SY1000084.2026.58716,iPad1(1000084),84,06.06.26 16:20,Prod,A1000084.6503,Tisch 12,104,S1000084.58716,SALE,1,6.9,6.9,0.0,0.0,0.0,0.0,103,Fischbrötchen Räucherlachs,Hauptspeisen,,MwSt. 7%,1.07,6.448598,0.451402,Normalverkauf
S1000084.58717,SP1000084.36.58717,SY1000084.2026.58717,iPad1(1000084),84,06.06.26 17:49,Prod,A1000084.6504,Tisch 6,104,S1000084.58717,SALE,2,14.5,29.0,0.0,0.0,0.0,0.0,101,Lachs,Hauptspeisen,,MwSt. 7%,1.07,27.102804,1.897196,Normalverkauf
S1000084.58718,SP1000084.36.58718,SY1000084.2026.58718,iPad1(1000084),84,06.06.26 17:49,Prod,A1000084.6504,Tisch 6,104,S1000084.58718,SALE,2,5.5,11.0,0.0,0.0,0.0,0.0,114,Fisch Nuggets Box,Beilagen,,MwSt. 7%,1.07,10.280374,0.719626,Normalverkauf
S1000084.58719,SP1000084.36.58719,SY1000084.2026.58719,iPad1(1000084),84,06.06.26 20:24,Prod,A1000084.6505,Tisch 3,102,S1000084.58719,SALE,1,4.9,4.9,0.0,0.0,0.0,0.0,112,Kartoffelwedges,Beilagen,,MwSt. 7%,1.07,4.579439,0.320561,Normalverkauf
S1000084.58720,SP1000084.36.58720,SY1000084.2026.58720,iPad1(1000084),84,06.06.26 20:24,Prod,A1000084.6505,Tisch 3,102,S1000084.58720,SALE,1,10.9,10.9,0.0,0.0,0.0,0.0,109,Bismarck-Baguette,Hauptgerichte,,MwSt. 7%,1.07,10.186916,0.713084,Normalverkauf
S1000084.58721,SP1000084.36.58721,SY1000084.2026.58721,iPad1(1000084),84,06.06.26 20:24,Prod,A1000084.6505,Tisch 3,102,S1000084.58721,SALE,1,3.2,3.2,0.0,0.0,0.0,0.0,120,Apfelschorle,Getränke,,MwSt. 19%,1.19,2.689076,0.510924,Normalverkauf
S1000084.58722,SP1000084.36.58722,SY1000084.2026.58722,iPad1(1000084),84,06.06.26 12:20,Prod,A1000084.6506,Tisch 19,112,S1000084.58722,SALE,2,5.9,11.8,0.0,0.0,0.0,0.0,125,Zitronen-Limonade,Getränke,,MwSt. 19%,1.19,9.915966,1.884034,Normalverkauf
S1000084.58723,SP1000084.36.58723,SY1000084.2026.58723,iPad1(1000084),84,06.06.26 12:20,Prod,A1000084.6506,Tisch 19,112,S1000084.58723,SALE,1,5.5,5.5,0.0,0.0,0.0,0.0,114,Fisch Nuggets Box,Beilagen,,MwSt. 7%,1.07,5.140187,0.359813,Normalverkauf
S1000084.58724,SP1000084.36.58724,SY1000084.2026.58724,iPad1(1000084),84,06.06.26 12:20,Prod,A1000084.6506,Tisch 19,112,S1000084.58724,SALE,1,2.8,2.8,0.0,0.0,0.0,0.0,121,Mineralwasser,Getränke,,MwSt. 19%,1.19,2.352941,0.447059,Normalverkauf
S1000084.58725,SP1000084.36.58725,SY1000084.2026.58725,iPad1(1000084),84,06.06.26 12:16,Prod,A1000084.6507,Tisch 1,112,S1000084.58725,SALE,1,5.5,5.5,0.0,0.0,0.0,0.0,111,Pommes Frites,Beilagen,,MwSt. 7%,1.07,5.140187,0.359813,Normalverkauf
S1000084.58726,SP1000084.36.58726,SY1000084.2026.58726,iPad1(1000084),84,06.06.26 14:30,Prod,A1000084.6508,Tisch 7,112,S1000084.58726,SALE,1,5.5,5.5,0.0,0.0,0.0,0.0,111,Pommes Frites,Beilagen,,MwSt. 7%,1.07,5.140187,0.359813,Normalverkauf
S1000084.58727,SP1000084.36.58727,SY1000084.2026.58727,iPad1(1000084),84,06.06.26 14:30,Prod,A1000084.6508,Tisch 7,112,S1000084.58727,SALE,2,11.5,23.0,0.0,0.0,0.0,0.0,105,Garnelen-Kimchi-Bruger,Hauptgerichte,,MwSt. 7%,1.07,21.495327,1.504673,Normalverkauf
S1000084.58728,SP1000084.36.58728,SY1000084.2026.58728,iPad1(1000084),84,06.06.26 14:30,Prod,A1000084.6508,Tisch 7,112,S1000084.58728,SALE,2,11.9,23.8,0.0,0.0,0.0,0.0,110,Matjes-Baguette,Hauptgerichte,,MwSt. 7%,1.07,22.242991,1.557009,Normalverkauf
S1000084.58729,SP1000084.36.58729,SY1000084.2026.58729,iPad1(1000084),84,06.06.26 17:41,Prod,A1000084.6509,Tisch 12,104,S1000084.58729,SALE,1,10.9,10.9,0.0,0.0,0.0,0.0,107,Chicken Burger,Hauptgerichte,,MwSt. 7%,1.07,10.186916,0.713084,Normalverkauf
S1000084.58730,SP1000084.36.58730,SY1000084.2026.58730,iPad1(1000084),84,06.06.26 17:10,Prod,A1000084.6510,Tisch 8,112,S1000084.58730,SALE,1,5.9,5.9,0.0,0.0,0.0,0.0,116,Vanillequark,Desserts,,MwSt. 7%,1.07,5.514019,0.385981,Normalverkauf
S1000084.58731,SP1000084.36.58731,SY1000084.2026.58731,iPad1(1000084),84,06.06.26 17:41,Prod,A1000084.6511,Tisch 13,108,S1000084.58731,SALE,1,4.2,4.2,0.0,0.0,0.0,0.0,122,Bier,Getränke,,MwSt. 19%,1.19,3.529412,0.670588,Normalverkauf
S1000084.58732,SP1000084.36.58732,SY1000084.2026.58732,iPad1(1000084),84,06.06.26 12:29,Prod,A1000084.6512,Tisch 14,104,S1000084.58732,SALE,2,3.9,7.8,0.0,0.0,0.0,0.0,119,Cola,Getränke,,MwSt. 19%,1.19,6.554622,1.245378,Normalverkauf
S1000084.58733,SP1000084.36.58733,SY1000084.2026.58733,iPad1(1000084),84,06.06.26 12:29,Prod,A1000084.6512,Tisch 14,104,S1000084.58733,SALE,1,6.5,6.5,0.0,0.0,0.0,0.0,118,Schokokuchen,Desserts,,MwSt. 7%,1.07,6.074766,0.425234,Normalverkauf
S1000084.58734,SP1000084.36.58734,SY1000084.2026.58734,iPad1(1000084),84,06.06.26 12:29,Prod,A1000084.6512,Tisch 14,104,S1000084.58734,SALE,2,14.5,29.0,0.0,0.0,0.0,0.0,101,Lachs,Hauptspeisen,,MwSt. 7%,1.07,27.102804,1.897196,Normalverkauf
S1000084.58735,SP1000084.36.58735,SY1000084.2026.58735,iPad1(1000084),84,06.06.26 12:15,Prod,A1000084.6513,Tisch 22,102,S1000084.58735,SALE,2,3.9,7.8,0.0,0.0,0.0,0.0,124,Cola Zero,Getränke,,MwSt. 19%,1.19,6.554622,1.245378,Normalverkauf
S1000084.58736,SP1000084.36.58736,SY1000084.2026.58736,iPad1(1000084),84,06.06.26 12:15,Prod,A1000084.6513,Tisch 22,102,S1000084.58736,SALE,1,6.5,6.5,0.0,0.0,0.0,0.0,100,Fischbrötchen Backfisch,Hauptspeisen,,MwSt. 7%,1.07,6.074766,0.425234,Normalverkauf
S1000084.58737,SP1000084.36.58737,SY1000084.2026.58737,iPad1(1000084),84,06.06.26 17:22,Prod,A1000084.6514,Tisch 22,108,S1000084.58737,SALE,2,5.5,11.0,0.0,0.0,0.0,0.0,114,Fisch Nuggets Box,Beilagen,,MwSt. 7%,1.07,10.280374,0.719626,Normalverkauf
S1000084.58738,SP1000084.36.58738,SY1000084.2026.58738,iPad1(1000084),84,06.06.26 17:22,Prod,A1000084.6514,Tisch 22,108,S1000084.58738,SALE,1,6.9,6.9,0.0,0.0,0.0,0.0,103,Fischbrötchen Räucherlachs,Hauptspeisen,,MwSt. 7%,1.07,6.448598,0.451402,Normalverkauf
S1000084.58739,SP1000084.36.58739,SY1000084.2026.58739,iPad1(1000084),84,06.06.26 17:22,Prod,A1000084.6514,Tisch 22,108,S1000084.58739,SALE,2,6.5,13.0,0.0,0.0,0.0,0.0,100,Fischbrötchen Backfisch,Hauptspeisen,,MwSt. 7%,1.07,12.149533,0.850467,Normalverkauf
S1000084.58740,SP1000084.36.58740,SY1000084.2026.58740,iPad1(1000084),84,06.06.26 13:19,Prod,A1000084.6515,Tisch 16,104,S1000084.58740,SALE,1,3.2,3.2,0.0,0.0,0.0,0.0,120,Apfelschorle,Getränke,,MwSt. 19%,1.19,2.689076,0.510924,Normalverkauf
S1000084.58741,SP1000084.36.58741,SY1000084.2026.58741,iPad1(1000084),84,06.06.26 13:19,Prod,A1000084.6515,Tisch 16,104,S1000084.58741,SALE,1,3.9,3.9,0.0,0.0,0.0,0.0,127,Alkoholfreies Bier,Getränke,,MwSt. 19%,1.19,3.277311,0.622689,Normalverkauf
S1000084.58742,SP1000084.36.58742,SY1000084.2026.58742,iPad1(1000084),84,06.06.26 13:19,Prod,A1000084.6515,Tisch 16,104,S1000084.58742,SALE,1,5.5,5.5,0.0,0.0,0.0,0.0,111,Pommes Frites,Beilagen,,MwSt. 7%,1.07,5.140187,0.359813,Normalverkauf
S1000084.58743,SP1000084.36.58743,SY1000084.2026.58743,iPad1(1000084),84,06.06.26 19:38,Prod,A1000084.6516,Tisch 5,104,S1000084.58743,SALE,2,3.9,7.8,0.0,0.0,0.0,0.0,126,Spezi,Getränke,,MwSt. 19%,1.19,6.554622,1.245378,Normalverkauf
S1000084.58744,SP1000084.36.58744,SY1000084.2026.58744,iPad1(1000084),84,06.06.26 19:38,Prod,A1000084.6516,Tisch 5,104,S1000084.58744,SALE,1,4.9,4.9,0.0,0.0,0.0,0.0,112,Kartoffelwedges,Beilagen,,MwSt. 7%,1.07,4.579439,0.320561,Normalverkauf
S1000084.58745,SP1000084.36.58745,SY1000084.2026.58745,iPad1(1000084),84,06.06.26 17:21,Prod,A1000084.6517,Tisch 2,104,S1000084.58745,SALE,2,10.9,21.8,0.0,0.0,0.0,0.0,109,Bismarck-Baguette,Hauptgerichte,,MwSt. 7%,1.07,20.373832,1.426168,Normalverkauf
S1000084.58746,SP1000084.36.58746,SY1000084.2026.58746,iPad1(1000084),84,06.06.26 17:21,Prod,A1000084.6517,Tisch 2,104,S1000084.58746,SALE,2,3.9,7.8,0.0,0.0,0.0,0.0,126,Spezi,Getränke,,MwSt. 19%,1.19,6.554622,1.245378,Normalverkauf
S1000084.58747,SP1000084.36.58747,SY1000084.2026.58747,iPad1(1000084),84,06.06.26 12:41,Prod,A1000084.6518,Tisch 13,104,S1000084.58747,SALE,2,10.9,21.8,0.0,0.0,0.0,0.0,104,Thunfisch Wrap,Hauptgerichte,,MwSt. 7%,1.07,20.373832,1.426168,Normalverkauf
S1000084.58748,SP1000084.36.58748,SY1000084.2026.58748,iPad1(1000084),84,06.06.26 12:41,Prod,A1000084.6518,Tisch 13,104,S1000084.58748,SALE,2,5.9,11.8,0.0,0.0,0.0,0.0,125,Zitronen-Limonade,Getränke,,MwSt. 19%,1.19,9.915966,1.884034,Normalverkauf
S1000084.58749,SP1000084.36.58749,SY1000084.2026.58749,iPad1(1000084),84,06.06.26 12:41,Prod,A1000084.6518,Tisch 13,104,S1000084.58749,SALE,1,4.2,4.2,0.0,0.0,0.0,0.0,122,Bier,Getränke,,MwSt. 19%,1.19,3.529412,0.670588,Normalverkauf
S1000084.58750,SP1000084.36.58750,SY1000084.2026.58750,iPad1(1000084),84,06.06.26 11:58,Prod,A1000084.6519,Tisch 6,108,S1000084.58750,SALE,1,4.9,4.9,0.0,0.0,0.0,0.0,112,Kartoffelwedges,Beilagen,,MwSt. 7%,1.07,4.579439,0.320561,Normalverkauf
S1000084.58751,SP1000084.36.58751,SY1000084.2026.58751,iPad1(1000084),84,06.06.26 11:58,Prod,A1000084.6519,Tisch 6,108,S1000084.58751,SALE,2,11.9,23.8,0.0,0.0,0.0,0.0,110,Matjes-Baguette,Hauptgerichte,,MwSt. 7%,1.07,22.242991,1.557009,Normalverkauf
S1000084.58752,SP1000084.36.58752,SY1000084.2026.58752,iPad1(1000084),84,06.06.26 11:58,Prod,A1000084.6519,Tisch 6,108,S1000084.58752,SALE,2,3.9,7.8,0.0,0.0,0.0,0.0,119,Cola,Getränke,,MwSt. 19%,1.19,6.554622,1.245378,Normalverkauf
S1000084.58753,SP1000084.36.58753,SY1000084.2026.58753,iPad1(1000084),84,06.06.26 15:24,Prod,A1000084.6520,Tisch 11,104,S1000084.58753,SALE,1,3.9,3.9,0.0,0.0,0.0,0.0,127,Alkoholfreies Bier,Getränke,,MwSt. 19%,1.19,3.277311,0.622689,Normalverkauf
S1000084.58754,SP1000084.36.58754,SY1000084.2026.58754,iPad1(1000084),84,06.06.26 14:24,Prod,A1000084.6521,Tisch 22,104,S1000084.58754,SALE,2,13.5,27.0,0.0,0.0,0.0,0.0,102,Matjes,Hauptspeisen,,MwSt. 7%,1.07,25.233645,1.766355,Normalverkauf
S1000084.58755,SP1000084.36.58755,SY1000084.2026.58755,iPad1(1000084),84,06.06.26 14:24,Prod,A1000084.6521,Tisch 22,104,S1000084.58755,SALE,2,5.5,11.0,0.0,0.0,0.0,0.0,111,Pommes Frites,Beilagen,,MwSt. 7%,1.07,10.280374,0.719626,Normalverkauf
S1000084.58756,SP1000084.36.58756,SY1000084.2026.58756,iPad1(1000084),84,06.06.26 14:24,Prod,A1000084.6521,Tisch 22,104,S1000084.58756,SALE,1,14.5,14.5,0.0,0.0,0.0,0.0,101,Lachs,Hauptspeisen,,MwSt. 7%,1.07,13.551402,0.948598,Normalverkauf
S1000084.58757,SP1000084.36.58757,SY1000084.2026.58757,iPad1(1000084),84,06.06.26 11:52,Prod,A1000084.6522,,108,S1000084.58757,SALE,1,14.5,14.5,0.0,0.0,0.0,0.0,101,Lachs,Hauptspeisen,,MwSt. 7%,1.07,13.551402,0.948598,Normalverkauf
S1000084.58758,SP1000084.36.58758,SY1000084.2026.58758,iPad1(1000084),84,06.06.26 11:22,Prod,A1000084.6523,Tisch 7,104,S1000084.58758,SALE,1,10.9,10.9,0.0,0.0,0.0,0.0,104,Thunfisch Wrap,Hauptgerichte,,MwSt. 7%,1.07,10.186916,0.713084,Normalverkauf
S1000084.58759,SP1000084.36.58759,SY1000084.2026.58759,iPad1(1000084),84,06.06.26 11:22,Prod,A1000084.6523,Tisch 7,104,S1000084.58759,SALE,1,9.8,9.8,0.0,0.0,0.0,0.0,108,Seelachs-Ei-Baugette,Hauptgerichte,,MwSt. 7%,1.07,9.158879,0.641121,Normalverkauf
S1000084.58760,SP1000084.36.58760,SY1000084.2026.58760,iPad1(1000084),84,06.06.26 18:29,Prod,A1000084.6524,Tisch 13,107,S1000084.58760,SALE,1,7.9,7.9,0.0,0.0,0.0,0.0,115,Tiramisu,Desserts,,MwSt. 7%,1.07,7.383178,0.516822,Normalverkauf
S1000084.58761,SP1000084.36.58761,SY1000084.2026.58761,iPad1(1000084),84,06.06.26 11:58,Prod,A1000084.6525,Tisch 11,104,S1000084.58761,SALE,2,3.9,7.8,0.0,0.0,0.0,0.0,127,Alkoholfreies Bier,Getränke,,MwSt. 19%,1.19,6.554622,1.245378,Normalverkauf
S1000084.58762,SP1000084.36.58762,SY1000084.2026.58762,iPad1(1000084),84,06.06.26 16:00,Prod,A1000084.6526,Tisch 15,104,S1000084.58762,VOID,2,3.9,7.8,0.0,0.0,0.0,0.0,127,Alkoholfreies Bier,Getränke,,MwSt. 19%,1.19,6.554622,1.245378,Normalverkauf
S1000084.58763,SP1000084.36.58763,SY1000084.2026.58763,iPad1(1000084),84,06.06.26 16:00,Prod,A1000084.6526,Tisch 15,104,S1000084.58763,VOID,2,14.5,29.0,0.0,0.0,0.0,0.0,101,Lachs,Hauptspeisen,,MwSt. 7%,1.07,27.102804,1.897196,Normalverkauf
S1000084.58764,SP1000084.36.58764,SY1000084.2026.58764,iPad1(1000084),84,06.06.26 16:00,Prod,A1000084.6526,Tisch 15,104,S1000084.58764,VOID,1,3.2,3.2,0.0,0.0,0.0,0.0,120,Apfelschorle,Getränke,,MwSt. 19%,1.19,2.689076,0.510924,Normalverkauf
S1000084.58765,SP1000084.36.58765,SY1000084.2026.58765,iPad1(1000084),84,06.06.26 19:34,Prod,A1000084.6527,Tisch 8,102,S1000084.58765,SALE,1,3.2,3.2,0.0,0.0,0.0,0.0,120,Apfelschorle,Getränke,,MwSt. 19%,1.19,2.689076,0.510924,Normalverkauf
S1000084.58766,SP1000084.36.58766,SY1000084.2026.58766,iPad1(1000084),84,06.06.26 14:30,Prod,A1000084.6528,Tisch 22,112,S1000084.58766,SALE,1,6.9,6.9,0.0,0.0,0.0,0.0,103,Fischbrötchen Räucherlachs,Hauptspeisen,,MwSt. 7%,1.07,6.448598,0.451402,Normalverkauf
S1000084.58767,SP1000084.36.58767,SY1000084.2026.58767,iPad1(1000084),84,06.06.26 14:30,Prod,A1000084.6528,Tisch 22,112,S1000084.58767,SALE,1,3.9,3.9,0.0,0.0,0.0,0.0,127,Alkoholfreies Bier,Getränke,,MwSt. 19%,1.19,3.277311,0.622689,Normalverkauf
S1000084.58768,SP1000084.36.58768,SY1000084.2026.58768,iPad1(1000084),84,06.06.26 10:15,Prod,A1000084.6529,Tisch 21,112,S1000084.58768,SALE,1,3.2,3.2,0.0,0.0,0.0,0.0,120,Apfelschorle,Getränke,,MwSt. 19%,1.19,2.689076,0.510924,Normalverkauf
S1000084.58769,SP1000084.36.58769,SY1000084.2026.58769,iPad1(1000084),84,06.06.26 10:15,Prod,A1000084.6529,Tisch 21,112,S1000084.58769,SALE,1,3.9,3.9,0.0,0.0,0.0,0.0,124,Cola Zero,Getränke,,MwSt. 19%,1.19,3.277311,0.622689,Normalverkauf
S1000084.58770,SP1000084.36.58770,SY1000084.2026.58770,iPad1(1000084),84,06.06.26 18:47,Prod,A1000084.6530,Tisch 15,102,S1000084.58770,SALE,1,6.5,6.5,0.0,0.0,0.0,0.0,100,Fischbrötchen Backfisch,Hauptspeisen,,MwSt. 7%,1.07,6.074766,0.425234,Normalverkauf
S1000084.58771,SP1000084.36.58771,SY1000084.2026.58771,iPad1(1000084),84,06.06.26 18:47,Prod,A1000084.6530,Tisch 15,102,S1000084.58771,SALE,1,4.2,4.2,0.0,0.0,0.0,0.0,122,Bier,Getränke,,MwSt. 19%,1.19,3.529412,0.670588,Normalverkauf
S1000084.58772,SP1000084.36.58772,SY1000084.2026.58772,iPad1(1000084),84,06.06.26 15:55,Prod,A1000084.6531,Tisch 12,104,S1000084.58772,SALE,1,3.9,3.9,0.0,0.0,0.0,0.0,119,Cola,Getränke,,MwSt. 19%,1.19,3.277311,0.622689,Normalverkauf
S1000084.58773,SP1000084.36.58773,SY1000084.2026.58773,iPad1(1000084),84,06.06.26 15:55,Prod,A1000084.6531,Tisch 12,104,S1000084.58773,SALE,2,3.9,7.8,0.0,0.0,0.0,0.0,119,Cola,Getränke,,MwSt. 19%,1.19,6.554622,1.245378,Normalverkauf
S1000084.58774,SP1000084.36.58774,SY1000084.2026.58774,iPad1(1000084),84,06.06.26 15:55,Prod,A1000084.6531,Tisch 12,104,S1000084.58774,SALE,2,9.8,19.6,0.0,0.0,0.0,0.0,108,Seelachs-Ei-Baugette,Hauptgerichte,,MwSt. 7%,1.07,18.317757,1.282243,Normalverkauf
S1000084.58775,SP1000084.36.58775,SY1000084.2026.58775,iPad1(1000084),84,06.06.26 11:38,Prod,A1000084.6532,Tisch 20,108,S1000084.58775,SALE,2,5.9,11.8,0.0,0.0,0.0,0.0,116,Vanillequark,Desserts,,MwSt. 7%,1.07,11.028037,0.771963,Normalverkauf
S1000084.58776,SP1000084.36.58776,SY1000084.2026.58776,iPad1(1000084),84,06.06.26 11:38,Prod,A1000084.6532,Tisch 20,108,S1000084.58776,SALE,2,5.5,11.0,0.0,0.0,0.0,0.0,111,Pommes Frites,Beilagen,,MwSt. 7%,1.07,10.280374,0.719626,Normalverkauf
S1000084.58777,SP1000084.36.58777,SY1000084.2026.58777,iPad1(1000084),84,06.06.26 20:36,Prod,A1000084.6533,Tisch 14,112,S1000084.58777,SALE,1,13.5,13.5,0.0,0.0,0.0,0.0,102,Matjes,Hauptspeisen,,MwSt. 7%,1.07,12.616822,0.883178,Normalverkauf
S1000084.58778,SP1000084.36.58778,SY1000084.2026.58778,iPad1(1000084),84,06.06.26 11:13,Prod,A1000084.6534,Tisch 19,112,S1000084.58778,SALE,1,5.5,5.5,0.0,0.0,0.0,0.0,111,Pommes Frites,Beilagen,,MwSt. 7%,1.07,5.140187,0.359813,Normalverkauf
S1000084.58779,SP1000084.36.58779,SY1000084.2026.58779,iPad1(1000084),84,06.06.26 18:56,Prod,A1000084.6535,Tisch 8,112,S1000084.58779,VOID,1,10.9,10.9,0.0,0.0,0.0,0.0,109,Bismarck-Baguette,Hauptgerichte,,MwSt. 7%,1.07,10.186916,0.713084,Normalverkauf
S1000084.58780,SP1000084.36.58780,SY1000084.2026.58780,iPad1(1000084),84,06.06.26 18:56,Prod,A1000084.6535,Tisch 8,112,S1000084.58780,VOID,2,3.9,7.8,0.0,0.0,0.0,0.0,126,Spezi,Getränke,,MwSt. 19%,1.19,6.554622,1.245378,Normalverkauf
S1000084.58781,SP1000084.36.58781,SY1000084.2026.58781,iPad1(1000084),84,06.06.26 18:30,Prod,A1000084.6536,Tisch 2,104,S1000084.58781,SALE,2,3.9,7.8,0.0,0.0,0.0,0.0,127,Alkoholfreies Bier,Getränke,,MwSt. 19%,1.19,6.554622,1.245378,Normalverkauf
S1000084.58782,SP1000084.36.58782,SY1000084.2026.58782,iPad1(1000084),84,06.06.26 18:30,Prod,A1000084.6536,Tisch 2,104,S1000084.58782,SALE,2,5.5,11.0,0.0,0.0,0.0,0.0,114,Fisch Nuggets Box,Beilagen,,MwSt. 7%,1.07,10.280374,0.719626,Normalverkauf
S1000084.58783,SP1000084.36.58783,SY1000084.2026.58783,iPad1(1000084),84,06.06.26 14:27,Prod,A1000084.6537,Tisch 24,112,S1000084.58783,SALE,1,6.5,6.5,0.0,0.0,0.0,0.0,118,Schokokuchen,Desserts,,MwSt. 7%,1.07,6.074766,0.425234,Normalverkauf
S1000084.58784,SP1000084.36.58784,SY1000084.2026.58784,iPad1(1000084),84,06.06.26 14:27,Prod,A1000084.6537,Tisch 24,112,S1000084.58784,SALE,1,3.9,3.9,0.0,0.0,0.0,0.0,119,Cola,Getränke,,MwSt. 19%,1.19,3.277311,0.622689,Normalverkauf
S1000084.58785,SP1000084.36.58785,SY1000084.2026.58785,iPad1(1000084),84,06.06.26 20:15,Prod,A1000084.6538,,102,S1000084.58785,SALE,2,4.2,8.4,0.0,0.0,0.0,0.0,122,Bier,Getränke,,MwSt. 19%,1.19,7.058824,1.341176,Normalverkauf
S1000084.58786,SP1000084.36.58786,SY1000084.2026.58786,iPad1(1000084),84,06.06.26 16:47,Prod,A1000084.6539,,107,S1000084.58786,SALE,2,10.9,21.8,0.0,0.0,0.0,0.0,104,Thunfisch Wrap,Hauptgerichte,,MwSt. 7%,1.07,20.373832,1.426168,Normalverkauf
S1000084.58787,SP1000084.36.58787,SY1000084.2026.58787,iPad1(1000084),84,06.06.26 16:47,Prod,A1000084.6539,,107,S1000084.58787,SALE,1,4.2,4.2,0.0,0.0,0.0,0.0,122,Bier,Getränke,,MwSt. 19%,1.19,3.529412,0.670588,Normalverkauf
S1000084.58788,SP1000084.36.58788,SY1000084.2026.58788,iPad1(1000084),84,06.06.26 09:54,Prod,A1000084.6540,Tisch 13,108,S1000084.58788,SALE,1,2.8,2.8,0.0,0.0,0.0,0.0,121,Mineralwasser,Getränke,,MwSt. 19%,1.19,2.352941,0.447059,Normalverkauf
S1000084.58789,SP1000084.36.58789,SY1000084.2026.58789,iPad1(1000084),84,06.06.26 09:54,Prod,A1000084.6540,Tisch 13,108,S1000084.58789,SALE,2,6.9,13.8,0.0,0.0,0.0,0.0,113,Garnelen Box,Beilagen,,MwSt. 7%,1.07,12.897196,0.902804,Normalverkauf
S1000084.58790,SP1000084.36.58790,SY1000084.2026.58790,iPad1(1000084),84,06.06.26 09:54,Prod,A1000084.6540,Tisch 13,108,S1000084.58790,SALE,1,4.2,4.2,0.0,0.0,0.0,0.0,122,Bier,Getränke,,MwSt. 19%,1.19,3.529412,0.670588,Normalverkauf
S1000084.58791,SP1000084.36.58791,SY1000084.2026.58791,iPad1(1000084),84,06.06.26 13:07,Prod,A1000084.6541,Tisch 20,104,S1000084.58791,SALE,1,3.9,3.9,0.0,0.0,0.0,0.0,127,Alkoholfreies Bier,Getränke,,MwSt. 19%,1.19,3.277311,0.622689,Normalverkauf
S1000084.58792,SP1000084.36.58792,SY1000084.2026.58792,iPad1(1000084),84,06.06.26 13:07,Prod,A1000084.6541,Tisch 20,104,S1000084.58792,SALE,2,5.9,11.8,0.0,0.0,0.0,0.0,123,Inger-Limonade,Getränke,,MwSt. 19%,1.19,9.915966,1.884034,Normalverkauf
S1000084.58793,SP1000084.36.58793,SY1000084.2026.58793,iPad1(1000084),84,06.06.26 13:07,Prod,A1000084.6541,Tisch 20,104,S1000084.58793,SALE,1,7.9,7.9,0.0,0.0,0.0,0.0,115,Tiramisu,Desserts,,MwSt. 7%,1.07,7.383178,0.516822,Normalverkauf
S1000084.58794,SP1000084.36.58794,SY1000084.2026.58794,iPad1(1000084),84,06.06.26 19:44,Prod,A1000084.6542,Tisch 16,107,S1000084.58794,SALE,1,10.9,10.9,0.0,0.0,0.0,0.0,107,Chicken Burger,Hauptgerichte,,MwSt. 7%,1.07,10.186916,0.713084,Normalverkauf
S1000084.58795,SP1000084.36.58795,SY1000084.2026.58795,iPad1(1000084),84,06.06.26 19:56,Prod,A1000084.6543,Tisch 13,104,S1000084.58795,SALE,2,5.5,11.0,0.0,0.0,0.0,0.0,114,Fisch Nuggets Box,Beilagen,,MwSt. 7%,1.07,10.280374,0.719626,Normalverkauf
S1000084.58796,SP1000084.36.58796,SY1000084.2026.58796,iPad1(1000084),84,06.06.26 19:56,Prod,A1000084.6543,Tisch 13,104,S1000084.58796,SALE,1,3.2,3.2,0.0,0.0,0.0,0.0,120,Apfelschorle,Getränke,,MwSt. 19%,1.19,2.689076,0.510924,Normalverkauf
S1000084.58797,SP1000084.36.58797,SY1000084.2026.58797,iPad1(1000084),84,06.06.26 19:56,Prod,A1000084.6543,Tisch 13,104,S1000084.58797,SALE,1,11.5,11.5,0.0,0.0,0.0,0.0,105,Garnelen-Kimchi-Bruger,Hauptgerichte,,MwSt. 7%,1.07,10.747664,0.752336,Normalverkauf
S1000084.58798,SP1000084.36.58798,SY1000084.2026.58798,iPad1(1000084),84,06.06.26 12:28,Prod,A1000084.6544,,102,S1000084.58798,SALE,2,4.2,8.4,0.0,0.0,0.0,0.0,122,Bier,Getränke,,MwSt. 19%,1.19,7.058824,1.341176,Normalverkauf
S1000084.58799,SP1000084.36.58799,SY1000084.2026.58799,iPad1(1000084),84,06.06.26 12:28,Prod,A1000084.6544,,102,S1000084.58799,SALE,1,10.9,10.9,0.0,0.0,0.0,0.0,107,Chicken Burger,Hauptgerichte,,MwSt. 7%,1.07,10.186916,0.713084,Normalverkauf
S1000084.58800,SP1000084.36.58800,SY1000084.2026.58800,iPad1(1000084),84,06.06.26 12:28,Prod,A1000084.6544,,102,S1000084.58800,SALE,1,13.5,13.5,0.0,0.0,0.0,0.0,102,Matjes,Hauptspeisen,,MwSt. 7%,1.07,12.616822,0.883178,Normalverkauf
S1000084.58801,SP1000084.36.58801,SY1000084.2026.58801,iPad1(1000084),84,06.06.26 09:02,Prod,A1000084.6545,,112,S1000084.58801,SALE,2,14.5,29.0,0.0,0.0,0.0,0.0,101,Lachs,Hauptspeisen,,MwSt. 7%,1.07,27.102804,1.897196,Normalverkauf
S1000084.58802,SP1000084.36.58802,SY1000084.2026.58802,iPad1(1000084),84,06.06.26 09:02,Prod,A1000084.6545,,112,S1000084.58802,SALE,2,6.5,13.0,0.0,0.0,0.0,0.0,100,Fischbrötchen Backfisch,Hauptspeisen,,MwSt. 7%,1.07,12.149533,0.850467,Normalverkauf
S1000084.58803,SP1000084.36.58803,SY1000084.2026.58803,iPad1(1000084),84,06.06.26 09:02,Prod,A1000084.6545,,112,S1000084.58803,SALE,1,3.9,3.9,0.0,0.0,0.0,0.0,119,Cola,Getränke,,MwSt. 19%,1.19,3.277311,0.622689,Normalverkauf
S1000084.58804,SP1000084.36.58804,SY1000084.2026.58804,iPad1(1000084),84,06.06.26 18:19,Prod,A1000084.6546,,107,S1000084.58804,SALE,2,4.2,8.4,0.0,0.0,0.0,0.0,122,Bier,Getränke,,MwSt. 19%,1.19,7.058824,1.341176,Normalverkauf
S1000084.58805,SP1000084.36.58805,SY1000084.2026.58805,iPad1(1000084),84,06.06.26 18:19,Prod,A1000084.6546,,107,S1000084.58805,SALE,1,5.9,5.9,0.0,0.0,0.0,0.0,116,Vanillequark,Desserts,,MwSt. 7%,1.07,5.514019,0.385981,Normalverkauf
S1000084.58806,SP1000084.36.58806,SY1000084.2026.58806,iPad1(1000084),84,06.06.26 18:19,Prod,A1000084.6546,,107,S1000084.58806,SALE,2,10.9,21.8,0.0,0.0,0.0,0.0,104,Thunfisch Wrap,Hauptgerichte,,MwSt. 7%,1.07,20.373832,1.426168,Normalverkauf
S1000084.58807,SP1000084.36.58807,SY1000084.2026.58807,iPad1(1000084),84,06.06.26 17:14,Prod,A1000084.6547,Tisch 19,107,S1000084.58807,SALE,2,2.8,5.6,0.0,0.0,0.0,0.0,121,Mineralwasser,Getränke,,MwSt. 19%,1.19,4.705882,0.894118,Normalverkauf
S1000084.58808,SP1000084.36.58808,SY1000084.2026.58808,iPad1(1000084),84,06.06.26 18:58,Prod,A1000084.6548,Tisch 12,102,S1000084.58808,SALE,2,5.9,11.8,0.0,0.0,0.0,0.0,117,Rote Grütze,Desserts,,MwSt. 7%,1.07,11.028037,0.771963,Normalverkauf
S1000084.58809,SP1000084.36.58809,SY1000084.2026.58809,iPad1(1000084),84,06.06.26 18:58,Prod,A1000084.6548,Tisch 12,102,S1000084.58809,SALE,1,6.9,6.9,0.0,0.0,0.0,0.0,103,Fischbrötchen Räucherlachs,Hauptspeisen,,MwSt. 7%,1.07,6.448598,0.451402,Normalverkauf
S1000084.58810,SP1000084.36.58810,SY1000084.2026.58810,iPad1(1000084),84,06.06.26 17:26,Prod,A1000084.6549,Tisch 20,108,S1000084.58810,SALE,2,10.9,21.8,0.0,0.0,0.0,0.0,107,Chicken Burger,Hauptgerichte,,MwSt. 7%,1.07,20.373832,1.426168,Normalverkauf
S1000084.58811,SP1000084.36.58811,SY1000084.2026.58811,iPad1(1000084),84,06.06.26 12:05,Prod,A1000084.6550,,104,S1000084.58811,SALE,1,10.9,10.9,0.0,0.0,0.0,0.0,107,Chicken Burger,Hauptgerichte,,MwSt. 7%,1.07,10.186916,0.713084,Normalverkauf
S1000084.58812,SP1000084.36.58812,SY1000084.2026.58812,iPad1(1000084),84,06.06.26 12:05,Prod,A1000084.6550,,104,S1000084.58812,SALE,1,5.9,5.9,0.0,0.0,0.0,0.0,125,Zitronen-Limonade,Getränke,,MwSt. 19%,1.19,4.957983,0.942017,Normalverkauf
S1000084.58813,SP1000084.36.58813,SY1000084.2026.58813,iPad1(1000084),84,06.06.26 18:40,Prod,A1000084.6551,,107,S1000084.58813,SALE,2,6.5,13.0,0.0,0.0,0.0,0.0,118,Schokokuchen,Desserts,,MwSt. 7%,1.07,12.149533,0.850467,Normalverkauf
S1000084.58814,SP1000084.36.58814,SY1000084.2026.58814,iPad1(1000084),84,06.06.26 12:43,Prod,A1000084.6552,Tisch 2,104,S1000084.58814,SALE,2,2.8,5.6,0.0,0.0,0.0,0.0,121,Mineralwasser,Getränke,,MwSt. 19%,1.19,4.705882,0.894118,Normalverkauf
S1000084.58815,SP1000084.36.58815,SY1000084.2026.58815,iPad1(1000084),84,06.06.26 12:43,Prod,A1000084.6552,Tisch 2,104,S1000084.58815,SALE,2,6.5,13.0,0.0,0.0,0.0,0.0,100,Fischbrötchen Backfisch,Hauptspeisen,,MwSt. 7%,1.07,12.149533,0.850467,Normalverkauf
S1000084.58816,SP1000084.36.58816,SY1000084.2026.58816,iPad1(1000084),84,06.06.26 12:43,Prod,A1000084.6552,Tisch 2,104,S1000084.58816,SALE,1,10.9,10.9,0.0,0.0,0.0,0.0,104,Thunfisch Wrap,Hauptgerichte,,MwSt. 7%,1.07,10.186916,0.713084,Normalverkauf
S1000084.58817,SP1000084.36.58817,SY1000084.2026.58817,iPad1(1000084),84,06.06.26 17:02,Prod,A1000084.6553,Tisch 14,104,S1000084.58817,SALE,1,14.5,14.5,0.0,0.0,0.0,0.0,101,Lachs,Hauptspeisen,,MwSt. 7%,1.07,13.551402,0.948598,Normalverkauf
S1000084.58818,SP1000084.36.58818,SY1000084.2026.58818,iPad1(1000084),84,06.06.26 17:02,Prod,A1000084.6553,Tisch 14,104,S1000084.58818,SALE,2,5.9,11.8,0.0,0.0,0.0,0.0,123,Inger-Limonade,Getränke,,MwSt. 19%,1.19,9.915966,1.884034,Normalverkauf
S1000084.58819,SP1000084.36.58819,SY1000084.2026.58819,iPad1(1000084),84,06.06.26 19:29,Prod,A1000084.6554,Tisch 3,102,S1000084.58819,SALE,2,6.5,13.0,0.0,0.0,0.0,0.0,100,Fischbrötchen Backfisch,Hauptspeisen,,MwSt. 7%,1.07,12.149533,0.850467,Normalverkauf
S1000084.58820,SP1000084.36.58820,SY1000084.2026.58820,iPad1(1000084),84,06.06.26 19:29,Prod,A1000084.6554,Tisch 3,102,S1000084.58820,SALE,1,5.9,5.9,0.0,0.0,0.0,0.0,125,Zitronen-Limonade,Getränke,,MwSt. 19%,1.19,4.957983,0.942017,Normalverkauf
S1000084.58821,SP1000084.36.58821,SY1000084.2026.58821,iPad1(1000084),84,06.06.26 19:29,Prod,A1000084.6554,Tisch 3,102,S1000084.58821,SALE,2,3.9,7.8,0.0,0.0,0.0,0.0,126,Spezi,Getränke,,MwSt. 19%,1.19,6.554622,1.245378,Normalverkauf
S1000084.58822,SP1000084.36.58822,SY1000084.2026.58822,iPad1(1000084),84,06.06.26 12:25,Prod,A1000084.6555,Tisch 13,104,S1000084.58822,SALE,2,4.2,8.4,0.0,0.0,0.0,0.0,122,Bier,Getränke,,MwSt. 19%,1.19,7.058824,1.341176,Normalverkauf
S1000084.58823,SP1000084.36.58823,SY1000084.2026.58823,iPad1(1000084),84,06.06.26 12:25,Prod,A1000084.6555,Tisch 13,104,S1000084.58823,SALE,2,4.9,9.8,0.0,0.0,0.0,0.0,112,Kartoffelwedges,Beilagen,,MwSt. 7%,1.07,9.158879,0.641121,Normalverkauf
S1000084.58824,SP1000084.36.58824,SY1000084.2026.58824,iPad1(1000084),84,06.06.26 12:25,Prod,A1000084.6555,Tisch 13,104,S1000084.58824,SALE,1,10.9,10.9,0.0,0.0,0.0,0.0,104,Thunfisch Wrap,Hauptgerichte,,MwSt. 7%,1.07,10.186916,0.713084,Normalverkauf
S1000084.58825,SP1000084.36.58825,SY1000084.2026.58825,iPad1(1000084),84,06.06.26 20:17,Prod,A1000084.6556,Tisch 22,112,S1000084.58825,SALE,1,3.9,3.9,0.0,0.0,0.0,0.0,126,Spezi,Getränke,,MwSt. 19%,1.19,3.277311,0.622689,Normalverkauf
S1000084.58826,SP1000084.36.58826,SY1000084.2026.58826,iPad1(1000084),84,06.06.26 12:29,Prod,A1000084.6557,Tisch 6,104,S1000084.58826,SALE,1,10.9,10.9,0.0,0.0,0.0,0.0,107,Chicken Burger,Hauptgerichte,,MwSt. 7%,1.07,10.186916,0.713084,Normalverkauf
S1000084.58827,SP1000084.36.58827,SY1000084.2026.58827,iPad1(1000084),84,06.06.26 12:29,Prod,A1000084.6557,Tisch 6,104,S1000084.58827,SALE,1,3.9,3.9,0.0,0.0,0.0,0.0,124,Cola Zero,Getränke,,MwSt. 19%,1.19,3.277311,0.622689,Normalverkauf
S1000084.58828,SP1000084.36.58828,SY1000084.2026.58828,iPad1(1000084),84,06.06.26 12:29,Prod,A1000084.6557,Tisch 6,104,S1000084.58828,SALE,2,4.9,9.8,0.0,0.0,0.0,0.0,112,Kartoffelwedges,Beilagen,,MwSt. 7%,1.07,9.158879,0.641121,Normalverkauf
S1000084.58829,SP1000084.36.58829,SY1000084.2026.58829,iPad1(1000084),84,06.06.26 17:50,Prod,A1000084.6558,Tisch 17,108,S1000084.58829,VOID,2,4.2,8.4,0.0,0.0,0.0,0.0,122,Bier,Getränke,,MwSt. 19%,1.19,7.058824,1.341176,Normalverkauf
S1000084.58830,SP1000084.36.58830,SY1000084.2026.58830,iPad1(1000084),84,06.06.26 17:50,Prod,A1000084.6558,Tisch 17,108,S1000084.58830,VOID,1,6.9,6.9,0.0,0.0,0.0,0.0,103,Fischbrötchen Räucherlachs,Hauptspeisen,,MwSt. 7%,1.07,6.448598,0.451402,Normalverkauf
S1000084.58831,SP1000084.36.58831,SY1000084.2026.58831,iPad1(1000084),84,06.06.26 17:50,Prod,A1000084.6558,Tisch 17,108,S1000084.58831,VOID,2,3.9,7.8,0.0,0.0,0.0,0.0,126,Spezi,Getränke,,MwSt. 19%,1.19,6.554622,1.245378,Normalverkauf
S1000084.58832,SP1000084.36.58832,SY1000084.2026.58832,iPad1(1000084),84,06.06.26 20:07,Prod,A1000084.6559,Tisch 22,108,S1000084.58832,SALE,1,13.5,13.5,0.0,0.0,0.0,0.0,102,Matjes,Hauptspeisen,,MwSt. 7%,1.07,12.616822,0.883178,Normalverkauf
S1000084.58833,SP1000084.36.58833,SY1000084.2026.58833,iPad1(1000084),84,06.06.26 20:07,Prod,A1000084.6559,Tisch 22,108,S1000084.58833,SALE,1,3.9,3.9,0.0,0.0,0.0,0.0,119,Cola,Getränke,,MwSt. 19%,1.19,3.277311,0.622689,Normalverkauf
S1000084.58834,SP1000084.36.58834,SY1000084.2026.58834,iPad1(1000084),84,06.06.26 20:07,Prod,A1000084.6559,Tisch 22,108,S1000084.58834,SALE,2,10.9,21.8,0.0,0.0,0.0,0.0,104,Thunfisch Wrap,Hauptgerichte,,MwSt. 7%,1.07,20.373832,1.426168,Normalverkauf
S1000084.58835,SP1000084.36.58835,SY1000084.2026.58835,iPad1(1000084),84,06.06.26 19:49,Prod,A1000084.6560,Tisch 24,112,S1000084.58835,SALE,2,4.2,8.4,0.0,0.0,0.0,0.0,122,Bier,Getränke,,MwSt. 19%,1.19,7.058824,1.341176,Normalverkauf
S1000084.58836,SP1000084.36.58836,SY1000084.2026.58836,iPad1(1000084),84,06.06.26 19:49,Prod,A1000084.6560,Tisch 24,112,S1000084.58836,SALE,2,14.5,29.0,0.0,0.0,0.0,0.0,101,Lachs,Hauptspeisen,,MwSt. 7%,1.07,27.102804,1.897196,Normalverkauf
S1000084.58837,SP1000084.36.58837,SY1000084.2026.58837,iPad1(1000084),84,06.06.26 19:49,Prod,A1000084.6560,Tisch 24,112,S1000084.58837,SALE,1,3.9,3.9,0.0,0.0,0.0,0.0,126,Spezi,Getränke,,MwSt. 19%,1.19,3.277311,0.622689,Normalverkauf
S1000084.58838,SP1000084.36.58838,SY1000084.2026.58838,iPad1(1000084),84,06.06.26 20:01,Prod,A1000084.6561,Tisch 6,112,S1000084.58838,SALE,2,10.9,21.8,0.0,0.0,0.0,0.0,109,Bismarck-Baguette,Hauptgerichte,,MwSt. 7%,1.07,20.373832,1.426168,Normalverkauf
S1000084.58839,SP1000084.36.58839,SY1000084.2026.58839,iPad1(1000084),84,06.06.26 16:31,Prod,A1000084.6562,Tisch 3,107,S1000084.58839,VOID,1,3.2,3.2,0.0,0.0,0.0,0.0,120,Apfelschorle,Getränke,,MwSt. 19%,1.19,2.689076,0.510924,Normalverkauf
S1000084.58840,SP1000084.36.58840,SY1000084.2026.58840,iPad1(1000084),84,06.06.26 16:31,Prod,A1000084.6562,Tisch 3,107,S1000084.58840,VOID,2,9.8,19.6,0.0,0.0,0.0,0.0,108,Seelachs-Ei-Baugette,Hauptgerichte,,MwSt. 7%,1.07,18.317757,1.282243,Normalverkauf
S1000084.58841,SP1000084.36.58841,SY1000084.2026.58841,iPad1(1000084),84,06.06.26 16:31,Prod,A1000084.6562,Tisch 3,107,S1000084.58841,VOID,2,14.5,29.0,0.0,0.0,0.0,0.0,101,Lachs,Hauptspeisen,,MwSt. 7%,1.07,27.102804,1.897196,Normalverkauf
S1000084.58842,SP1000084.36.58842,SY1000084.2026.58842,iPad1(1000084),84,06.06.26 11:51,Prod,A1000084.6563,Tisch 21,104,S1000084.58842,SALE,1,5.9,5.9,0.0,0.0,0.0,0.0,123,Inger-Limonade,Getränke,,MwSt. 19%,1.19,4.957983,0.942017,Normalverkauf
S1000084.58843,SP1000084.36.58843,SY1000084.2026.58843,iPad1(1000084),84,06.06.26 11:51,Prod,A1000084.6563,Tisch 21,104,S1000084.58843,SALE,1,10.9,10.9,0.0,0.0,0.0,0.0,104,Thunfisch Wrap,Hauptgerichte,,MwSt. 7%,1.07,10.186916,0.713084,Normalverkauf
S1000084.58844,SP1000084.36.58844,SY1000084.2026.58844,iPad1(1000084),84,06.06.26 11:51,Prod,A1000084.6563,Tisch 21,104,S1000084.58844,SALE,2,5.9,11.8,0.0,0.0,0.0,0.0,125,Zitronen-Limonade,Getränke,,MwSt. 19%,1.19,9.915966,1.884034,Normalverkauf
S1000084.58845,SP1000084.36.58845,SY1000084.2026.58845,iPad1(1000084),84,06.06.26 18:06,Prod,A1000084.6564,Tisch 2,112,S1000084.58845,SALE,2,5.5,11.0,0.0,0.0,0.0,0.0,111,Pommes Frites,Beilagen,,MwSt. 7%,1.07,10.280374,0.719626,Normalverkauf
S1000084.58846,SP1000084.36.58846,SY1000084.2026.58846,iPad1(1000084),84,06.06.26 18:06,Prod,A1000084.6564,Tisch 2,112,S1000084.58846,SALE,1,10.9,10.9,0.0,0.0,0.0,0.0,107,Chicken Burger,Hauptgerichte,,MwSt. 7%,1.07,10.186916,0.713084,Normalverkauf
S1000084.58847,SP1000084.36.58847,SY1000084.2026.58847,iPad1(1000084),84,06.06.26 20:45,Prod,A1000084.6565,Tisch 22,108,S1000084.58847,SALE,1,4.2,4.2,0.0,0.0,0.0,0.0,122,Bier,Getränke,,MwSt. 19%,1.19,3.529412,0.670588,Normalverkauf
S1000084.58848,SP1000084.36.58848,SY1000084.2026.58848,iPad1(1000084),84,06.06.26 17:29,Prod,A1000084.6566,Tisch 9,112,S1000084.58848,VOID,1,7.9,7.9,0.0,0.0,0.0,0.0,115,Tiramisu,Desserts,,MwSt. 7%,1.07,7.383178,0.516822,Normalverkauf
S1000084.58849,SP1000084.36.58849,SY1000084.2026.58849,iPad1(1000084),84,06.06.26 19:06,Prod,A1000084.6567,Tisch 21,112,S1000084.58849,SALE,1,3.9,3.9,0.0,0.0,0.0,0.0,126,Spezi,Getränke,,MwSt. 19%,1.19,3.277311,0.622689,Normalverkauf
S1000084.58850,SP1000084.36.58850,SY1000084.2026.58850,iPad1(1000084),84,06.06.26 19:06,Prod,A1000084.6567,Tisch 21,112,S1000084.58850,SALE,1,11.9,11.9,0.0,0.0,0.0,0.0,110,Matjes-Baguette,Hauptgerichte,,MwSt. 7%,1.07,11.121495,0.778505,Normalverkauf
S1000084.58851,SP1000084.36.58851,SY1000084.2026.58851,iPad1(1000084),84,06.06.26 19:58,Prod,A1000084.6568,Tisch 4,102,S1000084.58851,VOID,2,3.9,7.8,0.0,0.0,0.0,0.0,126,Spezi,Getränke,,MwSt. 19%,1.19,6.554622,1.245378,Normalverkauf
S1000084.58852,SP1000084.36.58852,SY1000084.2026.58852,iPad1(1000084),84,06.06.26 19:58,Prod,A1000084.6568,Tisch 4,102,S1000084.58852,VOID,2,11.9,23.8,0.0,0.0,0.0,0.0,110,Matjes-Baguette,Hauptgerichte,,MwSt. 7%,1.07,22.242991,1.557009,Normalverkauf
S1000084.58853,SP1000084.36.58853,SY1000084.2026.58853,iPad1(1000084),84,06.06.26 19:58,Prod,A1000084.6568,Tisch 4,102,S1000084.58853,VOID,1,10.9,10.9,0.0,0.0,0.0,0.0,109,Bismarck-Baguette,Hauptgerichte,,MwSt. 7%,1.07,10.186916,0.713084,Normalverkauf
S1000084.58854,SP1000084.36.58854,SY1000084.2026.58854,iPad1(1000084),84,06.06.26 13:19,Prod,A1000084.6569,Tisch 23,102,S1000084.58854,SALE,1,6.5,6.5,0.0,0.0,0.0,0.0,118,Schokokuchen,Desserts,,MwSt. 7%,1.07,6.074766,0.425234,Normalverkauf
S1000084.58855,SP1000084.36.58855,SY1000084.2026.58855,iPad1(1000084),84,06.06.26 11:02,Prod,A1000084.6570,Tisch 20,112,S1000084.58855,SALE,1,3.2,3.2,0.0,0.0,0.0,0.0,120,Apfelschorle,Getränke,,MwSt. 19%,1.19,2.689076,0.510924,Normalverkauf
S1000084.58856,SP1000084.36.58856,SY1000084.2026.58856,iPad1(1000084),84,06.06.26 11:02,Prod,A1000084.6570,Tisch 20,112,S1000084.58856,SALE,2,2.8,5.6,0.0,0.0,0.0,0.0,121,Mineralwasser,Getränke,,MwSt. 19%,1.19,4.705882,0.894118,Normalverkauf
S1000084.58857,SP1000084.36.58857,SY1000084.2026.58857,iPad1(1000084),84,06.06.26 16:55,Prod,A1000084.6571,Tisch 19,108,S1000084.58857,SALE,1,5.5,5.5,0.0,0.0,0.0,0.0,111,Pommes Frites,Beilagen,,MwSt. 7%,1.07,5.140187,0.359813,Normalverkauf
S1000084.58858,SP1000084.36.58858,SY1000084.2026.58858,iPad1(1000084),84,06.06.26 16:55,Prod,A1000084.6571,Tisch 19,108,S1000084.58858,SALE,2,5.9,11.8,0.0,0.0,0.0,0.0,125,Zitronen-Limonade,Getränke,,MwSt. 19%,1.19,9.915966,1.884034,Normalverkauf
S1000084.58859,SP1000084.36.58859,SY1000084.2026.58859,iPad1(1000084),84,06.06.26 16:55,Prod,A1000084.6571,Tisch 19,108,S1000084.58859,SALE,1,5.5,5.5,0.0,0.0,0.0,0.0,111,Pommes Frites,Beilagen,,MwSt. 7%,1.07,5.140187,0.359813,Normalverkauf
S1000084.58860,SP1000084.36.58860,SY1000084.2026.58860,iPad1(1000084),84,06.06.26 15:53,Prod,A1000084.6572,Tisch 1,104,S1000084.58860,SALE,2,3.9,7.8,0.0,0.0,0.0,0.0,119,Cola,Getränke,,MwSt. 19%,1.19,6.554622,1.245378,Normalverkauf
S1000084.58861,SP1000084.36.58861,SY1000084.2026.58861,iPad1(1000084),84,06.06.26 15:53,Prod,A1000084.6572,Tisch 1,104,S1000084.58861,SALE,2,3.9,7.8,0.0,0.0,0.0,0.0,119,Cola,Getränke,,MwSt. 19%,1.19,6.554622,1.245378,Normalverkauf
S1000084.58862,SP1000084.36.58862,SY1000084.2026.58862,iPad1(1000084),84,06.06.26 20:18,Prod,A1000084.6573,Tisch 9,104,S1000084.58862,SALE,2,3.9,7.8,0.0,0.0,0.0,0.0,126,Spezi,Getränke,,MwSt. 19%,1.19,6.554622,1.245378,Normalverkauf
S1000084.58863,SP1000084.36.58863,SY1000084.2026.58863,iPad1(1000084),84,06.06.26 11:20,Prod,A1000084.6574,Tisch 8,104,S1000084.58863,SALE,2,10.9,21.8,0.0,0.0,0.0,0.0,104,Thunfisch Wrap,Hauptgerichte,,MwSt. 7%,1.07,20.373832,1.426168,Normalverkauf
S1000084.58864,SP1000084.36.58864,SY1000084.2026.58864,iPad1(1000084),84,06.06.26 11:20,Prod,A1000084.6574,Tisch 8,104,S1000084.58864,SALE,1,5.5,5.5,0.0,0.0,0.0,0.0,114,Fisch Nuggets Box,Beilagen,,MwSt. 7%,1.07,5.140187,0.359813,Normalverkauf
S1000084.58865,SP1000084.36.58865,SY1000084.2026.58865,iPad1(1000084),84,06.06.26 20:55,Prod,A1000084.6575,Tisch 9,107,S1000084.58865,SALE,2,11.5,23.0,0.0,0.0,0.0,0.0,105,Garnelen-Kimchi-Bruger,Hauptgerichte,,MwSt. 7%,1.07,21.495327,1.504673,Normalverkauf
S1000084.58866,SP1000084.36.58866,SY1000084.2026.58866,iPad1(1000084),84,06.06.26 20:55,Prod,A1000084.6575,Tisch 9,107,S1000084.58866,SALE,1,10.9,10.9,0.0,0.0,0.0,0.0,107,Chicken Burger,Hauptgerichte,,MwSt. 7%,1.07,10.186916,0.713084,Normalverkauf
S1000084.58867,SP1000084.36.58867,SY1000084.2026.58867,iPad1(1000084),84,06.06.26 11:48,Prod,A1000084.6576,Tisch 2,112,S1000084.58867,SALE,2,11.5,23.0,0.0,0.0,0.0,0.0,105,Garnelen-Kimchi-Bruger,Hauptgerichte,,MwSt. 7%,1.07,21.495327,1.504673,Normalverkauf
S1000084.58868,SP1000084.36.58868,SY1000084.2026.58868,iPad1(1000084),84,06.06.26 11:48,Prod,A1000084.6576,Tisch 2,112,S1000084.58868,SALE,1,3.9,3.9,0.0,0.0,0.0,0.0,126,Spezi,Getränke,,MwSt. 19%,1.19,3.277311,0.622689,Normalverkauf
S1000084.58869,SP1000084.36.58869,SY1000084.2026.58869,iPad1(1000084),84,06.06.26 08:12,Prod,A1000084.6577,Tisch 21,104,S1000084.58869,SALE,1,3.9,3.9,0.0,0.0,0.0,0.0,124,Cola Zero,Getränke,,MwSt. 19%,1.19,3.277311,0.622689,Normalverkauf
S1000084.58870,SP1000084.36.58870,SY1000084.2026.58870,iPad1(1000084),84,06.06.26 18:35,Prod,A1000084.6578,Tisch 8,102,S1000084.58870,SALE,1,4.9,4.9,0.0,0.0,0.0,0.0,112,Kartoffelwedges,Beilagen,,MwSt. 7%,1.07,4.579439,0.320561,Normalverkauf
S1000084.58871,SP1000084.36.58871,SY1000084.2026.58871,iPad1(1000084),84,06.06.26 17:08,Prod,A1000084.6579,Tisch 12,112,S1000084.58871,SALE,2,10.9,21.8,0.0,0.0,0.0,0.0,104,Thunfisch Wrap,Hauptgerichte,,MwSt. 7%,1.07,20.373832,1.426168,Normalverkauf
S1000084.58872,SP1000084.36.58872,SY1000084.2026.58872,iPad1(1000084),84,06.06.26 17:34,Prod,A1000084.6580,Tisch 11,104,S1000084.58872,VOID,1,9.8,9.8,0.0,0.0,0.0,0.0,108,Seelachs-Ei-Baugette,Hauptgerichte,,MwSt. 7%,1.07,9.158879,0.641121,Normalverkauf
S1000084.58873,SP1000084.36.58873,SY1000084.2026.58873,iPad1(1000084),84,06.06.26 17:34,Prod,A1000084.6580,Tisch 11,104,S1000084.58873,VOID,2,3.2,6.4,0.0,0.0,0.0,0.0,120,Apfelschorle,Getränke,,MwSt. 19%,1.19,5.378151,1.021849,Normalverkauf
S1000084.58874,SP1000084.36.58874,SY1000084.2026.58874,iPad1(1000084),84,06.06.26 19:15,Prod,A1000084.6581,Tisch 7,102,S1000084.58874,SALE,2,10.9,21.8,0.0,0.0,0.0,0.0,104,Thunfisch Wrap,Hauptgerichte,,MwSt. 7%,1.07,20.373832,1.426168,Normalverkauf
S1000084.58875,SP1000084.36.58875,SY1000084.2026.58875,iPad1(1000084),84,06.06.26 19:15,Prod,A1000084.6581,Tisch 7,102,S1000084.58875,SALE,1,3.9,3.9,0.0,0.0,0.0,0.0,119,Cola,Getränke,,MwSt. 19%,1.19,3.277311,0.622689,Normalverkauf
S1000084.58876,SP1000084.36.58876,SY1000084.2026.58876,iPad1(1000084),84,06.06.26 13:34,Prod,A1000084.6582,Tisch 1,112,S1000084.58876,SALE,2,10.9,21.8,0.0,0.0,0.0,0.0,109,Bismarck-Baguette,Hauptgerichte,,MwSt. 7%,1.07,20.373832,1.426168,Normalverkauf
S1000084.58877,SP1000084.36.58877,SY1000084.2026.58877,iPad1(1000084),84,06.06.26 11:47,Prod,A1000084.6583,Tisch 17,112,S1000084.58877,SALE,2,11.5,23.0,0.0,0.0,0.0,0.0,105,Garnelen-Kimchi-Bruger,Hauptgerichte,,MwSt. 7%,1.07,21.495327,1.504673,Normalverkauf
S1000084.58878,SP1000084.36.58878,SY1000084.2026.58878,iPad1(1000084),84,06.06.26 11:47,Prod,A1000084.6583,Tisch 17,112,S1000084.58878,SALE,1,5.9,5.9,0.0,0.0,0.0,0.0,116,Vanillequark,Desserts,,MwSt. 7%,1.07,5.514019,0.385981,Normalverkauf
S1000084.58879,SP1000084.36.58879,SY1000084.2026.58879,iPad1(1000084),84,06.06.26 17:35,Prod,A1000084.6584,Tisch 23,104,S1000084.58879,SALE,2,2.8,5.6,0.0,0.0,0.0,0.0,121,Mineralwasser,Getränke,,MwSt. 19%,1.19,4.705882,0.894118,Normalverkauf
S1000084.58880,SP1000084.36.58880,SY1000084.2026.58880,iPad1(1000084),84,06.06.26 17:35,Prod,A1000084.6584,Tisch 23,104,S1000084.58880,SALE,1,13.5,13.5,0.0,0.0,0.0,0.0,102,Matjes,Hauptspeisen,,MwSt. 7%,1.07,12.616822,0.883178,Normalverkauf
S1000084.58881,SP1000084.36.58881,SY1000084.2026.58881,iPad1(1000084),84,06.06.26 17:35,Prod,A1000084.6584,Tisch 23,104,S1000084.58881,SALE,1,6.9,6.9,0.0,0.0,0.0,0.0,103,Fischbrötchen Räucherlachs,Hauptspeisen,,MwSt. 7%,1.07,6.448598,0.451402,Normalverkauf
S1000084.58882,SP1000084.36.58882,SY1000084.2026.58882,iPad1(1000084),84,06.06.26 19:07,Prod,A1000084.6585,Tisch 7,104,S1000084.58882,SALE,1,6.9,6.9,0.0,0.0,0.0,0.0,103,Fischbrötchen Räucherlachs,Hauptspeisen,,MwSt. 7%,1.07,6.448598,0.451402,Normalverkauf
S1000084.58883,SP1000084.36.58883,SY1000084.2026.58883,iPad1(1000084),84,06.06.26 19:07,Prod,A1000084.6585,Tisch 7,104,S1000084.58883,SALE,1,13.5,13.5,0.0,0.0,0.0,0.0,102,Matjes,Hauptspeisen,,MwSt. 7%,1.07,12.616822,0.883178,Normalverkauf
S1000084.58884,SP1000084.36.58884,SY1000084.2026.58884,iPad1(1000084),84,06.06.26 19:07,Prod,A1000084.6585,Tisch 7,104,S1000084.58884,SALE,1,7.9,7.9,0.0,0.0,0.0,0.0,106,Neptun-Ringe,Beilagen,,MwSt. 7%,1.07,7.383178,0.516822,Normalverkauf
S1000084.58885,SP1000084.36.58885,SY1000084.2026.58885,iPad1(1000084),84,06.06.26 10:39,Prod,A1000084.6586,Tisch 10,112,S1000084.58885,SALE,1,6.9,6.9,0.0,0.0,0.0,0.0,103,Fischbrötchen Räucherlachs,Hauptspeisen,,MwSt. 7%,1.07,6.448598,0.451402,Normalverkauf
S1000084.58886,SP1000084.36.58886,SY1000084.2026.58886,iPad1(1000084),84,06.06.26 17:26,Prod,A1000084.6587,Tisch 19,112,S1000084.58886,SALE,2,6.5,13.0,0.0,0.0,0.0,0.0,100,Fischbrötchen Backfisch,Hauptspeisen,,MwSt. 7%,1.07,12.149533,0.850467,Normalverkauf
S1000084.58887,SP1000084.36.58887,SY1000084.2026.58887,iPad1(1000084),84,06.06.26 14:53,Prod,A1000084.6588,,102,S1000084.58887,SALE,1,5.5,5.5,0.0,0.0,0.0,0.0,111,Pommes Frites,Beilagen,,MwSt. 7%,1.07,5.140187,0.359813,Normalverkauf
S1000084.58888,SP1000084.36.58888,SY1000084.2026.58888,iPad1(1000084),84,06.06.26 14:53,Prod,A1000084.6588,,102,S1000084.58888,SALE,1,9.8,9.8,0.0,0.0,0.0,0.0,108,Seelachs-Ei-Baugette,Hauptgerichte,,MwSt. 7%,1.07,9.158879,0.641121,Normalverkauf
S1000084.58889,SP1000084.36.58889,SY1000084.2026.58889,iPad1(1000084),84,06.06.26 14:53,Prod,A1000084.6588,,102,S1000084.58889,SALE,2,10.9,21.8,0.0,0.0,0.0,0.0,107,Chicken Burger,Hauptgerichte,,MwSt. 7%,1.07,20.373832,1.426168,Normalverkauf
S1000084.58890,SP1000084.36.58890,SY1000084.2026.58890,iPad1(1000084),84,06.06.26 20:43,Prod,A1000084.6589,Tisch 15,112,S1000084.58890,SALE,2,5.5,11.0,0.0,0.0,0.0,0.0,114,Fisch Nuggets Box,Beilagen,,MwSt. 7%,1.07,10.280374,0.719626,Normalverkauf
S1000084.58891,SP1000084.36.58891,SY1000084.2026.58891,iPad1(1000084),84,06.06.26 20:43,Prod,A1000084.6589,Tisch 15,112,S1000084.58891,SALE,1,5.9,5.9,0.0,0.0,0.0,0.0,117,Rote Grütze,Desserts,,MwSt. 7%,1.07,5.514019,0.385981,Normalverkauf
S1000084.58892,SP1000084.36.58892,SY1000084.2026.58892,iPad1(1000084),84,06.06.26 20:43,Prod,A1000084.6589,Tisch 15,112,S1000084.58892,SALE,2,3.9,7.8,0.0,0.0,0.0,0.0,127,Alkoholfreies Bier,Getränke,,MwSt. 19%,1.19,6.554622,1.245378,Normalverkauf
S1000084.58893,SP1000084.36.58893,SY1000084.2026.58893,iPad1(1000084),84,06.06.26 16:41,Prod,A1000084.6590,Tisch 6,112,S1000084.58893,SALE,2,3.2,6.4,0.0,0.0,0.0,0.0,120,Apfelschorle,Getränke,,MwSt. 19%,1.19,5.378151,1.021849,Normalverkauf
S1000084.58894,SP1000084.36.58894,SY1000084.2026.58894,iPad1(1000084),84,06.06.26 16:41,Prod,A1000084.6590,Tisch 6,112,S1000084.58894,SALE,2,4.9,9.8,0.0,0.0,0.0,0.0,112,Kartoffelwedges,Beilagen,,MwSt. 7%,1.07,9.158879,0.641121,Normalverkauf
S1000084.58895,SP1000084.36.58895,SY1000084.2026.58895,iPad1(1000084),84,06.06.26 11:27,Prod,A1000084.6591,Tisch 1,102,S1000084.58895,SALE,2,3.9,7.8,0.0,0.0,0.0,0.0,119,Cola,Getränke,,MwSt. 19%,1.19,6.554622,1.245378,Normalverkauf
S1000084.58896,SP1000084.36.58896,SY1000084.2026.58896,iPad1(1000084),84,06.06.26 11:27,Prod,A1000084.6591,Tisch 1,102,S1000084.58896,SALE,2,5.5,11.0,0.0,0.0,0.0,0.0,111,Pommes Frites,Beilagen,,MwSt. 7%,1.07,10.280374,0.719626,Normalverkauf
S1000084.58897,SP1000084.36.58897,SY1000084.2026.58897,iPad1(1000084),84,06.06.26 20:16,Prod,A1000084.6592,Tisch 1,102,S1000084.58897,SALE,2,10.9,21.8,0.0,0.0,0.0,0.0,107,Chicken Burger,Hauptgerichte,,MwSt. 7%,1.07,20.373832,1.426168,Normalverkauf
S1000084.58898,SP1000084.36.58898,SY1000084.2026.58898,iPad1(1000084),84,06.06.26 19:17,Prod,A1000084.6593,,104,S1000084.58898,SALE,1,5.5,5.5,0.0,0.0,0.0,0.0,111,Pommes Frites,Beilagen,,MwSt. 7%,1.07,5.140187,0.359813,Normalverkauf
S1000084.58899,SP1000084.36.58899,SY1000084.2026.58899,iPad1(1000084),84,06.06.26 10:18,Prod,A1000084.6594,Tisch 4,112,S1000084.58899,SALE,1,10.9,10.9,0.0,0.0,0.0,0.0,104,Thunfisch Wrap,Hauptgerichte,,MwSt. 7%,1.07,10.186916,0.713084,Normalverkauf
S1000084.58900,SP1000084.36.58900,SY1000084.2026.58900,iPad1(1000084),84,06.06.26 10:18,Prod,A1000084.6594,Tisch 4,112,S1000084.58900,SALE,1,3.9,3.9,0.0,0.0,0.0,0.0,126,Spezi,Getränke,,MwSt. 19%,1.19,3.277311,0.622689,Normalverkauf
S1000084.58901,SP1000084.36.58901,SY1000084.2026.58901,iPad1(1000084),84,06.06.26 10:18,Prod,A1000084.6594,Tisch 4,112,S1000084.58901,SALE,2,11.9,23.8,0.0,0.0,0.0,0.0,110,Matjes-Baguette,Hauptgerichte,,MwSt. 7%,1.07,22.242991,1.557009,Normalverkauf
S1000084.58902,SP1000084.36.58902,SY1000084.2026.58902,iPad1(1000084),84,06.06.26 13:05,Prod,A1000084.6595,Tisch 15,108,S1000084.58902,SALE,2,11.5,23.0,0.0,0.0,0.0,0.0,105,Garnelen-Kimchi-Bruger,Hauptgerichte,,MwSt. 7%,1.07,21.495327,1.504673,Normalverkauf
S1000084.58903,SP1000084.36.58903,SY1000084.2026.58903,iPad1(1000084),84,06.06.26 12:16,Prod,A1000084.6596,Tisch 14,104,S1000084.58903,SALE,1,9.8,9.8,0.0,0.0,0.0,0.0,108,Seelachs-Ei-Baugette,Hauptgerichte,,MwSt. 7%,1.07,9.158879,0.641121,Normalverkauf
S1000084.58904,SP1000084.36.58904,SY1000084.2026.58904,iPad1(1000084),84,06.06.26 12:16,Prod,A1000084.6596,Tisch 14,104,S1000084.58904,SALE,1,6.9,6.9,0.0,0.0,0.0,0.0,103,Fischbrötchen Räucherlachs,Hauptspeisen,,MwSt. 7%,1.07,6.448598,0.451402,Normalverkauf
S1000084.58905,SP1000084.36.58905,SY1000084.2026.58905,iPad1(1000084),84,06.06.26 12:16,Prod,A1000084.6596,Tisch 14,104,S1000084.58905,SALE,1,11.5,11.5,0.0,0.0,0.0,0.0,105,Garnelen-Kimchi-Bruger,Hauptgerichte,,MwSt. 7%,1.07,10.747664,0.752336,Normalverkauf
S1000084.58906,SP1000084.36.58906,SY1000084.2026.58906,iPad1(1000084),84,06.06.26 17:12,Prod,A1000084.6597,Tisch 11,107,S1000084.58906,SALE,2,4.2,8.4,0.0,0.0,0.0,0.0,122,Bier,Getränke,,MwSt. 19%,1.19,7.058824,1.341176,Normalverkauf
S1000084.58907,SP1000084.36.58907,SY1000084.2026.58907,iPad1(1000084),84,06.06.26 19:02,Prod,A1000084.6598,Tisch 13,104,S1000084.58907,SALE,2,6.9,13.8,0.0,0.0,0.0,0.0,103,Fischbrötchen Räucherlachs,Hauptspeisen,,MwSt. 7%,1.07,12.897196,0.902804,Normalverkauf
S1000084.58908,SP1000084.36.58908,SY1000084.2026.58908,iPad1(1000084),84,06.06.26 19:02,Prod,A1000084.6598,Tisch 13,104,S1000084.58908,SALE,1,11.5,11.5,0.0,0.0,0.0,0.0,105,Garnelen-Kimchi-Bruger,Hauptgerichte,,MwSt. 7%,1.07,10.747664,0.752336,Normalverkauf
S1000084.58909,SP1000084.36.58909,SY1000084.2026.58909,iPad1(1000084),84,07.06.26 17:51,Prod,A1000084.6599,Tisch 8,104,S1000084.58909,SALE,1,13.5,13.5,0.0,0.0,0.0,0.0,102,Matjes,Hauptspeisen,,MwSt. 7%,1.07,12.616822,0.883178,Normalverkauf
S1000084.58910,SP1000084.36.58910,SY1000084.2026.58910,iPad1(1000084),84,07.06.26 17:51,Prod,A1000084.6599,Tisch 8,104,S1000084.58910,SALE,1,6.9,6.9,0.0,0.0,0.0,0.0,103,Fischbrötchen Räucherlachs,Hauptspeisen,,MwSt. 7%,1.07,6.448598,0.451402,Normalverkauf
S1000084.58911,SP1000084.36.58911,SY1000084.2026.58911,iPad1(1000084),84,07.06.26 09:43,Prod,A1000084.6600,Tisch 2,102,S1000084.58911,SALE,2,9.8,19.6,0.0,0.0,0.0,0.0,108,Seelachs-Ei-Baugette,Hauptgerichte,,MwSt. 7%,1.07,18.317757,1.282243,Normalverkauf
S1000084.58912,SP1000084.36.58912,SY1000084.2026.58912,iPad1(1000084),84,07.06.26 20:07,Prod,A1000084.6601,,112,S1000084.58912,SALE,2,13.5,27.0,0.0,0.0,0.0,0.0,102,Matjes,Hauptspeisen,,MwSt. 7%,1.07,25.233645,1.766355,Normalverkauf
S1000084.58913,SP1000084.36.58913,SY1000084.2026.58913,iPad1(1000084),84,07.06.26 20:07,Prod,A1000084.6601,,112,S1000084.58913,SALE,1,13.5,13.5,0.0,0.0,0.0,0.0,102,Matjes,Hauptspeisen,,MwSt. 7%,1.07,12.616822,0.883178,Normalverkauf
S1000084.58914,SP1000084.36.58914,SY1000084.2026.58914,iPad1(1000084),84,07.06.26 11:13,Prod,A1000084.6602,Tisch 22,104,S1000084.58914,SALE,2,14.5,29.0,0.0,0.0,0.0,0.0,101,Lachs,Hauptspeisen,,MwSt. 7%,1.07,27.102804,1.897196,Normalverkauf
S1000084.58915,SP1000084.36.58915,SY1000084.2026.58915,iPad1(1000084),84,07.06.26 11:13,Prod,A1000084.6602,Tisch 22,104,S1000084.58915,SALE,2,3.9,7.8,0.0,0.0,0.0,0.0,126,Spezi,Getränke,,MwSt. 19%,1.19,6.554622,1.245378,Normalverkauf
S1000084.58916,SP1000084.36.58916,SY1000084.2026.58916,iPad1(1000084),84,07.06.26 17:01,Prod,A1000084.6603,Tisch 24,102,S1000084.58916,SALE,2,7.9,15.8,0.0,0.0,0.0,0.0,106,Neptun-Ringe,Beilagen,,MwSt. 7%,1.07,14.766355,1.033645,Normalverkauf
S1000084.58917,SP1000084.36.58917,SY1000084.2026.58917,iPad1(1000084),84,07.06.26 17:01,Prod,A1000084.6603,Tisch 24,102,S1000084.58917,SALE,2,10.9,21.8,0.0,0.0,0.0,0.0,109,Bismarck-Baguette,Hauptgerichte,,MwSt. 7%,1.07,20.373832,1.426168,Normalverkauf
S1000084.58918,SP1000084.36.58918,SY1000084.2026.58918,iPad1(1000084),84,07.06.26 18:29,Prod,A1000084.6604,,112,S1000084.58918,SALE,2,13.5,27.0,0.0,0.0,0.0,0.0,102,Matjes,Hauptspeisen,,MwSt. 7%,1.07,25.233645,1.766355,Normalverkauf
S1000084.58919,SP1000084.36.58919,SY1000084.2026.58919,iPad1(1000084),84,07.06.26 18:29,Prod,A1000084.6604,,112,S1000084.58919,SALE,1,10.9,10.9,0.0,0.0,0.0,0.0,109,Bismarck-Baguette,Hauptgerichte,,MwSt. 7%,1.07,10.186916,0.713084,Normalverkauf
S1000084.58920,SP1000084.36.58920,SY1000084.2026.58920,iPad1(1000084),84,07.06.26 15:35,Prod,A1000084.6605,Tisch 4,107,S1000084.58920,SALE,2,5.5,11.0,0.0,0.0,0.0,0.0,111,Pommes Frites,Beilagen,,MwSt. 7%,1.07,10.280374,0.719626,Normalverkauf
S1000084.58921,SP1000084.36.58921,SY1000084.2026.58921,iPad1(1000084),84,07.06.26 15:35,Prod,A1000084.6605,Tisch 4,107,S1000084.58921,SALE,2,10.9,21.8,0.0,0.0,0.0,0.0,107,Chicken Burger,Hauptgerichte,,MwSt. 7%,1.07,20.373832,1.426168,Normalverkauf
S1000084.58922,SP1000084.36.58922,SY1000084.2026.58922,iPad1(1000084),84,07.06.26 13:42,Prod,A1000084.6606,Tisch 7,108,S1000084.58922,SALE,2,3.9,7.8,0.0,0.0,0.0,0.0,126,Spezi,Getränke,,MwSt. 19%,1.19,6.554622,1.245378,Normalverkauf
S1000084.58923,SP1000084.36.58923,SY1000084.2026.58923,iPad1(1000084),84,07.06.26 13:42,Prod,A1000084.6606,Tisch 7,108,S1000084.58923,SALE,2,10.9,21.8,0.0,0.0,0.0,0.0,104,Thunfisch Wrap,Hauptgerichte,,MwSt. 7%,1.07,20.373832,1.426168,Normalverkauf
S1000084.58924,SP1000084.36.58924,SY1000084.2026.58924,iPad1(1000084),84,07.06.26 20:22,Prod,A1000084.6607,Tisch 9,104,S1000084.58924,SALE,2,3.9,7.8,0.0,0.0,0.0,0.0,119,Cola,Getränke,,MwSt. 19%,1.19,6.554622,1.245378,Normalverkauf
S1000084.58925,SP1000084.36.58925,SY1000084.2026.58925,iPad1(1000084),84,07.06.26 20:22,Prod,A1000084.6607,Tisch 9,104,S1000084.58925,SALE,2,6.9,13.8,0.0,0.0,0.0,0.0,103,Fischbrötchen Räucherlachs,Hauptspeisen,,MwSt. 7%,1.07,12.897196,0.902804,Normalverkauf
S1000084.58926,SP1000084.36.58926,SY1000084.2026.58926,iPad1(1000084),84,07.06.26 16:37,Prod,A1000084.6608,Tisch 20,102,S1000084.58926,SALE,1,11.5,11.5,0.0,0.0,0.0,0.0,105,Garnelen-Kimchi-Bruger,Hauptgerichte,,MwSt. 7%,1.07,10.747664,0.752336,Normalverkauf
S1000084.58927,SP1000084.36.58927,SY1000084.2026.58927,iPad1(1000084),84,07.06.26 16:37,Prod,A1000084.6608,Tisch 20,102,S1000084.58927,SALE,2,4.2,8.4,0.0,0.0,0.0,0.0,122,Bier,Getränke,,MwSt. 19%,1.19,7.058824,1.341176,Normalverkauf
S1000084.58928,SP1000084.36.58928,SY1000084.2026.58928,iPad1(1000084),84,07.06.26 20:32,Prod,A1000084.6609,,104,S1000084.58928,SALE,1,5.9,5.9,0.0,0.0,0.0,0.0,123,Inger-Limonade,Getränke,,MwSt. 19%,1.19,4.957983,0.942017,Normalverkauf
S1000084.58929,SP1000084.36.58929,SY1000084.2026.58929,iPad1(1000084),84,07.06.26 20:32,Prod,A1000084.6609,,104,S1000084.58929,SALE,2,3.9,7.8,0.0,0.0,0.0,0.0,126,Spezi,Getränke,,MwSt. 19%,1.19,6.554622,1.245378,Normalverkauf
S1000084.58930,SP1000084.36.58930,SY1000084.2026.58930,iPad1(1000084),84,07.06.26 09:36,Prod,A1000084.6610,,112,S1000084.58930,SALE,2,10.9,21.8,0.0,0.0,0.0,0.0,104,Thunfisch Wrap,Hauptgerichte,,MwSt. 7%,1.07,20.373832,1.426168,Normalverkauf
S1000084.58931,SP1000084.36.58931,SY1000084.2026.58931,iPad1(1000084),84,07.06.26 09:36,Prod,A1000084.6610,,112,S1000084.58931,SALE,1,11.9,11.9,0.0,0.0,0.0,0.0,110,Matjes-Baguette,Hauptgerichte,,MwSt. 7%,1.07,11.121495,0.778505,Normalverkauf
S1000084.58932,SP1000084.36.58932,SY1000084.2026.58932,iPad1(1000084),84,07.06.26 09:36,Prod,A1000084.6610,,112,S1000084.58932,SALE,2,4.2,8.4,0.0,0.0,0.0,0.0,122,Bier,Getränke,,MwSt. 19%,1.19,7.058824,1.341176,Normalverkauf
S1000084.58933,SP1000084.36.58933,SY1000084.2026.58933,iPad1(1000084),84,07.06.26 18:14,Prod,A1000084.6611,Tisch 5,112,S1000084.58933,SALE,1,6.9,6.9,0.0,0.0,0.0,0.0,103,Fischbrötchen Räucherlachs,Hauptspeisen,,MwSt. 7%,1.07,6.448598,0.451402,Normalverkauf
S1000084.58934,SP1000084.36.58934,SY1000084.2026.58934,iPad1(1000084),84,07.06.26 18:14,Prod,A1000084.6611,Tisch 5,112,S1000084.58934,SALE,2,3.2,6.4,0.0,0.0,0.0,0.0,120,Apfelschorle,Getränke,,MwSt. 19%,1.19,5.378151,1.021849,Normalverkauf
S1000084.58935,SP1000084.36.58935,SY1000084.2026.58935,iPad1(1000084),84,07.06.26 18:14,Prod,A1000084.6611,Tisch 5,112,S1000084.58935,SALE,1,10.9,10.9,0.0,0.0,0.0,0.0,109,Bismarck-Baguette,Hauptgerichte,,MwSt. 7%,1.07,10.186916,0.713084,Normalverkauf
S1000084.58936,SP1000084.36.58936,SY1000084.2026.58936,iPad1(1000084),84,07.06.26 13:24,Prod,A1000084.6612,Tisch 23,104,S1000084.58936,SALE,2,4.2,8.4,0.0,0.0,0.0,0.0,122,Bier,Getränke,,MwSt. 19%,1.19,7.058824,1.341176,Normalverkauf
S1000084.58937,SP1000084.36.58937,SY1000084.2026.58937,iPad1(1000084),84,07.06.26 11:27,Prod,A1000084.6613,Tisch 9,104,S1000084.58937,VOID,1,13.5,13.5,0.0,0.0,0.0,0.0,102,Matjes,Hauptspeisen,,MwSt. 7%,1.07,12.616822,0.883178,Normalverkauf
S1000084.58938,SP1000084.36.58938,SY1000084.2026.58938,iPad1(1000084),84,07.06.26 11:27,Prod,A1000084.6613,Tisch 9,104,S1000084.58938,VOID,2,14.5,29.0,0.0,0.0,0.0,0.0,101,Lachs,Hauptspeisen,,MwSt. 7%,1.07,27.102804,1.897196,Normalverkauf
S1000084.58939,SP1000084.36.58939,SY1000084.2026.58939,iPad1(1000084),84,07.06.26 11:27,Prod,A1000084.6613,Tisch 9,104,S1000084.58939,VOID,2,5.5,11.0,0.0,0.0,0.0,0.0,114,Fisch Nuggets Box,Beilagen,,MwSt. 7%,1.07,10.280374,0.719626,Normalverkauf
S1000084.58940,SP1000084.36.58940,SY1000084.2026.58940,iPad1(1000084),84,07.06.26 18:24,Prod,A1000084.6614,Tisch 7,102,S1000084.58940,SALE,2,11.5,23.0,0.0,0.0,0.0,0.0,105,Garnelen-Kimchi-Bruger,Hauptgerichte,,MwSt. 7%,1.07,21.495327,1.504673,Normalverkauf
S1000084.58941,SP1000084.36.58941,SY1000084.2026.58941,iPad1(1000084),84,07.06.26 18:24,Prod,A1000084.6614,Tisch 7,102,S1000084.58941,SALE,2,3.9,7.8,0.0,0.0,0.0,0.0,124,Cola Zero,Getränke,,MwSt. 19%,1.19,6.554622,1.245378,Normalverkauf
S1000084.58942,SP1000084.36.58942,SY1000084.2026.58942,iPad1(1000084),84,07.06.26 18:24,Prod,A1000084.6614,Tisch 7,102,S1000084.58942,SALE,1,3.9,3.9,0.0,0.0,0.0,0.0,126,Spezi,Getränke,,MwSt. 19%,1.19,3.277311,0.622689,Normalverkauf
S1000084.58943,SP1000084.36.58943,SY1000084.2026.58943,iPad1(1000084),84,07.06.26 12:08,Prod,A1000084.6615,Tisch 23,108,S1000084.58943,SALE,1,6.5,6.5,0.0,0.0,0.0,0.0,100,Fischbrötchen Backfisch,Hauptspeisen,,MwSt. 7%,1.07,6.074766,0.425234,Normalverkauf
S1000084.58944,SP1000084.36.58944,SY1000084.2026.58944,iPad1(1000084),84,07.06.26 12:08,Prod,A1000084.6615,Tisch 23,108,S1000084.58944,SALE,1,4.9,4.9,0.0,0.0,0.0,0.0,112,Kartoffelwedges,Beilagen,,MwSt. 7%,1.07,4.579439,0.320561,Normalverkauf
S1000084.58945,SP1000084.36.58945,SY1000084.2026.58945,iPad1(1000084),84,07.06.26 12:21,Prod,A1000084.6616,Tisch 9,112,S1000084.58945,SALE,1,5.9,5.9,0.0,0.0,0.0,0.0,123,Inger-Limonade,Getränke,,MwSt. 19%,1.19,4.957983,0.942017,Normalverkauf
S1000084.58946,SP1000084.36.58946,SY1000084.2026.58946,iPad1(1000084),84,07.06.26 12:21,Prod,A1000084.6616,Tisch 9,112,S1000084.58946,SALE,2,2.8,5.6,0.0,0.0,0.0,0.0,121,Mineralwasser,Getränke,,MwSt. 19%,1.19,4.705882,0.894118,Normalverkauf
S1000084.58947,SP1000084.36.58947,SY1000084.2026.58947,iPad1(1000084),84,07.06.26 12:21,Prod,A1000084.6616,Tisch 9,112,S1000084.58947,SALE,2,3.9,7.8,0.0,0.0,0.0,0.0,127,Alkoholfreies Bier,Getränke,,MwSt. 19%,1.19,6.554622,1.245378,Normalverkauf
S1000084.58948,SP1000084.36.58948,SY1000084.2026.58948,iPad1(1000084),84,07.06.26 18:12,Prod,A1000084.6617,Tisch 5,112,S1000084.58948,SALE,2,3.9,7.8,0.0,0.0,0.0,0.0,126,Spezi,Getränke,,MwSt. 19%,1.19,6.554622,1.245378,Normalverkauf
S1000084.58949,SP1000084.36.58949,SY1000084.2026.58949,iPad1(1000084),84,07.06.26 18:12,Prod,A1000084.6617,Tisch 5,112,S1000084.58949,SALE,1,10.9,10.9,0.0,0.0,0.0,0.0,107,Chicken Burger,Hauptgerichte,,MwSt. 7%,1.07,10.186916,0.713084,Normalverkauf
S1000084.58950,SP1000084.36.58950,SY1000084.2026.58950,iPad1(1000084),84,07.06.26 18:12,Prod,A1000084.6617,Tisch 5,112,S1000084.58950,SALE,2,5.9,11.8,0.0,0.0,0.0,0.0,123,Inger-Limonade,Getränke,,MwSt. 19%,1.19,9.915966,1.884034,Normalverkauf
S1000084.58951,SP1000084.36.58951,SY1000084.2026.58951,iPad1(1000084),84,07.06.26 13:34,Prod,A1000084.6618,Tisch 13,102,S1000084.58951,VOID,2,3.9,7.8,0.0,0.0,0.0,0.0,119,Cola,Getränke,,MwSt. 19%,1.19,6.554622,1.245378,Normalverkauf
S1000084.58952,SP1000084.36.58952,SY1000084.2026.58952,iPad1(1000084),84,07.06.26 18:23,Prod,A1000084.6619,,104,S1000084.58952,VOID,1,3.9,3.9,0.0,0.0,0.0,0.0,119,Cola,Getränke,,MwSt. 19%,1.19,3.277311,0.622689,Normalverkauf
S1000084.58953,SP1000084.36.58953,SY1000084.2026.58953,iPad1(1000084),84,07.06.26 17:52,Prod,A1000084.6620,Tisch 3,102,S1000084.58953,SALE,1,10.9,10.9,0.0,0.0,0.0,0.0,109,Bismarck-Baguette,Hauptgerichte,,MwSt. 7%,1.07,10.186916,0.713084,Normalverkauf
S1000084.58954,SP1000084.36.58954,SY1000084.2026.58954,iPad1(1000084),84,07.06.26 18:09,Prod,A1000084.6621,Tisch 15,108,S1000084.58954,SALE,2,2.8,5.6,0.0,0.0,0.0,0.0,121,Mineralwasser,Getränke,,MwSt. 19%,1.19,4.705882,0.894118,Normalverkauf
S1000084.58955,SP1000084.36.58955,SY1000084.2026.58955,iPad1(1000084),84,07.06.26 13:52,Prod,A1000084.6622,Tisch 22,107,S1000084.58955,SALE,2,10.9,21.8,0.0,0.0,0.0,0.0,107,Chicken Burger,Hauptgerichte,,MwSt. 7%,1.07,20.373832,1.426168,Normalverkauf
S1000084.58956,SP1000084.36.58956,SY1000084.2026.58956,iPad1(1000084),84,07.06.26 19:12,Prod,A1000084.6623,Tisch 6,104,S1000084.58956,SALE,2,3.9,7.8,0.0,0.0,0.0,0.0,124,Cola Zero,Getränke,,MwSt. 19%,1.19,6.554622,1.245378,Normalverkauf
S1000084.58957,SP1000084.36.58957,SY1000084.2026.58957,iPad1(1000084),84,07.06.26 19:12,Prod,A1000084.6623,Tisch 6,104,S1000084.58957,SALE,1,10.9,10.9,0.0,0.0,0.0,0.0,104,Thunfisch Wrap,Hauptgerichte,,MwSt. 7%,1.07,10.186916,0.713084,Normalverkauf
S1000084.58958,SP1000084.36.58958,SY1000084.2026.58958,iPad1(1000084),84,07.06.26 19:12,Prod,A1000084.6623,Tisch 6,104,S1000084.58958,SALE,1,5.9,5.9,0.0,0.0,0.0,0.0,117,Rote Grütze,Desserts,,MwSt. 7%,1.07,5.514019,0.385981,Normalverkauf
S1000084.58959,SP1000084.36.58959,SY1000084.2026.58959,iPad1(1000084),84,07.06.26 20:34,Prod,A1000084.6624,Tisch 18,112,S1000084.58959,VOID,1,5.5,5.5,0.0,0.0,0.0,0.0,111,Pommes Frites,Beilagen,,MwSt. 7%,1.07,5.140187,0.359813,Normalverkauf
S1000084.58960,SP1000084.36.58960,SY1000084.2026.58960,iPad1(1000084),84,07.06.26 20:34,Prod,A1000084.6624,Tisch 18,112,S1000084.58960,VOID,2,6.9,13.8,0.0,0.0,0.0,0.0,113,Garnelen Box,Beilagen,,MwSt. 7%,1.07,12.897196,0.902804,Normalverkauf
S1000084.58961,SP1000084.36.58961,SY1000084.2026.58961,iPad1(1000084),84,07.06.26 20:34,Prod,A1000084.6624,Tisch 18,112,S1000084.58961,VOID,1,10.9,10.9,0.0,0.0,0.0,0.0,107,Chicken Burger,Hauptgerichte,,MwSt. 7%,1.07,10.186916,0.713084,Normalverkauf
S1000084.58962,SP1000084.36.58962,SY1000084.2026.58962,iPad1(1000084),84,07.06.26 20:57,Prod,A1000084.6625,Tisch 4,112,S1000084.58962,SALE,1,10.9,10.9,0.0,0.0,0.0,0.0,107,Chicken Burger,Hauptgerichte,,MwSt. 7%,1.07,10.186916,0.713084,Normalverkauf
S1000084.58963,SP1000084.36.58963,SY1000084.2026.58963,iPad1(1000084),84,07.06.26 08:46,Prod,A1000084.6626,Tisch 2,112,S1000084.58963,SALE,2,4.2,8.4,0.0,0.0,0.0,0.0,122,Bier,Getränke,,MwSt. 19%,1.19,7.058824,1.341176,Normalverkauf
S1000084.58964,SP1000084.36.58964,SY1000084.2026.58964,iPad1(1000084),84,07.06.26 19:21,Prod,A1000084.6627,Tisch 19,104,S1000084.58964,SALE,2,4.2,8.4,0.0,0.0,0.0,0.0,122,Bier,Getränke,,MwSt. 19%,1.19,7.058824,1.341176,Normalverkauf
S1000084.58965,SP1000084.36.58965,SY1000084.2026.58965,iPad1(1000084),84,07.06.26 20:30,Prod,A1000084.6628,Tisch 18,107,S1000084.58965,SALE,1,6.5,6.5,0.0,0.0,0.0,0.0,118,Schokokuchen,Desserts,,MwSt. 7%,1.07,6.074766,0.425234,Normalverkauf
S1000084.58966,SP1000084.36.58966,SY1000084.2026.58966,iPad1(1000084),84,07.06.26 19:12,Prod,A1000084.6629,Tisch 4,107,S1000084.58966,VOID,1,5.5,5.5,0.0,0.0,0.0,0.0,111,Pommes Frites,Beilagen,,MwSt. 7%,1.07,5.140187,0.359813,Normalverkauf
S1000084.58967,SP1000084.36.58967,SY1000084.2026.58967,iPad1(1000084),84,07.06.26 19:12,Prod,A1000084.6629,Tisch 4,107,S1000084.58967,VOID,2,3.9,7.8,0.0,0.0,0.0,0.0,119,Cola,Getränke,,MwSt. 19%,1.19,6.554622,1.245378,Normalverkauf
S1000084.58968,SP1000084.36.58968,SY1000084.2026.58968,iPad1(1000084),84,07.06.26 09:51,Prod,A1000084.6630,Tisch 14,104,S1000084.58968,SALE,2,9.8,19.6,0.0,0.0,0.0,0.0,108,Seelachs-Ei-Baugette,Hauptgerichte,,MwSt. 7%,1.07,18.317757,1.282243,Normalverkauf
S1000084.58969,SP1000084.36.58969,SY1000084.2026.58969,iPad1(1000084),84,07.06.26 15:23,Prod,A1000084.6631,,104,S1000084.58969,SALE,2,3.2,6.4,0.0,0.0,0.0,0.0,120,Apfelschorle,Getränke,,MwSt. 19%,1.19,5.378151,1.021849,Normalverkauf
S1000084.58970,SP1000084.36.58970,SY1000084.2026.58970,iPad1(1000084),84,07.06.26 17:01,Prod,A1000084.6632,Tisch 2,107,S1000084.58970,SALE,1,6.9,6.9,0.0,0.0,0.0,0.0,103,Fischbrötchen Räucherlachs,Hauptspeisen,,MwSt. 7%,1.07,6.448598,0.451402,Normalverkauf
S1000084.58971,SP1000084.36.58971,SY1000084.2026.58971,iPad1(1000084),84,07.06.26 19:05,Prod,A1000084.6633,,104,S1000084.58971,VOID,2,10.9,21.8,0.0,0.0,0.0,0.0,104,Thunfisch Wrap,Hauptgerichte,,MwSt. 7%,1.07,20.373832,1.426168,Normalverkauf
S1000084.58972,SP1000084.36.58972,SY1000084.2026.58972,iPad1(1000084),84,07.06.26 19:05,Prod,A1000084.6633,,104,S1000084.58972,VOID,1,3.9,3.9,0.0,0.0,0.0,0.0,119,Cola,Getränke,,MwSt. 19%,1.19,3.277311,0.622689,Normalverkauf
S1000084.58973,SP1000084.36.58973,SY1000084.2026.58973,iPad1(1000084),84,07.06.26 19:05,Prod,A1000084.6633,,104,S1000084.58973,VOID,2,10.9,21.8,0.0,0.0,0.0,0.0,104,Thunfisch Wrap,Hauptgerichte,,MwSt. 7%,1.07,20.373832,1.426168,Normalverkauf
S1000084.58974,SP1000084.36.58974,SY1000084.2026.58974,iPad1(1000084),84,07.06.26 16:00,Prod,A1000084.6634,Tisch 20,112,S1000084.58974,SALE,1,5.5,5.5,0.0,0.0,0.0,0.0,111,Pommes Frites,Beilagen,,MwSt. 7%,1.07,5.140187,0.359813,Normalverkauf
S1000084.58975,SP1000084.36.58975,SY1000084.2026.58975,iPad1(1000084),84,07.06.26 16:42,Prod,A1000084.6635,Tisch 17,104,S1000084.58975,SALE,2,6.5,13.0,0.0,0.0,0.0,0.0,118,Schokokuchen,Desserts,,MwSt. 7%,1.07,12.149533,0.850467,Normalverkauf
S1000084.58976,SP1000084.36.58976,SY1000084.2026.58976,iPad1(1000084),84,07.06.26 16:42,Prod,A1000084.6635,Tisch 17,104,S1000084.58976,SALE,1,6.5,6.5,0.0,0.0,0.0,0.0,100,Fischbrötchen Backfisch,Hauptspeisen,,MwSt. 7%,1.07,6.074766,0.425234,Normalverkauf
S1000084.58977,SP1000084.36.58977,SY1000084.2026.58977,iPad1(1000084),84,07.06.26 20:20,Prod,A1000084.6636,Tisch 11,104,S1000084.58977,SALE,2,3.9,7.8,0.0,0.0,0.0,0.0,119,Cola,Getränke,,MwSt. 19%,1.19,6.554622,1.245378,Normalverkauf
S1000084.58978,SP1000084.36.58978,SY1000084.2026.58978,iPad1(1000084),84,07.06.26 20:20,Prod,A1000084.6636,Tisch 11,104,S1000084.58978,SALE,1,2.8,2.8,0.0,0.0,0.0,0.0,121,Mineralwasser,Getränke,,MwSt. 19%,1.19,2.352941,0.447059,Normalverkauf
S1000084.58979,SP1000084.36.58979,SY1000084.2026.58979,iPad1(1000084),84,07.06.26 12:31,Prod,A1000084.6637,Tisch 10,112,S1000084.58979,SALE,2,3.2,6.4,0.0,0.0,0.0,0.0,120,Apfelschorle,Getränke,,MwSt. 19%,1.19,5.378151,1.021849,Normalverkauf
S1000084.58980,SP1000084.36.58980,SY1000084.2026.58980,iPad1(1000084),84,07.06.26 12:31,Prod,A1000084.6637,Tisch 10,112,S1000084.58980,SALE,2,10.9,21.8,0.0,0.0,0.0,0.0,109,Bismarck-Baguette,Hauptgerichte,,MwSt. 7%,1.07,20.373832,1.426168,Normalverkauf
S1000084.58981,SP1000084.36.58981,SY1000084.2026.58981,iPad1(1000084),84,07.06.26 17:36,Prod,A1000084.6638,,112,S1000084.58981,SALE,1,2.8,2.8,0.0,0.0,0.0,0.0,121,Mineralwasser,Getränke,,MwSt. 19%,1.19,2.352941,0.447059,Normalverkauf
S1000084.58982,SP1000084.36.58982,SY1000084.2026.58982,iPad1(1000084),84,07.06.26 19:48,Prod,A1000084.6639,Tisch 8,112,S1000084.58982,SALE,1,3.9,3.9,0.0,0.0,0.0,0.0,126,Spezi,Getränke,,MwSt. 19%,1.19,3.277311,0.622689,Normalverkauf
S1000084.58983,SP1000084.36.58983,SY1000084.2026.58983,iPad1(1000084),84,07.06.26 12:09,Prod,A1000084.6640,Tisch 18,104,S1000084.58983,SALE,1,10.9,10.9,0.0,0.0,0.0,0.0,109,Bismarck-Baguette,Hauptgerichte,,MwSt. 7%,1.07,10.186916,0.713084,Normalverkauf
S1000084.58984,SP1000084.36.58984,SY1000084.2026.58984,iPad1(1000084),84,07.06.26 12:09,Prod,A1000084.6640,Tisch 18,104,S1000084.58984,SALE,1,4.2,4.2,0.0,0.0,0.0,0.0,122,Bier,Getränke,,MwSt. 19%,1.19,3.529412,0.670588,Normalverkauf
S1000084.58985,SP1000084.36.58985,SY1000084.2026.58985,iPad1(1000084),84,07.06.26 12:09,Prod,A1000084.6640,Tisch 18,104,S1000084.58985,SALE,2,11.5,23.0,0.0,0.0,0.0,0.0,105,Garnelen-Kimchi-Bruger,Hauptgerichte,,MwSt. 7%,1.07,21.495327,1.504673,Normalverkauf
S1000084.58986,SP1000084.36.58986,SY1000084.2026.58986,iPad1(1000084),84,07.06.26 16:11,Prod,A1000084.6641,Tisch 12,104,S1000084.58986,SALE,1,10.9,10.9,0.0,0.0,0.0,0.0,104,Thunfisch Wrap,Hauptgerichte,,MwSt. 7%,1.07,10.186916,0.713084,Normalverkauf
S1000084.58987,SP1000084.36.58987,SY1000084.2026.58987,iPad1(1000084),84,07.06.26 16:11,Prod,A1000084.6641,Tisch 12,104,S1000084.58987,SALE,1,5.9,5.9,0.0,0.0,0.0,0.0,117,Rote Grütze,Desserts,,MwSt. 7%,1.07,5.514019,0.385981,Normalverkauf
S1000084.58988,SP1000084.36.58988,SY1000084.2026.58988,iPad1(1000084),84,07.06.26 16:11,Prod,A1000084.6641,Tisch 12,104,S1000084.58988,SALE,1,6.5,6.5,0.0,0.0,0.0,0.0,100,Fischbrötchen Backfisch,Hauptspeisen,,MwSt. 7%,1.07,6.074766,0.425234,Normalverkauf
S1000084.58989,SP1000084.36.58989,SY1000084.2026.58989,iPad1(1000084),84,07.06.26 20:31,Prod,A1000084.6642,Tisch 19,108,S1000084.58989,SALE,1,5.5,5.5,0.0,0.0,0.0,0.0,111,Pommes Frites,Beilagen,,MwSt. 7%,1.07,5.140187,0.359813,Normalverkauf
S1000084.58990,SP1000084.36.58990,SY1000084.2026.58990,iPad1(1000084),84,07.06.26 20:31,Prod,A1000084.6642,Tisch 19,108,S1000084.58990,SALE,2,6.9,13.8,0.0,0.0,0.0,0.0,103,Fischbrötchen Räucherlachs,Hauptspeisen,,MwSt. 7%,1.07,12.897196,0.902804,Normalverkauf
S1000084.58991,SP1000084.36.58991,SY1000084.2026.58991,iPad1(1000084),84,07.06.26 20:31,Prod,A1000084.6642,Tisch 19,108,S1000084.58991,SALE,2,5.9,11.8,0.0,0.0,0.0,0.0,123,Inger-Limonade,Getränke,,MwSt. 19%,1.19,9.915966,1.884034,Normalverkauf
S1000084.58992,SP1000084.36.58992,SY1000084.2026.58992,iPad1(1000084),84,07.06.26 17:55,Prod,A1000084.6643,Tisch 1,112,S1000084.58992,SALE,2,10.9,21.8,0.0,0.0,0.0,0.0,107,Chicken Burger,Hauptgerichte,,MwSt. 7%,1.07,20.373832,1.426168,Normalverkauf
S1000084.58993,SP1000084.36.58993,SY1000084.2026.58993,iPad1(1000084),84,07.06.26 17:55,Prod,A1000084.6643,Tisch 1,112,S1000084.58993,SALE,2,10.9,21.8,0.0,0.0,0.0,0.0,104,Thunfisch Wrap,Hauptgerichte,,MwSt. 7%,1.07,20.373832,1.426168,Normalverkauf
S1000084.58994,SP1000084.36.58994,SY1000084.2026.58994,iPad1(1000084),84,07.06.26 17:55,Prod,A1000084.6643,Tisch 1,112,S1000084.58994,SALE,1,5.9,5.9,0.0,0.0,0.0,0.0,125,Zitronen-Limonade,Getränke,,MwSt. 19%,1.19,4.957983,0.942017,Normalverkauf
S1000084.58995,SP1000084.36.58995,SY1000084.2026.58995,iPad1(1000084),84,07.06.26 13:01,Prod,A1000084.6644,Tisch 15,112,S1000084.58995,SALE,2,10.9,21.8,0.0,0.0,0.0,0.0,104,Thunfisch Wrap,Hauptgerichte,,MwSt. 7%,1.07,20.373832,1.426168,Normalverkauf
S1000084.58996,SP1000084.36.58996,SY1000084.2026.58996,iPad1(1000084),84,07.06.26 19:19,Prod,A1000084.6645,Tisch 18,102,S1000084.58996,SALE,2,11.9,23.8,0.0,0.0,0.0,0.0,110,Matjes-Baguette,Hauptgerichte,,MwSt. 7%,1.07,22.242991,1.557009,Normalverkauf
S1000084.58997,SP1000084.36.58997,SY1000084.2026.58997,iPad1(1000084),84,07.06.26 16:08,Prod,A1000084.6646,Tisch 16,107,S1000084.58997,SALE,2,5.5,11.0,0.0,0.0,0.0,0.0,111,Pommes Frites,Beilagen,,MwSt. 7%,1.07,10.280374,0.719626,Normalverkauf
S1000084.58998,SP1000084.36.58998,SY1000084.2026.58998,iPad1(1000084),84,07.06.26 09:43,Prod,A1000084.6647,,112,S1000084.58998,SALE,2,3.9,7.8,0.0,0.0,0.0,0.0,119,Cola,Getränke,,MwSt. 19%,1.19,6.554622,1.245378,Normalverkauf
S1000084.58999,SP1000084.36.58999,SY1000084.2026.58999,iPad1(1000084),84,07.06.26 09:43,Prod,A1000084.6647,,112,S1000084.58999,SALE,1,4.2,4.2,0.0,0.0,0.0,0.0,122,Bier,Getränke,,MwSt. 19%,1.19,3.529412,0.670588,Normalverkauf
S1000084.59000,SP1000084.36.59000,SY1000084.2026.59000,iPad1(1000084),84,07.06.26 12:06,Prod,A1000084.6648,Tisch 20,102,S1000084.59000,SALE,2,14.5,29.0,0.0,0.0,0.0,0.0,101,Lachs,Hauptspeisen,,MwSt. 7%,1.07,27.102804,1.897196,Normalverkauf
S1000084.59001,SP1000084.36.59001,SY1000084.2026.59001,iPad1(1000084),84,07.06.26 12:06,Prod,A1000084.6648,Tisch 20,102,S1000084.59001,SALE,2,3.9,7.8,0.0,0.0,0.0,0.0,119,Cola,Getränke,,MwSt. 19%,1.19,6.554622,1.245378,Normalverkauf
S1000084.59002,SP1000084.36.59002,SY1000084.2026.59002,iPad1(1000084),84,07.06.26 13:32,Prod,A1000084.6649,Tisch 24,112,S1000084.59002,SALE,1,7.9,7.9,0.0,0.0,0.0,0.0,106,Neptun-Ringe,Beilagen,,MwSt. 7%,1.07,7.383178,0.516822,Normalverkauf
S1000084.59003,SP1000084.36.59003,SY1000084.2026.59003,iPad1(1000084),84,07.06.26 11:53,Prod,A1000084.6650,Tisch 23,104,S1000084.59003,VOID,1,3.9,3.9,0.0,0.0,0.0,0.0,127,Alkoholfreies Bier,Getränke,,MwSt. 19%,1.19,3.277311,0.622689,Normalverkauf
S1000084.59004,SP1000084.36.59004,SY1000084.2026.59004,iPad1(1000084),84,07.06.26 13:16,Prod,A1000084.6651,Tisch 18,112,S1000084.59004,SALE,2,3.9,7.8,0.0,0.0,0.0,0.0,126,Spezi,Getränke,,MwSt. 19%,1.19,6.554622,1.245378,Normalverkauf
S1000084.59005,SP1000084.36.59005,SY1000084.2026.59005,iPad1(1000084),84,07.06.26 13:16,Prod,A1000084.6651,Tisch 18,112,S1000084.59005,SALE,2,5.5,11.0,0.0,0.0,0.0,0.0,114,Fisch Nuggets Box,Beilagen,,MwSt. 7%,1.07,10.280374,0.719626,Normalverkauf
S1000084.59006,SP1000084.36.59006,SY1000084.2026.59006,iPad1(1000084),84,07.06.26 15:16,Prod,A1000084.6652,,108,S1000084.59006,SALE,2,5.5,11.0,0.0,0.0,0.0,0.0,111,Pommes Frites,Beilagen,,MwSt. 7%,1.07,10.280374,0.719626,Normalverkauf
S1000084.59007,SP1000084.36.59007,SY1000084.2026.59007,iPad1(1000084),84,07.06.26 15:16,Prod,A1000084.6652,,108,S1000084.59007,SALE,2,6.9,13.8,0.0,0.0,0.0,0.0,113,Garnelen Box,Beilagen,,MwSt. 7%,1.07,12.897196,0.902804,Normalverkauf
S1000084.59008,SP1000084.36.59008,SY1000084.2026.59008,iPad1(1000084),84,07.06.26 15:16,Prod,A1000084.6652,,108,S1000084.59008,SALE,1,6.9,6.9,0.0,0.0,0.0,0.0,113,Garnelen Box,Beilagen,,MwSt. 7%,1.07,6.448598,0.451402,Normalverkauf
S1000084.59009,SP1000084.36.59009,SY1000084.2026.59009,iPad1(1000084),84,07.06.26 16:31,Prod,A1000084.6653,Tisch 21,104,S1000084.59009,SALE,2,5.5,11.0,0.0,0.0,0.0,0.0,111,Pommes Frites,Beilagen,,MwSt. 7%,1.07,10.280374,0.719626,Normalverkauf
S1000084.59010,SP1000084.36.59010,SY1000084.2026.59010,iPad1(1000084),84,07.06.26 12:54,Prod,A1000084.6654,Tisch 12,104,S1000084.59010,SALE,2,5.5,11.0,0.0,0.0,0.0,0.0,114,Fisch Nuggets Box,Beilagen,,MwSt. 7%,1.07,10.280374,0.719626,Normalverkauf
S1000084.59011,SP1000084.36.59011,SY1000084.2026.59011,iPad1(1000084),84,07.06.26 12:54,Prod,A1000084.6654,Tisch 12,104,S1000084.59011,SALE,1,6.9,6.9,0.0,0.0,0.0,0.0,103,Fischbrötchen Räucherlachs,Hauptspeisen,,MwSt. 7%,1.07,6.448598,0.451402,Normalverkauf
S1000084.59012,SP1000084.36.59012,SY1000084.2026.59012,iPad1(1000084),84,07.06.26 12:54,Prod,A1000084.6654,Tisch 12,104,S1000084.59012,SALE,2,11.9,23.8,0.0,0.0,0.0,0.0,110,Matjes-Baguette,Hauptgerichte,,MwSt. 7%,1.07,22.242991,1.557009,Normalverkauf
S1000084.59013,SP1000084.36.59013,SY1000084.2026.59013,iPad1(1000084),84,07.06.26 20:50,Prod,A1000084.6655,Tisch 6,108,S1000084.59013,SALE,2,14.5,29.0,0.0,0.0,0.0,0.0,101,Lachs,Hauptspeisen,,MwSt. 7%,1.07,27.102804,1.897196,Normalverkauf
S1000084.59014,SP1000084.36.59014,SY1000084.2026.59014,iPad1(1000084),84,07.06.26 11:28,Prod,A1000084.6656,Tisch 12,112,S1000084.59014,SALE,2,10.9,21.8,0.0,0.0,0.0,0.0,107,Chicken Burger,Hauptgerichte,,MwSt. 7%,1.07,20.373832,1.426168,Normalverkauf
S1000084.59015,SP1000084.36.59015,SY1000084.2026.59015,iPad1(1000084),84,07.06.26 11:28,Prod,A1000084.6656,Tisch 12,112,S1000084.59015,SALE,2,2.8,5.6,0.0,0.0,0.0,0.0,121,Mineralwasser,Getränke,,MwSt. 19%,1.19,4.705882,0.894118,Normalverkauf
S1000084.59016,SP1000084.36.59016,SY1000084.2026.59016,iPad1(1000084),84,07.06.26 13:06,Prod,A1000084.6657,Tisch 19,112,S1000084.59016,SALE,1,6.5,6.5,0.0,0.0,0.0,0.0,100,Fischbrötchen Backfisch,Hauptspeisen,,MwSt. 7%,1.07,6.074766,0.425234,Normalverkauf
S1000084.59017,SP1000084.36.59017,SY1000084.2026.59017,iPad1(1000084),84,07.06.26 13:50,Prod,A1000084.6658,Tisch 4,102,S1000084.59017,SALE,1,3.9,3.9,0.0,0.0,0.0,0.0,126,Spezi,Getränke,,MwSt. 19%,1.19,3.277311,0.622689,Normalverkauf
S1000084.59018,SP1000084.36.59018,SY1000084.2026.59018,iPad1(1000084),84,07.06.26 13:50,Prod,A1000084.6658,Tisch 4,102,S1000084.59018,SALE,2,6.9,13.8,0.0,0.0,0.0,0.0,113,Garnelen Box,Beilagen,,MwSt. 7%,1.07,12.897196,0.902804,Normalverkauf
S1000084.59019,SP1000084.36.59019,SY1000084.2026.59019,iPad1(1000084),84,07.06.26 13:50,Prod,A1000084.6658,Tisch 4,102,S1000084.59019,SALE,2,2.8,5.6,0.0,0.0,0.0,0.0,121,Mineralwasser,Getränke,,MwSt. 19%,1.19,4.705882,0.894118,Normalverkauf
S1000084.59020,SP1000084.36.59020,SY1000084.2026.59020,iPad1(1000084),84,07.06.26 11:03,Prod,A1000084.6659,,108,S1000084.59020,VOID,1,3.9,3.9,0.0,0.0,0.0,0.0,127,Alkoholfreies Bier,Getränke,,MwSt. 19%,1.19,3.277311,0.622689,Normalverkauf
S1000084.59021,SP1000084.36.59021,SY1000084.2026.59021,iPad1(1000084),84,07.06.26 20:22,Prod,A1000084.6660,Tisch 2,112,S1000084.59021,SALE,2,10.9,21.8,0.0,0.0,0.0,0.0,107,Chicken Burger,Hauptgerichte,,MwSt. 7%,1.07,20.373832,1.426168,Normalverkauf
S1000084.59022,SP1000084.36.59022,SY1000084.2026.59022,iPad1(1000084),84,07.06.26 20:22,Prod,A1000084.6660,Tisch 2,112,S1000084.59022,SALE,1,3.2,3.2,0.0,0.0,0.0,0.0,120,Apfelschorle,Getränke,,MwSt. 19%,1.19,2.689076,0.510924,Normalverkauf
S1000084.59023,SP1000084.36.59023,SY1000084.2026.59023,iPad1(1000084),84,07.06.26 11:37,Prod,A1000084.6661,,104,S1000084.59023,SALE,2,11.5,23.0,0.0,0.0,0.0,0.0,105,Garnelen-Kimchi-Bruger,Hauptgerichte,,MwSt. 7%,1.07,21.495327,1.504673,Normalverkauf
S1000084.59024,SP1000084.36.59024,SY1000084.2026.59024,iPad1(1000084),84,07.06.26 11:37,Prod,A1000084.6661,,104,S1000084.59024,SALE,2,3.9,7.8,0.0,0.0,0.0,0.0,119,Cola,Getränke,,MwSt. 19%,1.19,6.554622,1.245378,Normalverkauf
S1000084.59025,SP1000084.36.59025,SY1000084.2026.59025,iPad1(1000084),84,07.06.26 11:37,Prod,A1000084.6661,,104,S1000084.59025,SALE,1,5.5,5.5,0.0,0.0,0.0,0.0,114,Fisch Nuggets Box,Beilagen,,MwSt. 7%,1.07,5.140187,0.359813,Normalverkauf
S1000084.59026,SP1000084.36.59026,SY1000084.2026.59026,iPad1(1000084),84,07.06.26 18:36,Prod,A1000084.6662,Tisch 10,112,S1000084.59026,SALE,1,2.8,2.8,0.0,0.0,0.0,0.0,121,Mineralwasser,Getränke,,MwSt. 19%,1.19,2.352941,0.447059,Normalverkauf
S1000084.59027,SP1000084.36.59027,SY1000084.2026.59027,iPad1(1000084),84,07.06.26 18:36,Prod,A1000084.6662,Tisch 10,112,S1000084.59027,SALE,1,6.9,6.9,0.0,0.0,0.0,0.0,103,Fischbrötchen Räucherlachs,Hauptspeisen,,MwSt. 7%,1.07,6.448598,0.451402,Normalverkauf
S1000084.59028,SP1000084.36.59028,SY1000084.2026.59028,iPad1(1000084),84,07.06.26 18:36,Prod,A1000084.6662,Tisch 10,112,S1000084.59028,SALE,2,10.9,21.8,0.0,0.0,0.0,0.0,107,Chicken Burger,Hauptgerichte,,MwSt. 7%,1.07,20.373832,1.426168,Normalverkauf
S1000084.59029,SP1000084.36.59029,SY1000084.2026.59029,iPad1(1000084),84,07.06.26 18:27,Prod,A1000084.6663,Tisch 15,102,S1000084.59029,SALE,1,13.5,13.5,0.0,0.0,0.0,0.0,102,Matjes,Hauptspeisen,,MwSt. 7%,1.07,12.616822,0.883178,Normalverkauf
S1000084.59030,SP1000084.36.59030,SY1000084.2026.59030,iPad1(1000084),84,07.06.26 18:27,Prod,A1000084.6663,Tisch 15,102,S1000084.59030,SALE,2,3.9,7.8,0.0,0.0,0.0,0.0,119,Cola,Getränke,,MwSt. 19%,1.19,6.554622,1.245378,Normalverkauf
S1000084.59031,SP1000084.36.59031,SY1000084.2026.59031,iPad1(1000084),84,07.06.26 18:27,Prod,A1000084.6663,Tisch 15,102,S1000084.59031,SALE,1,4.9,4.9,0.0,0.0,0.0,0.0,112,Kartoffelwedges,Beilagen,,MwSt. 7%,1.07,4.579439,0.320561,Normalverkauf
S1000084.59032,SP1000084.36.59032,SY1000084.2026.59032,iPad1(1000084),84,07.06.26 17:38,Prod,A1000084.6664,Tisch 15,108,S1000084.59032,SALE,1,7.9,7.9,0.0,0.0,0.0,0.0,106,Neptun-Ringe,Beilagen,,MwSt. 7%,1.07,7.383178,0.516822,Normalverkauf
S1000084.59033,SP1000084.36.59033,SY1000084.2026.59033,iPad1(1000084),84,07.06.26 17:48,Prod,A1000084.6665,Tisch 16,108,S1000084.59033,SALE,2,5.5,11.0,0.0,0.0,0.0,0.0,111,Pommes Frites,Beilagen,,MwSt. 7%,1.07,10.280374,0.719626,Normalverkauf
S1000084.59034,SP1000084.36.59034,SY1000084.2026.59034,iPad1(1000084),84,07.06.26 17:47,Prod,A1000084.6666,Tisch 18,108,S1000084.59034,SALE,1,5.5,5.5,0.0,0.0,0.0,0.0,114,Fisch Nuggets Box,Beilagen,,MwSt. 7%,1.07,5.140187,0.359813,Normalverkauf
S1000084.59035,SP1000084.36.59035,SY1000084.2026.59035,iPad1(1000084),84,07.06.26 17:47,Prod,A1000084.6666,Tisch 18,108,S1000084.59035,SALE,1,6.5,6.5,0.0,0.0,0.0,0.0,118,Schokokuchen,Desserts,,MwSt. 7%,1.07,6.074766,0.425234,Normalverkauf
S1000084.59036,SP1000084.36.59036,SY1000084.2026.59036,iPad1(1000084),84,07.06.26 16:29,Prod,A1000084.6667,Tisch 15,112,S1000084.59036,SALE,1,4.2,4.2,0.0,0.0,0.0,0.0,122,Bier,Getränke,,MwSt. 19%,1.19,3.529412,0.670588,Normalverkauf
S1000084.59037,SP1000084.36.59037,SY1000084.2026.59037,iPad1(1000084),84,07.06.26 20:31,Prod,A1000084.6668,Tisch 13,108,S1000084.59037,SALE,1,4.2,4.2,0.0,0.0,0.0,0.0,122,Bier,Getränke,,MwSt. 19%,1.19,3.529412,0.670588,Normalverkauf
S1000084.59038,SP1000084.36.59038,SY1000084.2026.59038,iPad1(1000084),84,07.06.26 11:57,Prod,A1000084.6669,Tisch 5,112,S1000084.59038,SALE,2,6.9,13.8,0.0,0.0,0.0,0.0,113,Garnelen Box,Beilagen,,MwSt. 7%,1.07,12.897196,0.902804,Normalverkauf
S1000084.59039,SP1000084.36.59039,SY1000084.2026.59039,iPad1(1000084),84,07.06.26 11:57,Prod,A1000084.6669,Tisch 5,112,S1000084.59039,SALE,1,13.5,13.5,0.0,0.0,0.0,0.0,102,Matjes,Hauptspeisen,,MwSt. 7%,1.07,12.616822,0.883178,Normalverkauf
S1000084.59040,SP1000084.36.59040,SY1000084.2026.59040,iPad1(1000084),84,07.06.26 11:13,Prod,A1000084.6670,Tisch 9,107,S1000084.59040,SALE,2,5.9,11.8,0.0,0.0,0.0,0.0,125,Zitronen-Limonade,Getränke,,MwSt. 19%,1.19,9.915966,1.884034,Normalverkauf
S1000084.59041,SP1000084.36.59041,SY1000084.2026.59041,iPad1(1000084),84,07.06.26 11:13,Prod,A1000084.6670,Tisch 9,107,S1000084.59041,SALE,2,6.9,13.8,0.0,0.0,0.0,0.0,103,Fischbrötchen Räucherlachs,Hauptspeisen,,MwSt. 7%,1.07,12.897196,0.902804,Normalverkauf
S1000084.59042,SP1000084.36.59042,SY1000084.2026.59042,iPad1(1000084),84,07.06.26 11:13,Prod,A1000084.6670,Tisch 9,107,S1000084.59042,SALE,1,10.9,10.9,0.0,0.0,0.0,0.0,104,Thunfisch Wrap,Hauptgerichte,,MwSt. 7%,1.07,10.186916,0.713084,Normalverkauf
S1000084.59043,SP1000084.36.59043,SY1000084.2026.59043,iPad1(1000084),84,07.06.26 20:29,Prod,A1000084.6671,Tisch 13,108,S1000084.59043,SALE,2,4.2,8.4,0.0,0.0,0.0,0.0,122,Bier,Getränke,,MwSt. 19%,1.19,7.058824,1.341176,Normalverkauf
S1000084.59044,SP1000084.36.59044,SY1000084.2026.59044,iPad1(1000084),84,07.06.26 12:42,Prod,A1000084.6672,Tisch 12,102,S1000084.59044,SALE,1,10.9,10.9,0.0,0.0,0.0,0.0,107,Chicken Burger,Hauptgerichte,,MwSt. 7%,1.07,10.186916,0.713084,Normalverkauf
S1000084.59045,SP1000084.36.59045,SY1000084.2026.59045,iPad1(1000084),84,07.06.26 12:42,Prod,A1000084.6672,Tisch 12,102,S1000084.59045,SALE,1,3.9,3.9,0.0,0.0,0.0,0.0,127,Alkoholfreies Bier,Getränke,,MwSt. 19%,1.19,3.277311,0.622689,Normalverkauf
S1000084.59046,SP1000084.36.59046,SY1000084.2026.59046,iPad1(1000084),84,07.06.26 19:25,Prod,A1000084.6673,Tisch 16,104,S1000084.59046,SALE,2,5.5,11.0,0.0,0.0,0.0,0.0,111,Pommes Frites,Beilagen,,MwSt. 7%,1.07,10.280374,0.719626,Normalverkauf
S1000084.59047,SP1000084.36.59047,SY1000084.2026.59047,iPad1(1000084),84,07.06.26 19:25,Prod,A1000084.6673,Tisch 16,104,S1000084.59047,SALE,2,3.9,7.8,0.0,0.0,0.0,0.0,127,Alkoholfreies Bier,Getränke,,MwSt. 19%,1.19,6.554622,1.245378,Normalverkauf
S1000084.59048,SP1000084.36.59048,SY1000084.2026.59048,iPad1(1000084),84,07.06.26 19:25,Prod,A1000084.6673,Tisch 16,104,S1000084.59048,SALE,1,10.9,10.9,0.0,0.0,0.0,0.0,104,Thunfisch Wrap,Hauptgerichte,,MwSt. 7%,1.07,10.186916,0.713084,Normalverkauf
S1000084.59049,SP1000084.36.59049,SY1000084.2026.59049,iPad1(1000084),84,07.06.26 16:06,Prod,A1000084.6674,Tisch 24,102,S1000084.59049,SALE,2,10.9,21.8,0.0,0.0,0.0,0.0,107,Chicken Burger,Hauptgerichte,,MwSt. 7%,1.07,20.373832,1.426168,Normalverkauf
S1000084.59050,SP1000084.36.59050,SY1000084.2026.59050,iPad1(1000084),84,07.06.26 16:06,Prod,A1000084.6674,Tisch 24,102,S1000084.59050,SALE,1,5.5,5.5,0.0,0.0,0.0,0.0,114,Fisch Nuggets Box,Beilagen,,MwSt. 7%,1.07,5.140187,0.359813,Normalverkauf
S1000084.59051,SP1000084.36.59051,SY1000084.2026.59051,iPad1(1000084),84,07.06.26 11:08,Prod,A1000084.6675,Tisch 9,107,S1000084.59051,SALE,2,10.9,21.8,0.0,0.0,0.0,0.0,107,Chicken Burger,Hauptgerichte,,MwSt. 7%,1.07,20.373832,1.426168,Normalverkauf
S1000084.59052,SP1000084.36.59052,SY1000084.2026.59052,iPad1(1000084),84,07.06.26 11:08,Prod,A1000084.6675,Tisch 9,107,S1000084.59052,SALE,2,3.9,7.8,0.0,0.0,0.0,0.0,124,Cola Zero,Getränke,,MwSt. 19%,1.19,6.554622,1.245378,Normalverkauf
S1000084.59053,SP1000084.36.59053,SY1000084.2026.59053,iPad1(1000084),84,07.06.26 15:19,Prod,A1000084.6676,Tisch 1,112,S1000084.59053,SALE,2,5.5,11.0,0.0,0.0,0.0,0.0,111,Pommes Frites,Beilagen,,MwSt. 7%,1.07,10.280374,0.719626,Normalverkauf
S1000084.59054,SP1000084.36.59054,SY1000084.2026.59054,iPad1(1000084),84,07.06.26 15:19,Prod,A1000084.6676,Tisch 1,112,S1000084.59054,SALE,1,9.8,9.8,0.0,0.0,0.0,0.0,108,Seelachs-Ei-Baugette,Hauptgerichte,,MwSt. 7%,1.07,9.158879,0.641121,Normalverkauf
S1000084.59055,SP1000084.36.59055,SY1000084.2026.59055,iPad1(1000084),84,07.06.26 15:19,Prod,A1000084.6676,Tisch 1,112,S1000084.59055,SALE,2,3.9,7.8,0.0,0.0,0.0,0.0,126,Spezi,Getränke,,MwSt. 19%,1.19,6.554622,1.245378,Normalverkauf
S1000084.59056,SP1000084.36.59056,SY1000084.2026.59056,iPad1(1000084),84,07.06.26 12:46,Prod,A1000084.6677,Tisch 17,104,S1000084.59056,SALE,1,7.9,7.9,0.0,0.0,0.0,0.0,106,Neptun-Ringe,Beilagen,,MwSt. 7%,1.07,7.383178,0.516822,Normalverkauf
S1000084.59057,SP1000084.36.59057,SY1000084.2026.59057,iPad1(1000084),84,07.06.26 15:22,Prod,A1000084.6678,Tisch 4,108,S1000084.59057,SALE,1,5.9,5.9,0.0,0.0,0.0,0.0,117,Rote Grütze,Desserts,,MwSt. 7%,1.07,5.514019,0.385981,Normalverkauf
S1000084.59058,SP1000084.36.59058,SY1000084.2026.59058,iPad1(1000084),84,07.06.26 15:22,Prod,A1000084.6678,Tisch 4,108,S1000084.59058,SALE,2,5.5,11.0,0.0,0.0,0.0,0.0,111,Pommes Frites,Beilagen,,MwSt. 7%,1.07,10.280374,0.719626,Normalverkauf
S1000084.59059,SP1000084.36.59059,SY1000084.2026.59059,iPad1(1000084),84,07.06.26 13:35,Prod,A1000084.6679,,104,S1000084.59059,SALE,2,10.9,21.8,0.0,0.0,0.0,0.0,107,Chicken Burger,Hauptgerichte,,MwSt. 7%,1.07,20.373832,1.426168,Normalverkauf
S1000084.59060,SP1000084.36.59060,SY1000084.2026.59060,iPad1(1000084),84,07.06.26 13:35,Prod,A1000084.6679,,104,S1000084.59060,SALE,1,4.9,4.9,0.0,0.0,0.0,0.0,112,Kartoffelwedges,Beilagen,,MwSt. 7%,1.07,4.579439,0.320561,Normalverkauf
S1000084.59061,SP1000084.36.59061,SY1000084.2026.59061,iPad1(1000084),84,07.06.26 13:35,Prod,A1000084.6679,,104,S1000084.59061,SALE,1,7.9,7.9,0.0,0.0,0.0,0.0,115,Tiramisu,Desserts,,MwSt. 7%,1.07,7.383178,0.516822,Normalverkauf
S1000084.59062,SP1000084.36.59062,SY1000084.2026.59062,iPad1(1000084),84,07.06.26 19:23,Prod,A1000084.6680,Tisch 1,112,S1000084.59062,VOID,2,7.9,15.8,0.0,0.0,0.0,0.0,115,Tiramisu,Desserts,,MwSt. 7%,1.07,14.766355,1.033645,Normalverkauf
S1000084.59063,SP1000084.36.59063,SY1000084.2026.59063,iPad1(1000084),84,07.06.26 11:50,Prod,A1000084.6681,Tisch 5,112,S1000084.59063,SALE,2,4.2,8.4,0.0,0.0,0.0,0.0,122,Bier,Getränke,,MwSt. 19%,1.19,7.058824,1.341176,Normalverkauf
S1000084.59064,SP1000084.36.59064,SY1000084.2026.59064,iPad1(1000084),84,07.06.26 13:37,Prod,A1000084.6682,Tisch 14,107,S1000084.59064,SALE,1,4.9,4.9,0.0,0.0,0.0,0.0,112,Kartoffelwedges,Beilagen,,MwSt. 7%,1.07,4.579439,0.320561,Normalverkauf
S1000084.59065,SP1000084.36.59065,SY1000084.2026.59065,iPad1(1000084),84,07.06.26 17:45,Prod,A1000084.6683,Tisch 1,102,S1000084.59065,SALE,1,6.5,6.5,0.0,0.0,0.0,0.0,100,Fischbrötchen Backfisch,Hauptspeisen,,MwSt. 7%,1.07,6.074766,0.425234,Normalverkauf
S1000084.59066,SP1000084.36.59066,SY1000084.2026.59066,iPad1(1000084),84,07.06.26 11:03,Prod,A1000084.6684,Tisch 20,104,S1000084.59066,SALE,1,14.5,14.5,0.0,0.0,0.0,0.0,101,Lachs,Hauptspeisen,,MwSt. 7%,1.07,13.551402,0.948598,Normalverkauf
S1000084.59067,SP1000084.36.59067,SY1000084.2026.59067,iPad1(1000084),84,07.06.26 11:03,Prod,A1000084.6684,Tisch 20,104,S1000084.59067,SALE,1,3.2,3.2,0.0,0.0,0.0,0.0,120,Apfelschorle,Getränke,,MwSt. 19%,1.19,2.689076,0.510924,Normalverkauf
S1000084.59068,SP1000084.36.59068,SY1000084.2026.59068,iPad1(1000084),84,07.06.26 18:30,Prod,A1000084.6685,Tisch 8,112,S1000084.59068,SALE,2,5.9,11.8,0.0,0.0,0.0,0.0,125,Zitronen-Limonade,Getränke,,MwSt. 19%,1.19,9.915966,1.884034,Normalverkauf
S1000084.59069,SP1000084.36.59069,SY1000084.2026.59069,iPad1(1000084),84,07.06.26 11:25,Prod,A1000084.6686,Tisch 15,112,S1000084.59069,SALE,1,3.9,3.9,0.0,0.0,0.0,0.0,127,Alkoholfreies Bier,Getränke,,MwSt. 19%,1.19,3.277311,0.622689,Normalverkauf
S1000084.59070,SP1000084.36.59070,SY1000084.2026.59070,iPad1(1000084),84,07.06.26 11:25,Prod,A1000084.6686,Tisch 15,112,S1000084.59070,SALE,2,6.5,13.0,0.0,0.0,0.0,0.0,100,Fischbrötchen Backfisch,Hauptspeisen,,MwSt. 7%,1.07,12.149533,0.850467,Normalverkauf
S1000084.59071,SP1000084.36.59071,SY1000084.2026.59071,iPad1(1000084),84,07.06.26 11:25,Prod,A1000084.6686,Tisch 15,112,S1000084.59071,SALE,1,5.5,5.5,0.0,0.0,0.0,0.0,111,Pommes Frites,Beilagen,,MwSt. 7%,1.07,5.140187,0.359813,Normalverkauf
S1000084.59072,SP1000084.36.59072,SY1000084.2026.59072,iPad1(1000084),84,07.06.26 10:49,Prod,A1000084.6687,Tisch 23,112,S1000084.59072,SALE,2,5.5,11.0,0.0,0.0,0.0,0.0,111,Pommes Frites,Beilagen,,MwSt. 7%,1.07,10.280374,0.719626,Normalverkauf
S1000084.59073,SP1000084.36.59073,SY1000084.2026.59073,iPad1(1000084),84,07.06.26 20:00,Prod,A1000084.6688,,107,S1000084.59073,SALE,1,6.5,6.5,0.0,0.0,0.0,0.0,118,Schokokuchen,Desserts,,MwSt. 7%,1.07,6.074766,0.425234,Normalverkauf
S1000084.59074,SP1000084.36.59074,SY1000084.2026.59074,iPad1(1000084),84,07.06.26 20:00,Prod,A1000084.6688,,107,S1000084.59074,SALE,1,3.9,3.9,0.0,0.0,0.0,0.0,119,Cola,Getränke,,MwSt. 19%,1.19,3.277311,0.622689,Normalverkauf
S1000084.59075,SP1000084.36.59075,SY1000084.2026.59075,iPad1(1000084),84,07.06.26 11:56,Prod,A1000084.6689,Tisch 17,104,S1000084.59075,SALE,2,3.9,7.8,0.0,0.0,0.0,0.0,119,Cola,Getränke,,MwSt. 19%,1.19,6.554622,1.245378,Normalverkauf
S1000084.59076,SP1000084.36.59076,SY1000084.2026.59076,iPad1(1000084),84,07.06.26 11:45,Prod,A1000084.6690,Tisch 13,104,S1000084.59076,SALE,1,3.9,3.9,0.0,0.0,0.0,0.0,119,Cola,Getränke,,MwSt. 19%,1.19,3.277311,0.622689,Normalverkauf
S1000084.59077,SP1000084.36.59077,SY1000084.2026.59077,iPad1(1000084),84,07.06.26 11:45,Prod,A1000084.6690,Tisch 13,104,S1000084.59077,SALE,2,3.9,7.8,0.0,0.0,0.0,0.0,119,Cola,Getränke,,MwSt. 19%,1.19,6.554622,1.245378,Normalverkauf
S1000084.59078,SP1000084.36.59078,SY1000084.2026.59078,iPad1(1000084),84,07.06.26 11:45,Prod,A1000084.6690,Tisch 13,104,S1000084.59078,SALE,1,3.9,3.9,0.0,0.0,0.0,0.0,119,Cola,Getränke,,MwSt. 19%,1.19,3.277311,0.622689,Normalverkauf
S1000084.59079,SP1000084.36.59079,SY1000084.2026.59079,iPad1(1000084),84,07.06.26 11:01,Prod,A1000084.6691,,107,S1000084.59079,SALE,1,2.8,2.8,0.0,0.0,0.0,0.0,121,Mineralwasser,Getränke,,MwSt. 19%,1.19,2.352941,0.447059,Normalverkauf
S1000084.59080,SP1000084.36.59080,SY1000084.2026.59080,iPad1(1000084),84,07.06.26 11:01,Prod,A1000084.6691,,107,S1000084.59080,SALE,2,11.5,23.0,0.0,0.0,0.0,0.0,105,Garnelen-Kimchi-Bruger,Hauptgerichte,,MwSt. 7%,1.07,21.495327,1.504673,Normalverkauf
S1000084.59081,SP1000084.36.59081,SY1000084.2026.59081,iPad1(1000084),84,07.06.26 11:02,Prod,A1000084.6692,Tisch 20,104,S1000084.59081,SALE,1,4.9,4.9,0.0,0.0,0.0,0.0,112,Kartoffelwedges,Beilagen,,MwSt. 7%,1.07,4.579439,0.320561,Normalverkauf
S1000084.59082,SP1000084.36.59082,SY1000084.2026.59082,iPad1(1000084),84,07.06.26 19:09,Prod,A1000084.6693,Tisch 10,102,S1000084.59082,SALE,2,3.9,7.8,0.0,0.0,0.0,0.0,124,Cola Zero,Getränke,,MwSt. 19%,1.19,6.554622,1.245378,Normalverkauf
S1000084.59083,SP1000084.36.59083,SY1000084.2026.59083,iPad1(1000084),84,07.06.26 19:09,Prod,A1000084.6693,Tisch 10,102,S1000084.59083,SALE,1,3.9,3.9,0.0,0.0,0.0,0.0,119,Cola,Getränke,,MwSt. 19%,1.19,3.277311,0.622689,Normalverkauf
S1000084.59084,SP1000084.36.59084,SY1000084.2026.59084,iPad1(1000084),84,07.06.26 19:52,Prod,A1000084.6694,,107,S1000084.59084,SALE,1,6.5,6.5,0.0,0.0,0.0,0.0,100,Fischbrötchen Backfisch,Hauptspeisen,,MwSt. 7%,1.07,6.074766,0.425234,Normalverkauf
S1000084.59085,SP1000084.36.59085,SY1000084.2026.59085,iPad1(1000084),84,07.06.26 19:52,Prod,A1000084.6694,,107,S1000084.59085,SALE,2,3.9,7.8,0.0,0.0,0.0,0.0,119,Cola,Getränke,,MwSt. 19%,1.19,6.554622,1.245378,Normalverkauf
S1000084.59086,SP1000084.36.59086,SY1000084.2026.59086,iPad1(1000084),84,07.06.26 19:52,Prod,A1000084.6694,,107,S1000084.59086,SALE,1,3.9,3.9,0.0,0.0,0.0,0.0,119,Cola,Getränke,,MwSt. 19%,1.19,3.277311,0.622689,Normalverkauf
S1000084.59087,SP1000084.36.59087,SY1000084.2026.59087,iPad1(1000084),84,07.06.26 09:12,Prod,A1000084.6695,Tisch 8,112,S1000084.59087,VOID,1,5.9,5.9,0.0,0.0,0.0,0.0,116,Vanillequark,Desserts,,MwSt. 7%,1.07,5.514019,0.385981,Normalverkauf
S1000084.59088,SP1000084.36.59088,SY1000084.2026.59088,iPad1(1000084),84,08.06.26 19:00,Prod,A1000084.6696,Tisch 16,102,S1000084.59088,SALE,2,3.9,7.8,0.0,0.0,0.0,0.0,119,Cola,Getränke,,MwSt. 19%,1.19,6.554622,1.245378,Normalverkauf
S1000084.59089,SP1000084.36.59089,SY1000084.2026.59089,iPad1(1000084),84,08.06.26 13:42,Prod,A1000084.6697,Tisch 9,107,S1000084.59089,SALE,2,7.9,15.8,0.0,0.0,0.0,0.0,106,Neptun-Ringe,Beilagen,,MwSt. 7%,1.07,14.766355,1.033645,Normalverkauf
S1000084.59090,SP1000084.36.59090,SY1000084.2026.59090,iPad1(1000084),84,08.06.26 13:42,Prod,A1000084.6697,Tisch 9,107,S1000084.59090,SALE,2,10.9,21.8,0.0,0.0,0.0,0.0,109,Bismarck-Baguette,Hauptgerichte,,MwSt. 7%,1.07,20.373832,1.426168,Normalverkauf
S1000084.59091,SP1000084.36.59091,SY1000084.2026.59091,iPad1(1000084),84,08.06.26 16:01,Prod,A1000084.6698,Tisch 1,104,S1000084.59091,SALE,1,3.9,3.9,0.0,0.0,0.0,0.0,126,Spezi,Getränke,,MwSt. 19%,1.19,3.277311,0.622689,Normalverkauf
S1000084.59092,SP1000084.36.59092,SY1000084.2026.59092,iPad1(1000084),84,08.06.26 16:01,Prod,A1000084.6698,Tisch 1,104,S1000084.59092,SALE,2,4.2,8.4,0.0,0.0,0.0,0.0,122,Bier,Getränke,,MwSt. 19%,1.19,7.058824,1.341176,Normalverkauf
S1000084.59093,SP1000084.36.59093,SY1000084.2026.59093,iPad1(1000084),84,08.06.26 12:52,Prod,A1000084.6699,,104,S1000084.59093,VOID,2,4.2,8.4,0.0,0.0,0.0,0.0,122,Bier,Getränke,,MwSt. 19%,1.19,7.058824,1.341176,Normalverkauf
S1000084.59094,SP1000084.36.59094,SY1000084.2026.59094,iPad1(1000084),84,08.06.26 12:28,Prod,A1000084.6700,Tisch 14,102,S1000084.59094,SALE,2,3.9,7.8,0.0,0.0,0.0,0.0,119,Cola,Getränke,,MwSt. 19%,1.19,6.554622,1.245378,Normalverkauf
S1000084.59095,SP1000084.36.59095,SY1000084.2026.59095,iPad1(1000084),84,08.06.26 12:28,Prod,A1000084.6700,Tisch 14,102,S1000084.59095,SALE,1,5.5,5.5,0.0,0.0,0.0,0.0,114,Fisch Nuggets Box,Beilagen,,MwSt. 7%,1.07,5.140187,0.359813,Normalverkauf
S1000084.59096,SP1000084.36.59096,SY1000084.2026.59096,iPad1(1000084),84,08.06.26 12:28,Prod,A1000084.6700,Tisch 14,102,S1000084.59096,SALE,1,6.5,6.5,0.0,0.0,0.0,0.0,100,Fischbrötchen Backfisch,Hauptspeisen,,MwSt. 7%,1.07,6.074766,0.425234,Normalverkauf
S1000084.59097,SP1000084.36.59097,SY1000084.2026.59097,iPad1(1000084),84,08.06.26 18:57,Prod,A1000084.6701,Tisch 23,112,S1000084.59097,SALE,2,13.5,27.0,0.0,0.0,0.0,0.0,102,Matjes,Hauptspeisen,,MwSt. 7%,1.07,25.233645,1.766355,Normalverkauf
S1000084.59098,SP1000084.36.59098,SY1000084.2026.59098,iPad1(1000084),84,08.06.26 18:57,Prod,A1000084.6701,Tisch 23,112,S1000084.59098,SALE,2,5.9,11.8,0.0,0.0,0.0,0.0,125,Zitronen-Limonade,Getränke,,MwSt. 19%,1.19,9.915966,1.884034,Normalverkauf
S1000084.59099,SP1000084.36.59099,SY1000084.2026.59099,iPad1(1000084),84,08.06.26 12:41,Prod,A1000084.6702,Tisch 13,107,S1000084.59099,SALE,1,6.5,6.5,0.0,0.0,0.0,0.0,118,Schokokuchen,Desserts,,MwSt. 7%,1.07,6.074766,0.425234,Normalverkauf
S1000084.59100,SP1000084.36.59100,SY1000084.2026.59100,iPad1(1000084),84,08.06.26 08:07,Prod,A1000084.6703,Tisch 15,112,S1000084.59100,SALE,2,6.9,13.8,0.0,0.0,0.0,0.0,103,Fischbrötchen Räucherlachs,Hauptspeisen,,MwSt. 7%,1.07,12.897196,0.902804,Normalverkauf
S1000084.59101,SP1000084.36.59101,SY1000084.2026.59101,iPad1(1000084),84,08.06.26 08:07,Prod,A1000084.6703,Tisch 15,112,S1000084.59101,SALE,2,3.9,7.8,0.0,0.0,0.0,0.0,126,Spezi,Getränke,,MwSt. 19%,1.19,6.554622,1.245378,Normalverkauf
S1000084.59102,SP1000084.36.59102,SY1000084.2026.59102,iPad1(1000084),84,08.06.26 08:07,Prod,A1000084.6703,Tisch 15,112,S1000084.59102,SALE,1,3.9,3.9,0.0,0.0,0.0,0.0,119,Cola,Getränke,,MwSt. 19%,1.19,3.277311,0.622689,Normalverkauf
S1000084.59103,SP1000084.36.59103,SY1000084.2026.59103,iPad1(1000084),84,08.06.26 11:57,Prod,A1000084.6704,Tisch 3,107,S1000084.59103,SALE,1,14.5,14.5,0.0,0.0,0.0,0.0,101,Lachs,Hauptspeisen,,MwSt. 7%,1.07,13.551402,0.948598,Normalverkauf
S1000084.59104,SP1000084.36.59104,SY1000084.2026.59104,iPad1(1000084),84,08.06.26 12:45,Prod,A1000084.6705,Tisch 9,112,S1000084.59104,SALE,2,7.9,15.8,0.0,0.0,0.0,0.0,115,Tiramisu,Desserts,,MwSt. 7%,1.07,14.766355,1.033645,Normalverkauf
S1000084.59105,SP1000084.36.59105,SY1000084.2026.59105,iPad1(1000084),84,08.06.26 12:45,Prod,A1000084.6705,Tisch 9,112,S1000084.59105,SALE,2,3.9,7.8,0.0,0.0,0.0,0.0,119,Cola,Getränke,,MwSt. 19%,1.19,6.554622,1.245378,Normalverkauf
S1000084.59106,SP1000084.36.59106,SY1000084.2026.59106,iPad1(1000084),84,08.06.26 16:21,Prod,A1000084.6706,Tisch 10,104,S1000084.59106,SALE,2,14.5,29.0,0.0,0.0,0.0,0.0,101,Lachs,Hauptspeisen,,MwSt. 7%,1.07,27.102804,1.897196,Normalverkauf
S1000084.59107,SP1000084.36.59107,SY1000084.2026.59107,iPad1(1000084),84,08.06.26 16:21,Prod,A1000084.6706,Tisch 10,104,S1000084.59107,SALE,2,7.9,15.8,0.0,0.0,0.0,0.0,106,Neptun-Ringe,Beilagen,,MwSt. 7%,1.07,14.766355,1.033645,Normalverkauf
S1000084.59108,SP1000084.36.59108,SY1000084.2026.59108,iPad1(1000084),84,08.06.26 16:21,Prod,A1000084.6706,Tisch 10,104,S1000084.59108,SALE,1,5.5,5.5,0.0,0.0,0.0,0.0,114,Fisch Nuggets Box,Beilagen,,MwSt. 7%,1.07,5.140187,0.359813,Normalverkauf
S1000084.59109,SP1000084.36.59109,SY1000084.2026.59109,iPad1(1000084),84,08.06.26 16:07,Prod,A1000084.6707,Tisch 19,102,S1000084.59109,SALE,2,5.5,11.0,0.0,0.0,0.0,0.0,111,Pommes Frites,Beilagen,,MwSt. 7%,1.07,10.280374,0.719626,Normalverkauf
S1000084.59110,SP1000084.36.59110,SY1000084.2026.59110,iPad1(1000084),84,08.06.26 16:07,Prod,A1000084.6707,Tisch 19,102,S1000084.59110,SALE,1,3.9,3.9,0.0,0.0,0.0,0.0,126,Spezi,Getränke,,MwSt. 19%,1.19,3.277311,0.622689,Normalverkauf
S1000084.59111,SP1000084.36.59111,SY1000084.2026.59111,iPad1(1000084),84,08.06.26 16:07,Prod,A1000084.6707,Tisch 19,102,S1000084.59111,SALE,2,3.2,6.4,0.0,0.0,0.0,0.0,120,Apfelschorle,Getränke,,MwSt. 19%,1.19,5.378151,1.021849,Normalverkauf
S1000084.59112,SP1000084.36.59112,SY1000084.2026.59112,iPad1(1000084),84,08.06.26 16:55,Prod,A1000084.6708,Tisch 8,112,S1000084.59112,SALE,1,3.2,3.2,0.0,0.0,0.0,0.0,120,Apfelschorle,Getränke,,MwSt. 19%,1.19,2.689076,0.510924,Normalverkauf
S1000084.59113,SP1000084.36.59113,SY1000084.2026.59113,iPad1(1000084),84,08.06.26 16:55,Prod,A1000084.6708,Tisch 8,112,S1000084.59113,SALE,1,6.9,6.9,0.0,0.0,0.0,0.0,103,Fischbrötchen Räucherlachs,Hauptspeisen,,MwSt. 7%,1.07,6.448598,0.451402,Normalverkauf
S1000084.59114,SP1000084.36.59114,SY1000084.2026.59114,iPad1(1000084),84,08.06.26 17:26,Prod,A1000084.6709,Tisch 14,112,S1000084.59114,SALE,1,9.8,9.8,0.0,0.0,0.0,0.0,108,Seelachs-Ei-Baugette,Hauptgerichte,,MwSt. 7%,1.07,9.158879,0.641121,Normalverkauf
S1000084.59115,SP1000084.36.59115,SY1000084.2026.59115,iPad1(1000084),84,08.06.26 17:26,Prod,A1000084.6709,Tisch 14,112,S1000084.59115,SALE,1,5.5,5.5,0.0,0.0,0.0,0.0,111,Pommes Frites,Beilagen,,MwSt. 7%,1.07,5.140187,0.359813,Normalverkauf
S1000084.59116,SP1000084.36.59116,SY1000084.2026.59116,iPad1(1000084),84,08.06.26 18:41,Prod,A1000084.6710,Tisch 3,104,S1000084.59116,SALE,2,3.2,6.4,0.0,0.0,0.0,0.0,120,Apfelschorle,Getränke,,MwSt. 19%,1.19,5.378151,1.021849,Normalverkauf
S1000084.59117,SP1000084.36.59117,SY1000084.2026.59117,iPad1(1000084),84,08.06.26 19:38,Prod,A1000084.6711,Tisch 24,102,S1000084.59117,SALE,2,5.5,11.0,0.0,0.0,0.0,0.0,114,Fisch Nuggets Box,Beilagen,,MwSt. 7%,1.07,10.280374,0.719626,Normalverkauf
S1000084.59118,SP1000084.36.59118,SY1000084.2026.59118,iPad1(1000084),84,08.06.26 14:51,Prod,A1000084.6712,Tisch 8,108,S1000084.59118,SALE,1,5.5,5.5,0.0,0.0,0.0,0.0,111,Pommes Frites,Beilagen,,MwSt. 7%,1.07,5.140187,0.359813,Normalverkauf
S1000084.59119,SP1000084.36.59119,SY1000084.2026.59119,iPad1(1000084),84,08.06.26 14:51,Prod,A1000084.6712,Tisch 8,108,S1000084.59119,SALE,1,11.5,11.5,0.0,0.0,0.0,0.0,105,Garnelen-Kimchi-Bruger,Hauptgerichte,,MwSt. 7%,1.07,10.747664,0.752336,Normalverkauf
S1000084.59120,SP1000084.36.59120,SY1000084.2026.59120,iPad1(1000084),84,08.06.26 18:48,Prod,A1000084.6713,Tisch 4,108,S1000084.59120,SALE,1,13.5,13.5,0.0,0.0,0.0,0.0,102,Matjes,Hauptspeisen,,MwSt. 7%,1.07,12.616822,0.883178,Normalverkauf
S1000084.59121,SP1000084.36.59121,SY1000084.2026.59121,iPad1(1000084),84,08.06.26 17:42,Prod,A1000084.6714,,112,S1000084.59121,SALE,1,11.5,11.5,0.0,0.0,0.0,0.0,105,Garnelen-Kimchi-Bruger,Hauptgerichte,,MwSt. 7%,1.07,10.747664,0.752336,Normalverkauf
S1000084.59122,SP1000084.36.59122,SY1000084.2026.59122,iPad1(1000084),84,08.06.26 17:42,Prod,A1000084.6714,,112,S1000084.59122,SALE,1,3.9,3.9,0.0,0.0,0.0,0.0,119,Cola,Getränke,,MwSt. 19%,1.19,3.277311,0.622689,Normalverkauf
S1000084.59123,SP1000084.36.59123,SY1000084.2026.59123,iPad1(1000084),84,08.06.26 17:42,Prod,A1000084.6714,,112,S1000084.59123,SALE,1,4.2,4.2,0.0,0.0,0.0,0.0,122,Bier,Getränke,,MwSt. 19%,1.19,3.529412,0.670588,Normalverkauf
S1000084.59124,SP1000084.36.59124,SY1000084.2026.59124,iPad1(1000084),84,08.06.26 19:54,Prod,A1000084.6715,Tisch 14,112,S1000084.59124,SALE,2,3.9,7.8,0.0,0.0,0.0,0.0,127,Alkoholfreies Bier,Getränke,,MwSt. 19%,1.19,6.554622,1.245378,Normalverkauf
S1000084.59125,SP1000084.36.59125,SY1000084.2026.59125,iPad1(1000084),84,08.06.26 09:40,Prod,A1000084.6716,,102,S1000084.59125,SALE,1,14.5,14.5,0.0,0.0,0.0,0.0,101,Lachs,Hauptspeisen,,MwSt. 7%,1.07,13.551402,0.948598,Normalverkauf
S1000084.59126,SP1000084.36.59126,SY1000084.2026.59126,iPad1(1000084),84,08.06.26 09:40,Prod,A1000084.6716,,102,S1000084.59126,SALE,1,6.5,6.5,0.0,0.0,0.0,0.0,100,Fischbrötchen Backfisch,Hauptspeisen,,MwSt. 7%,1.07,6.074766,0.425234,Normalverkauf
S1000084.59127,SP1000084.36.59127,SY1000084.2026.59127,iPad1(1000084),84,08.06.26 10:55,Prod,A1000084.6717,Tisch 11,112,S1000084.59127,SALE,2,7.9,15.8,0.0,0.0,0.0,0.0,115,Tiramisu,Desserts,,MwSt. 7%,1.07,14.766355,1.033645,Normalverkauf
S1000084.59128,SP1000084.36.59128,SY1000084.2026.59128,iPad1(1000084),84,08.06.26 10:55,Prod,A1000084.6717,Tisch 11,112,S1000084.59128,SALE,1,4.2,4.2,0.0,0.0,0.0,0.0,122,Bier,Getränke,,MwSt. 19%,1.19,3.529412,0.670588,Normalverkauf
S1000084.59129,SP1000084.36.59129,SY1000084.2026.59129,iPad1(1000084),84,08.06.26 18:31,Prod,A1000084.6718,Tisch 3,112,S1000084.59129,SALE,1,5.9,5.9,0.0,0.0,0.0,0.0,125,Zitronen-Limonade,Getränke,,MwSt. 19%,1.19,4.957983,0.942017,Normalverkauf
S1000084.59130,SP1000084.36.59130,SY1000084.2026.59130,iPad1(1000084),84,08.06.26 18:31,Prod,A1000084.6718,Tisch 3,112,S1000084.59130,SALE,1,10.9,10.9,0.0,0.0,0.0,0.0,109,Bismarck-Baguette,Hauptgerichte,,MwSt. 7%,1.07,10.186916,0.713084,Normalverkauf
S1000084.59131,SP1000084.36.59131,SY1000084.2026.59131,iPad1(1000084),84,08.06.26 18:31,Prod,A1000084.6718,Tisch 3,112,S1000084.59131,SALE,1,5.5,5.5,0.0,0.0,0.0,0.0,111,Pommes Frites,Beilagen,,MwSt. 7%,1.07,5.140187,0.359813,Normalverkauf
S1000084.59132,SP1000084.36.59132,SY1000084.2026.59132,iPad1(1000084),84,08.06.26 14:26,Prod,A1000084.6719,Tisch 11,104,S1000084.59132,SALE,1,2.8,2.8,0.0,0.0,0.0,0.0,121,Mineralwasser,Getränke,,MwSt. 19%,1.19,2.352941,0.447059,Normalverkauf
S1000084.59133,SP1000084.36.59133,SY1000084.2026.59133,iPad1(1000084),84,08.06.26 14:26,Prod,A1000084.6719,Tisch 11,104,S1000084.59133,SALE,1,3.2,3.2,0.0,0.0,0.0,0.0,120,Apfelschorle,Getränke,,MwSt. 19%,1.19,2.689076,0.510924,Normalverkauf
S1000084.59134,SP1000084.36.59134,SY1000084.2026.59134,iPad1(1000084),84,08.06.26 14:26,Prod,A1000084.6719,Tisch 11,104,S1000084.59134,SALE,2,10.9,21.8,0.0,0.0,0.0,0.0,107,Chicken Burger,Hauptgerichte,,MwSt. 7%,1.07,20.373832,1.426168,Normalverkauf
S1000084.59135,SP1000084.36.59135,SY1000084.2026.59135,iPad1(1000084),84,08.06.26 12:08,Prod,A1000084.6720,Tisch 21,104,S1000084.59135,SALE,2,10.9,21.8,0.0,0.0,0.0,0.0,107,Chicken Burger,Hauptgerichte,,MwSt. 7%,1.07,20.373832,1.426168,Normalverkauf
S1000084.59136,SP1000084.36.59136,SY1000084.2026.59136,iPad1(1000084),84,08.06.26 18:26,Prod,A1000084.6721,Tisch 13,107,S1000084.59136,SALE,1,3.9,3.9,0.0,0.0,0.0,0.0,119,Cola,Getränke,,MwSt. 19%,1.19,3.277311,0.622689,Normalverkauf
S1000084.59137,SP1000084.36.59137,SY1000084.2026.59137,iPad1(1000084),84,08.06.26 10:26,Prod,A1000084.6722,Tisch 23,104,S1000084.59137,SALE,2,5.9,11.8,0.0,0.0,0.0,0.0,123,Inger-Limonade,Getränke,,MwSt. 19%,1.19,9.915966,1.884034,Normalverkauf
S1000084.59138,SP1000084.36.59138,SY1000084.2026.59138,iPad1(1000084),84,08.06.26 10:26,Prod,A1000084.6722,Tisch 23,104,S1000084.59138,SALE,1,3.9,3.9,0.0,0.0,0.0,0.0,127,Alkoholfreies Bier,Getränke,,MwSt. 19%,1.19,3.277311,0.622689,Normalverkauf
S1000084.59139,SP1000084.36.59139,SY1000084.2026.59139,iPad1(1000084),84,08.06.26 17:43,Prod,A1000084.6723,Tisch 1,112,S1000084.59139,SALE,1,5.5,5.5,0.0,0.0,0.0,0.0,111,Pommes Frites,Beilagen,,MwSt. 7%,1.07,5.140187,0.359813,Normalverkauf
S1000084.59140,SP1000084.36.59140,SY1000084.2026.59140,iPad1(1000084),84,08.06.26 17:43,Prod,A1000084.6723,Tisch 1,112,S1000084.59140,SALE,1,6.9,6.9,0.0,0.0,0.0,0.0,103,Fischbrötchen Räucherlachs,Hauptspeisen,,MwSt. 7%,1.07,6.448598,0.451402,Normalverkauf
S1000084.59141,SP1000084.36.59141,SY1000084.2026.59141,iPad1(1000084),84,08.06.26 17:31,Prod,A1000084.6724,Tisch 16,107,S1000084.59141,VOID,2,3.9,7.8,0.0,0.0,0.0,0.0,119,Cola,Getränke,,MwSt. 19%,1.19,6.554622,1.245378,Normalverkauf
S1000084.59142,SP1000084.36.59142,SY1000084.2026.59142,iPad1(1000084),84,08.06.26 13:12,Prod,A1000084.6725,,112,S1000084.59142,SALE,2,3.9,7.8,0.0,0.0,0.0,0.0,127,Alkoholfreies Bier,Getränke,,MwSt. 19%,1.19,6.554622,1.245378,Normalverkauf
S1000084.59143,SP1000084.36.59143,SY1000084.2026.59143,iPad1(1000084),84,08.06.26 20:09,Prod,A1000084.6726,Tisch 10,112,S1000084.59143,SALE,2,10.9,21.8,0.0,0.0,0.0,0.0,107,Chicken Burger,Hauptgerichte,,MwSt. 7%,1.07,20.373832,1.426168,Normalverkauf
S1000084.59144,SP1000084.36.59144,SY1000084.2026.59144,iPad1(1000084),84,08.06.26 15:01,Prod,A1000084.6727,Tisch 6,112,S1000084.59144,SALE,2,10.9,21.8,0.0,0.0,0.0,0.0,107,Chicken Burger,Hauptgerichte,,MwSt. 7%,1.07,20.373832,1.426168,Normalverkauf
S1000084.59145,SP1000084.36.59145,SY1000084.2026.59145,iPad1(1000084),84,08.06.26 15:01,Prod,A1000084.6727,Tisch 6,112,S1000084.59145,SALE,2,10.9,21.8,0.0,0.0,0.0,0.0,104,Thunfisch Wrap,Hauptgerichte,,MwSt. 7%,1.07,20.373832,1.426168,Normalverkauf
S1000084.59146,SP1000084.36.59146,SY1000084.2026.59146,iPad1(1000084),84,08.06.26 12:24,Prod,A1000084.6728,Tisch 8,108,S1000084.59146,SALE,2,11.9,23.8,0.0,0.0,0.0,0.0,110,Matjes-Baguette,Hauptgerichte,,MwSt. 7%,1.07,22.242991,1.557009,Normalverkauf
S1000084.59147,SP1000084.36.59147,SY1000084.2026.59147,iPad1(1000084),84,08.06.26 12:24,Prod,A1000084.6728,Tisch 8,108,S1000084.59147,SALE,2,10.9,21.8,0.0,0.0,0.0,0.0,104,Thunfisch Wrap,Hauptgerichte,,MwSt. 7%,1.07,20.373832,1.426168,Normalverkauf
S1000084.59148,SP1000084.36.59148,SY1000084.2026.59148,iPad1(1000084),84,08.06.26 19:49,Prod,A1000084.6729,Tisch 19,108,S1000084.59148,SALE,2,5.5,11.0,0.0,0.0,0.0,0.0,114,Fisch Nuggets Box,Beilagen,,MwSt. 7%,1.07,10.280374,0.719626,Normalverkauf
S1000084.59149,SP1000084.36.59149,SY1000084.2026.59149,iPad1(1000084),84,08.06.26 19:49,Prod,A1000084.6729,Tisch 19,108,S1000084.59149,SALE,1,2.8,2.8,0.0,0.0,0.0,0.0,121,Mineralwasser,Getränke,,MwSt. 19%,1.19,2.352941,0.447059,Normalverkauf
S1000084.59150,SP1000084.36.59150,SY1000084.2026.59150,iPad1(1000084),84,08.06.26 19:49,Prod,A1000084.6729,Tisch 19,108,S1000084.59150,SALE,1,6.9,6.9,0.0,0.0,0.0,0.0,103,Fischbrötchen Räucherlachs,Hauptspeisen,,MwSt. 7%,1.07,6.448598,0.451402,Normalverkauf
S1000084.59151,SP1000084.36.59151,SY1000084.2026.59151,iPad1(1000084),84,08.06.26 08:00,Prod,A1000084.6730,Tisch 17,112,S1000084.59151,SALE,2,6.5,13.0,0.0,0.0,0.0,0.0,100,Fischbrötchen Backfisch,Hauptspeisen,,MwSt. 7%,1.07,12.149533,0.850467,Normalverkauf
S1000084.59152,SP1000084.36.59152,SY1000084.2026.59152,iPad1(1000084),84,08.06.26 08:00,Prod,A1000084.6730,Tisch 17,112,S1000084.59152,SALE,1,4.2,4.2,0.0,0.0,0.0,0.0,122,Bier,Getränke,,MwSt. 19%,1.19,3.529412,0.670588,Normalverkauf
S1000084.59153,SP1000084.36.59153,SY1000084.2026.59153,iPad1(1000084),84,08.06.26 16:41,Prod,A1000084.6731,Tisch 20,107,S1000084.59153,SALE,2,2.8,5.6,0.0,0.0,0.0,0.0,121,Mineralwasser,Getränke,,MwSt. 19%,1.19,4.705882,0.894118,Normalverkauf
S1000084.59154,SP1000084.36.59154,SY1000084.2026.59154,iPad1(1000084),84,08.06.26 11:20,Prod,A1000084.6732,Tisch 2,104,S1000084.59154,VOID,2,6.5,13.0,0.0,0.0,0.0,0.0,118,Schokokuchen,Desserts,,MwSt. 7%,1.07,12.149533,0.850467,Normalverkauf
S1000084.59155,SP1000084.36.59155,SY1000084.2026.59155,iPad1(1000084),84,08.06.26 11:20,Prod,A1000084.6732,Tisch 2,104,S1000084.59155,VOID,2,6.9,13.8,0.0,0.0,0.0,0.0,103,Fischbrötchen Räucherlachs,Hauptspeisen,,MwSt. 7%,1.07,12.897196,0.902804,Normalverkauf
S1000084.59156,SP1000084.36.59156,SY1000084.2026.59156,iPad1(1000084),84,08.06.26 12:44,Prod,A1000084.6733,Tisch 12,102,S1000084.59156,VOID,2,9.8,19.6,0.0,0.0,0.0,0.0,108,Seelachs-Ei-Baugette,Hauptgerichte,,MwSt. 7%,1.07,18.317757,1.282243,Normalverkauf
S1000084.59157,SP1000084.36.59157,SY1000084.2026.59157,iPad1(1000084),84,08.06.26 12:16,Prod,A1000084.6734,Tisch 14,104,S1000084.59157,SALE,2,4.2,8.4,0.0,0.0,0.0,0.0,122,Bier,Getränke,,MwSt. 19%,1.19,7.058824,1.341176,Normalverkauf
S1000084.59158,SP1000084.36.59158,SY1000084.2026.59158,iPad1(1000084),84,08.06.26 18:52,Prod,A1000084.6735,Tisch 5,112,S1000084.59158,SALE,2,13.5,27.0,0.0,0.0,0.0,0.0,102,Matjes,Hauptspeisen,,MwSt. 7%,1.07,25.233645,1.766355,Normalverkauf
S1000084.59159,SP1000084.36.59159,SY1000084.2026.59159,iPad1(1000084),84,08.06.26 13:56,Prod,A1000084.6736,Tisch 3,104,S1000084.59159,SALE,2,6.5,13.0,0.0,0.0,0.0,0.0,100,Fischbrötchen Backfisch,Hauptspeisen,,MwSt. 7%,1.07,12.149533,0.850467,Normalverkauf
S1000084.59160,SP1000084.36.59160,SY1000084.2026.59160,iPad1(1000084),84,08.06.26 13:56,Prod,A1000084.6736,Tisch 3,104,S1000084.59160,SALE,2,5.5,11.0,0.0,0.0,0.0,0.0,111,Pommes Frites,Beilagen,,MwSt. 7%,1.07,10.280374,0.719626,Normalverkauf
S1000084.59161,SP1000084.36.59161,SY1000084.2026.59161,iPad1(1000084),84,08.06.26 15:11,Prod,A1000084.6737,Tisch 3,112,S1000084.59161,SALE,1,5.5,5.5,0.0,0.0,0.0,0.0,114,Fisch Nuggets Box,Beilagen,,MwSt. 7%,1.07,5.140187,0.359813,Normalverkauf
S1000084.59162,SP1000084.36.59162,SY1000084.2026.59162,iPad1(1000084),84,08.06.26 11:50,Prod,A1000084.6738,Tisch 9,104,S1000084.59162,SALE,2,4.9,9.8,0.0,0.0,0.0,0.0,112,Kartoffelwedges,Beilagen,,MwSt. 7%,1.07,9.158879,0.641121,Normalverkauf
S1000084.59163,SP1000084.36.59163,SY1000084.2026.59163,iPad1(1000084),84,08.06.26 11:50,Prod,A1000084.6738,Tisch 9,104,S1000084.59163,SALE,2,3.2,6.4,0.0,0.0,0.0,0.0,120,Apfelschorle,Getränke,,MwSt. 19%,1.19,5.378151,1.021849,Normalverkauf
S1000084.59164,SP1000084.36.59164,SY1000084.2026.59164,iPad1(1000084),84,08.06.26 11:50,Prod,A1000084.6738,Tisch 9,104,S1000084.59164,SALE,2,3.9,7.8,0.0,0.0,0.0,0.0,127,Alkoholfreies Bier,Getränke,,MwSt. 19%,1.19,6.554622,1.245378,Normalverkauf
S1000084.59165,SP1000084.36.59165,SY1000084.2026.59165,iPad1(1000084),84,08.06.26 19:11,Prod,A1000084.6739,Tisch 10,104,S1000084.59165,SALE,2,5.5,11.0,0.0,0.0,0.0,0.0,111,Pommes Frites,Beilagen,,MwSt. 7%,1.07,10.280374,0.719626,Normalverkauf
S1000084.59166,SP1000084.36.59166,SY1000084.2026.59166,iPad1(1000084),84,08.06.26 13:00,Prod,A1000084.6740,Tisch 9,107,S1000084.59166,SALE,1,5.5,5.5,0.0,0.0,0.0,0.0,111,Pommes Frites,Beilagen,,MwSt. 7%,1.07,5.140187,0.359813,Normalverkauf
S1000084.59167,SP1000084.36.59167,SY1000084.2026.59167,iPad1(1000084),84,08.06.26 09:52,Prod,A1000084.6741,,104,S1000084.59167,SALE,2,3.9,7.8,0.0,0.0,0.0,0.0,126,Spezi,Getränke,,MwSt. 19%,1.19,6.554622,1.245378,Normalverkauf
S1000084.59168,SP1000084.36.59168,SY1000084.2026.59168,iPad1(1000084),84,08.06.26 16:26,Prod,A1000084.6742,Tisch 6,107,S1000084.59168,SALE,2,5.5,11.0,0.0,0.0,0.0,0.0,111,Pommes Frites,Beilagen,,MwSt. 7%,1.07,10.280374,0.719626,Normalverkauf
S1000084.59169,SP1000084.36.59169,SY1000084.2026.59169,iPad1(1000084),84,08.06.26 13:16,Prod,A1000084.6743,Tisch 22,108,S1000084.59169,SALE,1,7.9,7.9,0.0,0.0,0.0,0.0,115,Tiramisu,Desserts,,MwSt. 7%,1.07,7.383178,0.516822,Normalverkauf
S1000084.59170,SP1000084.36.59170,SY1000084.2026.59170,iPad1(1000084),84,08.06.26 13:16,Prod,A1000084.6743,Tisch 22,108,S1000084.59170,SALE,1,5.9,5.9,0.0,0.0,0.0,0.0,123,Inger-Limonade,Getränke,,MwSt. 19%,1.19,4.957983,0.942017,Normalverkauf
S1000084.59171,SP1000084.36.59171,SY1000084.2026.59171,iPad1(1000084),84,08.06.26 19:41,Prod,A1000084.6744,Tisch 4,104,S1000084.59171,SALE,2,6.9,13.8,0.0,0.0,0.0,0.0,103,Fischbrötchen Räucherlachs,Hauptspeisen,,MwSt. 7%,1.07,12.897196,0.902804,Normalverkauf
S1000084.59172,SP1000084.36.59172,SY1000084.2026.59172,iPad1(1000084),84,08.06.26 19:41,Prod,A1000084.6744,Tisch 4,104,S1000084.59172,SALE,2,10.9,21.8,0.0,0.0,0.0,0.0,107,Chicken Burger,Hauptgerichte,,MwSt. 7%,1.07,20.373832,1.426168,Normalverkauf
S1000084.59173,SP1000084.36.59173,SY1000084.2026.59173,iPad1(1000084),84,08.06.26 19:41,Prod,A1000084.6744,Tisch 4,104,S1000084.59173,SALE,2,10.9,21.8,0.0,0.0,0.0,0.0,107,Chicken Burger,Hauptgerichte,,MwSt. 7%,1.07,20.373832,1.426168,Normalverkauf
S1000084.59174,SP1000084.36.59174,SY1000084.2026.59174,iPad1(1000084),84,08.06.26 10:34,Prod,A1000084.6745,Tisch 23,108,S1000084.59174,SALE,2,3.9,7.8,0.0,0.0,0.0,0.0,119,Cola,Getränke,,MwSt. 19%,1.19,6.554622,1.245378,Normalverkauf
S1000084.59175,SP1000084.36.59175,SY1000084.2026.59175,iPad1(1000084),84,08.06.26 19:18,Prod,A1000084.6746,Tisch 16,104,S1000084.59175,VOID,1,5.5,5.5,0.0,0.0,0.0,0.0,111,Pommes Frites,Beilagen,,MwSt. 7%,1.07,5.140187,0.359813,Normalverkauf
S1000084.59176,SP1000084.36.59176,SY1000084.2026.59176,iPad1(1000084),84,08.06.26 12:44,Prod,A1000084.6747,Tisch 20,104,S1000084.59176,SALE,1,10.9,10.9,0.0,0.0,0.0,0.0,104,Thunfisch Wrap,Hauptgerichte,,MwSt. 7%,1.07,10.186916,0.713084,Normalverkauf
S1000084.59177,SP1000084.36.59177,SY1000084.2026.59177,iPad1(1000084),84,08.06.26 12:44,Prod,A1000084.6747,Tisch 20,104,S1000084.59177,SALE,1,3.9,3.9,0.0,0.0,0.0,0.0,126,Spezi,Getränke,,MwSt. 19%,1.19,3.277311,0.622689,Normalverkauf
S1000084.59178,SP1000084.36.59178,SY1000084.2026.59178,iPad1(1000084),84,08.06.26 12:44,Prod,A1000084.6747,Tisch 20,104,S1000084.59178,SALE,1,3.9,3.9,0.0,0.0,0.0,0.0,119,Cola,Getränke,,MwSt. 19%,1.19,3.277311,0.622689,Normalverkauf
S1000084.59179,SP1000084.36.59179,SY1000084.2026.59179,iPad1(1000084),84,08.06.26 10:56,Prod,A1000084.6748,Tisch 14,104,S1000084.59179,SALE,2,5.9,11.8,0.0,0.0,0.0,0.0,116,Vanillequark,Desserts,,MwSt. 7%,1.07,11.028037,0.771963,Normalverkauf
S1000084.59180,SP1000084.36.59180,SY1000084.2026.59180,iPad1(1000084),84,08.06.26 10:56,Prod,A1000084.6748,Tisch 14,104,S1000084.59180,SALE,1,6.5,6.5,0.0,0.0,0.0,0.0,118,Schokokuchen,Desserts,,MwSt. 7%,1.07,6.074766,0.425234,Normalverkauf
S1000084.59181,SP1000084.36.59181,SY1000084.2026.59181,iPad1(1000084),84,08.06.26 10:56,Prod,A1000084.6748,Tisch 14,104,S1000084.59181,SALE,2,5.9,11.8,0.0,0.0,0.0,0.0,123,Inger-Limonade,Getränke,,MwSt. 19%,1.19,9.915966,1.884034,Normalverkauf
S1000084.59182,SP1000084.36.59182,SY1000084.2026.59182,iPad1(1000084),84,08.06.26 18:10,Prod,A1000084.6749,Tisch 2,104,S1000084.59182,VOID,2,5.5,11.0,0.0,0.0,0.0,0.0,111,Pommes Frites,Beilagen,,MwSt. 7%,1.07,10.280374,0.719626,Normalverkauf
S1000084.59183,SP1000084.36.59183,SY1000084.2026.59183,iPad1(1000084),84,08.06.26 18:10,Prod,A1000084.6749,Tisch 2,104,S1000084.59183,VOID,1,13.5,13.5,0.0,0.0,0.0,0.0,102,Matjes,Hauptspeisen,,MwSt. 7%,1.07,12.616822,0.883178,Normalverkauf
S1000084.59184,SP1000084.36.59184,SY1000084.2026.59184,iPad1(1000084),84,08.06.26 11:55,Prod,A1000084.6750,Tisch 17,104,S1000084.59184,SALE,1,5.9,5.9,0.0,0.0,0.0,0.0,116,Vanillequark,Desserts,,MwSt. 7%,1.07,5.514019,0.385981,Normalverkauf
S1000084.59185,SP1000084.36.59185,SY1000084.2026.59185,iPad1(1000084),84,08.06.26 11:55,Prod,A1000084.6750,Tisch 17,104,S1000084.59185,SALE,2,4.2,8.4,0.0,0.0,0.0,0.0,122,Bier,Getränke,,MwSt. 19%,1.19,7.058824,1.341176,Normalverkauf
S1000084.59186,SP1000084.36.59186,SY1000084.2026.59186,iPad1(1000084),84,08.06.26 11:55,Prod,A1000084.6750,Tisch 17,104,S1000084.59186,SALE,2,10.9,21.8,0.0,0.0,0.0,0.0,107,Chicken Burger,Hauptgerichte,,MwSt. 7%,1.07,20.373832,1.426168,Normalverkauf
S1000084.59187,SP1000084.36.59187,SY1000084.2026.59187,iPad1(1000084),84,08.06.26 12:28,Prod,A1000084.6751,Tisch 14,104,S1000084.59187,SALE,2,6.9,13.8,0.0,0.0,0.0,0.0,103,Fischbrötchen Räucherlachs,Hauptspeisen,,MwSt. 7%,1.07,12.897196,0.902804,Normalverkauf
S1000084.59188,SP1000084.36.59188,SY1000084.2026.59188,iPad1(1000084),84,08.06.26 17:57,Prod,A1000084.6752,Tisch 1,107,S1000084.59188,SALE,1,6.9,6.9,0.0,0.0,0.0,0.0,103,Fischbrötchen Räucherlachs,Hauptspeisen,,MwSt. 7%,1.07,6.448598,0.451402,Normalverkauf
S1000084.59189,SP1000084.36.59189,SY1000084.2026.59189,iPad1(1000084),84,08.06.26 17:57,Prod,A1000084.6752,Tisch 1,107,S1000084.59189,SALE,2,5.5,11.0,0.0,0.0,0.0,0.0,111,Pommes Frites,Beilagen,,MwSt. 7%,1.07,10.280374,0.719626,Normalverkauf
S1000084.59190,SP1000084.36.59190,SY1000084.2026.59190,iPad1(1000084),84,08.06.26 17:57,Prod,A1000084.6752,Tisch 1,107,S1000084.59190,SALE,1,10.9,10.9,0.0,0.0,0.0,0.0,104,Thunfisch Wrap,Hauptgerichte,,MwSt. 7%,1.07,10.186916,0.713084,Normalverkauf
S1000084.59191,SP1000084.36.59191,SY1000084.2026.59191,iPad1(1000084),84,08.06.26 13:55,Prod,A1000084.6753,Tisch 12,112,S1000084.59191,VOID,2,3.9,7.8,0.0,0.0,0.0,0.0,119,Cola,Getränke,,MwSt. 19%,1.19,6.554622,1.245378,Normalverkauf
S1000084.59192,SP1000084.36.59192,SY1000084.2026.59192,iPad1(1000084),84,08.06.26 13:55,Prod,A1000084.6753,Tisch 12,112,S1000084.59192,VOID,2,4.2,8.4,0.0,0.0,0.0,0.0,122,Bier,Getränke,,MwSt. 19%,1.19,7.058824,1.341176,Normalverkauf
S1000084.59193,SP1000084.36.59193,SY1000084.2026.59193,iPad1(1000084),84,08.06.26 11:02,Prod,A1000084.6754,Tisch 11,112,S1000084.59193,SALE,1,11.9,11.9,0.0,0.0,0.0,0.0,110,Matjes-Baguette,Hauptgerichte,,MwSt. 7%,1.07,11.121495,0.778505,Normalverkauf
S1000084.59194,SP1000084.36.59194,SY1000084.2026.59194,iPad1(1000084),84,08.06.26 11:02,Prod,A1000084.6754,Tisch 11,112,S1000084.59194,SALE,2,7.9,15.8,0.0,0.0,0.0,0.0,115,Tiramisu,Desserts,,MwSt. 7%,1.07,14.766355,1.033645,Normalverkauf
S1000084.59195,SP1000084.36.59195,SY1000084.2026.59195,iPad1(1000084),84,08.06.26 11:02,Prod,A1000084.6754,Tisch 11,112,S1000084.59195,SALE,1,5.5,5.5,0.0,0.0,0.0,0.0,111,Pommes Frites,Beilagen,,MwSt. 7%,1.07,5.140187,0.359813,Normalverkauf
S1000084.59196,SP1000084.36.59196,SY1000084.2026.59196,iPad1(1000084),84,08.06.26 12:29,Prod,A1000084.6755,Tisch 21,112,S1000084.59196,SALE,1,2.8,2.8,0.0,0.0,0.0,0.0,121,Mineralwasser,Getränke,,MwSt. 19%,1.19,2.352941,0.447059,Normalverkauf
S1000084.59197,SP1000084.36.59197,SY1000084.2026.59197,iPad1(1000084),84,08.06.26 16:05,Prod,A1000084.6756,Tisch 12,107,S1000084.59197,SALE,2,3.9,7.8,0.0,0.0,0.0,0.0,126,Spezi,Getränke,,MwSt. 19%,1.19,6.554622,1.245378,Normalverkauf
S1000084.59198,SP1000084.36.59198,SY1000084.2026.59198,iPad1(1000084),84,08.06.26 16:05,Prod,A1000084.6756,Tisch 12,107,S1000084.59198,SALE,2,10.9,21.8,0.0,0.0,0.0,0.0,107,Chicken Burger,Hauptgerichte,,MwSt. 7%,1.07,20.373832,1.426168,Normalverkauf
S1000084.59199,SP1000084.36.59199,SY1000084.2026.59199,iPad1(1000084),84,08.06.26 16:54,Prod,A1000084.6757,Tisch 8,112,S1000084.59199,SALE,1,10.9,10.9,0.0,0.0,0.0,0.0,104,Thunfisch Wrap,Hauptgerichte,,MwSt. 7%,1.07,10.186916,0.713084,Normalverkauf
S1000084.59200,SP1000084.36.59200,SY1000084.2026.59200,iPad1(1000084),84,08.06.26 12:38,Prod,A1000084.6758,Tisch 4,108,S1000084.59200,SALE,1,3.9,3.9,0.0,0.0,0.0,0.0,119,Cola,Getränke,,MwSt. 19%,1.19,3.277311,0.622689,Normalverkauf
S1000084.59201,SP1000084.36.59201,SY1000084.2026.59201,iPad1(1000084),84,08.06.26 12:38,Prod,A1000084.6758,Tisch 4,108,S1000084.59201,SALE,2,6.5,13.0,0.0,0.0,0.0,0.0,100,Fischbrötchen Backfisch,Hauptspeisen,,MwSt. 7%,1.07,12.149533,0.850467,Normalverkauf
S1000084.59202,SP1000084.36.59202,SY1000084.2026.59202,iPad1(1000084),84,08.06.26 12:38,Prod,A1000084.6758,Tisch 4,108,S1000084.59202,SALE,1,5.5,5.5,0.0,0.0,0.0,0.0,111,Pommes Frites,Beilagen,,MwSt. 7%,1.07,5.140187,0.359813,Normalverkauf
S1000084.59203,SP1000084.36.59203,SY1000084.2026.59203,iPad1(1000084),84,08.06.26 19:40,Prod,A1000084.6759,Tisch 12,104,S1000084.59203,SALE,2,3.9,7.8,0.0,0.0,0.0,0.0,124,Cola Zero,Getränke,,MwSt. 19%,1.19,6.554622,1.245378,Normalverkauf
S1000084.59204,SP1000084.36.59204,SY1000084.2026.59204,iPad1(1000084),84,08.06.26 20:02,Prod,A1000084.6760,Tisch 23,104,S1000084.59204,SALE,2,3.9,7.8,0.0,0.0,0.0,0.0,126,Spezi,Getränke,,MwSt. 19%,1.19,6.554622,1.245378,Normalverkauf
S1000084.59205,SP1000084.36.59205,SY1000084.2026.59205,iPad1(1000084),84,08.06.26 13:16,Prod,A1000084.6761,Tisch 11,112,S1000084.59205,SALE,1,11.9,11.9,0.0,0.0,0.0,0.0,110,Matjes-Baguette,Hauptgerichte,,MwSt. 7%,1.07,11.121495,0.778505,Normalverkauf
S1000084.59206,SP1000084.36.59206,SY1000084.2026.59206,iPad1(1000084),84,08.06.26 13:16,Prod,A1000084.6761,Tisch 11,112,S1000084.59206,SALE,2,3.9,7.8,0.0,0.0,0.0,0.0,119,Cola,Getränke,,MwSt. 19%,1.19,6.554622,1.245378,Normalverkauf
S1000084.59207,SP1000084.36.59207,SY1000084.2026.59207,iPad1(1000084),84,08.06.26 12:14,Prod,A1000084.6762,Tisch 9,108,S1000084.59207,VOID,2,11.5,23.0,0.0,0.0,0.0,0.0,105,Garnelen-Kimchi-Bruger,Hauptgerichte,,MwSt. 7%,1.07,21.495327,1.504673,Normalverkauf
S1000084.59208,SP1000084.36.59208,SY1000084.2026.59208,iPad1(1000084),84,08.06.26 18:10,Prod,A1000084.6763,Tisch 16,107,S1000084.59208,SALE,2,6.9,13.8,0.0,0.0,0.0,0.0,113,Garnelen Box,Beilagen,,MwSt. 7%,1.07,12.897196,0.902804,Normalverkauf
S1000084.59209,SP1000084.36.59209,SY1000084.2026.59209,iPad1(1000084),84,08.06.26 18:10,Prod,A1000084.6763,Tisch 16,107,S1000084.59209,SALE,1,3.9,3.9,0.0,0.0,0.0,0.0,126,Spezi,Getränke,,MwSt. 19%,1.19,3.277311,0.622689,Normalverkauf
S1000084.59210,SP1000084.36.59210,SY1000084.2026.59210,iPad1(1000084),84,08.06.26 19:49,Prod,A1000084.6764,Tisch 1,108,S1000084.59210,SALE,1,11.5,11.5,0.0,0.0,0.0,0.0,105,Garnelen-Kimchi-Bruger,Hauptgerichte,,MwSt. 7%,1.07,10.747664,0.752336,Normalverkauf
S1000084.59211,SP1000084.36.59211,SY1000084.2026.59211,iPad1(1000084),84,08.06.26 17:36,Prod,A1000084.6765,Tisch 3,104,S1000084.59211,SALE,1,10.9,10.9,0.0,0.0,0.0,0.0,107,Chicken Burger,Hauptgerichte,,MwSt. 7%,1.07,10.186916,0.713084,Normalverkauf
S1000084.59212,SP1000084.36.59212,SY1000084.2026.59212,iPad1(1000084),84,08.06.26 17:36,Prod,A1000084.6765,Tisch 3,104,S1000084.59212,SALE,1,3.9,3.9,0.0,0.0,0.0,0.0,124,Cola Zero,Getränke,,MwSt. 19%,1.19,3.277311,0.622689,Normalverkauf
S1000084.59213,SP1000084.36.59213,SY1000084.2026.59213,iPad1(1000084),84,08.06.26 12:32,Prod,A1000084.6766,,102,S1000084.59213,SALE,1,14.5,14.5,0.0,0.0,0.0,0.0,101,Lachs,Hauptspeisen,,MwSt. 7%,1.07,13.551402,0.948598,Normalverkauf
S1000084.59214,SP1000084.36.59214,SY1000084.2026.59214,iPad1(1000084),84,08.06.26 12:32,Prod,A1000084.6766,,102,S1000084.59214,SALE,2,3.9,7.8,0.0,0.0,0.0,0.0,126,Spezi,Getränke,,MwSt. 19%,1.19,6.554622,1.245378,Normalverkauf
S1000084.59215,SP1000084.36.59215,SY1000084.2026.59215,iPad1(1000084),84,08.06.26 11:40,Prod,A1000084.6767,Tisch 24,112,S1000084.59215,SALE,2,5.5,11.0,0.0,0.0,0.0,0.0,114,Fisch Nuggets Box,Beilagen,,MwSt. 7%,1.07,10.280374,0.719626,Normalverkauf
S1000084.59216,SP1000084.36.59216,SY1000084.2026.59216,iPad1(1000084),84,08.06.26 11:40,Prod,A1000084.6767,Tisch 24,112,S1000084.59216,SALE,2,6.9,13.8,0.0,0.0,0.0,0.0,103,Fischbrötchen Räucherlachs,Hauptspeisen,,MwSt. 7%,1.07,12.897196,0.902804,Normalverkauf
S1000084.59217,SP1000084.36.59217,SY1000084.2026.59217,iPad1(1000084),84,08.06.26 18:49,Prod,A1000084.6768,Tisch 6,102,S1000084.59217,VOID,1,3.9,3.9,0.0,0.0,0.0,0.0,119,Cola,Getränke,,MwSt. 19%,1.19,3.277311,0.622689,Normalverkauf
S1000084.59218,SP1000084.36.59218,SY1000084.2026.59218,iPad1(1000084),84,08.06.26 17:23,Prod,A1000084.6769,,108,S1000084.59218,SALE,1,3.9,3.9,0.0,0.0,0.0,0.0,127,Alkoholfreies Bier,Getränke,,MwSt. 19%,1.19,3.277311,0.622689,Normalverkauf
S1000084.59219,SP1000084.36.59219,SY1000084.2026.59219,iPad1(1000084),84,08.06.26 18:39,Prod,A1000084.6770,Tisch 12,107,S1000084.59219,SALE,2,3.2,6.4,0.0,0.0,0.0,0.0,120,Apfelschorle,Getränke,,MwSt. 19%,1.19,5.378151,1.021849,Normalverkauf
S1000084.59220,SP1000084.36.59220,SY1000084.2026.59220,iPad1(1000084),84,08.06.26 18:39,Prod,A1000084.6770,Tisch 12,107,S1000084.59220,SALE,1,11.5,11.5,0.0,0.0,0.0,0.0,105,Garnelen-Kimchi-Bruger,Hauptgerichte,,MwSt. 7%,1.07,10.747664,0.752336,Normalverkauf
S1000084.59221,SP1000084.36.59221,SY1000084.2026.59221,iPad1(1000084),84,08.06.26 13:15,Prod,A1000084.6771,Tisch 5,107,S1000084.59221,SALE,1,5.5,5.5,0.0,0.0,0.0,0.0,114,Fisch Nuggets Box,Beilagen,,MwSt. 7%,1.07,5.140187,0.359813,Normalverkauf
S1000084.59222,SP1000084.36.59222,SY1000084.2026.59222,iPad1(1000084),84,08.06.26 13:15,Prod,A1000084.6771,Tisch 5,107,S1000084.59222,SALE,1,5.5,5.5,0.0,0.0,0.0,0.0,111,Pommes Frites,Beilagen,,MwSt. 7%,1.07,5.140187,0.359813,Normalverkauf
S1000084.59223,SP1000084.36.59223,SY1000084.2026.59223,iPad1(1000084),84,08.06.26 20:22,Prod,A1000084.6772,Tisch 18,112,S1000084.59223,SALE,1,3.9,3.9,0.0,0.0,0.0,0.0,119,Cola,Getränke,,MwSt. 19%,1.19,3.277311,0.622689,Normalverkauf
S1000084.59224,SP1000084.36.59224,SY1000084.2026.59224,iPad1(1000084),84,08.06.26 20:22,Prod,A1000084.6772,Tisch 18,112,S1000084.59224,SALE,1,3.2,3.2,0.0,0.0,0.0,0.0,120,Apfelschorle,Getränke,,MwSt. 19%,1.19,2.689076,0.510924,Normalverkauf
S1000084.59225,SP1000084.36.59225,SY1000084.2026.59225,iPad1(1000084),84,08.06.26 20:22,Prod,A1000084.6772,Tisch 18,112,S1000084.59225,SALE,1,5.5,5.5,0.0,0.0,0.0,0.0,114,Fisch Nuggets Box,Beilagen,,MwSt. 7%,1.07,5.140187,0.359813,Normalverkauf
S1000084.59226,SP1000084.36.59226,SY1000084.2026.59226,iPad1(1000084),84,08.06.26 20:40,Prod,A1000084.6773,Tisch 1,104,S1000084.59226,VOID,2,3.9,7.8,0.0,0.0,0.0,0.0,126,Spezi,Getränke,,MwSt. 19%,1.19,6.554622,1.245378,Normalverkauf
S1000084.59227,SP1000084.36.59227,SY1000084.2026.59227,iPad1(1000084),84,08.06.26 20:40,Prod,A1000084.6773,Tisch 1,104,S1000084.59227,VOID,2,3.2,6.4,0.0,0.0,0.0,0.0,120,Apfelschorle,Getränke,,MwSt. 19%,1.19,5.378151,1.021849,Normalverkauf
S1000084.59228,SP1000084.36.59228,SY1000084.2026.59228,iPad1(1000084),84,08.06.26 18:14,Prod,A1000084.6774,Tisch 12,112,S1000084.59228,SALE,2,5.9,11.8,0.0,0.0,0.0,0.0,116,Vanillequark,Desserts,,MwSt. 7%,1.07,11.028037,0.771963,Normalverkauf
S1000084.59229,SP1000084.36.59229,SY1000084.2026.59229,iPad1(1000084),84,08.06.26 13:23,Prod,A1000084.6775,Tisch 9,102,S1000084.59229,SALE,2,6.9,13.8,0.0,0.0,0.0,0.0,103,Fischbrötchen Räucherlachs,Hauptspeisen,,MwSt. 7%,1.07,12.897196,0.902804,Normalverkauf
S1000084.59230,SP1000084.36.59230,SY1000084.2026.59230,iPad1(1000084),84,08.06.26 13:23,Prod,A1000084.6775,Tisch 9,102,S1000084.59230,SALE,2,9.8,19.6,0.0,0.0,0.0,0.0,108,Seelachs-Ei-Baugette,Hauptgerichte,,MwSt. 7%,1.07,18.317757,1.282243,Normalverkauf
S1000084.59231,SP1000084.36.59231,SY1000084.2026.59231,iPad1(1000084),84,08.06.26 17:23,Prod,A1000084.6776,Tisch 5,108,S1000084.59231,SALE,1,11.9,11.9,0.0,0.0,0.0,0.0,110,Matjes-Baguette,Hauptgerichte,,MwSt. 7%,1.07,11.121495,0.778505,Normalverkauf
S1000084.59232,SP1000084.36.59232,SY1000084.2026.59232,iPad1(1000084),84,08.06.26 17:23,Prod,A1000084.6776,Tisch 5,108,S1000084.59232,SALE,1,10.9,10.9,0.0,0.0,0.0,0.0,107,Chicken Burger,Hauptgerichte,,MwSt. 7%,1.07,10.186916,0.713084,Normalverkauf
S1000084.59233,SP1000084.36.59233,SY1000084.2026.59233,iPad1(1000084),84,08.06.26 17:23,Prod,A1000084.6776,Tisch 5,108,S1000084.59233,SALE,2,3.9,7.8,0.0,0.0,0.0,0.0,126,Spezi,Getränke,,MwSt. 19%,1.19,6.554622,1.245378,Normalverkauf
S1000084.59234,SP1000084.36.59234,SY1000084.2026.59234,iPad1(1000084),84,08.06.26 18:33,Prod,A1000084.6777,Tisch 8,107,S1000084.59234,VOID,1,5.9,5.9,0.0,0.0,0.0,0.0,125,Zitronen-Limonade,Getränke,,MwSt. 19%,1.19,4.957983,0.942017,Normalverkauf
S1000084.59235,SP1000084.36.59235,SY1000084.2026.59235,iPad1(1000084),84,08.06.26 18:33,Prod,A1000084.6777,Tisch 8,107,S1000084.59235,VOID,1,5.5,5.5,0.0,0.0,0.0,0.0,111,Pommes Frites,Beilagen,,MwSt. 7%,1.07,5.140187,0.359813,Normalverkauf
S1000084.59236,SP1000084.36.59236,SY1000084.2026.59236,iPad1(1000084),84,08.06.26 09:42,Prod,A1000084.6778,,112,S1000084.59236,SALE,2,5.5,11.0,0.0,0.0,0.0,0.0,111,Pommes Frites,Beilagen,,MwSt. 7%,1.07,10.280374,0.719626,Normalverkauf
S1000084.59237,SP1000084.36.59237,SY1000084.2026.59237,iPad1(1000084),84,08.06.26 11:14,Prod,A1000084.6779,Tisch 14,112,S1000084.59237,SALE,2,3.2,6.4,0.0,0.0,0.0,0.0,120,Apfelschorle,Getränke,,MwSt. 19%,1.19,5.378151,1.021849,Normalverkauf
S1000084.59238,SP1000084.36.59238,SY1000084.2026.59238,iPad1(1000084),84,08.06.26 11:14,Prod,A1000084.6779,Tisch 14,112,S1000084.59238,SALE,1,11.9,11.9,0.0,0.0,0.0,0.0,110,Matjes-Baguette,Hauptgerichte,,MwSt. 7%,1.07,11.121495,0.778505,Normalverkauf
S1000084.59239,SP1000084.36.59239,SY1000084.2026.59239,iPad1(1000084),84,08.06.26 11:14,Prod,A1000084.6779,Tisch 14,112,S1000084.59239,SALE,1,5.9,5.9,0.0,0.0,0.0,0.0,117,Rote Grütze,Desserts,,MwSt. 7%,1.07,5.514019,0.385981,Normalverkauf
S1000084.59240,SP1000084.36.59240,SY1000084.2026.59240,iPad1(1000084),84,08.06.26 13:10,Prod,A1000084.6780,Tisch 16,108,S1000084.59240,SALE,1,10.9,10.9,0.0,0.0,0.0,0.0,107,Chicken Burger,Hauptgerichte,,MwSt. 7%,1.07,10.186916,0.713084,Normalverkauf
S1000084.59241,SP1000084.36.59241,SY1000084.2026.59241,iPad1(1000084),84,08.06.26 13:10,Prod,A1000084.6780,Tisch 16,108,S1000084.59241,SALE,1,5.9,5.9,0.0,0.0,0.0,0.0,116,Vanillequark,Desserts,,MwSt. 7%,1.07,5.514019,0.385981,Normalverkauf
S1000084.59242,SP1000084.36.59242,SY1000084.2026.59242,iPad1(1000084),84,08.06.26 18:23,Prod,A1000084.6781,Tisch 13,104,S1000084.59242,SALE,1,2.8,2.8,0.0,0.0,0.0,0.0,121,Mineralwasser,Getränke,,MwSt. 19%,1.19,2.352941,0.447059,Normalverkauf
S1000084.59243,SP1000084.36.59243,SY1000084.2026.59243,iPad1(1000084),84,08.06.26 18:23,Prod,A1000084.6781,Tisch 13,104,S1000084.59243,SALE,2,10.9,21.8,0.0,0.0,0.0,0.0,107,Chicken Burger,Hauptgerichte,,MwSt. 7%,1.07,20.373832,1.426168,Normalverkauf
S1000084.59244,SP1000084.36.59244,SY1000084.2026.59244,iPad1(1000084),84,08.06.26 18:23,Prod,A1000084.6781,Tisch 13,104,S1000084.59244,SALE,2,4.9,9.8,0.0,0.0,0.0,0.0,112,Kartoffelwedges,Beilagen,,MwSt. 7%,1.07,9.158879,0.641121,Normalverkauf
S1000084.59245,SP1000084.36.59245,SY1000084.2026.59245,iPad1(1000084),84,08.06.26 11:24,Prod,A1000084.6782,Tisch 24,107,S1000084.59245,SALE,2,10.9,21.8,0.0,0.0,0.0,0.0,104,Thunfisch Wrap,Hauptgerichte,,MwSt. 7%,1.07,20.373832,1.426168,Normalverkauf
S1000084.59246,SP1000084.36.59246,SY1000084.2026.59246,iPad1(1000084),84,08.06.26 17:42,Prod,A1000084.6783,Tisch 6,112,S1000084.59246,SALE,2,5.9,11.8,0.0,0.0,0.0,0.0,125,Zitronen-Limonade,Getränke,,MwSt. 19%,1.19,9.915966,1.884034,Normalverkauf
S1000084.59247,SP1000084.36.59247,SY1000084.2026.59247,iPad1(1000084),84,08.06.26 18:36,Prod,A1000084.6784,Tisch 15,104,S1000084.59247,SALE,2,5.5,11.0,0.0,0.0,0.0,0.0,111,Pommes Frites,Beilagen,,MwSt. 7%,1.07,10.280374,0.719626,Normalverkauf
S1000084.59248,SP1000084.36.59248,SY1000084.2026.59248,iPad1(1000084),84,08.06.26 17:27,Prod,A1000084.6785,Tisch 24,112,S1000084.59248,SALE,1,6.9,6.9,0.0,0.0,0.0,0.0,103,Fischbrötchen Räucherlachs,Hauptspeisen,,MwSt. 7%,1.07,6.448598,0.451402,Normalverkauf
S1000084.59249,SP1000084.36.59249,SY1000084.2026.59249,iPad1(1000084),84,08.06.26 17:27,Prod,A1000084.6785,Tisch 24,112,S1000084.59249,SALE,1,6.9,6.9,0.0,0.0,0.0,0.0,103,Fischbrötchen Räucherlachs,Hauptspeisen,,MwSt. 7%,1.07,6.448598,0.451402,Normalverkauf
S1000084.59250,SP1000084.36.59250,SY1000084.2026.59250,iPad1(1000084),84,08.06.26 17:27,Prod,A1000084.6785,Tisch 24,112,S1000084.59250,SALE,1,3.9,3.9,0.0,0.0,0.0,0.0,124,Cola Zero,Getränke,,MwSt. 19%,1.19,3.277311,0.622689,Normalverkauf
S1000084.59251,SP1000084.36.59251,SY1000084.2026.59251,iPad1(1000084),84,08.06.26 16:08,Prod,A1000084.6786,Tisch 13,112,S1000084.59251,SALE,1,9.8,9.8,0.0,0.0,0.0,0.0,108,Seelachs-Ei-Baugette,Hauptgerichte,,MwSt. 7%,1.07,9.158879,0.641121,Normalverkauf
S1000084.59252,SP1000084.36.59252,SY1000084.2026.59252,iPad1(1000084),84,08.06.26 16:08,Prod,A1000084.6786,Tisch 13,112,S1000084.59252,SALE,2,3.9,7.8,0.0,0.0,0.0,0.0,119,Cola,Getränke,,MwSt. 19%,1.19,6.554622,1.245378,Normalverkauf
S1000084.59253,SP1000084.36.59253,SY1000084.2026.59253,iPad1(1000084),84,08.06.26 16:08,Prod,A1000084.6786,Tisch 13,112,S1000084.59253,SALE,1,5.5,5.5,0.0,0.0,0.0,0.0,111,Pommes Frites,Beilagen,,MwSt. 7%,1.07,5.140187,0.359813,Normalverkauf
S1000084.59254,SP1000084.36.59254,SY1000084.2026.59254,iPad1(1000084),84,08.06.26 11:14,Prod,A1000084.6787,,107,S1000084.59254,SALE,1,5.5,5.5,0.0,0.0,0.0,0.0,111,Pommes Frites,Beilagen,,MwSt. 7%,1.07,5.140187,0.359813,Normalverkauf
S1000084.59255,SP1000084.36.59255,SY1000084.2026.59255,iPad1(1000084),84,08.06.26 08:09,Prod,A1000084.6788,Tisch 4,107,S1000084.59255,SALE,1,5.5,5.5,0.0,0.0,0.0,0.0,111,Pommes Frites,Beilagen,,MwSt. 7%,1.07,5.140187,0.359813,Normalverkauf
S1000084.59256,SP1000084.36.59256,SY1000084.2026.59256,iPad1(1000084),84,08.06.26 08:09,Prod,A1000084.6788,Tisch 4,107,S1000084.59256,SALE,1,10.9,10.9,0.0,0.0,0.0,0.0,109,Bismarck-Baguette,Hauptgerichte,,MwSt. 7%,1.07,10.186916,0.713084,Normalverkauf
S1000084.59257,SP1000084.36.59257,SY1000084.2026.59257,iPad1(1000084),84,08.06.26 12:52,Prod,A1000084.6789,Tisch 13,108,S1000084.59257,SALE,2,4.9,9.8,0.0,0.0,0.0,0.0,112,Kartoffelwedges,Beilagen,,MwSt. 7%,1.07,9.158879,0.641121,Normalverkauf
S1000084.59258,SP1000084.36.59258,SY1000084.2026.59258,iPad1(1000084),84,08.06.26 14:10,Prod,A1000084.6790,Tisch 20,107,S1000084.59258,SALE,2,5.5,11.0,0.0,0.0,0.0,0.0,111,Pommes Frites,Beilagen,,MwSt. 7%,1.07,10.280374,0.719626,Normalverkauf
S1000084.59259,SP1000084.36.59259,SY1000084.2026.59259,iPad1(1000084),84,08.06.26 14:10,Prod,A1000084.6790,Tisch 20,107,S1000084.59259,SALE,1,5.5,5.5,0.0,0.0,0.0,0.0,111,Pommes Frites,Beilagen,,MwSt. 7%,1.07,5.140187,0.359813,Normalverkauf
S1000084.59260,SP1000084.36.59260,SY1000084.2026.59260,iPad1(1000084),84,09.06.26 19:31,Prod,A1000084.6791,Tisch 12,112,S1000084.59260,SALE,1,2.8,2.8,0.0,0.0,0.0,0.0,121,Mineralwasser,Getränke,,MwSt. 19%,1.19,2.352941,0.447059,Normalverkauf
S1000084.59261,SP1000084.36.59261,SY1000084.2026.59261,iPad1(1000084),84,09.06.26 20:40,Prod,A1000084.6792,Tisch 23,102,S1000084.59261,SALE,2,9.8,19.6,0.0,0.0,0.0,0.0,108,Seelachs-Ei-Baugette,Hauptgerichte,,MwSt. 7%,1.07,18.317757,1.282243,Normalverkauf
S1000084.59262,SP1000084.36.59262,SY1000084.2026.59262,iPad1(1000084),84,09.06.26 20:40,Prod,A1000084.6792,Tisch 23,102,S1000084.59262,SALE,1,6.9,6.9,0.0,0.0,0.0,0.0,113,Garnelen Box,Beilagen,,MwSt. 7%,1.07,6.448598,0.451402,Normalverkauf
S1000084.59263,SP1000084.36.59263,SY1000084.2026.59263,iPad1(1000084),84,09.06.26 20:40,Prod,A1000084.6792,Tisch 23,102,S1000084.59263,SALE,2,3.9,7.8,0.0,0.0,0.0,0.0,119,Cola,Getränke,,MwSt. 19%,1.19,6.554622,1.245378,Normalverkauf
S1000084.59264,SP1000084.36.59264,SY1000084.2026.59264,iPad1(1000084),84,09.06.26 19:18,Prod,A1000084.6793,Tisch 8,108,S1000084.59264,SALE,1,5.5,5.5,0.0,0.0,0.0,0.0,111,Pommes Frites,Beilagen,,MwSt. 7%,1.07,5.140187,0.359813,Normalverkauf
S1000084.59265,SP1000084.36.59265,SY1000084.2026.59265,iPad1(1000084),84,09.06.26 19:18,Prod,A1000084.6793,Tisch 8,108,S1000084.59265,SALE,2,6.5,13.0,0.0,0.0,0.0,0.0,100,Fischbrötchen Backfisch,Hauptspeisen,,MwSt. 7%,1.07,12.149533,0.850467,Normalverkauf
S1000084.59266,SP1000084.36.59266,SY1000084.2026.59266,iPad1(1000084),84,09.06.26 19:22,Prod,A1000084.6794,Tisch 14,102,S1000084.59266,SALE,1,13.5,13.5,0.0,0.0,0.0,0.0,102,Matjes,Hauptspeisen,,MwSt. 7%,1.07,12.616822,0.883178,Normalverkauf
S1000084.59267,SP1000084.36.59267,SY1000084.2026.59267,iPad1(1000084),84,09.06.26 19:43,Prod,A1000084.6795,Tisch 23,108,S1000084.59267,SALE,2,5.5,11.0,0.0,0.0,0.0,0.0,111,Pommes Frites,Beilagen,,MwSt. 7%,1.07,10.280374,0.719626,Normalverkauf
S1000084.59268,SP1000084.36.59268,SY1000084.2026.59268,iPad1(1000084),84,09.06.26 08:15,Prod,A1000084.6796,Tisch 19,107,S1000084.59268,SALE,2,9.8,19.6,0.0,0.0,0.0,0.0,108,Seelachs-Ei-Baugette,Hauptgerichte,,MwSt. 7%,1.07,18.317757,1.282243,Normalverkauf
S1000084.59269,SP1000084.36.59269,SY1000084.2026.59269,iPad1(1000084),84,09.06.26 08:15,Prod,A1000084.6796,Tisch 19,107,S1000084.59269,SALE,1,10.9,10.9,0.0,0.0,0.0,0.0,107,Chicken Burger,Hauptgerichte,,MwSt. 7%,1.07,10.186916,0.713084,Normalverkauf
S1000084.59270,SP1000084.36.59270,SY1000084.2026.59270,iPad1(1000084),84,09.06.26 08:15,Prod,A1000084.6796,Tisch 19,107,S1000084.59270,SALE,2,3.9,7.8,0.0,0.0,0.0,0.0,126,Spezi,Getränke,,MwSt. 19%,1.19,6.554622,1.245378,Normalverkauf
S1000084.59271,SP1000084.36.59271,SY1000084.2026.59271,iPad1(1000084),84,09.06.26 19:43,Prod,A1000084.6797,Tisch 19,112,S1000084.59271,VOID,2,7.9,15.8,0.0,0.0,0.0,0.0,115,Tiramisu,Desserts,,MwSt. 7%,1.07,14.766355,1.033645,Normalverkauf
S1000084.59272,SP1000084.36.59272,SY1000084.2026.59272,iPad1(1000084),84,09.06.26 19:43,Prod,A1000084.6797,Tisch 19,112,S1000084.59272,VOID,2,5.5,11.0,0.0,0.0,0.0,0.0,111,Pommes Frites,Beilagen,,MwSt. 7%,1.07,10.280374,0.719626,Normalverkauf
S1000084.59273,SP1000084.36.59273,SY1000084.2026.59273,iPad1(1000084),84,09.06.26 19:06,Prod,A1000084.6798,Tisch 2,112,S1000084.59273,SALE,1,3.2,3.2,0.0,0.0,0.0,0.0,120,Apfelschorle,Getränke,,MwSt. 19%,1.19,2.689076,0.510924,Normalverkauf
S1000084.59274,SP1000084.36.59274,SY1000084.2026.59274,iPad1(1000084),84,09.06.26 20:16,Prod,A1000084.6799,Tisch 20,107,S1000084.59274,SALE,1,5.5,5.5,0.0,0.0,0.0,0.0,111,Pommes Frites,Beilagen,,MwSt. 7%,1.07,5.140187,0.359813,Normalverkauf
S1000084.59275,SP1000084.36.59275,SY1000084.2026.59275,iPad1(1000084),84,09.06.26 20:16,Prod,A1000084.6799,Tisch 20,107,S1000084.59275,SALE,1,10.9,10.9,0.0,0.0,0.0,0.0,109,Bismarck-Baguette,Hauptgerichte,,MwSt. 7%,1.07,10.186916,0.713084,Normalverkauf
S1000084.59276,SP1000084.36.59276,SY1000084.2026.59276,iPad1(1000084),84,09.06.26 19:40,Prod,A1000084.6800,Tisch 18,112,S1000084.59276,SALE,2,4.9,9.8,0.0,0.0,0.0,0.0,112,Kartoffelwedges,Beilagen,,MwSt. 7%,1.07,9.158879,0.641121,Normalverkauf
S1000084.59277,SP1000084.36.59277,SY1000084.2026.59277,iPad1(1000084),84,09.06.26 16:07,Prod,A1000084.6801,Tisch 10,112,S1000084.59277,SALE,1,7.9,7.9,0.0,0.0,0.0,0.0,106,Neptun-Ringe,Beilagen,,MwSt. 7%,1.07,7.383178,0.516822,Normalverkauf
S1000084.59278,SP1000084.36.59278,SY1000084.2026.59278,iPad1(1000084),84,09.06.26 12:05,Prod,A1000084.6802,Tisch 19,108,S1000084.59278,SALE,1,3.9,3.9,0.0,0.0,0.0,0.0,119,Cola,Getränke,,MwSt. 19%,1.19,3.277311,0.622689,Normalverkauf
S1000084.59279,SP1000084.36.59279,SY1000084.2026.59279,iPad1(1000084),84,09.06.26 12:05,Prod,A1000084.6802,Tisch 19,108,S1000084.59279,SALE,2,3.9,7.8,0.0,0.0,0.0,0.0,119,Cola,Getränke,,MwSt. 19%,1.19,6.554622,1.245378,Normalverkauf
S1000084.59280,SP1000084.36.59280,SY1000084.2026.59280,iPad1(1000084),84,09.06.26 12:05,Prod,A1000084.6802,Tisch 19,108,S1000084.59280,SALE,1,10.9,10.9,0.0,0.0,0.0,0.0,104,Thunfisch Wrap,Hauptgerichte,,MwSt. 7%,1.07,10.186916,0.713084,Normalverkauf
S1000084.59281,SP1000084.36.59281,SY1000084.2026.59281,iPad1(1000084),84,09.06.26 15:21,Prod,A1000084.6803,,112,S1000084.59281,SALE,2,2.8,5.6,0.0,0.0,0.0,0.0,121,Mineralwasser,Getränke,,MwSt. 19%,1.19,4.705882,0.894118,Normalverkauf
S1000084.59282,SP1000084.36.59282,SY1000084.2026.59282,iPad1(1000084),84,09.06.26 15:21,Prod,A1000084.6803,,112,S1000084.59282,SALE,2,11.5,23.0,0.0,0.0,0.0,0.0,105,Garnelen-Kimchi-Bruger,Hauptgerichte,,MwSt. 7%,1.07,21.495327,1.504673,Normalverkauf
S1000084.59283,SP1000084.36.59283,SY1000084.2026.59283,iPad1(1000084),84,09.06.26 15:21,Prod,A1000084.6803,,112,S1000084.59283,SALE,1,7.9,7.9,0.0,0.0,0.0,0.0,115,Tiramisu,Desserts,,MwSt. 7%,1.07,7.383178,0.516822,Normalverkauf
S1000084.59284,SP1000084.36.59284,SY1000084.2026.59284,iPad1(1000084),84,09.06.26 15:49,Prod,A1000084.6804,Tisch 13,104,S1000084.59284,SALE,1,3.9,3.9,0.0,0.0,0.0,0.0,124,Cola Zero,Getränke,,MwSt. 19%,1.19,3.277311,0.622689,Normalverkauf
S1000084.59285,SP1000084.36.59285,SY1000084.2026.59285,iPad1(1000084),84,09.06.26 18:53,Prod,A1000084.6805,Tisch 10,102,S1000084.59285,SALE,2,4.2,8.4,0.0,0.0,0.0,0.0,122,Bier,Getränke,,MwSt. 19%,1.19,7.058824,1.341176,Normalverkauf
S1000084.59286,SP1000084.36.59286,SY1000084.2026.59286,iPad1(1000084),84,09.06.26 11:54,Prod,A1000084.6806,Tisch 10,108,S1000084.59286,SALE,1,11.5,11.5,0.0,0.0,0.0,0.0,105,Garnelen-Kimchi-Bruger,Hauptgerichte,,MwSt. 7%,1.07,10.747664,0.752336,Normalverkauf
S1000084.59287,SP1000084.36.59287,SY1000084.2026.59287,iPad1(1000084),84,09.06.26 11:54,Prod,A1000084.6806,Tisch 10,108,S1000084.59287,SALE,1,3.9,3.9,0.0,0.0,0.0,0.0,119,Cola,Getränke,,MwSt. 19%,1.19,3.277311,0.622689,Normalverkauf
S1000084.59288,SP1000084.36.59288,SY1000084.2026.59288,iPad1(1000084),84,09.06.26 13:18,Prod,A1000084.6807,Tisch 19,112,S1000084.59288,VOID,2,6.9,13.8,0.0,0.0,0.0,0.0,103,Fischbrötchen Räucherlachs,Hauptspeisen,,MwSt. 7%,1.07,12.897196,0.902804,Normalverkauf
S1000084.59289,SP1000084.36.59289,SY1000084.2026.59289,iPad1(1000084),84,09.06.26 13:18,Prod,A1000084.6807,Tisch 19,112,S1000084.59289,VOID,2,4.9,9.8,0.0,0.0,0.0,0.0,112,Kartoffelwedges,Beilagen,,MwSt. 7%,1.07,9.158879,0.641121,Normalverkauf
S1000084.59290,SP1000084.36.59290,SY1000084.2026.59290,iPad1(1000084),84,09.06.26 13:18,Prod,A1000084.6807,Tisch 19,112,S1000084.59290,VOID,1,11.9,11.9,0.0,0.0,0.0,0.0,110,Matjes-Baguette,Hauptgerichte,,MwSt. 7%,1.07,11.121495,0.778505,Normalverkauf
S1000084.59291,SP1000084.36.59291,SY1000084.2026.59291,iPad1(1000084),84,09.06.26 17:30,Prod,A1000084.6808,Tisch 14,112,S1000084.59291,SALE,1,3.2,3.2,0.0,0.0,0.0,0.0,120,Apfelschorle,Getränke,,MwSt. 19%,1.19,2.689076,0.510924,Normalverkauf
S1000084.59292,SP1000084.36.59292,SY1000084.2026.59292,iPad1(1000084),84,09.06.26 19:31,Prod,A1000084.6809,Tisch 22,104,S1000084.59292,SALE,2,3.9,7.8,0.0,0.0,0.0,0.0,126,Spezi,Getränke,,MwSt. 19%,1.19,6.554622,1.245378,Normalverkauf
S1000084.59293,SP1000084.36.59293,SY1000084.2026.59293,iPad1(1000084),84,09.06.26 10:21,Prod,A1000084.6810,Tisch 12,107,S1000084.59293,SALE,2,5.9,11.8,0.0,0.0,0.0,0.0,116,Vanillequark,Desserts,,MwSt. 7%,1.07,11.028037,0.771963,Normalverkauf
S1000084.59294,SP1000084.36.59294,SY1000084.2026.59294,iPad1(1000084),84,09.06.26 18:28,Prod,A1000084.6811,Tisch 11,104,S1000084.59294,SALE,1,6.5,6.5,0.0,0.0,0.0,0.0,100,Fischbrötchen Backfisch,Hauptspeisen,,MwSt. 7%,1.07,6.074766,0.425234,Normalverkauf
S1000084.59295,SP1000084.36.59295,SY1000084.2026.59295,iPad1(1000084),84,09.06.26 18:28,Prod,A1000084.6811,Tisch 11,104,S1000084.59295,SALE,1,3.9,3.9,0.0,0.0,0.0,0.0,126,Spezi,Getränke,,MwSt. 19%,1.19,3.277311,0.622689,Normalverkauf
S1000084.59296,SP1000084.36.59296,SY1000084.2026.59296,iPad1(1000084),84,09.06.26 18:28,Prod,A1000084.6811,Tisch 11,104,S1000084.59296,SALE,1,6.9,6.9,0.0,0.0,0.0,0.0,113,Garnelen Box,Beilagen,,MwSt. 7%,1.07,6.448598,0.451402,Normalverkauf
S1000084.59297,SP1000084.36.59297,SY1000084.2026.59297,iPad1(1000084),84,09.06.26 15:02,Prod,A1000084.6812,Tisch 3,102,S1000084.59297,SALE,1,5.9,5.9,0.0,0.0,0.0,0.0,123,Inger-Limonade,Getränke,,MwSt. 19%,1.19,4.957983,0.942017,Normalverkauf
S1000084.59298,SP1000084.36.59298,SY1000084.2026.59298,iPad1(1000084),84,09.06.26 15:02,Prod,A1000084.6812,Tisch 3,102,S1000084.59298,SALE,1,3.9,3.9,0.0,0.0,0.0,0.0,126,Spezi,Getränke,,MwSt. 19%,1.19,3.277311,0.622689,Normalverkauf
S1000084.59299,SP1000084.36.59299,SY1000084.2026.59299,iPad1(1000084),84,09.06.26 15:02,Prod,A1000084.6812,Tisch 3,102,S1000084.59299,SALE,2,3.9,7.8,0.0,0.0,0.0,0.0,126,Spezi,Getränke,,MwSt. 19%,1.19,6.554622,1.245378,Normalverkauf
S1000084.59300,SP1000084.36.59300,SY1000084.2026.59300,iPad1(1000084),84,09.06.26 12:03,Prod,A1000084.6813,Tisch 20,104,S1000084.59300,SALE,1,10.9,10.9,0.0,0.0,0.0,0.0,109,Bismarck-Baguette,Hauptgerichte,,MwSt. 7%,1.07,10.186916,0.713084,Normalverkauf
S1000084.59301,SP1000084.36.59301,SY1000084.2026.59301,iPad1(1000084),84,09.06.26 12:03,Prod,A1000084.6813,Tisch 20,104,S1000084.59301,SALE,1,5.5,5.5,0.0,0.0,0.0,0.0,111,Pommes Frites,Beilagen,,MwSt. 7%,1.07,5.140187,0.359813,Normalverkauf
S1000084.59302,SP1000084.36.59302,SY1000084.2026.59302,iPad1(1000084),84,09.06.26 16:04,Prod,A1000084.6814,Tisch 21,107,S1000084.59302,SALE,1,9.8,9.8,0.0,0.0,0.0,0.0,108,Seelachs-Ei-Baugette,Hauptgerichte,,MwSt. 7%,1.07,9.158879,0.641121,Normalverkauf
S1000084.59303,SP1000084.36.59303,SY1000084.2026.59303,iPad1(1000084),84,09.06.26 08:40,Prod,A1000084.6815,,102,S1000084.59303,SALE,2,11.9,23.8,0.0,0.0,0.0,0.0,110,Matjes-Baguette,Hauptgerichte,,MwSt. 7%,1.07,22.242991,1.557009,Normalverkauf
S1000084.59304,SP1000084.36.59304,SY1000084.2026.59304,iPad1(1000084),84,09.06.26 08:40,Prod,A1000084.6815,,102,S1000084.59304,SALE,1,3.9,3.9,0.0,0.0,0.0,0.0,119,Cola,Getränke,,MwSt. 19%,1.19,3.277311,0.622689,Normalverkauf
S1000084.59305,SP1000084.36.59305,SY1000084.2026.59305,iPad1(1000084),84,09.06.26 08:40,Prod,A1000084.6815,,102,S1000084.59305,SALE,2,3.9,7.8,0.0,0.0,0.0,0.0,126,Spezi,Getränke,,MwSt. 19%,1.19,6.554622,1.245378,Normalverkauf
S1000084.59306,SP1000084.36.59306,SY1000084.2026.59306,iPad1(1000084),84,09.06.26 10:04,Prod,A1000084.6816,Tisch 22,107,S1000084.59306,SALE,2,5.9,11.8,0.0,0.0,0.0,0.0,117,Rote Grütze,Desserts,,MwSt. 7%,1.07,11.028037,0.771963,Normalverkauf
S1000084.59307,SP1000084.36.59307,SY1000084.2026.59307,iPad1(1000084),84,09.06.26 10:04,Prod,A1000084.6816,Tisch 22,107,S1000084.59307,SALE,1,5.5,5.5,0.0,0.0,0.0,0.0,111,Pommes Frites,Beilagen,,MwSt. 7%,1.07,5.140187,0.359813,Normalverkauf
S1000084.59308,SP1000084.36.59308,SY1000084.2026.59308,iPad1(1000084),84,09.06.26 10:04,Prod,A1000084.6816,Tisch 22,107,S1000084.59308,SALE,1,6.9,6.9,0.0,0.0,0.0,0.0,113,Garnelen Box,Beilagen,,MwSt. 7%,1.07,6.448598,0.451402,Normalverkauf
S1000084.59309,SP1000084.36.59309,SY1000084.2026.59309,iPad1(1000084),84,09.06.26 17:00,Prod,A1000084.6817,Tisch 17,107,S1000084.59309,SALE,1,3.9,3.9,0.0,0.0,0.0,0.0,124,Cola Zero,Getränke,,MwSt. 19%,1.19,3.277311,0.622689,Normalverkauf
S1000084.59310,SP1000084.36.59310,SY1000084.2026.59310,iPad1(1000084),84,09.06.26 19:17,Prod,A1000084.6818,Tisch 18,102,S1000084.59310,SALE,1,10.9,10.9,0.0,0.0,0.0,0.0,104,Thunfisch Wrap,Hauptgerichte,,MwSt. 7%,1.07,10.186916,0.713084,Normalverkauf
S1000084.59311,SP1000084.36.59311,SY1000084.2026.59311,iPad1(1000084),84,09.06.26 12:13,Prod,A1000084.6819,Tisch 5,104,S1000084.59311,SALE,1,3.9,3.9,0.0,0.0,0.0,0.0,119,Cola,Getränke,,MwSt. 19%,1.19,3.277311,0.622689,Normalverkauf
S1000084.59312,SP1000084.36.59312,SY1000084.2026.59312,iPad1(1000084),84,09.06.26 12:42,Prod,A1000084.6820,,108,S1000084.59312,SALE,1,3.9,3.9,0.0,0.0,0.0,0.0,119,Cola,Getränke,,MwSt. 19%,1.19,3.277311,0.622689,Normalverkauf
S1000084.59313,SP1000084.36.59313,SY1000084.2026.59313,iPad1(1000084),84,09.06.26 17:00,Prod,A1000084.6821,Tisch 12,104,S1000084.59313,SALE,2,3.9,7.8,0.0,0.0,0.0,0.0,124,Cola Zero,Getränke,,MwSt. 19%,1.19,6.554622,1.245378,Normalverkauf
S1000084.59314,SP1000084.36.59314,SY1000084.2026.59314,iPad1(1000084),84,09.06.26 17:00,Prod,A1000084.6821,Tisch 12,104,S1000084.59314,SALE,2,14.5,29.0,0.0,0.0,0.0,0.0,101,Lachs,Hauptspeisen,,MwSt. 7%,1.07,27.102804,1.897196,Normalverkauf
S1000084.59315,SP1000084.36.59315,SY1000084.2026.59315,iPad1(1000084),84,09.06.26 11:57,Prod,A1000084.6822,Tisch 22,112,S1000084.59315,SALE,2,5.9,11.8,0.0,0.0,0.0,0.0,117,Rote Grütze,Desserts,,MwSt. 7%,1.07,11.028037,0.771963,Normalverkauf
S1000084.59316,SP1000084.36.59316,SY1000084.2026.59316,iPad1(1000084),84,09.06.26 11:57,Prod,A1000084.6822,Tisch 22,112,S1000084.59316,SALE,2,3.9,7.8,0.0,0.0,0.0,0.0,119,Cola,Getränke,,MwSt. 19%,1.19,6.554622,1.245378,Normalverkauf
S1000084.59317,SP1000084.36.59317,SY1000084.2026.59317,iPad1(1000084),84,09.06.26 11:57,Prod,A1000084.6822,Tisch 22,112,S1000084.59317,SALE,1,6.9,6.9,0.0,0.0,0.0,0.0,103,Fischbrötchen Räucherlachs,Hauptspeisen,,MwSt. 7%,1.07,6.448598,0.451402,Normalverkauf
S1000084.59318,SP1000084.36.59318,SY1000084.2026.59318,iPad1(1000084),84,09.06.26 09:22,Prod,A1000084.6823,Tisch 5,104,S1000084.59318,SALE,2,3.9,7.8,0.0,0.0,0.0,0.0,124,Cola Zero,Getränke,,MwSt. 19%,1.19,6.554622,1.245378,Normalverkauf
S1000084.59319,SP1000084.36.59319,SY1000084.2026.59319,iPad1(1000084),84,09.06.26 09:22,Prod,A1000084.6823,Tisch 5,104,S1000084.59319,SALE,1,10.9,10.9,0.0,0.0,0.0,0.0,107,Chicken Burger,Hauptgerichte,,MwSt. 7%,1.07,10.186916,0.713084,Normalverkauf
S1000084.59320,SP1000084.36.59320,SY1000084.2026.59320,iPad1(1000084),84,09.06.26 19:35,Prod,A1000084.6824,Tisch 19,102,S1000084.59320,SALE,2,11.9,23.8,0.0,0.0,0.0,0.0,110,Matjes-Baguette,Hauptgerichte,,MwSt. 7%,1.07,22.242991,1.557009,Normalverkauf
S1000084.59321,SP1000084.36.59321,SY1000084.2026.59321,iPad1(1000084),84,09.06.26 19:35,Prod,A1000084.6824,Tisch 19,102,S1000084.59321,SALE,1,6.9,6.9,0.0,0.0,0.0,0.0,113,Garnelen Box,Beilagen,,MwSt. 7%,1.07,6.448598,0.451402,Normalverkauf
S1000084.59322,SP1000084.36.59322,SY1000084.2026.59322,iPad1(1000084),84,09.06.26 11:22,Prod,A1000084.6825,Tisch 6,112,S1000084.59322,SALE,2,5.5,11.0,0.0,0.0,0.0,0.0,111,Pommes Frites,Beilagen,,MwSt. 7%,1.07,10.280374,0.719626,Normalverkauf
S1000084.59323,SP1000084.36.59323,SY1000084.2026.59323,iPad1(1000084),84,09.06.26 11:22,Prod,A1000084.6825,Tisch 6,112,S1000084.59323,SALE,2,5.9,11.8,0.0,0.0,0.0,0.0,123,Inger-Limonade,Getränke,,MwSt. 19%,1.19,9.915966,1.884034,Normalverkauf
S1000084.59324,SP1000084.36.59324,SY1000084.2026.59324,iPad1(1000084),84,09.06.26 11:22,Prod,A1000084.6825,Tisch 6,112,S1000084.59324,SALE,1,11.9,11.9,0.0,0.0,0.0,0.0,110,Matjes-Baguette,Hauptgerichte,,MwSt. 7%,1.07,11.121495,0.778505,Normalverkauf
S1000084.59325,SP1000084.36.59325,SY1000084.2026.59325,iPad1(1000084),84,09.06.26 16:33,Prod,A1000084.6826,Tisch 21,112,S1000084.59325,SALE,2,3.9,7.8,0.0,0.0,0.0,0.0,126,Spezi,Getränke,,MwSt. 19%,1.19,6.554622,1.245378,Normalverkauf
S1000084.59326,SP1000084.36.59326,SY1000084.2026.59326,iPad1(1000084),84,09.06.26 16:04,Prod,A1000084.6827,Tisch 13,104,S1000084.59326,SALE,1,10.9,10.9,0.0,0.0,0.0,0.0,107,Chicken Burger,Hauptgerichte,,MwSt. 7%,1.07,10.186916,0.713084,Normalverkauf
S1000084.59327,SP1000084.36.59327,SY1000084.2026.59327,iPad1(1000084),84,09.06.26 15:19,Prod,A1000084.6828,Tisch 14,107,S1000084.59327,SALE,1,3.9,3.9,0.0,0.0,0.0,0.0,119,Cola,Getränke,,MwSt. 19%,1.19,3.277311,0.622689,Normalverkauf
S1000084.59328,SP1000084.36.59328,SY1000084.2026.59328,iPad1(1000084),84,09.06.26 15:19,Prod,A1000084.6828,Tisch 14,107,S1000084.59328,SALE,1,5.9,5.9,0.0,0.0,0.0,0.0,116,Vanillequark,Desserts,,MwSt. 7%,1.07,5.514019,0.385981,Normalverkauf
S1000084.59329,SP1000084.36.59329,SY1000084.2026.59329,iPad1(1000084),84,09.06.26 15:19,Prod,A1000084.6828,Tisch 14,107,S1000084.59329,SALE,2,3.9,7.8,0.0,0.0,0.0,0.0,126,Spezi,Getränke,,MwSt. 19%,1.19,6.554622,1.245378,Normalverkauf
S1000084.59330,SP1000084.36.59330,SY1000084.2026.59330,iPad1(1000084),84,09.06.26 20:06,Prod,A1000084.6829,Tisch 23,112,S1000084.59330,SALE,2,3.9,7.8,0.0,0.0,0.0,0.0,126,Spezi,Getränke,,MwSt. 19%,1.19,6.554622,1.245378,Normalverkauf
S1000084.59331,SP1000084.36.59331,SY1000084.2026.59331,iPad1(1000084),84,09.06.26 20:06,Prod,A1000084.6829,Tisch 23,112,S1000084.59331,SALE,1,4.9,4.9,0.0,0.0,0.0,0.0,112,Kartoffelwedges,Beilagen,,MwSt. 7%,1.07,4.579439,0.320561,Normalverkauf
S1000084.59332,SP1000084.36.59332,SY1000084.2026.59332,iPad1(1000084),84,09.06.26 20:24,Prod,A1000084.6830,Tisch 22,102,S1000084.59332,SALE,2,6.5,13.0,0.0,0.0,0.0,0.0,100,Fischbrötchen Backfisch,Hauptspeisen,,MwSt. 7%,1.07,12.149533,0.850467,Normalverkauf
S1000084.59333,SP1000084.36.59333,SY1000084.2026.59333,iPad1(1000084),84,09.06.26 15:28,Prod,A1000084.6831,,112,S1000084.59333,SALE,2,6.5,13.0,0.0,0.0,0.0,0.0,100,Fischbrötchen Backfisch,Hauptspeisen,,MwSt. 7%,1.07,12.149533,0.850467,Normalverkauf
S1000084.59334,SP1000084.36.59334,SY1000084.2026.59334,iPad1(1000084),84,09.06.26 13:30,Prod,A1000084.6832,Tisch 6,112,S1000084.59334,SALE,1,4.2,4.2,0.0,0.0,0.0,0.0,122,Bier,Getränke,,MwSt. 19%,1.19,3.529412,0.670588,Normalverkauf
S1000084.59335,SP1000084.36.59335,SY1000084.2026.59335,iPad1(1000084),84,09.06.26 13:30,Prod,A1000084.6832,Tisch 6,112,S1000084.59335,SALE,2,6.9,13.8,0.0,0.0,0.0,0.0,103,Fischbrötchen Räucherlachs,Hauptspeisen,,MwSt. 7%,1.07,12.897196,0.902804,Normalverkauf
S1000084.59336,SP1000084.36.59336,SY1000084.2026.59336,iPad1(1000084),84,09.06.26 20:16,Prod,A1000084.6833,Tisch 2,107,S1000084.59336,SALE,2,5.5,11.0,0.0,0.0,0.0,0.0,111,Pommes Frites,Beilagen,,MwSt. 7%,1.07,10.280374,0.719626,Normalverkauf
S1000084.59337,SP1000084.36.59337,SY1000084.2026.59337,iPad1(1000084),84,09.06.26 20:16,Prod,A1000084.6833,Tisch 2,107,S1000084.59337,SALE,1,2.8,2.8,0.0,0.0,0.0,0.0,121,Mineralwasser,Getränke,,MwSt. 19%,1.19,2.352941,0.447059,Normalverkauf
S1000084.59338,SP1000084.36.59338,SY1000084.2026.59338,iPad1(1000084),84,09.06.26 11:33,Prod,A1000084.6834,Tisch 11,102,S1000084.59338,SALE,1,9.8,9.8,0.0,0.0,0.0,0.0,108,Seelachs-Ei-Baugette,Hauptgerichte,,MwSt. 7%,1.07,9.158879,0.641121,Normalverkauf
S1000084.59339,SP1000084.36.59339,SY1000084.2026.59339,iPad1(1000084),84,09.06.26 11:36,Prod,A1000084.6835,Tisch 23,102,S1000084.59339,SALE,1,13.5,13.5,0.0,0.0,0.0,0.0,102,Matjes,Hauptspeisen,,MwSt. 7%,1.07,12.616822,0.883178,Normalverkauf
S1000084.59340,SP1000084.36.59340,SY1000084.2026.59340,iPad1(1000084),84,09.06.26 11:36,Prod,A1000084.6835,Tisch 23,102,S1000084.59340,SALE,2,5.9,11.8,0.0,0.0,0.0,0.0,123,Inger-Limonade,Getränke,,MwSt. 19%,1.19,9.915966,1.884034,Normalverkauf
S1000084.59341,SP1000084.36.59341,SY1000084.2026.59341,iPad1(1000084),84,09.06.26 16:24,Prod,A1000084.6836,Tisch 4,108,S1000084.59341,SALE,1,5.5,5.5,0.0,0.0,0.0,0.0,111,Pommes Frites,Beilagen,,MwSt. 7%,1.07,5.140187,0.359813,Normalverkauf
S1000084.59342,SP1000084.36.59342,SY1000084.2026.59342,iPad1(1000084),84,09.06.26 16:24,Prod,A1000084.6836,Tisch 4,108,S1000084.59342,SALE,1,4.2,4.2,0.0,0.0,0.0,0.0,122,Bier,Getränke,,MwSt. 19%,1.19,3.529412,0.670588,Normalverkauf
S1000084.59343,SP1000084.36.59343,SY1000084.2026.59343,iPad1(1000084),84,09.06.26 19:22,Prod,A1000084.6837,Tisch 17,108,S1000084.59343,SALE,2,4.2,8.4,0.0,0.0,0.0,0.0,122,Bier,Getränke,,MwSt. 19%,1.19,7.058824,1.341176,Normalverkauf
S1000084.59344,SP1000084.36.59344,SY1000084.2026.59344,iPad1(1000084),84,09.06.26 17:23,Prod,A1000084.6838,Tisch 13,108,S1000084.59344,SALE,1,5.5,5.5,0.0,0.0,0.0,0.0,111,Pommes Frites,Beilagen,,MwSt. 7%,1.07,5.140187,0.359813,Normalverkauf
S1000084.59345,SP1000084.36.59345,SY1000084.2026.59345,iPad1(1000084),84,09.06.26 17:23,Prod,A1000084.6838,Tisch 13,108,S1000084.59345,SALE,2,10.9,21.8,0.0,0.0,0.0,0.0,109,Bismarck-Baguette,Hauptgerichte,,MwSt. 7%,1.07,20.373832,1.426168,Normalverkauf
S1000084.59346,SP1000084.36.59346,SY1000084.2026.59346,iPad1(1000084),84,09.06.26 17:23,Prod,A1000084.6838,Tisch 13,108,S1000084.59346,SALE,1,6.5,6.5,0.0,0.0,0.0,0.0,100,Fischbrötchen Backfisch,Hauptspeisen,,MwSt. 7%,1.07,6.074766,0.425234,Normalverkauf
S1000084.59347,SP1000084.36.59347,SY1000084.2026.59347,iPad1(1000084),84,09.06.26 18:45,Prod,A1000084.6839,Tisch 20,104,S1000084.59347,SALE,1,6.9,6.9,0.0,0.0,0.0,0.0,113,Garnelen Box,Beilagen,,MwSt. 7%,1.07,6.448598,0.451402,Normalverkauf
S1000084.59348,SP1000084.36.59348,SY1000084.2026.59348,iPad1(1000084),84,09.06.26 18:45,Prod,A1000084.6839,Tisch 20,104,S1000084.59348,SALE,1,5.9,5.9,0.0,0.0,0.0,0.0,123,Inger-Limonade,Getränke,,MwSt. 19%,1.19,4.957983,0.942017,Normalverkauf
S1000084.59349,SP1000084.36.59349,SY1000084.2026.59349,iPad1(1000084),84,09.06.26 17:44,Prod,A1000084.6840,Tisch 9,112,S1000084.59349,SALE,2,11.5,23.0,0.0,0.0,0.0,0.0,105,Garnelen-Kimchi-Bruger,Hauptgerichte,,MwSt. 7%,1.07,21.495327,1.504673,Normalverkauf
S1000084.59350,SP1000084.36.59350,SY1000084.2026.59350,iPad1(1000084),84,09.06.26 17:44,Prod,A1000084.6840,Tisch 9,112,S1000084.59350,SALE,2,10.9,21.8,0.0,0.0,0.0,0.0,109,Bismarck-Baguette,Hauptgerichte,,MwSt. 7%,1.07,20.373832,1.426168,Normalverkauf
S1000084.59351,SP1000084.36.59351,SY1000084.2026.59351,iPad1(1000084),84,09.06.26 16:31,Prod,A1000084.6841,Tisch 13,107,S1000084.59351,SALE,2,10.9,21.8,0.0,0.0,0.0,0.0,107,Chicken Burger,Hauptgerichte,,MwSt. 7%,1.07,20.373832,1.426168,Normalverkauf
S1000084.59352,SP1000084.36.59352,SY1000084.2026.59352,iPad1(1000084),84,09.06.26 20:25,Prod,A1000084.6842,Tisch 16,112,S1000084.59352,SALE,2,14.5,29.0,0.0,0.0,0.0,0.0,101,Lachs,Hauptspeisen,,MwSt. 7%,1.07,27.102804,1.897196,Normalverkauf
S1000084.59353,SP1000084.36.59353,SY1000084.2026.59353,iPad1(1000084),84,09.06.26 20:25,Prod,A1000084.6842,Tisch 16,112,S1000084.59353,SALE,1,10.9,10.9,0.0,0.0,0.0,0.0,107,Chicken Burger,Hauptgerichte,,MwSt. 7%,1.07,10.186916,0.713084,Normalverkauf
S1000084.59354,SP1000084.36.59354,SY1000084.2026.59354,iPad1(1000084),84,09.06.26 20:25,Prod,A1000084.6842,Tisch 16,112,S1000084.59354,SALE,2,3.9,7.8,0.0,0.0,0.0,0.0,124,Cola Zero,Getränke,,MwSt. 19%,1.19,6.554622,1.245378,Normalverkauf
S1000084.59355,SP1000084.36.59355,SY1000084.2026.59355,iPad1(1000084),84,09.06.26 11:35,Prod,A1000084.6843,Tisch 9,104,S1000084.59355,SALE,2,3.9,7.8,0.0,0.0,0.0,0.0,124,Cola Zero,Getränke,,MwSt. 19%,1.19,6.554622,1.245378,Normalverkauf
S1000084.59356,SP1000084.36.59356,SY1000084.2026.59356,iPad1(1000084),84,09.06.26 11:06,Prod,A1000084.6844,Tisch 12,104,S1000084.59356,SALE,1,7.9,7.9,0.0,0.0,0.0,0.0,115,Tiramisu,Desserts,,MwSt. 7%,1.07,7.383178,0.516822,Normalverkauf
S1000084.59357,SP1000084.36.59357,SY1000084.2026.59357,iPad1(1000084),84,09.06.26 19:47,Prod,A1000084.6845,Tisch 6,112,S1000084.59357,SALE,1,5.5,5.5,0.0,0.0,0.0,0.0,114,Fisch Nuggets Box,Beilagen,,MwSt. 7%,1.07,5.140187,0.359813,Normalverkauf
S1000084.59358,SP1000084.36.59358,SY1000084.2026.59358,iPad1(1000084),84,09.06.26 19:47,Prod,A1000084.6845,Tisch 6,112,S1000084.59358,SALE,1,13.5,13.5,0.0,0.0,0.0,0.0,102,Matjes,Hauptspeisen,,MwSt. 7%,1.07,12.616822,0.883178,Normalverkauf
S1000084.59359,SP1000084.36.59359,SY1000084.2026.59359,iPad1(1000084),84,09.06.26 13:47,Prod,A1000084.6846,Tisch 12,112,S1000084.59359,SALE,2,6.9,13.8,0.0,0.0,0.0,0.0,113,Garnelen Box,Beilagen,,MwSt. 7%,1.07,12.897196,0.902804,Normalverkauf
S1000084.59360,SP1000084.36.59360,SY1000084.2026.59360,iPad1(1000084),84,09.06.26 13:47,Prod,A1000084.6846,Tisch 12,112,S1000084.59360,SALE,2,3.9,7.8,0.0,0.0,0.0,0.0,119,Cola,Getränke,,MwSt. 19%,1.19,6.554622,1.245378,Normalverkauf
S1000084.59361,SP1000084.36.59361,SY1000084.2026.59361,iPad1(1000084),84,09.06.26 11:43,Prod,A1000084.6847,Tisch 14,104,S1000084.59361,SALE,1,9.8,9.8,0.0,0.0,0.0,0.0,108,Seelachs-Ei-Baugette,Hauptgerichte,,MwSt. 7%,1.07,9.158879,0.641121,Normalverkauf
S1000084.59362,SP1000084.36.59362,SY1000084.2026.59362,iPad1(1000084),84,09.06.26 11:52,Prod,A1000084.6848,Tisch 3,112,S1000084.59362,SALE,2,6.9,13.8,0.0,0.0,0.0,0.0,113,Garnelen Box,Beilagen,,MwSt. 7%,1.07,12.897196,0.902804,Normalverkauf
S1000084.59363,SP1000084.36.59363,SY1000084.2026.59363,iPad1(1000084),84,09.06.26 11:52,Prod,A1000084.6848,Tisch 3,112,S1000084.59363,SALE,2,14.5,29.0,0.0,0.0,0.0,0.0,101,Lachs,Hauptspeisen,,MwSt. 7%,1.07,27.102804,1.897196,Normalverkauf
S1000084.59364,SP1000084.36.59364,SY1000084.2026.59364,iPad1(1000084),84,09.06.26 12:50,Prod,A1000084.6849,Tisch 22,104,S1000084.59364,SALE,1,11.9,11.9,0.0,0.0,0.0,0.0,110,Matjes-Baguette,Hauptgerichte,,MwSt. 7%,1.07,11.121495,0.778505,Normalverkauf
S1000084.59365,SP1000084.36.59365,SY1000084.2026.59365,iPad1(1000084),84,09.06.26 12:50,Prod,A1000084.6849,Tisch 22,104,S1000084.59365,SALE,1,10.9,10.9,0.0,0.0,0.0,0.0,109,Bismarck-Baguette,Hauptgerichte,,MwSt. 7%,1.07,10.186916,0.713084,Normalverkauf
S1000084.59366,SP1000084.36.59366,SY1000084.2026.59366,iPad1(1000084),84,09.06.26 18:39,Prod,A1000084.6850,Tisch 13,104,S1000084.59366,SALE,1,13.5,13.5,0.0,0.0,0.0,0.0,102,Matjes,Hauptspeisen,,MwSt. 7%,1.07,12.616822,0.883178,Normalverkauf
S1000084.59367,SP1000084.36.59367,SY1000084.2026.59367,iPad1(1000084),84,09.06.26 18:39,Prod,A1000084.6850,Tisch 13,104,S1000084.59367,SALE,2,13.5,27.0,0.0,0.0,0.0,0.0,102,Matjes,Hauptspeisen,,MwSt. 7%,1.07,25.233645,1.766355,Normalverkauf
S1000084.59368,SP1000084.36.59368,SY1000084.2026.59368,iPad1(1000084),84,09.06.26 18:39,Prod,A1000084.6850,Tisch 13,104,S1000084.59368,SALE,2,3.9,7.8,0.0,0.0,0.0,0.0,124,Cola Zero,Getränke,,MwSt. 19%,1.19,6.554622,1.245378,Normalverkauf
S1000084.59369,SP1000084.36.59369,SY1000084.2026.59369,iPad1(1000084),84,09.06.26 11:32,Prod,A1000084.6851,Tisch 9,102,S1000084.59369,SALE,1,3.9,3.9,0.0,0.0,0.0,0.0,124,Cola Zero,Getränke,,MwSt. 19%,1.19,3.277311,0.622689,Normalverkauf
S1000084.59370,SP1000084.36.59370,SY1000084.2026.59370,iPad1(1000084),84,09.06.26 17:04,Prod,A1000084.6852,Tisch 9,112,S1000084.59370,SALE,2,11.5,23.0,0.0,0.0,0.0,0.0,105,Garnelen-Kimchi-Bruger,Hauptgerichte,,MwSt. 7%,1.07,21.495327,1.504673,Normalverkauf
S1000084.59371,SP1000084.36.59371,SY1000084.2026.59371,iPad1(1000084),84,09.06.26 17:04,Prod,A1000084.6852,Tisch 9,112,S1000084.59371,SALE,1,6.5,6.5,0.0,0.0,0.0,0.0,100,Fischbrötchen Backfisch,Hauptspeisen,,MwSt. 7%,1.07,6.074766,0.425234,Normalverkauf
S1000084.59372,SP1000084.36.59372,SY1000084.2026.59372,iPad1(1000084),84,09.06.26 13:16,Prod,A1000084.6853,Tisch 6,112,S1000084.59372,SALE,2,5.5,11.0,0.0,0.0,0.0,0.0,114,Fisch Nuggets Box,Beilagen,,MwSt. 7%,1.07,10.280374,0.719626,Normalverkauf
S1000084.59373,SP1000084.36.59373,SY1000084.2026.59373,iPad1(1000084),84,09.06.26 17:47,Prod,A1000084.6854,Tisch 15,112,S1000084.59373,SALE,2,6.9,13.8,0.0,0.0,0.0,0.0,103,Fischbrötchen Räucherlachs,Hauptspeisen,,MwSt. 7%,1.07,12.897196,0.902804,Normalverkauf
S1000084.59374,SP1000084.36.59374,SY1000084.2026.59374,iPad1(1000084),84,09.06.26 17:47,Prod,A1000084.6854,Tisch 15,112,S1000084.59374,SALE,2,3.9,7.8,0.0,0.0,0.0,0.0,119,Cola,Getränke,,MwSt. 19%,1.19,6.554622,1.245378,Normalverkauf
S1000084.59375,SP1000084.36.59375,SY1000084.2026.59375,iPad1(1000084),84,09.06.26 11:53,Prod,A1000084.6855,Tisch 20,104,S1000084.59375,SALE,1,5.5,5.5,0.0,0.0,0.0,0.0,111,Pommes Frites,Beilagen,,MwSt. 7%,1.07,5.140187,0.359813,Normalverkauf
S1000084.59376,SP1000084.36.59376,SY1000084.2026.59376,iPad1(1000084),84,09.06.26 08:34,Prod,A1000084.6856,Tisch 3,104,S1000084.59376,SALE,2,5.9,11.8,0.0,0.0,0.0,0.0,117,Rote Grütze,Desserts,,MwSt. 7%,1.07,11.028037,0.771963,Normalverkauf
S1000084.59377,SP1000084.36.59377,SY1000084.2026.59377,iPad1(1000084),84,09.06.26 19:27,Prod,A1000084.6857,,112,S1000084.59377,SALE,2,4.2,8.4,0.0,0.0,0.0,0.0,122,Bier,Getränke,,MwSt. 19%,1.19,7.058824,1.341176,Normalverkauf
S1000084.59378,SP1000084.36.59378,SY1000084.2026.59378,iPad1(1000084),84,09.06.26 19:27,Prod,A1000084.6857,,112,S1000084.59378,SALE,1,4.9,4.9,0.0,0.0,0.0,0.0,112,Kartoffelwedges,Beilagen,,MwSt. 7%,1.07,4.579439,0.320561,Normalverkauf
S1000084.59379,SP1000084.36.59379,SY1000084.2026.59379,iPad1(1000084),84,09.06.26 19:27,Prod,A1000084.6857,,112,S1000084.59379,SALE,2,5.5,11.0,0.0,0.0,0.0,0.0,114,Fisch Nuggets Box,Beilagen,,MwSt. 7%,1.07,10.280374,0.719626,Normalverkauf
S1000084.59380,SP1000084.36.59380,SY1000084.2026.59380,iPad1(1000084),84,09.06.26 10:15,Prod,A1000084.6858,Tisch 12,104,S1000084.59380,SALE,1,5.5,5.5,0.0,0.0,0.0,0.0,111,Pommes Frites,Beilagen,,MwSt. 7%,1.07,5.140187,0.359813,Normalverkauf
S1000084.59381,SP1000084.36.59381,SY1000084.2026.59381,iPad1(1000084),84,09.06.26 19:27,Prod,A1000084.6859,Tisch 5,112,S1000084.59381,SALE,1,10.9,10.9,0.0,0.0,0.0,0.0,109,Bismarck-Baguette,Hauptgerichte,,MwSt. 7%,1.07,10.186916,0.713084,Normalverkauf
S1000084.59382,SP1000084.36.59382,SY1000084.2026.59382,iPad1(1000084),84,09.06.26 19:27,Prod,A1000084.6859,Tisch 5,112,S1000084.59382,SALE,1,10.9,10.9,0.0,0.0,0.0,0.0,109,Bismarck-Baguette,Hauptgerichte,,MwSt. 7%,1.07,10.186916,0.713084,Normalverkauf
S1000084.59383,SP1000084.36.59383,SY1000084.2026.59383,iPad1(1000084),84,09.06.26 19:27,Prod,A1000084.6859,Tisch 5,112,S1000084.59383,SALE,2,2.8,5.6,0.0,0.0,0.0,0.0,121,Mineralwasser,Getränke,,MwSt. 19%,1.19,4.705882,0.894118,Normalverkauf
S1000084.59384,SP1000084.36.59384,SY1000084.2026.59384,iPad1(1000084),84,09.06.26 17:52,Prod,A1000084.6860,Tisch 13,104,S1000084.59384,SALE,2,10.9,21.8,0.0,0.0,0.0,0.0,104,Thunfisch Wrap,Hauptgerichte,,MwSt. 7%,1.07,20.373832,1.426168,Normalverkauf
S1000084.59385,SP1000084.36.59385,SY1000084.2026.59385,iPad1(1000084),84,09.06.26 17:52,Prod,A1000084.6860,Tisch 13,104,S1000084.59385,SALE,2,6.5,13.0,0.0,0.0,0.0,0.0,118,Schokokuchen,Desserts,,MwSt. 7%,1.07,12.149533,0.850467,Normalverkauf
S1000084.59386,SP1000084.36.59386,SY1000084.2026.59386,iPad1(1000084),84,09.06.26 12:21,Prod,A1000084.6861,Tisch 18,108,S1000084.59386,SALE,1,3.9,3.9,0.0,0.0,0.0,0.0,126,Spezi,Getränke,,MwSt. 19%,1.19,3.277311,0.622689,Normalverkauf
S1000084.59387,SP1000084.36.59387,SY1000084.2026.59387,iPad1(1000084),84,09.06.26 11:53,Prod,A1000084.6862,Tisch 3,107,S1000084.59387,SALE,1,10.9,10.9,0.0,0.0,0.0,0.0,107,Chicken Burger,Hauptgerichte,,MwSt. 7%,1.07,10.186916,0.713084,Normalverkauf
S1000084.59388,SP1000084.36.59388,SY1000084.2026.59388,iPad1(1000084),84,09.06.26 11:53,Prod,A1000084.6862,Tisch 3,107,S1000084.59388,SALE,1,5.5,5.5,0.0,0.0,0.0,0.0,111,Pommes Frites,Beilagen,,MwSt. 7%,1.07,5.140187,0.359813,Normalverkauf
S1000084.59389,SP1000084.36.59389,SY1000084.2026.59389,iPad1(1000084),84,09.06.26 11:53,Prod,A1000084.6862,Tisch 3,107,S1000084.59389,SALE,1,6.5,6.5,0.0,0.0,0.0,0.0,118,Schokokuchen,Desserts,,MwSt. 7%,1.07,6.074766,0.425234,Normalverkauf
S1000084.59390,SP1000084.36.59390,SY1000084.2026.59390,iPad1(1000084),84,09.06.26 19:09,Prod,A1000084.6863,Tisch 7,104,S1000084.59390,SALE,1,3.2,3.2,0.0,0.0,0.0,0.0,120,Apfelschorle,Getränke,,MwSt. 19%,1.19,2.689076,0.510924,Normalverkauf
S1000084.59391,SP1000084.36.59391,SY1000084.2026.59391,iPad1(1000084),84,09.06.26 19:09,Prod,A1000084.6863,Tisch 7,104,S1000084.59391,SALE,2,3.9,7.8,0.0,0.0,0.0,0.0,127,Alkoholfreies Bier,Getränke,,MwSt. 19%,1.19,6.554622,1.245378,Normalverkauf
S1000084.59392,SP1000084.36.59392,SY1000084.2026.59392,iPad1(1000084),84,09.06.26 19:09,Prod,A1000084.6863,Tisch 7,104,S1000084.59392,SALE,2,14.5,29.0,0.0,0.0,0.0,0.0,101,Lachs,Hauptspeisen,,MwSt. 7%,1.07,27.102804,1.897196,Normalverkauf
S1000084.59393,SP1000084.36.59393,SY1000084.2026.59393,iPad1(1000084),84,09.06.26 18:17,Prod,A1000084.6864,Tisch 9,108,S1000084.59393,SALE,2,6.9,13.8,0.0,0.0,0.0,0.0,103,Fischbrötchen Räucherlachs,Hauptspeisen,,MwSt. 7%,1.07,12.897196,0.902804,Normalverkauf
S1000084.59394,SP1000084.36.59394,SY1000084.2026.59394,iPad1(1000084),84,09.06.26 18:17,Prod,A1000084.6864,Tisch 9,108,S1000084.59394,SALE,2,4.9,9.8,0.0,0.0,0.0,0.0,112,Kartoffelwedges,Beilagen,,MwSt. 7%,1.07,9.158879,0.641121,Normalverkauf
S1000084.59395,SP1000084.36.59395,SY1000084.2026.59395,iPad1(1000084),84,09.06.26 18:17,Prod,A1000084.6864,Tisch 9,108,S1000084.59395,SALE,1,5.9,5.9,0.0,0.0,0.0,0.0,116,Vanillequark,Desserts,,MwSt. 7%,1.07,5.514019,0.385981,Normalverkauf
S1000084.59396,SP1000084.36.59396,SY1000084.2026.59396,iPad1(1000084),84,09.06.26 16:56,Prod,A1000084.6865,Tisch 7,102,S1000084.59396,SALE,2,10.9,21.8,0.0,0.0,0.0,0.0,107,Chicken Burger,Hauptgerichte,,MwSt. 7%,1.07,20.373832,1.426168,Normalverkauf
S1000084.59397,SP1000084.36.59397,SY1000084.2026.59397,iPad1(1000084),84,09.06.26 16:56,Prod,A1000084.6865,Tisch 7,102,S1000084.59397,SALE,1,9.8,9.8,0.0,0.0,0.0,0.0,108,Seelachs-Ei-Baugette,Hauptgerichte,,MwSt. 7%,1.07,9.158879,0.641121,Normalverkauf
S1000084.59398,SP1000084.36.59398,SY1000084.2026.59398,iPad1(1000084),84,09.06.26 16:56,Prod,A1000084.6865,Tisch 7,102,S1000084.59398,SALE,1,5.5,5.5,0.0,0.0,0.0,0.0,111,Pommes Frites,Beilagen,,MwSt. 7%,1.07,5.140187,0.359813,Normalverkauf
S1000084.59399,SP1000084.36.59399,SY1000084.2026.59399,iPad1(1000084),84,09.06.26 20:09,Prod,A1000084.6866,Tisch 24,104,S1000084.59399,VOID,1,10.9,10.9,0.0,0.0,0.0,0.0,107,Chicken Burger,Hauptgerichte,,MwSt. 7%,1.07,10.186916,0.713084,Normalverkauf
S1000084.59400,SP1000084.36.59400,SY1000084.2026.59400,iPad1(1000084),84,09.06.26 12:57,Prod,A1000084.6867,Tisch 20,112,S1000084.59400,SALE,1,3.9,3.9,0.0,0.0,0.0,0.0,127,Alkoholfreies Bier,Getränke,,MwSt. 19%,1.19,3.277311,0.622689,Normalverkauf
S1000084.59401,SP1000084.36.59401,SY1000084.2026.59401,iPad1(1000084),84,09.06.26 12:57,Prod,A1000084.6867,Tisch 20,112,S1000084.59401,SALE,1,5.9,5.9,0.0,0.0,0.0,0.0,116,Vanillequark,Desserts,,MwSt. 7%,1.07,5.514019,0.385981,Normalverkauf
S1000084.59402,SP1000084.36.59402,SY1000084.2026.59402,iPad1(1000084),84,09.06.26 12:57,Prod,A1000084.6867,Tisch 20,112,S1000084.59402,SALE,2,6.5,13.0,0.0,0.0,0.0,0.0,100,Fischbrötchen Backfisch,Hauptspeisen,,MwSt. 7%,1.07,12.149533,0.850467,Normalverkauf
S1000084.59403,SP1000084.36.59403,SY1000084.2026.59403,iPad1(1000084),84,09.06.26 11:04,Prod,A1000084.6868,Tisch 5,112,S1000084.59403,VOID,2,3.9,7.8,0.0,0.0,0.0,0.0,124,Cola Zero,Getränke,,MwSt. 19%,1.19,6.554622,1.245378,Normalverkauf
S1000084.59404,SP1000084.36.59404,SY1000084.2026.59404,iPad1(1000084),84,09.06.26 11:04,Prod,A1000084.6868,Tisch 5,112,S1000084.59404,VOID,2,10.9,21.8,0.0,0.0,0.0,0.0,109,Bismarck-Baguette,Hauptgerichte,,MwSt. 7%,1.07,20.373832,1.426168,Normalverkauf
S1000084.59405,SP1000084.36.59405,SY1000084.2026.59405,iPad1(1000084),84,09.06.26 15:35,Prod,A1000084.6869,,102,S1000084.59405,SALE,2,3.9,7.8,0.0,0.0,0.0,0.0,119,Cola,Getränke,,MwSt. 19%,1.19,6.554622,1.245378,Normalverkauf
S1000084.59406,SP1000084.36.59406,SY1000084.2026.59406,iPad1(1000084),84,09.06.26 15:35,Prod,A1000084.6869,,102,S1000084.59406,SALE,1,10.9,10.9,0.0,0.0,0.0,0.0,107,Chicken Burger,Hauptgerichte,,MwSt. 7%,1.07,10.186916,0.713084,Normalverkauf
S1000084.59407,SP1000084.36.59407,SY1000084.2026.59407,iPad1(1000084),84,09.06.26 15:35,Prod,A1000084.6869,,102,S1000084.59407,SALE,2,3.9,7.8,0.0,0.0,0.0,0.0,126,Spezi,Getränke,,MwSt. 19%,1.19,6.554622,1.245378,Normalverkauf
S1000084.59408,SP1000084.36.59408,SY1000084.2026.59408,iPad1(1000084),84,09.06.26 13:53,Prod,A1000084.6870,Tisch 7,104,S1000084.59408,SALE,2,5.5,11.0,0.0,0.0,0.0,0.0,111,Pommes Frites,Beilagen,,MwSt. 7%,1.07,10.280374,0.719626,Normalverkauf
S1000084.59409,SP1000084.36.59409,SY1000084.2026.59409,iPad1(1000084),84,09.06.26 13:53,Prod,A1000084.6870,Tisch 7,104,S1000084.59409,SALE,2,5.5,11.0,0.0,0.0,0.0,0.0,111,Pommes Frites,Beilagen,,MwSt. 7%,1.07,10.280374,0.719626,Normalverkauf
S1000084.59410,SP1000084.36.59410,SY1000084.2026.59410,iPad1(1000084),84,09.06.26 15:22,Prod,A1000084.6871,Tisch 7,102,S1000084.59410,SALE,2,10.9,21.8,0.0,0.0,0.0,0.0,107,Chicken Burger,Hauptgerichte,,MwSt. 7%,1.07,20.373832,1.426168,Normalverkauf
S1000084.59411,SP1000084.36.59411,SY1000084.2026.59411,iPad1(1000084),84,09.06.26 15:22,Prod,A1000084.6871,Tisch 7,102,S1000084.59411,SALE,1,10.9,10.9,0.0,0.0,0.0,0.0,104,Thunfisch Wrap,Hauptgerichte,,MwSt. 7%,1.07,10.186916,0.713084,Normalverkauf
S1000084.59412,SP1000084.36.59412,SY1000084.2026.59412,iPad1(1000084),84,09.06.26 15:22,Prod,A1000084.6871,Tisch 7,102,S1000084.59412,SALE,2,6.5,13.0,0.0,0.0,0.0,0.0,100,Fischbrötchen Backfisch,Hauptspeisen,,MwSt. 7%,1.07,12.149533,0.850467,Normalverkauf
S1000084.59413,SP1000084.36.59413,SY1000084.2026.59413,iPad1(1000084),84,09.06.26 19:29,Prod,A1000084.6872,Tisch 19,104,S1000084.59413,SALE,2,7.9,15.8,0.0,0.0,0.0,0.0,106,Neptun-Ringe,Beilagen,,MwSt. 7%,1.07,14.766355,1.033645,Normalverkauf
S1000084.59414,SP1000084.36.59414,SY1000084.2026.59414,iPad1(1000084),84,09.06.26 19:29,Prod,A1000084.6872,Tisch 19,104,S1000084.59414,SALE,2,9.8,19.6,0.0,0.0,0.0,0.0,108,Seelachs-Ei-Baugette,Hauptgerichte,,MwSt. 7%,1.07,18.317757,1.282243,Normalverkauf
S1000084.59415,SP1000084.36.59415,SY1000084.2026.59415,iPad1(1000084),84,09.06.26 17:01,Prod,A1000084.6873,Tisch 6,112,S1000084.59415,SALE,1,5.5,5.5,0.0,0.0,0.0,0.0,111,Pommes Frites,Beilagen,,MwSt. 7%,1.07,5.140187,0.359813,Normalverkauf
S1000084.59416,SP1000084.36.59416,SY1000084.2026.59416,iPad1(1000084),84,09.06.26 17:01,Prod,A1000084.6873,Tisch 6,112,S1000084.59416,SALE,2,4.2,8.4,0.0,0.0,0.0,0.0,122,Bier,Getränke,,MwSt. 19%,1.19,7.058824,1.341176,Normalverkauf
S1000084.59417,SP1000084.36.59417,SY1000084.2026.59417,iPad1(1000084),84,09.06.26 11:11,Prod,A1000084.6874,Tisch 15,104,S1000084.59417,SALE,2,11.9,23.8,0.0,0.0,0.0,0.0,110,Matjes-Baguette,Hauptgerichte,,MwSt. 7%,1.07,22.242991,1.557009,Normalverkauf
S1000084.59418,SP1000084.36.59418,SY1000084.2026.59418,iPad1(1000084),84,09.06.26 11:11,Prod,A1000084.6874,Tisch 15,104,S1000084.59418,SALE,1,2.8,2.8,0.0,0.0,0.0,0.0,121,Mineralwasser,Getränke,,MwSt. 19%,1.19,2.352941,0.447059,Normalverkauf
S1000084.59419,SP1000084.36.59419,SY1000084.2026.59419,iPad1(1000084),84,09.06.26 09:31,Prod,A1000084.6875,,112,S1000084.59419,SALE,2,3.9,7.8,0.0,0.0,0.0,0.0,126,Spezi,Getränke,,MwSt. 19%,1.19,6.554622,1.245378,Normalverkauf
S1000084.59420,SP1000084.36.59420,SY1000084.2026.59420,iPad1(1000084),84,09.06.26 09:31,Prod,A1000084.6875,,112,S1000084.59420,SALE,2,3.9,7.8,0.0,0.0,0.0,0.0,124,Cola Zero,Getränke,,MwSt. 19%,1.19,6.554622,1.245378,Normalverkauf
S1000084.59421,SP1000084.36.59421,SY1000084.2026.59421,iPad1(1000084),84,09.06.26 09:31,Prod,A1000084.6875,,112,S1000084.59421,SALE,2,10.9,21.8,0.0,0.0,0.0,0.0,104,Thunfisch Wrap,Hauptgerichte,,MwSt. 7%,1.07,20.373832,1.426168,Normalverkauf
S1000084.59422,SP1000084.36.59422,SY1000084.2026.59422,iPad1(1000084),84,09.06.26 18:48,Prod,A1000084.6876,Tisch 18,102,S1000084.59422,SALE,2,10.9,21.8,0.0,0.0,0.0,0.0,109,Bismarck-Baguette,Hauptgerichte,,MwSt. 7%,1.07,20.373832,1.426168,Normalverkauf
S1000084.59423,SP1000084.36.59423,SY1000084.2026.59423,iPad1(1000084),84,09.06.26 18:48,Prod,A1000084.6876,Tisch 18,102,S1000084.59423,SALE,2,6.5,13.0,0.0,0.0,0.0,0.0,100,Fischbrötchen Backfisch,Hauptspeisen,,MwSt. 7%,1.07,12.149533,0.850467,Normalverkauf
S1000084.59424,SP1000084.36.59424,SY1000084.2026.59424,iPad1(1000084),84,09.06.26 18:37,Prod,A1000084.6877,Tisch 7,104,S1000084.59424,VOID,2,5.5,11.0,0.0,0.0,0.0,0.0,111,Pommes Frites,Beilagen,,MwSt. 7%,1.07,10.280374,0.719626,Normalverkauf
S1000084.59425,SP1000084.36.59425,SY1000084.2026.59425,iPad1(1000084),84,09.06.26 18:37,Prod,A1000084.6877,Tisch 7,104,S1000084.59425,VOID,1,3.9,3.9,0.0,0.0,0.0,0.0,126,Spezi,Getränke,,MwSt. 19%,1.19,3.277311,0.622689,Normalverkauf
S1000084.59426,SP1000084.36.59426,SY1000084.2026.59426,iPad1(1000084),84,09.06.26 18:37,Prod,A1000084.6877,Tisch 7,104,S1000084.59426,VOID,1,3.2,3.2,0.0,0.0,0.0,0.0,120,Apfelschorle,Getränke,,MwSt. 19%,1.19,2.689076,0.510924,Normalverkauf
S1000084.59427,SP1000084.36.59427,SY1000084.2026.59427,iPad1(1000084),84,09.06.26 11:57,Prod,A1000084.6878,Tisch 6,102,S1000084.59427,SALE,1,6.9,6.9,0.0,0.0,0.0,0.0,103,Fischbrötchen Räucherlachs,Hauptspeisen,,MwSt. 7%,1.07,6.448598,0.451402,Normalverkauf
S1000084.59428,SP1000084.36.59428,SY1000084.2026.59428,iPad1(1000084),84,09.06.26 11:57,Prod,A1000084.6878,Tisch 6,102,S1000084.59428,SALE,1,10.9,10.9,0.0,0.0,0.0,0.0,107,Chicken Burger,Hauptgerichte,,MwSt. 7%,1.07,10.186916,0.713084,Normalverkauf
S1000084.59429,SP1000084.36.59429,SY1000084.2026.59429,iPad1(1000084),84,09.06.26 11:57,Prod,A1000084.6878,Tisch 6,102,S1000084.59429,SALE,2,3.9,7.8,0.0,0.0,0.0,0.0,126,Spezi,Getränke,,MwSt. 19%,1.19,6.554622,1.245378,Normalverkauf
S1000084.59430,SP1000084.36.59430,SY1000084.2026.59430,iPad1(1000084),84,09.06.26 20:04,Prod,A1000084.6879,Tisch 12,104,S1000084.59430,SALE,1,10.9,10.9,0.0,0.0,0.0,0.0,107,Chicken Burger,Hauptgerichte,,MwSt. 7%,1.07,10.186916,0.713084,Normalverkauf
S1000084.59431,SP1000084.36.59431,SY1000084.2026.59431,iPad1(1000084),84,09.06.26 18:47,Prod,A1000084.6880,Tisch 12,108,S1000084.59431,SALE,1,3.9,3.9,0.0,0.0,0.0,0.0,119,Cola,Getränke,,MwSt. 19%,1.19,3.277311,0.622689,Normalverkauf
S1000084.59432,SP1000084.36.59432,SY1000084.2026.59432,iPad1(1000084),84,09.06.26 18:47,Prod,A1000084.6880,Tisch 12,108,S1000084.59432,SALE,2,7.9,15.8,0.0,0.0,0.0,0.0,115,Tiramisu,Desserts,,MwSt. 7%,1.07,14.766355,1.033645,Normalverkauf
S1000084.59433,SP1000084.36.59433,SY1000084.2026.59433,iPad1(1000084),84,09.06.26 17:04,Prod,A1000084.6881,Tisch 23,108,S1000084.59433,SALE,1,11.9,11.9,0.0,0.0,0.0,0.0,110,Matjes-Baguette,Hauptgerichte,,MwSt. 7%,1.07,11.121495,0.778505,Normalverkauf
S1000084.59434,SP1000084.36.59434,SY1000084.2026.59434,iPad1(1000084),84,09.06.26 10:15,Prod,A1000084.6882,Tisch 11,108,S1000084.59434,SALE,1,4.9,4.9,0.0,0.0,0.0,0.0,112,Kartoffelwedges,Beilagen,,MwSt. 7%,1.07,4.579439,0.320561,Normalverkauf
S1000084.59435,SP1000084.36.59435,SY1000084.2026.59435,iPad1(1000084),84,09.06.26 20:23,Prod,A1000084.6883,Tisch 1,107,S1000084.59435,SALE,1,3.9,3.9,0.0,0.0,0.0,0.0,119,Cola,Getränke,,MwSt. 19%,1.19,3.277311,0.622689,Normalverkauf
S1000084.59436,SP1000084.36.59436,SY1000084.2026.59436,iPad1(1000084),84,09.06.26 19:53,Prod,A1000084.6884,Tisch 16,104,S1000084.59436,SALE,1,4.2,4.2,0.0,0.0,0.0,0.0,122,Bier,Getränke,,MwSt. 19%,1.19,3.529412,0.670588,Normalverkauf
S1000084.59437,SP1000084.36.59437,SY1000084.2026.59437,iPad1(1000084),84,09.06.26 19:53,Prod,A1000084.6884,Tisch 16,104,S1000084.59437,SALE,2,5.5,11.0,0.0,0.0,0.0,0.0,111,Pommes Frites,Beilagen,,MwSt. 7%,1.07,10.280374,0.719626,Normalverkauf
S1000084.59438,SP1000084.36.59438,SY1000084.2026.59438,iPad1(1000084),84,09.06.26 19:53,Prod,A1000084.6884,Tisch 16,104,S1000084.59438,SALE,1,5.9,5.9,0.0,0.0,0.0,0.0,125,Zitronen-Limonade,Getränke,,MwSt. 19%,1.19,4.957983,0.942017,Normalverkauf
S1000084.59439,SP1000084.36.59439,SY1000084.2026.59439,iPad1(1000084),84,09.06.26 14:01,Prod,A1000084.6885,Tisch 22,108,S1000084.59439,SALE,1,4.2,4.2,0.0,0.0,0.0,0.0,122,Bier,Getränke,,MwSt. 19%,1.19,3.529412,0.670588,Normalverkauf
S1000084.59440,SP1000084.36.59440,SY1000084.2026.59440,iPad1(1000084),84,09.06.26 14:01,Prod,A1000084.6885,Tisch 22,108,S1000084.59440,SALE,1,6.9,6.9,0.0,0.0,0.0,0.0,113,Garnelen Box,Beilagen,,MwSt. 7%,1.07,6.448598,0.451402,Normalverkauf
S1000084.59441,SP1000084.36.59441,SY1000084.2026.59441,iPad1(1000084),84,09.06.26 14:01,Prod,A1000084.6885,Tisch 22,108,S1000084.59441,SALE,2,10.9,21.8,0.0,0.0,0.0,0.0,104,Thunfisch Wrap,Hauptgerichte,,MwSt. 7%,1.07,20.373832,1.426168,Normalverkauf
S1000084.59442,SP1000084.36.59442,SY1000084.2026.59442,iPad1(1000084),84,09.06.26 11:05,Prod,A1000084.6886,Tisch 5,107,S1000084.59442,SALE,2,4.2,8.4,0.0,0.0,0.0,0.0,122,Bier,Getränke,,MwSt. 19%,1.19,7.058824,1.341176,Normalverkauf
S1000084.59443,SP1000084.36.59443,SY1000084.2026.59443,iPad1(1000084),84,09.06.26 11:05,Prod,A1000084.6886,Tisch 5,107,S1000084.59443,SALE,1,5.9,5.9,0.0,0.0,0.0,0.0,125,Zitronen-Limonade,Getränke,,MwSt. 19%,1.19,4.957983,0.942017,Normalverkauf
S1000084.59444,SP1000084.36.59444,SY1000084.2026.59444,iPad1(1000084),84,09.06.26 17:45,Prod,A1000084.6887,Tisch 21,104,S1000084.59444,SALE,2,6.5,13.0,0.0,0.0,0.0,0.0,100,Fischbrötchen Backfisch,Hauptspeisen,,MwSt. 7%,1.07,12.149533,0.850467,Normalverkauf
S1000084.59445,SP1000084.36.59445,SY1000084.2026.59445,iPad1(1000084),84,09.06.26 19:15,Prod,A1000084.6888,Tisch 17,112,S1000084.59445,SALE,2,7.9,15.8,0.0,0.0,0.0,0.0,115,Tiramisu,Desserts,,MwSt. 7%,1.07,14.766355,1.033645,Normalverkauf
S1000084.59446,SP1000084.36.59446,SY1000084.2026.59446,iPad1(1000084),84,09.06.26 19:15,Prod,A1000084.6888,Tisch 17,112,S1000084.59446,SALE,1,10.9,10.9,0.0,0.0,0.0,0.0,109,Bismarck-Baguette,Hauptgerichte,,MwSt. 7%,1.07,10.186916,0.713084,Normalverkauf
S1000084.59447,SP1000084.36.59447,SY1000084.2026.59447,iPad1(1000084),84,09.06.26 15:30,Prod,A1000084.6889,Tisch 5,104,S1000084.59447,SALE,2,3.2,6.4,0.0,0.0,0.0,0.0,120,Apfelschorle,Getränke,,MwSt. 19%,1.19,5.378151,1.021849,Normalverkauf
S1000084.59448,SP1000084.36.59448,SY1000084.2026.59448,iPad1(1000084),84,09.06.26 20:29,Prod,A1000084.6890,Tisch 21,104,S1000084.59448,SALE,2,4.2,8.4,0.0,0.0,0.0,0.0,122,Bier,Getränke,,MwSt. 19%,1.19,7.058824,1.341176,Normalverkauf
S1000084.59449,SP1000084.36.59449,SY1000084.2026.59449,iPad1(1000084),84,09.06.26 20:29,Prod,A1000084.6890,Tisch 21,104,S1000084.59449,SALE,2,5.5,11.0,0.0,0.0,0.0,0.0,111,Pommes Frites,Beilagen,,MwSt. 7%,1.07,10.280374,0.719626,Normalverkauf
S1000084.59450,SP1000084.36.59450,SY1000084.2026.59450,iPad1(1000084),84,09.06.26 20:29,Prod,A1000084.6890,Tisch 21,104,S1000084.59450,SALE,2,3.9,7.8,0.0,0.0,0.0,0.0,119,Cola,Getränke,,MwSt. 19%,1.19,6.554622,1.245378,Normalverkauf
S1000084.59451,SP1000084.36.59451,SY1000084.2026.59451,iPad1(1000084),84,09.06.26 09:38,Prod,A1000084.6891,Tisch 5,107,S1000084.59451,SALE,2,3.9,7.8,0.0,0.0,0.0,0.0,126,Spezi,Getränke,,MwSt. 19%,1.19,6.554622,1.245378,Normalverkauf
S1000084.59452,SP1000084.36.59452,SY1000084.2026.59452,iPad1(1000084),84,09.06.26 14:29,Prod,A1000084.6892,Tisch 3,108,S1000084.59452,SALE,2,14.5,29.0,0.0,0.0,0.0,0.0,101,Lachs,Hauptspeisen,,MwSt. 7%,1.07,27.102804,1.897196,Normalverkauf
S1000084.59453,SP1000084.36.59453,SY1000084.2026.59453,iPad1(1000084),84,09.06.26 10:46,Prod,A1000084.6893,Tisch 17,102,S1000084.59453,SALE,1,3.9,3.9,0.0,0.0,0.0,0.0,127,Alkoholfreies Bier,Getränke,,MwSt. 19%,1.19,3.277311,0.622689,Normalverkauf
S1000084.59454,SP1000084.36.59454,SY1000084.2026.59454,iPad1(1000084),84,09.06.26 10:46,Prod,A1000084.6893,Tisch 17,102,S1000084.59454,SALE,1,7.9,7.9,0.0,0.0,0.0,0.0,115,Tiramisu,Desserts,,MwSt. 7%,1.07,7.383178,0.516822,Normalverkauf
S1000084.59455,SP1000084.36.59455,SY1000084.2026.59455,iPad1(1000084),84,09.06.26 18:26,Prod,A1000084.6894,Tisch 16,102,S1000084.59455,SALE,1,2.8,2.8,0.0,0.0,0.0,0.0,121,Mineralwasser,Getränke,,MwSt. 19%,1.19,2.352941,0.447059,Normalverkauf
S1000084.59456,SP1000084.36.59456,SY1000084.2026.59456,iPad1(1000084),84,09.06.26 18:26,Prod,A1000084.6894,Tisch 16,102,S1000084.59456,SALE,2,2.8,5.6,0.0,0.0,0.0,0.0,121,Mineralwasser,Getränke,,MwSt. 19%,1.19,4.705882,0.894118,Normalverkauf
S1000084.59457,SP1000084.36.59457,SY1000084.2026.59457,iPad1(1000084),84,09.06.26 18:26,Prod,A1000084.6894,Tisch 16,102,S1000084.59457,SALE,1,4.9,4.9,0.0,0.0,0.0,0.0,112,Kartoffelwedges,Beilagen,,MwSt. 7%,1.07,4.579439,0.320561,Normalverkauf
S1000084.59458,SP1000084.36.59458,SY1000084.2026.59458,iPad1(1000084),84,09.06.26 19:20,Prod,A1000084.6895,Tisch 10,107,S1000084.59458,SALE,1,6.9,6.9,0.0,0.0,0.0,0.0,103,Fischbrötchen Räucherlachs,Hauptspeisen,,MwSt. 7%,1.07,6.448598,0.451402,Normalverkauf
S1000084.59459,SP1000084.36.59459,SY1000084.2026.59459,iPad1(1000084),84,09.06.26 19:20,Prod,A1000084.6895,Tisch 10,107,S1000084.59459,SALE,1,5.5,5.5,0.0,0.0,0.0,0.0,111,Pommes Frites,Beilagen,,MwSt. 7%,1.07,5.140187,0.359813,Normalverkauf
S1000084.59460,SP1000084.36.59460,SY1000084.2026.59460,iPad1(1000084),84,09.06.26 19:20,Prod,A1000084.6895,Tisch 10,107,S1000084.59460,SALE,1,3.9,3.9,0.0,0.0,0.0,0.0,126,Spezi,Getränke,,MwSt. 19%,1.19,3.277311,0.622689,Normalverkauf
S1000084.59461,SP1000084.36.59461,SY1000084.2026.59461,iPad1(1000084),84,09.06.26 19:17,Prod,A1000084.6896,Tisch 10,107,S1000084.59461,SALE,1,11.9,11.9,0.0,0.0,0.0,0.0,110,Matjes-Baguette,Hauptgerichte,,MwSt. 7%,1.07,11.121495,0.778505,Normalverkauf
S1000084.59462,SP1000084.36.59462,SY1000084.2026.59462,iPad1(1000084),84,09.06.26 19:17,Prod,A1000084.6896,Tisch 10,107,S1000084.59462,SALE,1,7.9,7.9,0.0,0.0,0.0,0.0,115,Tiramisu,Desserts,,MwSt. 7%,1.07,7.383178,0.516822,Normalverkauf
S1000084.59463,SP1000084.36.59463,SY1000084.2026.59463,iPad1(1000084),84,10.06.26 15:43,Prod,A1000084.6897,Tisch 6,107,S1000084.59463,SALE,2,3.9,7.8,0.0,0.0,0.0,0.0,124,Cola Zero,Getränke,,MwSt. 19%,1.19,6.554622,1.245378,Normalverkauf
S1000084.59464,SP1000084.36.59464,SY1000084.2026.59464,iPad1(1000084),84,10.06.26 15:43,Prod,A1000084.6897,Tisch 6,107,S1000084.59464,SALE,2,5.5,11.0,0.0,0.0,0.0,0.0,111,Pommes Frites,Beilagen,,MwSt. 7%,1.07,10.280374,0.719626,Normalverkauf
S1000084.59465,SP1000084.36.59465,SY1000084.2026.59465,iPad1(1000084),84,10.06.26 12:03,Prod,A1000084.6898,,112,S1000084.59465,SALE,1,3.9,3.9,0.0,0.0,0.0,0.0,127,Alkoholfreies Bier,Getränke,,MwSt. 19%,1.19,3.277311,0.622689,Normalverkauf
S1000084.59466,SP1000084.36.59466,SY1000084.2026.59466,iPad1(1000084),84,10.06.26 12:03,Prod,A1000084.6898,,112,S1000084.59466,SALE,1,4.9,4.9,0.0,0.0,0.0,0.0,112,Kartoffelwedges,Beilagen,,MwSt. 7%,1.07,4.579439,0.320561,Normalverkauf
S1000084.59467,SP1000084.36.59467,SY1000084.2026.59467,iPad1(1000084),84,10.06.26 12:03,Prod,A1000084.6898,,112,S1000084.59467,SALE,2,5.5,11.0,0.0,0.0,0.0,0.0,114,Fisch Nuggets Box,Beilagen,,MwSt. 7%,1.07,10.280374,0.719626,Normalverkauf
S1000084.59468,SP1000084.36.59468,SY1000084.2026.59468,iPad1(1000084),84,10.06.26 12:22,Prod,A1000084.6899,Tisch 13,108,S1000084.59468,SALE,2,5.9,11.8,0.0,0.0,0.0,0.0,125,Zitronen-Limonade,Getränke,,MwSt. 19%,1.19,9.915966,1.884034,Normalverkauf
S1000084.59469,SP1000084.36.59469,SY1000084.2026.59469,iPad1(1000084),84,10.06.26 12:22,Prod,A1000084.6899,Tisch 13,108,S1000084.59469,SALE,2,5.5,11.0,0.0,0.0,0.0,0.0,111,Pommes Frites,Beilagen,,MwSt. 7%,1.07,10.280374,0.719626,Normalverkauf
S1000084.59470,SP1000084.36.59470,SY1000084.2026.59470,iPad1(1000084),84,10.06.26 12:22,Prod,A1000084.6899,Tisch 13,108,S1000084.59470,SALE,2,6.5,13.0,0.0,0.0,0.0,0.0,118,Schokokuchen,Desserts,,MwSt. 7%,1.07,12.149533,0.850467,Normalverkauf
S1000084.59471,SP1000084.36.59471,SY1000084.2026.59471,iPad1(1000084),84,10.06.26 11:07,Prod,A1000084.6900,Tisch 9,102,S1000084.59471,SALE,2,3.9,7.8,0.0,0.0,0.0,0.0,119,Cola,Getränke,,MwSt. 19%,1.19,6.554622,1.245378,Normalverkauf
S1000084.59472,SP1000084.36.59472,SY1000084.2026.59472,iPad1(1000084),84,10.06.26 16:57,Prod,A1000084.6901,Tisch 6,104,S1000084.59472,SALE,2,3.2,6.4,0.0,0.0,0.0,0.0,120,Apfelschorle,Getränke,,MwSt. 19%,1.19,5.378151,1.021849,Normalverkauf
S1000084.59473,SP1000084.36.59473,SY1000084.2026.59473,iPad1(1000084),84,10.06.26 16:57,Prod,A1000084.6901,Tisch 6,104,S1000084.59473,SALE,1,3.9,3.9,0.0,0.0,0.0,0.0,119,Cola,Getränke,,MwSt. 19%,1.19,3.277311,0.622689,Normalverkauf
S1000084.59474,SP1000084.36.59474,SY1000084.2026.59474,iPad1(1000084),84,10.06.26 16:37,Prod,A1000084.6902,Tisch 21,112,S1000084.59474,SALE,2,6.9,13.8,0.0,0.0,0.0,0.0,103,Fischbrötchen Räucherlachs,Hauptspeisen,,MwSt. 7%,1.07,12.897196,0.902804,Normalverkauf
S1000084.59475,SP1000084.36.59475,SY1000084.2026.59475,iPad1(1000084),84,10.06.26 15:01,Prod,A1000084.6903,Tisch 12,104,S1000084.59475,SALE,1,6.5,6.5,0.0,0.0,0.0,0.0,100,Fischbrötchen Backfisch,Hauptspeisen,,MwSt. 7%,1.07,6.074766,0.425234,Normalverkauf
S1000084.59476,SP1000084.36.59476,SY1000084.2026.59476,iPad1(1000084),84,10.06.26 15:01,Prod,A1000084.6903,Tisch 12,104,S1000084.59476,SALE,2,11.5,23.0,0.0,0.0,0.0,0.0,105,Garnelen-Kimchi-Bruger,Hauptgerichte,,MwSt. 7%,1.07,21.495327,1.504673,Normalverkauf
S1000084.59477,SP1000084.36.59477,SY1000084.2026.59477,iPad1(1000084),84,10.06.26 16:06,Prod,A1000084.6904,Tisch 2,112,S1000084.59477,SALE,1,13.5,13.5,0.0,0.0,0.0,0.0,102,Matjes,Hauptspeisen,,MwSt. 7%,1.07,12.616822,0.883178,Normalverkauf
S1000084.59478,SP1000084.36.59478,SY1000084.2026.59478,iPad1(1000084),84,10.06.26 20:15,Prod,A1000084.6905,,112,S1000084.59478,SALE,2,11.9,23.8,0.0,0.0,0.0,0.0,110,Matjes-Baguette,Hauptgerichte,,MwSt. 7%,1.07,22.242991,1.557009,Normalverkauf
S1000084.59479,SP1000084.36.59479,SY1000084.2026.59479,iPad1(1000084),84,10.06.26 20:15,Prod,A1000084.6905,,112,S1000084.59479,SALE,1,2.8,2.8,0.0,0.0,0.0,0.0,121,Mineralwasser,Getränke,,MwSt. 19%,1.19,2.352941,0.447059,Normalverkauf
S1000084.59480,SP1000084.36.59480,SY1000084.2026.59480,iPad1(1000084),84,10.06.26 20:15,Prod,A1000084.6905,,112,S1000084.59480,SALE,2,4.9,9.8,0.0,0.0,0.0,0.0,112,Kartoffelwedges,Beilagen,,MwSt. 7%,1.07,9.158879,0.641121,Normalverkauf
S1000084.59481,SP1000084.36.59481,SY1000084.2026.59481,iPad1(1000084),84,10.06.26 12:11,Prod,A1000084.6906,Tisch 11,102,S1000084.59481,SALE,1,5.9,5.9,0.0,0.0,0.0,0.0,117,Rote Grütze,Desserts,,MwSt. 7%,1.07,5.514019,0.385981,Normalverkauf
S1000084.59482,SP1000084.36.59482,SY1000084.2026.59482,iPad1(1000084),84,10.06.26 12:11,Prod,A1000084.6906,Tisch 11,102,S1000084.59482,SALE,2,3.9,7.8,0.0,0.0,0.0,0.0,124,Cola Zero,Getränke,,MwSt. 19%,1.19,6.554622,1.245378,Normalverkauf
S1000084.59483,SP1000084.36.59483,SY1000084.2026.59483,iPad1(1000084),84,10.06.26 08:08,Prod,A1000084.6907,Tisch 15,108,S1000084.59483,SALE,1,9.8,9.8,0.0,0.0,0.0,0.0,108,Seelachs-Ei-Baugette,Hauptgerichte,,MwSt. 7%,1.07,9.158879,0.641121,Normalverkauf
S1000084.59484,SP1000084.36.59484,SY1000084.2026.59484,iPad1(1000084),84,10.06.26 18:22,Prod,A1000084.6908,,107,S1000084.59484,SALE,2,6.5,13.0,0.0,0.0,0.0,0.0,100,Fischbrötchen Backfisch,Hauptspeisen,,MwSt. 7%,1.07,12.149533,0.850467,Normalverkauf
S1000084.59485,SP1000084.36.59485,SY1000084.2026.59485,iPad1(1000084),84,10.06.26 18:22,Prod,A1000084.6908,,107,S1000084.59485,SALE,2,11.9,23.8,0.0,0.0,0.0,0.0,110,Matjes-Baguette,Hauptgerichte,,MwSt. 7%,1.07,22.242991,1.557009,Normalverkauf
S1000084.59486,SP1000084.36.59486,SY1000084.2026.59486,iPad1(1000084),84,10.06.26 12:11,Prod,A1000084.6909,Tisch 6,107,S1000084.59486,SALE,1,4.2,4.2,0.0,0.0,0.0,0.0,122,Bier,Getränke,,MwSt. 19%,1.19,3.529412,0.670588,Normalverkauf
S1000084.59487,SP1000084.36.59487,SY1000084.2026.59487,iPad1(1000084),84,10.06.26 12:11,Prod,A1000084.6909,Tisch 6,107,S1000084.59487,SALE,2,11.9,23.8,0.0,0.0,0.0,0.0,110,Matjes-Baguette,Hauptgerichte,,MwSt. 7%,1.07,22.242991,1.557009,Normalverkauf
S1000084.59488,SP1000084.36.59488,SY1000084.2026.59488,iPad1(1000084),84,10.06.26 12:11,Prod,A1000084.6909,Tisch 6,107,S1000084.59488,SALE,1,6.5,6.5,0.0,0.0,0.0,0.0,100,Fischbrötchen Backfisch,Hauptspeisen,,MwSt. 7%,1.07,6.074766,0.425234,Normalverkauf
S1000084.59489,SP1000084.36.59489,SY1000084.2026.59489,iPad1(1000084),84,10.06.26 09:42,Prod,A1000084.6910,Tisch 15,107,S1000084.59489,SALE,2,4.2,8.4,0.0,0.0,0.0,0.0,122,Bier,Getränke,,MwSt. 19%,1.19,7.058824,1.341176,Normalverkauf
S1000084.59490,SP1000084.36.59490,SY1000084.2026.59490,iPad1(1000084),84,10.06.26 09:42,Prod,A1000084.6910,Tisch 15,107,S1000084.59490,SALE,1,11.9,11.9,0.0,0.0,0.0,0.0,110,Matjes-Baguette,Hauptgerichte,,MwSt. 7%,1.07,11.121495,0.778505,Normalverkauf
S1000084.59491,SP1000084.36.59491,SY1000084.2026.59491,iPad1(1000084),84,10.06.26 13:37,Prod,A1000084.6911,Tisch 13,104,S1000084.59491,SALE,2,2.8,5.6,0.0,0.0,0.0,0.0,121,Mineralwasser,Getränke,,MwSt. 19%,1.19,4.705882,0.894118,Normalverkauf
S1000084.59492,SP1000084.36.59492,SY1000084.2026.59492,iPad1(1000084),84,10.06.26 13:37,Prod,A1000084.6911,Tisch 13,104,S1000084.59492,SALE,2,6.9,13.8,0.0,0.0,0.0,0.0,103,Fischbrötchen Räucherlachs,Hauptspeisen,,MwSt. 7%,1.07,12.897196,0.902804,Normalverkauf
S1000084.59493,SP1000084.36.59493,SY1000084.2026.59493,iPad1(1000084),84,10.06.26 13:37,Prod,A1000084.6911,Tisch 13,104,S1000084.59493,SALE,2,3.2,6.4,0.0,0.0,0.0,0.0,120,Apfelschorle,Getränke,,MwSt. 19%,1.19,5.378151,1.021849,Normalverkauf
S1000084.59494,SP1000084.36.59494,SY1000084.2026.59494,iPad1(1000084),84,10.06.26 17:26,Prod,A1000084.6912,Tisch 16,104,S1000084.59494,VOID,1,10.9,10.9,0.0,0.0,0.0,0.0,107,Chicken Burger,Hauptgerichte,,MwSt. 7%,1.07,10.186916,0.713084,Normalverkauf
S1000084.59495,SP1000084.36.59495,SY1000084.2026.59495,iPad1(1000084),84,10.06.26 17:26,Prod,A1000084.6912,Tisch 16,104,S1000084.59495,VOID,1,5.5,5.5,0.0,0.0,0.0,0.0,111,Pommes Frites,Beilagen,,MwSt. 7%,1.07,5.140187,0.359813,Normalverkauf
S1000084.59496,SP1000084.36.59496,SY1000084.2026.59496,iPad1(1000084),84,10.06.26 17:26,Prod,A1000084.6912,Tisch 16,104,S1000084.59496,VOID,1,5.9,5.9,0.0,0.0,0.0,0.0,123,Inger-Limonade,Getränke,,MwSt. 19%,1.19,4.957983,0.942017,Normalverkauf
S1000084.59497,SP1000084.36.59497,SY1000084.2026.59497,iPad1(1000084),84,10.06.26 08:40,Prod,A1000084.6913,Tisch 23,112,S1000084.59497,SALE,1,4.9,4.9,0.0,0.0,0.0,0.0,112,Kartoffelwedges,Beilagen,,MwSt. 7%,1.07,4.579439,0.320561,Normalverkauf
S1000084.59498,SP1000084.36.59498,SY1000084.2026.59498,iPad1(1000084),84,10.06.26 08:40,Prod,A1000084.6913,Tisch 23,112,S1000084.59498,SALE,1,5.5,5.5,0.0,0.0,0.0,0.0,114,Fisch Nuggets Box,Beilagen,,MwSt. 7%,1.07,5.140187,0.359813,Normalverkauf
S1000084.59499,SP1000084.36.59499,SY1000084.2026.59499,iPad1(1000084),84,10.06.26 08:40,Prod,A1000084.6913,Tisch 23,112,S1000084.59499,SALE,1,6.5,6.5,0.0,0.0,0.0,0.0,100,Fischbrötchen Backfisch,Hauptspeisen,,MwSt. 7%,1.07,6.074766,0.425234,Normalverkauf
S1000084.59500,SP1000084.36.59500,SY1000084.2026.59500,iPad1(1000084),84,10.06.26 09:36,Prod,A1000084.6914,Tisch 4,107,S1000084.59500,SALE,1,2.8,2.8,0.0,0.0,0.0,0.0,121,Mineralwasser,Getränke,,MwSt. 19%,1.19,2.352941,0.447059,Normalverkauf
S1000084.59501,SP1000084.36.59501,SY1000084.2026.59501,iPad1(1000084),84,10.06.26 09:36,Prod,A1000084.6914,Tisch 4,107,S1000084.59501,SALE,2,3.9,7.8,0.0,0.0,0.0,0.0,127,Alkoholfreies Bier,Getränke,,MwSt. 19%,1.19,6.554622,1.245378,Normalverkauf
S1000084.59502,SP1000084.36.59502,SY1000084.2026.59502,iPad1(1000084),84,10.06.26 20:47,Prod,A1000084.6915,Tisch 3,108,S1000084.59502,SALE,1,11.9,11.9,0.0,0.0,0.0,0.0,110,Matjes-Baguette,Hauptgerichte,,MwSt. 7%,1.07,11.121495,0.778505,Normalverkauf
S1000084.59503,SP1000084.36.59503,SY1000084.2026.59503,iPad1(1000084),84,10.06.26 20:47,Prod,A1000084.6915,Tisch 3,108,S1000084.59503,SALE,1,9.8,9.8,0.0,0.0,0.0,0.0,108,Seelachs-Ei-Baugette,Hauptgerichte,,MwSt. 7%,1.07,9.158879,0.641121,Normalverkauf
S1000084.59504,SP1000084.36.59504,SY1000084.2026.59504,iPad1(1000084),84,10.06.26 16:32,Prod,A1000084.6916,Tisch 1,104,S1000084.59504,SALE,2,6.5,13.0,0.0,0.0,0.0,0.0,118,Schokokuchen,Desserts,,MwSt. 7%,1.07,12.149533,0.850467,Normalverkauf
S1000084.59505,SP1000084.36.59505,SY1000084.2026.59505,iPad1(1000084),84,10.06.26 19:19,Prod,A1000084.6917,Tisch 3,104,S1000084.59505,SALE,2,3.2,6.4,0.0,0.0,0.0,0.0,120,Apfelschorle,Getränke,,MwSt. 19%,1.19,5.378151,1.021849,Normalverkauf
S1000084.59506,SP1000084.36.59506,SY1000084.2026.59506,iPad1(1000084),84,10.06.26 19:19,Prod,A1000084.6917,Tisch 3,104,S1000084.59506,SALE,1,6.5,6.5,0.0,0.0,0.0,0.0,118,Schokokuchen,Desserts,,MwSt. 7%,1.07,6.074766,0.425234,Normalverkauf
S1000084.59507,SP1000084.36.59507,SY1000084.2026.59507,iPad1(1000084),84,10.06.26 19:19,Prod,A1000084.6917,Tisch 3,104,S1000084.59507,SALE,1,6.9,6.9,0.0,0.0,0.0,0.0,103,Fischbrötchen Räucherlachs,Hauptspeisen,,MwSt. 7%,1.07,6.448598,0.451402,Normalverkauf
S1000084.59508,SP1000084.36.59508,SY1000084.2026.59508,iPad1(1000084),84,10.06.26 12:10,Prod,A1000084.6918,Tisch 23,102,S1000084.59508,SALE,2,10.9,21.8,0.0,0.0,0.0,0.0,107,Chicken Burger,Hauptgerichte,,MwSt. 7%,1.07,20.373832,1.426168,Normalverkauf
S1000084.59509,SP1000084.36.59509,SY1000084.2026.59509,iPad1(1000084),84,10.06.26 12:10,Prod,A1000084.6918,Tisch 23,102,S1000084.59509,SALE,2,4.2,8.4,0.0,0.0,0.0,0.0,122,Bier,Getränke,,MwSt. 19%,1.19,7.058824,1.341176,Normalverkauf
S1000084.59510,SP1000084.36.59510,SY1000084.2026.59510,iPad1(1000084),84,10.06.26 18:07,Prod,A1000084.6919,Tisch 11,107,S1000084.59510,VOID,1,3.9,3.9,0.0,0.0,0.0,0.0,124,Cola Zero,Getränke,,MwSt. 19%,1.19,3.277311,0.622689,Normalverkauf
S1000084.59511,SP1000084.36.59511,SY1000084.2026.59511,iPad1(1000084),84,10.06.26 18:07,Prod,A1000084.6919,Tisch 11,107,S1000084.59511,VOID,1,6.5,6.5,0.0,0.0,0.0,0.0,100,Fischbrötchen Backfisch,Hauptspeisen,,MwSt. 7%,1.07,6.074766,0.425234,Normalverkauf
S1000084.59512,SP1000084.36.59512,SY1000084.2026.59512,iPad1(1000084),84,10.06.26 18:07,Prod,A1000084.6919,Tisch 11,107,S1000084.59512,VOID,2,2.8,5.6,0.0,0.0,0.0,0.0,121,Mineralwasser,Getränke,,MwSt. 19%,1.19,4.705882,0.894118,Normalverkauf
S1000084.59513,SP1000084.36.59513,SY1000084.2026.59513,iPad1(1000084),84,10.06.26 17:39,Prod,A1000084.6920,Tisch 22,102,S1000084.59513,SALE,2,11.9,23.8,0.0,0.0,0.0,0.0,110,Matjes-Baguette,Hauptgerichte,,MwSt. 7%,1.07,22.242991,1.557009,Normalverkauf
S1000084.59514,SP1000084.36.59514,SY1000084.2026.59514,iPad1(1000084),84,10.06.26 17:39,Prod,A1000084.6920,Tisch 22,102,S1000084.59514,SALE,1,9.8,9.8,0.0,0.0,0.0,0.0,108,Seelachs-Ei-Baugette,Hauptgerichte,,MwSt. 7%,1.07,9.158879,0.641121,Normalverkauf
S1000084.59515,SP1000084.36.59515,SY1000084.2026.59515,iPad1(1000084),84,10.06.26 16:48,Prod,A1000084.6921,Tisch 5,104,S1000084.59515,SALE,2,6.9,13.8,0.0,0.0,0.0,0.0,103,Fischbrötchen Räucherlachs,Hauptspeisen,,MwSt. 7%,1.07,12.897196,0.902804,Normalverkauf
S1000084.59516,SP1000084.36.59516,SY1000084.2026.59516,iPad1(1000084),84,10.06.26 16:48,Prod,A1000084.6921,Tisch 5,104,S1000084.59516,SALE,2,10.9,21.8,0.0,0.0,0.0,0.0,104,Thunfisch Wrap,Hauptgerichte,,MwSt. 7%,1.07,20.373832,1.426168,Normalverkauf
S1000084.59517,SP1000084.36.59517,SY1000084.2026.59517,iPad1(1000084),84,10.06.26 16:48,Prod,A1000084.6921,Tisch 5,104,S1000084.59517,SALE,1,3.9,3.9,0.0,0.0,0.0,0.0,124,Cola Zero,Getränke,,MwSt. 19%,1.19,3.277311,0.622689,Normalverkauf
S1000084.59518,SP1000084.36.59518,SY1000084.2026.59518,iPad1(1000084),84,10.06.26 16:44,Prod,A1000084.6922,Tisch 5,102,S1000084.59518,SALE,1,3.9,3.9,0.0,0.0,0.0,0.0,119,Cola,Getränke,,MwSt. 19%,1.19,3.277311,0.622689,Normalverkauf
S1000084.59519,SP1000084.36.59519,SY1000084.2026.59519,iPad1(1000084),84,10.06.26 16:44,Prod,A1000084.6922,Tisch 5,102,S1000084.59519,SALE,1,11.5,11.5,0.0,0.0,0.0,0.0,105,Garnelen-Kimchi-Bruger,Hauptgerichte,,MwSt. 7%,1.07,10.747664,0.752336,Normalverkauf
S1000084.59520,SP1000084.36.59520,SY1000084.2026.59520,iPad1(1000084),84,10.06.26 10:44,Prod,A1000084.6923,Tisch 15,112,S1000084.59520,SALE,2,10.9,21.8,0.0,0.0,0.0,0.0,107,Chicken Burger,Hauptgerichte,,MwSt. 7%,1.07,20.373832,1.426168,Normalverkauf
S1000084.59521,SP1000084.36.59521,SY1000084.2026.59521,iPad1(1000084),84,10.06.26 19:12,Prod,A1000084.6924,Tisch 13,104,S1000084.59521,SALE,1,3.2,3.2,0.0,0.0,0.0,0.0,120,Apfelschorle,Getränke,,MwSt. 19%,1.19,2.689076,0.510924,Normalverkauf
S1000084.59522,SP1000084.36.59522,SY1000084.2026.59522,iPad1(1000084),84,10.06.26 19:12,Prod,A1000084.6924,Tisch 13,104,S1000084.59522,SALE,1,10.9,10.9,0.0,0.0,0.0,0.0,109,Bismarck-Baguette,Hauptgerichte,,MwSt. 7%,1.07,10.186916,0.713084,Normalverkauf
S1000084.59523,SP1000084.36.59523,SY1000084.2026.59523,iPad1(1000084),84,10.06.26 18:21,Prod,A1000084.6925,Tisch 1,108,S1000084.59523,SALE,2,5.9,11.8,0.0,0.0,0.0,0.0,125,Zitronen-Limonade,Getränke,,MwSt. 19%,1.19,9.915966,1.884034,Normalverkauf
S1000084.59524,SP1000084.36.59524,SY1000084.2026.59524,iPad1(1000084),84,10.06.26 18:44,Prod,A1000084.6926,Tisch 8,112,S1000084.59524,SALE,1,5.5,5.5,0.0,0.0,0.0,0.0,111,Pommes Frites,Beilagen,,MwSt. 7%,1.07,5.140187,0.359813,Normalverkauf
S1000084.59525,SP1000084.36.59525,SY1000084.2026.59525,iPad1(1000084),84,10.06.26 16:17,Prod,A1000084.6927,Tisch 1,112,S1000084.59525,SALE,2,5.5,11.0,0.0,0.0,0.0,0.0,114,Fisch Nuggets Box,Beilagen,,MwSt. 7%,1.07,10.280374,0.719626,Normalverkauf
S1000084.59526,SP1000084.36.59526,SY1000084.2026.59526,iPad1(1000084),84,10.06.26 16:17,Prod,A1000084.6927,Tisch 1,112,S1000084.59526,SALE,1,5.9,5.9,0.0,0.0,0.0,0.0,117,Rote Grütze,Desserts,,MwSt. 7%,1.07,5.514019,0.385981,Normalverkauf
S1000084.59527,SP1000084.36.59527,SY1000084.2026.59527,iPad1(1000084),84,10.06.26 16:17,Prod,A1000084.6927,Tisch 1,112,S1000084.59527,SALE,2,5.5,11.0,0.0,0.0,0.0,0.0,114,Fisch Nuggets Box,Beilagen,,MwSt. 7%,1.07,10.280374,0.719626,Normalverkauf
S1000084.59528,SP1000084.36.59528,SY1000084.2026.59528,iPad1(1000084),84,10.06.26 08:17,Prod,A1000084.6928,Tisch 24,104,S1000084.59528,SALE,1,3.9,3.9,0.0,0.0,0.0,0.0,124,Cola Zero,Getränke,,MwSt. 19%,1.19,3.277311,0.622689,Normalverkauf
S1000084.59529,SP1000084.36.59529,SY1000084.2026.59529,iPad1(1000084),84,10.06.26 08:17,Prod,A1000084.6928,Tisch 24,104,S1000084.59529,SALE,2,3.2,6.4,0.0,0.0,0.0,0.0,120,Apfelschorle,Getränke,,MwSt. 19%,1.19,5.378151,1.021849,Normalverkauf
S1000084.59530,SP1000084.36.59530,SY1000084.2026.59530,iPad1(1000084),84,10.06.26 15:32,Prod,A1000084.6929,Tisch 8,104,S1000084.59530,SALE,1,5.5,5.5,0.0,0.0,0.0,0.0,114,Fisch Nuggets Box,Beilagen,,MwSt. 7%,1.07,5.140187,0.359813,Normalverkauf
S1000084.59531,SP1000084.36.59531,SY1000084.2026.59531,iPad1(1000084),84,10.06.26 17:22,Prod,A1000084.6930,Tisch 4,112,S1000084.59531,SALE,1,14.5,14.5,0.0,0.0,0.0,0.0,101,Lachs,Hauptspeisen,,MwSt. 7%,1.07,13.551402,0.948598,Normalverkauf
S1000084.59532,SP1000084.36.59532,SY1000084.2026.59532,iPad1(1000084),84,10.06.26 17:22,Prod,A1000084.6930,Tisch 4,112,S1000084.59532,SALE,2,11.5,23.0,0.0,0.0,0.0,0.0,105,Garnelen-Kimchi-Bruger,Hauptgerichte,,MwSt. 7%,1.07,21.495327,1.504673,Normalverkauf
S1000084.59533,SP1000084.36.59533,SY1000084.2026.59533,iPad1(1000084),84,10.06.26 17:22,Prod,A1000084.6930,Tisch 4,112,S1000084.59533,SALE,1,4.9,4.9,0.0,0.0,0.0,0.0,112,Kartoffelwedges,Beilagen,,MwSt. 7%,1.07,4.579439,0.320561,Normalverkauf
S1000084.59534,SP1000084.36.59534,SY1000084.2026.59534,iPad1(1000084),84,10.06.26 19:15,Prod,A1000084.6931,Tisch 11,108,S1000084.59534,SALE,2,3.2,6.4,0.0,0.0,0.0,0.0,120,Apfelschorle,Getränke,,MwSt. 19%,1.19,5.378151,1.021849,Normalverkauf
S1000084.59535,SP1000084.36.59535,SY1000084.2026.59535,iPad1(1000084),84,10.06.26 19:15,Prod,A1000084.6931,Tisch 11,108,S1000084.59535,SALE,2,9.8,19.6,0.0,0.0,0.0,0.0,108,Seelachs-Ei-Baugette,Hauptgerichte,,MwSt. 7%,1.07,18.317757,1.282243,Normalverkauf
S1000084.59536,SP1000084.36.59536,SY1000084.2026.59536,iPad1(1000084),84,10.06.26 15:39,Prod,A1000084.6932,Tisch 1,104,S1000084.59536,SALE,2,10.9,21.8,0.0,0.0,0.0,0.0,104,Thunfisch Wrap,Hauptgerichte,,MwSt. 7%,1.07,20.373832,1.426168,Normalverkauf
S1000084.59537,SP1000084.36.59537,SY1000084.2026.59537,iPad1(1000084),84,10.06.26 15:39,Prod,A1000084.6932,Tisch 1,104,S1000084.59537,SALE,1,10.9,10.9,0.0,0.0,0.0,0.0,107,Chicken Burger,Hauptgerichte,,MwSt. 7%,1.07,10.186916,0.713084,Normalverkauf
S1000084.59538,SP1000084.36.59538,SY1000084.2026.59538,iPad1(1000084),84,10.06.26 15:39,Prod,A1000084.6932,Tisch 1,104,S1000084.59538,SALE,1,10.9,10.9,0.0,0.0,0.0,0.0,104,Thunfisch Wrap,Hauptgerichte,,MwSt. 7%,1.07,10.186916,0.713084,Normalverkauf
S1000084.59539,SP1000084.36.59539,SY1000084.2026.59539,iPad1(1000084),84,10.06.26 16:51,Prod,A1000084.6933,Tisch 3,102,S1000084.59539,SALE,1,6.9,6.9,0.0,0.0,0.0,0.0,103,Fischbrötchen Räucherlachs,Hauptspeisen,,MwSt. 7%,1.07,6.448598,0.451402,Normalverkauf
S1000084.59540,SP1000084.36.59540,SY1000084.2026.59540,iPad1(1000084),84,10.06.26 16:51,Prod,A1000084.6933,Tisch 3,102,S1000084.59540,SALE,2,4.2,8.4,0.0,0.0,0.0,0.0,122,Bier,Getränke,,MwSt. 19%,1.19,7.058824,1.341176,Normalverkauf
S1000084.59541,SP1000084.36.59541,SY1000084.2026.59541,iPad1(1000084),84,10.06.26 18:04,Prod,A1000084.6934,Tisch 15,108,S1000084.59541,SALE,2,5.5,11.0,0.0,0.0,0.0,0.0,111,Pommes Frites,Beilagen,,MwSt. 7%,1.07,10.280374,0.719626,Normalverkauf
S1000084.59542,SP1000084.36.59542,SY1000084.2026.59542,iPad1(1000084),84,10.06.26 18:04,Prod,A1000084.6934,Tisch 15,108,S1000084.59542,SALE,2,4.2,8.4,0.0,0.0,0.0,0.0,122,Bier,Getränke,,MwSt. 19%,1.19,7.058824,1.341176,Normalverkauf
S1000084.59543,SP1000084.36.59543,SY1000084.2026.59543,iPad1(1000084),84,10.06.26 20:26,Prod,A1000084.6935,Tisch 6,104,S1000084.59543,SALE,1,9.8,9.8,0.0,0.0,0.0,0.0,108,Seelachs-Ei-Baugette,Hauptgerichte,,MwSt. 7%,1.07,9.158879,0.641121,Normalverkauf
S1000084.59544,SP1000084.36.59544,SY1000084.2026.59544,iPad1(1000084),84,10.06.26 20:26,Prod,A1000084.6935,Tisch 6,104,S1000084.59544,SALE,1,14.5,14.5,0.0,0.0,0.0,0.0,101,Lachs,Hauptspeisen,,MwSt. 7%,1.07,13.551402,0.948598,Normalverkauf
S1000084.59545,SP1000084.36.59545,SY1000084.2026.59545,iPad1(1000084),84,10.06.26 12:00,Prod,A1000084.6936,Tisch 19,108,S1000084.59545,SALE,1,4.2,4.2,0.0,0.0,0.0,0.0,122,Bier,Getränke,,MwSt. 19%,1.19,3.529412,0.670588,Normalverkauf
S1000084.59546,SP1000084.36.59546,SY1000084.2026.59546,iPad1(1000084),84,10.06.26 12:00,Prod,A1000084.6936,Tisch 19,108,S1000084.59546,SALE,2,3.9,7.8,0.0,0.0,0.0,0.0,126,Spezi,Getränke,,MwSt. 19%,1.19,6.554622,1.245378,Normalverkauf
S1000084.59547,SP1000084.36.59547,SY1000084.2026.59547,iPad1(1000084),84,10.06.26 19:20,Prod,A1000084.6937,Tisch 2,102,S1000084.59547,SALE,1,6.9,6.9,0.0,0.0,0.0,0.0,103,Fischbrötchen Räucherlachs,Hauptspeisen,,MwSt. 7%,1.07,6.448598,0.451402,Normalverkauf
S1000084.59548,SP1000084.36.59548,SY1000084.2026.59548,iPad1(1000084),84,10.06.26 19:20,Prod,A1000084.6937,Tisch 2,102,S1000084.59548,SALE,2,7.9,15.8,0.0,0.0,0.0,0.0,115,Tiramisu,Desserts,,MwSt. 7%,1.07,14.766355,1.033645,Normalverkauf
S1000084.59549,SP1000084.36.59549,SY1000084.2026.59549,iPad1(1000084),84,10.06.26 11:41,Prod,A1000084.6938,,104,S1000084.59549,SALE,2,7.9,15.8,0.0,0.0,0.0,0.0,115,Tiramisu,Desserts,,MwSt. 7%,1.07,14.766355,1.033645,Normalverkauf
S1000084.59550,SP1000084.36.59550,SY1000084.2026.59550,iPad1(1000084),84,10.06.26 11:41,Prod,A1000084.6938,,104,S1000084.59550,SALE,1,5.5,5.5,0.0,0.0,0.0,0.0,114,Fisch Nuggets Box,Beilagen,,MwSt. 7%,1.07,5.140187,0.359813,Normalverkauf
S1000084.59551,SP1000084.36.59551,SY1000084.2026.59551,iPad1(1000084),84,10.06.26 11:41,Prod,A1000084.6938,,104,S1000084.59551,SALE,1,14.5,14.5,0.0,0.0,0.0,0.0,101,Lachs,Hauptspeisen,,MwSt. 7%,1.07,13.551402,0.948598,Normalverkauf
S1000084.59552,SP1000084.36.59552,SY1000084.2026.59552,iPad1(1000084),84,10.06.26 12:51,Prod,A1000084.6939,Tisch 10,112,S1000084.59552,SALE,1,3.9,3.9,0.0,0.0,0.0,0.0,124,Cola Zero,Getränke,,MwSt. 19%,1.19,3.277311,0.622689,Normalverkauf
S1000084.59553,SP1000084.36.59553,SY1000084.2026.59553,iPad1(1000084),84,10.06.26 17:09,Prod,A1000084.6940,Tisch 19,104,S1000084.59553,SALE,1,6.9,6.9,0.0,0.0,0.0,0.0,113,Garnelen Box,Beilagen,,MwSt. 7%,1.07,6.448598,0.451402,Normalverkauf
S1000084.59554,SP1000084.36.59554,SY1000084.2026.59554,iPad1(1000084),84,10.06.26 11:56,Prod,A1000084.6941,Tisch 23,112,S1000084.59554,VOID,2,5.5,11.0,0.0,0.0,0.0,0.0,111,Pommes Frites,Beilagen,,MwSt. 7%,1.07,10.280374,0.719626,Normalverkauf
S1000084.59555,SP1000084.36.59555,SY1000084.2026.59555,iPad1(1000084),84,10.06.26 11:56,Prod,A1000084.6941,Tisch 23,112,S1000084.59555,VOID,1,5.5,5.5,0.0,0.0,0.0,0.0,111,Pommes Frites,Beilagen,,MwSt. 7%,1.07,5.140187,0.359813,Normalverkauf
S1000084.59556,SP1000084.36.59556,SY1000084.2026.59556,iPad1(1000084),84,10.06.26 18:51,Prod,A1000084.6942,Tisch 16,104,S1000084.59556,SALE,1,13.5,13.5,0.0,0.0,0.0,0.0,102,Matjes,Hauptspeisen,,MwSt. 7%,1.07,12.616822,0.883178,Normalverkauf
S1000084.59557,SP1000084.36.59557,SY1000084.2026.59557,iPad1(1000084),84,10.06.26 16:37,Prod,A1000084.6943,Tisch 2,102,S1000084.59557,SALE,1,3.9,3.9,0.0,0.0,0.0,0.0,119,Cola,Getränke,,MwSt. 19%,1.19,3.277311,0.622689,Normalverkauf
S1000084.59558,SP1000084.36.59558,SY1000084.2026.59558,iPad1(1000084),84,10.06.26 16:37,Prod,A1000084.6943,Tisch 2,102,S1000084.59558,SALE,1,5.5,5.5,0.0,0.0,0.0,0.0,114,Fisch Nuggets Box,Beilagen,,MwSt. 7%,1.07,5.140187,0.359813,Normalverkauf
S1000084.59559,SP1000084.36.59559,SY1000084.2026.59559,iPad1(1000084),84,10.06.26 16:37,Prod,A1000084.6943,Tisch 2,102,S1000084.59559,SALE,1,10.9,10.9,0.0,0.0,0.0,0.0,104,Thunfisch Wrap,Hauptgerichte,,MwSt. 7%,1.07,10.186916,0.713084,Normalverkauf
S1000084.59560,SP1000084.36.59560,SY1000084.2026.59560,iPad1(1000084),84,10.06.26 13:33,Prod,A1000084.6944,Tisch 16,104,S1000084.59560,SALE,2,2.8,5.6,0.0,0.0,0.0,0.0,121,Mineralwasser,Getränke,,MwSt. 19%,1.19,4.705882,0.894118,Normalverkauf
S1000084.59561,SP1000084.36.59561,SY1000084.2026.59561,iPad1(1000084),84,10.06.26 20:17,Prod,A1000084.6945,Tisch 9,102,S1000084.59561,SALE,1,4.2,4.2,0.0,0.0,0.0,0.0,122,Bier,Getränke,,MwSt. 19%,1.19,3.529412,0.670588,Normalverkauf
S1000084.59562,SP1000084.36.59562,SY1000084.2026.59562,iPad1(1000084),84,10.06.26 12:39,Prod,A1000084.6946,Tisch 17,104,S1000084.59562,SALE,1,4.2,4.2,0.0,0.0,0.0,0.0,122,Bier,Getränke,,MwSt. 19%,1.19,3.529412,0.670588,Normalverkauf
S1000084.59563,SP1000084.36.59563,SY1000084.2026.59563,iPad1(1000084),84,10.06.26 12:05,Prod,A1000084.6947,Tisch 8,102,S1000084.59563,SALE,2,2.8,5.6,0.0,0.0,0.0,0.0,121,Mineralwasser,Getränke,,MwSt. 19%,1.19,4.705882,0.894118,Normalverkauf
S1000084.59564,SP1000084.36.59564,SY1000084.2026.59564,iPad1(1000084),84,10.06.26 12:05,Prod,A1000084.6947,Tisch 8,102,S1000084.59564,SALE,2,10.9,21.8,0.0,0.0,0.0,0.0,107,Chicken Burger,Hauptgerichte,,MwSt. 7%,1.07,20.373832,1.426168,Normalverkauf
S1000084.59565,SP1000084.36.59565,SY1000084.2026.59565,iPad1(1000084),84,10.06.26 12:05,Prod,A1000084.6947,Tisch 8,102,S1000084.59565,SALE,1,14.5,14.5,0.0,0.0,0.0,0.0,101,Lachs,Hauptspeisen,,MwSt. 7%,1.07,13.551402,0.948598,Normalverkauf
S1000084.59566,SP1000084.36.59566,SY1000084.2026.59566,iPad1(1000084),84,10.06.26 11:47,Prod,A1000084.6948,Tisch 24,104,S1000084.59566,VOID,1,5.9,5.9,0.0,0.0,0.0,0.0,123,Inger-Limonade,Getränke,,MwSt. 19%,1.19,4.957983,0.942017,Normalverkauf
S1000084.59567,SP1000084.36.59567,SY1000084.2026.59567,iPad1(1000084),84,10.06.26 11:47,Prod,A1000084.6948,Tisch 24,104,S1000084.59567,VOID,2,6.9,13.8,0.0,0.0,0.0,0.0,103,Fischbrötchen Räucherlachs,Hauptspeisen,,MwSt. 7%,1.07,12.897196,0.902804,Normalverkauf
S1000084.59568,SP1000084.36.59568,SY1000084.2026.59568,iPad1(1000084),84,10.06.26 19:48,Prod,A1000084.6949,Tisch 10,102,S1000084.59568,SALE,2,3.9,7.8,0.0,0.0,0.0,0.0,127,Alkoholfreies Bier,Getränke,,MwSt. 19%,1.19,6.554622,1.245378,Normalverkauf
S1000084.59569,SP1000084.36.59569,SY1000084.2026.59569,iPad1(1000084),84,10.06.26 16:00,Prod,A1000084.6950,,104,S1000084.59569,SALE,2,10.9,21.8,0.0,0.0,0.0,0.0,109,Bismarck-Baguette,Hauptgerichte,,MwSt. 7%,1.07,20.373832,1.426168,Normalverkauf
S1000084.59570,SP1000084.36.59570,SY1000084.2026.59570,iPad1(1000084),84,10.06.26 16:00,Prod,A1000084.6950,,104,S1000084.59570,SALE,1,11.9,11.9,0.0,0.0,0.0,0.0,110,Matjes-Baguette,Hauptgerichte,,MwSt. 7%,1.07,11.121495,0.778505,Normalverkauf
S1000084.59571,SP1000084.36.59571,SY1000084.2026.59571,iPad1(1000084),84,10.06.26 12:08,Prod,A1000084.6951,Tisch 8,107,S1000084.59571,SALE,2,11.9,23.8,0.0,0.0,0.0,0.0,110,Matjes-Baguette,Hauptgerichte,,MwSt. 7%,1.07,22.242991,1.557009,Normalverkauf
S1000084.59572,SP1000084.36.59572,SY1000084.2026.59572,iPad1(1000084),84,10.06.26 12:08,Prod,A1000084.6951,Tisch 8,107,S1000084.59572,SALE,1,6.5,6.5,0.0,0.0,0.0,0.0,100,Fischbrötchen Backfisch,Hauptspeisen,,MwSt. 7%,1.07,6.074766,0.425234,Normalverkauf
S1000084.59573,SP1000084.36.59573,SY1000084.2026.59573,iPad1(1000084),84,10.06.26 10:53,Prod,A1000084.6952,Tisch 19,108,S1000084.59573,SALE,1,10.9,10.9,0.0,0.0,0.0,0.0,109,Bismarck-Baguette,Hauptgerichte,,MwSt. 7%,1.07,10.186916,0.713084,Normalverkauf
S1000084.59574,SP1000084.36.59574,SY1000084.2026.59574,iPad1(1000084),84,10.06.26 20:35,Prod,A1000084.6953,Tisch 1,112,S1000084.59574,SALE,1,7.9,7.9,0.0,0.0,0.0,0.0,115,Tiramisu,Desserts,,MwSt. 7%,1.07,7.383178,0.516822,Normalverkauf
S1000084.59575,SP1000084.36.59575,SY1000084.2026.59575,iPad1(1000084),84,10.06.26 20:35,Prod,A1000084.6953,Tisch 1,112,S1000084.59575,SALE,1,10.9,10.9,0.0,0.0,0.0,0.0,109,Bismarck-Baguette,Hauptgerichte,,MwSt. 7%,1.07,10.186916,0.713084,Normalverkauf
S1000084.59576,SP1000084.36.59576,SY1000084.2026.59576,iPad1(1000084),84,10.06.26 20:35,Prod,A1000084.6953,Tisch 1,112,S1000084.59576,SALE,1,11.5,11.5,0.0,0.0,0.0,0.0,105,Garnelen-Kimchi-Bruger,Hauptgerichte,,MwSt. 7%,1.07,10.747664,0.752336,Normalverkauf
S1000084.59577,SP1000084.36.59577,SY1000084.2026.59577,iPad1(1000084),84,10.06.26 13:58,Prod,A1000084.6954,Tisch 20,108,S1000084.59577,VOID,2,2.8,5.6,0.0,0.0,0.0,0.0,121,Mineralwasser,Getränke,,MwSt. 19%,1.19,4.705882,0.894118,Normalverkauf
S1000084.59578,SP1000084.36.59578,SY1000084.2026.59578,iPad1(1000084),84,10.06.26 13:58,Prod,A1000084.6954,Tisch 20,108,S1000084.59578,VOID,2,7.9,15.8,0.0,0.0,0.0,0.0,115,Tiramisu,Desserts,,MwSt. 7%,1.07,14.766355,1.033645,Normalverkauf
S1000084.59579,SP1000084.36.59579,SY1000084.2026.59579,iPad1(1000084),84,10.06.26 18:01,Prod,A1000084.6955,Tisch 4,102,S1000084.59579,SALE,1,2.8,2.8,0.0,0.0,0.0,0.0,121,Mineralwasser,Getränke,,MwSt. 19%,1.19,2.352941,0.447059,Normalverkauf
S1000084.59580,SP1000084.36.59580,SY1000084.2026.59580,iPad1(1000084),84,10.06.26 18:01,Prod,A1000084.6955,Tisch 4,102,S1000084.59580,SALE,2,5.5,11.0,0.0,0.0,0.0,0.0,111,Pommes Frites,Beilagen,,MwSt. 7%,1.07,10.280374,0.719626,Normalverkauf
S1000084.59581,SP1000084.36.59581,SY1000084.2026.59581,iPad1(1000084),84,10.06.26 18:01,Prod,A1000084.6955,Tisch 4,102,S1000084.59581,SALE,2,3.9,7.8,0.0,0.0,0.0,0.0,127,Alkoholfreies Bier,Getränke,,MwSt. 19%,1.19,6.554622,1.245378,Normalverkauf
S1000084.59582,SP1000084.36.59582,SY1000084.2026.59582,iPad1(1000084),84,10.06.26 16:12,Prod,A1000084.6956,Tisch 3,112,S1000084.59582,VOID,2,4.2,8.4,0.0,0.0,0.0,0.0,122,Bier,Getränke,,MwSt. 19%,1.19,7.058824,1.341176,Normalverkauf
S1000084.59583,SP1000084.36.59583,SY1000084.2026.59583,iPad1(1000084),84,10.06.26 16:12,Prod,A1000084.6956,Tisch 3,112,S1000084.59583,VOID,2,11.9,23.8,0.0,0.0,0.0,0.0,110,Matjes-Baguette,Hauptgerichte,,MwSt. 7%,1.07,22.242991,1.557009,Normalverkauf
S1000084.59584,SP1000084.36.59584,SY1000084.2026.59584,iPad1(1000084),84,10.06.26 16:12,Prod,A1000084.6956,Tisch 3,112,S1000084.59584,VOID,2,10.9,21.8,0.0,0.0,0.0,0.0,107,Chicken Burger,Hauptgerichte,,MwSt. 7%,1.07,20.373832,1.426168,Normalverkauf
S1000084.59585,SP1000084.36.59585,SY1000084.2026.59585,iPad1(1000084),84,10.06.26 10:38,Prod,A1000084.6957,Tisch 15,104,S1000084.59585,SALE,2,3.9,7.8,0.0,0.0,0.0,0.0,126,Spezi,Getränke,,MwSt. 19%,1.19,6.554622,1.245378,Normalverkauf
S1000084.59586,SP1000084.36.59586,SY1000084.2026.59586,iPad1(1000084),84,10.06.26 10:38,Prod,A1000084.6957,Tisch 15,104,S1000084.59586,SALE,1,5.5,5.5,0.0,0.0,0.0,0.0,111,Pommes Frites,Beilagen,,MwSt. 7%,1.07,5.140187,0.359813,Normalverkauf
S1000084.59587,SP1000084.36.59587,SY1000084.2026.59587,iPad1(1000084),84,10.06.26 10:38,Prod,A1000084.6957,Tisch 15,104,S1000084.59587,SALE,1,3.9,3.9,0.0,0.0,0.0,0.0,126,Spezi,Getränke,,MwSt. 19%,1.19,3.277311,0.622689,Normalverkauf
S1000084.59588,SP1000084.36.59588,SY1000084.2026.59588,iPad1(1000084),84,10.06.26 20:49,Prod,A1000084.6958,Tisch 22,102,S1000084.59588,VOID,2,4.9,9.8,0.0,0.0,0.0,0.0,112,Kartoffelwedges,Beilagen,,MwSt. 7%,1.07,9.158879,0.641121,Normalverkauf
S1000084.59589,SP1000084.36.59589,SY1000084.2026.59589,iPad1(1000084),84,10.06.26 18:31,Prod,A1000084.6959,Tisch 5,112,S1000084.59589,SALE,1,4.9,4.9,0.0,0.0,0.0,0.0,112,Kartoffelwedges,Beilagen,,MwSt. 7%,1.07,4.579439,0.320561,Normalverkauf
S1000084.59590,SP1000084.36.59590,SY1000084.2026.59590,iPad1(1000084),84,10.06.26 14:57,Prod,A1000084.6960,Tisch 3,112,S1000084.59590,VOID,1,3.9,3.9,0.0,0.0,0.0,0.0,119,Cola,Getränke,,MwSt. 19%,1.19,3.277311,0.622689,Normalverkauf
S1000084.59591,SP1000084.36.59591,SY1000084.2026.59591,iPad1(1000084),84,10.06.26 14:57,Prod,A1000084.6960,Tisch 3,112,S1000084.59591,VOID,1,4.2,4.2,0.0,0.0,0.0,0.0,122,Bier,Getränke,,MwSt. 19%,1.19,3.529412,0.670588,Normalverkauf
S1000084.59592,SP1000084.36.59592,SY1000084.2026.59592,iPad1(1000084),84,10.06.26 16:01,Prod,A1000084.6961,Tisch 15,112,S1000084.59592,VOID,1,11.5,11.5,0.0,0.0,0.0,0.0,105,Garnelen-Kimchi-Bruger,Hauptgerichte,,MwSt. 7%,1.07,10.747664,0.752336,Normalverkauf
S1000084.59593,SP1000084.36.59593,SY1000084.2026.59593,iPad1(1000084),84,10.06.26 16:01,Prod,A1000084.6961,Tisch 15,112,S1000084.59593,VOID,1,4.2,4.2,0.0,0.0,0.0,0.0,122,Bier,Getränke,,MwSt. 19%,1.19,3.529412,0.670588,Normalverkauf
S1000084.59594,SP1000084.36.59594,SY1000084.2026.59594,iPad1(1000084),84,10.06.26 16:01,Prod,A1000084.6961,Tisch 15,112,S1000084.59594,VOID,1,2.8,2.8,0.0,0.0,0.0,0.0,121,Mineralwasser,Getränke,,MwSt. 19%,1.19,2.352941,0.447059,Normalverkauf
S1000084.59595,SP1000084.36.59595,SY1000084.2026.59595,iPad1(1000084),84,10.06.26 15:48,Prod,A1000084.6962,Tisch 13,107,S1000084.59595,SALE,2,6.9,13.8,0.0,0.0,0.0,0.0,113,Garnelen Box,Beilagen,,MwSt. 7%,1.07,12.897196,0.902804,Normalverkauf
S1000084.59596,SP1000084.36.59596,SY1000084.2026.59596,iPad1(1000084),84,10.06.26 15:48,Prod,A1000084.6962,Tisch 13,107,S1000084.59596,SALE,1,3.9,3.9,0.0,0.0,0.0,0.0,119,Cola,Getränke,,MwSt. 19%,1.19,3.277311,0.622689,Normalverkauf
S1000084.59597,SP1000084.36.59597,SY1000084.2026.59597,iPad1(1000084),84,10.06.26 15:48,Prod,A1000084.6962,Tisch 13,107,S1000084.59597,SALE,2,2.8,5.6,0.0,0.0,0.0,0.0,121,Mineralwasser,Getränke,,MwSt. 19%,1.19,4.705882,0.894118,Normalverkauf
S1000084.59598,SP1000084.36.59598,SY1000084.2026.59598,iPad1(1000084),84,10.06.26 10:31,Prod,A1000084.6963,Tisch 13,104,S1000084.59598,SALE,1,5.5,5.5,0.0,0.0,0.0,0.0,111,Pommes Frites,Beilagen,,MwSt. 7%,1.07,5.140187,0.359813,Normalverkauf
S1000084.59599,SP1000084.36.59599,SY1000084.2026.59599,iPad1(1000084),84,10.06.26 10:31,Prod,A1000084.6963,Tisch 13,104,S1000084.59599,SALE,2,10.9,21.8,0.0,0.0,0.0,0.0,104,Thunfisch Wrap,Hauptgerichte,,MwSt. 7%,1.07,20.373832,1.426168,Normalverkauf
S1000084.59600,SP1000084.36.59600,SY1000084.2026.59600,iPad1(1000084),84,10.06.26 20:11,Prod,A1000084.6964,Tisch 8,104,S1000084.59600,SALE,1,3.9,3.9,0.0,0.0,0.0,0.0,126,Spezi,Getränke,,MwSt. 19%,1.19,3.277311,0.622689,Normalverkauf
S1000084.59601,SP1000084.36.59601,SY1000084.2026.59601,iPad1(1000084),84,10.06.26 20:11,Prod,A1000084.6964,Tisch 8,104,S1000084.59601,SALE,2,5.5,11.0,0.0,0.0,0.0,0.0,111,Pommes Frites,Beilagen,,MwSt. 7%,1.07,10.280374,0.719626,Normalverkauf
S1000084.59602,SP1000084.36.59602,SY1000084.2026.59602,iPad1(1000084),84,10.06.26 20:11,Prod,A1000084.6964,Tisch 8,104,S1000084.59602,SALE,1,5.9,5.9,0.0,0.0,0.0,0.0,125,Zitronen-Limonade,Getränke,,MwSt. 19%,1.19,4.957983,0.942017,Normalverkauf
S1000084.59603,SP1000084.36.59603,SY1000084.2026.59603,iPad1(1000084),84,10.06.26 19:10,Prod,A1000084.6965,Tisch 21,107,S1000084.59603,SALE,2,3.9,7.8,0.0,0.0,0.0,0.0,124,Cola Zero,Getränke,,MwSt. 19%,1.19,6.554622,1.245378,Normalverkauf
S1000084.59604,SP1000084.36.59604,SY1000084.2026.59604,iPad1(1000084),84,10.06.26 20:15,Prod,A1000084.6966,Tisch 9,112,S1000084.59604,SALE,1,6.5,6.5,0.0,0.0,0.0,0.0,100,Fischbrötchen Backfisch,Hauptspeisen,,MwSt. 7%,1.07,6.074766,0.425234,Normalverkauf
S1000084.59605,SP1000084.36.59605,SY1000084.2026.59605,iPad1(1000084),84,10.06.26 19:58,Prod,A1000084.6967,Tisch 10,104,S1000084.59605,SALE,2,6.5,13.0,0.0,0.0,0.0,0.0,100,Fischbrötchen Backfisch,Hauptspeisen,,MwSt. 7%,1.07,12.149533,0.850467,Normalverkauf
S1000084.59606,SP1000084.36.59606,SY1000084.2026.59606,iPad1(1000084),84,10.06.26 19:58,Prod,A1000084.6967,Tisch 10,104,S1000084.59606,SALE,1,6.5,6.5,0.0,0.0,0.0,0.0,100,Fischbrötchen Backfisch,Hauptspeisen,,MwSt. 7%,1.07,6.074766,0.425234,Normalverkauf
S1000084.59607,SP1000084.36.59607,SY1000084.2026.59607,iPad1(1000084),84,10.06.26 09:49,Prod,A1000084.6968,Tisch 9,107,S1000084.59607,VOID,1,7.9,7.9,0.0,0.0,0.0,0.0,115,Tiramisu,Desserts,,MwSt. 7%,1.07,7.383178,0.516822,Normalverkauf
S1000084.59608,SP1000084.36.59608,SY1000084.2026.59608,iPad1(1000084),84,10.06.26 17:41,Prod,A1000084.6969,Tisch 6,104,S1000084.59608,SALE,1,4.9,4.9,0.0,0.0,0.0,0.0,112,Kartoffelwedges,Beilagen,,MwSt. 7%,1.07,4.579439,0.320561,Normalverkauf
S1000084.59609,SP1000084.36.59609,SY1000084.2026.59609,iPad1(1000084),84,10.06.26 14:07,Prod,A1000084.6970,Tisch 20,107,S1000084.59609,SALE,2,13.5,27.0,0.0,0.0,0.0,0.0,102,Matjes,Hauptspeisen,,MwSt. 7%,1.07,25.233645,1.766355,Normalverkauf
S1000084.59610,SP1000084.36.59610,SY1000084.2026.59610,iPad1(1000084),84,10.06.26 14:07,Prod,A1000084.6970,Tisch 20,107,S1000084.59610,SALE,2,3.9,7.8,0.0,0.0,0.0,0.0,119,Cola,Getränke,,MwSt. 19%,1.19,6.554622,1.245378,Normalverkauf
S1000084.59611,SP1000084.36.59611,SY1000084.2026.59611,iPad1(1000084),84,10.06.26 14:07,Prod,A1000084.6970,Tisch 20,107,S1000084.59611,SALE,2,6.9,13.8,0.0,0.0,0.0,0.0,103,Fischbrötchen Räucherlachs,Hauptspeisen,,MwSt. 7%,1.07,12.897196,0.902804,Normalverkauf
S1000084.59612,SP1000084.36.59612,SY1000084.2026.59612,iPad1(1000084),84,10.06.26 19:05,Prod,A1000084.6971,,112,S1000084.59612,SALE,2,10.9,21.8,0.0,0.0,0.0,0.0,104,Thunfisch Wrap,Hauptgerichte,,MwSt. 7%,1.07,20.373832,1.426168,Normalverkauf
S1000084.59613,SP1000084.36.59613,SY1000084.2026.59613,iPad1(1000084),84,10.06.26 19:05,Prod,A1000084.6971,,112,S1000084.59613,SALE,1,14.5,14.5,0.0,0.0,0.0,0.0,101,Lachs,Hauptspeisen,,MwSt. 7%,1.07,13.551402,0.948598,Normalverkauf
S1000084.59614,SP1000084.36.59614,SY1000084.2026.59614,iPad1(1000084),84,10.06.26 19:05,Prod,A1000084.6971,,112,S1000084.59614,SALE,2,14.5,29.0,0.0,0.0,0.0,0.0,101,Lachs,Hauptspeisen,,MwSt. 7%,1.07,27.102804,1.897196,Normalverkauf
S1000084.59615,SP1000084.36.59615,SY1000084.2026.59615,iPad1(1000084),84,10.06.26 12:33,Prod,A1000084.6972,,112,S1000084.59615,SALE,1,3.9,3.9,0.0,0.0,0.0,0.0,124,Cola Zero,Getränke,,MwSt. 19%,1.19,3.277311,0.622689,Normalverkauf
S1000084.59616,SP1000084.36.59616,SY1000084.2026.59616,iPad1(1000084),84,10.06.26 12:36,Prod,A1000084.6973,Tisch 24,108,S1000084.59616,VOID,1,4.2,4.2,0.0,0.0,0.0,0.0,122,Bier,Getränke,,MwSt. 19%,1.19,3.529412,0.670588,Normalverkauf
S1000084.59617,SP1000084.36.59617,SY1000084.2026.59617,iPad1(1000084),84,10.06.26 12:36,Prod,A1000084.6973,Tisch 24,108,S1000084.59617,VOID,1,11.5,11.5,0.0,0.0,0.0,0.0,105,Garnelen-Kimchi-Bruger,Hauptgerichte,,MwSt. 7%,1.07,10.747664,0.752336,Normalverkauf
S1000084.59618,SP1000084.36.59618,SY1000084.2026.59618,iPad1(1000084),84,10.06.26 12:36,Prod,A1000084.6973,Tisch 24,108,S1000084.59618,VOID,2,3.9,7.8,0.0,0.0,0.0,0.0,127,Alkoholfreies Bier,Getränke,,MwSt. 19%,1.19,6.554622,1.245378,Normalverkauf
S1000084.59619,SP1000084.36.59619,SY1000084.2026.59619,iPad1(1000084),84,10.06.26 11:48,Prod,A1000084.6974,Tisch 2,104,S1000084.59619,SALE,2,10.9,21.8,0.0,0.0,0.0,0.0,104,Thunfisch Wrap,Hauptgerichte,,MwSt. 7%,1.07,20.373832,1.426168,Normalverkauf
S1000084.59620,SP1000084.36.59620,SY1000084.2026.59620,iPad1(1000084),84,10.06.26 11:48,Prod,A1000084.6974,Tisch 2,104,S1000084.59620,SALE,1,3.9,3.9,0.0,0.0,0.0,0.0,127,Alkoholfreies Bier,Getränke,,MwSt. 19%,1.19,3.277311,0.622689,Normalverkauf
S1000084.59621,SP1000084.36.59621,SY1000084.2026.59621,iPad1(1000084),84,10.06.26 09:47,Prod,A1000084.6975,Tisch 9,108,S1000084.59621,SALE,2,6.9,13.8,0.0,0.0,0.0,0.0,103,Fischbrötchen Räucherlachs,Hauptspeisen,,MwSt. 7%,1.07,12.897196,0.902804,Normalverkauf
S1000084.59622,SP1000084.36.59622,SY1000084.2026.59622,iPad1(1000084),84,10.06.26 09:47,Prod,A1000084.6975,Tisch 9,108,S1000084.59622,SALE,2,6.9,13.8,0.0,0.0,0.0,0.0,113,Garnelen Box,Beilagen,,MwSt. 7%,1.07,12.897196,0.902804,Normalverkauf
S1000084.59623,SP1000084.36.59623,SY1000084.2026.59623,iPad1(1000084),84,10.06.26 10:05,Prod,A1000084.6976,Tisch 21,112,S1000084.59623,VOID,1,5.5,5.5,0.0,0.0,0.0,0.0,114,Fisch Nuggets Box,Beilagen,,MwSt. 7%,1.07,5.140187,0.359813,Normalverkauf
S1000084.59624,SP1000084.36.59624,SY1000084.2026.59624,iPad1(1000084),84,10.06.26 10:05,Prod,A1000084.6976,Tisch 21,112,S1000084.59624,VOID,1,6.9,6.9,0.0,0.0,0.0,0.0,103,Fischbrötchen Räucherlachs,Hauptspeisen,,MwSt. 7%,1.07,6.448598,0.451402,Normalverkauf
S1000084.59625,SP1000084.36.59625,SY1000084.2026.59625,iPad1(1000084),84,10.06.26 15:02,Prod,A1000084.6977,Tisch 2,112,S1000084.59625,SALE,1,5.5,5.5,0.0,0.0,0.0,0.0,111,Pommes Frites,Beilagen,,MwSt. 7%,1.07,5.140187,0.359813,Normalverkauf
S1000084.59626,SP1000084.36.59626,SY1000084.2026.59626,iPad1(1000084),84,10.06.26 13:34,Prod,A1000084.6978,Tisch 6,104,S1000084.59626,VOID,2,3.9,7.8,0.0,0.0,0.0,0.0,119,Cola,Getränke,,MwSt. 19%,1.19,6.554622,1.245378,Normalverkauf
S1000084.59627,SP1000084.36.59627,SY1000084.2026.59627,iPad1(1000084),84,10.06.26 13:34,Prod,A1000084.6978,Tisch 6,104,S1000084.59627,VOID,2,6.9,13.8,0.0,0.0,0.0,0.0,113,Garnelen Box,Beilagen,,MwSt. 7%,1.07,12.897196,0.902804,Normalverkauf
S1000084.59628,SP1000084.36.59628,SY1000084.2026.59628,iPad1(1000084),84,10.06.26 13:34,Prod,A1000084.6978,Tisch 6,104,S1000084.59628,VOID,2,2.8,5.6,0.0,0.0,0.0,0.0,121,Mineralwasser,Getränke,,MwSt. 19%,1.19,4.705882,0.894118,Normalverkauf
S1000084.59629,SP1000084.36.59629,SY1000084.2026.59629,iPad1(1000084),84,10.06.26 19:58,Prod,A1000084.6979,Tisch 16,104,S1000084.59629,SALE,1,3.9,3.9,0.0,0.0,0.0,0.0,126,Spezi,Getränke,,MwSt. 19%,1.19,3.277311,0.622689,Normalverkauf
S1000084.59630,SP1000084.36.59630,SY1000084.2026.59630,iPad1(1000084),84,10.06.26 19:58,Prod,A1000084.6979,Tisch 16,104,S1000084.59630,SALE,1,5.5,5.5,0.0,0.0,0.0,0.0,111,Pommes Frites,Beilagen,,MwSt. 7%,1.07,5.140187,0.359813,Normalverkauf
S1000084.59631,SP1000084.36.59631,SY1000084.2026.59631,iPad1(1000084),84,10.06.26 19:58,Prod,A1000084.6979,Tisch 16,104,S1000084.59631,SALE,2,10.9,21.8,0.0,0.0,0.0,0.0,107,Chicken Burger,Hauptgerichte,,MwSt. 7%,1.07,20.373832,1.426168,Normalverkauf
S1000084.59632,SP1000084.36.59632,SY1000084.2026.59632,iPad1(1000084),84,10.06.26 18:09,Prod,A1000084.6980,,112,S1000084.59632,SALE,1,11.5,11.5,0.0,0.0,0.0,0.0,105,Garnelen-Kimchi-Bruger,Hauptgerichte,,MwSt. 7%,1.07,10.747664,0.752336,Normalverkauf
S1000084.59633,SP1000084.36.59633,SY1000084.2026.59633,iPad1(1000084),84,10.06.26 12:56,Prod,A1000084.6981,Tisch 17,104,S1000084.59633,SALE,2,5.5,11.0,0.0,0.0,0.0,0.0,111,Pommes Frites,Beilagen,,MwSt. 7%,1.07,10.280374,0.719626,Normalverkauf
S1000084.59634,SP1000084.36.59634,SY1000084.2026.59634,iPad1(1000084),84,10.06.26 12:56,Prod,A1000084.6981,Tisch 17,104,S1000084.59634,SALE,2,10.9,21.8,0.0,0.0,0.0,0.0,104,Thunfisch Wrap,Hauptgerichte,,MwSt. 7%,1.07,20.373832,1.426168,Normalverkauf
S1000084.59635,SP1000084.36.59635,SY1000084.2026.59635,iPad1(1000084),84,10.06.26 17:00,Prod,A1000084.6982,Tisch 9,104,S1000084.59635,SALE,2,6.9,13.8,0.0,0.0,0.0,0.0,103,Fischbrötchen Räucherlachs,Hauptspeisen,,MwSt. 7%,1.07,12.897196,0.902804,Normalverkauf
S1000084.59636,SP1000084.36.59636,SY1000084.2026.59636,iPad1(1000084),84,10.06.26 17:32,Prod,A1000084.6983,Tisch 12,112,S1000084.59636,VOID,2,3.9,7.8,0.0,0.0,0.0,0.0,126,Spezi,Getränke,,MwSt. 19%,1.19,6.554622,1.245378,Normalverkauf
S1000084.59637,SP1000084.36.59637,SY1000084.2026.59637,iPad1(1000084),84,10.06.26 17:32,Prod,A1000084.6983,Tisch 12,112,S1000084.59637,VOID,1,10.9,10.9,0.0,0.0,0.0,0.0,107,Chicken Burger,Hauptgerichte,,MwSt. 7%,1.07,10.186916,0.713084,Normalverkauf
S1000084.59638,SP1000084.36.59638,SY1000084.2026.59638,iPad1(1000084),84,10.06.26 17:32,Prod,A1000084.6983,Tisch 12,112,S1000084.59638,VOID,1,6.9,6.9,0.0,0.0,0.0,0.0,103,Fischbrötchen Räucherlachs,Hauptspeisen,,MwSt. 7%,1.07,6.448598,0.451402,Normalverkauf
S1000084.59639,SP1000084.36.59639,SY1000084.2026.59639,iPad1(1000084),84,10.06.26 14:57,Prod,A1000084.6984,Tisch 8,104,S1000084.59639,SALE,2,11.9,23.8,0.0,0.0,0.0,0.0,110,Matjes-Baguette,Hauptgerichte,,MwSt. 7%,1.07,22.242991,1.557009,Normalverkauf
S1000084.59640,SP1000084.36.59640,SY1000084.2026.59640,iPad1(1000084),84,10.06.26 14:57,Prod,A1000084.6984,Tisch 8,104,S1000084.59640,SALE,2,6.5,13.0,0.0,0.0,0.0,0.0,118,Schokokuchen,Desserts,,MwSt. 7%,1.07,12.149533,0.850467,Normalverkauf
S1000084.59641,SP1000084.36.59641,SY1000084.2026.59641,iPad1(1000084),84,10.06.26 14:57,Prod,A1000084.6984,Tisch 8,104,S1000084.59641,SALE,2,6.5,13.0,0.0,0.0,0.0,0.0,100,Fischbrötchen Backfisch,Hauptspeisen,,MwSt. 7%,1.07,12.149533,0.850467,Normalverkauf
S1000084.59642,SP1000084.36.59642,SY1000084.2026.59642,iPad1(1000084),84,10.06.26 16:00,Prod,A1000084.6985,Tisch 2,102,S1000084.59642,VOID,1,5.5,5.5,0.0,0.0,0.0,0.0,114,Fisch Nuggets Box,Beilagen,,MwSt. 7%,1.07,5.140187,0.359813,Normalverkauf
S1000084.59643,SP1000084.36.59643,SY1000084.2026.59643,iPad1(1000084),84,10.06.26 16:00,Prod,A1000084.6985,Tisch 2,102,S1000084.59643,VOID,2,5.5,11.0,0.0,0.0,0.0,0.0,114,Fisch Nuggets Box,Beilagen,,MwSt. 7%,1.07,10.280374,0.719626,Normalverkauf
S1000084.59644,SP1000084.36.59644,SY1000084.2026.59644,iPad1(1000084),84,10.06.26 12:30,Prod,A1000084.6986,Tisch 24,107,S1000084.59644,VOID,2,7.9,15.8,0.0,0.0,0.0,0.0,115,Tiramisu,Desserts,,MwSt. 7%,1.07,14.766355,1.033645,Normalverkauf
S1000084.59645,SP1000084.36.59645,SY1000084.2026.59645,iPad1(1000084),84,10.06.26 12:30,Prod,A1000084.6986,Tisch 24,107,S1000084.59645,VOID,2,3.2,6.4,0.0,0.0,0.0,0.0,120,Apfelschorle,Getränke,,MwSt. 19%,1.19,5.378151,1.021849,Normalverkauf
S1000084.59646,SP1000084.36.59646,SY1000084.2026.59646,iPad1(1000084),84,10.06.26 17:37,Prod,A1000084.6987,,102,S1000084.59646,SALE,1,3.9,3.9,0.0,0.0,0.0,0.0,126,Spezi,Getränke,,MwSt. 19%,1.19,3.277311,0.622689,Normalverkauf
S1000084.59647,SP1000084.36.59647,SY1000084.2026.59647,iPad1(1000084),84,10.06.26 17:37,Prod,A1000084.6987,,102,S1000084.59647,SALE,2,5.5,11.0,0.0,0.0,0.0,0.0,114,Fisch Nuggets Box,Beilagen,,MwSt. 7%,1.07,10.280374,0.719626,Normalverkauf
S1000084.59648,SP1000084.36.59648,SY1000084.2026.59648,iPad1(1000084),84,10.06.26 17:37,Prod,A1000084.6987,,102,S1000084.59648,SALE,1,3.2,3.2,0.0,0.0,0.0,0.0,120,Apfelschorle,Getränke,,MwSt. 19%,1.19,2.689076,0.510924,Normalverkauf
S1000084.59649,SP1000084.36.59649,SY1000084.2026.59649,iPad1(1000084),84,10.06.26 19:44,Prod,A1000084.6988,Tisch 11,108,S1000084.59649,SALE,1,4.2,4.2,0.0,0.0,0.0,0.0,122,Bier,Getränke,,MwSt. 19%,1.19,3.529412,0.670588,Normalverkauf
S1000084.59650,SP1000084.36.59650,SY1000084.2026.59650,iPad1(1000084),84,10.06.26 15:09,Prod,A1000084.6989,Tisch 17,104,S1000084.59650,SALE,1,4.2,4.2,0.0,0.0,0.0,0.0,122,Bier,Getränke,,MwSt. 19%,1.19,3.529412,0.670588,Normalverkauf
S1000084.59651,SP1000084.36.59651,SY1000084.2026.59651,iPad1(1000084),84,10.06.26 15:09,Prod,A1000084.6989,Tisch 17,104,S1000084.59651,SALE,2,3.9,7.8,0.0,0.0,0.0,0.0,119,Cola,Getränke,,MwSt. 19%,1.19,6.554622,1.245378,Normalverkauf
S1000084.59652,SP1000084.36.59652,SY1000084.2026.59652,iPad1(1000084),84,10.06.26 15:09,Prod,A1000084.6989,Tisch 17,104,S1000084.59652,SALE,1,3.2,3.2,0.0,0.0,0.0,0.0,120,Apfelschorle,Getränke,,MwSt. 19%,1.19,2.689076,0.510924,Normalverkauf
S1000084.59653,SP1000084.36.59653,SY1000084.2026.59653,iPad1(1000084),84,10.06.26 13:53,Prod,A1000084.6990,Tisch 16,112,S1000084.59653,SALE,1,6.9,6.9,0.0,0.0,0.0,0.0,113,Garnelen Box,Beilagen,,MwSt. 7%,1.07,6.448598,0.451402,Normalverkauf
S1000084.59654,SP1000084.36.59654,SY1000084.2026.59654,iPad1(1000084),84,10.06.26 13:53,Prod,A1000084.6990,Tisch 16,112,S1000084.59654,SALE,2,5.5,11.0,0.0,0.0,0.0,0.0,114,Fisch Nuggets Box,Beilagen,,MwSt. 7%,1.07,10.280374,0.719626,Normalverkauf
S1000084.59655,SP1000084.36.59655,SY1000084.2026.59655,iPad1(1000084),84,10.06.26 13:53,Prod,A1000084.6990,Tisch 16,112,S1000084.59655,SALE,1,3.9,3.9,0.0,0.0,0.0,0.0,127,Alkoholfreies Bier,Getränke,,MwSt. 19%,1.19,3.277311,0.622689,Normalverkauf
S1000084.59656,SP1000084.36.59656,SY1000084.2026.59656,iPad1(1000084),84,10.06.26 11:54,Prod,A1000084.6991,Tisch 16,112,S1000084.59656,SALE,1,9.8,9.8,0.0,0.0,0.0,0.0,108,Seelachs-Ei-Baugette,Hauptgerichte,,MwSt. 7%,1.07,9.158879,0.641121,Normalverkauf
S1000084.59657,SP1000084.36.59657,SY1000084.2026.59657,iPad1(1000084),84,10.06.26 11:54,Prod,A1000084.6991,Tisch 16,112,S1000084.59657,SALE,2,5.9,11.8,0.0,0.0,0.0,0.0,117,Rote Grütze,Desserts,,MwSt. 7%,1.07,11.028037,0.771963,Normalverkauf
S1000084.59658,SP1000084.36.59658,SY1000084.2026.59658,iPad1(1000084),84,10.06.26 11:54,Prod,A1000084.6991,Tisch 16,112,S1000084.59658,SALE,1,4.9,4.9,0.0,0.0,0.0,0.0,112,Kartoffelwedges,Beilagen,,MwSt. 7%,1.07,4.579439,0.320561,Normalverkauf
S1000084.59659,SP1000084.36.59659,SY1000084.2026.59659,iPad1(1000084),84,10.06.26 20:45,Prod,A1000084.6992,Tisch 20,112,S1000084.59659,SALE,1,3.2,3.2,0.0,0.0,0.0,0.0,120,Apfelschorle,Getränke,,MwSt. 19%,1.19,2.689076,0.510924,Normalverkauf
S1000084.59660,SP1000084.36.59660,SY1000084.2026.59660,iPad1(1000084),84,10.06.26 17:28,Prod,A1000084.6993,Tisch 3,104,S1000084.59660,SALE,2,3.9,7.8,0.0,0.0,0.0,0.0,126,Spezi,Getränke,,MwSt. 19%,1.19,6.554622,1.245378,Normalverkauf
S1000084.59661,SP1000084.36.59661,SY1000084.2026.59661,iPad1(1000084),84,10.06.26 17:28,Prod,A1000084.6993,Tisch 3,104,S1000084.59661,SALE,1,7.9,7.9,0.0,0.0,0.0,0.0,115,Tiramisu,Desserts,,MwSt. 7%,1.07,7.383178,0.516822,Normalverkauf
S1000084.59662,SP1000084.36.59662,SY1000084.2026.59662,iPad1(1000084),84,10.06.26 19:19,Prod,A1000084.6994,,112,S1000084.59662,SALE,2,13.5,27.0,0.0,0.0,0.0,0.0,102,Matjes,Hauptspeisen,,MwSt. 7%,1.07,25.233645,1.766355,Normalverkauf
S1000084.59663,SP1000084.36.59663,SY1000084.2026.59663,iPad1(1000084),84,10.06.26 19:19,Prod,A1000084.6994,,112,S1000084.59663,SALE,1,3.2,3.2,0.0,0.0,0.0,0.0,120,Apfelschorle,Getränke,,MwSt. 19%,1.19,2.689076,0.510924,Normalverkauf
S1000084.59664,SP1000084.36.59664,SY1000084.2026.59664,iPad1(1000084),84,10.06.26 15:38,Prod,A1000084.6995,Tisch 21,112,S1000084.59664,SALE,1,10.9,10.9,0.0,0.0,0.0,0.0,109,Bismarck-Baguette,Hauptgerichte,,MwSt. 7%,1.07,10.186916,0.713084,Normalverkauf
S1000084.59665,SP1000084.36.59665,SY1000084.2026.59665,iPad1(1000084),84,10.06.26 08:12,Prod,A1000084.6996,Tisch 24,104,S1000084.59665,SALE,2,3.2,6.4,0.0,0.0,0.0,0.0,120,Apfelschorle,Getränke,,MwSt. 19%,1.19,5.378151,1.021849,Normalverkauf
S1000084.59666,SP1000084.36.59666,SY1000084.2026.59666,iPad1(1000084),84,10.06.26 08:12,Prod,A1000084.6996,Tisch 24,104,S1000084.59666,SALE,1,5.5,5.5,0.0,0.0,0.0,0.0,111,Pommes Frites,Beilagen,,MwSt. 7%,1.07,5.140187,0.359813,Normalverkauf
S1000084.59667,SP1000084.36.59667,SY1000084.2026.59667,iPad1(1000084),84,11.06.26 17:03,Prod,A1000084.6997,,112,S1000084.59667,SALE,1,5.5,5.5,0.0,0.0,0.0,0.0,111,Pommes Frites,Beilagen,,MwSt. 7%,1.07,5.140187,0.359813,Normalverkauf
S1000084.59668,SP1000084.36.59668,SY1000084.2026.59668,iPad1(1000084),84,11.06.26 17:03,Prod,A1000084.6997,,112,S1000084.59668,SALE,1,3.9,3.9,0.0,0.0,0.0,0.0,119,Cola,Getränke,,MwSt. 19%,1.19,3.277311,0.622689,Normalverkauf
S1000084.59669,SP1000084.36.59669,SY1000084.2026.59669,iPad1(1000084),84,11.06.26 17:03,Prod,A1000084.6997,,112,S1000084.59669,SALE,2,6.5,13.0,0.0,0.0,0.0,0.0,100,Fischbrötchen Backfisch,Hauptspeisen,,MwSt. 7%,1.07,12.149533,0.850467,Normalverkauf
S1000084.59670,SP1000084.36.59670,SY1000084.2026.59670,iPad1(1000084),84,11.06.26 11:41,Prod,A1000084.6998,Tisch 2,102,S1000084.59670,SALE,2,5.5,11.0,0.0,0.0,0.0,0.0,114,Fisch Nuggets Box,Beilagen,,MwSt. 7%,1.07,10.280374,0.719626,Normalverkauf
S1000084.59671,SP1000084.36.59671,SY1000084.2026.59671,iPad1(1000084),84,11.06.26 11:41,Prod,A1000084.6998,Tisch 2,102,S1000084.59671,SALE,2,14.5,29.0,0.0,0.0,0.0,0.0,101,Lachs,Hauptspeisen,,MwSt. 7%,1.07,27.102804,1.897196,Normalverkauf
S1000084.59672,SP1000084.36.59672,SY1000084.2026.59672,iPad1(1000084),84,11.06.26 18:09,Prod,A1000084.6999,Tisch 2,102,S1000084.59672,SALE,2,3.2,6.4,0.0,0.0,0.0,0.0,120,Apfelschorle,Getränke,,MwSt. 19%,1.19,5.378151,1.021849,Normalverkauf
S1000084.59673,SP1000084.36.59673,SY1000084.2026.59673,iPad1(1000084),84,11.06.26 11:04,Prod,A1000084.7000,Tisch 7,102,S1000084.59673,SALE,1,10.9,10.9,0.0,0.0,0.0,0.0,109,Bismarck-Baguette,Hauptgerichte,,MwSt. 7%,1.07,10.186916,0.713084,Normalverkauf
S1000084.59674,SP1000084.36.59674,SY1000084.2026.59674,iPad1(1000084),84,11.06.26 20:20,Prod,A1000084.7001,Tisch 16,104,S1000084.59674,SALE,1,6.9,6.9,0.0,0.0,0.0,0.0,113,Garnelen Box,Beilagen,,MwSt. 7%,1.07,6.448598,0.451402,Normalverkauf
S1000084.59675,SP1000084.36.59675,SY1000084.2026.59675,iPad1(1000084),84,11.06.26 16:42,Prod,A1000084.7002,Tisch 11,104,S1000084.59675,SALE,2,10.9,21.8,0.0,0.0,0.0,0.0,109,Bismarck-Baguette,Hauptgerichte,,MwSt. 7%,1.07,20.373832,1.426168,Normalverkauf
S1000084.59676,SP1000084.36.59676,SY1000084.2026.59676,iPad1(1000084),84,11.06.26 16:42,Prod,A1000084.7002,Tisch 11,104,S1000084.59676,SALE,1,3.9,3.9,0.0,0.0,0.0,0.0,119,Cola,Getränke,,MwSt. 19%,1.19,3.277311,0.622689,Normalverkauf
S1000084.59677,SP1000084.36.59677,SY1000084.2026.59677,iPad1(1000084),84,11.06.26 19:54,Prod,A1000084.7003,Tisch 12,108,S1000084.59677,SALE,1,2.8,2.8,0.0,0.0,0.0,0.0,121,Mineralwasser,Getränke,,MwSt. 19%,1.19,2.352941,0.447059,Normalverkauf
S1000084.59678,SP1000084.36.59678,SY1000084.2026.59678,iPad1(1000084),84,11.06.26 11:56,Prod,A1000084.7004,,112,S1000084.59678,SALE,1,10.9,10.9,0.0,0.0,0.0,0.0,107,Chicken Burger,Hauptgerichte,,MwSt. 7%,1.07,10.186916,0.713084,Normalverkauf
S1000084.59679,SP1000084.36.59679,SY1000084.2026.59679,iPad1(1000084),84,11.06.26 11:56,Prod,A1000084.7004,,112,S1000084.59679,SALE,1,5.5,5.5,0.0,0.0,0.0,0.0,111,Pommes Frites,Beilagen,,MwSt. 7%,1.07,5.140187,0.359813,Normalverkauf
S1000084.59680,SP1000084.36.59680,SY1000084.2026.59680,iPad1(1000084),84,11.06.26 17:36,Prod,A1000084.7005,Tisch 23,104,S1000084.59680,VOID,2,11.5,23.0,0.0,0.0,0.0,0.0,105,Garnelen-Kimchi-Bruger,Hauptgerichte,,MwSt. 7%,1.07,21.495327,1.504673,Normalverkauf
S1000084.59681,SP1000084.36.59681,SY1000084.2026.59681,iPad1(1000084),84,11.06.26 17:36,Prod,A1000084.7005,Tisch 23,104,S1000084.59681,VOID,1,3.9,3.9,0.0,0.0,0.0,0.0,119,Cola,Getränke,,MwSt. 19%,1.19,3.277311,0.622689,Normalverkauf
S1000084.59682,SP1000084.36.59682,SY1000084.2026.59682,iPad1(1000084),84,11.06.26 19:39,Prod,A1000084.7006,Tisch 21,104,S1000084.59682,SALE,1,9.8,9.8,0.0,0.0,0.0,0.0,108,Seelachs-Ei-Baugette,Hauptgerichte,,MwSt. 7%,1.07,9.158879,0.641121,Normalverkauf
S1000084.59683,SP1000084.36.59683,SY1000084.2026.59683,iPad1(1000084),84,11.06.26 12:58,Prod,A1000084.7007,Tisch 10,112,S1000084.59683,SALE,2,5.9,11.8,0.0,0.0,0.0,0.0,125,Zitronen-Limonade,Getränke,,MwSt. 19%,1.19,9.915966,1.884034,Normalverkauf
S1000084.59684,SP1000084.36.59684,SY1000084.2026.59684,iPad1(1000084),84,11.06.26 13:08,Prod,A1000084.7008,Tisch 1,112,S1000084.59684,SALE,2,10.9,21.8,0.0,0.0,0.0,0.0,104,Thunfisch Wrap,Hauptgerichte,,MwSt. 7%,1.07,20.373832,1.426168,Normalverkauf
S1000084.59685,SP1000084.36.59685,SY1000084.2026.59685,iPad1(1000084),84,11.06.26 13:08,Prod,A1000084.7008,Tisch 1,112,S1000084.59685,SALE,2,10.9,21.8,0.0,0.0,0.0,0.0,107,Chicken Burger,Hauptgerichte,,MwSt. 7%,1.07,20.373832,1.426168,Normalverkauf
S1000084.59686,SP1000084.36.59686,SY1000084.2026.59686,iPad1(1000084),84,11.06.26 13:08,Prod,A1000084.7008,Tisch 1,112,S1000084.59686,SALE,1,5.9,5.9,0.0,0.0,0.0,0.0,117,Rote Grütze,Desserts,,MwSt. 7%,1.07,5.514019,0.385981,Normalverkauf
S1000084.59687,SP1000084.36.59687,SY1000084.2026.59687,iPad1(1000084),84,11.06.26 18:00,Prod,A1000084.7009,Tisch 10,108,S1000084.59687,SALE,2,9.8,19.6,0.0,0.0,0.0,0.0,108,Seelachs-Ei-Baugette,Hauptgerichte,,MwSt. 7%,1.07,18.317757,1.282243,Normalverkauf
S1000084.59688,SP1000084.36.59688,SY1000084.2026.59688,iPad1(1000084),84,11.06.26 19:54,Prod,A1000084.7010,Tisch 20,107,S1000084.59688,SALE,2,11.9,23.8,0.0,0.0,0.0,0.0,110,Matjes-Baguette,Hauptgerichte,,MwSt. 7%,1.07,22.242991,1.557009,Normalverkauf
S1000084.59689,SP1000084.36.59689,SY1000084.2026.59689,iPad1(1000084),84,11.06.26 18:48,Prod,A1000084.7011,Tisch 18,102,S1000084.59689,SALE,2,5.5,11.0,0.0,0.0,0.0,0.0,111,Pommes Frites,Beilagen,,MwSt. 7%,1.07,10.280374,0.719626,Normalverkauf
S1000084.59690,SP1000084.36.59690,SY1000084.2026.59690,iPad1(1000084),84,11.06.26 13:28,Prod,A1000084.7012,Tisch 9,112,S1000084.59690,SALE,2,6.5,13.0,0.0,0.0,0.0,0.0,100,Fischbrötchen Backfisch,Hauptspeisen,,MwSt. 7%,1.07,12.149533,0.850467,Normalverkauf
S1000084.59691,SP1000084.36.59691,SY1000084.2026.59691,iPad1(1000084),84,11.06.26 18:28,Prod,A1000084.7013,Tisch 23,104,S1000084.59691,SALE,2,3.9,7.8,0.0,0.0,0.0,0.0,127,Alkoholfreies Bier,Getränke,,MwSt. 19%,1.19,6.554622,1.245378,Normalverkauf
S1000084.59692,SP1000084.36.59692,SY1000084.2026.59692,iPad1(1000084),84,11.06.26 17:30,Prod,A1000084.7014,Tisch 4,104,S1000084.59692,SALE,2,2.8,5.6,0.0,0.0,0.0,0.0,121,Mineralwasser,Getränke,,MwSt. 19%,1.19,4.705882,0.894118,Normalverkauf
S1000084.59693,SP1000084.36.59693,SY1000084.2026.59693,iPad1(1000084),84,11.06.26 12:39,Prod,A1000084.7015,Tisch 16,112,S1000084.59693,SALE,1,3.2,3.2,0.0,0.0,0.0,0.0,120,Apfelschorle,Getränke,,MwSt. 19%,1.19,2.689076,0.510924,Normalverkauf
S1000084.59694,SP1000084.36.59694,SY1000084.2026.59694,iPad1(1000084),84,11.06.26 19:55,Prod,A1000084.7016,Tisch 5,112,S1000084.59694,SALE,2,9.8,19.6,0.0,0.0,0.0,0.0,108,Seelachs-Ei-Baugette,Hauptgerichte,,MwSt. 7%,1.07,18.317757,1.282243,Normalverkauf
S1000084.59695,SP1000084.36.59695,SY1000084.2026.59695,iPad1(1000084),84,11.06.26 19:55,Prod,A1000084.7016,Tisch 5,112,S1000084.59695,SALE,2,5.5,11.0,0.0,0.0,0.0,0.0,111,Pommes Frites,Beilagen,,MwSt. 7%,1.07,10.280374,0.719626,Normalverkauf
S1000084.59696,SP1000084.36.59696,SY1000084.2026.59696,iPad1(1000084),84,11.06.26 15:13,Prod,A1000084.7017,Tisch 10,104,S1000084.59696,SALE,1,4.2,4.2,0.0,0.0,0.0,0.0,122,Bier,Getränke,,MwSt. 19%,1.19,3.529412,0.670588,Normalverkauf
S1000084.59697,SP1000084.36.59697,SY1000084.2026.59697,iPad1(1000084),84,11.06.26 10:03,Prod,A1000084.7018,,104,S1000084.59697,SALE,2,3.9,7.8,0.0,0.0,0.0,0.0,126,Spezi,Getränke,,MwSt. 19%,1.19,6.554622,1.245378,Normalverkauf
S1000084.59698,SP1000084.36.59698,SY1000084.2026.59698,iPad1(1000084),84,11.06.26 15:09,Prod,A1000084.7019,Tisch 5,104,S1000084.59698,SALE,1,13.5,13.5,0.0,0.0,0.0,0.0,102,Matjes,Hauptspeisen,,MwSt. 7%,1.07,12.616822,0.883178,Normalverkauf
S1000084.59699,SP1000084.36.59699,SY1000084.2026.59699,iPad1(1000084),84,11.06.26 15:09,Prod,A1000084.7019,Tisch 5,104,S1000084.59699,SALE,1,9.8,9.8,0.0,0.0,0.0,0.0,108,Seelachs-Ei-Baugette,Hauptgerichte,,MwSt. 7%,1.07,9.158879,0.641121,Normalverkauf
S1000084.59700,SP1000084.36.59700,SY1000084.2026.59700,iPad1(1000084),84,11.06.26 15:09,Prod,A1000084.7019,Tisch 5,104,S1000084.59700,SALE,2,3.9,7.8,0.0,0.0,0.0,0.0,124,Cola Zero,Getränke,,MwSt. 19%,1.19,6.554622,1.245378,Normalverkauf
S1000084.59701,SP1000084.36.59701,SY1000084.2026.59701,iPad1(1000084),84,11.06.26 11:34,Prod,A1000084.7020,Tisch 11,112,S1000084.59701,SALE,1,6.9,6.9,0.0,0.0,0.0,0.0,103,Fischbrötchen Räucherlachs,Hauptspeisen,,MwSt. 7%,1.07,6.448598,0.451402,Normalverkauf
S1000084.59702,SP1000084.36.59702,SY1000084.2026.59702,iPad1(1000084),84,11.06.26 11:34,Prod,A1000084.7020,Tisch 11,112,S1000084.59702,SALE,1,4.9,4.9,0.0,0.0,0.0,0.0,112,Kartoffelwedges,Beilagen,,MwSt. 7%,1.07,4.579439,0.320561,Normalverkauf
S1000084.59703,SP1000084.36.59703,SY1000084.2026.59703,iPad1(1000084),84,11.06.26 11:34,Prod,A1000084.7020,Tisch 11,112,S1000084.59703,SALE,2,2.8,5.6,0.0,0.0,0.0,0.0,121,Mineralwasser,Getränke,,MwSt. 19%,1.19,4.705882,0.894118,Normalverkauf
S1000084.59704,SP1000084.36.59704,SY1000084.2026.59704,iPad1(1000084),84,11.06.26 13:08,Prod,A1000084.7021,Tisch 6,107,S1000084.59704,SALE,1,5.5,5.5,0.0,0.0,0.0,0.0,111,Pommes Frites,Beilagen,,MwSt. 7%,1.07,5.140187,0.359813,Normalverkauf
S1000084.59705,SP1000084.36.59705,SY1000084.2026.59705,iPad1(1000084),84,11.06.26 13:08,Prod,A1000084.7021,Tisch 6,107,S1000084.59705,SALE,2,3.9,7.8,0.0,0.0,0.0,0.0,119,Cola,Getränke,,MwSt. 19%,1.19,6.554622,1.245378,Normalverkauf
S1000084.59706,SP1000084.36.59706,SY1000084.2026.59706,iPad1(1000084),84,11.06.26 13:08,Prod,A1000084.7021,Tisch 6,107,S1000084.59706,SALE,2,6.9,13.8,0.0,0.0,0.0,0.0,103,Fischbrötchen Räucherlachs,Hauptspeisen,,MwSt. 7%,1.07,12.897196,0.902804,Normalverkauf
S1000084.59707,SP1000084.36.59707,SY1000084.2026.59707,iPad1(1000084),84,11.06.26 19:32,Prod,A1000084.7022,Tisch 23,102,S1000084.59707,SALE,2,5.5,11.0,0.0,0.0,0.0,0.0,111,Pommes Frites,Beilagen,,MwSt. 7%,1.07,10.280374,0.719626,Normalverkauf
S1000084.59708,SP1000084.36.59708,SY1000084.2026.59708,iPad1(1000084),84,11.06.26 19:40,Prod,A1000084.7023,Tisch 10,112,S1000084.59708,VOID,1,9.8,9.8,0.0,0.0,0.0,0.0,108,Seelachs-Ei-Baugette,Hauptgerichte,,MwSt. 7%,1.07,9.158879,0.641121,Normalverkauf
S1000084.59709,SP1000084.36.59709,SY1000084.2026.59709,iPad1(1000084),84,11.06.26 12:39,Prod,A1000084.7024,Tisch 15,112,S1000084.59709,SALE,1,4.2,4.2,0.0,0.0,0.0,0.0,122,Bier,Getränke,,MwSt. 19%,1.19,3.529412,0.670588,Normalverkauf
S1000084.59710,SP1000084.36.59710,SY1000084.2026.59710,iPad1(1000084),84,11.06.26 12:39,Prod,A1000084.7024,Tisch 15,112,S1000084.59710,SALE,1,14.5,14.5,0.0,0.0,0.0,0.0,101,Lachs,Hauptspeisen,,MwSt. 7%,1.07,13.551402,0.948598,Normalverkauf
S1000084.59711,SP1000084.36.59711,SY1000084.2026.59711,iPad1(1000084),84,11.06.26 12:39,Prod,A1000084.7024,Tisch 15,112,S1000084.59711,SALE,1,5.5,5.5,0.0,0.0,0.0,0.0,111,Pommes Frites,Beilagen,,MwSt. 7%,1.07,5.140187,0.359813,Normalverkauf
S1000084.59712,SP1000084.36.59712,SY1000084.2026.59712,iPad1(1000084),84,11.06.26 17:23,Prod,A1000084.7025,Tisch 9,104,S1000084.59712,SALE,1,4.2,4.2,0.0,0.0,0.0,0.0,122,Bier,Getränke,,MwSt. 19%,1.19,3.529412,0.670588,Normalverkauf
S1000084.59713,SP1000084.36.59713,SY1000084.2026.59713,iPad1(1000084),84,11.06.26 17:23,Prod,A1000084.7025,Tisch 9,104,S1000084.59713,SALE,2,10.9,21.8,0.0,0.0,0.0,0.0,107,Chicken Burger,Hauptgerichte,,MwSt. 7%,1.07,20.373832,1.426168,Normalverkauf
S1000084.59714,SP1000084.36.59714,SY1000084.2026.59714,iPad1(1000084),84,11.06.26 17:23,Prod,A1000084.7025,Tisch 9,104,S1000084.59714,SALE,1,6.9,6.9,0.0,0.0,0.0,0.0,113,Garnelen Box,Beilagen,,MwSt. 7%,1.07,6.448598,0.451402,Normalverkauf
S1000084.59715,SP1000084.36.59715,SY1000084.2026.59715,iPad1(1000084),84,11.06.26 08:40,Prod,A1000084.7026,Tisch 13,104,S1000084.59715,SALE,2,10.9,21.8,0.0,0.0,0.0,0.0,104,Thunfisch Wrap,Hauptgerichte,,MwSt. 7%,1.07,20.373832,1.426168,Normalverkauf
S1000084.59716,SP1000084.36.59716,SY1000084.2026.59716,iPad1(1000084),84,11.06.26 08:40,Prod,A1000084.7026,Tisch 13,104,S1000084.59716,SALE,2,6.5,13.0,0.0,0.0,0.0,0.0,100,Fischbrötchen Backfisch,Hauptspeisen,,MwSt. 7%,1.07,12.149533,0.850467,Normalverkauf
S1000084.59717,SP1000084.36.59717,SY1000084.2026.59717,iPad1(1000084),84,11.06.26 12:18,Prod,A1000084.7027,,107,S1000084.59717,SALE,1,3.9,3.9,0.0,0.0,0.0,0.0,127,Alkoholfreies Bier,Getränke,,MwSt. 19%,1.19,3.277311,0.622689,Normalverkauf
S1000084.59718,SP1000084.36.59718,SY1000084.2026.59718,iPad1(1000084),84,11.06.26 12:18,Prod,A1000084.7027,,107,S1000084.59718,SALE,1,6.9,6.9,0.0,0.0,0.0,0.0,113,Garnelen Box,Beilagen,,MwSt. 7%,1.07,6.448598,0.451402,Normalverkauf
S1000084.59719,SP1000084.36.59719,SY1000084.2026.59719,iPad1(1000084),84,11.06.26 16:20,Prod,A1000084.7028,Tisch 22,112,S1000084.59719,VOID,2,5.9,11.8,0.0,0.0,0.0,0.0,125,Zitronen-Limonade,Getränke,,MwSt. 19%,1.19,9.915966,1.884034,Normalverkauf
S1000084.59720,SP1000084.36.59720,SY1000084.2026.59720,iPad1(1000084),84,11.06.26 16:20,Prod,A1000084.7028,Tisch 22,112,S1000084.59720,VOID,2,4.2,8.4,0.0,0.0,0.0,0.0,122,Bier,Getränke,,MwSt. 19%,1.19,7.058824,1.341176,Normalverkauf
S1000084.59721,SP1000084.36.59721,SY1000084.2026.59721,iPad1(1000084),84,11.06.26 10:29,Prod,A1000084.7029,Tisch 15,104,S1000084.59721,SALE,1,9.8,9.8,0.0,0.0,0.0,0.0,108,Seelachs-Ei-Baugette,Hauptgerichte,,MwSt. 7%,1.07,9.158879,0.641121,Normalverkauf
S1000084.59722,SP1000084.36.59722,SY1000084.2026.59722,iPad1(1000084),84,11.06.26 11:46,Prod,A1000084.7030,Tisch 12,112,S1000084.59722,VOID,2,10.9,21.8,0.0,0.0,0.0,0.0,104,Thunfisch Wrap,Hauptgerichte,,MwSt. 7%,1.07,20.373832,1.426168,Normalverkauf
S1000084.59723,SP1000084.36.59723,SY1000084.2026.59723,iPad1(1000084),84,11.06.26 14:29,Prod,A1000084.7031,Tisch 21,108,S1000084.59723,SALE,2,5.5,11.0,0.0,0.0,0.0,0.0,111,Pommes Frites,Beilagen,,MwSt. 7%,1.07,10.280374,0.719626,Normalverkauf
S1000084.59724,SP1000084.36.59724,SY1000084.2026.59724,iPad1(1000084),84,11.06.26 14:29,Prod,A1000084.7031,Tisch 21,108,S1000084.59724,SALE,1,10.9,10.9,0.0,0.0,0.0,0.0,109,Bismarck-Baguette,Hauptgerichte,,MwSt. 7%,1.07,10.186916,0.713084,Normalverkauf
S1000084.59725,SP1000084.36.59725,SY1000084.2026.59725,iPad1(1000084),84,11.06.26 14:29,Prod,A1000084.7031,Tisch 21,108,S1000084.59725,SALE,2,6.9,13.8,0.0,0.0,0.0,0.0,113,Garnelen Box,Beilagen,,MwSt. 7%,1.07,12.897196,0.902804,Normalverkauf
S1000084.59726,SP1000084.36.59726,SY1000084.2026.59726,iPad1(1000084),84,11.06.26 18:08,Prod,A1000084.7032,Tisch 16,112,S1000084.59726,VOID,2,6.5,13.0,0.0,0.0,0.0,0.0,118,Schokokuchen,Desserts,,MwSt. 7%,1.07,12.149533,0.850467,Normalverkauf
S1000084.59727,SP1000084.36.59727,SY1000084.2026.59727,iPad1(1000084),84,11.06.26 12:10,Prod,A1000084.7033,Tisch 5,112,S1000084.59727,SALE,2,4.2,8.4,0.0,0.0,0.0,0.0,122,Bier,Getränke,,MwSt. 19%,1.19,7.058824,1.341176,Normalverkauf
S1000084.59728,SP1000084.36.59728,SY1000084.2026.59728,iPad1(1000084),84,11.06.26 15:11,Prod,A1000084.7034,Tisch 1,107,S1000084.59728,SALE,2,3.2,6.4,0.0,0.0,0.0,0.0,120,Apfelschorle,Getränke,,MwSt. 19%,1.19,5.378151,1.021849,Normalverkauf
S1000084.59729,SP1000084.36.59729,SY1000084.2026.59729,iPad1(1000084),84,11.06.26 15:11,Prod,A1000084.7034,Tisch 1,107,S1000084.59729,SALE,2,10.9,21.8,0.0,0.0,0.0,0.0,104,Thunfisch Wrap,Hauptgerichte,,MwSt. 7%,1.07,20.373832,1.426168,Normalverkauf
S1000084.59730,SP1000084.36.59730,SY1000084.2026.59730,iPad1(1000084),84,11.06.26 15:11,Prod,A1000084.7034,Tisch 1,107,S1000084.59730,SALE,1,6.9,6.9,0.0,0.0,0.0,0.0,103,Fischbrötchen Räucherlachs,Hauptspeisen,,MwSt. 7%,1.07,6.448598,0.451402,Normalverkauf
S1000084.59731,SP1000084.36.59731,SY1000084.2026.59731,iPad1(1000084),84,11.06.26 16:23,Prod,A1000084.7035,Tisch 7,104,S1000084.59731,SALE,2,5.9,11.8,0.0,0.0,0.0,0.0,123,Inger-Limonade,Getränke,,MwSt. 19%,1.19,9.915966,1.884034,Normalverkauf
S1000084.59732,SP1000084.36.59732,SY1000084.2026.59732,iPad1(1000084),84,11.06.26 16:23,Prod,A1000084.7035,Tisch 7,104,S1000084.59732,SALE,2,3.2,6.4,0.0,0.0,0.0,0.0,120,Apfelschorle,Getränke,,MwSt. 19%,1.19,5.378151,1.021849,Normalverkauf
S1000084.59733,SP1000084.36.59733,SY1000084.2026.59733,iPad1(1000084),84,11.06.26 17:38,Prod,A1000084.7036,Tisch 9,107,S1000084.59733,SALE,2,3.2,6.4,0.0,0.0,0.0,0.0,120,Apfelschorle,Getränke,,MwSt. 19%,1.19,5.378151,1.021849,Normalverkauf
S1000084.59734,SP1000084.36.59734,SY1000084.2026.59734,iPad1(1000084),84,11.06.26 19:46,Prod,A1000084.7037,Tisch 7,102,S1000084.59734,SALE,2,11.5,23.0,0.0,0.0,0.0,0.0,105,Garnelen-Kimchi-Bruger,Hauptgerichte,,MwSt. 7%,1.07,21.495327,1.504673,Normalverkauf
S1000084.59735,SP1000084.36.59735,SY1000084.2026.59735,iPad1(1000084),84,11.06.26 19:46,Prod,A1000084.7037,Tisch 7,102,S1000084.59735,SALE,1,3.9,3.9,0.0,0.0,0.0,0.0,126,Spezi,Getränke,,MwSt. 19%,1.19,3.277311,0.622689,Normalverkauf
S1000084.59736,SP1000084.36.59736,SY1000084.2026.59736,iPad1(1000084),84,11.06.26 19:46,Prod,A1000084.7037,Tisch 7,102,S1000084.59736,SALE,1,2.8,2.8,0.0,0.0,0.0,0.0,121,Mineralwasser,Getränke,,MwSt. 19%,1.19,2.352941,0.447059,Normalverkauf
S1000084.59737,SP1000084.36.59737,SY1000084.2026.59737,iPad1(1000084),84,11.06.26 17:46,Prod,A1000084.7038,Tisch 22,112,S1000084.59737,SALE,1,4.2,4.2,0.0,0.0,0.0,0.0,122,Bier,Getränke,,MwSt. 19%,1.19,3.529412,0.670588,Normalverkauf
S1000084.59738,SP1000084.36.59738,SY1000084.2026.59738,iPad1(1000084),84,11.06.26 17:46,Prod,A1000084.7038,Tisch 22,112,S1000084.59738,SALE,1,4.2,4.2,0.0,0.0,0.0,0.0,122,Bier,Getränke,,MwSt. 19%,1.19,3.529412,0.670588,Normalverkauf
S1000084.59739,SP1000084.36.59739,SY1000084.2026.59739,iPad1(1000084),84,11.06.26 13:18,Prod,A1000084.7039,Tisch 4,104,S1000084.59739,SALE,2,10.9,21.8,0.0,0.0,0.0,0.0,107,Chicken Burger,Hauptgerichte,,MwSt. 7%,1.07,20.373832,1.426168,Normalverkauf
S1000084.59740,SP1000084.36.59740,SY1000084.2026.59740,iPad1(1000084),84,11.06.26 13:18,Prod,A1000084.7039,Tisch 4,104,S1000084.59740,SALE,2,6.5,13.0,0.0,0.0,0.0,0.0,118,Schokokuchen,Desserts,,MwSt. 7%,1.07,12.149533,0.850467,Normalverkauf
S1000084.59741,SP1000084.36.59741,SY1000084.2026.59741,iPad1(1000084),84,11.06.26 13:26,Prod,A1000084.7040,Tisch 16,108,S1000084.59741,SALE,2,4.9,9.8,0.0,0.0,0.0,0.0,112,Kartoffelwedges,Beilagen,,MwSt. 7%,1.07,9.158879,0.641121,Normalverkauf
S1000084.59742,SP1000084.36.59742,SY1000084.2026.59742,iPad1(1000084),84,11.06.26 14:50,Prod,A1000084.7041,Tisch 21,108,S1000084.59742,SALE,1,5.5,5.5,0.0,0.0,0.0,0.0,111,Pommes Frites,Beilagen,,MwSt. 7%,1.07,5.140187,0.359813,Normalverkauf
S1000084.59743,SP1000084.36.59743,SY1000084.2026.59743,iPad1(1000084),84,11.06.26 14:50,Prod,A1000084.7041,Tisch 21,108,S1000084.59743,SALE,1,6.9,6.9,0.0,0.0,0.0,0.0,113,Garnelen Box,Beilagen,,MwSt. 7%,1.07,6.448598,0.451402,Normalverkauf
S1000084.59744,SP1000084.36.59744,SY1000084.2026.59744,iPad1(1000084),84,11.06.26 10:51,Prod,A1000084.7042,,104,S1000084.59744,SALE,1,3.9,3.9,0.0,0.0,0.0,0.0,126,Spezi,Getränke,,MwSt. 19%,1.19,3.277311,0.622689,Normalverkauf
S1000084.59745,SP1000084.36.59745,SY1000084.2026.59745,iPad1(1000084),84,11.06.26 18:35,Prod,A1000084.7043,Tisch 20,104,S1000084.59745,SALE,2,10.9,21.8,0.0,0.0,0.0,0.0,104,Thunfisch Wrap,Hauptgerichte,,MwSt. 7%,1.07,20.373832,1.426168,Normalverkauf
S1000084.59746,SP1000084.36.59746,SY1000084.2026.59746,iPad1(1000084),84,11.06.26 13:45,Prod,A1000084.7044,Tisch 10,107,S1000084.59746,SALE,2,5.5,11.0,0.0,0.0,0.0,0.0,111,Pommes Frites,Beilagen,,MwSt. 7%,1.07,10.280374,0.719626,Normalverkauf
S1000084.59747,SP1000084.36.59747,SY1000084.2026.59747,iPad1(1000084),84,11.06.26 13:57,Prod,A1000084.7045,Tisch 10,107,S1000084.59747,SALE,1,6.9,6.9,0.0,0.0,0.0,0.0,113,Garnelen Box,Beilagen,,MwSt. 7%,1.07,6.448598,0.451402,Normalverkauf
S1000084.59748,SP1000084.36.59748,SY1000084.2026.59748,iPad1(1000084),84,11.06.26 13:57,Prod,A1000084.7045,Tisch 10,107,S1000084.59748,SALE,2,4.2,8.4,0.0,0.0,0.0,0.0,122,Bier,Getränke,,MwSt. 19%,1.19,7.058824,1.341176,Normalverkauf
S1000084.59749,SP1000084.36.59749,SY1000084.2026.59749,iPad1(1000084),84,11.06.26 18:04,Prod,A1000084.7046,Tisch 10,112,S1000084.59749,SALE,1,4.2,4.2,0.0,0.0,0.0,0.0,122,Bier,Getränke,,MwSt. 19%,1.19,3.529412,0.670588,Normalverkauf
S1000084.59750,SP1000084.36.59750,SY1000084.2026.59750,iPad1(1000084),84,11.06.26 18:04,Prod,A1000084.7046,Tisch 10,112,S1000084.59750,SALE,1,6.9,6.9,0.0,0.0,0.0,0.0,113,Garnelen Box,Beilagen,,MwSt. 7%,1.07,6.448598,0.451402,Normalverkauf
S1000084.59751,SP1000084.36.59751,SY1000084.2026.59751,iPad1(1000084),84,11.06.26 18:04,Prod,A1000084.7046,Tisch 10,112,S1000084.59751,SALE,1,5.5,5.5,0.0,0.0,0.0,0.0,111,Pommes Frites,Beilagen,,MwSt. 7%,1.07,5.140187,0.359813,Normalverkauf
S1000084.59752,SP1000084.36.59752,SY1000084.2026.59752,iPad1(1000084),84,11.06.26 17:10,Prod,A1000084.7047,Tisch 16,104,S1000084.59752,SALE,1,3.9,3.9,0.0,0.0,0.0,0.0,126,Spezi,Getränke,,MwSt. 19%,1.19,3.277311,0.622689,Normalverkauf
S1000084.59753,SP1000084.36.59753,SY1000084.2026.59753,iPad1(1000084),84,11.06.26 17:10,Prod,A1000084.7047,Tisch 16,104,S1000084.59753,SALE,1,4.2,4.2,0.0,0.0,0.0,0.0,122,Bier,Getränke,,MwSt. 19%,1.19,3.529412,0.670588,Normalverkauf
S1000084.59754,SP1000084.36.59754,SY1000084.2026.59754,iPad1(1000084),84,11.06.26 17:10,Prod,A1000084.7047,Tisch 16,104,S1000084.59754,SALE,2,6.9,13.8,0.0,0.0,0.0,0.0,103,Fischbrötchen Räucherlachs,Hauptspeisen,,MwSt. 7%,1.07,12.897196,0.902804,Normalverkauf
S1000084.59755,SP1000084.36.59755,SY1000084.2026.59755,iPad1(1000084),84,11.06.26 17:47,Prod,A1000084.7048,Tisch 21,104,S1000084.59755,SALE,1,11.5,11.5,0.0,0.0,0.0,0.0,105,Garnelen-Kimchi-Bruger,Hauptgerichte,,MwSt. 7%,1.07,10.747664,0.752336,Normalverkauf
S1000084.59756,SP1000084.36.59756,SY1000084.2026.59756,iPad1(1000084),84,11.06.26 17:47,Prod,A1000084.7048,Tisch 21,104,S1000084.59756,SALE,1,7.9,7.9,0.0,0.0,0.0,0.0,106,Neptun-Ringe,Beilagen,,MwSt. 7%,1.07,7.383178,0.516822,Normalverkauf
S1000084.59757,SP1000084.36.59757,SY1000084.2026.59757,iPad1(1000084),84,11.06.26 08:20,Prod,A1000084.7049,Tisch 21,107,S1000084.59757,SALE,1,5.9,5.9,0.0,0.0,0.0,0.0,123,Inger-Limonade,Getränke,,MwSt. 19%,1.19,4.957983,0.942017,Normalverkauf
S1000084.59758,SP1000084.36.59758,SY1000084.2026.59758,iPad1(1000084),84,11.06.26 19:11,Prod,A1000084.7050,Tisch 24,102,S1000084.59758,SALE,1,6.9,6.9,0.0,0.0,0.0,0.0,113,Garnelen Box,Beilagen,,MwSt. 7%,1.07,6.448598,0.451402,Normalverkauf
S1000084.59759,SP1000084.36.59759,SY1000084.2026.59759,iPad1(1000084),84,11.06.26 19:11,Prod,A1000084.7050,Tisch 24,102,S1000084.59759,SALE,2,2.8,5.6,0.0,0.0,0.0,0.0,121,Mineralwasser,Getränke,,MwSt. 19%,1.19,4.705882,0.894118,Normalverkauf
S1000084.59760,SP1000084.36.59760,SY1000084.2026.59760,iPad1(1000084),84,11.06.26 19:11,Prod,A1000084.7050,Tisch 24,102,S1000084.59760,SALE,2,13.5,27.0,0.0,0.0,0.0,0.0,102,Matjes,Hauptspeisen,,MwSt. 7%,1.07,25.233645,1.766355,Normalverkauf
S1000084.59761,SP1000084.36.59761,SY1000084.2026.59761,iPad1(1000084),84,11.06.26 19:48,Prod,A1000084.7051,Tisch 5,112,S1000084.59761,SALE,1,5.9,5.9,0.0,0.0,0.0,0.0,125,Zitronen-Limonade,Getränke,,MwSt. 19%,1.19,4.957983,0.942017,Normalverkauf
S1000084.59762,SP1000084.36.59762,SY1000084.2026.59762,iPad1(1000084),84,11.06.26 19:48,Prod,A1000084.7051,Tisch 5,112,S1000084.59762,SALE,2,2.8,5.6,0.0,0.0,0.0,0.0,121,Mineralwasser,Getränke,,MwSt. 19%,1.19,4.705882,0.894118,Normalverkauf
S1000084.59763,SP1000084.36.59763,SY1000084.2026.59763,iPad1(1000084),84,11.06.26 18:27,Prod,A1000084.7052,Tisch 14,102,S1000084.59763,SALE,2,3.9,7.8,0.0,0.0,0.0,0.0,126,Spezi,Getränke,,MwSt. 19%,1.19,6.554622,1.245378,Normalverkauf
S1000084.59764,SP1000084.36.59764,SY1000084.2026.59764,iPad1(1000084),84,11.06.26 18:27,Prod,A1000084.7052,Tisch 14,102,S1000084.59764,SALE,1,10.9,10.9,0.0,0.0,0.0,0.0,107,Chicken Burger,Hauptgerichte,,MwSt. 7%,1.07,10.186916,0.713084,Normalverkauf
S1000084.59765,SP1000084.36.59765,SY1000084.2026.59765,iPad1(1000084),84,11.06.26 10:28,Prod,A1000084.7053,Tisch 7,102,S1000084.59765,SALE,2,5.5,11.0,0.0,0.0,0.0,0.0,111,Pommes Frites,Beilagen,,MwSt. 7%,1.07,10.280374,0.719626,Normalverkauf
S1000084.59766,SP1000084.36.59766,SY1000084.2026.59766,iPad1(1000084),84,11.06.26 11:23,Prod,A1000084.7054,Tisch 24,112,S1000084.59766,SALE,1,10.9,10.9,0.0,0.0,0.0,0.0,107,Chicken Burger,Hauptgerichte,,MwSt. 7%,1.07,10.186916,0.713084,Normalverkauf
S1000084.59767,SP1000084.36.59767,SY1000084.2026.59767,iPad1(1000084),84,11.06.26 11:23,Prod,A1000084.7054,Tisch 24,112,S1000084.59767,SALE,1,5.5,5.5,0.0,0.0,0.0,0.0,111,Pommes Frites,Beilagen,,MwSt. 7%,1.07,5.140187,0.359813,Normalverkauf
S1000084.59768,SP1000084.36.59768,SY1000084.2026.59768,iPad1(1000084),84,11.06.26 11:23,Prod,A1000084.7054,Tisch 24,112,S1000084.59768,SALE,1,5.5,5.5,0.0,0.0,0.0,0.0,114,Fisch Nuggets Box,Beilagen,,MwSt. 7%,1.07,5.140187,0.359813,Normalverkauf
S1000084.59769,SP1000084.36.59769,SY1000084.2026.59769,iPad1(1000084),84,11.06.26 17:08,Prod,A1000084.7055,Tisch 5,102,S1000084.59769,SALE,1,3.9,3.9,0.0,0.0,0.0,0.0,119,Cola,Getränke,,MwSt. 19%,1.19,3.277311,0.622689,Normalverkauf
S1000084.59770,SP1000084.36.59770,SY1000084.2026.59770,iPad1(1000084),84,11.06.26 12:35,Prod,A1000084.7056,Tisch 16,102,S1000084.59770,SALE,2,10.9,21.8,0.0,0.0,0.0,0.0,104,Thunfisch Wrap,Hauptgerichte,,MwSt. 7%,1.07,20.373832,1.426168,Normalverkauf
S1000084.59771,SP1000084.36.59771,SY1000084.2026.59771,iPad1(1000084),84,11.06.26 12:35,Prod,A1000084.7056,Tisch 16,102,S1000084.59771,SALE,2,4.2,8.4,0.0,0.0,0.0,0.0,122,Bier,Getränke,,MwSt. 19%,1.19,7.058824,1.341176,Normalverkauf
S1000084.59772,SP1000084.36.59772,SY1000084.2026.59772,iPad1(1000084),84,11.06.26 12:35,Prod,A1000084.7056,Tisch 16,102,S1000084.59772,SALE,2,5.5,11.0,0.0,0.0,0.0,0.0,111,Pommes Frites,Beilagen,,MwSt. 7%,1.07,10.280374,0.719626,Normalverkauf
S1000084.59773,SP1000084.36.59773,SY1000084.2026.59773,iPad1(1000084),84,11.06.26 12:32,Prod,A1000084.7057,Tisch 16,107,S1000084.59773,SALE,1,5.9,5.9,0.0,0.0,0.0,0.0,117,Rote Grütze,Desserts,,MwSt. 7%,1.07,5.514019,0.385981,Normalverkauf
S1000084.59774,SP1000084.36.59774,SY1000084.2026.59774,iPad1(1000084),84,11.06.26 12:32,Prod,A1000084.7057,Tisch 16,107,S1000084.59774,SALE,2,5.9,11.8,0.0,0.0,0.0,0.0,117,Rote Grütze,Desserts,,MwSt. 7%,1.07,11.028037,0.771963,Normalverkauf
S1000084.59775,SP1000084.36.59775,SY1000084.2026.59775,iPad1(1000084),84,11.06.26 08:29,Prod,A1000084.7058,Tisch 10,112,S1000084.59775,SALE,2,4.9,9.8,0.0,0.0,0.0,0.0,112,Kartoffelwedges,Beilagen,,MwSt. 7%,1.07,9.158879,0.641121,Normalverkauf
S1000084.59776,SP1000084.36.59776,SY1000084.2026.59776,iPad1(1000084),84,11.06.26 08:29,Prod,A1000084.7058,Tisch 10,112,S1000084.59776,SALE,1,3.9,3.9,0.0,0.0,0.0,0.0,124,Cola Zero,Getränke,,MwSt. 19%,1.19,3.277311,0.622689,Normalverkauf
S1000084.59777,SP1000084.36.59777,SY1000084.2026.59777,iPad1(1000084),84,11.06.26 08:29,Prod,A1000084.7058,Tisch 10,112,S1000084.59777,SALE,1,5.9,5.9,0.0,0.0,0.0,0.0,125,Zitronen-Limonade,Getränke,,MwSt. 19%,1.19,4.957983,0.942017,Normalverkauf
S1000084.59778,SP1000084.36.59778,SY1000084.2026.59778,iPad1(1000084),84,11.06.26 11:24,Prod,A1000084.7059,Tisch 14,112,S1000084.59778,VOID,1,4.9,4.9,0.0,0.0,0.0,0.0,112,Kartoffelwedges,Beilagen,,MwSt. 7%,1.07,4.579439,0.320561,Normalverkauf
S1000084.59779,SP1000084.36.59779,SY1000084.2026.59779,iPad1(1000084),84,11.06.26 11:24,Prod,A1000084.7059,Tisch 14,112,S1000084.59779,VOID,1,11.5,11.5,0.0,0.0,0.0,0.0,105,Garnelen-Kimchi-Bruger,Hauptgerichte,,MwSt. 7%,1.07,10.747664,0.752336,Normalverkauf
S1000084.59780,SP1000084.36.59780,SY1000084.2026.59780,iPad1(1000084),84,11.06.26 11:29,Prod,A1000084.7060,Tisch 7,112,S1000084.59780,SALE,2,10.9,21.8,0.0,0.0,0.0,0.0,109,Bismarck-Baguette,Hauptgerichte,,MwSt. 7%,1.07,20.373832,1.426168,Normalverkauf
S1000084.59781,SP1000084.36.59781,SY1000084.2026.59781,iPad1(1000084),84,11.06.26 11:29,Prod,A1000084.7060,Tisch 7,112,S1000084.59781,SALE,2,4.2,8.4,0.0,0.0,0.0,0.0,122,Bier,Getränke,,MwSt. 19%,1.19,7.058824,1.341176,Normalverkauf
S1000084.59782,SP1000084.36.59782,SY1000084.2026.59782,iPad1(1000084),84,11.06.26 18:08,Prod,A1000084.7061,Tisch 10,102,S1000084.59782,SALE,1,5.5,5.5,0.0,0.0,0.0,0.0,114,Fisch Nuggets Box,Beilagen,,MwSt. 7%,1.07,5.140187,0.359813,Normalverkauf
S1000084.59783,SP1000084.36.59783,SY1000084.2026.59783,iPad1(1000084),84,11.06.26 18:08,Prod,A1000084.7061,Tisch 10,102,S1000084.59783,SALE,2,3.2,6.4,0.0,0.0,0.0,0.0,120,Apfelschorle,Getränke,,MwSt. 19%,1.19,5.378151,1.021849,Normalverkauf
S1000084.59784,SP1000084.36.59784,SY1000084.2026.59784,iPad1(1000084),84,11.06.26 18:08,Prod,A1000084.7061,Tisch 10,102,S1000084.59784,SALE,2,5.9,11.8,0.0,0.0,0.0,0.0,116,Vanillequark,Desserts,,MwSt. 7%,1.07,11.028037,0.771963,Normalverkauf
S1000084.59785,SP1000084.36.59785,SY1000084.2026.59785,iPad1(1000084),84,11.06.26 13:52,Prod,A1000084.7062,,107,S1000084.59785,SALE,2,5.5,11.0,0.0,0.0,0.0,0.0,111,Pommes Frites,Beilagen,,MwSt. 7%,1.07,10.280374,0.719626,Normalverkauf
S1000084.59786,SP1000084.36.59786,SY1000084.2026.59786,iPad1(1000084),84,11.06.26 13:52,Prod,A1000084.7062,,107,S1000084.59786,SALE,2,14.5,29.0,0.0,0.0,0.0,0.0,101,Lachs,Hauptspeisen,,MwSt. 7%,1.07,27.102804,1.897196,Normalverkauf
S1000084.59787,SP1000084.36.59787,SY1000084.2026.59787,iPad1(1000084),84,11.06.26 09:26,Prod,A1000084.7063,Tisch 16,107,S1000084.59787,SALE,1,10.9,10.9,0.0,0.0,0.0,0.0,109,Bismarck-Baguette,Hauptgerichte,,MwSt. 7%,1.07,10.186916,0.713084,Normalverkauf
S1000084.59788,SP1000084.36.59788,SY1000084.2026.59788,iPad1(1000084),84,11.06.26 17:00,Prod,A1000084.7064,,112,S1000084.59788,SALE,1,3.9,3.9,0.0,0.0,0.0,0.0,119,Cola,Getränke,,MwSt. 19%,1.19,3.277311,0.622689,Normalverkauf
S1000084.59789,SP1000084.36.59789,SY1000084.2026.59789,iPad1(1000084),84,11.06.26 17:00,Prod,A1000084.7064,,112,S1000084.59789,SALE,2,11.9,23.8,0.0,0.0,0.0,0.0,110,Matjes-Baguette,Hauptgerichte,,MwSt. 7%,1.07,22.242991,1.557009,Normalverkauf
S1000084.59790,SP1000084.36.59790,SY1000084.2026.59790,iPad1(1000084),84,11.06.26 11:38,Prod,A1000084.7065,Tisch 12,107,S1000084.59790,SALE,1,5.5,5.5,0.0,0.0,0.0,0.0,111,Pommes Frites,Beilagen,,MwSt. 7%,1.07,5.140187,0.359813,Normalverkauf
S1000084.59791,SP1000084.36.59791,SY1000084.2026.59791,iPad1(1000084),84,11.06.26 11:38,Prod,A1000084.7065,Tisch 12,107,S1000084.59791,SALE,2,11.5,23.0,0.0,0.0,0.0,0.0,105,Garnelen-Kimchi-Bruger,Hauptgerichte,,MwSt. 7%,1.07,21.495327,1.504673,Normalverkauf
S1000084.59792,SP1000084.36.59792,SY1000084.2026.59792,iPad1(1000084),84,11.06.26 11:38,Prod,A1000084.7065,Tisch 12,107,S1000084.59792,SALE,1,5.9,5.9,0.0,0.0,0.0,0.0,117,Rote Grütze,Desserts,,MwSt. 7%,1.07,5.514019,0.385981,Normalverkauf
S1000084.59793,SP1000084.36.59793,SY1000084.2026.59793,iPad1(1000084),84,11.06.26 18:03,Prod,A1000084.7066,Tisch 1,112,S1000084.59793,SALE,1,3.9,3.9,0.0,0.0,0.0,0.0,119,Cola,Getränke,,MwSt. 19%,1.19,3.277311,0.622689,Normalverkauf
S1000084.59794,SP1000084.36.59794,SY1000084.2026.59794,iPad1(1000084),84,11.06.26 18:03,Prod,A1000084.7066,Tisch 1,112,S1000084.59794,SALE,1,10.9,10.9,0.0,0.0,0.0,0.0,109,Bismarck-Baguette,Hauptgerichte,,MwSt. 7%,1.07,10.186916,0.713084,Normalverkauf
S1000084.59795,SP1000084.36.59795,SY1000084.2026.59795,iPad1(1000084),84,11.06.26 18:03,Prod,A1000084.7066,Tisch 1,112,S1000084.59795,SALE,2,5.5,11.0,0.0,0.0,0.0,0.0,114,Fisch Nuggets Box,Beilagen,,MwSt. 7%,1.07,10.280374,0.719626,Normalverkauf
S1000084.59796,SP1000084.36.59796,SY1000084.2026.59796,iPad1(1000084),84,11.06.26 17:52,Prod,A1000084.7067,Tisch 16,107,S1000084.59796,SALE,1,10.9,10.9,0.0,0.0,0.0,0.0,109,Bismarck-Baguette,Hauptgerichte,,MwSt. 7%,1.07,10.186916,0.713084,Normalverkauf
S1000084.59797,SP1000084.36.59797,SY1000084.2026.59797,iPad1(1000084),84,11.06.26 15:35,Prod,A1000084.7068,Tisch 10,112,S1000084.59797,VOID,1,10.9,10.9,0.0,0.0,0.0,0.0,107,Chicken Burger,Hauptgerichte,,MwSt. 7%,1.07,10.186916,0.713084,Normalverkauf
S1000084.59798,SP1000084.36.59798,SY1000084.2026.59798,iPad1(1000084),84,11.06.26 15:35,Prod,A1000084.7068,Tisch 10,112,S1000084.59798,VOID,2,3.9,7.8,0.0,0.0,0.0,0.0,126,Spezi,Getränke,,MwSt. 19%,1.19,6.554622,1.245378,Normalverkauf
S1000084.59799,SP1000084.36.59799,SY1000084.2026.59799,iPad1(1000084),84,11.06.26 15:12,Prod,A1000084.7069,Tisch 11,107,S1000084.59799,SALE,1,5.5,5.5,0.0,0.0,0.0,0.0,111,Pommes Frites,Beilagen,,MwSt. 7%,1.07,5.140187,0.359813,Normalverkauf
S1000084.59800,SP1000084.36.59800,SY1000084.2026.59800,iPad1(1000084),84,11.06.26 15:12,Prod,A1000084.7069,Tisch 11,107,S1000084.59800,SALE,1,14.5,14.5,0.0,0.0,0.0,0.0,101,Lachs,Hauptspeisen,,MwSt. 7%,1.07,13.551402,0.948598,Normalverkauf
S1000084.59801,SP1000084.36.59801,SY1000084.2026.59801,iPad1(1000084),84,11.06.26 20:30,Prod,A1000084.7070,Tisch 23,107,S1000084.59801,SALE,2,10.9,21.8,0.0,0.0,0.0,0.0,107,Chicken Burger,Hauptgerichte,,MwSt. 7%,1.07,20.373832,1.426168,Normalverkauf
S1000084.59802,SP1000084.36.59802,SY1000084.2026.59802,iPad1(1000084),84,11.06.26 18:28,Prod,A1000084.7071,Tisch 13,104,S1000084.59802,SALE,2,11.5,23.0,0.0,0.0,0.0,0.0,105,Garnelen-Kimchi-Bruger,Hauptgerichte,,MwSt. 7%,1.07,21.495327,1.504673,Normalverkauf
S1000084.59803,SP1000084.36.59803,SY1000084.2026.59803,iPad1(1000084),84,11.06.26 19:06,Prod,A1000084.7072,Tisch 17,112,S1000084.59803,SALE,1,10.9,10.9,0.0,0.0,0.0,0.0,107,Chicken Burger,Hauptgerichte,,MwSt. 7%,1.07,10.186916,0.713084,Normalverkauf
S1000084.59804,SP1000084.36.59804,SY1000084.2026.59804,iPad1(1000084),84,11.06.26 19:06,Prod,A1000084.7072,Tisch 17,112,S1000084.59804,SALE,1,5.9,5.9,0.0,0.0,0.0,0.0,117,Rote Grütze,Desserts,,MwSt. 7%,1.07,5.514019,0.385981,Normalverkauf
S1000084.59805,SP1000084.36.59805,SY1000084.2026.59805,iPad1(1000084),84,11.06.26 17:24,Prod,A1000084.7073,,108,S1000084.59805,SALE,1,5.5,5.5,0.0,0.0,0.0,0.0,111,Pommes Frites,Beilagen,,MwSt. 7%,1.07,5.140187,0.359813,Normalverkauf
S1000084.59806,SP1000084.36.59806,SY1000084.2026.59806,iPad1(1000084),84,11.06.26 17:24,Prod,A1000084.7073,,108,S1000084.59806,SALE,1,3.9,3.9,0.0,0.0,0.0,0.0,119,Cola,Getränke,,MwSt. 19%,1.19,3.277311,0.622689,Normalverkauf
S1000084.59807,SP1000084.36.59807,SY1000084.2026.59807,iPad1(1000084),84,11.06.26 20:31,Prod,A1000084.7074,Tisch 24,104,S1000084.59807,SALE,2,7.9,15.8,0.0,0.0,0.0,0.0,115,Tiramisu,Desserts,,MwSt. 7%,1.07,14.766355,1.033645,Normalverkauf
S1000084.59808,SP1000084.36.59808,SY1000084.2026.59808,iPad1(1000084),84,11.06.26 20:31,Prod,A1000084.7074,Tisch 24,104,S1000084.59808,SALE,2,10.9,21.8,0.0,0.0,0.0,0.0,109,Bismarck-Baguette,Hauptgerichte,,MwSt. 7%,1.07,20.373832,1.426168,Normalverkauf
S1000084.59809,SP1000084.36.59809,SY1000084.2026.59809,iPad1(1000084),84,11.06.26 18:16,Prod,A1000084.7075,Tisch 15,108,S1000084.59809,VOID,1,6.9,6.9,0.0,0.0,0.0,0.0,103,Fischbrötchen Räucherlachs,Hauptspeisen,,MwSt. 7%,1.07,6.448598,0.451402,Normalverkauf
S1000084.59810,SP1000084.36.59810,SY1000084.2026.59810,iPad1(1000084),84,11.06.26 12:24,Prod,A1000084.7076,Tisch 15,107,S1000084.59810,SALE,1,3.9,3.9,0.0,0.0,0.0,0.0,124,Cola Zero,Getränke,,MwSt. 19%,1.19,3.277311,0.622689,Normalverkauf
S1000084.59811,SP1000084.36.59811,SY1000084.2026.59811,iPad1(1000084),84,11.06.26 12:24,Prod,A1000084.7076,Tisch 15,107,S1000084.59811,SALE,2,3.9,7.8,0.0,0.0,0.0,0.0,127,Alkoholfreies Bier,Getränke,,MwSt. 19%,1.19,6.554622,1.245378,Normalverkauf
S1000084.59812,SP1000084.36.59812,SY1000084.2026.59812,iPad1(1000084),84,11.06.26 12:24,Prod,A1000084.7076,Tisch 15,107,S1000084.59812,SALE,2,5.5,11.0,0.0,0.0,0.0,0.0,111,Pommes Frites,Beilagen,,MwSt. 7%,1.07,10.280374,0.719626,Normalverkauf
S1000084.59813,SP1000084.36.59813,SY1000084.2026.59813,iPad1(1000084),84,11.06.26 19:23,Prod,A1000084.7077,Tisch 13,108,S1000084.59813,VOID,2,6.9,13.8,0.0,0.0,0.0,0.0,113,Garnelen Box,Beilagen,,MwSt. 7%,1.07,12.897196,0.902804,Normalverkauf
S1000084.59814,SP1000084.36.59814,SY1000084.2026.59814,iPad1(1000084),84,11.06.26 18:43,Prod,A1000084.7078,Tisch 23,102,S1000084.59814,SALE,1,6.9,6.9,0.0,0.0,0.0,0.0,103,Fischbrötchen Räucherlachs,Hauptspeisen,,MwSt. 7%,1.07,6.448598,0.451402,Normalverkauf
S1000084.59815,SP1000084.36.59815,SY1000084.2026.59815,iPad1(1000084),84,11.06.26 18:43,Prod,A1000084.7078,Tisch 23,102,S1000084.59815,SALE,1,5.9,5.9,0.0,0.0,0.0,0.0,123,Inger-Limonade,Getränke,,MwSt. 19%,1.19,4.957983,0.942017,Normalverkauf
S1000084.59816,SP1000084.36.59816,SY1000084.2026.59816,iPad1(1000084),84,11.06.26 15:04,Prod,A1000084.7079,Tisch 1,104,S1000084.59816,SALE,2,6.9,13.8,0.0,0.0,0.0,0.0,113,Garnelen Box,Beilagen,,MwSt. 7%,1.07,12.897196,0.902804,Normalverkauf
S1000084.59817,SP1000084.36.59817,SY1000084.2026.59817,iPad1(1000084),84,11.06.26 15:04,Prod,A1000084.7079,Tisch 1,104,S1000084.59817,SALE,1,10.9,10.9,0.0,0.0,0.0,0.0,109,Bismarck-Baguette,Hauptgerichte,,MwSt. 7%,1.07,10.186916,0.713084,Normalverkauf
S1000084.59818,SP1000084.36.59818,SY1000084.2026.59818,iPad1(1000084),84,11.06.26 18:42,Prod,A1000084.7080,Tisch 18,108,S1000084.59818,SALE,2,5.5,11.0,0.0,0.0,0.0,0.0,111,Pommes Frites,Beilagen,,MwSt. 7%,1.07,10.280374,0.719626,Normalverkauf
S1000084.59819,SP1000084.36.59819,SY1000084.2026.59819,iPad1(1000084),84,11.06.26 18:42,Prod,A1000084.7080,Tisch 18,108,S1000084.59819,SALE,2,3.2,6.4,0.0,0.0,0.0,0.0,120,Apfelschorle,Getränke,,MwSt. 19%,1.19,5.378151,1.021849,Normalverkauf
S1000084.59820,SP1000084.36.59820,SY1000084.2026.59820,iPad1(1000084),84,11.06.26 12:49,Prod,A1000084.7081,Tisch 5,112,S1000084.59820,SALE,2,14.5,29.0,0.0,0.0,0.0,0.0,101,Lachs,Hauptspeisen,,MwSt. 7%,1.07,27.102804,1.897196,Normalverkauf
S1000084.59821,SP1000084.36.59821,SY1000084.2026.59821,iPad1(1000084),84,11.06.26 12:49,Prod,A1000084.7081,Tisch 5,112,S1000084.59821,SALE,2,4.2,8.4,0.0,0.0,0.0,0.0,122,Bier,Getränke,,MwSt. 19%,1.19,7.058824,1.341176,Normalverkauf
S1000084.59822,SP1000084.36.59822,SY1000084.2026.59822,iPad1(1000084),84,11.06.26 12:49,Prod,A1000084.7081,Tisch 5,112,S1000084.59822,SALE,2,3.9,7.8,0.0,0.0,0.0,0.0,126,Spezi,Getränke,,MwSt. 19%,1.19,6.554622,1.245378,Normalverkauf
S1000084.59823,SP1000084.36.59823,SY1000084.2026.59823,iPad1(1000084),84,11.06.26 08:38,Prod,A1000084.7082,Tisch 22,102,S1000084.59823,SALE,2,3.9,7.8,0.0,0.0,0.0,0.0,126,Spezi,Getränke,,MwSt. 19%,1.19,6.554622,1.245378,Normalverkauf
S1000084.59824,SP1000084.36.59824,SY1000084.2026.59824,iPad1(1000084),84,11.06.26 08:38,Prod,A1000084.7082,Tisch 22,102,S1000084.59824,SALE,2,3.2,6.4,0.0,0.0,0.0,0.0,120,Apfelschorle,Getränke,,MwSt. 19%,1.19,5.378151,1.021849,Normalverkauf
S1000084.59825,SP1000084.36.59825,SY1000084.2026.59825,iPad1(1000084),84,11.06.26 08:38,Prod,A1000084.7082,Tisch 22,102,S1000084.59825,SALE,1,5.9,5.9,0.0,0.0,0.0,0.0,117,Rote Grütze,Desserts,,MwSt. 7%,1.07,5.514019,0.385981,Normalverkauf
S1000084.59826,SP1000084.36.59826,SY1000084.2026.59826,iPad1(1000084),84,11.06.26 18:55,Prod,A1000084.7083,Tisch 14,102,S1000084.59826,SALE,2,6.9,13.8,0.0,0.0,0.0,0.0,103,Fischbrötchen Räucherlachs,Hauptspeisen,,MwSt. 7%,1.07,12.897196,0.902804,Normalverkauf
S1000084.59827,SP1000084.36.59827,SY1000084.2026.59827,iPad1(1000084),84,11.06.26 18:55,Prod,A1000084.7083,Tisch 14,102,S1000084.59827,SALE,2,3.9,7.8,0.0,0.0,0.0,0.0,124,Cola Zero,Getränke,,MwSt. 19%,1.19,6.554622,1.245378,Normalverkauf
S1000084.59828,SP1000084.36.59828,SY1000084.2026.59828,iPad1(1000084),84,11.06.26 18:55,Prod,A1000084.7083,Tisch 14,102,S1000084.59828,SALE,1,11.5,11.5,0.0,0.0,0.0,0.0,105,Garnelen-Kimchi-Bruger,Hauptgerichte,,MwSt. 7%,1.07,10.747664,0.752336,Normalverkauf
S1000084.59829,SP1000084.36.59829,SY1000084.2026.59829,iPad1(1000084),84,12.06.26 17:10,Prod,A1000084.7084,Tisch 13,102,S1000084.59829,SALE,1,3.9,3.9,0.0,0.0,0.0,0.0,119,Cola,Getränke,,MwSt. 19%,1.19,3.277311,0.622689,Normalverkauf
S1000084.59830,SP1000084.36.59830,SY1000084.2026.59830,iPad1(1000084),84,12.06.26 17:15,Prod,A1000084.7085,Tisch 20,112,S1000084.59830,SALE,1,7.9,7.9,0.0,0.0,0.0,0.0,106,Neptun-Ringe,Beilagen,,MwSt. 7%,1.07,7.383178,0.516822,Normalverkauf
S1000084.59831,SP1000084.36.59831,SY1000084.2026.59831,iPad1(1000084),84,12.06.26 17:15,Prod,A1000084.7085,Tisch 20,112,S1000084.59831,SALE,1,6.5,6.5,0.0,0.0,0.0,0.0,118,Schokokuchen,Desserts,,MwSt. 7%,1.07,6.074766,0.425234,Normalverkauf
S1000084.59832,SP1000084.36.59832,SY1000084.2026.59832,iPad1(1000084),84,12.06.26 13:57,Prod,A1000084.7086,Tisch 13,112,S1000084.59832,SALE,2,6.9,13.8,0.0,0.0,0.0,0.0,103,Fischbrötchen Räucherlachs,Hauptspeisen,,MwSt. 7%,1.07,12.897196,0.902804,Normalverkauf
S1000084.59833,SP1000084.36.59833,SY1000084.2026.59833,iPad1(1000084),84,12.06.26 13:57,Prod,A1000084.7086,Tisch 13,112,S1000084.59833,SALE,2,10.9,21.8,0.0,0.0,0.0,0.0,107,Chicken Burger,Hauptgerichte,,MwSt. 7%,1.07,20.373832,1.426168,Normalverkauf
S1000084.59834,SP1000084.36.59834,SY1000084.2026.59834,iPad1(1000084),84,12.06.26 10:51,Prod,A1000084.7087,Tisch 10,112,S1000084.59834,SALE,2,2.8,5.6,0.0,0.0,0.0,0.0,121,Mineralwasser,Getränke,,MwSt. 19%,1.19,4.705882,0.894118,Normalverkauf
S1000084.59835,SP1000084.36.59835,SY1000084.2026.59835,iPad1(1000084),84,12.06.26 13:37,Prod,A1000084.7088,Tisch 18,102,S1000084.59835,VOID,1,5.5,5.5,0.0,0.0,0.0,0.0,114,Fisch Nuggets Box,Beilagen,,MwSt. 7%,1.07,5.140187,0.359813,Normalverkauf
S1000084.59836,SP1000084.36.59836,SY1000084.2026.59836,iPad1(1000084),84,12.06.26 13:37,Prod,A1000084.7088,Tisch 18,102,S1000084.59836,VOID,1,6.9,6.9,0.0,0.0,0.0,0.0,103,Fischbrötchen Räucherlachs,Hauptspeisen,,MwSt. 7%,1.07,6.448598,0.451402,Normalverkauf
S1000084.59837,SP1000084.36.59837,SY1000084.2026.59837,iPad1(1000084),84,12.06.26 13:37,Prod,A1000084.7088,Tisch 18,102,S1000084.59837,VOID,1,5.9,5.9,0.0,0.0,0.0,0.0,117,Rote Grütze,Desserts,,MwSt. 7%,1.07,5.514019,0.385981,Normalverkauf
S1000084.59838,SP1000084.36.59838,SY1000084.2026.59838,iPad1(1000084),84,12.06.26 16:10,Prod,A1000084.7089,Tisch 10,102,S1000084.59838,SALE,2,10.9,21.8,0.0,0.0,0.0,0.0,107,Chicken Burger,Hauptgerichte,,MwSt. 7%,1.07,20.373832,1.426168,Normalverkauf
S1000084.59839,SP1000084.36.59839,SY1000084.2026.59839,iPad1(1000084),84,12.06.26 16:10,Prod,A1000084.7089,Tisch 10,102,S1000084.59839,SALE,2,11.5,23.0,0.0,0.0,0.0,0.0,105,Garnelen-Kimchi-Bruger,Hauptgerichte,,MwSt. 7%,1.07,21.495327,1.504673,Normalverkauf
S1000084.59840,SP1000084.36.59840,SY1000084.2026.59840,iPad1(1000084),84,12.06.26 16:10,Prod,A1000084.7089,Tisch 10,102,S1000084.59840,SALE,2,10.9,21.8,0.0,0.0,0.0,0.0,107,Chicken Burger,Hauptgerichte,,MwSt. 7%,1.07,20.373832,1.426168,Normalverkauf
S1000084.59841,SP1000084.36.59841,SY1000084.2026.59841,iPad1(1000084),84,12.06.26 16:32,Prod,A1000084.7090,Tisch 13,104,S1000084.59841,SALE,2,2.8,5.6,0.0,0.0,0.0,0.0,121,Mineralwasser,Getränke,,MwSt. 19%,1.19,4.705882,0.894118,Normalverkauf
S1000084.59842,SP1000084.36.59842,SY1000084.2026.59842,iPad1(1000084),84,12.06.26 15:48,Prod,A1000084.7091,Tisch 10,112,S1000084.59842,VOID,2,3.9,7.8,0.0,0.0,0.0,0.0,119,Cola,Getränke,,MwSt. 19%,1.19,6.554622,1.245378,Normalverkauf
S1000084.59843,SP1000084.36.59843,SY1000084.2026.59843,iPad1(1000084),84,12.06.26 11:40,Prod,A1000084.7092,Tisch 20,102,S1000084.59843,SALE,1,5.5,5.5,0.0,0.0,0.0,0.0,111,Pommes Frites,Beilagen,,MwSt. 7%,1.07,5.140187,0.359813,Normalverkauf
S1000084.59844,SP1000084.36.59844,SY1000084.2026.59844,iPad1(1000084),84,12.06.26 11:40,Prod,A1000084.7092,Tisch 20,102,S1000084.59844,SALE,1,11.9,11.9,0.0,0.0,0.0,0.0,110,Matjes-Baguette,Hauptgerichte,,MwSt. 7%,1.07,11.121495,0.778505,Normalverkauf
S1000084.59845,SP1000084.36.59845,SY1000084.2026.59845,iPad1(1000084),84,12.06.26 11:40,Prod,A1000084.7092,Tisch 20,102,S1000084.59845,SALE,2,4.2,8.4,0.0,0.0,0.0,0.0,122,Bier,Getränke,,MwSt. 19%,1.19,7.058824,1.341176,Normalverkauf
S1000084.59846,SP1000084.36.59846,SY1000084.2026.59846,iPad1(1000084),84,12.06.26 17:03,Prod,A1000084.7093,Tisch 22,107,S1000084.59846,VOID,2,6.5,13.0,0.0,0.0,0.0,0.0,100,Fischbrötchen Backfisch,Hauptspeisen,,MwSt. 7%,1.07,12.149533,0.850467,Normalverkauf
S1000084.59847,SP1000084.36.59847,SY1000084.2026.59847,iPad1(1000084),84,12.06.26 12:03,Prod,A1000084.7094,Tisch 20,112,S1000084.59847,SALE,1,3.9,3.9,0.0,0.0,0.0,0.0,127,Alkoholfreies Bier,Getränke,,MwSt. 19%,1.19,3.277311,0.622689,Normalverkauf
S1000084.59848,SP1000084.36.59848,SY1000084.2026.59848,iPad1(1000084),84,12.06.26 11:53,Prod,A1000084.7095,Tisch 21,112,S1000084.59848,SALE,1,5.9,5.9,0.0,0.0,0.0,0.0,116,Vanillequark,Desserts,,MwSt. 7%,1.07,5.514019,0.385981,Normalverkauf
S1000084.59849,SP1000084.36.59849,SY1000084.2026.59849,iPad1(1000084),84,12.06.26 11:53,Prod,A1000084.7095,Tisch 21,112,S1000084.59849,SALE,2,11.9,23.8,0.0,0.0,0.0,0.0,110,Matjes-Baguette,Hauptgerichte,,MwSt. 7%,1.07,22.242991,1.557009,Normalverkauf
S1000084.59850,SP1000084.36.59850,SY1000084.2026.59850,iPad1(1000084),84,12.06.26 11:53,Prod,A1000084.7095,Tisch 21,112,S1000084.59850,SALE,1,10.9,10.9,0.0,0.0,0.0,0.0,107,Chicken Burger,Hauptgerichte,,MwSt. 7%,1.07,10.186916,0.713084,Normalverkauf
S1000084.59851,SP1000084.36.59851,SY1000084.2026.59851,iPad1(1000084),84,12.06.26 10:13,Prod,A1000084.7096,Tisch 2,104,S1000084.59851,VOID,1,3.2,3.2,0.0,0.0,0.0,0.0,120,Apfelschorle,Getränke,,MwSt. 19%,1.19,2.689076,0.510924,Normalverkauf
S1000084.59852,SP1000084.36.59852,SY1000084.2026.59852,iPad1(1000084),84,12.06.26 10:13,Prod,A1000084.7096,Tisch 2,104,S1000084.59852,VOID,1,5.5,5.5,0.0,0.0,0.0,0.0,114,Fisch Nuggets Box,Beilagen,,MwSt. 7%,1.07,5.140187,0.359813,Normalverkauf
S1000084.59853,SP1000084.36.59853,SY1000084.2026.59853,iPad1(1000084),84,12.06.26 11:31,Prod,A1000084.7097,Tisch 18,104,S1000084.59853,SALE,2,5.9,11.8,0.0,0.0,0.0,0.0,116,Vanillequark,Desserts,,MwSt. 7%,1.07,11.028037,0.771963,Normalverkauf
S1000084.59854,SP1000084.36.59854,SY1000084.2026.59854,iPad1(1000084),84,12.06.26 13:33,Prod,A1000084.7098,Tisch 11,107,S1000084.59854,SALE,2,2.8,5.6,0.0,0.0,0.0,0.0,121,Mineralwasser,Getränke,,MwSt. 19%,1.19,4.705882,0.894118,Normalverkauf
S1000084.59855,SP1000084.36.59855,SY1000084.2026.59855,iPad1(1000084),84,12.06.26 13:33,Prod,A1000084.7098,Tisch 11,107,S1000084.59855,SALE,2,5.5,11.0,0.0,0.0,0.0,0.0,111,Pommes Frites,Beilagen,,MwSt. 7%,1.07,10.280374,0.719626,Normalverkauf
S1000084.59856,SP1000084.36.59856,SY1000084.2026.59856,iPad1(1000084),84,12.06.26 19:37,Prod,A1000084.7099,Tisch 23,112,S1000084.59856,SALE,2,10.9,21.8,0.0,0.0,0.0,0.0,104,Thunfisch Wrap,Hauptgerichte,,MwSt. 7%,1.07,20.373832,1.426168,Normalverkauf
S1000084.59857,SP1000084.36.59857,SY1000084.2026.59857,iPad1(1000084),84,12.06.26 19:37,Prod,A1000084.7099,Tisch 23,112,S1000084.59857,SALE,2,3.2,6.4,0.0,0.0,0.0,0.0,120,Apfelschorle,Getränke,,MwSt. 19%,1.19,5.378151,1.021849,Normalverkauf
S1000084.59858,SP1000084.36.59858,SY1000084.2026.59858,iPad1(1000084),84,12.06.26 11:05,Prod,A1000084.7100,Tisch 13,104,S1000084.59858,SALE,1,3.9,3.9,0.0,0.0,0.0,0.0,127,Alkoholfreies Bier,Getränke,,MwSt. 19%,1.19,3.277311,0.622689,Normalverkauf
S1000084.59859,SP1000084.36.59859,SY1000084.2026.59859,iPad1(1000084),84,12.06.26 11:05,Prod,A1000084.7100,Tisch 13,104,S1000084.59859,SALE,2,9.8,19.6,0.0,0.0,0.0,0.0,108,Seelachs-Ei-Baugette,Hauptgerichte,,MwSt. 7%,1.07,18.317757,1.282243,Normalverkauf
S1000084.59860,SP1000084.36.59860,SY1000084.2026.59860,iPad1(1000084),84,12.06.26 12:19,Prod,A1000084.7101,,108,S1000084.59860,SALE,1,10.9,10.9,0.0,0.0,0.0,0.0,107,Chicken Burger,Hauptgerichte,,MwSt. 7%,1.07,10.186916,0.713084,Normalverkauf
S1000084.59861,SP1000084.36.59861,SY1000084.2026.59861,iPad1(1000084),84,12.06.26 19:55,Prod,A1000084.7102,,108,S1000084.59861,SALE,2,11.5,23.0,0.0,0.0,0.0,0.0,105,Garnelen-Kimchi-Bruger,Hauptgerichte,,MwSt. 7%,1.07,21.495327,1.504673,Normalverkauf
S1000084.59862,SP1000084.36.59862,SY1000084.2026.59862,iPad1(1000084),84,12.06.26 19:55,Prod,A1000084.7102,,108,S1000084.59862,SALE,1,3.9,3.9,0.0,0.0,0.0,0.0,124,Cola Zero,Getränke,,MwSt. 19%,1.19,3.277311,0.622689,Normalverkauf
S1000084.59863,SP1000084.36.59863,SY1000084.2026.59863,iPad1(1000084),84,12.06.26 19:55,Prod,A1000084.7102,,108,S1000084.59863,SALE,2,9.8,19.6,0.0,0.0,0.0,0.0,108,Seelachs-Ei-Baugette,Hauptgerichte,,MwSt. 7%,1.07,18.317757,1.282243,Normalverkauf
S1000084.59864,SP1000084.36.59864,SY1000084.2026.59864,iPad1(1000084),84,12.06.26 17:14,Prod,A1000084.7103,Tisch 22,104,S1000084.59864,VOID,1,6.9,6.9,0.0,0.0,0.0,0.0,113,Garnelen Box,Beilagen,,MwSt. 7%,1.07,6.448598,0.451402,Normalverkauf
S1000084.59865,SP1000084.36.59865,SY1000084.2026.59865,iPad1(1000084),84,12.06.26 17:14,Prod,A1000084.7103,Tisch 22,104,S1000084.59865,VOID,1,5.5,5.5,0.0,0.0,0.0,0.0,111,Pommes Frites,Beilagen,,MwSt. 7%,1.07,5.140187,0.359813,Normalverkauf
S1000084.59866,SP1000084.36.59866,SY1000084.2026.59866,iPad1(1000084),84,12.06.26 17:42,Prod,A1000084.7104,Tisch 6,112,S1000084.59866,SALE,2,4.2,8.4,0.0,0.0,0.0,0.0,122,Bier,Getränke,,MwSt. 19%,1.19,7.058824,1.341176,Normalverkauf
S1000084.59867,SP1000084.36.59867,SY1000084.2026.59867,iPad1(1000084),84,12.06.26 17:42,Prod,A1000084.7104,Tisch 6,112,S1000084.59867,SALE,2,3.2,6.4,0.0,0.0,0.0,0.0,120,Apfelschorle,Getränke,,MwSt. 19%,1.19,5.378151,1.021849,Normalverkauf
S1000084.59868,SP1000084.36.59868,SY1000084.2026.59868,iPad1(1000084),84,12.06.26 17:42,Prod,A1000084.7104,Tisch 6,112,S1000084.59868,SALE,1,11.9,11.9,0.0,0.0,0.0,0.0,110,Matjes-Baguette,Hauptgerichte,,MwSt. 7%,1.07,11.121495,0.778505,Normalverkauf
S1000084.59869,SP1000084.36.59869,SY1000084.2026.59869,iPad1(1000084),84,12.06.26 17:03,Prod,A1000084.7105,Tisch 22,102,S1000084.59869,SALE,1,10.9,10.9,0.0,0.0,0.0,0.0,107,Chicken Burger,Hauptgerichte,,MwSt. 7%,1.07,10.186916,0.713084,Normalverkauf
S1000084.59870,SP1000084.36.59870,SY1000084.2026.59870,iPad1(1000084),84,12.06.26 17:03,Prod,A1000084.7105,Tisch 22,102,S1000084.59870,SALE,1,3.9,3.9,0.0,0.0,0.0,0.0,127,Alkoholfreies Bier,Getränke,,MwSt. 19%,1.19,3.277311,0.622689,Normalverkauf
S1000084.59871,SP1000084.36.59871,SY1000084.2026.59871,iPad1(1000084),84,12.06.26 16:29,Prod,A1000084.7106,Tisch 6,112,S1000084.59871,SALE,1,11.5,11.5,0.0,0.0,0.0,0.0,105,Garnelen-Kimchi-Bruger,Hauptgerichte,,MwSt. 7%,1.07,10.747664,0.752336,Normalverkauf
S1000084.59872,SP1000084.36.59872,SY1000084.2026.59872,iPad1(1000084),84,12.06.26 09:05,Prod,A1000084.7107,Tisch 11,107,S1000084.59872,SALE,1,4.2,4.2,0.0,0.0,0.0,0.0,122,Bier,Getränke,,MwSt. 19%,1.19,3.529412,0.670588,Normalverkauf
S1000084.59873,SP1000084.36.59873,SY1000084.2026.59873,iPad1(1000084),84,12.06.26 09:05,Prod,A1000084.7107,Tisch 11,107,S1000084.59873,SALE,1,9.8,9.8,0.0,0.0,0.0,0.0,108,Seelachs-Ei-Baugette,Hauptgerichte,,MwSt. 7%,1.07,9.158879,0.641121,Normalverkauf
S1000084.59874,SP1000084.36.59874,SY1000084.2026.59874,iPad1(1000084),84,12.06.26 09:05,Prod,A1000084.7107,Tisch 11,107,S1000084.59874,SALE,1,10.9,10.9,0.0,0.0,0.0,0.0,104,Thunfisch Wrap,Hauptgerichte,,MwSt. 7%,1.07,10.186916,0.713084,Normalverkauf
S1000084.59875,SP1000084.36.59875,SY1000084.2026.59875,iPad1(1000084),84,12.06.26 12:33,Prod,A1000084.7108,Tisch 20,107,S1000084.59875,SALE,1,9.8,9.8,0.0,0.0,0.0,0.0,108,Seelachs-Ei-Baugette,Hauptgerichte,,MwSt. 7%,1.07,9.158879,0.641121,Normalverkauf
S1000084.59876,SP1000084.36.59876,SY1000084.2026.59876,iPad1(1000084),84,12.06.26 12:33,Prod,A1000084.7108,Tisch 20,107,S1000084.59876,SALE,2,13.5,27.0,0.0,0.0,0.0,0.0,102,Matjes,Hauptspeisen,,MwSt. 7%,1.07,25.233645,1.766355,Normalverkauf
S1000084.59877,SP1000084.36.59877,SY1000084.2026.59877,iPad1(1000084),84,12.06.26 12:33,Prod,A1000084.7108,Tisch 20,107,S1000084.59877,SALE,1,10.9,10.9,0.0,0.0,0.0,0.0,107,Chicken Burger,Hauptgerichte,,MwSt. 7%,1.07,10.186916,0.713084,Normalverkauf
S1000084.59878,SP1000084.36.59878,SY1000084.2026.59878,iPad1(1000084),84,12.06.26 12:40,Prod,A1000084.7109,Tisch 20,108,S1000084.59878,SALE,1,10.9,10.9,0.0,0.0,0.0,0.0,109,Bismarck-Baguette,Hauptgerichte,,MwSt. 7%,1.07,10.186916,0.713084,Normalverkauf
S1000084.59879,SP1000084.36.59879,SY1000084.2026.59879,iPad1(1000084),84,12.06.26 12:40,Prod,A1000084.7109,Tisch 20,108,S1000084.59879,SALE,2,13.5,27.0,0.0,0.0,0.0,0.0,102,Matjes,Hauptspeisen,,MwSt. 7%,1.07,25.233645,1.766355,Normalverkauf
S1000084.59880,SP1000084.36.59880,SY1000084.2026.59880,iPad1(1000084),84,12.06.26 20:27,Prod,A1000084.7110,Tisch 1,102,S1000084.59880,SALE,1,4.2,4.2,0.0,0.0,0.0,0.0,122,Bier,Getränke,,MwSt. 19%,1.19,3.529412,0.670588,Normalverkauf
S1000084.59881,SP1000084.36.59881,SY1000084.2026.59881,iPad1(1000084),84,12.06.26 20:27,Prod,A1000084.7110,Tisch 1,102,S1000084.59881,SALE,2,11.9,23.8,0.0,0.0,0.0,0.0,110,Matjes-Baguette,Hauptgerichte,,MwSt. 7%,1.07,22.242991,1.557009,Normalverkauf
S1000084.59882,SP1000084.36.59882,SY1000084.2026.59882,iPad1(1000084),84,12.06.26 13:56,Prod,A1000084.7111,,108,S1000084.59882,SALE,2,10.9,21.8,0.0,0.0,0.0,0.0,104,Thunfisch Wrap,Hauptgerichte,,MwSt. 7%,1.07,20.373832,1.426168,Normalverkauf
S1000084.59883,SP1000084.36.59883,SY1000084.2026.59883,iPad1(1000084),84,12.06.26 13:56,Prod,A1000084.7111,,108,S1000084.59883,SALE,2,6.9,13.8,0.0,0.0,0.0,0.0,113,Garnelen Box,Beilagen,,MwSt. 7%,1.07,12.897196,0.902804,Normalverkauf
S1000084.59884,SP1000084.36.59884,SY1000084.2026.59884,iPad1(1000084),84,12.06.26 12:02,Prod,A1000084.7112,Tisch 12,108,S1000084.59884,SALE,1,9.8,9.8,0.0,0.0,0.0,0.0,108,Seelachs-Ei-Baugette,Hauptgerichte,,MwSt. 7%,1.07,9.158879,0.641121,Normalverkauf
S1000084.59885,SP1000084.36.59885,SY1000084.2026.59885,iPad1(1000084),84,12.06.26 12:02,Prod,A1000084.7112,Tisch 12,108,S1000084.59885,SALE,2,6.9,13.8,0.0,0.0,0.0,0.0,103,Fischbrötchen Räucherlachs,Hauptspeisen,,MwSt. 7%,1.07,12.897196,0.902804,Normalverkauf
S1000084.59886,SP1000084.36.59886,SY1000084.2026.59886,iPad1(1000084),84,12.06.26 12:19,Prod,A1000084.7113,,102,S1000084.59886,SALE,2,3.9,7.8,0.0,0.0,0.0,0.0,127,Alkoholfreies Bier,Getränke,,MwSt. 19%,1.19,6.554622,1.245378,Normalverkauf
S1000084.59887,SP1000084.36.59887,SY1000084.2026.59887,iPad1(1000084),84,12.06.26 15:21,Prod,A1000084.7114,Tisch 10,102,S1000084.59887,SALE,1,6.9,6.9,0.0,0.0,0.0,0.0,103,Fischbrötchen Räucherlachs,Hauptspeisen,,MwSt. 7%,1.07,6.448598,0.451402,Normalverkauf
S1000084.59888,SP1000084.36.59888,SY1000084.2026.59888,iPad1(1000084),84,12.06.26 15:21,Prod,A1000084.7114,Tisch 10,102,S1000084.59888,SALE,1,13.5,13.5,0.0,0.0,0.0,0.0,102,Matjes,Hauptspeisen,,MwSt. 7%,1.07,12.616822,0.883178,Normalverkauf
S1000084.59889,SP1000084.36.59889,SY1000084.2026.59889,iPad1(1000084),84,12.06.26 15:21,Prod,A1000084.7114,Tisch 10,102,S1000084.59889,SALE,1,10.9,10.9,0.0,0.0,0.0,0.0,104,Thunfisch Wrap,Hauptgerichte,,MwSt. 7%,1.07,10.186916,0.713084,Normalverkauf
S1000084.59890,SP1000084.36.59890,SY1000084.2026.59890,iPad1(1000084),84,12.06.26 09:18,Prod,A1000084.7115,Tisch 17,112,S1000084.59890,SALE,1,7.9,7.9,0.0,0.0,0.0,0.0,115,Tiramisu,Desserts,,MwSt. 7%,1.07,7.383178,0.516822,Normalverkauf
S1000084.59891,SP1000084.36.59891,SY1000084.2026.59891,iPad1(1000084),84,12.06.26 09:18,Prod,A1000084.7115,Tisch 17,112,S1000084.59891,SALE,1,10.9,10.9,0.0,0.0,0.0,0.0,107,Chicken Burger,Hauptgerichte,,MwSt. 7%,1.07,10.186916,0.713084,Normalverkauf
S1000084.59892,SP1000084.36.59892,SY1000084.2026.59892,iPad1(1000084),84,12.06.26 09:18,Prod,A1000084.7115,Tisch 17,112,S1000084.59892,SALE,2,4.2,8.4,0.0,0.0,0.0,0.0,122,Bier,Getränke,,MwSt. 19%,1.19,7.058824,1.341176,Normalverkauf
S1000084.59893,SP1000084.36.59893,SY1000084.2026.59893,iPad1(1000084),84,12.06.26 13:12,Prod,A1000084.7116,Tisch 9,108,S1000084.59893,SALE,1,5.5,5.5,0.0,0.0,0.0,0.0,111,Pommes Frites,Beilagen,,MwSt. 7%,1.07,5.140187,0.359813,Normalverkauf
S1000084.59894,SP1000084.36.59894,SY1000084.2026.59894,iPad1(1000084),84,12.06.26 10:50,Prod,A1000084.7117,Tisch 22,107,S1000084.59894,SALE,2,7.9,15.8,0.0,0.0,0.0,0.0,115,Tiramisu,Desserts,,MwSt. 7%,1.07,14.766355,1.033645,Normalverkauf
S1000084.59895,SP1000084.36.59895,SY1000084.2026.59895,iPad1(1000084),84,12.06.26 14:30,Prod,A1000084.7118,Tisch 20,104,S1000084.59895,SALE,1,10.9,10.9,0.0,0.0,0.0,0.0,109,Bismarck-Baguette,Hauptgerichte,,MwSt. 7%,1.07,10.186916,0.713084,Normalverkauf
S1000084.59896,SP1000084.36.59896,SY1000084.2026.59896,iPad1(1000084),84,12.06.26 11:02,Prod,A1000084.7119,Tisch 5,112,S1000084.59896,SALE,1,3.9,3.9,0.0,0.0,0.0,0.0,127,Alkoholfreies Bier,Getränke,,MwSt. 19%,1.19,3.277311,0.622689,Normalverkauf
S1000084.59897,SP1000084.36.59897,SY1000084.2026.59897,iPad1(1000084),84,12.06.26 11:02,Prod,A1000084.7119,Tisch 5,112,S1000084.59897,SALE,1,5.9,5.9,0.0,0.0,0.0,0.0,125,Zitronen-Limonade,Getränke,,MwSt. 19%,1.19,4.957983,0.942017,Normalverkauf
S1000084.59898,SP1000084.36.59898,SY1000084.2026.59898,iPad1(1000084),84,12.06.26 11:02,Prod,A1000084.7119,Tisch 5,112,S1000084.59898,SALE,1,10.9,10.9,0.0,0.0,0.0,0.0,107,Chicken Burger,Hauptgerichte,,MwSt. 7%,1.07,10.186916,0.713084,Normalverkauf
S1000084.59899,SP1000084.36.59899,SY1000084.2026.59899,iPad1(1000084),84,12.06.26 19:44,Prod,A1000084.7120,Tisch 14,108,S1000084.59899,VOID,1,5.5,5.5,0.0,0.0,0.0,0.0,111,Pommes Frites,Beilagen,,MwSt. 7%,1.07,5.140187,0.359813,Normalverkauf
S1000084.59900,SP1000084.36.59900,SY1000084.2026.59900,iPad1(1000084),84,12.06.26 11:11,Prod,A1000084.7121,Tisch 22,104,S1000084.59900,SALE,2,13.5,27.0,0.0,0.0,0.0,0.0,102,Matjes,Hauptspeisen,,MwSt. 7%,1.07,25.233645,1.766355,Normalverkauf
S1000084.59901,SP1000084.36.59901,SY1000084.2026.59901,iPad1(1000084),84,12.06.26 11:11,Prod,A1000084.7121,Tisch 22,104,S1000084.59901,SALE,2,10.9,21.8,0.0,0.0,0.0,0.0,107,Chicken Burger,Hauptgerichte,,MwSt. 7%,1.07,20.373832,1.426168,Normalverkauf
S1000084.59902,SP1000084.36.59902,SY1000084.2026.59902,iPad1(1000084),84,12.06.26 11:11,Prod,A1000084.7121,Tisch 22,104,S1000084.59902,SALE,1,11.9,11.9,0.0,0.0,0.0,0.0,110,Matjes-Baguette,Hauptgerichte,,MwSt. 7%,1.07,11.121495,0.778505,Normalverkauf
S1000084.59903,SP1000084.36.59903,SY1000084.2026.59903,iPad1(1000084),84,12.06.26 12:46,Prod,A1000084.7122,Tisch 15,108,S1000084.59903,SALE,2,10.9,21.8,0.0,0.0,0.0,0.0,104,Thunfisch Wrap,Hauptgerichte,,MwSt. 7%,1.07,20.373832,1.426168,Normalverkauf
S1000084.59904,SP1000084.36.59904,SY1000084.2026.59904,iPad1(1000084),84,12.06.26 12:46,Prod,A1000084.7122,Tisch 15,108,S1000084.59904,SALE,1,4.2,4.2,0.0,0.0,0.0,0.0,122,Bier,Getränke,,MwSt. 19%,1.19,3.529412,0.670588,Normalverkauf
S1000084.59905,SP1000084.36.59905,SY1000084.2026.59905,iPad1(1000084),84,12.06.26 19:53,Prod,A1000084.7123,Tisch 7,112,S1000084.59905,SALE,1,3.2,3.2,0.0,0.0,0.0,0.0,120,Apfelschorle,Getränke,,MwSt. 19%,1.19,2.689076,0.510924,Normalverkauf
S1000084.59906,SP1000084.36.59906,SY1000084.2026.59906,iPad1(1000084),84,12.06.26 12:29,Prod,A1000084.7124,Tisch 9,112,S1000084.59906,SALE,2,3.9,7.8,0.0,0.0,0.0,0.0,124,Cola Zero,Getränke,,MwSt. 19%,1.19,6.554622,1.245378,Normalverkauf
S1000084.59907,SP1000084.36.59907,SY1000084.2026.59907,iPad1(1000084),84,12.06.26 12:29,Prod,A1000084.7124,Tisch 9,112,S1000084.59907,SALE,1,3.9,3.9,0.0,0.0,0.0,0.0,119,Cola,Getränke,,MwSt. 19%,1.19,3.277311,0.622689,Normalverkauf
S1000084.59908,SP1000084.36.59908,SY1000084.2026.59908,iPad1(1000084),84,12.06.26 19:42,Prod,A1000084.7125,Tisch 20,104,S1000084.59908,SALE,1,9.8,9.8,0.0,0.0,0.0,0.0,108,Seelachs-Ei-Baugette,Hauptgerichte,,MwSt. 7%,1.07,9.158879,0.641121,Normalverkauf
S1000084.59909,SP1000084.36.59909,SY1000084.2026.59909,iPad1(1000084),84,12.06.26 19:42,Prod,A1000084.7125,Tisch 20,104,S1000084.59909,SALE,1,9.8,9.8,0.0,0.0,0.0,0.0,108,Seelachs-Ei-Baugette,Hauptgerichte,,MwSt. 7%,1.07,9.158879,0.641121,Normalverkauf
S1000084.59910,SP1000084.36.59910,SY1000084.2026.59910,iPad1(1000084),84,12.06.26 15:06,Prod,A1000084.7126,Tisch 8,108,S1000084.59910,VOID,2,5.9,11.8,0.0,0.0,0.0,0.0,125,Zitronen-Limonade,Getränke,,MwSt. 19%,1.19,9.915966,1.884034,Normalverkauf
S1000084.59911,SP1000084.36.59911,SY1000084.2026.59911,iPad1(1000084),84,12.06.26 15:06,Prod,A1000084.7126,Tisch 8,108,S1000084.59911,VOID,1,6.5,6.5,0.0,0.0,0.0,0.0,100,Fischbrötchen Backfisch,Hauptspeisen,,MwSt. 7%,1.07,6.074766,0.425234,Normalverkauf
S1000084.59912,SP1000084.36.59912,SY1000084.2026.59912,iPad1(1000084),84,12.06.26 15:06,Prod,A1000084.7126,Tisch 8,108,S1000084.59912,VOID,1,3.9,3.9,0.0,0.0,0.0,0.0,126,Spezi,Getränke,,MwSt. 19%,1.19,3.277311,0.622689,Normalverkauf
S1000084.59913,SP1000084.36.59913,SY1000084.2026.59913,iPad1(1000084),84,12.06.26 10:58,Prod,A1000084.7127,Tisch 17,104,S1000084.59913,SALE,1,10.9,10.9,0.0,0.0,0.0,0.0,109,Bismarck-Baguette,Hauptgerichte,,MwSt. 7%,1.07,10.186916,0.713084,Normalverkauf
S1000084.59914,SP1000084.36.59914,SY1000084.2026.59914,iPad1(1000084),84,12.06.26 10:58,Prod,A1000084.7127,Tisch 17,104,S1000084.59914,SALE,1,5.5,5.5,0.0,0.0,0.0,0.0,114,Fisch Nuggets Box,Beilagen,,MwSt. 7%,1.07,5.140187,0.359813,Normalverkauf
S1000084.59915,SP1000084.36.59915,SY1000084.2026.59915,iPad1(1000084),84,12.06.26 10:58,Prod,A1000084.7127,Tisch 17,104,S1000084.59915,SALE,2,5.9,11.8,0.0,0.0,0.0,0.0,125,Zitronen-Limonade,Getränke,,MwSt. 19%,1.19,9.915966,1.884034,Normalverkauf
S1000084.59916,SP1000084.36.59916,SY1000084.2026.59916,iPad1(1000084),84,12.06.26 18:16,Prod,A1000084.7128,Tisch 6,112,S1000084.59916,SALE,1,9.8,9.8,0.0,0.0,0.0,0.0,108,Seelachs-Ei-Baugette,Hauptgerichte,,MwSt. 7%,1.07,9.158879,0.641121,Normalverkauf
S1000084.59917,SP1000084.36.59917,SY1000084.2026.59917,iPad1(1000084),84,12.06.26 18:16,Prod,A1000084.7128,Tisch 6,112,S1000084.59917,SALE,1,11.5,11.5,0.0,0.0,0.0,0.0,105,Garnelen-Kimchi-Bruger,Hauptgerichte,,MwSt. 7%,1.07,10.747664,0.752336,Normalverkauf
S1000084.59918,SP1000084.36.59918,SY1000084.2026.59918,iPad1(1000084),84,12.06.26 11:58,Prod,A1000084.7129,Tisch 5,104,S1000084.59918,SALE,2,11.9,23.8,0.0,0.0,0.0,0.0,110,Matjes-Baguette,Hauptgerichte,,MwSt. 7%,1.07,22.242991,1.557009,Normalverkauf
S1000084.59919,SP1000084.36.59919,SY1000084.2026.59919,iPad1(1000084),84,12.06.26 11:58,Prod,A1000084.7129,Tisch 5,104,S1000084.59919,SALE,2,3.9,7.8,0.0,0.0,0.0,0.0,126,Spezi,Getränke,,MwSt. 19%,1.19,6.554622,1.245378,Normalverkauf
S1000084.59920,SP1000084.36.59920,SY1000084.2026.59920,iPad1(1000084),84,12.06.26 16:57,Prod,A1000084.7130,Tisch 24,102,S1000084.59920,SALE,1,11.9,11.9,0.0,0.0,0.0,0.0,110,Matjes-Baguette,Hauptgerichte,,MwSt. 7%,1.07,11.121495,0.778505,Normalverkauf
S1000084.59921,SP1000084.36.59921,SY1000084.2026.59921,iPad1(1000084),84,12.06.26 16:57,Prod,A1000084.7130,Tisch 24,102,S1000084.59921,SALE,2,3.9,7.8,0.0,0.0,0.0,0.0,119,Cola,Getränke,,MwSt. 19%,1.19,6.554622,1.245378,Normalverkauf
S1000084.59922,SP1000084.36.59922,SY1000084.2026.59922,iPad1(1000084),84,12.06.26 16:57,Prod,A1000084.7130,Tisch 24,102,S1000084.59922,SALE,2,13.5,27.0,0.0,0.0,0.0,0.0,102,Matjes,Hauptspeisen,,MwSt. 7%,1.07,25.233645,1.766355,Normalverkauf
S1000084.59923,SP1000084.36.59923,SY1000084.2026.59923,iPad1(1000084),84,12.06.26 19:04,Prod,A1000084.7131,Tisch 19,104,S1000084.59923,SALE,1,3.9,3.9,0.0,0.0,0.0,0.0,126,Spezi,Getränke,,MwSt. 19%,1.19,3.277311,0.622689,Normalverkauf
S1000084.59924,SP1000084.36.59924,SY1000084.2026.59924,iPad1(1000084),84,12.06.26 19:04,Prod,A1000084.7131,Tisch 19,104,S1000084.59924,SALE,2,4.9,9.8,0.0,0.0,0.0,0.0,112,Kartoffelwedges,Beilagen,,MwSt. 7%,1.07,9.158879,0.641121,Normalverkauf
S1000084.59925,SP1000084.36.59925,SY1000084.2026.59925,iPad1(1000084),84,12.06.26 16:12,Prod,A1000084.7132,Tisch 12,104,S1000084.59925,SALE,2,9.8,19.6,0.0,0.0,0.0,0.0,108,Seelachs-Ei-Baugette,Hauptgerichte,,MwSt. 7%,1.07,18.317757,1.282243,Normalverkauf
S1000084.59926,SP1000084.36.59926,SY1000084.2026.59926,iPad1(1000084),84,12.06.26 19:38,Prod,A1000084.7133,Tisch 16,104,S1000084.59926,SALE,1,5.5,5.5,0.0,0.0,0.0,0.0,111,Pommes Frites,Beilagen,,MwSt. 7%,1.07,5.140187,0.359813,Normalverkauf
S1000084.59927,SP1000084.36.59927,SY1000084.2026.59927,iPad1(1000084),84,12.06.26 19:38,Prod,A1000084.7133,Tisch 16,104,S1000084.59927,SALE,2,13.5,27.0,0.0,0.0,0.0,0.0,102,Matjes,Hauptspeisen,,MwSt. 7%,1.07,25.233645,1.766355,Normalverkauf
S1000084.59928,SP1000084.36.59928,SY1000084.2026.59928,iPad1(1000084),84,12.06.26 19:38,Prod,A1000084.7133,Tisch 16,104,S1000084.59928,SALE,1,13.5,13.5,0.0,0.0,0.0,0.0,102,Matjes,Hauptspeisen,,MwSt. 7%,1.07,12.616822,0.883178,Normalverkauf
S1000084.59929,SP1000084.36.59929,SY1000084.2026.59929,iPad1(1000084),84,12.06.26 13:16,Prod,A1000084.7134,Tisch 1,102,S1000084.59929,SALE,2,3.9,7.8,0.0,0.0,0.0,0.0,126,Spezi,Getränke,,MwSt. 19%,1.19,6.554622,1.245378,Normalverkauf
S1000084.59930,SP1000084.36.59930,SY1000084.2026.59930,iPad1(1000084),84,12.06.26 15:01,Prod,A1000084.7135,Tisch 3,104,S1000084.59930,SALE,1,10.9,10.9,0.0,0.0,0.0,0.0,104,Thunfisch Wrap,Hauptgerichte,,MwSt. 7%,1.07,10.186916,0.713084,Normalverkauf
S1000084.59931,SP1000084.36.59931,SY1000084.2026.59931,iPad1(1000084),84,12.06.26 11:16,Prod,A1000084.7136,Tisch 9,108,S1000084.59931,VOID,1,5.5,5.5,0.0,0.0,0.0,0.0,111,Pommes Frites,Beilagen,,MwSt. 7%,1.07,5.140187,0.359813,Normalverkauf
S1000084.59932,SP1000084.36.59932,SY1000084.2026.59932,iPad1(1000084),84,12.06.26 20:08,Prod,A1000084.7137,Tisch 12,108,S1000084.59932,SALE,2,10.9,21.8,0.0,0.0,0.0,0.0,109,Bismarck-Baguette,Hauptgerichte,,MwSt. 7%,1.07,20.373832,1.426168,Normalverkauf
S1000084.59933,SP1000084.36.59933,SY1000084.2026.59933,iPad1(1000084),84,12.06.26 19:07,Prod,A1000084.7138,Tisch 12,104,S1000084.59933,SALE,1,5.5,5.5,0.0,0.0,0.0,0.0,111,Pommes Frites,Beilagen,,MwSt. 7%,1.07,5.140187,0.359813,Normalverkauf
S1000084.59934,SP1000084.36.59934,SY1000084.2026.59934,iPad1(1000084),84,12.06.26 19:07,Prod,A1000084.7138,Tisch 12,104,S1000084.59934,SALE,1,3.9,3.9,0.0,0.0,0.0,0.0,119,Cola,Getränke,,MwSt. 19%,1.19,3.277311,0.622689,Normalverkauf
S1000084.59935,SP1000084.36.59935,SY1000084.2026.59935,iPad1(1000084),84,12.06.26 20:07,Prod,A1000084.7139,Tisch 9,108,S1000084.59935,SALE,2,3.9,7.8,0.0,0.0,0.0,0.0,124,Cola Zero,Getränke,,MwSt. 19%,1.19,6.554622,1.245378,Normalverkauf
S1000084.59936,SP1000084.36.59936,SY1000084.2026.59936,iPad1(1000084),84,12.06.26 16:13,Prod,A1000084.7140,,112,S1000084.59936,SALE,1,5.5,5.5,0.0,0.0,0.0,0.0,114,Fisch Nuggets Box,Beilagen,,MwSt. 7%,1.07,5.140187,0.359813,Normalverkauf
S1000084.59937,SP1000084.36.59937,SY1000084.2026.59937,iPad1(1000084),84,12.06.26 10:28,Prod,A1000084.7141,Tisch 12,107,S1000084.59937,SALE,2,14.5,29.0,0.0,0.0,0.0,0.0,101,Lachs,Hauptspeisen,,MwSt. 7%,1.07,27.102804,1.897196,Normalverkauf
S1000084.59938,SP1000084.36.59938,SY1000084.2026.59938,iPad1(1000084),84,12.06.26 10:28,Prod,A1000084.7141,Tisch 12,107,S1000084.59938,SALE,2,5.9,11.8,0.0,0.0,0.0,0.0,123,Inger-Limonade,Getränke,,MwSt. 19%,1.19,9.915966,1.884034,Normalverkauf
S1000084.59939,SP1000084.36.59939,SY1000084.2026.59939,iPad1(1000084),84,12.06.26 10:28,Prod,A1000084.7141,Tisch 12,107,S1000084.59939,SALE,1,5.5,5.5,0.0,0.0,0.0,0.0,111,Pommes Frites,Beilagen,,MwSt. 7%,1.07,5.140187,0.359813,Normalverkauf
S1000084.59940,SP1000084.36.59940,SY1000084.2026.59940,iPad1(1000084),84,12.06.26 19:41,Prod,A1000084.7142,Tisch 20,104,S1000084.59940,SALE,2,3.9,7.8,0.0,0.0,0.0,0.0,119,Cola,Getränke,,MwSt. 19%,1.19,6.554622,1.245378,Normalverkauf
S1000084.59941,SP1000084.36.59941,SY1000084.2026.59941,iPad1(1000084),84,12.06.26 19:47,Prod,A1000084.7143,Tisch 12,104,S1000084.59941,SALE,1,10.9,10.9,0.0,0.0,0.0,0.0,107,Chicken Burger,Hauptgerichte,,MwSt. 7%,1.07,10.186916,0.713084,Normalverkauf
S1000084.59942,SP1000084.36.59942,SY1000084.2026.59942,iPad1(1000084),84,12.06.26 19:47,Prod,A1000084.7143,Tisch 12,104,S1000084.59942,SALE,2,6.9,13.8,0.0,0.0,0.0,0.0,103,Fischbrötchen Räucherlachs,Hauptspeisen,,MwSt. 7%,1.07,12.897196,0.902804,Normalverkauf
S1000084.59943,SP1000084.36.59943,SY1000084.2026.59943,iPad1(1000084),84,12.06.26 19:47,Prod,A1000084.7143,Tisch 12,104,S1000084.59943,SALE,2,5.9,11.8,0.0,0.0,0.0,0.0,116,Vanillequark,Desserts,,MwSt. 7%,1.07,11.028037,0.771963,Normalverkauf
S1000084.59944,SP1000084.36.59944,SY1000084.2026.59944,iPad1(1000084),84,12.06.26 20:08,Prod,A1000084.7144,Tisch 15,104,S1000084.59944,SALE,2,3.9,7.8,0.0,0.0,0.0,0.0,127,Alkoholfreies Bier,Getränke,,MwSt. 19%,1.19,6.554622,1.245378,Normalverkauf
S1000084.59945,SP1000084.36.59945,SY1000084.2026.59945,iPad1(1000084),84,12.06.26 20:08,Prod,A1000084.7144,Tisch 15,104,S1000084.59945,SALE,2,5.9,11.8,0.0,0.0,0.0,0.0,125,Zitronen-Limonade,Getränke,,MwSt. 19%,1.19,9.915966,1.884034,Normalverkauf
S1000084.59946,SP1000084.36.59946,SY1000084.2026.59946,iPad1(1000084),84,12.06.26 20:08,Prod,A1000084.7144,Tisch 15,104,S1000084.59946,SALE,2,5.9,11.8,0.0,0.0,0.0,0.0,123,Inger-Limonade,Getränke,,MwSt. 19%,1.19,9.915966,1.884034,Normalverkauf
S1000084.59947,SP1000084.36.59947,SY1000084.2026.59947,iPad1(1000084),84,12.06.26 11:07,Prod,A1000084.7145,Tisch 8,102,S1000084.59947,SALE,1,7.9,7.9,0.0,0.0,0.0,0.0,115,Tiramisu,Desserts,,MwSt. 7%,1.07,7.383178,0.516822,Normalverkauf
S1000084.59948,SP1000084.36.59948,SY1000084.2026.59948,iPad1(1000084),84,12.06.26 11:07,Prod,A1000084.7145,Tisch 8,102,S1000084.59948,SALE,1,6.9,6.9,0.0,0.0,0.0,0.0,113,Garnelen Box,Beilagen,,MwSt. 7%,1.07,6.448598,0.451402,Normalverkauf
S1000084.59949,SP1000084.36.59949,SY1000084.2026.59949,iPad1(1000084),84,12.06.26 11:07,Prod,A1000084.7145,Tisch 8,102,S1000084.59949,SALE,2,3.2,6.4,0.0,0.0,0.0,0.0,120,Apfelschorle,Getränke,,MwSt. 19%,1.19,5.378151,1.021849,Normalverkauf
S1000084.59950,SP1000084.36.59950,SY1000084.2026.59950,iPad1(1000084),84,12.06.26 13:19,Prod,A1000084.7146,Tisch 13,108,S1000084.59950,SALE,2,10.9,21.8,0.0,0.0,0.0,0.0,107,Chicken Burger,Hauptgerichte,,MwSt. 7%,1.07,20.373832,1.426168,Normalverkauf
S1000084.59951,SP1000084.36.59951,SY1000084.2026.59951,iPad1(1000084),84,12.06.26 13:19,Prod,A1000084.7146,Tisch 13,108,S1000084.59951,SALE,1,5.5,5.5,0.0,0.0,0.0,0.0,111,Pommes Frites,Beilagen,,MwSt. 7%,1.07,5.140187,0.359813,Normalverkauf
S1000084.59952,SP1000084.36.59952,SY1000084.2026.59952,iPad1(1000084),84,12.06.26 13:03,Prod,A1000084.7147,Tisch 4,112,S1000084.59952,SALE,2,3.9,7.8,0.0,0.0,0.0,0.0,126,Spezi,Getränke,,MwSt. 19%,1.19,6.554622,1.245378,Normalverkauf
S1000084.59953,SP1000084.36.59953,SY1000084.2026.59953,iPad1(1000084),84,12.06.26 13:03,Prod,A1000084.7147,Tisch 4,112,S1000084.59953,SALE,1,5.9,5.9,0.0,0.0,0.0,0.0,116,Vanillequark,Desserts,,MwSt. 7%,1.07,5.514019,0.385981,Normalverkauf
S1000084.59954,SP1000084.36.59954,SY1000084.2026.59954,iPad1(1000084),84,12.06.26 13:03,Prod,A1000084.7147,Tisch 4,112,S1000084.59954,SALE,1,5.9,5.9,0.0,0.0,0.0,0.0,116,Vanillequark,Desserts,,MwSt. 7%,1.07,5.514019,0.385981,Normalverkauf
S1000084.59955,SP1000084.36.59955,SY1000084.2026.59955,iPad1(1000084),84,12.06.26 19:29,Prod,A1000084.7148,Tisch 20,107,S1000084.59955,SALE,1,10.9,10.9,0.0,0.0,0.0,0.0,104,Thunfisch Wrap,Hauptgerichte,,MwSt. 7%,1.07,10.186916,0.713084,Normalverkauf
S1000084.59956,SP1000084.36.59956,SY1000084.2026.59956,iPad1(1000084),84,12.06.26 17:33,Prod,A1000084.7149,Tisch 17,102,S1000084.59956,SALE,2,3.9,7.8,0.0,0.0,0.0,0.0,127,Alkoholfreies Bier,Getränke,,MwSt. 19%,1.19,6.554622,1.245378,Normalverkauf
S1000084.59957,SP1000084.36.59957,SY1000084.2026.59957,iPad1(1000084),84,12.06.26 17:33,Prod,A1000084.7149,Tisch 17,102,S1000084.59957,SALE,2,10.9,21.8,0.0,0.0,0.0,0.0,109,Bismarck-Baguette,Hauptgerichte,,MwSt. 7%,1.07,20.373832,1.426168,Normalverkauf
S1000084.59958,SP1000084.36.59958,SY1000084.2026.59958,iPad1(1000084),84,12.06.26 17:33,Prod,A1000084.7149,Tisch 17,102,S1000084.59958,SALE,1,10.9,10.9,0.0,0.0,0.0,0.0,104,Thunfisch Wrap,Hauptgerichte,,MwSt. 7%,1.07,10.186916,0.713084,Normalverkauf
S1000084.59959,SP1000084.36.59959,SY1000084.2026.59959,iPad1(1000084),84,12.06.26 14:09,Prod,A1000084.7150,Tisch 12,104,S1000084.59959,SALE,1,4.2,4.2,0.0,0.0,0.0,0.0,122,Bier,Getränke,,MwSt. 19%,1.19,3.529412,0.670588,Normalverkauf
S1000084.59960,SP1000084.36.59960,SY1000084.2026.59960,iPad1(1000084),84,12.06.26 14:24,Prod,A1000084.7151,,112,S1000084.59960,VOID,1,11.5,11.5,0.0,0.0,0.0,0.0,105,Garnelen-Kimchi-Bruger,Hauptgerichte,,MwSt. 7%,1.07,10.747664,0.752336,Normalverkauf
S1000084.59961,SP1000084.36.59961,SY1000084.2026.59961,iPad1(1000084),84,12.06.26 14:24,Prod,A1000084.7151,,112,S1000084.59961,VOID,2,10.9,21.8,0.0,0.0,0.0,0.0,109,Bismarck-Baguette,Hauptgerichte,,MwSt. 7%,1.07,20.373832,1.426168,Normalverkauf
S1000084.59962,SP1000084.36.59962,SY1000084.2026.59962,iPad1(1000084),84,12.06.26 18:56,Prod,A1000084.7152,Tisch 7,107,S1000084.59962,VOID,1,3.2,3.2,0.0,0.0,0.0,0.0,120,Apfelschorle,Getränke,,MwSt. 19%,1.19,2.689076,0.510924,Normalverkauf
S1000084.59963,SP1000084.36.59963,SY1000084.2026.59963,iPad1(1000084),84,12.06.26 10:15,Prod,A1000084.7153,Tisch 17,102,S1000084.59963,VOID,2,14.5,29.0,0.0,0.0,0.0,0.0,101,Lachs,Hauptspeisen,,MwSt. 7%,1.07,27.102804,1.897196,Normalverkauf
S1000084.59964,SP1000084.36.59964,SY1000084.2026.59964,iPad1(1000084),84,12.06.26 18:05,Prod,A1000084.7154,Tisch 15,112,S1000084.59964,SALE,2,10.9,21.8,0.0,0.0,0.0,0.0,109,Bismarck-Baguette,Hauptgerichte,,MwSt. 7%,1.07,20.373832,1.426168,Normalverkauf
S1000084.59965,SP1000084.36.59965,SY1000084.2026.59965,iPad1(1000084),84,12.06.26 18:05,Prod,A1000084.7154,Tisch 15,112,S1000084.59965,SALE,2,3.9,7.8,0.0,0.0,0.0,0.0,127,Alkoholfreies Bier,Getränke,,MwSt. 19%,1.19,6.554622,1.245378,Normalverkauf
S1000084.59966,SP1000084.36.59966,SY1000084.2026.59966,iPad1(1000084),84,12.06.26 11:15,Prod,A1000084.7155,Tisch 12,104,S1000084.59966,SALE,1,3.2,3.2,0.0,0.0,0.0,0.0,120,Apfelschorle,Getränke,,MwSt. 19%,1.19,2.689076,0.510924,Normalverkauf
S1000084.59967,SP1000084.36.59967,SY1000084.2026.59967,iPad1(1000084),84,12.06.26 11:15,Prod,A1000084.7155,Tisch 12,104,S1000084.59967,SALE,2,6.9,13.8,0.0,0.0,0.0,0.0,103,Fischbrötchen Räucherlachs,Hauptspeisen,,MwSt. 7%,1.07,12.897196,0.902804,Normalverkauf
S1000084.59968,SP1000084.36.59968,SY1000084.2026.59968,iPad1(1000084),84,12.06.26 11:15,Prod,A1000084.7155,Tisch 12,104,S1000084.59968,SALE,1,5.9,5.9,0.0,0.0,0.0,0.0,117,Rote Grütze,Desserts,,MwSt. 7%,1.07,5.514019,0.385981,Normalverkauf
S1000084.59969,SP1000084.36.59969,SY1000084.2026.59969,iPad1(1000084),84,12.06.26 12:30,Prod,A1000084.7156,Tisch 22,108,S1000084.59969,SALE,2,10.9,21.8,0.0,0.0,0.0,0.0,104,Thunfisch Wrap,Hauptgerichte,,MwSt. 7%,1.07,20.373832,1.426168,Normalverkauf
S1000084.59970,SP1000084.36.59970,SY1000084.2026.59970,iPad1(1000084),84,12.06.26 11:16,Prod,A1000084.7157,Tisch 13,102,S1000084.59970,SALE,1,2.8,2.8,0.0,0.0,0.0,0.0,121,Mineralwasser,Getränke,,MwSt. 19%,1.19,2.352941,0.447059,Normalverkauf
S1000084.59971,SP1000084.36.59971,SY1000084.2026.59971,iPad1(1000084),84,12.06.26 13:33,Prod,A1000084.7158,,102,S1000084.59971,SALE,2,3.9,7.8,0.0,0.0,0.0,0.0,126,Spezi,Getränke,,MwSt. 19%,1.19,6.554622,1.245378,Normalverkauf
S1000084.59972,SP1000084.36.59972,SY1000084.2026.59972,iPad1(1000084),84,12.06.26 13:33,Prod,A1000084.7158,,102,S1000084.59972,SALE,2,10.9,21.8,0.0,0.0,0.0,0.0,107,Chicken Burger,Hauptgerichte,,MwSt. 7%,1.07,20.373832,1.426168,Normalverkauf
S1000084.59973,SP1000084.36.59973,SY1000084.2026.59973,iPad1(1000084),84,13.06.26 19:15,Prod,A1000084.7159,Tisch 1,112,S1000084.59973,SALE,2,11.9,23.8,0.0,0.0,0.0,0.0,110,Matjes-Baguette,Hauptgerichte,,MwSt. 7%,1.07,22.242991,1.557009,Normalverkauf
S1000084.59974,SP1000084.36.59974,SY1000084.2026.59974,iPad1(1000084),84,13.06.26 19:15,Prod,A1000084.7159,Tisch 1,112,S1000084.59974,SALE,2,10.9,21.8,0.0,0.0,0.0,0.0,107,Chicken Burger,Hauptgerichte,,MwSt. 7%,1.07,20.373832,1.426168,Normalverkauf
S1000084.59975,SP1000084.36.59975,SY1000084.2026.59975,iPad1(1000084),84,13.06.26 19:15,Prod,A1000084.7159,Tisch 1,112,S1000084.59975,SALE,1,11.9,11.9,0.0,0.0,0.0,0.0,110,Matjes-Baguette,Hauptgerichte,,MwSt. 7%,1.07,11.121495,0.778505,Normalverkauf
S1000084.59976,SP1000084.36.59976,SY1000084.2026.59976,iPad1(1000084),84,13.06.26 10:06,Prod,A1000084.7160,Tisch 1,112,S1000084.59976,SALE,2,5.9,11.8,0.0,0.0,0.0,0.0,123,Inger-Limonade,Getränke,,MwSt. 19%,1.19,9.915966,1.884034,Normalverkauf
S1000084.59977,SP1000084.36.59977,SY1000084.2026.59977,iPad1(1000084),84,13.06.26 10:06,Prod,A1000084.7160,Tisch 1,112,S1000084.59977,SALE,1,3.9,3.9,0.0,0.0,0.0,0.0,126,Spezi,Getränke,,MwSt. 19%,1.19,3.277311,0.622689,Normalverkauf
S1000084.59978,SP1000084.36.59978,SY1000084.2026.59978,iPad1(1000084),84,13.06.26 10:28,Prod,A1000084.7161,Tisch 10,107,S1000084.59978,SALE,2,6.9,13.8,0.0,0.0,0.0,0.0,103,Fischbrötchen Räucherlachs,Hauptspeisen,,MwSt. 7%,1.07,12.897196,0.902804,Normalverkauf
S1000084.59979,SP1000084.36.59979,SY1000084.2026.59979,iPad1(1000084),84,13.06.26 10:28,Prod,A1000084.7161,Tisch 10,107,S1000084.59979,SALE,2,14.5,29.0,0.0,0.0,0.0,0.0,101,Lachs,Hauptspeisen,,MwSt. 7%,1.07,27.102804,1.897196,Normalverkauf
S1000084.59980,SP1000084.36.59980,SY1000084.2026.59980,iPad1(1000084),84,13.06.26 19:15,Prod,A1000084.7162,Tisch 5,112,S1000084.59980,VOID,1,6.9,6.9,0.0,0.0,0.0,0.0,103,Fischbrötchen Räucherlachs,Hauptspeisen,,MwSt. 7%,1.07,6.448598,0.451402,Normalverkauf
S1000084.59981,SP1000084.36.59981,SY1000084.2026.59981,iPad1(1000084),84,13.06.26 19:33,Prod,A1000084.7163,Tisch 11,107,S1000084.59981,SALE,2,3.9,7.8,0.0,0.0,0.0,0.0,119,Cola,Getränke,,MwSt. 19%,1.19,6.554622,1.245378,Normalverkauf
S1000084.59982,SP1000084.36.59982,SY1000084.2026.59982,iPad1(1000084),84,13.06.26 19:33,Prod,A1000084.7163,Tisch 11,107,S1000084.59982,SALE,1,9.8,9.8,0.0,0.0,0.0,0.0,108,Seelachs-Ei-Baugette,Hauptgerichte,,MwSt. 7%,1.07,9.158879,0.641121,Normalverkauf
S1000084.59983,SP1000084.36.59983,SY1000084.2026.59983,iPad1(1000084),84,13.06.26 20:19,Prod,A1000084.7164,Tisch 4,104,S1000084.59983,SALE,1,9.8,9.8,0.0,0.0,0.0,0.0,108,Seelachs-Ei-Baugette,Hauptgerichte,,MwSt. 7%,1.07,9.158879,0.641121,Normalverkauf
S1000084.59984,SP1000084.36.59984,SY1000084.2026.59984,iPad1(1000084),84,13.06.26 20:19,Prod,A1000084.7164,Tisch 4,104,S1000084.59984,SALE,2,5.5,11.0,0.0,0.0,0.0,0.0,111,Pommes Frites,Beilagen,,MwSt. 7%,1.07,10.280374,0.719626,Normalverkauf
S1000084.59985,SP1000084.36.59985,SY1000084.2026.59985,iPad1(1000084),84,13.06.26 09:14,Prod,A1000084.7165,Tisch 7,112,S1000084.59985,SALE,2,5.5,11.0,0.0,0.0,0.0,0.0,111,Pommes Frites,Beilagen,,MwSt. 7%,1.07,10.280374,0.719626,Normalverkauf
S1000084.59986,SP1000084.36.59986,SY1000084.2026.59986,iPad1(1000084),84,13.06.26 16:35,Prod,A1000084.7166,Tisch 13,104,S1000084.59986,SALE,2,11.5,23.0,0.0,0.0,0.0,0.0,105,Garnelen-Kimchi-Bruger,Hauptgerichte,,MwSt. 7%,1.07,21.495327,1.504673,Normalverkauf
S1000084.59987,SP1000084.36.59987,SY1000084.2026.59987,iPad1(1000084),84,13.06.26 16:35,Prod,A1000084.7166,Tisch 13,104,S1000084.59987,SALE,2,9.8,19.6,0.0,0.0,0.0,0.0,108,Seelachs-Ei-Baugette,Hauptgerichte,,MwSt. 7%,1.07,18.317757,1.282243,Normalverkauf
S1000084.59988,SP1000084.36.59988,SY1000084.2026.59988,iPad1(1000084),84,13.06.26 18:31,Prod,A1000084.7167,Tisch 6,104,S1000084.59988,VOID,2,10.9,21.8,0.0,0.0,0.0,0.0,109,Bismarck-Baguette,Hauptgerichte,,MwSt. 7%,1.07,20.373832,1.426168,Normalverkauf
S1000084.59989,SP1000084.36.59989,SY1000084.2026.59989,iPad1(1000084),84,13.06.26 18:31,Prod,A1000084.7167,Tisch 6,104,S1000084.59989,VOID,2,10.9,21.8,0.0,0.0,0.0,0.0,107,Chicken Burger,Hauptgerichte,,MwSt. 7%,1.07,20.373832,1.426168,Normalverkauf
S1000084.59990,SP1000084.36.59990,SY1000084.2026.59990,iPad1(1000084),84,13.06.26 18:31,Prod,A1000084.7167,Tisch 6,104,S1000084.59990,VOID,2,10.9,21.8,0.0,0.0,0.0,0.0,104,Thunfisch Wrap,Hauptgerichte,,MwSt. 7%,1.07,20.373832,1.426168,Normalverkauf
S1000084.59991,SP1000084.36.59991,SY1000084.2026.59991,iPad1(1000084),84,13.06.26 11:57,Prod,A1000084.7168,Tisch 13,104,S1000084.59991,SALE,2,4.9,9.8,0.0,0.0,0.0,0.0,112,Kartoffelwedges,Beilagen,,MwSt. 7%,1.07,9.158879,0.641121,Normalverkauf
S1000084.59992,SP1000084.36.59992,SY1000084.2026.59992,iPad1(1000084),84,13.06.26 11:57,Prod,A1000084.7168,Tisch 13,104,S1000084.59992,SALE,2,4.2,8.4,0.0,0.0,0.0,0.0,122,Bier,Getränke,,MwSt. 19%,1.19,7.058824,1.341176,Normalverkauf
S1000084.59993,SP1000084.36.59993,SY1000084.2026.59993,iPad1(1000084),84,13.06.26 17:19,Prod,A1000084.7169,Tisch 23,112,S1000084.59993,SALE,1,7.9,7.9,0.0,0.0,0.0,0.0,115,Tiramisu,Desserts,,MwSt. 7%,1.07,7.383178,0.516822,Normalverkauf
S1000084.59994,SP1000084.36.59994,SY1000084.2026.59994,iPad1(1000084),84,13.06.26 16:21,Prod,A1000084.7170,Tisch 23,104,S1000084.59994,VOID,2,3.9,7.8,0.0,0.0,0.0,0.0,119,Cola,Getränke,,MwSt. 19%,1.19,6.554622,1.245378,Normalverkauf
S1000084.59995,SP1000084.36.59995,SY1000084.2026.59995,iPad1(1000084),84,13.06.26 16:12,Prod,A1000084.7171,Tisch 24,108,S1000084.59995,VOID,1,4.9,4.9,0.0,0.0,0.0,0.0,112,Kartoffelwedges,Beilagen,,MwSt. 7%,1.07,4.579439,0.320561,Normalverkauf
S1000084.59996,SP1000084.36.59996,SY1000084.2026.59996,iPad1(1000084),84,13.06.26 16:12,Prod,A1000084.7171,Tisch 24,108,S1000084.59996,VOID,1,3.9,3.9,0.0,0.0,0.0,0.0,126,Spezi,Getränke,,MwSt. 19%,1.19,3.277311,0.622689,Normalverkauf
S1000084.59997,SP1000084.36.59997,SY1000084.2026.59997,iPad1(1000084),84,13.06.26 12:20,Prod,A1000084.7172,Tisch 11,112,S1000084.59997,SALE,1,6.5,6.5,0.0,0.0,0.0,0.0,118,Schokokuchen,Desserts,,MwSt. 7%,1.07,6.074766,0.425234,Normalverkauf
S1000084.59998,SP1000084.36.59998,SY1000084.2026.59998,iPad1(1000084),84,13.06.26 12:20,Prod,A1000084.7172,Tisch 11,112,S1000084.59998,SALE,1,5.9,5.9,0.0,0.0,0.0,0.0,125,Zitronen-Limonade,Getränke,,MwSt. 19%,1.19,4.957983,0.942017,Normalverkauf
S1000084.59999,SP1000084.36.59999,SY1000084.2026.59999,iPad1(1000084),84,13.06.26 19:29,Prod,A1000084.7173,Tisch 9,112,S1000084.59999,SALE,2,4.9,9.8,0.0,0.0,0.0,0.0,112,Kartoffelwedges,Beilagen,,MwSt. 7%,1.07,9.158879,0.641121,Normalverkauf
S1000084.60000,SP1000084.36.60000,SY1000084.2026.60000,iPad1(1000084),84,13.06.26 17:46,Prod,A1000084.7174,Tisch 6,102,S1000084.60000,SALE,1,4.2,4.2,0.0,0.0,0.0,0.0,122,Bier,Getränke,,MwSt. 19%,1.19,3.529412,0.670588,Normalverkauf
S1000084.60001,SP1000084.36.60001,SY1000084.2026.60001,iPad1(1000084),84,13.06.26 17:46,Prod,A1000084.7174,Tisch 6,102,S1000084.60001,SALE,1,5.5,5.5,0.0,0.0,0.0,0.0,114,Fisch Nuggets Box,Beilagen,,MwSt. 7%,1.07,5.140187,0.359813,Normalverkauf
S1000084.60002,SP1000084.36.60002,SY1000084.2026.60002,iPad1(1000084),84,13.06.26 17:46,Prod,A1000084.7174,Tisch 6,102,S1000084.60002,SALE,2,2.8,5.6,0.0,0.0,0.0,0.0,121,Mineralwasser,Getränke,,MwSt. 19%,1.19,4.705882,0.894118,Normalverkauf
S1000084.60003,SP1000084.36.60003,SY1000084.2026.60003,iPad1(1000084),84,13.06.26 17:27,Prod,A1000084.7175,Tisch 17,108,S1000084.60003,SALE,1,14.5,14.5,0.0,0.0,0.0,0.0,101,Lachs,Hauptspeisen,,MwSt. 7%,1.07,13.551402,0.948598,Normalverkauf
S1000084.60004,SP1000084.36.60004,SY1000084.2026.60004,iPad1(1000084),84,13.06.26 17:27,Prod,A1000084.7175,Tisch 17,108,S1000084.60004,SALE,1,2.8,2.8,0.0,0.0,0.0,0.0,121,Mineralwasser,Getränke,,MwSt. 19%,1.19,2.352941,0.447059,Normalverkauf
S1000084.60005,SP1000084.36.60005,SY1000084.2026.60005,iPad1(1000084),84,13.06.26 11:37,Prod,A1000084.7176,Tisch 24,102,S1000084.60005,SALE,2,4.2,8.4,0.0,0.0,0.0,0.0,122,Bier,Getränke,,MwSt. 19%,1.19,7.058824,1.341176,Normalverkauf
S1000084.60006,SP1000084.36.60006,SY1000084.2026.60006,iPad1(1000084),84,13.06.26 11:37,Prod,A1000084.7176,Tisch 24,102,S1000084.60006,SALE,1,10.9,10.9,0.0,0.0,0.0,0.0,107,Chicken Burger,Hauptgerichte,,MwSt. 7%,1.07,10.186916,0.713084,Normalverkauf
S1000084.60007,SP1000084.36.60007,SY1000084.2026.60007,iPad1(1000084),84,13.06.26 13:57,Prod,A1000084.7177,Tisch 21,112,S1000084.60007,SALE,2,14.5,29.0,0.0,0.0,0.0,0.0,101,Lachs,Hauptspeisen,,MwSt. 7%,1.07,27.102804,1.897196,Normalverkauf
S1000084.60008,SP1000084.36.60008,SY1000084.2026.60008,iPad1(1000084),84,13.06.26 17:55,Prod,A1000084.7178,Tisch 12,108,S1000084.60008,SALE,2,2.8,5.6,0.0,0.0,0.0,0.0,121,Mineralwasser,Getränke,,MwSt. 19%,1.19,4.705882,0.894118,Normalverkauf
S1000084.60009,SP1000084.36.60009,SY1000084.2026.60009,iPad1(1000084),84,13.06.26 17:55,Prod,A1000084.7178,Tisch 12,108,S1000084.60009,SALE,2,11.5,23.0,0.0,0.0,0.0,0.0,105,Garnelen-Kimchi-Bruger,Hauptgerichte,,MwSt. 7%,1.07,21.495327,1.504673,Normalverkauf
S1000084.60010,SP1000084.36.60010,SY1000084.2026.60010,iPad1(1000084),84,13.06.26 11:37,Prod,A1000084.7179,Tisch 10,104,S1000084.60010,SALE,1,10.9,10.9,0.0,0.0,0.0,0.0,109,Bismarck-Baguette,Hauptgerichte,,MwSt. 7%,1.07,10.186916,0.713084,Normalverkauf
S1000084.60011,SP1000084.36.60011,SY1000084.2026.60011,iPad1(1000084),84,13.06.26 11:37,Prod,A1000084.7179,Tisch 10,104,S1000084.60011,SALE,1,3.9,3.9,0.0,0.0,0.0,0.0,119,Cola,Getränke,,MwSt. 19%,1.19,3.277311,0.622689,Normalverkauf
S1000084.60012,SP1000084.36.60012,SY1000084.2026.60012,iPad1(1000084),84,13.06.26 20:50,Prod,A1000084.7180,Tisch 16,112,S1000084.60012,SALE,1,10.9,10.9,0.0,0.0,0.0,0.0,107,Chicken Burger,Hauptgerichte,,MwSt. 7%,1.07,10.186916,0.713084,Normalverkauf
S1000084.60013,SP1000084.36.60013,SY1000084.2026.60013,iPad1(1000084),84,13.06.26 17:00,Prod,A1000084.7181,Tisch 5,112,S1000084.60013,SALE,1,4.2,4.2,0.0,0.0,0.0,0.0,122,Bier,Getränke,,MwSt. 19%,1.19,3.529412,0.670588,Normalverkauf
S1000084.60014,SP1000084.36.60014,SY1000084.2026.60014,iPad1(1000084),84,13.06.26 18:44,Prod,A1000084.7182,Tisch 17,108,S1000084.60014,SALE,2,4.9,9.8,0.0,0.0,0.0,0.0,112,Kartoffelwedges,Beilagen,,MwSt. 7%,1.07,9.158879,0.641121,Normalverkauf
S1000084.60015,SP1000084.36.60015,SY1000084.2026.60015,iPad1(1000084),84,13.06.26 18:44,Prod,A1000084.7182,Tisch 17,108,S1000084.60015,SALE,2,6.5,13.0,0.0,0.0,0.0,0.0,100,Fischbrötchen Backfisch,Hauptspeisen,,MwSt. 7%,1.07,12.149533,0.850467,Normalverkauf
S1000084.60016,SP1000084.36.60016,SY1000084.2026.60016,iPad1(1000084),84,13.06.26 18:44,Prod,A1000084.7182,Tisch 17,108,S1000084.60016,SALE,2,4.2,8.4,0.0,0.0,0.0,0.0,122,Bier,Getränke,,MwSt. 19%,1.19,7.058824,1.341176,Normalverkauf
S1000084.60017,SP1000084.36.60017,SY1000084.2026.60017,iPad1(1000084),84,13.06.26 17:16,Prod,A1000084.7183,Tisch 7,104,S1000084.60017,SALE,2,3.9,7.8,0.0,0.0,0.0,0.0,126,Spezi,Getränke,,MwSt. 19%,1.19,6.554622,1.245378,Normalverkauf
S1000084.60018,SP1000084.36.60018,SY1000084.2026.60018,iPad1(1000084),84,13.06.26 17:16,Prod,A1000084.7183,Tisch 7,104,S1000084.60018,SALE,1,5.5,5.5,0.0,0.0,0.0,0.0,114,Fisch Nuggets Box,Beilagen,,MwSt. 7%,1.07,5.140187,0.359813,Normalverkauf
S1000084.60019,SP1000084.36.60019,SY1000084.2026.60019,iPad1(1000084),84,13.06.26 17:16,Prod,A1000084.7183,Tisch 7,104,S1000084.60019,SALE,2,5.5,11.0,0.0,0.0,0.0,0.0,111,Pommes Frites,Beilagen,,MwSt. 7%,1.07,10.280374,0.719626,Normalverkauf
S1000084.60020,SP1000084.36.60020,SY1000084.2026.60020,iPad1(1000084),84,13.06.26 17:45,Prod,A1000084.7184,Tisch 15,107,S1000084.60020,SALE,1,3.9,3.9,0.0,0.0,0.0,0.0,127,Alkoholfreies Bier,Getränke,,MwSt. 19%,1.19,3.277311,0.622689,Normalverkauf
S1000084.60021,SP1000084.36.60021,SY1000084.2026.60021,iPad1(1000084),84,13.06.26 11:51,Prod,A1000084.7185,Tisch 6,102,S1000084.60021,SALE,2,11.9,23.8,0.0,0.0,0.0,0.0,110,Matjes-Baguette,Hauptgerichte,,MwSt. 7%,1.07,22.242991,1.557009,Normalverkauf
S1000084.60022,SP1000084.36.60022,SY1000084.2026.60022,iPad1(1000084),84,13.06.26 11:51,Prod,A1000084.7185,Tisch 6,102,S1000084.60022,SALE,1,10.9,10.9,0.0,0.0,0.0,0.0,109,Bismarck-Baguette,Hauptgerichte,,MwSt. 7%,1.07,10.186916,0.713084,Normalverkauf
S1000084.60023,SP1000084.36.60023,SY1000084.2026.60023,iPad1(1000084),84,13.06.26 11:25,Prod,A1000084.7186,Tisch 3,104,S1000084.60023,SALE,2,6.9,13.8,0.0,0.0,0.0,0.0,113,Garnelen Box,Beilagen,,MwSt. 7%,1.07,12.897196,0.902804,Normalverkauf
S1000084.60024,SP1000084.36.60024,SY1000084.2026.60024,iPad1(1000084),84,13.06.26 11:25,Prod,A1000084.7186,Tisch 3,104,S1000084.60024,SALE,1,3.9,3.9,0.0,0.0,0.0,0.0,127,Alkoholfreies Bier,Getränke,,MwSt. 19%,1.19,3.277311,0.622689,Normalverkauf
S1000084.60025,SP1000084.36.60025,SY1000084.2026.60025,iPad1(1000084),84,13.06.26 18:00,Prod,A1000084.7187,Tisch 22,107,S1000084.60025,SALE,2,5.5,11.0,0.0,0.0,0.0,0.0,111,Pommes Frites,Beilagen,,MwSt. 7%,1.07,10.280374,0.719626,Normalverkauf
S1000084.60026,SP1000084.36.60026,SY1000084.2026.60026,iPad1(1000084),84,13.06.26 18:00,Prod,A1000084.7187,Tisch 22,107,S1000084.60026,SALE,2,6.9,13.8,0.0,0.0,0.0,0.0,113,Garnelen Box,Beilagen,,MwSt. 7%,1.07,12.897196,0.902804,Normalverkauf
S1000084.60027,SP1000084.36.60027,SY1000084.2026.60027,iPad1(1000084),84,13.06.26 15:27,Prod,A1000084.7188,Tisch 13,107,S1000084.60027,SALE,2,14.5,29.0,0.0,0.0,0.0,0.0,101,Lachs,Hauptspeisen,,MwSt. 7%,1.07,27.102804,1.897196,Normalverkauf
S1000084.60028,SP1000084.36.60028,SY1000084.2026.60028,iPad1(1000084),84,13.06.26 09:54,Prod,A1000084.7189,Tisch 9,104,S1000084.60028,VOID,2,3.9,7.8,0.0,0.0,0.0,0.0,127,Alkoholfreies Bier,Getränke,,MwSt. 19%,1.19,6.554622,1.245378,Normalverkauf
S1000084.60029,SP1000084.36.60029,SY1000084.2026.60029,iPad1(1000084),84,13.06.26 09:54,Prod,A1000084.7189,Tisch 9,104,S1000084.60029,VOID,1,5.5,5.5,0.0,0.0,0.0,0.0,111,Pommes Frites,Beilagen,,MwSt. 7%,1.07,5.140187,0.359813,Normalverkauf
S1000084.60030,SP1000084.36.60030,SY1000084.2026.60030,iPad1(1000084),84,13.06.26 19:41,Prod,A1000084.7190,Tisch 22,107,S1000084.60030,SALE,1,5.5,5.5,0.0,0.0,0.0,0.0,114,Fisch Nuggets Box,Beilagen,,MwSt. 7%,1.07,5.140187,0.359813,Normalverkauf
S1000084.60031,SP1000084.36.60031,SY1000084.2026.60031,iPad1(1000084),84,13.06.26 19:41,Prod,A1000084.7190,Tisch 22,107,S1000084.60031,SALE,1,6.5,6.5,0.0,0.0,0.0,0.0,100,Fischbrötchen Backfisch,Hauptspeisen,,MwSt. 7%,1.07,6.074766,0.425234,Normalverkauf
S1000084.60032,SP1000084.36.60032,SY1000084.2026.60032,iPad1(1000084),84,13.06.26 20:40,Prod,A1000084.7191,Tisch 24,107,S1000084.60032,SALE,2,6.9,13.8,0.0,0.0,0.0,0.0,103,Fischbrötchen Räucherlachs,Hauptspeisen,,MwSt. 7%,1.07,12.897196,0.902804,Normalverkauf
S1000084.60033,SP1000084.36.60033,SY1000084.2026.60033,iPad1(1000084),84,13.06.26 11:33,Prod,A1000084.7192,Tisch 13,108,S1000084.60033,SALE,2,5.5,11.0,0.0,0.0,0.0,0.0,114,Fisch Nuggets Box,Beilagen,,MwSt. 7%,1.07,10.280374,0.719626,Normalverkauf
S1000084.60034,SP1000084.36.60034,SY1000084.2026.60034,iPad1(1000084),84,13.06.26 11:33,Prod,A1000084.7192,Tisch 13,108,S1000084.60034,SALE,2,4.2,8.4,0.0,0.0,0.0,0.0,122,Bier,Getränke,,MwSt. 19%,1.19,7.058824,1.341176,Normalverkauf
S1000084.60035,SP1000084.36.60035,SY1000084.2026.60035,iPad1(1000084),84,13.06.26 20:56,Prod,A1000084.7193,Tisch 4,104,S1000084.60035,SALE,1,5.9,5.9,0.0,0.0,0.0,0.0,123,Inger-Limonade,Getränke,,MwSt. 19%,1.19,4.957983,0.942017,Normalverkauf
S1000084.60036,SP1000084.36.60036,SY1000084.2026.60036,iPad1(1000084),84,13.06.26 20:56,Prod,A1000084.7193,Tisch 4,104,S1000084.60036,SALE,1,4.2,4.2,0.0,0.0,0.0,0.0,122,Bier,Getränke,,MwSt. 19%,1.19,3.529412,0.670588,Normalverkauf
S1000084.60037,SP1000084.36.60037,SY1000084.2026.60037,iPad1(1000084),84,13.06.26 20:00,Prod,A1000084.7194,Tisch 14,107,S1000084.60037,SALE,2,5.5,11.0,0.0,0.0,0.0,0.0,111,Pommes Frites,Beilagen,,MwSt. 7%,1.07,10.280374,0.719626,Normalverkauf
S1000084.60038,SP1000084.36.60038,SY1000084.2026.60038,iPad1(1000084),84,13.06.26 20:00,Prod,A1000084.7194,Tisch 14,107,S1000084.60038,SALE,1,10.9,10.9,0.0,0.0,0.0,0.0,107,Chicken Burger,Hauptgerichte,,MwSt. 7%,1.07,10.186916,0.713084,Normalverkauf
S1000084.60039,SP1000084.36.60039,SY1000084.2026.60039,iPad1(1000084),84,13.06.26 13:31,Prod,A1000084.7195,Tisch 12,112,S1000084.60039,SALE,2,3.9,7.8,0.0,0.0,0.0,0.0,126,Spezi,Getränke,,MwSt. 19%,1.19,6.554622,1.245378,Normalverkauf
S1000084.60040,SP1000084.36.60040,SY1000084.2026.60040,iPad1(1000084),84,13.06.26 13:31,Prod,A1000084.7195,Tisch 12,112,S1000084.60040,SALE,1,11.9,11.9,0.0,0.0,0.0,0.0,110,Matjes-Baguette,Hauptgerichte,,MwSt. 7%,1.07,11.121495,0.778505,Normalverkauf
S1000084.60041,SP1000084.36.60041,SY1000084.2026.60041,iPad1(1000084),84,13.06.26 13:31,Prod,A1000084.7195,Tisch 12,112,S1000084.60041,SALE,1,5.5,5.5,0.0,0.0,0.0,0.0,111,Pommes Frites,Beilagen,,MwSt. 7%,1.07,5.140187,0.359813,Normalverkauf
S1000084.60042,SP1000084.36.60042,SY1000084.2026.60042,iPad1(1000084),84,13.06.26 12:48,Prod,A1000084.7196,Tisch 7,102,S1000084.60042,SALE,1,5.9,5.9,0.0,0.0,0.0,0.0,117,Rote Grütze,Desserts,,MwSt. 7%,1.07,5.514019,0.385981,Normalverkauf
S1000084.60043,SP1000084.36.60043,SY1000084.2026.60043,iPad1(1000084),84,13.06.26 12:48,Prod,A1000084.7196,Tisch 7,102,S1000084.60043,SALE,2,6.9,13.8,0.0,0.0,0.0,0.0,113,Garnelen Box,Beilagen,,MwSt. 7%,1.07,12.897196,0.902804,Normalverkauf
S1000084.60044,SP1000084.36.60044,SY1000084.2026.60044,iPad1(1000084),84,13.06.26 12:48,Prod,A1000084.7196,Tisch 7,102,S1000084.60044,SALE,1,3.9,3.9,0.0,0.0,0.0,0.0,124,Cola Zero,Getränke,,MwSt. 19%,1.19,3.277311,0.622689,Normalverkauf
S1000084.60045,SP1000084.36.60045,SY1000084.2026.60045,iPad1(1000084),84,13.06.26 10:55,Prod,A1000084.7197,,104,S1000084.60045,SALE,2,11.5,23.0,0.0,0.0,0.0,0.0,105,Garnelen-Kimchi-Bruger,Hauptgerichte,,MwSt. 7%,1.07,21.495327,1.504673,Normalverkauf
S1000084.60046,SP1000084.36.60046,SY1000084.2026.60046,iPad1(1000084),84,13.06.26 10:55,Prod,A1000084.7197,,104,S1000084.60046,SALE,1,10.9,10.9,0.0,0.0,0.0,0.0,104,Thunfisch Wrap,Hauptgerichte,,MwSt. 7%,1.07,10.186916,0.713084,Normalverkauf
S1000084.60047,SP1000084.36.60047,SY1000084.2026.60047,iPad1(1000084),84,13.06.26 10:10,Prod,A1000084.7198,Tisch 13,102,S1000084.60047,SALE,2,6.5,13.0,0.0,0.0,0.0,0.0,118,Schokokuchen,Desserts,,MwSt. 7%,1.07,12.149533,0.850467,Normalverkauf
S1000084.60048,SP1000084.36.60048,SY1000084.2026.60048,iPad1(1000084),84,13.06.26 20:10,Prod,A1000084.7199,Tisch 8,102,S1000084.60048,SALE,1,7.9,7.9,0.0,0.0,0.0,0.0,115,Tiramisu,Desserts,,MwSt. 7%,1.07,7.383178,0.516822,Normalverkauf
S1000084.60049,SP1000084.36.60049,SY1000084.2026.60049,iPad1(1000084),84,13.06.26 20:10,Prod,A1000084.7199,Tisch 8,102,S1000084.60049,SALE,2,10.9,21.8,0.0,0.0,0.0,0.0,104,Thunfisch Wrap,Hauptgerichte,,MwSt. 7%,1.07,20.373832,1.426168,Normalverkauf
S1000084.60050,SP1000084.36.60050,SY1000084.2026.60050,iPad1(1000084),84,13.06.26 18:09,Prod,A1000084.7200,Tisch 18,107,S1000084.60050,SALE,1,10.9,10.9,0.0,0.0,0.0,0.0,107,Chicken Burger,Hauptgerichte,,MwSt. 7%,1.07,10.186916,0.713084,Normalverkauf
S1000084.60051,SP1000084.36.60051,SY1000084.2026.60051,iPad1(1000084),84,13.06.26 18:09,Prod,A1000084.7200,Tisch 18,107,S1000084.60051,SALE,1,7.9,7.9,0.0,0.0,0.0,0.0,115,Tiramisu,Desserts,,MwSt. 7%,1.07,7.383178,0.516822,Normalverkauf
S1000084.60052,SP1000084.36.60052,SY1000084.2026.60052,iPad1(1000084),84,13.06.26 09:47,Prod,A1000084.7201,Tisch 6,107,S1000084.60052,VOID,1,10.9,10.9,0.0,0.0,0.0,0.0,104,Thunfisch Wrap,Hauptgerichte,,MwSt. 7%,1.07,10.186916,0.713084,Normalverkauf
S1000084.60053,SP1000084.36.60053,SY1000084.2026.60053,iPad1(1000084),84,13.06.26 12:10,Prod,A1000084.7202,Tisch 15,104,S1000084.60053,SALE,1,3.9,3.9,0.0,0.0,0.0,0.0,126,Spezi,Getränke,,MwSt. 19%,1.19,3.277311,0.622689,Normalverkauf
S1000084.60054,SP1000084.36.60054,SY1000084.2026.60054,iPad1(1000084),84,13.06.26 11:58,Prod,A1000084.7203,Tisch 19,108,S1000084.60054,SALE,1,4.2,4.2,0.0,0.0,0.0,0.0,122,Bier,Getränke,,MwSt. 19%,1.19,3.529412,0.670588,Normalverkauf
S1000084.60055,SP1000084.36.60055,SY1000084.2026.60055,iPad1(1000084),84,13.06.26 11:58,Prod,A1000084.7203,Tisch 19,108,S1000084.60055,SALE,2,3.9,7.8,0.0,0.0,0.0,0.0,119,Cola,Getränke,,MwSt. 19%,1.19,6.554622,1.245378,Normalverkauf
S1000084.60056,SP1000084.36.60056,SY1000084.2026.60056,iPad1(1000084),84,13.06.26 19:55,Prod,A1000084.7204,Tisch 3,108,S1000084.60056,SALE,1,2.8,2.8,0.0,0.0,0.0,0.0,121,Mineralwasser,Getränke,,MwSt. 19%,1.19,2.352941,0.447059,Normalverkauf
S1000084.60057,SP1000084.36.60057,SY1000084.2026.60057,iPad1(1000084),84,13.06.26 19:55,Prod,A1000084.7204,Tisch 3,108,S1000084.60057,SALE,2,4.2,8.4,0.0,0.0,0.0,0.0,122,Bier,Getränke,,MwSt. 19%,1.19,7.058824,1.341176,Normalverkauf
S1000084.60058,SP1000084.36.60058,SY1000084.2026.60058,iPad1(1000084),84,13.06.26 19:55,Prod,A1000084.7204,Tisch 3,108,S1000084.60058,SALE,2,3.9,7.8,0.0,0.0,0.0,0.0,126,Spezi,Getränke,,MwSt. 19%,1.19,6.554622,1.245378,Normalverkauf
S1000084.60059,SP1000084.36.60059,SY1000084.2026.60059,iPad1(1000084),84,13.06.26 20:28,Prod,A1000084.7205,,112,S1000084.60059,SALE,1,7.9,7.9,0.0,0.0,0.0,0.0,106,Neptun-Ringe,Beilagen,,MwSt. 7%,1.07,7.383178,0.516822,Normalverkauf
S1000084.60060,SP1000084.36.60060,SY1000084.2026.60060,iPad1(1000084),84,13.06.26 20:28,Prod,A1000084.7205,,112,S1000084.60060,SALE,1,3.2,3.2,0.0,0.0,0.0,0.0,120,Apfelschorle,Getränke,,MwSt. 19%,1.19,2.689076,0.510924,Normalverkauf
S1000084.60061,SP1000084.36.60061,SY1000084.2026.60061,iPad1(1000084),84,13.06.26 20:28,Prod,A1000084.7205,,112,S1000084.60061,SALE,2,5.5,11.0,0.0,0.0,0.0,0.0,114,Fisch Nuggets Box,Beilagen,,MwSt. 7%,1.07,10.280374,0.719626,Normalverkauf
S1000084.60062,SP1000084.36.60062,SY1000084.2026.60062,iPad1(1000084),84,13.06.26 16:21,Prod,A1000084.7206,,108,S1000084.60062,SALE,2,4.9,9.8,0.0,0.0,0.0,0.0,112,Kartoffelwedges,Beilagen,,MwSt. 7%,1.07,9.158879,0.641121,Normalverkauf
S1000084.60063,SP1000084.36.60063,SY1000084.2026.60063,iPad1(1000084),84,13.06.26 16:21,Prod,A1000084.7206,,108,S1000084.60063,SALE,2,4.2,8.4,0.0,0.0,0.0,0.0,122,Bier,Getränke,,MwSt. 19%,1.19,7.058824,1.341176,Normalverkauf
S1000084.60064,SP1000084.36.60064,SY1000084.2026.60064,iPad1(1000084),84,13.06.26 11:36,Prod,A1000084.7207,Tisch 7,108,S1000084.60064,SALE,1,3.9,3.9,0.0,0.0,0.0,0.0,126,Spezi,Getränke,,MwSt. 19%,1.19,3.277311,0.622689,Normalverkauf
S1000084.60065,SP1000084.36.60065,SY1000084.2026.60065,iPad1(1000084),84,13.06.26 11:36,Prod,A1000084.7207,Tisch 7,108,S1000084.60065,SALE,2,5.9,11.8,0.0,0.0,0.0,0.0,117,Rote Grütze,Desserts,,MwSt. 7%,1.07,11.028037,0.771963,Normalverkauf
S1000084.60066,SP1000084.36.60066,SY1000084.2026.60066,iPad1(1000084),84,13.06.26 19:15,Prod,A1000084.7208,Tisch 20,102,S1000084.60066,VOID,1,3.9,3.9,0.0,0.0,0.0,0.0,119,Cola,Getränke,,MwSt. 19%,1.19,3.277311,0.622689,Normalverkauf
S1000084.60067,SP1000084.36.60067,SY1000084.2026.60067,iPad1(1000084),84,13.06.26 19:39,Prod,A1000084.7209,Tisch 23,112,S1000084.60067,SALE,1,4.2,4.2,0.0,0.0,0.0,0.0,122,Bier,Getränke,,MwSt. 19%,1.19,3.529412,0.670588,Normalverkauf
S1000084.60068,SP1000084.36.60068,SY1000084.2026.60068,iPad1(1000084),84,13.06.26 12:54,Prod,A1000084.7210,Tisch 16,107,S1000084.60068,SALE,1,4.2,4.2,0.0,0.0,0.0,0.0,122,Bier,Getränke,,MwSt. 19%,1.19,3.529412,0.670588,Normalverkauf
S1000084.60069,SP1000084.36.60069,SY1000084.2026.60069,iPad1(1000084),84,13.06.26 12:54,Prod,A1000084.7210,Tisch 16,107,S1000084.60069,SALE,1,3.9,3.9,0.0,0.0,0.0,0.0,126,Spezi,Getränke,,MwSt. 19%,1.19,3.277311,0.622689,Normalverkauf
S1000084.60070,SP1000084.36.60070,SY1000084.2026.60070,iPad1(1000084),84,13.06.26 12:54,Prod,A1000084.7210,Tisch 16,107,S1000084.60070,SALE,2,2.8,5.6,0.0,0.0,0.0,0.0,121,Mineralwasser,Getränke,,MwSt. 19%,1.19,4.705882,0.894118,Normalverkauf
S1000084.60071,SP1000084.36.60071,SY1000084.2026.60071,iPad1(1000084),84,13.06.26 16:11,Prod,A1000084.7211,,112,S1000084.60071,SALE,2,5.5,11.0,0.0,0.0,0.0,0.0,111,Pommes Frites,Beilagen,,MwSt. 7%,1.07,10.280374,0.719626,Normalverkauf
S1000084.60072,SP1000084.36.60072,SY1000084.2026.60072,iPad1(1000084),84,13.06.26 16:11,Prod,A1000084.7211,,112,S1000084.60072,SALE,2,4.2,8.4,0.0,0.0,0.0,0.0,122,Bier,Getränke,,MwSt. 19%,1.19,7.058824,1.341176,Normalverkauf
S1000084.60073,SP1000084.36.60073,SY1000084.2026.60073,iPad1(1000084),84,13.06.26 10:01,Prod,A1000084.7212,Tisch 18,107,S1000084.60073,SALE,2,7.9,15.8,0.0,0.0,0.0,0.0,106,Neptun-Ringe,Beilagen,,MwSt. 7%,1.07,14.766355,1.033645,Normalverkauf
S1000084.60074,SP1000084.36.60074,SY1000084.2026.60074,iPad1(1000084),84,13.06.26 10:01,Prod,A1000084.7212,Tisch 18,107,S1000084.60074,SALE,1,3.9,3.9,0.0,0.0,0.0,0.0,124,Cola Zero,Getränke,,MwSt. 19%,1.19,3.277311,0.622689,Normalverkauf
S1000084.60075,SP1000084.36.60075,SY1000084.2026.60075,iPad1(1000084),84,13.06.26 10:01,Prod,A1000084.7212,Tisch 18,107,S1000084.60075,SALE,1,6.9,6.9,0.0,0.0,0.0,0.0,103,Fischbrötchen Räucherlachs,Hauptspeisen,,MwSt. 7%,1.07,6.448598,0.451402,Normalverkauf
S1000084.60076,SP1000084.36.60076,SY1000084.2026.60076,iPad1(1000084),84,13.06.26 19:44,Prod,A1000084.7213,Tisch 1,107,S1000084.60076,SALE,1,4.9,4.9,0.0,0.0,0.0,0.0,112,Kartoffelwedges,Beilagen,,MwSt. 7%,1.07,4.579439,0.320561,Normalverkauf
S1000084.60077,SP1000084.36.60077,SY1000084.2026.60077,iPad1(1000084),84,13.06.26 14:36,Prod,A1000084.7214,Tisch 24,108,S1000084.60077,SALE,2,5.5,11.0,0.0,0.0,0.0,0.0,114,Fisch Nuggets Box,Beilagen,,MwSt. 7%,1.07,10.280374,0.719626,Normalverkauf
S1000084.60078,SP1000084.36.60078,SY1000084.2026.60078,iPad1(1000084),84,13.06.26 14:36,Prod,A1000084.7214,Tisch 24,108,S1000084.60078,SALE,2,5.9,11.8,0.0,0.0,0.0,0.0,116,Vanillequark,Desserts,,MwSt. 7%,1.07,11.028037,0.771963,Normalverkauf
S1000084.60079,SP1000084.36.60079,SY1000084.2026.60079,iPad1(1000084),84,13.06.26 08:38,Prod,A1000084.7215,,107,S1000084.60079,SALE,2,6.5,13.0,0.0,0.0,0.0,0.0,100,Fischbrötchen Backfisch,Hauptspeisen,,MwSt. 7%,1.07,12.149533,0.850467,Normalverkauf
S1000084.60080,SP1000084.36.60080,SY1000084.2026.60080,iPad1(1000084),84,13.06.26 08:38,Prod,A1000084.7215,,107,S1000084.60080,SALE,2,3.9,7.8,0.0,0.0,0.0,0.0,119,Cola,Getränke,,MwSt. 19%,1.19,6.554622,1.245378,Normalverkauf
S1000084.60081,SP1000084.36.60081,SY1000084.2026.60081,iPad1(1000084),84,13.06.26 08:38,Prod,A1000084.7215,,107,S1000084.60081,SALE,2,5.5,11.0,0.0,0.0,0.0,0.0,114,Fisch Nuggets Box,Beilagen,,MwSt. 7%,1.07,10.280374,0.719626,Normalverkauf
S1000084.60082,SP1000084.36.60082,SY1000084.2026.60082,iPad1(1000084),84,13.06.26 15:49,Prod,A1000084.7216,Tisch 8,107,S1000084.60082,SALE,1,3.9,3.9,0.0,0.0,0.0,0.0,126,Spezi,Getränke,,MwSt. 19%,1.19,3.277311,0.622689,Normalverkauf
S1000084.60083,SP1000084.36.60083,SY1000084.2026.60083,iPad1(1000084),84,13.06.26 10:03,Prod,A1000084.7217,Tisch 20,107,S1000084.60083,SALE,2,5.5,11.0,0.0,0.0,0.0,0.0,111,Pommes Frites,Beilagen,,MwSt. 7%,1.07,10.280374,0.719626,Normalverkauf
S1000084.60084,SP1000084.36.60084,SY1000084.2026.60084,iPad1(1000084),84,13.06.26 10:03,Prod,A1000084.7217,Tisch 20,107,S1000084.60084,SALE,2,10.9,21.8,0.0,0.0,0.0,0.0,107,Chicken Burger,Hauptgerichte,,MwSt. 7%,1.07,20.373832,1.426168,Normalverkauf
S1000084.60085,SP1000084.36.60085,SY1000084.2026.60085,iPad1(1000084),84,13.06.26 10:03,Prod,A1000084.7217,Tisch 20,107,S1000084.60085,SALE,2,2.8,5.6,0.0,0.0,0.0,0.0,121,Mineralwasser,Getränke,,MwSt. 19%,1.19,4.705882,0.894118,Normalverkauf
S1000084.60086,SP1000084.36.60086,SY1000084.2026.60086,iPad1(1000084),84,13.06.26 11:36,Prod,A1000084.7218,Tisch 12,104,S1000084.60086,SALE,1,3.9,3.9,0.0,0.0,0.0,0.0,119,Cola,Getränke,,MwSt. 19%,1.19,3.277311,0.622689,Normalverkauf
S1000084.60087,SP1000084.36.60087,SY1000084.2026.60087,iPad1(1000084),84,13.06.26 11:36,Prod,A1000084.7218,Tisch 12,104,S1000084.60087,SALE,2,9.8,19.6,0.0,0.0,0.0,0.0,108,Seelachs-Ei-Baugette,Hauptgerichte,,MwSt. 7%,1.07,18.317757,1.282243,Normalverkauf
S1000084.60088,SP1000084.36.60088,SY1000084.2026.60088,iPad1(1000084),84,13.06.26 17:51,Prod,A1000084.7219,Tisch 20,102,S1000084.60088,SALE,1,3.9,3.9,0.0,0.0,0.0,0.0,126,Spezi,Getränke,,MwSt. 19%,1.19,3.277311,0.622689,Normalverkauf
S1000084.60089,SP1000084.36.60089,SY1000084.2026.60089,iPad1(1000084),84,13.06.26 17:51,Prod,A1000084.7219,Tisch 20,102,S1000084.60089,SALE,1,7.9,7.9,0.0,0.0,0.0,0.0,106,Neptun-Ringe,Beilagen,,MwSt. 7%,1.07,7.383178,0.516822,Normalverkauf
S1000084.60090,SP1000084.36.60090,SY1000084.2026.60090,iPad1(1000084),84,13.06.26 19:12,Prod,A1000084.7220,Tisch 11,112,S1000084.60090,VOID,2,5.9,11.8,0.0,0.0,0.0,0.0,116,Vanillequark,Desserts,,MwSt. 7%,1.07,11.028037,0.771963,Normalverkauf
S1000084.60091,SP1000084.36.60091,SY1000084.2026.60091,iPad1(1000084),84,13.06.26 19:12,Prod,A1000084.7220,Tisch 11,112,S1000084.60091,VOID,1,5.5,5.5,0.0,0.0,0.0,0.0,111,Pommes Frites,Beilagen,,MwSt. 7%,1.07,5.140187,0.359813,Normalverkauf
S1000084.60092,SP1000084.36.60092,SY1000084.2026.60092,iPad1(1000084),84,13.06.26 19:12,Prod,A1000084.7220,Tisch 11,112,S1000084.60092,VOID,2,6.9,13.8,0.0,0.0,0.0,0.0,113,Garnelen Box,Beilagen,,MwSt. 7%,1.07,12.897196,0.902804,Normalverkauf
S1000084.60093,SP1000084.36.60093,SY1000084.2026.60093,iPad1(1000084),84,13.06.26 13:22,Prod,A1000084.7221,Tisch 9,104,S1000084.60093,SALE,2,10.9,21.8,0.0,0.0,0.0,0.0,107,Chicken Burger,Hauptgerichte,,MwSt. 7%,1.07,20.373832,1.426168,Normalverkauf
S1000084.60094,SP1000084.36.60094,SY1000084.2026.60094,iPad1(1000084),84,13.06.26 13:22,Prod,A1000084.7221,Tisch 9,104,S1000084.60094,SALE,1,9.8,9.8,0.0,0.0,0.0,0.0,108,Seelachs-Ei-Baugette,Hauptgerichte,,MwSt. 7%,1.07,9.158879,0.641121,Normalverkauf
S1000084.60095,SP1000084.36.60095,SY1000084.2026.60095,iPad1(1000084),84,13.06.26 18:02,Prod,A1000084.7222,Tisch 9,108,S1000084.60095,SALE,1,3.9,3.9,0.0,0.0,0.0,0.0,119,Cola,Getränke,,MwSt. 19%,1.19,3.277311,0.622689,Normalverkauf
S1000084.60096,SP1000084.36.60096,SY1000084.2026.60096,iPad1(1000084),84,13.06.26 18:02,Prod,A1000084.7222,Tisch 9,108,S1000084.60096,SALE,1,3.9,3.9,0.0,0.0,0.0,0.0,127,Alkoholfreies Bier,Getränke,,MwSt. 19%,1.19,3.277311,0.622689,Normalverkauf
S1000084.60097,SP1000084.36.60097,SY1000084.2026.60097,iPad1(1000084),84,13.06.26 18:02,Prod,A1000084.7222,Tisch 9,108,S1000084.60097,SALE,2,3.9,7.8,0.0,0.0,0.0,0.0,119,Cola,Getränke,,MwSt. 19%,1.19,6.554622,1.245378,Normalverkauf
S1000084.60098,SP1000084.36.60098,SY1000084.2026.60098,iPad1(1000084),84,13.06.26 16:14,Prod,A1000084.7223,Tisch 1,107,S1000084.60098,SALE,2,3.9,7.8,0.0,0.0,0.0,0.0,127,Alkoholfreies Bier,Getränke,,MwSt. 19%,1.19,6.554622,1.245378,Normalverkauf
S1000084.60099,SP1000084.36.60099,SY1000084.2026.60099,iPad1(1000084),84,13.06.26 16:14,Prod,A1000084.7223,Tisch 1,107,S1000084.60099,SALE,1,5.9,5.9,0.0,0.0,0.0,0.0,125,Zitronen-Limonade,Getränke,,MwSt. 19%,1.19,4.957983,0.942017,Normalverkauf
S1000084.60100,SP1000084.36.60100,SY1000084.2026.60100,iPad1(1000084),84,13.06.26 17:36,Prod,A1000084.7224,Tisch 4,102,S1000084.60100,SALE,1,5.9,5.9,0.0,0.0,0.0,0.0,116,Vanillequark,Desserts,,MwSt. 7%,1.07,5.514019,0.385981,Normalverkauf
S1000084.60101,SP1000084.36.60101,SY1000084.2026.60101,iPad1(1000084),84,13.06.26 17:36,Prod,A1000084.7224,Tisch 4,102,S1000084.60101,SALE,2,11.5,23.0,0.0,0.0,0.0,0.0,105,Garnelen-Kimchi-Bruger,Hauptgerichte,,MwSt. 7%,1.07,21.495327,1.504673,Normalverkauf
S1000084.60102,SP1000084.36.60102,SY1000084.2026.60102,iPad1(1000084),84,13.06.26 17:37,Prod,A1000084.7225,Tisch 12,104,S1000084.60102,SALE,2,3.2,6.4,0.0,0.0,0.0,0.0,120,Apfelschorle,Getränke,,MwSt. 19%,1.19,5.378151,1.021849,Normalverkauf
S1000084.60103,SP1000084.36.60103,SY1000084.2026.60103,iPad1(1000084),84,13.06.26 19:51,Prod,A1000084.7226,Tisch 10,112,S1000084.60103,SALE,1,5.9,5.9,0.0,0.0,0.0,0.0,125,Zitronen-Limonade,Getränke,,MwSt. 19%,1.19,4.957983,0.942017,Normalverkauf
S1000084.60104,SP1000084.36.60104,SY1000084.2026.60104,iPad1(1000084),84,13.06.26 19:51,Prod,A1000084.7226,Tisch 10,112,S1000084.60104,SALE,1,3.9,3.9,0.0,0.0,0.0,0.0,119,Cola,Getränke,,MwSt. 19%,1.19,3.277311,0.622689,Normalverkauf
S1000084.60105,SP1000084.36.60105,SY1000084.2026.60105,iPad1(1000084),84,13.06.26 20:14,Prod,A1000084.7227,Tisch 17,104,S1000084.60105,SALE,1,6.5,6.5,0.0,0.0,0.0,0.0,100,Fischbrötchen Backfisch,Hauptspeisen,,MwSt. 7%,1.07,6.074766,0.425234,Normalverkauf
S1000084.60106,SP1000084.36.60106,SY1000084.2026.60106,iPad1(1000084),84,13.06.26 18:17,Prod,A1000084.7228,Tisch 13,112,S1000084.60106,SALE,2,10.9,21.8,0.0,0.0,0.0,0.0,107,Chicken Burger,Hauptgerichte,,MwSt. 7%,1.07,20.373832,1.426168,Normalverkauf
S1000084.60107,SP1000084.36.60107,SY1000084.2026.60107,iPad1(1000084),84,13.06.26 18:16,Prod,A1000084.7229,Tisch 4,107,S1000084.60107,SALE,1,3.9,3.9,0.0,0.0,0.0,0.0,126,Spezi,Getränke,,MwSt. 19%,1.19,3.277311,0.622689,Normalverkauf
S1000084.60108,SP1000084.36.60108,SY1000084.2026.60108,iPad1(1000084),84,13.06.26 11:23,Prod,A1000084.7230,Tisch 15,112,S1000084.60108,SALE,2,11.5,23.0,0.0,0.0,0.0,0.0,105,Garnelen-Kimchi-Bruger,Hauptgerichte,,MwSt. 7%,1.07,21.495327,1.504673,Normalverkauf
S1000084.60109,SP1000084.36.60109,SY1000084.2026.60109,iPad1(1000084),84,13.06.26 11:23,Prod,A1000084.7230,Tisch 15,112,S1000084.60109,SALE,2,5.9,11.8,0.0,0.0,0.0,0.0,125,Zitronen-Limonade,Getränke,,MwSt. 19%,1.19,9.915966,1.884034,Normalverkauf
S1000084.60110,SP1000084.36.60110,SY1000084.2026.60110,iPad1(1000084),84,13.06.26 12:06,Prod,A1000084.7231,Tisch 23,104,S1000084.60110,SALE,1,3.2,3.2,0.0,0.0,0.0,0.0,120,Apfelschorle,Getränke,,MwSt. 19%,1.19,2.689076,0.510924,Normalverkauf
S1000084.60111,SP1000084.36.60111,SY1000084.2026.60111,iPad1(1000084),84,13.06.26 19:30,Prod,A1000084.7232,Tisch 12,104,S1000084.60111,SALE,1,6.9,6.9,0.0,0.0,0.0,0.0,103,Fischbrötchen Räucherlachs,Hauptspeisen,,MwSt. 7%,1.07,6.448598,0.451402,Normalverkauf
S1000084.60112,SP1000084.36.60112,SY1000084.2026.60112,iPad1(1000084),84,13.06.26 19:30,Prod,A1000084.7232,Tisch 12,104,S1000084.60112,SALE,2,3.9,7.8,0.0,0.0,0.0,0.0,126,Spezi,Getränke,,MwSt. 19%,1.19,6.554622,1.245378,Normalverkauf
S1000084.60113,SP1000084.36.60113,SY1000084.2026.60113,iPad1(1000084),84,13.06.26 20:42,Prod,A1000084.7233,Tisch 24,104,S1000084.60113,SALE,2,6.5,13.0,0.0,0.0,0.0,0.0,100,Fischbrötchen Backfisch,Hauptspeisen,,MwSt. 7%,1.07,12.149533,0.850467,Normalverkauf
S1000084.60114,SP1000084.36.60114,SY1000084.2026.60114,iPad1(1000084),84,13.06.26 20:42,Prod,A1000084.7233,Tisch 24,104,S1000084.60114,SALE,1,5.9,5.9,0.0,0.0,0.0,0.0,117,Rote Grütze,Desserts,,MwSt. 7%,1.07,5.514019,0.385981,Normalverkauf
S1000084.60115,SP1000084.36.60115,SY1000084.2026.60115,iPad1(1000084),84,13.06.26 18:20,Prod,A1000084.7234,Tisch 20,104,S1000084.60115,VOID,2,5.9,11.8,0.0,0.0,0.0,0.0,116,Vanillequark,Desserts,,MwSt. 7%,1.07,11.028037,0.771963,Normalverkauf
S1000084.60116,SP1000084.36.60116,SY1000084.2026.60116,iPad1(1000084),84,13.06.26 18:20,Prod,A1000084.7234,Tisch 20,104,S1000084.60116,VOID,1,6.5,6.5,0.0,0.0,0.0,0.0,100,Fischbrötchen Backfisch,Hauptspeisen,,MwSt. 7%,1.07,6.074766,0.425234,Normalverkauf
S1000084.60117,SP1000084.36.60117,SY1000084.2026.60117,iPad1(1000084),84,13.06.26 13:34,Prod,A1000084.7235,,104,S1000084.60117,SALE,1,10.9,10.9,0.0,0.0,0.0,0.0,104,Thunfisch Wrap,Hauptgerichte,,MwSt. 7%,1.07,10.186916,0.713084,Normalverkauf
S1000084.60118,SP1000084.36.60118,SY1000084.2026.60118,iPad1(1000084),84,13.06.26 20:27,Prod,A1000084.7236,Tisch 9,104,S1000084.60118,SALE,2,3.9,7.8,0.0,0.0,0.0,0.0,119,Cola,Getränke,,MwSt. 19%,1.19,6.554622,1.245378,Normalverkauf
S1000084.60119,SP1000084.36.60119,SY1000084.2026.60119,iPad1(1000084),84,13.06.26 20:27,Prod,A1000084.7236,Tisch 9,104,S1000084.60119,SALE,1,3.9,3.9,0.0,0.0,0.0,0.0,119,Cola,Getränke,,MwSt. 19%,1.19,3.277311,0.622689,Normalverkauf
S1000084.60120,SP1000084.36.60120,SY1000084.2026.60120,iPad1(1000084),84,13.06.26 11:57,Prod,A1000084.7237,Tisch 1,104,S1000084.60120,SALE,1,13.5,13.5,0.0,0.0,0.0,0.0,102,Matjes,Hauptspeisen,,MwSt. 7%,1.07,12.616822,0.883178,Normalverkauf
S1000084.60121,SP1000084.36.60121,SY1000084.2026.60121,iPad1(1000084),84,13.06.26 16:23,Prod,A1000084.7238,Tisch 11,102,S1000084.60121,SALE,1,3.9,3.9,0.0,0.0,0.0,0.0,126,Spezi,Getränke,,MwSt. 19%,1.19,3.277311,0.622689,Normalverkauf
S1000084.60122,SP1000084.36.60122,SY1000084.2026.60122,iPad1(1000084),84,13.06.26 16:12,Prod,A1000084.7239,Tisch 6,108,S1000084.60122,SALE,1,10.9,10.9,0.0,0.0,0.0,0.0,107,Chicken Burger,Hauptgerichte,,MwSt. 7%,1.07,10.186916,0.713084,Normalverkauf
S1000084.60123,SP1000084.36.60123,SY1000084.2026.60123,iPad1(1000084),84,13.06.26 16:12,Prod,A1000084.7239,Tisch 6,108,S1000084.60123,SALE,1,3.2,3.2,0.0,0.0,0.0,0.0,120,Apfelschorle,Getränke,,MwSt. 19%,1.19,2.689076,0.510924,Normalverkauf
S1000084.60124,SP1000084.36.60124,SY1000084.2026.60124,iPad1(1000084),84,13.06.26 20:10,Prod,A1000084.7240,Tisch 9,107,S1000084.60124,SALE,1,3.9,3.9,0.0,0.0,0.0,0.0,119,Cola,Getränke,,MwSt. 19%,1.19,3.277311,0.622689,Normalverkauf
S1000084.60125,SP1000084.36.60125,SY1000084.2026.60125,iPad1(1000084),84,13.06.26 20:10,Prod,A1000084.7240,Tisch 9,107,S1000084.60125,SALE,1,3.9,3.9,0.0,0.0,0.0,0.0,127,Alkoholfreies Bier,Getränke,,MwSt. 19%,1.19,3.277311,0.622689,Normalverkauf
S1000084.60126,SP1000084.36.60126,SY1000084.2026.60126,iPad1(1000084),84,13.06.26 20:10,Prod,A1000084.7240,Tisch 9,107,S1000084.60126,SALE,1,3.9,3.9,0.0,0.0,0.0,0.0,119,Cola,Getränke,,MwSt. 19%,1.19,3.277311,0.622689,Normalverkauf
S1000084.60127,SP1000084.36.60127,SY1000084.2026.60127,iPad1(1000084),84,13.06.26 10:22,Prod,A1000084.7241,Tisch 16,104,S1000084.60127,VOID,2,10.9,21.8,0.0,0.0,0.0,0.0,107,Chicken Burger,Hauptgerichte,,MwSt. 7%,1.07,20.373832,1.426168,Normalverkauf
S1000084.60128,SP1000084.36.60128,SY1000084.2026.60128,iPad1(1000084),84,13.06.26 10:22,Prod,A1000084.7241,Tisch 16,104,S1000084.60128,VOID,2,3.2,6.4,0.0,0.0,0.0,0.0,120,Apfelschorle,Getränke,,MwSt. 19%,1.19,5.378151,1.021849,Normalverkauf
S1000084.60129,SP1000084.36.60129,SY1000084.2026.60129,iPad1(1000084),84,13.06.26 10:22,Prod,A1000084.7241,Tisch 16,104,S1000084.60129,VOID,1,4.2,4.2,0.0,0.0,0.0,0.0,122,Bier,Getränke,,MwSt. 19%,1.19,3.529412,0.670588,Normalverkauf
S1000084.60130,SP1000084.36.60130,SY1000084.2026.60130,iPad1(1000084),84,13.06.26 20:24,Prod,A1000084.7242,Tisch 2,102,S1000084.60130,SALE,1,14.5,14.5,0.0,0.0,0.0,0.0,101,Lachs,Hauptspeisen,,MwSt. 7%,1.07,13.551402,0.948598,Normalverkauf
S1000084.60131,SP1000084.36.60131,SY1000084.2026.60131,iPad1(1000084),84,13.06.26 18:11,Prod,A1000084.7243,Tisch 5,104,S1000084.60131,SALE,2,4.2,8.4,0.0,0.0,0.0,0.0,122,Bier,Getränke,,MwSt. 19%,1.19,7.058824,1.341176,Normalverkauf
S1000084.60132,SP1000084.36.60132,SY1000084.2026.60132,iPad1(1000084),84,14.06.26 16:09,Prod,A1000084.7244,Tisch 14,112,S1000084.60132,SALE,1,4.2,4.2,0.0,0.0,0.0,0.0,122,Bier,Getränke,,MwSt. 19%,1.19,3.529412,0.670588,Normalverkauf
S1000084.60133,SP1000084.36.60133,SY1000084.2026.60133,iPad1(1000084),84,14.06.26 16:09,Prod,A1000084.7244,Tisch 14,112,S1000084.60133,SALE,2,6.9,13.8,0.0,0.0,0.0,0.0,103,Fischbrötchen Räucherlachs,Hauptspeisen,,MwSt. 7%,1.07,12.897196,0.902804,Normalverkauf
S1000084.60134,SP1000084.36.60134,SY1000084.2026.60134,iPad1(1000084),84,14.06.26 16:09,Prod,A1000084.7244,Tisch 14,112,S1000084.60134,SALE,2,4.2,8.4,0.0,0.0,0.0,0.0,122,Bier,Getränke,,MwSt. 19%,1.19,7.058824,1.341176,Normalverkauf
S1000084.60135,SP1000084.36.60135,SY1000084.2026.60135,iPad1(1000084),84,14.06.26 19:22,Prod,A1000084.7245,Tisch 20,112,S1000084.60135,SALE,2,11.9,23.8,0.0,0.0,0.0,0.0,110,Matjes-Baguette,Hauptgerichte,,MwSt. 7%,1.07,22.242991,1.557009,Normalverkauf
S1000084.60136,SP1000084.36.60136,SY1000084.2026.60136,iPad1(1000084),84,14.06.26 19:22,Prod,A1000084.7245,Tisch 20,112,S1000084.60136,SALE,1,4.2,4.2,0.0,0.0,0.0,0.0,122,Bier,Getränke,,MwSt. 19%,1.19,3.529412,0.670588,Normalverkauf
S1000084.60137,SP1000084.36.60137,SY1000084.2026.60137,iPad1(1000084),84,14.06.26 19:22,Prod,A1000084.7245,Tisch 20,112,S1000084.60137,SALE,1,6.5,6.5,0.0,0.0,0.0,0.0,100,Fischbrötchen Backfisch,Hauptspeisen,,MwSt. 7%,1.07,6.074766,0.425234,Normalverkauf
S1000084.60138,SP1000084.36.60138,SY1000084.2026.60138,iPad1(1000084),84,14.06.26 20:21,Prod,A1000084.7246,Tisch 5,107,S1000084.60138,SALE,1,3.9,3.9,0.0,0.0,0.0,0.0,127,Alkoholfreies Bier,Getränke,,MwSt. 19%,1.19,3.277311,0.622689,Normalverkauf
S1000084.60139,SP1000084.36.60139,SY1000084.2026.60139,iPad1(1000084),84,14.06.26 20:21,Prod,A1000084.7246,Tisch 5,107,S1000084.60139,SALE,1,9.8,9.8,0.0,0.0,0.0,0.0,108,Seelachs-Ei-Baugette,Hauptgerichte,,MwSt. 7%,1.07,9.158879,0.641121,Normalverkauf
S1000084.60140,SP1000084.36.60140,SY1000084.2026.60140,iPad1(1000084),84,14.06.26 12:33,Prod,A1000084.7247,Tisch 18,107,S1000084.60140,SALE,1,11.9,11.9,0.0,0.0,0.0,0.0,110,Matjes-Baguette,Hauptgerichte,,MwSt. 7%,1.07,11.121495,0.778505,Normalverkauf
S1000084.60141,SP1000084.36.60141,SY1000084.2026.60141,iPad1(1000084),84,14.06.26 16:51,Prod,A1000084.7248,Tisch 3,104,S1000084.60141,SALE,2,5.9,11.8,0.0,0.0,0.0,0.0,117,Rote Grütze,Desserts,,MwSt. 7%,1.07,11.028037,0.771963,Normalverkauf
S1000084.60142,SP1000084.36.60142,SY1000084.2026.60142,iPad1(1000084),84,14.06.26 19:29,Prod,A1000084.7249,Tisch 16,104,S1000084.60142,SALE,2,10.9,21.8,0.0,0.0,0.0,0.0,109,Bismarck-Baguette,Hauptgerichte,,MwSt. 7%,1.07,20.373832,1.426168,Normalverkauf
S1000084.60143,SP1000084.36.60143,SY1000084.2026.60143,iPad1(1000084),84,14.06.26 12:41,Prod,A1000084.7250,Tisch 5,112,S1000084.60143,SALE,2,3.9,7.8,0.0,0.0,0.0,0.0,127,Alkoholfreies Bier,Getränke,,MwSt. 19%,1.19,6.554622,1.245378,Normalverkauf
S1000084.60144,SP1000084.36.60144,SY1000084.2026.60144,iPad1(1000084),84,14.06.26 09:50,Prod,A1000084.7251,,104,S1000084.60144,SALE,1,10.9,10.9,0.0,0.0,0.0,0.0,107,Chicken Burger,Hauptgerichte,,MwSt. 7%,1.07,10.186916,0.713084,Normalverkauf
S1000084.60145,SP1000084.36.60145,SY1000084.2026.60145,iPad1(1000084),84,14.06.26 09:50,Prod,A1000084.7251,,104,S1000084.60145,SALE,2,2.8,5.6,0.0,0.0,0.0,0.0,121,Mineralwasser,Getränke,,MwSt. 19%,1.19,4.705882,0.894118,Normalverkauf
S1000084.60146,SP1000084.36.60146,SY1000084.2026.60146,iPad1(1000084),84,14.06.26 09:50,Prod,A1000084.7251,,104,S1000084.60146,SALE,1,4.2,4.2,0.0,0.0,0.0,0.0,122,Bier,Getränke,,MwSt. 19%,1.19,3.529412,0.670588,Normalverkauf
S1000084.60147,SP1000084.36.60147,SY1000084.2026.60147,iPad1(1000084),84,14.06.26 17:16,Prod,A1000084.7252,Tisch 21,108,S1000084.60147,SALE,2,5.5,11.0,0.0,0.0,0.0,0.0,114,Fisch Nuggets Box,Beilagen,,MwSt. 7%,1.07,10.280374,0.719626,Normalverkauf
S1000084.60148,SP1000084.36.60148,SY1000084.2026.60148,iPad1(1000084),84,14.06.26 18:34,Prod,A1000084.7253,Tisch 11,107,S1000084.60148,SALE,1,6.9,6.9,0.0,0.0,0.0,0.0,113,Garnelen Box,Beilagen,,MwSt. 7%,1.07,6.448598,0.451402,Normalverkauf
S1000084.60149,SP1000084.36.60149,SY1000084.2026.60149,iPad1(1000084),84,14.06.26 19:07,Prod,A1000084.7254,,108,S1000084.60149,SALE,2,3.9,7.8,0.0,0.0,0.0,0.0,126,Spezi,Getränke,,MwSt. 19%,1.19,6.554622,1.245378,Normalverkauf
S1000084.60150,SP1000084.36.60150,SY1000084.2026.60150,iPad1(1000084),84,14.06.26 12:15,Prod,A1000084.7255,Tisch 1,104,S1000084.60150,SALE,2,3.9,7.8,0.0,0.0,0.0,0.0,126,Spezi,Getränke,,MwSt. 19%,1.19,6.554622,1.245378,Normalverkauf
S1000084.60151,SP1000084.36.60151,SY1000084.2026.60151,iPad1(1000084),84,14.06.26 12:15,Prod,A1000084.7255,Tisch 1,104,S1000084.60151,SALE,1,3.9,3.9,0.0,0.0,0.0,0.0,119,Cola,Getränke,,MwSt. 19%,1.19,3.277311,0.622689,Normalverkauf
S1000084.60152,SP1000084.36.60152,SY1000084.2026.60152,iPad1(1000084),84,14.06.26 12:15,Prod,A1000084.7255,Tisch 1,104,S1000084.60152,SALE,1,5.5,5.5,0.0,0.0,0.0,0.0,114,Fisch Nuggets Box,Beilagen,,MwSt. 7%,1.07,5.140187,0.359813,Normalverkauf
S1000084.60153,SP1000084.36.60153,SY1000084.2026.60153,iPad1(1000084),84,14.06.26 19:03,Prod,A1000084.7256,Tisch 8,104,S1000084.60153,SALE,1,2.8,2.8,0.0,0.0,0.0,0.0,121,Mineralwasser,Getränke,,MwSt. 19%,1.19,2.352941,0.447059,Normalverkauf
S1000084.60154,SP1000084.36.60154,SY1000084.2026.60154,iPad1(1000084),84,14.06.26 19:03,Prod,A1000084.7256,Tisch 8,104,S1000084.60154,SALE,2,2.8,5.6,0.0,0.0,0.0,0.0,121,Mineralwasser,Getränke,,MwSt. 19%,1.19,4.705882,0.894118,Normalverkauf
S1000084.60155,SP1000084.36.60155,SY1000084.2026.60155,iPad1(1000084),84,14.06.26 19:03,Prod,A1000084.7256,Tisch 8,104,S1000084.60155,SALE,2,9.8,19.6,0.0,0.0,0.0,0.0,108,Seelachs-Ei-Baugette,Hauptgerichte,,MwSt. 7%,1.07,18.317757,1.282243,Normalverkauf
S1000084.60156,SP1000084.36.60156,SY1000084.2026.60156,iPad1(1000084),84,14.06.26 11:50,Prod,A1000084.7257,Tisch 3,108,S1000084.60156,SALE,2,4.2,8.4,0.0,0.0,0.0,0.0,122,Bier,Getränke,,MwSt. 19%,1.19,7.058824,1.341176,Normalverkauf
S1000084.60157,SP1000084.36.60157,SY1000084.2026.60157,iPad1(1000084),84,14.06.26 11:50,Prod,A1000084.7257,Tisch 3,108,S1000084.60157,SALE,2,4.9,9.8,0.0,0.0,0.0,0.0,112,Kartoffelwedges,Beilagen,,MwSt. 7%,1.07,9.158879,0.641121,Normalverkauf
S1000084.60158,SP1000084.36.60158,SY1000084.2026.60158,iPad1(1000084),84,14.06.26 17:15,Prod,A1000084.7258,Tisch 2,102,S1000084.60158,SALE,2,2.8,5.6,0.0,0.0,0.0,0.0,121,Mineralwasser,Getränke,,MwSt. 19%,1.19,4.705882,0.894118,Normalverkauf
S1000084.60159,SP1000084.36.60159,SY1000084.2026.60159,iPad1(1000084),84,14.06.26 17:15,Prod,A1000084.7258,Tisch 2,102,S1000084.60159,SALE,2,10.9,21.8,0.0,0.0,0.0,0.0,104,Thunfisch Wrap,Hauptgerichte,,MwSt. 7%,1.07,20.373832,1.426168,Normalverkauf
S1000084.60160,SP1000084.36.60160,SY1000084.2026.60160,iPad1(1000084),84,14.06.26 17:15,Prod,A1000084.7258,Tisch 2,102,S1000084.60160,SALE,2,3.9,7.8,0.0,0.0,0.0,0.0,127,Alkoholfreies Bier,Getränke,,MwSt. 19%,1.19,6.554622,1.245378,Normalverkauf
S1000084.60161,SP1000084.36.60161,SY1000084.2026.60161,iPad1(1000084),84,14.06.26 10:09,Prod,A1000084.7259,Tisch 24,112,S1000084.60161,SALE,2,2.8,5.6,0.0,0.0,0.0,0.0,121,Mineralwasser,Getränke,,MwSt. 19%,1.19,4.705882,0.894118,Normalverkauf
S1000084.60162,SP1000084.36.60162,SY1000084.2026.60162,iPad1(1000084),84,14.06.26 10:09,Prod,A1000084.7259,Tisch 24,112,S1000084.60162,SALE,2,5.5,11.0,0.0,0.0,0.0,0.0,114,Fisch Nuggets Box,Beilagen,,MwSt. 7%,1.07,10.280374,0.719626,Normalverkauf
S1000084.60163,SP1000084.36.60163,SY1000084.2026.60163,iPad1(1000084),84,14.06.26 13:04,Prod,A1000084.7260,Tisch 16,102,S1000084.60163,SALE,2,3.9,7.8,0.0,0.0,0.0,0.0,124,Cola Zero,Getränke,,MwSt. 19%,1.19,6.554622,1.245378,Normalverkauf
S1000084.60164,SP1000084.36.60164,SY1000084.2026.60164,iPad1(1000084),84,14.06.26 13:04,Prod,A1000084.7260,Tisch 16,102,S1000084.60164,SALE,2,5.5,11.0,0.0,0.0,0.0,0.0,111,Pommes Frites,Beilagen,,MwSt. 7%,1.07,10.280374,0.719626,Normalverkauf
S1000084.60165,SP1000084.36.60165,SY1000084.2026.60165,iPad1(1000084),84,14.06.26 13:54,Prod,A1000084.7261,,102,S1000084.60165,SALE,2,2.8,5.6,0.0,0.0,0.0,0.0,121,Mineralwasser,Getränke,,MwSt. 19%,1.19,4.705882,0.894118,Normalverkauf
S1000084.60166,SP1000084.36.60166,SY1000084.2026.60166,iPad1(1000084),84,14.06.26 13:54,Prod,A1000084.7261,,102,S1000084.60166,SALE,1,10.9,10.9,0.0,0.0,0.0,0.0,109,Bismarck-Baguette,Hauptgerichte,,MwSt. 7%,1.07,10.186916,0.713084,Normalverkauf
S1000084.60167,SP1000084.36.60167,SY1000084.2026.60167,iPad1(1000084),84,14.06.26 13:54,Prod,A1000084.7261,,102,S1000084.60167,SALE,2,5.9,11.8,0.0,0.0,0.0,0.0,117,Rote Grütze,Desserts,,MwSt. 7%,1.07,11.028037,0.771963,Normalverkauf
S1000084.60168,SP1000084.36.60168,SY1000084.2026.60168,iPad1(1000084),84,14.06.26 17:06,Prod,A1000084.7262,Tisch 22,104,S1000084.60168,SALE,2,10.9,21.8,0.0,0.0,0.0,0.0,104,Thunfisch Wrap,Hauptgerichte,,MwSt. 7%,1.07,20.373832,1.426168,Normalverkauf
S1000084.60169,SP1000084.36.60169,SY1000084.2026.60169,iPad1(1000084),84,14.06.26 17:06,Prod,A1000084.7262,Tisch 22,104,S1000084.60169,SALE,2,10.9,21.8,0.0,0.0,0.0,0.0,104,Thunfisch Wrap,Hauptgerichte,,MwSt. 7%,1.07,20.373832,1.426168,Normalverkauf
S1000084.60170,SP1000084.36.60170,SY1000084.2026.60170,iPad1(1000084),84,14.06.26 17:06,Prod,A1000084.7262,Tisch 22,104,S1000084.60170,SALE,1,3.9,3.9,0.0,0.0,0.0,0.0,127,Alkoholfreies Bier,Getränke,,MwSt. 19%,1.19,3.277311,0.622689,Normalverkauf
S1000084.60171,SP1000084.36.60171,SY1000084.2026.60171,iPad1(1000084),84,14.06.26 19:49,Prod,A1000084.7263,Tisch 8,112,S1000084.60171,SALE,2,9.8,19.6,0.0,0.0,0.0,0.0,108,Seelachs-Ei-Baugette,Hauptgerichte,,MwSt. 7%,1.07,18.317757,1.282243,Normalverkauf
S1000084.60172,SP1000084.36.60172,SY1000084.2026.60172,iPad1(1000084),84,14.06.26 19:49,Prod,A1000084.7263,Tisch 8,112,S1000084.60172,SALE,1,11.9,11.9,0.0,0.0,0.0,0.0,110,Matjes-Baguette,Hauptgerichte,,MwSt. 7%,1.07,11.121495,0.778505,Normalverkauf
S1000084.60173,SP1000084.36.60173,SY1000084.2026.60173,iPad1(1000084),84,14.06.26 16:08,Prod,A1000084.7264,,107,S1000084.60173,SALE,2,3.9,7.8,0.0,0.0,0.0,0.0,126,Spezi,Getränke,,MwSt. 19%,1.19,6.554622,1.245378,Normalverkauf
S1000084.60174,SP1000084.36.60174,SY1000084.2026.60174,iPad1(1000084),84,14.06.26 16:08,Prod,A1000084.7264,,107,S1000084.60174,SALE,2,3.9,7.8,0.0,0.0,0.0,0.0,126,Spezi,Getränke,,MwSt. 19%,1.19,6.554622,1.245378,Normalverkauf
S1000084.60175,SP1000084.36.60175,SY1000084.2026.60175,iPad1(1000084),84,14.06.26 16:08,Prod,A1000084.7264,,107,S1000084.60175,SALE,2,13.5,27.0,0.0,0.0,0.0,0.0,102,Matjes,Hauptspeisen,,MwSt. 7%,1.07,25.233645,1.766355,Normalverkauf
S1000084.60176,SP1000084.36.60176,SY1000084.2026.60176,iPad1(1000084),84,14.06.26 11:32,Prod,A1000084.7265,Tisch 1,112,S1000084.60176,SALE,2,5.5,11.0,0.0,0.0,0.0,0.0,114,Fisch Nuggets Box,Beilagen,,MwSt. 7%,1.07,10.280374,0.719626,Normalverkauf
S1000084.60177,SP1000084.36.60177,SY1000084.2026.60177,iPad1(1000084),84,14.06.26 11:32,Prod,A1000084.7265,Tisch 1,112,S1000084.60177,SALE,1,10.9,10.9,0.0,0.0,0.0,0.0,104,Thunfisch Wrap,Hauptgerichte,,MwSt. 7%,1.07,10.186916,0.713084,Normalverkauf
S1000084.60178,SP1000084.36.60178,SY1000084.2026.60178,iPad1(1000084),84,14.06.26 11:43,Prod,A1000084.7266,Tisch 13,104,S1000084.60178,SALE,2,5.9,11.8,0.0,0.0,0.0,0.0,117,Rote Grütze,Desserts,,MwSt. 7%,1.07,11.028037,0.771963,Normalverkauf
S1000084.60179,SP1000084.36.60179,SY1000084.2026.60179,iPad1(1000084),84,14.06.26 12:20,Prod,A1000084.7267,Tisch 5,112,S1000084.60179,VOID,2,5.5,11.0,0.0,0.0,0.0,0.0,114,Fisch Nuggets Box,Beilagen,,MwSt. 7%,1.07,10.280374,0.719626,Normalverkauf
S1000084.60180,SP1000084.36.60180,SY1000084.2026.60180,iPad1(1000084),84,14.06.26 12:20,Prod,A1000084.7267,Tisch 5,112,S1000084.60180,VOID,2,6.5,13.0,0.0,0.0,0.0,0.0,100,Fischbrötchen Backfisch,Hauptspeisen,,MwSt. 7%,1.07,12.149533,0.850467,Normalverkauf
S1000084.60181,SP1000084.36.60181,SY1000084.2026.60181,iPad1(1000084),84,14.06.26 12:20,Prod,A1000084.7267,Tisch 5,112,S1000084.60181,VOID,2,10.9,21.8,0.0,0.0,0.0,0.0,104,Thunfisch Wrap,Hauptgerichte,,MwSt. 7%,1.07,20.373832,1.426168,Normalverkauf
S1000084.60182,SP1000084.36.60182,SY1000084.2026.60182,iPad1(1000084),84,14.06.26 12:13,Prod,A1000084.7268,Tisch 12,104,S1000084.60182,SALE,1,10.9,10.9,0.0,0.0,0.0,0.0,107,Chicken Burger,Hauptgerichte,,MwSt. 7%,1.07,10.186916,0.713084,Normalverkauf
S1000084.60183,SP1000084.36.60183,SY1000084.2026.60183,iPad1(1000084),84,14.06.26 12:13,Prod,A1000084.7268,Tisch 12,104,S1000084.60183,SALE,1,3.9,3.9,0.0,0.0,0.0,0.0,119,Cola,Getränke,,MwSt. 19%,1.19,3.277311,0.622689,Normalverkauf
S1000084.60184,SP1000084.36.60184,SY1000084.2026.60184,iPad1(1000084),84,14.06.26 12:13,Prod,A1000084.7268,Tisch 12,104,S1000084.60184,SALE,2,10.9,21.8,0.0,0.0,0.0,0.0,107,Chicken Burger,Hauptgerichte,,MwSt. 7%,1.07,20.373832,1.426168,Normalverkauf
S1000084.60185,SP1000084.36.60185,SY1000084.2026.60185,iPad1(1000084),84,14.06.26 18:48,Prod,A1000084.7269,Tisch 14,102,S1000084.60185,SALE,1,3.9,3.9,0.0,0.0,0.0,0.0,124,Cola Zero,Getränke,,MwSt. 19%,1.19,3.277311,0.622689,Normalverkauf
S1000084.60186,SP1000084.36.60186,SY1000084.2026.60186,iPad1(1000084),84,14.06.26 18:48,Prod,A1000084.7269,Tisch 14,102,S1000084.60186,SALE,1,5.5,5.5,0.0,0.0,0.0,0.0,114,Fisch Nuggets Box,Beilagen,,MwSt. 7%,1.07,5.140187,0.359813,Normalverkauf
S1000084.60187,SP1000084.36.60187,SY1000084.2026.60187,iPad1(1000084),84,14.06.26 18:48,Prod,A1000084.7269,Tisch 14,102,S1000084.60187,SALE,1,10.9,10.9,0.0,0.0,0.0,0.0,107,Chicken Burger,Hauptgerichte,,MwSt. 7%,1.07,10.186916,0.713084,Normalverkauf
S1000084.60188,SP1000084.36.60188,SY1000084.2026.60188,iPad1(1000084),84,14.06.26 19:18,Prod,A1000084.7270,Tisch 20,112,S1000084.60188,SALE,1,11.9,11.9,0.0,0.0,0.0,0.0,110,Matjes-Baguette,Hauptgerichte,,MwSt. 7%,1.07,11.121495,0.778505,Normalverkauf
S1000084.60189,SP1000084.36.60189,SY1000084.2026.60189,iPad1(1000084),84,14.06.26 19:18,Prod,A1000084.7270,Tisch 20,112,S1000084.60189,SALE,1,3.9,3.9,0.0,0.0,0.0,0.0,127,Alkoholfreies Bier,Getränke,,MwSt. 19%,1.19,3.277311,0.622689,Normalverkauf
S1000084.60190,SP1000084.36.60190,SY1000084.2026.60190,iPad1(1000084),84,14.06.26 19:18,Prod,A1000084.7270,Tisch 20,112,S1000084.60190,SALE,2,6.9,13.8,0.0,0.0,0.0,0.0,113,Garnelen Box,Beilagen,,MwSt. 7%,1.07,12.897196,0.902804,Normalverkauf
S1000084.60191,SP1000084.36.60191,SY1000084.2026.60191,iPad1(1000084),84,14.06.26 17:20,Prod,A1000084.7271,Tisch 4,104,S1000084.60191,SALE,1,3.9,3.9,0.0,0.0,0.0,0.0,119,Cola,Getränke,,MwSt. 19%,1.19,3.277311,0.622689,Normalverkauf
S1000084.60192,SP1000084.36.60192,SY1000084.2026.60192,iPad1(1000084),84,14.06.26 17:15,Prod,A1000084.7272,Tisch 1,104,S1000084.60192,SALE,2,3.9,7.8,0.0,0.0,0.0,0.0,119,Cola,Getränke,,MwSt. 19%,1.19,6.554622,1.245378,Normalverkauf
S1000084.60193,SP1000084.36.60193,SY1000084.2026.60193,iPad1(1000084),84,14.06.26 17:15,Prod,A1000084.7272,Tisch 1,104,S1000084.60193,SALE,1,5.5,5.5,0.0,0.0,0.0,0.0,111,Pommes Frites,Beilagen,,MwSt. 7%,1.07,5.140187,0.359813,Normalverkauf
S1000084.60194,SP1000084.36.60194,SY1000084.2026.60194,iPad1(1000084),84,14.06.26 17:15,Prod,A1000084.7272,Tisch 1,104,S1000084.60194,SALE,2,3.9,7.8,0.0,0.0,0.0,0.0,119,Cola,Getränke,,MwSt. 19%,1.19,6.554622,1.245378,Normalverkauf
S1000084.60195,SP1000084.36.60195,SY1000084.2026.60195,iPad1(1000084),84,14.06.26 12:53,Prod,A1000084.7273,Tisch 4,102,S1000084.60195,VOID,2,14.5,29.0,0.0,0.0,0.0,0.0,101,Lachs,Hauptspeisen,,MwSt. 7%,1.07,27.102804,1.897196,Normalverkauf
S1000084.60196,SP1000084.36.60196,SY1000084.2026.60196,iPad1(1000084),84,14.06.26 12:53,Prod,A1000084.7273,Tisch 4,102,S1000084.60196,VOID,1,4.9,4.9,0.0,0.0,0.0,0.0,112,Kartoffelwedges,Beilagen,,MwSt. 7%,1.07,4.579439,0.320561,Normalverkauf
S1000084.60197,SP1000084.36.60197,SY1000084.2026.60197,iPad1(1000084),84,14.06.26 16:44,Prod,A1000084.7274,,112,S1000084.60197,SALE,1,7.9,7.9,0.0,0.0,0.0,0.0,115,Tiramisu,Desserts,,MwSt. 7%,1.07,7.383178,0.516822,Normalverkauf
S1000084.60198,SP1000084.36.60198,SY1000084.2026.60198,iPad1(1000084),84,14.06.26 09:00,Prod,A1000084.7275,Tisch 22,112,S1000084.60198,VOID,2,3.9,7.8,0.0,0.0,0.0,0.0,126,Spezi,Getränke,,MwSt. 19%,1.19,6.554622,1.245378,Normalverkauf
S1000084.60199,SP1000084.36.60199,SY1000084.2026.60199,iPad1(1000084),84,14.06.26 17:53,Prod,A1000084.7276,Tisch 21,112,S1000084.60199,SALE,1,14.5,14.5,0.0,0.0,0.0,0.0,101,Lachs,Hauptspeisen,,MwSt. 7%,1.07,13.551402,0.948598,Normalverkauf
S1000084.60200,SP1000084.36.60200,SY1000084.2026.60200,iPad1(1000084),84,14.06.26 17:53,Prod,A1000084.7276,Tisch 21,112,S1000084.60200,SALE,1,3.9,3.9,0.0,0.0,0.0,0.0,119,Cola,Getränke,,MwSt. 19%,1.19,3.277311,0.622689,Normalverkauf
S1000084.60201,SP1000084.36.60201,SY1000084.2026.60201,iPad1(1000084),84,14.06.26 18:30,Prod,A1000084.7277,Tisch 5,112,S1000084.60201,SALE,1,6.9,6.9,0.0,0.0,0.0,0.0,113,Garnelen Box,Beilagen,,MwSt. 7%,1.07,6.448598,0.451402,Normalverkauf
S1000084.60202,SP1000084.36.60202,SY1000084.2026.60202,iPad1(1000084),84,14.06.26 18:30,Prod,A1000084.7277,Tisch 5,112,S1000084.60202,SALE,1,3.9,3.9,0.0,0.0,0.0,0.0,119,Cola,Getränke,,MwSt. 19%,1.19,3.277311,0.622689,Normalverkauf
S1000084.60203,SP1000084.36.60203,SY1000084.2026.60203,iPad1(1000084),84,14.06.26 18:30,Prod,A1000084.7277,Tisch 5,112,S1000084.60203,SALE,2,4.2,8.4,0.0,0.0,0.0,0.0,122,Bier,Getränke,,MwSt. 19%,1.19,7.058824,1.341176,Normalverkauf
S1000084.60204,SP1000084.36.60204,SY1000084.2026.60204,iPad1(1000084),84,14.06.26 18:30,Prod,A1000084.7278,Tisch 24,104,S1000084.60204,VOID,2,5.9,11.8,0.0,0.0,0.0,0.0,123,Inger-Limonade,Getränke,,MwSt. 19%,1.19,9.915966,1.884034,Normalverkauf
S1000084.60205,SP1000084.36.60205,SY1000084.2026.60205,iPad1(1000084),84,14.06.26 08:27,Prod,A1000084.7279,Tisch 18,107,S1000084.60205,SALE,1,13.5,13.5,0.0,0.0,0.0,0.0,102,Matjes,Hauptspeisen,,MwSt. 7%,1.07,12.616822,0.883178,Normalverkauf
S1000084.60206,SP1000084.36.60206,SY1000084.2026.60206,iPad1(1000084),84,14.06.26 08:27,Prod,A1000084.7279,Tisch 18,107,S1000084.60206,SALE,1,3.9,3.9,0.0,0.0,0.0,0.0,126,Spezi,Getränke,,MwSt. 19%,1.19,3.277311,0.622689,Normalverkauf
S1000084.60207,SP1000084.36.60207,SY1000084.2026.60207,iPad1(1000084),84,14.06.26 08:27,Prod,A1000084.7279,Tisch 18,107,S1000084.60207,SALE,2,13.5,27.0,0.0,0.0,0.0,0.0,102,Matjes,Hauptspeisen,,MwSt. 7%,1.07,25.233645,1.766355,Normalverkauf
S1000084.60208,SP1000084.36.60208,SY1000084.2026.60208,iPad1(1000084),84,14.06.26 11:35,Prod,A1000084.7280,Tisch 10,102,S1000084.60208,SALE,2,5.5,11.0,0.0,0.0,0.0,0.0,111,Pommes Frites,Beilagen,,MwSt. 7%,1.07,10.280374,0.719626,Normalverkauf
S1000084.60209,SP1000084.36.60209,SY1000084.2026.60209,iPad1(1000084),84,14.06.26 11:35,Prod,A1000084.7280,Tisch 10,102,S1000084.60209,SALE,2,3.9,7.8,0.0,0.0,0.0,0.0,119,Cola,Getränke,,MwSt. 19%,1.19,6.554622,1.245378,Normalverkauf
S1000084.60210,SP1000084.36.60210,SY1000084.2026.60210,iPad1(1000084),84,14.06.26 12:43,Prod,A1000084.7281,Tisch 9,112,S1000084.60210,SALE,2,4.2,8.4,0.0,0.0,0.0,0.0,122,Bier,Getränke,,MwSt. 19%,1.19,7.058824,1.341176,Normalverkauf
S1000084.60211,SP1000084.36.60211,SY1000084.2026.60211,iPad1(1000084),84,14.06.26 12:43,Prod,A1000084.7281,Tisch 9,112,S1000084.60211,SALE,1,6.9,6.9,0.0,0.0,0.0,0.0,113,Garnelen Box,Beilagen,,MwSt. 7%,1.07,6.448598,0.451402,Normalverkauf
S1000084.60212,SP1000084.36.60212,SY1000084.2026.60212,iPad1(1000084),84,14.06.26 12:43,Prod,A1000084.7281,Tisch 9,112,S1000084.60212,SALE,2,6.5,13.0,0.0,0.0,0.0,0.0,100,Fischbrötchen Backfisch,Hauptspeisen,,MwSt. 7%,1.07,12.149533,0.850467,Normalverkauf
S1000084.60213,SP1000084.36.60213,SY1000084.2026.60213,iPad1(1000084),84,14.06.26 19:02,Prod,A1000084.7282,Tisch 8,112,S1000084.60213,SALE,2,3.9,7.8,0.0,0.0,0.0,0.0,126,Spezi,Getränke,,MwSt. 19%,1.19,6.554622,1.245378,Normalverkauf
S1000084.60214,SP1000084.36.60214,SY1000084.2026.60214,iPad1(1000084),84,14.06.26 19:02,Prod,A1000084.7282,Tisch 8,112,S1000084.60214,SALE,2,10.9,21.8,0.0,0.0,0.0,0.0,107,Chicken Burger,Hauptgerichte,,MwSt. 7%,1.07,20.373832,1.426168,Normalverkauf
S1000084.60215,SP1000084.36.60215,SY1000084.2026.60215,iPad1(1000084),84,14.06.26 15:55,Prod,A1000084.7283,Tisch 24,107,S1000084.60215,SALE,2,5.5,11.0,0.0,0.0,0.0,0.0,114,Fisch Nuggets Box,Beilagen,,MwSt. 7%,1.07,10.280374,0.719626,Normalverkauf
S1000084.60216,SP1000084.36.60216,SY1000084.2026.60216,iPad1(1000084),84,14.06.26 12:36,Prod,A1000084.7284,Tisch 18,102,S1000084.60216,SALE,1,11.9,11.9,0.0,0.0,0.0,0.0,110,Matjes-Baguette,Hauptgerichte,,MwSt. 7%,1.07,11.121495,0.778505,Normalverkauf
S1000084.60217,SP1000084.36.60217,SY1000084.2026.60217,iPad1(1000084),84,14.06.26 12:36,Prod,A1000084.7284,Tisch 18,102,S1000084.60217,SALE,1,6.5,6.5,0.0,0.0,0.0,0.0,118,Schokokuchen,Desserts,,MwSt. 7%,1.07,6.074766,0.425234,Normalverkauf
S1000084.60218,SP1000084.36.60218,SY1000084.2026.60218,iPad1(1000084),84,14.06.26 17:06,Prod,A1000084.7285,Tisch 16,104,S1000084.60218,SALE,1,5.5,5.5,0.0,0.0,0.0,0.0,114,Fisch Nuggets Box,Beilagen,,MwSt. 7%,1.07,5.140187,0.359813,Normalverkauf
S1000084.60219,SP1000084.36.60219,SY1000084.2026.60219,iPad1(1000084),84,14.06.26 17:06,Prod,A1000084.7285,Tisch 16,104,S1000084.60219,SALE,1,7.9,7.9,0.0,0.0,0.0,0.0,115,Tiramisu,Desserts,,MwSt. 7%,1.07,7.383178,0.516822,Normalverkauf
S1000084.60220,SP1000084.36.60220,SY1000084.2026.60220,iPad1(1000084),84,14.06.26 17:06,Prod,A1000084.7285,Tisch 16,104,S1000084.60220,SALE,2,3.9,7.8,0.0,0.0,0.0,0.0,119,Cola,Getränke,,MwSt. 19%,1.19,6.554622,1.245378,Normalverkauf
S1000084.60221,SP1000084.36.60221,SY1000084.2026.60221,iPad1(1000084),84,14.06.26 08:21,Prod,A1000084.7286,Tisch 19,102,S1000084.60221,SALE,2,10.9,21.8,0.0,0.0,0.0,0.0,104,Thunfisch Wrap,Hauptgerichte,,MwSt. 7%,1.07,20.373832,1.426168,Normalverkauf
S1000084.60222,SP1000084.36.60222,SY1000084.2026.60222,iPad1(1000084),84,14.06.26 17:30,Prod,A1000084.7287,Tisch 7,107,S1000084.60222,SALE,2,3.9,7.8,0.0,0.0,0.0,0.0,126,Spezi,Getränke,,MwSt. 19%,1.19,6.554622,1.245378,Normalverkauf
S1000084.60223,SP1000084.36.60223,SY1000084.2026.60223,iPad1(1000084),84,14.06.26 17:30,Prod,A1000084.7287,Tisch 7,107,S1000084.60223,SALE,1,6.5,6.5,0.0,0.0,0.0,0.0,100,Fischbrötchen Backfisch,Hauptspeisen,,MwSt. 7%,1.07,6.074766,0.425234,Normalverkauf
S1000084.60224,SP1000084.36.60224,SY1000084.2026.60224,iPad1(1000084),84,14.06.26 17:30,Prod,A1000084.7287,Tisch 7,107,S1000084.60224,SALE,1,3.9,3.9,0.0,0.0,0.0,0.0,124,Cola Zero,Getränke,,MwSt. 19%,1.19,3.277311,0.622689,Normalverkauf
S1000084.60225,SP1000084.36.60225,SY1000084.2026.60225,iPad1(1000084),84,14.06.26 08:44,Prod,A1000084.7288,Tisch 6,108,S1000084.60225,SALE,2,2.8,5.6,0.0,0.0,0.0,0.0,121,Mineralwasser,Getränke,,MwSt. 19%,1.19,4.705882,0.894118,Normalverkauf
S1000084.60226,SP1000084.36.60226,SY1000084.2026.60226,iPad1(1000084),84,14.06.26 17:43,Prod,A1000084.7289,Tisch 5,108,S1000084.60226,SALE,1,14.5,14.5,0.0,0.0,0.0,0.0,101,Lachs,Hauptspeisen,,MwSt. 7%,1.07,13.551402,0.948598,Normalverkauf
S1000084.60227,SP1000084.36.60227,SY1000084.2026.60227,iPad1(1000084),84,14.06.26 13:22,Prod,A1000084.7290,Tisch 11,112,S1000084.60227,SALE,1,14.5,14.5,0.0,0.0,0.0,0.0,101,Lachs,Hauptspeisen,,MwSt. 7%,1.07,13.551402,0.948598,Normalverkauf
S1000084.60228,SP1000084.36.60228,SY1000084.2026.60228,iPad1(1000084),84,14.06.26 13:22,Prod,A1000084.7290,Tisch 11,112,S1000084.60228,SALE,2,2.8,5.6,0.0,0.0,0.0,0.0,121,Mineralwasser,Getränke,,MwSt. 19%,1.19,4.705882,0.894118,Normalverkauf
S1000084.60229,SP1000084.36.60229,SY1000084.2026.60229,iPad1(1000084),84,14.06.26 13:22,Prod,A1000084.7290,Tisch 11,112,S1000084.60229,SALE,1,14.5,14.5,0.0,0.0,0.0,0.0,101,Lachs,Hauptspeisen,,MwSt. 7%,1.07,13.551402,0.948598,Normalverkauf
S1000084.60230,SP1000084.36.60230,SY1000084.2026.60230,iPad1(1000084),84,14.06.26 18:20,Prod,A1000084.7291,,102,S1000084.60230,SALE,2,11.5,23.0,0.0,0.0,0.0,0.0,105,Garnelen-Kimchi-Bruger,Hauptgerichte,,MwSt. 7%,1.07,21.495327,1.504673,Normalverkauf
S1000084.60231,SP1000084.36.60231,SY1000084.2026.60231,iPad1(1000084),84,14.06.26 17:36,Prod,A1000084.7292,Tisch 12,108,S1000084.60231,SALE,1,9.8,9.8,0.0,0.0,0.0,0.0,108,Seelachs-Ei-Baugette,Hauptgerichte,,MwSt. 7%,1.07,9.158879,0.641121,Normalverkauf
S1000084.60232,SP1000084.36.60232,SY1000084.2026.60232,iPad1(1000084),84,14.06.26 13:19,Prod,A1000084.7293,Tisch 22,102,S1000084.60232,SALE,2,14.5,29.0,0.0,0.0,0.0,0.0,101,Lachs,Hauptspeisen,,MwSt. 7%,1.07,27.102804,1.897196,Normalverkauf
S1000084.60233,SP1000084.36.60233,SY1000084.2026.60233,iPad1(1000084),84,14.06.26 13:19,Prod,A1000084.7293,Tisch 22,102,S1000084.60233,SALE,2,5.5,11.0,0.0,0.0,0.0,0.0,111,Pommes Frites,Beilagen,,MwSt. 7%,1.07,10.280374,0.719626,Normalverkauf
S1000084.60234,SP1000084.36.60234,SY1000084.2026.60234,iPad1(1000084),84,14.06.26 13:19,Prod,A1000084.7293,Tisch 22,102,S1000084.60234,SALE,2,10.9,21.8,0.0,0.0,0.0,0.0,109,Bismarck-Baguette,Hauptgerichte,,MwSt. 7%,1.07,20.373832,1.426168,Normalverkauf
S1000084.60235,SP1000084.36.60235,SY1000084.2026.60235,iPad1(1000084),84,14.06.26 11:20,Prod,A1000084.7294,Tisch 5,107,S1000084.60235,SALE,2,6.9,13.8,0.0,0.0,0.0,0.0,103,Fischbrötchen Räucherlachs,Hauptspeisen,,MwSt. 7%,1.07,12.897196,0.902804,Normalverkauf
S1000084.60236,SP1000084.36.60236,SY1000084.2026.60236,iPad1(1000084),84,14.06.26 12:36,Prod,A1000084.7295,Tisch 6,104,S1000084.60236,SALE,2,4.9,9.8,0.0,0.0,0.0,0.0,112,Kartoffelwedges,Beilagen,,MwSt. 7%,1.07,9.158879,0.641121,Normalverkauf
S1000084.60237,SP1000084.36.60237,SY1000084.2026.60237,iPad1(1000084),84,14.06.26 12:36,Prod,A1000084.7295,Tisch 6,104,S1000084.60237,SALE,2,10.9,21.8,0.0,0.0,0.0,0.0,107,Chicken Burger,Hauptgerichte,,MwSt. 7%,1.07,20.373832,1.426168,Normalverkauf
S1000084.60238,SP1000084.36.60238,SY1000084.2026.60238,iPad1(1000084),84,14.06.26 08:01,Prod,A1000084.7296,Tisch 16,112,S1000084.60238,SALE,1,3.2,3.2,0.0,0.0,0.0,0.0,120,Apfelschorle,Getränke,,MwSt. 19%,1.19,2.689076,0.510924,Normalverkauf
S1000084.60239,SP1000084.36.60239,SY1000084.2026.60239,iPad1(1000084),84,14.06.26 08:01,Prod,A1000084.7296,Tisch 16,112,S1000084.60239,SALE,2,5.5,11.0,0.0,0.0,0.0,0.0,111,Pommes Frites,Beilagen,,MwSt. 7%,1.07,10.280374,0.719626,Normalverkauf
S1000084.60240,SP1000084.36.60240,SY1000084.2026.60240,iPad1(1000084),84,14.06.26 11:16,Prod,A1000084.7297,Tisch 11,112,S1000084.60240,SALE,1,5.5,5.5,0.0,0.0,0.0,0.0,111,Pommes Frites,Beilagen,,MwSt. 7%,1.07,5.140187,0.359813,Normalverkauf
S1000084.60241,SP1000084.36.60241,SY1000084.2026.60241,iPad1(1000084),84,14.06.26 11:16,Prod,A1000084.7297,Tisch 11,112,S1000084.60241,SALE,1,11.9,11.9,0.0,0.0,0.0,0.0,110,Matjes-Baguette,Hauptgerichte,,MwSt. 7%,1.07,11.121495,0.778505,Normalverkauf
S1000084.60242,SP1000084.36.60242,SY1000084.2026.60242,iPad1(1000084),84,14.06.26 19:27,Prod,A1000084.7298,Tisch 16,112,S1000084.60242,SALE,1,10.9,10.9,0.0,0.0,0.0,0.0,107,Chicken Burger,Hauptgerichte,,MwSt. 7%,1.07,10.186916,0.713084,Normalverkauf
S1000084.60243,SP1000084.36.60243,SY1000084.2026.60243,iPad1(1000084),84,14.06.26 19:27,Prod,A1000084.7298,Tisch 16,112,S1000084.60243,SALE,2,6.9,13.8,0.0,0.0,0.0,0.0,103,Fischbrötchen Räucherlachs,Hauptspeisen,,MwSt. 7%,1.07,12.897196,0.902804,Normalverkauf
S1000084.60244,SP1000084.36.60244,SY1000084.2026.60244,iPad1(1000084),84,14.06.26 19:27,Prod,A1000084.7298,Tisch 16,112,S1000084.60244,SALE,1,11.5,11.5,0.0,0.0,0.0,0.0,105,Garnelen-Kimchi-Bruger,Hauptgerichte,,MwSt. 7%,1.07,10.747664,0.752336,Normalverkauf
S1000084.60245,SP1000084.36.60245,SY1000084.2026.60245,iPad1(1000084),84,14.06.26 10:19,Prod,A1000084.7299,,112,S1000084.60245,SALE,2,3.9,7.8,0.0,0.0,0.0,0.0,127,Alkoholfreies Bier,Getränke,,MwSt. 19%,1.19,6.554622,1.245378,Normalverkauf
S1000084.60246,SP1000084.36.60246,SY1000084.2026.60246,iPad1(1000084),84,14.06.26 10:19,Prod,A1000084.7299,,112,S1000084.60246,SALE,1,11.5,11.5,0.0,0.0,0.0,0.0,105,Garnelen-Kimchi-Bruger,Hauptgerichte,,MwSt. 7%,1.07,10.747664,0.752336,Normalverkauf
S1000084.60247,SP1000084.36.60247,SY1000084.2026.60247,iPad1(1000084),84,14.06.26 10:19,Prod,A1000084.7299,,112,S1000084.60247,SALE,1,3.2,3.2,0.0,0.0,0.0,0.0,120,Apfelschorle,Getränke,,MwSt. 19%,1.19,2.689076,0.510924,Normalverkauf
S1000084.60248,SP1000084.36.60248,SY1000084.2026.60248,iPad1(1000084),84,14.06.26 13:23,Prod,A1000084.7300,Tisch 22,102,S1000084.60248,SALE,2,6.9,13.8,0.0,0.0,0.0,0.0,103,Fischbrötchen Räucherlachs,Hauptspeisen,,MwSt. 7%,1.07,12.897196,0.902804,Normalverkauf
S1000084.60249,SP1000084.36.60249,SY1000084.2026.60249,iPad1(1000084),84,14.06.26 13:23,Prod,A1000084.7300,Tisch 22,102,S1000084.60249,SALE,2,5.5,11.0,0.0,0.0,0.0,0.0,114,Fisch Nuggets Box,Beilagen,,MwSt. 7%,1.07,10.280374,0.719626,Normalverkauf
S1000084.60250,SP1000084.36.60250,SY1000084.2026.60250,iPad1(1000084),84,14.06.26 13:23,Prod,A1000084.7300,Tisch 22,102,S1000084.60250,SALE,2,4.2,8.4,0.0,0.0,0.0,0.0,122,Bier,Getränke,,MwSt. 19%,1.19,7.058824,1.341176,Normalverkauf
S1000084.60251,SP1000084.36.60251,SY1000084.2026.60251,iPad1(1000084),84,14.06.26 12:18,Prod,A1000084.7301,Tisch 17,104,S1000084.60251,SALE,1,3.9,3.9,0.0,0.0,0.0,0.0,126,Spezi,Getränke,,MwSt. 19%,1.19,3.277311,0.622689,Normalverkauf
S1000084.60252,SP1000084.36.60252,SY1000084.2026.60252,iPad1(1000084),84,14.06.26 17:19,Prod,A1000084.7302,,104,S1000084.60252,SALE,2,3.9,7.8,0.0,0.0,0.0,0.0,126,Spezi,Getränke,,MwSt. 19%,1.19,6.554622,1.245378,Normalverkauf
S1000084.60253,SP1000084.36.60253,SY1000084.2026.60253,iPad1(1000084),84,14.06.26 17:19,Prod,A1000084.7302,,104,S1000084.60253,SALE,2,10.9,21.8,0.0,0.0,0.0,0.0,107,Chicken Burger,Hauptgerichte,,MwSt. 7%,1.07,20.373832,1.426168,Normalverkauf
S1000084.60254,SP1000084.36.60254,SY1000084.2026.60254,iPad1(1000084),84,14.06.26 17:19,Prod,A1000084.7302,,104,S1000084.60254,SALE,2,3.2,6.4,0.0,0.0,0.0,0.0,120,Apfelschorle,Getränke,,MwSt. 19%,1.19,5.378151,1.021849,Normalverkauf
S1000084.60255,SP1000084.36.60255,SY1000084.2026.60255,iPad1(1000084),84,14.06.26 11:52,Prod,A1000084.7303,Tisch 18,104,S1000084.60255,SALE,2,6.9,13.8,0.0,0.0,0.0,0.0,113,Garnelen Box,Beilagen,,MwSt. 7%,1.07,12.897196,0.902804,Normalverkauf
S1000084.60256,SP1000084.36.60256,SY1000084.2026.60256,iPad1(1000084),84,14.06.26 11:37,Prod,A1000084.7304,Tisch 10,112,S1000084.60256,SALE,2,5.5,11.0,0.0,0.0,0.0,0.0,111,Pommes Frites,Beilagen,,MwSt. 7%,1.07,10.280374,0.719626,Normalverkauf
S1000084.60257,SP1000084.36.60257,SY1000084.2026.60257,iPad1(1000084),84,14.06.26 11:37,Prod,A1000084.7304,Tisch 10,112,S1000084.60257,SALE,1,5.9,5.9,0.0,0.0,0.0,0.0,117,Rote Grütze,Desserts,,MwSt. 7%,1.07,5.514019,0.385981,Normalverkauf
S1000084.60258,SP1000084.36.60258,SY1000084.2026.60258,iPad1(1000084),84,14.06.26 11:37,Prod,A1000084.7304,Tisch 10,112,S1000084.60258,SALE,1,2.8,2.8,0.0,0.0,0.0,0.0,121,Mineralwasser,Getränke,,MwSt. 19%,1.19,2.352941,0.447059,Normalverkauf
S1000084.60259,SP1000084.36.60259,SY1000084.2026.60259,iPad1(1000084),84,14.06.26 16:18,Prod,A1000084.7305,Tisch 24,112,S1000084.60259,SALE,1,5.5,5.5,0.0,0.0,0.0,0.0,114,Fisch Nuggets Box,Beilagen,,MwSt. 7%,1.07,5.140187,0.359813,Normalverkauf
S1000084.60260,SP1000084.36.60260,SY1000084.2026.60260,iPad1(1000084),84,14.06.26 16:18,Prod,A1000084.7305,Tisch 24,112,S1000084.60260,SALE,1,5.5,5.5,0.0,0.0,0.0,0.0,111,Pommes Frites,Beilagen,,MwSt. 7%,1.07,5.140187,0.359813,Normalverkauf
S1000084.60261,SP1000084.36.60261,SY1000084.2026.60261,iPad1(1000084),84,14.06.26 16:18,Prod,A1000084.7305,Tisch 24,112,S1000084.60261,SALE,2,3.9,7.8,0.0,0.0,0.0,0.0,124,Cola Zero,Getränke,,MwSt. 19%,1.19,6.554622,1.245378,Normalverkauf
S1000084.60262,SP1000084.36.60262,SY1000084.2026.60262,iPad1(1000084),84,14.06.26 20:22,Prod,A1000084.7306,Tisch 19,112,S1000084.60262,SALE,2,9.8,19.6,0.0,0.0,0.0,0.0,108,Seelachs-Ei-Baugette,Hauptgerichte,,MwSt. 7%,1.07,18.317757,1.282243,Normalverkauf
S1000084.60263,SP1000084.36.60263,SY1000084.2026.60263,iPad1(1000084),84,14.06.26 20:22,Prod,A1000084.7306,Tisch 19,112,S1000084.60263,SALE,1,5.5,5.5,0.0,0.0,0.0,0.0,111,Pommes Frites,Beilagen,,MwSt. 7%,1.07,5.140187,0.359813,Normalverkauf
S1000084.60264,SP1000084.36.60264,SY1000084.2026.60264,iPad1(1000084),84,14.06.26 20:22,Prod,A1000084.7306,Tisch 19,112,S1000084.60264,SALE,1,11.5,11.5,0.0,0.0,0.0,0.0,105,Garnelen-Kimchi-Bruger,Hauptgerichte,,MwSt. 7%,1.07,10.747664,0.752336,Normalverkauf
S1000084.60265,SP1000084.36.60265,SY1000084.2026.60265,iPad1(1000084),84,14.06.26 11:31,Prod,A1000084.7307,Tisch 4,108,S1000084.60265,SALE,2,7.9,15.8,0.0,0.0,0.0,0.0,106,Neptun-Ringe,Beilagen,,MwSt. 7%,1.07,14.766355,1.033645,Normalverkauf
S1000084.60266,SP1000084.36.60266,SY1000084.2026.60266,iPad1(1000084),84,14.06.26 11:31,Prod,A1000084.7307,Tisch 4,108,S1000084.60266,SALE,1,10.9,10.9,0.0,0.0,0.0,0.0,104,Thunfisch Wrap,Hauptgerichte,,MwSt. 7%,1.07,10.186916,0.713084,Normalverkauf
S1000084.60267,SP1000084.36.60267,SY1000084.2026.60267,iPad1(1000084),84,14.06.26 18:23,Prod,A1000084.7308,Tisch 5,102,S1000084.60267,SALE,2,13.5,27.0,0.0,0.0,0.0,0.0,102,Matjes,Hauptspeisen,,MwSt. 7%,1.07,25.233645,1.766355,Normalverkauf
S1000084.60268,SP1000084.36.60268,SY1000084.2026.60268,iPad1(1000084),84,14.06.26 18:23,Prod,A1000084.7308,Tisch 5,102,S1000084.60268,SALE,1,6.5,6.5,0.0,0.0,0.0,0.0,118,Schokokuchen,Desserts,,MwSt. 7%,1.07,6.074766,0.425234,Normalverkauf
S1000084.60269,SP1000084.36.60269,SY1000084.2026.60269,iPad1(1000084),84,14.06.26 18:23,Prod,A1000084.7308,Tisch 5,102,S1000084.60269,SALE,2,5.5,11.0,0.0,0.0,0.0,0.0,111,Pommes Frites,Beilagen,,MwSt. 7%,1.07,10.280374,0.719626,Normalverkauf
S1000084.60270,SP1000084.36.60270,SY1000084.2026.60270,iPad1(1000084),84,14.06.26 11:27,Prod,A1000084.7309,Tisch 4,112,S1000084.60270,SALE,1,3.9,3.9,0.0,0.0,0.0,0.0,126,Spezi,Getränke,,MwSt. 19%,1.19,3.277311,0.622689,Normalverkauf
S1000084.60271,SP1000084.36.60271,SY1000084.2026.60271,iPad1(1000084),84,14.06.26 20:00,Prod,A1000084.7310,Tisch 16,112,S1000084.60271,VOID,2,6.5,13.0,0.0,0.0,0.0,0.0,100,Fischbrötchen Backfisch,Hauptspeisen,,MwSt. 7%,1.07,12.149533,0.850467,Normalverkauf
S1000084.60272,SP1000084.36.60272,SY1000084.2026.60272,iPad1(1000084),84,14.06.26 11:16,Prod,A1000084.7311,Tisch 5,107,S1000084.60272,SALE,2,10.9,21.8,0.0,0.0,0.0,0.0,109,Bismarck-Baguette,Hauptgerichte,,MwSt. 7%,1.07,20.373832,1.426168,Normalverkauf
S1000084.60273,SP1000084.36.60273,SY1000084.2026.60273,iPad1(1000084),84,14.06.26 11:16,Prod,A1000084.7311,Tisch 5,107,S1000084.60273,SALE,2,10.9,21.8,0.0,0.0,0.0,0.0,107,Chicken Burger,Hauptgerichte,,MwSt. 7%,1.07,20.373832,1.426168,Normalverkauf
S1000084.60274,SP1000084.36.60274,SY1000084.2026.60274,iPad1(1000084),84,14.06.26 11:16,Prod,A1000084.7311,Tisch 5,107,S1000084.60274,SALE,2,3.9,7.8,0.0,0.0,0.0,0.0,119,Cola,Getränke,,MwSt. 19%,1.19,6.554622,1.245378,Normalverkauf
S1000084.60275,SP1000084.36.60275,SY1000084.2026.60275,iPad1(1000084),84,14.06.26 14:54,Prod,A1000084.7312,Tisch 12,104,S1000084.60275,SALE,2,13.5,27.0,0.0,0.0,0.0,0.0,102,Matjes,Hauptspeisen,,MwSt. 7%,1.07,25.233645,1.766355,Normalverkauf
S1000084.60276,SP1000084.36.60276,SY1000084.2026.60276,iPad1(1000084),84,14.06.26 12:50,Prod,A1000084.7313,Tisch 10,107,S1000084.60276,SALE,1,2.8,2.8,0.0,0.0,0.0,0.0,121,Mineralwasser,Getränke,,MwSt. 19%,1.19,2.352941,0.447059,Normalverkauf
S1000084.60277,SP1000084.36.60277,SY1000084.2026.60277,iPad1(1000084),84,14.06.26 19:06,Prod,A1000084.7314,Tisch 12,102,S1000084.60277,SALE,2,2.8,5.6,0.0,0.0,0.0,0.0,121,Mineralwasser,Getränke,,MwSt. 19%,1.19,4.705882,0.894118,Normalverkauf
S1000084.60278,SP1000084.36.60278,SY1000084.2026.60278,iPad1(1000084),84,14.06.26 19:06,Prod,A1000084.7314,Tisch 12,102,S1000084.60278,SALE,1,6.9,6.9,0.0,0.0,0.0,0.0,103,Fischbrötchen Räucherlachs,Hauptspeisen,,MwSt. 7%,1.07,6.448598,0.451402,Normalverkauf
S1000084.60279,SP1000084.36.60279,SY1000084.2026.60279,iPad1(1000084),84,14.06.26 13:24,Prod,A1000084.7315,Tisch 15,104,S1000084.60279,SALE,2,11.5,23.0,0.0,0.0,0.0,0.0,105,Garnelen-Kimchi-Bruger,Hauptgerichte,,MwSt. 7%,1.07,21.495327,1.504673,Normalverkauf
S1000084.60280,SP1000084.36.60280,SY1000084.2026.60280,iPad1(1000084),84,14.06.26 13:24,Prod,A1000084.7315,Tisch 15,104,S1000084.60280,SALE,2,3.9,7.8,0.0,0.0,0.0,0.0,126,Spezi,Getränke,,MwSt. 19%,1.19,6.554622,1.245378,Normalverkauf
S1000084.60281,SP1000084.36.60281,SY1000084.2026.60281,iPad1(1000084),84,14.06.26 13:24,Prod,A1000084.7315,Tisch 15,104,S1000084.60281,SALE,2,6.5,13.0,0.0,0.0,0.0,0.0,118,Schokokuchen,Desserts,,MwSt. 7%,1.07,12.149533,0.850467,Normalverkauf
S1000084.60282,SP1000084.36.60282,SY1000084.2026.60282,iPad1(1000084),84,14.06.26 13:33,Prod,A1000084.7316,Tisch 21,107,S1000084.60282,SALE,1,9.8,9.8,0.0,0.0,0.0,0.0,108,Seelachs-Ei-Baugette,Hauptgerichte,,MwSt. 7%,1.07,9.158879,0.641121,Normalverkauf
S1000084.60283,SP1000084.36.60283,SY1000084.2026.60283,iPad1(1000084),84,14.06.26 13:33,Prod,A1000084.7316,Tisch 21,107,S1000084.60283,SALE,2,3.9,7.8,0.0,0.0,0.0,0.0,127,Alkoholfreies Bier,Getränke,,MwSt. 19%,1.19,6.554622,1.245378,Normalverkauf
S1000084.60284,SP1000084.36.60284,SY1000084.2026.60284,iPad1(1000084),84,14.06.26 13:33,Prod,A1000084.7316,Tisch 21,107,S1000084.60284,SALE,1,3.2,3.2,0.0,0.0,0.0,0.0,120,Apfelschorle,Getränke,,MwSt. 19%,1.19,2.689076,0.510924,Normalverkauf
S1000084.60285,SP1000084.36.60285,SY1000084.2026.60285,iPad1(1000084),84,14.06.26 20:40,Prod,A1000084.7317,,112,S1000084.60285,SALE,1,3.9,3.9,0.0,0.0,0.0,0.0,126,Spezi,Getränke,,MwSt. 19%,1.19,3.277311,0.622689,Normalverkauf
S1000084.60286,SP1000084.36.60286,SY1000084.2026.60286,iPad1(1000084),84,14.06.26 20:40,Prod,A1000084.7317,,112,S1000084.60286,SALE,1,14.5,14.5,0.0,0.0,0.0,0.0,101,Lachs,Hauptspeisen,,MwSt. 7%,1.07,13.551402,0.948598,Normalverkauf
S1000084.60287,SP1000084.36.60287,SY1000084.2026.60287,iPad1(1000084),84,14.06.26 18:15,Prod,A1000084.7318,Tisch 5,104,S1000084.60287,VOID,2,5.5,11.0,0.0,0.0,0.0,0.0,111,Pommes Frites,Beilagen,,MwSt. 7%,1.07,10.280374,0.719626,Normalverkauf
S1000084.60288,SP1000084.36.60288,SY1000084.2026.60288,iPad1(1000084),84,14.06.26 18:15,Prod,A1000084.7318,Tisch 5,104,S1000084.60288,VOID,2,3.9,7.8,0.0,0.0,0.0,0.0,126,Spezi,Getränke,,MwSt. 19%,1.19,6.554622,1.245378,Normalverkauf
S1000084.60289,SP1000084.36.60289,SY1000084.2026.60289,iPad1(1000084),84,14.06.26 18:15,Prod,A1000084.7318,Tisch 5,104,S1000084.60289,VOID,2,6.5,13.0,0.0,0.0,0.0,0.0,118,Schokokuchen,Desserts,,MwSt. 7%,1.07,12.149533,0.850467,Normalverkauf
S1000084.60290,SP1000084.36.60290,SY1000084.2026.60290,iPad1(1000084),84,14.06.26 19:11,Prod,A1000084.7319,Tisch 1,108,S1000084.60290,SALE,1,3.9,3.9,0.0,0.0,0.0,0.0,126,Spezi,Getränke,,MwSt. 19%,1.19,3.277311,0.622689,Normalverkauf
S1000084.60291,SP1000084.36.60291,SY1000084.2026.60291,iPad1(1000084),84,14.06.26 09:12,Prod,A1000084.7320,Tisch 8,112,S1000084.60291,SALE,1,6.9,6.9,0.0,0.0,0.0,0.0,103,Fischbrötchen Räucherlachs,Hauptspeisen,,MwSt. 7%,1.07,6.448598,0.451402,Normalverkauf
S1000084.60292,SP1000084.36.60292,SY1000084.2026.60292,iPad1(1000084),84,14.06.26 19:47,Prod,A1000084.7321,Tisch 22,108,S1000084.60292,SALE,1,7.9,7.9,0.0,0.0,0.0,0.0,106,Neptun-Ringe,Beilagen,,MwSt. 7%,1.07,7.383178,0.516822,Normalverkauf
S1000084.60293,SP1000084.36.60293,SY1000084.2026.60293,iPad1(1000084),84,14.06.26 18:46,Prod,A1000084.7322,Tisch 15,104,S1000084.60293,SALE,2,5.5,11.0,0.0,0.0,0.0,0.0,114,Fisch Nuggets Box,Beilagen,,MwSt. 7%,1.07,10.280374,0.719626,Normalverkauf
S1000084.60294,SP1000084.36.60294,SY1000084.2026.60294,iPad1(1000084),84,14.06.26 08:04,Prod,A1000084.7323,Tisch 14,108,S1000084.60294,SALE,1,5.5,5.5,0.0,0.0,0.0,0.0,111,Pommes Frites,Beilagen,,MwSt. 7%,1.07,5.140187,0.359813,Normalverkauf
S1000084.60295,SP1000084.36.60295,SY1000084.2026.60295,iPad1(1000084),84,14.06.26 08:04,Prod,A1000084.7323,Tisch 14,108,S1000084.60295,SALE,1,14.5,14.5,0.0,0.0,0.0,0.0,101,Lachs,Hauptspeisen,,MwSt. 7%,1.07,13.551402,0.948598,Normalverkauf
S1000084.60296,SP1000084.36.60296,SY1000084.2026.60296,iPad1(1000084),84,14.06.26 19:09,Prod,A1000084.7324,Tisch 17,102,S1000084.60296,SALE,2,5.5,11.0,0.0,0.0,0.0,0.0,111,Pommes Frites,Beilagen,,MwSt. 7%,1.07,10.280374,0.719626,Normalverkauf
S1000084.60297,SP1000084.36.60297,SY1000084.2026.60297,iPad1(1000084),84,14.06.26 19:09,Prod,A1000084.7324,Tisch 17,102,S1000084.60297,SALE,1,11.5,11.5,0.0,0.0,0.0,0.0,105,Garnelen-Kimchi-Bruger,Hauptgerichte,,MwSt. 7%,1.07,10.747664,0.752336,Normalverkauf
S1000084.60298,SP1000084.36.60298,SY1000084.2026.60298,iPad1(1000084),84,14.06.26 11:00,Prod,A1000084.7325,Tisch 8,107,S1000084.60298,SALE,1,6.9,6.9,0.0,0.0,0.0,0.0,103,Fischbrötchen Räucherlachs,Hauptspeisen,,MwSt. 7%,1.07,6.448598,0.451402,Normalverkauf
S1000084.60299,SP1000084.36.60299,SY1000084.2026.60299,iPad1(1000084),84,14.06.26 16:11,Prod,A1000084.7326,Tisch 16,104,S1000084.60299,SALE,1,2.8,2.8,0.0,0.0,0.0,0.0,121,Mineralwasser,Getränke,,MwSt. 19%,1.19,2.352941,0.447059,Normalverkauf
S1000084.60300,SP1000084.36.60300,SY1000084.2026.60300,iPad1(1000084),84,14.06.26 16:11,Prod,A1000084.7326,Tisch 16,104,S1000084.60300,SALE,2,3.9,7.8,0.0,0.0,0.0,0.0,127,Alkoholfreies Bier,Getränke,,MwSt. 19%,1.19,6.554622,1.245378,Normalverkauf
S1000084.60301,SP1000084.36.60301,SY1000084.2026.60301,iPad1(1000084),84,14.06.26 16:11,Prod,A1000084.7326,Tisch 16,104,S1000084.60301,SALE,1,9.8,9.8,0.0,0.0,0.0,0.0,108,Seelachs-Ei-Baugette,Hauptgerichte,,MwSt. 7%,1.07,9.158879,0.641121,Normalverkauf
S1000084.60302,SP1000084.36.60302,SY1000084.2026.60302,iPad1(1000084),84,14.06.26 17:01,Prod,A1000084.7327,Tisch 3,107,S1000084.60302,SALE,2,11.5,23.0,0.0,0.0,0.0,0.0,105,Garnelen-Kimchi-Bruger,Hauptgerichte,,MwSt. 7%,1.07,21.495327,1.504673,Normalverkauf
S1000084.60303,SP1000084.36.60303,SY1000084.2026.60303,iPad1(1000084),84,14.06.26 17:01,Prod,A1000084.7327,Tisch 3,107,S1000084.60303,SALE,2,3.9,7.8,0.0,0.0,0.0,0.0,124,Cola Zero,Getränke,,MwSt. 19%,1.19,6.554622,1.245378,Normalverkauf
S1000084.60304,SP1000084.36.60304,SY1000084.2026.60304,iPad1(1000084),84,14.06.26 20:36,Prod,A1000084.7328,Tisch 23,104,S1000084.60304,SALE,1,5.9,5.9,0.0,0.0,0.0,0.0,125,Zitronen-Limonade,Getränke,,MwSt. 19%,1.19,4.957983,0.942017,Normalverkauf
S1000084.60305,SP1000084.36.60305,SY1000084.2026.60305,iPad1(1000084),84,14.06.26 20:36,Prod,A1000084.7328,Tisch 23,104,S1000084.60305,SALE,1,5.5,5.5,0.0,0.0,0.0,0.0,111,Pommes Frites,Beilagen,,MwSt. 7%,1.07,5.140187,0.359813,Normalverkauf
S1000084.60306,SP1000084.36.60306,SY1000084.2026.60306,iPad1(1000084),84,14.06.26 20:36,Prod,A1000084.7328,Tisch 23,104,S1000084.60306,SALE,2,5.9,11.8,0.0,0.0,0.0,0.0,116,Vanillequark,Desserts,,MwSt. 7%,1.07,11.028037,0.771963,Normalverkauf
S1000084.60307,SP1000084.36.60307,SY1000084.2026.60307,iPad1(1000084),84,14.06.26 14:49,Prod,A1000084.7329,Tisch 13,108,S1000084.60307,SALE,2,6.9,13.8,0.0,0.0,0.0,0.0,113,Garnelen Box,Beilagen,,MwSt. 7%,1.07,12.897196,0.902804,Normalverkauf
S1000084.60308,SP1000084.36.60308,SY1000084.2026.60308,iPad1(1000084),84,14.06.26 14:49,Prod,A1000084.7329,Tisch 13,108,S1000084.60308,SALE,2,10.9,21.8,0.0,0.0,0.0,0.0,109,Bismarck-Baguette,Hauptgerichte,,MwSt. 7%,1.07,20.373832,1.426168,Normalverkauf
S1000084.60309,SP1000084.36.60309,SY1000084.2026.60309,iPad1(1000084),84,14.06.26 14:49,Prod,A1000084.7329,Tisch 13,108,S1000084.60309,SALE,1,6.9,6.9,0.0,0.0,0.0,0.0,103,Fischbrötchen Räucherlachs,Hauptspeisen,,MwSt. 7%,1.07,6.448598,0.451402,Normalverkauf
S1000084.60310,SP1000084.36.60310,SY1000084.2026.60310,iPad1(1000084),84,14.06.26 16:03,Prod,A1000084.7330,Tisch 1,104,S1000084.60310,SALE,2,5.9,11.8,0.0,0.0,0.0,0.0,117,Rote Grütze,Desserts,,MwSt. 7%,1.07,11.028037,0.771963,Normalverkauf
S1000084.60311,SP1000084.36.60311,SY1000084.2026.60311,iPad1(1000084),84,14.06.26 16:03,Prod,A1000084.7330,Tisch 1,104,S1000084.60311,SALE,1,4.2,4.2,0.0,0.0,0.0,0.0,122,Bier,Getränke,,MwSt. 19%,1.19,3.529412,0.670588,Normalverkauf
S1000084.60312,SP1000084.36.60312,SY1000084.2026.60312,iPad1(1000084),84,14.06.26 16:03,Prod,A1000084.7330,Tisch 1,104,S1000084.60312,SALE,2,2.8,5.6,0.0,0.0,0.0,0.0,121,Mineralwasser,Getränke,,MwSt. 19%,1.19,4.705882,0.894118,Normalverkauf
